t,q_FR_hip,q_FR_thigh,q_FR_calf,q_FL_hip,q_FL_thigh,q_FL_calf,q_RR_hip,q_RR_thigh,q_RR_calf,q_RL_hip,q_RL_thigh,q_RL_calf,temp_FR_hip,temp_FR_thigh,temp_FR_calf,temp_FL_hip,temp_FL_thigh,temp_FL_calf,temp_RR_hip,temp_RR_thigh,temp_RR_calf,temp_RL_hip,temp_RL_thigh,temp_RL_calf
1791408668.057867,-0.024260,0.679079,-1.402874,0.020142,0.682318,-1.481638,-0.000178,0.722582,-1.428513,0.107013,0.670807,-1.410994,23,23,24,23,23,23,23,23,24,23,23,24
1791408668.077871,-0.024290,0.679109,-1.402874,0.020142,0.682349,-1.481638,-0.000148,0.722673,-1.428513,0.106983,0.670807,-1.410978,23,23,24,23,23,23,23,23,24,23,23,24
1791408668.097913,-0.024260,0.679260,-1.402859,0.020142,0.682349,-1.481638,-0.000178,0.722673,-1.428497,0.106983,0.670838,-1.410994,23,23,24,23,23,23,23,23,24,23,23,24
1791408668.117975,-0.024260,0.679291,-1.402859,0.020142,0.682379,-1.481638,-0.000148,0.722673,-1.428545,0.106983,0.670868,-1.410962,23,23,24,23,23,23,23,23,24,23,23,24
1791408668.137959,-0.024260,0.679291,-1.402859,0.020172,0.682379,-1.481638,-0.000088,0.722703,-1.428513,0.106983,0.670898,-1.410962,23,23,24,23,23,23,23,23,24,23,23,24
1791408668.157907,-0.024229,0.679321,-1.402874,0.020142,0.682470,-1.481638,-0.000209,0.722643,-1.428513,0.106983,0.670959,-1.410978,23,23,24,23,23,23,23,23,24,23,23,24
1791408668.177970,-0.024229,0.679351,-1.402890,0.020142,0.682470,-1.481638,-0.000088,0.722733,-1.428529,0.106953,0.670959,-1.410994,23,23,24,23,23,23,23,23,24,23,23,24
1791408668.197845,-0.024229,0.679291,-1.402874,0.020172,0.682530,-1.481654,-0.000178,0.722764,-1.428497,0.106953,0.671050,-1.410994,23,23,24,23,23,23,23,23,24,23,23,24
1791408668.218012,-0.024260,0.679321,-1.402874,0.020172,0.682530,-1.481638,-0.000209,0.722794,-1.428513,0.106923,0.671050,-1.410947,23,23,24,23,23,23,23,23,24,23,23,24
1791408668.237858,-0.024229,0.679321,-1.402874,0.020142,0.682591,-1.481638,-0.000269,0.722764,-1.428497,0.106923,0.671110,-1.410978,23,23,24,23,23,23,23,23,24,23,23,24
1791408668.257940,-0.024260,0.679321,-1.402874,0.020112,0.682561,-1.481638,-0.000209,0.722794,-1.428513,0.106953,0.671110,-1.410994,23,23,24,23,23,23,23,23,24,23,23,24
1791408668.278034,-0.024290,0.679381,-1.402859,0.020112,0.682561,-1.481638,-0.000178,0.722824,-1.428513,0.106953,0.671080,-1.410994,23,23,24,23,23,23,23,23,24,23,23,24
1791408668.297951,-0.024260,0.679381,-1.402874,0.020112,0.682591,-1.481638,-0.000148,0.722855,-1.428529,0.106953,0.671080,-1.410994,23,23,24,23,23,23,23,23,24,23,23,24
1791408668.317910,-0.024260,0.679533,-1.402874,0.020112,0.682621,-1.481638,-0.000148,0.722945,-1.428529,0.107013,0.671110,-1.410962,23,23,24,23,23,23,23,23,24,23,23,24
1791408668.337912,-0.024260,0.679563,-1.402890,0.020112,0.682712,-1.481638,-0.000148,0.723006,-1.428481,0.106953,0.671201,-1.410994,23,23,24,23,23,23,23,23,24,23,23,24
1791408668.357892,-0.024260,0.679593,-1.402874,0.020172,0.682803,-1.481638,-0.000118,0.723097,-1.428529,0.106923,0.671201,-1.410962,23,23,24,23,23,23,23,23,24,23,23,24
1791408668.377933,-0.024260,0.679684,-1.402890,0.020172,0.682894,-1.481622,-0.000178,0.723127,-1.428497,0.106953,0.671383,-1.410978,23,23,24,23,23,23,23,23,24,23,23,24
1791408668.397887,-0.024260,0.679684,-1.402874,0.020142,0.682954,-1.481638,-0.000209,0.723127,-1.428497,0.106953,0.671443,-1.410962,23,23,24,23,23,23,23,23,24,23,23,24
1791408668.417934,-0.024260,0.679684,-1.402874,0.020142,0.683015,-1.481622,-0.000239,0.723067,-1.428513,0.106923,0.671504,-1.410962,23,23,24,23,23,23,23,23,24,23,23,24
1791408668.437897,-0.024260,0.679684,-1.402874,0.020142,0.683015,-1.481622,-0.000239,0.723097,-1.428513,0.106983,0.671474,-1.410978,23,23,24,23,23,23,23,23,24,23,23,24
1791408668.457864,-0.024260,0.679654,-1.402874,0.020142,0.683015,-1.481622,-0.000239,0.723067,-1.428513,0.106983,0.671474,-1.410978,23,23,24,23,23,23,23,23,24,23,23,24
1791408668.477917,-0.024260,0.679684,-1.402874,0.020112,0.682985,-1.481638,-0.000178,0.723097,-1.428513,0.106923,0.671443,-1.410978,23,23,24,23,23,23,23,23,24,23,23,24
1791408668.497885,-0.024260,0.679684,-1.402874,0.020112,0.682985,-1.481638,-0.000239,0.723157,-1.428529,0.106983,0.671443,-1.410994,23,23,24,23,23,23,23,23,24,23,23,24
1791408668.517919,-0.024260,0.679684,-1.402859,0.020142,0.683015,-1.481638,-0.000118,0.723188,-1.428513,0.106953,0.671443,-1.410978,23,23,24,23,23,23,23,23,24,23,23,24
1791408668.537875,-0.024260,0.679715,-1.402874,0.020142,0.683045,-1.481638,-0.000178,0.723218,-1.428497,0.106923,0.671504,-1.410978,23,23,24,23,23,23,23,23,24,23,23,24
1791408668.557922,-0.024260,0.679775,-1.402874,0.020142,0.683075,-1.481622,-0.000178,0.723248,-1.428497,0.106953,0.671534,-1.410978,23,23,24,23,23,23,23,23,24,23,23,24
1791408668.577833,-0.024260,0.679836,-1.402874,0.020142,0.683166,-1.481638,-0.000148,0.723248,-1.428513,0.106923,0.671564,-1.410978,23,23,24,23,23,23,23,23,24,23,23,24
1791408668.597870,-0.024290,0.679927,-1.402874,0.020112,0.683166,-1.481638,-0.000148,0.723339,-1.428481,0.106953,0.671564,-1.410978,23,23,24,23,23,23,23,23,24,23,23,24
1791408668.617950,-0.024260,0.679896,-1.402874,0.020142,0.683227,-1.481638,-0.000178,0.723369,-1.428513,0.106953,0.671595,-1.410994,23,23,24,23,23,23,23,23,24,23,23,24
1791408668.637994,-0.024260,0.679927,-1.402874,0.020172,0.683257,-1.481638,-0.000148,0.723369,-1.428513,0.106983,0.671595,-1.410994,23,23,24,23,23,23,23,23,24,23,23,24
1791408668.657937,-0.024260,0.679987,-1.402874,0.020142,0.683227,-1.481638,-0.000178,0.723369,-1.428513,0.106983,0.671595,-1.410962,23,23,24,23,23,23,23,23,24,23,23,24
1791408668.677926,-0.024290,0.679987,-1.402874,0.020142,0.683257,-1.481654,-0.000148,0.723369,-1.428513,0.106983,0.671595,-1.410978,23,23,24,23,23,24,23,23,24,23,23,24
1791408668.697872,-0.024290,0.679927,-1.402874,0.020142,0.683287,-1.481622,-0.000178,0.723400,-1.428513,0.106983,0.671595,-1.410978,23,23,24,23,23,23,23,23,24,23,23,24
1791408668.717997,-0.024260,0.679896,-1.402874,0.020112,0.683257,-1.481638,-0.000178,0.723430,-1.428497,0.106983,0.671595,-1.410978,23,23,24,23,23,23,23,23,24,23,23,24
1791408668.737972,-0.024290,0.679927,-1.402874,0.020142,0.683257,-1.481638,-0.000178,0.723400,-1.428513,0.106983,0.671595,-1.410978,23,23,24,23,23,23,23,23,24,23,23,24
1791408668.757850,-0.024260,0.679927,-1.402859,0.020142,0.683257,-1.481638,-0.000148,0.723369,-1.428497,0.106983,0.671595,-1.410994,23,23,24,23,23,23,23,23,24,23,23,24
1791408668.777850,-0.024260,0.679927,-1.402874,0.020142,0.683287,-1.481638,-0.000148,0.723339,-1.428513,0.106983,0.671564,-1.410994,23,23,24,23,23,23,23,23,24,23,23,24
1791408668.797785,-0.024229,0.679987,-1.402859,0.020142,0.683287,-1.481638,-0.000178,0.723339,-1.428513,0.106983,0.671595,-1.410994,23,23,24,23,23,24,23,23,24,23,23,24
1791408668.817914,-0.024199,0.679927,-1.402874,0.020172,0.683287,-1.481638,-0.000209,0.723339,-1.428513,0.106983,0.671595,-1.411010,23,23,24,23,23,23,23,23,24,23,23,24
1791408668.837871,-0.024229,0.679987,-1.402859,0.020172,0.683318,-1.481638,-0.000118,0.723400,-1.428513,0.106983,0.671625,-1.410962,23,23,24,23,23,23,23,23,24,23,23,24
1791408668.857773,-0.024229,0.679957,-1.402874,0.020202,0.683318,-1.481638,-0.000178,0.723339,-1.428513,0.106953,0.671746,-1.410978,23,23,24,23,23,24,23,23,24,23,23,24
1791408668.877856,-0.024229,0.679987,-1.402890,0.020172,0.683348,-1.481638,-0.000239,0.723369,-1.428513,0.106953,0.671776,-1.410994,23,23,24,23,23,23,23,23,24,23,23,24
1791408668.897847,-0.024260,0.679927,-1.402890,0.020142,0.683318,-1.481638,-0.000269,0.723339,-1.428513,0.106983,0.671716,-1.410994,23,23,24,23,23,23,23,23,24,23,23,24
1791408668.917842,-0.024229,0.679896,-1.402874,0.020112,0.683318,-1.481638,-0.000239,0.723309,-1.428497,0.106983,0.671716,-1.410978,23,23,24,23,23,23,23,23,24,23,23,24
1791408668.937824,-0.024260,0.679927,-1.402874,0.020172,0.683378,-1.481638,-0.000178,0.723339,-1.428513,0.106983,0.671716,-1.410962,23,23,24,23,23,23,23,23,24,23,23,24
1791408668.957758,-0.024290,0.679957,-1.402874,0.020142,0.683318,-1.481638,-0.000148,0.723400,-1.428513,0.106983,0.671716,-1.410994,23,23,24,23,23,24,23,23,24,23,23,24
1791408668.977812,-0.024290,0.680048,-1.402874,0.020172,0.683318,-1.481638,-0.000118,0.723460,-1.428497,0.107013,0.671716,-1.410978,23,23,24,23,23,23,23,23,24,23,23,24
1791408668.997793,-0.024260,0.680048,-1.402874,0.020142,0.683378,-1.481654,-0.000118,0.723460,-1.428513,0.106983,0.671776,-1.410994,23,23,24,23,23,23,23,23,24,23,23,24
1791408669.017759,-0.024260,0.680048,-1.402859,0.020172,0.683439,-1.481654,-0.000088,0.723551,-1.428481,0.106983,0.671837,-1.410994,23,23,24,23,23,23,23,23,24,23,23,24
1791408669.037896,-0.024260,0.680108,-1.402874,0.020172,0.683560,-1.481654,-0.000178,0.723521,-1.428497,0.106953,0.671928,-1.410994,23,23,24,23,23,23,23,23,24,23,23,24
1791408669.057822,-0.024229,0.680169,-1.402859,0.020172,0.683560,-1.481654,-0.000209,0.723551,-1.428513,0.106923,0.671928,-1.410962,23,23,24,23,23,23,23,23,24,23,23,24
1791408669.077780,-0.024260,0.680138,-1.402874,0.020142,0.683651,-1.481638,-0.000178,0.723551,-1.428513,0.106953,0.671928,-1.410994,23,23,24,23,23,24,23,23,24,23,23,24
1791408669.097771,-0.024229,0.680108,-1.402874,0.020172,0.683681,-1.481654,-0.000178,0.723581,-1.428513,0.106953,0.672019,-1.410962,23,23,24,23,23,23,23,23,24,23,23,24
1791408669.117782,-0.024290,0.680138,-1.402874,0.020202,0.683651,-1.481638,-0.000148,0.723581,-1.428513,0.106953,0.671988,-1.410978,23,23,24,23,23,24,23,23,24,23,23,24
1791408669.137878,-0.024260,0.680138,-1.402874,0.020112,0.683681,-1.481638,-0.000148,0.723611,-1.428497,0.106923,0.671988,-1.410994,23,23,24,23,23,24,23,23,24,23,23,24
1791408669.157854,-0.024260,0.680138,-1.402874,0.020142,0.683681,-1.481638,-0.000178,0.723581,-1.428513,0.106953,0.671958,-1.410978,23,23,24,23,23,23,23,23,24,23,23,24
1791408669.177824,-0.024260,0.680199,-1.402874,0.020142,0.683651,-1.481638,-0.000178,0.723581,-1.428513,0.106923,0.671988,-1.410994,23,23,24,23,23,24,23,23,24,23,23,24
1791408669.197822,-0.024260,0.680138,-1.402859,0.020142,0.683681,-1.481654,-0.000178,0.723581,-1.428513,0.106923,0.671988,-1.410994,23,23,24,23,23,23,23,23,24,23,23,24
1791408669.217827,-0.024229,0.680138,-1.402874,0.020142,0.683681,-1.481638,-0.000239,0.723581,-1.428513,0.106953,0.671988,-1.410978,23,23,24,23,23,24,23,23,24,23,23,24
1791408669.238014,-0.024290,0.680138,-1.402859,0.020172,0.683681,-1.481638,-0.000269,0.723551,-1.428513,0.106983,0.671988,-1.410978,23,23,24,23,23,23,23,23,24,23,23,24
1791408669.258025,-0.024229,0.680169,-1.402874,0.020112,0.683681,-1.481638,-0.000269,0.723581,-1.428513,0.106983,0.672019,-1.410978,23,23,24,23,23,24,23,23,24,23,23,24
1791408669.277965,-0.024260,0.680199,-1.402890,0.020202,0.683741,-1.481638,-0.000148,0.723611,-1.428513,0.106953,0.672049,-1.410978,23,23,24,23,23,23,23,23,24,23,23,24
1791408669.297964,-0.024290,0.680260,-1.402859,0.020172,0.683741,-1.481654,-0.000148,0.723611,-1.428513,0.106953,0.672079,-1.410978,23,23,24,23,23,24,23,23,24,23,23,24
1791408669.317864,-0.024229,0.680169,-1.402859,0.020172,0.683772,-1.481654,-0.000178,0.723611,-1.428513,0.106953,0.672049,-1.410994,23,23,24,23,23,24,23,23,24,23,23,24
1791408669.337999,-0.024260,0.680229,-1.402874,0.020172,0.683741,-1.481654,-0.000209,0.723611,-1.428513,0.106923,0.672019,-1.410994,23,23,24,23,23,24,23,23,24,23,23,24
1791408669.357879,-0.024260,0.680290,-1.402890,0.020112,0.683772,-1.481638,-0.000118,0.723702,-1.428497,0.106983,0.672019,-1.410962,23,23,24,23,23,24,23,23,24,23,23,24
1791408669.377937,-0.024260,0.680229,-1.402859,0.020112,0.683772,-1.481638,-0.000088,0.723702,-1.428497,0.107013,0.672019,-1.410994,23,23,24,23,23,24,23,23,24,23,23,24
1791408669.397799,-0.024290,0.680260,-1.402890,0.020172,0.683802,-1.481638,-0.000118,0.723793,-1.428513,0.106953,0.672049,-1.410978,23,23,24,23,23,24,23,23,24,23,23,24
1791408669.417830,-0.024290,0.680229,-1.402874,0.020142,0.683863,-1.481638,-0.000148,0.723793,-1.428497,0.106923,0.672049,-1.410994,23,23,24,23,23,24,23,23,24,23,23,24
1791408669.438109,-0.024290,0.680350,-1.402874,0.020112,0.683893,-1.481638,-0.000118,0.723854,-1.428513,0.106923,0.672049,-1.410978,23,23,24,23,23,24,23,23,24,23,23,24
1791408669.458187,-0.024290,0.680381,-1.402874,0.020142,0.683923,-1.481654,-0.000148,0.723854,-1.428513,0.106953,0.672140,-1.410978,23,23,24,23,23,24,23,23,24,23,23,24
1791408669.477944,-0.024290,0.680441,-1.402859,0.020172,0.683984,-1.481638,-0.000178,0.723884,-1.428513,0.106983,0.672170,-1.410962,23,23,24,23,23,24,23,23,24,23,23,24
1791408669.498163,-0.024290,0.680441,-1.402874,0.020142,0.684075,-1.481638,-0.000148,0.723914,-1.428513,0.107013,0.672291,-1.410978,23,23,24,23,23,24,23,23,24,23,23,24
1791408669.518075,-0.024229,0.680472,-1.402890,0.020172,0.684105,-1.481638,-0.000148,0.723914,-1.428513,0.106953,0.672412,-1.410978,23,23,24,23,23,24,23,23,24,23,23,24
1791408669.538009,-0.024229,0.680502,-1.402874,0.020142,0.684105,-1.481638,-0.000178,0.723975,-1.428513,0.106923,0.672382,-1.410994,23,23,24,23,23,23,23,23,24,23,23,24
1791408669.558135,-0.024260,0.680532,-1.402874,0.020172,0.684165,-1.481638,-0.000178,0.723945,-1.428513,0.106953,0.672412,-1.410978,23,23,24,23,23,23,23,23,24,23,23,24
1791408669.578017,-0.024229,0.680532,-1.402874,0.020172,0.684135,-1.481654,-0.000118,0.723945,-1.428497,0.106953,0.672382,-1.410978,23,23,24,23,23,24,23,23,24,23,23,24
1791408669.597965,-0.024260,0.680472,-1.402890,0.020142,0.684135,-1.481638,-0.000209,0.723945,-1.428513,0.106953,0.672382,-1.410994,23,23,24,23,23,24,23,23,24,23,23,24
1791408669.618016,-0.024260,0.680472,-1.402874,0.020142,0.684135,-1.481622,-0.000178,0.723945,-1.428513,0.106953,0.672382,-1.410962,23,23,24,23,23,23,23,23,24,23,23,24
1791408669.638005,-0.024260,0.680472,-1.402874,0.020112,0.684165,-1.481622,-0.000178,0.723914,-1.428497,0.106923,0.672382,-1.410994,23,23,24,23,23,23,23,23,24,23,23,24
1791408669.657947,-0.024260,0.680502,-1.402859,0.020112,0.684105,-1.481638,-0.000209,0.723945,-1.428513,0.106923,0.672382,-1.410962,23,23,24,23,23,23,23,23,24,23,23,24
1791408669.678283,-0.024260,0.680502,-1.402874,0.020142,0.684135,-1.481654,-0.000178,0.723945,-1.428513,0.106953,0.672412,-1.411010,23,23,24,23,23,24,23,23,24,23,23,24
1791408669.698337,-0.024260,0.680532,-1.402874,0.020142,0.684135,-1.481638,-0.000209,0.723945,-1.428497,0.106983,0.672382,-1.410978,23,23,24,23,23,24,23,23,24,23,23,24
1791408669.718028,-0.024260,0.680502,-1.402859,0.020142,0.684165,-1.481638,-0.000178,0.723914,-1.428529,0.106983,0.672382,-1.411010,23,23,24,23,23,24,23,23,24,23,23,24
1791408669.738024,-0.024229,0.680502,-1.402890,0.020172,0.684135,-1.481622,-0.000178,0.723945,-1.428513,0.106953,0.672412,-1.411010,23,23,24,23,23,24,23,23,24,23,23,24
1791408669.758140,-0.024199,0.680562,-1.402874,0.020172,0.684135,-1.481638,-0.000178,0.723914,-1.428497,0.106953,0.672442,-1.410994,23,23,24,23,23,24,23,23,24,23,23,24
1791408669.777954,-0.024229,0.680532,-1.402859,0.020142,0.684165,-1.481638,-0.000178,0.723914,-1.428513,0.106953,0.672382,-1.410978,23,23,24,23,23,24,23,23,24,23,23,24
1791408669.798228,-0.024229,0.680532,-1.402874,0.020142,0.684196,-1.481638,-0.000269,0.723914,-1.428497,0.106953,0.672442,-1.410994,23,23,24,23,23,24,23,23,24,23,23,24
1791408669.818428,-0.024260,0.680502,-1.402874,0.020142,0.684165,-1.481638,-0.000269,0.723884,-1.428529,0.106923,0.672382,-1.411010,23,23,24,23,23,24,23,23,24,23,23,24
1791408669.837974,-0.024260,0.680472,-1.402859,0.020112,0.684135,-1.481638,-0.000239,0.723854,-1.428497,0.106983,0.672352,-1.411010,23,23,24,23,23,24,23,23,24,23,23,24
1791408669.857982,-0.024260,0.680411,-1.402890,0.020142,0.684165,-1.481638,-0.000239,0.723884,-1.428513,0.106983,0.672382,-1.411010,23,23,24,23,23,24,23,23,24,23,23,24
1791408669.878169,-0.024260,0.680441,-1.402874,0.020112,0.684105,-1.481638,-0.000239,0.723854,-1.428513,0.106953,0.672321,-1.411010,23,23,24,23,23,24,23,23,24,23,23,24
1791408669.898285,-0.024260,0.680502,-1.402874,0.020142,0.684105,-1.481638,-0.000178,0.723914,-1.428497,0.106953,0.672352,-1.410994,23,23,24,23,23,24,23,23,24,23,23,24
1791408669.918069,-0.024260,0.680532,-1.402859,0.020142,0.684135,-1.481638,-0.000209,0.723945,-1.428529,0.106953,0.672382,-1.410994,23,23,24,23,23,24,23,23,24,23,23,24
1791408669.938325,-0.024260,0.680562,-1.402890,0.020172,0.684135,-1.481638,-0.000148,0.723945,-1.428513,0.106953,0.672382,-1.410994,23,23,24,23,23,24,23,23,24,23,23,24
1791408669.958363,-0.024260,0.680562,-1.402859,0.020172,0.684196,-1.481638,-0.000178,0.723975,-1.428513,0.106923,0.672442,-1.410978,23,23,24,23,23,24,23,23,24,23,23,24
1791408669.977977,-0.024229,0.680593,-1.402874,0.020172,0.684196,-1.481638,-0.000178,0.723975,-1.428513,0.106953,0.672473,-1.410978,23,23,24,23,23,24,23,23,24,23,23,24
1791408669.998128,-0.024260,0.680562,-1.402874,0.020202,0.684226,-1.481638,-0.000239,0.723975,-1.428513,0.106923,0.672503,-1.411010,23,23,24,23,23,24,23,23,24,23,23,24
1791408670.018100,-0.024260,0.680562,-1.402874,0.020142,0.684256,-1.481638,-0.000239,0.723945,-1.428513,0.106923,0.672442,-1.410978,23,23,24,23,23,24,23,23,24,23,23,24
1791408670.038403,-0.024260,0.680532,-1.402859,0.020112,0.684196,-1.481654,-0.000239,0.723914,-1.428513,0.106923,0.672442,-1.410962,23,23,24,23,23,24,23,23,24,23,23,24
1791408670.058078,-0.024260,0.680532,-1.402874,0.020142,0.684226,-1.481638,-0.000209,0.723914,-1.428513,0.106923,0.672412,-1.410994,23,23,24,23,23,24,23,23,24,23,23,24
1791408670.078273,-0.024229,0.680502,-1.402890,0.020142,0.684196,-1.481638,-0.000269,0.723884,-1.428513,0.106953,0.672442,-1.411010,23,23,24,23,23,24,23,23,24,23,23,24
1791408670.097947,-0.024260,0.680502,-1.402859,0.020142,0.684196,-1.481638,-0.000269,0.723884,-1.428545,0.106923,0.672412,-1.411010,23,23,24,23,23,24,23,23,24,23,23,24
1791408670.117926,-0.024260,0.680472,-1.402859,0.020142,0.684165,-1.481638,-0.000269,0.723884,-1.428513,0.106953,0.672412,-1.411026,23,23,24,23,23,24,23,23,24,23,23,24
1791408670.137993,-0.024260,0.680502,-1.402859,0.020112,0.684165,-1.481638,-0.000239,0.723914,-1.428529,0.106923,0.672412,-1.411041,23,23,24,23,23,24,23,23,24,23,23,24
1791408670.158293,-0.024260,0.680562,-1.402859,0.020142,0.684196,-1.481654,-0.000239,0.723945,-1.428513,0.106953,0.672412,-1.411010,23,23,24,23,23,24,23,23,24,23,23,24
1791408670.178030,-0.024260,0.680532,-1.402874,0.020172,0.684196,-1.481638,-0.000148,0.723945,-1.428513,0.106923,0.672503,-1.410994,23,23,24,23,23,24,23,23,24,23,23,24
1791408670.197922,-0.024229,0.680623,-1.402859,0.020202,0.684226,-1.481654,-0.000148,0.723975,-1.428513,0.106923,0.672533,-1.411010,23,23,24,23,23,24,23,23,24,23,23,24
1791408670.218005,-0.024260,0.680653,-1.402874,0.020172,0.684256,-1.481622,-0.000148,0.724035,-1.428497,0.106953,0.672503,-1.410978,23,23,24,23,23,24,23,23,24,23,23,24
1791408670.238190,-0.024260,0.680623,-1.402843,0.020142,0.684317,-1.481638,-0.000178,0.724066,-1.428513,0.106953,0.672503,-1.410994,23,23,24,23,23,24,23,23,24,23,23,24
1791408670.257946,-0.024260,0.680623,-1.402859,0.020142,0.684317,-1.481654,-0.000148,0.724066,-1.428513,0.106923,0.672533,-1.410978,23,23,24,23,23,24,23,23,24,23,23,24
1791408670.278254,-0.024290,0.680653,-1.402874,0.020112,0.684347,-1.481638,-0.000118,0.724066,-1.428513,0.106923,0.672503,-1.410978,23,23,24,23,23,24,23,23,24,23,23,24
1791408670.297920,-0.024320,0.680623,-1.402890,0.020142,0.684377,-1.481638,-0.000148,0.724126,-1.428497,0.106953,0.672533,-1.410978,23,23,24,23,23,24,23,23,24,23,23,24
1791408670.318112,-0.024260,0.680623,-1.402890,0.020112,0.684317,-1.481654,-0.000209,0.724126,-1.428497,0.106953,0.672503,-1.411010,23,23,24,23,23,24,23,23,24,23,23,24
1791408670.338180,-0.024260,0.680683,-1.402874,0.020112,0.684347,-1.481654,-0.000209,0.724096,-1.428529,0.106923,0.672533,-1.410978,23,23,24,23,23,24,23,23,24,23,23,24
1791408670.358078,-0.024290,0.680593,-1.402890,0.020112,0.684317,-1.481638,-0.000178,0.724126,-1.428513,0.106983,0.672533,-1.410994,23,23,24,23,23,24,23,23,24,23,23,24
1791408670.378106,-0.024290,0.680623,-1.402874,0.020172,0.684347,-1.481638,-0.000148,0.724126,-1.428513,0.106983,0.672594,-1.411010,23,23,24,23,23,24,23,23,24,23,23,24
1791408670.397988,-0.024290,0.680683,-1.402859,0.020172,0.684408,-1.481654,-0.000148,0.724156,-1.428497,0.106923,0.672594,-1.410978,23,23,24,23,23,24,23,23,24,23,23,24
1791408670.417897,-0.024229,0.680744,-1.402859,0.020142,0.684438,-1.481638,-0.000148,0.724156,-1.428513,0.106923,0.672654,-1.410994,23,23,24,23,23,24,23,23,24,23,23,24
1791408670.437971,-0.024229,0.680774,-1.402874,0.020172,0.684468,-1.481654,-0.000148,0.724187,-1.428513,0.106953,0.672715,-1.410962,23,23,24,23,23,24,23,23,24,23,23,24
1791408670.457948,-0.024229,0.680805,-1.402874,0.020172,0.684498,-1.481638,-0.000178,0.724187,-1.428497,0.106923,0.672745,-1.410962,23,23,24,23,23,24,23,23,24,23,23,24
1791408670.478023,-0.024260,0.680774,-1.402859,0.020172,0.684498,-1.481638,-0.000209,0.724217,-1.428513,0.106953,0.672776,-1.410962,23,23,24,23,23,24,23,23,24,23,23,24
1791408670.498204,-0.024290,0.680744,-1.402890,0.020142,0.684498,-1.481622,-0.000209,0.724156,-1.428529,0.106953,0.672715,-1.410978,23,23,24,23,23,24,23,23,24,23,23,24
1791408670.517955,-0.024260,0.680774,-1.402859,0.020172,0.684468,-1.481638,-0.000209,0.724187,-1.428529,0.106953,0.672745,-1.411010,23,23,24,23,23,24,23,23,24,23,23,24
1791408670.538206,-0.024260,0.680744,-1.402890,0.020172,0.684498,-1.481638,-0.000239,0.724156,-1.428497,0.106923,0.672745,-1.411010,23,23,24,23,23,24,23,23,24,23,23,24
1791408670.558017,-0.024260,0.680744,-1.402890,0.020142,0.684468,-1.481638,-0.000178,0.724156,-1.428513,0.106983,0.672715,-1.410994,23,23,24,23,23,24,23,23,24,23,23,24
1791408670.578049,-0.024290,0.680744,-1.402874,0.020112,0.684498,-1.481638,-0.000269,0.724156,-1.428513,0.106923,0.672715,-1.411010,23,23,24,23,23,24,23,23,24,23,23,24
1791408670.598178,-0.024320,0.680774,-1.402874,0.020172,0.684468,-1.481638,-0.000239,0.724156,-1.428513,0.106923,0.672715,-1.411010,23,23,24,23,23,24,23,23,24,23,23,24
1791408670.618349,-0.024260,0.680774,-1.402874,0.020172,0.684468,-1.481654,-0.000209,0.724156,-1.428513,0.106892,0.672745,-1.411010,23,23,24,23,23,24,23,23,24,23,23,24
1791408670.638134,-0.024260,0.680805,-1.402890,0.020172,0.684529,-1.481654,-0.000178,0.724217,-1.428497,0.106862,0.672776,-1.410978,23,23,24,23,23,24,23,23,24,23,23,24
1791408670.658143,-0.024260,0.680835,-1.402890,0.020142,0.684559,-1.481654,-0.000148,0.724217,-1.428513,0.106923,0.672806,-1.410978,23,23,24,23,23,24,23,23,24,23,23,24
1791408670.677875,-0.024229,0.680835,-1.402874,0.020172,0.684559,-1.481654,-0.000178,0.724247,-1.428513,0.106923,0.672806,-1.410978,23,23,24,23,23,24,23,23,24,23,23,24
1791408670.698251,-0.024260,0.680835,-1.402859,0.020142,0.684529,-1.481654,-0.000178,0.724217,-1.428513,0.106923,0.672806,-1.410978,23,23,24,23,23,24,23,23,24,23,23,24
1791408670.717899,-0.024290,0.680805,-1.402874,0.020172,0.684559,-1.481654,-0.000148,0.724217,-1.428497,0.106923,0.672776,-1.411010,23,23,24,23,23,24,23,23,24,23,23,24
1791408670.738402,-0.024229,0.680835,-1.402859,0.020142,0.684529,-1.481638,-0.000178,0.724217,-1.428529,0.106953,0.672745,-1.410978,23,23,24,23,23,24,23,23,24,23,23,24
1791408670.758049,-0.024229,0.680744,-1.402859,0.020112,0.684559,-1.481638,-0.000239,0.724156,-1.428513,0.106923,0.672836,-1.411010,23,23,24,23,23,24,23,23,24,23,23,24
1791408670.778058,-0.024260,0.680774,-1.402890,0.020142,0.684529,-1.481638,-0.000239,0.724156,-1.428529,0.106953,0.672806,-1.411010,23,23,24,23,23,24,23,23,24,23,23,24
1791408670.798188,-0.024260,0.680774,-1.402874,0.020142,0.684529,-1.481670,-0.000209,0.724187,-1.428497,0.106892,0.672776,-1.410994,23,23,24,23,23,24,23,23,24,23,23,24
1791408670.817837,-0.024260,0.680774,-1.402874,0.020172,0.684529,-1.481638,-0.000209,0.724187,-1.428497,0.106923,0.672806,-1.410978,23,23,24,23,23,24,23,23,24,23,23,24
1791408670.838088,-0.024260,0.680805,-1.402859,0.020112,0.684529,-1.481638,-0.000148,0.724278,-1.428529,0.106923,0.672806,-1.410978,23,23,24,23,23,24,23,23,24,23,23,24
1791408670.858160,-0.024260,0.680865,-1.402859,0.020142,0.684589,-1.481638,-0.000148,0.724217,-1.428513,0.106923,0.672836,-1.411010,23,23,24,23,23,24,23,23,24,23,23,24
1791408670.878175,-0.024229,0.680865,-1.402890,0.020172,0.684589,-1.481638,-0.000209,0.724217,-1.428529,0.106892,0.672866,-1.411010,23,23,24,23,23,24,23,23,24,23,23,24
1791408670.898326,-0.024260,0.680865,-1.402859,0.020202,0.684589,-1.481638,-0.000178,0.724308,-1.428513,0.106923,0.672897,-1.411010,23,23,24,23,23,24,23,23,24,23,23,24
1791408670.918186,-0.024260,0.680835,-1.402859,0.020202,0.684620,-1.481654,-0.000178,0.724278,-1.428513,0.106892,0.672866,-1.410978,23,23,24,23,23,24,23,23,24,23,23,24
1791408670.938122,-0.024260,0.680865,-1.402859,0.020142,0.684620,-1.481638,-0.000148,0.724278,-1.428497,0.106923,0.672897,-1.410978,23,23,24,23,23,24,23,23,24,23,23,24
1791408670.958365,-0.024260,0.680835,-1.402890,0.020172,0.684620,-1.481638,-0.000148,0.724278,-1.428497,0.106923,0.672866,-1.411010,23,23,24,23,23,24,23,23,24,23,23,24
1791408670.978257,-0.024260,0.680835,-1.402874,0.020142,0.684589,-1.481638,-0.000239,0.724247,-1.428513,0.106923,0.672806,-1.411010,23,23,24,23,23,24,23,23,24,23,23,24
1791408670.997907,-0.024260,0.680835,-1.402859,0.020172,0.684589,-1.481670,-0.000178,0.724247,-1.428513,0.106923,0.672806,-1.410994,23,23,24,23,23,24,23,23,24,23,23,24
1791408671.018152,-0.024290,0.680835,-1.402859,0.020142,0.684559,-1.481654,-0.000178,0.724278,-1.428513,0.106953,0.672806,-1.411010,23,23,24,23,23,24,23,23,24,23,23,24
1791408671.038209,-0.024260,0.680835,-1.402859,0.020142,0.684559,-1.481638,-0.000178,0.724278,-1.428513,0.106892,0.672806,-1.410978,23,23,24,23,23,24,23,23,24,23,23,24
1791408671.058175,-0.024229,0.680805,-1.402874,0.020142,0.684589,-1.481638,-0.000269,0.724247,-1.428513,0.106923,0.672866,-1.411010,23,23,24,23,23,24,23,23,24,23,23,24
1791408671.078205,-0.024260,0.680835,-1.402859,0.020142,0.684620,-1.481638,-0.000239,0.724247,-1.428513,0.106923,0.672866,-1.410994,23,23,24,23,23,24,23,23,24,23,23,24
1791408671.098209,-0.024229,0.680865,-1.402874,0.020172,0.684620,-1.481654,-0.000269,0.724217,-1.428529,0.106862,0.672897,-1.410994,23,23,24,23,23,24,23,23,24,23,23,24
1791408671.118040,-0.024229,0.680835,-1.402859,0.020172,0.684620,-1.481654,-0.000269,0.724217,-1.428529,0.106923,0.672897,-1.410994,23,23,24,23,23,24,23,23,24,23,23,24
1791408671.138139,-0.024229,0.680835,-1.402890,0.020172,0.684620,-1.481654,-0.000239,0.724278,-1.428529,0.106953,0.672927,-1.410994,23,23,24,23,23,24,23,23,24,23,23,24
1791408671.157978,-0.024229,0.680835,-1.402874,0.020172,0.684589,-1.481638,-0.000209,0.724247,-1.428529,0.106923,0.672927,-1.411010,23,23,24,23,23,24,23,23,24,23,23,24
1791408671.177857,-0.024229,0.680865,-1.402874,0.020172,0.684650,-1.481654,-0.000178,0.724217,-1.428513,0.106923,0.672957,-1.411010,23,23,24,23,23,24,23,23,24,23,23,24
1791408671.198293,-0.024260,0.680835,-1.402859,0.020172,0.684589,-1.481622,-0.000209,0.724247,-1.428513,0.106892,0.672927,-1.411010,23,23,24,23,23,24,23,23,24,23,23,24
1791408671.218335,-0.024260,0.680835,-1.402874,0.020142,0.684589,-1.481638,-0.000269,0.724247,-1.428513,0.106923,0.672897,-1.410994,23,23,24,23,23,24,23,23,24,23,23,24
1791408671.238251,-0.024260,0.680835,-1.402890,0.020112,0.684650,-1.481638,-0.000269,0.724247,-1.428513,0.106892,0.672897,-1.410994,23,23,24,23,23,24,23,23,24,23,23,24
1791408671.258315,-0.024260,0.680835,-1.402890,0.020142,0.684620,-1.481638,-0.000300,0.724278,-1.428513,0.106923,0.672987,-1.410994,23,23,24,23,23,24,23,23,24,23,23,24
1791408671.278180,-0.024260,0.680895,-1.402859,0.020142,0.684620,-1.481638,-0.000269,0.724308,-1.428513,0.106892,0.672927,-1.410978,23,23,24,23,23,24,23,23,24,23,23,24
1791408671.298186,-0.024260,0.680865,-1.402859,0.020172,0.684650,-1.481638,-0.000239,0.724308,-1.428513,0.106892,0.672897,-1.411041,23,23,24,23,23,24,23,23,24,23,23,24
1791408671.318223,-0.024229,0.680895,-1.402874,0.020172,0.684650,-1.481654,-0.000178,0.724278,-1.428513,0.106892,0.672987,-1.410978,23,23,24,23,23,24,23,23,24,23,23,24
1791408671.338396,-0.024229,0.680926,-1.402859,0.020172,0.684589,-1.481638,-0.000148,0.724338,-1.428513,0.106923,0.672957,-1.411010,23,23,24,23,23,24,23,23,24,23,23,24
1791408671.358186,-0.024260,0.680956,-1.402874,0.020172,0.684650,-1.481638,-0.000178,0.724308,-1.428513,0.106923,0.672987,-1.411010,23,23,24,23,23,24,23,23,24,23,23,24
1791408671.378568,-0.024260,0.680956,-1.402859,0.020172,0.684650,-1.481638,-0.000178,0.724308,-1.428513,0.106953,0.672987,-1.411010,23,23,24,23,23,24,23,23,24,23,23,24
1791408671.398432,-0.024260,0.680895,-1.402859,0.020112,0.684680,-1.481638,-0.000178,0.724278,-1.428513,0.106923,0.672987,-1.410994,23,23,24,23,23,24,23,23,24,23,23,24
1791408671.418142,-0.024229,0.680956,-1.402874,0.020172,0.684680,-1.481654,-0.000209,0.724308,-1.428513,0.106892,0.673018,-1.411010,23,23,24,23,23,24,23,23,24,23,23,24
1791408671.438102,-0.024229,0.680895,-1.402890,0.020172,0.684680,-1.481638,-0.000209,0.724308,-1.428497,0.106892,0.672987,-1.410994,23,23,24,23,23,24,23,23,24,23,23,24
1791408671.458122,-0.024260,0.680895,-1.402874,0.020142,0.684650,-1.481638,-0.000178,0.724308,-1.428529,0.106892,0.672987,-1.410978,23,23,24,23,23,24,23,23,24,23,23,24
1791408671.478050,-0.024290,0.680926,-1.402890,0.020142,0.684650,-1.481622,-0.000178,0.724308,-1.428513,0.106892,0.672987,-1.410994,23,23,24,23,23,24,23,23,24,23,23,24
1791408671.497849,-0.024260,0.680956,-1.402890,0.020142,0.684650,-1.481638,-0.000178,0.724308,-1.428529,0.106892,0.672987,-1.410994,23,23,24,23,23,24,23,23,24,23,23,24
1791408671.518146,-0.024229,0.680956,-1.402890,0.020142,0.684650,-1.481638,-0.000239,0.724338,-1.428529,0.106862,0.672987,-1.410978,23,23,24,23,23,24,23,23,24,23,23,24
1791408671.538115,-0.024290,0.680956,-1.402874,0.020172,0.684680,-1.481638,-0.000178,0.724338,-1.428513,0.106892,0.672987,-1.410994,23,23,24,23,23,24,23,23,24,23,23,24
1791408671.558112,-0.024229,0.680956,-1.402859,0.020202,0.684710,-1.481638,-0.000178,0.724338,-1.428513,0.106892,0.673018,-1.411010,23,23,24,23,23,24,23,23,24,23,23,24
1791408671.577973,-0.024199,0.680956,-1.402874,0.020172,0.684710,-1.481638,-0.000148,0.724368,-1.428513,0.106923,0.673018,-1.410994,23,23,24,23,23,24,23,23,24,23,23,24
1791408671.598122,-0.024229,0.680986,-1.402859,0.020172,0.684710,-1.481638,-0.000178,0.724368,-1.428513,0.106953,0.673078,-1.411010,23,23,24,23,23,24,23,23,24,23,23,24
1791408671.618080,-0.024229,0.680956,-1.402874,0.020142,0.684680,-1.481638,-0.000178,0.724338,-1.428497,0.106892,0.673109,-1.410994,23,23,24,23,23,24,23,23,24,23,23,24
1791408671.638166,-0.024229,0.680956,-1.402890,0.020172,0.684710,-1.481638,-0.000209,0.724368,-1.428497,0.106923,0.673109,-1.410978,23,23,24,23,23,24,23,23,24,23,23,24
1791408671.658334,-0.024260,0.680926,-1.402874,0.020172,0.684710,-1.481638,-0.000209,0.724368,-1.428497,0.106923,0.673109,-1.410994,23,23,24,23,23,24,23,23,24,23,23,24
1791408671.678144,-0.024260,0.680926,-1.402890,0.020172,0.684710,-1.481638,-0.000239,0.724368,-1.428513,0.106923,0.673109,-1.410978,23,23,24,23,23,24,23,23,24,23,23,24
1791408671.698098,-0.024260,0.680956,-1.402874,0.020172,0.684680,-1.481638,-0.000209,0.724368,-1.428513,0.106953,0.673109,-1.410978,23,23,24,23,23,24,23,23,24,23,23,24
1791408671.718156,-0.024260,0.680956,-1.402890,0.020172,0.684710,-1.481654,-0.000178,0.724399,-1.428529,0.106983,0.673048,-1.411010,23,23,24,23,23,24,23,23,24,23,23,24
1791408671.737879,-0.024229,0.680956,-1.402859,0.020142,0.684680,-1.481638,-0.000148,0.724399,-1.428513,0.106892,0.673109,-1.411010,23,23,24,23,23,24,23,23,24,23,23,24
1791408671.758111,-0.024260,0.680956,-1.402859,0.020172,0.684710,-1.481654,-0.000209,0.724399,-1.428513,0.106892,0.673109,-1.410994,23,23,24,23,23,24,23,23,24,23,23,24
1791408671.777973,-0.024260,0.680986,-1.402859,0.020172,0.684741,-1.481638,-0.000118,0.724429,-1.428513,0.106923,0.673139,-1.411026,23,23,24,23,23,24,23,23,24,23,23,24
1791408671.798059,-0.024260,0.681017,-1.402874,0.020172,0.684771,-1.481638,-0.000088,0.724459,-1.428513,0.106892,0.673139,-1.411010,23,23,24,23,23,24,23,23,24,23,23,24
1791408671.817869,-0.024260,0.681017,-1.402859,0.020172,0.684801,-1.481654,-0.000178,0.724459,-1.428513,0.106892,0.673230,-1.411010,23,23,24,23,23,24,23,23,24,23,23,24
1791408671.838033,-0.024260,0.681017,-1.402874,0.020202,0.684771,-1.481654,-0.000209,0.724459,-1.428513,0.106862,0.673230,-1.410994,23,23,24,23,23,24,23,23,24,23,23,24
1791408671.858109,-0.024260,0.680986,-1.402874,0.020112,0.684771,-1.481638,-0.000209,0.724399,-1.428513,0.106892,0.673230,-1.411010,23,23,24,23,23,24,23,23,24,23,23,24
1791408671.877996,-0.024199,0.680956,-1.402874,0.020142,0.684801,-1.481638,-0.000178,0.724368,-1.428529,0.106923,0.673199,-1.411010,23,23,24,23,23,24,23,23,24,23,23,24
1791408671.897919,-0.024229,0.680986,-1.402843,0.020142,0.684771,-1.481638,-0.000269,0.724368,-1.428513,0.106892,0.673169,-1.411026,23,23,24,23,23,24,23,23,24,23,23,24
1791408671.918200,-0.024229,0.680956,-1.402874,0.020112,0.684771,-1.481654,-0.000269,0.724368,-1.428497,0.106953,0.673169,-1.411026,23,23,24,23,23,24,23,23,24,23,23,24
1791408671.938130,-0.024260,0.680926,-1.402874,0.020142,0.684801,-1.481654,-0.000269,0.724368,-1.428529,0.106892,0.673169,-1.411026,23,23,24,23,23,24,23,23,24,23,23,24
1791408671.958098,-0.024260,0.680956,-1.402874,0.020172,0.684771,-1.481638,-0.000269,0.724399,-1.428497,0.106923,0.673199,-1.410994,23,23,24,23,23,24,23,23,24,23,23,24
1791408671.978074,-0.024260,0.680986,-1.402859,0.020142,0.684771,-1.481654,-0.000178,0.724429,-1.428513,0.106892,0.673230,-1.411010,23,23,24,23,23,24,23,23,24,23,23,24
1791408671.998118,-0.024260,0.681017,-1.402859,0.020172,0.684741,-1.481638,-0.000178,0.724429,-1.428513,0.106892,0.673230,-1.411026,23,23,24,23,23,24,23,23,24,23,23,24
1791408672.018093,-0.024260,0.681047,-1.402874,0.020202,0.684801,-1.481654,-0.000178,0.724459,-1.428497,0.106923,0.673290,-1.410994,23,23,24,23,23,24,23,23,24,23,23,24
1791408672.038121,-0.024260,0.681107,-1.402859,0.020172,0.684832,-1.481638,-0.000148,0.724490,-1.428513,0.106892,0.673290,-1.410994,23,23,24,23,23,24,23,23,24,23,23,24
1791408672.058256,-0.024229,0.681077,-1.402890,0.020172,0.684832,-1.481638,-0.000178,0.724490,-1.428497,0.106923,0.673290,-1.410994,23,23,24,23,23,24,23,23,24,23,23,24
1791408672.077933,-0.024260,0.681107,-1.402874,0.020202,0.684862,-1.481654,-0.000178,0.724490,-1.428513,0.106862,0.673351,-1.411010,23,23,24,23,23,24,23,23,24,23,23,24
1791408672.098163,-0.024260,0.681138,-1.402859,0.020142,0.684862,-1.481622,-0.000148,0.724490,-1.428513,0.106892,0.673321,-1.410994,23,23,24,23,23,24,23,23,24,23,23,24
1791408672.117992,-0.024229,0.681077,-1.402874,0.020172,0.684862,-1.481638,-0.000239,0.724490,-1.428497,0.106953,0.673321,-1.410994,23,23,24,23,23,24,23,23,24,23,23,24
1791408672.138172,-0.024229,0.681077,-1.402874,0.020112,0.684862,-1.481654,-0.000239,0.724459,-1.428529,0.106923,0.673290,-1.410994,23,23,24,23,23,24,23,23,24,23,23,24
1791408672.158192,-0.024260,0.681077,-1.402874,0.020142,0.684862,-1.481638,-0.000269,0.724490,-1.428513,0.106892,0.673260,-1.411010,23,23,24,23,23,24,23,23,24,23,23,24
1791408672.178066,-0.024260,0.681077,-1.402874,0.020142,0.684862,-1.481638,-0.000239,0.724490,-1.428529,0.106892,0.673260,-1.410994,23,23,24,23,23,24,23,23,24,23,23,24
1791408672.198333,-0.024260,0.681138,-1.402890,0.020172,0.684892,-1.481654,-0.000178,0.724550,-1.428529,0.106892,0.673260,-1.410994,23,23,24,23,23,24,23,23,24,23,23,24
1791408672.218127,-0.024229,0.681138,-1.402859,0.020142,0.684892,-1.481654,-0.000209,0.724520,-1.428497,0.106862,0.673351,-1.410994,23,23,24,23,23,24,23,23,24,23,23,24
1791408672.238108,-0.024229,0.681168,-1.402874,0.020172,0.684922,-1.481638,-0.000209,0.724550,-1.428529,0.106892,0.673351,-1.410994,23,23,24,23,23,24,23,23,24,23,23,24
1791408672.258369,-0.024260,0.681198,-1.402890,0.020142,0.684922,-1.481638,-0.000178,0.724550,-1.428529,0.106892,0.673381,-1.410978,23,23,24,23,23,24,23,23,24,23,23,24
1791408672.278225,-0.024260,0.681198,-1.402874,0.020172,0.684922,-1.481622,-0.000178,0.724580,-1.428529,0.106892,0.673411,-1.410994,23,23,24,23,23,24,23,23,24,23,23,24
1791408672.298069,-0.024260,0.681198,-1.402890,0.020142,0.684953,-1.481670,-0.000178,0.724580,-1.428497,0.106923,0.673351,-1.411010,23,23,24,23,23,24,23,23,24,23,23,24
1791408672.318058,-0.024229,0.681168,-1.402874,0.020142,0.684922,-1.481638,-0.000178,0.724550,-1.428513,0.106892,0.673381,-1.410994,23,23,24,23,23,24,23,23,24,23,23,24
1791408672.338093,-0.024229,0.681168,-1.402859,0.020172,0.684953,-1.481638,-0.000209,0.724550,-1.428497,0.106892,0.673411,-1.411010,23,23,24,23,23,24,23,23,24,23,23,24
1791408672.358129,-0.024260,0.681168,-1.402859,0.020142,0.684953,-1.481638,-0.000239,0.724550,-1.428513,0.106923,0.673411,-1.411010,23,23,24,23,23,24,23,23,24,23,23,24
1791408672.378126,-0.024260,0.681168,-1.402890,0.020142,0.684953,-1.481638,-0.000178,0.724550,-1.428513,0.106892,0.673411,-1.410994,23,23,24,23,23,24,23,23,24,23,23,24
1791408672.398107,-0.024290,0.681168,-1.402874,0.020142,0.684922,-1.481654,-0.000239,0.724550,-1.428497,0.106892,0.673351,-1.410978,23,23,24,23,23,24,23,23,24,23,23,24
1791408672.418115,-0.024290,0.681138,-1.402874,0.020142,0.684922,-1.481638,-0.000239,0.724550,-1.428513,0.106862,0.673411,-1.410994,23,23,24,23,23,24,23,23,24,23,23,24
1791408672.438161,-0.024260,0.681198,-1.402874,0.020142,0.684922,-1.481622,-0.000239,0.724550,-1.428529,0.106892,0.673442,-1.410994,23,23,24,23,23,24,23,23,24,23,23,24
1791408672.458150,-0.024260,0.681228,-1.402874,0.020172,0.684922,-1.481654,-0.000209,0.724611,-1.428529,0.106892,0.673442,-1.410994,23,23,24,23,23,24,23,23,24,23,23,24
1791408672.478082,-0.024229,0.681259,-1.402874,0.020142,0.685013,-1.481638,-0.000178,0.724641,-1.428513,0.106892,0.673472,-1.410962,23,23,24,23,23,24,23,23,24,23,23,24
1791408672.498141,-0.024229,0.681259,-1.402890,0.020202,0.685013,-1.481654,-0.000209,0.724611,-1.428497,0.106923,0.673472,-1.410978,23,23,24,23,23,24,23,23,24,23,23,24
1791408672.518191,-0.024199,0.681289,-1.402859,0.020172,0.685013,-1.481638,-0.000209,0.724611,-1.428513,0.106892,0.673563,-1.410978,23,23,24,23,23,24,23,23,24,23,23,24
1791408672.538360,-0.024260,0.681259,-1.402859,0.020172,0.685013,-1.481654,-0.000178,0.724671,-1.428513,0.106923,0.673532,-1.410994,23,23,24,23,23,24,23,23,24,23,23,24
1791408672.558065,-0.024260,0.681259,-1.402874,0.020202,0.685013,-1.481670,-0.000178,0.724671,-1.428513,0.106892,0.673532,-1.410978,23,23,24,23,23,24,23,23,24,23,23,24
1791408672.578079,-0.024260,0.681319,-1.402890,0.020142,0.685043,-1.481638,-0.000209,0.724671,-1.428513,0.106892,0.673563,-1.410994,23,23,24,23,23,24,23,23,24,23,23,24
1791408672.598101,-0.024260,0.681228,-1.402890,0.020142,0.685043,-1.481638,-0.000178,0.724702,-1.428497,0.106892,0.673532,-1.410994,23,23,24,23,23,24,23,23,24,23,23,24
1791408672.618299,-0.024260,0.681259,-1.402874,0.020142,0.685013,-1.481638,-0.000178,0.724732,-1.428497,0.106892,0.673532,-1.410978,23,23,24,23,23,24,23,23,24,23,23,24
1791408672.638147,-0.024260,0.681259,-1.402874,0.020142,0.685074,-1.481638,-0.000209,0.724671,-1.428513,0.106862,0.673532,-1.410994,23,23,24,23,23,24,23,23,24,23,23,24
1791408672.658034,-0.024260,0.681289,-1.402874,0.020172,0.685074,-1.481670,-0.000088,0.724762,-1.428497,0.106892,0.673563,-1.410978,23,23,24,23,23,24,23,23,24,23,23,24
1791408672.678290,-0.024229,0.681319,-1.402874,0.020172,0.685165,-1.481654,-0.000178,0.724792,-1.428513,0.106862,0.673623,-1.410994,23,23,24,23,23,24,23,23,24,23,23,24
1791408672.698123,-0.024260,0.681471,-1.402874,0.020172,0.685165,-1.481638,-0.000088,0.724974,-1.428529,0.106923,0.673654,-1.411010,23,23,24,23,23,24,23,23,24,23,23,24
1791408672.718192,-0.024260,0.681531,-1.402874,0.020172,0.685255,-1.481638,-0.000118,0.725004,-1.428497,0.106892,0.673775,-1.410994,23,23,24,23,23,24,23,23,24,23,23,24
1791408672.738416,-0.024260,0.681592,-1.402859,0.020172,0.685255,-1.481654,-0.000057,0.725125,-1.428513,0.106923,0.673835,-1.411010,23,23,24,23,23,24,23,23,24,23,23,24
1791408672.758544,-0.024260,0.681713,-1.402859,0.020172,0.685316,-1.481638,-0.000118,0.725156,-1.428497,0.106892,0.673896,-1.411010,23,23,24,23,23,24,23,23,24,23,23,24
1791408672.778037,-0.024229,0.681713,-1.402890,0.020172,0.685437,-1.481638,-0.000209,0.725125,-1.428497,0.106892,0.674108,-1.411026,23,23,24,23,23,24,23,23,24,23,23,24
1791408672.798200,-0.024229,0.681743,-1.402874,0.020202,0.685467,-1.481654,-0.000209,0.725186,-1.428529,0.106892,0.674138,-1.411026,23,23,24,23,23,24,23,23,24,23,23,24
1791408672.818106,-0.024229,0.681743,-1.402874,0.020112,0.685437,-1.481638,-0.000209,0.725216,-1.428497,0.106862,0.674168,-1.411010,23,23,24,23,23,24,23,23,24,23,23,24
1791408672.838193,-0.024260,0.681713,-1.402874,0.020142,0.685467,-1.481638,-0.000300,0.725156,-1.428545,0.106892,0.674138,-1.411010,23,23,24,23,23,24,23,23,24,23,23,24
1791408672.858259,-0.024260,0.681713,-1.402874,0.020172,0.685498,-1.481638,-0.000209,0.725186,-1.428513,0.106892,0.674138,-1.411026,23,23,24,23,23,24,23,23,24,23,23,24
1791408672.878161,-0.024290,0.681773,-1.402859,0.020142,0.685467,-1.481638,-0.000178,0.725216,-1.428513,0.106892,0.674138,-1.411010,23,23,24,23,23,24,23,23,24,23,23,24
1791408672.898232,-0.024260,0.681743,-1.402859,0.020142,0.685437,-1.481638,-0.000209,0.725216,-1.428513,0.106892,0.674168,-1.411010,23,23,24,23,23,24,23,23,24,23,23,24
1791408672.918107,-0.024260,0.681773,-1.402874,0.020142,0.685467,-1.481670,-0.000239,0.725216,-1.428513,0.106923,0.674138,-1.411026,23,23,24,23,23,24,23,23,24,23,23,24
1791408672.938404,-0.024260,0.681804,-1.402859,0.020142,0.685437,-1.481638,-0.000239,0.725277,-1.428513,0.106923,0.674138,-1.411010,23,23,24,23,23,24,23,23,24,23,23,24
1791408672.958435,-0.024229,0.681864,-1.402874,0.020172,0.685498,-1.481638,-0.000148,0.725246,-1.428529,0.106892,0.674199,-1.411026,23,23,24,23,23,24,23,23,24,23,23,24
1791408672.978218,-0.024260,0.681864,-1.402890,0.020172,0.685498,-1.481638,-0.000178,0.725246,-1.428513,0.106953,0.674259,-1.411010,23,23,24,23,23,24,23,23,24,23,23,24
1791408672.998175,-0.024229,0.681834,-1.402874,0.020202,0.685528,-1.481638,-0.000209,0.725277,-1.428513,0.106923,0.674289,-1.411010,23,23,24,23,23,24,23,23,24,23,23,24
1791408673.018094,-0.024260,0.681895,-1.402843,0.020142,0.685588,-1.481638,-0.000178,0.725368,-1.428529,0.106923,0.674259,-1.410994,23,23,24,23,23,24,23,23,24,23,23,24
1791408673.038216,-0.024290,0.681895,-1.402890,0.020172,0.685588,-1.481654,-0.000239,0.725368,-1.428513,0.106892,0.674350,-1.411010,23,23,24,23,23,24,23,23,24,23,23,24
1791408673.058179,-0.024260,0.681895,-1.402859,0.020142,0.685619,-1.481638,-0.000209,0.725428,-1.428529,0.106892,0.674350,-1.410994,23,23,24,23,23,24,23,23,24,23,23,24
1791408673.078162,-0.024229,0.681925,-1.402874,0.020172,0.685619,-1.481638,-0.000269,0.725489,-1.428513,0.106892,0.674411,-1.411010,23,23,24,23,23,24,23,23,24,23,23,24
1791408673.097918,-0.024229,0.681955,-1.402874,0.020112,0.685619,-1.481638,-0.000239,0.725458,-1.428529,0.106892,0.674411,-1.410994,23,23,24,23,23,24,23,23,24,23,23,24
1791408673.118098,-0.024260,0.682076,-1.402859,0.020172,0.685619,-1.481638,-0.000148,0.725640,-1.428513,0.106923,0.674411,-1.410978,23,23,24,23,23,24,23,23,24,23,23,24
1791408673.137918,-0.024260,0.682106,-1.402874,0.020142,0.685709,-1.481654,-0.000239,0.725640,-1.428513,0.106862,0.674501,-1.410994,23,23,24,23,23,24,23,23,24,23,23,24
1791408673.158093,-0.024229,0.682197,-1.402874,0.020172,0.685709,-1.481654,-0.000178,0.725640,-1.428529,0.106892,0.674532,-1.410994,23,23,24,23,23,24,23,23,24,23,23,24
1791408673.178194,-0.024229,0.682288,-1.402874,0.020172,0.685709,-1.481638,-0.000239,0.725640,-1.428513,0.106892,0.674562,-1.411026,23,23,24,23,23,24,23,23,24,23,23,24
1791408673.197996,-0.024229,0.682288,-1.402859,0.020172,0.685770,-1.481638,-0.000148,0.725640,-1.428545,0.106892,0.674592,-1.411010,23,23,24,23,23,24,23,23,24,23,23,24
1791408673.218028,-0.024229,0.682288,-1.402890,0.020172,0.685800,-1.481638,-0.000178,0.725670,-1.428513,0.106892,0.674622,-1.411010,23,23,24,23,23,24,23,23,24,23,23,24
1791408673.238052,-0.024199,0.682318,-1.402890,0.020172,0.685800,-1.481654,-0.000148,0.725670,-1.428513,0.106923,0.674683,-1.410994,23,23,24,23,23,24,23,23,24,23,23,24
1791408673.258296,-0.024260,0.682349,-1.402859,0.020202,0.685800,-1.481654,-0.000178,0.725731,-1.428529,0.106892,0.674653,-1.411026,23,23,24,23,23,24,23,23,24,23,23,24
1791408673.278124,-0.024260,0.682318,-1.402874,0.020172,0.685831,-1.481654,-0.000239,0.725701,-1.428513,0.106923,0.674653,-1.411026,23,23,24,23,23,24,23,23,24,23,23,24
1791408673.298282,-0.024290,0.682288,-1.402874,0.020172,0.685800,-1.481638,-0.000239,0.725731,-1.428529,0.106923,0.674683,-1.410994,23,23,24,23,23,24,23,23,24,23,23,24
1791408673.318204,-0.024260,0.682318,-1.402843,0.020172,0.685800,-1.481654,-0.000148,0.725761,-1.428513,0.106923,0.674622,-1.411010,23,23,24,23,23,24,23,23,24,23,23,24
1791408673.338120,-0.024290,0.682409,-1.402874,0.020142,0.685861,-1.481638,-0.000148,0.725822,-1.428513,0.106892,0.674683,-1.411010,23,23,24,23,23,24,23,23,24,23,23,24
1791408673.358015,-0.024260,0.682470,-1.402859,0.020142,0.685861,-1.481654,-0.000178,0.725973,-1.428529,0.106923,0.674683,-1.411041,23,23,24,23,23,24,23,23,24,23,23,24
1791408673.378098,-0.024260,0.682561,-1.402890,0.020172,0.685921,-1.481638,-0.000148,0.726034,-1.428529,0.106892,0.674713,-1.411041,23,23,24,23,23,24,23,23,24,23,23,24
1791408673.398205,-0.024260,0.682652,-1.402859,0.020142,0.685982,-1.481638,-0.000209,0.726094,-1.428529,0.106953,0.674804,-1.411026,23,23,24,23,23,24,23,23,24,23,23,24
1791408673.418308,-0.024260,0.682712,-1.402874,0.020172,0.686012,-1.481638,-0.000088,0.726094,-1.428545,0.106953,0.674865,-1.411010,23,23,24,23,23,24,23,23,24,23,23,24
1791408673.438070,-0.024260,0.682803,-1.402874,0.020172,0.686194,-1.481654,-0.000088,0.726246,-1.428529,0.106923,0.675016,-1.411026,23,23,24,23,23,24,23,23,24,23,23,24
1791408673.458121,-0.024260,0.682833,-1.402874,0.020172,0.686345,-1.481638,-0.000178,0.726336,-1.428529,0.106923,0.675137,-1.411010,23,23,24,23,23,24,23,23,24,23,23,24
1791408673.478111,-0.024260,0.683045,-1.402874,0.020172,0.686376,-1.481638,-0.000118,0.726397,-1.428513,0.106953,0.675167,-1.411010,23,23,24,23,23,24,23,23,24,23,23,24
1791408673.498088,-0.024260,0.683045,-1.402874,0.020112,0.686436,-1.481638,-0.000118,0.726458,-1.428513,0.106923,0.675198,-1.411010,23,23,24,23,23,24,23,23,24,23,23,24
1791408673.518225,-0.024290,0.683106,-1.402890,0.020172,0.686497,-1.481638,-0.000118,0.726518,-1.428529,0.106953,0.675258,-1.411010,23,23,24,23,23,24,23,23,24,23,23,24
1791408673.538062,-0.024320,0.683287,-1.402874,0.020172,0.686557,-1.481638,-0.000118,0.726639,-1.428513,0.106953,0.675258,-1.410994,23,23,24,23,23,24,23,23,24,23,23,24
1791408673.558259,-0.024260,0.683439,-1.402874,0.020172,0.686678,-1.481654,-0.000118,0.726821,-1.428513,0.106953,0.675379,-1.411041,23,23,24,23,23,24,23,23,24,23,23,24
1791408673.578100,-0.024229,0.683499,-1.402859,0.020142,0.686769,-1.481670,-0.000118,0.726912,-1.428513,0.106953,0.675379,-1.411026,23,23,24,23,23,24,23,23,24,23,23,24
1791408673.598014,-0.024290,0.683620,-1.402874,0.020172,0.686890,-1.481654,-0.000118,0.727033,-1.428513,0.106953,0.675501,-1.411041,23,23,24,23,23,24,23,23,24,23,23,24
1791408673.618222,-0.024290,0.683741,-1.402874,0.020172,0.687102,-1.481654,-0.000088,0.727154,-1.428513,0.106953,0.675652,-1.411026,23,23,24,23,23,24,23,23,24,23,23,24
1791408673.638081,-0.024260,0.683953,-1.402874,0.020112,0.687193,-1.481638,-0.000118,0.727275,-1.428497,0.106983,0.675773,-1.411041,23,23,24,23,23,24,23,23,24,23,23,24
1791408673.658304,-0.024260,0.684044,-1.402874,0.020172,0.687375,-1.481638,-0.000148,0.727305,-1.428529,0.106953,0.675924,-1.411010,23,23,24,23,23,24,23,23,24,23,23,24
1791408673.678165,-0.024260,0.684105,-1.402874,0.020202,0.687526,-1.481638,-0.000118,0.727366,-1.428513,0.106953,0.675985,-1.411026,23,23,24,23,23,24,23,23,24,23,23,24
1791408673.698011,-0.024290,0.684165,-1.402874,0.020142,0.687647,-1.481622,-0.000118,0.727396,-1.428529,0.106953,0.676046,-1.411041,23,23,24,23,23,24,23,23,24,23,23,24
1791408673.718096,-0.024229,0.684196,-1.402890,0.020142,0.687708,-1.481638,-0.000178,0.727426,-1.428513,0.106953,0.676136,-1.411026,23,23,24,23,23,24,23,23,24,23,23,24
1791408673.738112,-0.024290,0.684165,-1.402874,0.020172,0.687738,-1.481638,-0.000209,0.727426,-1.428513,0.106953,0.676167,-1.411041,23,23,24,23,23,24,23,23,24,23,23,24
1791408673.758754,-0.024290,0.684226,-1.402874,0.020142,0.687768,-1.481654,-0.000148,0.727487,-1.428529,0.106953,0.676197,-1.411057,23,23,24,23,23,24,23,23,24,23,23,24
1791408673.777891,-0.024260,0.684196,-1.402874,0.020142,0.687768,-1.481670,-0.000209,0.727487,-1.428513,0.106953,0.676136,-1.411057,23,23,24,23,23,24,23,23,24,23,23,24
1791408673.798101,-0.024260,0.684165,-1.402874,0.020142,0.687768,-1.481654,-0.000148,0.727517,-1.428513,0.106953,0.676167,-1.411026,23,23,24,23,23,24,23,23,24,23,23,24
1791408673.817972,-0.024260,0.684196,-1.402874,0.020142,0.687768,-1.481622,-0.000209,0.727517,-1.428513,0.106953,0.676257,-1.411041,23,23,24,23,23,24,23,23,24,23,23,24
1791408673.838026,-0.024260,0.684226,-1.402874,0.020142,0.687859,-1.481638,-0.000118,0.727578,-1.428513,0.106923,0.676318,-1.411026,23,23,24,23,23,24,23,23,24,23,23,24
1791408673.858152,-0.024260,0.684317,-1.402859,0.020142,0.687920,-1.481638,-0.000148,0.727608,-1.428513,0.106953,0.676288,-1.411010,23,23,24,23,23,24,23,23,24,23,23,24
1791408673.877940,-0.024260,0.684377,-1.402874,0.020142,0.688011,-1.481654,-0.000118,0.727669,-1.428529,0.106953,0.676409,-1.411010,23,23,24,23,23,24,23,23,24,23,23,24
1791408673.898300,-0.024229,0.684498,-1.402874,0.020172,0.688041,-1.481638,-0.000088,0.727729,-1.428497,0.107013,0.676500,-1.411026,23,23,24,23,23,24,23,23,24,23,23,24
1791408673.918001,-0.024260,0.684498,-1.402874,0.020172,0.688192,-1.481622,-0.000088,0.727790,-1.428529,0.106923,0.676591,-1.411026,23,23,24,23,23,24,23,23,24,23,23,24
1791408673.938236,-0.024260,0.684559,-1.402859,0.020142,0.688283,-1.481654,-0.000148,0.727881,-1.428513,0.106953,0.676621,-1.411041,23,23,24,23,23,24,23,23,24,23,23,24
1791408673.958342,-0.024290,0.684589,-1.402874,0.020202,0.688313,-1.481654,-0.000148,0.727971,-1.428513,0.106983,0.676681,-1.411026,23,23,24,23,23,24,23,23,24,23,23,24
1791408673.978138,-0.024290,0.684710,-1.402874,0.020142,0.688344,-1.481638,-0.000118,0.728062,-1.428513,0.106953,0.676742,-1.411026,23,23,24,23,23,24,23,23,24,23,23,24
1791408673.998086,-0.024260,0.684741,-1.402874,0.020112,0.688374,-1.481638,-0.000178,0.728093,-1.428513,0.106953,0.676772,-1.411026,23,23,24,23,23,24,23,23,24,23,23,24
1791408674.018081,-0.024260,0.684741,-1.402859,0.020112,0.688374,-1.481654,-0.000178,0.728123,-1.428529,0.106953,0.676712,-1.411057,23,23,24,23,23,24,23,23,24,23,23,24
1791408674.038130,-0.024229,0.684801,-1.402874,0.020081,0.688434,-1.481638,-0.000088,0.728214,-1.428513,0.106923,0.676742,-1.411010,23,23,24,23,23,24,23,23,24,23,23,24
1791408674.058331,-0.024260,0.684832,-1.402874,0.020142,0.688495,-1.481638,-0.000178,0.728214,-1.428529,0.106923,0.676833,-1.411041,23,23,24,23,23,24,23,23,24,23,23,24
1791408674.077955,-0.024260,0.684983,-1.402874,0.020112,0.688525,-1.481638,-0.000148,0.728244,-1.428513,0.106953,0.676954,-1.411041,23,23,24,23,23,24,23,23,24,23,23,24
1791408674.098317,-0.024229,0.684983,-1.402874,0.020172,0.688525,-1.481638,-0.000118,0.728214,-1.428513,0.106953,0.676924,-1.411041,23,23,24,23,23,24,23,23,24,23,23,24
1791408674.118047,-0.024229,0.685043,-1.402859,0.020172,0.688525,-1.481638,-0.000118,0.728244,-1.428529,0.106983,0.676984,-1.411041,23,23,24,23,23,24,23,23,24,23,23,24
1791408674.138402,-0.024260,0.685013,-1.402874,0.020172,0.688646,-1.481670,-0.000148,0.728274,-1.428529,0.106953,0.677105,-1.411041,23,23,24,23,23,24,23,23,24,23,23,24
1791408674.158272,-0.024260,0.684983,-1.402890,0.020142,0.688646,-1.481654,-0.000178,0.728335,-1.428529,0.106953,0.677105,-1.411026,23,23,24,23,23,24,23,23,24,23,23,24
1791408674.178199,-0.024229,0.685043,-1.402874,0.020172,0.688677,-1.481638,-0.000148,0.728335,-1.428529,0.106953,0.677105,-1.411057,23,23,24,23,23,24,23,23,24,23,23,24
1791408674.197979,-0.024260,0.685043,-1.402874,0.020112,0.688646,-1.481654,-0.000178,0.728335,-1.428513,0.106953,0.677105,-1.411026,23,23,24,23,23,24,23,23,24,23,23,24
1791408674.218087,-0.024260,0.685043,-1.402874,0.020142,0.688677,-1.481654,-0.000209,0.728335,-1.428529,0.106923,0.677105,-1.411041,23,23,24,23,23,24,23,23,24,23,23,24
1791408674.237973,-0.024260,0.685013,-1.402859,0.020172,0.688646,-1.481654,-0.000148,0.728365,-1.428529,0.106953,0.677075,-1.411057,23,23,24,23,23,24,23,23,24,23,23,24
1791408674.257951,-0.024290,0.685074,-1.402874,0.020142,0.688707,-1.481638,-0.000178,0.728395,-1.428481,0.106923,0.677136,-1.411041,23,23,24,23,23,24,23,23,24,23,23,24
1791408674.278183,-0.024260,0.685134,-1.402874,0.020142,0.688707,-1.481654,-0.000118,0.728486,-1.428529,0.106953,0.677166,-1.411041,23,23,24,23,23,24,23,23,24,23,23,24
1791408674.298338,-0.024260,0.685165,-1.402874,0.020112,0.688768,-1.481654,-0.000148,0.728547,-1.428529,0.106953,0.677226,-1.411057,23,23,24,23,23,24,23,23,24,23,23,24
1791408674.318133,-0.024260,0.685255,-1.402874,0.020142,0.688798,-1.481654,-0.000148,0.728516,-1.428513,0.106923,0.677257,-1.411057,23,23,24,23,23,24,23,23,24,23,23,24
1791408674.338043,-0.024260,0.685346,-1.402874,0.020172,0.688828,-1.481638,-0.000209,0.728547,-1.428513,0.106953,0.677378,-1.411041,23,23,24,23,23,24,23,23,24,23,23,24
1791408674.358353,-0.024260,0.685316,-1.402874,0.020142,0.688889,-1.481638,-0.000148,0.728547,-1.428529,0.106953,0.677408,-1.411041,23,23,24,23,23,24,23,23,24,23,23,24
1791408674.378138,-0.024229,0.685346,-1.402874,0.020172,0.688919,-1.481670,-0.000178,0.728607,-1.428513,0.106892,0.677438,-1.411057,23,23,24,23,23,24,23,23,24,23,23,24
1791408674.398113,-0.024260,0.685377,-1.402859,0.020142,0.688980,-1.481654,-0.000148,0.728668,-1.428497,0.106953,0.677529,-1.411057,23,23,24,23,23,24,23,23,24,23,23,24
1791408674.418134,-0.024290,0.685437,-1.402874,0.020142,0.688980,-1.481638,-0.000148,0.728819,-1.428513,0.106923,0.677559,-1.411041,23,23,24,23,23,24,23,23,24,23,23,24
1791408674.438200,-0.024290,0.685437,-1.402859,0.020142,0.689040,-1.481638,-0.000239,0.728789,-1.428481,0.106923,0.677590,-1.411041,23,23,24,23,23,24,23,23,24,23,23,24
1791408674.458135,-0.024260,0.685467,-1.402874,0.020112,0.689010,-1.481654,-0.000209,0.728819,-1.428513,0.106923,0.677680,-1.411041,23,23,24,23,23,24,23,23,24,23,23,24
1791408674.478014,-0.024260,0.685498,-1.402859,0.020081,0.689010,-1.481654,-0.000178,0.728910,-1.428529,0.106923,0.677680,-1.411041,23,23,24,23,23,24,23,23,24,23,23,24
1791408674.498076,-0.024260,0.685588,-1.402859,0.020142,0.689010,-1.481638,-0.000239,0.728940,-1.428529,0.106923,0.677680,-1.411041,23,23,24,23,23,24,23,23,24,23,23,24
1791408674.518211,-0.024290,0.685679,-1.402874,0.020142,0.689131,-1.481638,-0.000148,0.729001,-1.428513,0.106923,0.677832,-1.411057,23,23,24,23,23,24,23,23,24,23,23,24
1791408674.538228,-0.024260,0.685861,-1.402874,0.020142,0.689191,-1.481638,-0.000148,0.729122,-1.428513,0.106953,0.677892,-1.411057,23,23,24,23,23,24,23,23,24,23,23,24
1791408674.557954,-0.024260,0.686012,-1.402843,0.020142,0.689252,-1.481654,-0.000178,0.729183,-1.428513,0.106953,0.678074,-1.411073,23,23,24,23,23,24,23,23,24,23,23,24
1791408674.578077,-0.024229,0.686073,-1.402859,0.020172,0.689282,-1.481638,-0.000178,0.729364,-1.428513,0.106953,0.678104,-1.411073,23,23,24,23,23,24,23,23,24,23,23,24
1791408674.598296,-0.024260,0.686255,-1.402874,0.020142,0.689373,-1.481638,-0.000118,0.729455,-1.428497,0.106953,0.678195,-1.411041,23,23,24,23,23,24,23,23,24,23,23,24
1791408674.618149,-0.024290,0.686345,-1.402890,0.020142,0.689524,-1.481638,-0.000178,0.729546,-1.428513,0.106923,0.678316,-1.411057,23,23,24,23,23,24,23,23,24,23,23,24
1791408674.637995,-0.024260,0.686436,-1.402874,0.020142,0.689555,-1.481654,-0.000178,0.729728,-1.428529,0.106953,0.678407,-1.411073,23,23,24,23,23,24,23,23,24,23,23,24
1791408674.658261,-0.024290,0.686527,-1.402874,0.020142,0.689706,-1.481622,-0.000209,0.729818,-1.428513,0.106953,0.678437,-1.411057,23,23,24,23,23,24,23,23,24,23,23,24
1791408674.678212,-0.024290,0.686618,-1.402874,0.020112,0.689736,-1.481654,-0.000118,0.729970,-1.428513,0.106983,0.678589,-1.411057,23,23,24,23,23,24,23,23,24,23,23,24
1791408674.698057,-0.024260,0.686739,-1.402874,0.020112,0.689827,-1.481638,-0.000148,0.730061,-1.428529,0.106953,0.678589,-1.411073,23,23,24,23,23,24,23,23,24,23,23,24
1791408674.718014,-0.024260,0.686890,-1.402859,0.020112,0.689827,-1.481638,-0.000148,0.730182,-1.428513,0.106983,0.678710,-1.411089,23,23,24,23,23,24,23,23,24,23,23,24
1791408674.738312,-0.024290,0.687011,-1.402874,0.020081,0.689858,-1.481654,-0.000057,0.730333,-1.428513,0.107013,0.678801,-1.411073,23,23,24,23,23,24,23,23,24,23,23,24
1791408674.758204,-0.024290,0.687163,-1.402859,0.020112,0.690009,-1.481670,-0.000027,0.730454,-1.428513,0.107013,0.678892,-1.411073,23,23,24,23,23,24,23,23,24,23,23,24
1791408674.778367,-0.024260,0.687314,-1.402874,0.020112,0.690130,-1.481654,-0.000057,0.730575,-1.428529,0.107013,0.679013,-1.411073,23,23,24,23,23,24,23,23,24,23,23,24
1791408674.798090,-0.024260,0.687405,-1.402890,0.020142,0.690251,-1.481638,-0.000118,0.730636,-1.428513,0.107044,0.679134,-1.411073,23,23,24,23,23,24,23,23,24,23,23,24
1791408674.818072,-0.024260,0.687466,-1.402874,0.020142,0.690312,-1.481638,-0.000057,0.730727,-1.428529,0.107044,0.679316,-1.411041,23,23,24,23,23,24,23,23,24,23,23,24
1791408674.838490,-0.024260,0.687557,-1.402890,0.020142,0.690403,-1.481638,-0.000057,0.730757,-1.428513,0.107044,0.679437,-1.411057,23,23,24,23,23,24,23,23,24,23,23,24
1791408674.858277,-0.024260,0.687617,-1.402874,0.020142,0.690493,-1.481638,-0.000088,0.730878,-1.428529,0.107013,0.679467,-1.411073,23,23,24,23,23,24,23,23,24,23,23,24
1791408674.878063,-0.024290,0.687617,-1.402874,0.020112,0.690554,-1.481638,-0.000088,0.730908,-1.428529,0.106983,0.679497,-1.411057,23,23,24,23,23,24,23,23,24,23,23,24
1791408674.898060,-0.024260,0.687617,-1.402859,0.020112,0.690524,-1.481638,-0.000027,0.730969,-1.428529,0.107013,0.679527,-1.411057,23,23,24,23,23,24,23,23,24,23,23,24
1791408674.918107,-0.024290,0.687647,-1.402874,0.020112,0.690584,-1.481638,-0.000027,0.730969,-1.428529,0.107044,0.679497,-1.411073,23,23,24,23,23,24,23,23,24,23,23,24
1791408674.938112,-0.024290,0.687708,-1.402874,0.020081,0.690614,-1.481638,-0.000027,0.730999,-1.428513,0.107013,0.679497,-1.411073,23,23,24,23,23,24,23,23,24,23,23,24
1791408674.958122,-0.024260,0.687738,-1.402890,0.020112,0.690614,-1.481638,-0.000118,0.731030,-1.428529,0.107044,0.679527,-1.411073,23,23,24,23,23,24,23,23,24,23,23,24
1791408674.978143,-0.024260,0.687768,-1.402874,0.020112,0.690614,-1.481654,-0.000027,0.731090,-1.428513,0.107013,0.679527,-1.411073,23,23,24,23,23,24,23,23,24,23,23,24
1791408674.998102,-0.024260,0.687799,-1.402874,0.020112,0.690705,-1.481638,-0.000027,0.731090,-1.428513,0.107013,0.679679,-1.411041,23,23,24,23,23,24,23,23,24,23,23,24
1791408675.018102,-0.024229,0.687829,-1.402874,0.020081,0.690796,-1.481654,-0.000118,0.731120,-1.428513,0.107013,0.679739,-1.411057,23,23,24,23,23,24,23,23,24,23,23,24
1791408675.038216,-0.024260,0.687829,-1.402890,0.020081,0.690917,-1.481654,-0.000088,0.731151,-1.428513,0.106983,0.679800,-1.411057,23,23,24,23,23,24,23,23,24,23,23,24
1791408675.058160,-0.024260,0.687889,-1.402874,0.020112,0.690948,-1.481638,-0.000057,0.731151,-1.428497,0.107013,0.679860,-1.411057,23,23,24,23,23,24,23,23,24,23,23,24
1791408675.078181,-0.024260,0.687889,-1.402890,0.020112,0.690978,-1.481654,-0.000057,0.731151,-1.428529,0.107013,0.679860,-1.411041,23,23,24,23,23,24,23,23,24,23,23,24
1791408675.097979,-0.024290,0.687889,-1.402890,0.020081,0.691038,-1.481638,-0.000088,0.731181,-1.428513,0.106983,0.679860,-1.411057,23,23,24,23,23,24,23,23,24,23,23,24
1791408675.118155,-0.024260,0.687889,-1.402890,0.020081,0.691038,-1.481638,-0.000088,0.731211,-1.428529,0.107013,0.679921,-1.411057,23,23,24,23,23,24,23,23,24,23,23,24
1791408675.138194,-0.024260,0.687950,-1.402874,0.020081,0.691099,-1.481654,-0.000057,0.731272,-1.428529,0.107013,0.679891,-1.411073,23,23,24,23,23,24,23,23,24,23,23,24
1791408675.158108,-0.024290,0.687980,-1.402874,0.020051,0.691099,-1.481654,-0.000088,0.731302,-1.428497,0.106983,0.679891,-1.411073,23,23,24,23,23,24,23,23,24,23,23,24
1791408675.178197,-0.024290,0.688011,-1.402859,0.020081,0.691099,-1.481638,-0.000088,0.731302,-1.428529,0.107044,0.679891,-1.411073,23,23,24,23,23,24,23,23,24,23,23,24
1791408675.198215,-0.024290,0.688041,-1.402890,0.020081,0.691069,-1.481638,-0.000118,0.731332,-1.428529,0.107013,0.679921,-1.411057,23,23,24,23,23,24,23,23,24,23,23,24
1791408675.218062,-0.024229,0.688071,-1.402874,0.020081,0.691129,-1.481638,-0.000148,0.731332,-1.428529,0.107013,0.680012,-1.411057,23,23,24,23,23,24,23,23,24,23,23,24
1791408675.238148,-0.024260,0.688071,-1.402890,0.020081,0.691190,-1.481638,-0.000178,0.731332,-1.428529,0.107013,0.680072,-1.411041,23,23,24,23,23,24,23,23,24,23,23,24
1791408675.258097,-0.024260,0.688101,-1.402874,0.020081,0.691190,-1.481638,-0.000118,0.731363,-1.428513,0.107013,0.680042,-1.411057,23,23,24,23,23,24,23,23,24,23,23,24
1791408675.278319,-0.024260,0.688101,-1.402874,0.020112,0.691190,-1.481638,-0.000148,0.731363,-1.428529,0.107044,0.680103,-1.411057,23,23,24,23,23,24,23,23,24,23,23,24
1791408675.298077,-0.024229,0.688101,-1.402890,0.020142,0.691250,-1.481638,-0.000088,0.731332,-1.428529,0.107013,0.680103,-1.411057,23,23,24,23,23,24,23,23,24,23,23,24
1791408675.318315,-0.024260,0.688101,-1.402874,0.020112,0.691311,-1.481638,-0.000118,0.731332,-1.428513,0.106983,0.680103,-1.411057,23,23,24,23,23,24,23,23,24,23,23,24
1791408675.338062,-0.024260,0.688101,-1.402843,0.020081,0.691281,-1.481638,-0.000118,0.731332,-1.428529,0.106983,0.680103,-1.411073,23,23,24,23,23,24,23,23,24,23,23,24
1791408675.358065,-0.024290,0.688101,-1.402890,0.020112,0.691281,-1.481638,-0.000148,0.731393,-1.428513,0.107013,0.680103,-1.411057,23,23,24,23,23,24,23,23,24,23,23,24
1791408675.378032,-0.024260,0.688101,-1.402890,0.020081,0.691311,-1.481654,-0.000178,0.731363,-1.428529,0.106953,0.680133,-1.411057,23,23,24,23,23,24,23,23,24,23,23,24
1791408675.398062,-0.024260,0.688101,-1.402890,0.020112,0.691311,-1.481638,-0.000118,0.731363,-1.428513,0.107013,0.680103,-1.411057,23,23,24,23,23,24,23,23,24,23,23,24
1791408675.418203,-0.024260,0.688101,-1.402874,0.020142,0.691311,-1.481638,-0.000118,0.731332,-1.428513,0.107013,0.680133,-1.411057,23,23,24,23,23,24,23,23,24,23,23,24
1791408675.438314,-0.024260,0.688162,-1.402874,0.020142,0.691311,-1.481638,-0.000118,0.731423,-1.428529,0.107044,0.680163,-1.411057,23,23,24,23,23,24,23,23,24,23,23,24
1791408675.458273,-0.024290,0.688162,-1.402890,0.020081,0.691341,-1.481654,-0.000148,0.731423,-1.428513,0.107013,0.680194,-1.411073,23,23,24,23,23,24,23,23,24,23,23,24
1791408675.478195,-0.024260,0.688253,-1.402890,0.020112,0.691402,-1.481638,-0.000088,0.731484,-1.428513,0.107013,0.680194,-1.411057,23,23,24,23,23,24,23,23,24,23,23,24
1791408675.498139,-0.024260,0.688283,-1.402874,0.020112,0.691432,-1.481638,-0.000178,0.731453,-1.428529,0.107013,0.680194,-1.411041,23,23,24,23,23,24,23,23,24,23,23,24
1791408675.518191,-0.024290,0.688253,-1.402874,0.020172,0.691402,-1.481654,-0.000148,0.731484,-1.428545,0.106983,0.680194,-1.411073,23,23,24,23,23,24,23,23,24,23,23,24
1791408675.537966,-0.024229,0.688253,-1.402874,0.020112,0.691432,-1.481654,-0.000118,0.731453,-1.428529,0.106983,0.680224,-1.411057,23,23,24,23,23,24,23,23,24,23,23,24
1791408675.558134,-0.024260,0.688253,-1.402890,0.020081,0.691432,-1.481638,-0.000178,0.731453,-1.428529,0.106953,0.680224,-1.411057,23,23,24,23,23,24,23,23,24,23,23,24
1791408675.577981,-0.024290,0.688253,-1.402890,0.020081,0.691462,-1.481638,-0.000148,0.731423,-1.428529,0.106983,0.680194,-1.411057,23,23,24,23,23,24,23,23,24,23,23,24
1791408675.598086,-0.024290,0.688192,-1.402874,0.020081,0.691462,-1.481638,-0.000178,0.731484,-1.428529,0.106983,0.680284,-1.411041,23,23,24,23,23,24,23,23,24,23,23,24
1791408675.618037,-0.024260,0.688223,-1.402890,0.020081,0.691462,-1.481638,-0.000209,0.731484,-1.428529,0.106953,0.680254,-1.411057,23,23,24,23,23,24,23,23,24,23,23,24
1791408675.638088,-0.024290,0.688283,-1.402874,0.020112,0.691462,-1.481638,-0.000178,0.731484,-1.428513,0.106953,0.680254,-1.411057,23,23,24,23,23,24,23,23,24,23,23,24
1791408675.658091,-0.024290,0.688223,-1.402890,0.020112,0.691462,-1.481638,-0.000118,0.731514,-1.428529,0.106953,0.680224,-1.411057,23,23,24,23,23,24,23,23,24,23,23,24
1791408675.678241,-0.024290,0.688313,-1.402874,0.020112,0.691493,-1.481638,-0.000027,0.731605,-1.428529,0.107013,0.680315,-1.411057,23,23,24,23,23,24,23,23,24,23,23,24
1791408675.698030,-0.024260,0.688313,-1.402874,0.020112,0.691614,-1.481638,-0.000057,0.731605,-1.428545,0.107013,0.680405,-1.411073,23,23,24,23,23,24,23,23,24,23,23,24
1791408675.718138,-0.024260,0.688374,-1.402874,0.020112,0.691614,-1.481654,-0.000088,0.731665,-1.428529,0.107013,0.680436,-1.411057,23,23,24,23,23,24,23,23,24,23,23,24
1791408675.738137,-0.024260,0.688434,-1.402874,0.020081,0.691583,-1.481638,-0.000057,0.731635,-1.428513,0.107044,0.680375,-1.411073,23,23,24,23,23,24,23,23,24,23,23,24
1791408675.758440,-0.024290,0.688404,-1.402874,0.020081,0.691614,-1.481638,-0.000088,0.731635,-1.428513,0.107044,0.680436,-1.411073,23,23,24,23,23,24,23,23,24,23,23,24
1791408675.778107,-0.024290,0.688374,-1.402874,0.020112,0.691614,-1.481654,-0.000148,0.731574,-1.428529,0.106983,0.680375,-1.411073,23,23,24,23,23,24,23,23,24,23,23,24
1791408675.798069,-0.024260,0.688374,-1.402874,0.020112,0.691644,-1.481638,-0.000118,0.731574,-1.428529,0.106983,0.680405,-1.411057,23,23,24,23,23,24,23,23,24,23,23,24
1791408675.818018,-0.024260,0.688344,-1.402874,0.020051,0.691644,-1.481638,-0.000148,0.731605,-1.428529,0.106983,0.680375,-1.411057,23,23,24,23,23,24,23,23,24,23,23,24
1791408675.837978,-0.024290,0.688374,-1.402874,0.020051,0.691614,-1.481638,-0.000118,0.731574,-1.428513,0.107013,0.680375,-1.411089,23,23,24,23,23,24,23,23,24,23,23,24
1791408675.858056,-0.024260,0.688404,-1.402859,0.020081,0.691583,-1.481638,-0.000118,0.731605,-1.428529,0.107013,0.680375,-1.411073,23,23,24,23,23,24,23,23,24,23,23,24
1791408675.878179,-0.024260,0.688404,-1.402874,0.020051,0.691614,-1.481638,-0.000118,0.731635,-1.428513,0.107013,0.680405,-1.411073,23,23,24,23,23,24,23,23,24,23,23,24
1791408675.897943,-0.024229,0.688404,-1.402859,0.020112,0.691644,-1.481622,-0.000148,0.731605,-1.428529,0.107013,0.680405,-1.411073,23,23,24,23,23,24,23,23,24,23,23,24
1791408675.917966,-0.024260,0.688434,-1.402874,0.020112,0.691644,-1.481638,-0.000148,0.731574,-1.428529,0.107013,0.680436,-1.411073,23,23,24,23,23,24,23,23,24,23,23,24
1791408675.938305,-0.024229,0.688465,-1.402874,0.020081,0.691614,-1.481654,-0.000088,0.731605,-1.428545,0.107074,0.680375,-1.411073,23,23,24,23,23,24,23,23,24,23,23,24
1791408675.958187,-0.024260,0.688434,-1.402859,0.020112,0.691614,-1.481654,-0.000027,0.731605,-1.428529,0.107044,0.680405,-1.411089,23,23,24,23,23,24,23,23,24,23,23,24
1791408675.978178,-0.024260,0.688404,-1.402859,0.020081,0.691614,-1.481654,-0.000088,0.731605,-1.428529,0.107013,0.680405,-1.411073,23,23,24,23,23,24,23,23,24,23,23,24
1791408675.998059,-0.024260,0.688404,-1.402859,0.020081,0.691614,-1.481638,-0.000118,0.731605,-1.428529,0.107044,0.680405,-1.411089,23,23,24,23,23,24,23,23,24,23,23,24
1791408676.018164,-0.024260,0.688404,-1.402874,0.020051,0.691583,-1.481638,-0.000088,0.731605,-1.428529,0.107044,0.680375,-1.411057,23,23,24,23,23,24,23,23,24,23,23,24
1791408676.038138,-0.024290,0.688404,-1.402874,0.020112,0.691644,-1.481654,-0.000088,0.731574,-1.428497,0.107044,0.680375,-1.411089,23,23,24,23,23,24,23,23,24,23,23,24
1791408676.058311,-0.024260,0.688374,-1.402890,0.020112,0.691644,-1.481654,-0.000088,0.731605,-1.428529,0.107013,0.680375,-1.411073,23,23,24,23,23,24,23,23,24,23,23,24
1791408676.078058,-0.024290,0.688374,-1.402859,0.020081,0.691644,-1.481654,-0.000088,0.731635,-1.428529,0.106983,0.680405,-1.411073,23,23,24,23,23,24,23,23,24,23,23,24
1791408676.098120,-0.024290,0.688404,-1.402859,0.020081,0.691674,-1.481638,-0.000057,0.731635,-1.428513,0.106953,0.680436,-1.411073,23,23,24,23,23,24,23,23,24,23,23,24
1791408676.118106,-0.024260,0.688556,-1.402874,0.020081,0.691674,-1.481638,0.000003,0.731726,-1.428497,0.107044,0.680405,-1.411073,23,23,24,23,23,24,23,23,24,23,23,24
1791408676.138129,-0.024229,0.688525,-1.402890,0.020081,0.691674,-1.481638,-0.000027,0.731696,-1.428529,0.107044,0.680436,-1.411073,23,23,24,23,23,24,23,23,24,23,23,24
1791408676.158408,-0.024260,0.688556,-1.402874,0.020112,0.691674,-1.481654,0.000003,0.731756,-1.428529,0.107074,0.680436,-1.411073,23,23,24,23,23,24,23,23,24,23,23,24
1791408676.178324,-0.024260,0.688556,-1.402874,0.020112,0.691735,-1.481638,0.000003,0.731786,-1.428513,0.107074,0.680436,-1.411073,23,23,24,23,23,24,23,23,24,23,23,24
1791408676.198117,-0.024260,0.688525,-1.402890,0.020112,0.691765,-1.481638,-0.000088,0.731726,-1.428513,0.107013,0.680496,-1.411057,23,23,24,23,23,24,23,23,24,23,23,24
1791408676.218166,-0.024260,0.688525,-1.402859,0.020081,0.691826,-1.481638,-0.000057,0.731726,-1.428513,0.107044,0.680557,-1.411073,23,23,24,23,23,24,23,23,24,23,23,24
1791408676.238067,-0.024229,0.688495,-1.402874,0.020081,0.691795,-1.481638,-0.000088,0.731726,-1.428529,0.107013,0.680527,-1.411057,23,23,24,23,23,24,23,23,24,23,23,24
1791408676.258162,-0.024290,0.688556,-1.402874,0.020081,0.691765,-1.481654,-0.000057,0.731726,-1.428529,0.107013,0.680496,-1.411073,23,23,24,23,23,24,23,23,24,23,23,24
1791408676.278240,-0.024260,0.688465,-1.402859,0.020081,0.691795,-1.481638,-0.000088,0.731696,-1.428545,0.107013,0.680496,-1.411089,23,23,24,23,23,24,23,23,24,23,23,24
1791408676.297973,-0.024320,0.688495,-1.402874,0.020081,0.691795,-1.481654,-0.000057,0.731756,-1.428513,0.107044,0.680466,-1.411105,23,23,24,23,23,24,23,23,24,23,23,24
1791408676.318179,-0.024290,0.688465,-1.402874,0.020051,0.691826,-1.481654,-0.000088,0.731756,-1.428513,0.106983,0.680466,-1.411073,23,23,24,23,23,24,23,23,24,23,23,24
1791408676.338276,-0.024290,0.688525,-1.402874,0.020081,0.691795,-1.481654,-0.000118,0.731726,-1.428513,0.107013,0.680527,-1.411073,23,23,24,23,23,24,23,23,24,23,23,24
1791408676.358062,-0.024260,0.688556,-1.402874,0.020081,0.691826,-1.481654,-0.000088,0.731756,-1.428529,0.106983,0.680557,-1.411057,23,23,24,23,23,24,23,23,24,23,23,24
1791408676.378305,-0.024260,0.688525,-1.402890,0.020112,0.691856,-1.481638,-0.000088,0.731756,-1.428529,0.106983,0.680587,-1.411057,23,23,24,23,23,24,23,23,24,23,23,24
1791408676.397924,-0.024260,0.688556,-1.402890,0.020112,0.691856,-1.481654,-0.000118,0.731726,-1.428513,0.107013,0.680527,-1.411073,23,23,24,23,23,24,23,23,24,23,23,24
1791408676.418050,-0.024260,0.688556,-1.402890,0.020112,0.691856,-1.481638,-0.000088,0.731756,-1.428529,0.106983,0.680587,-1.411073,23,23,24,23,23,24,23,23,24,23,23,24
1791408676.438255,-0.024320,0.688556,-1.402874,0.020112,0.691856,-1.481638,-0.000118,0.731756,-1.428529,0.107013,0.680557,-1.411057,23,23,24,23,23,24,23,23,24,23,23,24
1791408676.458044,-0.024260,0.688556,-1.402859,0.020081,0.691826,-1.481638,-0.000057,0.731756,-1.428513,0.107044,0.680557,-1.411057,23,23,24,23,23,24,23,23,24,23,23,24
1791408676.478048,-0.024290,0.688525,-1.402859,0.020081,0.691856,-1.481638,-0.000057,0.731756,-1.428529,0.107013,0.680527,-1.411073,23,23,24,23,23,24,23,23,24,23,23,24
1791408676.498055,-0.024260,0.688525,-1.402890,0.020051,0.691826,-1.481638,-0.000148,0.731756,-1.428529,0.106983,0.680527,-1.411073,23,23,24,23,23,24,23,23,24,23,23,24
1791408676.518031,-0.024260,0.688525,-1.402859,0.020081,0.691886,-1.481638,-0.000088,0.731756,-1.428529,0.107013,0.680527,-1.411073,23,23,24,23,23,24,23,23,24,23,23,24
1791408676.538279,-0.024290,0.688556,-1.402874,0.020081,0.691826,-1.481638,-0.000088,0.731756,-1.428529,0.107013,0.680557,-1.411057,23,23,24,23,23,24,23,23,24,23,23,24
1791408676.558330,-0.024290,0.688586,-1.402859,0.020051,0.691826,-1.481654,-0.000088,0.731786,-1.428529,0.107044,0.680527,-1.411073,23,23,24,23,23,24,23,23,24,23,23,24
1791408676.578086,-0.024260,0.688586,-1.402874,0.020081,0.691886,-1.481638,-0.000088,0.731786,-1.428513,0.107044,0.680527,-1.411057,23,23,24,23,23,24,23,23,24,23,23,24
1791408676.598104,-0.024260,0.688646,-1.402874,0.020081,0.691856,-1.481654,0.000003,0.731847,-1.428513,0.107074,0.680587,-1.411073,23,23,24,23,23,24,23,23,24,23,23,24
1791408676.618075,-0.024260,0.688677,-1.402874,0.020081,0.691886,-1.481638,-0.000027,0.731877,-1.428513,0.107013,0.680617,-1.411073,23,23,24,23,23,24,23,23,24,23,23,24
1791408676.638058,-0.024260,0.688646,-1.402890,0.020112,0.691856,-1.481638,-0.000057,0.731847,-1.428513,0.107074,0.680617,-1.411057,23,23,24,23,23,24,23,23,24,23,23,24
1791408676.658330,-0.024229,0.688616,-1.402874,0.020112,0.691916,-1.481654,-0.000057,0.731817,-1.428529,0.107044,0.680617,-1.411073,23,23,24,23,23,24,23,23,24,23,23,24
1791408676.677924,-0.024260,0.688586,-1.402890,0.020112,0.691826,-1.481638,-0.000027,0.731817,-1.428513,0.107044,0.680617,-1.411073,23,23,24,23,23,24,23,23,24,23,23,24
1791408676.698155,-0.024290,0.688616,-1.402859,0.020081,0.691886,-1.481638,-0.000057,0.731847,-1.428513,0.107044,0.680557,-1.411073,23,23,24,23,23,24,23,23,24,23,23,24
1791408676.718045,-0.024290,0.688586,-1.402874,0.020051,0.691856,-1.481670,-0.000118,0.731786,-1.428529,0.107074,0.680557,-1.411057,23,23,24,23,23,24,23,23,24,23,23,24
1791408676.738249,-0.024290,0.688586,-1.402874,0.020081,0.691856,-1.481638,-0.000148,0.731817,-1.428513,0.107074,0.680557,-1.411073,23,23,24,23,23,24,23,23,24,23,23,24
1791408676.758179,-0.024290,0.688586,-1.402874,0.020081,0.691826,-1.481638,-0.000057,0.731847,-1.428529,0.107044,0.680527,-1.411073,23,23,24,23,23,24,23,23,24,23,23,24
1791408676.778073,-0.024290,0.688616,-1.402874,0.020081,0.691856,-1.481654,-0.000027,0.731847,-1.428529,0.107074,0.680557,-1.411073,23,23,24,23,23,24,23,23,24,23,23,24
1791408676.798325,-0.024290,0.688586,-1.402874,0.020081,0.691916,-1.481654,-0.000148,0.731817,-1.428529,0.106983,0.680617,-1.411073,23,23,24,23,23,24,23,23,24,23,23,24
1791408676.818334,-0.024290,0.688646,-1.402874,0.020081,0.691886,-1.481638,-0.000027,0.731847,-1.428513,0.107044,0.680617,-1.411073,23,23,24,23,23,24,23,23,24,23,23,24
1791408676.838404,-0.024260,0.688707,-1.402874,0.020112,0.691916,-1.481638,0.000003,0.731908,-1.428513,0.107044,0.680587,-1.411073,23,23,24,23,23,24,23,23,24,23,23,24
1791408676.858450,-0.024229,0.688707,-1.402890,0.020142,0.691977,-1.481654,-0.000057,0.731908,-1.428513,0.107013,0.680678,-1.411089,23,23,24,23,23,24,23,23,24,23,23,24
1791408676.878272,-0.024260,0.688677,-1.402890,0.020142,0.691947,-1.481654,-0.000057,0.731877,-1.428513,0.107044,0.680678,-1.411073,23,23,24,23,23,24,23,23,24,23,23,24
1791408676.898400,-0.024260,0.688677,-1.402859,0.020112,0.691977,-1.481638,-0.000027,0.731847,-1.428513,0.107013,0.680678,-1.411073,23,23,24,23,23,24,23,23,24,23,23,24
1791408676.918122,-0.024260,0.688677,-1.402874,0.020081,0.691947,-1.481638,-0.000057,0.731877,-1.428545,0.107044,0.680648,-1.411073,23,23,24,23,23,24,23,23,24,23,23,24
1791408676.937964,-0.024290,0.688677,-1.402859,0.020081,0.691977,-1.481654,-0.000148,0.731847,-1.428513,0.107013,0.680678,-1.411105,23,23,24,23,23,24,23,23,24,23,23,24
1791408676.958220,-0.024320,0.688677,-1.402859,0.020081,0.691977,-1.481638,-0.000118,0.731847,-1.428497,0.106983,0.680648,-1.411073,23,23,24,23,23,24,23,23,24,23,23,24
1791408676.978312,-0.024290,0.688646,-1.402890,0.020081,0.691947,-1.481654,-0.000088,0.731877,-1.428513,0.107044,0.680648,-1.411089,23,23,24,23,23,24,23,23,24,23,23,24
1791408676.998145,-0.024290,0.688707,-1.402859,0.020081,0.691977,-1.481654,-0.000088,0.731847,-1.428497,0.107013,0.680678,-1.411073,23,23,24,23,23,24,23,23,24,23,23,24
1791408677.018177,-0.024260,0.688677,-1.402874,0.020081,0.691977,-1.481622,0.000003,0.731877,-1.428513,0.107044,0.680648,-1.411073,23,23,24,23,23,24,23,23,24,23,23,24
1791408677.038176,-0.024260,0.688707,-1.402890,0.020081,0.691977,-1.481638,0.000003,0.731938,-1.428513,0.107044,0.680678,-1.411057,23,23,24,23,23,24,23,23,24,23,23,24
1791408677.058399,-0.024260,0.688737,-1.402890,0.020112,0.691977,-1.481638,-0.000088,0.731938,-1.428529,0.107044,0.680708,-1.411073,23,23,24,23,23,24,23,23,24,23,23,24
1791408677.078484,-0.024260,0.688677,-1.402890,0.020081,0.692007,-1.481622,-0.000057,0.731877,-1.428545,0.107013,0.680708,-1.411073,23,23,24,23,23,24,23,23,24,23,23,24
1791408677.098010,-0.024260,0.688707,-1.402874,0.020112,0.691947,-1.481654,-0.000027,0.731877,-1.428529,0.107044,0.680678,-1.411073,23,23,24,23,23,24,23,23,24,23,23,24
1791408677.118074,-0.024260,0.688646,-1.402874,0.020142,0.692007,-1.481638,-0.000088,0.731847,-1.428545,0.107044,0.680708,-1.411073,23,23,24,23,23,24,23,23,24,23,23,24
1791408677.138230,-0.024260,0.688646,-1.402890,0.020081,0.691977,-1.481654,-0.000057,0.731877,-1.428529,0.107074,0.680708,-1.411073,23,23,24,23,23,24,23,23,24,23,23,24
1791408677.158137,-0.024260,0.688677,-1.402859,0.020081,0.691977,-1.481638,-0.000088,0.731877,-1.428529,0.107013,0.680678,-1.411073,23,23,24,23,23,24,23,23,24,23,23,24
1791408677.178404,-0.024260,0.688646,-1.402874,0.020112,0.692007,-1.481638,-0.000057,0.731877,-1.428529,0.107044,0.680678,-1.411073,23,23,24,23,23,24,23,23,24,23,23,24
1791408677.198123,-0.024320,0.688646,-1.402874,0.020081,0.691977,-1.481638,-0.000088,0.731877,-1.428513,0.107044,0.680648,-1.411073,23,23,24,23,23,24,23,23,24,23,23,24
1791408677.218066,-0.024290,0.688677,-1.402890,0.020081,0.691977,-1.481638,-0.000057,0.731877,-1.428513,0.107013,0.680648,-1.411073,23,23,24,23,23,24,23,23,24,23,23,24
1791408677.238231,-0.024229,0.688677,-1.402859,0.020051,0.692038,-1.481654,-0.000118,0.731908,-1.428529,0.106983,0.680678,-1.411073,23,23,24,23,23,24,23,23,24,23,23,24
1791408677.258017,-0.024290,0.688768,-1.402874,0.020051,0.692038,-1.481670,0.000003,0.731938,-1.428513,0.107074,0.680708,-1.411057,23,23,24,23,23,24,23,23,24,23,23,24
1791408677.278121,-0.024260,0.688798,-1.402874,0.020112,0.692038,-1.481638,-0.000027,0.731968,-1.428529,0.107104,0.680708,-1.411073,23,23,24,23,23,24,23,23,24,23,23,24
1791408677.298419,-0.024260,0.688828,-1.402890,0.020112,0.692068,-1.481638,0.000033,0.731998,-1.428513,0.107044,0.680739,-1.411073,23,23,24,23,23,24,23,23,24,23,23,24
1791408677.318192,-0.024290,0.688828,-1.402890,0.020081,0.692159,-1.481638,-0.000027,0.732029,-1.428513,0.107013,0.680829,-1.411073,23,23,24,23,23,24,23,23,24,23,23,24
1791408677.338109,-0.024260,0.688768,-1.402874,0.020142,0.692159,-1.481670,0.000003,0.732029,-1.428529,0.107074,0.680769,-1.411073,23,23,24,23,23,24,23,23,24,23,23,24
1791408677.358390,-0.024260,0.688768,-1.402874,0.020112,0.692159,-1.481638,-0.000057,0.731968,-1.428529,0.107044,0.680829,-1.411073,23,23,24,23,23,24,23,23,24,23,23,24
1791408677.378270,-0.024260,0.688798,-1.402874,0.020112,0.692159,-1.481654,-0.000057,0.731968,-1.428545,0.107044,0.680829,-1.411089,23,23,24,23,23,24,23,23,24,23,23,24
1791408677.398119,-0.024290,0.688737,-1.402874,0.020081,0.692128,-1.481638,-0.000088,0.731968,-1.428513,0.107013,0.680799,-1.411089,23,23,24,23,23,24,23,23,24,23,23,24
1791408677.418259,-0.024260,0.688737,-1.402874,0.020081,0.692159,-1.481638,-0.000088,0.731968,-1.428529,0.107044,0.680739,-1.411089,23,23,24,23,23,24,23,23,24,23,23,24
1791408677.438116,-0.024260,0.688737,-1.402890,0.020081,0.692159,-1.481638,-0.000118,0.731968,-1.428529,0.107013,0.680769,-1.411073,23,23,24,23,23,24,23,23,24,23,23,24
1791408677.458560,-0.024290,0.688768,-1.402890,0.020081,0.692128,-1.481622,-0.000057,0.731968,-1.428513,0.107044,0.680739,-1.411057,23,23,24,23,23,24,23,23,24,23,23,24
1791408677.478286,-0.024290,0.688768,-1.402874,0.020081,0.692159,-1.481654,-0.000088,0.731998,-1.428529,0.107013,0.680799,-1.411073,23,23,24,23,23,24,23,23,24,23,23,24
1791408677.498353,-0.024260,0.688798,-1.402874,0.020081,0.692159,-1.481622,-0.000118,0.731968,-1.428529,0.106983,0.680829,-1.411089,23,23,24,23,23,24,23,23,24,23,23,24
1791408677.518146,-0.024260,0.688828,-1.402874,0.020112,0.692189,-1.481638,-0.000057,0.731968,-1.428513,0.107013,0.680860,-1.411057,23,23,24,23,23,24,23,23,24,23,23,24
1791408677.538150,-0.024260,0.688858,-1.402874,0.020112,0.692159,-1.481638,-0.000118,0.731998,-1.428513,0.107044,0.680860,-1.411073,23,23,24,23,23,24,23,23,24,23,23,24
1791408677.558561,-0.024260,0.688828,-1.402874,0.020081,0.692159,-1.481638,-0.000057,0.731968,-1.428529,0.107013,0.680890,-1.411073,23,23,24,23,23,24,23,23,24,23,23,24
1791408677.578154,-0.024229,0.688798,-1.402890,0.020081,0.692189,-1.481654,-0.000057,0.731998,-1.428529,0.107074,0.680890,-1.411073,23,23,24,23,23,24,23,23,24,23,23,24
1791408677.598289,-0.024260,0.688828,-1.402890,0.020081,0.692189,-1.481654,-0.000148,0.731968,-1.428513,0.106983,0.680829,-1.411073,23,23,24,23,23,24,23,23,24,23,23,24
1791408677.618171,-0.024290,0.688798,-1.402874,0.020112,0.692219,-1.481638,-0.000118,0.731938,-1.428529,0.107013,0.680860,-1.411073,23,23,24,23,23,24,23,23,24,23,23,24
1791408677.638123,-0.024260,0.688768,-1.402859,0.020112,0.692219,-1.481638,-0.000118,0.731968,-1.428529,0.107013,0.680860,-1.411073,23,23,24,23,23,24,23,23,24,23,23,24
1791408677.658382,-0.024290,0.688768,-1.402859,0.020081,0.692189,-1.481638,-0.000148,0.731968,-1.428513,0.107044,0.680860,-1.411073,23,23,24,23,23,24,23,23,24,23,23,24
1791408677.678013,-0.024260,0.688768,-1.402874,0.020112,0.692189,-1.481638,-0.000088,0.731938,-1.428529,0.107044,0.680860,-1.411073,23,23,24,23,23,24,23,23,24,23,23,24
1791408677.698425,-0.024260,0.688798,-1.402874,0.020142,0.692189,-1.481638,-0.000088,0.731998,-1.428529,0.107013,0.680860,-1.411073,23,23,24,23,23,24,23,23,24,23,23,24
1791408677.718134,-0.024260,0.688798,-1.402890,0.020112,0.692219,-1.481654,-0.000088,0.731998,-1.428529,0.107044,0.680890,-1.411073,23,23,24,23,23,24,23,23,24,23,23,24
1791408677.738084,-0.024260,0.688889,-1.402859,0.020142,0.692249,-1.481654,0.000064,0.732029,-1.428529,0.107074,0.680890,-1.411089,23,23,24,23,23,24,23,23,24,23,23,24
1791408677.758083,-0.024260,0.688889,-1.402859,0.020112,0.692249,-1.481638,0.000033,0.732059,-1.428529,0.107044,0.680920,-1.411073,23,23,24,23,23,24,23,23,24,23,23,24
1791408677.778340,-0.024260,0.688858,-1.402859,0.020081,0.692280,-1.481638,-0.000088,0.732059,-1.428513,0.106983,0.680951,-1.411073,23,23,24,23,23,24,23,23,24,23,23,24
1791408677.798271,-0.024290,0.688889,-1.402859,0.020112,0.692280,-1.481638,-0.000027,0.732029,-1.428513,0.107044,0.680920,-1.411105,23,23,24,23,23,24,23,23,24,23,23,24
1791408677.818401,-0.024260,0.688889,-1.402874,0.020081,0.692249,-1.481638,-0.000057,0.731998,-1.428497,0.107013,0.680920,-1.411073,23,23,24,23,23,24,23,23,24,23,23,24
1791408677.838176,-0.024290,0.688858,-1.402874,0.020112,0.692249,-1.481654,-0.000088,0.732029,-1.428529,0.106983,0.680890,-1.411073,23,23,24,23,23,24,23,23,24,23,23,24
1791408677.858267,-0.024260,0.688858,-1.402874,0.020081,0.692310,-1.481638,-0.000118,0.731998,-1.428529,0.106983,0.680920,-1.411073,23,23,24,23,23,24,23,23,24,23,23,24
1791408677.878292,-0.024260,0.688858,-1.402874,0.020081,0.692249,-1.481654,-0.000118,0.732029,-1.428529,0.106983,0.680920,-1.411089,23,23,24,23,23,24,23,23,24,23,23,24
1791408677.898263,-0.024260,0.688828,-1.402874,0.020081,0.692249,-1.481654,-0.000088,0.732029,-1.428513,0.107044,0.680920,-1.411073,23,23,24,23,23,24,23,23,24,23,23,24
1791408677.918195,-0.024320,0.688889,-1.402874,0.020081,0.692249,-1.481638,0.000003,0.732089,-1.428529,0.107013,0.680890,-1.411073,23,23,24,23,23,24,23,23,24,23,23,24
1791408677.938283,-0.024290,0.688858,-1.402874,0.020081,0.692249,-1.481654,-0.000057,0.732059,-1.428513,0.106983,0.680920,-1.411089,23,23,24,23,23,24,23,23,24,23,23,24
1791408677.958417,-0.024290,0.688889,-1.402874,0.020112,0.692249,-1.481638,-0.000088,0.732029,-1.428529,0.106983,0.680981,-1.411073,23,23,24,23,23,24,23,23,24,23,23,24
1791408677.978139,-0.024290,0.688919,-1.402859,0.020112,0.692280,-1.481670,0.000003,0.732089,-1.428529,0.107013,0.680951,-1.411073,23,23,24,23,23,24,23,23,24,23,23,24
1791408677.998300,-0.024260,0.688919,-1.402859,0.020142,0.692340,-1.481654,-0.000057,0.732089,-1.428513,0.107044,0.681011,-1.411073,23,23,24,23,23,24,23,23,24,23,23,24
1791408678.018423,-0.024260,0.688949,-1.402874,0.020112,0.692340,-1.481654,-0.000057,0.732120,-1.428513,0.107044,0.681072,-1.411073,23,23,24,23,23,24,23,23,24,23,23,24
1791408678.038246,-0.024260,0.688949,-1.402890,0.020081,0.692340,-1.481638,-0.000057,0.732059,-1.428545,0.106983,0.681041,-1.411073,23,23,24,23,23,24,23,23,24,23,23,24
1791408678.058327,-0.024260,0.688889,-1.402874,0.020081,0.692340,-1.481638,-0.000118,0.732059,-1.428545,0.107013,0.681011,-1.411120,23,23,24,23,23,24,23,23,24,23,23,24
1791408678.078183,-0.024260,0.688858,-1.402890,0.020081,0.692340,-1.481638,-0.000148,0.732059,-1.428529,0.106983,0.681011,-1.411089,23,23,24,23,23,24,23,23,24,23,23,24
1791408678.098061,-0.024260,0.688858,-1.402890,0.020051,0.692340,-1.481638,-0.000118,0.732089,-1.428529,0.106953,0.680981,-1.411105,23,23,24,23,23,24,23,23,24,23,23,24
1791408678.118240,-0.024290,0.688889,-1.402874,0.020081,0.692340,-1.481654,-0.000118,0.732059,-1.428529,0.106953,0.681011,-1.411073,23,23,24,23,23,24,23,23,24,23,23,24
1791408678.138265,-0.024290,0.688828,-1.402874,0.020081,0.692340,-1.481670,-0.000088,0.732059,-1.428513,0.106983,0.680981,-1.411073,23,23,24,23,23,24,23,23,24,23,23,24
1791408678.158075,-0.024229,0.688889,-1.402890,0.020081,0.692340,-1.481654,-0.000057,0.732089,-1.428529,0.106983,0.681041,-1.411073,23,23,24,23,23,24,23,23,24,23,23,24
1791408678.178252,-0.024290,0.688949,-1.402874,0.020081,0.692340,-1.481638,-0.000027,0.732120,-1.428529,0.107044,0.681011,-1.411073,23,23,24,23,23,24,23,23,24,23,23,24
1791408678.198359,-0.024260,0.689010,-1.402859,0.020081,0.692340,-1.481654,-0.000088,0.732089,-1.428529,0.107044,0.681072,-1.411073,23,23,24,23,23,24,23,23,24,23,23,24
1791408678.218110,-0.024290,0.688980,-1.402874,0.020112,0.692340,-1.481638,-0.000057,0.732120,-1.428529,0.106983,0.681072,-1.411073,23,23,24,23,23,24,23,23,24,23,23,24
1791408678.238284,-0.024260,0.688980,-1.402859,0.020081,0.692371,-1.481638,-0.000088,0.732150,-1.428529,0.107013,0.681041,-1.411057,23,23,24,23,23,24,23,23,24,23,23,24
1791408678.258262,-0.024260,0.688949,-1.402890,0.020081,0.692401,-1.481638,-0.000027,0.732089,-1.428529,0.106983,0.681102,-1.411073,23,23,24,23,23,24,23,23,24,23,23,24
1791408678.278232,-0.024260,0.688949,-1.402890,0.020112,0.692340,-1.481654,-0.000027,0.732089,-1.428529,0.107013,0.681072,-1.411073,23,23,24,23,23,24,23,23,24,23,23,24
1791408678.298232,-0.024290,0.688889,-1.402874,0.020112,0.692371,-1.481638,-0.000088,0.732089,-1.428529,0.107074,0.681011,-1.411073,23,23,24,23,23,24,23,23,24,23,23,24
1791408678.318120,-0.024260,0.688919,-1.402890,0.020081,0.692340,-1.481638,-0.000118,0.732089,-1.428529,0.107013,0.681041,-1.411089,23,23,24,23,23,24,23,23,24,23,23,24
1791408678.338478,-0.024290,0.688889,-1.402874,0.020051,0.692340,-1.481638,-0.000088,0.732089,-1.428545,0.106983,0.681011,-1.411073,23,23,24,23,23,24,23,23,24,23,23,24
1791408678.358391,-0.024290,0.688919,-1.402874,0.020051,0.692340,-1.481654,-0.000027,0.732120,-1.428529,0.106983,0.681011,-1.411089,23,23,24,23,23,24,23,23,24,23,23,24
1791408678.378500,-0.024260,0.688949,-1.402874,0.020081,0.692310,-1.481670,-0.000057,0.732120,-1.428513,0.107013,0.681041,-1.411073,23,23,24,23,23,24,23,23,24,23,23,24
1791408678.398248,-0.024290,0.688949,-1.402874,0.020081,0.692340,-1.481638,-0.000057,0.732150,-1.428529,0.107044,0.681041,-1.411089,23,23,24,23,23,24,23,23,24,23,23,24
1791408678.418579,-0.024290,0.688980,-1.402874,0.020081,0.692340,-1.481638,-0.000118,0.732150,-1.428529,0.107013,0.681072,-1.411073,23,23,24,23,23,24,23,23,24,23,23,24
1791408678.438115,-0.024260,0.689040,-1.402890,0.020112,0.692371,-1.481654,-0.000057,0.732150,-1.428529,0.107013,0.681072,-1.411073,23,23,24,23,23,24,23,23,24,23,23,24
1791408678.458243,-0.024229,0.689010,-1.402874,0.020112,0.692401,-1.481654,-0.000057,0.732120,-1.428529,0.107013,0.681102,-1.411057,23,23,24,23,23,24,23,23,24,23,23,24
1791408678.478571,-0.024260,0.689010,-1.402874,0.020112,0.692340,-1.481654,-0.000118,0.732089,-1.428513,0.106983,0.681132,-1.411057,23,23,24,23,23,24,23,23,24,23,23,24
1791408678.498166,-0.024229,0.688949,-1.402890,0.020112,0.692401,-1.481638,-0.000057,0.732089,-1.428545,0.106983,0.681102,-1.411073,23,23,24,23,23,24,23,23,24,23,23,24
1791408678.518178,-0.024260,0.688949,-1.402859,0.020081,0.692371,-1.481638,-0.000118,0.732089,-1.428529,0.107013,0.681072,-1.411089,23,23,24,23,23,24,23,23,24,23,23,24
1791408678.538160,-0.024290,0.688889,-1.402874,0.020081,0.692340,-1.481638,-0.000088,0.732120,-1.428513,0.106983,0.681072,-1.411120,23,23,24,23,23,24,23,23,24,23,23,24
1791408678.558408,-0.024290,0.688949,-1.402859,0.020081,0.692340,-1.481654,-0.000057,0.732120,-1.428513,0.106983,0.681041,-1.411073,23,23,24,23,23,24,23,23,24,23,23,24
1791408678.578242,-0.024290,0.688919,-1.402890,0.020081,0.692310,-1.481638,-0.000118,0.732120,-1.428529,0.107013,0.681011,-1.411105,23,23,24,23,23,24,23,23,24,23,23,24
1791408678.598278,-0.024290,0.688919,-1.402874,0.020112,0.692340,-1.481638,-0.000118,0.732120,-1.428529,0.106983,0.681072,-1.411073,23,23,24,23,23,24,23,23,24,23,23,24
1791408678.618221,-0.024290,0.689010,-1.402874,0.020081,0.692371,-1.481638,-0.000057,0.732120,-1.428529,0.107044,0.681041,-1.411089,23,23,24,23,23,24,23,23,24,23,23,24
1791408678.638223,-0.024260,0.689010,-1.402859,0.020081,0.692340,-1.481638,-0.000088,0.732120,-1.428513,0.107013,0.681072,-1.411105,23,23,24,23,23,24,23,23,24,23,23,24
1791408678.658176,-0.024260,0.689010,-1.402859,0.020081,0.692401,-1.481638,-0.000027,0.732180,-1.428529,0.107013,0.681102,-1.411057,23,23,24,23,23,24,23,23,24,23,23,24
1791408678.678230,-0.024290,0.689010,-1.402890,0.020112,0.692431,-1.481654,-0.000057,0.732150,-1.428529,0.107013,0.681132,-1.411057,23,23,24,23,23,24,23,23,24,23,23,24
1791408678.698339,-0.024260,0.689010,-1.402874,0.020112,0.692401,-1.481654,-0.000057,0.732180,-1.428529,0.107013,0.681132,-1.411073,23,23,24,23,23,24,23,23,24,23,23,24
1791408678.718429,-0.024229,0.689010,-1.402874,0.020081,0.692431,-1.481654,0.000003,0.732150,-1.428513,0.107013,0.681102,-1.411073,23,23,24,23,23,24,23,23,24,23,23,24
1791408678.738216,-0.024260,0.689010,-1.402859,0.020112,0.692431,-1.481638,-0.000027,0.732150,-1.428529,0.107013,0.681102,-1.411073,23,23,24,23,23,24,23,23,24,23,23,24
1791408678.758308,-0.024260,0.688949,-1.402874,0.020112,0.692401,-1.481654,-0.000118,0.732150,-1.428560,0.107013,0.681102,-1.411073,23,23,24,23,23,24,23,23,24,23,23,24
1791408678.778264,-0.024290,0.688980,-1.402874,0.020081,0.692401,-1.481638,-0.000118,0.732180,-1.428529,0.106983,0.681102,-1.411089,23,23,24,23,23,24,23,23,24,23,23,24
1791408678.798265,-0.024290,0.688949,-1.402874,0.020081,0.692401,-1.481654,-0.000088,0.732150,-1.428529,0.106983,0.681102,-1.411073,23,23,24,23,23,24,23,23,24,23,23,24
1791408678.818399,-0.024260,0.689010,-1.402859,0.020081,0.692401,-1.481654,-0.000057,0.732180,-1.428545,0.107044,0.681072,-1.411073,23,23,24,23,23,24,23,23,24,23,23,24
1791408678.838185,-0.024290,0.688980,-1.402874,0.020051,0.692431,-1.481654,-0.000057,0.732150,-1.428529,0.106953,0.681102,-1.411073,23,23,24,23,23,24,23,23,24,23,23,24
1791408678.858191,-0.024260,0.689010,-1.402874,0.020051,0.692431,-1.481638,-0.000027,0.732180,-1.428529,0.106983,0.681072,-1.411073,23,23,24,23,23,24,23,23,24,23,23,24
1791408678.878196,-0.024290,0.689040,-1.402874,0.020081,0.692431,-1.481654,-0.000027,0.732210,-1.428529,0.107044,0.681132,-1.411073,23,23,24,23,23,24,23,23,24,23,23,24
1791408678.898125,-0.024229,0.689040,-1.402890,0.020081,0.692461,-1.481654,-0.000027,0.732180,-1.428529,0.107044,0.681162,-1.411073,23,23,24,23,23,24,23,23,24,23,23,24
1791408678.918137,-0.024260,0.689040,-1.402874,0.020142,0.692461,-1.481654,-0.000057,0.732180,-1.428529,0.106983,0.681223,-1.411073,23,23,24,23,23,24,23,23,24,23,23,24
1791408678.938202,-0.024260,0.689040,-1.402874,0.020112,0.692461,-1.481654,-0.000027,0.732210,-1.428529,0.107013,0.681162,-1.411073,23,23,24,23,23,24,23,23,24,23,23,24
1791408678.958510,-0.024229,0.689040,-1.402874,0.020081,0.692461,-1.481638,-0.000027,0.732180,-1.428529,0.107044,0.681162,-1.411073,23,23,24,23,23,24,23,23,24,23,23,24
1791408678.978192,-0.024260,0.689010,-1.402874,0.020112,0.692431,-1.481670,-0.000118,0.732150,-1.428529,0.107013,0.681162,-1.411073,23,23,24,23,23,24,23,23,24,23,23,24
1791408678.998200,-0.024260,0.688980,-1.402874,0.020081,0.692461,-1.481654,-0.000148,0.732120,-1.428560,0.107013,0.681132,-1.411073,23,23,24,23,23,24,23,23,24,23,23,24
1791408679.018005,-0.024320,0.688980,-1.402874,0.020081,0.692461,-1.481638,-0.000057,0.732150,-1.428529,0.107044,0.681132,-1.411073,23,23,24,23,23,24,23,23,24,23,23,24
1791408679.038245,-0.024260,0.689010,-1.402874,0.020112,0.692431,-1.481638,-0.000057,0.732150,-1.428497,0.107013,0.681132,-1.411089,23,23,24,23,23,24,23,23,24,23,23,24
1791408679.058207,-0.024290,0.689010,-1.402874,0.020081,0.692461,-1.481654,-0.000118,0.732180,-1.428529,0.106983,0.681132,-1.411073,23,23,24,23,23,24,23,23,24,23,23,24
1791408679.078233,-0.024260,0.689040,-1.402874,0.020051,0.692431,-1.481638,-0.000088,0.732180,-1.428529,0.106983,0.681132,-1.411073,23,23,24,23,23,24,23,23,24,23,23,24
1791408679.098248,-0.024320,0.689040,-1.402890,0.020081,0.692431,-1.481654,-0.000027,0.732241,-1.428529,0.107013,0.681132,-1.411057,23,23,24,23,23,24,23,23,24,23,23,24
1791408679.118224,-0.024260,0.689070,-1.402906,0.020112,0.692461,-1.481670,-0.000027,0.732241,-1.428529,0.107013,0.681223,-1.411089,23,23,24,23,23,24,23,23,24,23,23,24
1791408679.138159,-0.024260,0.689040,-1.402890,0.020142,0.692522,-1.481638,-0.000088,0.732241,-1.428529,0.107044,0.681253,-1.411073,23,23,24,23,23,24,23,23,24,23,23,24
1791408679.158250,-0.024290,0.689101,-1.402890,0.020112,0.692492,-1.481638,-0.000088,0.732241,-1.428545,0.106983,0.681253,-1.411057,23,23,24,23,23,24,23,23,24,23,23,24
1791408679.178345,-0.024260,0.689070,-1.402874,0.020112,0.692492,-1.481638,-0.000057,0.732210,-1.428529,0.106983,0.681253,-1.411073,23,23,24,23,23,24,23,23,24,23,23,24
1791408679.198032,-0.024229,0.689070,-1.402859,0.020112,0.692492,-1.481654,-0.000057,0.732271,-1.428529,0.106983,0.681253,-1.411089,23,23,24,23,23,24,23,23,24,23,23,24
1791408679.218240,-0.024260,0.689040,-1.402890,0.020142,0.692492,-1.481638,-0.000057,0.732210,-1.428545,0.107013,0.681223,-1.411073,23,23,24,23,23,24,23,23,24,23,23,24
1791408679.238122,-0.024290,0.689040,-1.402874,0.020081,0.692461,-1.481654,-0.000088,0.732210,-1.428529,0.106983,0.681193,-1.411073,23,23,24,23,23,24,23,23,24,23,23,24
1791408679.258175,-0.024260,0.689040,-1.402874,0.020081,0.692492,-1.481654,-0.000088,0.732210,-1.428513,0.107044,0.681193,-1.411073,23,23,24,23,23,24,23,23,24,23,23,24
1791408679.278066,-0.024320,0.689040,-1.402874,0.020081,0.692492,-1.481638,-0.000118,0.732210,-1.428529,0.106983,0.681162,-1.411089,23,23,24,23,23,24,23,23,24,23,23,24
1791408679.298298,-0.024290,0.689040,-1.402874,0.020081,0.692461,-1.481638,-0.000118,0.732210,-1.428529,0.106983,0.681223,-1.411073,23,23,24,23,23,24,23,23,24,23,23,24
1791408679.318091,-0.024290,0.689040,-1.402874,0.020081,0.692492,-1.481638,-0.000088,0.732241,-1.428529,0.106983,0.681223,-1.411057,23,23,24,23,23,24,23,23,24,23,23,24
1791408679.338222,-0.024260,0.689101,-1.402890,0.020081,0.692522,-1.481638,-0.000088,0.732241,-1.428545,0.106983,0.681253,-1.411073,23,23,24,23,23,24,23,23,24,23,23,24
1791408679.358292,-0.024260,0.689040,-1.402874,0.020112,0.692522,-1.481638,-0.000088,0.732210,-1.428529,0.107013,0.681253,-1.411073,23,23,24,23,23,24,23,23,24,23,23,24
1791408679.378323,-0.024260,0.689101,-1.402874,0.020112,0.692492,-1.481638,-0.000118,0.732210,-1.428545,0.106983,0.681253,-1.411073,23,23,24,23,23,24,23,23,24,23,23,24
1791408679.398379,-0.024260,0.689070,-1.402874,0.020142,0.692522,-1.481638,-0.000027,0.732271,-1.428529,0.107044,0.681253,-1.411073,23,23,24,23,23,24,23,23,24,23,23,24
1791408679.418162,-0.024260,0.689040,-1.402890,0.020081,0.692522,-1.481622,-0.000057,0.732210,-1.428545,0.107044,0.681223,-1.411089,23,23,24,23,23,24,23,23,24,23,23,24
1791408679.438114,-0.024260,0.689070,-1.402874,0.020112,0.692492,-1.481638,-0.000057,0.732210,-1.428513,0.107013,0.681223,-1.411073,23,23,24,23,23,24,23,23,24,23,23,24
1791408679.458193,-0.024260,0.689040,-1.402874,0.020081,0.692492,-1.481638,-0.000057,0.732180,-1.428529,0.107013,0.681193,-1.411073,23,23,24,23,23,24,23,23,24,23,23,24
1791408679.478434,-0.024260,0.689040,-1.402874,0.020081,0.692492,-1.481654,-0.000088,0.732180,-1.428529,0.106983,0.681223,-1.411073,23,23,24,23,23,24,23,23,24,23,23,24
1791408679.498004,-0.024290,0.689040,-1.402859,0.020081,0.692461,-1.481654,-0.000088,0.732210,-1.428513,0.107013,0.681162,-1.411089,23,23,24,23,23,24,23,23,24,23,23,24
1791408679.518414,-0.024260,0.689040,-1.402874,0.020081,0.692492,-1.481638,-0.000057,0.732241,-1.428529,0.107013,0.681132,-1.411057,23,23,24,23,23,24,23,23,24,23,23,24
1791408679.538275,-0.024260,0.689070,-1.402874,0.020081,0.692492,-1.481654,-0.000057,0.732210,-1.428513,0.107013,0.681223,-1.411089,23,23,24,23,23,24,23,23,24,23,23,24
1791408679.558273,-0.024260,0.689070,-1.402874,0.020051,0.692492,-1.481654,-0.000057,0.732180,-1.428529,0.107044,0.681223,-1.411073,23,23,24,23,23,24,23,23,24,23,23,24
1791408679.578249,-0.024260,0.689101,-1.402890,0.020081,0.692461,-1.481638,-0.000088,0.732210,-1.428545,0.106983,0.681253,-1.411089,23,23,24,23,23,24,23,23,24,23,23,24
1791408679.598200,-0.024260,0.689101,-1.402874,0.020081,0.692461,-1.481638,-0.000057,0.732241,-1.428529,0.107044,0.681253,-1.411057,23,23,24,23,23,24,23,23,24,23,23,24
1791408679.618305,-0.024260,0.689101,-1.402874,0.020142,0.692492,-1.481638,-0.000057,0.732210,-1.428529,0.106983,0.681253,-1.411057,23,23,24,23,23,24,23,23,24,23,23,24
1791408679.638235,-0.024290,0.689040,-1.402874,0.020081,0.692522,-1.481638,-0.000057,0.732210,-1.428529,0.107013,0.681223,-1.411057,23,23,24,23,23,24,23,23,24,23,23,24
1791408679.658209,-0.024290,0.689040,-1.402890,0.020081,0.692492,-1.481654,0.000033,0.732210,-1.428529,0.106983,0.681284,-1.411073,23,23,24,23,23,24,23,23,24,23,23,24
1791408679.678077,-0.024260,0.689040,-1.402874,0.020081,0.692492,-1.481654,0.000003,0.732180,-1.428513,0.107013,0.681193,-1.411089,23,23,24,23,23,24,23,23,24,23,23,24
1791408679.698413,-0.024290,0.689040,-1.402874,0.020081,0.692461,-1.481622,-0.000057,0.732210,-1.428513,0.106983,0.681253,-1.411089,23,23,24,23,23,24,23,23,24,23,23,24
1791408679.718210,-0.024290,0.689070,-1.402874,0.020112,0.692461,-1.481638,-0.000027,0.732210,-1.428529,0.106983,0.681223,-1.411089,23,23,24,23,23,24,23,23,24,23,23,24
1791408679.738244,-0.024290,0.689070,-1.402874,0.020112,0.692492,-1.481654,-0.000057,0.732271,-1.428529,0.107013,0.681223,-1.411073,23,23,24,23,23,24,23,23,24,23,23,24
1791408679.758350,-0.024290,0.689070,-1.402874,0.020081,0.692492,-1.481654,0.000003,0.732301,-1.428513,0.107044,0.681253,-1.411089,23,23,24,23,23,24,23,23,24,23,23,24
1791408679.778158,-0.024290,0.689131,-1.402874,0.020081,0.692522,-1.481654,-0.000027,0.732301,-1.428513,0.106983,0.681284,-1.411073,23,23,24,23,23,24,23,23,24,23,23,24
1791408679.798063,-0.024260,0.689101,-1.402890,0.020081,0.692522,-1.481638,-0.000027,0.732331,-1.428529,0.107013,0.681284,-1.411089,23,23,24,23,23,24,23,23,24,23,23,24
1791408679.818246,-0.024260,0.689161,-1.402890,0.020112,0.692522,-1.481638,0.000003,0.732331,-1.428529,0.107013,0.681314,-1.411089,23,23,24,23,23,24,23,23,24,23,23,24
1791408679.838212,-0.024260,0.689131,-1.402874,0.020112,0.692552,-1.481654,-0.000057,0.732331,-1.428529,0.107013,0.681284,-1.411073,23,23,24,23,23,24,23,23,24,23,23,24
1791408679.858374,-0.024290,0.689131,-1.402874,0.020142,0.692552,-1.481638,-0.000057,0.732301,-1.428529,0.107044,0.681314,-1.411073,23,23,24,23,23,24,23,23,24,23,23,24
1791408679.878222,-0.024290,0.689161,-1.402874,0.020081,0.692522,-1.481654,0.000003,0.732301,-1.428513,0.107013,0.681284,-1.411073,23,23,24,23,23,24,23,23,24,23,23,24
1791408679.898062,-0.024260,0.689101,-1.402874,0.020112,0.692552,-1.481638,-0.000088,0.732271,-1.428545,0.107013,0.681284,-1.411073,23,23,24,23,23,24,23,23,24,23,23,24
1791408679.918334,-0.024290,0.689070,-1.402874,0.020081,0.692522,-1.481654,-0.000118,0.732241,-1.428529,0.106953,0.681284,-1.411073,23,23,24,23,23,24,23,23,24,23,23,24
1791408679.938336,-0.024260,0.689070,-1.402890,0.020081,0.692492,-1.481638,-0.000088,0.732241,-1.428529,0.107013,0.681193,-1.411073,23,23,24,23,23,24,23,23,24,23,23,24
1791408679.958213,-0.024290,0.689101,-1.402874,0.020051,0.692492,-1.481638,-0.000027,0.732331,-1.428529,0.107013,0.681193,-1.411089,23,23,24,23,23,24,23,23,24,23,23,24
1791408679.978318,-0.024290,0.689101,-1.402874,0.020081,0.692492,-1.481654,-0.000027,0.732301,-1.428513,0.107013,0.681223,-1.411073,23,23,24,23,23,24,23,23,24,23,23,24
1791408679.998243,-0.024260,0.689131,-1.402874,0.020081,0.692522,-1.481638,-0.000027,0.732271,-1.428529,0.107013,0.681284,-1.411089,23,23,24,23,23,24,23,23,24,23,23,24
1791408680.018224,-0.024260,0.689161,-1.402874,0.020081,0.692522,-1.481654,0.000033,0.732301,-1.428513,0.107013,0.681253,-1.411073,23,23,24,23,23,24,23,23,24,23,23,24
1791408680.038044,-0.024229,0.689161,-1.402890,0.020051,0.692522,-1.481638,0.000003,0.732331,-1.428513,0.107013,0.681314,-1.411073,23,23,24,23,23,24,23,23,24,23,23,25
1791408680.058185,-0.024260,0.689161,-1.402874,0.020112,0.692522,-1.481622,-0.000088,0.732301,-1.428513,0.107013,0.681284,-1.411105,23,23,24,23,23,24,23,23,24,23,23,24
1791408680.078125,-0.024260,0.689131,-1.402874,0.020081,0.692552,-1.481638,0.000003,0.732331,-1.428545,0.107044,0.681284,-1.411089,23,23,24,23,23,24,23,23,24,23,23,24
1791408680.098253,-0.024260,0.689101,-1.402890,0.020081,0.692522,-1.481638,-0.000118,0.732271,-1.428529,0.107013,0.681314,-1.411089,23,23,24,23,23,24,23,23,24,23,23,24
1791408680.118142,-0.024260,0.689101,-1.402874,0.020081,0.692552,-1.481638,0.000003,0.732271,-1.428529,0.107044,0.681284,-1.411089,23,23,24,23,23,24,23,23,24,23,23,24
1791408680.138306,-0.024290,0.689131,-1.402874,0.020081,0.692552,-1.481638,-0.000088,0.732271,-1.428529,0.107013,0.681253,-1.411089,23,23,24,23,23,24,23,23,24,23,23,24
1791408680.158332,-0.024290,0.689101,-1.402874,0.020051,0.692522,-1.481638,-0.000027,0.732271,-1.428513,0.107044,0.681284,-1.411073,23,23,24,23,23,24,23,23,24,23,23,25
1791408680.178228,-0.024260,0.689101,-1.402874,0.020051,0.692522,-1.481638,-0.000027,0.732271,-1.428513,0.107044,0.681284,-1.411105,23,23,24,23,23,24,23,23,24,23,23,24
1791408680.198065,-0.024290,0.689101,-1.402859,0.020081,0.692522,-1.481670,-0.000088,0.732301,-1.428513,0.107013,0.681253,-1.411089,23,23,24,23,23,24,23,23,24,23,23,24
1791408680.218224,-0.024290,0.689131,-1.402874,0.020112,0.692552,-1.481654,-0.000057,0.732331,-1.428529,0.106983,0.681253,-1.411073,23,23,24,23,23,24,23,23,24,23,23,24
1791408680.238429,-0.024260,0.689161,-1.402874,0.020081,0.692552,-1.481638,-0.000057,0.732362,-1.428529,0.106953,0.681314,-1.411073,23,23,24,23,23,24,23,23,24,23,23,24
1791408680.258269,-0.024290,0.689131,-1.402874,0.020112,0.692582,-1.481638,-0.000088,0.732362,-1.428529,0.107013,0.681314,-1.411073,23,23,24,23,23,24,23,23,24,23,23,24
1791408680.278285,-0.024290,0.689161,-1.402890,0.020081,0.692582,-1.481638,-0.000057,0.732362,-1.428529,0.107013,0.681344,-1.411057,23,23,24,23,23,24,23,23,24,23,23,24
1791408680.298228,-0.024260,0.689191,-1.402874,0.020112,0.692643,-1.481670,-0.000057,0.732362,-1.428513,0.107013,0.681435,-1.411073,23,23,24,23,23,24,23,23,24,23,23,24
1791408680.318140,-0.024260,0.689161,-1.402874,0.020112,0.692673,-1.481638,-0.000088,0.732331,-1.428529,0.107013,0.681435,-1.411073,23,23,24,23,23,24,23,23,24,23,23,24
1791408680.338266,-0.024260,0.689191,-1.402890,0.020112,0.692613,-1.481638,-0.000057,0.732362,-1.428529,0.106983,0.681405,-1.411073,23,23,24,23,23,24,23,23,24,23,23,24
1791408680.358344,-0.024290,0.689161,-1.402874,0.020051,0.692613,-1.481622,-0.000088,0.732331,-1.428529,0.107044,0.681405,-1.411089,23,23,24,23,23,24,23,23,24,23,23,24
1791408680.378152,-0.024290,0.689131,-1.402874,0.020081,0.692613,-1.481654,-0.000118,0.732301,-1.428529,0.107013,0.681405,-1.411089,23,23,24,23,23,24,23,23,24,23,23,24
1791408680.398334,-0.024260,0.689101,-1.402874,0.020051,0.692613,-1.481654,-0.000118,0.732271,-1.428529,0.106983,0.681314,-1.411089,23,23,24,23,23,24,23,23,24,23,23,24
1791408680.418028,-0.024290,0.689161,-1.402874,0.020081,0.692582,-1.481638,-0.000057,0.732301,-1.428513,0.107044,0.681374,-1.411089,23,23,24,23,23,24,23,23,24,23,23,24
1791408680.438156,-0.024260,0.689161,-1.402874,0.020081,0.692643,-1.481622,-0.000057,0.732362,-1.428513,0.106983,0.681344,-1.411073,23,23,24,23,23,24,23,23,24,23,23,25
1791408680.458367,-0.024290,0.689191,-1.402874,0.020112,0.692613,-1.481638,-0.000057,0.732362,-1.428513,0.106983,0.681374,-1.411057,23,23,24,23,23,24,23,23,24,23,23,24
1791408680.478538,-0.024290,0.689222,-1.402890,0.020112,0.692643,-1.481638,-0.000027,0.732392,-1.428545,0.107013,0.681405,-1.411073,23,23,24,23,23,24,23,23,24,23,23,25
1791408680.498350,-0.024260,0.689252,-1.402874,0.020112,0.692613,-1.481654,0.000033,0.732483,-1.428513,0.107013,0.681465,-1.411073,23,23,24,23,23,24,23,23,24,23,23,25
1791408680.518315,-0.024260,0.689343,-1.402859,0.020142,0.692673,-1.481638,0.000064,0.732513,-1.428529,0.107013,0.681465,-1.411073,23,23,24,23,23,24,23,23,24,23,23,25
1791408680.538297,-0.024290,0.689373,-1.402874,0.020112,0.692613,-1.481638,0.000003,0.732574,-1.428513,0.107013,0.681495,-1.411089,23,23,24,23,23,24,23,23,24,23,23,24
1791408680.558346,-0.024260,0.689343,-1.402874,0.020081,0.692704,-1.481638,0.000003,0.732543,-1.428529,0.107013,0.681465,-1.411105,23,23,24,23,23,24,23,23,24,23,23,25
1791408680.578259,-0.024260,0.689343,-1.402874,0.020081,0.692704,-1.481638,-0.000057,0.732483,-1.428513,0.107013,0.681495,-1.411073,23,23,24,23,23,24,23,23,24,23,23,25
1791408680.598106,-0.024260,0.689313,-1.402874,0.020081,0.692673,-1.481638,-0.000057,0.732543,-1.428529,0.107013,0.681465,-1.411089,23,23,24,23,23,24,23,23,24,23,23,25
1791408680.618128,-0.024320,0.689313,-1.402874,0.020081,0.692673,-1.481638,-0.000057,0.732513,-1.428545,0.107013,0.681405,-1.411105,23,23,24,23,23,24,23,23,24,23,23,25
1791408680.638145,-0.024260,0.689252,-1.402874,0.020051,0.692704,-1.481622,-0.000088,0.732422,-1.428529,0.107013,0.681435,-1.411105,23,23,24,23,23,24,23,23,24,23,23,25
1791408680.658353,-0.024260,0.689252,-1.402874,0.020081,0.692673,-1.481638,-0.000088,0.732513,-1.428529,0.107044,0.681405,-1.411089,23,23,24,23,23,24,23,23,24,23,23,25
1791408680.678771,-0.024320,0.689313,-1.402874,0.020051,0.692673,-1.481638,0.000003,0.732513,-1.428529,0.107013,0.681435,-1.411073,23,23,24,23,23,24,23,23,24,23,23,24
1791408680.698079,-0.024290,0.689313,-1.402874,0.020081,0.692643,-1.481638,0.000003,0.732513,-1.428545,0.107013,0.681465,-1.411089,23,23,24,23,23,24,23,23,24,23,23,24
1791408680.718174,-0.024290,0.689373,-1.402874,0.020112,0.692704,-1.481638,0.000064,0.732574,-1.428513,0.107044,0.681465,-1.411073,23,23,24,23,23,24,23,23,24,23,23,25
1791408680.738620,-0.024260,0.689434,-1.402874,0.020081,0.692704,-1.481638,0.000033,0.732604,-1.428529,0.106983,0.681495,-1.411073,23,23,24,23,23,24,23,23,24,23,23,25
1791408680.758014,-0.024290,0.689434,-1.402843,0.020112,0.692704,-1.481638,0.000003,0.732543,-1.428529,0.107074,0.681495,-1.411105,23,23,24,23,23,24,23,23,24,23,23,25
1791408680.779242,-0.024260,0.689464,-1.402874,0.020081,0.692673,-1.481638,0.000003,0.732574,-1.428513,0.107044,0.681526,-1.411089,23,23,24,23,23,24,23,23,24,23,23,25
1791408680.799146,-0.024260,0.689403,-1.402874,0.020112,0.692764,-1.481638,-0.000027,0.732543,-1.428545,0.107013,0.681556,-1.411073,23,23,24,23,23,24,23,23,24,23,23,25
1791408680.818123,-0.024229,0.689403,-1.402874,0.020112,0.692734,-1.481638,0.000003,0.732543,-1.428529,0.107013,0.681556,-1.411089,23,23,24,23,23,24,23,23,24,23,23,25
1791408680.838345,-0.024290,0.689403,-1.402874,0.020081,0.692764,-1.481654,-0.000118,0.732513,-1.428529,0.107013,0.681526,-1.411089,23,23,24,23,23,24,23,23,24,23,23,25
1791408680.858256,-0.024260,0.689403,-1.402890,0.020081,0.692734,-1.481638,-0.000057,0.732513,-1.428529,0.107013,0.681526,-1.411073,23,23,24,23,23,24,23,23,24,23,23,25
1791408680.878360,-0.024290,0.689343,-1.402874,0.020081,0.692734,-1.481654,-0.000148,0.732513,-1.428513,0.106983,0.681526,-1.411089,23,23,24,23,23,24,23,23,24,23,23,25
1791408680.898143,-0.024290,0.689373,-1.402874,0.020081,0.692734,-1.481654,-0.000088,0.732513,-1.428529,0.107044,0.681526,-1.411089,23,23,24,23,23,24,23,23,24,23,23,25
1791408680.918000,-0.024260,0.689373,-1.402874,0.020081,0.692734,-1.481654,-0.000057,0.732574,-1.428545,0.107013,0.681556,-1.411089,23,23,24,23,23,24,23,23,24,23,23,24
1791408680.938302,-0.024229,0.689373,-1.402874,0.020051,0.692764,-1.481638,-0.000027,0.732543,-1.428513,0.107013,0.681586,-1.411089,23,23,24,23,23,24,23,23,24,23,23,24
1791408680.958173,-0.024260,0.689403,-1.402874,0.020112,0.692764,-1.481622,-0.000057,0.732604,-1.428513,0.107013,0.681586,-1.411073,23,23,24,23,23,24,23,23,24,23,23,24
1791408680.978141,-0.024260,0.689464,-1.402874,0.020081,0.692794,-1.481654,0.000003,0.732634,-1.428513,0.106983,0.681647,-1.411073,23,23,24,23,23,24,23,23,24,23,23,25
1791408680.998144,-0.024260,0.689464,-1.402890,0.020081,0.692764,-1.481638,0.000003,0.732604,-1.428529,0.107013,0.681677,-1.411073,23,23,24,23,23,24,23,23,24,23,23,25
1791408681.018156,-0.024260,0.689464,-1.402874,0.020112,0.692764,-1.481670,0.000003,0.732543,-1.428529,0.106983,0.681647,-1.411073,23,23,24,23,23,24,23,23,24,23,23,25
1791408681.038223,-0.024290,0.689434,-1.402874,0.020112,0.692794,-1.481654,0.000003,0.732543,-1.428529,0.106983,0.681647,-1.411073,23,23,24,23,23,24,23,23,24,23,23,25
1791408681.058045,-0.024260,0.689403,-1.402874,0.020081,0.692734,-1.481638,-0.000057,0.732543,-1.428513,0.106983,0.681617,-1.411073,23,23,24,23,23,24,23,23,24,23,23,25
1791408681.078202,-0.024290,0.689434,-1.402890,0.020051,0.692764,-1.481654,-0.000088,0.732513,-1.428529,0.106983,0.681586,-1.411089,23,23,24,23,23,24,23,23,24,23,23,25
1791408681.098028,-0.024290,0.689403,-1.402874,0.020081,0.692764,-1.481638,-0.000057,0.732543,-1.428529,0.107013,0.681617,-1.411089,23,23,24,23,23,24,23,23,24,23,23,25
1791408681.117993,-0.024260,0.689403,-1.402874,0.020081,0.692734,-1.481638,-0.000118,0.732513,-1.428545,0.106983,0.681647,-1.411073,23,23,24,23,23,24,23,23,24,23,23,25
1791408681.138218,-0.024260,0.689464,-1.402874,0.020081,0.692764,-1.481638,-0.000057,0.732543,-1.428529,0.106983,0.681586,-1.411089,23,23,24,23,23,24,23,23,24,23,23,25
1791408681.158138,-0.024290,0.689434,-1.402890,0.020081,0.692825,-1.481654,-0.000088,0.732543,-1.428529,0.106983,0.681617,-1.411073,23,23,24,23,23,24,23,23,24,23,23,25
1791408681.177994,-0.024260,0.689434,-1.402874,0.020051,0.692764,-1.481654,-0.000027,0.732574,-1.428513,0.107013,0.681677,-1.411073,23,23,24,23,23,24,23,23,24,23,23,25
1791408681.198074,-0.024260,0.689464,-1.402890,0.020112,0.692794,-1.481638,-0.000027,0.732604,-1.428529,0.107013,0.681677,-1.411089,23,23,24,23,23,24,23,23,24,23,23,25
1791408681.218187,-0.024260,0.689494,-1.402874,0.020112,0.692794,-1.481638,0.000033,0.732604,-1.428529,0.107013,0.681647,-1.411073,23,23,24,23,23,24,23,23,24,23,23,25
1791408681.238269,-0.024290,0.689464,-1.402890,0.020112,0.692794,-1.481638,0.000003,0.732604,-1.428529,0.107013,0.681677,-1.411073,23,23,24,23,23,24,23,23,24,23,23,25
1791408681.258070,-0.024260,0.689464,-1.402874,0.020112,0.692825,-1.481654,-0.000057,0.732574,-1.428529,0.106983,0.681677,-1.411073,23,23,24,23,23,24,23,23,24,23,23,25
1791408681.278263,-0.024290,0.689434,-1.402874,0.020112,0.692764,-1.481654,-0.000057,0.732574,-1.428513,0.107013,0.681677,-1.411089,23,23,24,23,23,24,23,23,24,23,23,25
1791408681.298291,-0.024290,0.689403,-1.402874,0.020081,0.692825,-1.481638,-0.000088,0.732574,-1.428529,0.107013,0.681617,-1.411089,23,23,24,23,23,24,23,23,24,23,23,25
1791408681.318426,-0.024290,0.689434,-1.402859,0.020081,0.692794,-1.481638,-0.000088,0.732543,-1.428529,0.107013,0.681647,-1.411105,23,23,24,23,23,24,23,23,24,23,23,25
1791408681.338329,-0.024320,0.689434,-1.402874,0.020081,0.692764,-1.481638,-0.000088,0.732543,-1.428545,0.107013,0.681647,-1.411073,23,23,24,23,23,24,23,23,24,23,23,25
1791408681.358197,-0.024290,0.689434,-1.402874,0.020051,0.692794,-1.481638,-0.000057,0.732574,-1.428529,0.106983,0.681647,-1.411089,23,23,24,23,23,24,23,23,24,23,23,25
1791408681.378368,-0.024290,0.689464,-1.402874,0.020081,0.692794,-1.481654,-0.000027,0.732604,-1.428545,0.106983,0.681617,-1.411089,23,23,24,23,23,24,23,23,24,23,23,25
1791408681.398189,-0.024260,0.689464,-1.402874,0.020112,0.692794,-1.481638,-0.000027,0.732574,-1.428529,0.107013,0.681677,-1.411073,23,23,24,23,23,24,23,23,24,23,23,25
1791408681.418285,-0.024260,0.689525,-1.402890,0.020112,0.692794,-1.481654,0.000064,0.732634,-1.428529,0.107013,0.681617,-1.411089,23,23,24,23,23,24,23,23,24,23,23,25
1791408681.438200,-0.024260,0.689464,-1.402874,0.020142,0.692794,-1.481638,-0.000027,0.732634,-1.428529,0.107013,0.681707,-1.411073,23,23,24,23,23,24,23,23,24,23,23,25
1791408681.458398,-0.024260,0.689525,-1.402874,0.020081,0.692825,-1.481654,0.000003,0.732604,-1.428529,0.107044,0.681647,-1.411089,23,23,24,23,23,24,23,23,24,23,23,25
1791408681.478104,-0.024260,0.689494,-1.402874,0.020081,0.692794,-1.481622,-0.000027,0.732604,-1.428529,0.107044,0.681677,-1.411089,23,23,24,23,23,24,23,23,24,23,23,25
1791408681.498075,-0.024260,0.689494,-1.402874,0.020051,0.692794,-1.481638,-0.000027,0.732604,-1.428529,0.107013,0.681677,-1.411073,23,23,24,23,23,24,23,23,24,23,23,25
1791408681.518087,-0.024290,0.689494,-1.402874,0.020081,0.692794,-1.481670,0.000033,0.732604,-1.428529,0.107013,0.681677,-1.411073,23,23,24,23,23,24,23,23,24,23,23,25
1791408681.538250,-0.024290,0.689464,-1.402890,0.020081,0.692794,-1.481638,-0.000027,0.732604,-1.428513,0.107044,0.681677,-1.411089,23,23,24,23,23,24,23,23,24,23,23,25
1791408681.558197,-0.024290,0.689464,-1.402874,0.020051,0.692794,-1.481654,-0.000027,0.732634,-1.428529,0.107013,0.681617,-1.411089,23,23,24,23,23,24,23,23,24,23,23,25
1791408681.578195,-0.024290,0.689494,-1.402874,0.020081,0.692794,-1.481654,-0.000027,0.732634,-1.428545,0.107044,0.681677,-1.411073,23,23,24,23,23,24,23,23,24,23,23,25
1791408681.598429,-0.024260,0.689464,-1.402890,0.020081,0.692825,-1.481654,-0.000057,0.732604,-1.428529,0.107013,0.681677,-1.411089,23,23,24,23,23,24,23,23,24,23,23,25
1791408681.618170,-0.024320,0.689525,-1.402874,0.020081,0.692794,-1.481622,0.000064,0.732725,-1.428513,0.107013,0.681647,-1.411089,23,23,24,23,23,24,23,23,24,23,23,25
1791408681.638579,-0.024290,0.689555,-1.402874,0.020112,0.692825,-1.481654,-0.000057,0.732664,-1.428513,0.106983,0.681707,-1.411089,23,23,24,23,23,24,23,23,24,23,23,25
1791408681.658316,-0.024260,0.689555,-1.402874,0.020081,0.692855,-1.481654,-0.000057,0.732695,-1.428513,0.106983,0.681738,-1.411089,23,23,24,23,23,24,23,23,24,23,23,25
1791408681.678322,-0.024290,0.689555,-1.402890,0.020112,0.692825,-1.481638,0.000033,0.732664,-1.428529,0.107013,0.681738,-1.411089,23,23,24,23,23,24,23,23,24,23,23,25
1791408681.698287,-0.024290,0.689585,-1.402874,0.020081,0.692855,-1.481638,0.000064,0.732725,-1.428560,0.107013,0.681707,-1.411073,23,23,24,23,23,24,23,23,24,23,23,25
1791408681.718444,-0.024260,0.689555,-1.402874,0.020112,0.692825,-1.481638,-0.000027,0.732664,-1.428529,0.107013,0.681707,-1.411073,23,23,24,23,23,24,23,23,24,23,23,25
1791408681.738550,-0.024260,0.689555,-1.402890,0.020081,0.692855,-1.481638,-0.000027,0.732664,-1.428513,0.107013,0.681738,-1.411057,23,23,24,23,23,24,23,23,24,23,23,25
1791408681.758542,-0.024260,0.689555,-1.402859,0.020051,0.692825,-1.481670,0.000003,0.732695,-1.428529,0.107044,0.681677,-1.411089,23,23,24,23,23,24,23,23,24,23,23,25
1791408681.778337,-0.024260,0.689525,-1.402890,0.020051,0.692825,-1.481638,0.000003,0.732725,-1.428529,0.107044,0.681707,-1.411089,23,23,24,23,23,24,23,23,24,23,23,25
1791408681.798361,-0.024320,0.689555,-1.402859,0.020051,0.692794,-1.481638,0.000033,0.732695,-1.428529,0.107013,0.681677,-1.411089,23,23,24,23,23,24,23,23,24,23,23,25
1791408681.818145,-0.024290,0.689525,-1.402890,0.020051,0.692825,-1.481638,-0.000057,0.732695,-1.428513,0.107044,0.681707,-1.411073,23,23,24,23,23,24,23,23,24,23,23,25
1791408681.838189,-0.024290,0.689585,-1.402874,0.020081,0.692825,-1.481654,0.000033,0.732725,-1.428513,0.107044,0.681738,-1.411073,23,23,24,23,23,24,23,23,24,23,23,25
1791408681.858110,-0.024290,0.689585,-1.402874,0.020081,0.692825,-1.481638,0.000033,0.732755,-1.428529,0.107013,0.681738,-1.411073,23,23,24,23,23,24,23,23,24,23,23,25
1791408681.878254,-0.024260,0.689676,-1.402874,0.020081,0.692855,-1.481622,0.000033,0.732786,-1.428513,0.107074,0.681768,-1.411073,23,23,24,23,23,24,23,23,24,23,23,25
1791408681.898022,-0.024290,0.689736,-1.402874,0.020112,0.692855,-1.481638,0.000094,0.732786,-1.428529,0.107044,0.681738,-1.411089,23,23,24,23,23,24,23,23,24,23,23,25
1791408681.918155,-0.024290,0.689706,-1.402874,0.020112,0.692885,-1.481638,0.000033,0.732786,-1.428545,0.107074,0.681798,-1.411073,23,23,24,23,23,24,23,23,24,23,23,25
1791408681.938261,-0.024260,0.689676,-1.402874,0.020081,0.692885,-1.481654,0.000003,0.732755,-1.428513,0.107013,0.681768,-1.411089,23,23,24,23,23,24,23,23,24,23,23,25
1791408681.958071,-0.024290,0.689676,-1.402874,0.020081,0.692916,-1.481654,0.000033,0.732755,-1.428513,0.107013,0.681828,-1.411073,23,23,24,23,23,24,23,23,24,23,23,25
1791408681.978245,-0.024260,0.689676,-1.402874,0.020081,0.692946,-1.481622,0.000003,0.732755,-1.428529,0.107013,0.681768,-1.411089,23,23,24,23,23,24,23,23,24,23,23,25
1791408681.998562,-0.024260,0.689646,-1.402874,0.020081,0.692916,-1.481638,0.000003,0.732786,-1.428513,0.107013,0.681768,-1.411089,23,23,24,23,23,24,23,23,24,23,23,25
1791408682.018143,-0.024260,0.689646,-1.402874,0.020051,0.692916,-1.481654,-0.000027,0.732786,-1.428529,0.107013,0.681768,-1.411089,23,23,24,23,23,24,23,23,24,23,23,25
1791408682.038346,-0.024260,0.689615,-1.402874,0.020112,0.692885,-1.481654,-0.000088,0.732725,-1.428529,0.106983,0.681798,-1.411073,23,23,24,23,23,24,23,23,24,23,23,25
1791408682.058246,-0.024260,0.689676,-1.402890,0.020051,0.692946,-1.481654,-0.000088,0.732786,-1.428529,0.107013,0.681768,-1.411105,23,23,24,23,23,24,23,23,24,23,23,25
1791408682.078011,-0.024290,0.689646,-1.402874,0.020112,0.692885,-1.481622,0.000003,0.732755,-1.428529,0.106983,0.681798,-1.411089,23,23,24,23,23,24,23,23,24,23,23,25
1791408682.097985,-0.024260,0.689676,-1.402874,0.020081,0.692916,-1.481638,-0.000057,0.732786,-1.428529,0.106983,0.681798,-1.411089,23,23,24,23,23,24,23,23,24,23,23,25
1791408682.118102,-0.024260,0.689676,-1.402874,0.020112,0.692916,-1.481638,0.000003,0.732816,-1.428513,0.107013,0.681798,-1.411057,23,23,24,23,23,24,23,23,24,23,23,25
1791408682.138248,-0.024260,0.689676,-1.402874,0.020081,0.692916,-1.481654,0.000003,0.732786,-1.428529,0.107013,0.681798,-1.411073,23,23,24,23,23,24,23,23,24,23,23,25
1791408682.158269,-0.024290,0.689676,-1.402890,0.020081,0.692916,-1.481654,-0.000057,0.732755,-1.428545,0.107044,0.681828,-1.411057,23,23,24,23,23,24,23,23,24,23,23,25
1791408682.178204,-0.024290,0.689646,-1.402874,0.020112,0.692885,-1.481638,-0.000027,0.732725,-1.428513,0.107044,0.681798,-1.411073,23,23,24,23,23,24,23,23,24,23,23,25
1791408682.198184,-0.024260,0.689646,-1.402890,0.020081,0.692916,-1.481654,-0.000027,0.732725,-1.428545,0.107044,0.681768,-1.411057,23,23,24,23,23,24,23,23,24,23,23,25
1791408682.218348,-0.024290,0.689615,-1.402874,0.020112,0.692916,-1.481622,-0.000088,0.732725,-1.428545,0.106983,0.681798,-1.411073,23,23,24,23,23,24,23,23,24,23,23,25
1791408682.238240,-0.024290,0.689615,-1.402890,0.020081,0.692885,-1.481654,-0.000057,0.732755,-1.428529,0.107013,0.681768,-1.411089,23,23,24,23,23,24,23,23,24,23,23,25
1791408682.258533,-0.024290,0.689676,-1.402874,0.020051,0.692916,-1.481654,-0.000088,0.732725,-1.428529,0.106983,0.681768,-1.411089,23,23,24,23,23,24,23,23,24,23,23,25
1791408682.278075,-0.024290,0.689646,-1.402874,0.020081,0.692916,-1.481654,-0.000057,0.732816,-1.428529,0.107013,0.681798,-1.411089,23,23,24,23,23,24,23,23,24,23,23,25
1791408682.298169,-0.024290,0.689706,-1.402890,0.020112,0.692916,-1.481638,-0.000027,0.732786,-1.428497,0.107044,0.681768,-1.411073,23,23,24,23,23,24,23,23,24,23,23,25
1791408682.318340,-0.024290,0.689676,-1.402890,0.020081,0.692916,-1.481638,0.000003,0.732816,-1.428529,0.107044,0.681828,-1.411073,23,23,24,23,23,24,23,23,24,23,23,25
1791408682.338407,-0.024260,0.689706,-1.402874,0.020112,0.692946,-1.481654,0.000003,0.732816,-1.428529,0.107013,0.681859,-1.411089,23,23,24,23,23,24,23,23,24,23,23,25
1791408682.358579,-0.024260,0.689736,-1.402874,0.020142,0.692976,-1.481654,-0.000027,0.732846,-1.428513,0.107044,0.681889,-1.411073,23,23,24,23,23,24,23,23,24,23,23,25
1791408682.378306,-0.024260,0.689706,-1.402890,0.020081,0.692916,-1.481638,0.000003,0.732786,-1.428529,0.107044,0.681859,-1.411089,23,23,24,23,23,24,23,23,24,23,23,25
1791408682.398428,-0.024260,0.689676,-1.402874,0.020081,0.692916,-1.481654,-0.000027,0.732816,-1.428513,0.106953,0.681828,-1.411105,23,23,24,23,23,24,23,23,24,23,23,25
1791408682.418199,-0.024260,0.689676,-1.402859,0.020051,0.692916,-1.481654,-0.000057,0.732786,-1.428497,0.107013,0.681828,-1.411073,23,23,24,23,23,24,23,23,24,23,23,25
1791408682.438380,-0.024290,0.689646,-1.402890,0.020081,0.692885,-1.481670,-0.000057,0.732816,-1.428529,0.107013,0.681828,-1.411073,23,23,24,23,23,24,23,23,24,23,23,25
1791408682.458300,-0.024290,0.689646,-1.402874,0.020081,0.692946,-1.481638,-0.000057,0.732755,-1.428513,0.106983,0.681828,-1.411073,23,23,24,23,23,24,23,23,24,23,23,25
1791408682.478309,-0.024290,0.689646,-1.402874,0.020051,0.692916,-1.481638,-0.000057,0.732786,-1.428545,0.106983,0.681859,-1.411073,23,23,24,23,23,24,23,23,24,23,23,25
1791408682.498204,-0.024260,0.689676,-1.402874,0.020081,0.692916,-1.481638,-0.000088,0.732786,-1.428529,0.107013,0.681798,-1.411105,23,23,24,23,23,24,23,23,24,23,23,25
1791408682.518148,-0.024290,0.689706,-1.402859,0.020081,0.692916,-1.481638,0.000003,0.732846,-1.428529,0.107044,0.681798,-1.411089,23,23,24,23,23,24,23,23,24,23,23,25
1791408682.538090,-0.024320,0.689706,-1.402874,0.020081,0.692946,-1.481622,-0.000057,0.732846,-1.428529,0.107013,0.681859,-1.411089,23,23,24,23,23,24,23,23,24,23,23,25
1791408682.558354,-0.024290,0.689706,-1.402874,0.020081,0.692946,-1.481622,0.000064,0.732876,-1.428497,0.106983,0.681859,-1.411089,23,23,24,23,23,24,23,23,24,23,23,25
1791408682.578674,-0.024260,0.689736,-1.402874,0.020051,0.692946,-1.481654,0.000033,0.732876,-1.428497,0.107044,0.681919,-1.411089,23,23,24,23,23,24,23,23,24,23,23,25
1791408682.598495,-0.024260,0.689767,-1.402874,0.020112,0.692946,-1.481638,0.000064,0.732846,-1.428545,0.107044,0.681919,-1.411089,23,23,24,23,23,24,23,23,24,23,23,25
1791408682.618183,-0.024260,0.689736,-1.402890,0.020081,0.692976,-1.481654,0.000003,0.732846,-1.428545,0.107013,0.681919,-1.411089,23,23,24,23,23,24,23,23,24,23,23,25
1791408682.638565,-0.024260,0.689736,-1.402874,0.020112,0.692916,-1.481638,0.000003,0.732846,-1.428545,0.107074,0.681859,-1.411089,23,23,24,23,23,24,23,23,24,23,23,25
1791408682.658199,-0.024260,0.689676,-1.402874,0.020081,0.692946,-1.481638,-0.000057,0.732816,-1.428513,0.107013,0.681859,-1.411089,23,23,24,23,23,24,23,23,24,23,23,25
1791408682.678592,-0.024290,0.689676,-1.402890,0.020081,0.692946,-1.481654,-0.000057,0.732786,-1.428529,0.107044,0.681828,-1.411073,23,23,24,23,23,24,23,23,24,23,23,25
1791408682.698313,-0.024290,0.689676,-1.402874,0.020051,0.692946,-1.481622,-0.000088,0.732786,-1.428545,0.107044,0.681828,-1.411089,23,23,24,23,23,24,23,23,24,23,23,25
1791408682.718362,-0.024260,0.689646,-1.402874,0.020081,0.692976,-1.481638,-0.000088,0.732816,-1.428529,0.107013,0.681828,-1.411089,23,23,24,23,23,24,23,23,24,23,23,25
1791408682.738516,-0.024290,0.689676,-1.402874,0.020081,0.692946,-1.481654,0.000003,0.732846,-1.428529,0.107044,0.681828,-1.411105,23,23,24,23,23,24,23,23,24,23,23,25
1791408682.758655,-0.024290,0.689676,-1.402859,0.020051,0.692916,-1.481638,-0.000057,0.732846,-1.428513,0.107013,0.681859,-1.411120,23,23,24,23,23,24,23,23,24,23,23,25
1791408682.778383,-0.024290,0.689706,-1.402874,0.020112,0.692976,-1.481638,0.000064,0.732907,-1.428529,0.107013,0.681859,-1.411089,23,23,24,23,23,24,23,23,24,23,23,25
1791408682.798691,-0.024260,0.689767,-1.402874,0.020081,0.692946,-1.481638,-0.000027,0.732937,-1.428529,0.106983,0.681919,-1.411089,23,23,24,23,23,24,23,23,24,23,23,25
1791408682.818409,-0.024260,0.689767,-1.402874,0.020112,0.692976,-1.481638,0.000033,0.732907,-1.428513,0.107044,0.681919,-1.411089,23,23,24,23,23,24,23,23,24,23,23,25
1791408682.838581,-0.024260,0.689736,-1.402874,0.020112,0.693006,-1.481638,-0.000027,0.732907,-1.428545,0.107044,0.681919,-1.411089,23,23,24,23,23,24,23,23,24,23,23,25
1791408682.858465,-0.024290,0.689736,-1.402874,0.020081,0.692946,-1.481638,-0.000057,0.732876,-1.428513,0.107044,0.681889,-1.411089,23,23,24,23,23,24,23,23,24,23,23,25
1791408682.878198,-0.024260,0.689736,-1.402874,0.020081,0.692976,-1.481654,-0.000027,0.732876,-1.428529,0.107013,0.681859,-1.411105,23,23,24,23,23,24,23,23,24,23,23,25
1791408682.898418,-0.024260,0.689706,-1.402874,0.020081,0.692946,-1.481670,0.000033,0.732907,-1.428513,0.107044,0.681828,-1.411105,23,23,24,23,23,24,23,23,24,23,23,25
1791408682.918168,-0.024290,0.689736,-1.402874,0.020051,0.692946,-1.481638,0.000003,0.732907,-1.428529,0.107044,0.681828,-1.411089,23,23,25,23,23,24,23,23,24,23,23,25
1791408682.938661,-0.024260,0.689706,-1.402859,0.020051,0.692946,-1.481638,0.000003,0.732937,-1.428529,0.107044,0.681828,-1.411089,23,23,24,23,23,24,23,23,24,23,23,25
1791408682.958449,-0.024290,0.689736,-1.402874,0.020051,0.692946,-1.481638,0.000033,0.732937,-1.428529,0.107044,0.681859,-1.411073,23,23,24,23,23,24,23,23,24,23,23,25
1791408682.978364,-0.024260,0.689736,-1.402874,0.020051,0.692946,-1.481638,0.000033,0.732907,-1.428513,0.107044,0.681919,-1.411105,23,23,24,23,23,24,23,23,24,23,23,25
1791408682.998158,-0.024290,0.689736,-1.402874,0.020051,0.692976,-1.481638,0.000064,0.732967,-1.428545,0.107074,0.681919,-1.411120,23,23,24,23,23,24,23,23,24,23,23,25
1791408683.018277,-0.024260,0.689767,-1.402874,0.020081,0.693006,-1.481638,-0.000027,0.732967,-1.428545,0.107013,0.681919,-1.411120,23,23,24,23,23,24,23,23,24,23,23,25
1791408683.038389,-0.024260,0.689767,-1.402859,0.020081,0.693037,-1.481638,0.000033,0.732937,-1.428513,0.107044,0.681919,-1.411073,23,23,24,23,23,24,23,23,24,23,23,25
1791408683.058051,-0.024260,0.689797,-1.402859,0.020081,0.693037,-1.481638,0.000003,0.732967,-1.428513,0.107013,0.681980,-1.411089,23,23,24,23,23,24,23,23,24,23,23,25
1791408683.078284,-0.024229,0.689767,-1.402874,0.020112,0.693037,-1.481638,0.000003,0.732967,-1.428513,0.107044,0.681950,-1.411073,23,23,24,23,23,24,23,23,24,23,23,25
1791408683.098693,-0.024260,0.689767,-1.402859,0.020112,0.693037,-1.481654,0.000033,0.732907,-1.428513,0.107044,0.681950,-1.411073,23,23,24,23,23,24,23,23,24,23,23,25
1791408683.118214,-0.024290,0.689736,-1.402890,0.020081,0.693037,-1.481622,-0.000057,0.732937,-1.428529,0.107013,0.681950,-1.411089,23,23,24,23,23,24,23,23,24,23,23,25
1791408683.138317,-0.024260,0.689706,-1.402859,0.020051,0.693006,-1.481654,-0.000057,0.732907,-1.428545,0.107013,0.681919,-1.411089,23,23,24,23,23,24,23,23,24,23,23,25
1791408683.159130,-0.024290,0.689706,-1.402874,0.020081,0.693006,-1.481638,-0.000088,0.732907,-1.428529,0.107013,0.681859,-1.411120,23,23,24,23,23,24,23,23,24,23,23,25
1791408683.178538,-0.024290,0.689706,-1.402859,0.020051,0.693037,-1.481670,-0.000088,0.732907,-1.428513,0.107044,0.681859,-1.411089,23,23,25,23,23,24,23,23,24,23,23,25
1791408683.198234,-0.024290,0.689767,-1.402874,0.020112,0.693006,-1.481638,-0.000057,0.732876,-1.428529,0.106983,0.681859,-1.411120,23,23,25,23,23,24,23,23,24,23,23,25
1791408683.218225,-0.024290,0.689767,-1.402890,0.020081,0.693037,-1.481638,-0.000027,0.732937,-1.428513,0.107044,0.681950,-1.411073,23,23,24,23,23,24,23,23,24,23,23,25
1791408683.238359,-0.024260,0.689797,-1.402859,0.020081,0.693006,-1.481638,0.000003,0.732967,-1.428513,0.107013,0.681980,-1.411089,23,23,24,23,23,24,23,23,24,23,23,25
1791408683.258299,-0.024260,0.689797,-1.402874,0.020081,0.693006,-1.481638,-0.000027,0.732967,-1.428529,0.107013,0.682010,-1.411089,23,23,24,23,23,24,23,23,24,23,23,25
1791408683.278301,-0.024260,0.689797,-1.402874,0.020142,0.693037,-1.481638,-0.000027,0.732937,-1.428560,0.107013,0.681950,-1.411105,23,23,24,23,23,24,23,23,24,23,23,25
1791408683.298170,-0.024260,0.689797,-1.402890,0.020081,0.693037,-1.481654,0.000003,0.732907,-1.428529,0.107013,0.682010,-1.411105,23,23,24,23,23,24,23,23,24,23,23,25
1791408683.318420,-0.024290,0.689767,-1.402874,0.020081,0.693037,-1.481638,-0.000027,0.732937,-1.428529,0.107013,0.681950,-1.411089,23,23,24,23,23,24,23,23,24,23,23,25
1791408683.338269,-0.024290,0.689767,-1.402874,0.020081,0.693037,-1.481654,-0.000057,0.732907,-1.428545,0.107044,0.681950,-1.411105,23,23,24,23,23,24,23,23,24,23,23,25
1791408683.358366,-0.024260,0.689736,-1.402874,0.020051,0.692976,-1.481654,-0.000027,0.732937,-1.428529,0.106983,0.681889,-1.411120,23,23,25,23,23,24,23,23,24,23,23,25
1791408683.378615,-0.024290,0.689736,-1.402874,0.020051,0.692976,-1.481654,-0.000057,0.732907,-1.428513,0.107013,0.681889,-1.411089,23,23,24,23,23,24,23,23,24,23,23,25
1791408683.398231,-0.024290,0.689706,-1.402874,0.020081,0.693037,-1.481638,0.000003,0.732937,-1.428529,0.107044,0.681889,-1.411089,23,23,24,23,23,24,23,23,24,23,23,25
1791408683.418437,-0.024320,0.689767,-1.402890,0.020051,0.693006,-1.481622,-0.000027,0.732967,-1.428529,0.107044,0.681950,-1.411073,23,23,24,23,23,24,23,23,24,23,23,25
1791408683.438039,-0.024320,0.689736,-1.402874,0.020081,0.693006,-1.481638,-0.000057,0.732907,-1.428529,0.107013,0.681919,-1.411089,23,23,24,23,23,24,23,23,24,23,23,25
1791408683.457987,-0.024290,0.689797,-1.402890,0.020081,0.693006,-1.481638,-0.000027,0.732907,-1.428529,0.107013,0.681950,-1.411073,23,23,24,23,23,24,23,23,24,23,23,25
1791408683.478498,-0.024290,0.689797,-1.402874,0.020112,0.693037,-1.481622,-0.000057,0.732937,-1.428513,0.106983,0.682010,-1.411105,23,23,24,23,23,24,23,23,24,23,23,25
1791408683.498474,-0.024290,0.689767,-1.402874,0.020142,0.693037,-1.481638,-0.000027,0.732967,-1.428545,0.106983,0.682010,-1.411089,23,23,25,23,23,24,23,23,24,23,23,25
1791408683.518376,-0.024260,0.689767,-1.402874,0.020081,0.693067,-1.481638,-0.000088,0.732876,-1.428497,0.107013,0.682040,-1.411089,23,23,24,23,23,24,23,23,24,23,23,25
1791408683.538431,-0.024290,0.689797,-1.402890,0.020081,0.693037,-1.481638,-0.000057,0.732907,-1.428529,0.107013,0.682040,-1.411089,23,23,24,23,23,24,23,23,24,23,23,25
1791408683.558597,-0.024260,0.689736,-1.402890,0.020112,0.693037,-1.481638,-0.000057,0.732876,-1.428545,0.107013,0.682010,-1.411089,23,23,25,23,23,24,23,23,24,23,23,25
1791408683.578353,-0.024260,0.689767,-1.402890,0.020112,0.693006,-1.481638,-0.000057,0.732876,-1.428545,0.107013,0.681980,-1.411105,23,23,24,23,23,24,23,23,24,23,23,25
1791408683.598260,-0.024260,0.689767,-1.402859,0.020081,0.693037,-1.481654,-0.000057,0.732907,-1.428529,0.107013,0.681950,-1.411089,23,23,24,23,23,24,23,23,24,23,23,25
1791408683.618369,-0.024290,0.689736,-1.402874,0.020081,0.693037,-1.481622,-0.000057,0.732907,-1.428529,0.107013,0.681950,-1.411120,23,23,25,23,23,24,23,23,24,23,23,25
1791408683.638355,-0.024290,0.689767,-1.402890,0.020051,0.693037,-1.481654,-0.000088,0.732876,-1.428529,0.106983,0.681980,-1.411089,23,23,24,23,23,24,23,23,24,23,23,25
1791408683.658150,-0.024320,0.689767,-1.402859,0.020081,0.692976,-1.481638,-0.000027,0.732967,-1.428529,0.106983,0.681950,-1.411120,23,23,25,23,23,24,23,23,24,23,23,25
1791408683.678931,-0.024290,0.689767,-1.402859,0.020081,0.693037,-1.481654,0.000003,0.732937,-1.428529,0.107013,0.681980,-1.411073,23,23,25,23,23,24,23,23,24,23,23,25
1791408683.698064,-0.024260,0.689827,-1.402874,0.020081,0.693037,-1.481654,0.000003,0.732998,-1.428529,0.106983,0.682040,-1.411073,23,23,24,23,23,24,23,23,24,23,23,25
1791408683.718423,-0.024229,0.689888,-1.402874,0.020081,0.693067,-1.481622,0.000033,0.733028,-1.428513,0.107013,0.682010,-1.411089,23,23,25,23,23,24,23,23,24,23,23,25
1791408683.738669,-0.024260,0.689918,-1.402874,0.020112,0.693067,-1.481638,0.000003,0.733058,-1.428513,0.107013,0.682101,-1.411105,23,23,25,23,23,24,23,23,24,23,23,25
1791408683.758577,-0.024260,0.689888,-1.402874,0.020081,0.693097,-1.481638,-0.000027,0.733028,-1.428529,0.107013,0.682071,-1.411089,23,23,24,23,23,24,23,23,24,23,23,25
1791408683.778294,-0.024260,0.689888,-1.402874,0.020081,0.693067,-1.481654,-0.000057,0.733028,-1.428513,0.107044,0.682071,-1.411089,23,23,24,23,23,24,23,23,24,23,23,25
1791408683.798159,-0.024290,0.689888,-1.402890,0.020112,0.693067,-1.481638,-0.000088,0.732998,-1.428529,0.107013,0.682101,-1.411105,23,23,24,23,23,24,23,23,24,23,23,25
1791408683.818279,-0.024260,0.689858,-1.402890,0.020051,0.693067,-1.481638,-0.000088,0.733028,-1.428529,0.106953,0.682071,-1.411105,23,23,24,23,23,24,23,23,24,23,23,25
1791408683.838875,-0.024260,0.689858,-1.402890,0.020051,0.693097,-1.481654,-0.000057,0.733028,-1.428545,0.107013,0.682040,-1.411089,23,23,24,23,23,24,23,23,24,23,23,25
1791408683.858501,-0.024290,0.689827,-1.402874,0.020081,0.693067,-1.481654,-0.000057,0.733028,-1.428545,0.106983,0.682040,-1.411089,23,23,25,23,23,24,23,23,24,23,23,25
1791408683.878209,-0.024290,0.689858,-1.402890,0.020081,0.693037,-1.481622,-0.000057,0.733028,-1.428513,0.106983,0.682040,-1.411089,23,23,24,23,23,24,23,23,24,23,23,25
1791408683.898242,-0.024260,0.689888,-1.402874,0.020081,0.693097,-1.481654,-0.000027,0.733088,-1.428513,0.106983,0.682040,-1.411089,23,23,25,23,23,24,23,23,24,23,23,25
1791408683.918233,-0.024320,0.689888,-1.402890,0.020112,0.693067,-1.481638,-0.000027,0.733028,-1.428529,0.107044,0.682040,-1.411120,23,23,25,23,23,24,23,23,24,23,23,25
1791408683.938636,-0.024320,0.689948,-1.402874,0.020112,0.693097,-1.481654,0.000033,0.733028,-1.428497,0.107074,0.682101,-1.411089,23,23,25,23,23,24,23,23,24,23,23,25
1791408683.958281,-0.024260,0.689918,-1.402890,0.020112,0.693128,-1.481638,0.000064,0.733058,-1.428529,0.107013,0.682131,-1.411073,23,23,25,23,23,24,23,23,24,23,23,25
1791408683.978285,-0.024260,0.689948,-1.402890,0.020142,0.693097,-1.481638,0.000064,0.733119,-1.428513,0.107074,0.682131,-1.411089,23,23,24,23,23,24,23,23,24,23,23,25
1791408683.998511,-0.024229,0.689979,-1.402890,0.020081,0.693128,-1.481654,0.000033,0.733119,-1.428497,0.107044,0.682162,-1.411089,23,23,25,23,23,24,23,23,24,23,23,25
1791408684.018211,-0.024260,0.689948,-1.402874,0.020112,0.693097,-1.481654,-0.000027,0.733119,-1.428513,0.107013,0.682101,-1.411105,23,23,25,23,23,24,23,23,24,23,23,25
1791408684.038307,-0.024290,0.689918,-1.402874,0.020081,0.693128,-1.481638,-0.000027,0.733088,-1.428513,0.107013,0.682101,-1.411105,23,23,24,23,23,24,23,23,24,23,23,25
1791408684.058126,-0.024290,0.689918,-1.402890,0.020051,0.693128,-1.481654,-0.000027,0.733058,-1.428529,0.107013,0.682131,-1.411105,23,23,25,23,23,24,23,23,24,23,23,25
1791408684.078321,-0.024260,0.689888,-1.402890,0.020021,0.693097,-1.481638,0.000003,0.733119,-1.428529,0.107013,0.682071,-1.411089,23,23,25,23,23,24,23,23,24,23,23,25
1791408684.098088,-0.024290,0.689888,-1.402890,0.020081,0.693097,-1.481638,-0.000027,0.733119,-1.428545,0.107013,0.682101,-1.411089,23,23,25,23,23,24,23,23,24,23,23,25
1791408684.118308,-0.024290,0.689948,-1.402890,0.020081,0.693097,-1.481654,-0.000027,0.733119,-1.428529,0.107013,0.682131,-1.411073,23,23,25,23,23,24,23,23,24,23,23,25
1791408684.138308,-0.024320,0.689948,-1.402874,0.020081,0.693128,-1.481654,0.000003,0.733119,-1.428513,0.107013,0.682131,-1.411073,23,23,25,23,23,24,23,23,24,23,23,25
1791408684.158228,-0.024290,0.690009,-1.402890,0.020081,0.693097,-1.481638,0.000094,0.733119,-1.428529,0.107044,0.682131,-1.411089,23,23,25,23,23,24,23,23,24,23,23,25
1791408684.178214,-0.024290,0.690009,-1.402874,0.020081,0.693158,-1.481654,0.000033,0.733149,-1.428529,0.106953,0.682192,-1.411073,23,23,25,23,23,24,23,23,24,23,23,25
1791408684.198275,-0.024260,0.689979,-1.402890,0.020112,0.693158,-1.481638,0.000003,0.733179,-1.428545,0.106983,0.682162,-1.411105,23,23,24,23,23,24,23,23,24,23,23,25
1791408684.217985,-0.024260,0.689979,-1.402874,0.020112,0.693128,-1.481654,-0.000027,0.733088,-1.428529,0.107013,0.682192,-1.411089,23,23,25,23,23,24,23,23,24,23,23,25
1791408684.238039,-0.024260,0.689948,-1.402874,0.020142,0.693097,-1.481654,0.000033,0.733088,-1.428529,0.107013,0.682162,-1.411073,23,23,25,23,23,24,23,23,24,23,23,25
1791408684.258435,-0.024260,0.690009,-1.402890,0.020112,0.693128,-1.481654,0.000033,0.733119,-1.428529,0.107013,0.682162,-1.411120,23,23,25,23,23,24,23,23,24,23,23,25
1791408684.278205,-0.024260,0.689948,-1.402890,0.020081,0.693097,-1.481654,-0.000088,0.733088,-1.428513,0.107044,0.682162,-1.411120,23,23,25,23,23,24,23,23,24,23,23,25
1791408684.298184,-0.024290,0.689948,-1.402874,0.020051,0.693128,-1.481654,-0.000057,0.733119,-1.428529,0.107013,0.682101,-1.411073,23,23,24,23,23,24,23,23,24,23,23,25
1791408684.318089,-0.024290,0.689948,-1.402890,0.020051,0.693158,-1.481638,-0.000027,0.733119,-1.428513,0.107044,0.682131,-1.411089,23,23,25,23,23,24,23,23,24,23,23,25
1791408684.338207,-0.024290,0.689979,-1.402874,0.020051,0.693097,-1.481654,-0.000027,0.733149,-1.428513,0.107044,0.682101,-1.411105,23,23,25,23,23,24,23,23,24,23,23,25
1791408684.358308,-0.024290,0.689979,-1.402874,0.020081,0.693158,-1.481654,-0.000027,0.733119,-1.428513,0.107074,0.682131,-1.411120,23,23,25,23,23,24,23,23,24,23,23,25
1791408684.378112,-0.024290,0.689979,-1.402890,0.020142,0.693128,-1.481638,-0.000027,0.733179,-1.428497,0.107044,0.682192,-1.411073,23,23,25,23,23,24,23,23,24,23,23,25
1791408684.398096,-0.024260,0.690009,-1.402874,0.020112,0.693128,-1.481654,0.000033,0.733209,-1.428513,0.107013,0.682222,-1.411089,23,23,25,23,23,24,23,23,24,23,23,25
1791408684.418197,-0.024290,0.690009,-1.402890,0.020112,0.693128,-1.481638,0.000003,0.733179,-1.428529,0.107044,0.682192,-1.411105,23,23,25,23,23,24,23,23,24,23,23,25
1791408684.437981,-0.024260,0.690009,-1.402890,0.020112,0.693158,-1.481622,-0.000027,0.733179,-1.428513,0.107013,0.682222,-1.411105,23,23,25,23,23,24,23,23,24,23,23,25
1791408684.458581,-0.024260,0.690009,-1.402890,0.020081,0.693158,-1.481654,-0.000057,0.733149,-1.428529,0.106983,0.682222,-1.411089,23,23,25,23,23,24,23,23,25,23,23,25
1791408684.478077,-0.024229,0.690009,-1.402890,0.020112,0.693158,-1.481654,-0.000088,0.733149,-1.428529,0.107013,0.682192,-1.411089,23,23,25,23,23,24,23,23,25,23,23,25
1791408684.498333,-0.024290,0.689979,-1.402890,0.020081,0.693128,-1.481638,-0.000027,0.733149,-1.428529,0.106983,0.682192,-1.411089,23,23,25,23,23,24,23,23,24,23,23,25
1791408684.518954,-0.024260,0.689948,-1.402859,0.020081,0.693097,-1.481638,-0.000027,0.733088,-1.428529,0.107013,0.682192,-1.411089,23,23,25,23,23,24,23,23,24,23,23,25
1791408684.538283,-0.024290,0.689979,-1.402874,0.020081,0.693158,-1.481638,-0.000057,0.733119,-1.428529,0.107013,0.682162,-1.411089,23,23,25,23,23,24,23,23,24,23,23,25
1791408684.558232,-0.024290,0.689948,-1.402874,0.020051,0.693158,-1.481654,-0.000088,0.733149,-1.428529,0.107013,0.682162,-1.411105,23,23,25,23,23,24,23,23,25,23,23,25
1791408684.578194,-0.024320,0.689979,-1.402874,0.020051,0.693128,-1.481638,0.000003,0.733179,-1.428529,0.107013,0.682162,-1.411073,23,23,25,23,23,24,23,23,25,23,23,25
1791408684.598048,-0.024290,0.690009,-1.402874,0.020081,0.693128,-1.481670,-0.000027,0.733179,-1.428529,0.107013,0.682162,-1.411120,23,23,25,23,23,24,23,23,24,23,23,25
1791408684.618107,-0.024260,0.690039,-1.402859,0.020051,0.693128,-1.481622,-0.000027,0.733149,-1.428513,0.107013,0.682192,-1.411105,23,23,25,23,23,24,23,23,25,23,23,25
1791408684.638256,-0.024260,0.690069,-1.402874,0.020112,0.693188,-1.481654,0.000033,0.733179,-1.428529,0.107013,0.682252,-1.411089,23,23,24,23,23,24,23,23,24,23,23,25
1791408684.658074,-0.024290,0.690009,-1.402874,0.020112,0.693158,-1.481654,-0.000027,0.733179,-1.428545,0.107013,0.682222,-1.411089,23,23,25,23,23,24,23,23,25,23,23,25
1791408684.678361,-0.024260,0.690069,-1.402890,0.020112,0.693188,-1.481654,0.000094,0.733179,-1.428529,0.107044,0.682252,-1.411089,23,23,25,23,23,24,23,23,25,23,23,25
1791408684.698431,-0.024290,0.690039,-1.402874,0.020081,0.693218,-1.481638,-0.000027,0.733209,-1.428529,0.107013,0.682222,-1.411073,23,23,25,23,23,24,23,23,24,23,23,25
1791408684.718191,-0.024290,0.690009,-1.402874,0.020081,0.693188,-1.481638,-0.000057,0.733179,-1.428529,0.106983,0.682222,-1.411073,23,23,25,23,23,24,23,23,24,23,23,25
1791408684.738298,-0.024290,0.690039,-1.402890,0.020051,0.693188,-1.481638,-0.000057,0.733209,-1.428545,0.107013,0.682192,-1.411089,23,23,25,23,23,24,23,23,25,23,23,25
1791408684.758331,-0.024290,0.690009,-1.402874,0.020081,0.693158,-1.481638,0.000003,0.733209,-1.428529,0.106983,0.682192,-1.411089,23,23,25,23,23,24,23,23,24,23,23,25
1791408684.778325,-0.024320,0.690009,-1.402874,0.020051,0.693158,-1.481654,-0.000057,0.733209,-1.428529,0.107013,0.682162,-1.411105,23,23,25,23,23,24,23,23,24,23,23,25
1791408684.798573,-0.024290,0.690009,-1.402874,0.020051,0.693188,-1.481638,-0.000027,0.733209,-1.428529,0.107013,0.682192,-1.411120,23,23,25,23,23,24,23,23,24,23,23,25
1791408684.818476,-0.024260,0.690039,-1.402874,0.020081,0.693158,-1.481638,-0.000057,0.733179,-1.428529,0.107044,0.682192,-1.411120,23,23,25,23,23,24,23,23,24,23,23,25
1791408684.838471,-0.024260,0.690039,-1.402859,0.020081,0.693158,-1.481638,0.000033,0.733179,-1.428545,0.107044,0.682192,-1.411120,23,23,25,23,23,24,23,23,24,23,23,25
1791408684.858757,-0.024229,0.690039,-1.402890,0.020081,0.693128,-1.481638,-0.000027,0.733149,-1.428545,0.107044,0.682192,-1.411105,23,23,25,23,23,24,23,23,24,23,23,25
1791408684.878168,-0.024260,0.690069,-1.402859,0.020081,0.693158,-1.481638,0.000003,0.733179,-1.428529,0.107044,0.682222,-1.411105,23,23,25,23,23,24,23,23,24,23,23,25
1791408684.898240,-0.024290,0.690069,-1.402874,0.020112,0.693158,-1.481638,0.000003,0.733179,-1.428529,0.106983,0.682222,-1.411105,23,23,25,23,23,24,23,23,24,23,23,25
1791408684.918268,-0.024260,0.690009,-1.402890,0.020112,0.693188,-1.481654,-0.000057,0.733179,-1.428529,0.107044,0.682222,-1.411105,23,23,25,23,23,24,23,23,24,23,23,25
1791408684.938148,-0.024260,0.690039,-1.402874,0.020112,0.693158,-1.481638,-0.000088,0.733149,-1.428545,0.106983,0.682222,-1.411089,23,23,25,23,23,24,23,23,25,23,23,25
1791408684.958409,-0.024260,0.690009,-1.402874,0.020081,0.693158,-1.481654,-0.000057,0.733088,-1.428529,0.107044,0.682192,-1.411105,23,23,25,23,23,24,23,23,25,23,23,25
1791408684.978335,-0.024260,0.690039,-1.402859,0.020081,0.693158,-1.481654,-0.000057,0.733149,-1.428529,0.107013,0.682222,-1.411105,23,23,25,23,23,24,23,23,25,23,23,25
1791408684.998240,-0.024260,0.690009,-1.402890,0.020051,0.693158,-1.481654,-0.000057,0.733149,-1.428545,0.107013,0.682162,-1.411089,23,23,25,23,23,24,23,23,24,23,23,25
1791408685.018378,-0.024260,0.690039,-1.402890,0.020051,0.693188,-1.481654,-0.000057,0.733149,-1.428513,0.107013,0.682162,-1.411105,23,23,25,23,23,24,23,23,24,23,23,25
1791408685.038351,-0.024290,0.690039,-1.402859,0.020081,0.693158,-1.481638,-0.000057,0.733209,-1.428529,0.107044,0.682162,-1.411105,23,23,25,23,23,24,23,23,25,23,23,25
1791408685.058397,-0.024290,0.690100,-1.402874,0.020081,0.693128,-1.481654,0.000094,0.733209,-1.428529,0.107044,0.682192,-1.411089,23,23,25,23,23,24,23,23,24,23,23,25
1791408685.078414,-0.024290,0.690039,-1.402874,0.020081,0.693188,-1.481638,-0.000027,0.733209,-1.428545,0.107044,0.682252,-1.411089,23,23,25,23,23,24,23,23,25,23,23,25
1791408685.098516,-0.024260,0.690069,-1.402859,0.020112,0.693158,-1.481638,0.000033,0.733179,-1.428529,0.107013,0.682222,-1.411073,23,23,25,23,23,24,23,23,25,23,23,25
1791408685.118248,-0.024260,0.690039,-1.402874,0.020142,0.693188,-1.481622,-0.000057,0.733149,-1.428545,0.106953,0.682313,-1.411073,23,23,25,23,23,24,23,23,24,23,23,25
1791408685.138515,-0.024260,0.690039,-1.402874,0.020112,0.693218,-1.481638,-0.000057,0.733149,-1.428513,0.106983,0.682313,-1.411073,23,23,25,23,23,24,23,23,25,23,23,25
1791408685.158312,-0.024260,0.690069,-1.402874,0.020112,0.693158,-1.481638,-0.000148,0.733149,-1.428529,0.107013,0.682283,-1.411105,23,23,25,23,23,24,23,23,25,23,23,25
1791408685.178250,-0.024290,0.690069,-1.402874,0.020081,0.693158,-1.481654,-0.000088,0.733119,-1.428529,0.107013,0.682313,-1.411105,23,23,25,23,23,24,23,23,25,23,23,25
1791408685.198412,-0.024290,0.690039,-1.402890,0.020051,0.693188,-1.481622,-0.000118,0.733179,-1.428529,0.106983,0.682252,-1.411105,23,23,25,23,23,24,23,23,25,23,23,25
1791408685.218283,-0.024290,0.690009,-1.402874,0.020112,0.693158,-1.481654,-0.000118,0.733149,-1.428513,0.107044,0.682252,-1.411089,23,23,25,23,23,24,23,23,24,23,23,25
1791408685.238275,-0.024290,0.690039,-1.402874,0.020051,0.693158,-1.481654,-0.000088,0.733209,-1.428545,0.107044,0.682252,-1.411089,23,23,25,23,23,24,23,23,24,23,23,25
1791408685.258183,-0.024290,0.690069,-1.402890,0.020081,0.693188,-1.481622,-0.000088,0.733209,-1.428529,0.107013,0.682252,-1.411120,23,23,25,23,23,24,23,23,25,23,23,25
1791408685.278311,-0.024320,0.690069,-1.402874,0.020112,0.693158,-1.481654,-0.000057,0.733179,-1.428513,0.107044,0.682252,-1.411105,23,23,25,23,23,24,23,23,25,23,23,25
1791408685.298321,-0.024290,0.690100,-1.402890,0.020081,0.693158,-1.481638,0.000033,0.733240,-1.428513,0.107044,0.682283,-1.411089,23,23,25,23,23,24,23,23,25,23,23,25
1791408685.318325,-0.024290,0.690069,-1.402874,0.020081,0.693128,-1.481638,-0.000057,0.733209,-1.428529,0.107013,0.682343,-1.411105,23,23,25,23,23,24,23,23,25,23,23,25
1791408685.338381,-0.024290,0.690100,-1.402890,0.020112,0.693188,-1.481654,-0.000027,0.733209,-1.428545,0.107044,0.682283,-1.411089,23,23,25,23,23,24,23,23,25,23,23,25
1791408685.358430,-0.024260,0.690069,-1.402859,0.020112,0.693128,-1.481638,0.000003,0.733209,-1.428529,0.107044,0.682252,-1.411105,23,23,25,23,23,24,23,23,25,23,23,25
1791408685.378740,-0.024290,0.690069,-1.402859,0.020112,0.693188,-1.481622,-0.000027,0.733209,-1.428529,0.107013,0.682313,-1.411105,23,23,25,23,23,24,23,23,25,23,23,25
1791408685.398217,-0.024260,0.690039,-1.402890,0.020081,0.693158,-1.481654,-0.000027,0.733149,-1.428529,0.106983,0.682283,-1.411089,23,23,25,23,23,24,23,23,25,23,23,25
1791408685.418190,-0.024260,0.690039,-1.402874,0.020112,0.693158,-1.481654,-0.000057,0.733209,-1.428545,0.107044,0.682283,-1.411089,23,23,25,23,23,24,23,23,25,23,23,25
1791408685.438103,-0.024290,0.690069,-1.402874,0.020081,0.693158,-1.481654,-0.000057,0.733209,-1.428545,0.107044,0.682222,-1.411089,23,23,25,23,23,24,23,23,25,23,23,25
1791408685.458531,-0.024320,0.690039,-1.402874,0.020081,0.693158,-1.481638,-0.000118,0.733179,-1.428513,0.106983,0.682283,-1.411089,23,23,25,23,23,24,23,23,25,23,23,25
1791408685.478132,-0.024290,0.690039,-1.402890,0.020112,0.693158,-1.481638,-0.000057,0.733209,-1.428529,0.107013,0.682252,-1.411105,23,23,25,23,23,24,23,23,25,23,23,25
1791408685.498363,-0.024320,0.690039,-1.402890,0.020112,0.693188,-1.481654,-0.000057,0.733240,-1.428529,0.107013,0.682222,-1.411089,23,23,25,23,23,24,23,23,25,23,23,25
1791408685.518289,-0.024290,0.690069,-1.402890,0.020081,0.693188,-1.481638,-0.000057,0.733240,-1.428529,0.107013,0.682313,-1.411089,23,23,25,23,23,24,23,23,25,23,23,25
1791408685.538201,-0.024260,0.690069,-1.402874,0.020112,0.693158,-1.481638,-0.000027,0.733209,-1.428529,0.106983,0.682283,-1.411105,23,23,25,23,23,24,23,23,25,23,23,25
1791408685.558181,-0.024290,0.690100,-1.402859,0.020081,0.693188,-1.481622,0.000003,0.733209,-1.428529,0.106983,0.682313,-1.411120,23,23,25,23,23,24,23,23,25,23,23,25
1791408685.578542,-0.024290,0.690039,-1.402859,0.020112,0.693188,-1.481638,0.000003,0.733149,-1.428529,0.107013,0.682222,-1.411089,23,23,25,23,23,24,23,23,25,23,23,25
1791408685.598486,-0.024260,0.690069,-1.402859,0.020112,0.693188,-1.481638,-0.000088,0.733209,-1.428529,0.107013,0.682313,-1.411120,23,23,25,23,23,24,23,23,25,23,23,25
1791408685.618351,-0.024260,0.690069,-1.402890,0.020112,0.693158,-1.481654,-0.000027,0.733149,-1.428545,0.106983,0.682283,-1.411089,23,23,25,23,23,24,23,23,25,23,23,25
1791408685.638195,-0.024260,0.690009,-1.402890,0.020112,0.693158,-1.481654,-0.000057,0.733149,-1.428529,0.106983,0.682222,-1.411089,23,23,25,23,23,24,23,23,25,23,23,25
1791408685.658362,-0.024290,0.690009,-1.402859,0.020112,0.693188,-1.481638,-0.000118,0.733149,-1.428513,0.106983,0.682283,-1.411105,23,23,25,23,23,24,23,23,25,23,23,25
1791408685.678595,-0.024260,0.690039,-1.402890,0.020081,0.693188,-1.481654,-0.000148,0.733179,-1.428545,0.106983,0.682313,-1.411089,23,23,25,23,23,24,23,23,25,23,23,25
1791408685.698395,-0.024320,0.690009,-1.402874,0.020112,0.693188,-1.481654,-0.000118,0.733179,-1.428529,0.106983,0.682283,-1.411089,23,23,25,23,23,24,23,23,25,23,23,25
1791408685.718389,-0.024290,0.690039,-1.402874,0.020081,0.693158,-1.481654,-0.000088,0.733209,-1.428513,0.106953,0.682283,-1.411089,23,23,25,23,23,24,23,23,25,23,23,25
1791408685.738196,-0.024290,0.690039,-1.402874,0.020112,0.693158,-1.481638,-0.000088,0.733209,-1.428529,0.106953,0.682313,-1.411089,23,23,25,23,23,24,23,23,25,23,23,25
1791408685.758310,-0.024320,0.690100,-1.402890,0.020112,0.693188,-1.481654,-0.000088,0.733209,-1.428513,0.106983,0.682313,-1.411089,23,23,25,23,23,24,23,23,25,23,23,25
1791408685.778208,-0.024260,0.690069,-1.402874,0.020112,0.693188,-1.481638,-0.000118,0.733179,-1.428529,0.107013,0.682313,-1.411089,23,23,25,23,23,24,23,23,25,23,23,25
1791408685.798062,-0.024260,0.690069,-1.402874,0.020112,0.693218,-1.481654,-0.000088,0.733179,-1.428545,0.107013,0.682343,-1.411073,23,23,25,23,23,24,23,23,25,23,23,25
1791408685.818337,-0.024260,0.690069,-1.402859,0.020112,0.693188,-1.481638,-0.000057,0.733119,-1.428529,0.106983,0.682283,-1.411105,23,23,25,23,23,24,23,23,25,23,23,25
1791408685.838123,-0.024260,0.690069,-1.402890,0.020081,0.693188,-1.481638,-0.000088,0.733149,-1.428529,0.106983,0.682283,-1.411105,23,23,25,23,23,24,23,23,25,23,23,25
1791408685.858435,-0.024260,0.690039,-1.402874,0.020112,0.693188,-1.481654,-0.000088,0.733179,-1.428545,0.106983,0.682283,-1.411089,23,23,25,23,23,24,23,23,25,23,23,25
1791408685.878221,-0.024290,0.690039,-1.402874,0.020112,0.693158,-1.481654,-0.000057,0.733149,-1.428529,0.107013,0.682283,-1.411120,23,23,25,23,23,24,23,23,25,23,23,25
1791408685.898063,-0.024260,0.690039,-1.402859,0.020081,0.693218,-1.481654,-0.000057,0.733179,-1.428529,0.106983,0.682252,-1.411089,23,23,25,23,23,24,23,23,25,23,23,25
1791408685.918152,-0.024290,0.690039,-1.402874,0.020112,0.693188,-1.481638,-0.000057,0.733209,-1.428545,0.107044,0.682252,-1.411089,23,23,25,23,23,24,23,23,25,23,23,25
1791408685.938223,-0.024320,0.690069,-1.402859,0.020081,0.693188,-1.481622,0.000033,0.733240,-1.428513,0.107013,0.682252,-1.411105,23,23,25,23,23,24,23,23,25,23,23,25
1791408685.958278,-0.024290,0.690039,-1.402859,0.020051,0.693188,-1.481638,-0.000027,0.733209,-1.428529,0.107044,0.682252,-1.411089,23,23,25,23,23,24,23,23,25,23,23,25
1791408685.978272,-0.024290,0.690039,-1.402874,0.020081,0.693188,-1.481654,-0.000027,0.733209,-1.428513,0.106983,0.682313,-1.411105,23,23,25,23,23,24,23,23,25,23,23,25
1791408685.998301,-0.024290,0.690100,-1.402906,0.020112,0.693188,-1.481638,0.000003,0.733209,-1.428529,0.106983,0.682313,-1.411120,23,23,25,23,23,24,23,23,25,23,23,25
1791408686.018125,-0.024260,0.690100,-1.402874,0.020051,0.693158,-1.481654,-0.000057,0.733209,-1.428545,0.106983,0.682283,-1.411089,23,23,25,23,23,24,23,23,25,23,23,25
1791408686.038220,-0.024260,0.690130,-1.402859,0.020112,0.693188,-1.481638,-0.000027,0.733179,-1.428529,0.107013,0.682313,-1.411136,23,23,25,23,23,24,23,23,25,23,23,25
1791408686.058187,-0.024260,0.690100,-1.402874,0.020081,0.693188,-1.481638,-0.000057,0.733149,-1.428545,0.107013,0.682313,-1.411120,23,23,25,23,23,24,23,23,25,23,23,25
1791408686.078218,-0.024290,0.690039,-1.402859,0.020081,0.693188,-1.481638,-0.000088,0.733149,-1.428513,0.107044,0.682283,-1.411089,23,23,25,23,23,24,23,23,25,23,23,25
1791408686.098279,-0.024290,0.690069,-1.402859,0.020081,0.693188,-1.481654,-0.000027,0.733179,-1.428513,0.107013,0.682252,-1.411089,23,23,25,23,23,24,23,23,25,23,23,25
1791408686.118304,-0.024260,0.690039,-1.402874,0.020051,0.693188,-1.481654,-0.000118,0.733149,-1.428529,0.106953,0.682252,-1.411089,23,23,25,23,23,24,23,23,25,23,23,25
1791408686.138567,-0.024290,0.690039,-1.402890,0.020081,0.693188,-1.481638,-0.000027,0.733149,-1.428529,0.106983,0.682283,-1.411089,23,23,25,23,23,24,23,23,25,23,23,25
1791408686.158165,-0.024260,0.690069,-1.402874,0.020081,0.693218,-1.481654,-0.000088,0.733179,-1.428545,0.107013,0.682283,-1.411089,23,23,25,23,23,24,23,23,25,23,23,25
1791408686.178341,-0.024290,0.690100,-1.402874,0.020051,0.693158,-1.481638,-0.000057,0.733179,-1.428529,0.107044,0.682252,-1.411105,23,23,25,23,23,24,23,23,25,23,23,25
1791408686.198354,-0.024290,0.690160,-1.402874,0.020051,0.693188,-1.481654,0.000064,0.733240,-1.428529,0.107013,0.682252,-1.411089,23,23,25,23,23,24,23,23,25,23,23,25
1791408686.218062,-0.024290,0.690160,-1.402859,0.020081,0.693218,-1.481638,-0.000088,0.733209,-1.428529,0.107044,0.682283,-1.411105,23,23,25,23,23,24,23,23,25,23,23,25
1791408686.238295,-0.024260,0.690191,-1.402874,0.020081,0.693188,-1.481638,-0.000027,0.733179,-1.428513,0.107074,0.682252,-1.411120,23,23,25,23,23,24,23,23,25,23,23,25
1791408686.258283,-0.024260,0.690191,-1.402859,0.020112,0.693218,-1.481638,0.000033,0.733240,-1.428529,0.107013,0.682283,-1.411089,23,23,25,23,23,24,23,23,25,23,23,25
1791408686.278370,-0.024290,0.690191,-1.402859,0.020081,0.693188,-1.481638,0.000033,0.733240,-1.428529,0.107044,0.682283,-1.411089,23,23,25,23,23,24,23,23,25,23,23,25
1791408686.298144,-0.024260,0.690130,-1.402874,0.020081,0.693188,-1.481654,0.000003,0.733209,-1.428529,0.107013,0.682313,-1.411089,23,23,25,23,23,24,23,23,25,23,23,25
1791408686.318208,-0.024290,0.690160,-1.402874,0.020112,0.693218,-1.481638,-0.000088,0.733179,-1.428545,0.107013,0.682343,-1.411089,23,23,25,23,23,24,23,23,25,23,23,25
1791408686.338392,-0.024260,0.690069,-1.402859,0.020081,0.693218,-1.481654,-0.000088,0.733179,-1.428545,0.106983,0.682283,-1.411120,23,23,25,23,23,24,23,23,25,23,23,25
1791408686.358353,-0.024290,0.690100,-1.402859,0.020051,0.693188,-1.481638,-0.000057,0.733209,-1.428529,0.107013,0.682222,-1.411120,23,23,25,23,23,24,23,23,25,23,23,25
1791408686.378346,-0.024290,0.690100,-1.402874,0.020051,0.693188,-1.481638,-0.000057,0.733209,-1.428545,0.107013,0.682222,-1.411105,23,23,25,23,23,24,23,23,25,23,23,25
1791408686.398297,-0.024290,0.690100,-1.402859,0.020081,0.693218,-1.481654,-0.000027,0.733209,-1.428529,0.106983,0.682252,-1.411073,23,23,25,23,23,24,23,23,25,23,23,25
1791408686.418116,-0.024320,0.690130,-1.402874,0.020081,0.693218,-1.481654,-0.000057,0.733240,-1.428513,0.106983,0.682283,-1.411120,23,23,25,23,23,24,23,23,25,23,23,25
1791408686.438277,-0.024290,0.690160,-1.402874,0.020081,0.693188,-1.481638,-0.000057,0.733209,-1.428529,0.107013,0.682283,-1.411089,23,23,25,23,23,24,23,23,25,23,23,25
1791408686.458508,-0.024290,0.690130,-1.402874,0.020112,0.693218,-1.481638,-0.000027,0.733240,-1.428529,0.107044,0.682313,-1.411089,23,23,25,23,23,24,23,23,25,23,23,25
1791408686.478238,-0.024290,0.690160,-1.402890,0.020081,0.693249,-1.481654,-0.000027,0.733270,-1.428529,0.107013,0.682343,-1.411089,23,23,25,23,23,24,23,23,25,23,23,25
1791408686.498347,-0.024260,0.690160,-1.402890,0.020142,0.693249,-1.481654,-0.000027,0.733240,-1.428529,0.106983,0.682374,-1.411073,23,23,25,23,23,24,23,23,25,23,23,25
1791408686.518378,-0.024290,0.690160,-1.402874,0.020112,0.693249,-1.481654,-0.000057,0.733240,-1.428529,0.107013,0.682374,-1.411073,23,23,25,23,23,24,23,23,25,23,23,25
1791408686.538390,-0.024290,0.690160,-1.402874,0.020112,0.693249,-1.481654,0.000003,0.733240,-1.428529,0.106983,0.682374,-1.411089,23,23,25,23,23,24,23,23,25,23,23,25
1791408686.558130,-0.024290,0.690100,-1.402874,0.020112,0.693218,-1.481638,-0.000088,0.733179,-1.428545,0.106953,0.682343,-1.411073,23,23,25,23,23,24,23,23,25,23,23,25
1791408686.578076,-0.024260,0.690130,-1.402890,0.020112,0.693249,-1.481638,-0.000057,0.733179,-1.428545,0.106953,0.682343,-1.411089,23,23,25,23,23,24,23,23,25,23,23,25
1791408686.598359,-0.024290,0.690160,-1.402874,0.020112,0.693218,-1.481654,-0.000057,0.733209,-1.428529,0.107013,0.682343,-1.411089,23,23,25,23,23,24,23,23,25,23,23,25
1791408686.618272,-0.024290,0.690130,-1.402890,0.020051,0.693249,-1.481654,-0.000057,0.733209,-1.428545,0.106983,0.682343,-1.411089,23,23,25,23,23,24,23,23,25,23,23,25
1791408686.638278,-0.024290,0.690160,-1.402874,0.020051,0.693218,-1.481638,-0.000057,0.733240,-1.428513,0.107013,0.682343,-1.411089,23,23,25,23,23,24,23,23,25,23,23,25
1791408686.658305,-0.024260,0.690130,-1.402890,0.020081,0.693249,-1.481638,-0.000088,0.733209,-1.428545,0.106983,0.682343,-1.411089,23,23,25,23,23,24,23,23,25,23,23,25
1791408686.678168,-0.024290,0.690160,-1.402874,0.020081,0.693218,-1.481638,0.000003,0.733240,-1.428545,0.107013,0.682374,-1.411089,23,23,25,23,23,24,23,23,25,23,23,25
1791408686.698128,-0.024260,0.690160,-1.402874,0.020112,0.693218,-1.481638,-0.000027,0.733209,-1.428529,0.107013,0.682343,-1.411089,23,23,25,23,23,24,23,23,25,23,23,25
1791408686.718371,-0.024260,0.690191,-1.402874,0.020112,0.693249,-1.481622,0.000003,0.733240,-1.428529,0.106983,0.682343,-1.411089,23,23,25,23,23,24,23,23,25,23,23,25
1791408686.738385,-0.024260,0.690130,-1.402874,0.020142,0.693279,-1.481654,-0.000088,0.733240,-1.428560,0.107013,0.682374,-1.411105,23,23,25,23,23,24,23,23,25,23,23,25
1791408686.758116,-0.024290,0.690160,-1.402874,0.020142,0.693279,-1.481654,-0.000088,0.733179,-1.428529,0.107013,0.682374,-1.411089,23,23,25,23,23,24,23,23,25,23,23,25
1791408686.778224,-0.024260,0.690130,-1.402874,0.020112,0.693249,-1.481654,-0.000088,0.733209,-1.428529,0.107013,0.682374,-1.411073,23,23,25,23,23,24,23,23,25,23,23,25
1791408686.798173,-0.024290,0.690100,-1.402874,0.020112,0.693218,-1.481654,-0.000088,0.733240,-1.428529,0.106983,0.682374,-1.411089,23,23,25,23,23,24,23,23,25,23,23,25
1791408686.818313,-0.024290,0.690130,-1.402874,0.020081,0.693249,-1.481638,-0.000118,0.733209,-1.428513,0.106983,0.682343,-1.411089,23,23,25,23,23,24,23,23,25,23,23,25
1791408686.838266,-0.024290,0.690160,-1.402843,0.020081,0.693218,-1.481638,-0.000088,0.733240,-1.428545,0.107013,0.682343,-1.411105,23,23,25,23,23,24,23,23,25,23,23,25
1791408686.858296,-0.024320,0.690160,-1.402874,0.020081,0.693249,-1.481638,-0.000088,0.733240,-1.428529,0.107013,0.682313,-1.411120,23,23,25,23,23,24,23,23,25,23,23,25
1791408686.878406,-0.024290,0.690160,-1.402859,0.020112,0.693249,-1.481654,-0.000088,0.733240,-1.428529,0.107013,0.682343,-1.411105,23,23,25,23,23,24,23,23,25,23,23,25
1791408686.898318,-0.024260,0.690160,-1.402859,0.020112,0.693249,-1.481638,-0.000057,0.733209,-1.428545,0.107013,0.682374,-1.411073,23,23,25,23,23,24,23,23,25,23,23,25
1791408686.918400,-0.024260,0.690160,-1.402874,0.020081,0.693249,-1.481638,-0.000088,0.733209,-1.428529,0.106953,0.682374,-1.411089,23,23,25,23,23,24,23,23,25,23,23,25
1791408686.938305,-0.024290,0.690160,-1.402859,0.020112,0.693218,-1.481638,0.000003,0.733209,-1.428545,0.107013,0.682343,-1.411105,23,23,25,23,23,24,23,23,25,23,23,25
1791408686.958341,-0.024229,0.690191,-1.402890,0.020112,0.693218,-1.481638,0.000003,0.733179,-1.428545,0.107013,0.682374,-1.411073,23,23,25,23,23,24,23,23,25,23,23,25
1791408686.978419,-0.024260,0.690160,-1.402874,0.020112,0.693218,-1.481638,-0.000057,0.733209,-1.428529,0.107013,0.682374,-1.411089,23,23,25,23,23,24,23,23,25,23,23,25
1791408686.998515,-0.024260,0.690160,-1.402874,0.020112,0.693218,-1.481638,-0.000057,0.733209,-1.428529,0.107013,0.682374,-1.411089,23,23,25,23,23,24,23,23,25,23,23,25
1791408687.018391,-0.024290,0.690160,-1.402859,0.020051,0.693218,-1.481654,-0.000027,0.733240,-1.428529,0.107044,0.682343,-1.411105,23,23,25,23,23,24,23,23,25,23,23,25
1791408687.038489,-0.024260,0.690130,-1.402874,0.020051,0.693218,-1.481638,-0.000057,0.733240,-1.428529,0.107044,0.682343,-1.411105,23,23,25,23,23,24,23,23,25,23,23,25
1791408687.058335,-0.024260,0.690160,-1.402859,0.020081,0.693249,-1.481638,-0.000057,0.733240,-1.428545,0.107013,0.682313,-1.411089,23,23,25,23,23,24,23,23,25,23,23,25
1791408687.078342,-0.024260,0.690160,-1.402874,0.020051,0.693249,-1.481654,-0.000027,0.733240,-1.428529,0.107013,0.682313,-1.411105,23,23,25,23,23,24,23,23,25,23,23,25
1791408687.098201,-0.024290,0.690160,-1.402890,0.020112,0.693249,-1.481654,-0.000027,0.733270,-1.428545,0.107013,0.682374,-1.411089,23,23,25,23,23,24,23,23,25,23,23,25
1791408687.118552,-0.024290,0.690221,-1.402874,0.020081,0.693249,-1.481638,0.000094,0.733331,-1.428545,0.107013,0.682343,-1.411105,23,23,25,23,23,24,23,23,25,23,23,25
1791408687.138335,-0.024260,0.690251,-1.402874,0.020081,0.693279,-1.481622,-0.000027,0.733331,-1.428529,0.107013,0.682404,-1.411089,23,23,25,23,23,24,23,23,25,23,23,25
1791408687.158464,-0.024260,0.690251,-1.402874,0.020051,0.693218,-1.481654,0.000003,0.733331,-1.428545,0.107044,0.682374,-1.411105,23,23,25,23,23,24,23,23,25,23,23,25
1791408687.178386,-0.024290,0.690251,-1.402874,0.020112,0.693218,-1.481638,-0.000027,0.733270,-1.428545,0.107013,0.682343,-1.411105,23,23,25,23,23,24,23,23,25,23,23,25
1791408687.198380,-0.024290,0.690251,-1.402890,0.020112,0.693249,-1.481638,0.000003,0.733270,-1.428545,0.107074,0.682374,-1.411120,23,23,25,23,23,24,23,23,25,23,23,25
1791408687.218446,-0.024260,0.690221,-1.402874,0.020081,0.693249,-1.481654,0.000003,0.733300,-1.428529,0.107013,0.682343,-1.411089,23,23,25,23,23,24,23,23,25,23,23,25
1791408687.238420,-0.024260,0.690191,-1.402874,0.020081,0.693249,-1.481654,-0.000027,0.733270,-1.428545,0.107013,0.682374,-1.411073,23,23,25,23,23,24,23,23,25,23,23,25
1791408687.258420,-0.024290,0.690191,-1.402874,0.020051,0.693249,-1.481638,-0.000057,0.733270,-1.428545,0.107013,0.682283,-1.411105,23,23,25,23,23,24,23,23,25,23,23,25
1791408687.278191,-0.024320,0.690191,-1.402890,0.020051,0.693249,-1.481638,-0.000027,0.733331,-1.428545,0.107013,0.682313,-1.411089,23,23,25,23,23,24,23,23,25,23,23,25
1791408687.298587,-0.024260,0.690191,-1.402859,0.020081,0.693249,-1.481638,-0.000057,0.733270,-1.428545,0.107013,0.682343,-1.411105,23,23,25,23,23,24,23,23,25,23,23,25
1791408687.318526,-0.024290,0.690221,-1.402874,0.020081,0.693249,-1.481654,-0.000088,0.733270,-1.428545,0.106983,0.682374,-1.411089,23,23,25,23,23,24,23,23,25,23,23,25
1791408687.338223,-0.024290,0.690221,-1.402874,0.020112,0.693249,-1.481622,-0.000057,0.733300,-1.428513,0.106983,0.682343,-1.411089,23,23,25,23,23,24,23,23,25,23,23,25
1791408687.358560,-0.024290,0.690221,-1.402874,0.020081,0.693279,-1.481654,-0.000057,0.733270,-1.428545,0.107013,0.682343,-1.411089,23,23,25,23,23,24,23,23,25,23,23,25
1791408687.378284,-0.024290,0.690251,-1.402874,0.020112,0.693218,-1.481638,-0.000027,0.733331,-1.428545,0.107013,0.682374,-1.411105,23,23,25,23,23,24,23,23,25,23,23,25
1791408687.398616,-0.024260,0.690221,-1.402859,0.020112,0.693279,-1.481622,-0.000027,0.733300,-1.428545,0.107013,0.682374,-1.411089,23,23,25,23,23,24,23,23,25,23,23,25
1791408687.418535,-0.024290,0.690191,-1.402874,0.020112,0.693249,-1.481654,-0.000057,0.733270,-1.428545,0.106983,0.682374,-1.411089,23,23,25,23,23,24,23,23,25,23,23,25
1791408687.438565,-0.024260,0.690221,-1.402859,0.020112,0.693279,-1.481638,-0.000027,0.733270,-1.428529,0.106983,0.682374,-1.411105,23,23,25,23,23,24,23,23,25,23,23,25
1791408687.458228,-0.024260,0.690191,-1.402874,0.020112,0.693218,-1.481654,0.000003,0.733300,-1.428545,0.107013,0.682374,-1.411105,23,23,25,23,23,24,23,23,25,23,23,25
1791408687.478349,-0.024290,0.690160,-1.402874,0.020081,0.693249,-1.481654,-0.000057,0.733300,-1.428545,0.107013,0.682374,-1.411089,23,23,25,23,23,24,23,23,25,23,23,25
1791408687.498447,-0.024320,0.690191,-1.402874,0.020051,0.693249,-1.481622,-0.000057,0.733300,-1.428513,0.106983,0.682343,-1.411105,23,23,25,23,23,24,23,23,25,23,23,25
1791408687.518446,-0.024290,0.690191,-1.402874,0.020081,0.693249,-1.481638,-0.000027,0.733300,-1.428529,0.106983,0.682313,-1.411120,23,23,25,23,23,24,23,23,25,23,23,25
1791408687.538316,-0.024290,0.690221,-1.402874,0.020081,0.693218,-1.481654,-0.000057,0.733300,-1.428529,0.107013,0.682374,-1.411105,23,23,25,23,23,24,23,23,25,23,23,25
1791408687.558341,-0.024320,0.690251,-1.402874,0.020051,0.693279,-1.481638,-0.000027,0.733361,-1.428529,0.107013,0.682313,-1.411073,23,23,25,23,23,24,23,23,25,23,23,25
1791408687.578604,-0.024320,0.690281,-1.402874,0.020081,0.693218,-1.481654,0.000003,0.733391,-1.428545,0.107013,0.682343,-1.411105,23,23,25,23,23,24,23,23,25,23,23,25
1791408687.598447,-0.024290,0.690281,-1.402859,0.020081,0.693249,-1.481654,-0.000027,0.733361,-1.428545,0.107013,0.682374,-1.411105,23,23,25,23,23,24,23,23,25,23,23,25
1791408687.618472,-0.024320,0.690281,-1.402843,0.020081,0.693249,-1.481638,0.000003,0.733361,-1.428545,0.107013,0.682374,-1.411089,23,23,25,23,23,24,23,23,25,23,23,25
1791408687.638292,-0.024290,0.690312,-1.402874,0.020081,0.693249,-1.481654,-0.000027,0.733300,-1.428545,0.107013,0.682343,-1.411089,23,23,25,23,23,24,23,23,25,23,23,25
1791408687.658390,-0.024290,0.690221,-1.402874,0.020112,0.693249,-1.481654,-0.000027,0.733300,-1.428529,0.107013,0.682374,-1.411120,23,23,25,23,23,24,23,23,25,23,23,25
1791408687.678147,-0.024260,0.690251,-1.402890,0.020081,0.693279,-1.481638,-0.000088,0.733300,-1.428529,0.106983,0.682343,-1.411105,23,23,25,23,23,24,23,23,25,23,23,25
1791408687.698623,-0.024290,0.690160,-1.402874,0.020081,0.693249,-1.481638,-0.000057,0.733270,-1.428529,0.107013,0.682343,-1.411105,23,23,25,23,23,24,23,23,25,23,23,25
1791408687.718271,-0.024290,0.690191,-1.402874,0.020081,0.693249,-1.481638,-0.000057,0.733300,-1.428545,0.107013,0.682313,-1.411089,23,23,25,23,23,24,23,23,25,23,23,25
1791408687.738660,-0.024290,0.690191,-1.402874,0.020081,0.693279,-1.481654,-0.000027,0.733270,-1.428529,0.107044,0.682343,-1.411105,23,23,25,23,23,24,23,23,25,23,23,25
1791408687.758522,-0.024290,0.690191,-1.402874,0.020112,0.693249,-1.481654,-0.000027,0.733331,-1.428545,0.107013,0.682313,-1.411089,23,23,25,23,23,24,23,23,25,23,23,25
1791408687.778251,-0.024320,0.690221,-1.402874,0.020081,0.693218,-1.481654,0.000094,0.733331,-1.428529,0.107013,0.682343,-1.411089,23,23,25,23,23,24,23,23,25,23,23,25
1791408687.798217,-0.024320,0.690281,-1.402859,0.020051,0.693249,-1.481638,-0.000027,0.733391,-1.428529,0.107044,0.682343,-1.411105,23,23,25,23,23,24,23,23,25,23,23,25
1791408687.818347,-0.024290,0.690281,-1.402874,0.020081,0.693279,-1.481638,0.000003,0.733391,-1.428529,0.107044,0.682343,-1.411105,23,23,25,23,23,24,23,23,25,23,23,25
1791408687.838117,-0.024320,0.690312,-1.402874,0.020112,0.693279,-1.481638,0.000094,0.733452,-1.428529,0.107044,0.682374,-1.411105,23,23,25,23,23,24,23,23,25,23,23,25
1791408687.858202,-0.024260,0.690372,-1.402874,0.020112,0.693249,-1.481654,0.000033,0.733421,-1.428529,0.107013,0.682434,-1.411089,23,23,25,23,23,24,23,23,25,23,23,25
1791408687.878325,-0.024260,0.690342,-1.402874,0.020112,0.693279,-1.481638,0.000064,0.733452,-1.428529,0.107044,0.682404,-1.411105,23,23,25,23,23,24,23,23,25,23,23,25
1791408687.898157,-0.024290,0.690342,-1.402890,0.020081,0.693279,-1.481654,0.000033,0.733421,-1.428545,0.107013,0.682404,-1.411089,23,23,25,23,23,24,23,23,25,23,23,25
1791408687.918479,-0.024260,0.690312,-1.402890,0.020081,0.693309,-1.481622,0.000033,0.733421,-1.428529,0.107013,0.682404,-1.411073,23,23,25,23,23,24,23,23,25,23,23,25
1791408687.938101,-0.024290,0.690312,-1.402874,0.020112,0.693279,-1.481638,-0.000027,0.733421,-1.428529,0.107044,0.682404,-1.411089,23,23,25,23,23,24,23,23,25,23,23,25
1791408687.958387,-0.024290,0.690312,-1.402859,0.020112,0.693279,-1.481638,-0.000088,0.733391,-1.428513,0.107013,0.682404,-1.411105,23,23,25,23,23,24,23,23,25,23,23,25
1791408687.978220,-0.024290,0.690312,-1.402859,0.020081,0.693279,-1.481654,-0.000057,0.733391,-1.428529,0.107013,0.682374,-1.411120,23,23,25,23,23,24,23,23,25,23,23,25
1791408687.998294,-0.024320,0.690312,-1.402874,0.020081,0.693279,-1.481638,0.000003,0.733421,-1.428529,0.107013,0.682404,-1.411089,23,23,25,23,23,24,23,23,25,23,23,25
1791408688.018399,-0.024320,0.690372,-1.402874,0.020081,0.693279,-1.481654,-0.000027,0.733421,-1.428545,0.107013,0.682404,-1.411089,23,23,25,23,23,24,23,23,25,23,23,25
1791408688.038254,-0.024290,0.690342,-1.402874,0.020112,0.693309,-1.481638,0.000003,0.733421,-1.428529,0.107013,0.682404,-1.411089,23,23,25,23,23,24,23,23,25,23,23,25
1791408688.058347,-0.024260,0.690372,-1.402874,0.020112,0.693279,-1.481638,0.000033,0.733452,-1.428529,0.107013,0.682464,-1.411089,23,23,25,23,23,24,23,23,25,23,23,25
1791408688.078462,-0.024260,0.690403,-1.402874,0.020112,0.693309,-1.481654,0.000064,0.733452,-1.428545,0.107013,0.682464,-1.411089,23,23,25,23,23,24,23,23,25,23,23,25
1791408688.098106,-0.024290,0.690372,-1.402859,0.020112,0.693309,-1.481638,-0.000027,0.733421,-1.428529,0.107013,0.682495,-1.411105,23,23,25,23,23,24,23,23,25,23,23,25
1791408688.118522,-0.024290,0.690372,-1.402874,0.020112,0.693279,-1.481638,0.000033,0.733452,-1.428513,0.107013,0.682434,-1.411089,23,23,25,23,23,24,23,23,25,23,23,25
1791408688.138144,-0.024260,0.690372,-1.402890,0.020112,0.693309,-1.481638,-0.000057,0.733452,-1.428529,0.106983,0.682434,-1.411089,23,23,25,23,23,24,23,23,25,23,23,25
1791408688.158368,-0.024290,0.690342,-1.402874,0.020051,0.693309,-1.481638,0.000003,0.733421,-1.428545,0.106983,0.682434,-1.411089,23,23,25,23,23,24,23,23,25,23,23,25
1791408688.178258,-0.024290,0.690342,-1.402859,0.020112,0.693309,-1.481638,-0.000057,0.733391,-1.428529,0.107013,0.682404,-1.411105,23,23,25,23,23,24,23,23,25,23,23,25
1791408688.198285,-0.024320,0.690342,-1.402890,0.020112,0.693279,-1.481622,-0.000027,0.733421,-1.428545,0.107013,0.682404,-1.411105,23,23,25,23,23,24,23,23,25,23,23,25
1791408688.218384,-0.024290,0.690342,-1.402874,0.020081,0.693279,-1.481622,-0.000057,0.733391,-1.428545,0.107013,0.682434,-1.411089,23,23,25,23,23,24,23,23,25,23,23,25
1791408688.238094,-0.024320,0.690342,-1.402874,0.020051,0.693309,-1.481654,-0.000027,0.733452,-1.428529,0.107013,0.682404,-1.411089,23,23,25,23,23,24,23,23,25,23,23,25
1791408688.258138,-0.024320,0.690342,-1.402874,0.020081,0.693309,-1.481654,-0.000057,0.733391,-1.428545,0.106983,0.682434,-1.411089,23,23,25,23,23,24,23,23,25,23,23,25
1791408688.278140,-0.024290,0.690403,-1.402890,0.020112,0.693309,-1.481654,0.000003,0.733452,-1.428529,0.106983,0.682434,-1.411073,23,23,25,23,23,24,23,23,25,23,23,25
1791408688.298206,-0.024290,0.690372,-1.402874,0.020081,0.693309,-1.481622,0.000094,0.733512,-1.428513,0.107013,0.682374,-1.411089,23,23,25,23,23,24,23,23,25,23,23,25
1791408688.318534,-0.024260,0.690403,-1.402890,0.020081,0.693339,-1.481638,0.000064,0.733482,-1.428529,0.107013,0.682525,-1.411105,23,23,25,23,23,24,23,23,25,23,23,25
1791408688.338404,-0.024290,0.690403,-1.402859,0.020112,0.693309,-1.481622,0.000003,0.733482,-1.428545,0.106983,0.682495,-1.411105,23,23,25,23,23,24,23,23,25,23,23,25
1791408688.358053,-0.024260,0.690372,-1.402890,0.020112,0.693309,-1.481638,0.000033,0.733482,-1.428529,0.106983,0.682464,-1.411105,23,23,25,23,23,24,23,23,25,23,23,25
1791408688.378466,-0.024260,0.690372,-1.402874,0.020081,0.693339,-1.481638,-0.000057,0.733482,-1.428529,0.106983,0.682495,-1.411089,23,23,25,23,23,24,23,23,25,23,23,25
1791408688.398338,-0.024290,0.690342,-1.402874,0.020081,0.693309,-1.481638,-0.000027,0.733452,-1.428529,0.107013,0.682464,-1.411089,23,23,25,23,23,24,23,23,25,23,23,25
1791408688.418393,-0.024260,0.690372,-1.402874,0.020051,0.693309,-1.481654,-0.000027,0.733482,-1.428529,0.107013,0.682464,-1.411089,23,23,25,23,23,24,23,23,25,23,23,25
1791408688.438255,-0.024260,0.690342,-1.402874,0.020051,0.693309,-1.481638,-0.000057,0.733452,-1.428529,0.107013,0.682495,-1.411089,23,23,25,23,23,24,23,23,25,23,23,25
1791408688.458362,-0.024290,0.690342,-1.402890,0.020112,0.693309,-1.481654,0.000033,0.733482,-1.428529,0.107013,0.682404,-1.411073,23,23,25,23,23,24,23,23,25,23,23,25
1791408688.478287,-0.024290,0.690403,-1.402874,0.020081,0.693339,-1.481638,0.000003,0.733512,-1.428545,0.107013,0.682434,-1.411073,23,23,25,23,23,24,23,23,25,23,23,25
1791408688.498396,-0.024290,0.690403,-1.402874,0.020081,0.693309,-1.481654,0.000003,0.733543,-1.428545,0.107013,0.682464,-1.411089,23,23,25,23,23,24,23,23,25,23,23,25
1791408688.518431,-0.024290,0.690403,-1.402874,0.020112,0.693309,-1.481638,0.000033,0.733482,-1.428545,0.106983,0.682464,-1.411105,23,23,25,23,23,24,23,23,25,23,23,25
1791408688.538936,-0.024320,0.690403,-1.402874,0.020081,0.693309,-1.481638,0.000064,0.733512,-1.428529,0.107104,0.682464,-1.411089,23,23,25,23,23,24,23,23,25,23,23,25
1791408688.558692,-0.024260,0.690403,-1.402874,0.020051,0.693339,-1.481638,0.000003,0.733482,-1.428513,0.107044,0.682464,-1.411089,23,23,25,23,23,24,23,23,25,23,23,25
1791408688.578405,-0.024260,0.690433,-1.402874,0.020081,0.693309,-1.481654,0.000033,0.733482,-1.428529,0.107044,0.682495,-1.411057,23,23,25,23,23,24,23,23,25,23,23,25
1791408688.598582,-0.024290,0.690403,-1.402874,0.020112,0.693309,-1.481654,0.000064,0.733543,-1.428529,0.107013,0.682464,-1.411073,23,23,25,23,23,24,23,23,25,23,23,25
1791408688.618576,-0.024290,0.690372,-1.402874,0.020081,0.693339,-1.481654,-0.000027,0.733482,-1.428545,0.107044,0.682464,-1.411073,23,23,25,23,23,24,23,23,25,23,23,25
1791408688.638341,-0.024290,0.690403,-1.402874,0.020081,0.693339,-1.481654,-0.000027,0.733482,-1.428545,0.107044,0.682464,-1.411073,23,23,25,23,23,24,23,23,25,23,23,25
1791408688.658366,-0.024290,0.690433,-1.402874,0.020081,0.693279,-1.481654,0.000003,0.733512,-1.428513,0.107044,0.682404,-1.411073,23,23,25,23,23,24,23,23,25,23,23,25
1791408688.678196,-0.024320,0.690403,-1.402874,0.020051,0.693339,-1.481638,0.000003,0.733482,-1.428529,0.107013,0.682434,-1.411120,23,23,25,23,23,24,23,23,25,23,23,25
1791408688.698327,-0.024320,0.690372,-1.402874,0.020081,0.693309,-1.481654,-0.000027,0.733512,-1.428529,0.107074,0.682434,-1.411089,23,23,25,23,23,24,23,23,25,23,23,25
1791408688.718477,-0.024290,0.690403,-1.402874,0.020081,0.693309,-1.481654,0.000033,0.733512,-1.428545,0.107013,0.682464,-1.411105,23,23,25,23,23,24,23,23,25,23,23,25
1791408688.738106,-0.024320,0.690433,-1.402874,0.020081,0.693339,-1.481622,0.000003,0.733512,-1.428529,0.107013,0.682434,-1.411089,23,23,25,23,23,24,23,23,25,23,23,25
1791408688.758678,-0.024260,0.690433,-1.402874,0.020112,0.693309,-1.481654,-0.000057,0.733512,-1.428529,0.107013,0.682525,-1.411073,23,23,25,23,23,24,23,23,25,23,23,25
1791408688.778228,-0.024290,0.690403,-1.402859,0.020081,0.693339,-1.481654,0.000064,0.733543,-1.428545,0.107013,0.682434,-1.411105,23,23,25,23,23,24,23,23,25,23,23,25
1791408688.798286,-0.024260,0.690403,-1.402874,0.020081,0.693339,-1.481622,0.000003,0.733482,-1.428529,0.107013,0.682464,-1.411105,23,23,25,23,23,24,23,23,25,23,23,25
1791408688.818310,-0.024260,0.690372,-1.402859,0.020081,0.693309,-1.481654,-0.000027,0.733482,-1.428545,0.107044,0.682464,-1.411105,23,23,25,23,23,24,23,23,25,23,23,25
1791408688.838248,-0.024290,0.690403,-1.402859,0.020051,0.693309,-1.481638,-0.000027,0.733482,-1.428545,0.107013,0.682434,-1.411073,23,23,25,23,23,24,23,23,25,23,23,25
1791408688.858335,-0.024290,0.690403,-1.402874,0.020112,0.693309,-1.481654,-0.000057,0.733482,-1.428529,0.107074,0.682464,-1.411105,23,23,25,23,23,24,23,23,25,23,23,25
1791408688.878266,-0.024290,0.690372,-1.402874,0.020081,0.693339,-1.481638,0.000003,0.733512,-1.428529,0.107013,0.682434,-1.411073,23,23,25,23,23,24,23,23,25,23,23,25
1791408688.898449,-0.024320,0.690403,-1.402874,0.020081,0.693309,-1.481654,0.000033,0.733543,-1.428529,0.107013,0.682434,-1.411089,23,23,25,23,23,24,23,23,25,23,23,25
1791408688.918351,-0.024290,0.690403,-1.402859,0.020051,0.693309,-1.481638,0.000064,0.733512,-1.428545,0.107044,0.682464,-1.411105,23,23,25,23,23,24,23,23,25,23,23,25
1791408688.938285,-0.024320,0.690433,-1.402874,0.020051,0.693339,-1.481638,0.000033,0.733512,-1.428529,0.107044,0.682495,-1.411089,23,23,25,23,23,24,23,23,25,23,23,25
1791408688.958398,-0.024290,0.690463,-1.402859,0.020081,0.693339,-1.481654,0.000033,0.733512,-1.428529,0.107013,0.682464,-1.411120,23,23,25,23,23,24,23,23,25,23,23,25
1791408688.978374,-0.024260,0.690433,-1.402874,0.020112,0.693309,-1.481638,0.000033,0.733512,-1.428529,0.107044,0.682495,-1.411089,23,23,25,23,23,24,23,23,25,23,23,25
1791408688.998427,-0.024290,0.690463,-1.402874,0.020112,0.693339,-1.481638,0.000064,0.733543,-1.428545,0.107013,0.682495,-1.411073,23,23,25,23,23,24,23,23,25,23,23,25
1791408689.018702,-0.024290,0.690493,-1.402874,0.020051,0.693309,-1.481654,0.000064,0.733543,-1.428529,0.107013,0.682495,-1.411089,23,23,25,23,23,24,23,23,25,23,23,25
1791408689.038322,-0.024260,0.690463,-1.402874,0.020112,0.693370,-1.481638,0.000064,0.733512,-1.428545,0.107013,0.682495,-1.411073,23,23,25,23,23,24,23,23,25,23,23,25
1791408689.058230,-0.024290,0.690463,-1.402874,0.020112,0.693339,-1.481638,0.000033,0.733512,-1.428529,0.107074,0.682495,-1.411089,23,23,25,23,23,24,23,23,25,23,23,25
1791408689.078446,-0.024260,0.690433,-1.402874,0.020081,0.693370,-1.481654,0.000033,0.733512,-1.428529,0.107013,0.682495,-1.411089,23,23,25,23,23,24,23,23,25,23,23,25
1791408689.098389,-0.024290,0.690433,-1.402874,0.020142,0.693370,-1.481638,0.000033,0.733543,-1.428513,0.107044,0.682495,-1.411105,23,23,25,23,23,24,23,23,25,23,23,25
1791408689.118602,-0.024290,0.690403,-1.402874,0.020081,0.693339,-1.481654,0.000003,0.733573,-1.428529,0.107013,0.682495,-1.411073,23,23,25,23,23,24,23,23,25,23,23,25
1791408689.138349,-0.024351,0.690463,-1.402874,0.020112,0.693339,-1.481638,0.000003,0.733543,-1.428529,0.107013,0.682495,-1.411120,23,23,25,23,23,24,23,23,25,23,23,25
1791408689.158410,-0.024320,0.690463,-1.402859,0.020081,0.693370,-1.481654,0.000003,0.733543,-1.428545,0.106983,0.682464,-1.411120,23,23,25,23,23,24,23,23,25,23,23,25
1791408689.178398,-0.024260,0.690493,-1.402859,0.020112,0.693339,-1.481654,0.000064,0.733543,-1.428529,0.107013,0.682495,-1.411089,23,23,25,23,23,24,23,23,25,23,23,25
1791408689.198375,-0.024320,0.690463,-1.402874,0.020051,0.693400,-1.481654,0.000064,0.733573,-1.428545,0.107044,0.682464,-1.411089,23,23,25,23,23,24,23,23,25,23,23,25
1791408689.218438,-0.024290,0.690524,-1.402859,0.020081,0.693339,-1.481654,0.000094,0.733603,-1.428545,0.107104,0.682464,-1.411120,23,23,25,23,23,24,23,23,25,23,23,25
1791408689.238377,-0.024260,0.690463,-1.402890,0.020081,0.693370,-1.481638,0.000064,0.733603,-1.428529,0.107044,0.682495,-1.411105,23,23,25,23,23,24,23,23,25,23,23,25
1791408689.258335,-0.024260,0.690493,-1.402859,0.020081,0.693370,-1.481654,-0.000057,0.733543,-1.428529,0.107044,0.682495,-1.411089,23,23,25,23,23,24,23,23,25,23,23,25
1791408689.278404,-0.024290,0.690493,-1.402874,0.020112,0.693339,-1.481654,0.000003,0.733573,-1.428513,0.107044,0.682495,-1.411089,23,23,25,23,23,24,23,23,25,23,23,25
1791408689.298381,-0.024260,0.690433,-1.402874,0.020112,0.693370,-1.481654,0.000033,0.733543,-1.428529,0.107074,0.682495,-1.411105,23,23,25,23,23,24,23,23,25,23,23,25
1791408689.318662,-0.024260,0.690433,-1.402890,0.020081,0.693370,-1.481654,0.000003,0.733573,-1.428513,0.107044,0.682495,-1.411073,23,23,25,23,23,24,23,23,25,23,23,25
1791408689.338267,-0.024320,0.690463,-1.402859,0.020081,0.693309,-1.481638,0.000003,0.733603,-1.428529,0.107013,0.682464,-1.411120,23,23,25,23,23,24,23,23,25,23,23,25
1791408689.358411,-0.024290,0.690463,-1.402874,0.020051,0.693370,-1.481622,-0.000027,0.733603,-1.428513,0.107013,0.682464,-1.411089,23,23,25,23,23,24,23,23,25,23,23,25
1791408689.378416,-0.024320,0.690463,-1.402874,0.020051,0.693339,-1.481638,-0.000027,0.733603,-1.428545,0.107044,0.682464,-1.411120,23,23,25,23,23,24,23,23,25,23,23,25
1791408689.398173,-0.024320,0.690433,-1.402890,0.020081,0.693370,-1.481654,0.000064,0.733603,-1.428529,0.107044,0.682495,-1.411105,23,23,25,23,23,24,23,23,25,23,23,25
1791408689.418374,-0.024320,0.690493,-1.402874,0.020051,0.693370,-1.481638,0.000064,0.733603,-1.428513,0.107013,0.682464,-1.411089,23,23,25,23,23,24,23,23,25,23,23,25
1791408689.438504,-0.024320,0.690554,-1.402874,0.020112,0.693339,-1.481622,0.000064,0.733633,-1.428513,0.107044,0.682525,-1.411089,23,23,25,23,23,24,23,23,25,23,23,25
1791408689.458519,-0.024290,0.690493,-1.402874,0.020112,0.693400,-1.481654,0.000064,0.733603,-1.428529,0.107044,0.682555,-1.411089,23,23,25,23,23,24,23,23,25,23,23,25
1791408689.478271,-0.024260,0.690493,-1.402890,0.020112,0.693400,-1.481638,0.000033,0.733633,-1.428529,0.107044,0.682525,-1.411105,23,23,25,23,23,24,23,23,25,23,23,25
1791408689.498315,-0.024260,0.690524,-1.402874,0.020081,0.693339,-1.481638,0.000064,0.733603,-1.428545,0.107074,0.682555,-1.411073,23,23,25,23,23,24,23,23,25,23,23,25
1791408689.518161,-0.024290,0.690493,-1.402859,0.020081,0.693339,-1.481638,-0.000027,0.733603,-1.428529,0.107044,0.682464,-1.411120,23,23,25,23,23,24,23,23,25,23,23,25
1791408689.538196,-0.024320,0.690433,-1.402890,0.020081,0.693370,-1.481654,-0.000057,0.733573,-1.428529,0.107013,0.682495,-1.411105,23,23,25,23,23,24,23,23,25,23,23,25
1791408689.558380,-0.024290,0.690433,-1.402874,0.020081,0.693370,-1.481638,-0.000057,0.733573,-1.428529,0.107044,0.682464,-1.411105,23,23,25,23,23,24,23,23,25,23,23,25
1791408689.578479,-0.024290,0.690433,-1.402874,0.020051,0.693339,-1.481654,-0.000057,0.733573,-1.428529,0.107013,0.682495,-1.411089,23,23,25,23,23,24,23,23,25,23,23,25
1791408689.598259,-0.024290,0.690463,-1.402874,0.020081,0.693370,-1.481654,0.000003,0.733543,-1.428545,0.107044,0.682495,-1.411105,23,23,25,23,23,24,23,23,25,23,23,25
1791408689.618341,-0.024290,0.690463,-1.402859,0.020081,0.693400,-1.481654,-0.000057,0.733603,-1.428545,0.107013,0.682464,-1.411105,23,23,25,23,23,24,23,23,25,23,23,25
1791408689.638303,-0.024290,0.690493,-1.402874,0.020112,0.693400,-1.481654,0.000033,0.733603,-1.428529,0.107013,0.682525,-1.411105,23,23,25,23,23,24,23,23,25,23,23,25
1791408689.658191,-0.024290,0.690493,-1.402890,0.020112,0.693430,-1.481638,-0.000027,0.733633,-1.428545,0.107044,0.682555,-1.411073,23,23,25,23,23,24,23,23,25,23,23,25
1791408689.678331,-0.024320,0.690554,-1.402874,0.020112,0.693400,-1.481654,0.000064,0.733664,-1.428513,0.107013,0.682525,-1.411089,23,23,25,23,23,24,23,23,25,23,23,25
1791408689.698312,-0.024290,0.690554,-1.402859,0.020112,0.693370,-1.481638,0.000155,0.733664,-1.428529,0.107044,0.682525,-1.411105,23,23,25,23,23,24,23,23,25,23,23,25
1791408689.718783,-0.024260,0.690554,-1.402874,0.020112,0.693370,-1.481622,0.000064,0.733633,-1.428545,0.107044,0.682525,-1.411105,23,23,25,23,23,24,23,23,25,23,23,25
1791408689.738099,-0.024290,0.690493,-1.402874,0.020081,0.693370,-1.481638,0.000064,0.733633,-1.428529,0.107044,0.682495,-1.411120,23,23,25,23,23,24,23,23,25,23,23,25
1791408689.758491,-0.024290,0.690524,-1.402859,0.020051,0.693400,-1.481654,0.000064,0.733603,-1.428513,0.107044,0.682525,-1.411105,23,23,25,23,23,24,23,23,25,23,23,25
1791408689.778228,-0.024290,0.690463,-1.402874,0.020051,0.693370,-1.481622,0.000003,0.733633,-1.428529,0.107074,0.682495,-1.411105,23,23,25,23,23,24,23,23,25,23,23,25
1791408689.798111,-0.024260,0.690493,-1.402874,0.020081,0.693370,-1.481654,0.000064,0.733633,-1.428529,0.107013,0.682495,-1.411089,23,23,25,23,23,24,23,23,25,23,23,25
1791408689.818269,-0.024260,0.690524,-1.402859,0.020051,0.693400,-1.481654,0.000003,0.733664,-1.428513,0.107074,0.682495,-1.411105,23,23,25,23,23,24,23,23,25,23,23,25
1791408689.838329,-0.024320,0.690463,-1.402859,0.020081,0.693370,-1.481654,0.000064,0.733603,-1.428513,0.107013,0.682495,-1.411105,23,23,25,23,23,24,23,23,25,23,23,25
1791408689.858305,-0.024290,0.690524,-1.402874,0.020081,0.693400,-1.481622,0.000033,0.733664,-1.428545,0.106983,0.682495,-1.411089,23,23,25,23,23,24,23,23,25,23,23,25
1791408689.878616,-0.024260,0.690554,-1.402874,0.020081,0.693370,-1.481638,0.000064,0.733664,-1.428529,0.107044,0.682555,-1.411089,23,23,25,23,23,24,23,23,25,23,23,25
1791408689.898422,-0.024260,0.690524,-1.402859,0.020112,0.693400,-1.481654,0.000124,0.733694,-1.428529,0.107074,0.682555,-1.411089,23,23,25,23,23,24,23,23,25,23,23,25
1791408689.918176,-0.024320,0.690554,-1.402874,0.020112,0.693430,-1.481654,0.000094,0.733724,-1.428513,0.107074,0.682555,-1.411105,23,23,25,23,23,24,23,23,25,23,23,25
1791408689.938418,-0.024260,0.690524,-1.402890,0.020112,0.693491,-1.481654,0.000003,0.733633,-1.428529,0.107013,0.682646,-1.411073,23,23,25,23,23,24,23,23,25,23,23,25
1791408689.958321,-0.024260,0.690554,-1.402859,0.020112,0.693430,-1.481638,0.000094,0.733694,-1.428560,0.107044,0.682585,-1.411089,23,23,25,23,23,24,23,23,25,23,23,25
1791408689.978571,-0.024260,0.690524,-1.402874,0.020112,0.693491,-1.481654,0.000033,0.733633,-1.428545,0.107074,0.682585,-1.411105,23,23,25,23,23,24,23,23,25,23,23,25
1791408689.998447,-0.024260,0.690524,-1.402859,0.020081,0.693430,-1.481654,0.000033,0.733664,-1.428529,0.107074,0.682585,-1.411120,23,23,25,23,23,24,23,23,25,23,23,25
1791408690.018329,-0.024260,0.690524,-1.402890,0.020081,0.693400,-1.481638,0.000064,0.733633,-1.428529,0.107074,0.682525,-1.411120,23,23,25,23,23,24,23,23,25,23,23,25
