t,mode,gait_type,error_code,body_height,px,py,pz,vx,vy,vz,yaw_speed,yaw
1791408668.058163,0,0,100,0.32312,-0.00298,0.00538,0.31398,0.01503,-0.00422,-0.05615,-0.00213,0.043424
1791408668.078136,0,0,100,0.32311,-0.00298,0.00538,0.31399,0.01209,-0.00666,-0.05599,-0.00959,0.043372
1791408668.098108,0,0,100,0.32312,-0.00296,0.00538,0.31398,0.00387,0.00651,-0.05527,-0.01811,0.043302
1791408668.118240,0,0,100,0.32312,-0.00295,0.00534,0.31399,-0.00736,-0.00826,-0.05575,-0.00213,0.043255
1791408668.138155,0,0,100,0.32312,-0.00294,0.00534,0.31400,0.00606,0.00764,-0.05493,-0.00107,0.043214
1791408668.158109,0,0,100,0.32312,-0.00295,0.00531,0.31400,-0.00204,0.00291,-0.05487,-0.01811,0.043165
1791408668.178166,0,0,100,0.32312,-0.00292,0.00529,0.31401,0.01497,-0.01157,-0.05568,-0.00107,0.043121
1791408668.198112,0,0,100,0.32312,-0.00293,0.00531,0.31401,0.01564,-0.00046,-0.05553,-0.01811,0.043123
1791408668.218225,0,0,100,0.32312,-0.00292,0.00533,0.31401,-0.00219,-0.00568,-0.05447,0.00533,0.043227
1791408668.238053,0,0,100,0.32312,-0.00291,0.00538,0.31402,0.01156,0.00632,-0.05458,0.00107,0.043301
1791408668.258133,0,0,100,0.32312,-0.00292,0.00538,0.31402,-0.00326,-0.00218,-0.05462,-0.00213,0.043303
1791408668.278230,0,0,100,0.32312,-0.00292,0.00539,0.31403,-0.00287,-0.00060,-0.05365,-0.01385,0.043324
1791408668.298216,0,0,100,0.32312,-0.00291,0.00539,0.31404,0.00800,-0.00332,-0.05403,-0.01598,0.043344
1791408668.318110,0,0,100,0.32312,-0.00288,0.00537,0.31403,-0.00604,-0.00231,-0.05449,-0.01172,0.043288
1791408668.338109,0,0,100,0.32312,-0.00287,0.00536,0.31402,-0.00073,0.00564,-0.05434,0.00107,0.043279
1791408668.358156,0,0,100,0.32313,-0.00286,0.00531,0.31403,0.00182,-0.00129,-0.05422,-0.01385,0.043157
1791408668.378128,0,0,100,0.32312,-0.00284,0.00530,0.31405,-0.00331,0.00880,-0.05424,-0.01598,0.043038
1791408668.398082,0,0,100,0.32312,-0.00282,0.00528,0.31404,-0.00050,-0.00135,-0.05446,-0.01917,0.043012
1791408668.418128,0,0,100,0.32312,-0.00280,0.00531,0.31405,0.00932,0.00133,-0.05412,-0.00959,0.043017
1791408668.438092,0,0,100,0.32312,-0.00280,0.00532,0.31404,-0.00155,0.00742,-0.05413,-0.00959,0.043068
1791408668.458136,0,0,100,0.32312,-0.00278,0.00536,0.31403,-0.00475,0.00659,-0.05449,0.00639,0.043218
1791408668.478199,0,0,100,0.32312,-0.00277,0.00539,0.31402,0.00946,0.00627,-0.05449,-0.00107,0.043346
1791408668.498093,0,0,100,0.32312,-0.00279,0.00541,0.31402,-0.00060,0.00056,-0.05438,-0.01172,0.043372
1791408668.518111,0,0,100,0.32312,-0.00277,0.00540,0.31403,0.00347,0.00269,-0.05403,-0.01278,0.043341
1791408668.538192,0,0,100,0.32312,-0.00276,0.00539,0.31404,0.00245,0.00456,-0.05390,-0.00320,0.043267
1791408668.558186,0,0,100,0.32312,-0.00275,0.00536,0.31404,0.01155,-0.00489,-0.05424,-0.00426,0.043176
1791408668.578082,0,0,100,0.32312,-0.00274,0.00534,0.31405,-0.00277,-0.01137,-0.05453,-0.01811,0.043095
1791408668.598074,0,0,100,0.32313,-0.00272,0.00532,0.31404,0.00711,0.00142,-0.05409,-0.01278,0.043081
1791408668.618213,0,0,100,0.32313,-0.00272,0.00532,0.31403,0.00658,0.00107,-0.05418,-0.01491,0.043061
1791408668.638186,0,0,100,0.32312,-0.00272,0.00530,0.31402,-0.00337,0.00276,-0.05406,-0.02131,0.043008
1791408668.658129,0,0,100,0.32312,-0.00271,0.00529,0.31402,-0.01136,-0.00295,-0.05432,-0.01491,0.042962
1791408668.678132,0,0,100,0.32312,-0.00271,0.00533,0.31402,-0.00156,0.01542,-0.05322,-0.00639,0.043019
1791408668.698203,0,0,100,0.32312,-0.00272,0.00533,0.31403,-0.00310,-0.00333,-0.05469,-0.01065,0.043084
1791408668.718189,0,0,100,0.32312,-0.00271,0.00536,0.31402,0.00771,-0.00391,-0.05441,-0.00852,0.043110
1791408668.738237,0,0,100,0.32312,-0.00272,0.00537,0.31401,0.00142,-0.00224,-0.05557,-0.01172,0.043110
1791408668.758937,0,0,100,0.32312,-0.00271,0.00533,0.31400,0.01731,-0.00932,-0.05570,-0.01172,0.043029
1791408668.778182,0,0,100,0.32312,-0.00270,0.00532,0.31400,0.02318,-0.00063,-0.05486,-0.00852,0.042960
1791408668.798021,0,0,100,0.32313,-0.00270,0.00531,0.31401,0.01618,0.00426,-0.05438,-0.00107,0.042929
1791408668.818201,0,0,100,0.32313,-0.00269,0.00530,0.31402,-0.00140,0.01115,-0.05392,-0.01704,0.042853
1791408668.838108,0,0,100,0.32313,-0.00268,0.00527,0.31399,0.00102,0.00034,-0.05495,-0.01172,0.042810
1791408668.858217,0,0,100,0.32313,-0.00264,0.00528,0.31400,0.01662,0.00973,-0.05442,0.00320,0.042869
1791408668.878224,0,0,100,0.32313,-0.00264,0.00530,0.31399,0.00264,0.00019,-0.05433,-0.00639,0.042912
1791408668.898086,0,0,100,0.32313,-0.00263,0.00532,0.31399,0.00510,-0.00690,-0.05415,-0.00639,0.042931
1791408668.918087,0,0,100,0.32312,-0.00263,0.00534,0.31399,0.00470,0.00753,-0.05307,-0.00746,0.042966
1791408668.938132,0,0,100,0.32312,-0.00263,0.00535,0.31401,0.00440,-0.01133,-0.05375,-0.00533,0.043016
1791408668.958045,0,0,100,0.32313,-0.00265,0.00538,0.31403,-0.00134,-0.00437,-0.05296,-0.02237,0.043036
1791408668.978082,0,0,100,0.32312,-0.00264,0.00537,0.31403,0.00644,-0.00416,-0.05297,-0.01065,0.043106
1791408668.998027,0,0,100,0.32312,-0.00266,0.00538,0.31404,-0.01179,-0.01355,-0.05327,-0.00746,0.043117
1791408669.018474,0,0,100,0.32312,-0.00262,0.00536,0.31404,-0.00239,-0.00495,-0.05322,0.00000,0.043050
1791408669.038318,0,0,100,0.32312,-0.00261,0.00535,0.31403,0.00071,0.00686,-0.05388,-0.01811,0.042947
1791408669.058081,0,0,100,0.32313,-0.00261,0.00530,0.31403,0.00117,0.00495,-0.05344,-0.01811,0.042813
1791408669.078382,0,0,100,0.32312,-0.00262,0.00529,0.31403,-0.00338,0.00025,-0.05420,-0.01278,0.042778
1791408669.098259,0,0,100,0.32313,-0.00261,0.00528,0.31404,0.00151,-0.00891,-0.05436,-0.01278,0.042807
1791408669.118034,0,0,100,0.32313,-0.00260,0.00530,0.31404,0.00539,-0.00892,-0.05447,0.00000,0.042928
1791408669.138055,0,0,100,0.32312,-0.00261,0.00537,0.31406,0.00682,0.00975,-0.05272,0.00320,0.043085
1791408669.158092,0,0,100,0.32312,-0.00262,0.00539,0.31406,-0.00194,-0.00842,-0.05417,-0.01065,0.043115
1791408669.178086,0,0,100,0.32312,-0.00263,0.00540,0.31406,0.00328,-0.00769,-0.05391,-0.00852,0.043051
1791408669.198088,0,0,100,0.32313,-0.00263,0.00540,0.31407,-0.00091,-0.00722,-0.05346,-0.01172,0.042992
1791408669.218073,0,0,100,0.32312,-0.00266,0.00539,0.31408,-0.00328,-0.00889,-0.05274,-0.02237,0.042907
1791408669.238210,0,0,100,0.32312,-0.00266,0.00539,0.31407,-0.00984,-0.00652,-0.05369,-0.01704,0.042885
1791408669.258231,0,0,100,0.32312,-0.00265,0.00537,0.31407,0.00474,-0.00792,-0.05376,-0.01172,0.042853
1791408669.278162,0,0,100,0.32312,-0.00263,0.00535,0.31407,0.00731,-0.00210,-0.05374,-0.01385,0.042806
1791408669.298174,0,0,100,0.32312,-0.00264,0.00532,0.31409,0.00526,-0.00028,-0.05303,-0.00639,0.042781
1791408669.318063,0,0,100,0.32313,-0.00266,0.00533,0.31409,0.00405,-0.00043,-0.05318,-0.00746,0.042816
1791408669.338282,0,0,100,0.32312,-0.00266,0.00532,0.31410,-0.00148,-0.00830,-0.05327,-0.00426,0.042864
1791408669.358140,0,0,100,0.32312,-0.00265,0.00534,0.31411,0.01201,0.00083,-0.05235,-0.00533,0.042879
1791408669.378134,0,0,100,0.32312,-0.00267,0.00537,0.31412,-0.00387,0.00283,-0.05244,-0.00746,0.042981
1791408669.398050,0,0,100,0.32312,-0.00265,0.00539,0.31412,0.00699,0.00311,-0.05298,-0.00639,0.043016
1791408669.418074,0,0,100,0.32312,-0.00262,0.00542,0.31410,0.01912,0.00419,-0.05428,-0.00426,0.043094
1791408669.438395,0,0,100,0.32312,-0.00261,0.00542,0.31410,0.01491,-0.00555,-0.05390,-0.01704,0.043011
1791408669.458385,0,0,100,0.32312,-0.00261,0.00541,0.31409,-0.00202,-0.00148,-0.05401,-0.02024,0.042920
1791408669.478135,0,0,100,0.32313,-0.00259,0.00537,0.31409,0.00988,0.00220,-0.05374,-0.00639,0.042822
1791408669.498389,0,0,100,0.32313,-0.00258,0.00536,0.31409,0.00465,0.00372,-0.05326,-0.00639,0.042781
1791408669.518286,0,0,100,0.32313,-0.00256,0.00535,0.31410,0.00960,-0.00651,-0.05398,-0.02131,0.042734
1791408669.538205,0,0,100,0.32313,-0.00254,0.00536,0.31410,0.00368,0.01299,-0.05323,-0.00639,0.042739
1791408669.558334,0,0,100,0.32312,-0.00255,0.00535,0.31410,0.00881,-0.00227,-0.05376,-0.01491,0.042740
1791408669.578214,0,0,100,0.32313,-0.00256,0.00535,0.31410,-0.00750,-0.00677,-0.05379,-0.00426,0.042726
1791408669.598216,0,0,100,0.32313,-0.00256,0.00539,0.31410,0.00510,-0.00463,-0.05374,-0.01172,0.042829
1791408669.618226,0,0,100,0.32313,-0.00256,0.00542,0.31410,0.00042,-0.00753,-0.05369,-0.00426,0.042904
1791408669.638222,0,0,100,0.32313,-0.00257,0.00545,0.31409,-0.00200,-0.00632,-0.05416,-0.01917,0.042955
1791408669.658168,0,0,100,0.32313,-0.00256,0.00546,0.31410,0.00893,0.01635,-0.05318,-0.01598,0.042907
1791408669.677994,0,0,100,0.32313,-0.00255,0.00543,0.31410,0.00745,0.00179,-0.05352,-0.01598,0.042861
1791408669.697964,0,0,100,0.32313,-0.00255,0.00542,0.31410,0.00685,-0.00144,-0.05346,-0.01491,0.042820
1791408669.718219,0,0,100,0.32313,-0.00253,0.00540,0.31409,0.00929,-0.00743,-0.05456,-0.01491,0.042766
1791408669.738217,0,0,100,0.32313,-0.00252,0.00537,0.31408,0.01414,-0.00750,-0.05458,-0.01704,0.042752
1791408669.758331,0,0,100,0.32313,-0.00253,0.00534,0.31407,-0.00579,0.00012,-0.05412,-0.01598,0.042661
1791408669.778140,0,0,100,0.32313,-0.00252,0.00534,0.31406,-0.00190,0.00849,-0.05446,-0.00639,0.042616
1791408669.797960,0,0,100,0.32313,-0.00251,0.00535,0.31406,0.00104,-0.00591,-0.05477,-0.00426,0.042654
1791408669.818011,0,0,100,0.32313,-0.00251,0.00538,0.31404,0.00607,-0.01097,-0.05540,0.00000,0.042741
1791408669.838179,0,0,100,0.32313,-0.00252,0.00540,0.31404,0.00626,-0.00445,-0.05501,0.00426,0.042801
1791408669.858172,0,0,100,0.32313,-0.00252,0.00544,0.31403,0.00673,0.00479,-0.05460,-0.00533,0.042851
1791408669.878359,0,0,100,0.32312,-0.00252,0.00545,0.31403,0.00258,0.00019,-0.05474,-0.00639,0.042879
1791408669.898017,0,0,100,0.32313,-0.00253,0.00545,0.31405,-0.00053,0.01018,-0.05325,-0.01598,0.042810
1791408669.918256,0,0,100,0.32313,-0.00254,0.00542,0.31407,0.01070,-0.00996,-0.05390,-0.01917,0.042763
1791408669.937951,0,0,100,0.32313,-0.00251,0.00541,0.31407,0.00302,0.00062,-0.05370,-0.01385,0.042739
1791408669.958065,0,0,100,0.32313,-0.00251,0.00537,0.31408,0.00122,-0.00139,-0.05318,-0.01491,0.042681
1791408669.978180,0,0,100,0.32313,-0.00249,0.00536,0.31409,0.02079,0.01218,-0.05270,-0.00852,0.042601
1791408669.998320,0,0,100,0.32313,-0.00250,0.00534,0.31409,0.00529,-0.00643,-0.05403,-0.01278,0.042602
1791408670.018289,0,0,100,0.32313,-0.00248,0.00535,0.31408,0.00662,-0.00543,-0.05398,-0.01385,0.042604
1791408670.038130,0,0,100,0.32313,-0.00249,0.00540,0.31408,0.00229,-0.00178,-0.05359,-0.00959,0.042716
1791408670.058276,0,0,100,0.32313,-0.00252,0.00543,0.31409,0.01043,0.00269,-0.05279,0.00000,0.042807
1791408670.078001,0,0,100,0.32312,-0.00252,0.00544,0.31409,-0.00380,0.00259,-0.05235,-0.00533,0.042885
1791408670.098114,0,0,100,0.32313,-0.00252,0.00544,0.31409,0.01199,-0.00483,-0.05383,-0.01917,0.042888
1791408670.118096,0,0,100,0.32312,-0.00253,0.00545,0.31408,0.00688,0.00029,-0.05422,-0.01065,0.042857
1791408670.138167,0,0,100,0.32313,-0.00253,0.00543,0.31407,0.00797,-0.00744,-0.05500,-0.01065,0.042847
1791408670.157955,0,0,100,0.32313,-0.00252,0.00540,0.31406,-0.00737,0.00448,-0.05448,-0.00959,0.042756
1791408670.178196,0,0,100,0.32313,-0.00251,0.00538,0.31406,0.01472,-0.00542,-0.05432,-0.00320,0.042779
1791408670.198086,0,0,100,0.32313,-0.00252,0.00535,0.31408,0.00463,0.00508,-0.05314,-0.00639,0.042719
1791408670.218167,0,0,100,0.32313,-0.00252,0.00531,0.31409,0.00073,-0.00033,-0.05349,-0.00213,0.042699
1791408670.237833,0,0,100,0.32313,-0.00253,0.00531,0.31409,-0.00209,0.00350,-0.05385,-0.01811,0.042657
1791408670.258142,0,0,100,0.32313,-0.00253,0.00531,0.31410,0.00054,-0.00003,-0.05403,-0.00320,0.042711
1791408670.277897,0,0,100,0.32313,-0.00253,0.00534,0.31410,0.00172,0.00700,-0.05402,0.00320,0.042833
1791408670.298087,0,0,100,0.32312,-0.00254,0.00538,0.31411,0.00229,0.00005,-0.05376,-0.00533,0.042923
1791408670.318283,0,0,100,0.32313,-0.00255,0.00541,0.31412,0.01091,0.01125,-0.05329,-0.00639,0.042990
1791408670.337828,0,0,100,0.32313,-0.00255,0.00544,0.31412,0.00852,0.00142,-0.05334,-0.02237,0.043038
1791408670.358243,0,0,100,0.32312,-0.00253,0.00545,0.31413,0.00684,-0.00130,-0.05347,-0.00746,0.042970
1791408670.377859,0,0,100,0.32313,-0.00251,0.00542,0.31411,0.00323,-0.02054,-0.05487,-0.02450,0.042918
1791408670.398154,0,0,100,0.32313,-0.00249,0.00542,0.31411,0.00344,0.00496,-0.05383,-0.00533,0.042890
1791408670.418063,0,0,100,0.32313,-0.00249,0.00538,0.31411,0.00498,-0.01392,-0.05427,-0.02344,0.042808
1791408670.438144,0,0,100,0.32313,-0.00250,0.00535,0.31411,0.00476,0.00269,-0.05393,0.00000,0.042758
1791408670.458116,0,0,100,0.32313,-0.00249,0.00532,0.31411,0.00742,-0.00644,-0.05451,-0.01704,0.042703
1791408670.478186,0,0,100,0.32313,-0.00251,0.00532,0.31413,0.00713,0.00731,-0.05342,-0.00959,0.042697
1791408670.498375,0,0,100,0.32313,-0.00250,0.00534,0.31413,0.00655,0.00281,-0.05395,-0.01811,0.042693
1791408670.518223,0,0,100,0.32313,-0.00252,0.00536,0.31413,-0.00223,-0.00326,-0.05307,-0.01278,0.042743
1791408670.537870,0,0,100,0.32313,-0.00252,0.00542,0.31413,0.00725,0.00651,-0.05334,-0.00213,0.042835
1791408670.558188,0,0,100,0.32313,-0.00252,0.00545,0.31414,0.01276,0.00414,-0.05347,-0.00533,0.042900
1791408670.578217,0,0,100,0.32313,-0.00252,0.00546,0.31413,0.00724,0.00258,-0.05347,-0.00959,0.042894
1791408670.597849,0,0,100,0.32313,-0.00252,0.00545,0.31413,0.00108,0.00597,-0.05423,-0.01385,0.042838
1791408670.617871,0,0,100,0.32313,-0.00253,0.00540,0.31413,0.00334,-0.00211,-0.05371,-0.01917,0.042777
1791408670.637784,0,0,100,0.32313,-0.00251,0.00537,0.31414,0.01757,0.00018,-0.05383,-0.02237,0.042715
1791408670.657792,0,0,100,0.32313,-0.00250,0.00536,0.31414,0.00835,-0.00911,-0.05437,-0.01172,0.042729
1791408670.678054,0,0,100,0.32313,-0.00250,0.00536,0.31414,-0.00627,-0.00467,-0.05456,-0.00852,0.042772
1791408670.697837,0,0,100,0.32313,-0.00247,0.00534,0.31412,0.00705,0.00371,-0.05453,-0.00852,0.042694
1791408670.718067,0,0,100,0.32313,-0.00247,0.00535,0.31411,0.00216,0.00176,-0.05452,-0.01172,0.042732
1791408670.737777,0,0,100,0.32313,-0.00249,0.00539,0.31412,-0.01165,0.00210,-0.05379,-0.00320,0.042757
1791408670.758212,0,0,100,0.32313,-0.00249,0.00541,0.31411,-0.00661,0.00311,-0.05399,-0.01598,0.042778
1791408670.778230,0,0,100,0.32313,-0.00250,0.00542,0.31411,0.01206,-0.00378,-0.05449,0.00000,0.042801
1791408670.797858,0,0,100,0.32313,-0.00249,0.00542,0.31410,0.00830,-0.00742,-0.05513,-0.01065,0.042752
1791408670.818003,0,0,100,0.32313,-0.00247,0.00543,0.31412,0.00791,0.00716,-0.05309,-0.01065,0.042765
1791408670.837743,0,0,100,0.32313,-0.00246,0.00541,0.31413,0.01524,-0.00621,-0.05343,-0.00959,0.042701
1791408670.857815,0,0,100,0.32313,-0.00247,0.00539,0.31414,0.00576,-0.00135,-0.05331,-0.00852,0.042658
1791408670.877828,0,0,100,0.32313,-0.00247,0.00537,0.31413,0.00314,-0.01098,-0.05364,-0.00426,0.042638
1791408670.897740,0,0,100,0.32313,-0.00245,0.00535,0.31413,0.00584,-0.00420,-0.05380,-0.01917,0.042583
1791408670.917779,0,0,100,0.32313,-0.00245,0.00536,0.31412,0.00293,0.01131,-0.05339,-0.00320,0.042560
1791408670.937777,0,0,100,0.32313,-0.00244,0.00535,0.31412,0.00095,-0.00172,-0.05363,-0.01704,0.042516
1791408670.958011,0,0,100,0.32313,-0.00244,0.00538,0.31411,-0.00312,0.01684,-0.05343,-0.01278,0.042564
1791408670.977846,0,0,100,0.32313,-0.00245,0.00540,0.31411,0.00278,0.00055,-0.05416,-0.00107,0.042678
1791408670.998079,0,0,100,0.32313,-0.00246,0.00544,0.31411,-0.01254,0.00087,-0.05385,0.00000,0.042786
1791408671.017797,0,0,100,0.32313,-0.00246,0.00546,0.31410,-0.00937,-0.00291,-0.05415,-0.01172,0.042815
1791408671.037764,0,0,100,0.32313,-0.00246,0.00547,0.31409,-0.00447,-0.00820,-0.05473,-0.00533,0.042828
1791408671.057832,0,0,100,0.32313,-0.00245,0.00545,0.31410,0.00165,0.00145,-0.05463,-0.00852,0.042802
1791408671.077800,0,0,100,0.32313,-0.00244,0.00542,0.31410,-0.00271,-0.01103,-0.05378,-0.01278,0.042735
1791408671.097867,0,0,100,0.32313,-0.00244,0.00540,0.31412,0.00295,0.00857,-0.05277,-0.00852,0.042668
1791408671.118203,0,0,100,0.32313,-0.00243,0.00538,0.31412,0.00586,0.00506,-0.05359,-0.00639,0.042640
1791408671.137804,0,0,100,0.32313,-0.00242,0.00535,0.31411,0.00830,-0.00531,-0.05418,0.00000,0.042643
1791408671.158149,0,0,100,0.32313,-0.00242,0.00535,0.31411,-0.00576,-0.00797,-0.05431,-0.01385,0.042642
1791408671.178027,0,0,100,0.32313,-0.00243,0.00534,0.31410,0.00026,-0.00074,-0.05398,-0.01172,0.042713
1791408671.197828,0,0,100,0.32313,-0.00244,0.00539,0.31410,0.00389,0.00173,-0.05365,-0.00213,0.042857
1791408671.217782,0,0,100,0.32312,-0.00246,0.00543,0.31412,0.00297,0.00848,-0.05313,-0.00639,0.042949
1791408671.237868,0,0,100,0.32313,-0.00246,0.00544,0.31413,0.00655,0.00321,-0.05347,-0.01811,0.042974
1791408671.257861,0,0,100,0.32313,-0.00247,0.00544,0.31414,0.00387,-0.00228,-0.05350,-0.01278,0.042936
1791408671.277801,0,0,100,0.32313,-0.00246,0.00543,0.31413,0.00304,-0.00596,-0.05396,-0.00107,0.042912
1791408671.297919,0,0,100,0.32313,-0.00243,0.00542,0.31411,0.00263,-0.01112,-0.05547,-0.01278,0.042863
1791408671.317844,0,0,100,0.32313,-0.00244,0.00538,0.31410,0.00412,-0.00233,-0.05491,-0.00959,0.042809
1791408671.338023,0,0,100,0.32313,-0.00245,0.00535,0.31412,0.00072,-0.00180,-0.05377,-0.01811,0.042754
1791408671.357759,0,0,100,0.32313,-0.00244,0.00533,0.31411,0.01061,-0.00253,-0.05493,0.00107,0.042698
1791408671.377864,0,0,100,0.32313,-0.00243,0.00533,0.31411,0.01016,0.00451,-0.05485,-0.01491,0.042684
1791408671.397792,0,0,100,0.32313,-0.00245,0.00533,0.31410,0.00701,0.00660,-0.05475,-0.01598,0.042676
1791408671.417783,0,0,100,0.32313,-0.00244,0.00537,0.31410,0.01123,0.00159,-0.05502,-0.00852,0.042776
1791408671.437754,0,0,100,0.32313,-0.00244,0.00540,0.31409,-0.00328,0.00277,-0.05479,-0.01278,0.042853
1791408671.457700,0,0,100,0.32313,-0.00244,0.00541,0.31409,0.00715,-0.00756,-0.05572,-0.01278,0.042936
1791408671.477695,0,0,100,0.32313,-0.00244,0.00545,0.31408,0.01221,0.00378,-0.05531,0.00000,0.042938
1791408671.498017,0,0,100,0.32313,-0.00243,0.00547,0.31408,0.00502,0.01276,-0.05481,-0.00746,0.042932
1791408671.517811,0,0,100,0.32313,-0.00243,0.00545,0.31409,-0.00139,-0.01178,-0.05553,-0.01811,0.042911
1791408671.537778,0,0,100,0.32313,-0.00242,0.00541,0.31409,0.00487,-0.01546,-0.05569,-0.01491,0.042833
1791408671.557763,0,0,100,0.32313,-0.00240,0.00538,0.31408,0.01644,-0.00615,-0.05587,-0.00639,0.042759
1791408671.578143,0,0,100,0.32313,-0.00239,0.00537,0.31407,0.01024,-0.00586,-0.05547,-0.00746,0.042743
1791408671.597778,0,0,100,0.32314,-0.00238,0.00536,0.31406,-0.01008,0.00262,-0.05548,-0.00852,0.042719
1791408671.617730,0,0,100,0.32313,-0.00238,0.00537,0.31406,-0.00431,0.00402,-0.05531,-0.00746,0.042696
1791408671.637809,0,0,100,0.32313,-0.00238,0.00539,0.31407,0.00791,0.00713,-0.05467,-0.00852,0.042693
1791408671.657737,0,0,100,0.32313,-0.00240,0.00542,0.31408,0.00018,0.00479,-0.05397,-0.01598,0.042827
1791408671.677792,0,0,100,0.32313,-0.00239,0.00545,0.31408,0.00281,-0.00717,-0.05480,-0.00746,0.042927
1791408671.697749,0,0,100,0.32313,-0.00238,0.00547,0.31408,0.00422,-0.00713,-0.05474,-0.01598,0.042950
1791408671.717809,0,0,100,0.32312,-0.00238,0.00547,0.31409,0.00175,-0.01159,-0.05483,-0.01278,0.042905
1791408671.738054,0,0,100,0.32313,-0.00238,0.00545,0.31409,0.00379,-0.01545,-0.05508,-0.01917,0.042879
1791408671.757776,0,0,100,0.32313,-0.00239,0.00543,0.31408,-0.00335,0.00577,-0.05501,-0.01385,0.042783
1791408671.777630,0,0,100,0.32313,-0.00238,0.00538,0.31409,0.00370,0.01239,-0.05414,-0.01278,0.042643
1791408671.797717,0,0,100,0.32313,-0.00237,0.00531,0.31408,0.01129,-0.01273,-0.05574,-0.01172,0.042571
1791408671.818030,0,0,100,0.32313,-0.00236,0.00531,0.31407,-0.00318,0.00527,-0.05511,-0.00746,0.042568
1791408671.837688,0,0,100,0.32313,-0.00237,0.00529,0.31408,0.00232,-0.00320,-0.05509,-0.00533,0.042554
1791408671.857750,0,0,100,0.32314,-0.00237,0.00529,0.31409,-0.00115,-0.00466,-0.05432,-0.01491,0.042547
1791408671.877645,0,0,100,0.32313,-0.00238,0.00532,0.31410,0.00758,0.01024,-0.05408,-0.00320,0.042573
1791408671.898085,0,0,100,0.32313,-0.00239,0.00534,0.31410,0.00387,-0.00527,-0.05457,0.00320,0.042672
1791408671.917859,0,0,100,0.32313,-0.00240,0.00537,0.31410,0.00781,0.00342,-0.05431,0.00000,0.042722
1791408671.937720,0,0,100,0.32313,-0.00239,0.00539,0.31409,0.00164,0.01127,-0.05446,-0.00746,0.042807
1791408671.957739,0,0,100,0.32313,-0.00238,0.00540,0.31409,0.01442,-0.00451,-0.05492,-0.02770,0.042780
1791408671.977733,0,0,100,0.32313,-0.00236,0.00539,0.31410,0.00328,0.00515,-0.05390,-0.02450,0.042709
1791408671.997775,0,0,100,0.32313,-0.00236,0.00538,0.31411,0.00559,-0.00704,-0.05457,-0.00852,0.042670
1791408672.017759,0,0,100,0.32313,-0.00236,0.00536,0.31410,-0.01131,0.00383,-0.05432,-0.01491,0.042655
1791408672.037781,0,0,100,0.32313,-0.00236,0.00532,0.31410,-0.00189,-0.00607,-0.05461,-0.00639,0.042604
1791408672.057768,0,0,100,0.32313,-0.00233,0.00531,0.31410,-0.00266,0.00986,-0.05390,-0.01704,0.042595
1791408672.078101,0,0,100,0.32313,-0.00233,0.00531,0.31410,0.00103,0.00481,-0.05404,-0.01278,0.042557
1791408672.097834,0,0,100,0.32313,-0.00234,0.00531,0.31412,-0.00081,-0.00253,-0.05368,-0.00746,0.042608
1791408672.117645,0,0,100,0.32313,-0.00234,0.00534,0.31413,0.00384,0.00457,-0.05353,-0.00746,0.042643
1791408672.137703,0,0,100,0.32313,-0.00233,0.00536,0.31412,0.01077,-0.00123,-0.05436,-0.00959,0.042676
1791408672.157780,0,0,100,0.32313,-0.00235,0.00538,0.31411,-0.00046,0.00600,-0.05392,0.00107,0.042718
1791408672.177653,0,0,100,0.32313,-0.00233,0.00541,0.31412,0.00894,-0.00658,-0.05418,-0.00426,0.042759
1791408672.197851,0,0,100,0.32313,-0.00233,0.00538,0.31413,0.01295,-0.00929,-0.05402,-0.01385,0.042717
1791408672.217681,0,0,100,0.32313,-0.00231,0.00537,0.31411,0.01232,-0.00385,-0.05476,-0.01278,0.042658
1791408672.237773,0,0,100,0.32313,-0.00231,0.00534,0.31411,0.00659,0.01200,-0.05388,-0.01491,0.042632
1791408672.257679,0,0,100,0.32313,-0.00230,0.00532,0.31410,0.00430,0.00581,-0.05387,-0.00426,0.042614
1791408672.277858,0,0,100,0.32313,-0.00229,0.00530,0.31410,0.00366,0.00122,-0.05464,-0.00533,0.042577
1791408672.297668,0,0,100,0.32313,-0.00230,0.00530,0.31409,0.00188,0.00309,-0.05452,-0.00959,0.042581
1791408672.317708,0,0,100,0.32314,-0.00229,0.00531,0.31410,-0.00465,-0.01333,-0.05446,-0.01278,0.042619
1791408672.337623,0,0,100,0.32313,-0.00229,0.00535,0.31409,-0.00293,0.00628,-0.05443,0.00959,0.042675
1791408672.357704,0,0,100,0.32313,-0.00229,0.00535,0.31410,0.00582,-0.00159,-0.05448,-0.00426,0.042708
1791408672.377591,0,0,100,0.32313,-0.00231,0.00538,0.31409,0.00365,0.00708,-0.05435,-0.00533,0.042746
1791408672.397688,0,0,100,0.32314,-0.00231,0.00540,0.31410,0.00219,-0.00663,-0.05424,-0.00746,0.042802
1791408672.417638,0,0,100,0.32313,-0.00231,0.00541,0.31411,-0.00368,-0.00889,-0.05405,-0.00639,0.042789
1791408672.437756,0,0,100,0.32313,-0.00230,0.00542,0.31412,0.00093,-0.00830,-0.05328,-0.02024,0.042765
1791408672.457675,0,0,100,0.32314,-0.00227,0.00540,0.31411,0.01357,-0.00110,-0.05413,-0.00639,0.042727
1791408672.477674,0,0,100,0.32313,-0.00227,0.00537,0.31410,-0.00343,-0.02411,-0.05564,-0.01491,0.042714
1791408672.497740,0,0,100,0.32313,-0.00227,0.00534,0.31411,-0.00296,-0.00720,-0.05366,-0.00852,0.042666
1791408672.517707,0,0,100,0.32313,-0.00226,0.00533,0.31412,-0.00238,-0.01707,-0.05378,-0.01491,0.042642
1791408672.537626,0,0,100,0.32313,-0.00226,0.00533,0.31413,-0.00535,-0.00088,-0.05328,-0.01598,0.042652
1791408672.557659,0,0,100,0.32313,-0.00227,0.00534,0.31414,0.00872,-0.00603,-0.05308,-0.00533,0.042689
1791408672.577636,0,0,100,0.32313,-0.00228,0.00537,0.31416,-0.00327,-0.00775,-0.05304,-0.00639,0.042732
1791408672.597617,0,0,100,0.32313,-0.00229,0.00539,0.31416,0.00478,0.00116,-0.05292,-0.00533,0.042772
1791408672.617640,0,0,100,0.32313,-0.00229,0.00539,0.31416,0.00228,0.00927,-0.05282,-0.00426,0.042810
1791408672.637630,0,0,100,0.32313,-0.00229,0.00540,0.31415,0.00087,-0.01052,-0.05393,-0.01278,0.042795
1791408672.657643,0,0,100,0.32313,-0.00227,0.00540,0.31415,-0.00105,-0.00448,-0.05381,-0.00639,0.042766
1791408672.677658,0,0,100,0.32313,-0.00226,0.00538,0.31414,-0.00760,-0.00829,-0.05374,-0.01917,0.042717
1791408672.697635,0,0,100,0.32313,-0.00222,0.00536,0.31414,-0.00519,-0.00156,-0.05364,-0.01172,0.042707
1791408672.717605,0,0,100,0.32313,-0.00220,0.00534,0.31414,-0.00993,-0.01303,-0.05506,-0.01491,0.042679
1791408672.737781,0,0,100,0.32313,-0.00216,0.00534,0.31414,0.00681,0.00343,-0.05377,-0.01491,0.042666
1791408672.757648,0,0,100,0.32314,-0.00216,0.00534,0.31414,-0.00233,-0.00361,-0.05383,-0.01385,0.042655
1791408672.777691,0,0,100,0.32313,-0.00213,0.00537,0.31414,0.01431,0.00124,-0.05357,-0.00213,0.042746
1791408672.797629,0,0,100,0.32314,-0.00214,0.00538,0.31415,-0.00338,0.00943,-0.05299,-0.01172,0.042762
1791408672.817764,0,0,100,0.32313,-0.00213,0.00538,0.31416,0.00560,-0.01261,-0.05369,-0.01385,0.042739
1791408672.837741,0,0,100,0.32313,-0.00213,0.00541,0.31414,0.00988,0.00345,-0.05425,0.00107,0.042792
1791408672.857762,0,0,100,0.32314,-0.00213,0.00541,0.31414,0.00482,-0.01181,-0.05432,-0.00852,0.042789
1791408672.877829,0,0,100,0.32314,-0.00212,0.00543,0.31414,0.00177,0.00840,-0.05355,-0.00639,0.042834
1791408672.897698,0,0,100,0.32314,-0.00213,0.00540,0.31414,-0.01163,0.00320,-0.05365,-0.01811,0.042796
1791408672.917672,0,0,100,0.32314,-0.00213,0.00536,0.31415,-0.00968,-0.01028,-0.05376,-0.02131,0.042664
1791408672.937778,0,0,100,0.32313,-0.00210,0.00534,0.31414,0.00544,0.00543,-0.05412,-0.01172,0.042558
1791408672.958083,0,0,100,0.32314,-0.00209,0.00530,0.31414,0.00100,-0.00344,-0.05416,-0.01172,0.042504
1791408672.977630,0,0,100,0.32314,-0.00208,0.00530,0.31413,0.00345,0.01055,-0.05352,0.00213,0.042537
1791408672.997623,0,0,100,0.32314,-0.00209,0.00531,0.31414,0.00258,-0.00394,-0.05389,-0.01172,0.042634
1791408673.017575,0,0,100,0.32314,-0.00205,0.00533,0.31415,0.01943,0.00175,-0.05360,-0.00533,0.042736
1791408673.037690,0,0,100,0.32313,-0.00205,0.00537,0.31415,0.00277,-0.01291,-0.05433,-0.01278,0.042761
1791408673.057667,0,0,100,0.32314,-0.00205,0.00537,0.31415,-0.00139,-0.00081,-0.05342,-0.01491,0.042747
1791408673.077587,0,0,100,0.32314,-0.00203,0.00539,0.31416,0.01791,0.00270,-0.05333,-0.01385,0.042773
1791408673.097577,0,0,100,0.32314,-0.00204,0.00540,0.31415,0.00458,0.00155,-0.05358,-0.01065,0.042792
1791408673.117652,0,0,100,0.32313,-0.00204,0.00538,0.31415,0.00034,0.00255,-0.05404,-0.01065,0.042783
1791408673.137578,0,0,100,0.32314,-0.00202,0.00538,0.31415,0.00531,0.00516,-0.05333,-0.01917,0.042785
1791408673.157667,0,0,100,0.32314,-0.00201,0.00536,0.31416,0.00633,-0.00270,-0.05367,-0.02024,0.042713
1791408673.177596,0,0,100,0.32314,-0.00200,0.00535,0.31416,-0.00226,-0.01108,-0.05396,-0.00533,0.042735
1791408673.197647,0,0,100,0.32314,-0.00200,0.00532,0.31418,-0.00727,0.00123,-0.05300,-0.01172,0.042682
1791408673.217599,0,0,100,0.32314,-0.00198,0.00532,0.31417,-0.00233,-0.00739,-0.05355,-0.01704,0.042668
1791408673.237723,0,0,100,0.32314,-0.00194,0.00535,0.31416,0.01275,-0.00948,-0.05409,0.00320,0.042776
1791408673.257715,0,0,100,0.32314,-0.00196,0.00538,0.31416,0.00577,0.00187,-0.05348,-0.01278,0.042836
1791408673.277612,0,0,100,0.32314,-0.00198,0.00544,0.31416,0.00470,0.00725,-0.05315,-0.00533,0.042915
1791408673.297910,0,0,100,0.32314,-0.00200,0.00544,0.31418,-0.00103,-0.00284,-0.05320,-0.01917,0.042859
1791408673.317587,0,0,100,0.32314,-0.00200,0.00544,0.31419,0.00048,-0.00397,-0.05302,-0.00107,0.042802
1791408673.337540,0,0,100,0.32314,-0.00196,0.00546,0.31421,0.00676,0.00005,-0.05291,-0.00533,0.042769
1791408673.358271,0,0,100,0.32314,-0.00194,0.00545,0.31420,0.00455,0.00237,-0.05290,-0.00959,0.042790
1791408673.377705,0,0,100,0.32314,-0.00191,0.00542,0.31418,0.00696,-0.01284,-0.05351,-0.00533,0.042804
1791408673.397813,0,0,100,0.32314,-0.00187,0.00541,0.31417,0.00650,-0.00193,-0.05335,-0.01065,0.042799
1791408673.417853,0,0,100,0.32314,-0.00184,0.00537,0.31415,0.00312,-0.00749,-0.05461,-0.02557,0.042721
1791408673.437671,0,0,100,0.32314,-0.00179,0.00535,0.31414,0.01001,0.00153,-0.05356,-0.00533,0.042684
1791408673.457723,0,0,100,0.32314,-0.00177,0.00535,0.31414,0.00703,-0.00182,-0.05415,-0.01385,0.042703
1791408673.477640,0,0,100,0.32314,-0.00174,0.00534,0.31414,0.00823,-0.00296,-0.05412,-0.00426,0.042735
1791408673.497691,0,0,100,0.32315,-0.00173,0.00536,0.31413,-0.00385,-0.00502,-0.05443,-0.00959,0.042866
1791408673.517691,0,0,100,0.32314,-0.00173,0.00542,0.31414,-0.00416,0.00116,-0.05389,-0.01491,0.043007
1791408673.537671,0,0,100,0.32314,-0.00170,0.00542,0.31414,-0.00858,-0.00369,-0.05394,-0.00107,0.043074
1791408673.557876,0,0,100,0.32314,-0.00167,0.00540,0.31415,0.00732,0.00245,-0.05375,-0.00533,0.043058
1791408673.577703,0,0,100,0.32314,-0.00165,0.00540,0.31414,-0.00175,-0.00437,-0.05389,-0.01491,0.043010
1791408673.597657,0,0,100,0.32315,-0.00159,0.00539,0.31415,0.00778,0.00153,-0.05322,-0.00426,0.043015
1791408673.617607,0,0,100,0.32314,-0.00154,0.00538,0.31415,0.01400,-0.00167,-0.05396,-0.01172,0.042985
1791408673.637615,0,0,100,0.32315,-0.00153,0.00536,0.31415,-0.00303,-0.00291,-0.05373,-0.00959,0.042966
1791408673.657770,0,0,100,0.32315,-0.00148,0.00535,0.31415,0.00710,-0.00043,-0.05366,-0.00959,0.042931
1791408673.677567,0,0,100,0.32315,-0.00147,0.00534,0.31415,0.01189,-0.00648,-0.05414,-0.00426,0.042916
1791408673.697588,0,0,100,0.32315,-0.00143,0.00534,0.31415,0.01112,-0.00963,-0.05385,-0.01172,0.042929
1791408673.717527,0,0,100,0.32315,-0.00141,0.00539,0.31415,0.00703,-0.00404,-0.05408,-0.00426,0.043001
1791408673.737518,0,0,100,0.32315,-0.00141,0.00539,0.31415,0.01776,0.00012,-0.05417,0.00746,0.043041
1791408673.757479,0,0,100,0.32315,-0.00142,0.00543,0.31414,0.01294,0.01076,-0.05367,-0.01172,0.043100
1791408673.777329,0,0,100,0.32315,-0.00142,0.00542,0.31414,0.00932,-0.00515,-0.05438,-0.01065,0.043087
1791408673.797414,0,0,100,0.32315,-0.00142,0.00544,0.31415,0.00857,0.00197,-0.05372,-0.01172,0.043053
1791408673.817399,0,0,100,0.32315,-0.00140,0.00542,0.31414,0.00783,-0.00872,-0.05472,0.00107,0.043039
1791408673.837364,0,0,100,0.32315,-0.00136,0.00540,0.31412,0.00443,-0.01520,-0.05541,-0.02131,0.042970
1791408673.857400,0,0,100,0.32315,-0.00137,0.00535,0.31412,0.00604,-0.00197,-0.05436,-0.01385,0.042884
1791408673.877388,0,0,100,0.32315,-0.00135,0.00534,0.31413,-0.00372,-0.00722,-0.05408,-0.01704,0.042874
1791408673.897395,0,0,100,0.32315,-0.00133,0.00531,0.31413,-0.00031,0.00104,-0.05400,-0.00959,0.042900
1791408673.917374,0,0,100,0.32315,-0.00129,0.00532,0.31412,0.01468,0.01189,-0.05461,-0.00320,0.042944
1791408673.937389,0,0,100,0.32315,-0.00128,0.00533,0.31413,0.00212,-0.00192,-0.05459,-0.01172,0.042955
1791408673.957435,0,0,100,0.32315,-0.00124,0.00533,0.31412,-0.00311,0.00701,-0.05397,-0.01385,0.042967
1791408673.977460,0,0,100,0.32315,-0.00120,0.00533,0.31411,0.00361,0.00172,-0.05406,0.00426,0.042993
1791408673.997452,0,0,100,0.32315,-0.00121,0.00537,0.31411,-0.00386,0.00008,-0.05418,-0.00852,0.043086
1791408674.017469,0,0,100,0.32315,-0.00120,0.00538,0.31413,0.00446,-0.00169,-0.05365,-0.00852,0.043123
1791408674.037431,0,0,100,0.32315,-0.00118,0.00536,0.31414,0.00495,-0.01190,-0.05417,-0.01917,0.043089
1791408674.057399,0,0,100,0.32315,-0.00115,0.00535,0.31413,-0.00037,-0.00696,-0.05436,-0.00533,0.043084
1791408674.077378,0,0,100,0.32315,-0.00112,0.00533,0.31412,0.01759,0.00075,-0.05418,-0.00852,0.042986
1791408674.097312,0,0,100,0.32315,-0.00111,0.00529,0.31411,0.00657,0.00219,-0.05388,-0.00746,0.042920
1791408674.117367,0,0,100,0.32316,-0.00109,0.00528,0.31412,-0.00000,-0.00186,-0.05373,-0.02024,0.042917
1791408674.137386,0,0,100,0.32315,-0.00106,0.00529,0.31411,0.01706,0.00811,-0.05332,-0.00959,0.042948
1791408674.157379,0,0,100,0.32315,-0.00106,0.00527,0.31411,0.00612,0.00109,-0.05355,-0.00426,0.042952
1791408674.177368,0,0,100,0.32315,-0.00106,0.00529,0.31411,0.00468,-0.00448,-0.05385,0.00000,0.043003
1791408674.197353,0,0,100,0.32315,-0.00104,0.00534,0.31410,0.00538,0.00546,-0.05316,-0.01385,0.043054
1791408674.217327,0,0,100,0.32315,-0.00105,0.00535,0.31410,0.00164,0.00759,-0.05362,-0.00959,0.043052
1791408674.237437,0,0,100,0.32315,-0.00104,0.00535,0.31410,0.00940,-0.00104,-0.05342,0.00000,0.043110
1791408674.257591,0,0,100,0.32315,-0.00105,0.00536,0.31411,0.00363,0.00362,-0.05356,-0.01278,0.043163
1791408674.277601,0,0,100,0.32316,-0.00102,0.00534,0.31410,0.00976,-0.00472,-0.05416,-0.00426,0.043091
1791408674.297568,0,0,100,0.32316,-0.00100,0.00532,0.31410,-0.00220,-0.00463,-0.05408,-0.00426,0.043037
1791408674.317539,0,0,100,0.32315,-0.00097,0.00530,0.31408,0.00736,-0.00625,-0.05442,-0.00533,0.042965
1791408674.337557,0,0,100,0.32316,-0.00095,0.00528,0.31408,-0.00501,0.00243,-0.05410,-0.00746,0.042946
1791408674.357735,0,0,100,0.32316,-0.00092,0.00527,0.31407,-0.00134,-0.00078,-0.05453,-0.01491,0.042928
1791408674.377716,0,0,100,0.32316,-0.00091,0.00526,0.31406,-0.00276,-0.00728,-0.05476,-0.00639,0.042941
1791408674.397696,0,0,100,0.32315,-0.00090,0.00531,0.31406,0.00858,-0.00695,-0.05447,0.00000,0.043033
1791408674.417625,0,0,100,0.32316,-0.00088,0.00536,0.31407,0.00235,-0.00473,-0.05471,-0.00213,0.043145
1791408674.437558,0,0,100,0.32316,-0.00085,0.00541,0.31405,-0.00688,0.01147,-0.05407,0.00426,0.043246
1791408674.457693,0,0,100,0.32315,-0.00084,0.00544,0.31406,0.00386,-0.00642,-0.05438,-0.00213,0.043364
1791408674.477611,0,0,100,0.32316,-0.00081,0.00545,0.31405,-0.00452,0.00223,-0.05401,-0.01385,0.043380
1791408674.497595,0,0,100,0.32315,-0.00080,0.00545,0.31408,0.00568,-0.01002,-0.05342,-0.01172,0.043324
1791408674.517596,0,0,100,0.32316,-0.00078,0.00541,0.31408,0.00744,-0.00568,-0.05385,-0.02024,0.043248
1791408674.537579,0,0,100,0.32316,-0.00074,0.00538,0.31407,0.00778,-0.00542,-0.05412,-0.01278,0.043186
1791408674.557548,0,0,100,0.32316,-0.00071,0.00538,0.31408,0.01248,0.00562,-0.05299,-0.00426,0.043218
1791408674.577671,0,0,100,0.32316,-0.00068,0.00537,0.31408,0.00622,-0.00261,-0.05351,-0.00852,0.043267
1791408674.597571,0,0,100,0.32316,-0.00064,0.00541,0.31408,0.00635,-0.00072,-0.05344,0.00107,0.043391
1791408674.617499,0,0,100,0.32316,-0.00059,0.00543,0.31407,0.00698,-0.00592,-0.05364,-0.00746,0.043491
1791408674.637548,0,0,100,0.32316,-0.00057,0.00545,0.31407,0.00105,-0.00018,-0.05336,-0.00426,0.043544
1791408674.657660,0,0,100,0.32316,-0.00056,0.00549,0.31408,-0.00218,-0.00842,-0.05329,-0.00746,0.043627
1791408674.677769,0,0,100,0.32316,-0.00054,0.00551,0.31408,0.01863,-0.00669,-0.05388,-0.00533,0.043658
1791408674.697678,0,0,100,0.32316,-0.00051,0.00550,0.31409,0.00585,0.00017,-0.05324,-0.00746,0.043677
1791408674.717562,0,0,100,0.32316,-0.00047,0.00552,0.31409,0.00058,0.00730,-0.05286,0.00107,0.043709
1791408674.737625,0,0,100,0.32317,-0.00045,0.00549,0.31408,0.00750,0.00103,-0.05389,-0.01172,0.043671
1791408674.757578,0,0,100,0.32316,-0.00041,0.00544,0.31408,0.00135,-0.00547,-0.05391,-0.01704,0.043594
1791408674.777669,0,0,100,0.32316,-0.00037,0.00541,0.31408,-0.00033,-0.00014,-0.05357,-0.01065,0.043556
1791408674.797599,0,0,100,0.32317,-0.00033,0.00542,0.31409,-0.00088,0.01638,-0.05293,-0.01811,0.043539
1791408674.817629,0,0,100,0.32317,-0.00031,0.00538,0.31408,0.00245,-0.00410,-0.05344,-0.01278,0.043513
1791408674.837523,0,0,100,0.32316,-0.00026,0.00539,0.31408,0.00709,-0.00157,-0.05375,-0.01491,0.043479
1791408674.857696,0,0,100,0.32316,-0.00023,0.00541,0.31409,-0.00323,0.00268,-0.05357,-0.01491,0.043504
1791408674.877558,0,0,100,0.32316,-0.00020,0.00545,0.31408,0.01168,-0.00521,-0.05375,-0.00426,0.043613
1791408674.897615,0,0,100,0.32317,-0.00020,0.00549,0.31408,-0.00622,-0.00649,-0.05350,-0.00533,0.043708
1791408674.917653,0,0,100,0.32317,-0.00019,0.00550,0.31409,0.01281,0.00084,-0.05310,0.00426,0.043755
1791408674.937724,0,0,100,0.32317,-0.00021,0.00548,0.31409,-0.00721,-0.00502,-0.05371,-0.01491,0.043679
1791408674.957747,0,0,100,0.32316,-0.00022,0.00546,0.31410,0.00006,0.00163,-0.05327,-0.01598,0.043623
1791408674.977641,0,0,100,0.32317,-0.00022,0.00541,0.31409,0.00981,-0.00986,-0.05464,-0.00852,0.043498
1791408674.997651,0,0,100,0.32317,-0.00021,0.00537,0.31409,-0.00213,-0.00624,-0.05471,-0.01065,0.043392
1791408675.017582,0,0,100,0.32316,-0.00019,0.00535,0.31410,0.00621,0.00024,-0.05381,-0.00533,0.043362
1791408675.037559,0,0,100,0.32317,-0.00017,0.00533,0.31411,0.00186,-0.00691,-0.05397,-0.01278,0.043381
1791408675.057605,0,0,100,0.32317,-0.00015,0.00534,0.31411,0.01361,-0.00729,-0.05353,-0.00426,0.043364
1791408675.077601,0,0,100,0.32316,-0.00015,0.00535,0.31411,0.01342,-0.00653,-0.05399,-0.01811,0.043317
1791408675.097603,0,0,100,0.32316,-0.00013,0.00536,0.31412,0.02452,0.00993,-0.05297,0.00426,0.043376
1791408675.117780,0,0,100,0.32317,-0.00013,0.00536,0.31411,0.01046,0.00233,-0.05357,0.00320,0.043455
1791408675.137568,0,0,100,0.32317,-0.00012,0.00541,0.31411,0.00486,0.00158,-0.05340,-0.00426,0.043553
1791408675.157667,0,0,100,0.32317,-0.00013,0.00541,0.31411,0.00150,-0.00115,-0.05380,-0.01917,0.043589
1791408675.177608,0,0,100,0.32316,-0.00013,0.00541,0.31412,0.00685,-0.01227,-0.05400,-0.00959,0.043589
1791408675.197638,0,0,100,0.32317,-0.00013,0.00540,0.31411,-0.00285,-0.01024,-0.05347,-0.01385,0.043549
1791408675.217582,0,0,100,0.32317,-0.00010,0.00539,0.31412,-0.00178,0.00232,-0.05291,-0.01598,0.043508
1791408675.237765,0,0,100,0.32317,-0.00009,0.00537,0.31412,0.00162,0.00272,-0.05348,-0.01491,0.043432
1791408675.257622,0,0,100,0.32317,-0.00009,0.00535,0.31410,-0.00247,0.00516,-0.05428,-0.01065,0.043312
1791408675.277481,0,0,100,0.32317,-0.00010,0.00532,0.31411,-0.00066,-0.00406,-0.05363,-0.00426,0.043241
1791408675.297462,0,0,100,0.32317,-0.00009,0.00532,0.31410,-0.00254,-0.01191,-0.05471,0.00320,0.043357
1791408675.317569,0,0,100,0.32317,-0.00010,0.00539,0.31410,-0.01569,-0.00434,-0.05389,-0.00533,0.043491
1791408675.337432,0,0,100,0.32317,-0.00010,0.00540,0.31411,0.00545,-0.00138,-0.05362,-0.01491,0.043515
1791408675.357459,0,0,100,0.32317,-0.00010,0.00542,0.31410,0.00308,0.00112,-0.05373,-0.00533,0.043571
1791408675.377473,0,0,100,0.32317,-0.00011,0.00543,0.31411,0.00339,-0.00647,-0.05409,-0.00959,0.043538
1791408675.397475,0,0,100,0.32317,-0.00011,0.00543,0.31410,0.01233,-0.00269,-0.05453,-0.01598,0.043508
1791408675.417564,0,0,100,0.32317,-0.00011,0.00543,0.31412,0.00484,0.00542,-0.05309,-0.02237,0.043510
1791408675.437497,0,0,100,0.32316,-0.00012,0.00540,0.31413,0.00063,-0.00059,-0.05408,-0.01491,0.043502
1791408675.457553,0,0,100,0.32317,-0.00010,0.00536,0.31412,-0.00603,-0.00505,-0.05383,-0.01065,0.043414
1791408675.477340,0,0,100,0.32317,-0.00008,0.00533,0.31413,0.00586,0.00169,-0.05309,-0.00959,0.043322
1791408675.497394,0,0,100,0.32317,-0.00006,0.00532,0.31414,0.01200,-0.01032,-0.05384,-0.01917,0.043309
1791408675.517423,0,0,100,0.32317,-0.00006,0.00532,0.31414,0.00911,-0.00286,-0.05320,-0.00533,0.043344
1791408675.537377,0,0,100,0.32317,-0.00005,0.00534,0.31413,0.01054,0.00659,-0.05296,0.00746,0.043445
1791408675.557478,0,0,100,0.32317,-0.00005,0.00536,0.31412,0.00152,0.00039,-0.05369,-0.01704,0.043492
1791408675.577431,0,0,100,0.32317,-0.00005,0.00539,0.31411,-0.00175,-0.00503,-0.05384,-0.00639,0.043604
1791408675.597461,0,0,100,0.32317,-0.00003,0.00544,0.31411,0.02019,-0.00619,-0.05381,-0.00426,0.043679
1791408675.617460,0,0,100,0.32316,-0.00004,0.00544,0.31412,0.00690,-0.00616,-0.05304,-0.01704,0.043588
1791408675.637475,0,0,100,0.32317,-0.00005,0.00541,0.31412,0.00594,0.00162,-0.05367,-0.00959,0.043531
1791408675.657507,0,0,100,0.32317,-0.00004,0.00538,0.31412,-0.00429,-0.00997,-0.05309,-0.01598,0.043478
1791408675.677372,0,0,100,0.32317,-0.00001,0.00535,0.31412,0.00172,0.00487,-0.05324,-0.01172,0.043457
1791408675.697383,0,0,100,0.32317,0.00002,0.00536,0.31410,0.00025,0.00206,-0.05417,0.00107,0.043532
1791408675.717570,0,0,100,0.32317,0.00003,0.00533,0.31409,0.00155,0.00172,-0.05367,0.01172,0.043483
1791408675.737466,0,0,100,0.32317,0.00004,0.00530,0.31410,0.00047,0.00286,-0.05320,-0.00426,0.043395
1791408675.757671,0,0,100,0.32317,0.00004,0.00530,0.31409,0.00442,-0.00582,-0.05390,-0.00107,0.043398
1791408675.777471,0,0,100,0.32317,0.00004,0.00533,0.31411,0.00013,0.00317,-0.05304,0.00107,0.043437
1791408675.797635,0,0,100,0.32317,0.00004,0.00537,0.31411,0.00999,-0.00206,-0.05303,-0.00959,0.043495
1791408675.817500,0,0,100,0.32316,0.00004,0.00539,0.31411,0.00605,0.00552,-0.05275,-0.00320,0.043572
1791408675.837471,0,0,100,0.32317,0.00005,0.00540,0.31412,0.00093,-0.00756,-0.05331,-0.00746,0.043570
1791408675.857641,0,0,100,0.32317,0.00005,0.00540,0.31411,0.00873,-0.01444,-0.05350,-0.00746,0.043592
1791408675.877516,0,0,100,0.32317,0.00007,0.00539,0.31409,0.02107,0.00689,-0.05341,-0.00426,0.043528
1791408675.897445,0,0,100,0.32317,0.00005,0.00535,0.31408,-0.00884,-0.00583,-0.05389,-0.01491,0.043421
1791408675.917556,0,0,100,0.32317,0.00005,0.00533,0.31409,-0.00866,0.00425,-0.05336,-0.01704,0.043343
1791408675.937496,0,0,100,0.32318,0.00004,0.00529,0.31408,0.00432,-0.00297,-0.05370,-0.00959,0.043307
1791408675.957649,0,0,100,0.32317,0.00005,0.00530,0.31408,0.00449,0.00738,-0.05346,-0.00107,0.043391
1791408675.977688,0,0,100,0.32317,0.00006,0.00532,0.31408,-0.00711,0.01400,-0.05321,-0.00852,0.043484
1791408675.997422,0,0,100,0.32317,0.00005,0.00533,0.31408,-0.00570,0.00689,-0.05348,-0.01385,0.043498
1791408676.017472,0,0,100,0.32317,0.00004,0.00534,0.31408,-0.00006,-0.00250,-0.05357,-0.00639,0.043545
1791408676.037418,0,0,100,0.32317,0.00002,0.00535,0.31408,-0.00218,0.00280,-0.05387,-0.01811,0.043574
1791408676.057650,0,0,100,0.32317,0.00000,0.00536,0.31408,0.00205,-0.01239,-0.05407,-0.00746,0.043660
1791408676.077524,0,0,100,0.32317,-0.00000,0.00540,0.31409,0.00267,-0.00190,-0.05337,-0.00852,0.043680
1791408676.097726,0,0,100,0.32317,0.00002,0.00539,0.31412,0.00905,0.00725,-0.05314,-0.00320,0.043667
1791408676.117414,0,0,100,0.32317,0.00004,0.00538,0.31411,0.00891,0.00661,-0.05320,0.00000,0.043665
1791408676.137479,0,0,100,0.32317,0.00005,0.00536,0.31412,0.00975,-0.00333,-0.05357,-0.00320,0.043647
1791408676.157581,0,0,100,0.32317,0.00005,0.00533,0.31411,-0.00701,-0.00829,-0.05356,-0.01917,0.043578
1791408676.177645,0,0,100,0.32317,0.00006,0.00530,0.31412,-0.00774,-0.00061,-0.05322,-0.01172,0.043526
1791408676.197564,0,0,100,0.32317,0.00008,0.00529,0.31412,-0.00577,0.00703,-0.05303,-0.00426,0.043530
1791408676.217441,0,0,100,0.32317,0.00006,0.00531,0.31411,0.00914,0.00015,-0.05352,-0.00213,0.043575
1791408676.237427,0,0,100,0.32317,0.00007,0.00535,0.31411,0.00959,0.00489,-0.05343,-0.00426,0.043618
1791408676.257618,0,0,100,0.32317,0.00006,0.00535,0.31411,0.00664,-0.00996,-0.05410,-0.01065,0.043675
1791408676.277479,0,0,100,0.32317,0.00004,0.00538,0.31412,0.01718,-0.00930,-0.05350,-0.00107,0.043773
1791408676.297442,0,0,100,0.32317,0.00004,0.00542,0.31412,0.00679,0.00021,-0.05340,-0.00959,0.043820
1791408676.317465,0,0,100,0.32317,0.00005,0.00541,0.31412,0.00088,0.00054,-0.05319,-0.01278,0.043808
1791408676.337407,0,0,100,0.32317,0.00005,0.00538,0.31412,0.00817,-0.01097,-0.05379,-0.01065,0.043714
1791408676.357578,0,0,100,0.32317,0.00006,0.00535,0.31412,0.00318,0.00394,-0.05272,-0.00746,0.043591
1791408676.377338,0,0,100,0.32317,0.00008,0.00533,0.31412,0.01088,0.00169,-0.05334,-0.01172,0.043507
1791408676.397365,0,0,100,0.32317,0.00008,0.00530,0.31411,0.00457,-0.00857,-0.05390,-0.00852,0.043470
1791408676.417607,0,0,100,0.32317,0.00008,0.00529,0.31412,0.01180,0.00093,-0.05328,-0.00426,0.043507
1791408676.437349,0,0,100,0.32317,0.00009,0.00530,0.31410,0.00523,-0.00770,-0.05436,-0.01811,0.043565
1791408676.457529,0,0,100,0.32317,0.00008,0.00531,0.31410,-0.00613,0.00342,-0.05302,-0.01278,0.043618
1791408676.477391,0,0,100,0.32317,0.00007,0.00535,0.31411,0.00455,0.00388,-0.05363,-0.00107,0.043721
1791408676.497389,0,0,100,0.32317,0.00006,0.00536,0.31411,0.00142,0.00385,-0.05326,-0.00320,0.043746
1791408676.517591,0,0,100,0.32317,0.00007,0.00540,0.31411,0.01584,0.01244,-0.05275,-0.00852,0.043799
1791408676.537327,0,0,100,0.32317,0.00006,0.00542,0.31413,0.01340,0.00666,-0.05257,-0.01598,0.043789
1791408676.557268,0,0,100,0.32317,0.00007,0.00539,0.31413,0.00705,-0.01447,-0.05359,-0.00959,0.043710
1791408676.577386,0,0,100,0.32317,0.00005,0.00537,0.31414,0.00194,-0.00680,-0.05327,-0.02237,0.043652
1791408676.597729,0,0,100,0.32317,0.00007,0.00534,0.31413,0.00656,-0.00479,-0.05361,-0.01598,0.043583
1791408676.617536,0,0,100,0.32317,0.00007,0.00533,0.31413,0.00163,-0.00931,-0.05328,-0.00852,0.043586
1791408676.637681,0,0,100,0.32317,0.00008,0.00531,0.31414,-0.00283,0.00112,-0.05301,-0.00533,0.043613
1791408676.657474,0,0,100,0.32317,0.00008,0.00530,0.31413,0.00527,0.00124,-0.05348,-0.01385,0.043563
1791408676.677422,0,0,100,0.32317,0.00006,0.00531,0.31413,0.00225,-0.00514,-0.05378,-0.01491,0.043559
1791408676.697712,0,0,100,0.32317,0.00004,0.00533,0.31414,0.00773,0.00845,-0.05282,-0.00213,0.043620
1791408676.717667,0,0,100,0.32317,0.00005,0.00539,0.31414,0.00674,-0.00576,-0.05357,-0.00533,0.043765
1791408676.737472,0,0,100,0.32317,0.00004,0.00541,0.31413,0.00174,-0.01391,-0.05396,-0.01278,0.043839
1791408676.757804,0,0,100,0.32317,0.00003,0.00543,0.31415,0.00391,-0.00095,-0.05233,-0.01704,0.043909
1791408676.777477,0,0,100,0.32317,0.00006,0.00544,0.31415,0.01237,0.00500,-0.05280,-0.01065,0.043912
1791408676.797368,0,0,100,0.32317,0.00008,0.00545,0.31415,0.01525,0.00932,-0.05238,-0.01598,0.043843
1791408676.817397,0,0,100,0.32317,0.00009,0.00539,0.31414,0.00241,0.00236,-0.05269,-0.02024,0.043714
1791408676.837532,0,0,100,0.32317,0.00009,0.00536,0.31414,-0.00664,-0.00563,-0.05313,-0.01278,0.043638
1791408676.857443,0,0,100,0.32317,0.00010,0.00535,0.31413,-0.00146,0.00257,-0.05291,-0.00533,0.043620
1791408676.877371,0,0,100,0.32317,0.00010,0.00535,0.31413,-0.00398,0.01644,-0.05302,0.00000,0.043655
1791408676.897408,0,0,100,0.32317,0.00011,0.00534,0.31412,-0.00006,-0.00279,-0.05340,-0.00320,0.043692
1791408676.917260,0,0,100,0.32317,0.00010,0.00535,0.31413,0.00313,0.00594,-0.05295,-0.01598,0.043688
1791408676.937449,0,0,100,0.32317,0.00010,0.00537,0.31413,0.00717,0.00217,-0.05324,-0.01491,0.043693
1791408676.957402,0,0,100,0.32317,0.00006,0.00541,0.31413,-0.00719,0.00177,-0.05294,-0.01172,0.043702
1791408676.977406,0,0,100,0.32317,0.00006,0.00541,0.31414,0.00058,-0.01108,-0.05366,-0.00320,0.043801
1791408676.997411,0,0,100,0.32317,0.00007,0.00540,0.31414,0.00490,-0.00625,-0.05326,-0.01491,0.043811
1791408677.017411,0,0,100,0.32317,0.00007,0.00540,0.31413,0.00239,-0.00167,-0.05360,-0.00426,0.043790
1791408677.037313,0,0,100,0.32317,0.00008,0.00537,0.31413,-0.00246,-0.00539,-0.05335,-0.00852,0.043756
1791408677.057541,0,0,100,0.32317,0.00009,0.00535,0.31413,0.00692,-0.00673,-0.05396,-0.01704,0.043693
1791408677.078020,0,0,100,0.32317,0.00010,0.00532,0.31412,-0.00870,-0.00558,-0.05380,-0.01704,0.043630
1791408677.097347,0,0,100,0.32317,0.00012,0.00530,0.31412,0.00739,-0.00342,-0.05361,-0.01278,0.043576
1791408677.117380,0,0,100,0.32317,0.00012,0.00529,0.31411,0.01133,-0.00274,-0.05401,-0.00426,0.043535
1791408677.137333,0,0,100,0.32317,0.00012,0.00529,0.31411,0.00926,-0.00651,-0.05382,0.00000,0.043591
1791408677.157519,0,0,100,0.32317,0.00012,0.00533,0.31411,0.00238,0.00131,-0.05331,0.00213,0.043703
1791408677.177651,0,0,100,0.32317,0.00012,0.00538,0.31410,0.00308,-0.00497,-0.05437,0.00320,0.043848
1791408677.197675,0,0,100,0.32317,0.00014,0.00543,0.31409,0.01203,0.00120,-0.05432,-0.00320,0.043933
1791408677.217340,0,0,100,0.32317,0.00014,0.00545,0.31408,-0.00364,0.00411,-0.05397,-0.00746,0.043937
1791408677.237563,0,0,100,0.32317,0.00015,0.00543,0.31408,0.00072,-0.00397,-0.05411,-0.01065,0.043912
1791408677.257461,0,0,100,0.32317,0.00017,0.00541,0.31408,-0.00778,-0.00059,-0.05453,-0.01811,0.043788
1791408677.277727,0,0,100,0.32317,0.00017,0.00536,0.31408,0.00258,-0.00535,-0.05394,0.00000,0.043784
1791408677.297291,0,0,100,0.32317,0.00019,0.00533,0.31407,0.01427,-0.01364,-0.05508,-0.00746,0.043773
1791408677.317476,0,0,100,0.32317,0.00022,0.00536,0.31406,0.00853,0.00360,-0.05448,-0.00852,0.043776
1791408677.337466,0,0,100,0.32317,0.00021,0.00535,0.31405,0.00293,0.00197,-0.05458,-0.01598,0.043762
1791408677.357380,0,0,100,0.32317,0.00021,0.00536,0.31406,0.00433,-0.00024,-0.05384,-0.00533,0.043733
1791408677.377533,0,0,100,0.32317,0.00021,0.00538,0.31406,0.00008,0.00518,-0.05365,-0.01065,0.043726
1791408677.397711,0,0,100,0.32317,0.00020,0.00539,0.31406,0.00083,0.00038,-0.05396,-0.00426,0.043757
1791408677.417449,0,0,100,0.32317,0.00018,0.00544,0.31408,0.00379,0.00366,-0.05293,-0.01811,0.043844
1791408677.437479,0,0,100,0.32317,0.00018,0.00545,0.31408,0.01177,-0.00811,-0.05348,-0.01385,0.043946
1791408677.457584,0,0,100,0.32317,0.00017,0.00545,0.31409,0.00478,0.00923,-0.05303,-0.01385,0.043924
1791408677.477849,0,0,100,0.32317,0.00018,0.00545,0.31410,0.01190,0.00931,-0.05267,0.00107,0.043902
1791408677.497295,0,0,100,0.32317,0.00020,0.00540,0.31410,0.00816,-0.00545,-0.05304,-0.01172,0.043819
1791408677.517480,0,0,100,0.32317,0.00019,0.00536,0.31411,0.00086,0.00172,-0.05342,-0.00852,0.043678
1791408677.537594,0,0,100,0.32317,0.00021,0.00533,0.31409,0.01207,0.00704,-0.05323,-0.00959,0.043582
1791408677.557221,0,0,100,0.32317,0.00019,0.00529,0.31410,-0.00501,-0.00441,-0.05359,-0.00959,0.043504
1791408677.577186,0,0,100,0.32317,0.00020,0.00529,0.31411,0.00357,0.00198,-0.05338,-0.01278,0.043567
1791408677.597212,0,0,100,0.32317,0.00018,0.00529,0.31411,-0.00191,0.00854,-0.05306,-0.01385,0.043551
1791408677.617336,0,0,100,0.32317,0.00015,0.00531,0.31412,0.00266,0.01496,-0.05268,-0.00107,0.043650
1791408677.637277,0,0,100,0.32317,0.00016,0.00530,0.31412,0.00855,-0.01486,-0.05388,-0.01811,0.043620
1791408677.657301,0,0,100,0.32317,0.00015,0.00534,0.31412,0.00469,-0.01006,-0.05386,-0.01278,0.043669
1791408677.677438,0,0,100,0.32317,0.00015,0.00534,0.31411,0.00661,-0.00039,-0.05381,-0.00320,0.043705
1791408677.697338,0,0,100,0.32317,0.00017,0.00533,0.31410,0.00553,-0.01208,-0.05461,-0.00213,0.043724
1791408677.717549,0,0,100,0.32317,0.00018,0.00534,0.31409,0.00302,0.00640,-0.05373,-0.00639,0.043707
1791408677.737233,0,0,100,0.32317,0.00019,0.00531,0.31410,0.00103,0.01186,-0.05308,-0.02450,0.043640
1791408677.757462,0,0,100,0.32317,0.00021,0.00527,0.31409,-0.00507,0.00350,-0.05353,-0.00746,0.043631
1791408677.777215,0,0,100,0.32317,0.00022,0.00524,0.31409,0.01217,-0.00480,-0.05404,-0.01598,0.043577
1791408677.797122,0,0,100,0.32317,0.00023,0.00520,0.31409,0.00134,-0.01044,-0.05423,-0.01385,0.043541
1791408677.817382,0,0,100,0.32317,0.00022,0.00523,0.31408,-0.00312,-0.00592,-0.05412,-0.01278,0.043607
1791408677.837487,0,0,100,0.32317,0.00021,0.00526,0.31409,0.00675,-0.01293,-0.05416,0.00320,0.043666
1791408677.857396,0,0,100,0.32317,0.00019,0.00531,0.31410,-0.00548,0.01058,-0.05330,-0.00213,0.043757
1791408677.877287,0,0,100,0.32317,0.00020,0.00534,0.31410,0.01070,0.00321,-0.05368,-0.00959,0.043805
1791408677.897466,0,0,100,0.32316,0.00019,0.00534,0.31411,0.01078,-0.00080,-0.05369,-0.00959,0.043831
1791408677.917444,0,0,100,0.32317,0.00020,0.00533,0.31411,0.00304,0.00028,-0.05345,0.00213,0.043821
1791408677.937276,0,0,100,0.32317,0.00022,0.00536,0.31410,0.00213,0.00564,-0.05337,-0.01278,0.043860
1791408677.957369,0,0,100,0.32317,0.00023,0.00537,0.31410,-0.00895,0.01009,-0.05313,-0.01065,0.043819
1791408677.977331,0,0,100,0.32317,0.00023,0.00531,0.31410,-0.00132,-0.00286,-0.05350,-0.01598,0.043721
1791408677.997312,0,0,100,0.32317,0.00024,0.00529,0.31411,0.00671,-0.00288,-0.05312,-0.01704,0.043667
1791408678.017375,0,0,100,0.32317,0.00024,0.00527,0.31411,0.00712,-0.01341,-0.05409,-0.01385,0.043657
1791408678.037410,0,0,100,0.32317,0.00023,0.00527,0.31411,0.01050,0.00270,-0.05331,0.00107,0.043703
1791408678.057386,0,0,100,0.32317,0.00022,0.00529,0.31411,0.01056,-0.00421,-0.05397,-0.01065,0.043790
1791408678.077448,0,0,100,0.32317,0.00021,0.00530,0.31409,-0.00633,-0.01447,-0.05437,-0.01917,0.043852
1791408678.097514,0,0,100,0.32317,0.00021,0.00532,0.31409,0.00001,-0.00084,-0.05357,-0.00107,0.043886
1791408678.117315,0,0,100,0.32317,0.00021,0.00535,0.31410,0.00602,0.00540,-0.05277,-0.01598,0.043890
1791408678.137372,0,0,100,0.32317,0.00021,0.00535,0.31412,0.00862,0.00264,-0.05329,-0.01598,0.043895
1791408678.157397,0,0,100,0.32317,0.00020,0.00533,0.31412,-0.00455,-0.00900,-0.05337,-0.01385,0.043923
1791408678.177306,0,0,100,0.32317,0.00022,0.00531,0.31412,0.00823,-0.00041,-0.05293,-0.00533,0.043886
1791408678.197357,0,0,100,0.32317,0.00022,0.00530,0.31411,0.00959,-0.00570,-0.05378,-0.01278,0.043840
1791408678.217365,0,0,100,0.32317,0.00021,0.00527,0.31412,-0.00684,0.00036,-0.05325,-0.00852,0.043740
1791408678.237322,0,0,100,0.32317,0.00021,0.00524,0.31412,0.00202,0.00344,-0.05358,-0.00426,0.043648
1791408678.257392,0,0,100,0.32318,0.00021,0.00524,0.31413,0.00471,-0.00033,-0.05338,-0.01598,0.043603
1791408678.277284,0,0,100,0.32317,0.00020,0.00525,0.31413,0.00072,0.00591,-0.05329,-0.01278,0.043660
1791408678.297302,0,0,100,0.32317,0.00020,0.00528,0.31413,0.00677,0.01193,-0.05285,0.00000,0.043777
1791408678.317358,0,0,100,0.32317,0.00020,0.00531,0.31413,-0.00605,0.00014,-0.05309,-0.00959,0.043860
1791408678.337229,0,0,100,0.32317,0.00020,0.00535,0.31413,0.00499,0.00508,-0.05307,-0.00746,0.043950
1791408678.357389,0,0,100,0.32317,0.00020,0.00536,0.31412,0.00829,0.00548,-0.05341,-0.00107,0.043963
1791408678.377741,0,0,100,0.32317,0.00020,0.00535,0.31412,-0.00163,-0.00004,-0.05377,-0.00852,0.043943
1791408678.397247,0,0,100,0.32317,0.00021,0.00535,0.31412,0.00709,0.00295,-0.05420,-0.01385,0.043908
1791408678.417197,0,0,100,0.32317,0.00023,0.00532,0.31411,0.00657,0.01025,-0.05365,0.00213,0.043852
1791408678.437095,0,0,100,0.32317,0.00022,0.00529,0.31410,0.00211,-0.00552,-0.05419,-0.01172,0.043805
1791408678.457260,0,0,100,0.32317,0.00025,0.00527,0.31409,0.00564,-0.00500,-0.05430,-0.00639,0.043725
1791408678.477998,0,0,100,0.32318,0.00025,0.00526,0.31409,-0.00853,0.00443,-0.05361,-0.00959,0.043661
1791408678.497407,0,0,100,0.32317,0.00025,0.00523,0.31410,0.00975,-0.00022,-0.05382,-0.01172,0.043614
1791408678.517172,0,0,100,0.32317,0.00025,0.00525,0.31410,0.00512,0.00060,-0.05353,-0.00639,0.043650
1791408678.537166,0,0,100,0.32317,0.00026,0.00529,0.31409,0.01133,-0.00370,-0.05425,0.00107,0.043762
1791408678.557584,0,0,100,0.32317,0.00024,0.00531,0.31409,0.00715,-0.00090,-0.05393,-0.00959,0.043871
1791408678.577346,0,0,100,0.32317,0.00023,0.00533,0.31410,0.00187,-0.00393,-0.05381,-0.02237,0.043952
1791408678.597285,0,0,100,0.32317,0.00020,0.00534,0.31410,0.00048,-0.00540,-0.05413,-0.01385,0.043942
1791408678.617414,0,0,100,0.32317,0.00023,0.00530,0.31410,0.00153,-0.00797,-0.05398,-0.02983,0.043779
1791408678.637208,0,0,100,0.32317,0.00023,0.00526,0.31410,0.00036,-0.00237,-0.05397,-0.02237,0.043694
1791408678.657284,0,0,100,0.32317,0.00024,0.00525,0.31410,0.02001,0.00375,-0.05355,-0.00213,0.043672
1791408678.677083,0,0,100,0.32317,0.00025,0.00522,0.31410,-0.00179,-0.00348,-0.05427,-0.00959,0.043712
1791408678.697161,0,0,100,0.32317,0.00025,0.00519,0.31411,0.00202,-0.00043,-0.05386,-0.00852,0.043743
1791408678.717363,0,0,100,0.32318,0.00024,0.00519,0.31410,0.01241,0.00801,-0.05370,-0.00639,0.043731
1791408678.737269,0,0,100,0.32317,0.00022,0.00520,0.31411,-0.00353,0.01217,-0.05335,-0.00746,0.043745
1791408678.757305,0,0,100,0.32317,0.00024,0.00521,0.31411,-0.00201,-0.00415,-0.05396,-0.01065,0.043792
1791408678.777197,0,0,100,0.32317,0.00024,0.00525,0.31411,0.01225,-0.01218,-0.05439,0.00107,0.043875
1791408678.797261,0,0,100,0.32317,0.00023,0.00527,0.31410,0.00234,0.00282,-0.05355,0.00000,0.043893
1791408678.817184,0,0,100,0.32317,0.00022,0.00529,0.31411,0.00697,0.00323,-0.05357,-0.00852,0.043947
1791408678.837104,0,0,100,0.32317,0.00023,0.00528,0.31411,0.00608,-0.00011,-0.05380,-0.01917,0.043936
1791408678.857073,0,0,100,0.32317,0.00024,0.00527,0.31412,0.00002,-0.01601,-0.05384,-0.01278,0.043914
1791408678.877118,0,0,100,0.32317,0.00025,0.00525,0.31411,0.00302,-0.00852,-0.05411,-0.01704,0.043814
1791408678.897055,0,0,100,0.32317,0.00027,0.00521,0.31411,0.00176,-0.01306,-0.05389,-0.01917,0.043721
1791408678.917202,0,0,100,0.32317,0.00027,0.00520,0.31410,0.00284,-0.00118,-0.05383,-0.01598,0.043640
1791408678.937172,0,0,100,0.32317,0.00029,0.00520,0.31411,0.01175,0.00665,-0.05312,-0.00959,0.043619
1791408678.957783,0,0,100,0.32317,0.00029,0.00518,0.31411,0.00006,-0.00883,-0.05339,0.00746,0.043661
1791408678.977232,0,0,100,0.32317,0.00026,0.00521,0.31411,-0.00064,0.00224,-0.05317,-0.01172,0.043712
1791408678.997237,0,0,100,0.32317,0.00027,0.00524,0.31411,0.00017,-0.00065,-0.05303,-0.00533,0.043744
1791408679.017133,0,0,100,0.32317,0.00026,0.00526,0.31411,0.00488,0.00730,-0.05260,-0.00639,0.043791
1791408679.037171,0,0,100,0.32317,0.00028,0.00527,0.31411,0.00146,0.00609,-0.05262,-0.00426,0.043805
1791408679.057104,0,0,100,0.32318,0.00027,0.00526,0.31411,-0.00029,-0.01228,-0.05340,-0.01065,0.043852
1791408679.077161,0,0,100,0.32317,0.00030,0.00528,0.31410,0.01300,-0.00236,-0.05317,-0.01704,0.043887
1791408679.097208,0,0,100,0.32317,0.00030,0.00528,0.31409,0.00235,0.00054,-0.05347,-0.01811,0.043804
1791408679.117167,0,0,100,0.32317,0.00033,0.00525,0.31408,0.00195,0.00120,-0.05412,-0.01278,0.043745
1791408679.137141,0,0,100,0.32317,0.00033,0.00521,0.31407,0.01005,-0.00156,-0.05502,-0.01811,0.043686
1791408679.157199,0,0,100,0.32317,0.00033,0.00519,0.31407,0.00197,0.00212,-0.05386,-0.00746,0.043637
1791408679.177135,0,0,100,0.32317,0.00034,0.00517,0.31407,0.00823,-0.01331,-0.05456,-0.01278,0.043621
1791408679.197178,0,0,100,0.32317,0.00033,0.00516,0.31408,-0.00599,-0.00139,-0.05348,-0.00213,0.043624
1791408679.217262,0,0,100,0.32317,0.00035,0.00519,0.31408,0.01232,-0.00836,-0.05370,-0.00320,0.043665
1791408679.237212,0,0,100,0.32317,0.00034,0.00519,0.31407,0.00918,-0.00904,-0.05409,0.00213,0.043709
1791408679.257234,0,0,100,0.32317,0.00032,0.00522,0.31407,0.00244,0.00889,-0.05309,-0.00746,0.043804
1791408679.278233,0,0,100,0.32317,0.00032,0.00524,0.31407,0.00240,-0.00741,-0.05377,-0.00639,0.043825
1791408679.297152,0,0,100,0.32317,0.00033,0.00524,0.31408,0.00090,-0.00851,-0.05386,-0.01811,0.043810
1791408679.317250,0,0,100,0.32317,0.00035,0.00524,0.31407,-0.00229,-0.00521,-0.05388,-0.01278,0.043763
1791408679.337240,0,0,100,0.32317,0.00036,0.00522,0.31407,0.00568,0.00435,-0.05302,-0.01491,0.043744
1791408679.357252,0,0,100,0.32317,0.00036,0.00522,0.31406,0.00636,0.02106,-0.05293,0.00107,0.043736
1791408679.377128,0,0,100,0.32317,0.00037,0.00521,0.31406,0.00357,0.00588,-0.05333,-0.00959,0.043669
1791408679.397192,0,0,100,0.32317,0.00037,0.00516,0.31406,0.00351,-0.00856,-0.05387,-0.01385,0.043638
1791408679.417145,0,0,100,0.32317,0.00035,0.00516,0.31406,0.00928,0.00820,-0.05342,-0.00533,0.043650
1791408679.437310,0,0,100,0.32317,0.00037,0.00517,0.31406,0.00121,-0.00096,-0.05339,0.00320,0.043729
1791408679.457183,0,0,100,0.32317,0.00035,0.00520,0.31408,-0.01224,0.00427,-0.05255,-0.01065,0.043806
1791408679.477215,0,0,100,0.32317,0.00035,0.00524,0.31408,0.01177,0.01088,-0.05259,-0.00746,0.043871
1791408679.497236,0,0,100,0.32317,0.00034,0.00524,0.31409,0.00171,-0.00404,-0.05259,-0.00320,0.043889
1791408679.517288,0,0,100,0.32317,0.00033,0.00522,0.31410,-0.00483,-0.00446,-0.05278,-0.01491,0.043883
1791408679.537183,0,0,100,0.32317,0.00034,0.00522,0.31410,-0.00132,-0.00442,-0.05282,-0.01385,0.043874
1791408679.557318,0,0,100,0.32317,0.00035,0.00522,0.31410,-0.00552,0.00086,-0.05279,-0.00639,0.043867
1791408679.577292,0,0,100,0.32317,0.00036,0.00519,0.31409,-0.00431,-0.00974,-0.05365,-0.02450,0.043805
1791408679.597271,0,0,100,0.32317,0.00037,0.00515,0.31409,0.01348,-0.00891,-0.05328,-0.01172,0.043733
1791408679.617198,0,0,100,0.32317,0.00036,0.00513,0.31409,-0.00949,-0.00213,-0.05311,-0.01172,0.043651
1791408679.637241,0,0,100,0.32317,0.00036,0.00512,0.31409,0.00407,-0.01094,-0.05318,-0.00852,0.043681
1791408679.657178,0,0,100,0.32317,0.00037,0.00514,0.31409,-0.00273,0.00569,-0.05271,-0.00533,0.043724
1791408679.677256,0,0,100,0.32317,0.00037,0.00516,0.31408,0.00621,0.00788,-0.05257,0.00320,0.043801
1791408679.697269,0,0,100,0.32317,0.00036,0.00520,0.31408,-0.00169,0.00304,-0.05280,-0.01172,0.043868
1791408679.717116,0,0,100,0.32317,0.00035,0.00521,0.31408,-0.01549,-0.00050,-0.05270,-0.00746,0.043877
1791408679.737107,0,0,100,0.32317,0.00035,0.00522,0.31409,-0.00735,0.00209,-0.05262,-0.02024,0.043837
1791408679.757266,0,0,100,0.32317,0.00036,0.00519,0.31408,0.00977,-0.01419,-0.05407,-0.00959,0.043849
1791408679.777146,0,0,100,0.32317,0.00038,0.00518,0.31406,0.00508,-0.00475,-0.05363,-0.00426,0.043824
1791408679.797168,0,0,100,0.32317,0.00037,0.00519,0.31406,0.00277,-0.00677,-0.05423,-0.01385,0.043845
1791408679.817047,0,0,100,0.32317,0.00041,0.00516,0.31406,0.01367,-0.00479,-0.05454,-0.00746,0.043762
1791408679.837151,0,0,100,0.32317,0.00039,0.00515,0.31406,-0.00925,0.00367,-0.05297,-0.01278,0.043733
1791408679.857196,0,0,100,0.32317,0.00041,0.00517,0.31406,-0.00032,0.00083,-0.05307,-0.02131,0.043708
1791408679.877053,0,0,100,0.32317,0.00038,0.00516,0.31407,0.00279,0.00000,-0.05316,-0.00639,0.043723
1791408679.897225,0,0,100,0.32317,0.00037,0.00519,0.31407,0.00157,0.00813,-0.05275,0.00533,0.043843
1791408679.917148,0,0,100,0.32317,0.00035,0.00525,0.31408,-0.00447,-0.00620,-0.05332,-0.00107,0.043965
1791408679.937491,0,0,100,0.32317,0.00034,0.00527,0.31410,-0.00228,0.00071,-0.05256,-0.02237,0.043999
1791408679.957116,0,0,100,0.32317,0.00036,0.00527,0.31410,0.01160,0.00162,-0.05278,-0.01385,0.044054
1791408679.977108,0,0,100,0.32316,0.00037,0.00527,0.31409,0.00399,-0.00522,-0.05316,-0.00639,0.044004
1791408679.997100,0,0,100,0.32318,0.00037,0.00526,0.31409,0.00479,-0.00641,-0.05313,-0.01385,0.043953
1791408680.017191,0,0,100,0.32317,0.00037,0.00524,0.31410,0.00314,-0.00162,-0.05268,-0.01278,0.043965
1791408680.037211,0,0,100,0.32317,0.00037,0.00519,0.31411,-0.00436,-0.00323,-0.05309,-0.01917,0.043857
1791408680.057221,0,0,100,0.32318,0.00039,0.00516,0.31411,0.00676,-0.00908,-0.05325,-0.02237,0.043770
1791408680.077178,0,0,100,0.32317,0.00040,0.00515,0.31409,0.01016,-0.00120,-0.05326,0.00107,0.043715
1791408680.097237,0,0,100,0.32318,0.00038,0.00516,0.31409,0.00687,0.00641,-0.05314,0.00107,0.043742
1791408680.117058,0,0,100,0.32318,0.00038,0.00518,0.31408,0.01016,0.00453,-0.05294,-0.00639,0.043801
1791408680.137201,0,0,100,0.32317,0.00038,0.00521,0.31408,0.00164,-0.00325,-0.05330,0.00426,0.043886
1791408680.157283,0,0,100,0.32317,0.00038,0.00526,0.31408,0.01246,0.00775,-0.05330,0.00000,0.044015
1791408680.177114,0,0,100,0.32317,0.00038,0.00528,0.31406,0.00070,0.01074,-0.05351,0.00107,0.044062
1791408680.197184,0,0,100,0.32317,0.00039,0.00529,0.31406,0.00667,-0.00538,-0.05421,-0.00213,0.044075
1791408680.217051,0,0,100,0.32317,0.00039,0.00530,0.31406,-0.00987,-0.01121,-0.05390,-0.00959,0.044015
1791408680.237210,0,0,100,0.32317,0.00040,0.00530,0.31407,0.01513,-0.00456,-0.05337,-0.01172,0.043967
1791408680.257061,0,0,100,0.32317,0.00041,0.00530,0.31407,0.00080,-0.00288,-0.05353,-0.00639,0.043892
1791408680.277019,0,0,100,0.32317,0.00041,0.00525,0.31406,0.00565,-0.00388,-0.05361,-0.00746,0.043820
1791408680.297038,0,0,100,0.32317,0.00041,0.00524,0.31407,-0.00324,0.01085,-0.05292,-0.01917,0.043810
1791408680.316988,0,0,100,0.32317,0.00043,0.00523,0.31406,-0.00093,0.00118,-0.05406,-0.01704,0.043769
1791408680.337013,0,0,100,0.32317,0.00042,0.00522,0.31406,0.00336,-0.01058,-0.05396,-0.02557,0.043718
1791408680.357101,0,0,100,0.32317,0.00040,0.00524,0.31406,-0.00024,-0.00115,-0.05374,-0.00746,0.043764
1791408680.377088,0,0,100,0.32317,0.00037,0.00528,0.31405,-0.01135,0.00010,-0.05412,0.00107,0.043855
1791408680.397069,0,0,100,0.32317,0.00035,0.00529,0.31405,0.00437,0.00487,-0.05436,-0.00959,0.043904
1791408680.417150,0,0,100,0.32317,0.00033,0.00533,0.31406,-0.00344,0.00466,-0.05387,-0.00320,0.044010
1791408680.437073,0,0,100,0.32317,0.00036,0.00533,0.31406,0.00863,0.00238,-0.05409,-0.00639,0.044032
1791408680.457040,0,0,100,0.32317,0.00036,0.00532,0.31407,-0.00383,0.00220,-0.05408,-0.01704,0.044032
1791408680.477135,0,0,100,0.32317,0.00036,0.00533,0.31408,0.00615,0.00678,-0.05368,-0.00533,0.043984
1791408680.497108,0,0,100,0.32317,0.00038,0.00533,0.31408,0.01810,0.00230,-0.05420,-0.01598,0.043953
1791408680.517215,0,0,100,0.32317,0.00038,0.00530,0.31409,0.00445,0.00004,-0.05408,-0.00426,0.043976
1791408680.537135,0,0,100,0.32317,0.00040,0.00529,0.31409,0.01990,-0.00610,-0.05428,-0.00320,0.043930
1791408680.557070,0,0,100,0.32317,0.00040,0.00529,0.31408,0.00765,0.01042,-0.05384,-0.00852,0.043901
1791408680.576925,0,0,100,0.32317,0.00040,0.00529,0.31408,-0.00702,-0.00492,-0.05364,-0.01704,0.043941
1791408680.597121,0,0,100,0.32317,0.00040,0.00531,0.31409,0.00393,-0.00128,-0.05338,-0.00213,0.043959
1791408680.616996,0,0,100,0.32317,0.00039,0.00535,0.31410,-0.00667,0.01258,-0.05246,-0.00852,0.043988
1791408680.637038,0,0,100,0.32317,0.00039,0.00537,0.31410,-0.00044,0.00620,-0.05269,-0.00426,0.044054
1791408680.657168,0,0,100,0.32317,0.00037,0.00538,0.31410,0.00165,-0.00908,-0.05339,-0.01385,0.044077
1791408680.677125,0,0,100,0.32317,0.00037,0.00537,0.31410,0.00647,-0.01369,-0.05397,-0.01917,0.044071
1791408680.697188,0,0,100,0.32317,0.00038,0.00536,0.31410,0.00895,-0.00374,-0.05362,-0.01598,0.044066
1791408680.716954,0,0,100,0.32317,0.00038,0.00535,0.31411,0.00492,-0.00973,-0.05328,-0.01704,0.044021
1791408680.737548,0,0,100,0.32317,0.00040,0.00535,0.31411,0.00864,-0.00411,-0.05336,-0.01704,0.044005
1791408680.756753,0,0,100,0.32317,0.00039,0.00534,0.31412,0.00544,0.00406,-0.05352,-0.02131,0.043980
1791408680.778027,0,0,100,0.32317,0.00040,0.00534,0.31411,-0.00069,0.01323,-0.05273,-0.00746,0.043992
1791408680.798053,0,0,100,0.32317,0.00039,0.00535,0.31412,0.00161,0.01898,-0.05266,-0.00213,0.043963
1791408680.817312,0,0,100,0.32318,0.00040,0.00535,0.31412,-0.00233,-0.00313,-0.05342,-0.01811,0.043954
1791408680.836986,0,0,100,0.32317,0.00040,0.00538,0.31411,0.00028,-0.00180,-0.05335,-0.00852,0.044037
1791408680.856896,0,0,100,0.32317,0.00040,0.00541,0.31410,0.00102,0.00092,-0.05349,0.00426,0.044095
1791408680.876740,0,0,100,0.32317,0.00041,0.00541,0.31410,0.00463,-0.00550,-0.05338,-0.00533,0.044133
1791408680.896747,0,0,100,0.32317,0.00041,0.00544,0.31411,0.01354,-0.00693,-0.05334,-0.01704,0.044165
1791408680.916717,0,0,100,0.32317,0.00042,0.00542,0.31412,0.00291,-0.00886,-0.05284,-0.00852,0.044113
1791408680.936738,0,0,100,0.32317,0.00042,0.00539,0.31411,-0.00195,-0.00818,-0.05364,-0.00639,0.044079
1791408680.956731,0,0,100,0.32317,0.00043,0.00537,0.31411,0.00740,-0.01081,-0.05390,-0.01385,0.044035
1791408680.976743,0,0,100,0.32317,0.00044,0.00533,0.31411,0.01294,-0.00599,-0.05350,-0.01385,0.043949
1791408680.996799,0,0,100,0.32317,0.00042,0.00531,0.31411,-0.00208,-0.00816,-0.05369,-0.02450,0.043909
1791408681.016761,0,0,100,0.32318,0.00045,0.00531,0.31410,0.01461,0.01149,-0.05308,0.00639,0.043965
1791408681.036741,0,0,100,0.32317,0.00044,0.00531,0.31410,-0.00118,0.00097,-0.05383,-0.00746,0.043998
1791408681.056726,0,0,100,0.32317,0.00042,0.00533,0.31410,0.00696,0.00306,-0.05347,-0.00533,0.044053
1791408681.076716,0,0,100,0.32317,0.00042,0.00536,0.31409,0.01405,-0.00301,-0.05398,-0.01278,0.044142
1791408681.096705,0,0,100,0.32317,0.00041,0.00541,0.31409,-0.00645,-0.00241,-0.05366,-0.00426,0.044236
1791408681.116720,0,0,100,0.32317,0.00042,0.00544,0.31408,0.00172,0.00677,-0.05360,-0.00213,0.044287
1791408681.136755,0,0,100,0.32317,0.00043,0.00543,0.31408,0.00458,-0.00037,-0.05376,-0.00746,0.044242
1791408681.156727,0,0,100,0.32317,0.00044,0.00541,0.31408,0.00295,0.00670,-0.05326,-0.02237,0.044163
1791408681.176776,0,0,100,0.32317,0.00044,0.00538,0.31409,0.00248,-0.00666,-0.05351,-0.01917,0.044079
1791408681.196741,0,0,100,0.32317,0.00045,0.00535,0.31410,0.00699,-0.00255,-0.05310,-0.00639,0.044034
1791408681.216777,0,0,100,0.32317,0.00046,0.00531,0.31412,-0.00005,-0.00605,-0.05282,-0.01917,0.044008
1791408681.236943,0,0,100,0.32317,0.00045,0.00532,0.31412,0.00259,0.00023,-0.05270,-0.01065,0.044036
1791408681.256939,0,0,100,0.32317,0.00046,0.00531,0.31412,0.00652,0.00152,-0.05300,-0.00639,0.044047
1791408681.276991,0,0,100,0.32317,0.00044,0.00533,0.31412,0.00734,-0.00432,-0.05283,-0.01385,0.044055
1791408681.296968,0,0,100,0.32317,0.00041,0.00535,0.31413,-0.00377,-0.00760,-0.05297,0.00107,0.044068
1791408681.316988,0,0,100,0.32317,0.00041,0.00536,0.31413,0.00769,-0.00279,-0.05279,-0.00852,0.044088
1791408681.336947,0,0,100,0.32317,0.00040,0.00538,0.31413,0.00032,0.00260,-0.05298,-0.01065,0.044173
1791408681.357011,0,0,100,0.32317,0.00041,0.00538,0.31413,0.00493,-0.00720,-0.05318,0.00107,0.044199
1791408681.377013,0,0,100,0.32317,0.00041,0.00537,0.31414,0.00312,-0.00670,-0.05300,-0.01385,0.044184
1791408681.396978,0,0,100,0.32317,0.00042,0.00534,0.31413,-0.00068,-0.00350,-0.05340,-0.00852,0.044162
1791408681.417121,0,0,100,0.32317,0.00043,0.00531,0.31412,0.00359,-0.00083,-0.05314,-0.01172,0.044121
1791408681.437155,0,0,100,0.32317,0.00043,0.00529,0.31413,0.00594,0.01657,-0.05261,-0.00107,0.044052
1791408681.456968,0,0,100,0.32317,0.00044,0.00527,0.31413,0.00015,-0.00230,-0.05346,-0.00533,0.044037
1791408681.476970,0,0,100,0.32317,0.00044,0.00526,0.31412,0.00327,-0.00416,-0.05365,-0.01065,0.044039
1791408681.497086,0,0,100,0.32318,0.00044,0.00530,0.31411,0.00492,0.00798,-0.05341,-0.00746,0.044108
1791408681.517144,0,0,100,0.32318,0.00044,0.00531,0.31411,-0.00351,0.00263,-0.05364,-0.00533,0.044147
1791408681.537451,0,0,100,0.32317,0.00042,0.00532,0.31411,-0.00066,-0.00799,-0.05383,-0.00320,0.044158
1791408681.557014,0,0,100,0.32317,0.00042,0.00536,0.31411,0.00721,0.00680,-0.05355,-0.00213,0.044209
1791408681.577033,0,0,100,0.32316,0.00041,0.00535,0.31411,0.00804,-0.00257,-0.05376,-0.00213,0.044193
1791408681.597037,0,0,100,0.32318,0.00043,0.00533,0.31411,0.01431,0.00675,-0.05357,0.00000,0.044187
1791408681.617119,0,0,100,0.32317,0.00044,0.00532,0.31412,0.01025,-0.00511,-0.05378,-0.02024,0.044107
1791408681.637121,0,0,100,0.32317,0.00046,0.00531,0.31411,-0.00143,0.00455,-0.05425,-0.00852,0.044100
1791408681.656803,0,0,100,0.32317,0.00047,0.00527,0.31410,0.00051,-0.00634,-0.05477,-0.00533,0.044120
1791408681.677273,0,0,100,0.32317,0.00048,0.00526,0.31410,0.00665,0.00246,-0.05382,0.00852,0.044128
1791408681.696932,0,0,100,0.32318,0.00048,0.00526,0.31410,0.00169,-0.00073,-0.05425,-0.01704,0.044068
1791408681.716884,0,0,100,0.32318,0.00049,0.00526,0.31409,0.01508,-0.00247,-0.05419,-0.00639,0.044105
1791408681.737043,0,0,100,0.32317,0.00048,0.00529,0.31410,-0.00055,0.00074,-0.05375,-0.00107,0.044216
1791408681.756749,0,0,100,0.32317,0.00047,0.00532,0.31410,-0.00195,-0.00142,-0.05302,-0.00320,0.044348
1791408681.776996,0,0,100,0.32317,0.00048,0.00536,0.31410,0.00508,0.00834,-0.05311,-0.01917,0.044439
1791408681.797007,0,0,100,0.32317,0.00046,0.00535,0.31409,-0.00300,-0.00721,-0.05425,-0.01172,0.044400
1791408681.816919,0,0,100,0.32317,0.00048,0.00536,0.31409,0.01367,0.00511,-0.05355,-0.00426,0.044352
1791408681.836982,0,0,100,0.32317,0.00048,0.00534,0.31410,0.01211,-0.00932,-0.05411,-0.01811,0.044281
1791408681.856932,0,0,100,0.32317,0.00049,0.00533,0.31410,0.00391,0.00248,-0.05324,-0.00639,0.044287
1791408681.886775,0,0,100,0.32317,0.00052,0.00530,0.31410,0.00873,0.00003,-0.05408,-0.02237,0.044222
1791408681.906968,0,0,100,0.32318,0.00052,0.00528,0.31408,-0.00459,-0.00489,-0.05449,-0.00959,0.044198
1791408681.927099,0,0,100,0.32318,0.00052,0.00528,0.31407,0.00161,0.00224,-0.05398,-0.00533,0.044230
1791408681.946810,0,0,100,0.32318,0.00052,0.00530,0.31407,-0.00173,0.00402,-0.05384,-0.00852,0.044261
1791408681.966908,0,0,100,0.32318,0.00052,0.00532,0.31407,0.00918,-0.00724,-0.05431,-0.01172,0.044291
1791408681.986860,0,0,100,0.32317,0.00051,0.00532,0.31407,-0.00281,0.00419,-0.05359,-0.00746,0.044326
1791408682.016886,0,0,100,0.32317,0.00051,0.00535,0.31407,0.01371,0.00191,-0.05409,-0.01172,0.044443
1791408682.036854,0,0,100,0.32317,0.00050,0.00537,0.31408,-0.00083,-0.00396,-0.05403,-0.01917,0.044485
1791408682.056944,0,0,100,0.32317,0.00051,0.00538,0.31408,0.00558,-0.00961,-0.05407,-0.02131,0.044447
1791408682.076732,0,0,100,0.32317,0.00053,0.00536,0.31408,0.00408,0.00179,-0.05383,-0.00639,0.044356
1791408682.096748,0,0,100,0.32318,0.00054,0.00533,0.31407,0.00467,-0.00049,-0.05411,-0.00320,0.044325
1791408682.116819,0,0,100,0.32317,0.00053,0.00532,0.31408,-0.00237,-0.00710,-0.05304,-0.00959,0.044336
1791408682.150578,0,0,100,0.32318,0.00054,0.00532,0.31408,-0.00378,-0.00390,-0.05377,-0.01491,0.044342
1791408682.170460,0,0,100,0.32317,0.00054,0.00535,0.31407,0.00073,0.00677,-0.05345,-0.00746,0.044363
1791408682.192055,0,0,100,0.32317,0.00054,0.00533,0.31408,0.00566,0.00155,-0.05347,-0.01278,0.044329
1791408682.210306,0,0,100,0.32318,0.00055,0.00535,0.31408,0.00446,0.00220,-0.05365,0.00000,0.044358
1791408682.230245,0,0,100,0.32317,0.00056,0.00541,0.31406,0.01091,-0.00014,-0.05422,-0.00320,0.044535
1791408682.250299,0,0,100,0.32317,0.00057,0.00541,0.31406,0.01033,0.00074,-0.05374,-0.00746,0.044606
1791408682.280209,0,0,100,0.32317,0.00057,0.00542,0.31405,0.00971,-0.00073,-0.05395,-0.01278,0.044593
1791408682.300428,0,0,100,0.32317,0.00058,0.00540,0.31405,0.00195,-0.01101,-0.05373,-0.01065,0.044554
1791408682.320273,0,0,100,0.32317,0.00058,0.00536,0.31406,-0.00276,-0.01064,-0.05389,-0.01704,0.044440
1791408682.340687,0,0,100,0.32318,0.00059,0.00533,0.31406,0.00815,-0.00911,-0.05442,-0.01491,0.044381
1791408682.360887,0,0,100,0.32318,0.00061,0.00532,0.31405,0.00436,-0.00485,-0.05420,-0.00533,0.044391
1791408682.380338,0,0,100,0.32317,0.00059,0.00532,0.31405,-0.00803,-0.00684,-0.05420,0.00000,0.044452
1791408682.400506,0,0,100,0.32318,0.00060,0.00534,0.31404,-0.00097,0.00878,-0.05355,-0.00959,0.044523
1791408682.420112,0,0,100,0.32318,0.00059,0.00535,0.31405,0.00336,-0.00393,-0.05388,-0.00852,0.044541
1791408682.440479,0,0,100,0.32317,0.00057,0.00538,0.31405,0.01086,-0.00577,-0.05413,0.00000,0.044581
1791408682.460478,0,0,100,0.32317,0.00057,0.00540,0.31405,-0.00054,0.00522,-0.05344,-0.00426,0.044605
1791408682.480603,0,0,100,0.32317,0.00058,0.00542,0.31405,0.00726,-0.00218,-0.05405,-0.00213,0.044682
1791408682.500512,0,0,100,0.32318,0.00059,0.00543,0.31405,0.00332,-0.00346,-0.05386,-0.02131,0.044702
1791408682.520398,0,0,100,0.32317,0.00061,0.00543,0.31404,0.00685,-0.00672,-0.05440,-0.01278,0.044686
1791408682.542328,0,0,100,0.32317,0.00062,0.00543,0.31404,0.00747,0.00802,-0.05349,-0.00852,0.044692
1791408682.560401,0,0,100,0.32317,0.00062,0.00538,0.31405,-0.00271,-0.00398,-0.05376,-0.00852,0.044630
1791408682.580644,0,0,100,0.32318,0.00063,0.00535,0.31405,0.01444,-0.02421,-0.05413,-0.02557,0.044552
1791408682.600395,0,0,100,0.32318,0.00064,0.00532,0.31405,0.00415,-0.00267,-0.05335,-0.00852,0.044539
1791408682.620637,0,0,100,0.32317,0.00064,0.00536,0.31405,0.00561,0.00206,-0.05359,-0.00213,0.044616
1791408682.640892,0,0,100,0.32318,0.00063,0.00536,0.31404,0.00685,-0.00584,-0.05391,-0.01598,0.044636
1791408682.660856,0,0,100,0.32318,0.00064,0.00539,0.31404,0.01320,-0.00012,-0.05401,-0.01278,0.044673
1791408682.680304,0,0,100,0.32317,0.00061,0.00542,0.31403,0.00131,-0.00860,-0.05477,-0.01704,0.044771
1791408682.700575,0,0,100,0.32317,0.00060,0.00543,0.31402,-0.00195,-0.00565,-0.05440,-0.01811,0.044749
1791408682.720550,0,0,100,0.32317,0.00060,0.00544,0.31403,0.01145,0.00115,-0.05379,-0.00426,0.044763
1791408682.740580,0,0,100,0.32317,0.00060,0.00541,0.31402,0.00851,-0.00463,-0.05532,-0.01172,0.044723
1791408682.761535,0,0,100,0.32317,0.00061,0.00538,0.31402,-0.00769,0.00521,-0.05413,-0.01917,0.044711
1791408682.783849,0,0,100,0.32317,0.00063,0.00535,0.31402,0.00317,-0.01186,-0.05497,-0.02024,0.044681
1791408682.803719,0,0,100,0.32317,0.00066,0.00532,0.31402,0.00739,-0.00299,-0.05485,-0.02024,0.044601
1791408682.823734,0,0,100,0.32318,0.00068,0.00531,0.31401,0.00576,-0.00949,-0.05481,-0.02237,0.044560
1791408682.847449,0,0,100,0.32317,0.00067,0.00529,0.31400,0.00309,-0.00843,-0.05525,-0.00746,0.044510
1791408682.867043,0,0,100,0.32318,0.00066,0.00531,0.31400,-0.00174,0.00464,-0.05424,-0.00320,0.044525
1791408682.886930,0,0,100,0.32317,0.00066,0.00534,0.31400,-0.00884,-0.00229,-0.05432,0.00320,0.044657
1791408682.917009,0,0,100,0.32317,0.00065,0.00539,0.31402,-0.00222,0.00280,-0.05328,-0.01385,0.044819
1791408682.936742,0,0,100,0.32318,0.00064,0.00539,0.31402,0.00068,-0.00567,-0.05395,-0.00639,0.044846
1791408682.957855,0,0,100,0.32317,0.00064,0.00540,0.31404,0.00765,-0.00241,-0.05292,-0.00320,0.044824
1791408682.976688,0,0,100,0.32317,0.00065,0.00537,0.31403,0.00869,-0.00473,-0.05410,-0.01704,0.044723
1791408682.996861,0,0,100,0.32318,0.00065,0.00533,0.31403,0.00537,0.00596,-0.05351,-0.00959,0.044645
1791408683.017145,0,0,100,0.32317,0.00066,0.00532,0.31403,0.01384,0.00194,-0.05425,-0.00426,0.044573
1791408683.036780,0,0,100,0.32317,0.00066,0.00528,0.31402,0.00984,-0.01161,-0.05480,-0.00959,0.044541
1791408683.056691,0,0,100,0.32318,0.00068,0.00528,0.31403,0.01379,0.00406,-0.05390,-0.00213,0.044537
1791408683.076692,0,0,100,0.32318,0.00068,0.00531,0.31404,0.00987,0.01206,-0.05340,-0.00426,0.044563
1791408683.097944,0,0,100,0.32317,0.00067,0.00531,0.31404,0.00612,-0.00295,-0.05368,-0.00746,0.044574
1791408683.116783,0,0,100,0.32318,0.00065,0.00532,0.31405,0.00077,0.00402,-0.05314,-0.00746,0.044625
1791408683.136845,0,0,100,0.32317,0.00066,0.00533,0.31404,-0.00063,0.00178,-0.05328,0.00107,0.044660
1791408683.157259,0,0,100,0.32317,0.00065,0.00535,0.31405,-0.00272,-0.00313,-0.05257,-0.01385,0.044705
1791408683.176923,0,0,100,0.32318,0.00064,0.00536,0.31407,-0.00096,-0.00181,-0.05190,-0.01598,0.044670
1791408683.196663,0,0,100,0.32317,0.00065,0.00536,0.31408,0.00800,-0.01457,-0.05260,-0.01704,0.044648
1791408683.216750,0,0,100,0.32317,0.00067,0.00535,0.31409,0.00531,0.00340,-0.05181,-0.01598,0.044643
1791408683.236668,0,0,100,0.32317,0.00069,0.00534,0.31407,0.00944,0.00071,-0.05283,-0.01811,0.044627
1791408683.256712,0,0,100,0.32318,0.00067,0.00532,0.31406,-0.00504,0.00033,-0.05297,-0.01811,0.044583
1791408683.276666,0,0,100,0.32317,0.00068,0.00530,0.31406,0.00545,0.00250,-0.05283,-0.02131,0.044473
1791408683.296621,0,0,100,0.32317,0.00069,0.00530,0.31405,0.01141,-0.00627,-0.05342,-0.00533,0.044488
1791408683.316843,0,0,100,0.32317,0.00068,0.00531,0.31406,-0.01067,0.00714,-0.05188,-0.00213,0.044526
1791408683.336735,0,0,100,0.32317,0.00068,0.00534,0.31406,0.00115,-0.00138,-0.05336,0.00000,0.044607
1791408683.356720,0,0,100,0.32318,0.00068,0.00535,0.31405,0.00751,-0.01215,-0.05322,-0.00107,0.044729
1791408683.376662,0,0,100,0.32317,0.00068,0.00540,0.31405,0.00928,0.01368,-0.05253,0.00320,0.044805
1791408683.396683,0,0,100,0.32317,0.00066,0.00542,0.31405,0.00892,-0.00395,-0.05325,-0.00959,0.044877
1791408683.416812,0,0,100,0.32317,0.00065,0.00545,0.31405,-0.00288,0.00570,-0.05207,-0.01065,0.044902
1791408683.436761,0,0,100,0.32317,0.00066,0.00546,0.31406,0.00185,0.00680,-0.05233,-0.01598,0.044876
1791408683.456723,0,0,100,0.32318,0.00067,0.00542,0.31405,-0.00521,-0.00552,-0.05287,-0.01065,0.044814
1791408683.476816,0,0,100,0.32318,0.00069,0.00540,0.31405,0.00562,-0.01433,-0.05405,-0.01811,0.044738
1791408683.496821,0,0,100,0.32317,0.00071,0.00539,0.31405,0.00798,-0.00826,-0.05355,-0.02131,0.044669
1791408683.517197,0,0,100,0.32318,0.00071,0.00537,0.31405,0.00846,0.00643,-0.05301,-0.00426,0.044588
1791408683.536865,0,0,100,0.32318,0.00069,0.00537,0.31404,-0.00418,0.00398,-0.05354,-0.01598,0.044584
1791408683.556853,0,0,100,0.32318,0.00069,0.00538,0.31404,0.00704,-0.00328,-0.05344,-0.02024,0.044617
1791408683.576992,0,0,100,0.32318,0.00069,0.00542,0.31402,0.00155,0.00372,-0.05357,-0.00320,0.044741
1791408683.597021,0,0,100,0.32317,0.00069,0.00544,0.31402,0.01312,-0.00352,-0.05383,-0.00426,0.044815
1791408683.617011,0,0,100,0.32317,0.00068,0.00547,0.31403,0.00112,0.01440,-0.05262,-0.01065,0.044874
1791408683.636871,0,0,100,0.32318,0.00069,0.00548,0.31403,0.01052,0.00212,-0.05285,-0.01811,0.044895
1791408683.656781,0,0,100,0.32317,0.00069,0.00545,0.31403,0.00899,-0.00098,-0.05329,-0.01491,0.044829
1791408683.677006,0,0,100,0.32317,0.00071,0.00546,0.31403,-0.00306,0.00427,-0.05324,-0.01385,0.044839
1791408683.696523,0,0,100,0.32318,0.00072,0.00542,0.31404,0.01021,0.00444,-0.05301,-0.00426,0.044746
1791408683.716851,0,0,100,0.32318,0.00074,0.00539,0.31404,0.00015,-0.00139,-0.05372,-0.02344,0.044696
1791408683.737027,0,0,100,0.32317,0.00075,0.00538,0.31404,0.00344,0.00059,-0.05350,-0.00746,0.044664
1791408683.756871,0,0,100,0.32317,0.00077,0.00538,0.31402,-0.00317,-0.00161,-0.05382,-0.01811,0.044669
1791408683.776790,0,0,100,0.32317,0.00078,0.00538,0.31401,0.01905,-0.00364,-0.05404,-0.01278,0.044662
1791408683.796721,0,0,100,0.32317,0.00077,0.00539,0.31400,-0.00721,-0.00303,-0.05401,-0.00959,0.044666
1791408683.816704,0,0,100,0.32317,0.00077,0.00541,0.31399,0.01092,-0.00772,-0.05406,-0.01811,0.044759
1791408683.836558,0,0,100,0.32318,0.00075,0.00543,0.31399,0.00228,0.00059,-0.05376,0.00852,0.044825
1791408683.856758,0,0,100,0.32317,0.00076,0.00547,0.31399,0.00250,-0.00783,-0.05375,0.00107,0.044913
1791408683.876753,0,0,100,0.32317,0.00076,0.00548,0.31400,-0.00103,-0.00676,-0.05370,-0.01278,0.044914
1791408683.896744,0,0,100,0.32317,0.00077,0.00547,0.31400,0.00637,-0.01254,-0.05425,-0.01278,0.044867
1791408683.916686,0,0,100,0.32318,0.00078,0.00546,0.31402,0.00516,0.00645,-0.05290,-0.01065,0.044823
1791408683.937131,0,0,100,0.32317,0.00080,0.00542,0.31400,0.00097,-0.00639,-0.05459,-0.00639,0.044778
1791408683.956561,0,0,100,0.32318,0.00083,0.00539,0.31399,0.01381,-0.01302,-0.05351,-0.00639,0.044732
1791408683.976675,0,0,100,0.32318,0.00083,0.00538,0.31398,0.00179,0.00017,-0.05354,-0.00320,0.044719
1791408683.996927,0,0,100,0.32317,0.00082,0.00538,0.31398,0.00509,-0.00167,-0.05407,-0.00639,0.044757
1791408684.016579,0,0,100,0.32318,0.00081,0.00540,0.31398,-0.00419,0.00442,-0.05338,-0.00320,0.044820
1791408684.036685,0,0,100,0.32317,0.00080,0.00542,0.31399,0.00463,-0.00221,-0.05349,-0.00213,0.044888
1791408684.056621,0,0,100,0.32317,0.00079,0.00545,0.31399,-0.01090,-0.00286,-0.05337,-0.01065,0.044960
1791408684.076762,0,0,100,0.32317,0.00079,0.00549,0.31399,0.01593,-0.00096,-0.05390,-0.00959,0.044975
1791408684.096579,0,0,100,0.32318,0.00081,0.00548,0.31399,0.00789,-0.01101,-0.05408,-0.00746,0.045035
1791408684.116880,0,0,100,0.32317,0.00081,0.00553,0.31398,0.00804,0.00414,-0.05335,-0.01278,0.045055
1791408684.136548,0,0,100,0.32317,0.00084,0.00554,0.31398,0.01245,0.00269,-0.05365,-0.01172,0.045066
1791408684.156726,0,0,100,0.32317,0.00085,0.00553,0.31398,0.00137,0.00150,-0.05306,-0.00639,0.045009
1791408684.176785,0,0,100,0.32318,0.00086,0.00550,0.31398,0.01138,0.00126,-0.05372,-0.00639,0.044953
1791408684.197555,0,0,100,0.32318,0.00087,0.00548,0.31397,0.00484,-0.00713,-0.05398,-0.01917,0.044974
1791408684.216661,0,0,100,0.32317,0.00087,0.00548,0.31397,0.01575,-0.00381,-0.05353,-0.00639,0.044959
1791408684.236650,0,0,100,0.32317,0.00085,0.00546,0.31398,-0.00263,-0.00546,-0.05371,-0.00107,0.044973
1791408684.256997,0,0,100,0.32318,0.00084,0.00549,0.31398,-0.00055,-0.00339,-0.05335,-0.01172,0.045043
1791408684.276638,0,0,100,0.32317,0.00083,0.00554,0.31399,0.01070,0.00113,-0.05297,-0.00533,0.045107
1791408684.296698,0,0,100,0.32318,0.00083,0.00554,0.31398,0.01024,-0.00733,-0.05351,-0.01598,0.045095
1791408684.316598,0,0,100,0.32317,0.00081,0.00553,0.31400,-0.00265,-0.01371,-0.05310,-0.01172,0.045037
1791408684.336688,0,0,100,0.32317,0.00083,0.00554,0.31401,0.00006,-0.00082,-0.05262,-0.01598,0.045025
1791408684.356778,0,0,100,0.32317,0.00084,0.00552,0.31402,0.00446,-0.01406,-0.05255,-0.01385,0.045020
1791408684.376803,0,0,100,0.32317,0.00084,0.00550,0.31402,0.00894,0.01143,-0.05226,-0.01385,0.044983
1791408684.396642,0,0,100,0.32318,0.00086,0.00550,0.31401,0.00530,0.01081,-0.05262,0.00107,0.044936
1791408684.416612,0,0,100,0.32317,0.00086,0.00547,0.31402,0.00633,0.00632,-0.05170,-0.01172,0.044840
1791408684.436641,0,0,100,0.32317,0.00086,0.00544,0.31401,0.00248,0.00013,-0.05226,-0.01065,0.044790
1791408684.457066,0,0,100,0.32317,0.00089,0.00545,0.31400,-0.00896,-0.00661,-0.05279,-0.00213,0.044833
1791408684.476584,0,0,100,0.32317,0.00088,0.00548,0.31399,-0.00919,-0.00094,-0.05271,-0.02131,0.044892
1791408684.496612,0,0,100,0.32318,0.00088,0.00553,0.31399,0.00309,0.01615,-0.05202,-0.00852,0.044957
1791408684.517207,0,0,100,0.32317,0.00085,0.00555,0.31400,-0.00314,-0.00388,-0.05261,-0.00107,0.045034
1791408684.536509,0,0,100,0.32318,0.00086,0.00555,0.31400,-0.00635,0.00411,-0.05290,-0.01278,0.045029
1791408684.556688,0,0,100,0.32317,0.00086,0.00555,0.31399,0.00474,-0.00303,-0.05321,-0.01172,0.045029
1791408684.576687,0,0,100,0.32317,0.00087,0.00554,0.31398,0.00695,-0.00621,-0.05342,-0.01065,0.044956
1791408684.596546,0,0,100,0.32318,0.00089,0.00552,0.31397,-0.00518,-0.00480,-0.05377,-0.01278,0.044916
1791408684.616589,0,0,100,0.32318,0.00089,0.00551,0.31397,0.01568,-0.00144,-0.05340,-0.01278,0.044857
1791408684.636627,0,0,100,0.32318,0.00091,0.00549,0.31396,0.01093,0.00926,-0.05330,-0.01172,0.044746
1791408684.656693,0,0,100,0.32318,0.00093,0.00546,0.31395,0.00689,-0.00689,-0.05432,-0.02024,0.044698
1791408684.676623,0,0,100,0.32318,0.00092,0.00545,0.31396,-0.00198,-0.00624,-0.05354,-0.00107,0.044679
1791408684.696649,0,0,100,0.32318,0.00094,0.00548,0.31396,0.00639,-0.00403,-0.05332,-0.00213,0.044741
1791408684.716762,0,0,100,0.32317,0.00094,0.00552,0.31395,0.00546,-0.00749,-0.05359,0.00213,0.044810
1791408684.736706,0,0,100,0.32317,0.00094,0.00556,0.31395,0.01368,-0.00783,-0.05342,-0.00107,0.044878
1791408684.756589,0,0,100,0.32318,0.00094,0.00560,0.31394,0.00781,0.01405,-0.05259,-0.00959,0.044904
1791408684.776807,0,0,100,0.32318,0.00093,0.00559,0.31395,0.00144,-0.01809,-0.05404,-0.00533,0.044954
1791408684.796746,0,0,100,0.32317,0.00094,0.00561,0.31394,0.00809,0.00372,-0.05339,-0.00533,0.044943
1791408684.816835,0,0,100,0.32317,0.00094,0.00560,0.31394,0.00762,-0.01010,-0.05347,-0.00320,0.044919
1791408684.837096,0,0,100,0.32318,0.00095,0.00559,0.31393,0.00859,0.00823,-0.05291,-0.00320,0.044853
1791408684.856680,0,0,100,0.32317,0.00095,0.00555,0.31393,-0.00127,-0.00030,-0.05326,0.00107,0.044806
1791408684.876695,0,0,100,0.32318,0.00095,0.00555,0.31394,0.00019,0.00370,-0.05252,-0.00426,0.044770
1791408684.896837,0,0,100,0.32317,0.00097,0.00553,0.31394,-0.00055,0.01169,-0.05260,-0.00746,0.044765
1791408684.916804,0,0,100,0.32318,0.00098,0.00553,0.31394,0.01329,-0.00794,-0.05339,-0.01385,0.044846
1791408684.936845,0,0,100,0.32317,0.00099,0.00556,0.31393,0.01515,0.00025,-0.05323,-0.00320,0.044894
1791408684.956889,0,0,100,0.32317,0.00099,0.00560,0.31393,0.00267,-0.00343,-0.05218,-0.00959,0.044989
1791408684.976751,0,0,100,0.32317,0.00098,0.00562,0.31394,0.00530,-0.00441,-0.05206,-0.00320,0.044993
1791408684.996876,0,0,100,0.32317,0.00097,0.00564,0.31393,0.00848,-0.00481,-0.05279,-0.00426,0.045058
1791408685.016782,0,0,100,0.32317,0.00097,0.00566,0.31394,0.00070,0.00411,-0.05201,-0.01598,0.045094
1791408685.036825,0,0,100,0.32318,0.00097,0.00567,0.31394,0.00094,-0.00388,-0.05236,-0.01704,0.045049
1791408685.056737,0,0,100,0.32318,0.00098,0.00565,0.31395,0.01213,0.00570,-0.05182,-0.00533,0.044990
1791408685.076682,0,0,100,0.32317,0.00098,0.00564,0.31396,0.00550,-0.00874,-0.05247,-0.01065,0.044945
1791408685.096858,0,0,100,0.32318,0.00097,0.00562,0.31396,-0.00016,0.00153,-0.05205,0.01278,0.044924
1791408685.116751,0,0,100,0.32317,0.00098,0.00559,0.31396,0.01625,0.00167,-0.05255,-0.00533,0.044836
1791408685.137308,0,0,100,0.32317,0.00099,0.00558,0.31397,0.01783,0.00424,-0.05173,-0.00426,0.044820
1791408685.156825,0,0,100,0.32318,0.00097,0.00559,0.31396,0.00579,-0.00492,-0.05273,0.00000,0.044862
1791408685.176501,0,0,100,0.32317,0.00097,0.00562,0.31396,0.01147,-0.00437,-0.05244,-0.00639,0.044915
1791408685.196661,0,0,100,0.32317,0.00095,0.00564,0.31395,-0.01010,-0.00598,-0.05321,-0.00426,0.045051
1791408685.216634,0,0,100,0.32317,0.00096,0.00566,0.31394,-0.00017,0.00413,-0.05258,-0.01172,0.045112
1791408685.246579,0,0,100,0.32317,0.00097,0.00566,0.31392,0.00163,-0.00113,-0.05377,-0.01385,0.045114
1791408685.266589,0,0,100,0.32317,0.00098,0.00566,0.31392,0.01485,-0.00067,-0.05337,-0.01065,0.045093
1791408685.286661,0,0,100,0.32318,0.00098,0.00563,0.31391,0.00051,-0.00917,-0.05425,-0.01598,0.044998
1791408685.309942,0,0,100,0.32317,0.00098,0.00559,0.31390,0.00686,-0.00839,-0.05436,-0.01491,0.044890
1791408685.329968,0,0,100,0.32318,0.00099,0.00559,0.31390,-0.00120,-0.00417,-0.05394,-0.01065,0.044874
1791408685.350148,0,0,100,0.32318,0.00100,0.00559,0.31389,0.00286,-0.00257,-0.05402,-0.01172,0.044850
1791408685.370115,0,0,100,0.32317,0.00100,0.00560,0.31389,0.00123,-0.00003,-0.05407,-0.00746,0.044869
1791408685.389959,0,0,100,0.32318,0.00099,0.00562,0.31390,-0.00487,0.00581,-0.05330,-0.00107,0.044894
1791408685.409849,0,0,100,0.32318,0.00097,0.00564,0.31391,0.01242,-0.00030,-0.05358,-0.00320,0.044954
1791408685.429916,0,0,100,0.32317,0.00098,0.00565,0.31391,0.00227,-0.00461,-0.05362,-0.01598,0.044973
1791408685.450013,0,0,100,0.32318,0.00099,0.00568,0.31391,0.00199,-0.00304,-0.05371,-0.00533,0.045065
1791408685.469856,0,0,100,0.32317,0.00099,0.00568,0.31391,-0.00013,-0.00195,-0.05339,-0.00959,0.045063
1791408685.490025,0,0,100,0.32318,0.00099,0.00568,0.31391,0.00060,-0.00567,-0.05345,-0.01065,0.045049
1791408685.509978,0,0,100,0.32317,0.00100,0.00567,0.31391,-0.00084,-0.00610,-0.05340,-0.00213,0.044972
1791408685.530096,0,0,100,0.32317,0.00102,0.00566,0.31392,0.00499,-0.00798,-0.05336,-0.02237,0.044878
1791408685.550079,0,0,100,0.32317,0.00102,0.00562,0.31391,0.01263,-0.00636,-0.05377,-0.00213,0.044838
1791408685.570027,0,0,100,0.32317,0.00102,0.00559,0.31391,0.00263,-0.00439,-0.05324,-0.00746,0.044830
1791408685.589994,0,0,100,0.32318,0.00103,0.00558,0.31391,0.00317,-0.00077,-0.05327,-0.00639,0.044855
1791408685.609956,0,0,100,0.32317,0.00103,0.00559,0.31390,0.01466,0.01381,-0.05279,-0.01491,0.044834
1791408685.632541,0,0,100,0.32317,0.00102,0.00557,0.31391,0.00048,-0.00856,-0.05266,-0.02024,0.044807
1791408685.650098,0,0,100,0.32317,0.00101,0.00561,0.31392,0.00195,-0.00215,-0.05310,-0.00533,0.044917
1791408685.669929,0,0,100,0.32317,0.00100,0.00563,0.31392,0.00259,-0.00460,-0.05309,0.00746,0.045006
1791408685.693414,0,0,100,0.32317,0.00102,0.00566,0.31392,0.00637,-0.00862,-0.05324,-0.01385,0.045074
1791408685.713280,0,0,100,0.32317,0.00102,0.00568,0.31390,-0.00320,-0.01035,-0.05354,-0.00639,0.045101
1791408685.733219,0,0,100,0.32317,0.00103,0.00570,0.31391,0.01236,0.00789,-0.05268,-0.01065,0.045109
1791408685.753355,0,0,100,0.32317,0.00105,0.00567,0.31392,0.01791,-0.00206,-0.05286,-0.02557,0.045024
1791408685.773254,0,0,100,0.32318,0.00104,0.00563,0.31392,0.00982,-0.01350,-0.05265,-0.01065,0.044938
1791408685.793294,0,0,100,0.32318,0.00104,0.00562,0.31393,-0.00504,-0.00219,-0.05227,-0.00746,0.044862
1791408685.813582,0,0,100,0.32318,0.00102,0.00561,0.31393,-0.00159,0.00349,-0.05250,-0.01172,0.044813
1791408685.833209,0,0,100,0.32318,0.00102,0.00562,0.31393,0.01372,0.00177,-0.05244,-0.00426,0.044905
1791408685.853414,0,0,100,0.32318,0.00101,0.00564,0.31393,0.01264,0.00185,-0.05259,-0.01278,0.044937
1791408685.873464,0,0,100,0.32317,0.00100,0.00567,0.31394,0.00327,-0.00182,-0.05224,-0.01491,0.045025
1791408685.893354,0,0,100,0.32318,0.00099,0.00569,0.31395,0.00670,-0.00251,-0.05232,-0.01704,0.045058
1791408685.913168,0,0,100,0.32317,0.00100,0.00573,0.31394,-0.00485,0.01403,-0.05204,0.00426,0.045100
1791408685.933176,0,0,100,0.32317,0.00101,0.00574,0.31394,0.00302,0.00414,-0.05233,-0.02131,0.045110
1791408685.953243,0,0,100,0.32318,0.00100,0.00573,0.31394,-0.00662,0.00455,-0.05227,-0.00533,0.045135
1791408685.973209,0,0,100,0.32317,0.00100,0.00576,0.31395,0.01203,0.00704,-0.05252,-0.01065,0.045199
1791408685.993307,0,0,100,0.32317,0.00102,0.00572,0.31395,0.00876,-0.01368,-0.05307,-0.00959,0.045150
1791408686.013349,0,0,100,0.32317,0.00101,0.00571,0.31394,0.00209,-0.00699,-0.05293,-0.01172,0.045074
1791408686.033143,0,0,100,0.32318,0.00104,0.00569,0.31394,0.01177,0.00631,-0.05240,-0.01172,0.044950
1791408686.053271,0,0,100,0.32317,0.00103,0.00568,0.31393,0.00424,-0.00052,-0.05258,-0.00852,0.045007
1791408686.073546,0,0,100,0.32317,0.00102,0.00570,0.31392,0.00745,0.00056,-0.05258,0.00107,0.045130
1791408686.093296,0,0,100,0.32318,0.00101,0.00573,0.31392,0.01154,0.00135,-0.05275,-0.00320,0.045226
1791408686.113248,0,0,100,0.32318,0.00099,0.00576,0.31394,-0.00370,0.00738,-0.05224,-0.01491,0.045293
1791408686.133287,0,0,100,0.32317,0.00099,0.00578,0.31395,-0.00032,-0.00980,-0.05293,-0.00852,0.045300
1791408686.153271,0,0,100,0.32318,0.00099,0.00580,0.31395,0.00389,0.00191,-0.05266,-0.00533,0.045338
1791408686.173282,0,0,100,0.32317,0.00099,0.00578,0.31393,-0.00631,-0.00521,-0.05315,-0.01172,0.045328
1791408686.193588,0,0,100,0.32318,0.00099,0.00575,0.31393,0.00238,-0.00197,-0.05282,-0.01065,0.045294
1791408686.213140,0,0,100,0.32318,0.00102,0.00574,0.31392,-0.00043,0.00694,-0.05321,-0.01704,0.045276
1791408686.233459,0,0,100,0.32318,0.00101,0.00571,0.31392,0.00233,-0.00703,-0.05355,-0.00959,0.045260
1791408686.253360,0,0,100,0.32317,0.00101,0.00568,0.31393,-0.00101,-0.00368,-0.05282,-0.01385,0.045170
1791408686.273393,0,0,100,0.32317,0.00102,0.00569,0.31392,-0.00568,-0.00357,-0.05309,-0.00426,0.045177
1791408686.293299,0,0,100,0.32317,0.00103,0.00570,0.31393,0.00353,0.01708,-0.05223,-0.00959,0.045198
1791408686.313330,0,0,100,0.32317,0.00103,0.00573,0.31392,0.01545,0.00386,-0.05305,-0.01491,0.045264
1791408686.333284,0,0,100,0.32317,0.00101,0.00576,0.31392,-0.00634,0.00292,-0.05246,-0.00320,0.045303
1791408686.353250,0,0,100,0.32317,0.00101,0.00578,0.31392,0.00788,0.00711,-0.05239,-0.00746,0.045334
1791408686.373293,0,0,100,0.32317,0.00100,0.00580,0.31392,-0.00590,0.00361,-0.05272,-0.00533,0.045385
1791408686.393236,0,0,100,0.32318,0.00102,0.00580,0.31392,0.00795,-0.00028,-0.05290,-0.02024,0.045412
1791408686.413264,0,0,100,0.32317,0.00103,0.00581,0.31392,0.00820,-0.00901,-0.05363,-0.00639,0.045453
1791408686.433160,0,0,100,0.32317,0.00104,0.00581,0.31392,0.00904,0.00148,-0.05282,-0.01065,0.045438
1791408686.453198,0,0,100,0.32317,0.00103,0.00580,0.31392,0.01142,0.00140,-0.05309,-0.01704,0.045392
1791408686.473233,0,0,100,0.32317,0.00105,0.00580,0.31392,0.00168,-0.00340,-0.05389,-0.00852,0.045339
1791408686.493184,0,0,100,0.32318,0.00106,0.00577,0.31391,0.00811,-0.00607,-0.05356,-0.00852,0.045246
1791408686.513189,0,0,100,0.32318,0.00105,0.00578,0.31391,0.01011,-0.00040,-0.05329,0.00000,0.045248
1791408686.533258,0,0,100,0.32317,0.00105,0.00579,0.31390,0.00763,-0.00348,-0.05364,-0.01172,0.045297
1791408686.553330,0,0,100,0.32318,0.00105,0.00581,0.31390,0.00609,-0.00470,-0.05349,-0.01385,0.045369
1791408686.573217,0,0,100,0.32317,0.00105,0.00585,0.31391,0.00665,-0.00734,-0.05337,-0.00426,0.045479
1791408686.593306,0,0,100,0.32318,0.00105,0.00586,0.31390,0.00330,-0.00469,-0.05358,0.00213,0.045492
1791408686.613246,0,0,100,0.32317,0.00104,0.00589,0.31390,-0.00528,-0.00171,-0.05359,-0.01065,0.045483
1791408686.633165,0,0,100,0.32317,0.00106,0.00589,0.31388,0.00633,-0.00509,-0.05413,-0.01385,0.045480
1791408686.665333,0,0,100,0.32317,0.00106,0.00589,0.31388,-0.00078,-0.00381,-0.05413,-0.00746,0.045461
1791408686.683154,0,0,100,0.32318,0.00105,0.00587,0.31389,0.01394,-0.00702,-0.05293,-0.00746,0.045442
1791408686.703257,0,0,100,0.32318,0.00106,0.00585,0.31390,0.00931,0.00710,-0.05270,-0.00426,0.045391
1791408686.723261,0,0,100,0.32318,0.00106,0.00583,0.31390,0.00004,0.00408,-0.05343,-0.01385,0.045324
1791408686.743330,0,0,100,0.32318,0.00107,0.00582,0.31389,-0.00475,-0.00614,-0.05365,-0.00533,0.045298
1791408686.763245,0,0,100,0.32317,0.00107,0.00584,0.31389,0.00277,0.00584,-0.05261,-0.01385,0.045330
1791408686.783233,0,0,100,0.32317,0.00105,0.00586,0.31390,-0.00360,0.00447,-0.05270,-0.01065,0.045373
1791408686.803146,0,0,100,0.32317,0.00107,0.00589,0.31389,0.00247,0.00057,-0.05305,-0.00746,0.045525
1791408686.823258,0,0,100,0.32317,0.00106,0.00592,0.31390,0.00833,-0.00275,-0.05335,-0.00852,0.045573
1791408686.843183,0,0,100,0.32317,0.00106,0.00592,0.31389,0.00182,-0.01080,-0.05351,-0.00746,0.045621
1791408686.863154,0,0,100,0.32317,0.00106,0.00591,0.31389,0.00375,-0.00529,-0.05292,-0.00533,0.045654
1791408686.883417,0,0,100,0.32317,0.00108,0.00591,0.31388,0.00815,-0.00748,-0.05362,-0.02131,0.045597
1791408686.903272,0,0,100,0.32317,0.00110,0.00590,0.31389,0.01263,0.00132,-0.05275,-0.01385,0.045464
1791408686.923308,0,0,100,0.32318,0.00109,0.00586,0.31390,0.00171,0.01282,-0.05213,-0.01491,0.045370
1791408686.943384,0,0,100,0.32318,0.00108,0.00582,0.31390,0.00384,-0.00408,-0.05280,-0.00426,0.045311
1791408686.963271,0,0,100,0.32317,0.00108,0.00582,0.31389,0.00577,-0.00370,-0.05329,-0.01385,0.045350
1791408686.983191,0,0,100,0.32318,0.00108,0.00584,0.31390,0.00891,0.00440,-0.05295,-0.00426,0.045401
1791408687.003587,0,0,100,0.32318,0.00107,0.00586,0.31390,0.00719,0.01055,-0.05214,-0.01278,0.045470
1791408687.023296,0,0,100,0.32317,0.00106,0.00587,0.31390,0.00886,0.00024,-0.05308,-0.00852,0.045470
1791408687.043306,0,0,100,0.32317,0.00105,0.00590,0.31390,-0.00023,0.00024,-0.05288,-0.00320,0.045482
1791408687.063300,0,0,100,0.32317,0.00105,0.00594,0.31389,-0.00099,0.00388,-0.05312,-0.00107,0.045610
1791408687.083067,0,0,100,0.32317,0.00105,0.00595,0.31389,-0.00032,0.00194,-0.05313,-0.00533,0.045658
1791408687.104108,0,0,100,0.32317,0.00106,0.00595,0.31391,0.00380,0.00185,-0.05240,-0.00852,0.045600
1791408687.123123,0,0,100,0.32317,0.00108,0.00592,0.31391,0.01686,-0.01072,-0.05359,-0.00959,0.045584
1791408687.143125,0,0,100,0.32318,0.00106,0.00590,0.31392,-0.00195,-0.01289,-0.05293,-0.00959,0.045535
1791408687.163154,0,0,100,0.32318,0.00106,0.00588,0.31391,0.00884,-0.01154,-0.05400,-0.01598,0.045486
1791408687.183112,0,0,100,0.32317,0.00106,0.00584,0.31391,0.00341,-0.00218,-0.05360,-0.00959,0.045425
1791408687.203285,0,0,100,0.32318,0.00106,0.00583,0.31391,-0.00010,-0.00833,-0.05339,-0.00959,0.045413
1791408687.223210,0,0,100,0.32317,0.00106,0.00586,0.31390,-0.00424,0.00694,-0.05310,-0.00426,0.045433
1791408687.243412,0,0,100,0.32318,0.00106,0.00590,0.31389,0.00372,-0.00089,-0.05330,-0.01811,0.045511
1791408687.263288,0,0,100,0.32318,0.00105,0.00591,0.31390,-0.00088,0.00397,-0.05287,-0.00746,0.045578
1791408687.283246,0,0,100,0.32317,0.00105,0.00592,0.31390,0.00116,-0.00011,-0.05337,0.00107,0.045593
1791408687.303383,0,0,100,0.32317,0.00105,0.00596,0.31390,-0.00600,0.00202,-0.05267,-0.00533,0.045635
1791408687.323123,0,0,100,0.32318,0.00107,0.00598,0.31389,-0.00374,-0.00593,-0.05368,-0.01065,0.045643
1791408687.343370,0,0,100,0.32317,0.00107,0.00597,0.31389,-0.00486,-0.01032,-0.05365,-0.00213,0.045621
1791408687.363536,0,0,100,0.32317,0.00107,0.00597,0.31389,-0.00343,-0.00035,-0.05291,-0.02663,0.045543
1791408687.383134,0,0,100,0.32318,0.00110,0.00594,0.31389,0.00755,0.00042,-0.05323,-0.00639,0.045517
1791408687.403120,0,0,100,0.32318,0.00109,0.00593,0.31390,-0.00091,-0.00145,-0.05301,-0.00533,0.045507
1791408687.423309,0,0,100,0.32317,0.00108,0.00593,0.31390,-0.00547,0.00518,-0.05258,-0.00959,0.045537
1791408687.443151,0,0,100,0.32318,0.00107,0.00593,0.31390,-0.00546,-0.00489,-0.05339,-0.00533,0.045522
1791408687.463176,0,0,100,0.32317,0.00106,0.00595,0.31391,0.00661,-0.00033,-0.05286,-0.00639,0.045561
1791408687.483123,0,0,100,0.32318,0.00106,0.00599,0.31391,0.00619,-0.00075,-0.05318,-0.00320,0.045714
1791408687.503299,0,0,100,0.32318,0.00107,0.00601,0.31391,0.00482,0.00218,-0.05284,0.00533,0.045809
1791408687.522965,0,0,100,0.32317,0.00109,0.00603,0.31391,0.00682,-0.01019,-0.05298,0.00000,0.045853
1791408687.543169,0,0,100,0.32317,0.00109,0.00603,0.31390,-0.00242,-0.00146,-0.05313,-0.02024,0.045848
1791408687.563471,0,0,100,0.32317,0.00111,0.00600,0.31390,-0.00046,-0.00526,-0.05304,-0.01491,0.045795
1791408687.583074,0,0,100,0.32317,0.00114,0.00599,0.31389,0.01470,0.00173,-0.05301,-0.01385,0.045738
1791408687.603296,0,0,100,0.32317,0.00113,0.00595,0.31389,0.00658,0.00166,-0.05313,-0.02237,0.045717
1791408687.623363,0,0,100,0.32317,0.00115,0.00592,0.31389,0.01004,-0.00329,-0.05274,-0.01491,0.045694
1791408687.643081,0,0,100,0.32318,0.00117,0.00591,0.31388,0.00027,0.00558,-0.05248,-0.00639,0.045668
1791408687.663306,0,0,100,0.32318,0.00118,0.00591,0.31387,0.00943,-0.00406,-0.05296,-0.01172,0.045664
1791408687.683157,0,0,100,0.32317,0.00118,0.00591,0.31387,0.01352,0.00150,-0.05274,-0.01278,0.045643
1791408687.706249,0,0,100,0.32318,0.00119,0.00596,0.31386,0.01381,0.00064,-0.05230,-0.00639,0.045782
1791408687.726768,0,0,100,0.32317,0.00117,0.00599,0.31387,-0.00074,-0.00184,-0.05213,-0.00639,0.045871
1791408687.746835,0,0,100,0.32318,0.00119,0.00601,0.31386,0.00414,0.00108,-0.05220,-0.01704,0.045945
1791408687.769809,0,0,100,0.32318,0.00121,0.00600,0.31385,0.01540,-0.00338,-0.05244,-0.00852,0.045977
1791408687.789779,0,0,100,0.32317,0.00121,0.00597,0.31385,-0.00461,-0.00542,-0.05237,-0.01065,0.045920
1791408687.809804,0,0,100,0.32318,0.00122,0.00596,0.31386,0.01306,-0.00470,-0.05247,-0.01704,0.045869
1791408687.839563,0,0,100,0.32318,0.00122,0.00591,0.31387,-0.00880,-0.00262,-0.05223,-0.02131,0.045785
1791408687.859652,0,0,100,0.32317,0.00124,0.00590,0.31386,-0.00054,0.01102,-0.05207,-0.00959,0.045724
1791408687.879887,0,0,100,0.32318,0.00126,0.00591,0.31385,0.01998,-0.01058,-0.05316,-0.00213,0.045754
1791408687.903147,0,0,100,0.32318,0.00125,0.00592,0.31384,-0.00409,0.00296,-0.05213,-0.00213,0.045815
1791408687.922955,0,0,100,0.32317,0.00124,0.00593,0.31384,0.00525,-0.00558,-0.05292,0.00213,0.045857
1791408687.943100,0,0,100,0.32317,0.00122,0.00596,0.31384,0.00471,-0.00390,-0.05350,-0.00852,0.045890
1791408687.962900,0,0,100,0.32317,0.00121,0.00597,0.31384,0.00586,-0.00152,-0.05333,-0.01278,0.045877
1791408687.983304,0,0,100,0.32318,0.00118,0.00597,0.31385,0.00132,0.00225,-0.05312,-0.01385,0.045868
1791408688.003147,0,0,100,0.32318,0.00120,0.00597,0.31385,0.00494,0.00208,-0.05302,-0.00746,0.045849
1791408688.023088,0,0,100,0.32317,0.00119,0.00595,0.31386,0.00034,-0.00637,-0.05298,-0.01065,0.045873
1791408688.043209,0,0,100,0.32317,0.00120,0.00594,0.31385,0.00558,-0.00009,-0.05330,-0.00639,0.045853
1791408688.063092,0,0,100,0.32318,0.00119,0.00591,0.31386,0.00620,-0.00547,-0.05330,-0.01491,0.045759
1791408688.083077,0,0,100,0.32318,0.00119,0.00587,0.31387,0.00622,-0.00664,-0.05279,-0.00320,0.045727
1791408688.103105,0,0,100,0.32317,0.00120,0.00584,0.31388,-0.00441,-0.01219,-0.05326,-0.02024,0.045683
1791408688.123044,0,0,100,0.32317,0.00119,0.00583,0.31388,0.01004,-0.00333,-0.05221,-0.01704,0.045694
1791408688.143456,0,0,100,0.32317,0.00117,0.00584,0.31390,0.00284,0.00078,-0.05229,-0.00320,0.045736
1791408688.163004,0,0,100,0.32318,0.00117,0.00587,0.31390,0.00014,0.00385,-0.05188,-0.01172,0.045827
1791408688.183126,0,0,100,0.32318,0.00115,0.00589,0.31391,0.00270,0.00039,-0.05205,-0.01065,0.045831
1791408688.203213,0,0,100,0.32317,0.00115,0.00588,0.31391,0.01190,-0.00296,-0.05203,-0.00746,0.045761
1791408688.222966,0,0,100,0.32317,0.00117,0.00588,0.31391,0.00888,-0.01009,-0.05254,0.00000,0.045711
1791408688.243034,0,0,100,0.32318,0.00117,0.00588,0.31390,0.00224,-0.00715,-0.05276,-0.01598,0.045699
1791408688.263009,0,0,100,0.32318,0.00117,0.00585,0.31390,-0.00410,-0.00804,-0.05226,-0.01065,0.045695
1791408688.282857,0,0,100,0.32317,0.00116,0.00582,0.31392,0.00172,-0.00155,-0.05178,-0.00959,0.045663
1791408688.303163,0,0,100,0.32317,0.00119,0.00577,0.31392,0.00428,-0.01059,-0.05190,-0.01278,0.045571
1791408688.323076,0,0,100,0.32317,0.00120,0.00574,0.31391,0.01087,-0.00903,-0.05214,-0.01278,0.045483
1791408688.343073,0,0,100,0.32318,0.00119,0.00574,0.31391,0.00177,0.00199,-0.05245,-0.01704,0.045469
1791408688.363081,0,0,100,0.32317,0.00119,0.00571,0.31390,-0.00283,0.00212,-0.05270,-0.00746,0.045445
1791408688.383117,0,0,100,0.32318,0.00119,0.00575,0.31390,-0.00300,0.01941,-0.05161,-0.00533,0.045547
1791408688.402987,0,0,100,0.32318,0.00118,0.00578,0.31389,-0.00317,0.00152,-0.05320,-0.01491,0.045645
1791408688.422842,0,0,100,0.32317,0.00117,0.00581,0.31389,0.00747,-0.00487,-0.05319,-0.00426,0.045736
1791408688.443131,0,0,100,0.32317,0.00117,0.00584,0.31388,0.01184,0.00077,-0.05312,-0.01065,0.045808
1791408688.463033,0,0,100,0.32317,0.00116,0.00584,0.31389,-0.00056,-0.00540,-0.05269,-0.00746,0.045810
1791408688.482865,0,0,100,0.32317,0.00117,0.00582,0.31389,0.00906,-0.00025,-0.05258,-0.01917,0.045701
1791408688.503180,0,0,100,0.32317,0.00118,0.00580,0.31389,0.00578,-0.01431,-0.05344,-0.00852,0.045698
1791408688.523079,0,0,100,0.32317,0.00115,0.00578,0.31390,0.00043,-0.00756,-0.05272,-0.01491,0.045676
1791408688.542960,0,0,100,0.32318,0.00118,0.00574,0.31389,0.00259,-0.01065,-0.05377,-0.01917,0.045571
1791408688.562977,0,0,100,0.32318,0.00117,0.00570,0.31390,0.00713,-0.00104,-0.05281,-0.01385,0.045495
1791408688.582980,0,0,100,0.32317,0.00117,0.00570,0.31390,0.00548,-0.01350,-0.05367,-0.00959,0.045476
1791408688.603172,0,0,100,0.32317,0.00115,0.00567,0.31390,-0.00120,-0.00139,-0.05309,-0.01065,0.045474
1791408688.622973,0,0,100,0.32318,0.00113,0.00572,0.31390,-0.00610,0.00709,-0.05291,0.00320,0.045559
1791408688.642955,0,0,100,0.32317,0.00115,0.00576,0.31390,0.01459,0.00053,-0.05354,-0.00746,0.045645
1791408688.663300,0,0,100,0.32317,0.00114,0.00577,0.31390,-0.00024,-0.01935,-0.05414,-0.00107,0.045685
1791408688.682919,0,0,100,0.32318,0.00113,0.00579,0.31388,-0.00112,-0.00991,-0.05390,-0.00959,0.045706
1791408688.702994,0,0,100,0.32317,0.00115,0.00578,0.31389,-0.00321,-0.00788,-0.05398,-0.01811,0.045683
1791408688.723113,0,0,100,0.32318,0.00115,0.00577,0.31388,-0.00023,-0.00289,-0.05404,-0.00746,0.045598
1791408688.743211,0,0,100,0.32317,0.00115,0.00574,0.31388,0.00118,-0.00087,-0.05359,-0.00746,0.045515
1791408688.762801,0,0,100,0.32318,0.00115,0.00572,0.31390,0.00689,-0.00590,-0.05349,-0.01811,0.045447
1791408688.783075,0,0,100,0.32318,0.00114,0.00568,0.31390,0.00007,-0.00657,-0.05355,-0.01598,0.045397
1791408688.802944,0,0,100,0.32318,0.00113,0.00568,0.31390,0.00068,0.01039,-0.05295,-0.00426,0.045386
1791408688.822899,0,0,100,0.32317,0.00113,0.00567,0.31390,0.00900,-0.01187,-0.05414,-0.01598,0.045405
1791408688.843063,0,0,100,0.32318,0.00112,0.00565,0.31389,-0.00157,-0.00959,-0.05435,-0.01278,0.045404
1791408688.862973,0,0,100,0.32317,0.00112,0.00567,0.31388,0.00278,-0.00592,-0.05392,-0.00320,0.045446
1791408688.882873,0,0,100,0.32317,0.00111,0.00570,0.31389,0.00382,-0.00559,-0.05417,-0.00213,0.045473
1791408688.902881,0,0,100,0.32317,0.00111,0.00573,0.31390,0.00748,0.00070,-0.05374,-0.00959,0.045556
1791408688.922971,0,0,100,0.32317,0.00110,0.00571,0.31391,0.00274,-0.01916,-0.05405,-0.00959,0.045552
1791408688.943178,0,0,100,0.32317,0.00112,0.00571,0.31392,0.01288,-0.00214,-0.05287,-0.01491,0.045542
1791408688.962988,0,0,100,0.32318,0.00111,0.00566,0.31392,0.00372,-0.00441,-0.05389,-0.00426,0.045480
1791408688.983337,0,0,100,0.32318,0.00112,0.00565,0.31392,-0.00136,-0.00965,-0.05343,-0.00639,0.045429
1791408689.002834,0,0,100,0.32317,0.00114,0.00566,0.31393,0.00938,-0.00276,-0.05270,0.00000,0.045423
1791408689.023136,0,0,100,0.32317,0.00112,0.00564,0.31394,0.01031,-0.01106,-0.05294,-0.01811,0.045381
1791408689.043027,0,0,100,0.32318,0.00112,0.00564,0.31396,0.00609,-0.00494,-0.05223,-0.00639,0.045400
1791408689.062865,0,0,100,0.32317,0.00113,0.00567,0.31395,-0.00493,0.00146,-0.05225,0.00213,0.045482
1791408689.082959,0,0,100,0.32318,0.00112,0.00570,0.31394,-0.00581,0.00239,-0.05270,-0.01065,0.045562
1791408689.102900,0,0,100,0.32317,0.00112,0.00573,0.31393,0.00109,0.00132,-0.05307,-0.01385,0.045649
1791408689.136421,0,0,100,0.32318,0.00114,0.00577,0.31393,0.00249,-0.00949,-0.05367,-0.01172,0.045675
1791408689.156531,0,0,100,0.32318,0.00115,0.00577,0.31392,0.01484,0.00484,-0.05306,-0.02344,0.045627
1791408689.176428,0,0,100,0.32318,0.00116,0.00574,0.31391,0.01288,0.00939,-0.05289,-0.00639,0.045570
1791408689.196522,0,0,100,0.32318,0.00117,0.00571,0.31391,0.00459,-0.00494,-0.05276,-0.01385,0.045516
1791408689.216259,0,0,100,0.32318,0.00118,0.00568,0.31392,0.01153,-0.00057,-0.05306,-0.01491,0.045483
1791408689.236322,0,0,100,0.32318,0.00118,0.00568,0.31391,0.01230,-0.00393,-0.05386,-0.00426,0.045507
1791408689.256577,0,0,100,0.32318,0.00119,0.00568,0.31391,0.01186,-0.00370,-0.05312,-0.00320,0.045547
1791408689.276575,0,0,100,0.32318,0.00118,0.00568,0.31390,-0.00492,-0.00676,-0.05301,-0.01811,0.045528
1791408689.296219,0,0,100,0.32317,0.00119,0.00571,0.31390,0.00272,0.00996,-0.05230,-0.01065,0.045558
1791408689.316565,0,0,100,0.32318,0.00118,0.00572,0.31392,0.00100,0.00691,-0.05174,-0.00320,0.045651
1791408689.336371,0,0,100,0.32317,0.00119,0.00573,0.31391,-0.00255,0.00128,-0.05235,-0.00746,0.045774
1791408689.356267,0,0,100,0.32318,0.00119,0.00575,0.31389,0.00760,-0.00106,-0.05289,-0.00852,0.045877
1791408689.376479,0,0,100,0.32317,0.00121,0.00577,0.31388,0.01313,-0.01003,-0.05405,-0.00852,0.045899
1791408689.396355,0,0,100,0.32317,0.00123,0.00574,0.31387,0.01315,0.00967,-0.05307,-0.00959,0.045823
1791408689.416481,0,0,100,0.32318,0.00123,0.00569,0.31387,-0.00523,-0.00598,-0.05363,-0.00639,0.045744
1791408689.436331,0,0,100,0.32317,0.00124,0.00570,0.31388,0.00504,-0.00212,-0.05380,-0.00852,0.045705
1791408689.456430,0,0,100,0.32318,0.00123,0.00568,0.31386,0.00064,-0.00148,-0.05376,-0.00746,0.045685
1791408689.476573,0,0,100,0.32318,0.00123,0.00568,0.31386,0.00878,0.01040,-0.05350,-0.01172,0.045670
1791408689.496473,0,0,100,0.32318,0.00123,0.00567,0.31386,-0.00574,0.00207,-0.05357,-0.00320,0.045704
1791408689.516603,0,0,100,0.32318,0.00123,0.00568,0.31386,0.00410,-0.00754,-0.05418,-0.00746,0.045706
1791408689.539638,0,0,100,0.32318,0.00120,0.00574,0.31385,0.00141,0.00324,-0.05374,-0.00852,0.045788
1791408689.559715,0,0,100,0.32318,0.00120,0.00578,0.31385,0.00226,0.00302,-0.05346,-0.00213,0.045866
1791408689.579938,0,0,100,0.32317,0.00122,0.00580,0.31386,0.00860,0.00284,-0.05330,0.00000,0.045938
1791408689.599625,0,0,100,0.32317,0.00122,0.00579,0.31387,0.01152,-0.01356,-0.05338,-0.01065,0.045953
1791408689.621600,0,0,100,0.32318,0.00120,0.00581,0.31388,-0.00679,0.00294,-0.05264,-0.00639,0.045977
1791408689.639553,0,0,100,0.32318,0.00122,0.00579,0.31389,0.01294,0.00329,-0.05243,-0.00746,0.045919
1791408689.659623,0,0,100,0.32318,0.00124,0.00577,0.31389,0.00539,-0.00270,-0.05274,-0.00746,0.045849
1791408689.679522,0,0,100,0.32318,0.00123,0.00576,0.31388,0.00298,0.00577,-0.05340,-0.00959,0.045821
1791408689.699566,0,0,100,0.32318,0.00123,0.00573,0.31388,0.01072,0.00214,-0.05315,-0.00320,0.045819
1791408689.719704,0,0,100,0.32318,0.00122,0.00574,0.31389,0.00558,0.00899,-0.05259,-0.00213,0.045897
1791408689.739511,0,0,100,0.32318,0.00123,0.00576,0.31389,0.00447,0.00662,-0.05318,0.00000,0.045968
1791408689.759966,0,0,100,0.32318,0.00122,0.00577,0.31388,0.00180,-0.00743,-0.05333,-0.02024,0.046014
1791408689.779451,0,0,100,0.32317,0.00119,0.00579,0.31389,0.00077,-0.00612,-0.05384,-0.00746,0.046046
1791408689.799718,0,0,100,0.32318,0.00119,0.00582,0.31389,0.00359,0.00274,-0.05314,-0.01811,0.046057
1791408689.819690,0,0,100,0.32318,0.00119,0.00583,0.31389,0.00157,-0.00266,-0.05307,-0.01491,0.046089
1791408689.839466,0,0,100,0.32317,0.00118,0.00583,0.31389,-0.00300,-0.01050,-0.05372,-0.01491,0.046123
1791408689.859721,0,0,100,0.32318,0.00119,0.00584,0.31389,0.00217,0.00154,-0.05347,-0.00107,0.046168
1791408689.879939,0,0,100,0.32318,0.00119,0.00583,0.31389,-0.00520,-0.00316,-0.05409,-0.02663,0.046122
1791408689.899706,0,0,100,0.32318,0.00119,0.00580,0.31389,0.00462,-0.00064,-0.05402,-0.01172,0.046040
1791408689.919920,0,0,100,0.32318,0.00122,0.00580,0.31388,0.01235,0.00716,-0.05351,-0.00639,0.046011
1791408689.939747,0,0,100,0.32318,0.00121,0.00580,0.31388,0.00364,0.00373,-0.05396,-0.01704,0.045978
1791408689.959786,0,0,100,0.32318,0.00120,0.00578,0.31389,-0.00115,0.01236,-0.05326,-0.00746,0.045939
1791408689.979610,0,0,100,0.32318,0.00119,0.00576,0.31389,0.01282,-0.01454,-0.05436,-0.00107,0.045938
1791408689.999599,0,0,100,0.32318,0.00117,0.00581,0.31388,0.00381,-0.00955,-0.05424,-0.01172,0.045990
1791408690.019911,0,0,100,0.32318,0.00115,0.00584,0.31390,0.01428,0.00976,-0.05320,-0.01385,0.046011
