t,q_FR_hip,q_FR_thigh,q_FR_calf,q_FL_hip,q_FL_thigh,q_FL_calf,q_RR_hip,q_RR_thigh,q_RR_calf,q_RL_hip,q_RL_thigh,q_RL_calf,temp_FR_hip,temp_FR_thigh,temp_FR_calf,temp_FL_hip,temp_FL_thigh,temp_FL_calf,temp_RR_hip,temp_RR_thigh,temp_RR_calf,temp_RL_hip,temp_RL_thigh,temp_RL_calf
1791409880.877883,-0.004337,1.277333,-2.800085,0.066769,1.244966,-2.791176,-0.360965,1.345391,-2.779818,0.290859,1.266185,-2.829594,28,27,28,27,27,28,31,27,28,31,27,29
1791409880.897910,-0.004307,1.277363,-2.800101,0.066800,1.244966,-2.791176,-0.360996,1.345361,-2.779833,0.290828,1.266185,-2.829594,28,27,28,27,27,28,31,27,28,31,27,29
1791409880.917961,-0.004337,1.277302,-2.800085,0.066830,1.244966,-2.791160,-0.361026,1.345391,-2.779833,0.290798,1.266185,-2.829594,28,27,28,27,27,28,31,27,28,31,27,29
1791409880.937929,-0.004337,1.277363,-2.800085,0.066769,1.244966,-2.791160,-0.360996,1.345330,-2.779802,0.290798,1.266185,-2.829594,28,27,28,27,27,28,31,27,28,31,27,29
1791409880.957865,-0.004307,1.277333,-2.800085,0.066800,1.244966,-2.791144,-0.361026,1.345391,-2.779833,0.290828,1.266215,-2.829594,28,27,28,27,27,28,31,27,28,31,27,29
1791409880.977841,-0.004337,1.277333,-2.800101,0.066800,1.244996,-2.791160,-0.361026,1.345391,-2.779818,0.290859,1.266185,-2.829594,28,27,28,27,27,28,31,27,28,31,27,29
1791409880.997811,-0.004337,1.277333,-2.800101,0.066800,1.245026,-2.791160,-0.361026,1.345361,-2.779818,0.290828,1.266185,-2.829594,28,27,28,27,27,28,31,27,28,31,27,29
1791409881.017837,-0.004307,1.277363,-2.800085,0.066739,1.244996,-2.791176,-0.360996,1.345361,-2.779833,0.290828,1.266185,-2.829594,28,27,28,27,27,28,31,27,28,31,27,29
1791409881.037777,-0.004337,1.277333,-2.800069,0.066800,1.244996,-2.791176,-0.360996,1.345361,-2.779833,0.290828,1.266185,-2.829594,28,27,28,27,27,28,31,27,28,31,27,29
1791409881.057823,-0.004337,1.277333,-2.800085,0.066769,1.244996,-2.791176,-0.360996,1.345361,-2.779833,0.290828,1.266185,-2.829609,28,27,28,27,27,28,31,27,28,31,27,29
1791409881.077776,-0.004307,1.277363,-2.800085,0.066769,1.244966,-2.791160,-0.361026,1.345391,-2.779818,0.290828,1.266215,-2.829594,28,27,28,27,27,28,31,27,28,31,27,29
1791409881.097964,-0.004337,1.277363,-2.800085,0.066800,1.244966,-2.791160,-0.361026,1.345391,-2.779818,0.290859,1.266124,-2.829609,28,27,28,27,27,28,31,27,28,31,27,29
1791409881.117841,-0.004307,1.277363,-2.800085,0.066739,1.244966,-2.791176,-0.360996,1.345391,-2.779818,0.290859,1.266215,-2.829594,28,27,28,27,27,28,31,27,28,31,27,29
1791409881.137774,-0.004307,1.277363,-2.800085,0.066800,1.244936,-2.791160,-0.360996,1.345361,-2.779833,0.290859,1.266185,-2.829609,28,27,28,27,27,28,31,27,28,31,27,29
1791409881.157807,-0.004307,1.277393,-2.800101,0.066800,1.244996,-2.791176,-0.360996,1.345330,-2.779802,0.290859,1.266185,-2.829594,28,27,28,27,27,28,31,27,28,31,27,29
1791409881.177770,-0.004337,1.277363,-2.800085,0.066800,1.244936,-2.791160,-0.360996,1.345391,-2.779818,0.290828,1.266185,-2.829609,28,27,28,27,27,28,31,27,28,31,27,29
1791409881.197907,-0.004307,1.277333,-2.800085,0.066800,1.244966,-2.791160,-0.361026,1.345391,-2.779802,0.290828,1.266185,-2.829594,28,27,28,27,27,28,31,27,28,31,27,29
1791409881.217829,-0.004307,1.277363,-2.800101,0.066769,1.244996,-2.791160,-0.361026,1.345361,-2.779818,0.290859,1.266185,-2.829609,28,27,28,27,27,28,31,27,28,31,27,29
1791409881.237837,-0.004307,1.277333,-2.800101,0.066800,1.244996,-2.791160,-0.361026,1.345361,-2.779818,0.290859,1.266215,-2.829594,28,27,28,27,27,28,31,27,28,31,27,29
1791409881.257818,-0.004307,1.277363,-2.800117,0.066800,1.244936,-2.791176,-0.361026,1.345361,-2.779818,0.290798,1.266185,-2.829594,28,27,28,27,27,28,31,27,28,31,27,29
1791409881.277934,-0.004307,1.277393,-2.800101,0.066769,1.245026,-2.791176,-0.361026,1.345391,-2.779818,0.290859,1.266185,-2.829594,28,27,28,27,27,28,31,27,28,31,27,29
1791409881.297893,-0.004307,1.277333,-2.800085,0.066800,1.245026,-2.791160,-0.360996,1.345361,-2.779818,0.290859,1.266185,-2.829609,28,27,28,27,27,28,31,27,28,31,27,29
1791409881.317919,-0.004277,1.277363,-2.800085,0.066800,1.244996,-2.791160,-0.360996,1.345330,-2.779802,0.290828,1.266155,-2.829594,28,27,28,27,27,28,31,27,28,31,27,29
1791409881.337941,-0.004307,1.277333,-2.800101,0.066769,1.244996,-2.791160,-0.360996,1.345391,-2.779818,0.290828,1.266185,-2.829594,28,27,28,27,27,28,31,27,28,31,27,29
1791409881.357959,-0.004337,1.277363,-2.800085,0.066800,1.244996,-2.791144,-0.361026,1.345361,-2.779802,0.290859,1.266215,-2.829594,28,27,28,27,27,28,31,27,28,31,27,29
1791409881.377933,-0.004337,1.277333,-2.800101,0.066800,1.244966,-2.791176,-0.361026,1.345361,-2.779818,0.290798,1.266155,-2.829594,28,27,28,27,27,28,31,27,28,31,27,29
1791409881.397990,-0.004337,1.277363,-2.800101,0.066800,1.244966,-2.791160,-0.360965,1.345391,-2.779818,0.290828,1.266185,-2.829594,28,27,28,27,27,28,31,27,28,31,27,29
1791409881.417959,-0.004367,1.277333,-2.800101,0.066769,1.244966,-2.791160,-0.361026,1.345361,-2.779818,0.290828,1.266185,-2.829594,28,27,28,27,27,28,31,27,28,31,27,29
1791409881.437895,-0.004307,1.277363,-2.800085,0.066800,1.244966,-2.791160,-0.361056,1.345361,-2.779833,0.290828,1.266215,-2.829594,28,27,28,27,27,28,31,27,28,31,27,29
1791409881.457886,-0.004307,1.277363,-2.800085,0.066739,1.244966,-2.791160,-0.360965,1.345330,-2.779802,0.290828,1.266215,-2.829609,28,27,28,27,27,28,31,27,28,31,27,29
1791409881.477941,-0.004307,1.277363,-2.800085,0.066739,1.244966,-2.791176,-0.361056,1.345361,-2.779818,0.290828,1.266185,-2.829594,28,27,28,27,27,28,31,27,28,31,27,29
1791409881.497883,-0.004337,1.277363,-2.800085,0.066769,1.244966,-2.791160,-0.360996,1.345391,-2.779818,0.290798,1.266155,-2.829594,28,27,28,27,27,28,31,27,28,31,27,29
1791409881.517974,-0.004337,1.277333,-2.800117,0.066800,1.244966,-2.791176,-0.361026,1.345361,-2.779818,0.290859,1.266185,-2.829594,28,27,28,27,27,28,31,27,28,31,27,29
1791409881.537917,-0.004307,1.277363,-2.800085,0.066800,1.244966,-2.791176,-0.360996,1.345361,-2.779818,0.290859,1.266155,-2.829609,28,27,28,27,27,28,31,27,28,31,27,29
1791409881.557923,-0.004307,1.277363,-2.800085,0.066769,1.244936,-2.791160,-0.361026,1.345361,-2.779833,0.290828,1.266155,-2.829594,28,27,28,27,27,28,31,27,28,31,27,29
1791409881.577929,-0.004337,1.277333,-2.800101,0.066800,1.244966,-2.791160,-0.361026,1.345330,-2.779833,0.290828,1.266155,-2.829594,28,27,28,27,27,28,31,27,28,31,27,29
1791409881.598146,-0.004307,1.277363,-2.800085,0.066769,1.244996,-2.791176,-0.361056,1.345391,-2.779802,0.290859,1.266185,-2.829594,28,27,28,27,27,28,31,27,28,31,27,29
1791409881.617960,-0.004337,1.277363,-2.800117,0.066800,1.244996,-2.791176,-0.361026,1.345361,-2.779802,0.290859,1.266215,-2.829594,28,27,28,27,27,28,31,27,28,31,27,29
1791409881.637867,-0.004337,1.277363,-2.800085,0.066769,1.244966,-2.791176,-0.361026,1.345330,-2.779818,0.290828,1.266185,-2.829609,28,27,28,27,27,28,31,27,28,31,27,29
1791409881.657986,-0.004337,1.277363,-2.800101,0.066769,1.244996,-2.791176,-0.361026,1.345330,-2.779818,0.290828,1.266185,-2.829594,28,27,28,27,27,28,31,27,28,31,27,29
1791409881.677920,-0.004307,1.277363,-2.800085,0.066800,1.244966,-2.791176,-0.360996,1.345361,-2.779833,0.290859,1.266185,-2.829609,28,27,28,27,27,28,31,27,28,31,27,29
1791409881.697922,-0.004337,1.277363,-2.800069,0.066769,1.244966,-2.791160,-0.360996,1.345330,-2.779833,0.290859,1.266185,-2.829609,28,27,28,27,27,28,31,27,28,31,27,29
1791409881.717894,-0.004367,1.277363,-2.800085,0.066800,1.244996,-2.791176,-0.361026,1.345361,-2.779802,0.290828,1.266185,-2.829594,28,27,28,27,27,28,31,27,28,31,27,29
1791409881.738017,-0.004337,1.277333,-2.800101,0.066800,1.244966,-2.791176,-0.361026,1.345391,-2.779818,0.290859,1.266215,-2.829609,28,27,28,27,27,28,31,27,28,31,27,29
1791409881.757977,-0.004337,1.277363,-2.800085,0.066769,1.244996,-2.791176,-0.360996,1.345361,-2.779818,0.290798,1.266185,-2.829594,28,27,28,27,27,28,31,27,28,31,27,29
1791409881.777947,-0.004307,1.277302,-2.800085,0.066800,1.244996,-2.791160,-0.360996,1.345361,-2.779818,0.290859,1.266215,-2.829594,28,27,28,27,27,28,31,27,28,31,27,29
1791409881.797891,-0.004337,1.277363,-2.800117,0.066800,1.244966,-2.791160,-0.360965,1.345361,-2.779818,0.290798,1.266215,-2.829594,28,27,28,27,27,28,31,27,28,31,27,29
1791409881.817933,-0.004307,1.277363,-2.800085,0.066769,1.244966,-2.791160,-0.361026,1.345330,-2.779818,0.290828,1.266185,-2.829609,28,27,28,27,27,28,31,27,28,31,27,29
1791409881.837899,-0.004307,1.277363,-2.800117,0.066769,1.244966,-2.791176,-0.360996,1.345361,-2.779802,0.290828,1.266215,-2.829594,28,27,28,27,27,28,31,27,28,31,27,29
1791409881.857908,-0.004337,1.277302,-2.800101,0.066800,1.244996,-2.791160,-0.360996,1.345391,-2.779818,0.290859,1.266185,-2.829609,28,27,28,27,27,28,31,27,28,31,27,29
1791409881.877957,-0.004307,1.277363,-2.800117,0.066800,1.244966,-2.791144,-0.361026,1.345361,-2.779818,0.290828,1.266215,-2.829609,28,27,28,27,27,28,31,27,28,31,27,29
1791409881.897926,-0.004307,1.277393,-2.800085,0.066800,1.244996,-2.791160,-0.361026,1.345330,-2.779802,0.290828,1.266185,-2.829609,28,27,28,27,27,28,31,27,28,31,27,29
1791409881.917948,-0.004337,1.277363,-2.800101,0.066739,1.244966,-2.791128,-0.360965,1.345361,-2.779818,0.290828,1.266185,-2.829594,28,27,28,27,27,28,31,27,28,31,27,29
1791409881.937857,-0.004307,1.277363,-2.800085,0.066769,1.244966,-2.791176,-0.360965,1.345361,-2.779818,0.290828,1.266185,-2.829609,28,27,28,27,27,28,31,27,28,31,27,29
1791409881.957955,-0.004307,1.277363,-2.800085,0.066800,1.245026,-2.791160,-0.361026,1.345361,-2.779833,0.290859,1.266215,-2.829594,28,27,28,27,27,28,31,27,28,31,27,29
1791409881.977946,-0.004307,1.277333,-2.800085,0.066769,1.244966,-2.791160,-0.360996,1.345391,-2.779818,0.290859,1.266185,-2.829578,28,27,28,27,27,28,31,27,28,31,27,29
1791409881.997916,-0.004337,1.277333,-2.800085,0.066800,1.244996,-2.791176,-0.361026,1.345391,-2.779818,0.290828,1.266215,-2.829609,28,27,28,27,27,28,31,27,28,31,27,29
1791409882.017942,-0.004337,1.277363,-2.800085,0.066830,1.244996,-2.791160,-0.361026,1.345391,-2.779802,0.290859,1.266185,-2.829594,28,27,28,27,27,28,31,27,28,31,27,29
1791409882.037911,-0.004337,1.277363,-2.800117,0.066800,1.244996,-2.791160,-0.360996,1.345361,-2.779818,0.290798,1.266185,-2.829609,28,27,28,27,27,28,31,27,28,31,27,29
1791409882.057904,-0.004337,1.277363,-2.800085,0.066739,1.244966,-2.791144,-0.361026,1.345361,-2.779802,0.290859,1.266185,-2.829609,28,27,28,27,27,28,31,27,28,31,27,29
1791409882.077930,-0.004307,1.277363,-2.800101,0.066769,1.245026,-2.791160,-0.361026,1.345361,-2.779818,0.290859,1.266185,-2.829609,28,27,28,27,27,28,31,27,28,31,27,29
1791409882.097974,-0.004307,1.277363,-2.800101,0.066769,1.244936,-2.791176,-0.360996,1.345330,-2.779818,0.290859,1.266185,-2.829609,28,27,28,27,27,28,31,27,28,31,27,29
1791409882.118141,-0.004307,1.277333,-2.800085,0.066800,1.244966,-2.791176,-0.361026,1.345361,-2.779833,0.290828,1.266155,-2.829609,28,27,28,27,27,28,31,27,28,31,27,29
1791409882.137982,-0.004337,1.277363,-2.800101,0.066769,1.244996,-2.791160,-0.360965,1.345330,-2.779818,0.290859,1.266185,-2.829594,28,27,28,27,27,28,31,27,28,31,27,29
1791409882.157975,-0.004307,1.277363,-2.800085,0.066800,1.244996,-2.791160,-0.361026,1.345330,-2.779818,0.290859,1.266185,-2.829594,28,27,28,27,27,28,31,27,28,31,27,29
1791409882.177933,-0.004307,1.277363,-2.800085,0.066800,1.244966,-2.791160,-0.361026,1.345391,-2.779802,0.290828,1.266185,-2.829594,28,27,28,27,27,28,31,27,28,31,27,29
1791409882.197917,-0.004307,1.277363,-2.800101,0.066800,1.244966,-2.791176,-0.360996,1.345361,-2.779818,0.290828,1.266185,-2.829609,28,27,28,27,27,28,31,27,28,31,27,29
1791409882.217946,-0.004307,1.277363,-2.800101,0.066769,1.244996,-2.791176,-0.360996,1.345391,-2.779818,0.290859,1.266185,-2.829609,28,27,28,27,27,28,31,27,28,31,27,29
1791409882.237972,-0.004337,1.277363,-2.800085,0.066800,1.244966,-2.791160,-0.360965,1.345361,-2.779818,0.290859,1.266185,-2.829609,28,27,28,27,27,28,31,27,28,31,27,29
1791409882.257877,-0.004307,1.277333,-2.800101,0.066800,1.244996,-2.791176,-0.360996,1.345391,-2.779833,0.290859,1.266245,-2.829594,28,27,28,27,27,28,31,27,28,31,27,29
1791409882.277816,-0.004307,1.277363,-2.800085,0.066800,1.244966,-2.791160,-0.360996,1.345361,-2.779818,0.290828,1.266185,-2.829594,28,27,28,27,27,28,31,27,28,31,27,29
1791409882.298018,-0.004337,1.277363,-2.800085,0.066800,1.244966,-2.791160,-0.360996,1.345361,-2.779818,0.290828,1.266185,-2.829578,28,27,28,27,27,28,31,27,28,31,27,29
1791409882.317976,-0.004307,1.277333,-2.800069,0.066739,1.244996,-2.791176,-0.361026,1.345391,-2.779833,0.290859,1.266155,-2.829609,28,27,28,27,27,28,31,27,28,31,27,29
1791409882.338023,-0.004307,1.277363,-2.800085,0.066769,1.244966,-2.791160,-0.360965,1.345361,-2.779802,0.290859,1.266185,-2.829594,28,27,28,27,27,28,31,27,28,31,27,29
1791409882.358029,-0.004337,1.277333,-2.800085,0.066800,1.244966,-2.791144,-0.360996,1.345361,-2.779849,0.290859,1.266155,-2.829594,28,27,28,27,27,28,31,27,28,31,27,29
1791409882.378061,-0.004307,1.277363,-2.800069,0.066800,1.244996,-2.791176,-0.361026,1.345391,-2.779818,0.290859,1.266155,-2.829594,28,27,28,27,27,28,31,27,28,31,27,29
1791409882.398026,-0.004337,1.277333,-2.800101,0.066739,1.244996,-2.791160,-0.361026,1.345361,-2.779818,0.290859,1.266215,-2.829594,28,27,28,27,27,28,31,27,28,31,27,29
1791409882.417958,-0.004307,1.277363,-2.800085,0.066800,1.244996,-2.791176,-0.361026,1.345361,-2.779818,0.290828,1.266185,-2.829594,28,27,28,27,27,28,31,27,28,31,27,29
1791409882.437912,-0.004337,1.277333,-2.800085,0.066800,1.244966,-2.791160,-0.360996,1.345361,-2.779818,0.290859,1.266185,-2.829609,28,27,28,27,27,28,31,27,28,31,27,29
1791409882.457953,-0.004337,1.277363,-2.800101,0.066769,1.244966,-2.791176,-0.361026,1.345361,-2.779833,0.290859,1.266215,-2.829609,28,27,28,27,27,28,31,27,28,31,27,29
1791409882.477992,-0.004307,1.277363,-2.800085,0.066800,1.244966,-2.791160,-0.361056,1.345330,-2.779818,0.290828,1.266155,-2.829594,28,27,28,27,27,28,31,27,28,31,27,29
1791409882.497943,-0.004337,1.277363,-2.800101,0.066800,1.244966,-2.791160,-0.361026,1.345361,-2.779818,0.290828,1.266185,-2.829594,28,27,28,27,27,28,31,27,28,31,27,29
1791409882.517851,-0.004337,1.277363,-2.800085,0.066739,1.244936,-2.791160,-0.361026,1.345391,-2.779802,0.290828,1.266185,-2.829594,28,27,28,27,27,28,31,27,28,31,27,29
1791409882.538042,-0.004337,1.277363,-2.800085,0.066800,1.244966,-2.791176,-0.360996,1.345391,-2.779818,0.290859,1.266185,-2.829594,28,27,28,27,27,28,31,27,28,31,27,29
1791409882.558239,-0.004337,1.277333,-2.800085,0.066800,1.244996,-2.791160,-0.360996,1.345361,-2.779818,0.290859,1.266185,-2.829594,28,27,28,27,27,28,31,27,28,31,27,29
1791409882.578099,-0.004337,1.277333,-2.800101,0.066830,1.244966,-2.791160,-0.361026,1.345361,-2.779849,0.290859,1.266185,-2.829609,28,27,28,27,27,28,31,27,28,31,27,29
1791409882.597912,-0.004337,1.277393,-2.800085,0.066800,1.244966,-2.791176,-0.360996,1.345361,-2.779818,0.290859,1.266155,-2.829609,28,27,28,27,27,28,31,27,28,31,27,29
1791409882.618162,-0.004307,1.277333,-2.800085,0.066769,1.244996,-2.791160,-0.361026,1.345361,-2.779802,0.290828,1.266185,-2.829609,28,27,28,27,27,28,31,27,28,31,27,29
1791409882.637944,-0.004337,1.277393,-2.800069,0.066800,1.244996,-2.791160,-0.360996,1.345391,-2.779833,0.290828,1.266185,-2.829594,28,27,28,27,27,28,31,27,28,31,27,29
1791409882.657940,-0.004307,1.277363,-2.800117,0.066739,1.244966,-2.791144,-0.360996,1.345391,-2.779818,0.290828,1.266185,-2.829594,28,27,28,27,27,28,31,27,28,31,27,29
1791409882.677985,-0.004307,1.277363,-2.800101,0.066769,1.244996,-2.791144,-0.361026,1.345361,-2.779818,0.290859,1.266185,-2.829594,28,27,28,27,27,28,31,27,28,31,27,29
1791409882.698230,-0.004337,1.277363,-2.800101,0.066800,1.244996,-2.791144,-0.360996,1.345330,-2.779818,0.290828,1.266215,-2.829609,28,27,28,27,27,28,31,27,28,31,27,29
1791409882.718062,-0.004337,1.277363,-2.800085,0.066800,1.244996,-2.791160,-0.360996,1.345330,-2.779818,0.290859,1.266185,-2.829594,28,27,28,27,27,28,31,27,28,31,27,29
1791409882.737982,-0.004337,1.277363,-2.800069,0.066800,1.244966,-2.791176,-0.360996,1.345391,-2.779802,0.290859,1.266155,-2.829594,28,27,28,27,27,28,31,27,28,31,27,29
1791409882.758020,-0.004337,1.277393,-2.800069,0.066769,1.244966,-2.791176,-0.361026,1.345361,-2.779818,0.290828,1.266155,-2.829594,28,27,28,27,27,28,31,27,28,31,27,29
1791409882.778016,-0.004337,1.277333,-2.800085,0.066769,1.244996,-2.791160,-0.361026,1.345361,-2.779802,0.290828,1.266155,-2.829594,28,27,28,27,27,28,31,27,28,31,27,29
1791409882.798397,-0.004337,1.277363,-2.800085,0.066769,1.244966,-2.791160,-0.361026,1.345391,-2.779818,0.290859,1.266215,-2.829594,28,27,28,27,27,28,31,27,28,31,27,29
1791409882.818015,-0.004307,1.277333,-2.800101,0.066769,1.244996,-2.791160,-0.361026,1.345361,-2.779818,0.290859,1.266185,-2.829609,28,27,28,27,27,28,31,27,28,31,27,29
1791409882.837977,-0.004337,1.277363,-2.800069,0.066800,1.244996,-2.791176,-0.360996,1.345330,-2.779818,0.290798,1.266185,-2.829594,28,27,28,27,27,28,31,27,28,31,27,29
1791409882.858114,-0.004307,1.277363,-2.800085,0.066769,1.244996,-2.791160,-0.361026,1.345361,-2.779818,0.290828,1.266185,-2.829594,28,27,28,27,27,28,31,27,28,31,27,29
1791409882.878506,-0.004337,1.277333,-2.800101,0.066739,1.244966,-2.791176,-0.361026,1.345391,-2.779818,0.290828,1.266185,-2.829594,28,27,28,27,27,28,31,27,28,31,27,29
1791409882.898116,-0.004307,1.277363,-2.800069,0.066800,1.244966,-2.791176,-0.361026,1.345361,-2.779818,0.290859,1.266185,-2.829594,28,27,28,27,27,28,31,27,28,31,27,29
1791409882.918387,-0.004337,1.277333,-2.800085,0.066800,1.244966,-2.791176,-0.360996,1.345361,-2.779818,0.290828,1.266185,-2.829594,28,27,28,27,27,28,31,27,28,31,27,29
1791409882.937869,-0.004307,1.277333,-2.800085,0.066800,1.244966,-2.791176,-0.361026,1.345391,-2.779833,0.290828,1.266215,-2.829594,28,27,28,27,27,28,31,27,28,31,27,29
1791409882.958357,-0.004277,1.277363,-2.800085,0.066769,1.244966,-2.791160,-0.361026,1.345330,-2.779818,0.290798,1.266185,-2.829594,28,27,28,27,27,28,31,27,28,31,27,29
1791409882.977997,-0.004337,1.277393,-2.800085,0.066769,1.244966,-2.791160,-0.361026,1.345391,-2.779818,0.290859,1.266215,-2.829578,28,27,28,27,27,28,31,27,28,31,27,29
1791409882.998020,-0.004307,1.277363,-2.800101,0.066769,1.244996,-2.791144,-0.361026,1.345330,-2.779818,0.290859,1.266215,-2.829578,28,27,28,27,27,28,31,27,28,31,27,29
1791409883.018015,-0.004307,1.277363,-2.800101,0.066800,1.244996,-2.791160,-0.360996,1.345361,-2.779818,0.290828,1.266215,-2.829578,28,27,28,27,27,28,31,27,28,31,27,29
1791409883.037979,-0.004307,1.277363,-2.800101,0.066769,1.244966,-2.791160,-0.360965,1.345330,-2.779833,0.290828,1.266185,-2.829609,28,27,28,27,27,28,31,27,28,31,27,29
1791409883.058005,-0.004307,1.277333,-2.800085,0.066800,1.244996,-2.791176,-0.360996,1.345361,-2.779818,0.290859,1.266185,-2.829594,28,27,28,27,27,28,31,27,28,31,27,29
1791409883.078151,-0.004337,1.277333,-2.800101,0.066800,1.244996,-2.791160,-0.361026,1.345361,-2.779818,0.290828,1.266185,-2.829609,28,27,28,27,27,28,31,27,28,31,27,29
1791409883.098084,-0.004307,1.277363,-2.800117,0.066800,1.245026,-2.791176,-0.361026,1.345391,-2.779833,0.290859,1.266215,-2.829609,28,27,28,27,27,28,31,27,28,31,27,29
1791409883.117993,-0.004307,1.277363,-2.800085,0.066769,1.244966,-2.791160,-0.360996,1.345330,-2.779818,0.290828,1.266185,-2.829609,28,27,28,27,27,28,31,27,28,31,27,29
1791409883.138069,-0.004277,1.277363,-2.800101,0.066800,1.244966,-2.791176,-0.361026,1.345391,-2.779818,0.290828,1.266215,-2.829594,28,27,28,27,27,28,31,27,28,31,27,29
1791409883.158023,-0.004337,1.277363,-2.800085,0.066800,1.245026,-2.791160,-0.360996,1.345391,-2.779833,0.290828,1.266185,-2.829594,28,27,28,27,27,28,31,27,28,31,27,29
1791409883.178421,-0.004307,1.277363,-2.800101,0.066769,1.244996,-2.791160,-0.360996,1.345361,-2.779833,0.290889,1.266185,-2.829609,28,27,28,27,27,28,31,27,28,31,27,29
1791409883.198192,-0.004307,1.277393,-2.800085,0.066769,1.244996,-2.791176,-0.361026,1.345361,-2.779818,0.290859,1.266185,-2.829594,28,27,28,27,27,28,31,27,28,31,27,29
1791409883.218227,-0.004337,1.277333,-2.800101,0.066800,1.244966,-2.791160,-0.360996,1.345361,-2.779818,0.290859,1.266185,-2.829594,28,27,28,27,27,28,31,27,28,31,27,29
1791409883.238066,-0.004337,1.277393,-2.800085,0.066800,1.244966,-2.791160,-0.361026,1.345361,-2.779818,0.290828,1.266185,-2.829609,28,27,28,27,27,28,31,27,28,31,27,29
1791409883.257998,-0.004337,1.277363,-2.800085,0.066800,1.244966,-2.791160,-0.361026,1.345361,-2.779833,0.290859,1.266185,-2.829609,28,27,28,27,27,28,31,27,28,31,27,29
1791409883.278208,-0.004337,1.277363,-2.800069,0.066769,1.244966,-2.791160,-0.361026,1.345391,-2.779818,0.290828,1.266215,-2.829594,28,27,28,27,27,28,31,27,28,31,27,29
1791409883.297862,-0.004337,1.277333,-2.800101,0.066800,1.244966,-2.791160,-0.360996,1.345361,-2.779818,0.290828,1.266185,-2.829609,28,27,28,27,27,28,31,27,28,31,27,29
1791409883.318363,-0.004307,1.277363,-2.800085,0.066800,1.244996,-2.791160,-0.360996,1.345330,-2.779818,0.290828,1.266215,-2.829594,28,27,28,27,27,28,31,27,28,31,27,29
1791409883.338062,-0.004337,1.277363,-2.800101,0.066769,1.244966,-2.791176,-0.361026,1.345361,-2.779802,0.290828,1.266215,-2.829609,28,27,28,27,27,28,31,27,28,31,27,29
1791409883.357967,-0.004337,1.277333,-2.800117,0.066800,1.244966,-2.791144,-0.360996,1.345391,-2.779818,0.290859,1.266185,-2.829594,28,27,28,27,27,28,31,27,28,31,27,29
1791409883.378067,-0.004337,1.277333,-2.800085,0.066769,1.244966,-2.791144,-0.361026,1.345330,-2.779818,0.290828,1.266155,-2.829609,28,27,28,27,27,28,31,27,28,31,27,29
1791409883.398095,-0.004337,1.277333,-2.800085,0.066769,1.244966,-2.791160,-0.360996,1.345391,-2.779833,0.290828,1.266185,-2.829594,28,27,28,27,27,28,31,27,28,31,27,29
1791409883.418489,-0.004337,1.277363,-2.800101,0.066830,1.244966,-2.791144,-0.360996,1.345361,-2.779818,0.290828,1.266185,-2.829594,28,27,28,27,27,28,31,27,28,31,27,29
1791409883.438479,-0.004337,1.277393,-2.800101,0.066739,1.244966,-2.791176,-0.360996,1.345330,-2.779818,0.290828,1.266185,-2.829594,28,27,28,27,27,28,31,27,28,31,27,29
1791409883.458015,-0.004337,1.277363,-2.800085,0.066800,1.244966,-2.791160,-0.360996,1.345361,-2.779833,0.290859,1.266185,-2.829594,28,27,28,27,27,28,31,27,28,31,27,29
1791409883.478026,-0.004307,1.277363,-2.800085,0.066769,1.244966,-2.791176,-0.360996,1.345391,-2.779818,0.290859,1.266155,-2.829594,28,27,28,27,27,28,31,27,28,31,27,29
1791409883.498501,-0.004277,1.277363,-2.800085,0.066800,1.244996,-2.791144,-0.361026,1.345391,-2.779802,0.290798,1.266185,-2.829594,28,27,28,27,27,28,31,27,28,31,27,29
1791409883.518758,-0.004307,1.277363,-2.800085,0.066769,1.244966,-2.791176,-0.361026,1.345361,-2.779802,0.290859,1.266185,-2.829594,28,27,28,27,27,28,31,27,28,31,27,29
1791409883.538513,-0.004337,1.277363,-2.800101,0.066800,1.244966,-2.791176,-0.361026,1.345361,-2.779833,0.290859,1.266215,-2.829609,28,27,28,27,27,28,31,27,28,31,27,29
1791409883.558550,-0.004367,1.277393,-2.800101,0.066769,1.244966,-2.791176,-0.360996,1.345361,-2.779818,0.290859,1.266215,-2.829594,28,27,28,27,27,28,31,27,28,31,27,29
1791409883.578284,-0.004307,1.277333,-2.800085,0.066800,1.245026,-2.791160,-0.361026,1.345391,-2.779833,0.290828,1.266185,-2.829594,28,27,28,27,27,28,31,27,28,31,27,29
1791409883.598125,-0.004337,1.277363,-2.800085,0.066739,1.244966,-2.791160,-0.361026,1.345330,-2.779818,0.290859,1.266215,-2.829594,28,27,28,27,27,28,31,27,28,31,27,29
1791409883.618231,-0.004337,1.277333,-2.800069,0.066800,1.244966,-2.791160,-0.361026,1.345361,-2.779818,0.290859,1.266215,-2.829594,28,27,28,27,27,28,31,27,28,31,27,29
1791409883.638837,-0.004337,1.277363,-2.800101,0.066800,1.244996,-2.791176,-0.360996,1.345361,-2.779818,0.290859,1.266215,-2.829594,28,27,28,27,27,28,31,27,28,31,27,29
1791409883.658085,-0.004307,1.277363,-2.800085,0.066769,1.244996,-2.791160,-0.361026,1.345361,-2.779818,0.290828,1.266245,-2.829594,28,27,28,27,27,28,31,27,28,31,27,29
1791409883.678097,-0.004307,1.277363,-2.800085,0.066769,1.244966,-2.791160,-0.361026,1.345391,-2.779818,0.290828,1.266185,-2.829594,28,27,28,27,27,28,31,27,28,31,27,29
1791409883.698017,-0.004307,1.277363,-2.800069,0.066769,1.244966,-2.791144,-0.360996,1.345391,-2.779818,0.290859,1.266155,-2.829594,28,27,28,27,27,28,31,27,28,31,27,29
1791409883.718101,-0.004307,1.277363,-2.800101,0.066800,1.244966,-2.791160,-0.361026,1.345361,-2.779802,0.290859,1.266185,-2.829578,28,27,28,27,27,28,31,27,28,31,27,29
1791409883.738224,-0.004307,1.277333,-2.800117,0.066800,1.244966,-2.791176,-0.361056,1.345330,-2.779833,0.290828,1.266185,-2.829594,28,27,28,27,27,28,31,27,28,31,27,29
1791409883.757959,-0.004307,1.277363,-2.800101,0.066800,1.244966,-2.791160,-0.360996,1.345361,-2.779802,0.290859,1.266185,-2.829594,28,27,28,27,27,28,31,27,28,31,27,29
1791409883.778268,-0.004337,1.277333,-2.800101,0.066800,1.244996,-2.791160,-0.361026,1.345361,-2.779802,0.290828,1.266185,-2.829594,28,27,28,27,27,28,31,27,28,31,27,29
1791409883.798113,-0.004337,1.277363,-2.800101,0.066769,1.244966,-2.791176,-0.361026,1.345361,-2.779818,0.290859,1.266215,-2.829594,28,27,28,27,27,28,31,27,28,31,27,29
1791409883.817951,-0.004337,1.277363,-2.800101,0.066800,1.244966,-2.791176,-0.361056,1.345361,-2.779818,0.290859,1.266185,-2.829609,28,27,28,27,27,28,31,27,28,31,27,29
1791409883.838239,-0.004307,1.277363,-2.800117,0.066800,1.244996,-2.791160,-0.360996,1.345391,-2.779818,0.290859,1.266185,-2.829609,28,27,28,27,27,28,31,27,28,31,27,29
1791409883.858090,-0.004337,1.277363,-2.800085,0.066769,1.244966,-2.791176,-0.361026,1.345361,-2.779833,0.290798,1.266185,-2.829594,28,27,28,27,27,28,31,27,28,31,27,29
1791409883.878272,-0.004337,1.277333,-2.800101,0.066769,1.244966,-2.791160,-0.361026,1.345361,-2.779802,0.290828,1.266155,-2.829609,28,27,28,27,27,28,31,27,28,31,27,29
1791409883.898068,-0.004307,1.277363,-2.800085,0.066769,1.244996,-2.791176,-0.360965,1.345391,-2.779833,0.290859,1.266185,-2.829594,28,27,28,27,27,28,31,27,28,31,27,29
1791409883.918354,-0.004337,1.277363,-2.800101,0.066769,1.245026,-2.791160,-0.361026,1.345330,-2.779833,0.290828,1.266215,-2.829594,28,27,28,27,27,28,31,27,28,31,27,29
1791409883.938350,-0.004307,1.277333,-2.800101,0.066739,1.244966,-2.791160,-0.360965,1.345391,-2.779833,0.290828,1.266185,-2.829594,28,27,28,27,27,28,31,27,28,31,27,29
1791409883.958028,-0.004337,1.277363,-2.800101,0.066739,1.244996,-2.791176,-0.361026,1.345361,-2.779818,0.290859,1.266185,-2.829594,28,27,28,27,27,28,31,27,28,31,27,29
1791409883.978122,-0.004307,1.277363,-2.800085,0.066739,1.244936,-2.791160,-0.360996,1.345361,-2.779818,0.290859,1.266215,-2.829594,28,27,28,27,27,28,31,27,28,31,27,29
1791409883.998409,-0.004307,1.277333,-2.800101,0.066800,1.244996,-2.791176,-0.360996,1.345330,-2.779802,0.290828,1.266185,-2.829609,28,27,28,27,27,28,31,27,28,31,27,29
1791409884.018137,-0.004337,1.277363,-2.800085,0.066800,1.244996,-2.791144,-0.361026,1.345361,-2.779818,0.290828,1.266185,-2.829609,28,27,28,27,27,28,31,27,28,31,27,29
1791409884.038048,-0.004307,1.277363,-2.800069,0.066739,1.244966,-2.791144,-0.361026,1.345391,-2.779802,0.290859,1.266215,-2.829609,28,27,28,27,27,28,31,27,28,31,27,29
1791409884.058020,-0.004307,1.277363,-2.800101,0.066800,1.244966,-2.791176,-0.360996,1.345361,-2.779818,0.290828,1.266185,-2.829594,28,27,28,27,27,28,31,27,28,31,27,29
1791409884.078033,-0.004337,1.277363,-2.800085,0.066800,1.244966,-2.791176,-0.361026,1.345391,-2.779818,0.290828,1.266215,-2.829594,28,27,28,27,27,28,31,27,28,31,27,29
1791409884.097993,-0.004307,1.277363,-2.800085,0.066800,1.244966,-2.791160,-0.360996,1.345391,-2.779802,0.290859,1.266185,-2.829594,28,27,28,27,27,28,31,27,28,31,27,29
1791409884.118064,-0.004307,1.277363,-2.800101,0.066769,1.244996,-2.791176,-0.361026,1.345330,-2.779818,0.290798,1.266215,-2.829609,28,27,28,27,27,28,31,27,28,31,27,29
1791409884.138213,-0.004337,1.277333,-2.800085,0.066739,1.244966,-2.791176,-0.360996,1.345391,-2.779818,0.290798,1.266185,-2.829594,28,27,28,27,27,28,31,27,28,31,27,29
1791409884.158063,-0.004337,1.277363,-2.800101,0.066769,1.244936,-2.791176,-0.361026,1.345361,-2.779818,0.290859,1.266185,-2.829594,28,27,28,27,27,28,31,27,28,31,27,29
1791409884.178300,-0.004307,1.277363,-2.800085,0.066800,1.244966,-2.791176,-0.361026,1.345361,-2.779802,0.290859,1.266185,-2.829594,28,27,28,27,27,28,31,27,28,31,27,29
1791409884.198171,-0.004307,1.277363,-2.800085,0.066800,1.244996,-2.791176,-0.361026,1.345391,-2.779802,0.290828,1.266185,-2.829594,28,27,28,27,27,28,31,27,28,31,27,29
1791409884.218271,-0.004337,1.277363,-2.800085,0.066800,1.244966,-2.791160,-0.360996,1.345391,-2.779833,0.290828,1.266215,-2.829594,28,27,28,27,27,28,31,27,28,31,27,29
1791409884.238063,-0.004307,1.277363,-2.800085,0.066769,1.244936,-2.791160,-0.360996,1.345330,-2.779818,0.290828,1.266155,-2.829594,28,27,28,27,27,28,31,27,28,31,27,29
1791409884.258244,-0.004337,1.277333,-2.800085,0.066800,1.244966,-2.791160,-0.360996,1.345361,-2.779818,0.290828,1.266185,-2.829594,28,27,28,27,27,28,31,27,28,31,27,29
1791409884.278017,-0.004307,1.277363,-2.800101,0.066769,1.244996,-2.791160,-0.360996,1.345361,-2.779818,0.290859,1.266185,-2.829578,28,27,28,27,27,28,31,27,28,31,27,29
1791409884.298044,-0.004307,1.277363,-2.800085,0.066800,1.244966,-2.791160,-0.360996,1.345361,-2.779818,0.290859,1.266185,-2.829594,28,27,28,27,27,28,31,27,28,31,27,29
1791409884.318159,-0.004307,1.277333,-2.800085,0.066800,1.244966,-2.791144,-0.361026,1.345361,-2.779802,0.290828,1.266215,-2.829594,28,27,28,27,27,28,31,27,28,31,27,29
1791409884.337984,-0.004307,1.277363,-2.800085,0.066800,1.244966,-2.791160,-0.361026,1.345361,-2.779818,0.290859,1.266185,-2.829594,28,27,28,27,27,28,31,27,28,31,27,29
1791409884.358294,-0.004367,1.277363,-2.800085,0.066769,1.244966,-2.791160,-0.361026,1.345391,-2.779818,0.290859,1.266215,-2.829609,28,27,28,27,27,28,31,27,28,31,27,29
1791409884.378316,-0.004307,1.277363,-2.800085,0.066800,1.245026,-2.791144,-0.361026,1.345361,-2.779818,0.290859,1.266185,-2.829594,28,27,28,27,27,28,31,27,28,31,27,29
1791409884.398087,-0.004307,1.277363,-2.800101,0.066800,1.244966,-2.791176,-0.361026,1.345361,-2.779818,0.290828,1.266185,-2.829594,28,27,28,27,27,28,31,27,28,31,27,29
1791409884.418223,-0.004307,1.277363,-2.800085,0.066739,1.244966,-2.791144,-0.360965,1.345361,-2.779818,0.290859,1.266215,-2.829594,28,27,28,27,27,28,31,27,28,31,27,29
1791409884.438546,-0.004307,1.277363,-2.800069,0.066769,1.244996,-2.791160,-0.361026,1.345391,-2.779818,0.290859,1.266185,-2.829594,28,27,28,27,27,28,31,27,28,31,27,29
1791409884.458294,-0.004337,1.277363,-2.800085,0.066800,1.244966,-2.791144,-0.360996,1.345361,-2.779833,0.290859,1.266185,-2.829609,28,27,28,27,27,28,31,27,28,31,27,29
1791409884.478388,-0.004337,1.277363,-2.800117,0.066800,1.244966,-2.791160,-0.361026,1.345361,-2.779802,0.290859,1.266215,-2.829609,28,27,28,27,27,28,31,27,28,31,27,29
1791409884.498248,-0.004307,1.277393,-2.800101,0.066800,1.245026,-2.791176,-0.360996,1.345391,-2.779818,0.290828,1.266215,-2.829609,28,27,28,27,27,28,31,27,28,31,27,29
1791409884.518420,-0.004307,1.277363,-2.800101,0.066800,1.244966,-2.791176,-0.361026,1.345361,-2.779818,0.290859,1.266155,-2.829594,28,27,28,27,27,28,31,27,28,31,27,29
1791409884.538341,-0.004337,1.277333,-2.800085,0.066800,1.244996,-2.791176,-0.360996,1.345361,-2.779833,0.290859,1.266215,-2.829594,28,27,28,27,27,28,31,27,28,31,27,29
1791409884.558113,-0.004337,1.277363,-2.800085,0.066800,1.244966,-2.791176,-0.361026,1.345391,-2.779818,0.290828,1.266185,-2.829594,28,27,28,27,27,28,31,27,28,31,27,29
1791409884.577993,-0.004337,1.277363,-2.800101,0.066800,1.244996,-2.791160,-0.360996,1.345361,-2.779818,0.290859,1.266215,-2.829609,28,27,28,27,27,28,31,27,28,31,27,29
1791409884.598352,-0.004307,1.277363,-2.800101,0.066800,1.244996,-2.791176,-0.361026,1.345361,-2.779833,0.290859,1.266215,-2.829594,28,27,28,27,27,28,31,27,28,31,27,29
1791409884.618332,-0.004337,1.277363,-2.800101,0.066800,1.244996,-2.791160,-0.361026,1.345391,-2.779833,0.290859,1.266215,-2.829594,28,27,28,27,27,28,31,27,28,31,27,29
1791409884.638026,-0.004307,1.277333,-2.800085,0.066800,1.244966,-2.791176,-0.360996,1.345391,-2.779833,0.290828,1.266215,-2.829594,28,27,28,27,27,28,31,27,28,31,27,29
1791409884.658123,-0.004307,1.277363,-2.800085,0.066800,1.244996,-2.791160,-0.361026,1.345361,-2.779818,0.290859,1.266185,-2.829594,28,27,28,27,27,28,31,27,28,31,27,29
1791409884.678287,-0.004307,1.277363,-2.800101,0.066769,1.244966,-2.791160,-0.360996,1.345391,-2.779833,0.290859,1.266185,-2.829594,28,27,28,27,27,28,31,27,28,31,27,29
1791409884.698246,-0.004337,1.277363,-2.800101,0.066769,1.244966,-2.791160,-0.360965,1.345330,-2.779833,0.290859,1.266185,-2.829594,28,27,28,27,27,28,31,27,28,31,27,29
1791409884.718156,-0.004337,1.277333,-2.800085,0.066800,1.244996,-2.791144,-0.361026,1.345361,-2.779802,0.290859,1.266185,-2.829594,28,27,28,27,27,28,31,27,28,31,27,29
1791409884.738169,-0.004307,1.277363,-2.800085,0.066800,1.244966,-2.791160,-0.360996,1.345361,-2.779802,0.290828,1.266185,-2.829594,28,27,28,27,27,28,31,27,28,31,27,29
1791409884.758234,-0.004307,1.277333,-2.800117,0.066800,1.244996,-2.791160,-0.360996,1.345361,-2.779818,0.290828,1.266185,-2.829609,28,27,28,27,27,28,31,27,28,31,27,29
1791409884.778339,-0.004307,1.277333,-2.800101,0.066830,1.244996,-2.791160,-0.360996,1.345391,-2.779818,0.290828,1.266185,-2.829594,28,27,28,27,27,28,31,27,28,31,27,29
1791409884.798353,-0.004337,1.277363,-2.800085,0.066800,1.244966,-2.791160,-0.361026,1.345361,-2.779833,0.290859,1.266215,-2.829594,28,27,28,27,27,28,31,27,28,31,27,29
1791409884.818438,-0.004277,1.277363,-2.800117,0.066800,1.244966,-2.791144,-0.360996,1.345391,-2.779833,0.290828,1.266155,-2.829594,28,27,28,27,27,28,31,27,28,31,27,29
1791409884.838102,-0.004307,1.277363,-2.800101,0.066769,1.244966,-2.791176,-0.361026,1.345330,-2.779833,0.290828,1.266185,-2.829609,28,27,28,27,27,28,31,27,28,31,27,29
1791409884.858136,-0.004307,1.277363,-2.800101,0.066739,1.244966,-2.791176,-0.360996,1.345361,-2.779818,0.290859,1.266185,-2.829609,28,27,28,27,27,28,31,27,28,31,27,29
1791409884.878270,-0.004307,1.277363,-2.800101,0.066800,1.244966,-2.791160,-0.360996,1.345361,-2.779818,0.290828,1.266185,-2.829594,28,27,28,27,27,28,31,27,28,31,27,29
1791409884.898360,-0.004277,1.277363,-2.800101,0.066769,1.244966,-2.791176,-0.361026,1.345361,-2.779818,0.290768,1.266185,-2.829594,28,27,28,27,27,28,31,27,28,31,27,29
1791409884.918273,-0.004367,1.277333,-2.800085,0.066769,1.245026,-2.791176,-0.360965,1.345179,-2.779818,0.290828,1.266245,-2.829578,28,27,28,27,27,28,31,27,28,31,27,29
1791409884.938081,-0.004519,1.277302,-2.800101,0.066769,1.245057,-2.791176,-0.360875,1.344785,-2.779818,0.290859,1.266276,-2.829546,28,27,28,27,27,28,31,27,28,31,27,29
1791409884.958362,-0.004791,1.277302,-2.800101,0.066679,1.245087,-2.791191,-0.360602,1.344210,-2.779849,0.290889,1.266336,-2.829483,28,27,28,27,27,28,31,27,28,31,27,29
1791409884.978170,-0.005003,1.277211,-2.800101,0.066709,1.245208,-2.791160,-0.360239,1.343392,-2.779849,0.290919,1.266427,-2.829341,28,27,28,27,27,28,31,27,28,31,27,29
1791409884.998209,-0.005367,1.277181,-2.800101,0.066588,1.245269,-2.791191,-0.359754,1.342515,-2.779865,0.291010,1.266578,-2.829199,28,27,28,27,27,28,31,27,28,31,27,29
1791409885.018323,-0.005790,1.277151,-2.800101,0.066467,1.245359,-2.791191,-0.359270,1.341636,-2.779881,0.291161,1.266730,-2.829057,28,27,28,27,27,28,31,27,28,31,27,29
1791409885.038195,-0.006305,1.276999,-2.800085,0.066376,1.245511,-2.791207,-0.358453,1.341061,-2.779912,0.291373,1.266851,-2.828946,28,27,28,27,27,28,31,27,28,31,27,29
1791409885.058000,-0.006850,1.276818,-2.800085,0.066224,1.245632,-2.791239,-0.357635,1.340456,-2.779944,0.291646,1.267033,-2.828820,28,27,28,27,27,28,31,27,28,31,27,29
1791409885.078275,-0.007395,1.276576,-2.800085,0.066103,1.245783,-2.791255,-0.356878,1.339699,-2.780023,0.291948,1.267184,-2.828757,28,27,28,27,27,28,31,27,28,31,27,29
1791409885.098265,-0.007940,1.276333,-2.800085,0.065952,1.245904,-2.791302,-0.356272,1.338790,-2.780102,0.292312,1.267275,-2.828646,28,27,28,27,27,28,31,27,28,31,27,29
1791409885.118197,-0.008394,1.276031,-2.800085,0.065710,1.246147,-2.791412,-0.355637,1.337973,-2.780212,0.292675,1.267426,-2.828535,28,27,28,27,27,28,31,27,28,31,27,29
1791409885.138300,-0.008879,1.275758,-2.800085,0.065437,1.246298,-2.791492,-0.354880,1.337246,-2.780323,0.293281,1.267578,-2.828441,28,27,28,27,27,28,31,27,28,31,27,29
1791409885.158221,-0.009303,1.275395,-2.800085,0.065195,1.246480,-2.791570,-0.354092,1.336580,-2.780544,0.294038,1.267759,-2.828377,28,27,28,27,27,28,31,27,28,31,27,29
1791409885.178390,-0.009908,1.275092,-2.800085,0.064922,1.246813,-2.791697,-0.353305,1.335884,-2.780908,0.294976,1.267880,-2.828298,28,27,28,27,27,28,31,27,28,31,27,29
1791409885.198065,-0.010483,1.274729,-2.800085,0.064589,1.247085,-2.791855,-0.352669,1.335036,-2.781745,0.295794,1.268062,-2.828235,28,27,28,27,27,28,31,27,28,31,27,29
1791409885.218245,-0.011180,1.274456,-2.800069,0.064287,1.247388,-2.792060,-0.352094,1.334188,-2.782219,0.296399,1.268214,-2.828125,28,27,28,27,27,28,31,27,28,31,27,29
1791409885.238354,-0.011937,1.274123,-2.800085,0.063923,1.247691,-2.792345,-0.351368,1.333401,-2.782456,0.296884,1.268425,-2.828077,28,27,28,27,27,28,31,27,28,31,27,29
1791409885.258254,-0.012573,1.273820,-2.800053,0.063590,1.247993,-2.792771,-0.350489,1.332765,-2.782724,0.297368,1.268607,-2.827998,28,27,28,27,27,28,31,27,28,31,27,29
1791409885.278204,-0.013299,1.273457,-2.800085,0.063287,1.248266,-2.793277,-0.349642,1.332038,-2.783009,0.297853,1.268819,-2.827935,28,27,28,27,27,28,31,27,28,31,27,29
1791409885.298177,-0.014086,1.272972,-2.800085,0.063045,1.248538,-2.793450,-0.348824,1.330979,-2.783340,0.298367,1.269727,-2.827872,28,27,28,27,27,28,31,27,28,31,27,29
1791409885.318144,-0.015419,1.272428,-2.800069,0.062803,1.248750,-2.793545,-0.348037,1.329949,-2.783735,0.298791,1.270636,-2.827840,28,27,28,27,27,28,31,27,28,31,27,29
1791409885.338196,-0.016660,1.271913,-2.800069,0.062530,1.248962,-2.793592,-0.347220,1.329162,-2.783972,0.299094,1.271271,-2.827777,28,27,28,27,27,28,31,27,28,31,27,29
1791409885.358431,-0.017962,1.271216,-2.800069,0.062379,1.249144,-2.793671,-0.346341,1.328254,-2.784067,0.299336,1.271847,-2.827730,28,27,28,27,27,28,31,27,28,31,27,29
1791409885.378211,-0.019506,1.270611,-2.800069,0.062137,1.249326,-2.793829,-0.345403,1.327073,-2.784193,0.299548,1.272483,-2.827651,28,27,28,27,27,28,31,27,28,31,27,29
1791409885.398275,-0.020959,1.269945,-2.800069,0.061834,1.249568,-2.793956,-0.344676,1.325983,-2.784272,0.299790,1.273149,-2.827572,28,27,28,27,27,28,31,27,28,31,27,29
1791409885.418272,-0.022322,1.269400,-2.800069,0.061501,1.249750,-2.794130,-0.343980,1.324893,-2.784415,0.300033,1.273996,-2.827461,28,27,28,27,27,28,31,27,28,31,27,29
1791409885.438576,-0.023927,1.268794,-2.800038,0.061168,1.249931,-2.794477,-0.343162,1.323833,-2.784572,0.300214,1.274662,-2.827271,28,27,28,27,27,28,31,27,28,31,27,29
1791409885.458332,-0.025350,1.268098,-2.800038,0.060653,1.250204,-2.794951,-0.342193,1.322441,-2.784778,0.300487,1.275056,-2.827003,28,27,28,27,27,28,31,27,28,31,27,29
1791409885.478305,-0.026954,1.267401,-2.800038,0.060048,1.250567,-2.795330,-0.341225,1.321260,-2.785110,0.300759,1.275571,-2.826782,28,27,28,27,27,28,31,27,28,31,27,29
1791409885.498060,-0.028620,1.266796,-2.800038,0.059472,1.250870,-2.795536,-0.340498,1.320049,-2.785694,0.301183,1.276055,-2.826576,28,27,28,27,27,28,31,27,28,31,27,29
1791409885.518492,-0.028317,1.265464,-2.795409,0.060684,1.248236,-2.791728,-0.342193,1.319201,-2.781524,0.299760,1.271847,-2.824950,28,27,28,27,27,28,31,27,28,31,27,29
1791409885.538242,-0.027893,1.261921,-2.784825,0.062652,1.243028,-2.784320,-0.343344,1.316597,-2.777006,0.296308,1.264550,-2.819421,28,27,28,27,27,28,31,27,28,31,27,29
1791409885.558406,-0.028408,1.254988,-2.772756,0.065134,1.236942,-2.772788,-0.342557,1.309179,-2.769123,0.293583,1.254528,-2.810416,28,27,28,27,27,28,31,27,28,31,27,29
1791409885.578259,-0.029589,1.246268,-2.759929,0.068859,1.228253,-2.760308,-0.340589,1.296977,-2.757307,0.290435,1.242780,-2.799595,28,27,28,27,27,28,31,27,28,31,27,29
1791409885.598360,-0.030739,1.234066,-2.745175,0.071402,1.215445,-2.743500,-0.336168,1.280779,-2.742821,0.286135,1.230366,-2.783735,28,27,28,27,27,28,31,27,28,31,27,29
1791409885.618267,-0.030800,1.218412,-2.724797,0.070917,1.198157,-2.723612,-0.328508,1.264398,-2.724070,0.280261,1.214108,-2.762457,28,27,28,27,27,28,31,27,28,31,27,29
1791409885.638256,-0.030406,1.198460,-2.697136,0.069403,1.177931,-2.695667,-0.318910,1.245051,-2.700738,0.271602,1.195093,-2.739488,28,27,28,27,27,28,31,27,28,31,27,29
1791409885.658185,-0.029316,1.176387,-2.666174,0.067678,1.155132,-2.664563,-0.307556,1.224099,-2.675952,0.262458,1.174747,-2.711006,28,27,28,27,27,28,31,27,28,31,27,29
1791409885.678248,-0.027681,1.152952,-2.633964,0.065891,1.132606,-2.628277,-0.296081,1.202208,-2.647060,0.252194,1.153371,-2.680755,28,27,28,27,27,28,31,27,28,31,27,29
1791409885.698288,-0.026500,1.132485,-2.593919,0.062985,1.110503,-2.591439,-0.284363,1.182104,-2.615529,0.241476,1.135719,-2.647597,28,27,28,27,27,28,31,27,28,31,27,29
1791409885.718428,-0.025501,1.109807,-2.550888,0.059927,1.089854,-2.547728,-0.272313,1.159941,-2.582814,0.232271,1.116372,-2.614012,28,27,28,27,27,28,31,27,28,31,27,29
1791409885.738191,-0.024290,1.088885,-2.504792,0.056626,1.070597,-2.501427,-0.260141,1.138565,-2.545264,0.221220,1.098054,-2.579133,28,27,28,27,27,28,31,27,28,31,27,29
1791409885.758308,-0.023351,1.067812,-2.457591,0.053659,1.050312,-2.454605,-0.247818,1.118279,-2.509753,0.210865,1.080311,-2.538566,28,27,28,27,27,28,31,27,28,31,27,29
1791409885.778256,-0.022352,1.046951,-2.409299,0.051055,1.030328,-2.407451,-0.235647,1.098054,-2.467211,0.200662,1.062266,-2.494161,28,27,28,27,27,28,31,27,28,31,27,29
1791409885.798392,-0.021626,1.026574,-2.362635,0.048724,1.011042,-2.360424,-0.223566,1.078737,-2.424180,0.190155,1.044099,-2.450466,28,27,28,27,27,28,31,27,28,31,27,29
1791409885.818528,-0.021111,1.007650,-2.316287,0.046726,0.992603,-2.314470,-0.211213,1.059420,-2.373599,0.180255,1.026780,-2.402744,28,27,28,27,27,28,31,27,28,31,27,29
1791409885.838232,-0.020747,0.989060,-2.270175,0.045272,0.974981,-2.268470,-0.199738,1.040436,-2.329762,0.170717,1.009643,-2.353994,28,27,28,27,27,28,31,27,28,31,27,29
1791409885.858390,-0.020717,0.970470,-2.227476,0.043607,0.957723,-2.225612,-0.189201,1.023087,-2.280523,0.162149,0.993990,-2.304455,28,27,28,27,27,28,31,27,28,31,27,29
1791409885.878374,-0.020687,0.955301,-2.182534,0.042426,0.942342,-2.180780,-0.180390,1.003921,-2.231489,0.155457,0.976732,-2.254789,28,27,28,27,27,28,31,27,28,31,27,29
1791409885.898235,-0.020475,0.939163,-2.140846,0.041155,0.925568,-2.137908,-0.170490,0.986451,-2.182818,0.147464,0.960745,-2.206229,28,27,28,27,27,28,31,27,28,31,27,29
1791409885.918339,-0.020384,0.921571,-2.098257,0.039913,0.910429,-2.093044,-0.161800,0.966680,-2.136423,0.140198,0.942669,-2.158491,28,27,28,27,27,28,31,27,28,31,27,29
1791409885.938294,-0.020354,0.905948,-2.054041,0.038702,0.894988,-2.049666,-0.153141,0.948362,-2.086741,0.132386,0.927288,-2.108588,28,27,28,27,27,28,31,27,28,31,27,29
1791409885.958442,-0.020081,0.890265,-2.011074,0.037854,0.880636,-2.010410,-0.145087,0.931981,-2.037929,0.124998,0.911060,-2.059649,28,27,28,27,27,28,31,27,28,31,27,29
1791409885.978229,-0.019900,0.876004,-1.967521,0.037158,0.866557,-1.966653,-0.138153,0.913845,-1.989337,0.119245,0.894831,-2.010979,28,27,28,27,27,28,31,27,28,31,27,29
1791409885.998776,-0.019809,0.860562,-1.929735,0.036250,0.851267,-1.923179,-0.131522,0.895981,-1.947538,0.113250,0.877603,-1.967932,28,27,28,27,27,28,31,27,28,31,27,29
1791409886.018617,-0.019627,0.845423,-1.887289,0.035281,0.836370,-1.880970,-0.125194,0.878602,-1.899595,0.108436,0.862525,-1.918756,28,27,28,27,27,28,31,27,28,31,27,29
1791409886.038252,-0.019567,0.830224,-1.840798,0.034463,0.822019,-1.839613,-0.119714,0.861526,-1.853451,0.104137,0.844358,-1.872582,28,27,28,27,27,28,31,27,28,31,27,29
1791409886.058268,-0.019294,0.815297,-1.799205,0.033676,0.806608,-1.797815,-0.114537,0.844328,-1.805839,0.100201,0.828220,-1.828097,28,27,28,27,27,28,31,27,28,31,27,29
1791409886.078559,-0.019173,0.800552,-1.758559,0.032707,0.790924,-1.757169,-0.109450,0.827645,-1.762350,0.096113,0.812537,-1.779869,28,27,28,27,27,28,31,27,28,31,27,29
1791409886.098147,-0.019022,0.784263,-1.715070,0.031920,0.774665,-1.713443,-0.104969,0.810266,-1.717945,0.092359,0.795460,-1.734406,28,27,28,27,27,28,31,27,28,31,27,29
1791409886.118293,-0.018870,0.767368,-1.673903,0.030921,0.758769,-1.667758,-0.101093,0.791554,-1.675120,0.088817,0.779080,-1.690443,28,27,28,27,27,28,31,27,28,31,27,29
1791409886.138210,-0.018840,0.750291,-1.628566,0.029982,0.742268,-1.626607,-0.097218,0.775174,-1.629751,0.085274,0.761428,-1.643762,28,27,28,27,27,28,31,27,28,31,27,29
1791409886.158241,-0.018628,0.734123,-1.582186,0.028801,0.726130,-1.581064,-0.093675,0.756523,-1.583513,0.082155,0.742929,-1.600321,28,27,28,27,27,28,31,27,28,31,27,29
1791409886.178210,-0.018295,0.717319,-1.537970,0.027984,0.709387,-1.537417,-0.089649,0.738417,-1.542994,0.079158,0.725761,-1.554873,28,27,28,27,27,28,31,27,28,31,27,29
1791409886.198420,-0.017932,0.699637,-1.498035,0.027287,0.692310,-1.492664,-0.085985,0.720008,-1.498667,0.076494,0.708109,-1.509709,28,27,28,27,27,28,31,27,28,31,27,29
1791409886.218281,-0.017387,0.684498,-1.454657,0.026621,0.677050,-1.454436,-0.083169,0.705112,-1.455700,0.074677,0.693606,-1.465351,28,27,28,27,27,28,31,27,28,31,27,29
1791409886.238132,-0.016418,0.674265,-1.421467,0.025441,0.666271,-1.421120,-0.080747,0.694000,-1.422558,0.073375,0.682434,-1.431388,28,27,28,27,27,28,31,27,28,31,27,29
1791409886.258207,-0.015933,0.667694,-1.395292,0.024835,0.660549,-1.395481,-0.079172,0.687218,-1.397551,0.072588,0.676439,-1.405907,28,27,28,27,27,28,31,27,28,31,27,29
1791409886.278123,-0.016115,0.665212,-1.378500,0.024774,0.657945,-1.379116,-0.078295,0.683403,-1.381312,0.072376,0.673744,-1.389147,28,27,28,27,27,28,31,27,28,31,27,29
1791409886.298209,-0.016509,0.665181,-1.370807,0.024956,0.658278,-1.371154,-0.077810,0.681586,-1.371470,0.072376,0.672503,-1.378531,28,27,28,27,27,28,31,27,28,31,27,29
1791409886.318140,-0.016993,0.666423,-1.369085,0.025047,0.660004,-1.368832,-0.077386,0.680405,-1.364583,0.072224,0.672019,-1.371280,28,27,28,27,27,28,31,27,28,31,27,29
1791409886.338259,-0.017387,0.667422,-1.369053,0.025047,0.662608,-1.368690,-0.076871,0.680375,-1.359622,0.072194,0.672049,-1.366020,28,27,28,27,27,28,31,27,28,31,27,29
1791409886.358165,-0.017629,0.668996,-1.369069,0.025017,0.664697,-1.368627,-0.076266,0.680920,-1.355863,0.072285,0.672049,-1.362245,28,27,28,27,27,28,31,27,28,31,27,29
1791409886.378342,-0.017750,0.671055,-1.369085,0.025047,0.666029,-1.368627,-0.075691,0.681828,-1.353398,0.072315,0.672079,-1.359117,28,27,28,27,27,28,31,27,28,31,27,29
1791409886.398246,-0.017689,0.672630,-1.369053,0.025047,0.666968,-1.368611,-0.075479,0.682525,-1.351392,0.072224,0.672079,-1.356558,28,27,28,27,27,28,31,27,28,31,27,29
1791409886.418183,-0.017629,0.673720,-1.369069,0.025077,0.667846,-1.368579,-0.075418,0.683009,-1.350239,0.072073,0.672079,-1.355104,28,27,28,27,27,28,31,27,28,31,27,29
1791409886.438221,-0.017478,0.674234,-1.369053,0.025259,0.668482,-1.368484,-0.075509,0.683221,-1.349433,0.071982,0.672079,-1.354330,28,27,28,27,27,28,31,27,28,31,27,29
1791409886.458122,-0.017356,0.674295,-1.369069,0.025350,0.668754,-1.368390,-0.075630,0.683130,-1.349165,0.071891,0.672049,-1.353967,28,27,28,27,27,28,31,27,28,31,27,29
1791409886.478104,-0.017235,0.673810,-1.369069,0.025380,0.668875,-1.368121,-0.075600,0.682707,-1.349102,0.071891,0.672049,-1.353856,28,27,28,27,27,28,31,27,28,31,27,29
1791409886.498109,-0.017266,0.672872,-1.369069,0.025319,0.668845,-1.367758,-0.075600,0.681738,-1.349117,0.071952,0.672049,-1.353841,28,27,28,27,27,28,31,27,28,31,27,29
1791409886.518171,-0.017356,0.672054,-1.369053,0.025107,0.667573,-1.367695,-0.075479,0.680405,-1.349117,0.072134,0.671504,-1.353856,28,27,28,27,27,28,31,27,28,31,27,29
1791409886.538257,-0.017356,0.671631,-1.369037,0.024956,0.665424,-1.367695,-0.075358,0.679164,-1.349133,0.072376,0.669506,-1.353888,28,27,28,27,27,28,31,27,28,31,27,29
1791409886.558239,-0.017296,0.670934,-1.369006,0.024865,0.663122,-1.367695,-0.075509,0.677680,-1.349149,0.072436,0.667144,-1.353920,28,27,28,27,27,28,31,27,28,31,27,29
1791409886.578213,-0.017084,0.668905,-1.368990,0.024865,0.660761,-1.367679,-0.075721,0.675682,-1.349133,0.072376,0.664873,-1.353920,28,27,28,27,27,28,31,27,28,31,27,29
1791409886.598278,-0.016902,0.666998,-1.368974,0.024926,0.658520,-1.367679,-0.076145,0.674441,-1.349133,0.072134,0.662663,-1.353967,28,27,28,27,27,28,31,27,28,31,27,29
1791409886.618217,-0.016690,0.664576,-1.368942,0.024956,0.656522,-1.367679,-0.076569,0.672836,-1.349133,0.071922,0.660786,-1.353999,28,27,28,27,27,28,31,27,28,31,27,29
1791409886.638137,-0.016539,0.662971,-1.368927,0.025017,0.654766,-1.367679,-0.076781,0.671262,-1.349133,0.071801,0.659151,-1.354014,28,27,28,27,27,28,31,27,28,31,27,29
1791409886.658140,-0.016478,0.661487,-1.368927,0.025017,0.653403,-1.367679,-0.076902,0.670202,-1.349149,0.071740,0.658030,-1.354030,28,27,28,27,27,28,31,27,28,31,27,29
1791409886.678015,-0.016509,0.660579,-1.368927,0.024956,0.652556,-1.367647,-0.076871,0.669354,-1.349165,0.071710,0.657062,-1.354030,28,27,28,27,27,28,31,27,28,31,27,29
1791409886.698113,-0.016509,0.660186,-1.368942,0.024986,0.652011,-1.367631,-0.076781,0.668779,-1.349181,0.071740,0.656517,-1.354014,28,27,28,27,27,28,31,27,28,31,27,29
1791409886.718186,-0.016509,0.660125,-1.368895,0.025047,0.651890,-1.367647,-0.076659,0.668628,-1.349149,0.071801,0.656365,-1.353999,28,27,28,27,27,28,31,27,28,31,27,29
1791409886.737925,-0.016569,0.660307,-1.368911,0.025017,0.652011,-1.367616,-0.076599,0.668658,-1.349149,0.071740,0.656395,-1.353983,28,27,28,27,27,28,31,27,28,31,27,29
1791409886.758170,-0.016599,0.660640,-1.368911,0.025047,0.652344,-1.367600,-0.076448,0.668809,-1.349149,0.071740,0.656607,-1.353999,28,27,28,27,27,28,31,27,28,31,27,29
1791409886.778462,-0.016660,0.661094,-1.368911,0.025017,0.652889,-1.367600,-0.076448,0.668930,-1.349165,0.071679,0.656940,-1.353999,28,27,28,27,27,28,31,27,28,31,27,29
1791409886.798290,-0.016751,0.661548,-1.368895,0.025017,0.653403,-1.367631,-0.076387,0.669112,-1.349165,0.071710,0.657425,-1.353983,28,27,28,27,27,28,31,27,28,31,27,29
1791409886.818163,-0.016781,0.662154,-1.368911,0.024986,0.653979,-1.367600,-0.076296,0.669354,-1.349165,0.071740,0.657970,-1.353967,28,27,28,27,27,28,31,27,28,31,27,29
1791409886.838239,-0.016811,0.662759,-1.368927,0.024956,0.654463,-1.367616,-0.076175,0.669657,-1.349165,0.071679,0.658394,-1.353967,28,27,28,27,27,28,31,27,28,31,27,29
1791409886.858225,-0.016872,0.663304,-1.368879,0.024956,0.654857,-1.367600,-0.076175,0.669990,-1.349133,0.071710,0.658848,-1.353951,28,27,28,27,27,28,31,27,28,31,27,29
1791409886.878106,-0.016842,0.663667,-1.368911,0.024956,0.655250,-1.367616,-0.076145,0.670263,-1.349149,0.071710,0.659120,-1.353951,28,27,28,27,27,28,31,27,28,31,27,29
1791409886.898157,-0.016781,0.663819,-1.368911,0.024986,0.655493,-1.367616,-0.076175,0.670474,-1.349117,0.071710,0.659302,-1.353951,28,27,28,27,27,28,31,27,28,31,27,29
1791409886.918108,-0.016781,0.663879,-1.368895,0.024986,0.655583,-1.367600,-0.076145,0.670565,-1.349133,0.071710,0.659453,-1.353935,28,27,28,27,27,28,31,27,28,31,27,29
1791409886.938109,-0.016721,0.663910,-1.368911,0.025017,0.655583,-1.367600,-0.076205,0.670626,-1.349149,0.071679,0.659484,-1.353951,28,27,28,27,27,28,31,27,28,31,27,29
1791409886.958134,-0.016690,0.663879,-1.368911,0.025047,0.655583,-1.367600,-0.076145,0.670596,-1.349133,0.071679,0.659484,-1.353951,28,27,28,27,27,28,31,27,28,31,27,29
1791409886.978183,-0.016660,0.663789,-1.368895,0.025017,0.655432,-1.367600,-0.076175,0.670596,-1.349133,0.071710,0.659453,-1.353951,28,27,28,27,27,28,31,27,28,31,27,29
1791409886.998235,-0.016721,0.663728,-1.368911,0.024986,0.655341,-1.367568,-0.076205,0.670596,-1.349149,0.071740,0.659363,-1.353967,28,27,28,27,27,28,31,27,28,31,27,29
1791409887.018128,-0.016721,0.663607,-1.368911,0.024986,0.655250,-1.367584,-0.076175,0.670565,-1.349149,0.071710,0.659302,-1.353983,28,27,28,27,27,28,31,27,28,31,27,29
1791409887.038293,-0.016690,0.663486,-1.368895,0.024986,0.655250,-1.367584,-0.076205,0.670505,-1.349149,0.071679,0.659241,-1.353983,28,27,28,27,27,28,31,27,28,31,27,29
1791409887.058403,-0.016721,0.663516,-1.368895,0.024926,0.655190,-1.367584,-0.076205,0.670474,-1.349149,0.071710,0.659151,-1.353983,28,27,28,27,27,28,31,27,28,31,27,29
1791409887.078247,-0.016721,0.663486,-1.368879,0.024956,0.655250,-1.367584,-0.076205,0.670505,-1.349149,0.071619,0.659181,-1.353983,28,27,28,27,27,28,31,27,28,31,27,29
1791409887.098241,-0.016721,0.663516,-1.368879,0.024926,0.655250,-1.367600,-0.076145,0.670505,-1.349149,0.071649,0.659211,-1.353967,28,27,28,27,27,28,31,27,28,31,27,29
1791409887.118371,-0.016721,0.663577,-1.368895,0.024956,0.655250,-1.367584,-0.076175,0.670565,-1.349149,0.071649,0.659241,-1.353951,28,27,28,27,27,28,31,27,28,31,27,29
1791409887.138018,-0.016721,0.663667,-1.368911,0.024986,0.655341,-1.367584,-0.076145,0.670535,-1.349149,0.071679,0.659241,-1.353967,28,27,28,27,27,28,31,27,28,31,27,29
1791409887.158244,-0.016721,0.663758,-1.368911,0.024956,0.655371,-1.367584,-0.076145,0.670626,-1.349165,0.071649,0.659272,-1.353951,28,27,28,27,27,28,31,27,28,31,27,29
1791409887.178148,-0.016690,0.663758,-1.368895,0.025017,0.655402,-1.367600,-0.076084,0.670565,-1.349149,0.071619,0.659332,-1.353951,28,27,28,27,27,28,31,27,28,31,27,29
1791409887.198172,-0.016690,0.663728,-1.368911,0.024986,0.655371,-1.367584,-0.076115,0.670596,-1.349149,0.071679,0.659302,-1.353935,28,27,28,27,27,28,31,27,28,31,27,29
1791409887.218145,-0.016660,0.663728,-1.368895,0.024986,0.655371,-1.367568,-0.076084,0.670596,-1.349181,0.071710,0.659332,-1.353967,28,27,28,27,27,28,31,27,28,31,27,29
1791409887.238395,-0.016690,0.663698,-1.368895,0.024986,0.655341,-1.367584,-0.076115,0.670565,-1.349149,0.071710,0.659302,-1.353983,28,27,28,27,27,28,31,27,28,31,27,29
1791409887.258637,-0.016751,0.663667,-1.368895,0.024956,0.655311,-1.367584,-0.076115,0.670535,-1.349149,0.071679,0.659272,-1.353967,28,27,28,27,27,28,31,27,28,31,27,29
1791409887.278074,-0.016751,0.663577,-1.368895,0.024926,0.655311,-1.367568,-0.076145,0.670565,-1.349149,0.071679,0.659272,-1.353967,28,27,28,27,27,28,31,27,28,31,27,29
1791409887.298190,-0.016751,0.663607,-1.368895,0.024896,0.655281,-1.367584,-0.076145,0.670535,-1.349149,0.071649,0.659272,-1.353951,28,27,28,27,27,28,31,27,28,31,27,29
1791409887.318739,-0.016721,0.663637,-1.368879,0.024956,0.655311,-1.367568,-0.076145,0.670596,-1.349149,0.071589,0.659272,-1.353951,28,27,28,27,27,28,31,27,28,31,27,29
1791409887.338414,-0.016721,0.663607,-1.368895,0.024956,0.655311,-1.367584,-0.076145,0.670565,-1.349165,0.071558,0.659241,-1.353951,28,27,28,27,27,28,31,27,28,31,27,29
1791409887.358278,-0.016690,0.663637,-1.368879,0.024956,0.655341,-1.367600,-0.076115,0.670565,-1.349149,0.071649,0.659272,-1.353967,28,27,28,27,27,28,31,27,28,31,27,29
1791409887.378379,-0.016660,0.663698,-1.368879,0.024956,0.655311,-1.367584,-0.076175,0.670596,-1.349149,0.071589,0.659302,-1.353951,28,27,28,27,27,28,31,27,28,31,27,29
1791409887.398199,-0.016630,0.663728,-1.368895,0.024956,0.655371,-1.367584,-0.076115,0.670596,-1.349165,0.071589,0.659302,-1.353951,28,27,28,27,27,28,31,27,28,31,27,29
1791409887.418234,-0.016630,0.663728,-1.368879,0.024956,0.655341,-1.367600,-0.076084,0.670596,-1.349149,0.071589,0.659302,-1.353951,28,27,28,27,27,28,31,27,28,31,27,29
1791409887.438357,-0.016660,0.663667,-1.368895,0.024986,0.655371,-1.367616,-0.076084,0.670596,-1.349133,0.071619,0.659272,-1.353967,28,27,28,27,27,28,31,27,28,31,27,29
1791409887.458283,-0.016721,0.663667,-1.368879,0.024956,0.655341,-1.367584,-0.076084,0.670596,-1.349149,0.071649,0.659272,-1.353967,28,27,28,27,27,28,31,27,28,31,27,29
1791409887.478255,-0.016690,0.663667,-1.368879,0.024956,0.655341,-1.367568,-0.076115,0.670565,-1.349133,0.071589,0.659272,-1.353951,28,27,28,27,27,28,31,27,28,31,27,29
1791409887.498306,-0.016721,0.663607,-1.368879,0.024926,0.655341,-1.367584,-0.076145,0.670565,-1.349165,0.071589,0.659272,-1.353967,28,27,28,27,27,28,31,27,28,31,27,29
1791409887.518337,-0.016751,0.663577,-1.368879,0.024896,0.655341,-1.367568,-0.076175,0.670596,-1.349149,0.071528,0.659241,-1.353967,28,27,28,27,27,28,31,27,28,31,27,29
1791409887.538406,-0.016721,0.663637,-1.368879,0.024865,0.655311,-1.367600,-0.076115,0.670565,-1.349149,0.071589,0.659241,-1.353967,28,27,28,27,27,28,31,27,28,31,27,29
1791409887.558239,-0.016721,0.663667,-1.368879,0.024926,0.655341,-1.367584,-0.076115,0.670565,-1.349149,0.071589,0.659272,-1.353951,28,27,28,27,27,28,31,27,28,31,27,29
1791409887.578277,-0.016660,0.663698,-1.368879,0.024956,0.655341,-1.367600,-0.076115,0.670565,-1.349133,0.071589,0.659302,-1.353967,28,27,28,27,27,28,31,27,28,31,27,29
1791409887.598218,-0.016630,0.663698,-1.368864,0.024956,0.655371,-1.367584,-0.076084,0.670596,-1.349133,0.071528,0.659302,-1.353951,28,27,28,27,27,28,31,27,28,31,27,29
1791409887.618377,-0.016599,0.663728,-1.368879,0.024956,0.655371,-1.367568,-0.076115,0.670596,-1.349165,0.071558,0.659332,-1.353951,28,27,28,27,27,28,31,27,28,31,27,29
1791409887.638232,-0.016630,0.663698,-1.368879,0.024986,0.655371,-1.367600,-0.076115,0.670596,-1.349149,0.071589,0.659302,-1.353951,28,27,28,27,27,28,31,27,28,31,27,29
1791409887.658131,-0.016599,0.663698,-1.368879,0.024986,0.655371,-1.367584,-0.076084,0.670596,-1.349149,0.071558,0.659302,-1.353951,28,27,28,27,27,28,31,27,28,31,27,29
1791409887.678267,-0.016630,0.663667,-1.368864,0.024956,0.655371,-1.367600,-0.076084,0.670565,-1.349165,0.071558,0.659272,-1.353967,28,27,28,27,27,28,31,27,28,31,27,29
1791409887.698215,-0.016660,0.663667,-1.368864,0.024926,0.655311,-1.367584,-0.076084,0.670596,-1.349133,0.071558,0.659272,-1.353967,28,27,28,27,27,28,31,27,28,31,27,29
1791409887.718203,-0.016721,0.663637,-1.368864,0.024896,0.655311,-1.367584,-0.076145,0.670596,-1.349149,0.071558,0.659272,-1.353967,28,27,28,27,27,28,31,27,28,31,27,29
1791409887.738485,-0.016721,0.663607,-1.368879,0.024865,0.655341,-1.367584,-0.076084,0.670565,-1.349133,0.071528,0.659272,-1.353951,28,27,28,27,27,28,31,27,28,31,27,29
1791409887.758195,-0.016721,0.663637,-1.368848,0.024896,0.655341,-1.367584,-0.076115,0.670535,-1.349149,0.071528,0.659241,-1.353951,28,27,28,27,27,28,31,27,28,31,27,29
1791409887.778558,-0.016690,0.663637,-1.368864,0.024896,0.655341,-1.367584,-0.076084,0.670596,-1.349133,0.071528,0.659302,-1.353951,28,27,28,27,27,28,31,27,28,31,27,29
1791409887.798092,-0.016690,0.663698,-1.368864,0.024896,0.655371,-1.367600,-0.076115,0.670565,-1.349133,0.071528,0.659272,-1.353935,28,27,28,27,27,28,31,27,28,31,27,29
1791409887.818136,-0.016690,0.663667,-1.368864,0.024896,0.655371,-1.367584,-0.076115,0.670596,-1.349133,0.071528,0.659302,-1.353967,28,27,28,27,27,28,31,27,28,31,27,29
1791409887.838396,-0.016630,0.663698,-1.368864,0.024986,0.655402,-1.367568,-0.076115,0.670565,-1.349149,0.071528,0.659302,-1.353935,28,27,28,27,27,28,31,27,28,31,27,29
1791409887.858104,-0.016599,0.663698,-1.368879,0.024956,0.655371,-1.367584,-0.076024,0.670535,-1.349149,0.071528,0.659302,-1.353935,28,27,28,27,27,28,31,27,28,31,27,29
1791409887.878159,-0.016569,0.663698,-1.368879,0.024956,0.655402,-1.367584,-0.076054,0.670626,-1.349133,0.071589,0.659272,-1.353951,28,27,28,27,27,28,31,27,28,31,27,29
1791409887.898194,-0.016599,0.663698,-1.368864,0.024926,0.655402,-1.367584,-0.076084,0.670565,-1.349149,0.071528,0.659272,-1.353951,28,27,28,27,27,28,31,27,28,31,27,29
1791409887.918179,-0.016630,0.663637,-1.368864,0.024956,0.655341,-1.367584,-0.076024,0.670565,-1.349117,0.071558,0.659272,-1.353951,28,27,28,27,27,28,31,27,28,31,27,29
1791409887.938238,-0.016690,0.663637,-1.368864,0.024896,0.655311,-1.367568,-0.076115,0.670565,-1.349149,0.071528,0.659272,-1.353967,28,27,28,27,27,28,31,27,28,31,27,29
1791409887.958295,-0.017175,0.639657,-1.369416,0.026288,0.656673,-1.385340,-0.079324,0.691699,-1.362829,0.082761,0.657183,-1.367205,28,27,28,27,27,28,31,27,28,31,27,29
1791409887.978171,-0.013693,0.635146,-1.361565,0.022534,0.653373,-1.404359,-0.059462,0.704476,-1.389795,0.080793,0.664086,-1.384977,28,27,28,27,27,28,31,27,28,31,27,29
1791409887.998256,-0.015419,0.648075,-1.362497,0.029316,0.650466,-1.395276,-0.059644,0.701842,-1.390095,0.086879,0.668809,-1.381406,28,27,28,27,27,28,31,27,28,31,27,29
1791409888.018374,-0.019900,0.647015,-1.371849,0.030012,0.649255,-1.400805,-0.059946,0.697966,-1.397425,0.084971,0.666841,-1.389747,28,27,28,27,27,28,31,27,28,31,27,29
1791409888.038239,-0.020657,0.655432,-1.374219,0.031163,0.656946,-1.407961,-0.056707,0.705203,-1.396635,0.085456,0.666115,-1.390490,28,27,28,27,27,28,31,27,28,31,27,29
1791409888.058081,-0.020626,0.654251,-1.374235,0.031072,0.655826,-1.422020,-0.054103,0.707050,-1.396761,0.090270,0.663056,-1.393744,28,27,28,27,27,28,31,27,28,31,27,29
1791409888.078279,-0.019839,0.650073,-1.375230,0.032162,0.654342,-1.432557,-0.050318,0.703295,-1.399715,0.094690,0.660392,-1.403569,28,27,28,27,27,28,31,27,28,31,27,29
1791409888.098298,-0.018779,0.648710,-1.381090,0.032374,0.653918,-1.442557,-0.047199,0.699995,-1.401405,0.098536,0.655517,-1.405734,28,27,28,27,27,28,31,27,28,31,27,29
1791409888.118247,-0.019657,0.647378,-1.385624,0.032314,0.652434,-1.449002,-0.046109,0.697694,-1.402179,0.099535,0.650461,-1.406192,28,27,28,27,27,28,31,27,28,31,27,29
1791409888.138169,-0.020293,0.645380,-1.387109,0.031738,0.650557,-1.453093,-0.044474,0.695635,-1.402179,0.101018,0.646131,-1.406524,28,27,28,27,27,28,31,27,28,31,27,29
1791409888.158227,-0.020657,0.644593,-1.387109,0.031435,0.649710,-1.457058,-0.042264,0.695423,-1.402164,0.102865,0.643467,-1.406871,28,27,28,27,27,28,31,27,28,31,27,29
1791409888.178011,-0.021504,0.644441,-1.387093,0.030800,0.649649,-1.460739,-0.040902,0.695635,-1.402148,0.104167,0.641559,-1.407076,28,27,28,27,27,28,31,27,28,31,27,29
1791409888.198238,-0.021959,0.644683,-1.387109,0.030679,0.650103,-1.465083,-0.038964,0.695605,-1.402164,0.106166,0.639955,-1.407219,28,27,28,27,27,28,31,27,28,31,27,29
1791409888.218198,-0.022413,0.645531,-1.387172,0.030648,0.650860,-1.467737,-0.036844,0.696029,-1.402179,0.108134,0.639077,-1.407298,28,27,28,27,27,28,31,27,28,31,27,29
1791409888.238211,-0.022564,0.647136,-1.387235,0.030709,0.652041,-1.469159,-0.034513,0.697906,-1.402211,0.110132,0.639107,-1.407345,28,27,28,27,27,28,31,27,28,31,27,29
1791409888.258678,-0.022534,0.648892,-1.387235,0.030709,0.653555,-1.470138,-0.032999,0.699692,-1.402258,0.111373,0.639743,-1.407424,28,27,28,27,27,28,31,27,28,31,27,29
1791409888.278083,-0.022594,0.650830,-1.387220,0.031042,0.654675,-1.470722,-0.031122,0.701630,-1.402258,0.113069,0.640076,-1.407456,28,27,28,27,27,28,31,27,28,31,27,29
1791409888.298288,-0.022594,0.652979,-1.387220,0.031133,0.656098,-1.471291,-0.030032,0.703538,-1.402290,0.114250,0.640591,-1.407519,28,27,28,27,27,28,31,27,28,31,27,29
1791409888.318015,-0.022594,0.654796,-1.387220,0.031193,0.657854,-1.472302,-0.029063,0.705324,-1.402322,0.114946,0.641559,-1.407550,28,27,28,27,27,28,31,27,28,31,27,29
1791409888.338122,-0.022534,0.656613,-1.387220,0.031284,0.659035,-1.472871,-0.027761,0.707201,-1.402353,0.116127,0.642468,-1.407534,28,27,28,27,27,28,31,27,28,31,27,29
1791409888.358266,-0.022504,0.658036,-1.387204,0.031375,0.660549,-1.473076,-0.027125,0.708321,-1.402337,0.116854,0.643618,-1.407550,28,27,28,27,27,28,31,27,28,31,27,29
1791409888.378124,-0.022564,0.659731,-1.387204,0.031345,0.661669,-1.473819,-0.026641,0.709896,-1.402385,0.117429,0.644315,-1.407582,28,27,28,27,27,28,31,27,28,31,27,29
1791409888.398140,-0.022594,0.660761,-1.387204,0.031314,0.662638,-1.475288,-0.025854,0.711107,-1.402369,0.118125,0.644799,-1.407598,28,27,28,27,27,28,31,27,28,31,27,29
1791409888.418513,-0.022655,0.661548,-1.387204,0.031254,0.663486,-1.476062,-0.025279,0.711803,-1.402353,0.118791,0.645041,-1.407629,28,27,28,27,27,28,31,27,28,31,27,29
1791409888.438279,-0.022806,0.662699,-1.387220,0.031133,0.664455,-1.477089,-0.024370,0.712833,-1.402353,0.119669,0.645344,-1.407629,28,27,28,27,27,28,31,27,28,31,27,29
1791409888.458269,-0.022806,0.663546,-1.387204,0.031133,0.665030,-1.477531,-0.023522,0.714014,-1.402369,0.120608,0.645526,-1.407629,28,27,28,27,27,28,31,27,28,31,27,29
1791409888.478251,-0.022867,0.664152,-1.387204,0.031072,0.665696,-1.478273,-0.022977,0.714649,-1.402385,0.121123,0.646071,-1.407645,28,27,28,27,27,28,31,27,28,31,27,29
1791409888.498138,-0.022988,0.664879,-1.387220,0.030951,0.665999,-1.478858,-0.022402,0.715406,-1.402385,0.121637,0.646162,-1.407645,28,27,28,27,27,28,31,27,28,31,27,29
1791409888.518207,-0.023079,0.665514,-1.387220,0.030951,0.666302,-1.479079,-0.021887,0.715982,-1.402369,0.122001,0.646343,-1.407629,28,27,28,27,27,28,31,27,28,31,27,29
1791409888.538298,-0.023170,0.666120,-1.387204,0.030951,0.666756,-1.479253,-0.021524,0.716739,-1.402385,0.122213,0.646555,-1.407629,28,27,28,27,27,28,31,27,28,31,27,29
1791409888.558294,-0.023139,0.666665,-1.387204,0.030951,0.667240,-1.479316,-0.021433,0.717283,-1.402369,0.122334,0.647161,-1.407629,28,27,28,27,27,28,31,27,28,31,27,29
1791409888.578047,-0.023200,0.667240,-1.387220,0.030921,0.667604,-1.479316,-0.021191,0.718101,-1.402385,0.122515,0.647373,-1.407629,28,27,28,27,27,28,31,27,28,31,27,29
1791409888.598203,-0.023200,0.667815,-1.387204,0.030951,0.668149,-1.479332,-0.020949,0.718737,-1.402369,0.122758,0.647645,-1.407629,28,27,28,27,27,28,31,27,28,31,27,29
1791409888.618338,-0.023200,0.668239,-1.387188,0.030951,0.668754,-1.479348,-0.020707,0.719130,-1.402401,0.122879,0.648069,-1.407645,28,27,28,27,27,28,31,27,28,31,27,29
1791409888.638090,-0.023261,0.668754,-1.387204,0.030860,0.669057,-1.479348,-0.020464,0.719706,-1.402385,0.123000,0.648281,-1.407661,28,27,28,27,27,28,31,27,28,31,27,29
1791409888.658115,-0.023321,0.669117,-1.387235,0.030830,0.669511,-1.479395,-0.020343,0.720130,-1.402401,0.123091,0.648675,-1.407645,28,27,28,27,27,28,31,27,28,31,27,29
1791409888.678587,-0.023382,0.669753,-1.387220,0.030648,0.669784,-1.479490,-0.020222,0.720735,-1.402401,0.123212,0.648947,-1.407645,28,27,28,27,27,28,31,27,28,31,27,29
1791409888.698202,-0.023472,0.670177,-1.387204,0.030588,0.670268,-1.479616,-0.020162,0.721371,-1.402401,0.123303,0.649310,-1.407645,28,27,28,27,27,28,31,27,28,31,27,29
1791409888.718102,-0.023503,0.670540,-1.387220,0.030588,0.670692,-1.479632,-0.020162,0.721674,-1.402385,0.123333,0.649825,-1.407661,28,27,28,27,27,28,31,27,28,31,27,29
1791409888.738224,-0.023533,0.671146,-1.387220,0.030497,0.670874,-1.479695,-0.020101,0.722279,-1.402385,0.123545,0.650128,-1.407645,28,27,28,27,27,28,31,27,28,31,27,29
1791409888.758158,-0.023533,0.671449,-1.387204,0.030436,0.671328,-1.479743,-0.019889,0.722733,-1.402401,0.123666,0.650522,-1.407677,28,27,28,27,27,28,31,27,28,31,27,29
1791409888.778252,-0.023533,0.671842,-1.387220,0.030467,0.671661,-1.479821,-0.019707,0.723097,-1.402416,0.123787,0.650824,-1.407693,28,27,28,27,27,28,31,27,28,31,27,29
1791409888.798272,-0.023563,0.672115,-1.387220,0.030497,0.672054,-1.479869,-0.019677,0.723339,-1.402385,0.123848,0.651248,-1.407708,28,27,28,27,27,28,31,27,28,31,27,29
1791409888.818460,-0.023594,0.672508,-1.387220,0.030497,0.672266,-1.479916,-0.019526,0.723823,-1.402385,0.124029,0.651400,-1.407677,28,27,28,27,27,28,31,27,28,31,27,29
1791409888.838052,-0.023594,0.672751,-1.387220,0.030467,0.672630,-1.479948,-0.019435,0.724035,-1.402385,0.124120,0.651672,-1.407693,28,27,28,27,27,28,31,27,28,31,27,29
1791409888.858395,-0.023563,0.672872,-1.387220,0.030467,0.672872,-1.480027,-0.019405,0.724187,-1.402401,0.124181,0.651854,-1.407693,28,27,28,27,27,28,31,27,28,31,27,29
1791409888.878437,-0.023563,0.673054,-1.387235,0.030467,0.673114,-1.480074,-0.019344,0.724338,-1.402401,0.124181,0.652035,-1.407677,28,27,28,27,27,28,31,27,28,31,27,29
1791409888.898057,-0.023654,0.673387,-1.387220,0.030436,0.673265,-1.480232,-0.019374,0.724732,-1.402385,0.124241,0.652126,-1.407677,28,27,28,27,27,28,31,27,28,31,27,29
1791409888.918196,-0.023715,0.673508,-1.387220,0.030376,0.673477,-1.480390,-0.019284,0.724944,-1.402401,0.124332,0.652217,-1.407693,28,27,28,27,27,28,31,27,28,31,27,29
1791409888.938668,-0.023745,0.673659,-1.387220,0.030285,0.673689,-1.480501,-0.019314,0.725156,-1.402401,0.124332,0.652338,-1.407693,28,27,28,27,27,28,31,27,28,31,27,29
1791409888.958019,-0.023836,0.673810,-1.387220,0.030255,0.673810,-1.480580,-0.019223,0.725337,-1.402401,0.124332,0.652490,-1.407693,28,27,28,27,27,28,31,27,28,31,27,29
1791409888.978278,-0.023836,0.674083,-1.387220,0.030224,0.673871,-1.480596,-0.019162,0.725701,-1.402385,0.124423,0.652550,-1.407708,28,27,28,27,27,28,31,27,28,31,27,29
1791409888.998282,-0.023836,0.674204,-1.387220,0.030103,0.673901,-1.480596,-0.019193,0.725792,-1.402401,0.124483,0.652671,-1.407740,28,27,28,27,27,28,31,27,28,31,27,29
1791409889.018142,-0.023836,0.674325,-1.387235,0.030073,0.674022,-1.480596,-0.019132,0.725852,-1.402416,0.124514,0.652762,-1.407724,28,27,28,27,27,28,31,27,28,31,27,29
1791409889.038604,-0.023836,0.674477,-1.387235,0.030043,0.674022,-1.480596,-0.019132,0.726064,-1.402401,0.124514,0.652792,-1.407724,28,27,28,27,27,28,31,27,28,31,27,29
1791409889.060059,-0.023866,0.674537,-1.387220,0.030043,0.674113,-1.480611,-0.019072,0.726185,-1.402416,0.124544,0.652913,-1.407708,28,27,28,27,27,28,31,27,28,31,27,29
1791409889.080153,-0.023927,0.674749,-1.387220,0.029922,0.674113,-1.480627,-0.019011,0.726367,-1.402416,0.124544,0.653004,-1.407708,28,27,28,27,27,28,31,27,28,31,27,29
1791409889.100057,-0.023987,0.674900,-1.387204,0.029740,0.674265,-1.480627,-0.019041,0.726548,-1.402401,0.124574,0.653035,-1.407708,28,27,28,27,27,28,31,27,28,31,27,29
1791409889.120209,-0.024078,0.674991,-1.387220,0.029589,0.674295,-1.480659,-0.019011,0.726609,-1.402416,0.124605,0.653095,-1.407708,28,27,28,27,27,28,31,27,28,31,27,29
1791409889.140262,-0.024199,0.675022,-1.387220,0.029467,0.674386,-1.480643,-0.019011,0.726851,-1.402401,0.124574,0.653216,-1.407693,28,27,28,27,27,28,31,27,28,31,27,29
1791409889.160249,-0.024229,0.675294,-1.387220,0.029346,0.674537,-1.480675,-0.019011,0.726942,-1.402401,0.124574,0.653337,-1.407708,28,27,28,27,27,28,31,27,28,31,27,29
1791409889.180473,-0.024381,0.675627,-1.387220,0.029195,0.674658,-1.480675,-0.019011,0.727124,-1.402401,0.124574,0.653428,-1.407740,28,27,28,27,27,28,31,27,28,31,27,29
1791409889.200197,-0.024441,0.675688,-1.387235,0.029165,0.674961,-1.480706,-0.019011,0.727517,-1.402401,0.124574,0.653640,-1.407708,28,27,28,27,27,28,31,27,28,31,27,29
1791409889.220104,-0.024441,0.675900,-1.387220,0.029165,0.675233,-1.480722,-0.019011,0.727578,-1.402385,0.124514,0.654004,-1.407724,28,27,28,27,27,28,31,27,28,31,27,29
1791409889.240438,-0.024441,0.676081,-1.387220,0.029074,0.675385,-1.480722,-0.019011,0.727850,-1.402401,0.124574,0.654185,-1.407708,28,27,28,27,27,28,31,27,28,31,27,29
1791409889.260237,-0.024441,0.676445,-1.387204,0.029074,0.675597,-1.480738,-0.018981,0.728032,-1.402416,0.124605,0.654427,-1.407708,28,27,28,27,27,28,31,27,28,31,27,29
1791409889.280737,-0.024411,0.676626,-1.387204,0.028983,0.675930,-1.480722,-0.019041,0.728183,-1.402416,0.124635,0.654700,-1.407724,28,27,28,27,27,28,31,27,28,31,27,29
1791409889.300156,-0.024411,0.676717,-1.387220,0.028983,0.676172,-1.480738,-0.019041,0.728305,-1.402416,0.124605,0.654882,-1.407724,28,27,28,27,27,28,31,27,28,31,27,29
1791409889.320330,-0.024441,0.676838,-1.387220,0.028953,0.676354,-1.480722,-0.019011,0.728456,-1.402416,0.124605,0.655033,-1.407740,28,27,28,27,27,28,31,27,28,31,27,29
1791409889.340229,-0.024411,0.677141,-1.387220,0.028922,0.676657,-1.480722,-0.019041,0.728638,-1.402416,0.124605,0.655215,-1.407740,28,27,28,27,27,28,31,27,28,31,27,29
1791409889.360069,-0.024532,0.677292,-1.387220,0.028832,0.676778,-1.480754,-0.018981,0.728971,-1.402416,0.124605,0.655305,-1.407756,28,27,28,27,27,28,31,27,28,31,27,29
1791409889.380314,-0.024593,0.677504,-1.387204,0.028832,0.676959,-1.480754,-0.019041,0.729122,-1.402416,0.124574,0.655457,-1.407740,28,27,28,27,27,28,31,27,28,31,27,29
1791409889.400624,-0.024623,0.677716,-1.387220,0.028741,0.677050,-1.480785,-0.019011,0.729394,-1.402416,0.124605,0.655578,-1.407756,28,27,28,27,27,28,31,27,28,31,27,29
1791409889.420113,-0.024653,0.677837,-1.387220,0.028741,0.677202,-1.480769,-0.019041,0.729576,-1.402416,0.124635,0.655699,-1.407740,28,27,28,27,27,28,31,27,28,31,27,29
1791409889.440231,-0.024653,0.678110,-1.387220,0.028741,0.677292,-1.480785,-0.019041,0.729667,-1.402401,0.124605,0.655820,-1.407740,28,27,28,27,27,28,31,27,28,31,27,29
1791409889.460387,-0.024653,0.678231,-1.387204,0.028710,0.677413,-1.480769,-0.018981,0.729788,-1.402416,0.124665,0.655881,-1.407787,28,27,28,27,27,28,31,27,28,31,27,29
1791409889.480157,-0.024684,0.678352,-1.387235,0.028710,0.677504,-1.480785,-0.019041,0.729879,-1.402416,0.124635,0.655972,-1.407740,28,27,28,27,27,28,31,27,28,31,27,29
1791409889.500222,-0.024653,0.678473,-1.387220,0.028741,0.677535,-1.480769,-0.019041,0.730030,-1.402416,0.124635,0.656032,-1.407756,28,27,28,27,27,28,31,27,28,31,27,29
1791409889.520351,-0.024653,0.678564,-1.387235,0.028771,0.677686,-1.480769,-0.019041,0.730091,-1.402416,0.124574,0.656183,-1.407756,28,27,28,27,27,28,31,27,28,31,27,29
1791409889.540468,-0.024684,0.678594,-1.387220,0.028680,0.677716,-1.480769,-0.019011,0.730212,-1.402416,0.124635,0.656244,-1.407740,28,27,28,27,27,28,31,27,28,31,27,29
1791409889.560241,-0.024744,0.678776,-1.387220,0.028710,0.677807,-1.480785,-0.019041,0.730363,-1.402401,0.124635,0.656274,-1.407756,28,27,28,27,27,28,31,27,28,31,27,29
1791409889.580495,-0.024835,0.678897,-1.387220,0.028650,0.677928,-1.480785,-0.019041,0.730545,-1.402401,0.124605,0.656335,-1.407740,28,27,28,27,27,28,31,27,28,31,27,29
1791409889.600478,-0.024896,0.679048,-1.387204,0.028589,0.677989,-1.480785,-0.019011,0.730696,-1.402416,0.124605,0.656426,-1.407724,28,27,28,27,27,28,31,27,28,31,27,29
1791409889.620352,-0.024926,0.679200,-1.387220,0.028559,0.678140,-1.480817,-0.019011,0.730818,-1.402416,0.124605,0.656547,-1.407756,28,27,28,27,27,28,31,27,28,31,27,29
1791409889.640254,-0.025047,0.679442,-1.387235,0.028559,0.678261,-1.480817,-0.018981,0.731060,-1.402416,0.124574,0.656638,-1.407724,28,27,28,27,27,28,31,27,28,31,27,29
1791409889.660407,-0.025107,0.679654,-1.387220,0.028529,0.678503,-1.480833,-0.018981,0.731302,-1.402416,0.124574,0.656880,-1.407756,28,27,28,27,27,28,31,27,28,31,27,29
1791409889.680391,-0.025138,0.679896,-1.387204,0.028468,0.678625,-1.480848,-0.019011,0.731363,-1.402416,0.124635,0.656971,-1.407756,28,27,28,27,27,28,31,27,28,31,27,29
1791409889.700449,-0.025107,0.679957,-1.387204,0.028438,0.678867,-1.480833,-0.018981,0.731484,-1.402432,0.124605,0.657213,-1.407740,28,27,28,27,27,28,31,27,28,31,27,29
1791409889.720533,-0.025138,0.680108,-1.387220,0.028438,0.679018,-1.480833,-0.018981,0.731514,-1.402416,0.124605,0.657395,-1.407724,28,27,28,27,27,28,31,27,28,31,27,29
1791409889.740201,-0.025138,0.680199,-1.387220,0.028438,0.679170,-1.480833,-0.018981,0.731605,-1.402448,0.124635,0.657516,-1.407740,28,27,28,27,27,28,31,27,28,31,27,29
1791409889.760193,-0.025168,0.680290,-1.387220,0.028408,0.679230,-1.480833,-0.018981,0.731696,-1.402416,0.124665,0.657576,-1.407740,28,27,28,27,27,28,31,27,28,31,27,29
1791409889.780172,-0.025138,0.680320,-1.387204,0.028347,0.679291,-1.480848,-0.019011,0.731726,-1.402416,0.124635,0.657576,-1.407756,28,27,28,27,27,28,31,27,28,31,27,29
1791409889.800357,-0.025259,0.680320,-1.387204,0.028317,0.679351,-1.480848,-0.019011,0.731726,-1.402448,0.124605,0.657667,-1.407771,28,27,28,27,27,28,31,27,28,31,27,29
1791409889.820509,-0.025229,0.680320,-1.387220,0.028317,0.679381,-1.480864,-0.019041,0.731786,-1.402432,0.124605,0.657606,-1.407756,28,27,28,27,27,28,31,27,28,31,27,29
1791409889.840262,-0.025410,0.680441,-1.387220,0.028196,0.679321,-1.480864,-0.018981,0.731938,-1.402432,0.124635,0.657637,-1.407740,28,27,28,27,27,28,31,27,28,31,27,29
1791409889.860281,-0.025471,0.680472,-1.387204,0.028105,0.679412,-1.480880,-0.019041,0.731908,-1.402416,0.124635,0.657697,-1.407771,28,27,28,27,27,28,31,27,28,31,27,29
1791409889.880578,-0.025501,0.680441,-1.387204,0.028135,0.679412,-1.480880,-0.019011,0.731908,-1.402416,0.124574,0.657637,-1.407756,28,27,28,27,27,28,31,27,28,31,27,29
1791409889.900244,-0.025471,0.680502,-1.387204,0.028105,0.679442,-1.480864,-0.019011,0.731908,-1.402432,0.124605,0.657697,-1.407756,28,27,28,27,27,28,31,27,28,31,27,29
1791409889.920369,-0.025471,0.680502,-1.387235,0.028105,0.679503,-1.480880,-0.019011,0.731938,-1.402432,0.124635,0.657728,-1.407756,28,27,28,27,27,28,31,27,28,31,27,29
1791409889.940144,-0.025501,0.680532,-1.387204,0.028105,0.679503,-1.480848,-0.018981,0.731968,-1.402416,0.124605,0.657788,-1.407756,28,27,28,27,27,28,31,27,28,31,27,29
1791409889.960168,-0.028741,0.685437,-1.386935,0.017266,0.678988,-1.480659,-0.012320,0.735087,-1.402274,0.130055,0.652217,-1.407708,28,27,28,27,27,28,31,27,28,31,27,29
1791409889.980413,-0.032495,0.686921,-1.387646,0.015388,0.680017,-1.480548,-0.008232,0.737721,-1.402322,0.133294,0.645102,-1.407708,28,27,28,27,27,28,31,27,28,31,27,29
1791409890.000178,-0.034705,0.687678,-1.388973,0.010302,0.678988,-1.480501,-0.005356,0.741354,-1.403459,0.134293,0.645768,-1.407740,28,27,28,27,27,28,31,27,28,31,27,29
1791409890.020148,-0.033948,0.689101,-1.392622,0.004428,0.675960,-1.480659,-0.000814,0.744109,-1.405465,0.136716,0.645919,-1.407835,28,27,28,27,27,28,31,27,28,31,27,29
1791409890.040042,-0.036492,0.692704,-1.395497,-0.000568,0.674386,-1.481749,0.005241,0.748227,-1.407645,0.140349,0.642256,-1.407771,28,27,28,27,27,28,31,27,28,31,27,29
1791409890.060209,-0.039943,0.696246,-1.397709,-0.006956,0.674083,-1.485603,0.009541,0.753586,-1.411184,0.142953,0.638774,-1.407661,28,27,28,27,27,28,31,27,28,31,27,29
1791409890.080229,-0.043698,0.699244,-1.398909,-0.012497,0.673841,-1.489063,0.013356,0.758491,-1.414406,0.145496,0.634777,-1.407203,28,27,28,27,27,28,31,27,28,31,27,29
1791409890.100197,-0.046574,0.701908,-1.401389,-0.016706,0.673477,-1.492491,0.017140,0.761186,-1.415433,0.147767,0.631538,-1.406618,28,27,28,27,27,28,31,27,28,31,27,29
1791409890.120169,-0.047785,0.705178,-1.408561,-0.020218,0.673023,-1.495966,0.021409,0.763487,-1.416523,0.149705,0.628328,-1.406492,28,27,28,27,27,28,31,27,28,31,27,29
1791409890.140144,-0.044909,0.711355,-1.419287,-0.024124,0.672297,-1.498114,0.025043,0.765364,-1.416997,0.150643,0.625694,-1.406176,28,27,28,27,27,28,31,27,28,31,27,29
1791409890.160329,-0.036704,0.720498,-1.437280,-0.029150,0.671600,-1.499599,0.026981,0.767968,-1.418277,0.150522,0.622424,-1.404580,28,27,28,27,27,28,31,27,28,31,27,29
1791409890.180547,-0.026379,0.729279,-1.455636,-0.034115,0.670207,-1.499757,0.028737,0.770633,-1.419114,0.150159,0.619184,-1.402969,28,27,28,27,27,28,31,27,28,31,27,29
1791409890.200360,-0.013451,0.734396,-1.471386,-0.037991,0.668784,-1.499868,0.031855,0.772722,-1.419288,0.149160,0.616823,-1.402953,28,27,28,27,27,28,31,27,28,31,27,29
1791409890.220228,0.000750,0.735062,-1.482144,-0.042199,0.666968,-1.499868,0.034217,0.775447,-1.419446,0.147222,0.614279,-1.403001,28,27,28,27,27,28,31,27,28,31,27,29
1791409890.240505,0.008501,0.734699,-1.488557,-0.046862,0.665091,-1.499868,0.037063,0.777960,-1.419698,0.145102,0.611887,-1.403017,28,27,28,27,27,28,31,27,28,31,27,29
1791409890.260191,0.013799,0.734244,-1.493802,-0.052009,0.663607,-1.499884,0.039182,0.780200,-1.420172,0.142922,0.610010,-1.403032,28,27,28,27,27,28,31,27,28,31,27,29
1791409890.280370,0.019158,0.732761,-1.497056,-0.058459,0.662184,-1.499868,0.040757,0.783258,-1.421341,0.139743,0.608103,-1.403064,28,27,28,27,27,28,31,27,28,31,27,29
1791409890.300536,0.021490,0.731277,-1.498114,-0.064393,0.661064,-1.499852,0.042240,0.786649,-1.423237,0.136746,0.606044,-1.403080,28,27,28,27,27,28,31,27,28,31,27,29
1791409890.320326,0.022035,0.731277,-1.498162,-0.069116,0.660276,-1.499868,0.044965,0.789889,-1.424674,0.136352,0.604469,-1.403064,28,27,28,27,27,28,31,27,28,31,27,29
1791409890.340446,0.022852,0.731398,-1.498241,-0.073779,0.659641,-1.499852,0.047993,0.793886,-1.426191,0.136322,0.603682,-1.402922,28,27,28,27,27,28,31,27,28,31,27,29
1791409890.360283,0.025789,0.731247,-1.498557,-0.078896,0.659247,-1.499852,0.050869,0.798609,-1.427992,0.136322,0.602925,-1.402717,28,27,28,27,27,28,31,27,28,31,27,29
1791409890.380424,0.029877,0.731550,-1.499789,-0.083528,0.658944,-1.499852,0.053443,0.802969,-1.429161,0.136504,0.601956,-1.402322,28,27,28,27,27,28,31,27,28,31,27,29
1791409890.400135,0.034388,0.731731,-1.500705,-0.087979,0.658581,-1.499852,0.056138,0.807087,-1.430361,0.136806,0.600291,-1.400679,28,27,28,27,27,28,31,27,28,31,27,29
1791409890.420221,0.038718,0.731883,-1.502537,-0.092702,0.658399,-1.499852,0.058439,0.811053,-1.431562,0.137079,0.599262,-1.400363,28,27,28,27,27,28,31,27,28,31,27,29
1791409890.440661,0.042381,0.731792,-1.503738,-0.096881,0.658399,-1.499884,0.060710,0.814807,-1.432557,0.137230,0.598475,-1.400347,28,27,28,27,27,28,31,27,28,31,27,29
1791409890.460484,0.044349,0.731762,-1.503691,-0.101876,0.658520,-1.499868,0.062829,0.818683,-1.433552,0.137230,0.597748,-1.400284,28,27,28,27,27,28,31,27,28,31,27,29
1791409890.480316,0.045258,0.731883,-1.503643,-0.106691,0.658641,-1.499868,0.064979,0.822740,-1.434690,0.137200,0.596930,-1.400157,28,27,28,27,27,28,31,27,28,31,27,29
1791409890.500384,0.046166,0.731853,-1.503628,-0.111959,0.658914,-1.499868,0.067007,0.826676,-1.435290,0.137139,0.596385,-1.399968,28,27,28,27,27,28,31,27,28,31,27,29
1791409890.520242,0.047468,0.731701,-1.503628,-0.116955,0.659217,-1.499852,0.068733,0.830128,-1.435985,0.137049,0.595780,-1.399573,28,27,28,27,27,28,31,27,28,31,27,29
1791409890.540289,0.048921,0.731641,-1.503596,-0.122132,0.659489,-1.499884,0.070913,0.833731,-1.437501,0.136928,0.594993,-1.399131,28,27,28,27,27,28,31,27,28,31,27,29
1791409890.560280,0.050677,0.731610,-1.503564,-0.127219,0.659974,-1.499868,0.073305,0.837546,-1.438718,0.137018,0.594296,-1.398941,28,27,28,27,27,28,31,27,28,31,27,29
1791409890.580217,0.051374,0.731701,-1.503485,-0.132790,0.660488,-1.499852,0.075334,0.841876,-1.439492,0.137109,0.593448,-1.398830,28,27,28,27,27,28,31,27,28,31,27,29
1791409890.600187,0.051737,0.731671,-1.503438,-0.138331,0.660852,-1.499868,0.076969,0.845690,-1.439918,0.137018,0.592570,-1.398578,28,27,28,27,27,28,31,27,28,31,27,29
1791409890.620298,0.052797,0.731641,-1.503375,-0.143599,0.661033,-1.499868,0.079179,0.849475,-1.440756,0.136594,0.591904,-1.398515,28,27,28,27,27,28,31,27,28,31,27,29
1791409890.640439,0.054250,0.731610,-1.503312,-0.148474,0.661276,-1.499868,0.081298,0.853684,-1.441072,0.136685,0.591117,-1.398198,28,27,28,27,27,28,31,27,28,31,27,29
1791409890.660307,0.055189,0.731550,-1.503296,-0.152985,0.661578,-1.499884,0.083478,0.857711,-1.441514,0.136685,0.590057,-1.397424,28,27,28,27,27,28,31,27,28,31,27,29
1791409890.680345,0.055855,0.731459,-1.503217,-0.158223,0.661760,-1.499884,0.084901,0.861828,-1.441988,0.136716,0.588513,-1.396382,28,27,28,27,27,28,31,27,28,31,27,29
1791409890.700268,0.056490,0.731550,-1.503011,-0.164612,0.661972,-1.499852,0.086597,0.865583,-1.442825,0.136534,0.586848,-1.395608,28,27,28,27,27,28,31,27,28,31,27,29
1791409890.720191,0.056672,0.731792,-1.502301,-0.170546,0.662184,-1.499868,0.087808,0.869579,-1.443204,0.136443,0.584880,-1.394060,28,27,28,27,27,28,31,27,28,31,27,29
1791409890.740375,0.056733,0.731792,-1.500689,-0.175935,0.662275,-1.499868,0.089140,0.873182,-1.443315,0.136352,0.583487,-1.393238,28,27,28,27,27,28,31,27,28,31,27,29
1791409890.760479,0.057096,0.731762,-1.499694,-0.181506,0.662487,-1.499884,0.090896,0.876664,-1.443488,0.136261,0.582004,-1.392180,28,27,28,27,27,28,31,27,28,31,27,29
1791409890.780222,0.057247,0.731853,-1.499520,-0.186866,0.662789,-1.499884,0.092229,0.880389,-1.443662,0.136231,0.580550,-1.390837,28,27,28,27,27,28,31,27,28,31,27,29
1791409890.800189,0.057338,0.732216,-1.499489,-0.193042,0.663122,-1.499884,0.093258,0.884052,-1.443805,0.135928,0.578946,-1.389637,28,27,28,27,27,28,31,27,28,31,27,29
1791409890.820276,0.057429,0.733064,-1.499236,-0.199400,0.663667,-1.499899,0.094106,0.887443,-1.444215,0.135171,0.577371,-1.387915,28,27,28,27,27,28,31,27,28,31,27,29
1791409890.840240,0.057580,0.734184,-1.498304,-0.205395,0.664303,-1.499899,0.095256,0.891773,-1.445210,0.134566,0.576402,-1.387488,28,27,28,27,27,28,31,27,28,31,27,29
1791409890.860347,0.057490,0.735244,-1.494876,-0.210452,0.665060,-1.499899,0.096619,0.896345,-1.446743,0.134384,0.575797,-1.387204,28,27,28,27,27,28,31,27,28,31,27,29
1791409890.880293,0.057278,0.735334,-1.490974,-0.215750,0.665878,-1.499915,0.098314,0.901492,-1.448733,0.134233,0.575403,-1.387030,28,27,28,27,27,28,31,27,28,31,27,29
1791409890.900295,0.057035,0.735940,-1.488052,-0.222290,0.666998,-1.499915,0.099859,0.906700,-1.450502,0.134142,0.574828,-1.386856,28,27,28,27,27,28,31,27,28,31,27,29
1791409890.920189,0.056369,0.736969,-1.485635,-0.227770,0.668270,-1.499931,0.101282,0.912452,-1.452366,0.133779,0.574162,-1.386683,28,27,28,27,27,28,31,27,28,31,27,29
1791409890.940250,0.054341,0.738786,-1.482444,-0.232494,0.669451,-1.499978,0.103583,0.917600,-1.453946,0.133930,0.573526,-1.386572,28,27,28,27,27,28,31,27,28,31,27,29
1791409890.960382,0.050284,0.741087,-1.478479,-0.236823,0.670419,-1.500010,0.106732,0.922626,-1.454910,0.134778,0.572799,-1.386556,28,27,28,27,27,28,31,27,28,31,27,29
1791409890.980539,0.045984,0.743055,-1.473282,-0.242152,0.671721,-1.500042,0.108881,0.927198,-1.455810,0.135414,0.572254,-1.386430,28,27,28,27,27,28,31,27,28,31,27,29
1791409891.000268,0.041110,0.745326,-1.468716,-0.248056,0.673235,-1.500057,0.111394,0.931860,-1.456205,0.136050,0.571739,-1.386019,28,27,28,27,27,28,31,27,28,31,27,29
1791409891.020290,0.036507,0.747748,-1.465320,-0.253900,0.674567,-1.500105,0.113605,0.935827,-1.456853,0.136504,0.571013,-1.385055,28,27,28,27,27,28,31,27,28,31,27,29
1791409891.040170,0.032692,0.750503,-1.461908,-0.258805,0.676112,-1.500136,0.115270,0.940459,-1.457611,0.136564,0.569923,-1.384092,28,27,28,27,27,28,31,27,28,31,27,29
1791409891.060471,0.028242,0.752350,-1.457879,-0.263680,0.677686,-1.500263,0.116753,0.944910,-1.458085,0.136594,0.569529,-1.383760,28,27,28,27,27,28,31,27,28,31,27,29
1791409891.080391,0.022337,0.754107,-1.451071,-0.269039,0.679866,-1.500515,0.119206,0.950057,-1.459428,0.136837,0.569136,-1.383081,28,27,28,27,27,28,31,27,28,31,27,29
1791409891.100367,0.016766,0.756075,-1.445368,-0.275548,0.681955,-1.500721,0.120992,0.955840,-1.460328,0.137109,0.568954,-1.381959,28,27,28,27,27,28,31,27,28,31,27,29
1791409891.120266,0.012255,0.758921,-1.441925,-0.281483,0.683984,-1.500816,0.122506,0.961381,-1.462161,0.136837,0.568500,-1.380553,28,27,28,27,27,28,31,27,28,31,27,29
1791409891.140317,0.007229,0.761979,-1.437896,-0.287175,0.685921,-1.501116,0.123899,0.966498,-1.463503,0.136685,0.567470,-1.379558,28,27,28,27,27,28,31,27,28,31,27,29
1791409891.160368,0.002930,0.764794,-1.433758,-0.293352,0.688525,-1.501874,0.125413,0.971766,-1.465020,0.136564,0.566199,-1.377836,28,27,28,27,27,28,31,27,28,31,27,29
1791409891.180221,-0.002793,0.768307,-1.429034,-0.299316,0.691038,-1.504623,0.127472,0.977579,-1.466552,0.136625,0.565048,-1.376667,28,27,28,27,27,28,31,27,28,31,27,29
1791409891.200251,-0.011301,0.772303,-1.421088,-0.306492,0.694187,-1.508841,0.129409,0.982303,-1.467879,0.136594,0.563625,-1.376083,28,27,28,27,27,28,31,27,28,31,27,29
1791409891.220605,-0.019688,0.775573,-1.416160,-0.312063,0.697699,-1.513264,0.131892,0.986784,-1.468701,0.137018,0.561930,-1.375482,28,27,28,27,27,28,31,27,28,31,27,29
1791409891.240251,-0.027166,0.778661,-1.412716,-0.317271,0.702120,-1.518951,0.133800,0.991780,-1.471575,0.137109,0.559386,-1.373002,28,27,28,27,27,28,31,27,28,31,27,29
1791409891.260247,-0.034039,0.779903,-1.405181,-0.321510,0.708115,-1.531178,0.136252,0.997018,-1.475130,0.137775,0.555117,-1.369274,28,27,28,27,27,28,31,27,28,31,27,29
1791409891.280199,-0.038369,0.781901,-1.395576,-0.320965,0.722164,-1.555505,0.140309,1.001559,-1.479126,0.140682,0.548577,-1.363287,28,27,28,27,27,28,31,27,28,31,27,29
1791409891.300171,-0.039580,0.784172,-1.391516,-0.305856,0.740482,-1.591632,0.144276,1.002316,-1.485745,0.144830,0.540735,-1.357695,28,27,28,27,27,28,31,27,28,31,27,29
1791409891.320261,-0.037582,0.784081,-1.391532,-0.255232,0.767550,-1.637775,0.143973,1.001923,-1.501795,0.145617,0.529593,-1.350697,28,27,28,27,27,28,31,27,28,31,27,29
1791409891.340256,-0.040155,0.783688,-1.393902,-0.179538,0.793800,-1.670175,0.145487,0.991992,-1.525996,0.146556,0.519965,-1.346037,28,27,28,27,27,28,31,27,28,31,27,29
1791409891.360159,-0.045030,0.786291,-1.396966,-0.087010,0.808424,-1.675341,0.141066,0.964742,-1.559549,0.147101,0.516422,-1.345516,28,27,28,27,27,28,31,27,28,31,27,29
1791409891.380342,-0.056596,0.791802,-1.397203,-0.011710,0.815207,-1.665073,0.131226,0.928076,-1.583118,0.145799,0.513819,-1.345658,28,27,28,27,27,28,31,27,28,31,27,29
1791409891.400286,-0.073340,0.799916,-1.397456,0.041215,0.818961,-1.639387,0.123172,0.891591,-1.577352,0.139108,0.511366,-1.345911,28,27,28,27,27,28,31,27,28,31,27,29
1791409891.420251,-0.093656,0.805851,-1.398593,0.075731,0.818386,-1.600652,0.123172,0.882871,-1.564604,0.131568,0.507551,-1.346843,28,27,28,27,27,28,31,27,28,31,27,29
1791409891.440304,-0.105706,0.808091,-1.401405,0.088690,0.808273,-1.536754,0.129561,0.878965,-1.563261,0.131266,0.496197,-1.347237,28,27,28,27,27,28,31,27,28,31,27,29
1791409891.460246,-0.111641,0.810847,-1.405813,0.081817,0.786080,-1.475588,0.140249,0.876331,-1.559043,0.135111,0.486448,-1.347332,28,27,28,27,27,28,31,27,28,31,27,29
1791409891.480369,-0.123994,0.812633,-1.408293,0.071553,0.784233,-1.482365,0.141006,0.879480,-1.558127,0.132810,0.481694,-1.347506,28,27,28,27,27,28,31,27,28,31,27,29
1791409891.500147,-0.131654,0.814540,-1.406603,0.060926,0.784081,-1.487436,0.146668,0.884385,-1.556927,0.132537,0.477728,-1.348691,28,27,28,27,27,28,31,27,28,31,27,29
1791409891.520244,-0.138376,0.814540,-1.400315,0.052145,0.784596,-1.489900,0.152330,0.884294,-1.550892,0.132477,0.472066,-1.350381,28,27,28,27,27,28,31,27,28,31,27,29
1791409891.540364,-0.143129,0.814268,-1.394944,0.045757,0.783718,-1.494355,0.156326,0.884052,-1.548301,0.132325,0.468432,-1.355041,28,27,28,27,27,28,31,27,28,31,27,29
1791409891.560296,-0.146975,0.815297,-1.392101,0.040004,0.782174,-1.497119,0.161504,0.884567,-1.548112,0.129176,0.470612,-1.370096,28,27,28,27,27,28,31,27,28,31,27,29
1791409891.580291,-0.147792,0.816963,-1.390916,0.038097,0.780902,-1.502222,0.169376,0.884537,-1.548096,0.115007,0.483057,-1.399383,28,27,28,27,27,28,31,27,28,31,27,29
1791409891.600228,-0.147096,0.817962,-1.390221,0.037218,0.780630,-1.508856,0.177672,0.884718,-1.548064,0.093237,0.509065,-1.440140,28,27,28,27,27,28,31,27,28,31,27,29
1791409891.620234,-0.146127,0.819143,-1.390047,0.036855,0.780266,-1.515744,0.185090,0.884567,-1.548017,0.066563,0.542189,-1.477515,28,27,28,27,27,28,31,27,28,31,27,29
1791409891.640398,-0.145097,0.820263,-1.389858,0.037007,0.779873,-1.523484,0.193325,0.884234,-1.547986,0.041644,0.573465,-1.508414,28,27,28,27,27,28,31,27,28,31,27,29
1791409891.660275,-0.144310,0.820989,-1.388736,0.036916,0.779146,-1.530135,0.201773,0.883507,-1.547986,0.023780,0.597173,-1.529171,28,27,28,27,27,28,31,27,28,31,27,29
1791409891.680474,-0.144250,0.821171,-1.387378,0.035826,0.776754,-1.537765,0.209009,0.882054,-1.547954,0.015636,0.611403,-1.536580,28,27,28,27,27,28,31,27,28,31,27,29
1791409891.700198,-0.144734,0.821080,-1.384803,0.034282,0.773757,-1.541698,0.216639,0.880298,-1.547922,0.012790,0.616732,-1.537591,28,27,28,27,27,28,31,27,28,31,27,29
1791409891.720313,-0.145461,0.820959,-1.381675,0.031920,0.770123,-1.544937,0.222573,0.879662,-1.547938,0.011155,0.619608,-1.537386,28,27,28,27,27,28,31,27,28,31,27,29
1791409891.740504,-0.146157,0.820626,-1.376873,0.030376,0.766460,-1.546200,0.228750,0.879722,-1.547938,0.011397,0.620183,-1.537038,28,27,28,27,27,28,31,27,28,31,27,29
1791409891.760356,-0.147459,0.820687,-1.372892,0.027560,0.763190,-1.546469,0.234200,0.880025,-1.547907,0.011760,0.620426,-1.536359,28,27,28,27,27,28,31,27,28,31,27,29
1791409891.780400,-0.148912,0.820566,-1.369037,0.024896,0.760101,-1.546659,0.238863,0.880207,-1.547922,0.011881,0.620759,-1.535838,28,27,28,27,27,28,31,27,28,31,27,29
1791409891.800354,-0.149942,0.820535,-1.366020,0.022746,0.757710,-1.547275,0.243889,0.880449,-1.547875,0.012245,0.620789,-1.534779,28,27,28,27,27,28,31,27,28,31,27,29
1791409891.820249,-0.151365,0.820535,-1.361644,0.019779,0.755893,-1.548918,0.248340,0.880873,-1.547843,0.014061,0.619184,-1.533168,28,27,28,27,27,28,31,27,28,31,27,29
1791409891.840466,-0.153242,0.820566,-1.357774,0.017084,0.754106,-1.549328,0.252094,0.881781,-1.547875,0.015272,0.618337,-1.531715,28,27,28,27,27,28,31,27,28,31,27,29
1791409891.860288,-0.155392,0.820717,-1.353146,0.013935,0.752320,-1.549834,0.255485,0.882871,-1.547891,0.016029,0.617035,-1.530419,28,27,28,27,27,28,31,27,28,31,27,29
1791409891.880397,-0.157753,0.820747,-1.348343,0.010029,0.750867,-1.550276,0.258240,0.884082,-1.547843,0.016423,0.615551,-1.528508,28,27,28,27,27,28,31,27,28,31,27,29
1791409891.900420,-0.160569,0.821020,-1.344141,0.006214,0.749111,-1.550387,0.260965,0.885263,-1.547875,0.016847,0.614128,-1.527323,28,27,28,27,27,28,31,27,28,31,27,29
1791409891.920286,-0.163567,0.821504,-1.339987,0.001824,0.747809,-1.550750,0.263236,0.886383,-1.547891,0.016998,0.613159,-1.526391,28,27,28,27,27,28,31,27,28,31,27,29
1791409891.940481,-0.167018,0.821807,-1.334805,-0.002536,0.746598,-1.551587,0.265234,0.887928,-1.547859,0.017119,0.612099,-1.525522,28,27,28,27,27,28,31,27,28,31,27,29
1791409891.960206,-0.170137,0.822080,-1.329640,-0.006866,0.745386,-1.552709,0.267687,0.889260,-1.547859,0.016998,0.612039,-1.525443,28,27,28,27,27,28,31,27,28,31,27,29
1791409891.980340,-0.172741,0.822352,-1.324932,-0.010620,0.744236,-1.553009,0.270715,0.890622,-1.547859,0.016635,0.612281,-1.525475,28,27,28,27,27,28,31,27,28,31,27,29
1791409892.000538,-0.175314,0.822897,-1.320904,-0.014586,0.743176,-1.553514,0.273288,0.892257,-1.547859,0.016393,0.612493,-1.525538,28,27,28,27,27,28,31,27,28,31,27,29
1791409892.020565,-0.177615,0.823593,-1.317018,-0.018613,0.741905,-1.554336,0.276498,0.893741,-1.547859,0.016423,0.612493,-1.525601,28,27,28,27,27,28,31,27,28,31,27,29
1791409892.040284,-0.179583,0.824229,-1.313242,-0.022368,0.740663,-1.555868,0.280191,0.894831,-1.547859,0.016544,0.612402,-1.525696,28,27,28,27,27,28,31,27,28,31,27,29
1791409892.060530,-0.181763,0.824502,-1.309088,-0.026697,0.739815,-1.557953,0.283038,0.895648,-1.547843,0.016544,0.612584,-1.525822,28,27,28,27,27,28,31,27,28,31,27,29
1791409892.080269,-0.184276,0.825289,-1.306023,-0.030997,0.738786,-1.559928,0.286005,0.896284,-1.547859,0.016514,0.612523,-1.526043,28,27,28,27,27,28,31,27,28,31,27,29
1791409892.100215,-0.185942,0.826076,-1.303243,-0.034751,0.737363,-1.562455,0.289971,0.896769,-1.547859,0.016938,0.612523,-1.526186,28,27,28,27,27,28,31,27,28,31,27,29
1791409892.120274,-0.187819,0.826985,-1.301316,-0.037658,0.736122,-1.564304,0.293665,0.897132,-1.547827,0.016968,0.613189,-1.526691,28,27,28,27,27,28,31,27,28,31,27,29
1791409892.140303,-0.189787,0.828286,-1.298946,-0.040928,0.734941,-1.566499,0.297389,0.897707,-1.547843,0.016998,0.614279,-1.528824,28,27,28,27,27,28,31,27,28,31,27,29
1791409892.160398,-0.191271,0.829376,-1.296355,-0.043804,0.733427,-1.567905,0.301416,0.898555,-1.547859,0.016907,0.618094,-1.531493,28,27,28,27,27,28,31,27,28,31,27,29
1791409892.180376,-0.192512,0.830648,-1.294491,-0.046590,0.732155,-1.569375,0.305503,0.899373,-1.547827,0.016786,0.624816,-1.535443,28,27,28,27,27,28,31,27,28,31,27,29
1791409892.200207,-0.193329,0.831708,-1.291127,-0.048649,0.730399,-1.570259,0.309652,0.899887,-1.547827,0.015787,0.633051,-1.540545,28,27,28,27,27,28,31,27,28,31,27,29
1791409892.220262,-0.193451,0.832737,-1.288299,-0.050617,0.728885,-1.571460,0.314738,0.900341,-1.547827,0.014546,0.639773,-1.543752,28,27,28,27,27,28,31,27,28,31,27,29
1791409892.240170,-0.194268,0.833979,-1.285550,-0.053190,0.727402,-1.572234,0.318856,0.900947,-1.547827,0.014092,0.642710,-1.544147,28,27,28,27,27,28,31,27,28,31,27,29
1791409892.260799,-0.195933,0.834947,-1.282549,-0.056067,0.725464,-1.573229,0.323034,0.901613,-1.547812,0.014092,0.643861,-1.544210,28,27,28,27,27,28,31,27,28,31,27,29
1791409892.280341,-0.197175,0.835947,-1.279611,-0.059034,0.723254,-1.573719,0.327727,0.901855,-1.547796,0.014061,0.644951,-1.544289,28,27,28,27,27,28,31,27,28,31,27,29
1791409892.300321,-0.198477,0.836734,-1.275819,-0.062152,0.721013,-1.574682,0.332148,0.902249,-1.547796,0.013940,0.646979,-1.544336,28,27,28,27,27,28,31,27,28,31,27,29
1791409892.320655,-0.199294,0.837400,-1.272249,-0.064302,0.719106,-1.575204,0.337053,0.902854,-1.547812,0.013637,0.649099,-1.544384,28,27,28,27,27,28,31,27,28,31,27,29
1791409892.340691,-0.200717,0.838641,-1.269548,-0.067178,0.716835,-1.575346,0.341382,0.903642,-1.547812,0.013304,0.650885,-1.544494,28,27,28,27,27,28,31,27,28,31,27,29
1791409892.360206,-0.202292,0.840095,-1.266310,-0.070812,0.714806,-1.575630,0.345470,0.904126,-1.547812,0.013153,0.651430,-1.544510,28,27,28,27,27,28,31,27,28,31,27,29
1791409892.380538,-0.204108,0.841003,-1.262897,-0.074596,0.712747,-1.575930,0.349376,0.904580,-1.547812,0.013153,0.652066,-1.544510,28,27,28,27,27,28,31,27,28,31,27,29
1791409892.400352,-0.206500,0.841851,-1.259564,-0.079532,0.710991,-1.576610,0.352494,0.905004,-1.547796,0.013092,0.652762,-1.544478,28,27,28,27,27,28,31,27,28,31,27,29
1791409892.420131,-0.208983,0.842699,-1.256342,-0.083922,0.708993,-1.577020,0.355764,0.905549,-1.547796,0.012426,0.654155,-1.544463,28,27,28,27,27,28,31,27,28,31,27,29
1791409892.440311,-0.211163,0.843395,-1.251887,-0.088100,0.707358,-1.577257,0.358822,0.906306,-1.547812,0.011639,0.655790,-1.544415,28,27,28,27,27,28,31,27,28,31,27,29
1791409892.460172,-0.213585,0.844152,-1.247717,-0.092369,0.705450,-1.577368,0.361789,0.907305,-1.547812,0.011700,0.656214,-1.544384,28,27,28,27,27,28,31,27,28,31,27,29
1791409892.480376,-0.212344,0.840307,-1.249470,-0.083044,0.706964,-1.577384,0.350375,0.907790,-1.548080,0.003767,0.665025,-1.542962,28,27,28,27,27,28,31,27,28,31,27,29
1791409892.500540,-0.213131,0.842244,-1.249707,-0.084255,0.704724,-1.577526,0.350768,0.909031,-1.548222,0.000921,0.667356,-1.542899,28,27,28,27,27,28,31,27,28,31,27,29
1791409892.520657,-0.216068,0.842275,-1.248980,-0.087616,0.703028,-1.578331,0.347498,0.907366,-1.548254,0.006129,0.664328,-1.540103,28,27,28,27,27,28,31,27,28,31,27,29
1791409892.540545,-0.216249,0.839640,-1.248649,-0.087555,0.703089,-1.580638,0.344350,0.904853,-1.548128,0.007128,0.660210,-1.534210,28,27,28,27,27,28,31,27,28,31,27,29
1791409892.560637,-0.215493,0.836189,-1.248712,-0.085406,0.703513,-1.581349,0.340868,0.903248,-1.548064,0.004857,0.659181,-1.529850,28,27,28,27,27,28,31,27,28,31,27,29
1791409892.580263,-0.215765,0.834554,-1.248933,-0.084346,0.703573,-1.581317,0.336901,0.902764,-1.548080,0.002162,0.659453,-1.529124,28,27,28,27,27,28,31,27,28,31,27,29
1791409892.600400,-0.216007,0.833555,-1.249249,-0.083226,0.703604,-1.581317,0.334388,0.901976,-1.548128,0.000497,0.659665,-1.528524,28,27,28,27,27,28,31,27,28,31,27,29
1791409892.620481,-0.216401,0.832465,-1.249691,-0.082862,0.703513,-1.581349,0.331451,0.900553,-1.548144,-0.000987,0.659665,-1.528255,28,27,28,27,27,28,31,27,28,31,27,29
1791409892.640343,-0.217188,0.831587,-1.250750,-0.082923,0.703482,-1.581349,0.328666,0.899827,-1.548159,-0.002955,0.659696,-1.528065,28,27,28,27,27,28,31,27,28,31,27,29
1791409892.660288,-0.217642,0.830254,-1.250876,-0.083074,0.703513,-1.581333,0.326456,0.899251,-1.548144,-0.004438,0.659726,-1.528018,28,27,28,27,27,28,31,27,28,31,27,29
1791409892.680309,-0.217884,0.828801,-1.250876,-0.083014,0.703482,-1.581333,0.323973,0.898343,-1.548159,-0.005831,0.659726,-1.527987,28,27,28,27,27,28,31,27,28,31,27,29
1791409892.700526,-0.218429,0.827651,-1.251018,-0.082983,0.703482,-1.581349,0.321853,0.897193,-1.548159,-0.007557,0.659696,-1.527987,28,27,28,27,27,28,31,27,28,31,27,29
1791409892.720464,-0.218702,0.826106,-1.251334,-0.082892,0.703452,-1.581333,0.319643,0.896345,-1.548144,-0.008980,0.659756,-1.527987,28,27,28,27,27,28,31,27,28,31,27,29
1791409892.740213,-0.218944,0.825016,-1.251871,-0.082620,0.703331,-1.581333,0.317736,0.895437,-1.548159,-0.010585,0.659726,-1.527987,28,27,28,27,27,28,31,27,28,31,27,29
1791409892.760492,-0.219489,0.824441,-1.253009,-0.082620,0.703028,-1.581317,0.316101,0.894680,-1.548144,-0.011796,0.659665,-1.528002,28,27,28,27,27,28,31,27,28,31,27,29
1791409892.780434,-0.219731,0.823381,-1.253388,-0.082529,0.702665,-1.581333,0.314768,0.893559,-1.548128,-0.012795,0.659453,-1.528018,28,27,28,27,27,28,31,27,28,31,27,29
1791409892.800303,-0.219853,0.822201,-1.253514,-0.082196,0.702362,-1.581333,0.313376,0.892833,-1.548128,-0.014006,0.659393,-1.528034,28,27,28,27,27,28,31,27,28,31,27,29
1791409892.820460,-0.220155,0.821413,-1.253688,-0.082196,0.701969,-1.581333,0.312013,0.892288,-1.548159,-0.015157,0.659423,-1.528034,28,27,28,27,27,28,31,27,28,31,27,29
1791409892.840213,-0.220216,0.820626,-1.254004,-0.081954,0.701666,-1.581317,0.311196,0.891682,-1.548144,-0.015732,0.659363,-1.528018,28,27,28,27,27,28,31,27,28,31,27,29
1791409892.860477,-0.220216,0.820233,-1.255046,-0.081712,0.701575,-1.581317,0.310530,0.891137,-1.548128,-0.016065,0.659151,-1.528018,28,27,28,27,27,28,31,27,28,31,27,29
1791409892.880245,-0.220398,0.819566,-1.255394,-0.081560,0.701545,-1.581333,0.309349,0.890653,-1.548128,-0.016882,0.659120,-1.528018,28,27,28,27,27,28,31,27,28,31,27,29
1791409892.900578,-0.220519,0.818779,-1.255568,-0.081409,0.701484,-1.581317,0.308380,0.890198,-1.548144,-0.017579,0.659120,-1.528034,28,27,28,27,27,28,31,27,28,31,27,29
1791409892.920109,-0.220458,0.818204,-1.255615,-0.081257,0.701272,-1.581317,0.307895,0.889532,-1.548144,-0.018124,0.659090,-1.528050,28,27,28,27,27,28,31,27,28,31,27,29
1791409892.940441,-0.220428,0.817508,-1.255647,-0.080864,0.701121,-1.581317,0.307411,0.888866,-1.548144,-0.018669,0.659090,-1.528050,28,27,28,27,27,28,31,27,28,31,27,29
1791409892.960108,-0.220398,0.817053,-1.255710,-0.080712,0.701090,-1.581317,0.307048,0.888564,-1.548128,-0.018881,0.658939,-1.528050,28,27,28,27,27,28,31,27,28,31,27,29
1791409892.980572,-0.220307,0.816387,-1.255805,-0.080137,0.701030,-1.581333,0.306442,0.888261,-1.548128,-0.019365,0.658969,-1.528065,28,27,28,27,27,28,31,27,28,31,27,29
1791409893.000742,-0.220276,0.815964,-1.255978,-0.079986,0.700788,-1.581301,0.305927,0.887958,-1.548112,-0.019728,0.658878,-1.528065,28,27,28,27,27,28,31,27,28,31,27,29
1791409893.020549,-0.220307,0.815570,-1.256231,-0.079774,0.700667,-1.581301,0.305292,0.887564,-1.548128,-0.019971,0.658818,-1.528050,28,27,28,27,27,28,31,27,28,31,27,29
1791409893.040312,-0.220246,0.815176,-1.256942,-0.079653,0.700485,-1.581317,0.304807,0.887080,-1.548112,-0.020334,0.658636,-1.528050,28,27,28,27,27,28,31,27,28,31,27,29
1791409893.060336,-0.220246,0.814571,-1.257432,-0.079320,0.700273,-1.581333,0.304111,0.886414,-1.548112,-0.020728,0.658424,-1.528065,28,27,28,27,27,28,31,27,28,31,27,29
1791409893.081033,-0.220216,0.814086,-1.257495,-0.079138,0.700122,-1.581317,0.303838,0.885748,-1.548112,-0.021030,0.658091,-1.528065,28,27,28,27,27,28,31,27,28,31,27,29
1791409893.102353,-0.220155,0.813420,-1.257637,-0.078744,0.700001,-1.581301,0.303202,0.885324,-1.548080,-0.021666,0.658030,-1.528065,28,27,28,27,27,28,31,27,28,31,27,29
1791409893.122264,-0.220155,0.813027,-1.257985,-0.078623,0.699879,-1.581317,0.302536,0.885021,-1.548080,-0.022332,0.657970,-1.528065,28,27,28,27,27,28,31,27,28,31,27,29
1791409893.142331,-0.220216,0.812905,-1.259185,-0.078593,0.699637,-1.581317,0.301901,0.884749,-1.548080,-0.022786,0.657909,-1.528065,28,27,28,27,27,28,31,27,28,31,27,29
1791409893.162135,-0.220337,0.812724,-1.259801,-0.078563,0.699365,-1.581333,0.301113,0.884173,-1.548080,-0.023422,0.657606,-1.528065,28,27,28,27,27,28,31,27,28,31,27,29
1791409893.182453,-0.220307,0.812391,-1.260560,-0.078260,0.699304,-1.581317,0.300447,0.883780,-1.548064,-0.023816,0.657485,-1.528081,28,27,28,27,27,28,31,27,28,31,27,29
1791409893.202169,-0.220216,0.812179,-1.261476,-0.078139,0.699153,-1.581333,0.300023,0.883416,-1.548080,-0.024119,0.657395,-1.528050,28,27,28,27,27,28,31,27,28,31,27,29
1791409893.222224,-0.220186,0.811543,-1.261618,-0.077624,0.699032,-1.581317,0.299448,0.882902,-1.548080,-0.024573,0.657334,-1.528081,28,27,28,27,27,28,31,27,28,31,27,29
1791409893.242305,-0.220125,0.811119,-1.261823,-0.077231,0.698941,-1.581317,0.298964,0.882569,-1.548064,-0.024845,0.657334,-1.528081,28,27,28,27,27,28,31,27,28,31,27,29
1791409893.262190,-0.220095,0.810756,-1.262044,-0.077019,0.698789,-1.581317,0.298509,0.882175,-1.548064,-0.025148,0.657213,-1.528081,28,27,28,27,27,28,31,27,28,31,27,29
1791409893.282256,-0.220064,0.810332,-1.262455,-0.076686,0.698668,-1.581317,0.298025,0.881691,-1.548049,-0.025542,0.657122,-1.528097,28,27,28,27,27,28,31,27,28,31,27,29
1791409893.302576,-0.220064,0.810150,-1.263371,-0.076353,0.698456,-1.581317,0.297268,0.881145,-1.548049,-0.026178,0.657031,-1.528097,28,27,28,27,27,28,31,27,28,31,27,29
1791409893.322184,-0.220064,0.809817,-1.263592,-0.076262,0.698214,-1.581333,0.296632,0.880691,-1.548049,-0.026511,0.656729,-1.528097,28,27,28,27,27,28,31,27,28,31,27,29
1791409893.342218,-0.219974,0.809272,-1.263687,-0.075898,0.698063,-1.581317,0.296117,0.880267,-1.548049,-0.026904,0.656577,-1.528081,28,27,28,27,27,28,31,27,28,31,27,29
1791409893.362513,-0.219913,0.808879,-1.263766,-0.075656,0.698002,-1.581317,0.295754,0.879904,-1.548049,-0.027146,0.656517,-1.528081,28,27,28,27,27,28,31,27,28,31,27,29
1791409893.382172,-0.219701,0.808334,-1.263893,-0.075172,0.697911,-1.581301,0.295391,0.879571,-1.548049,-0.027358,0.656456,-1.528081,28,27,28,27,27,28,31,27,28,31,27,29
1791409893.402117,-0.219671,0.808061,-1.264193,-0.074930,0.697790,-1.581301,0.295118,0.879359,-1.548017,-0.027449,0.656365,-1.528081,28,27,28,27,27,28,31,27,28,31,27,29
1791409893.422476,-0.219580,0.807879,-1.265062,-0.074778,0.697669,-1.581317,0.294694,0.878965,-1.548033,-0.027691,0.656274,-1.528081,28,27,28,27,27,28,31,27,28,31,27,29
1791409893.442575,-0.219641,0.807637,-1.265504,-0.074748,0.697397,-1.581317,0.294180,0.878511,-1.548017,-0.028085,0.656002,-1.528097,28,27,28,27,27,28,31,27,28,31,27,29
1791409893.462416,-0.219641,0.807304,-1.265630,-0.074566,0.697276,-1.581317,0.293665,0.877966,-1.548033,-0.028358,0.655850,-1.528097,28,27,28,27,27,28,31,27,28,31,27,29
1791409893.482240,-0.219641,0.807062,-1.265694,-0.074445,0.697215,-1.581301,0.293241,0.877785,-1.548017,-0.028600,0.655820,-1.528097,28,27,28,27,27,28,31,27,28,31,27,29
1791409893.502275,-0.219580,0.806577,-1.265757,-0.074354,0.697185,-1.581301,0.292817,0.877482,-1.548001,-0.028872,0.655790,-1.528081,28,27,28,27,27,28,31,27,28,31,27,29
1791409893.522487,-0.219550,0.806305,-1.265788,-0.074233,0.697003,-1.581301,0.292575,0.877240,-1.548017,-0.029145,0.655790,-1.528081,28,27,28,27,27,28,31,27,28,31,27,29
1791409893.542437,-0.219519,0.805942,-1.265946,-0.073900,0.696973,-1.581301,0.292242,0.877058,-1.548017,-0.029447,0.655760,-1.528081,28,27,28,27,27,28,31,27,28,31,27,29
1791409893.562628,-0.219519,0.805911,-1.266957,-0.073870,0.696942,-1.581317,0.291909,0.876846,-1.548001,-0.029750,0.655699,-1.528113,28,27,28,27,27,28,31,27,28,31,27,29
1791409893.582394,-0.219550,0.805881,-1.267605,-0.073870,0.696791,-1.581317,0.291303,0.876452,-1.548001,-0.030265,0.655638,-1.528081,28,27,28,27,27,28,31,27,28,31,27,29
1791409893.602374,-0.219641,0.805760,-1.267684,-0.073749,0.696700,-1.581317,0.291091,0.876241,-1.548017,-0.030416,0.655427,-1.528097,28,27,28,27,27,28,31,27,28,31,27,29
1791409893.622353,-0.219519,0.805548,-1.267794,-0.073506,0.696730,-1.581317,0.290668,0.876150,-1.548001,-0.030659,0.655396,-1.528097,28,27,28,27,27,28,31,27,28,31,27,29
1791409893.642339,-0.219398,0.805185,-1.267842,-0.073234,0.696670,-1.581317,0.290365,0.875998,-1.547986,-0.030931,0.655427,-1.528113,28,27,28,27,27,28,31,27,28,31,27,29
1791409893.662721,-0.219368,0.805124,-1.268000,-0.072961,0.696640,-1.581301,0.290274,0.875938,-1.548017,-0.030961,0.655427,-1.528081,28,27,28,27,27,28,31,27,28,31,27,29
1791409893.682310,-0.219368,0.805064,-1.268221,-0.072810,0.696579,-1.581317,0.290153,0.875726,-1.548001,-0.030992,0.655427,-1.528097,28,27,28,27,27,28,31,27,28,31,27,29
1791409893.702271,-0.219308,0.805033,-1.268505,-0.072750,0.696519,-1.581317,0.289971,0.875574,-1.548001,-0.031052,0.655366,-1.528097,28,27,28,27,27,28,31,27,28,31,27,29
1791409893.722374,-0.219308,0.805033,-1.268932,-0.072780,0.696458,-1.581301,0.289759,0.875544,-1.548033,-0.031264,0.655366,-1.528097,28,27,28,27,27,28,31,27,28,31,27,29
1791409893.742249,-0.219308,0.805033,-1.269279,-0.072628,0.696549,-1.581301,0.289547,0.875453,-1.548017,-0.031446,0.655396,-1.528097,28,27,28,27,27,28,31,27,28,31,27,29
1791409893.762551,-0.219338,0.805033,-1.269485,-0.072568,0.696579,-1.581317,0.289093,0.875362,-1.548017,-0.031567,0.655396,-1.528081,28,27,28,27,27,28,31,27,28,31,27,29
1791409893.782199,-0.219308,0.804912,-1.269627,-0.072235,0.696579,-1.581317,0.288821,0.875302,-1.548001,-0.031839,0.655396,-1.528065,28,27,28,27,27,28,31,27,28,31,27,29
1791409893.802246,-0.219277,0.804912,-1.269738,-0.072114,0.696609,-1.581301,0.288760,0.875211,-1.548017,-0.031900,0.655427,-1.528065,28,27,28,27,27,28,31,27,28,31,27,29
1791409893.822430,-0.219096,0.804791,-1.269848,-0.071781,0.696730,-1.581317,0.288639,0.875120,-1.548017,-0.031900,0.655457,-1.528097,28,27,28,27,27,28,31,27,28,31,27,29
1791409893.842685,-0.218974,0.804791,-1.270038,-0.071569,0.696700,-1.581301,0.288609,0.875120,-1.547986,-0.031900,0.655427,-1.528065,28,27,28,27,27,28,31,27,28,31,27,29
1791409893.862205,-0.218853,0.804761,-1.270290,-0.071508,0.696700,-1.581317,0.288548,0.875029,-1.548017,-0.031870,0.655427,-1.528065,28,27,28,27,27,28,31,27,28,31,27,29
1791409893.882760,-0.218702,0.804731,-1.270748,-0.071205,0.696640,-1.581317,0.288578,0.874908,-1.548001,-0.031900,0.655427,-1.528097,28,27,28,27,27,28,31,27,28,31,27,29
1791409893.902719,-0.218490,0.804821,-1.271554,-0.070963,0.696549,-1.581301,0.288518,0.874666,-1.548033,-0.031900,0.655427,-1.528081,28,27,28,27,27,28,31,27,28,31,27,29
1791409893.922310,-0.218369,0.804821,-1.271728,-0.070842,0.696337,-1.581317,0.288457,0.874303,-1.548017,-0.031870,0.655336,-1.528097,28,27,28,27,27,28,31,27,28,31,27,29
1791409893.942684,-0.218218,0.804640,-1.271807,-0.070630,0.696337,-1.581317,0.288336,0.874121,-1.548001,-0.031930,0.655275,-1.528097,28,27,28,27,27,28,31,27,28,31,27,29
1791409893.962292,-0.217975,0.804458,-1.271918,-0.070418,0.696307,-1.581285,0.288336,0.873970,-1.547986,-0.031961,0.655275,-1.528081,28,27,28,27,27,28,31,27,28,31,27,29
1791409893.982322,-0.217915,0.804428,-1.272028,-0.070358,0.696337,-1.581285,0.288306,0.873939,-1.548001,-0.031900,0.655275,-1.528081,28,27,28,27,27,28,31,27,28,31,27,29
1791409894.002560,-0.217763,0.804367,-1.272328,-0.070025,0.696337,-1.581317,0.288245,0.873849,-1.548001,-0.031900,0.655305,-1.528081,28,27,28,27,27,28,31,27,28,31,27,29
1791409894.022387,-0.217612,0.804519,-1.273450,-0.069903,0.696246,-1.581301,0.288245,0.873697,-1.548033,-0.031900,0.655275,-1.528097,28,27,28,27,27,28,31,27,28,31,27,29
1791409894.042286,-0.217582,0.804488,-1.273513,-0.069752,0.696216,-1.581317,0.288185,0.873516,-1.548001,-0.031961,0.655215,-1.528081,28,27,28,27,27,28,31,27,28,31,27,29
1791409894.062642,-0.217491,0.804488,-1.273576,-0.069480,0.696276,-1.581333,0.288094,0.873455,-1.548001,-0.031961,0.655215,-1.528097,28,27,28,27,27,28,31,27,28,31,27,29
1791409894.082376,-0.217188,0.804428,-1.273624,-0.069177,0.696276,-1.581301,0.287973,0.873394,-1.548001,-0.031930,0.655245,-1.528081,28,27,28,27,27,28,31,27,28,31,27,29
1791409894.102325,-0.217067,0.804367,-1.273687,-0.068783,0.696246,-1.581301,0.287943,0.873334,-1.548017,-0.031930,0.655215,-1.528097,28,27,28,27,27,28,31,27,28,31,27,29
1791409894.122383,-0.217006,0.804367,-1.273797,-0.068420,0.696246,-1.581301,0.287943,0.873243,-1.548001,-0.031900,0.655215,-1.528065,28,27,28,27,27,28,31,27,28,31,27,29
1791409894.142360,-0.216916,0.804367,-1.273908,-0.068359,0.696246,-1.581301,0.287943,0.873182,-1.548017,-0.031900,0.655245,-1.528081,28,27,28,27,27,28,31,27,28,31,27,29
1791409894.162289,-0.216855,0.804307,-1.274003,-0.068238,0.696246,-1.581317,0.287912,0.873182,-1.548001,-0.031900,0.655245,-1.528065,28,27,28,27,27,28,31,27,28,31,27,29
1791409894.182322,-0.216764,0.804276,-1.274019,-0.068147,0.696246,-1.581301,0.287943,0.873122,-1.548001,-0.031900,0.655245,-1.528065,28,27,28,27,27,28,31,27,28,31,27,29
1791409894.202212,-0.216673,0.804155,-1.274034,-0.068087,0.696246,-1.581301,0.287852,0.873061,-1.548017,-0.031900,0.655275,-1.528065,28,27,28,27,27,28,31,27,28,31,27,29
1791409894.222220,-0.216643,0.803974,-1.274034,-0.067996,0.696276,-1.581301,0.287791,0.873001,-1.548017,-0.031961,0.655215,-1.528065,28,27,28,27,27,28,31,27,28,31,27,29
1791409894.242471,-0.216613,0.803883,-1.274034,-0.067905,0.696276,-1.581317,0.287700,0.872910,-1.548001,-0.031961,0.655245,-1.528065,28,27,28,27,27,28,31,27,28,31,27,29
1791409894.262198,-0.216552,0.803852,-1.274066,-0.067814,0.696246,-1.581333,0.287640,0.872910,-1.548033,-0.031930,0.655275,-1.528065,28,27,28,27,27,28,31,27,28,31,27,29
1791409894.282259,-0.216522,0.803852,-1.274066,-0.067784,0.696307,-1.581301,0.287640,0.872880,-1.548017,-0.031961,0.655245,-1.528050,28,27,28,27,27,28,31,27,28,31,27,29
1791409894.302197,-0.216461,0.803762,-1.274082,-0.067663,0.696307,-1.581317,0.287610,0.872819,-1.548017,-0.031961,0.655245,-1.528065,28,27,28,27,27,28,31,27,28,31,27,29
1791409894.322373,-0.216401,0.803762,-1.274161,-0.067602,0.696246,-1.581317,0.287640,0.872789,-1.548017,-0.031930,0.655275,-1.528065,28,27,28,27,27,28,31,27,28,31,27,29
1791409894.342397,-0.216371,0.803731,-1.274192,-0.067572,0.696155,-1.581317,0.287640,0.872698,-1.548017,-0.031839,0.655215,-1.528050,28,27,28,27,27,28,31,27,28,31,27,29
1791409894.362273,-0.216340,0.803701,-1.274208,-0.067542,0.696155,-1.581301,0.287640,0.872668,-1.548001,-0.031900,0.655275,-1.528065,28,27,28,27,27,28,31,27,28,31,27,29
1791409894.382444,-0.216340,0.803640,-1.274224,-0.067451,0.696125,-1.581301,0.287640,0.872638,-1.548001,-0.031900,0.655275,-1.528065,28,27,28,27,27,28,31,27,28,31,27,29
1791409894.402317,-0.216280,0.803580,-1.274256,-0.067421,0.696125,-1.581301,0.287640,0.872607,-1.548001,-0.031900,0.655215,-1.528081,28,27,28,27,27,28,31,27,28,31,27,29
1791409894.422239,-0.216219,0.803489,-1.274256,-0.067360,0.696125,-1.581301,0.287610,0.872607,-1.548001,-0.031900,0.655215,-1.528065,28,27,28,27,27,28,31,27,28,31,27,29
1791409894.442209,-0.216159,0.803368,-1.274240,-0.067330,0.696155,-1.581317,0.287579,0.872547,-1.548017,-0.031930,0.655275,-1.528065,28,27,28,27,27,28,31,27,28,31,27,29
1791409894.462288,-0.216189,0.803338,-1.274256,-0.067269,0.696155,-1.581301,0.287549,0.872516,-1.548017,-0.031991,0.655245,-1.528081,28,27,28,27,27,28,31,27,28,31,27,29
1791409894.482560,-0.214917,0.801370,-1.274714,-0.062395,0.697578,-1.581317,0.284309,0.871608,-1.548270,-0.034231,0.658182,-1.527528,28,27,28,27,27,28,31,27,28,31,27,29
1791409894.502264,-0.212828,0.801824,-1.281317,-0.048285,0.697245,-1.581301,0.280737,0.869549,-1.548222,-0.041952,0.659544,-1.527212,28,27,28,27,27,28,31,27,28,31,27,29
1791409894.522346,-0.210497,0.801430,-1.287177,-0.043501,0.697064,-1.581380,0.276043,0.866400,-1.548159,-0.043405,0.659090,-1.526786,28,27,28,27,27,28,31,27,28,31,27,29
1791409894.542523,-0.208832,0.800189,-1.296877,-0.039868,0.697518,-1.581396,0.267293,0.863040,-1.548064,-0.044919,0.658908,-1.526012,28,27,28,27,27,28,31,27,28,31,27,29
1791409894.562196,-0.204199,0.798009,-1.304617,-0.038142,0.699334,-1.581396,0.260511,0.860042,-1.547954,-0.048795,0.659665,-1.525917,28,27,28,27,27,28,31,27,28,31,27,29
1791409894.582528,-0.198961,0.795526,-1.312010,-0.031027,0.701666,-1.581270,0.254577,0.856651,-1.547843,-0.052307,0.661452,-1.525870,28,27,28,27,27,28,31,27,28,31,27,29
1791409894.602682,-0.193451,0.793255,-1.323352,-0.022519,0.703270,-1.581191,0.248703,0.852897,-1.547527,-0.056213,0.663511,-1.525870,28,27,28,27,27,28,31,27,28,31,27,29
1791409894.622365,-0.188757,0.790470,-1.332878,-0.013194,0.704391,-1.581207,0.242890,0.847659,-1.546169,-0.059725,0.664601,-1.525870,28,27,28,27,27,28,31,27,28,31,27,29
1791409894.642543,-0.183913,0.788623,-1.342340,-0.005473,0.704936,-1.581238,0.237379,0.842027,-1.543610,-0.063207,0.665448,-1.525854,28,27,28,27,27,28,31,27,28,31,27,29
1791409894.662635,-0.180128,0.786170,-1.350634,0.000583,0.705420,-1.581222,0.231778,0.836093,-1.540751,-0.066992,0.666145,-1.525870,28,27,28,27,27,28,31,27,28,31,27,29
1791409894.682244,-0.175768,0.783506,-1.357063,0.008485,0.705935,-1.581191,0.227024,0.831036,-1.537291,-0.070322,0.667114,-1.525838,28,27,28,27,27,28,31,27,28,31,27,29
1791409894.702233,-0.170954,0.781508,-1.363350,0.015509,0.706752,-1.581112,0.222876,0.826283,-1.534163,-0.072714,0.667780,-1.525791,28,27,28,27,27,28,31,27,28,31,27,29
1791409894.722479,-0.166231,0.779873,-1.370649,0.021232,0.707903,-1.581048,0.218637,0.821438,-1.530530,-0.075651,0.668628,-1.525759,28,27,28,27,27,28,31,27,28,31,27,29
1791409894.742253,-0.163143,0.777572,-1.377046,0.026864,0.708781,-1.580985,0.213732,0.815807,-1.527671,-0.079648,0.669082,-1.525775,28,27,28,27,27,28,31,27,28,31,27,29
1791409894.762299,-0.159419,0.775543,-1.383507,0.032404,0.709144,-1.580970,0.209463,0.810205,-1.525696,-0.082978,0.669475,-1.525775,28,27,28,27,27,28,31,27,28,31,27,29
1791409894.782303,-0.155331,0.773454,-1.388641,0.037642,0.709629,-1.580906,0.205739,0.805512,-1.523390,-0.085764,0.670293,-1.525775,28,27,28,27,27,28,31,27,28,31,27,29
1791409894.802238,-0.150850,0.771334,-1.394660,0.042911,0.710265,-1.580875,0.201742,0.801213,-1.520199,-0.088458,0.671262,-1.525759,28,27,28,27,27,28,31,27,28,31,27,29
1791409894.822167,-0.146944,0.768973,-1.399289,0.047816,0.711688,-1.580827,0.197625,0.795642,-1.516234,-0.091365,0.671837,-1.525775,28,27,28,27,27,28,31,27,28,31,27,29
1791409894.842141,-0.143311,0.765975,-1.403427,0.052690,0.712717,-1.580764,0.194234,0.789950,-1.512837,-0.094090,0.672473,-1.525759,28,27,28,27,27,28,31,27,28,31,27,29
1791409894.862507,-0.139345,0.762826,-1.406950,0.056959,0.713807,-1.580511,0.190419,0.785408,-1.509330,-0.097027,0.673593,-1.525759,28,27,28,27,27,28,31,27,28,31,27,29
1791409894.882470,-0.136075,0.760344,-1.410173,0.062258,0.714927,-1.579990,0.187179,0.780836,-1.505460,-0.099237,0.674713,-1.525759,28,27,28,27,27,28,31,27,28,31,27,29
1791409894.902343,-0.131805,0.757588,-1.413316,0.067102,0.716441,-1.579406,0.183969,0.776355,-1.501953,-0.101720,0.675289,-1.525791,28,27,28,27,27,28,31,27,28,31,27,29
1791409894.922461,-0.128869,0.754803,-1.416823,0.071250,0.717713,-1.578821,0.180215,0.771389,-1.498999,-0.105172,0.676076,-1.525775,28,27,28,27,27,28,31,27,28,31,27,29
1791409894.942147,-0.126689,0.752653,-1.420583,0.074097,0.718954,-1.578173,0.175431,0.766787,-1.496061,-0.109259,0.676712,-1.525775,28,27,28,27,27,28,31,27,28,31,27,29
1791409894.962613,-0.124297,0.750201,-1.422889,0.077245,0.720347,-1.577352,0.171132,0.762730,-1.493486,-0.112559,0.677438,-1.525791,28,27,28,27,27,28,31,27,28,31,27,29
1791409894.982525,-0.121057,0.747506,-1.424990,0.080788,0.721709,-1.576641,0.167862,0.758824,-1.490263,-0.115375,0.678377,-1.525838,28,27,28,27,27,28,31,27,28,31,27,29
1791409895.002240,-0.117393,0.744842,-1.426396,0.084815,0.723042,-1.575520,0.165258,0.755342,-1.487578,-0.117797,0.679134,-1.525806,28,27,28,27,27,28,31,27,28,31,27,29
1791409895.022194,-0.113700,0.742086,-1.427834,0.089689,0.724495,-1.573640,0.162563,0.750801,-1.484434,-0.119796,0.679921,-1.525822,28,27,28,27,27,28,31,27,28,31,27,29
1791409895.042291,-0.110066,0.738756,-1.428339,0.093837,0.725403,-1.571412,0.160504,0.746289,-1.479995,-0.121855,0.680678,-1.525822,28,27,28,27,27,28,31,27,28,31,27,29
1791409895.062347,-0.106615,0.735425,-1.428908,0.097652,0.725979,-1.568806,0.157991,0.742141,-1.475825,-0.123580,0.681405,-1.525806,28,27,28,27,27,28,31,27,28,31,27,29
1791409895.082270,-0.103708,0.732337,-1.429634,0.100862,0.726554,-1.565615,0.155024,0.738145,-1.472981,-0.126184,0.682525,-1.525806,28,27,28,27,27,28,31,27,28,31,27,29
1791409895.102587,-0.101013,0.729551,-1.429761,0.103526,0.727371,-1.562424,0.151784,0.735178,-1.470470,-0.129091,0.683585,-1.525791,28,27,28,27,27,28,31,27,28,31,27,29
1791409895.122739,-0.098470,0.727008,-1.430077,0.106372,0.728007,-1.559738,0.148726,0.732786,-1.468779,-0.132058,0.684372,-1.525791,28,27,28,27,27,28,31,27,28,31,27,29
1791409895.142178,-0.096078,0.724889,-1.431040,0.109158,0.728552,-1.556595,0.145063,0.730242,-1.466141,-0.135116,0.685159,-1.525806,28,27,28,27,27,28,31,27,28,31,27,29
1791409895.162689,-0.093837,0.722890,-1.432620,0.111338,0.729097,-1.553293,0.141732,0.727093,-1.464467,-0.138810,0.686188,-1.525791,28,27,28,27,27,28,31,27,28,31,27,29
1791409895.182373,-0.091960,0.721195,-1.433694,0.113639,0.729430,-1.549644,0.137705,0.724550,-1.462903,-0.142534,0.686855,-1.525791,28,27,28,27,27,28,31,27,28,31,27,29
1791409895.202307,-0.090174,0.719227,-1.434816,0.115758,0.729763,-1.546200,0.133830,0.722400,-1.461702,-0.146228,0.687672,-1.525806,28,27,28,27,27,28,31,27,28,31,27,29
1791409895.222368,-0.087842,0.717773,-1.436317,0.118271,0.730217,-1.542583,0.130409,0.719797,-1.460502,-0.149498,0.688459,-1.525791,28,27,28,27,27,28,31,27,28,31,27,29
1791409895.242325,-0.085602,0.715715,-1.437264,0.121027,0.730884,-1.539455,0.127048,0.717707,-1.458748,-0.152738,0.689580,-1.525775,28,27,28,27,27,28,31,27,28,31,27,29
1791409895.262271,-0.082665,0.714261,-1.438939,0.123721,0.731550,-1.535948,0.124414,0.714922,-1.457090,-0.155129,0.690579,-1.525791,28,27,28,27,27,28,31,27,28,31,27,29
1791409895.282510,-0.080152,0.712384,-1.440392,0.126446,0.732125,-1.533389,0.121991,0.712348,-1.454973,-0.158157,0.691548,-1.525743,28,27,28,27,27,28,31,27,28,31,27,29
1791409895.302552,-0.077578,0.710204,-1.441672,0.129535,0.732670,-1.530340,0.119418,0.709381,-1.453251,-0.162941,0.692214,-1.525759,28,27,28,27,27,28,31,27,28,31,27,29
1791409895.322300,-0.074581,0.708266,-1.443536,0.132048,0.733518,-1.526075,0.116996,0.706656,-1.452066,-0.165848,0.693273,-1.525728,28,27,28,27,27,28,31,27,28,31,27,29
1791409895.342519,-0.072310,0.706904,-1.444721,0.134046,0.734275,-1.521778,0.114210,0.704446,-1.450929,-0.169087,0.694908,-1.525759,28,27,28,27,27,28,31,27,28,31,27,29
1791409895.362159,-0.069918,0.705360,-1.444989,0.136135,0.734547,-1.518477,0.112999,0.703749,-1.450629,-0.170389,0.696120,-1.525743,28,27,28,27,27,28,31,27,28,31,27,29
1791409895.382547,-0.066921,0.703634,-1.445574,0.138618,0.736031,-1.514575,0.110698,0.702750,-1.449634,-0.173266,0.697906,-1.525728,28,27,28,27,27,28,31,27,28,31,27,29
1791409895.402210,-0.064559,0.702211,-1.446158,0.140707,0.736727,-1.510768,0.108669,0.700601,-1.448275,-0.176566,0.699420,-1.525759,28,27,28,27,27,28,31,27,28,31,27,29
1791409895.422474,-0.061925,0.700152,-1.446332,0.142978,0.738120,-1.507245,0.105127,0.698209,-1.446585,-0.180563,0.701448,-1.525743,28,27,28,27,27,28,31,27,28,31,27,29
1791409895.442247,-0.059291,0.698971,-1.446806,0.145400,0.738514,-1.503485,0.103340,0.696513,-1.445400,-0.183288,0.703053,-1.525743,28,27,28,27,27,28,31,27,28,31,27,29
1791409895.462437,-0.057535,0.698093,-1.447675,0.147520,0.739149,-1.498146,0.100979,0.695151,-1.444168,-0.186588,0.704537,-1.525743,28,27,28,27,27,28,31,27,28,31,27,29
1791409895.482145,-0.055234,0.696579,-1.448385,0.149366,0.740663,-1.493912,0.097376,0.693576,-1.442525,-0.190736,0.706807,-1.525759,28,27,28,27,27,28,31,27,28,31,27,29
1791409895.502238,-0.053387,0.695671,-1.448433,0.150789,0.740724,-1.490769,0.094711,0.692638,-1.441182,-0.193431,0.708442,-1.525759,28,27,28,27,27,28,31,27,28,31,27,29
1791409895.522364,-0.050692,0.694702,-1.448749,0.153363,0.741450,-1.487388,0.092107,0.691396,-1.440045,-0.196458,0.710532,-1.525759,28,27,28,27,27,28,31,27,28,31,27,29
1791409895.542367,-0.047937,0.693612,-1.449523,0.155816,0.743600,-1.483518,0.089716,0.689670,-1.438765,-0.199728,0.712318,-1.525743,28,27,28,27,27,28,31,27,28,31,27,29
1791409895.562408,-0.045757,0.692582,-1.450502,0.157874,0.744569,-1.479648,0.087263,0.688066,-1.437833,-0.202423,0.713983,-1.525743,28,27,28,27,27,28,31,27,28,31,27,29
1791409895.582491,-0.043244,0.691674,-1.450960,0.160176,0.746083,-1.476014,0.084447,0.686703,-1.435985,-0.205542,0.715558,-1.525743,28,27,28,27,27,28,31,27,28,31,27,29
1791409895.602295,-0.040549,0.691099,-1.451987,0.162265,0.747809,-1.472602,0.082116,0.685371,-1.434089,-0.208388,0.717435,-1.525728,28,27,28,27,27,28,31,27,28,31,27,29
1791409895.622264,-0.038278,0.690160,-1.452635,0.164535,0.748959,-1.468116,0.079573,0.683736,-1.432383,-0.210931,0.719130,-1.525743,28,27,28,27,27,28,31,27,28,31,27,29
1791409895.642410,-0.035553,0.689040,-1.453140,0.166655,0.750473,-1.464846,0.076787,0.682404,-1.430314,-0.213807,0.721098,-1.525743,28,27,28,27,27,28,31,27,28,31,27,29
1791409895.662560,-0.033010,0.688404,-1.454230,0.168653,0.751957,-1.460944,0.074365,0.680405,-1.428655,-0.217138,0.723157,-1.525728,28,27,28,27,27,28,31,27,28,31,27,29
1791409895.682446,-0.030255,0.687678,-1.455162,0.171227,0.753168,-1.456979,0.071610,0.678861,-1.427897,-0.220256,0.725065,-1.525743,28,27,28,27,27,28,31,27,28,31,27,29
1791409895.702372,-0.026712,0.687223,-1.456695,0.173679,0.754561,-1.452193,0.069520,0.677832,-1.426965,-0.222830,0.727275,-1.525743,28,27,28,27,27,28,31,27,28,31,27,29
1791409895.722265,-0.022958,0.686739,-1.457184,0.176223,0.755651,-1.447912,0.067431,0.676651,-1.426507,-0.225161,0.729183,-1.525775,28,27,28,27,27,28,31,27,28,31,27,29
1791409895.742439,-0.018568,0.685437,-1.458006,0.179674,0.756771,-1.443173,0.066160,0.675652,-1.426128,-0.227220,0.731302,-1.525759,28,27,28,27,27,28,31,27,28,31,27,29
1791409895.762387,-0.014934,0.684650,-1.458780,0.182399,0.757528,-1.438560,0.064373,0.674986,-1.425306,-0.229158,0.733149,-1.525759,28,27,28,27,27,28,31,27,28,31,27,29
1791409895.782340,-0.011422,0.684105,-1.460281,0.184791,0.758769,-1.435195,0.062375,0.673926,-1.424501,-0.231792,0.735117,-1.525775,28,27,28,27,27,28,31,27,28,31,27,29
1791409895.802396,-0.008636,0.683651,-1.462255,0.186789,0.759829,-1.431214,0.059650,0.672352,-1.424390,-0.235032,0.736419,-1.525743,28,27,28,27,27,28,31,27,28,31,27,29
1791409895.822293,-0.005700,0.683590,-1.465683,0.188546,0.760677,-1.427265,0.056925,0.671474,-1.424358,-0.238150,0.737812,-1.525743,28,27,28,27,27,28,31,27,28,31,27,29
1791409895.842374,-0.003762,0.683620,-1.468084,0.189545,0.761615,-1.423711,0.053564,0.670202,-1.424343,-0.242662,0.739053,-1.525743,28,27,28,27,27,28,31,27,28,31,27,29
1791409895.862230,-0.002006,0.683348,-1.470217,0.190241,0.762524,-1.419651,0.049568,0.668688,-1.424343,-0.247173,0.740294,-1.525728,28,27,28,27,27,28,31,27,28,31,27,29
1791409895.882417,0.000326,0.682863,-1.471228,0.191240,0.763583,-1.416191,0.046146,0.667689,-1.424358,-0.251170,0.741506,-1.525712,28,27,28,27,27,28,31,27,28,31,27,29
1791409895.902585,0.003384,0.682470,-1.472587,0.193117,0.764249,-1.411689,0.043694,0.667295,-1.424406,-0.253986,0.743019,-1.525680,28,27,28,27,27,28,31,27,28,31,27,29
1791409895.922394,0.006684,0.681198,-1.473550,0.195449,0.764825,-1.406997,0.041241,0.665872,-1.424453,-0.256983,0.744170,-1.525601,28,27,28,27,27,28,31,27,28,31,27,29
1791409895.942295,0.010014,0.679957,-1.474640,0.198022,0.765400,-1.403032,0.039758,0.664086,-1.424501,-0.259890,0.745139,-1.525538,28,27,28,27,27,28,31,27,28,31,27,29
1791409895.962380,0.013496,0.678776,-1.475177,0.200929,0.766096,-1.398925,0.038335,0.663056,-1.424580,-0.262494,0.746138,-1.525443,28,27,28,27,27,28,31,27,28,31,27,29
1791409895.982573,0.017130,0.676778,-1.475556,0.203715,0.766672,-1.394786,0.036669,0.661361,-1.424753,-0.264886,0.747167,-1.525364,28,27,28,27,27,28,31,27,28,31,27,29
1791409896.002482,0.020612,0.675143,-1.475746,0.206107,0.767126,-1.391011,0.036336,0.659302,-1.424927,-0.267974,0.747955,-1.525254,28,27,28,27,27,28,31,27,28,31,27,29
1791409896.022477,0.025002,0.673296,-1.475825,0.209013,0.767307,-1.387788,0.036912,0.657637,-1.425717,-0.270759,0.748409,-1.525111,28,27,28,27,27,28,31,27,28,31,27,29
1791409896.042429,0.028968,0.671842,-1.475856,0.212192,0.767580,-1.384724,0.038547,0.655366,-1.428150,-0.272818,0.748621,-1.524906,28,27,28,27,27,28,31,27,28,31,27,29
1791409896.062458,0.032783,0.671176,-1.475888,0.214766,0.767913,-1.381786,0.041514,0.654125,-1.432557,-0.275907,0.748893,-1.524606,28,27,28,27,27,28,31,27,28,31,27,29
1791409896.082459,0.035417,0.668875,-1.475856,0.216159,0.768095,-1.378215,0.047145,0.653247,-1.442746,-0.279267,0.749317,-1.524353,28,27,28,27,27,28,31,27,28,31,27,29
1791409896.102311,0.036326,0.668149,-1.475825,0.215947,0.768549,-1.375798,0.059559,0.653701,-1.461102,-0.284808,0.749711,-1.523990,28,27,28,27,27,28,31,27,28,31,27,29
1791409896.122311,0.037083,0.668209,-1.475793,0.215341,0.768942,-1.374282,0.075606,0.656093,-1.486125,-0.290379,0.750225,-1.523784,28,27,28,27,27,28,31,27,28,31,27,29
1791409896.142460,0.036871,0.667634,-1.475967,0.213827,0.769518,-1.372244,0.095468,0.658182,-1.509725,-0.296950,0.750347,-1.523658,28,27,28,27,27,28,31,27,28,31,27,29
1791409896.163011,0.034418,0.667089,-1.477673,0.209921,0.770184,-1.368232,0.119781,0.659847,-1.529629,-0.304973,0.750801,-1.523563,28,27,28,27,27,28,31,27,28,31,27,29
1791409896.182437,0.032632,0.666241,-1.478858,0.206318,0.771577,-1.365278,0.138523,0.663087,-1.547211,-0.310907,0.751437,-1.523595,28,27,28,27,27,28,31,27,28,31,27,29
1791409896.202360,0.032359,0.663425,-1.479663,0.204744,0.773302,-1.363256,0.152481,0.667992,-1.563277,-0.318537,0.751497,-1.523595,28,27,28,27,27,28,31,27,28,31,27,29
1791409896.222574,0.032692,0.660549,-1.481891,0.204108,0.774695,-1.361502,0.162987,0.674955,-1.575109,-0.325350,0.750528,-1.523579,28,27,28,27,27,28,31,27,28,31,27,29
1791409896.242310,0.033298,0.657339,-1.484181,0.203866,0.776512,-1.359891,0.170920,0.684554,-1.581207,-0.332768,0.749559,-1.523547,28,27,28,27,27,28,31,27,28,31,27,29
1791409896.262283,0.033903,0.654433,-1.486267,0.203533,0.778752,-1.358627,0.177066,0.694515,-1.581475,-0.339671,0.749045,-1.523547,28,27,28,27,27,28,31,27,28,31,27,29
1791409896.282662,0.034539,0.651829,-1.489347,0.203139,0.781568,-1.357743,0.182758,0.703174,-1.581396,-0.346483,0.748621,-1.523563,28,27,28,27,27,28,31,27,28,31,27,29
1791409896.302475,0.034993,0.649074,-1.492317,0.202564,0.784233,-1.357032,0.188269,0.711137,-1.581207,-0.353902,0.747773,-1.523579,28,27,28,27,27,28,31,27,28,31,27,29
1791409896.322490,0.035720,0.646773,-1.494560,0.202019,0.787200,-1.357000,0.192599,0.717132,-1.581128,-0.360623,0.746925,-1.523595,28,27,28,27,27,28,31,27,28,31,27,29
1791409896.342443,0.038415,0.644290,-1.496456,0.202473,0.790500,-1.356542,0.193386,0.719797,-1.580954,-0.367103,0.746653,-1.523627,28,27,28,27,27,28,31,27,28,31,27,29
1791409896.362350,0.041170,0.642019,-1.498762,0.203260,0.792953,-1.354267,0.192871,0.720251,-1.580559,-0.373521,0.746380,-1.523627,28,27,28,27,27,28,31,27,28,31,27,29
1791409896.382421,0.043078,0.640142,-1.500863,0.203624,0.795375,-1.351234,0.191751,0.720190,-1.579390,-0.380273,0.746108,-1.523642,28,27,28,27,27,28,31,27,28,31,27,29
1791409896.402414,0.044803,0.638840,-1.503564,0.203503,0.797706,-1.348485,0.189450,0.720099,-1.574651,-0.387903,0.746199,-1.523642,28,27,28,27,27,28,31,27,28,31,27,29
1791409896.422843,0.047619,0.637326,-1.505270,0.204139,0.800582,-1.345753,0.184757,0.718828,-1.572645,-0.393868,0.746471,-1.523674,28,27,28,27,27,28,31,27,28,31,27,29
1791409896.442660,0.050617,0.636145,-1.507277,0.205380,0.803247,-1.343857,0.182092,0.717919,-1.572471,-0.397986,0.746501,-1.523674,28,27,28,27,27,28,31,27,28,31,27,29
1791409896.462439,0.055037,0.634147,-1.508477,0.207832,0.805760,-1.340192,0.179004,0.715437,-1.571634,-0.403163,0.746744,-1.523705,28,27,28,27,27,28,31,27,28,31,27,29
1791409896.482434,0.059518,0.632603,-1.510278,0.210164,0.808182,-1.337364,0.175431,0.712954,-1.568995,-0.408068,0.746865,-1.523753,28,27,28,27,27,28,31,27,28,31,27,29
1791409896.502263,0.062788,0.631422,-1.512379,0.211435,0.809847,-1.333478,0.171223,0.710592,-1.566879,-0.413185,0.746986,-1.523705,28,27,28,27,27,28,31,27,28,31,27,29
1791409896.522404,0.067148,0.630362,-1.514591,0.213101,0.812118,-1.328882,0.166620,0.707776,-1.564241,-0.418272,0.747319,-1.523737,28,27,28,27,27,28,31,27,28,31,27,29
1791409896.542277,0.071720,0.629333,-1.516786,0.215402,0.813965,-1.324142,0.162442,0.705475,-1.561539,-0.422541,0.747531,-1.523769,28,27,28,27,27,28,31,27,28,31,27,29
1791409896.562368,0.076474,0.628031,-1.518903,0.217763,0.815873,-1.319751,0.158294,0.703023,-1.560149,-0.426991,0.747682,-1.523769,28,27,28,27,27,28,31,27,28,31,27,29
1791409896.582639,0.081530,0.626577,-1.520325,0.220064,0.818053,-1.314949,0.154055,0.700510,-1.557337,-0.431049,0.747864,-1.523832,28,27,28,27,27,28,31,27,28,31,27,29
1791409896.602338,0.086647,0.625215,-1.522631,0.222759,0.820172,-1.309767,0.149816,0.697119,-1.554225,-0.435621,0.748046,-1.523895,28,27,28,27,27,28,31,27,28,31,27,29
1791409896.622536,0.091431,0.624216,-1.524938,0.224848,0.821444,-1.303859,0.144911,0.693485,-1.550466,-0.440132,0.748015,-1.523911,28,27,28,27,27,28,31,27,28,31,27,29
1791409896.642309,0.097517,0.622944,-1.527860,0.227725,0.823472,-1.298946,0.140915,0.689913,-1.546801,-0.443735,0.747985,-1.524006,28,27,28,27,27,28,31,27,28,31,27,29
1791409896.662490,0.104117,0.621249,-1.530277,0.231570,0.825228,-1.293607,0.137251,0.685371,-1.542314,-0.447035,0.747652,-1.524164,28,27,28,27,27,28,31,27,28,31,27,29
1791409896.682397,0.109870,0.620310,-1.535190,0.234628,0.826954,-1.288789,0.132346,0.678892,-1.535395,-0.450245,0.746410,-1.524764,28,27,28,27,27,28,31,27,28,31,27,29
1791409896.702310,0.117015,0.618160,-1.540545,0.237595,0.828286,-1.284603,0.126018,0.669627,-1.525554,-0.453121,0.743262,-1.527007,28,27,28,27,27,28,31,27,28,31,27,29
1791409896.722347,0.123343,0.615890,-1.547575,0.240805,0.828831,-1.280069,0.119266,0.655820,-1.513485,-0.455422,0.737721,-1.531715,28,27,28,27,27,28,31,27,28,31,27,29
1791409896.742374,0.130580,0.613346,-1.555694,0.244862,0.829740,-1.276562,0.113029,0.638865,-1.497356,-0.456300,0.736631,-1.542741,28,27,28,27,27,28,31,27,28,31,27,29
1791409896.762344,0.139118,0.609077,-1.563071,0.249464,0.831254,-1.275472,0.111001,0.626269,-1.486046,-0.455785,0.736873,-1.567921,28,27,28,27,27,28,31,27,28,31,27,29
1791409896.782336,0.146687,0.605686,-1.569201,0.253188,0.832646,-1.274982,0.111576,0.615612,-1.476220,-0.434712,0.741566,-1.607572,28,27,28,27,27,28,31,27,28,31,27,29
1791409896.802681,0.148171,0.602779,-1.571997,0.252946,0.834645,-1.274556,0.107367,0.610495,-1.474166,-0.390295,0.739447,-1.656132,28,27,28,27,27,28,31,27,28,31,27,29
1791409896.822424,0.149654,0.600811,-1.573292,0.252461,0.835886,-1.271996,0.102129,0.607467,-1.474166,-0.330739,0.737600,-1.703538,28,27,28,27,27,28,31,27,28,31,27,29
1791409896.842320,0.150018,0.600115,-1.574603,0.250524,0.836431,-1.265599,0.094166,0.604681,-1.474198,-0.266854,0.731181,-1.729540,28,27,28,27,27,28,31,27,28,31,27,29
1791409896.862212,0.148837,0.599419,-1.576041,0.246073,0.836613,-1.257906,0.083478,0.601926,-1.474261,-0.215382,0.719554,-1.730709,28,27,28,27,27,28,31,27,28,31,27,29
1791409896.882554,0.148080,0.598268,-1.576925,0.242409,0.837127,-1.249928,0.073426,0.599050,-1.474229,-0.171298,0.711410,-1.722653,28,27,28,27,27,28,31,27,28,31,27,29
1791409896.902446,0.147535,0.597935,-1.577020,0.238594,0.839883,-1.245695,0.061981,0.596900,-1.474277,-0.141081,0.711167,-1.696809,28,27,28,27,27,28,31,27,28,31,27,29
1791409896.922566,0.148564,0.597723,-1.577020,0.236324,0.843395,-1.243214,0.051475,0.595871,-1.474451,-0.124822,0.717435,-1.647917,28,27,28,27,27,28,31,27,28,31,27,29
1791409896.942721,0.151592,0.597420,-1.576910,0.235748,0.849269,-1.242393,0.042846,0.594629,-1.474877,-0.121794,0.726851,-1.576309,28,27,28,27,27,28,31,27,28,31,27,29
1791409896.962437,0.152531,0.593787,-1.576831,0.231994,0.851540,-1.242583,0.033309,0.591692,-1.475130,-0.126608,0.717677,-1.560481,28,27,28,27,27,28,31,27,28,31,27,29
1791409896.982535,0.154014,0.588458,-1.575741,0.228239,0.853356,-1.243483,0.023559,0.588029,-1.472681,-0.142383,0.717859,-1.558269,28,27,28,27,27,28,31,27,28,31,27,29
1791409897.002437,0.146263,0.587731,-1.575298,0.223758,0.854083,-1.246642,0.018049,0.592056,-1.467579,-0.140960,0.716345,-1.555884,28,27,28,27,27,28,31,27,28,31,27,29
1791409897.022406,0.141540,0.587974,-1.574351,0.221790,0.858746,-1.263798,0.011963,0.592631,-1.467753,-0.145047,0.719070,-1.554715,28,27,28,27,27,28,31,27,28,31,27,29
1791409897.042334,0.141449,0.588519,-1.574366,0.218096,0.865134,-1.280037,0.009298,0.592298,-1.467737,-0.147954,0.720554,-1.554573,28,27,28,27,27,28,31,27,28,31,27,29
1791409897.062311,0.139330,0.589124,-1.574730,0.215977,0.870766,-1.294444,0.006997,0.592177,-1.467658,-0.152889,0.719403,-1.553609,28,27,28,27,27,28,31,27,28,31,27,29
1791409897.086400,0.135666,0.591668,-1.575662,0.214524,0.874520,-1.304475,0.004696,0.593176,-1.467674,-0.155220,0.718131,-1.552440,28,27,28,27,27,28,31,27,28,31,27,29
1791409897.106362,0.128702,0.593726,-1.575851,0.210406,0.873975,-1.302121,0.007421,0.595235,-1.467721,-0.156583,0.717041,-1.552266,28,27,28,27,27,28,31,27,28,31,27,29
1791409897.126597,0.121254,0.594968,-1.575804,0.205531,0.873884,-1.294665,0.007966,0.598838,-1.467579,-0.157854,0.715982,-1.551777,28,27,28,27,27,28,31,27,28,31,27,29
1791409897.146651,0.115532,0.595876,-1.575646,0.202685,0.874520,-1.291838,0.006634,0.600836,-1.467500,-0.158278,0.715679,-1.551603,28,27,28,27,27,28,31,27,28,31,27,29
1791409897.166306,0.109083,0.596815,-1.575598,0.198628,0.875731,-1.294602,0.004363,0.602199,-1.467310,-0.159338,0.715134,-1.551682,28,27,28,27,27,28,31,27,28,31,27,29
1791409897.186337,0.103572,0.597784,-1.575583,0.195297,0.877064,-1.298551,0.002274,0.603531,-1.467105,-0.160701,0.714710,-1.551745,28,27,28,27,27,28,31,27,28,31,27,29
1791409897.206618,0.098697,0.598783,-1.575598,0.191664,0.877669,-1.301174,0.000215,0.604712,-1.466947,-0.161185,0.714468,-1.551729,28,27,28,27,27,28,31,27,28,31,27,29
1791409897.226397,0.094428,0.599994,-1.575551,0.188303,0.877760,-1.302548,-0.001783,0.606377,-1.466836,-0.161185,0.714407,-1.551745,28,27,28,27,27,28,31,27,28,31,27,29
1791409897.246501,0.090492,0.601447,-1.575535,0.185972,0.877760,-1.303385,-0.002934,0.608103,-1.466805,-0.161276,0.714437,-1.551761,28,27,28,27,27,28,31,27,28,31,27,29
1791409897.266441,0.088100,0.602477,-1.575520,0.184519,0.878032,-1.305233,-0.003267,0.609405,-1.466821,-0.161185,0.714437,-1.551745,28,27,28,27,27,28,31,27,28,31,27,29
1791409897.286297,0.086011,0.603748,-1.575535,0.183883,0.878335,-1.307492,-0.002903,0.610616,-1.466805,-0.160791,0.714195,-1.551713,28,27,28,27,27,28,31,27,28,31,27,29
1791409897.306812,0.084346,0.605202,-1.575520,0.183156,0.878729,-1.308519,-0.002419,0.611918,-1.466805,-0.160398,0.714286,-1.551650,28,27,28,27,27,28,31,27,28,31,27,29
1791409897.326596,0.082469,0.606625,-1.575535,0.182157,0.878910,-1.308582,-0.002449,0.612796,-1.466805,-0.160277,0.714710,-1.551476,28,27,28,27,27,28,31,27,28,31,27,29
1791409897.346395,0.080682,0.608169,-1.575504,0.181037,0.878910,-1.308772,-0.002268,0.614461,-1.466821,-0.160156,0.714770,-1.550939,28,27,28,27,27,28,31,27,28,31,27,29
1791409897.366437,0.078775,0.609380,-1.575504,0.179917,0.879062,-1.309372,-0.002358,0.616399,-1.466821,-0.159853,0.714770,-1.549944,28,27,28,27,27,28,31,27,28,31,27,29
1791409897.386443,0.077382,0.610288,-1.575504,0.179250,0.879758,-1.311331,-0.002268,0.617549,-1.466852,-0.159490,0.714710,-1.549202,28,27,28,27,27,28,31,27,28,31,27,29
1791409897.406545,0.076201,0.611408,-1.575488,0.179069,0.880788,-1.313400,-0.001541,0.618972,-1.466836,-0.158460,0.714498,-1.548602,28,27,28,27,27,28,31,27,28,31,27,29
1791409897.426326,0.074930,0.612741,-1.575504,0.178857,0.881938,-1.315122,-0.000784,0.620123,-1.466852,-0.157643,0.714649,-1.548554,28,27,28,27,27,28,31,27,28,31,27,29
1791409897.446620,0.073809,0.614012,-1.575504,0.178524,0.882907,-1.316907,0.000094,0.621364,-1.466836,-0.156734,0.714922,-1.548459,28,27,28,27,27,28,31,27,28,31,27,29
1791409897.466393,0.072416,0.615223,-1.575520,0.178070,0.883422,-1.318013,0.000730,0.622727,-1.466868,-0.156280,0.715043,-1.548380,28,27,28,27,27,28,31,27,28,31,27,29
1791409897.486654,0.070327,0.616616,-1.575504,0.177010,0.883876,-1.318850,0.000821,0.624241,-1.466852,-0.155765,0.715255,-1.548238,28,27,28,27,27,28,31,27,28,31,27,29
1791409897.506387,0.068753,0.617676,-1.575520,0.176102,0.884088,-1.319403,0.000881,0.625512,-1.466836,-0.155402,0.715437,-1.548191,28,27,28,27,27,28,31,27,28,31,27,29
1791409897.526814,0.067451,0.618493,-1.575488,0.175617,0.884633,-1.320888,0.001335,0.626845,-1.466852,-0.154827,0.715527,-1.548017,28,27,28,27,27,28,31,27,28,31,27,29
1791409897.546370,0.066210,0.619583,-1.575456,0.175133,0.884754,-1.321394,0.001578,0.627783,-1.466868,-0.154161,0.715527,-1.547859,28,27,28,27,27,28,31,27,28,31,27,29
1791409897.566957,0.065089,0.620583,-1.575504,0.174648,0.885238,-1.322563,0.002002,0.628510,-1.466852,-0.153676,0.715588,-1.547685,28,27,28,27,27,28,31,27,28,31,27,29
1791409897.586535,0.064090,0.621279,-1.575472,0.174436,0.885269,-1.322705,0.002486,0.629025,-1.466868,-0.153373,0.715558,-1.547338,28,27,28,27,27,28,31,27,28,31,27,29
1791409897.606413,0.063000,0.622218,-1.575441,0.173891,0.885299,-1.322989,0.002819,0.630054,-1.466852,-0.152980,0.715497,-1.546516,28,27,28,27,27,28,31,27,28,31,27,29
1791409897.626427,0.062243,0.622884,-1.575425,0.173286,0.885208,-1.323163,0.002849,0.630841,-1.466868,-0.152919,0.715406,-1.545900,28,27,28,27,27,28,31,27,28,31,27,29
1791409897.646367,0.061486,0.623852,-1.575409,0.172983,0.885238,-1.323842,0.003273,0.631780,-1.466852,-0.152405,0.715346,-1.545158,28,27,28,27,27,28,31,27,28,31,27,29
1791409897.666319,0.060941,0.624579,-1.575409,0.172832,0.885511,-1.324758,0.003697,0.632446,-1.466868,-0.151860,0.715225,-1.544573,28,27,28,27,27,28,31,27,28,31,27,29
1791409897.686325,0.060336,0.625185,-1.575425,0.172801,0.885602,-1.325138,0.004242,0.632749,-1.466915,-0.151436,0.715043,-1.544289,28,27,28,27,27,28,31,27,28,31,27,29
1791409897.706605,0.059730,0.625911,-1.575409,0.172710,0.885783,-1.325627,0.004605,0.633324,-1.466884,-0.151072,0.715134,-1.544084,28,27,28,27,27,28,31,27,28,31,27,29
1791409897.726439,0.059155,0.626668,-1.575393,0.172559,0.885935,-1.326275,0.005090,0.634414,-1.466900,-0.150346,0.715194,-1.543926,28,27,28,27,27,28,31,27,28,31,27,29
1791409897.746551,0.058519,0.627365,-1.575409,0.172498,0.886147,-1.326654,0.005574,0.635171,-1.466931,-0.149770,0.715194,-1.543783,28,27,28,27,27,28,31,27,28,31,27,29
1791409897.766623,0.057974,0.628152,-1.575409,0.172408,0.886268,-1.327049,0.006028,0.635716,-1.466931,-0.149286,0.715164,-1.543752,28,27,28,27,27,28,31,27,28,31,27,29
1791409897.786650,0.057671,0.628727,-1.575409,0.172256,0.886419,-1.327397,0.006301,0.636109,-1.466915,-0.149135,0.715285,-1.543641,28,27,28,27,27,28,31,27,28,31,27,29
1791409897.806322,0.057157,0.629272,-1.575377,0.172075,0.886571,-1.328313,0.006785,0.636624,-1.466947,-0.148802,0.715285,-1.543531,28,27,28,27,27,28,31,27,28,31,27,29
1791409897.826650,0.056581,0.629666,-1.575393,0.172075,0.886904,-1.329213,0.007421,0.637048,-1.466931,-0.148135,0.715225,-1.543420,28,27,28,27,27,28,31,27,28,31,27,29
1791409897.846464,0.056309,0.629969,-1.575409,0.172075,0.887267,-1.330919,0.007845,0.637351,-1.466947,-0.147378,0.715164,-1.543373,28,27,28,27,27,28,31,27,28,31,27,29
1791409897.866344,0.055976,0.630241,-1.575409,0.172135,0.887661,-1.332262,0.008663,0.637593,-1.466963,-0.146410,0.714922,-1.543373,28,27,28,27,27,28,31,27,28,31,27,29
1791409897.886451,0.055158,0.630847,-1.575393,0.172075,0.888054,-1.333447,0.009238,0.638108,-1.466931,-0.145834,0.714861,-1.543309,28,27,28,27,27,28,31,27,28,31,27,29
1791409897.906289,0.054734,0.631331,-1.575409,0.171984,0.888418,-1.334726,0.009722,0.638774,-1.466963,-0.145350,0.714740,-1.543325,28,27,28,27,27,28,31,27,28,31,27,29
1791409897.926836,0.054341,0.631785,-1.575409,0.171984,0.888781,-1.335737,0.010267,0.639107,-1.466915,-0.145017,0.714649,-1.543309,28,27,28,27,27,28,31,27,28,31,27,29
1791409897.946350,0.053735,0.632421,-1.575393,0.171893,0.889326,-1.337112,0.011115,0.639834,-1.466931,-0.144139,0.714498,-1.543294,28,27,28,27,27,28,31,27,28,31,27,29
1791409897.966483,0.053160,0.632966,-1.575377,0.171923,0.889629,-1.337759,0.011842,0.640409,-1.466915,-0.143079,0.714528,-1.543294,28,27,28,27,27,28,31,27,28,31,27,29
1791409897.986312,0.052797,0.633390,-1.575393,0.171863,0.890143,-1.339229,0.012356,0.640833,-1.466947,-0.142443,0.714528,-1.543278,28,27,28,27,27,28,31,27,28,31,27,29
1791409898.006421,0.052433,0.633814,-1.575393,0.171923,0.890476,-1.340792,0.012962,0.641287,-1.466947,-0.141777,0.714407,-1.543278,28,27,28,27,27,28,31,27,28,31,27,29
1791409898.026287,0.051919,0.634238,-1.575377,0.171984,0.890840,-1.341250,0.013386,0.641469,-1.466947,-0.141444,0.714316,-1.543246,28,27,28,27,27,28,31,27,28,31,27,29
1791409898.046756,0.051162,0.634813,-1.575377,0.171802,0.890961,-1.341487,0.013477,0.642226,-1.466947,-0.141141,0.714316,-1.543262,28,27,28,27,27,28,31,27,28,31,27,29
1791409898.066395,0.050738,0.635328,-1.575393,0.171620,0.890991,-1.341788,0.013901,0.643073,-1.466963,-0.140657,0.714377,-1.543262,28,27,28,27,27,28,31,27,28,31,27,29
1791409898.086476,0.050405,0.635721,-1.575362,0.171499,0.890961,-1.342151,0.014173,0.643527,-1.466979,-0.140354,0.714347,-1.543215,28,27,28,27,27,28,31,27,28,31,27,29
1791409898.106644,0.050193,0.635964,-1.575362,0.171439,0.891264,-1.342814,0.014476,0.643649,-1.466979,-0.140142,0.714347,-1.543167,28,27,28,27,27,28,31,27,28,31,27,29
1791409898.126388,0.049769,0.636387,-1.575346,0.171499,0.891355,-1.343415,0.015051,0.644042,-1.466994,-0.139234,0.714316,-1.543167,28,27,28,27,27,28,31,27,28,31,27,29
1791409898.146501,0.049829,0.636660,-1.575330,0.171530,0.891566,-1.343904,0.015414,0.644163,-1.466947,-0.138961,0.714347,-1.543136,28,27,28,27,27,28,31,27,28,31,27,29
1791409898.166318,0.049648,0.636932,-1.575330,0.171530,0.891597,-1.344663,0.015929,0.644527,-1.466979,-0.138326,0.714286,-1.543009,28,27,28,27,27,28,31,27,28,31,27,29
1791409898.186402,0.049436,0.637175,-1.575314,0.171590,0.891627,-1.345137,0.016383,0.644769,-1.466979,-0.137811,0.714195,-1.542899,28,27,28,27,27,28,31,27,28,31,27,29
1791409898.206413,0.049194,0.637417,-1.575346,0.171620,0.891657,-1.345326,0.016595,0.644890,-1.466979,-0.137599,0.714074,-1.542741,28,27,28,27,27,28,31,27,28,31,27,29
1791409898.226450,0.048951,0.637568,-1.575346,0.171560,0.891597,-1.345437,0.016716,0.645041,-1.466979,-0.137508,0.713923,-1.542567,28,27,28,27,27,28,31,27,28,31,27,29
1791409898.247149,0.048346,0.637841,-1.575314,0.171469,0.891506,-1.345610,0.017171,0.645617,-1.466979,-0.136993,0.713741,-1.542377,28,27,28,27,27,28,31,27,28,31,27,29
1791409898.266373,0.048134,0.637962,-1.575298,0.171499,0.891536,-1.345942,0.017171,0.645829,-1.466979,-0.136872,0.713681,-1.542283,28,27,28,27,27,28,31,27,28,31,27,29
1791409898.286483,0.047922,0.638083,-1.575298,0.171469,0.891657,-1.346858,0.017292,0.646010,-1.466963,-0.136781,0.713559,-1.542235,28,27,28,27,27,28,31,27,28,31,27,29
1791409898.306683,0.047559,0.638234,-1.575330,0.171499,0.891718,-1.347174,0.017655,0.646222,-1.466979,-0.136388,0.713378,-1.542204,28,27,28,27,27,28,31,27,28,31,27,29
1791409898.326429,0.047377,0.638477,-1.575298,0.171439,0.891748,-1.347285,0.017746,0.646525,-1.466979,-0.136236,0.713347,-1.542188,28,27,28,27,27,28,31,27,28,31,27,29
1791409898.346622,0.046983,0.638779,-1.575267,0.171378,0.891748,-1.347364,0.018018,0.646949,-1.466979,-0.136146,0.713317,-1.542140,28,27,28,27,27,28,31,27,28,31,27,29
1791409898.366670,0.046559,0.639143,-1.575283,0.171257,0.891839,-1.347569,0.018351,0.647464,-1.466979,-0.135510,0.713378,-1.542093,28,27,28,27,27,28,31,27,28,31,27,29
1791409898.386404,0.046620,0.639355,-1.575267,0.171318,0.892021,-1.347901,0.018442,0.647615,-1.466979,-0.135358,0.713378,-1.541998,28,27,28,27,27,28,31,27,28,31,27,29
1791409898.406260,0.046408,0.639688,-1.575251,0.171318,0.892081,-1.348596,0.018806,0.647827,-1.466994,-0.134874,0.713378,-1.541951,28,27,28,27,27,28,31,27,28,31,27,29
1791409898.426479,0.046408,0.639930,-1.575283,0.171318,0.892263,-1.348991,0.019351,0.647948,-1.466994,-0.134541,0.713317,-1.541840,28,27,28,27,27,28,31,27,28,31,27,29
1791409898.446423,0.046317,0.640202,-1.575267,0.171348,0.892263,-1.349117,0.019684,0.648130,-1.467010,-0.134299,0.713287,-1.541746,28,27,28,27,27,28,31,27,28,31,27,29
1791409898.466547,0.046105,0.640475,-1.575251,0.171378,0.892233,-1.349228,0.020168,0.648584,-1.467010,-0.133693,0.713226,-1.541682,28,27,28,27,27,28,31,27,28,31,27,29
1791409898.486427,0.046136,0.640596,-1.575267,0.171378,0.892233,-1.349307,0.020229,0.648614,-1.467010,-0.133602,0.713257,-1.541556,28,27,28,27,27,28,31,27,28,31,27,29
1791409898.506676,0.045863,0.640808,-1.575251,0.171348,0.892202,-1.349433,0.020501,0.648735,-1.466994,-0.133542,0.713075,-1.541398,28,27,28,27,27,28,31,27,28,31,27,29
1791409898.526795,0.045500,0.640929,-1.575251,0.171348,0.892202,-1.349702,0.020562,0.648977,-1.466979,-0.133239,0.712893,-1.541098,28,27,28,27,27,28,31,27,28,31,27,29
1791409898.546371,0.045348,0.640929,-1.575235,0.171287,0.892172,-1.350081,0.020683,0.649129,-1.467026,-0.132936,0.712560,-1.540703,28,27,28,27,27,28,31,27,28,31,27,29
1791409898.566658,0.045288,0.640929,-1.575235,0.171318,0.892172,-1.350602,0.020804,0.649129,-1.467042,-0.132876,0.712288,-1.540434,28,27,28,27,27,28,31,27,28,31,27,29
1791409898.586337,0.045015,0.641020,-1.575251,0.171287,0.892202,-1.350934,0.021137,0.649250,-1.467026,-0.132603,0.712136,-1.540324,28,27,28,27,27,28,31,27,28,31,27,29
1791409898.606408,0.044894,0.641111,-1.575219,0.171318,0.892172,-1.351060,0.021288,0.649401,-1.467026,-0.132361,0.711924,-1.540261,28,27,28,27,27,28,31,27,28,31,27,29
1791409898.626713,0.044773,0.641292,-1.575235,0.171287,0.892142,-1.351108,0.021440,0.649432,-1.467026,-0.132119,0.711864,-1.540197,28,27,28,27,27,28,31,27,28,31,27,29
1791409898.646580,0.044713,0.641292,-1.575235,0.171257,0.892051,-1.351108,0.021682,0.649553,-1.467042,-0.131816,0.711803,-1.540118,28,27,28,27,27,28,31,27,28,31,27,29
1791409898.666746,0.044682,0.641292,-1.575251,0.171318,0.891990,-1.351108,0.021954,0.649704,-1.467058,-0.131150,0.711622,-1.540071,28,27,28,27,27,28,31,27,28,31,27,29
1791409898.686297,0.044622,0.641383,-1.575235,0.171378,0.891960,-1.351187,0.022136,0.649795,-1.467042,-0.130696,0.711622,-1.540040,28,27,28,27,27,28,31,27,28,31,27,29
1791409898.706361,0.044622,0.641444,-1.575219,0.171408,0.891930,-1.351297,0.022348,0.649916,-1.467058,-0.130514,0.711622,-1.540055,28,27,28,27,27,28,31,27,28,31,27,29
1791409898.726485,0.044591,0.641535,-1.575219,0.171408,0.891869,-1.351361,0.022681,0.650158,-1.467010,-0.130272,0.711501,-1.539961,28,27,28,27,27,28,31,27,28,31,27,29
1791409898.746543,0.044591,0.641656,-1.575219,0.171408,0.891778,-1.351439,0.023014,0.650310,-1.467026,-0.129969,0.711470,-1.539913,28,27,28,27,27,28,31,27,28,31,27,29
1791409898.766771,0.044622,0.641777,-1.575219,0.171439,0.891748,-1.351487,0.023287,0.650431,-1.467026,-0.129817,0.711440,-1.539834,28,27,28,27,27,28,31,27,28,31,27,29
1791409898.786422,0.044531,0.642019,-1.575204,0.171469,0.891718,-1.351519,0.023529,0.650643,-1.467026,-0.129575,0.711440,-1.539755,28,27,28,27,27,28,31,27,28,31,27,29
1791409898.806304,0.044228,0.642261,-1.575204,0.171408,0.891748,-1.351519,0.023741,0.651036,-1.467042,-0.129212,0.711470,-1.539692,28,27,28,27,27,28,31,27,28,31,27,29
1791409898.826524,0.044016,0.642503,-1.575204,0.171439,0.891748,-1.351598,0.023923,0.651400,-1.467042,-0.128939,0.711470,-1.539597,28,27,28,27,27,28,31,27,28,31,27,29
1791409898.846408,0.043956,0.642746,-1.575188,0.171408,0.891869,-1.351645,0.024044,0.651612,-1.467042,-0.128788,0.711501,-1.539376,28,27,28,27,27,28,31,27,28,31,27,29
1791409898.866251,0.043895,0.643049,-1.575204,0.171439,0.891899,-1.351661,0.024104,0.651763,-1.467058,-0.128697,0.711501,-1.539013,28,27,28,27,27,28,31,27,28,31,27,29
1791409898.886333,0.043532,0.643382,-1.575188,0.171378,0.891899,-1.351676,0.024256,0.652096,-1.467042,-0.128425,0.711440,-1.538491,28,27,28,27,27,28,31,27,28,31,27,29
1791409898.906414,0.043471,0.643684,-1.575188,0.171439,0.891899,-1.351708,0.024467,0.652368,-1.467042,-0.127940,0.711410,-1.538333,28,27,28,27,27,28,31,27,28,31,27,29
1791409898.926347,0.043532,0.643805,-1.575172,0.171408,0.891899,-1.351724,0.024589,0.652429,-1.467042,-0.127759,0.711410,-1.538223,28,27,28,27,27,28,31,27,28,31,27,29
1791409898.946563,0.043471,0.644017,-1.575172,0.171439,0.891839,-1.351724,0.024679,0.652550,-1.467042,-0.127547,0.711379,-1.538144,28,27,28,27,27,28,31,27,28,31,27,29
1791409898.966598,0.043441,0.644169,-1.575188,0.171439,0.891869,-1.351755,0.024922,0.652702,-1.467058,-0.127244,0.711349,-1.538049,28,27,28,27,27,28,31,27,28,31,27,29
1791409898.986557,0.043320,0.644260,-1.575156,0.171439,0.891809,-1.351771,0.025134,0.652913,-1.467058,-0.126850,0.711289,-1.538018,28,27,28,27,27,28,31,27,28,31,27,29
1791409899.006445,0.043259,0.644350,-1.575172,0.171469,0.891839,-1.351929,0.025194,0.653065,-1.467042,-0.126699,0.711289,-1.537970,28,27,28,27,27,28,31,27,28,31,27,29
1791409899.026469,0.043259,0.644381,-1.575156,0.171408,0.891839,-1.352308,0.025194,0.653095,-1.467042,-0.126699,0.711289,-1.537939,28,27,28,27,27,28,31,27,28,31,27,29
1791409899.046327,0.043108,0.644472,-1.575172,0.171469,0.891839,-1.352845,0.025406,0.653125,-1.467042,-0.126638,0.711258,-1.537907,28,27,28,27,27,28,31,27,28,31,27,29
1791409899.066213,0.043017,0.644502,-1.575156,0.171469,0.891899,-1.353193,0.025557,0.653156,-1.467058,-0.126366,0.711046,-1.537860,28,27,28,27,27,28,31,27,28,31,27,29
1791409899.086620,0.042987,0.644502,-1.575156,0.171469,0.891960,-1.353383,0.025709,0.653186,-1.467058,-0.126275,0.711016,-1.537875,28,27,28,27,27,28,31,27,28,31,27,29
1791409899.106431,0.042926,0.644532,-1.575156,0.171469,0.891990,-1.353588,0.025739,0.653216,-1.467058,-0.126184,0.710986,-1.537875,28,27,28,27,27,28,31,27,28,31,27,29
1791409899.126350,0.042744,0.644593,-1.575156,0.171469,0.891990,-1.353856,0.025830,0.653277,-1.467058,-0.126033,0.710895,-1.537860,28,27,28,27,27,28,31,27,28,31,27,29
1791409899.146317,0.042744,0.644593,-1.575156,0.171408,0.892051,-1.354536,0.025981,0.653337,-1.467058,-0.126003,0.710865,-1.537860,28,27,28,27,27,28,31,27,28,31,27,29
1791409899.166550,0.042654,0.644593,-1.575156,0.171439,0.892172,-1.355294,0.026375,0.653337,-1.467073,-0.125700,0.710622,-1.537844,28,27,28,27,27,28,31,27,28,31,27,29
1791409899.186418,0.042623,0.644562,-1.575140,0.171530,0.892142,-1.355436,0.026526,0.653368,-1.467089,-0.125548,0.710320,-1.537844,28,27,28,27,27,28,31,27,28,31,27,29
1791409899.206489,0.042411,0.644562,-1.575140,0.171439,0.892081,-1.355531,0.026769,0.653337,-1.467073,-0.125488,0.710289,-1.537844,28,27,28,27,27,28,31,27,28,31,27,29
1791409899.226449,0.042381,0.644593,-1.575156,0.171439,0.892081,-1.355626,0.027011,0.653368,-1.467073,-0.125367,0.710199,-1.537844,28,27,28,27,27,28,31,27,28,31,27,29
1791409899.246372,0.042109,0.644593,-1.575125,0.171408,0.892081,-1.355799,0.027132,0.653428,-1.467073,-0.125215,0.710077,-1.537844,28,27,28,27,27,28,31,27,28,31,27,29
1791409899.266345,0.041988,0.644623,-1.575156,0.171469,0.892111,-1.356242,0.027344,0.653458,-1.467073,-0.124973,0.710017,-1.537828,28,27,28,27,27,28,31,27,28,31,27,29
1791409899.286510,0.042078,0.644623,-1.575156,0.171499,0.892172,-1.357016,0.027465,0.653489,-1.467073,-0.124882,0.709866,-1.537828,28,27,28,27,27,28,31,27,28,31,27,29
1791409899.306657,0.042018,0.644623,-1.575140,0.171499,0.892233,-1.357142,0.027586,0.653519,-1.467073,-0.124822,0.709835,-1.537812,28,27,28,27,27,28,31,27,28,31,27,29
1791409899.326497,0.041776,0.644744,-1.575140,0.171560,0.892233,-1.357300,0.028071,0.653731,-1.467073,-0.124337,0.709805,-1.537844,28,27,28,27,27,28,31,27,28,31,27,29
1791409899.346613,0.041957,0.644774,-1.575140,0.171590,0.892202,-1.357458,0.028161,0.653822,-1.467042,-0.123913,0.709775,-1.537828,28,27,28,27,27,28,31,27,28,31,27,29
1791409899.366282,0.041897,0.644865,-1.575156,0.171560,0.892142,-1.357585,0.028192,0.653852,-1.467089,-0.123823,0.709532,-1.537812,28,27,28,27,27,28,31,27,28,31,27,29
1791409899.386466,0.041745,0.644865,-1.575140,0.171560,0.892142,-1.357885,0.028373,0.653852,-1.467058,-0.123611,0.709381,-1.537812,28,27,28,27,27,28,31,27,28,31,27,29
1791409899.406363,0.041624,0.644835,-1.575140,0.171590,0.892172,-1.358880,0.028585,0.653882,-1.467073,-0.123368,0.709139,-1.537812,28,27,28,27,27,28,31,27,28,31,27,29
1791409899.426374,0.041624,0.644805,-1.575125,0.171620,0.892293,-1.359717,0.028858,0.653882,-1.467058,-0.122884,0.708685,-1.537796,28,27,28,27,27,28,31,27,28,31,27,29
1791409899.446560,0.041473,0.644744,-1.575125,0.171651,0.892384,-1.360317,0.028979,0.653822,-1.467073,-0.122733,0.708352,-1.537812,28,27,28,27,27,28,31,27,28,31,27,29
1791409899.466500,0.041231,0.644714,-1.575140,0.171651,0.892384,-1.361407,0.029403,0.653822,-1.467058,-0.122309,0.708019,-1.537796,28,27,28,27,27,28,31,27,28,31,27,29
1791409899.486553,0.040776,0.644714,-1.575109,0.171620,0.892354,-1.361644,0.029615,0.653822,-1.467089,-0.122157,0.707625,-1.537781,28,27,28,27,27,28,31,27,28,31,27,29
1791409899.506349,0.040201,0.644744,-1.575125,0.171530,0.892354,-1.362276,0.029766,0.653913,-1.467058,-0.122006,0.707443,-1.537765,28,27,28,27,27,28,31,27,28,31,27,29
1791409899.526403,0.039747,0.644653,-1.575140,0.171499,0.892444,-1.363556,0.029978,0.653852,-1.467058,-0.121824,0.707050,-1.537765,28,27,28,27,27,28,31,27,28,31,27,29
1791409899.546863,0.039565,0.644653,-1.575125,0.171530,0.892475,-1.364156,0.030281,0.653852,-1.467073,-0.121461,0.706626,-1.537765,28,27,28,27,27,28,31,27,28,31,27,29
1791409899.566543,0.039444,0.644623,-1.575156,0.171499,0.892626,-1.364962,0.030372,0.653852,-1.467089,-0.121310,0.706535,-1.537765,28,27,28,27,27,28,31,27,28,31,27,29
1791409899.586587,0.039202,0.644623,-1.575156,0.171530,0.892656,-1.365294,0.030886,0.653913,-1.467073,-0.120946,0.706262,-1.537781,28,27,28,27,27,28,31,27,28,31,27,29
1791409899.606498,0.039020,0.644623,-1.575156,0.171499,0.892626,-1.365483,0.031129,0.653882,-1.467073,-0.120704,0.706111,-1.537749,28,27,28,27,27,28,31,27,28,31,27,29
1791409899.626373,0.038930,0.644683,-1.575125,0.171560,0.892626,-1.365594,0.031310,0.653943,-1.467058,-0.120431,0.706081,-1.537781,28,27,28,27,27,28,31,27,28,31,27,29
1791409899.646723,0.038808,0.644714,-1.575125,0.171499,0.892535,-1.365673,0.031492,0.653943,-1.467089,-0.120220,0.705869,-1.537765,28,27,28,27,27,28,31,27,28,31,27,29
1791409899.666478,0.038718,0.644714,-1.575125,0.171560,0.892475,-1.365783,0.031764,0.653943,-1.467073,-0.119765,0.705687,-1.537733,28,27,28,27,27,28,31,27,28,31,27,29
1791409899.686389,0.038748,0.644714,-1.575125,0.171560,0.892475,-1.365862,0.031825,0.654034,-1.467073,-0.119614,0.705596,-1.537717,28,27,28,27,27,28,31,27,28,31,27,29
1791409899.706490,0.038657,0.644744,-1.575109,0.171560,0.892354,-1.365957,0.031946,0.654003,-1.467089,-0.119372,0.705536,-1.537702,28,27,28,27,27,28,31,27,28,31,27,29
1791409899.726362,0.038718,0.644744,-1.575109,0.171590,0.892354,-1.366020,0.031976,0.654003,-1.467089,-0.119281,0.705354,-1.537638,28,27,28,27,27,28,31,27,28,31,27,29
1791409899.746395,0.038657,0.644774,-1.575093,0.171499,0.892293,-1.366068,0.032188,0.654034,-1.467089,-0.119099,0.705324,-1.537559,28,27,28,27,27,28,31,27,28,31,27,29
1791409899.766390,0.038596,0.644805,-1.575109,0.171560,0.892263,-1.366131,0.032279,0.654125,-1.467089,-0.118948,0.705142,-1.537512,28,27,28,27,27,28,31,27,28,31,27,29
1791409899.786672,0.038566,0.644835,-1.575093,0.171590,0.892233,-1.366257,0.032249,0.654094,-1.467073,-0.118857,0.705051,-1.537417,28,27,28,27,27,28,31,27,28,31,27,29
1791409899.806609,0.038475,0.644835,-1.575109,0.171590,0.892172,-1.366415,0.032370,0.654094,-1.467073,-0.118675,0.704930,-1.537354,28,27,28,27,27,28,31,27,28,31,27,29
1791409899.826494,0.038415,0.644835,-1.575093,0.171590,0.892142,-1.366857,0.032521,0.654125,-1.467073,-0.118524,0.704749,-1.537212,28,27,28,27,27,28,31,27,28,31,27,29
1791409899.846314,0.038445,0.644774,-1.575109,0.171590,0.892172,-1.367410,0.032552,0.654125,-1.467089,-0.118463,0.704476,-1.537006,28,27,28,27,27,28,31,27,28,31,27,29
1791409899.866546,0.038294,0.644744,-1.575093,0.171560,0.892142,-1.367521,0.032612,0.654125,-1.467073,-0.118433,0.704173,-1.536864,28,27,28,27,27,28,31,27,28,31,27,29
1791409899.886339,0.038082,0.644774,-1.575093,0.171530,0.892111,-1.367679,0.032612,0.654125,-1.467073,-0.118433,0.703992,-1.536754,28,27,28,27,27,28,31,27,28,31,27,29
1791409899.906403,0.037840,0.644744,-1.575093,0.171469,0.892021,-1.367805,0.032703,0.654125,-1.467089,-0.118403,0.703840,-1.536643,28,27,28,27,27,28,31,27,28,31,27,29
1791409899.926323,0.037658,0.644744,-1.575093,0.171499,0.892021,-1.368090,0.032764,0.654155,-1.467089,-0.118312,0.703659,-1.536564,28,27,28,27,27,28,31,27,28,31,27,29
1791409899.946368,0.037567,0.644744,-1.575077,0.171499,0.892111,-1.368642,0.032733,0.654185,-1.467073,-0.118252,0.703598,-1.536517,28,27,28,27,27,28,31,27,28,31,27,29
1791409899.966479,0.037567,0.644744,-1.575077,0.171499,0.892202,-1.369195,0.032885,0.654155,-1.467073,-0.118130,0.703477,-1.536501,28,27,28,27,27,28,31,27,28,31,27,29
1791409899.986356,0.037416,0.644744,-1.575093,0.171469,0.892233,-1.369274,0.033006,0.654185,-1.467073,-0.118130,0.703447,-1.536438,28,27,28,27,27,28,31,27,28,31,27,29
1791409900.006742,0.036416,0.644320,-1.578695,0.173195,0.896229,-1.370791,0.032461,0.653428,-1.470596,-0.118100,0.702538,-1.540213,28,27,28,27,27,28,31,27,28,31,27,29
1791409900.026374,0.035811,0.645440,-1.590305,0.175647,0.902951,-1.378484,0.031280,0.654306,-1.481844,-0.118070,0.703719,-1.550813,28,27,28,27,27,28,31,27,28,31,27,29
1791409900.046252,0.035296,0.648529,-1.602501,0.177131,0.909491,-1.390284,0.029221,0.656668,-1.492491,-0.117767,0.706535,-1.561650,28,27,28,27,27,28,31,27,28,31,27,29
1791409900.066387,0.034872,0.652434,-1.620446,0.179099,0.918725,-1.406997,0.027071,0.660392,-1.506045,-0.117706,0.710774,-1.574414,28,27,28,27,27,28,31,27,28,31,27,29
1791409900.086461,0.034842,0.657430,-1.638186,0.180764,0.927173,-1.423821,0.024770,0.664903,-1.521052,-0.117888,0.715225,-1.589595,28,27,28,27,27,28,31,27,28,31,27,29
1791409900.106364,0.034903,0.663123,-1.653525,0.181915,0.934530,-1.438607,0.023075,0.669445,-1.535759,-0.118130,0.719433,-1.603670,28,27,28,27,27,28,31,27,28,31,27,29
1791409900.126496,0.034812,0.668815,-1.668106,0.182732,0.939768,-1.452287,0.021591,0.673987,-1.549913,-0.118373,0.723490,-1.616876,28,27,28,27,27,28,31,27,28,31,27,29
1791409900.146291,0.034691,0.672902,-1.680633,0.183186,0.945309,-1.466252,0.020319,0.678710,-1.564272,-0.118403,0.727487,-1.629593,28,27,28,27,27,28,31,27,28,31,27,29
1791409900.166258,0.034448,0.676445,-1.694360,0.183338,0.949790,-1.478700,0.019653,0.684190,-1.579864,-0.118191,0.731908,-1.643289,28,27,28,27,27,28,31,27,28,31,27,29
1791409900.186254,0.034055,0.680169,-1.706129,0.183186,0.954180,-1.491732,0.019229,0.689156,-1.594697,-0.117767,0.735389,-1.655863,28,27,28,27,27,28,31,27,28,31,27,29
1791409900.206639,0.033268,0.684256,-1.719477,0.183005,0.957814,-1.505918,0.019260,0.695029,-1.609941,-0.116919,0.739144,-1.669053,28,27,28,27,27,28,31,27,28,31,27,29
1791409900.226383,0.031784,0.688313,-1.731515,0.182641,0.961629,-1.519772,0.019593,0.700873,-1.625596,-0.115708,0.741899,-1.681470,28,27,28,27,27,28,31,27,28,31,27,29
1791409900.246308,0.030149,0.692249,-1.744042,0.182157,0.965201,-1.533136,0.019956,0.706989,-1.643241,-0.114437,0.744533,-1.694708,28,27,28,27,27,28,31,27,28,31,27,29
1791409900.266355,0.028272,0.696276,-1.754926,0.181673,0.969259,-1.547527,0.020319,0.713257,-1.658090,-0.113104,0.747500,-1.707977,28,27,28,27,27,28,31,27,28,31,27,29
1791409900.286427,0.026546,0.699970,-1.767295,0.181279,0.973195,-1.561286,0.020531,0.719433,-1.674172,-0.111893,0.750619,-1.721262,28,27,28,27,27,28,31,27,28,31,27,29
1791409900.306449,0.025214,0.703967,-1.780517,0.180885,0.977464,-1.574761,0.020864,0.725610,-1.689637,-0.110712,0.753919,-1.733774,28,27,28,27,27,28,31,27,28,31,27,29
1791409900.326397,0.023670,0.708145,-1.792649,0.180522,0.981793,-1.588362,0.021046,0.731665,-1.705197,-0.109986,0.757643,-1.746901,28,27,28,27,27,28,31,27,28,31,27,29
1791409900.346437,0.022095,0.712687,-1.803817,0.180280,0.986698,-1.601506,0.020986,0.737479,-1.721689,-0.109108,0.761307,-1.760818,28,27,28,27,27,28,31,27,28,31,27,29
1791409900.366563,0.020642,0.717713,-1.815254,0.179947,0.992451,-1.615786,0.020955,0.743897,-1.735985,-0.108290,0.765364,-1.773377,28,27,28,27,27,28,31,27,28,31,27,29
1791409900.386492,0.019067,0.722436,-1.827197,0.179735,0.997962,-1.629292,0.020986,0.749499,-1.750376,-0.107261,0.769573,-1.786393,28,27,28,27,27,28,31,27,28,31,27,29
1791409900.406517,0.017644,0.726705,-1.839250,0.179432,1.003714,-1.642072,0.021016,0.755978,-1.764767,-0.106019,0.773781,-1.798699,28,27,28,27,27,28,31,27,28,31,27,29
1791409900.426432,0.015767,0.731943,-1.850908,0.178887,1.009346,-1.656353,0.020895,0.762791,-1.777721,-0.104869,0.778172,-1.810357,28,27,28,27,27,28,31,27,28,31,27,29
1791409900.446558,0.013951,0.737181,-1.864336,0.178281,1.015432,-1.670001,0.020834,0.768755,-1.790927,-0.103022,0.782441,-1.822221,28,27,28,27,27,28,31,27,28,31,27,29
1791409900.466520,0.011801,0.742571,-1.876025,0.177555,1.021427,-1.683555,0.020531,0.774659,-1.804844,-0.101114,0.786922,-1.834827,28,27,28,27,27,28,31,27,28,31,27,29
1791409900.489041,0.009288,0.749565,-1.890401,0.176495,1.029087,-1.699147,0.019956,0.782077,-1.820373,-0.097451,0.793129,-1.848286,28,27,28,27,27,28,31,27,28,31,27,29
1791409900.508758,0.006926,0.754742,-1.902217,0.175405,1.034961,-1.713759,0.018987,0.788042,-1.833026,-0.093303,0.799003,-1.859375,28,27,28,27,27,28,31,27,28,31,27,29
1791409900.528372,0.004201,0.760313,-1.915691,0.173770,1.041743,-1.726981,0.017231,0.794764,-1.846754,-0.086218,0.806844,-1.870023,28,27,28,27,27,28,31,27,28,31,27,29
1791409900.548655,0.001234,0.765854,-1.928708,0.171681,1.048646,-1.740535,0.014234,0.800577,-1.859818,-0.078467,0.814838,-1.879627,28,27,28,27,27,28,31,27,28,31,27,29
1791409900.568448,-0.001824,0.771001,-1.944079,0.169259,1.055761,-1.753314,0.010237,0.806239,-1.873719,-0.069414,0.823709,-1.890069,28,27,28,27,27,28,31,27,28,31,27,29
1791409900.588310,-0.004943,0.775573,-1.958027,0.167018,1.063058,-1.766600,0.005060,0.811537,-1.889374,-0.060603,0.831733,-1.900700,28,27,28,27,27,28,31,27,28,31,27,29
1791409900.608464,-0.007486,0.779540,-1.971644,0.164778,1.071264,-1.779695,-0.000572,0.816533,-1.903338,-0.052519,0.840089,-1.911395,28,27,28,27,27,28,31,27,28,31,27,29
1791409900.628345,-0.010060,0.783021,-1.985482,0.162749,1.078106,-1.793028,-0.006022,0.821620,-1.918361,-0.043829,0.849142,-1.922073,28,27,28,27,27,28,31,27,28,31,27,29
1791409900.648594,-0.012088,0.786352,-1.998531,0.160721,1.086190,-1.805855,-0.012078,0.826585,-1.931599,-0.035231,0.857559,-1.932278,28,27,28,27,27,28,31,27,28,31,27,29
1791409900.668383,-0.013996,0.789440,-2.011832,0.158874,1.094608,-1.819377,-0.017921,0.831339,-1.947080,-0.027177,0.865522,-1.943494,28,27,28,27,27,28,31,27,28,31,27,29
1791409900.688360,-0.015570,0.791893,-2.023553,0.157541,1.102571,-1.832678,-0.023099,0.835669,-1.963114,-0.021333,0.872910,-1.957016,28,27,28,27,27,28,31,27,28,31,27,29
1791409900.708476,-0.016690,0.794497,-2.035638,0.156724,1.109141,-1.846659,-0.026702,0.840089,-1.979085,-0.016610,0.879389,-1.970681,28,27,28,27,27,28,31,27,28,31,27,29
1791409900.728758,-0.018204,0.797101,-2.047059,0.155967,1.115983,-1.861192,-0.030153,0.844722,-1.993239,-0.011856,0.885203,-1.983334,28,27,28,27,27,28,31,27,28,31,27,29
1791409900.748745,-0.019627,0.799947,-2.057501,0.155089,1.121918,-1.874951,-0.032999,0.849627,-2.007899,-0.007496,0.890501,-1.996825,28,27,28,27,27,28,31,27,28,31,27,29
1791409900.768404,-0.021323,0.803398,-2.069285,0.153696,1.127580,-1.888979,-0.035815,0.854047,-2.023885,-0.002834,0.895406,-2.010884,28,27,28,27,27,28,31,27,28,31,27,29
1791409900.788465,-0.023442,0.806729,-2.080486,0.152364,1.132606,-1.901996,-0.038692,0.858680,-2.039271,0.002283,0.900856,-2.023616,28,27,28,27,27,28,31,27,28,31,27,29
1791409900.808473,-0.025562,0.810392,-2.092333,0.150759,1.138571,-1.916118,-0.040962,0.864190,-2.054215,0.007521,0.906851,-2.035401,28,27,28,27,27,28,31,27,28,31,27,29
1791409900.828609,-0.028256,0.814268,-2.103928,0.149245,1.144293,-1.929593,-0.043778,0.869489,-2.071355,0.013395,0.912483,-2.048607,28,27,28,27,27,28,31,27,28,31,27,29
1791409900.848453,-0.029982,0.818325,-2.115729,0.148064,1.150076,-1.942199,-0.046776,0.874272,-2.086362,0.018875,0.917933,-2.059175,28,27,28,27,27,28,31,27,28,31,27,29
1791409900.868558,-0.032071,0.822685,-2.128145,0.146672,1.155677,-1.956132,-0.049864,0.878875,-2.101101,0.024356,0.923867,-2.071229,28,27,28,27,27,28,31,27,28,31,27,29
1791409900.888607,-0.033979,0.828165,-2.139487,0.144976,1.161733,-1.969749,-0.052982,0.883749,-2.115902,0.029866,0.930407,-2.082839,28,27,28,27,27,28,31,27,28,31,27,29
1791409900.908829,-0.035705,0.834584,-2.152883,0.142826,1.167183,-1.983050,-0.056555,0.888745,-2.130451,0.035558,0.936493,-2.093328,28,27,28,27,27,28,31,27,28,31,27,29
1791409900.928400,-0.036916,0.840125,-2.165631,0.140404,1.172451,-1.996619,-0.060703,0.893529,-2.146533,0.041099,0.942518,-2.104560,28,27,28,27,27,28,31,27,28,31,27,29
1791409900.948548,-0.038642,0.844606,-2.176673,0.138255,1.178416,-2.010094,-0.065094,0.897495,-2.160924,0.046367,0.948543,-2.116439,28,27,28,27,27,28,31,27,28,31,27,29
1791409900.968660,-0.039671,0.851237,-2.188947,0.136438,1.184259,-2.024343,-0.068878,0.902249,-2.175062,0.051939,0.955628,-2.128635,28,27,28,27,27,28,31,27,28,31,27,29
1791409900.988562,-0.040095,0.859442,-2.200953,0.134470,1.190012,-2.037107,-0.072390,0.906458,-2.190543,0.056753,0.962289,-2.141446,28,27,28,27,27,28,31,27,28,31,27,29
1791409901.008578,-0.041064,0.865800,-2.212690,0.132926,1.194614,-2.051561,-0.075872,0.911393,-2.205140,0.061294,0.967739,-2.154226,28,27,28,27,27,28,31,27,28,31,27,29
1791409901.028400,-0.041790,0.874036,-2.224554,0.131321,1.198581,-2.065305,-0.079324,0.915753,-2.219878,0.066502,0.972826,-2.166990,28,27,28,27,27,28,31,27,28,31,27,29
1791409901.048418,-0.042699,0.882029,-2.236196,0.129292,1.201457,-2.079238,-0.082897,0.919659,-2.233590,0.071740,0.978094,-2.179422,28,27,28,27,27,28,31,27,28,31,27,29
1791409901.068370,-0.043365,0.890083,-2.248265,0.126931,1.203153,-2.093281,-0.086742,0.923383,-2.249418,0.077493,0.983423,-2.192360,28,27,28,27,27,28,31,27,28,31,27,29
1791409901.088672,-0.044394,0.896350,-2.258739,0.124509,1.205242,-2.106898,-0.090678,0.926865,-2.264805,0.082973,0.988631,-2.205755,28,27,28,27,27,28,31,27,28,31,27,29
1791409901.108668,-0.044455,0.905797,-2.269291,0.122571,1.206422,-2.122505,-0.094644,0.930135,-2.279054,0.086697,0.992809,-2.219862,28,27,28,27,27,28,31,27,28,31,27,29
1791409901.128461,-0.044364,0.914759,-2.279764,0.121329,1.206665,-2.136375,-0.098490,0.933162,-2.293697,0.090421,0.997169,-2.235327,28,27,28,27,27,28,31,27,28,31,27,29
1791409901.148530,-0.044303,0.922571,-2.290775,0.120330,1.206574,-2.151746,-0.102577,0.936463,-2.307046,0.094266,1.001832,-2.250445,28,27,28,27,27,28,31,27,28,31,27,29
1791409901.168537,-0.044364,0.930413,-2.300427,0.119301,1.207452,-2.166595,-0.106453,0.940187,-2.322543,0.097476,1.006252,-2.267853,28,27,28,27,27,28,31,27,28,31,27,29
1791409901.188511,-0.044697,0.938799,-2.311153,0.117817,1.210268,-2.182724,-0.110419,0.944365,-2.336665,0.100806,1.010643,-2.284377,28,27,28,27,27,28,31,27,28,31,27,29
1791409901.208465,-0.044879,0.947852,-2.321674,0.116182,1.214022,-2.199184,-0.113719,0.948846,-2.349303,0.104440,1.014548,-2.299384,28,27,28,27,27,28,31,27,28,31,27,29
1791409901.228287,-0.045000,0.956875,-2.331879,0.113639,1.216475,-2.214381,-0.117171,0.953085,-2.363836,0.107952,1.017879,-2.315592,28,27,28,27,27,28,31,27,28,31,27,29
1791409901.248390,-0.045000,0.966382,-2.341704,0.110944,1.219805,-2.229609,-0.120744,0.957263,-2.375905,0.111827,1.021300,-2.329777,28,27,28,27,27,28,31,27,28,31,27,29
1791409901.268551,-0.045757,0.975375,-2.352620,0.108280,1.222954,-2.245074,-0.123983,0.961714,-2.389411,0.116642,1.025993,-2.342873,28,27,28,27,27,28,31,27,28,31,27,29
1791409901.288467,-0.045969,0.983519,-2.362967,0.106039,1.225649,-2.261472,-0.127798,0.966831,-2.401670,0.121274,1.031443,-2.355985,28,27,28,27,27,28,31,27,28,31,27,29
1791409901.308528,-0.046907,0.991058,-2.374230,0.104283,1.230796,-2.275878,-0.132400,0.971887,-2.414623,0.125362,1.036651,-2.369649,28,27,28,27,27,28,31,27,28,31,27,29
1791409901.328390,-0.047755,0.998900,-2.385778,0.102557,1.236064,-2.291233,-0.136094,0.977277,-2.427419,0.129449,1.041950,-2.383519,28,27,28,27,27,28,31,27,28,31,27,29
1791409901.348310,-0.048270,1.007106,-2.396488,0.101286,1.240788,-2.306509,-0.140333,0.982939,-2.438413,0.133264,1.046854,-2.397420,28,27,28,27,27,28,31,27,28,31,27,29
1791409901.368376,-0.048633,1.014917,-2.409584,0.099923,1.245087,-2.320694,-0.144693,0.988086,-2.451762,0.137806,1.052274,-2.410705,28,27,28,27,27,28,31,27,28,31,27,29
1791409901.388307,-0.049905,1.022517,-2.421921,0.098258,1.246086,-2.335512,-0.149416,0.993687,-2.464636,0.143165,1.058875,-2.422237,28,27,28,27,27,28,31,27,28,31,27,29
1791409901.408363,-0.051449,1.029874,-2.434606,0.097652,1.248296,-2.349682,-0.154382,0.999985,-2.478080,0.148857,1.066444,-2.434606,28,27,28,27,27,28,31,27,28,31,27,29
1791409901.428433,-0.053084,1.036989,-2.446707,0.097683,1.250083,-2.364957,-0.159014,1.006646,-2.491128,0.153641,1.072560,-2.447386,28,27,28,27,27,28,31,27,28,31,27,29
1791409901.448332,-0.054991,1.043711,-2.460166,0.097804,1.254049,-2.379506,-0.163344,1.012277,-2.504587,0.158092,1.078464,-2.461651,28,27,28,27,27,28,31,27,28,31,27,29
1791409901.468446,-0.056505,1.051765,-2.472361,0.097804,1.259014,-2.395493,-0.167492,1.018757,-2.516798,0.163299,1.084732,-2.474983,28,27,28,27,27,28,31,27,28,31,27,29
1791409901.488332,-0.058352,1.058335,-2.485899,0.097501,1.263375,-2.409805,-0.171670,1.024691,-2.530510,0.168779,1.090848,-2.488126,28,27,28,27,27,28,31,27,28,31,27,29
1791409901.508601,-0.059715,1.064814,-2.498410,0.097471,1.265766,-2.424781,-0.176818,1.030928,-2.543242,0.174623,1.097388,-2.501206,28,27,28,27,27,28,31,27,28,31,27,29
1791409901.528453,-0.060684,1.071597,-2.510842,0.097592,1.269581,-2.439409,-0.182268,1.038013,-2.555437,0.180255,1.103383,-2.513670,28,27,28,27,27,28,31,27,28,31,27,29
1791409901.548387,-0.061683,1.078560,-2.522058,0.097622,1.272488,-2.455048,-0.188172,1.045795,-2.566764,0.185553,1.109105,-2.525992,28,27,28,27,27,28,31,27,28,31,27,29
1791409901.568508,-0.062621,1.085524,-2.534838,0.097531,1.275183,-2.470450,-0.193440,1.053667,-2.579022,0.190610,1.114161,-2.539561,28,27,28,27,27,28,31,27,28,31,27,29
1791409901.588251,-0.063530,1.092488,-2.547476,0.097440,1.275940,-2.485299,-0.198406,1.061297,-2.592481,0.195636,1.119369,-2.553542,28,27,28,27,27,28,31,27,28,31,27,29
1791409901.608354,-0.064438,1.100512,-2.559323,0.097471,1.278362,-2.501459,-0.204249,1.070198,-2.604218,0.200934,1.125031,-2.566416,28,27,28,27,27,28,31,27,28,31,27,29
1791409901.628567,-0.065982,1.107627,-2.570966,0.097713,1.281329,-2.516261,-0.210274,1.078373,-2.615340,0.206566,1.129724,-2.579954,28,27,28,27,27,28,31,27,28,31,27,29
1791409901.648398,-0.067102,1.113894,-2.583745,0.097925,1.284145,-2.533148,-0.215694,1.088244,-2.626824,0.212197,1.134538,-2.592228,28,27,28,27,27,28,31,27,28,31,27,29
1791409901.668485,-0.068404,1.120283,-2.595325,0.097985,1.286658,-2.549529,-0.221871,1.096782,-2.637740,0.217920,1.138716,-2.605577,28,27,28,27,27,28,31,27,28,31,27,29
1791409901.688529,-0.069252,1.127156,-2.607820,0.098016,1.287415,-2.563699,-0.228410,1.105684,-2.648766,0.223340,1.144288,-2.618025,28,27,28,27,27,28,31,27,28,31,27,29
1791409901.708273,-0.070524,1.133666,-2.619952,0.098197,1.287233,-2.579401,-0.234769,1.115130,-2.660487,0.228668,1.150283,-2.631184,28,27,28,27,27,28,31,27,28,31,27,29
1791409901.728596,-0.071432,1.140811,-2.632195,0.098591,1.287687,-2.594851,-0.241490,1.124516,-2.671608,0.234482,1.156459,-2.643142,28,27,28,27,27,28,31,27,28,31,27,29
1791409901.748360,-0.073037,1.148047,-2.644627,0.098773,1.287990,-2.611074,-0.247304,1.134296,-2.681829,0.239992,1.162424,-2.656080,28,27,28,27,27,28,31,27,28,31,27,29
1791409901.768393,-0.075156,1.155950,-2.656728,0.099015,1.289141,-2.627187,-0.252542,1.143500,-2.692160,0.244806,1.167662,-2.668259,28,27,28,27,27,28,31,27,28,31,27,29
1791409901.788584,-0.076700,1.163368,-2.669918,0.098833,1.288808,-2.642842,-0.257447,1.152372,-2.702681,0.249923,1.173959,-2.679996,28,27,28,27,27,28,31,27,28,31,27,29
1791409901.808468,-0.078729,1.170665,-2.682145,0.098954,1.289595,-2.658623,-0.262533,1.161394,-2.712775,0.255646,1.179985,-2.692207,28,27,28,27,27,28,31,27,28,31,27,29
1791409901.828328,-0.081091,1.178931,-2.693835,0.098833,1.289534,-2.674325,-0.267317,1.170054,-2.723786,0.262004,1.185919,-2.705667,28,27,28,27,27,28,31,27,28,31,27,29
1791409901.848581,-0.082816,1.188135,-2.705003,0.098652,1.290019,-2.689553,-0.271495,1.180015,-2.732711,0.268241,1.192853,-2.716819,28,27,28,27,27,28,31,27,28,31,27,29
1791409901.868387,-0.084694,1.196552,-2.715429,0.097743,1.289837,-2.704498,-0.275674,1.189885,-2.743058,0.274176,1.200392,-2.730104,28,27,28,27,27,28,31,27,28,31,27,29
1791409901.888398,-0.086419,1.204697,-2.726171,0.097198,1.290776,-2.719726,-0.279973,1.199362,-2.752078,0.279898,1.207870,-2.741557,28,27,28,27,27,28,31,27,28,31,27,29
1791409901.908756,-0.088357,1.213507,-2.736202,0.096411,1.292168,-2.734638,-0.284424,1.208415,-2.761635,0.285923,1.214229,-2.754005,28,27,28,27,27,28,31,27,28,31,27,29
1791409901.928697,-0.090325,1.222318,-2.746707,0.095533,1.293470,-2.749424,-0.288572,1.216742,-2.770655,0.292433,1.220163,-2.765237,28,27,28,27,27,28,31,27,28,31,27,29
1791409901.948394,-0.105131,1.224105,-2.755237,0.107795,1.310153,-2.765695,-0.291146,1.208264,-2.790212,0.306573,1.205176,-2.788174,28,27,28,27,27,28,31,27,28,31,27,29
1791409901.968538,-0.109370,1.223378,-2.756469,0.109370,1.319993,-2.775331,-0.298897,1.209324,-2.792692,0.312144,1.204600,-2.797637,28,27,28,27,27,28,31,27,28,31,27,29
1791409901.988613,-0.109430,1.222833,-2.756185,0.109612,1.323869,-2.775489,-0.307889,1.210444,-2.792660,0.325163,1.207174,-2.801096,28,27,28,27,27,28,31,27,28,31,27,29
1791409902.008447,-0.109400,1.222712,-2.756122,0.109612,1.325171,-2.775521,-0.316246,1.210656,-2.792676,0.332308,1.207507,-2.801143,28,27,28,27,27,28,31,27,28,31,27,29
1791409902.028649,-0.109491,1.222924,-2.756122,0.109551,1.326503,-2.775521,-0.318971,1.211594,-2.792692,0.332460,1.207568,-2.801159,28,27,28,27,27,28,31,27,28,31,27,29
1791409902.048512,-0.109612,1.223166,-2.756106,0.109521,1.327956,-2.775505,-0.320273,1.211322,-2.792692,0.331309,1.207568,-2.801143,28,27,28,27,27,28,31,27,28,31,27,29
1791409902.068550,-0.109673,1.223227,-2.756106,0.109551,1.328774,-2.775521,-0.321362,1.211383,-2.792708,0.331430,1.207537,-2.801143,28,27,28,27,27,28,31,27,28,31,27,29
1791409902.088515,-0.109703,1.223105,-2.756122,0.109521,1.328895,-2.775505,-0.321514,1.211322,-2.792692,0.331733,1.207568,-2.801143,28,27,28,27,27,28,31,27,28,31,27,29
1791409902.108433,-0.109703,1.223136,-2.756122,0.109521,1.329016,-2.775505,-0.321817,1.211322,-2.792692,0.331794,1.207537,-2.801143,28,27,28,27,27,28,31,27,28,31,27,29
1791409902.128341,-0.109703,1.223196,-2.756122,0.109521,1.329289,-2.775521,-0.322210,1.211322,-2.792692,0.331703,1.207568,-2.801143,28,27,28,27,27,28,31,27,28,31,27,29
1791409902.148545,-0.109733,1.223196,-2.756106,0.109521,1.329380,-2.775505,-0.322362,1.211292,-2.792692,0.331763,1.207568,-2.801143,28,27,28,27,27,28,31,27,28,31,27,29
1791409902.168495,-0.109733,1.223166,-2.756106,0.109582,1.329410,-2.775521,-0.322392,1.211292,-2.792676,0.331824,1.207568,-2.801159,28,27,28,27,27,28,31,27,28,31,27,29
1791409902.188716,-0.109733,1.223136,-2.756122,0.109521,1.329531,-2.775521,-0.322483,1.211322,-2.792708,0.331794,1.207568,-2.801128,28,27,28,27,27,28,31,27,28,31,27,29
1791409902.208791,-0.109763,1.223166,-2.756106,0.109521,1.329592,-2.775505,-0.322664,1.211322,-2.792692,0.331824,1.207507,-2.801143,28,27,28,27,27,28,31,27,28,31,27,29
1791409902.228305,-0.109733,1.223166,-2.756122,0.109521,1.329622,-2.775521,-0.322755,1.211322,-2.792692,0.331854,1.207568,-2.801143,28,27,28,27,27,28,31,27,28,31,27,29
1791409902.248406,-0.109794,1.223166,-2.756122,0.109491,1.329652,-2.775521,-0.322876,1.211261,-2.792708,0.331854,1.207568,-2.801159,28,27,28,27,27,28,31,27,28,31,27,29
1791409902.268473,-0.109794,1.223166,-2.756122,0.109521,1.329713,-2.775521,-0.323058,1.211292,-2.792708,0.331824,1.207568,-2.801143,28,27,28,27,27,28,31,27,28,31,27,29
1791409902.288457,-0.109794,1.223166,-2.756122,0.109521,1.329713,-2.775521,-0.323209,1.211292,-2.792692,0.331885,1.207598,-2.801143,28,27,28,27,27,28,31,27,28,31,27,29
1791409902.308407,-0.109794,1.223166,-2.756106,0.109551,1.329773,-2.775537,-0.323391,1.211261,-2.792692,0.331885,1.207568,-2.801128,28,27,28,27,27,28,31,27,28,31,27,29
1791409902.328442,-0.109824,1.223196,-2.756106,0.109551,1.329834,-2.775521,-0.323633,1.211292,-2.792692,0.331854,1.207568,-2.801143,28,27,28,27,27,28,31,27,28,31,27,29
1791409902.348342,-0.109854,1.223166,-2.756122,0.109491,1.329894,-2.775521,-0.323785,1.211261,-2.792708,0.331854,1.207568,-2.801143,28,27,28,27,27,28,31,27,28,31,27,29
1791409902.368780,-0.109885,1.223166,-2.756122,0.109521,1.329925,-2.775505,-0.323936,1.211231,-2.792708,0.331885,1.207568,-2.801159,28,27,28,27,27,28,31,27,28,31,27,29
1791409902.388577,-0.109915,1.223166,-2.756090,0.109521,1.330015,-2.775505,-0.324057,1.211261,-2.792708,0.331885,1.207568,-2.801143,28,27,28,27,27,28,31,27,28,31,27,29
1791409902.408571,-0.109915,1.223196,-2.756106,0.109521,1.330106,-2.775505,-0.324148,1.211231,-2.792708,0.331885,1.207598,-2.801143,28,27,28,27,27,28,31,27,28,31,27,29
1791409902.428470,-0.109915,1.223166,-2.756122,0.109521,1.330136,-2.775521,-0.324209,1.211231,-2.792708,0.331915,1.207568,-2.801143,28,27,28,27,27,28,31,27,28,31,27,29
1791409902.448544,-0.109975,1.223196,-2.756122,0.109521,1.330167,-2.775537,-0.324269,1.211231,-2.792708,0.331885,1.207568,-2.801159,28,27,28,27,27,28,31,27,28,31,27,29
1791409902.468292,-0.109945,1.223196,-2.756122,0.109521,1.330197,-2.775521,-0.324269,1.211231,-2.792708,0.331915,1.207568,-2.801143,28,27,28,27,27,28,31,27,28,31,27,29
1791409902.488394,-0.109945,1.223166,-2.756106,0.109551,1.330258,-2.775521,-0.324390,1.211261,-2.792692,0.331915,1.207598,-2.801143,28,27,28,27,27,28,31,27,28,31,27,29
1791409902.508405,-0.109975,1.223196,-2.756122,0.109551,1.330318,-2.775537,-0.324421,1.211231,-2.792724,0.331915,1.207568,-2.801143,28,27,28,27,27,28,31,27,28,31,27,29
1791409902.528352,-0.110006,1.223196,-2.756122,0.109521,1.330409,-2.775521,-0.324481,1.211231,-2.792692,0.331915,1.207568,-2.801143,28,27,28,27,27,28,31,27,28,31,27,29
1791409902.548428,-0.110006,1.223196,-2.756122,0.109551,1.330379,-2.775521,-0.324481,1.211231,-2.792724,0.331915,1.207537,-2.801143,28,27,28,27,27,28,31,27,28,31,27,29
1791409902.568590,-0.110006,1.223196,-2.756138,0.109521,1.330439,-2.775537,-0.324542,1.211231,-2.792692,0.331915,1.207568,-2.801159,28,27,28,27,27,28,31,27,28,31,27,29
1791409902.588466,-0.110006,1.223196,-2.756122,0.109551,1.330530,-2.775521,-0.324572,1.211261,-2.792708,0.331915,1.207568,-2.801159,28,27,28,27,27,28,31,27,28,31,27,29
1791409902.608746,-0.109975,1.223227,-2.756122,0.109551,1.330530,-2.775521,-0.324602,1.211231,-2.792708,0.331945,1.207568,-2.801159,28,27,28,27,27,28,31,27,28,31,27,29
1791409902.628541,-0.110006,1.223136,-2.756122,0.109582,1.330560,-2.775521,-0.324663,1.211201,-2.792692,0.331975,1.207568,-2.801143,28,27,28,27,27,28,31,27,28,31,27,29
1791409902.648345,-0.110006,1.223136,-2.756138,0.109521,1.330621,-2.775521,-0.324663,1.211231,-2.792692,0.331915,1.207598,-2.801143,28,27,28,27,27,28,31,27,28,31,27,29
1791409902.668610,-0.109975,1.223196,-2.756106,0.109551,1.330621,-2.775537,-0.324693,1.211231,-2.792708,0.331975,1.207598,-2.801159,28,27,28,27,27,28,31,27,28,31,27,29
1791409902.688543,-0.110006,1.223166,-2.756122,0.109521,1.330621,-2.775537,-0.324663,1.211231,-2.792692,0.331975,1.207568,-2.801143,28,27,28,27,27,28,31,27,28,31,27,29
1791409902.708426,-0.110036,1.223166,-2.756122,0.109521,1.330651,-2.775521,-0.324693,1.211231,-2.792708,0.331975,1.207598,-2.801159,28,27,28,27,27,28,31,27,28,31,27,29
1791409902.728550,-0.110036,1.223166,-2.756122,0.109582,1.330681,-2.775521,-0.324754,1.211231,-2.792708,0.331975,1.207568,-2.801143,28,27,28,27,27,28,31,27,28,31,27,29
1791409902.748624,-0.110036,1.223196,-2.756122,0.109521,1.330742,-2.775552,-0.324814,1.211231,-2.792708,0.331975,1.207568,-2.801159,28,27,28,27,27,28,31,27,28,31,27,29
1791409902.768384,-0.110036,1.223166,-2.756122,0.109491,1.330772,-2.775521,-0.324784,1.211201,-2.792692,0.331975,1.207598,-2.801143,28,27,28,27,27,28,31,27,28,31,27,29
1791409902.788523,-0.110036,1.223196,-2.756122,0.109551,1.330772,-2.775537,-0.324814,1.211201,-2.792692,0.331975,1.207568,-2.801159,28,27,28,27,27,28,31,27,28,31,27,29
1791409902.808564,-0.110036,1.223227,-2.756122,0.109521,1.330863,-2.775537,-0.324844,1.211231,-2.792708,0.332006,1.207568,-2.801143,28,27,28,27,27,28,31,27,28,31,27,29
1791409902.828346,-0.110036,1.223196,-2.756138,0.109521,1.330833,-2.775521,-0.324844,1.211201,-2.792708,0.332006,1.207568,-2.801143,28,27,28,27,27,28,31,27,28,31,27,29
1791409902.848411,-0.110036,1.223166,-2.756122,0.109551,1.330863,-2.775521,-0.324875,1.211231,-2.792708,0.332036,1.207598,-2.801143,28,27,28,27,27,28,31,27,28,31,27,29
1791409902.868385,-0.110066,1.223227,-2.756106,0.109551,1.330833,-2.775521,-0.324905,1.211201,-2.792692,0.331975,1.207598,-2.801159,28,27,28,27,27,28,31,27,28,31,27,29
1791409902.888524,-0.110066,1.223196,-2.756106,0.109521,1.330924,-2.775537,-0.324905,1.211201,-2.792692,0.332036,1.207598,-2.801143,28,27,28,27,27,28,31,27,28,31,27,29
1791409902.908498,-0.110066,1.223166,-2.756122,0.109551,1.330924,-2.775537,-0.324875,1.211231,-2.792692,0.332006,1.207568,-2.801143,28,27,28,27,27,28,31,27,28,31,27,29
1791409902.928375,-0.110066,1.223196,-2.756122,0.109551,1.330954,-2.775521,-0.324935,1.211201,-2.792692,0.332066,1.207568,-2.801159,28,27,28,27,27,28,31,27,28,31,27,29
1791409902.948340,-0.110066,1.223166,-2.756106,0.109521,1.330924,-2.775537,-0.324935,1.211231,-2.792708,0.332036,1.207568,-2.801159,28,27,28,27,27,28,31,27,28,31,27,29
1791409902.968355,-0.110066,1.223136,-2.756138,0.109551,1.330984,-2.775521,-0.324935,1.211201,-2.792676,0.332006,1.207568,-2.801159,28,27,28,27,27,28,31,27,28,31,27,29
1791409902.988518,-0.110066,1.223227,-2.756122,0.109551,1.331015,-2.775537,-0.324966,1.211201,-2.792692,0.332006,1.207568,-2.801159,28,27,28,27,27,28,31,27,28,31,27,29
1791409903.008460,-0.110096,1.223196,-2.756122,0.109521,1.331045,-2.775521,-0.324966,1.211231,-2.792708,0.332066,1.207598,-2.801159,28,27,28,27,27,28,31,27,28,31,27,29
1791409903.028401,-0.110066,1.223196,-2.756122,0.109551,1.331015,-2.775537,-0.324996,1.211201,-2.792692,0.332006,1.207598,-2.801143,28,27,28,27,27,28,31,27,28,31,27,29
1791409903.048487,-0.110096,1.223196,-2.756122,0.109521,1.331105,-2.775505,-0.324966,1.211231,-2.792708,0.332036,1.207568,-2.801143,28,27,28,27,27,28,31,27,28,31,27,29
1791409903.068540,-0.110066,1.223166,-2.756138,0.109521,1.331105,-2.775537,-0.324966,1.211231,-2.792708,0.332066,1.207568,-2.801143,28,27,28,27,27,28,31,27,28,31,27,29
1791409903.088412,-0.110096,1.223136,-2.756122,0.109551,1.331105,-2.775521,-0.325026,1.211201,-2.792708,0.332066,1.207598,-2.801143,28,27,28,27,27,28,31,27,28,31,27,29
1791409903.108420,-0.110096,1.223196,-2.756122,0.109551,1.331136,-2.775537,-0.325026,1.211201,-2.792708,0.332066,1.207598,-2.801175,28,27,28,27,27,28,31,27,28,31,27,29
1791409903.128474,-0.110096,1.223196,-2.756122,0.109521,1.331196,-2.775537,-0.324996,1.211201,-2.792692,0.332066,1.207568,-2.801175,28,27,28,27,27,28,31,27,28,31,27,29
1791409903.148392,-0.110066,1.223196,-2.756106,0.109521,1.331166,-2.775521,-0.324996,1.211201,-2.792708,0.332066,1.207568,-2.801159,28,27,28,27,27,28,31,27,28,31,27,29
1791409903.168434,-0.110096,1.223166,-2.756122,0.109551,1.331196,-2.775521,-0.325056,1.211201,-2.792708,0.332096,1.207568,-2.801143,28,27,28,27,27,28,31,27,28,31,27,29
1791409903.188631,-0.110096,1.223196,-2.756138,0.109521,1.331196,-2.775521,-0.325056,1.211201,-2.792708,0.332096,1.207598,-2.801143,28,27,28,27,27,28,31,27,28,31,27,29
1791409903.208539,-0.110127,1.223166,-2.756122,0.109521,1.331196,-2.775537,-0.325087,1.211201,-2.792708,0.332096,1.207568,-2.801143,28,27,28,27,27,28,31,27,28,31,27,29
1791409903.228408,-0.110127,1.223227,-2.756138,0.109521,1.331257,-2.775537,-0.325056,1.211201,-2.792692,0.332096,1.207598,-2.801159,28,27,28,27,27,28,31,27,28,31,27,29
1791409903.248487,-0.110127,1.223166,-2.756122,0.109521,1.331257,-2.775537,-0.325026,1.211231,-2.792708,0.332096,1.207568,-2.801159,28,27,28,27,27,28,31,27,28,31,27,29
1791409903.268645,-0.110127,1.223196,-2.756138,0.109551,1.331257,-2.775537,-0.325056,1.211231,-2.792692,0.332066,1.207598,-2.801128,28,27,28,27,27,28,31,27,28,31,27,29
1791409903.288404,-0.110127,1.223196,-2.756138,0.109521,1.331257,-2.775537,-0.325087,1.211171,-2.792692,0.332066,1.207568,-2.801159,28,27,28,27,27,28,31,27,28,31,27,29
1791409903.308484,-0.110127,1.223196,-2.756138,0.109551,1.331257,-2.775537,-0.325087,1.211201,-2.792708,0.332096,1.207598,-2.801159,28,27,28,27,27,28,31,27,28,31,27,29
1791409903.328631,-0.110157,1.223196,-2.756138,0.109521,1.331226,-2.775537,-0.325117,1.211231,-2.792708,0.332096,1.207568,-2.801143,28,27,28,27,27,28,31,27,28,31,27,29
1791409903.349076,-0.110157,1.223196,-2.756106,0.109521,1.331257,-2.775521,-0.325087,1.211201,-2.792708,0.332096,1.207568,-2.801143,28,27,28,27,27,28,31,27,28,31,27,29
1791409903.368548,-0.110127,1.223196,-2.756122,0.109521,1.331287,-2.775521,-0.325117,1.211201,-2.792708,0.332096,1.207598,-2.801159,28,27,28,27,27,28,31,27,28,31,27,29
1791409903.388539,-0.110157,1.223227,-2.756122,0.109521,1.331287,-2.775537,-0.325117,1.211201,-2.792708,0.332096,1.207598,-2.801159,28,27,28,27,27,28,31,27,28,31,27,29
1791409903.408493,-0.110157,1.223196,-2.756138,0.109551,1.331317,-2.775537,-0.325117,1.211201,-2.792708,0.332096,1.207568,-2.801143,28,27,28,27,27,28,31,27,28,31,27,29
1791409903.428399,-0.110127,1.223166,-2.756122,0.109551,1.331317,-2.775521,-0.325117,1.211201,-2.792692,0.332066,1.207568,-2.801143,28,27,28,27,27,28,31,27,28,31,27,29
1791409903.448439,-0.110157,1.223196,-2.756122,0.109551,1.331317,-2.775521,-0.325147,1.211201,-2.792708,0.332096,1.207598,-2.801143,28,27,28,27,27,28,31,27,28,31,27,29
1791409903.468622,-0.110157,1.223136,-2.756122,0.109551,1.331348,-2.775537,-0.325117,1.211171,-2.792692,0.332096,1.207598,-2.801128,28,27,28,27,27,28,31,27,28,31,27,29
1791409903.488578,-0.110096,1.223166,-2.756122,0.109521,1.331348,-2.775537,-0.325147,1.211231,-2.792724,0.332096,1.207568,-2.801143,28,27,28,27,27,28,31,27,28,31,27,29
1791409903.508671,-0.110187,1.223166,-2.756122,0.109551,1.331408,-2.775537,-0.325178,1.211201,-2.792692,0.332127,1.207598,-2.801159,28,27,28,27,27,28,31,27,28,31,27,29
1791409903.528463,-0.110157,1.223196,-2.756122,0.109582,1.331408,-2.775552,-0.325117,1.211231,-2.792708,0.332096,1.207598,-2.801159,28,27,28,27,27,28,31,27,28,31,27,29
1791409903.548697,-0.110127,1.223166,-2.756154,0.109551,1.331378,-2.775552,-0.325117,1.211201,-2.792708,0.332127,1.207537,-2.801143,28,27,28,27,27,28,31,27,28,31,27,29
1791409903.568446,-0.110157,1.223196,-2.756138,0.109551,1.331378,-2.775552,-0.325178,1.211201,-2.792708,0.332127,1.207568,-2.801143,28,27,28,27,27,28,31,27,28,31,27,29
1791409903.588518,-0.110157,1.223166,-2.756122,0.109491,1.331408,-2.775521,-0.325147,1.211201,-2.792708,0.332157,1.207568,-2.801159,28,27,28,27,27,28,31,27,28,31,27,29
1791409903.608490,-0.110157,1.223166,-2.756122,0.109551,1.331408,-2.775537,-0.325178,1.211171,-2.792708,0.332096,1.207568,-2.801143,28,27,28,27,27,28,31,27,28,31,27,29
1791409903.628510,-0.110157,1.223166,-2.756138,0.109551,1.331408,-2.775537,-0.325178,1.211201,-2.792708,0.332127,1.207568,-2.801159,28,27,28,27,27,28,31,27,28,31,27,29
1791409903.648552,-0.110157,1.223196,-2.756106,0.109521,1.331438,-2.775521,-0.325178,1.211231,-2.792708,0.332127,1.207598,-2.801159,28,27,28,27,27,28,31,27,28,31,27,29
