t,mode,gait_type,error_code,body_height,px,py,pz,vx,vy,vz,yaw_speed,yaw
1791409880.878170,0,0,1001,0.07147,0.62896,0.09136,0.05335,0.00000,-0.00000,0.00000,-0.00639,0.164300
1791409880.898191,0,0,1001,0.07146,0.62896,0.09136,0.05335,-0.00000,0.00000,-0.00000,-0.00213,0.164305
1791409880.918365,0,0,1001,0.07146,0.62896,0.09135,0.05335,-0.00000,-0.00000,-0.00000,-0.01385,0.164279
1791409880.938208,0,0,1001,0.07146,0.62896,0.09135,0.05335,0.00000,0.00000,0.00000,-0.00639,0.164252
1791409880.958169,0,0,1001,0.07146,0.62896,0.09135,0.05335,-0.00000,0.00000,-0.00000,-0.01172,0.164278
1791409880.978205,0,0,1001,0.07146,0.62896,0.09135,0.05335,0.00000,0.00000,0.00000,-0.00852,0.164288
1791409880.998237,0,0,1001,0.07146,0.62896,0.09136,0.05335,0.00000,0.00000,0.00000,-0.00959,0.164296
1791409881.018113,0,0,1001,0.07146,0.62896,0.09136,0.05335,0.00000,0.00000,0.00000,-0.00852,0.164303
1791409881.038140,0,0,1001,0.07147,0.62897,0.09136,0.05335,0.00000,-0.00000,0.00000,-0.00426,0.164298
1791409881.058221,0,0,1001,0.07146,0.62896,0.09136,0.05335,0.00000,-0.00000,0.00000,-0.00746,0.164321
1791409881.078156,0,0,1001,0.07146,0.62896,0.09135,0.05335,0.00000,0.00000,0.00000,-0.01598,0.164284
1791409881.098279,0,0,1001,0.07146,0.62896,0.09135,0.05335,0.00000,-0.00000,0.00000,-0.01385,0.164301
1791409881.118250,0,0,1001,0.07146,0.62896,0.09135,0.05335,0.00000,-0.00000,0.00000,-0.00426,0.164289
1791409881.138230,0,0,1001,0.07146,0.62896,0.09135,0.05335,0.00000,0.00000,0.00000,-0.01704,0.164243
1791409881.158146,0,0,1001,0.07146,0.62896,0.09135,0.05335,-0.00000,0.00000,-0.00000,-0.00852,0.164265
1791409881.178204,0,0,1001,0.07146,0.62896,0.09136,0.05335,0.00000,-0.00000,0.00000,-0.01065,0.164254
1791409881.198295,0,0,1001,0.07146,0.62897,0.09135,0.05335,0.00000,0.00000,0.00000,-0.00107,0.164237
1791409881.218165,0,0,1001,0.07146,0.62896,0.09135,0.05335,0.00000,-0.00000,0.00000,-0.00639,0.164282
1791409881.238111,0,0,1001,0.07147,0.62896,0.09135,0.05335,-0.00000,-0.00000,-0.00000,-0.01704,0.164272
1791409881.258137,0,0,1001,0.07146,0.62896,0.09135,0.05335,0.00000,0.00000,-0.00000,0.00320,0.164287
1791409881.278134,0,0,1001,0.07146,0.62897,0.09136,0.05335,-0.00000,0.00000,-0.00000,-0.00107,0.164330
1791409881.298193,0,0,1001,0.07146,0.62896,0.09135,0.05335,-0.00000,0.00000,-0.00000,-0.00959,0.164294
1791409881.318194,0,0,1001,0.07146,0.62896,0.09135,0.05335,-0.00000,0.00000,-0.00000,-0.01172,0.164288
1791409881.338277,0,0,1001,0.07146,0.62896,0.09135,0.05335,-0.00000,0.00000,-0.00000,-0.00639,0.164301
1791409881.358283,0,0,1001,0.07146,0.62896,0.09135,0.05335,0.00000,-0.00000,0.00000,-0.00107,0.164295
1791409881.378194,0,0,1001,0.07146,0.62896,0.09135,0.05335,-0.00000,0.00000,-0.00000,-0.01491,0.164247
1791409881.398469,0,0,1001,0.07146,0.62897,0.09135,0.05335,-0.00000,-0.00000,-0.00000,-0.00639,0.164300
1791409881.418221,0,0,1001,0.07146,0.62897,0.09135,0.05335,-0.00000,0.00000,-0.00000,-0.00959,0.164279
1791409881.438293,0,0,1001,0.07146,0.62897,0.09135,0.05335,-0.00000,0.00000,-0.00000,-0.00959,0.164221
1791409881.458192,0,0,1001,0.07146,0.62896,0.09135,0.05335,-0.00000,-0.00000,-0.00000,-0.02024,0.164222
1791409881.478231,0,0,1001,0.07146,0.62896,0.09135,0.05335,0.00000,0.00000,0.00000,-0.00320,0.164195
1791409881.498194,0,0,1001,0.07147,0.62896,0.09135,0.05335,0.00000,-0.00000,0.00000,-0.00852,0.164229
1791409881.518275,0,0,1001,0.07146,0.62897,0.09135,0.05335,0.00000,0.00000,-0.00000,-0.01385,0.164265
1791409881.538177,0,0,1001,0.07146,0.62896,0.09135,0.05335,-0.00000,0.00000,0.00000,-0.00639,0.164265
1791409881.558195,0,0,1001,0.07146,0.62896,0.09135,0.05335,0.00000,-0.00000,0.00000,-0.00639,0.164198
1791409881.578412,0,0,1001,0.07146,0.62896,0.09135,0.05335,0.00000,-0.00000,0.00000,0.00320,0.164235
1791409881.598426,0,0,1001,0.07146,0.62896,0.09135,0.05335,-0.00000,-0.00000,-0.00000,-0.00320,0.164180
1791409881.618583,0,0,1001,0.07146,0.62896,0.09135,0.05335,0.00000,0.00000,0.00000,-0.00746,0.164186
1791409881.638120,0,0,1001,0.07146,0.62896,0.09136,0.05335,-0.00000,-0.00000,-0.00000,-0.00746,0.164167
1791409881.658380,0,0,1001,0.07146,0.62896,0.09136,0.05335,-0.00000,0.00000,-0.00000,-0.01278,0.164107
1791409881.678289,0,0,1001,0.07146,0.62897,0.09136,0.05335,-0.00000,0.00000,-0.00000,-0.00107,0.164100
1791409881.698212,0,0,1001,0.07146,0.62897,0.09136,0.05335,0.00000,0.00000,0.00000,-0.00213,0.164117
1791409881.718166,0,0,1001,0.07146,0.62897,0.09136,0.05335,0.00000,0.00000,0.00000,-0.00959,0.164059
1791409881.738490,0,0,1001,0.07146,0.62897,0.09136,0.05335,0.00000,0.00000,0.00000,-0.00107,0.164056
1791409881.758687,0,0,1001,0.07147,0.62897,0.09136,0.05335,0.00000,0.00000,0.00000,-0.00107,0.164053
1791409881.778211,0,0,1001,0.07146,0.62897,0.09136,0.05335,0.00000,0.00000,-0.00000,-0.01385,0.164058
1791409881.798145,0,0,1001,0.07146,0.62897,0.09136,0.05335,0.00000,-0.00000,0.00000,0.00959,0.164042
1791409881.818131,0,0,1001,0.07146,0.62897,0.09136,0.05335,0.00000,0.00000,0.00000,-0.01598,0.164029
1791409881.838172,0,0,1001,0.07147,0.62897,0.09136,0.05335,0.00000,-0.00000,0.00000,-0.00320,0.164045
1791409881.858199,0,0,1001,0.07147,0.62897,0.09136,0.05335,0.00000,0.00000,0.00000,-0.00959,0.164067
1791409881.878230,0,0,1001,0.07146,0.62897,0.09136,0.05335,-0.00000,0.00000,-0.00000,-0.01598,0.164049
1791409881.898330,0,0,1001,0.07146,0.62897,0.09136,0.05335,0.00000,-0.00000,0.00000,0.00320,0.164068
1791409881.918139,0,0,1001,0.07146,0.62897,0.09137,0.05335,0.00000,0.00000,0.00000,-0.00107,0.164085
1791409881.938172,0,0,1001,0.07146,0.62897,0.09137,0.05336,0.00000,0.00000,0.00000,-0.00320,0.164098
1791409881.958147,0,0,1001,0.07146,0.62897,0.09136,0.05335,-0.00000,-0.00000,-0.00000,-0.00852,0.164087
1791409881.978408,0,0,1001,0.07146,0.62897,0.09137,0.05335,-0.00000,0.00000,-0.00000,-0.00533,0.164067
1791409881.998486,0,0,1001,0.07146,0.62897,0.09137,0.05335,0.00000,0.00000,0.00000,-0.00107,0.164073
1791409882.018319,0,0,1001,0.07147,0.62897,0.09136,0.05335,0.00000,-0.00000,0.00000,-0.01278,0.163990
1791409882.038335,0,0,1001,0.07146,0.62897,0.09137,0.05335,0.00000,-0.00000,0.00000,-0.00426,0.163973
1791409882.058323,0,0,1001,0.07146,0.62897,0.09137,0.05335,0.00000,0.00000,0.00000,-0.00959,0.163948
1791409882.078404,0,0,1001,0.07146,0.62897,0.09137,0.05335,0.00000,-0.00000,0.00000,-0.00852,0.163946
1791409882.098337,0,0,1001,0.07146,0.62896,0.09137,0.05335,0.00000,0.00000,0.00000,-0.00213,0.163974
1791409882.118334,0,0,1001,0.07146,0.62896,0.09136,0.05335,-0.00000,0.00000,-0.00000,-0.00959,0.163960
1791409882.138373,0,0,1001,0.07147,0.62896,0.09136,0.05335,-0.00000,0.00000,-0.00000,-0.00533,0.164011
1791409882.158166,0,0,1001,0.07146,0.62896,0.09137,0.05335,-0.00000,0.00000,-0.00000,-0.01598,0.164002
1791409882.178161,0,0,1001,0.07146,0.62896,0.09137,0.05335,-0.00000,0.00000,-0.00000,-0.01491,0.163986
1791409882.198182,0,0,1001,0.07146,0.62895,0.09137,0.05335,-0.00000,0.00000,-0.00000,-0.01172,0.163958
1791409882.218168,0,0,1001,0.07146,0.62895,0.09137,0.05335,-0.00000,0.00000,-0.00000,-0.00107,0.163947
1791409882.238217,0,0,1001,0.07146,0.62895,0.09137,0.05335,-0.00000,0.00000,-0.00000,-0.00533,0.163898
1791409882.258259,0,0,1001,0.07146,0.62895,0.09137,0.05335,-0.00000,0.00000,-0.00000,-0.00959,0.163816
1791409882.278238,0,0,1001,0.07146,0.62895,0.09136,0.05335,-0.00000,-0.00000,-0.00000,-0.02131,0.163761
1791409882.298189,0,0,1001,0.07146,0.62895,0.09136,0.05335,-0.00000,-0.00000,-0.00000,-0.00533,0.163750
1791409882.318213,0,0,1001,0.07146,0.62895,0.09136,0.05335,-0.00000,-0.00000,-0.00000,-0.00852,0.163759
1791409882.338218,0,0,1001,0.07146,0.62895,0.09136,0.05335,-0.00000,0.00000,-0.00000,-0.00320,0.163833
1791409882.358241,0,0,1001,0.07146,0.62895,0.09136,0.05335,-0.00000,-0.00000,-0.00000,-0.00746,0.163878
1791409882.378251,0,0,1001,0.07146,0.62895,0.09136,0.05335,0.00000,-0.00000,0.00000,-0.00213,0.163841
1791409882.398217,0,0,1001,0.07146,0.62895,0.09136,0.05335,-0.00000,0.00000,-0.00000,-0.00533,0.163850
1791409882.418178,0,0,1001,0.07146,0.62895,0.09136,0.05335,-0.00000,-0.00000,-0.00000,-0.00852,0.163877
1791409882.438240,0,0,1001,0.07146,0.62895,0.09136,0.05335,-0.00000,0.00000,-0.00000,0.00107,0.163880
1791409882.458230,0,0,1001,0.07146,0.62894,0.09136,0.05335,-0.00000,-0.00000,-0.00000,-0.00959,0.163923
1791409882.478187,0,0,1001,0.07146,0.62894,0.09136,0.05335,-0.00000,-0.00000,-0.00000,-0.01704,0.163890
1791409882.498147,0,0,1001,0.07146,0.62894,0.09136,0.05335,-0.00000,-0.00000,-0.00000,-0.01385,0.163908
1791409882.518108,0,0,1001,0.07146,0.62895,0.09137,0.05335,-0.00000,0.00000,-0.00000,-0.01172,0.163924
1791409882.538276,0,0,1001,0.07147,0.62895,0.09137,0.05335,0.00000,-0.00000,0.00000,-0.01278,0.163918
1791409882.558440,0,0,1001,0.07146,0.62895,0.09137,0.05335,-0.00000,0.00000,-0.00000,-0.00852,0.163907
1791409882.578293,0,0,1001,0.07146,0.62894,0.09137,0.05335,-0.00000,0.00000,-0.00000,-0.00959,0.163906
1791409882.598218,0,0,1001,0.07146,0.62894,0.09137,0.05335,-0.00000,-0.00000,-0.00000,-0.01065,0.163910
1791409882.618351,0,0,1001,0.07146,0.62894,0.09137,0.05335,-0.00000,0.00000,-0.00000,-0.01065,0.163923
1791409882.638350,0,0,1001,0.07146,0.62894,0.09137,0.05335,-0.00000,0.00000,-0.00000,-0.00426,0.163907
1791409882.658344,0,0,1001,0.07146,0.62893,0.09138,0.05335,-0.00000,0.00000,-0.00000,-0.00746,0.163928
1791409882.678229,0,0,1001,0.07146,0.62893,0.09138,0.05335,-0.00000,0.00000,-0.00000,-0.01278,0.163951
1791409882.698429,0,0,1001,0.07146,0.62893,0.09138,0.05335,-0.00000,0.00000,-0.00000,-0.00213,0.163934
1791409882.718263,0,0,1001,0.07146,0.62893,0.09137,0.05335,-0.00000,0.00000,-0.00000,-0.01811,0.163891
1791409882.738184,0,0,1001,0.07146,0.62893,0.09137,0.05335,-0.00000,0.00000,-0.00000,-0.00746,0.163891
1791409882.758244,0,0,1001,0.07146,0.62893,0.09137,0.05335,-0.00000,0.00000,-0.00000,-0.00533,0.163846
1791409882.778220,0,0,1001,0.07146,0.62893,0.09137,0.05335,-0.00000,0.00000,-0.00000,-0.00852,0.163865
1791409882.798124,0,0,1001,0.07146,0.62893,0.09137,0.05335,-0.00000,0.00000,-0.00000,-0.01385,0.163882
1791409882.818205,0,0,1001,0.07146,0.62893,0.09137,0.05335,-0.00000,-0.00000,-0.00000,-0.01172,0.163910
1791409882.838171,0,0,1001,0.07146,0.62893,0.09137,0.05335,0.00000,0.00000,0.00000,0.00000,0.163910
1791409882.858338,0,0,1001,0.07146,0.62893,0.09138,0.05335,0.00000,0.00000,0.00000,-0.00426,0.163887
1791409882.878222,0,0,1001,0.07146,0.62893,0.09138,0.05335,-0.00000,0.00000,-0.00000,-0.00746,0.163847
1791409882.898336,0,0,1001,0.07146,0.62893,0.09138,0.05335,-0.00000,0.00000,-0.00000,-0.00639,0.163832
1791409882.918119,0,0,1001,0.07146,0.62893,0.09138,0.05335,-0.00000,0.00000,0.00000,-0.01598,0.163819
1791409882.938159,0,0,1001,0.07146,0.62893,0.09138,0.05335,-0.00000,0.00000,-0.00000,-0.02024,0.163823
1791409882.958567,0,0,1001,0.07146,0.62893,0.09138,0.05335,-0.00000,0.00000,-0.00000,-0.00426,0.163838
1791409882.978255,0,0,1001,0.07146,0.62892,0.09138,0.05335,-0.00000,0.00000,-0.00000,-0.01598,0.163802
1791409882.998219,0,0,1001,0.07146,0.62892,0.09138,0.05335,-0.00000,0.00000,-0.00000,-0.01385,0.163727
1791409883.018218,0,0,1001,0.07146,0.62892,0.09138,0.05335,-0.00000,-0.00000,-0.00000,-0.00639,0.163747
1791409883.038177,0,0,1001,0.07146,0.62892,0.09138,0.05335,-0.00000,-0.00000,-0.00000,-0.00959,0.163725
1791409883.058234,0,0,1001,0.07146,0.62893,0.09138,0.05335,-0.00000,0.00000,-0.00000,-0.00746,0.163763
1791409883.078361,0,0,1001,0.07146,0.62893,0.09138,0.05335,0.00000,0.00000,0.00000,-0.00746,0.163742
1791409883.098354,0,0,1001,0.07146,0.62893,0.09138,0.05335,0.00000,-0.00000,0.00000,0.00959,0.163721
1791409883.118191,0,0,1001,0.07146,0.62892,0.09138,0.05335,0.00000,0.00000,0.00000,-0.00107,0.163730
1791409883.138264,0,0,1001,0.07146,0.62893,0.09138,0.05335,0.00000,-0.00000,0.00000,-0.00852,0.163744
1791409883.158224,0,0,1001,0.07146,0.62892,0.09138,0.05335,-0.00000,0.00000,-0.00000,0.00000,0.163800
1791409883.178140,0,0,1001,0.07146,0.62893,0.09138,0.05335,-0.00000,-0.00000,-0.00000,0.00213,0.163806
1791409883.198394,0,0,1001,0.07146,0.62893,0.09137,0.05335,-0.00000,0.00000,-0.00000,-0.00639,0.163739
1791409883.218424,0,0,1001,0.07146,0.62893,0.09137,0.05335,-0.00000,-0.00000,-0.00000,-0.00107,0.163755
1791409883.238264,0,0,1001,0.07146,0.62893,0.09137,0.05335,-0.00000,-0.00000,-0.00000,0.00639,0.163827
1791409883.258268,0,0,1001,0.07146,0.62893,0.09137,0.05335,-0.00000,-0.00000,-0.00000,-0.01491,0.163840
1791409883.278406,0,0,1001,0.07146,0.62893,0.09137,0.05335,0.00000,0.00000,0.00000,-0.01598,0.163841
1791409883.298037,0,0,1001,0.07146,0.62893,0.09137,0.05335,0.00000,-0.00000,0.00000,-0.00533,0.163919
1791409883.318063,0,0,1001,0.07146,0.62893,0.09137,0.05335,0.00000,-0.00000,0.00000,-0.00959,0.163925
1791409883.338259,0,0,1001,0.07146,0.62893,0.09137,0.05335,0.00000,-0.00000,0.00000,-0.00959,0.163978
1791409883.358175,0,0,1001,0.07146,0.62893,0.09137,0.05335,0.00000,-0.00000,0.00000,-0.00959,0.163968
1791409883.378270,0,0,1001,0.07146,0.62893,0.09137,0.05335,0.00000,-0.00000,0.00000,-0.00852,0.163983
1791409883.398301,0,0,1001,0.07146,0.62893,0.09137,0.05335,0.00000,-0.00000,0.00000,-0.01278,0.163940
1791409883.418097,0,0,1001,0.07146,0.62893,0.09137,0.05335,0.00000,0.00000,0.00000,-0.00426,0.163952
1791409883.438183,0,0,1001,0.07146,0.62893,0.09137,0.05335,-0.00000,0.00000,-0.00000,-0.01385,0.163928
1791409883.458214,0,0,1001,0.07146,0.62892,0.09137,0.05335,-0.00000,0.00000,-0.00000,-0.01278,0.163924
1791409883.478446,0,0,1001,0.07146,0.62893,0.09137,0.05335,-0.00000,0.00000,-0.00000,-0.00533,0.163961
1791409883.498114,0,0,1001,0.07147,0.62893,0.09137,0.05335,-0.00000,-0.00000,-0.00000,0.00000,0.163930
1791409883.518286,0,0,1001,0.07146,0.62893,0.09137,0.05335,-0.00000,0.00000,-0.00000,-0.00320,0.163909
1791409883.538226,0,0,1001,0.07146,0.62892,0.09137,0.05335,-0.00000,0.00000,-0.00000,-0.00639,0.163903
1791409883.558096,0,0,1001,0.07146,0.62893,0.09137,0.05335,-0.00000,0.00000,-0.00000,-0.00746,0.163897
1791409883.578485,0,0,1001,0.07146,0.62893,0.09137,0.05335,-0.00000,-0.00000,-0.00000,-0.01278,0.163921
1791409883.598321,0,0,1001,0.07146,0.62893,0.09137,0.05335,0.00000,-0.00000,0.00000,-0.00320,0.163918
1791409883.618435,0,0,1001,0.07146,0.62893,0.09137,0.05335,0.00000,-0.00000,0.00000,-0.00320,0.163932
1791409883.638061,0,0,1001,0.07146,0.62893,0.09137,0.05335,-0.00000,0.00000,-0.00000,-0.01385,0.163895
1791409883.658292,0,0,1001,0.07146,0.62893,0.09137,0.05335,0.00000,-0.00000,0.00000,-0.01704,0.163888
1791409883.678294,0,0,1001,0.07146,0.62893,0.09137,0.05335,0.00000,-0.00000,0.00000,-0.00959,0.163903
1791409883.698214,0,0,1001,0.07146,0.62893,0.09137,0.05335,0.00000,0.00000,0.00000,-0.00107,0.163898
1791409883.718328,0,0,1001,0.07146,0.62893,0.09137,0.05335,0.00000,-0.00000,0.00000,-0.01491,0.163831
1791409883.738444,0,0,1001,0.07146,0.62893,0.09137,0.05335,0.00000,-0.00000,0.00000,-0.00852,0.163881
1791409883.758261,0,0,1001,0.07146,0.62893,0.09137,0.05335,0.00000,-0.00000,0.00000,0.00107,0.163912
1791409883.777997,0,0,1001,0.07146,0.62893,0.09137,0.05335,0.00000,-0.00000,0.00000,0.00639,0.163929
1791409883.798348,0,0,1001,0.07147,0.62894,0.09137,0.05335,0.00000,0.00000,0.00000,0.00000,0.163935
1791409883.818186,0,0,1001,0.07146,0.62893,0.09137,0.05335,0.00000,0.00000,0.00000,-0.00533,0.163889
1791409883.837972,0,0,1001,0.07146,0.62893,0.09137,0.05335,-0.00000,-0.00000,-0.00000,-0.00107,0.163926
1791409883.858301,0,0,1001,0.07146,0.62893,0.09137,0.05335,0.00000,0.00000,0.00000,-0.00639,0.163954
1791409883.878001,0,0,1001,0.07146,0.62893,0.09138,0.05335,0.00000,0.00000,0.00000,-0.00746,0.163968
1791409883.898272,0,0,1001,0.07146,0.62893,0.09138,0.05335,-0.00000,0.00000,-0.00000,0.00107,0.163976
1791409883.918084,0,0,1001,0.07146,0.62893,0.09138,0.05335,-0.00000,0.00000,-0.00000,-0.01065,0.163904
1791409883.938062,0,0,1001,0.07146,0.62893,0.09138,0.05335,-0.00000,0.00000,-0.00000,-0.00213,0.163930
1791409883.958228,0,0,1001,0.07146,0.62893,0.09138,0.05335,0.00000,0.00000,0.00000,0.00426,0.163916
1791409883.978331,0,0,1001,0.07146,0.62893,0.09138,0.05335,-0.00000,0.00000,-0.00000,-0.01811,0.163936
1791409883.998706,0,0,1001,0.07146,0.62893,0.09138,0.05335,-0.00000,0.00000,-0.00000,-0.02237,0.163921
1791409884.018337,0,0,1001,0.07147,0.62893,0.09138,0.05335,-0.00000,-0.00000,-0.00000,0.00213,0.163960
1791409884.038247,0,0,1001,0.07146,0.62893,0.09138,0.05335,-0.00000,-0.00000,-0.00000,0.00213,0.163944
1791409884.058269,0,0,1001,0.07146,0.62893,0.09138,0.05335,0.00000,-0.00000,0.00000,-0.01172,0.163949
1791409884.078233,0,0,1001,0.07146,0.62894,0.09138,0.05335,0.00000,0.00000,0.00000,-0.00426,0.163941
1791409884.098197,0,0,1001,0.07146,0.62894,0.09138,0.05335,0.00000,-0.00000,0.00000,-0.00533,0.163921
1791409884.118264,0,0,1001,0.07146,0.62894,0.09138,0.05335,0.00000,-0.00000,0.00000,-0.01065,0.163887
1791409884.137924,0,0,1001,0.07146,0.62894,0.09138,0.05335,0.00000,0.00000,0.00000,-0.00320,0.163862
1791409884.158262,0,0,1001,0.07147,0.62894,0.09138,0.05335,0.00000,-0.00000,0.00000,-0.00213,0.163879
1791409884.178015,0,0,1001,0.07146,0.62894,0.09138,0.05335,0.00000,-0.00000,0.00000,-0.01917,0.163856
1791409884.197893,0,0,1001,0.07147,0.62894,0.09138,0.05335,0.00000,-0.00000,0.00000,-0.00533,0.163921
1791409884.218474,0,0,1001,0.07146,0.62894,0.09138,0.05335,0.00000,-0.00000,0.00000,-0.00320,0.163927
1791409884.238266,0,0,1001,0.07146,0.62894,0.09138,0.05335,0.00000,-0.00000,0.00000,-0.01385,0.163910
1791409884.258440,0,0,1001,0.07146,0.62894,0.09138,0.05335,0.00000,0.00000,0.00000,-0.00426,0.163912
1791409884.278213,0,0,1001,0.07146,0.62894,0.09138,0.05335,0.00000,0.00000,0.00000,-0.01385,0.163897
1791409884.298239,0,0,1001,0.07146,0.62894,0.09138,0.05335,0.00000,-0.00000,0.00000,-0.00852,0.163922
1791409884.318411,0,0,1001,0.07146,0.62894,0.09138,0.05335,0.00000,-0.00000,0.00000,-0.01704,0.163856
1791409884.338183,0,0,1001,0.07146,0.62894,0.09138,0.05335,0.00000,-0.00000,0.00000,-0.00426,0.163839
1791409884.358012,0,0,1001,0.07146,0.62895,0.09138,0.05335,0.00000,-0.00000,0.00000,-0.00533,0.163826
1791409884.377939,0,0,1001,0.07146,0.62895,0.09138,0.05335,0.00000,-0.00000,0.00000,-0.01917,0.163818
1791409884.398284,0,0,1001,0.07146,0.62895,0.09138,0.05335,0.00000,0.00000,0.00000,-0.00639,0.163807
1791409884.417955,0,0,1001,0.07146,0.62895,0.09138,0.05335,0.00000,-0.00000,0.00000,-0.00639,0.163799
1791409884.438058,0,0,1001,0.07146,0.62895,0.09138,0.05335,0.00000,0.00000,0.00000,-0.01491,0.163771
1791409884.458025,0,0,1001,0.07146,0.62895,0.09138,0.05335,0.00000,0.00000,0.00000,-0.00639,0.163802
1791409884.478068,0,0,1001,0.07146,0.62895,0.09138,0.05335,0.00000,0.00000,0.00000,-0.00746,0.163801
1791409884.497976,0,0,1001,0.07146,0.62895,0.09138,0.05335,0.00000,-0.00000,0.00000,-0.01491,0.163798
1791409884.518047,0,0,1001,0.07146,0.62895,0.09138,0.05335,0.00000,-0.00000,0.00000,-0.01598,0.163777
1791409884.538052,0,0,1001,0.07146,0.62895,0.09138,0.05335,0.00000,0.00000,0.00000,-0.00320,0.163800
1791409884.558672,0,0,1001,0.07146,0.62895,0.09138,0.05335,0.00000,-0.00000,0.00000,-0.01704,0.163813
1791409884.578190,0,0,1001,0.07146,0.62895,0.09138,0.05335,0.00000,0.00000,0.00000,-0.01598,0.163866
1791409884.598075,0,0,1001,0.07146,0.62896,0.09138,0.05335,0.00000,-0.00000,0.00000,-0.00426,0.163868
1791409884.618053,0,0,1001,0.07146,0.62896,0.09138,0.05335,0.00000,-0.00000,0.00000,-0.00533,0.163856
1791409884.638227,0,0,1001,0.07146,0.62896,0.09139,0.05335,0.00000,-0.00000,0.00000,-0.00107,0.163875
1791409884.658338,0,0,1001,0.07146,0.62896,0.09139,0.05335,0.00000,-0.00000,0.00000,-0.01385,0.163843
1791409884.677980,0,0,1001,0.07147,0.62896,0.09139,0.05335,0.00000,-0.00000,0.00000,0.00213,0.163842
1791409884.697967,0,0,1001,0.07146,0.62896,0.09138,0.05335,0.00000,-0.00000,0.00000,-0.01598,0.163793
1791409884.718353,0,0,1001,0.07146,0.62896,0.09139,0.05335,0.00000,0.00000,0.00000,-0.01278,0.163810
1791409884.738368,0,0,1001,0.07146,0.62896,0.09139,0.05335,0.00000,-0.00000,0.00000,-0.00639,0.163800
1791409884.757962,0,0,1001,0.07146,0.62896,0.09139,0.05335,0.00000,0.00000,0.00000,-0.01598,0.163852
1791409884.778065,0,0,1001,0.07146,0.62896,0.09138,0.05335,-0.00000,-0.00000,-0.00000,-0.01065,0.163803
1791409884.797992,0,0,1001,0.07146,0.62896,0.09139,0.05335,-0.00000,0.00000,-0.00000,-0.00213,0.163785
1791409884.817948,0,0,1001,0.07146,0.62895,0.09139,0.05335,-0.00000,0.00000,-0.00000,-0.00959,0.163812
1791409884.837831,0,0,1001,0.07146,0.62895,0.09139,0.05335,-0.00000,0.00000,-0.00000,-0.01278,0.163850
1791409884.857863,0,0,1001,0.07146,0.62896,0.09139,0.05335,0.00000,-0.00000,0.00000,-0.01065,0.163899
1791409884.877983,0,0,1001,0.07146,0.62896,0.09139,0.05335,-0.00000,0.00000,-0.00000,0.01598,0.163850
1791409884.898077,0,0,1002,0.07146,0.62896,0.09139,0.05335,-0.00000,-0.00000,0.00000,-0.01172,0.163833
1791409884.917998,0,0,1002,0.07146,0.62895,0.09139,0.05335,0.00000,-0.00000,0.00000,-0.01491,0.163791
1791409884.938304,0,0,1002,0.07144,0.62895,0.09139,0.05335,0.00000,-0.00000,0.00000,-0.00639,0.163771
1791409884.957968,0,0,1002,0.07142,0.62894,0.09139,0.05335,0.00000,-0.00000,0.00000,-0.00533,0.163772
1791409884.978496,0,0,1002,0.07140,0.62892,0.09139,0.05336,0.00000,-0.00000,0.00000,0.00000,0.163789
1791409884.997921,0,0,1002,0.07137,0.62891,0.09139,0.05337,0.00000,-0.00000,0.00001,-0.00746,0.163792
1791409885.017890,0,0,1002,0.07134,0.62890,0.09139,0.05338,0.00000,-0.00000,0.00001,-0.00639,0.163786
1791409885.038393,0,0,1002,0.07129,0.62889,0.09139,0.05338,0.00000,-0.00000,0.00001,-0.00959,0.163775
1791409885.058196,0,0,1002,0.07123,0.62888,0.09139,0.05339,0.00000,-0.00000,0.00001,-0.00852,0.163726
1791409885.077980,0,0,1002,0.07119,0.62887,0.09140,0.05340,0.00000,-0.00000,0.00001,-0.01172,0.163742
1791409885.097991,0,0,1002,0.07114,0.62885,0.09140,0.05341,0.00000,-0.00000,0.00001,-0.01491,0.163731
1791409885.117815,0,0,1002,0.07109,0.62884,0.09140,0.05340,0.00000,-0.00000,0.00001,-0.00959,0.163682
1791409885.137919,0,0,1002,0.07105,0.62883,0.09140,0.05340,0.00000,-0.00000,0.00000,-0.01704,0.163679
1791409885.157933,0,0,1002,0.07101,0.62882,0.09139,0.05340,0.00000,-0.00000,0.00000,-0.01278,0.163649
1791409885.177985,0,0,1002,0.07096,0.62881,0.09139,0.05338,-0.00000,0.00000,-0.00001,-0.00107,0.163609
1791409885.198335,0,0,1002,0.07090,0.62880,0.09138,0.05335,-0.00000,0.00000,-0.00002,-0.02450,0.163564
1791409885.218489,0,0,1002,0.07084,0.62879,0.09137,0.05331,-0.00000,0.00000,-0.00003,-0.00426,0.163498
1791409885.238081,0,0,1002,0.07077,0.62878,0.09138,0.05328,-0.00000,0.00000,-0.00004,-0.00213,0.163451
1791409885.257876,0,0,1002,0.07071,0.62877,0.09138,0.05325,-0.00000,0.00000,-0.00004,-0.01278,0.163398
1791409885.277935,0,0,1002,0.07064,0.62876,0.09138,0.05322,-0.00000,0.00000,-0.00004,-0.00746,0.163362
1791409885.298372,0,0,1002,0.07057,0.62875,0.09139,0.05319,-0.00000,0.00000,-0.00004,-0.01065,0.163329
1791409885.317872,0,0,1002,0.07045,0.62874,0.09139,0.05316,-0.00000,0.00000,-0.00005,-0.00533,0.163228
1791409885.337924,0,0,1002,0.07034,0.62873,0.09140,0.05313,-0.00000,0.00000,-0.00005,0.00320,0.163202
1791409885.358011,0,0,1002,0.07021,0.62872,0.09141,0.05311,-0.00000,0.00000,-0.00004,-0.01278,0.163147
1791409885.377800,0,0,1002,0.07007,0.62870,0.09142,0.05309,-0.00000,0.00000,-0.00004,-0.01065,0.163058
1791409885.397896,0,0,1002,0.06993,0.62868,0.09144,0.05307,-0.00000,0.00000,-0.00004,-0.01172,0.162936
1791409885.418000,0,0,1002,0.06982,0.62867,0.09144,0.05305,-0.00000,0.00000,-0.00004,-0.01917,0.162881
1791409885.438029,0,0,1002,0.06966,0.62865,0.09146,0.05302,-0.00000,0.00000,-0.00004,-0.01811,0.162830
1791409885.457944,0,0,1002,0.06953,0.62863,0.09147,0.05300,-0.00000,0.00000,-0.00004,-0.00746,0.162768
1791409885.477846,0,0,1002,0.06939,0.62861,0.09149,0.05297,-0.00000,0.00000,-0.00004,-0.01065,0.162723
1791409885.498259,0,0,1002,0.06923,0.62859,0.09150,0.05294,-0.00000,0.00000,-0.00004,-0.01385,0.162650
1791409885.518090,0,0,1002,0.06991,0.62844,0.09150,0.05301,0.00000,-0.00000,0.00000,-0.00213,0.162612
1791409885.537968,0,0,1002,0.07201,0.62807,0.09145,0.05360,0.00002,-0.00000,0.00026,0.00213,0.162799
1791409885.557957,0,0,1002,0.07470,0.62748,0.09125,0.05483,-0.03733,-0.00376,0.01558,-0.03302,0.162864
1791409885.577878,0,0,1002,0.07722,0.62668,0.09095,0.05719,-0.03843,0.00356,0.07390,-0.04261,0.162199
1791409885.597902,0,0,1002,0.08004,0.62566,0.09060,0.06001,0.00666,-0.00029,0.08344,-0.02237,0.161736
1791409885.617888,0,0,1002,0.08403,0.62438,0.09022,0.06302,0.00501,-0.00019,0.06381,0.02450,0.162132
1791409885.637876,0,0,1002,0.08899,0.62268,0.08986,0.06684,0.00383,-0.00015,0.04956,-0.00320,0.162446
1791409885.659809,0,0,1002,0.09484,0.62096,0.08955,0.07106,0.00308,-0.00013,0.04017,-0.03941,0.162077
1791409885.677963,0,0,1002,0.10245,0.61852,0.08912,0.07691,0.00254,-0.00010,0.03272,-0.06285,0.161128
1791409885.697905,0,0,1002,0.11036,0.61623,0.08870,0.08331,0.00218,-0.00007,0.02733,-0.02983,0.160440
1791409885.717789,0,0,1002,0.11921,0.61382,0.08833,0.09028,0.00195,-0.00005,0.02352,-0.01491,0.160163
1791409885.737811,0,0,1002,0.12758,0.61145,0.08794,0.09785,0.00178,-0.00005,0.02090,-0.01065,0.160091
1791409885.759312,0,0,1002,0.13712,0.60928,0.08766,0.10609,0.00166,-0.00006,0.01921,-0.00852,0.160150
1791409885.777871,0,0,1002,0.14683,0.60734,0.08745,0.11481,0.00157,-0.00007,0.01814,0.01278,0.160339
1791409885.797989,0,0,1002,0.15686,0.60584,0.08728,0.12391,0.00148,-0.00007,0.01749,0.01385,0.160710
1791409885.818046,0,0,1002,0.16531,0.60475,0.08714,0.13326,0.00140,-0.00007,0.01710,0.01278,0.161010
1791409885.837855,0,0,1002,0.17439,0.60390,0.08709,0.14278,0.00132,-0.00008,0.01688,0.00852,0.161218
1791409885.857987,0,0,1002,0.18347,0.60359,0.08711,0.15233,0.00124,-0.00008,0.01672,0.00426,0.161437
1791409885.877893,0,0,1002,0.19204,0.60359,0.08721,0.16177,0.00115,-0.00009,0.01656,0.00107,0.161567
1791409885.897796,0,0,1002,0.20006,0.60377,0.08736,0.17118,0.00105,-0.00010,0.01642,0.00320,0.161746
1791409885.917888,0,0,1002,0.20790,0.60433,0.08751,0.18050,0.00096,-0.00010,0.01628,0.00639,0.161858
1791409885.937988,0,0,1002,0.21558,0.60492,0.08761,0.18879,0.00089,-0.00009,0.01614,-0.01172,0.161752
1791409885.957974,0,0,1002,0.22412,0.60586,0.08796,0.19879,0.00080,-0.00010,0.01595,-0.02344,0.161570
1791409885.977951,0,0,1002,0.23218,0.60686,0.08820,0.20770,0.00072,-0.00010,0.01575,0.00746,0.161599
1791409885.997954,0,0,1002,0.23956,0.60800,0.08843,0.21639,0.00065,-0.00010,0.01550,0.01385,0.161763
1791409886.018185,0,0,1002,0.24625,0.60918,0.08865,0.22486,0.00058,-0.00010,0.01522,0.00426,0.162025
1791409886.037872,0,0,1002,0.25399,0.61045,0.08888,0.23312,0.00052,-0.00010,0.01493,-0.00213,0.162330
1791409886.057891,0,0,1002,0.26158,0.61156,0.08911,0.24122,0.00047,-0.00010,0.01464,0.00852,0.162520
1791409886.079055,0,0,1002,0.26782,0.61262,0.08929,0.24833,0.00044,-0.00010,0.01436,0.00746,0.162717
1791409886.097772,0,0,1002,0.27559,0.61409,0.08951,0.25678,0.00040,-0.00009,0.01401,0.01172,0.162984
1791409886.117909,0,0,1002,0.28182,0.61512,0.08967,0.26358,0.00037,-0.00009,0.01374,-0.00959,0.163224
1791409886.137834,0,0,1002,0.28951,0.61648,0.08990,0.27174,0.00034,-0.00008,0.01344,-0.00746,0.163495
1791409886.157843,0,0,1002,0.29602,0.61736,0.09004,0.27904,0.00032,-0.00008,0.01318,0.00639,0.163700
1791409886.177830,0,0,1002,0.30278,0.61859,0.09023,0.28621,0.00030,-0.00007,0.01293,0.01385,0.163837
1791409886.197980,0,0,1002,0.30941,0.61983,0.09039,0.29321,0.00028,-0.00007,0.01267,0.01065,0.164080
1791409886.217883,0,0,1002,0.31534,0.62133,0.09066,0.29932,0.00026,-0.00007,0.01241,0.00213,0.164394
1791409886.237778,0,0,1002,0.32082,0.62294,0.09089,0.30602,0.00025,-0.00007,0.01184,0.00852,0.164705
1791409886.257868,0,0,1002,0.32462,0.62443,0.09110,0.31063,0.09939,-0.01298,-0.03264,0.00320,0.164957
1791409886.277780,0,0,1002,0.32705,0.62616,0.09131,0.31335,0.09834,-0.01341,-0.08963,0.00533,0.165207
1791409886.297808,0,0,1002,0.32819,0.62802,0.09157,0.31597,0.09118,0.00194,-0.10627,0.00746,0.165559
1791409886.317801,0,0,1002,0.32843,0.62978,0.09180,0.31834,0.00094,0.00034,-0.08551,0.01278,0.166060
1791409886.338609,0,0,1002,0.32840,0.63137,0.09202,0.31965,-0.00086,0.00033,-0.06243,0.02663,0.166653
1791409886.357711,0,0,1002,0.32838,0.63265,0.09217,0.32012,-0.00065,0.00028,-0.05520,0.02557,0.167269
1791409886.377721,0,0,1002,0.32838,0.63380,0.09229,0.32103,-0.00041,0.00020,-0.04079,-0.01172,0.167586
1791409886.397838,0,0,1002,0.32839,0.63472,0.09236,0.32170,-0.00027,0.00014,-0.03028,-0.03728,0.167402
1791409886.417846,0,0,1002,0.32841,0.63535,0.09241,0.32215,-0.00018,0.00011,-0.02321,-0.02450,0.167064
1791409886.437835,0,0,1002,0.32841,0.63578,0.09243,0.32254,-0.00012,0.00008,-0.01680,-0.02876,0.166560
1791409886.457716,0,0,1002,0.32843,0.63596,0.09242,0.32280,-0.00008,0.00006,-0.01253,-0.02450,0.166268
1791409886.478607,0,0,1002,0.32844,0.63598,0.09239,0.32298,-0.00006,0.00004,-0.00936,-0.00213,0.166264
1791409886.497764,0,0,1002,0.32844,0.63590,0.09237,0.32311,-0.00004,0.00003,-0.00699,0.01811,0.166699
1791409886.517810,0,0,1002,0.32843,0.63566,0.09234,0.32320,-0.00003,0.00002,-0.00538,0.02024,0.167272
1791409886.537847,0,0,1002,0.32843,0.63507,0.09227,0.32327,-0.00003,0.00002,-0.00391,0.00000,0.167778
1791409886.557905,0,0,1002,0.32844,0.63447,0.09222,0.32331,-0.00002,0.00001,-0.00293,-0.02237,0.167731
1791409886.577777,0,0,1002,0.32845,0.63367,0.09214,0.32334,-0.00002,0.00001,-0.00219,-0.05113,0.167195
1791409886.597943,0,0,1002,0.32846,0.63289,0.09207,0.32335,-0.00001,0.00001,-0.00165,-0.04155,0.166500
1791409886.617812,0,0,1002,0.32847,0.63215,0.09201,0.32336,-0.00001,0.00001,-0.00124,-0.02024,0.165931
1791409886.637726,0,0,1002,0.32847,0.63152,0.09195,0.32336,-0.00001,0.00000,-0.00093,-0.01385,0.165614
1791409886.657712,0,0,1002,0.32847,0.63099,0.09188,0.32336,-0.00001,0.00000,-0.00070,-0.00533,0.165554
1791409886.677668,0,0,1002,0.32846,0.63061,0.09179,0.32336,-0.00000,0.00000,-0.00053,-0.01065,0.165708
1791409886.697740,0,0,1002,0.32845,0.63040,0.09172,0.32336,-0.00000,0.00000,-0.00040,-0.01065,0.165858
1791409886.717849,0,0,1002,0.32845,0.63031,0.09168,0.32336,-0.00000,0.00000,-0.00030,-0.00533,0.165948
1791409886.738089,0,0,1002,0.32845,0.63032,0.09166,0.32336,-0.00000,0.00000,-0.00023,-0.02024,0.165972
1791409886.757764,0,0,1002,0.32845,0.63043,0.09168,0.32336,-0.00000,0.00000,-0.00017,-0.00639,0.166040
1791409886.778037,0,0,1002,0.32845,0.63055,0.09170,0.32337,-0.00000,0.00000,-0.00013,0.00000,0.166082
1791409886.797950,0,0,1002,0.32845,0.63072,0.09175,0.32337,-0.00000,0.00000,-0.00009,-0.00320,0.166217
1791409886.817789,0,0,1002,0.32844,0.63092,0.09180,0.32338,-0.00000,0.00000,-0.00007,0.00213,0.166438
1791409886.837758,0,0,1002,0.32844,0.63110,0.09185,0.32339,-0.00000,0.00000,-0.00005,-0.00320,0.166549
1791409886.857795,0,0,1002,0.32845,0.63126,0.09188,0.32339,-0.00000,0.00000,-0.00003,0.00107,0.166605
1791409886.877694,0,0,1002,0.32845,0.63141,0.09190,0.32340,-0.00000,0.00000,-0.00002,-0.02131,0.166608
1791409886.897792,0,0,1002,0.32846,0.63152,0.09189,0.32340,-0.00000,0.00000,-0.00002,-0.00213,0.166468
1791409886.917703,0,0,1002,0.32846,0.63158,0.09187,0.32340,-0.00000,0.00000,-0.00001,-0.01704,0.166372
1791409886.937739,0,0,1002,0.32846,0.63161,0.09184,0.32341,-0.00000,0.00000,-0.00001,0.00000,0.166279
1791409886.957797,0,0,1002,0.32847,0.63160,0.09183,0.32341,-0.00000,0.00000,-0.00000,-0.01172,0.166314
1791409886.977772,0,0,1002,0.32847,0.63158,0.09185,0.32341,-0.00000,0.00000,-0.00000,-0.01598,0.166329
1791409886.997831,0,0,1002,0.32847,0.63156,0.09188,0.32341,-0.00000,0.00000,-0.00000,0.00746,0.166449
1791409887.017760,0,0,1002,0.32846,0.63150,0.09191,0.32341,-0.00000,0.00000,-0.00000,-0.01491,0.166452
1791409887.037855,0,0,1002,0.32846,0.63148,0.09193,0.32341,-0.00000,0.00000,-0.00000,-0.00852,0.166477
1791409887.057877,0,0,1002,0.32846,0.63145,0.09196,0.32341,-0.00000,0.00000,-0.00000,-0.01385,0.166411
1791409887.077747,0,0,1002,0.32846,0.63146,0.09197,0.32341,-0.00000,0.00000,-0.00000,-0.01598,0.166380
1791409887.097895,0,0,1002,0.32846,0.63147,0.09194,0.32341,-0.00000,-0.00000,-0.00000,-0.00639,0.166354
1791409887.117846,0,0,1002,0.32846,0.63150,0.09193,0.32341,0.00000,0.00000,-0.00000,-0.00852,0.166343
1791409887.137681,0,0,1002,0.32846,0.63154,0.09191,0.32341,0.00000,-0.00000,0.00000,-0.00959,0.166345
1791409887.157747,0,0,1002,0.32846,0.63158,0.09188,0.32341,0.00000,-0.00000,0.00000,-0.01065,0.166355
1791409887.177694,0,0,1002,0.32846,0.63160,0.09187,0.32341,0.00000,-0.00000,0.00000,-0.00426,0.166380
1791409887.197822,0,0,1002,0.32847,0.63161,0.09186,0.32341,0.00000,-0.00000,0.00000,-0.00746,0.166360
1791409887.217760,0,0,1002,0.32847,0.63160,0.09188,0.32341,0.00000,-0.00000,0.00000,-0.00426,0.166391
1791409887.237737,0,0,1002,0.32847,0.63158,0.09191,0.32341,0.00000,-0.00000,0.00000,-0.00426,0.166404
1791409887.257706,0,0,1002,0.32846,0.63156,0.09194,0.32341,0.00000,0.00000,0.00000,-0.00746,0.166466
1791409887.277647,0,0,1002,0.32846,0.63153,0.09199,0.32341,-0.00000,0.00000,-0.00000,-0.00852,0.166527
1791409887.297756,0,0,1002,0.32846,0.63153,0.09202,0.32341,0.00000,0.00000,-0.00000,-0.00533,0.166504
1791409887.318245,0,0,1002,0.32846,0.63155,0.09202,0.32341,0.00000,0.00000,0.00000,-0.01385,0.166483
1791409887.338020,0,0,1002,0.32846,0.63157,0.09200,0.32341,0.00000,0.00000,0.00000,-0.00959,0.166362
1791409887.357804,0,0,1002,0.32846,0.63161,0.09199,0.32341,0.00000,-0.00000,0.00000,-0.02983,0.166319
1791409887.377797,0,0,1002,0.32847,0.63164,0.09195,0.32341,0.00000,-0.00000,0.00000,0.00320,0.166254
1791409887.397789,0,0,1002,0.32847,0.63168,0.09192,0.32342,0.00000,-0.00000,0.00000,-0.00533,0.166236
1791409887.417964,0,0,1002,0.32847,0.63170,0.09190,0.32342,0.00000,-0.00000,0.00000,-0.00746,0.166255
1791409887.437910,0,0,1002,0.32847,0.63170,0.09193,0.32342,0.00000,0.00000,0.00000,-0.00533,0.166302
1791409887.457902,0,0,1002,0.32847,0.63170,0.09193,0.32342,0.00000,-0.00000,0.00000,0.00533,0.166307
1791409887.477764,0,0,1002,0.32846,0.63169,0.09197,0.32342,-0.00000,0.00000,0.00000,-0.01491,0.166393
1791409887.497898,0,0,1002,0.32846,0.63168,0.09199,0.32342,0.00000,0.00000,0.00000,0.00426,0.166454
1791409887.517879,0,0,1002,0.32847,0.63170,0.09202,0.32342,0.00000,0.00000,0.00000,-0.01278,0.166424
1791409887.537824,0,0,1002,0.32846,0.63170,0.09201,0.32342,0.00000,-0.00000,0.00000,-0.00426,0.166377
1791409887.557827,0,0,1002,0.32847,0.63171,0.09199,0.32342,0.00000,-0.00000,0.00000,-0.00533,0.166303
1791409887.581938,0,0,1002,0.32847,0.63174,0.09195,0.32342,0.00000,-0.00000,0.00000,-0.01278,0.166214
1791409887.601235,0,0,1002,0.32848,0.63179,0.09194,0.32342,0.00000,-0.00000,0.00000,-0.00746,0.166143
1791409887.621211,0,0,1002,0.32848,0.63179,0.09192,0.32342,0.00000,-0.00000,0.00000,-0.02344,0.166106
1791409887.641574,0,0,1002,0.32847,0.63178,0.09189,0.32342,0.00000,-0.00000,0.00000,-0.01065,0.166098
1791409887.661018,0,0,1002,0.32848,0.63176,0.09190,0.32342,0.00000,-0.00000,0.00000,0.00426,0.166142
1791409887.681297,0,0,1002,0.32848,0.63176,0.09192,0.32342,0.00000,-0.00000,0.00000,0.00213,0.166237
1791409887.701224,0,0,1002,0.32847,0.63175,0.09196,0.32342,0.00000,-0.00000,0.00000,0.00533,0.166274
1791409887.721217,0,0,1002,0.32847,0.63174,0.09200,0.32342,0.00000,0.00000,0.00000,-0.00746,0.166295
1791409887.741271,0,0,1002,0.32846,0.63174,0.09203,0.32342,0.00000,0.00000,0.00000,-0.00852,0.166336
1791409887.761245,0,0,1002,0.32847,0.63173,0.09202,0.32342,-0.00000,-0.00000,-0.00000,-0.00533,0.166338
1791409887.781266,0,0,1002,0.32847,0.63173,0.09201,0.32342,0.00000,-0.00000,0.00000,-0.00320,0.166198
1791409887.801391,0,0,1002,0.32847,0.63174,0.09200,0.32342,0.00000,-0.00000,0.00000,-0.01598,0.166125
1791409887.821190,0,0,1002,0.32847,0.63174,0.09196,0.32342,-0.00000,-0.00000,0.00000,-0.01491,0.166038
1791409887.841227,0,0,1002,0.32848,0.63175,0.09192,0.32342,0.00000,-0.00000,0.00000,-0.01278,0.166024
1791409887.861205,0,0,1002,0.32848,0.63175,0.09190,0.32342,0.00000,-0.00000,0.00000,0.00320,0.166006
1791409887.881168,0,0,1002,0.32848,0.63176,0.09190,0.32342,0.00000,-0.00000,0.00000,-0.01704,0.166001
1791409887.901312,0,0,1002,0.32848,0.63175,0.09194,0.32342,0.00000,-0.00000,0.00000,-0.00533,0.166026
1791409887.921127,0,0,1002,0.32848,0.63173,0.09194,0.32342,0.00000,-0.00000,0.00000,-0.01385,0.166052
1791409887.941192,0,0,100,0.32847,0.63173,0.09199,0.32342,0.00000,0.00000,0.00000,-0.02024,0.166114
1791409887.961144,0,0,100,0.32809,0.62621,0.09171,0.32310,-0.41597,0.09585,-0.01120,0.01704,0.166052
1791409887.981215,0,0,100,0.32946,0.62341,0.09180,0.32204,0.00567,0.08548,-0.10339,0.08522,0.167368
1791409888.001190,0,0,100,0.32933,0.62577,0.09286,0.32029,-0.02287,0.01942,-0.10835,0.18323,0.170325
1791409888.021083,0,0,100,0.32759,0.62397,0.09272,0.31936,-0.07749,0.07060,-0.03071,0.18962,0.174403
1791409888.041182,0,0,100,0.32728,0.62525,0.09423,0.31884,-0.06522,0.03501,-0.06862,0.12251,0.177653
1791409888.061098,0,0,100,0.32727,0.62309,0.09416,0.31772,-0.06765,0.01642,-0.11264,0.10972,0.179945
1791409888.081209,0,0,100,0.32715,0.62118,0.09439,0.31624,-0.06652,0.04142,-0.11332,0.11824,0.182319
1791409888.101209,0,0,100,0.32641,0.62011,0.09474,0.31528,-0.06314,0.03251,-0.09039,0.12357,0.184888
1791409888.121245,0,0,100,0.32566,0.61914,0.09509,0.31481,-0.03024,0.03426,-0.06319,0.12783,0.187414
1791409888.141207,0,0,100,0.32535,0.61813,0.09550,0.31466,-0.01813,0.02269,-0.04817,0.09694,0.189679
1791409888.161233,0,0,100,0.32531,0.61760,0.09583,0.31464,-0.00358,0.01442,-0.04771,0.08948,0.191439
1791409888.181122,0,0,100,0.32522,0.61725,0.09616,0.31456,0.02104,0.01488,-0.05244,0.09481,0.193511
1791409888.201131,0,0,100,0.32518,0.61722,0.09640,0.31439,0.03255,0.01386,-0.05396,0.09161,0.195498
1791409888.221331,0,0,100,0.32514,0.61740,0.09653,0.31420,0.02103,-0.01506,-0.05245,0.07989,0.197431
1791409888.241277,0,0,100,0.32515,0.61773,0.09659,0.31417,0.03979,-0.00248,-0.04383,0.09055,0.199315
1791409888.261130,0,0,100,0.32517,0.61815,0.09667,0.31415,0.03242,-0.00836,-0.04522,0.05113,0.200837
1791409888.281157,0,0,100,0.32520,0.61861,0.09667,0.31404,0.02687,-0.01630,-0.05423,0.03515,0.201770
1791409888.301229,0,0,100,0.32523,0.61902,0.09664,0.31392,0.01277,-0.00435,-0.05800,0.03409,0.202499
1791409888.321131,0,0,100,0.32525,0.61942,0.09667,0.31387,0.02626,-0.00935,-0.05534,0.01811,0.203101
1791409888.341414,0,0,100,0.32528,0.61989,0.09673,0.31387,0.01152,-0.00522,-0.05700,0.03515,0.203735
1791409888.361116,0,0,100,0.32530,0.62038,0.09682,0.31384,0.02261,-0.01352,-0.06123,0.02983,0.204453
1791409888.381125,0,0,100,0.32532,0.62077,0.09693,0.31379,0.01388,-0.00209,-0.06052,0.02983,0.205138
1791409888.401173,0,0,100,0.32532,0.62107,0.09706,0.31377,0.01681,0.00948,-0.06023,0.02663,0.205824
1791409888.421451,0,0,100,0.32533,0.62136,0.09721,0.31372,-0.00965,-0.00347,-0.06225,0.03196,0.206557
1791409888.441496,0,0,100,0.32532,0.62164,0.09731,0.31367,0.03015,0.00636,-0.06157,0.03515,0.207235
1791409888.461062,0,0,100,0.32533,0.62183,0.09736,0.31365,0.00947,-0.00808,-0.06110,0.03196,0.207874
1791409888.481131,0,0,100,0.32533,0.62207,0.09750,0.31365,0.01471,0.00253,-0.06043,0.02450,0.208642
1791409888.501031,0,0,100,0.32533,0.62229,0.09759,0.31363,0.01237,-0.00373,-0.06198,0.01598,0.209269
1791409888.520971,0,0,100,0.32532,0.62243,0.09762,0.31359,0.02303,-0.01471,-0.06166,0.00852,0.209642
1791409888.540927,0,0,100,0.32532,0.62256,0.09764,0.31360,-0.00539,0.00519,-0.05892,-0.01172,0.209791
1791409888.561024,0,0,100,0.32533,0.62273,0.09765,0.31361,0.00910,0.00653,-0.05884,0.00000,0.209886
1791409888.581146,0,0,100,0.32533,0.62284,0.09761,0.31360,-0.00111,-0.01433,-0.06144,-0.00852,0.209901
1791409888.600941,0,0,100,0.32533,0.62293,0.09759,0.31356,0.00616,-0.01370,-0.06062,0.00959,0.210059
1791409888.621201,0,0,100,0.32534,0.62309,0.09763,0.31358,0.01747,-0.00175,-0.05887,0.01385,0.210368
1791409888.641213,0,0,100,0.32534,0.62322,0.09768,0.31357,-0.00279,0.01167,-0.05947,0.01172,0.210646
1791409888.661252,0,0,100,0.32533,0.62341,0.09775,0.31353,0.00570,-0.00338,-0.06088,-0.00746,0.210867
1791409888.681213,0,0,100,0.32533,0.62357,0.09781,0.31350,0.01236,-0.00423,-0.06132,-0.00533,0.210970
1791409888.701029,0,0,100,0.32533,0.62369,0.09784,0.31350,0.00351,0.00021,-0.06034,-0.00320,0.211010
1791409888.721044,0,0,100,0.32532,0.62387,0.09788,0.31350,0.00033,0.00121,-0.06052,-0.01598,0.211117
1791409888.741628,0,0,100,0.32533,0.62400,0.09787,0.31350,-0.00228,-0.01226,-0.06168,-0.01172,0.211152
1791409888.761185,0,0,100,0.32533,0.62412,0.09786,0.31347,-0.00369,-0.00436,-0.06091,0.00639,0.211278
1791409888.781020,0,0,100,0.32533,0.62423,0.09787,0.31345,-0.00822,-0.00466,-0.06094,-0.00213,0.211427
1791409888.801646,0,0,100,0.32533,0.62436,0.09790,0.31345,0.00969,0.00444,-0.06059,-0.00533,0.211544
1791409888.821031,0,0,100,0.32533,0.62448,0.09790,0.31345,0.01793,-0.01448,-0.06109,-0.00746,0.211544
1791409888.840974,0,0,100,0.32533,0.62455,0.09790,0.31346,0.01950,0.00070,-0.05990,-0.00426,0.211539
1791409888.860974,0,0,100,0.32534,0.62461,0.09791,0.31347,0.00864,-0.00685,-0.05974,-0.00533,0.211613
1791409888.881203,0,0,100,0.32533,0.62471,0.09797,0.31348,0.00617,-0.00089,-0.05920,-0.00852,0.211748
1791409888.901057,0,0,100,0.32533,0.62483,0.09803,0.31347,0.00714,-0.01413,-0.06046,-0.00320,0.211854
1791409888.921033,0,0,100,0.32532,0.62486,0.09807,0.31346,-0.00121,-0.01371,-0.06027,-0.00213,0.211955
1791409888.941200,0,0,100,0.32532,0.62493,0.09808,0.31345,-0.00688,-0.01573,-0.06028,-0.00959,0.212074
1791409888.960800,0,0,100,0.32532,0.62499,0.09811,0.31345,0.00071,0.00578,-0.05926,-0.00852,0.212149
1791409888.981035,0,0,100,0.32532,0.62503,0.09808,0.31345,-0.00879,-0.01347,-0.05961,-0.00320,0.212193
1791409889.001138,0,0,100,0.32532,0.62506,0.09809,0.31345,-0.00508,0.00229,-0.05867,-0.01172,0.212256
1791409889.020881,0,0,100,0.32532,0.62512,0.09807,0.31343,-0.00301,-0.00948,-0.05958,0.00107,0.212274
1791409889.041055,0,0,100,0.32532,0.62513,0.09805,0.31343,-0.00650,-0.00410,-0.05921,-0.00107,0.212325
1791409889.060990,0,0,100,0.32532,0.62517,0.09809,0.31343,-0.00399,-0.00184,-0.05879,-0.00852,0.212449
1791409889.081659,0,0,100,0.32531,0.62521,0.09811,0.31344,0.00506,0.00157,-0.05863,-0.00107,0.212497
1791409889.101231,0,0,100,0.32531,0.62526,0.09815,0.31345,-0.00754,0.00204,-0.05881,0.00213,0.212675
1791409889.121100,0,0,100,0.32530,0.62529,0.09820,0.31345,-0.00841,-0.00365,-0.05913,0.00320,0.212835
1791409889.141636,0,0,100,0.32529,0.62535,0.09823,0.31344,0.00493,0.00124,-0.05858,0.00000,0.212943
1791409889.160762,0,0,100,0.32529,0.62540,0.09826,0.31344,-0.00086,0.00746,-0.05936,-0.00213,0.212991
1791409889.180995,0,0,100,0.32528,0.62545,0.09824,0.31342,0.00341,-0.01024,-0.05999,0.00746,0.212950
1791409889.201334,0,0,100,0.32527,0.62551,0.09823,0.31340,0.01608,-0.00395,-0.05988,-0.01385,0.212956
1791409889.220725,0,0,100,0.32527,0.62559,0.09826,0.31339,0.00292,-0.00988,-0.06034,-0.01704,0.213017
1791409889.241019,0,0,100,0.32527,0.62567,0.09828,0.31341,-0.01004,0.00360,-0.05898,-0.00746,0.213005
1791409889.261020,0,0,100,0.32527,0.62572,0.09826,0.31340,0.00375,-0.00094,-0.05967,-0.00852,0.212949
1791409889.280958,0,0,100,0.32527,0.62580,0.09828,0.31338,-0.00953,-0.00734,-0.06059,-0.01278,0.212920
1791409889.300939,0,0,100,0.32527,0.62590,0.09831,0.31339,-0.00138,0.01017,-0.05897,-0.00426,0.212939
1791409889.321061,0,0,100,0.32528,0.62597,0.09835,0.31340,0.00912,0.00861,-0.05961,-0.00213,0.213007
1791409889.350787,0,0,100,0.32528,0.62606,0.09840,0.31339,-0.00637,-0.00781,-0.06033,0.00000,0.213060
1791409889.370847,0,0,100,0.32526,0.62609,0.09842,0.31338,-0.00797,-0.01102,-0.06028,0.00213,0.213129
1791409889.390882,0,0,100,0.32526,0.62613,0.09847,0.31341,-0.00326,-0.00258,-0.05899,0.00107,0.213226
1791409889.410837,0,0,100,0.32526,0.62621,0.09848,0.31340,0.00921,-0.00076,-0.05907,0.00746,0.213326
1791409889.431018,0,0,100,0.32526,0.62626,0.09849,0.31339,-0.00294,-0.00308,-0.05980,-0.00426,0.213367
1791409889.450944,0,0,100,0.32527,0.62629,0.09847,0.31339,-0.00967,-0.00024,-0.05969,-0.01278,0.213306
1791409889.470842,0,0,100,0.32526,0.62633,0.09848,0.31340,0.01133,0.00367,-0.05904,-0.00852,0.213317
1791409889.491068,0,0,100,0.32526,0.62633,0.09847,0.31339,-0.01017,-0.00112,-0.05919,-0.00533,0.213266
1791409889.511015,0,0,100,0.32527,0.62638,0.09845,0.31339,-0.00697,-0.01965,-0.06038,-0.00959,0.213290
1791409889.530854,0,0,100,0.32527,0.62643,0.09851,0.31339,0.00275,0.01240,-0.05855,-0.00639,0.213414
1791409889.551141,0,0,100,0.32526,0.62646,0.09855,0.31339,-0.00746,-0.00592,-0.05950,-0.00639,0.213486
1791409889.571045,0,0,100,0.32525,0.62647,0.09857,0.31339,-0.00673,-0.02474,-0.06030,0.00107,0.213623
1791409889.607418,0,0,100,0.32524,0.62653,0.09865,0.31339,0.00914,0.00184,-0.05931,-0.00639,0.213755
1791409889.624139,0,0,100,0.32524,0.62658,0.09867,0.31339,-0.00338,-0.00231,-0.05915,-0.01172,0.213807
1791409889.644109,0,0,100,0.32523,0.62663,0.09869,0.31341,0.00164,-0.00431,-0.05928,-0.01172,0.213767
1791409889.664126,0,0,100,0.32523,0.62666,0.09865,0.31341,0.00113,0.00532,-0.05903,-0.01704,0.213711
1791409889.686305,0,0,100,0.32523,0.62674,0.09863,0.31340,-0.00012,0.00177,-0.05932,0.00107,0.213704
1791409889.704517,0,0,100,0.32523,0.62682,0.09863,0.31339,0.00033,-0.00453,-0.05988,-0.00426,0.213713
1791409889.734584,0,0,100,0.32523,0.62688,0.09864,0.31338,0.00064,-0.00663,-0.06005,-0.01598,0.213733
1791409889.754378,0,0,100,0.32522,0.62698,0.09869,0.31335,-0.00433,0.00479,-0.06026,-0.00746,0.213758
1791409889.774378,0,0,100,0.32522,0.62698,0.09871,0.31335,0.00233,0.01193,-0.05957,0.00533,0.213778
1791409889.794538,0,0,100,0.32522,0.62699,0.09875,0.31334,0.01051,-0.00851,-0.06116,0.00107,0.213944
1791409889.814325,0,0,100,0.32521,0.62704,0.09883,0.31335,0.01268,0.00793,-0.06002,-0.00746,0.214093
1791409889.834412,0,0,100,0.32521,0.62702,0.09884,0.31336,-0.00997,-0.00290,-0.05948,-0.00852,0.214089
1791409889.854326,0,0,100,0.32519,0.62702,0.09882,0.31336,0.00090,-0.00991,-0.06044,-0.01172,0.214011
1791409889.874219,0,0,100,0.32519,0.62704,0.09880,0.31335,0.00882,-0.02524,-0.06124,-0.00852,0.213981
1791409889.894368,0,0,100,0.32519,0.62707,0.09881,0.31335,-0.00539,0.00346,-0.05958,-0.00426,0.213962
1791409889.914675,0,0,100,0.32519,0.62708,0.09879,0.31334,0.01452,-0.00208,-0.06029,-0.00852,0.213925
1791409889.934945,0,0,100,0.32520,0.62712,0.09877,0.31333,0.00158,-0.00308,-0.05993,-0.00959,0.213880
1791409889.954398,0,0,100,0.32519,0.62712,0.09880,0.31331,-0.04896,-0.05629,-0.06303,-0.00746,0.213831
1791409889.974401,0,0,100,0.32458,0.62438,0.09715,0.31312,-0.15793,0.02336,-0.05827,0.19494,0.215446
1791409889.994480,0,0,100,0.32466,0.62413,0.09732,0.31392,0.01735,0.02500,-0.04788,0.40906,0.222202
1791409890.014174,0,0,100,0.32469,0.62469,0.09732,0.31419,-0.00030,0.01742,-0.04328,0.48363,0.231587
1791409890.034315,0,0,100,0.32483,0.62448,0.09721,0.31438,0.01959,-0.00465,-0.05006,0.43463,0.241099
1791409890.054368,0,0,100,0.32482,0.62455,0.09730,0.31448,0.01487,-0.00106,-0.04858,0.35899,0.249100
1791409890.074714,0,0,100,0.32457,0.62474,0.09737,0.31448,0.02372,0.00783,-0.04824,0.32704,0.255863
1791409890.094119,0,0,100,0.32460,0.62497,0.09749,0.31445,0.01090,0.01184,-0.04756,0.29614,0.261970
1791409890.114460,0,0,100,0.32475,0.62519,0.09756,0.31446,0.00684,-0.00289,-0.04294,0.25140,0.267636
1791409890.134305,0,0,100,0.32498,0.62534,0.09764,0.31451,0.00959,0.00769,-0.03976,0.24395,0.272748
1791409890.154413,0,0,100,0.32502,0.62543,0.09768,0.31461,0.00874,0.02061,-0.03386,0.25034,0.277757
1791409890.174135,0,0,100,0.32495,0.62552,0.09771,0.31477,0.00769,0.01012,-0.03168,0.27697,0.283200
1791409890.194091,0,0,100,0.32507,0.62553,0.09784,0.31498,0.00585,0.02457,-0.02551,0.27590,0.288951
1791409890.214195,0,0,100,0.32523,0.62564,0.09786,0.31524,0.00332,0.00766,-0.02600,0.29082,0.294932
1791409890.234358,0,0,100,0.32535,0.62552,0.09811,0.31544,0.00126,0.00678,-0.02799,0.30254,0.301114
1791409890.254133,0,0,100,0.32544,0.62548,0.09834,0.31565,0.00109,0.00276,-0.02860,0.32171,0.307416
1791409890.274365,0,0,100,0.32539,0.62533,0.09854,0.31583,0.01758,0.00632,-0.02869,0.30147,0.313664
1791409890.294192,0,0,100,0.32519,0.62516,0.09874,0.31595,-0.00218,0.01418,-0.03290,0.31319,0.320035
1791409890.314324,0,0,100,0.32511,0.62520,0.09904,0.31602,-0.00490,0.03099,-0.03707,0.30147,0.325732
1791409890.334198,0,0,100,0.32504,0.62516,0.09933,0.31608,0.00444,0.01879,-0.03552,0.28230,0.332424
1791409890.354436,0,0,100,0.32490,0.62512,0.09956,0.31617,0.01898,0.01486,-0.03240,0.28016,0.338149
1791409890.374423,0,0,100,0.32482,0.62516,0.09986,0.31628,0.01180,0.01600,-0.03336,0.27484,0.343916
1791409890.394140,0,0,100,0.32476,0.62535,0.10023,0.31637,0.02644,0.01484,-0.03540,0.28123,0.349726
1791409890.414425,0,0,100,0.32462,0.62543,0.10055,0.31642,0.02372,0.02163,-0.03494,0.28123,0.355584
1791409890.434468,0,0,100,0.32456,0.62553,0.10094,0.31649,0.01996,0.02851,-0.03638,0.27484,0.361262
1791409890.454276,0,0,100,0.32443,0.62558,0.10133,0.31654,0.02515,0.02260,-0.03632,0.24714,0.366738
1791409890.474402,0,0,100,0.32434,0.62570,0.10184,0.31662,0.01951,0.01745,-0.03563,0.26206,0.372082
1791409890.494163,0,0,100,0.32424,0.62581,0.10233,0.31670,0.02275,0.01680,-0.03597,0.25886,0.377449
1791409890.514395,0,0,100,0.32415,0.62587,0.10287,0.31678,0.01552,0.02563,-0.03500,0.26738,0.382956
1791409890.534438,0,0,100,0.32399,0.62582,0.10330,0.31685,0.01340,0.03089,-0.03598,0.27697,0.388562
1791409890.554508,0,0,100,0.32387,0.62594,0.10376,0.31689,0.02681,0.03518,-0.03827,0.26845,0.394168
1791409890.574041,0,0,100,0.32371,0.62608,0.10427,0.31691,0.02365,0.01859,-0.03941,0.26738,0.399690
1791409890.594329,0,0,100,0.32364,0.62620,0.10489,0.31698,0.02787,0.03309,-0.03659,0.28123,0.405239
1791409890.614160,0,0,100,0.32349,0.62634,0.10542,0.31707,0.01695,0.02190,-0.03448,0.28443,0.410787
1791409890.634627,0,0,100,0.32343,0.62645,0.10592,0.31715,0.02376,0.02072,-0.03626,0.27377,0.416431
1791409890.654397,0,0,100,0.32334,0.62660,0.10651,0.31720,0.03171,0.02822,-0.03726,0.27910,0.422264
1791409890.674250,0,0,100,0.32320,0.62673,0.10707,0.31722,0.02600,0.03283,-0.03683,0.28443,0.428116
1791409890.694468,0,0,100,0.32303,0.62684,0.10763,0.31726,0.01429,0.03069,-0.03701,0.26845,0.433670
1791409890.714477,0,0,100,0.32287,0.62695,0.10832,0.31729,0.02247,0.02754,-0.03910,0.27803,0.439235
1791409890.734145,0,0,100,0.32277,0.62704,0.10899,0.31733,0.01537,0.02315,-0.03681,0.29082,0.444968
1791409890.754063,0,0,100,0.32266,0.62707,0.10961,0.31737,0.02553,0.02054,-0.03746,0.27484,0.450726
1791409890.774068,0,0,100,0.32256,0.62709,0.11027,0.31740,0.03297,0.04231,-0.03685,0.27271,0.456406
1791409890.794364,0,0,100,0.32243,0.62713,0.11103,0.31743,0.03466,0.03570,-0.03737,0.26525,0.461953
1791409890.814088,0,0,100,0.32227,0.62718,0.11178,0.31744,0.00852,0.04612,-0.03872,0.26206,0.467407
1791409890.834112,0,0,100,0.32203,0.62725,0.11250,0.31741,0.02987,0.02470,-0.04074,0.25886,0.472982
1791409890.854090,0,0,100,0.32208,0.62737,0.11320,0.31734,0.02766,0.02969,-0.04492,0.25992,0.478528
1791409890.874101,0,0,100,0.32220,0.62742,0.11390,0.31720,0.02795,0.03545,-0.04648,0.27590,0.484129
1791409890.894540,0,0,100,0.32234,0.62754,0.11460,0.31706,0.02285,0.03400,-0.04678,0.28016,0.489824
1791409890.914420,0,0,100,0.32247,0.62761,0.11539,0.31679,0.01721,0.03389,-0.04516,0.29082,0.495735
1791409890.934202,0,0,100,0.32257,0.62786,0.11604,0.31649,0.03078,0.02404,-0.04315,0.29508,0.501777
1791409890.954139,0,0,100,0.32265,0.62798,0.11672,0.31632,0.01751,0.03452,-0.03872,0.29295,0.507881
1791409890.974096,0,0,100,0.32274,0.62821,0.11738,0.31612,0.01786,0.01928,-0.03678,0.27803,0.513682
1791409890.994356,0,0,100,0.32283,0.62837,0.11816,0.31592,0.02925,0.04147,-0.03726,0.25673,0.519188
1791409891.014354,0,0,100,0.32292,0.62854,0.11899,0.31580,0.02685,0.02513,-0.03865,0.25140,0.524492
1791409891.034089,0,0,100,0.32298,0.62889,0.11970,0.31570,0.03898,0.02325,-0.04251,0.25992,0.529898
1791409891.054053,0,0,100,0.32303,0.62928,0.12035,0.31559,0.02535,0.01131,-0.04397,0.25779,0.535341
1791409891.074081,0,0,100,0.32305,0.62960,0.12104,0.31550,0.03373,0.03165,-0.04285,0.26099,0.540736
1791409891.094155,0,0,100,0.32307,0.62993,0.12188,0.31547,0.03346,0.04152,-0.04035,0.26845,0.546187
1791409891.114116,0,0,100,0.32310,0.63023,0.12264,0.31543,0.03822,0.02838,-0.04040,0.27271,0.551901
1791409891.134437,0,0,100,0.32310,0.63071,0.12337,0.31536,0.03407,0.02859,-0.04502,0.29614,0.557966
1791409891.154117,0,0,100,0.32302,0.63121,0.12402,0.31523,0.02695,0.01058,-0.04788,0.30786,0.564231
1791409891.174156,0,0,100,0.32274,0.63167,0.12470,0.31506,0.02397,0.03034,-0.04652,0.31319,0.570686
1791409891.194214,0,0,100,0.32221,0.63203,0.12556,0.31480,0.03667,0.03069,-0.05135,0.31212,0.577069
1791409891.214760,0,0,100,0.32155,0.63240,0.12641,0.31442,0.03070,0.03104,-0.05541,0.31745,0.583386
1791409891.234126,0,0,100,0.32083,0.63292,0.12719,0.31392,0.04977,0.03470,-0.05699,0.31532,0.589809
1791409891.254201,0,0,100,0.32090,0.63308,0.12838,0.31322,0.05464,0.04673,-0.05817,0.30360,0.596050
1791409891.274333,0,0,100,0.32144,0.63327,0.12974,0.31295,0.07600,0.05535,-0.05611,0.29934,0.602291
1791409891.294043,0,0,100,0.32207,0.63374,0.13081,0.31297,0.06110,0.03513,-0.04995,0.32384,0.608606
1791409891.314306,0,0,100,0.32236,0.63484,0.13046,0.31311,0.04699,-0.03791,-0.04482,0.38456,0.615725
1791409891.334165,0,0,100,0.32197,0.63571,0.12997,0.31326,0.01317,0.04503,-0.03692,0.52304,0.625037
1791409891.354090,0,0,100,0.32114,0.63516,0.13007,0.31313,-0.00387,0.04246,-0.04350,0.59016,0.636472
1791409891.374118,0,0,100,0.31994,0.63479,0.13070,0.31261,0.01595,0.05356,-0.06168,0.62957,0.648831
1791409891.394061,0,0,100,0.31816,0.63472,0.13175,0.31178,0.03905,0.05828,-0.07927,0.68390,0.662068
1791409891.414563,0,0,100,0.31565,0.63454,0.13336,0.31082,0.05217,0.08636,-0.08501,0.71905,0.674985
1791409891.434071,0,0,100,0.31370,0.63392,0.13521,0.30982,0.03748,0.09181,-0.05557,0.70201,0.690741
1791409891.454199,0,0,100,0.31276,0.63377,0.13805,0.30877,0.06738,0.08054,-0.07659,0.64022,0.704266
1791409891.474256,0,0,100,0.31202,0.63297,0.13894,0.30711,0.01630,0.03088,-0.06909,0.50920,0.716041
1791409891.494201,0,0,100,0.31193,0.63244,0.13952,0.30671,0.00661,0.05180,-0.02198,0.41971,0.724833
1791409891.514090,0,0,100,0.31186,0.63281,0.14055,0.30670,0.03834,0.03713,-0.01633,0.40800,0.733142
1791409891.534538,0,0,100,0.31267,0.63265,0.14117,0.30673,0.01362,0.02748,-0.02526,0.40480,0.741237
1791409891.554091,0,0,100,0.31291,0.63225,0.14134,0.30665,0.01810,0.00394,-0.03753,0.37391,0.749009
1791409891.574378,0,0,100,0.31316,0.63195,0.14144,0.30653,-0.01035,0.01478,-0.04275,0.34941,0.756286
1791409891.594087,0,0,100,0.31343,0.63170,0.14181,0.30635,-0.01872,-0.00299,-0.04720,0.34621,0.763423
1791409891.614005,0,0,100,0.31368,0.63143,0.14192,0.30606,-0.00318,-0.00077,-0.05484,0.35686,0.770638
1791409891.634371,0,0,100,0.31395,0.63142,0.14199,0.30572,-0.01134,-0.01973,-0.05654,0.37604,0.778119
1791409891.654119,0,0,100,0.31421,0.63135,0.14171,0.30542,-0.00592,-0.00562,-0.05025,0.38563,0.785823
1791409891.674721,0,0,100,0.31445,0.63125,0.14116,0.30520,-0.03228,0.00654,-0.04209,0.36752,0.793630
1791409891.694071,0,0,100,0.31468,0.63111,0.14062,0.30510,-0.01901,-0.00171,-0.03628,0.37604,0.801298
1791409891.714058,0,0,100,0.31486,0.63089,0.13998,0.30510,-0.01703,0.00129,-0.03310,0.33875,0.808588
1791409891.734164,0,0,100,0.31498,0.63060,0.13938,0.30516,-0.02312,0.01360,-0.03259,0.31319,0.815346
1791409891.754137,0,0,100,0.31507,0.63039,0.13885,0.30528,-0.02030,-0.01241,-0.03075,0.28762,0.821454
1791409891.774114,0,0,100,0.31513,0.63024,0.13844,0.30544,-0.02378,-0.01845,-0.03136,0.26845,0.827190
1791409891.794139,0,0,100,0.31519,0.63018,0.13809,0.30559,-0.00754,-0.01071,-0.03219,0.26525,0.832634
1791409891.814144,0,0,100,0.31525,0.63003,0.13780,0.30568,-0.00944,0.00799,-0.03529,0.24395,0.837761
1791409891.834412,0,0,100,0.31527,0.62999,0.13761,0.30573,0.00628,0.00704,-0.03752,0.24821,0.842833
1791409891.854261,0,0,100,0.31527,0.62994,0.13748,0.30582,0.00522,0.00829,-0.03324,0.25353,0.847982
1791409891.874248,0,0,100,0.31526,0.62989,0.13746,0.30597,0.01063,0.01793,-0.02963,0.24608,0.853079
1791409891.894171,0,0,100,0.31524,0.62984,0.13749,0.30611,-0.00436,0.00332,-0.03222,0.24395,0.858196
1791409891.914531,0,0,100,0.31522,0.62978,0.13759,0.30622,0.00201,0.01474,-0.03439,0.24608,0.863233
1791409891.934537,0,0,100,0.31519,0.62983,0.13768,0.30629,0.00107,0.00799,-0.03689,0.23862,0.868161
1791409891.954028,0,0,100,0.31515,0.62969,0.13779,0.30634,0.00587,0.02019,-0.03575,0.25247,0.873198
1791409891.974059,0,0,100,0.31512,0.62965,0.13797,0.30643,0.01266,0.01169,-0.03487,0.25886,0.878500
1791409891.994094,0,0,100,0.31507,0.62965,0.13817,0.30652,0.00827,0.02597,-0.03627,0.27271,0.883950
1791409892.014022,0,0,100,0.31503,0.62952,0.13830,0.30658,-0.00007,0.00569,-0.03761,0.24927,0.889365
1791409892.034084,0,0,100,0.31499,0.62940,0.13840,0.30664,0.00677,0.00975,-0.03793,0.26312,0.894562
1791409892.055283,0,0,100,0.31496,0.62921,0.13857,0.30665,0.00943,0.00987,-0.04022,0.26632,0.899824
1791409892.074062,0,0,100,0.31494,0.62910,0.13866,0.30665,0.00510,0.01772,-0.04059,0.26099,0.905174
1791409892.094111,0,0,100,0.31491,0.62900,0.13870,0.30660,0.02181,0.02769,-0.04145,0.28016,0.910691
1791409892.114093,0,0,100,0.31489,0.62895,0.13877,0.30656,0.00052,0.00295,-0.04214,0.27058,0.916358
1791409892.134059,0,0,100,0.31487,0.62897,0.13877,0.30651,0.00588,0.00018,-0.04355,0.27590,0.921974
1791409892.154139,0,0,100,0.31482,0.62899,0.13879,0.30643,0.00695,-0.00686,-0.04467,0.25779,0.927460
1791409892.174247,0,0,100,0.31476,0.62911,0.13879,0.30639,0.00645,0.00638,-0.04138,0.26206,0.932811
1791409892.194231,0,0,100,0.31471,0.62924,0.13867,0.30638,-0.00565,-0.01060,-0.04040,0.24288,0.937961
1791409892.214359,0,0,100,0.31466,0.62931,0.13853,0.30638,0.00419,-0.00920,-0.04030,0.25673,0.943188
1791409892.237264,0,0,100,0.31459,0.62952,0.13832,0.30637,0.00158,-0.02080,-0.04203,0.26738,0.949279
1791409892.257556,0,0,100,0.31452,0.62970,0.13805,0.30633,-0.00901,-0.01686,-0.04274,0.25779,0.954954
1791409892.277813,0,0,100,0.31444,0.62992,0.13773,0.30632,-0.00152,-0.01447,-0.04001,0.28336,0.960664
1791409892.297439,0,0,100,0.31437,0.63011,0.13738,0.30632,-0.01290,-0.00827,-0.03958,0.28443,0.966477
1791409892.317518,0,0,100,0.31427,0.63036,0.13706,0.30631,0.00352,-0.01968,-0.04072,0.31212,0.972594
1791409892.337684,0,0,100,0.31417,0.63047,0.13683,0.30631,-0.01201,-0.00664,-0.04141,0.30467,0.978760
1791409892.357232,0,0,100,0.31407,0.63062,0.13659,0.30631,-0.00425,0.01532,-0.04077,0.28975,0.984753
1791409892.377332,0,0,100,0.31397,0.63071,0.13632,0.30632,-0.00393,0.00509,-0.03915,0.27058,0.990414
1791409892.397296,0,0,100,0.31389,0.63078,0.13619,0.30635,-0.00412,0.00336,-0.03772,0.26525,0.995931
1791409892.417448,0,0,100,0.31380,0.63081,0.13603,0.30636,0.00522,0.00241,-0.03912,0.27484,1.001538
1791409892.437333,0,0,100,0.31371,0.63084,0.13598,0.30636,-0.00727,0.00544,-0.04027,0.29082,1.007366
1791409892.457829,0,0,100,0.31364,0.63083,0.13589,0.30636,-0.00617,0.01044,-0.04000,0.28336,1.011523
1791409892.477292,0,0,100,0.31372,0.63017,0.13648,0.30633,0.01020,0.09852,-0.04279,0.22797,1.019187
1791409892.497431,0,0,100,0.31368,0.62995,0.13653,0.30628,0.00608,0.02158,-0.03912,-0.05113,1.020301
1791409892.517580,0,0,100,0.31376,0.62993,0.13644,0.30628,-0.00088,0.00555,-0.03423,-0.24075,1.017098
1791409892.537419,0,0,100,0.31395,0.62962,0.13645,0.30631,-0.00454,0.02139,-0.02500,-0.22797,1.012230
1791409892.557414,0,0,100,0.31409,0.62928,0.13657,0.30633,-0.00972,0.01966,-0.02524,-0.18109,1.008272
1791409892.577364,0,0,100,0.31419,0.62894,0.13660,0.30631,-0.00127,0.03540,-0.03569,-0.12251,1.005489
1791409892.597373,0,0,100,0.31426,0.62864,0.13664,0.30619,-0.00406,0.01290,-0.04371,-0.09587,1.003325
1791409892.617444,0,0,100,0.31435,0.62835,0.13677,0.30563,-0.00358,0.02878,-0.04017,-0.09800,1.001664
1791409892.637304,0,0,100,0.31442,0.62799,0.13690,0.30535,-0.01081,0.01570,-0.03435,-0.09907,1.000183
1791409892.657495,0,0,100,0.31448,0.62760,0.13704,0.30526,0.00052,0.02255,-0.03046,-0.09481,0.998538
1791409892.677369,0,0,100,0.31454,0.62723,0.13717,0.30523,0.00722,0.03064,-0.03128,-0.09268,0.996761
1791409892.697298,0,0,100,0.31461,0.62689,0.13724,0.30520,-0.00215,0.01505,-0.03252,-0.09374,0.994900
1791409892.718147,0,0,100,0.31467,0.62659,0.13726,0.30520,-0.00422,0.01689,-0.03155,-0.08416,0.993187
1791409892.737177,0,0,100,0.31472,0.62633,0.13731,0.30522,-0.00608,0.01635,-0.03195,-0.08096,0.991716
1791409892.757409,0,0,100,0.31477,0.62609,0.13732,0.30522,-0.00630,0.00653,-0.03337,-0.07457,0.990393
1791409892.777479,0,0,100,0.31481,0.62593,0.13727,0.30522,-0.00126,0.01019,-0.03429,-0.06392,0.989137
1791409892.797379,0,0,100,0.31486,0.62573,0.13722,0.30522,-0.00439,0.01485,-0.03207,-0.03196,0.988214
1791409892.818163,0,0,100,0.31489,0.62554,0.13718,0.30526,-0.01449,0.00376,-0.03033,-0.05433,0.987384
1791409892.837420,0,0,100,0.31492,0.62540,0.13716,0.30529,-0.00569,0.00751,-0.03230,-0.04048,0.986509
1791409892.857342,0,0,100,0.31495,0.62530,0.13713,0.30528,0.00692,0.00831,-0.03407,-0.04155,0.985552
1791409892.877444,0,0,100,0.31497,0.62519,0.13714,0.30528,0.00617,0.00731,-0.03300,-0.03196,0.984738
1791409892.897327,0,0,100,0.31500,0.62505,0.13714,0.30530,-0.00310,0.00319,-0.03127,-0.06498,0.984038
1791409892.917291,0,0,100,0.31502,0.62492,0.13711,0.30534,-0.00759,0.00318,-0.03049,-0.05220,0.983275
1791409892.937344,0,0,100,0.31505,0.62483,0.13710,0.30536,-0.00205,0.00939,-0.03204,-0.04261,0.982541
1791409892.957180,0,0,100,0.31507,0.62473,0.13711,0.30535,0.00062,0.01397,-0.03362,-0.02131,0.981960
1791409892.977257,0,0,100,0.31508,0.62462,0.13711,0.30536,0.00514,0.01567,-0.03166,-0.02024,0.981544
1791409893.000356,0,0,100,0.31510,0.62449,0.13713,0.30539,-0.00928,0.01371,-0.03230,-0.03089,0.981202
1791409893.017404,0,0,100,0.31512,0.62440,0.13711,0.30540,-0.00968,0.00093,-0.03316,-0.04155,0.980776
1791409893.037333,0,0,100,0.31513,0.62433,0.13707,0.30540,-0.00819,-0.00237,-0.03279,-0.03089,0.980172
1791409893.057254,0,0,100,0.31515,0.62426,0.13706,0.30541,-0.00061,-0.00958,-0.03240,-0.04900,0.979465
1791409893.077349,0,0,100,0.31518,0.62418,0.13701,0.30540,0.00041,0.01254,-0.03231,-0.04581,0.978686
1791409893.097366,0,0,100,0.31520,0.62410,0.13693,0.30541,-0.01278,0.01259,-0.03181,-0.03622,0.978038
1791409893.117414,0,0,100,0.31522,0.62402,0.13691,0.30542,0.00005,-0.00133,-0.03309,-0.03622,0.977571
1791409893.137419,0,0,100,0.31524,0.62395,0.13688,0.30541,0.00689,0.00069,-0.03415,-0.02557,0.977107
1791409893.157486,0,0,100,0.31525,0.62389,0.13688,0.30540,-0.01109,0.00167,-0.03493,-0.04900,0.976603
1791409893.177237,0,0,100,0.31527,0.62382,0.13684,0.30538,-0.00617,0.00513,-0.03408,-0.03941,0.975969
1791409893.197230,0,0,100,0.31529,0.62375,0.13681,0.30540,-0.00106,0.00102,-0.03135,-0.03622,0.975252
1791409893.217238,0,0,100,0.31530,0.62369,0.13677,0.30542,0.00389,-0.00417,-0.03259,-0.03196,0.974580
1791409893.237328,0,0,100,0.31532,0.62366,0.13674,0.30541,0.00934,-0.00308,-0.03308,-0.03728,0.973979
1791409893.257194,0,0,100,0.31533,0.62358,0.13670,0.30541,-0.01528,0.00419,-0.03230,-0.02983,0.973475
1791409893.277357,0,0,100,0.31535,0.62351,0.13669,0.30543,-0.00216,0.00430,-0.03248,-0.02450,0.973044
1791409893.302040,0,0,100,0.31537,0.62342,0.13668,0.30543,0.01437,0.00721,-0.03249,-0.01491,0.972442
1791409893.320461,0,0,100,0.31539,0.62337,0.13664,0.30541,-0.00144,-0.00405,-0.03427,-0.03941,0.971806
1791409893.340575,0,0,100,0.31541,0.62327,0.13661,0.30541,0.00377,0.00782,-0.03151,-0.04261,0.970986
1791409893.361189,0,0,100,0.31542,0.62317,0.13654,0.30544,-0.01852,-0.00424,-0.03112,-0.04687,0.970299
1791409893.380644,0,0,100,0.31544,0.62309,0.13650,0.30545,-0.00743,-0.00021,-0.03382,-0.02237,0.969849
1791409893.400646,0,0,100,0.31545,0.62302,0.13649,0.30544,-0.00236,0.00670,-0.03513,-0.01491,0.969587
1791409893.420666,0,0,100,0.31546,0.62294,0.13648,0.30543,0.00184,0.00558,-0.03343,-0.00852,0.969363
1791409893.440640,0,0,100,0.31547,0.62287,0.13647,0.30543,-0.00542,0.01169,-0.03371,-0.04474,0.969032
1791409893.460664,0,0,100,0.31549,0.62280,0.13646,0.30543,0.00723,-0.00340,-0.03317,-0.03089,0.968594
1791409893.480732,0,0,100,0.31550,0.62275,0.13644,0.30544,-0.00375,-0.00298,-0.03268,-0.03941,0.968052
1791409893.500536,0,0,100,0.31551,0.62269,0.13643,0.30545,0.00408,0.01072,-0.03251,-0.03196,0.967571
1791409893.520636,0,0,100,0.31552,0.62262,0.13642,0.30546,0.00539,0.00361,-0.03266,-0.02344,0.967193
1791409893.540679,0,0,100,0.31552,0.62258,0.13643,0.30546,0.00585,0.00704,-0.03328,-0.01385,0.966967
1791409893.560674,0,0,100,0.31553,0.62255,0.13642,0.30546,-0.00915,-0.00784,-0.03446,-0.04368,0.966723
1791409893.580581,0,0,100,0.31555,0.62252,0.13643,0.30544,0.00628,-0.00282,-0.03476,-0.03196,0.966301
1791409893.600582,0,0,100,0.31556,0.62248,0.13640,0.30543,0.00088,0.00578,-0.03400,-0.02983,0.965650
1791409893.621609,0,0,100,0.31556,0.62245,0.13636,0.30543,0.01002,0.01619,-0.03204,-0.02344,0.965120
1791409893.640521,0,0,100,0.31557,0.62243,0.13633,0.30545,-0.00249,0.00444,-0.03354,-0.02663,0.964847
1791409893.660627,0,0,100,0.31557,0.62244,0.13633,0.30543,0.00142,0.00245,-0.03553,-0.01491,0.964737
1791409893.680578,0,0,100,0.31557,0.62243,0.13630,0.30541,0.00855,0.00279,-0.03408,-0.02131,0.964570
1791409893.700538,0,0,100,0.31558,0.62240,0.13631,0.30542,0.00592,0.00390,-0.03330,-0.00639,0.964516
1791409893.720700,0,0,100,0.31558,0.62237,0.13632,0.30542,-0.00333,0.00601,-0.03411,-0.02131,0.964327
1791409893.740688,0,0,100,0.31558,0.62238,0.13635,0.30542,0.00965,0.00785,-0.03450,-0.01491,0.964069
1791409893.760766,0,0,100,0.31558,0.62237,0.13635,0.30540,-0.00585,-0.00428,-0.03509,-0.03622,0.963755
1791409893.780430,0,0,100,0.31559,0.62237,0.13636,0.30540,-0.00140,-0.00247,-0.03345,-0.02770,0.963437
1791409893.800515,0,0,100,0.31559,0.62239,0.13634,0.30541,0.00471,-0.01253,-0.03417,-0.02663,0.963088
1791409893.820862,0,0,100,0.31559,0.62243,0.13634,0.30539,0.00113,0.00073,-0.03575,-0.01704,0.962833
1791409893.840624,0,0,100,0.31560,0.62243,0.13634,0.30538,-0.00534,0.00608,-0.03459,-0.02024,0.962703
1791409893.860695,0,0,100,0.31560,0.62247,0.13634,0.30538,-0.00144,0.00612,-0.03463,0.00000,0.962685
1791409893.880630,0,0,100,0.31560,0.62247,0.13633,0.30537,-0.00114,-0.00024,-0.03428,-0.01598,0.962671
1791409893.900698,0,0,100,0.31560,0.62248,0.13633,0.30536,-0.00437,-0.00993,-0.03443,-0.02983,0.962503
1791409893.920869,0,0,100,0.31562,0.62249,0.13630,0.30535,0.01197,-0.00384,-0.03412,-0.03941,0.962103
1791409893.940808,0,0,100,0.31563,0.62246,0.13625,0.30536,0.00138,0.00613,-0.03185,-0.02131,0.961667
1791409893.960574,0,0,100,0.31563,0.62246,0.13622,0.30538,0.00781,0.00253,-0.03225,-0.01278,0.961402
1791409893.980931,0,0,100,0.31563,0.62245,0.13623,0.30538,0.00003,0.00609,-0.03481,0.00000,0.961385
1791409894.000742,0,0,100,0.31563,0.62245,0.13624,0.30536,0.00252,0.00122,-0.03457,0.00107,0.961406
1791409894.020638,0,0,100,0.31564,0.62246,0.13624,0.30535,-0.00384,-0.00112,-0.03414,-0.02663,0.961269
1791409894.040719,0,0,100,0.31564,0.62250,0.13624,0.30534,0.00491,0.00257,-0.03458,-0.03302,0.960949
1791409894.060519,0,0,100,0.31565,0.62252,0.13620,0.30533,0.00338,0.00120,-0.03345,-0.02237,0.960561
1791409894.080895,0,0,100,0.31564,0.62252,0.13616,0.30534,0.00363,0.00407,-0.03237,-0.00959,0.960282
1791409894.100649,0,0,100,0.31565,0.62254,0.13615,0.30534,0.00349,0.00787,-0.03397,-0.01172,0.960161
1791409894.120566,0,0,100,0.31565,0.62257,0.13611,0.30532,0.00969,-0.00086,-0.03484,-0.00852,0.960074
1791409894.140650,0,0,100,0.31565,0.62259,0.13611,0.30531,0.00348,-0.00480,-0.03407,-0.00533,0.960024
1791409894.160556,0,0,100,0.31565,0.62258,0.13611,0.30532,-0.00155,0.00007,-0.03273,-0.01385,0.959984
1791409894.180656,0,0,100,0.31565,0.62258,0.13612,0.30532,0.00465,0.00110,-0.03369,-0.01385,0.959902
1791409894.200593,0,0,100,0.31566,0.62257,0.13613,0.30532,-0.00178,-0.00092,-0.03392,-0.02344,0.959750
1791409894.220390,0,0,100,0.31566,0.62253,0.13614,0.30533,-0.00917,-0.00200,-0.03275,-0.01917,0.959529
1791409894.240429,0,0,100,0.31566,0.62252,0.13615,0.30534,-0.00066,0.00047,-0.03343,-0.02663,0.959348
1791409894.260525,0,0,100,0.31566,0.62252,0.13615,0.30533,0.00355,-0.00354,-0.03369,-0.01278,0.959157
1791409894.280679,0,0,100,0.31566,0.62251,0.13617,0.30533,0.00140,0.00531,-0.03348,-0.01598,0.959109
1791409894.300470,0,0,100,0.31566,0.62250,0.13616,0.30533,-0.01139,-0.00070,-0.03389,-0.01278,0.959099
1791409894.320611,0,0,100,0.31566,0.62253,0.13615,0.30532,0.00666,0.00103,-0.03407,-0.00213,0.959122
1791409894.340749,0,0,100,0.31567,0.62253,0.13612,0.30531,-0.00516,0.00155,-0.03454,0.00107,0.959136
1791409894.360533,0,0,100,0.31567,0.62254,0.13613,0.30531,0.00480,0.00377,-0.03391,-0.00746,0.959136
1791409894.380932,0,0,100,0.31567,0.62254,0.13613,0.30532,0.00405,0.00605,-0.03293,-0.01917,0.959125
1791409894.400620,0,0,100,0.31567,0.62254,0.13612,0.30532,-0.00569,0.00078,-0.03363,-0.01811,0.959021
1791409894.420488,0,0,100,0.31567,0.62254,0.13614,0.30531,0.00503,0.00293,-0.03336,-0.00959,0.958957
1791409894.440495,0,0,100,0.31567,0.62252,0.13617,0.30532,-0.00473,0.00244,-0.03363,-0.01811,0.958892
1791409894.460626,0,0,100,0.31568,0.62251,0.13621,0.30531,0.00758,-0.00214,-0.03375,-0.01917,0.958796
1791409894.480544,0,0,100,0.31567,0.62250,0.13623,0.30531,0.02167,0.01462,-0.03289,-0.01917,0.958717
1791409894.500499,0,0,100,0.31572,0.62385,0.13630,0.30504,-0.02881,0.04005,-0.03996,-0.23223,0.956733
1791409894.520585,0,0,100,0.31581,0.62360,0.13614,0.30486,-0.02855,-0.01145,-0.04194,-0.49322,0.949016
1791409894.540624,0,0,100,0.31588,0.62369,0.13518,0.30466,-0.05565,-0.00895,-0.04446,-0.61466,0.937686
1791409894.560495,0,0,100,0.31593,0.62290,0.13478,0.30461,-0.04963,0.04276,-0.03998,-0.63703,0.926446
1791409894.580371,0,0,100,0.31598,0.62221,0.13470,0.30480,-0.01985,-0.01022,-0.03511,-0.57631,0.913268
1791409894.600783,0,0,100,0.31606,0.62211,0.13447,0.30486,-0.01085,-0.00086,-0.03523,-0.50280,0.902664
1791409894.620644,0,0,100,0.31622,0.62223,0.13421,0.30474,-0.01851,-0.01600,-0.04583,-0.47937,0.893158
1791409894.640538,0,0,100,0.31662,0.62233,0.13394,0.30457,-0.01352,-0.00298,-0.04192,-0.47085,0.883957
1791409894.660677,0,0,100,0.31703,0.62228,0.13368,0.30454,-0.01907,0.00245,-0.03377,-0.44954,0.874933
1791409894.680575,0,0,100,0.31745,0.62221,0.13349,0.30458,-0.00436,0.00132,-0.02967,-0.44635,0.866997
1791409894.700784,0,0,100,0.31796,0.62226,0.13317,0.30459,0.00397,0.00934,-0.03133,-0.41865,0.857605
1791409894.720719,0,0,100,0.31843,0.62214,0.13323,0.30461,0.00995,0.01077,-0.03413,-0.39947,0.849473
1791409894.740412,0,0,100,0.31883,0.62202,0.13327,0.30457,-0.01081,0.00713,-0.03730,-0.39734,0.841595
1791409894.760483,0,0,100,0.31913,0.62172,0.13312,0.30452,-0.02198,0.00838,-0.03607,-0.38350,0.833898
1791409894.780712,0,0,100,0.31942,0.62136,0.13300,0.30455,-0.01920,0.02840,-0.03560,-0.36112,0.826424
1791409894.800618,0,0,100,0.31980,0.62108,0.13301,0.30464,-0.00211,0.01896,-0.03575,-0.35473,0.819241
1791409894.820520,0,0,100,0.32024,0.62078,0.13315,0.30473,-0.01696,0.02013,-0.03633,-0.35793,0.812170
1791409894.840553,0,0,100,0.32076,0.62053,0.13328,0.30484,-0.00521,0.03274,-0.03142,-0.33982,0.805307
1791409894.861215,0,0,100,0.32118,0.62024,0.13345,0.30498,-0.00873,0.03254,-0.03088,-0.33982,0.798691
1791409894.880475,0,0,100,0.32161,0.62001,0.13359,0.30509,-0.00404,0.00952,-0.03411,-0.32491,0.792032
1791409894.900549,0,0,100,0.32210,0.61983,0.13373,0.30518,-0.00719,0.03143,-0.03351,-0.32917,0.785504
1791409894.920573,0,0,100,0.32244,0.61949,0.13397,0.30529,-0.00351,0.02802,-0.03266,-0.32704,0.779029
1791409894.940605,0,0,100,0.32275,0.61916,0.13417,0.30537,0.00241,0.02319,-0.03489,-0.33130,0.772552
1791409894.960484,0,0,100,0.32300,0.61880,0.13445,0.30544,0.00395,0.01200,-0.03663,-0.32278,0.766050
1791409894.980397,0,0,100,0.32333,0.61841,0.13460,0.30553,-0.00361,0.03114,-0.03266,-0.30254,0.759765
1791409895.000629,0,0,100,0.32364,0.61806,0.13482,0.30570,0.00600,0.02973,-0.02860,-0.28975,0.753862
1791409895.020462,0,0,100,0.32397,0.61780,0.13508,0.30590,-0.00427,0.01648,-0.03028,-0.28016,0.748353
1791409895.040610,0,0,100,0.32452,0.61750,0.13529,0.30611,-0.00663,0.02519,-0.02778,-0.27484,0.742933
1791409895.060579,0,0,100,0.32504,0.61719,0.13543,0.30639,-0.00366,0.01963,-0.02302,-0.27164,0.737475
1791409895.080564,0,0,100,0.32537,0.61687,0.13564,0.30668,-0.00752,0.01768,-0.02505,-0.27697,0.732040
1791409895.100614,0,0,100,0.32560,0.61653,0.13574,0.30692,-0.00381,0.02774,-0.02840,-0.29401,0.726553
1791409895.120713,0,0,100,0.32573,0.61611,0.13572,0.30711,-0.02480,0.02827,-0.02979,-0.26845,0.721085
1791409895.140418,0,0,100,0.32593,0.61576,0.13581,0.30730,-0.01362,0.00623,-0.03131,-0.26312,0.715810
1791409895.160659,0,0,100,0.32604,0.61546,0.13591,0.30749,-0.01943,0.01204,-0.03134,-0.27058,0.710689
1791409895.180774,0,0,100,0.32610,0.61517,0.13589,0.30768,-0.00255,0.01588,-0.02991,-0.27164,0.705581
1791409895.200542,0,0,100,0.32607,0.61484,0.13581,0.30784,-0.02328,-0.01691,-0.03218,-0.28230,0.700331
1791409895.220530,0,0,100,0.32612,0.61464,0.13564,0.30799,-0.01976,0.01602,-0.03224,-0.27058,0.695151
1791409895.240489,0,0,100,0.32619,0.61446,0.13568,0.30812,0.00130,0.00872,-0.03175,-0.26312,0.690005
1791409895.260524,0,0,100,0.32628,0.61432,0.13555,0.30827,-0.01449,0.00261,-0.03148,-0.26099,0.684899
1791409895.280560,0,0,100,0.32642,0.61409,0.13555,0.30840,-0.01056,0.00352,-0.03231,-0.25566,0.679881
1791409895.300740,0,0,100,0.32653,0.61379,0.13575,0.30853,0.00288,0.03444,-0.03113,-0.24714,0.675021
1791409895.320571,0,0,100,0.32661,0.61368,0.13585,0.30869,-0.01030,0.01561,-0.03166,-0.24821,0.670236
1791409895.340435,0,0,100,0.32662,0.61364,0.13583,0.30886,-0.01071,0.01789,-0.03020,-0.26525,0.665247
1791409895.360470,0,0,100,0.32659,0.61350,0.13554,0.30903,-0.00501,0.00923,-0.03063,-0.25886,0.660115
1791409895.380752,0,0,100,0.32658,0.61340,0.13558,0.30918,-0.01140,0.01007,-0.03112,-0.24927,0.655173
1791409895.400442,0,0,100,0.32668,0.61336,0.13555,0.30933,-0.00841,0.00667,-0.03031,-0.25247,0.650324
1791409895.420740,0,0,100,0.32669,0.61326,0.13576,0.30949,0.00052,0.01710,-0.02821,-0.25034,0.645575
1791409895.440442,0,0,100,0.32675,0.61321,0.13576,0.30964,0.00850,0.00834,-0.02909,-0.24714,0.640643
1791409895.460430,0,0,100,0.32682,0.61312,0.13577,0.30981,-0.00292,0.00842,-0.03080,-0.25140,0.635687
1791409895.480489,0,0,100,0.32681,0.61313,0.13591,0.30995,0.00081,0.01421,-0.03013,-0.26951,0.630609
1791409895.500392,0,0,100,0.32685,0.61291,0.13586,0.31009,-0.01171,0.00221,-0.03094,-0.27377,0.625293
1791409895.520588,0,0,100,0.32689,0.61281,0.13591,0.31023,-0.00441,0.00584,-0.03262,-0.27164,0.620268
1791409895.540787,0,0,100,0.32690,0.61278,0.13615,0.31036,0.00622,0.01924,-0.03109,-0.24395,0.615390
1791409895.560530,0,0,100,0.32687,0.61280,0.13629,0.31051,0.01487,0.00458,-0.03050,-0.25034,0.610546
1791409895.580752,0,0,100,0.32696,0.61281,0.13647,0.31065,0.01143,0.01126,-0.03116,-0.25566,0.605592
1791409895.600550,0,0,100,0.32706,0.61280,0.13667,0.31078,0.00392,0.00484,-0.03013,-0.26525,0.600535
1791409895.620620,0,0,100,0.32711,0.61290,0.13677,0.31093,0.00667,0.00677,-0.03034,-0.25353,0.595531
1791409895.640579,0,0,100,0.32725,0.61295,0.13699,0.31108,0.01555,0.02068,-0.02835,-0.25566,0.590457
1791409895.660637,0,0,100,0.32731,0.61304,0.13715,0.31119,0.00617,0.00240,-0.03064,-0.25034,0.585470
1791409895.680384,0,0,100,0.32724,0.61311,0.13734,0.31128,0.00539,-0.00452,-0.03404,-0.27377,0.580511
1791409895.700528,0,0,100,0.32722,0.61334,0.13743,0.31138,0.02848,0.00355,-0.03257,-0.27164,0.575422
1791409895.720499,0,0,100,0.32716,0.61342,0.13740,0.31152,-0.00151,0.00141,-0.03085,-0.26738,0.570120
1791409895.740819,0,0,100,0.32710,0.61351,0.13740,0.31168,-0.00835,-0.00099,-0.03039,-0.27058,0.564791
1791409895.760588,0,0,100,0.32709,0.61363,0.13734,0.31184,-0.00291,-0.00963,-0.03190,-0.26738,0.559742
1791409895.780468,0,0,100,0.32708,0.61368,0.13731,0.31193,-0.00711,0.01143,-0.03379,-0.26099,0.554371
1791409895.800397,0,0,100,0.32690,0.61379,0.13726,0.31196,-0.00260,0.00684,-0.03774,-0.26099,0.549517
1791409895.820548,0,0,100,0.32673,0.61400,0.13716,0.31195,0.01285,-0.00169,-0.03898,-0.25353,0.544789
1791409895.853664,0,0,100,0.32655,0.61402,0.13717,0.31193,-0.00023,0.01330,-0.03907,-0.24288,0.541441
1791409895.870491,0,0,100,0.32598,0.61412,0.13706,0.31201,0.00923,0.01329,-0.03559,-0.27164,0.532502
1791409895.890625,0,0,100,0.32578,0.61416,0.13703,0.31226,0.02038,0.01250,-0.03219,-0.25992,0.527290
1791409895.913604,0,0,100,0.32557,0.61417,0.13687,0.31241,-0.00729,0.00390,-0.03261,-0.26419,0.521693
1791409895.933682,0,0,100,0.32540,0.61418,0.13675,0.31256,0.00682,0.02047,-0.02842,-0.27377,0.517152
1791409895.953835,0,0,100,0.32524,0.61415,0.13676,0.31268,0.00331,0.01311,-0.02921,-0.25992,0.511577
1791409895.974553,0,0,100,0.32509,0.61408,0.13681,0.31279,-0.01244,0.00721,-0.03040,-0.26738,0.506471
1791409895.993731,0,0,100,0.32494,0.61394,0.13673,0.31291,-0.00713,0.00926,-0.02682,-0.27590,0.501274
1791409896.013758,0,0,100,0.32489,0.61375,0.13672,0.31304,-0.00202,0.01076,-0.02506,-0.27803,0.495856
1791409896.033856,0,0,100,0.32472,0.61351,0.13669,0.31317,-0.01949,0.00598,-0.02816,-0.28336,0.490353
1791409896.053792,0,0,100,0.32438,0.61340,0.13676,0.31327,-0.00069,0.01490,-0.02732,-0.29401,0.484715
1791409896.073625,0,0,100,0.32376,0.61331,0.13676,0.31332,-0.00472,0.00558,-0.02855,-0.28549,0.479051
1791409896.094066,0,0,100,0.32246,0.61320,0.13672,0.31313,-0.00494,0.01972,-0.03090,-0.30040,0.473325
1791409896.113684,0,0,100,0.32049,0.61314,0.13678,0.31301,0.01436,0.02066,-0.03867,-0.29827,0.467578
1791409896.133717,0,0,100,0.32049,0.61315,0.13698,0.31289,0.00285,0.02559,-0.04161,-0.29188,0.461809
1791409896.153850,0,0,100,0.32046,0.61299,0.13700,0.31280,-0.00021,0.01111,-0.04691,-0.31851,0.455998
1791409896.173803,0,0,100,0.32041,0.61274,0.13684,0.31268,-0.02346,0.00627,-0.04974,-0.36006,0.449647
1791409896.193828,0,0,100,0.32035,0.61230,0.13692,0.31260,-0.02451,0.04652,-0.04636,-0.34408,0.442927
1791409896.213770,0,0,100,0.32026,0.61167,0.13749,0.31254,-0.01205,0.04830,-0.04152,-0.36112,0.435996
1791409896.234018,0,0,100,0.32014,0.61098,0.13809,0.31243,-0.01732,0.05061,-0.04286,-0.34728,0.429118
1791409896.254014,0,0,100,0.32002,0.61023,0.13867,0.31224,-0.00302,0.04767,-0.04924,-0.36219,0.422137
1791409896.273752,0,0,100,0.31988,0.60950,0.13927,0.31196,-0.01716,0.04424,-0.05512,-0.36006,0.414943
1791409896.294219,0,0,100,0.31975,0.60881,0.13974,0.31179,-0.01606,0.05472,-0.05394,-0.37284,0.408363
1791409896.313678,0,0,100,0.31955,0.60819,0.14034,0.31166,-0.00594,0.04036,-0.05051,-0.39415,0.400036
1791409896.333679,0,0,100,0.31937,0.60765,0.14097,0.31130,-0.01305,0.03944,-0.05024,-0.39521,0.392407
1791409896.366806,0,0,100,0.31905,0.60677,0.14195,0.31135,-0.00124,0.04298,-0.03895,-0.35154,0.380126
1791409896.383734,0,0,100,0.31887,0.60649,0.14246,0.31132,-0.00426,0.04363,-0.03872,-0.35047,0.374649
1791409896.403661,0,0,100,0.31863,0.60614,0.14290,0.31119,-0.00722,0.03356,-0.04241,-0.34728,0.367693
1791409896.427029,0,0,100,0.31837,0.60573,0.14354,0.31098,0.00424,0.02529,-0.04395,-0.38456,0.358789
1791409896.447034,0,0,100,0.31820,0.60550,0.14391,0.31085,-0.00790,0.02218,-0.03993,-0.37604,0.351348
1791409896.467020,0,0,100,0.31800,0.60532,0.14440,0.31076,0.01146,0.05106,-0.03562,-0.34834,0.344368
1791409896.487273,0,0,100,0.31777,0.60513,0.14484,0.31069,-0.00270,0.02742,-0.03397,-0.35793,0.337463
1791409896.506847,0,0,100,0.31757,0.60503,0.14515,0.31060,0.00749,0.02421,-0.03617,-0.36645,0.330453
1791409896.527081,0,0,100,0.31736,0.60497,0.14548,0.31048,0.00780,0.02368,-0.03962,-0.36006,0.323392
1791409896.547116,0,0,100,0.31715,0.60493,0.14569,0.31037,0.01316,0.01483,-0.03612,-0.38669,0.316028
1791409896.567075,0,0,100,0.31695,0.60489,0.14587,0.31030,-0.00413,0.02338,-0.03519,-0.39947,0.308304
1791409896.586974,0,0,100,0.31675,0.60486,0.14610,0.31022,0.00417,0.02770,-0.03692,-0.38882,0.300527
1791409896.608042,0,0,100,0.31647,0.60488,0.14627,0.31009,0.00888,0.00397,-0.03710,-0.39734,0.291984
1791409896.626951,0,0,100,0.31628,0.60491,0.14637,0.31001,-0.00222,0.00906,-0.03587,-0.39308,0.284975
1791409896.647279,0,0,100,0.31609,0.60497,0.14635,0.30919,0.00362,0.02130,-0.03557,-0.40480,0.277123
1791409896.666942,0,0,100,0.31587,0.60498,0.14636,0.30857,0.01656,0.00284,-0.03370,-0.39415,0.269239
1791409896.687138,0,0,100,0.31563,0.60493,0.14627,0.30818,0.00181,-0.00613,-0.03265,-0.40800,0.261197
1791409896.707107,0,0,100,0.31535,0.60464,0.14653,0.30798,-0.00016,0.02527,-0.03205,-0.41119,0.253090
1791409896.726966,0,0,100,0.31661,0.60419,0.14705,0.30810,-0.04507,0.02330,-0.02743,-0.41439,0.244864
1791409896.747262,0,0,100,0.31828,0.60370,0.14744,0.30849,-0.00269,0.02482,-0.02179,-0.42398,0.236493
1791409896.766890,0,0,100,0.31948,0.60368,0.14726,0.30886,-0.00278,-0.01841,-0.02117,-0.42930,0.228145
1791409896.787073,0,0,100,0.32065,0.60396,0.14602,0.30908,0.00164,-0.03295,-0.03853,-0.40693,0.220252
1791409896.807110,0,0,100,0.32050,0.60405,0.14510,0.30893,-0.01029,-0.00868,-0.04523,-0.42611,0.211694
1791409896.827126,0,0,100,0.32008,0.60388,0.14475,0.30874,-0.00828,0.02641,-0.04427,-0.45487,0.202598
1791409896.847127,0,0,100,0.31950,0.60339,0.14480,0.30866,-0.01690,0.03354,-0.03539,-0.44208,0.193824
1791409896.866979,0,0,100,0.31871,0.60295,0.14518,0.30869,-0.02174,0.05396,-0.02637,-0.43782,0.185198
1791409896.887567,0,0,100,0.31797,0.60239,0.14558,0.30868,-0.02295,0.05516,-0.03333,-0.43250,0.176773
1791409896.907178,0,0,100,0.31710,0.60176,0.14672,0.30854,-0.02376,0.06469,-0.04501,-0.44741,0.168204
1791409896.927248,0,0,100,0.31628,0.60140,0.14801,0.30820,0.00045,0.06379,-0.05673,-0.46339,0.159382
1791409896.947069,0,0,100,0.31548,0.60171,0.14963,0.30721,0.03571,0.07669,-0.06522,-0.45487,0.150295
1791409896.967117,0,0,100,0.31464,0.60154,0.15044,0.30655,0.04629,0.04288,-0.00554,-0.41226,0.141815
1791409896.986960,0,0,100,0.31411,0.60228,0.15201,0.30643,0.04526,0.08694,-0.01098,-0.36752,0.133920
1791409897.007167,0,0,100,0.31467,0.60300,0.15234,0.30625,0.01653,0.01582,-0.04001,-0.23542,0.127100
1791409897.026823,0,0,100,0.31418,0.60329,0.15371,0.30592,0.05027,0.04960,-0.04565,0.00107,0.125343
1791409897.047065,0,0,100,0.31394,0.60397,0.15454,0.30562,0.04873,0.04460,-0.04803,0.22264,0.128529
1791409897.067546,0,0,100,0.31378,0.60450,0.15611,0.30531,0.04473,0.13975,-0.05071,0.34515,0.134271
1791409897.087047,0,0,100,0.31369,0.60460,0.15762,0.30505,0.01173,0.07774,-0.04542,0.28336,0.140332
1791409897.106908,0,0,100,0.31390,0.60462,0.15840,0.30503,0.01980,0.00666,-0.02434,0.18109,0.144942
1791409897.126884,0,0,100,0.31416,0.60479,0.15886,0.30521,0.03001,0.05996,-0.02252,0.13635,0.148021
1791409897.147034,0,0,100,0.31418,0.60475,0.15974,0.30517,0.00167,0.03020,-0.04117,0.12570,0.150740
1791409897.167063,0,0,100,0.31406,0.60473,0.16063,0.30494,0.01166,0.01903,-0.04877,0.11185,0.153491
1791409897.186874,0,0,100,0.31398,0.60480,0.16137,0.30477,0.02137,0.02781,-0.04252,0.10653,0.155997
1791409897.206906,0,0,100,0.31387,0.60480,0.16184,0.30474,0.00147,0.00987,-0.03527,0.08948,0.158281
1791409897.226874,0,0,100,0.31377,0.60488,0.16203,0.30477,0.01223,0.01258,-0.03312,0.08735,0.160362
1791409897.246839,0,0,100,0.31374,0.60504,0.16223,0.30475,0.02800,0.01146,-0.03653,0.07776,0.162177
1791409897.267005,0,0,100,0.31375,0.60519,0.16235,0.30474,0.01851,0.01802,-0.03658,0.09481,0.164054
1791409897.286881,0,0,100,0.31383,0.60542,0.16252,0.30473,0.01892,0.00397,-0.03622,0.08203,0.165942
1791409897.307122,0,0,100,0.31393,0.60568,0.16266,0.30472,0.02754,0.00820,-0.03588,0.09268,0.167936
1791409897.327018,0,0,100,0.31396,0.60581,0.16282,0.30475,0.02220,0.00102,-0.03200,0.09587,0.169938
1791409897.346804,0,0,100,0.31403,0.60606,0.16294,0.30481,0.03001,0.00848,-0.03017,0.05859,0.171544
1791409897.366835,0,0,100,0.31410,0.60642,0.16310,0.30487,0.02817,0.00686,-0.03169,0.04261,0.172739
1791409897.386899,0,0,100,0.31415,0.60671,0.16331,0.30488,0.03207,0.01717,-0.03423,0.05859,0.173919
1791409897.406840,0,0,100,0.31425,0.60707,0.16354,0.30485,0.03442,0.00107,-0.03661,0.05539,0.175258
1791409897.427135,0,0,100,0.31436,0.60732,0.16380,0.30480,0.01830,0.01016,-0.03673,0.06711,0.176734
1791409897.446859,0,0,100,0.31449,0.60755,0.16405,0.30477,0.02717,0.01431,-0.03440,0.07563,0.178400
1791409897.466980,0,0,100,0.31458,0.60776,0.16432,0.30476,0.02397,0.00721,-0.03479,0.08309,0.180140
1791409897.486967,0,0,100,0.31466,0.60798,0.16457,0.30474,0.01083,0.00639,-0.03590,0.06818,0.181740
1791409897.506918,0,0,100,0.31470,0.60816,0.16474,0.30472,0.01613,0.01360,-0.03392,0.05859,0.183345
1791409897.527019,0,0,100,0.31478,0.60836,0.16495,0.30472,0.01146,0.00545,-0.03387,0.05965,0.184709
1791409897.546914,0,0,100,0.31484,0.60858,0.16508,0.30469,0.01866,0.00693,-0.03693,0.05646,0.185973
1791409897.567155,0,0,100,0.31489,0.60874,0.16519,0.30466,0.01121,0.00066,-0.03585,0.04581,0.187098
1791409897.586831,0,0,100,0.31495,0.60885,0.16529,0.30466,0.01262,0.00965,-0.03378,0.03941,0.188191
1791409897.606802,0,0,100,0.31502,0.60902,0.16534,0.30469,0.01659,-0.00688,-0.03309,0.03622,0.189118
1791409897.626890,0,0,100,0.31505,0.60919,0.16538,0.30475,0.02131,0.00595,-0.03144,0.03302,0.190079
1791409897.646907,0,0,100,0.31511,0.60940,0.16543,0.30479,0.01295,0.00035,-0.03397,0.03302,0.190910
1791409897.666794,0,0,100,0.31517,0.60959,0.16547,0.30480,0.02169,0.00818,-0.03445,0.03302,0.191809
1791409897.686837,0,0,100,0.31522,0.60975,0.16551,0.30480,0.00357,0.00281,-0.03515,0.03196,0.192779
1791409897.706826,0,0,100,0.31527,0.60988,0.16557,0.30481,0.00713,0.00178,-0.03367,0.03196,0.193609
1791409897.726887,0,0,100,0.31535,0.61009,0.16562,0.30482,0.01381,0.00621,-0.03378,0.03835,0.194431
1791409897.746953,0,0,100,0.31542,0.61025,0.16568,0.30481,0.01477,0.00639,-0.03483,0.03835,0.195312
1791409897.766859,0,0,100,0.31546,0.61035,0.16576,0.30478,0.02760,0.01440,-0.03528,0.04581,0.196262
1791409897.786950,0,0,100,0.31551,0.61041,0.16583,0.30478,0.00450,0.00643,-0.03443,0.02450,0.197117
1791409897.806859,0,0,100,0.31556,0.61049,0.16590,0.30479,0.01672,-0.00560,-0.03441,0.02450,0.197815
1791409897.826849,0,0,100,0.31563,0.61060,0.16599,0.30477,0.01611,0.00802,-0.03699,0.01385,0.198525
1791409897.846941,0,0,100,0.31567,0.61066,0.16605,0.30473,0.02664,0.00459,-0.03604,0.03409,0.199256
1791409897.866801,0,0,100,0.31575,0.61072,0.16611,0.30470,0.01183,0.01050,-0.03675,0.03409,0.200036
1791409897.886876,0,0,100,0.31581,0.61081,0.16620,0.30466,0.01124,0.00830,-0.03810,0.04581,0.200974
1791409897.906793,0,0,100,0.31587,0.61086,0.16631,0.30464,0.01652,0.01203,-0.03542,0.05752,0.202104
1791409897.940103,0,0,100,0.31600,0.61099,0.16647,0.30463,0.01670,0.00234,-0.03626,0.04368,0.203774
1791409897.960209,0,0,100,0.31608,0.61107,0.16654,0.30460,0.00615,0.00335,-0.03621,0.02131,0.204582
1791409897.980301,0,0,100,0.31613,0.61114,0.16662,0.30458,0.02032,0.00571,-0.03375,0.02770,0.205347
1791409898.000274,0,0,100,0.31620,0.61124,0.16675,0.30455,0.00419,0.00493,-0.03598,0.03941,0.206288
1791409898.020477,0,0,100,0.31625,0.61134,0.16687,0.30450,0.01045,0.01378,-0.03798,0.03941,0.207180
1791409898.040593,0,0,100,0.31628,0.61143,0.16696,0.30446,0.01137,0.01197,-0.03575,0.01811,0.207995
1791409898.070108,0,0,100,0.31636,0.61157,0.16705,0.30448,0.01401,0.00164,-0.03322,0.02237,0.208904
1791409898.090250,0,0,100,0.31640,0.61163,0.16711,0.30447,0.01122,0.00625,-0.03700,0.02450,0.209530
1791409898.110193,0,0,100,0.31642,0.61167,0.16716,0.30444,0.00921,-0.00508,-0.03812,0.02450,0.210001
1791409898.130164,0,0,100,0.31648,0.61178,0.16714,0.30441,0.01165,0.00165,-0.03651,0.01491,0.210510
1791409898.150218,0,0,100,0.31651,0.61180,0.16716,0.30442,-0.00190,0.00086,-0.03523,0.00959,0.210976
1791409898.170269,0,0,100,0.31657,0.61188,0.16714,0.30443,0.01385,-0.00173,-0.03512,0.00533,0.211406
1791409898.190279,0,0,100,0.31661,0.61195,0.16715,0.30442,0.01547,0.00646,-0.03655,0.03515,0.211923
1791409898.210339,0,0,100,0.31663,0.61195,0.16716,0.30441,0.00707,-0.00406,-0.03465,0.02557,0.212500
1791409898.230261,0,0,100,0.31664,0.61196,0.16718,0.30443,0.00911,0.01444,-0.03265,0.00320,0.212956
1791409898.250299,0,0,100,0.31669,0.61200,0.16716,0.30445,-0.00063,0.00162,-0.03447,0.00533,0.213207
1791409898.270643,0,0,100,0.31670,0.61201,0.16720,0.30443,0.00347,0.00049,-0.03629,0.01491,0.213683
1791409898.290183,0,0,100,0.31672,0.61206,0.16725,0.30443,0.01898,0.00368,-0.03455,0.01385,0.214068
1791409898.320101,0,0,100,0.31676,0.61209,0.16727,0.30442,0.00787,0.00677,-0.03494,0.01917,0.214720
1791409898.340371,0,0,100,0.31679,0.61213,0.16734,0.30442,0.01105,-0.00112,-0.03340,0.00107,0.215138
1791409898.360206,0,0,100,0.31683,0.61219,0.16734,0.30443,0.01199,-0.00401,-0.03477,0.00852,0.215399
1791409898.380230,0,0,100,0.31685,0.61223,0.16736,0.30441,0.01355,0.00645,-0.03542,0.01491,0.215804
1791409898.400387,0,0,100,0.31687,0.61231,0.16738,0.30441,0.01152,-0.00385,-0.03415,0.02131,0.216215
1791409898.420289,0,0,100,0.31692,0.61236,0.16740,0.30441,0.01491,0.00640,-0.03499,0.01491,0.216605
1791409898.446897,0,0,100,0.31696,0.61244,0.16740,0.30440,0.00647,0.01290,-0.03442,0.02024,0.217166
1791409898.466870,0,0,100,0.31701,0.61249,0.16735,0.30441,0.00132,0.00261,-0.03447,0.02344,0.217571
1791409898.486928,0,0,100,0.31702,0.61250,0.16738,0.30442,0.00438,-0.00011,-0.03454,0.00533,0.218055
1791409898.506900,0,0,100,0.31705,0.61254,0.16740,0.30442,0.00684,-0.00705,-0.03516,0.00320,0.218397
1791409898.527009,0,0,100,0.31706,0.61256,0.16741,0.30442,0.00699,0.00241,-0.03510,0.00639,0.218627
1791409898.546896,0,0,100,0.31707,0.61258,0.16740,0.30442,0.00825,-0.01151,-0.03430,0.00426,0.218793
1791409898.566940,0,0,100,0.31709,0.61260,0.16741,0.30443,0.01717,0.00515,-0.03391,0.00639,0.219094
1791409898.586839,0,0,100,0.31711,0.61262,0.16739,0.30442,-0.00308,-0.00176,-0.03696,0.01917,0.219400
1791409898.606879,0,0,100,0.31713,0.61263,0.16740,0.30441,0.01571,-0.00546,-0.03480,0.00852,0.219776
1791409898.626912,0,0,100,0.31714,0.61264,0.16741,0.30442,0.00789,-0.00332,-0.03454,0.00639,0.220109
1791409898.646806,0,0,100,0.31716,0.61264,0.16739,0.30443,0.01779,0.00032,-0.03465,0.00746,0.220346
1791409898.666944,0,0,100,0.31718,0.61265,0.16733,0.30442,0.00376,0.00085,-0.03598,-0.00320,0.220402
1791409898.686879,0,0,100,0.31720,0.61268,0.16727,0.30441,0.01368,0.00869,-0.03601,-0.00213,0.220482
1791409898.706834,0,0,100,0.31723,0.61269,0.16724,0.30441,0.00816,-0.00536,-0.03494,0.00852,0.220668
1791409898.726808,0,0,100,0.31725,0.61272,0.16720,0.30443,0.01044,-0.00036,-0.03457,0.00320,0.220949
1791409898.746829,0,0,100,0.31729,0.61273,0.16716,0.30443,0.01183,-0.00404,-0.03474,0.01278,0.221317
1791409898.767139,0,0,100,0.31731,0.61275,0.16716,0.30444,0.00433,0.01001,-0.03440,0.01704,0.221669
1791409898.786927,0,0,100,0.31734,0.61278,0.16715,0.30444,0.01350,0.00384,-0.03528,0.00959,0.221889
1791409898.806795,0,0,100,0.31737,0.61285,0.16713,0.30445,0.00355,-0.00664,-0.03577,-0.01491,0.222063
1791409898.827013,0,0,100,0.31739,0.61293,0.16715,0.30445,0.01697,-0.00497,-0.03485,0.00746,0.222223
1791409898.846798,0,0,100,0.31740,0.61301,0.16717,0.30444,0.01523,0.00752,-0.03537,0.00959,0.222474
1791409898.866801,0,0,100,0.31741,0.61308,0.16717,0.30446,0.00218,0.00578,-0.03497,0.00746,0.222753
1791409898.886866,0,0,100,0.31744,0.61319,0.16716,0.30448,0.01700,-0.00651,-0.03418,0.00320,0.222981
1791409898.906670,0,0,100,0.31745,0.61327,0.16715,0.30449,0.00937,-0.00515,-0.03498,0.01491,0.223242
1791409898.926765,0,0,100,0.31747,0.61333,0.16713,0.30450,0.00019,-0.00668,-0.03521,0.00533,0.223517
1791409898.946768,0,0,100,0.31748,0.61338,0.16710,0.30451,0.01178,-0.00632,-0.03440,0.00426,0.223816
1791409898.966806,0,0,100,0.31750,0.61341,0.16706,0.30452,0.00912,0.00223,-0.03492,0.00746,0.224037
1791409898.986814,0,0,100,0.31752,0.61345,0.16703,0.30452,0.00316,0.00118,-0.03541,-0.00213,0.224182
1791409899.006752,0,0,100,0.31753,0.61347,0.16703,0.30451,0.01242,0.00539,-0.03567,-0.00746,0.224351
1791409899.026887,0,0,100,0.31754,0.61348,0.16704,0.30450,0.01466,0.00035,-0.03506,0.00107,0.224613
1791409899.046659,0,0,100,0.31755,0.61350,0.16706,0.30450,0.00810,0.00400,-0.03563,-0.00107,0.224764
1791409899.066674,0,0,100,0.31757,0.61351,0.16706,0.30449,0.00721,-0.01428,-0.03663,-0.01491,0.224925
1791409899.086936,0,0,100,0.31757,0.61352,0.16710,0.30447,0.01265,0.01001,-0.03518,0.00000,0.225106
1791409899.106722,0,0,100,0.31758,0.61350,0.16710,0.30448,0.00111,-0.00174,-0.03581,-0.00746,0.225315
1791409899.126766,0,0,100,0.31759,0.61349,0.16711,0.30448,0.01335,0.00055,-0.03560,-0.00426,0.225462
1791409899.146751,0,0,100,0.31760,0.61349,0.16712,0.30447,0.00518,0.00079,-0.03636,-0.00426,0.225569
1791409899.166874,0,0,100,0.31762,0.61349,0.16714,0.30445,0.00522,0.01531,-0.03683,0.02024,0.225794
1791409899.186805,0,0,100,0.31764,0.61348,0.16716,0.30443,0.00651,0.00618,-0.03556,0.02024,0.226143
1791409899.206744,0,0,100,0.31766,0.61343,0.16717,0.30444,0.00212,0.00729,-0.03416,0.01598,0.226579
1791409899.226742,0,0,100,0.31768,0.61341,0.16718,0.30445,0.00397,0.00016,-0.03529,-0.00107,0.226920
1791409899.246780,0,0,100,0.31769,0.61340,0.16718,0.30444,0.00633,0.00945,-0.03625,-0.01385,0.227033
1791409899.266631,0,0,100,0.31771,0.61342,0.16718,0.30443,0.01098,0.00701,-0.03571,-0.01172,0.227017
1791409899.286716,0,0,100,0.31772,0.61343,0.16719,0.30442,0.00978,-0.00066,-0.03530,0.00639,0.227030
1791409899.306854,0,0,100,0.31773,0.61344,0.16718,0.30442,0.00728,-0.00106,-0.03583,0.00533,0.227264
1791409899.326816,0,0,100,0.31777,0.61344,0.16715,0.30442,0.00568,-0.00941,-0.03569,0.00320,0.227520
1791409899.346907,0,0,100,0.31778,0.61346,0.16715,0.30441,0.01287,0.00625,-0.03480,0.00746,0.227858
1791409899.366588,0,0,100,0.31779,0.61345,0.16715,0.30441,0.00880,0.00219,-0.03527,0.01278,0.228191
1791409899.386708,0,0,100,0.31780,0.61344,0.16713,0.30440,0.00352,-0.00535,-0.03643,-0.01385,0.228421
1791409899.406726,0,0,100,0.31782,0.61342,0.16713,0.30440,0.00103,-0.00515,-0.03582,-0.01278,0.228499
1791409899.426617,0,0,100,0.31784,0.61343,0.16714,0.30437,0.00094,0.00111,-0.03799,0.02024,0.228696
1791409899.446950,0,0,100,0.31785,0.61339,0.16717,0.30435,0.01122,0.00206,-0.03572,0.02450,0.229204
1791409899.466846,0,0,100,0.31788,0.61331,0.16719,0.30434,0.00486,0.00057,-0.03463,0.02450,0.229745
1791409899.486755,0,0,100,0.31790,0.61325,0.16723,0.30434,0.00473,0.00659,-0.03569,0.03302,0.230415
1791409899.506759,0,0,100,0.31791,0.61318,0.16728,0.30431,0.01117,0.00146,-0.03616,-0.00533,0.230885
1791409899.526592,0,0,100,0.31792,0.61313,0.16736,0.30429,-0.01235,0.00170,-0.03701,0.00107,0.231243
1791409899.547061,0,0,100,0.31795,0.61314,0.16742,0.30426,0.00883,0.00650,-0.03735,0.02024,0.231600
1791409899.566825,0,0,100,0.31796,0.61311,0.16745,0.30424,0.00136,-0.00262,-0.03583,-0.00213,0.231951
1791409899.586794,0,0,100,0.31800,0.61311,0.16748,0.30423,0.00340,0.00300,-0.03527,0.01385,0.232350
1791409899.606820,0,0,100,0.31802,0.61308,0.16746,0.30423,0.00855,-0.00100,-0.03571,0.00213,0.232728
1791409899.626674,0,0,100,0.31803,0.61306,0.16748,0.30422,0.01208,0.01268,-0.03503,0.01278,0.233089
1791409899.646921,0,0,100,0.31805,0.61304,0.16746,0.30421,0.01291,-0.00339,-0.03477,0.00107,0.233295
1791409899.666699,0,0,100,0.31807,0.61304,0.16743,0.30421,0.01045,0.00132,-0.03473,-0.00426,0.233419
1791409899.686666,0,0,100,0.31808,0.61304,0.16740,0.30421,0.00765,0.00206,-0.03555,-0.00639,0.233581
1791409899.706704,0,0,100,0.31808,0.61304,0.16738,0.30420,0.00492,-0.00541,-0.03560,-0.00426,0.233718
1791409899.726650,0,0,100,0.31809,0.61304,0.16735,0.30421,0.00269,0.00009,-0.03432,0.01065,0.233877
1791409899.746682,0,0,100,0.31810,0.61307,0.16735,0.30422,0.00492,0.00106,-0.03477,-0.00639,0.233974
1791409899.766673,0,0,100,0.31811,0.61309,0.16733,0.30422,0.01204,0.00522,-0.03443,-0.01278,0.234040
1791409899.787002,0,0,100,0.31811,0.61309,0.16731,0.30422,0.00057,-0.00542,-0.03531,-0.00959,0.234148
1791409899.806809,0,0,100,0.31812,0.61310,0.16731,0.30421,0.00857,-0.00204,-0.03585,-0.00426,0.234180
1791409899.826733,0,0,100,0.31813,0.61311,0.16731,0.30420,0.02051,0.00937,-0.03422,0.00533,0.234315
1791409899.846722,0,0,100,0.31813,0.61308,0.16732,0.30420,0.00675,0.01173,-0.03590,-0.00426,0.234562
1791409899.866990,0,0,100,0.31814,0.61305,0.16733,0.30420,0.00073,-0.00063,-0.03607,0.00959,0.234887
1791409899.886647,0,0,100,0.31814,0.61302,0.16738,0.30421,0.01159,0.00525,-0.03304,0.00426,0.235213
1791409899.906613,0,0,100,0.31815,0.61299,0.16739,0.30423,0.00111,-0.00108,-0.03458,-0.00959,0.235388
1791409899.926748,0,0,100,0.31815,0.61298,0.16742,0.30423,0.00517,0.00551,-0.03511,-0.01385,0.235444
1791409899.946606,0,0,100,0.31815,0.61300,0.16748,0.30420,0.00991,0.01054,-0.03534,-0.01172,0.235585
1791409899.966697,0,0,100,0.31817,0.61301,0.16749,0.30418,0.01120,0.00675,-0.03578,-0.00746,0.235781
1791409899.986710,0,0,100,0.31817,0.61301,0.16750,0.30418,0.00606,-0.00184,-0.03499,0.00107,0.235965
1791409900.006973,0,0,2006,0.31778,0.61268,0.16752,0.30439,0.00172,0.00062,-0.03171,0.02024,0.236170
1791409900.026770,0,0,2006,0.31599,0.61163,0.16749,0.30406,0.00123,0.00044,-0.02346,-0.02876,0.235759
1791409900.046541,0,0,2006,0.31416,0.61124,0.16744,0.30312,0.00096,0.00033,-0.01785,-0.06498,0.234943
1791409900.066649,0,0,2006,0.31193,0.61102,0.16741,0.30163,0.00078,0.00026,-0.01401,-0.08842,0.233614
1791409900.086672,0,0,2006,0.30949,0.61070,0.16734,0.29970,0.00065,0.00021,-0.01134,-0.08096,0.231978
1791409900.106729,0,0,2006,0.30712,0.61045,0.16764,0.29795,0.00079,0.00021,-0.01197,-0.08309,0.230434
1791409900.126910,0,0,2006,0.30484,0.61021,0.16756,0.29572,0.00057,0.00017,-0.00982,-0.03941,0.229499
1791409900.146615,0,0,2006,0.30255,0.60991,0.16728,0.29388,0.00091,0.00022,-0.01811,0.01811,0.229555
1791409900.166709,0,0,2006,0.30011,0.60920,0.16663,0.29159,0.00082,0.00020,-0.01432,0.07776,0.230673
1791409900.186637,0,0,2006,0.29773,0.60860,0.16564,0.28986,0.00036,-0.00085,-0.02313,0.12144,0.232786
1791409900.206884,0,0,2006,0.29533,0.60782,0.16469,0.28749,0.00100,0.00017,-0.01789,0.15446,0.235664
1791409900.226640,0,0,2006,0.29288,0.60703,0.16383,0.28533,0.00078,0.00010,-0.01419,0.15979,0.238889
1791409900.246597,0,0,2006,0.29040,0.60612,0.16293,0.28323,0.00062,0.00006,-0.01150,0.15127,0.242086
1791409900.266600,0,0,2006,0.28779,0.60525,0.16214,0.28113,0.00050,0.00002,-0.00951,0.15233,0.245178
1791409900.286729,0,0,2006,0.28523,0.60427,0.16186,0.27940,-0.02939,-0.00424,-0.02138,0.14381,0.248025
1791409900.306780,0,0,2006,0.28274,0.60343,0.16157,0.27740,-0.03064,-0.00095,-0.03671,0.11718,0.250575
1791409900.326666,0,0,2006,0.28026,0.60267,0.16125,0.27494,-0.01951,-0.00770,-0.05293,0.10866,0.252940
1791409900.346723,0,0,2006,0.27780,0.60192,0.16099,0.27222,-0.03155,-0.00133,-0.06963,0.09907,0.255049
1791409900.366780,0,0,2006,0.27541,0.60116,0.16081,0.26944,-0.00917,-0.01553,-0.07882,0.08629,0.257024
1791409900.386810,0,0,2006,0.27315,0.60056,0.16075,0.26672,0.00010,0.00056,-0.08826,0.09055,0.259020
1791409900.406754,0,0,2006,0.27096,0.60007,0.16076,0.26404,-0.00380,0.00212,-0.09765,0.09481,0.261083
1791409900.426744,0,0,2006,0.26893,0.59973,0.16079,0.26141,0.01990,0.00163,-0.10640,0.10013,0.263301
1791409900.446810,0,0,2006,0.26675,0.59950,0.16096,0.25883,-0.00228,0.02773,-0.11623,0.10759,0.265521
1791409900.466722,0,0,2006,0.26455,0.59921,0.16110,0.25631,0.02829,0.01001,-0.12063,0.10440,0.267668
1791409900.487029,0,0,2006,0.26286,0.59900,0.16123,0.25385,0.00167,-0.00480,-0.12825,0.08096,0.269288
1791409900.506630,0,0,2006,0.26017,0.59899,0.16134,0.25139,0.01693,0.01188,-0.13296,0.06498,0.271391
1791409900.526579,0,0,2006,0.25809,0.59900,0.16141,0.24889,0.02794,0.00171,-0.14093,0.05326,0.272686
1791409900.546671,0,0,2006,0.25588,0.59904,0.16147,0.24712,0.02555,0.01266,-0.14579,-0.01385,0.273318
1791409900.566646,0,0,2006,0.25352,0.59894,0.16159,0.24508,0.02520,-0.00069,-0.15230,-0.05646,0.273053
1791409900.586545,0,0,2006,0.25135,0.59890,0.16181,0.24282,0.02013,0.01588,-0.15440,-0.08842,0.271922
1791409900.606918,0,0,2006,0.24903,0.59873,0.16209,0.24044,0.02397,0.01389,-0.15717,-0.11079,0.270230
1791409900.626630,0,0,2006,0.24664,0.59844,0.16241,0.23802,0.01222,0.02412,-0.16101,-0.10759,0.268223
1791409900.646816,0,0,2006,0.24412,0.59804,0.16273,0.23551,0.00191,0.02435,-0.16696,-0.11292,0.266128
1791409900.666669,0,0,2006,0.24155,0.59744,0.16302,0.23292,-0.00235,0.01403,-0.17083,-0.10120,0.264081
1791409900.686628,0,0,2006,0.23895,0.59676,0.16335,0.23029,-0.01324,0.02438,-0.17431,-0.09907,0.262083
1791409900.706701,0,0,2006,0.23624,0.59601,0.16363,0.22764,-0.01117,0.02152,-0.17294,-0.04687,0.260566
1791409900.726656,0,0,2006,0.23381,0.59510,0.16376,0.22503,-0.03063,0.01357,-0.17238,-0.00107,0.259979
1791409900.746678,0,0,2006,0.23173,0.59428,0.16387,0.22246,-0.01275,0.01655,-0.16897,0.02876,0.260246
1791409900.766637,0,0,2006,0.22971,0.59344,0.16379,0.21996,-0.00822,0.00116,-0.16719,0.05965,0.261203
1791409900.786671,0,0,2006,0.22754,0.59268,0.16377,0.21768,-0.01935,0.00228,-0.16671,0.04368,0.262282
1791409900.806836,0,0,2006,0.22541,0.59194,0.16362,0.21507,-0.01685,-0.00416,-0.16970,0.02557,0.263131
1791409900.826735,0,0,2006,0.22336,0.59133,0.16354,0.21249,-0.01009,-0.00069,-0.17046,0.02770,0.263730
1791409900.846686,0,0,2006,0.22137,0.59070,0.16347,0.20992,-0.02109,0.00609,-0.16905,0.03835,0.264258
1791409900.866612,0,0,2006,0.21938,0.59019,0.16345,0.20741,-0.00125,0.00770,-0.16610,0.03409,0.264728
1791409900.886885,0,0,2006,0.21727,0.58983,0.16340,0.20487,-0.00289,0.00045,-0.16663,0.01704,0.265164
1791409900.906969,0,0,2006,0.21512,0.58966,0.16332,0.20238,0.00282,-0.00752,-0.16844,0.01385,0.265466
1791409900.926684,0,0,2006,0.21316,0.58940,0.16329,0.19986,-0.00343,-0.01530,-0.16695,0.01172,0.265688
1791409900.946889,0,0,2006,0.21109,0.58906,0.16330,0.19737,-0.01704,-0.00302,-0.16798,-0.00213,0.265811
1791409900.966953,0,0,2006,0.20896,0.58868,0.16338,0.19485,-0.00537,-0.00833,-0.16865,0.01598,0.265885
1791409900.986632,0,0,2006,0.20680,0.58855,0.16345,0.19229,0.00614,0.00198,-0.17173,0.01172,0.266044
1791409901.006801,0,0,2006,0.20470,0.58816,0.16350,0.18968,-0.00707,-0.00290,-0.17343,0.04155,0.266560
1791409901.026621,0,0,2006,0.20245,0.58795,0.16359,0.18709,-0.00293,-0.01637,-0.17324,0.06924,0.267701
1791409901.046769,0,0,2006,0.20044,0.58763,0.16359,0.18453,-0.00802,-0.00478,-0.17048,0.11185,0.269514
1791409901.066717,0,0,2006,0.19826,0.58720,0.16355,0.18199,-0.02204,-0.01379,-0.16927,0.12144,0.271701
1791409901.086712,0,0,2006,0.19609,0.58541,0.16425,0.17892,-0.05092,0.02469,-0.18255,0.10227,0.273811
1791409901.106647,0,0,2006,0.19390,0.58412,0.16474,0.17592,-0.05109,0.02224,-0.18710,0.09055,0.275486
1791409901.126695,0,0,2006,0.19151,0.58284,0.16530,0.17298,-0.05032,0.03220,-0.19353,0.07883,0.276977
1791409901.146616,0,0,2006,0.18905,0.58167,0.16590,0.17010,-0.05532,0.03713,-0.19691,0.08735,0.278595
1791409901.166923,0,0,2006,0.18655,0.58052,0.16669,0.16718,-0.02827,0.03268,-0.19817,0.10972,0.280415
1791409901.186809,0,0,2006,0.18382,0.57949,0.16754,0.16434,-0.04453,0.04425,-0.19694,0.14275,0.282702
1791409901.206706,0,0,2006,0.18129,0.57848,0.16849,0.16161,-0.03383,0.04631,-0.19133,0.14914,0.285437
1791409901.226667,0,0,2006,0.17855,0.57755,0.16935,0.15901,-0.03339,0.03488,-0.18656,0.14594,0.288345
1791409901.246728,0,0,2006,0.17614,0.57673,0.17015,0.15650,-0.02887,0.04371,-0.18388,0.14914,0.291254
1791409901.266800,0,0,2006,0.17353,0.57603,0.17092,0.15390,-0.02540,0.03158,-0.18463,0.13422,0.293901
1791409901.287050,0,0,2006,0.17092,0.57552,0.17168,0.15130,-0.01198,0.03065,-0.19030,0.10227,0.296171
1791409901.306731,0,0,2006,0.16823,0.57515,0.17258,0.14860,-0.01352,0.04065,-0.19394,0.10546,0.298243
1791409901.326699,0,0,2006,0.16545,0.57484,0.17350,0.14590,-0.00220,0.02847,-0.19130,0.09268,0.300202
1791409901.346746,0,0,2006,0.16278,0.57473,0.17425,0.14271,0.00456,0.01321,-0.18824,0.10013,0.302120
1791409901.366627,0,0,2006,0.16014,0.57471,0.17499,0.14006,0.01556,0.01715,-0.18596,0.08735,0.304055
1791409901.386629,0,0,2006,0.15761,0.57471,0.17554,0.13751,0.01085,0.01651,-0.19265,0.07350,0.305765
1791409901.406702,0,0,2006,0.15493,0.57485,0.17615,0.13481,0.00796,0.00936,-0.20329,0.05646,0.307072
1791409901.426707,0,0,2006,0.15220,0.57498,0.17680,0.13196,0.01735,0.01152,-0.20960,0.05965,0.308278
1791409901.446610,0,0,2006,0.14926,0.57519,0.17747,0.12879,0.01638,0.01060,-0.20823,0.07457,0.309602
1791409901.466645,0,0,2006,0.14636,0.57542,0.17813,0.12587,0.00824,0.00946,-0.20237,0.07563,0.311160
1791409901.486531,0,0,2006,0.14326,0.57564,0.17874,0.12312,0.01833,0.01891,-0.20248,0.07457,0.312887
1791409901.506624,0,0,2006,0.14055,0.57592,0.17937,0.11993,0.02184,0.00593,-0.20117,0.04900,0.314226
1791409901.526731,0,0,2006,0.13752,0.57633,0.18000,0.11648,0.01887,0.00601,-0.19895,0.04261,0.315117
1791409901.546629,0,0,2006,0.13451,0.57665,0.18078,0.11372,0.02282,0.02165,-0.20004,0.07563,0.316405
1791409901.566506,0,0,2006,0.13164,0.57697,0.18154,0.11117,0.02360,0.02196,-0.19844,0.08309,0.318170
1791409901.586475,0,0,2006,0.12864,0.57730,0.18229,0.10824,0.01983,0.01419,-0.19862,0.08096,0.320069
1791409901.606500,0,0,2006,0.12547,0.57773,0.18307,0.10500,0.02102,0.02259,-0.19615,0.07563,0.321658
1791409901.626660,0,0,2006,0.12233,0.57820,0.18394,0.10188,0.02519,0.02515,-0.19620,0.07883,0.323243
1791409901.646652,0,0,2006,0.11895,0.57868,0.18486,0.09890,0.02571,0.02396,-0.19048,0.09694,0.325099
1791409901.667094,0,0,2006,0.11582,0.57916,0.18571,0.09598,0.01837,0.02408,-0.18927,0.07776,0.326956
1791409901.686715,0,0,2006,0.11264,0.57968,0.18648,0.09306,0.02889,0.02143,-0.19188,0.05326,0.328501
1791409901.706450,0,0,2006,0.10944,0.58020,0.18721,0.09012,0.02653,0.01554,-0.19522,0.03835,0.329525
1791409901.726734,0,0,2006,0.10654,0.58081,0.18788,0.08721,0.02804,0.00688,-0.19499,0.02450,0.330310
1791409901.746665,0,0,2006,0.10301,0.58144,0.18862,0.08430,0.03002,0.01597,-0.18972,0.03622,0.331300
1791409901.766609,0,0,2006,0.09984,0.58205,0.18940,0.08150,0.02832,0.02135,-0.18707,0.07670,0.332837
1791409901.790738,0,0,2006,0.09641,0.58262,0.19020,0.07874,0.02842,0.01804,-0.18947,0.05965,0.334379
1791409901.809765,0,0,2006,0.09287,0.58340,0.19063,0.07589,0.02913,0.00183,-0.19224,0.04048,0.335615
1791409901.829770,0,0,2006,0.08958,0.58405,0.19111,0.07312,0.02778,0.01333,-0.18800,0.03409,0.336674
1791409901.849897,0,0,2006,0.08650,0.58467,0.19168,0.07042,0.02707,0.01698,-0.18254,0.05752,0.337842
1791409901.869920,0,0,2006,0.08337,0.58529,0.19231,0.06784,0.02742,0.01682,-0.17813,0.04900,0.339129
1791409901.889764,0,0,2006,0.08025,0.58594,0.19255,0.06530,0.02538,0.00205,-0.17870,0.05113,0.340193
1791409901.909908,0,0,2006,0.07721,0.58653,0.19291,0.06279,0.02551,0.01573,-0.17686,0.05752,0.341463
1791409901.929987,0,0,1001,0.07449,0.58702,0.19335,0.06147,-0.00798,-0.00172,-0.12192,0.06711,0.342755
1791409901.950084,0,0,1001,0.07123,0.58699,0.19362,0.05904,-0.00570,-0.00078,-0.08763,0.03835,0.344011
1791409901.969987,0,0,1001,0.07049,0.58671,0.19406,0.05646,-0.00455,-0.00011,-0.06503,0.04794,0.344718
1791409901.990016,0,0,1001,0.07050,0.58653,0.19430,0.05487,-0.00367,0.00014,-0.04876,-0.02450,0.344793
1791409902.010154,0,0,1001,0.07053,0.58642,0.19437,0.05393,-0.00285,0.00016,-0.03673,-0.00959,0.344748
1791409902.030096,0,0,1001,0.07052,0.58649,0.19429,0.05344,-0.00216,0.00005,-0.02770,-0.02024,0.344682
1791409902.049974,0,0,1001,0.07051,0.58658,0.19423,0.05325,-0.00161,-0.00001,-0.02086,-0.00959,0.344323
1791409902.070358,0,0,1001,0.07051,0.58657,0.19425,0.05317,-0.00119,-0.00000,-0.01526,0.00000,0.344382
1791409902.090012,0,0,1001,0.07050,0.58655,0.19430,0.05316,-0.00092,0.00001,-0.01182,-0.00746,0.344536
1791409902.109951,0,0,1001,0.07051,0.58655,0.19429,0.05317,-0.00069,0.00001,-0.00889,-0.02557,0.344494
1791409902.129906,0,0,1001,0.07051,0.58657,0.19427,0.05318,-0.00052,-0.00000,-0.00668,-0.00852,0.344388
1791409902.149977,0,0,1001,0.07050,0.58656,0.19428,0.05321,-0.00039,0.00000,-0.00502,0.00213,0.344436
1791409902.169894,0,0,1001,0.07050,0.58656,0.19429,0.05323,-0.00029,0.00000,-0.00377,-0.00213,0.344466
1791409902.190029,0,0,1001,0.07050,0.58656,0.19428,0.05325,-0.00022,0.00000,-0.00283,-0.01065,0.344387
1791409902.209803,0,0,1001,0.07050,0.58656,0.19427,0.05326,-0.00017,-0.00000,-0.00213,-0.00213,0.344335
1791409902.229879,0,0,1001,0.07050,0.58656,0.19428,0.05327,-0.00012,0.00000,-0.00160,-0.01917,0.344336
1791409902.249870,0,0,1001,0.07049,0.58656,0.19428,0.05328,-0.00009,-0.00000,-0.00120,-0.00852,0.344279
1791409902.269990,0,0,1001,0.07050,0.58656,0.19427,0.05329,-0.00007,-0.00000,-0.00090,-0.01065,0.344215
1791409902.290035,0,0,1001,0.07049,0.58656,0.19428,0.05329,-0.00005,-0.00000,-0.00068,-0.00852,0.344202
1791409902.309878,0,0,1001,0.07049,0.58656,0.19427,0.05329,-0.00004,-0.00000,-0.00051,-0.01491,0.344190
1791409902.329886,0,0,1001,0.07049,0.58656,0.19427,0.05329,-0.00003,-0.00000,-0.00038,0.00213,0.344159
1791409902.349920,0,0,1001,0.07049,0.58656,0.19428,0.05329,-0.00002,-0.00000,-0.00029,-0.01172,0.344156
1791409902.369944,0,0,1001,0.07048,0.58657,0.19428,0.05329,-0.00002,-0.00000,-0.00022,-0.01278,0.344134
1791409902.389826,0,0,1001,0.07049,0.58656,0.19428,0.05328,-0.00001,-0.00000,-0.00017,0.00213,0.344168
1791409902.409864,0,0,1001,0.07048,0.58657,0.19428,0.05328,-0.00001,-0.00000,-0.00013,-0.00426,0.344155
1791409902.429874,0,0,1001,0.07048,0.58656,0.19428,0.05328,-0.00001,-0.00000,-0.00010,-0.00213,0.344159
1791409902.449765,0,0,1001,0.07049,0.58656,0.19428,0.05328,-0.00001,-0.00000,-0.00007,-0.00959,0.344093
1791409902.469912,0,0,1001,0.07048,0.58656,0.19429,0.05328,-0.00000,-0.00000,-0.00006,0.00213,0.344123
1791409902.489799,0,0,1001,0.07047,0.58656,0.19429,0.05327,-0.00000,-0.00000,-0.00004,-0.00320,0.344126
1791409902.509959,0,0,1001,0.07048,0.58657,0.19429,0.05327,-0.00000,-0.00000,-0.00003,-0.00746,0.344194
1791409902.529775,0,0,1001,0.07048,0.58656,0.19429,0.05327,-0.00000,-0.00000,-0.00003,-0.00320,0.344135
1791409902.549933,0,0,1001,0.07048,0.58656,0.19428,0.05327,-0.00000,-0.00000,-0.00002,-0.00852,0.344160
1791409902.569866,0,0,1001,0.07048,0.58656,0.19428,0.05327,-0.00000,-0.00000,-0.00002,-0.01598,0.344134
1791409902.589863,0,0,1001,0.07047,0.58657,0.19428,0.05327,-0.00000,-0.00000,-0.00001,-0.00107,0.344146
1791409902.609770,0,0,1001,0.07047,0.58657,0.19428,0.05326,-0.00000,-0.00000,-0.00001,-0.00746,0.344133
1791409902.629932,0,0,1001,0.07048,0.58657,0.19429,0.05326,-0.00000,-0.00000,-0.00001,-0.00533,0.344162
1791409902.649773,0,0,1001,0.07047,0.58657,0.19429,0.05326,-0.00000,-0.00000,-0.00001,-0.00746,0.344158
1791409902.669788,0,0,1001,0.07048,0.58657,0.19429,0.05326,-0.00000,-0.00000,-0.00000,-0.00320,0.344192
1791409902.689817,0,0,1001,0.07047,0.58656,0.19429,0.05326,-0.00000,-0.00000,-0.00000,-0.01172,0.344191
1791409902.709787,0,0,1001,0.07047,0.58656,0.19428,0.05326,-0.00000,-0.00000,-0.00000,-0.00213,0.344206
1791409902.729772,0,0,1001,0.07047,0.58656,0.19429,0.05326,-0.00000,-0.00000,-0.00000,-0.00107,0.344150
1791409902.749774,0,0,1001,0.07047,0.58656,0.19429,0.05326,-0.00000,-0.00000,-0.00000,-0.02131,0.344137
1791409902.769855,0,0,1001,0.07047,0.58656,0.19429,0.05326,-0.00000,-0.00000,-0.00000,-0.00852,0.344115
1791409902.789822,0,0,1001,0.07047,0.58656,0.19428,0.05325,-0.00000,-0.00000,-0.00000,0.00639,0.344141
1791409902.809740,0,0,1001,0.07047,0.58656,0.19429,0.05325,-0.00000,0.00000,-0.00000,-0.00852,0.344192
1791409902.829805,0,0,1001,0.07047,0.58656,0.19429,0.05325,-0.00000,-0.00000,-0.00000,-0.01278,0.344223
1791409902.849805,0,0,1001,0.07047,0.58656,0.19429,0.05325,-0.00000,-0.00000,-0.00000,0.00107,0.344200
1791409902.869798,0,0,1001,0.07047,0.58656,0.19428,0.05325,-0.00000,-0.00000,-0.00000,-0.01278,0.344240
1791409902.889908,0,0,1001,0.07047,0.58656,0.19429,0.05325,-0.00000,0.00000,-0.00000,-0.00852,0.344217
1791409902.910053,0,0,1001,0.07047,0.58656,0.19429,0.05325,-0.00000,-0.00000,-0.00000,-0.00959,0.344205
1791409902.929792,0,0,1001,0.07047,0.58656,0.19428,0.05325,-0.00000,-0.00000,-0.00000,-0.00533,0.344222
1791409902.949988,0,0,1001,0.07046,0.58656,0.19428,0.05325,-0.00000,0.00000,-0.00000,0.00000,0.344207
1791409902.970016,0,0,1001,0.07046,0.58656,0.19428,0.05325,-0.00000,-0.00000,-0.00000,-0.00426,0.344195
1791409902.989883,0,0,1001,0.07046,0.58656,0.19428,0.05325,-0.00000,0.00000,-0.00000,-0.00639,0.344234
1791409903.009908,0,0,1001,0.07046,0.58656,0.19428,0.05325,-0.00000,0.00000,-0.00000,-0.00320,0.344220
1791409903.029766,0,0,1001,0.07047,0.58656,0.19428,0.05325,-0.00000,-0.00000,-0.00000,-0.01811,0.344152
1791409903.049941,0,0,1001,0.07046,0.58657,0.19428,0.05325,-0.00000,0.00000,-0.00000,0.00000,0.344151
1791409903.069846,0,0,1001,0.07046,0.58656,0.19428,0.05325,-0.00000,-0.00000,-0.00000,-0.00426,0.344148
1791409903.089946,0,0,1001,0.07046,0.58656,0.19428,0.05324,-0.00000,-0.00000,-0.00000,-0.00852,0.344138
1791409903.109691,0,0,1001,0.07047,0.58656,0.19428,0.05324,-0.00000,0.00000,-0.00000,-0.00426,0.344145
1791409903.129802,0,0,1001,0.07046,0.58656,0.19428,0.05324,-0.00000,-0.00000,-0.00000,-0.01811,0.344096
1791409903.149738,0,0,1001,0.07046,0.58656,0.19428,0.05324,-0.00000,-0.00000,-0.00000,-0.01811,0.344127
1791409903.169729,0,0,1001,0.07046,0.58656,0.19428,0.05324,-0.00000,-0.00000,-0.00000,-0.01704,0.344124
1791409903.189912,0,0,1001,0.07046,0.58656,0.19428,0.05324,-0.00000,-0.00000,-0.00000,-0.00320,0.344140
1791409903.209780,0,0,1001,0.07046,0.58656,0.19428,0.05324,-0.00000,0.00000,-0.00000,-0.00320,0.344161
1791409903.229934,0,0,1001,0.07047,0.58656,0.19428,0.05324,-0.00000,-0.00000,-0.00000,-0.00852,0.344189
1791409903.250094,0,0,1001,0.07046,0.58656,0.19428,0.05324,-0.00000,-0.00000,-0.00000,-0.00746,0.344213
1791409903.270015,0,0,1001,0.07047,0.58656,0.19428,0.05324,-0.00000,-0.00000,-0.00000,0.00107,0.344252
1791409903.289892,0,0,1001,0.07046,0.58656,0.19428,0.05324,-0.00000,0.00000,-0.00000,-0.01172,0.344179
1791409903.309757,0,0,1001,0.07046,0.58656,0.19428,0.05324,-0.00000,0.00000,-0.00000,-0.01172,0.344192
1791409903.330040,0,0,1001,0.07046,0.58656,0.19427,0.05324,-0.00000,0.00000,-0.00000,-0.00213,0.344156
1791409903.349834,0,0,1001,0.07046,0.58656,0.19428,0.05324,-0.00000,0.00000,-0.00000,0.00107,0.344161
1791409903.369813,0,0,1001,0.07046,0.58656,0.19428,0.05324,-0.00000,0.00000,-0.00000,0.00426,0.344173
1791409903.389681,0,0,1001,0.07046,0.58656,0.19427,0.05324,-0.00000,-0.00000,-0.00000,0.00320,0.344153
1791409903.410013,0,0,1001,0.07046,0.58655,0.19428,0.05324,-0.00000,0.00000,-0.00000,-0.01172,0.344160
1791409903.429907,0,0,1001,0.07046,0.58656,0.19428,0.05324,-0.00000,-0.00000,-0.00000,-0.01811,0.344152
1791409903.449894,0,0,1001,0.07046,0.58656,0.19428,0.05324,-0.00000,0.00000,-0.00000,0.00426,0.344177
1791409903.469726,0,0,1001,0.07046,0.58655,0.19428,0.05324,-0.00000,-0.00000,-0.00000,-0.01385,0.344106
1791409903.489906,0,0,1001,0.07046,0.58655,0.19428,0.05324,-0.00000,-0.00000,-0.00000,-0.01065,0.344114
1791409903.509827,0,0,1001,0.07046,0.58655,0.19428,0.05323,-0.00000,-0.00000,-0.00000,0.00107,0.344119
1791409903.529655,0,0,1001,0.07046,0.58656,0.19428,0.05323,-0.00000,0.00000,-0.00000,-0.00533,0.344100
1791409903.549723,0,0,1001,0.07046,0.58656,0.19428,0.05323,-0.00000,-0.00000,-0.00000,-0.00639,0.344117
1791409903.569879,0,0,1001,0.07046,0.58656,0.19428,0.05323,-0.00000,-0.00000,-0.00000,-0.00959,0.344096
1791409903.589891,0,0,1001,0.07046,0.58655,0.19428,0.05323,-0.00000,0.00000,-0.00000,-0.01598,0.344089
1791409903.610121,0,0,1001,0.07046,0.58656,0.19428,0.05323,-0.00000,0.00000,-0.00000,-0.00213,0.344102
1791409903.629961,0,0,1001,0.07046,0.58655,0.19428,0.05323,-0.00000,0.00000,-0.00000,-0.00320,0.344087
1791409903.649948,0,0,1001,0.07046,0.58656,0.19428,0.05323,-0.00000,-0.00000,-0.00000,-0.00213,0.344065
