t,q_FR_hip,q_FR_thigh,q_FR_calf,q_FL_hip,q_FL_thigh,q_FL_calf,q_RR_hip,q_RR_thigh,q_RR_calf,q_RL_hip,q_RL_thigh,q_RL_calf,temp_FR_hip,temp_FR_thigh,temp_FR_calf,temp_FL_hip,temp_FL_thigh,temp_FL_calf,temp_RR_hip,temp_RR_thigh,temp_RR_calf,temp_RL_hip,temp_RL_thigh,temp_RL_calf
1791409652.465463,-0.085723,1.274093,-2.775426,0.101588,1.225709,-2.780497,-0.416404,1.241327,-2.747244,0.388685,1.259403,-2.778475,27,27,28,27,27,27,30,26,28,30,27,28
1791409652.485356,-0.085753,1.274123,-2.775410,0.101558,1.225709,-2.780497,-0.416404,1.241327,-2.747244,0.388685,1.259403,-2.778459,27,27,28,27,27,27,30,26,28,30,27,28
1791409652.505286,-0.085753,1.274123,-2.775410,0.101558,1.225709,-2.780513,-0.416404,1.241357,-2.747244,0.388685,1.259433,-2.778459,27,27,28,27,27,27,30,26,28,30,27,28
1791409652.525323,-0.085723,1.274062,-2.775394,0.101588,1.225679,-2.780513,-0.416343,1.241388,-2.747260,0.388715,1.259433,-2.778459,27,27,28,27,27,27,30,26,28,30,27,28
1791409652.545263,-0.085753,1.274062,-2.775426,0.101558,1.225679,-2.780497,-0.416404,1.241327,-2.747244,0.388715,1.259433,-2.778459,27,27,28,27,27,27,30,26,28,30,27,28
1791409652.565294,-0.085723,1.274093,-2.775410,0.101619,1.225679,-2.780497,-0.416404,1.241357,-2.747260,0.388685,1.259372,-2.778475,27,27,28,27,27,27,30,26,28,30,27,28
1791409652.585298,-0.085753,1.274093,-2.775426,0.101588,1.225709,-2.780497,-0.416343,1.241327,-2.747244,0.388685,1.259403,-2.778475,27,27,28,27,27,27,30,26,28,30,27,28
1791409652.605474,-0.085753,1.274062,-2.775426,0.101588,1.225679,-2.780481,-0.416404,1.241297,-2.747244,0.388715,1.259403,-2.778459,27,27,28,27,27,27,30,26,28,30,27,28
1791409652.625340,-0.085693,1.274093,-2.775410,0.101588,1.225709,-2.780497,-0.416404,1.241327,-2.747244,0.388715,1.259433,-2.778475,27,27,28,27,27,27,30,26,28,30,27,28
1791409652.645393,-0.085753,1.274062,-2.775394,0.101588,1.225649,-2.780497,-0.416404,1.241357,-2.747260,0.388685,1.259372,-2.778459,27,27,28,27,27,27,30,26,28,30,27,28
1791409652.665423,-0.085753,1.274062,-2.775410,0.101588,1.225709,-2.780497,-0.416343,1.241357,-2.747244,0.388685,1.259403,-2.778459,27,27,28,27,27,27,30,26,28,30,27,28
1791409652.685388,-0.085723,1.274093,-2.775426,0.101588,1.225649,-2.780497,-0.416373,1.241357,-2.747260,0.388685,1.259403,-2.778459,27,27,28,27,27,27,30,26,28,30,27,28
1791409652.705377,-0.085753,1.274062,-2.775410,0.101588,1.225709,-2.780481,-0.416373,1.241357,-2.747244,0.388685,1.259403,-2.778459,27,27,28,27,27,27,30,26,28,30,27,28
1791409652.725436,-0.085753,1.274093,-2.775410,0.101588,1.225709,-2.780497,-0.416404,1.241357,-2.747244,0.388685,1.259372,-2.778475,27,27,28,27,27,27,30,26,28,30,27,28
1791409652.745389,-0.085753,1.274093,-2.775410,0.101588,1.225709,-2.780513,-0.416373,1.241357,-2.747276,0.388715,1.259433,-2.778459,27,27,28,27,27,27,30,26,28,30,27,28
1791409652.765333,-0.085753,1.274062,-2.775410,0.101588,1.225709,-2.780481,-0.416404,1.241357,-2.747244,0.388685,1.259403,-2.778475,27,27,28,27,27,27,30,26,28,30,27,28
1791409652.785366,-0.085753,1.274093,-2.775426,0.101588,1.225709,-2.780497,-0.416404,1.241327,-2.747244,0.388715,1.259433,-2.778459,27,27,28,27,27,27,30,26,28,30,27,28
1791409652.805407,-0.085753,1.274093,-2.775426,0.101588,1.225709,-2.780497,-0.416404,1.241357,-2.747244,0.388685,1.259403,-2.778459,27,27,28,27,27,27,30,26,28,30,27,28
1791409652.825408,-0.085753,1.274062,-2.775410,0.101558,1.225709,-2.780497,-0.416343,1.241388,-2.747244,0.388715,1.259403,-2.778459,27,27,28,27,27,27,30,26,28,30,27,28
1791409652.845313,-0.085723,1.274062,-2.775426,0.101588,1.225739,-2.780497,-0.416373,1.241327,-2.747260,0.388685,1.259403,-2.778459,27,27,28,27,27,27,30,26,28,30,27,28
1791409652.865435,-0.085723,1.274062,-2.775394,0.101588,1.225709,-2.780497,-0.416404,1.241327,-2.747244,0.388715,1.259403,-2.778459,27,27,28,27,27,27,30,26,28,30,27,28
1791409652.885423,-0.085723,1.274093,-2.775426,0.101619,1.225679,-2.780497,-0.416404,1.241357,-2.747244,0.388685,1.259403,-2.778459,27,27,28,27,27,27,30,26,28,30,27,28
1791409652.905411,-0.085723,1.274093,-2.775426,0.101558,1.225709,-2.780481,-0.416404,1.241327,-2.747260,0.388685,1.259403,-2.778475,27,27,28,27,27,27,30,26,28,30,27,28
1791409652.925410,-0.085693,1.274062,-2.775426,0.101619,1.225709,-2.780497,-0.416373,1.241357,-2.747244,0.388685,1.259403,-2.778459,27,27,28,27,27,27,30,26,28,30,27,28
1791409652.945365,-0.085723,1.274062,-2.775426,0.101619,1.225679,-2.780481,-0.416373,1.241357,-2.747244,0.388685,1.259433,-2.778459,27,27,28,27,27,27,30,26,28,30,27,28
1791409652.965383,-0.085753,1.274093,-2.775394,0.101619,1.225679,-2.780497,-0.416404,1.241327,-2.747260,0.388685,1.259403,-2.778475,27,27,28,27,27,27,30,26,28,30,27,28
1791409652.985390,-0.085753,1.274062,-2.775410,0.101558,1.225709,-2.780497,-0.416373,1.241327,-2.747260,0.388685,1.259403,-2.778459,27,27,28,27,27,27,30,26,28,30,27,28
1791409653.005404,-0.085753,1.274093,-2.775410,0.101588,1.225709,-2.780481,-0.416343,1.241357,-2.747244,0.388685,1.259433,-2.778459,27,27,28,27,27,27,30,26,28,30,27,28
1791409653.025403,-0.085723,1.274123,-2.775394,0.101588,1.225709,-2.780497,-0.416373,1.241357,-2.747260,0.388715,1.259372,-2.778459,27,27,28,27,27,27,30,26,28,30,27,28
1791409653.045513,-0.085723,1.274093,-2.775410,0.101588,1.225679,-2.780497,-0.416404,1.241357,-2.747260,0.388715,1.259403,-2.778459,27,27,28,27,27,27,30,26,28,30,27,28
1791409653.065475,-0.085753,1.274062,-2.775426,0.101588,1.225709,-2.780497,-0.416343,1.241357,-2.747244,0.388685,1.259403,-2.778443,27,27,28,27,27,27,30,26,28,30,27,28
1791409653.085324,-0.085723,1.274093,-2.775394,0.101588,1.225679,-2.780497,-0.416373,1.241357,-2.747244,0.388685,1.259403,-2.778459,27,27,28,27,27,27,30,26,28,30,27,28
1791409653.105395,-0.085723,1.274093,-2.775410,0.101588,1.225649,-2.780481,-0.416373,1.241357,-2.747260,0.388746,1.259403,-2.778459,27,27,28,27,27,27,30,26,28,30,27,28
1791409653.125330,-0.085753,1.274093,-2.775410,0.101588,1.225679,-2.780497,-0.416373,1.241357,-2.747244,0.388685,1.259433,-2.778459,27,27,28,27,27,27,30,26,28,30,27,28
1791409653.145350,-0.085753,1.274062,-2.775426,0.101558,1.225649,-2.780497,-0.416404,1.241357,-2.747228,0.388715,1.259403,-2.778475,27,27,28,27,27,27,30,26,28,30,27,28
1791409653.165334,-0.085753,1.274062,-2.775426,0.101558,1.225679,-2.780497,-0.416343,1.241357,-2.747244,0.388715,1.259403,-2.778459,27,27,28,27,27,27,30,26,28,30,27,28
1791409653.185361,-0.085753,1.274062,-2.775426,0.101588,1.225649,-2.780497,-0.416373,1.241297,-2.747244,0.388685,1.259372,-2.778459,27,27,28,27,27,27,30,26,28,30,27,28
1791409653.205350,-0.085723,1.274062,-2.775410,0.101558,1.225709,-2.780497,-0.416404,1.241327,-2.747244,0.388685,1.259403,-2.778459,27,27,28,27,27,27,30,26,28,30,27,28
1791409653.225362,-0.085753,1.274093,-2.775426,0.101588,1.225709,-2.780497,-0.416404,1.241327,-2.747260,0.388685,1.259433,-2.778459,27,27,28,27,27,27,30,26,28,30,27,28
1791409653.245338,-0.085753,1.274032,-2.775426,0.101619,1.225679,-2.780465,-0.416373,1.241327,-2.747260,0.388685,1.259372,-2.778475,27,27,28,27,27,27,30,26,28,30,27,28
1791409653.265345,-0.085723,1.274062,-2.775394,0.101558,1.225709,-2.780497,-0.416404,1.241357,-2.747244,0.388655,1.259433,-2.778459,27,27,28,27,27,27,30,26,28,30,27,28
1791409653.285244,-0.085753,1.274093,-2.775410,0.101588,1.225709,-2.780497,-0.416404,1.241388,-2.747260,0.388685,1.259403,-2.778459,27,27,28,27,27,27,30,26,28,30,27,28
1791409653.305350,-0.085723,1.274062,-2.775410,0.101588,1.225649,-2.780497,-0.416404,1.241327,-2.747244,0.388685,1.259403,-2.778475,27,27,28,27,27,27,30,26,28,30,27,28
1791409653.325369,-0.085753,1.274093,-2.775410,0.101588,1.225679,-2.780497,-0.416404,1.241357,-2.747244,0.388685,1.259433,-2.778459,27,27,28,27,27,27,30,26,28,30,27,28
1791409653.345345,-0.085753,1.274093,-2.775410,0.101558,1.225709,-2.780497,-0.416404,1.241357,-2.747260,0.388685,1.259372,-2.778459,27,27,28,27,27,27,30,26,28,30,27,28
1791409653.365263,-0.085753,1.274093,-2.775410,0.101588,1.225709,-2.780497,-0.416404,1.241357,-2.747260,0.388685,1.259403,-2.778459,27,27,28,27,27,27,30,26,28,30,27,28
1791409653.385353,-0.085753,1.274032,-2.775426,0.101588,1.225709,-2.780497,-0.416434,1.241327,-2.747260,0.388685,1.259372,-2.778443,27,27,28,27,27,27,30,26,28,30,27,28
1791409653.405324,-0.085723,1.274123,-2.775410,0.101588,1.225709,-2.780497,-0.416373,1.241357,-2.747260,0.388685,1.259433,-2.778459,27,27,28,27,27,27,30,26,28,30,27,28
1791409653.425433,-0.085723,1.274093,-2.775394,0.101588,1.225709,-2.780481,-0.416404,1.241388,-2.747244,0.388685,1.259403,-2.778459,27,27,28,27,27,27,30,26,28,30,27,28
1791409653.445465,-0.085753,1.274062,-2.775394,0.101588,1.225709,-2.780497,-0.416404,1.241327,-2.747244,0.388685,1.259433,-2.778475,27,27,28,27,27,27,30,26,28,30,27,28
1791409653.465405,-0.085753,1.274093,-2.775426,0.101619,1.225679,-2.780481,-0.416404,1.241357,-2.747260,0.388685,1.259403,-2.778459,27,27,28,27,27,27,30,26,28,30,27,28
1791409653.485512,-0.085753,1.274062,-2.775426,0.101588,1.225679,-2.780497,-0.416373,1.241357,-2.747244,0.388685,1.259403,-2.778459,27,27,28,27,27,27,30,26,28,30,27,28
1791409653.505387,-0.085753,1.274093,-2.775410,0.101558,1.225709,-2.780497,-0.416404,1.241327,-2.747260,0.388685,1.259403,-2.778443,27,27,28,27,27,27,30,26,28,30,27,28
1791409653.525494,-0.085753,1.274093,-2.775410,0.101619,1.225679,-2.780497,-0.416343,1.241357,-2.747244,0.388685,1.259403,-2.778475,27,27,28,27,27,27,30,26,28,30,27,28
1791409653.545565,-0.085753,1.274062,-2.775410,0.101588,1.225679,-2.780513,-0.416373,1.241357,-2.747260,0.388685,1.259403,-2.778475,27,27,28,27,27,27,30,26,28,30,27,28
1791409653.565418,-0.085753,1.274093,-2.775426,0.101558,1.225649,-2.780481,-0.416373,1.241357,-2.747260,0.388685,1.259403,-2.778459,27,27,28,27,27,27,30,26,28,30,27,28
1791409653.585425,-0.085753,1.274062,-2.775410,0.101619,1.225679,-2.780497,-0.416343,1.241357,-2.747244,0.388715,1.259403,-2.778459,27,27,28,27,27,27,30,26,28,30,27,28
1791409653.605442,-0.085753,1.274093,-2.775426,0.101588,1.225679,-2.780497,-0.416404,1.241357,-2.747244,0.388685,1.259403,-2.778475,27,27,28,27,27,27,30,26,28,30,27,28
1791409653.625506,-0.085753,1.274093,-2.775394,0.101588,1.225679,-2.780497,-0.416404,1.241357,-2.747244,0.388715,1.259372,-2.778459,27,27,28,27,27,27,30,26,28,30,27,28
1791409653.645568,-0.085723,1.274062,-2.775410,0.101588,1.225649,-2.780497,-0.416404,1.241297,-2.747260,0.388685,1.259433,-2.778475,27,27,28,27,27,27,30,26,28,30,27,28
1791409653.665521,-0.085753,1.274093,-2.775410,0.101588,1.225679,-2.780481,-0.416404,1.241357,-2.747260,0.388685,1.259403,-2.778459,27,27,28,27,27,27,30,26,28,30,27,28
1791409653.685482,-0.085753,1.274123,-2.775426,0.101558,1.225709,-2.780497,-0.416373,1.241327,-2.747244,0.388715,1.259403,-2.778459,27,27,28,27,27,27,30,26,28,30,27,28
1791409653.705558,-0.085753,1.274062,-2.775426,0.101588,1.225679,-2.780497,-0.416373,1.241327,-2.747244,0.388685,1.259433,-2.778459,27,27,28,27,27,27,30,26,28,30,27,28
1791409653.725574,-0.085723,1.274062,-2.775410,0.101588,1.225679,-2.780497,-0.416404,1.241357,-2.747244,0.388685,1.259433,-2.778459,27,27,28,27,27,27,30,26,28,30,27,28
1791409653.745643,-0.085753,1.274093,-2.775410,0.101558,1.225709,-2.780497,-0.416373,1.241357,-2.747244,0.388715,1.259403,-2.778475,27,27,28,27,27,27,30,26,28,30,27,28
1791409653.765451,-0.085753,1.274093,-2.775410,0.101588,1.225649,-2.780497,-0.416373,1.241357,-2.747260,0.388685,1.259433,-2.778459,27,27,28,27,27,27,30,26,28,30,27,28
1791409653.785559,-0.085723,1.274123,-2.775410,0.101558,1.225709,-2.780513,-0.416404,1.241357,-2.747244,0.388685,1.259372,-2.778475,27,27,28,27,27,27,30,26,28,30,27,28
1791409653.805583,-0.085753,1.274062,-2.775410,0.101558,1.225709,-2.780497,-0.416373,1.241357,-2.747260,0.388685,1.259433,-2.778475,27,27,28,27,27,27,30,26,28,30,27,28
1791409653.825616,-0.085723,1.274093,-2.775426,0.101588,1.225679,-2.780497,-0.416373,1.241357,-2.747244,0.388715,1.259403,-2.778459,27,27,28,27,27,27,30,26,28,30,27,28
1791409653.845551,-0.085753,1.274093,-2.775426,0.101558,1.225709,-2.780497,-0.416343,1.241357,-2.747244,0.388685,1.259403,-2.778475,27,27,28,27,27,27,30,26,28,30,27,28
1791409653.865518,-0.085723,1.274093,-2.775410,0.101588,1.225649,-2.780513,-0.416404,1.241357,-2.747244,0.388685,1.259403,-2.778459,27,27,28,27,27,27,30,26,28,30,27,28
1791409653.885555,-0.085753,1.274093,-2.775410,0.101588,1.225679,-2.780497,-0.416404,1.241357,-2.747260,0.388685,1.259403,-2.778459,27,27,28,27,27,27,30,26,28,30,27,28
1791409653.905651,-0.085723,1.274093,-2.775426,0.101558,1.225679,-2.780497,-0.416343,1.241357,-2.747244,0.388685,1.259433,-2.778459,27,27,28,27,27,27,30,26,28,30,27,28
1791409653.925608,-0.085753,1.274062,-2.775426,0.101558,1.225739,-2.780497,-0.416373,1.241357,-2.747244,0.388715,1.259403,-2.778459,27,27,28,27,27,27,30,26,28,30,27,28
1791409653.945479,-0.085753,1.274062,-2.775410,0.101558,1.225679,-2.780481,-0.416373,1.241327,-2.747244,0.388685,1.259403,-2.778459,27,27,28,27,27,27,30,26,28,30,27,28
1791409653.965648,-0.085723,1.274123,-2.775426,0.101588,1.225739,-2.780497,-0.416404,1.241327,-2.747244,0.388685,1.259342,-2.778475,27,27,28,27,27,27,30,26,28,30,27,28
1791409653.985600,-0.085753,1.274062,-2.775426,0.101558,1.225679,-2.780497,-0.416404,1.241327,-2.747260,0.388685,1.259403,-2.778475,27,27,28,27,27,27,30,26,28,30,27,28
1791409654.005400,-0.085753,1.274093,-2.775426,0.101558,1.225679,-2.780497,-0.416404,1.241357,-2.747260,0.388685,1.259403,-2.778459,27,27,28,27,27,27,30,26,28,30,27,28
1791409654.025558,-0.085753,1.274062,-2.775394,0.101619,1.225649,-2.780497,-0.416404,1.241327,-2.747260,0.388715,1.259403,-2.778459,27,27,28,27,27,27,30,26,28,30,27,28
1791409654.045638,-0.085753,1.274093,-2.775442,0.101588,1.225679,-2.780497,-0.416404,1.241388,-2.747244,0.388715,1.259372,-2.778459,27,27,28,27,27,27,30,26,28,30,27,28
1791409654.065581,-0.085723,1.274093,-2.775410,0.101558,1.225709,-2.780497,-0.416373,1.241357,-2.747260,0.388685,1.259403,-2.778459,27,27,28,27,27,27,30,26,28,30,27,28
1791409654.085549,-0.085753,1.274062,-2.775410,0.101588,1.225709,-2.780481,-0.416404,1.241357,-2.747260,0.388685,1.259403,-2.778459,27,27,28,27,27,27,30,26,28,30,27,28
1791409654.105462,-0.085753,1.274093,-2.775426,0.101619,1.225649,-2.780497,-0.416373,1.241357,-2.747260,0.388715,1.259433,-2.778475,27,27,28,27,27,27,30,26,28,30,27,28
1791409654.125526,-0.085753,1.274062,-2.775426,0.101588,1.225709,-2.780497,-0.416373,1.241357,-2.747260,0.388685,1.259433,-2.778459,27,27,28,27,27,27,30,26,28,30,27,28
1791409654.145473,-0.085723,1.274093,-2.775410,0.101588,1.225679,-2.780497,-0.416404,1.241357,-2.747260,0.388715,1.259403,-2.778475,27,27,28,27,27,27,30,26,28,30,27,28
1791409654.165436,-0.085753,1.274123,-2.775410,0.101558,1.225709,-2.780497,-0.416373,1.241327,-2.747260,0.388685,1.259403,-2.778459,27,27,28,27,27,27,30,26,28,30,27,28
1791409654.185669,-0.085693,1.274032,-2.775426,0.101588,1.225679,-2.780497,-0.416404,1.241357,-2.747260,0.388685,1.259433,-2.778475,27,27,28,27,27,27,30,26,28,30,27,28
1791409654.205560,-0.085723,1.274062,-2.775410,0.101588,1.225709,-2.780481,-0.416343,1.241327,-2.747244,0.388715,1.259372,-2.778459,27,27,28,27,27,27,30,26,28,30,27,28
1791409654.225780,-0.085723,1.274062,-2.775394,0.101588,1.225709,-2.780513,-0.416404,1.241357,-2.747244,0.388715,1.259403,-2.778459,27,27,28,27,27,27,30,26,28,30,27,28
1791409654.245502,-0.085753,1.274093,-2.775426,0.101588,1.225709,-2.780497,-0.416343,1.241357,-2.747228,0.388685,1.259433,-2.778459,27,27,28,27,27,27,30,26,28,30,27,28
1791409654.265707,-0.085723,1.274062,-2.775426,0.101588,1.225679,-2.780481,-0.416404,1.241327,-2.747260,0.388685,1.259433,-2.778459,27,27,28,27,27,27,30,26,28,30,27,28
1791409654.285492,-0.085723,1.274062,-2.775442,0.101588,1.225709,-2.780481,-0.416404,1.241357,-2.747244,0.388715,1.259433,-2.778459,27,27,28,27,27,27,30,26,28,30,27,28
1791409654.305607,-0.085723,1.274062,-2.775426,0.101619,1.225709,-2.780481,-0.416373,1.241357,-2.747244,0.388685,1.259433,-2.778459,27,27,28,27,27,27,30,26,28,30,27,28
1791409654.325427,-0.085723,1.274123,-2.775394,0.101558,1.225709,-2.780497,-0.416404,1.241357,-2.747260,0.388685,1.259433,-2.778475,27,27,28,27,27,27,30,26,28,30,27,28
1791409654.345599,-0.085753,1.274093,-2.775394,0.101588,1.225739,-2.780513,-0.416404,1.241357,-2.747244,0.388715,1.259433,-2.778475,27,27,28,27,27,27,30,26,28,30,27,28
1791409654.365745,-0.085693,1.274093,-2.775426,0.101588,1.225709,-2.780497,-0.416373,1.241327,-2.747244,0.388655,1.259403,-2.778459,27,27,28,27,27,27,30,26,28,30,27,28
1791409654.385700,-0.085753,1.274093,-2.775426,0.101588,1.225679,-2.780497,-0.416404,1.241357,-2.747244,0.388715,1.259403,-2.778475,27,27,28,27,27,27,30,26,28,30,27,28
1791409654.405528,-0.085723,1.274062,-2.775410,0.101588,1.225679,-2.780497,-0.416404,1.241357,-2.747244,0.388685,1.259433,-2.778459,27,27,28,27,27,27,30,26,28,30,27,28
1791409654.425432,-0.085753,1.274093,-2.775410,0.101558,1.225679,-2.780497,-0.416404,1.241357,-2.747244,0.388715,1.259403,-2.778459,27,27,28,27,27,27,30,26,28,30,27,28
1791409654.445690,-0.085723,1.274062,-2.775426,0.101588,1.225679,-2.780497,-0.416404,1.241327,-2.747244,0.388685,1.259433,-2.778459,27,27,28,27,27,27,30,26,28,30,27,28
1791409654.465619,-0.085753,1.274062,-2.775426,0.101588,1.225679,-2.780497,-0.416404,1.241327,-2.747244,0.388715,1.259342,-2.778459,27,27,28,27,27,27,30,26,28,30,27,28
1791409654.485670,-0.085753,1.274062,-2.775426,0.101588,1.225709,-2.780497,-0.416343,1.241327,-2.747228,0.388715,1.259433,-2.778459,27,27,28,27,27,27,30,26,28,30,27,28
1791409654.505465,-0.085753,1.274093,-2.775410,0.101558,1.225709,-2.780497,-0.416373,1.241357,-2.747244,0.388715,1.259372,-2.778459,27,27,28,27,27,27,30,26,28,30,27,28
1791409654.525516,-0.085723,1.274062,-2.775394,0.101558,1.225739,-2.780497,-0.416373,1.241327,-2.747260,0.388685,1.259403,-2.778443,27,27,28,27,27,27,30,26,28,30,27,28
1791409654.545651,-0.085723,1.274093,-2.775426,0.101558,1.225709,-2.780497,-0.416373,1.241297,-2.747260,0.388715,1.259433,-2.778459,27,27,28,27,27,27,30,26,28,30,27,28
1791409654.565626,-0.085753,1.274062,-2.775410,0.101558,1.225709,-2.780497,-0.416404,1.241357,-2.747260,0.388685,1.259372,-2.778459,27,27,28,27,27,27,30,26,28,30,27,28
1791409654.585732,-0.085753,1.274093,-2.775394,0.101588,1.225739,-2.780481,-0.416404,1.241357,-2.747244,0.388685,1.259433,-2.778459,27,27,28,27,27,27,30,26,28,30,27,28
1791409654.605648,-0.085723,1.274093,-2.775410,0.101588,1.225679,-2.780497,-0.416404,1.241357,-2.747244,0.388715,1.259403,-2.778459,27,27,28,27,27,27,30,26,28,30,27,28
1791409654.625598,-0.085753,1.274062,-2.775410,0.101588,1.225709,-2.780513,-0.416373,1.241357,-2.747244,0.388715,1.259403,-2.778459,27,27,28,27,27,27,30,26,28,30,27,28
1791409654.645498,-0.085723,1.274123,-2.775426,0.101558,1.225709,-2.780513,-0.416404,1.241357,-2.747244,0.388685,1.259403,-2.778459,27,27,28,27,27,27,30,26,28,30,27,28
1791409654.665578,-0.085693,1.274062,-2.775426,0.101588,1.225679,-2.780481,-0.416404,1.241388,-2.747260,0.388715,1.259463,-2.778459,27,27,28,27,27,27,30,26,28,30,27,28
1791409654.685489,-0.085753,1.274062,-2.775410,0.101588,1.225709,-2.780497,-0.416373,1.241327,-2.747244,0.388685,1.259403,-2.778475,27,27,28,27,27,27,30,26,28,30,27,28
1791409654.705406,-0.085753,1.274093,-2.775410,0.101558,1.225709,-2.780497,-0.416404,1.241357,-2.747260,0.388685,1.259342,-2.778459,27,27,28,27,27,27,30,26,28,30,27,28
1791409654.725448,-0.085753,1.274062,-2.775426,0.101588,1.225709,-2.780481,-0.416373,1.241357,-2.747260,0.388685,1.259403,-2.778459,27,27,28,27,27,27,30,26,28,30,27,28
1791409654.745769,-0.085723,1.274093,-2.775426,0.101588,1.225649,-2.780513,-0.416404,1.241357,-2.747244,0.388715,1.259372,-2.778459,27,27,28,27,27,27,30,26,28,30,27,28
1791409654.765572,-0.085753,1.274093,-2.775426,0.101588,1.225709,-2.780497,-0.416404,1.241388,-2.747244,0.388715,1.259433,-2.778459,27,27,28,27,27,27,30,26,28,30,27,28
1791409654.785681,-0.085753,1.274062,-2.775394,0.101588,1.225649,-2.780497,-0.416373,1.241327,-2.747244,0.388685,1.259433,-2.778459,27,27,28,27,27,27,30,26,28,30,27,28
1791409654.805698,-0.085753,1.274062,-2.775426,0.101588,1.225679,-2.780481,-0.416434,1.241357,-2.747244,0.388685,1.259433,-2.778459,27,27,28,27,27,27,30,26,28,30,27,28
1791409654.825633,-0.085753,1.274062,-2.775410,0.101558,1.225679,-2.780513,-0.416343,1.241357,-2.747260,0.388715,1.259433,-2.778459,27,27,28,27,27,27,30,26,28,30,27,28
1791409654.845689,-0.085753,1.274093,-2.775410,0.101558,1.225709,-2.780497,-0.416404,1.241357,-2.747244,0.388685,1.259403,-2.778459,27,27,28,27,27,27,30,26,28,30,27,28
1791409654.865766,-0.085753,1.274062,-2.775410,0.101588,1.225679,-2.780513,-0.416373,1.241388,-2.747244,0.388746,1.259433,-2.778459,27,27,28,27,27,27,30,26,28,30,27,28
1791409654.885601,-0.085753,1.274062,-2.775426,0.101558,1.225709,-2.780481,-0.416373,1.241357,-2.747228,0.388685,1.259372,-2.778459,27,27,28,27,27,27,30,26,28,30,27,28
1791409654.905456,-0.085723,1.274093,-2.775426,0.101528,1.225679,-2.780497,-0.416434,1.241357,-2.747244,0.388685,1.259403,-2.778459,27,27,28,27,27,27,30,26,28,30,27,28
1791409654.925646,-0.085723,1.274093,-2.775426,0.101558,1.225679,-2.780497,-0.416343,1.241388,-2.747244,0.388715,1.259403,-2.778459,27,27,28,27,27,27,30,26,28,30,27,28
1791409654.945632,-0.085723,1.274032,-2.775410,0.101588,1.225709,-2.780513,-0.416373,1.241388,-2.747244,0.388685,1.259403,-2.778459,27,27,28,27,27,27,30,26,28,30,27,28
1791409654.965663,-0.085723,1.274093,-2.775410,0.101619,1.225709,-2.780497,-0.416404,1.241388,-2.747244,0.388715,1.259433,-2.778459,27,27,28,27,27,27,30,26,28,30,27,28
1791409654.985886,-0.085723,1.274093,-2.775410,0.101588,1.225709,-2.780497,-0.416404,1.241388,-2.747244,0.388685,1.259403,-2.778459,27,27,28,27,27,27,30,26,28,30,27,28
1791409655.005566,-0.085723,1.274093,-2.775410,0.101558,1.225709,-2.780481,-0.416373,1.241388,-2.747260,0.388685,1.259433,-2.778459,27,27,28,27,27,27,30,26,28,30,27,28
1791409655.025907,-0.085753,1.274062,-2.775426,0.101588,1.225709,-2.780497,-0.416373,1.241357,-2.747260,0.388685,1.259433,-2.778459,27,27,28,27,27,27,30,26,28,30,27,28
1791409655.045472,-0.085753,1.274062,-2.775410,0.101588,1.225679,-2.780481,-0.416404,1.241388,-2.747260,0.388685,1.259403,-2.778459,27,27,28,27,27,27,30,26,28,30,27,28
1791409655.065731,-0.085723,1.274062,-2.775410,0.101588,1.225679,-2.780513,-0.416373,1.241388,-2.747244,0.388685,1.259433,-2.778475,27,27,28,27,27,27,30,26,28,30,27,28
1791409655.085711,-0.085753,1.274093,-2.775410,0.101558,1.225709,-2.780481,-0.416373,1.241357,-2.747244,0.388685,1.259463,-2.778475,27,27,28,27,27,27,30,26,28,30,27,28
1791409655.105731,-0.085753,1.274093,-2.775410,0.101619,1.225709,-2.780497,-0.416404,1.241357,-2.747244,0.388685,1.259433,-2.778459,27,27,28,27,27,27,30,26,28,30,27,28
1791409655.125732,-0.085723,1.274123,-2.775426,0.101588,1.225709,-2.780497,-0.416404,1.241388,-2.747260,0.388685,1.259372,-2.778459,27,27,28,27,27,27,30,26,28,30,27,28
1791409655.145623,-0.085753,1.274093,-2.775410,0.101588,1.225739,-2.780497,-0.416404,1.241357,-2.747260,0.388715,1.259403,-2.778459,27,27,28,27,27,27,30,26,28,30,27,28
1791409655.165647,-0.085753,1.274093,-2.775410,0.101558,1.225679,-2.780481,-0.416373,1.241388,-2.747244,0.388685,1.259403,-2.778459,27,27,28,27,27,27,30,26,28,30,27,28
1791409655.185740,-0.085723,1.274093,-2.775410,0.101619,1.225679,-2.780497,-0.416373,1.241388,-2.747260,0.388685,1.259433,-2.778475,27,27,28,27,27,27,30,26,28,30,27,28
1791409655.205493,-0.085753,1.274062,-2.775410,0.101558,1.225709,-2.780497,-0.416404,1.241357,-2.747244,0.388685,1.259372,-2.778459,27,27,28,27,27,27,30,26,28,30,27,28
1791409655.225759,-0.085753,1.274062,-2.775410,0.101588,1.225679,-2.780513,-0.416404,1.241357,-2.747244,0.388685,1.259372,-2.778459,27,27,28,27,27,27,30,26,28,30,27,28
1791409655.245778,-0.085723,1.274093,-2.775410,0.101588,1.225679,-2.780497,-0.416404,1.241388,-2.747244,0.388746,1.259403,-2.778475,27,27,28,27,27,27,30,26,28,30,27,28
1791409655.265758,-0.085753,1.274093,-2.775394,0.101619,1.225679,-2.780497,-0.416434,1.241357,-2.747260,0.388715,1.259403,-2.778459,27,27,28,27,27,27,30,26,28,30,27,28
1791409655.285656,-0.085753,1.274093,-2.775410,0.101588,1.225679,-2.780481,-0.416404,1.241418,-2.747244,0.388746,1.259433,-2.778475,27,27,28,27,27,27,30,26,28,30,27,28
1791409655.305605,-0.085723,1.274093,-2.775426,0.101558,1.225679,-2.780497,-0.416404,1.241388,-2.747244,0.388715,1.259372,-2.778475,27,27,28,27,27,27,30,26,28,30,27,28
1791409655.325543,-0.085753,1.274093,-2.775426,0.101588,1.225709,-2.780497,-0.416343,1.241388,-2.747260,0.388715,1.259403,-2.778475,27,27,28,27,27,27,30,26,28,30,27,28
1791409655.345584,-0.085753,1.274062,-2.775410,0.101588,1.225679,-2.780497,-0.416404,1.241357,-2.747260,0.388685,1.259433,-2.778459,27,27,28,27,27,27,30,26,28,30,27,28
1791409655.365760,-0.085753,1.274093,-2.775426,0.101558,1.225709,-2.780497,-0.416404,1.241388,-2.747244,0.388746,1.259433,-2.778475,27,27,28,27,27,27,30,26,28,30,27,28
1791409655.385693,-0.085753,1.274093,-2.775426,0.101588,1.225709,-2.780481,-0.416373,1.241357,-2.747244,0.388685,1.259403,-2.778475,27,27,28,27,27,27,30,26,28,30,27,28
1791409655.405637,-0.085753,1.274093,-2.775410,0.101588,1.225679,-2.780497,-0.416404,1.241388,-2.747244,0.388715,1.259372,-2.778459,27,27,28,27,27,27,30,26,28,30,27,28
1791409655.425636,-0.085723,1.274093,-2.775410,0.101619,1.225709,-2.780481,-0.416404,1.241388,-2.747244,0.388685,1.259372,-2.778459,27,27,28,27,27,27,30,26,28,30,27,28
1791409655.445638,-0.085753,1.274093,-2.775410,0.101588,1.225679,-2.780497,-0.416404,1.241357,-2.747244,0.388715,1.259403,-2.778475,27,27,28,27,27,27,30,26,28,30,27,28
1791409655.465589,-0.085723,1.274093,-2.775410,0.101558,1.225679,-2.780513,-0.416373,1.241388,-2.747228,0.388685,1.259403,-2.778459,27,27,28,27,27,27,30,26,28,30,27,28
1791409655.485686,-0.085753,1.274062,-2.775426,0.101588,1.225709,-2.780497,-0.416373,1.241357,-2.747244,0.388685,1.259403,-2.778459,27,27,28,27,27,27,30,26,28,30,27,28
1791409655.505776,-0.085723,1.274093,-2.775426,0.101619,1.225679,-2.780497,-0.416404,1.241388,-2.747244,0.388715,1.259433,-2.778459,27,27,28,27,27,27,30,26,28,30,27,28
1791409655.525811,-0.085723,1.274093,-2.775426,0.101588,1.225679,-2.780497,-0.416404,1.241357,-2.747244,0.388685,1.259403,-2.778475,27,27,28,27,27,27,30,26,28,30,27,28
1791409655.545744,-0.085753,1.274062,-2.775410,0.101588,1.225679,-2.780497,-0.416404,1.241357,-2.747260,0.388685,1.259403,-2.778459,27,27,28,27,27,27,30,26,28,30,27,28
1791409655.565703,-0.085723,1.274093,-2.775410,0.101558,1.225679,-2.780497,-0.416373,1.241388,-2.747260,0.388685,1.259403,-2.778475,27,27,28,27,27,27,30,26,28,30,27,28
1791409655.585554,-0.085753,1.274062,-2.775410,0.101588,1.225679,-2.780513,-0.416404,1.241388,-2.747260,0.388746,1.259403,-2.778475,27,27,28,27,27,27,30,26,28,30,27,28
1791409655.605712,-0.085693,1.274062,-2.775394,0.101558,1.225679,-2.780497,-0.416404,1.241388,-2.747244,0.388715,1.259433,-2.778459,27,27,28,27,27,27,30,26,28,30,27,28
1791409655.625573,-0.085753,1.274062,-2.775394,0.101558,1.225709,-2.780497,-0.416404,1.241388,-2.747244,0.388685,1.259403,-2.778475,27,27,28,27,27,27,30,26,28,30,27,28
1791409655.645558,-0.085753,1.274093,-2.775410,0.101619,1.225679,-2.780497,-0.416434,1.241418,-2.747244,0.388715,1.259433,-2.778459,27,27,28,27,27,27,30,26,28,30,27,28
1791409655.665750,-0.085753,1.274093,-2.775410,0.101588,1.225679,-2.780513,-0.416404,1.241388,-2.747244,0.388685,1.259403,-2.778459,27,27,28,27,27,27,30,26,28,30,27,28
1791409655.685592,-0.085753,1.274093,-2.775410,0.101558,1.225679,-2.780481,-0.416373,1.241388,-2.747260,0.388685,1.259403,-2.778459,27,27,28,27,27,27,30,26,28,30,27,28
1791409655.705603,-0.085723,1.274093,-2.775410,0.101588,1.225679,-2.780497,-0.416404,1.241418,-2.747260,0.388685,1.259403,-2.778459,27,27,28,27,27,27,30,26,28,30,27,28
1791409655.725666,-0.085753,1.274093,-2.775426,0.101619,1.225709,-2.780513,-0.416373,1.241388,-2.747260,0.388685,1.259433,-2.778475,27,27,28,27,27,27,30,26,28,30,27,28
1791409655.745534,-0.085753,1.274062,-2.775394,0.101558,1.225679,-2.780497,-0.416404,1.241388,-2.747244,0.388685,1.259403,-2.778475,27,27,28,27,27,27,30,26,28,30,27,28
1791409655.765531,-0.085753,1.274093,-2.775410,0.101558,1.225679,-2.780497,-0.416404,1.241388,-2.747260,0.388685,1.259403,-2.778459,27,27,28,27,27,27,30,26,28,30,27,28
1791409655.785666,-0.085753,1.274093,-2.775410,0.101588,1.225709,-2.780497,-0.416373,1.241388,-2.747244,0.388715,1.259403,-2.778459,27,27,28,27,27,27,30,26,28,30,27,28
1791409655.805593,-0.085753,1.274093,-2.775426,0.101558,1.225709,-2.780497,-0.416404,1.241388,-2.747244,0.388685,1.259403,-2.778459,27,27,28,27,27,27,30,26,28,30,27,28
1791409655.825744,-0.085723,1.274093,-2.775410,0.101528,1.225739,-2.780481,-0.416404,1.241388,-2.747260,0.388685,1.259403,-2.778459,27,27,28,27,27,27,30,26,28,30,27,28
1791409655.845717,-0.085723,1.274062,-2.775410,0.101558,1.225679,-2.780513,-0.416343,1.241418,-2.747244,0.388685,1.259433,-2.778459,27,27,28,27,27,27,30,26,28,30,27,28
1791409655.865505,-0.085753,1.274093,-2.775394,0.101588,1.225709,-2.780513,-0.416404,1.241357,-2.747244,0.388715,1.259433,-2.778459,27,27,28,27,27,27,30,26,28,30,27,28
1791409655.885616,-0.085753,1.274062,-2.775410,0.101558,1.225709,-2.780497,-0.416373,1.241388,-2.747260,0.388746,1.259433,-2.778459,27,27,28,27,27,27,30,26,28,30,27,28
1791409655.905688,-0.085753,1.274093,-2.775426,0.101588,1.225709,-2.780513,-0.416373,1.241388,-2.747260,0.388685,1.259433,-2.778475,27,27,28,27,27,27,30,26,28,30,27,28
1791409655.925665,-0.085753,1.274093,-2.775410,0.101558,1.225679,-2.780481,-0.416404,1.241418,-2.747260,0.388685,1.259433,-2.778459,27,27,28,27,27,27,30,26,28,30,27,28
1791409655.945692,-0.085753,1.274093,-2.775410,0.101588,1.225709,-2.780481,-0.416404,1.241388,-2.747244,0.388685,1.259403,-2.778459,27,27,28,27,27,27,30,26,28,30,27,28
1791409655.965696,-0.085753,1.274093,-2.775426,0.101588,1.225709,-2.780497,-0.416343,1.241388,-2.747244,0.388685,1.259403,-2.778459,27,27,28,27,27,27,30,26,28,30,27,28
1791409655.985616,-0.085723,1.274093,-2.775394,0.101588,1.225679,-2.780497,-0.416404,1.241388,-2.747244,0.388685,1.259403,-2.778459,27,27,28,27,27,27,30,26,28,30,27,28
1791409656.005828,-0.085753,1.274062,-2.775410,0.101558,1.225709,-2.780481,-0.416404,1.241388,-2.747244,0.388685,1.259433,-2.778459,27,27,28,27,27,27,30,26,28,30,27,28
1791409656.025616,-0.085753,1.274062,-2.775410,0.101588,1.225679,-2.780497,-0.416373,1.241418,-2.747260,0.388685,1.259403,-2.778459,27,27,28,27,27,27,30,26,28,30,27,28
1791409656.045735,-0.085753,1.274062,-2.775410,0.101619,1.225709,-2.780481,-0.416373,1.241388,-2.747244,0.388685,1.259433,-2.778459,27,27,28,27,27,27,30,26,28,30,27,28
1791409656.065709,-0.085723,1.274093,-2.775410,0.101619,1.225679,-2.780513,-0.416404,1.241388,-2.747244,0.388685,1.259403,-2.778459,27,27,28,27,27,27,30,26,28,30,27,28
1791409656.085645,-0.085723,1.274123,-2.775426,0.101588,1.225679,-2.780513,-0.416373,1.241418,-2.747244,0.388685,1.259403,-2.778459,27,27,28,27,27,27,30,26,28,30,27,28
1791409656.105584,-0.085753,1.274093,-2.775410,0.101558,1.225679,-2.780497,-0.416404,1.241388,-2.747244,0.388685,1.259403,-2.778475,27,27,28,27,27,27,30,26,28,30,27,28
1791409656.125653,-0.085753,1.274062,-2.775426,0.101588,1.225679,-2.780497,-0.416404,1.241388,-2.747244,0.388715,1.259403,-2.778459,27,27,28,27,27,27,30,26,28,30,27,28
1791409656.145724,-0.085753,1.274062,-2.775426,0.101588,1.225679,-2.780481,-0.416404,1.241388,-2.747260,0.388715,1.259433,-2.778459,27,27,28,27,27,27,30,26,28,30,27,28
1791409656.165508,-0.085753,1.274093,-2.775426,0.101588,1.225679,-2.780481,-0.416404,1.241388,-2.747260,0.388715,1.259372,-2.778459,27,27,28,27,27,27,30,26,28,30,27,28
1791409656.185808,-0.085753,1.274062,-2.775410,0.101588,1.225679,-2.780481,-0.416373,1.241388,-2.747260,0.388685,1.259403,-2.778475,27,27,28,27,27,27,30,26,28,30,27,28
1791409656.205734,-0.085753,1.274062,-2.775394,0.101558,1.225649,-2.780497,-0.416373,1.241388,-2.747244,0.388685,1.259433,-2.778459,27,27,28,27,27,27,30,26,28,30,27,28
1791409656.225669,-0.085723,1.274093,-2.775426,0.101558,1.225679,-2.780513,-0.416373,1.241388,-2.747244,0.388685,1.259372,-2.778475,27,27,28,27,27,27,30,26,28,30,27,28
1791409656.245564,-0.085753,1.274093,-2.775410,0.101558,1.225649,-2.780497,-0.416434,1.241388,-2.747260,0.388685,1.259403,-2.778475,27,27,28,27,27,27,30,26,28,30,27,28
1791409656.265551,-0.085753,1.274062,-2.775410,0.101588,1.225679,-2.780497,-0.416373,1.241388,-2.747244,0.388715,1.259403,-2.778459,27,27,28,27,27,27,30,26,28,30,27,28
1791409656.285589,-0.085753,1.274093,-2.775410,0.101588,1.225679,-2.780497,-0.416404,1.241388,-2.747260,0.388655,1.259403,-2.778459,27,27,28,27,27,27,30,26,28,30,27,28
1791409656.306077,-0.085723,1.274062,-2.775410,0.101588,1.225649,-2.780481,-0.416343,1.241388,-2.747244,0.388715,1.259403,-2.778459,27,27,28,27,27,27,30,26,28,30,27,28
1791409656.326067,-0.085723,1.274062,-2.775426,0.101619,1.225679,-2.780497,-0.416373,1.241418,-2.747244,0.388715,1.259433,-2.778475,27,27,28,27,27,27,30,26,28,30,27,28
1791409656.345760,-0.085753,1.274093,-2.775410,0.101558,1.225709,-2.780497,-0.416373,1.241388,-2.747228,0.388715,1.259433,-2.778459,27,27,28,27,27,27,30,26,28,30,27,28
1791409656.365745,-0.085753,1.274062,-2.775410,0.101558,1.225709,-2.780497,-0.416404,1.241418,-2.747244,0.388715,1.259403,-2.778459,27,27,28,27,27,27,30,26,28,30,27,28
1791409656.385749,-0.085753,1.274062,-2.775410,0.101588,1.225679,-2.780481,-0.416404,1.241388,-2.747244,0.388685,1.259433,-2.778459,27,27,28,27,27,27,30,26,28,30,27,28
1791409656.405664,-0.085753,1.274093,-2.775442,0.101588,1.225739,-2.780497,-0.416373,1.241388,-2.747244,0.388685,1.259403,-2.778459,27,27,28,27,27,27,30,26,28,30,27,28
1791409656.426073,-0.085753,1.274123,-2.775410,0.101588,1.225679,-2.780481,-0.416404,1.241418,-2.747244,0.388715,1.259403,-2.778475,27,27,28,27,27,27,30,26,28,30,27,28
1791409656.446015,-0.085753,1.274093,-2.775394,0.101588,1.225739,-2.780497,-0.416343,1.241418,-2.747260,0.388715,1.259433,-2.778459,27,27,28,27,27,27,30,26,28,30,27,28
1791409656.465901,-0.085723,1.274062,-2.775410,0.101588,1.225679,-2.780481,-0.416373,1.241418,-2.747260,0.388685,1.259433,-2.778475,27,27,28,27,27,27,30,26,28,30,27,28
1791409656.485795,-0.085753,1.274062,-2.775410,0.101558,1.225709,-2.780513,-0.416373,1.241388,-2.747260,0.388685,1.259433,-2.778475,27,27,28,27,27,27,30,26,28,30,27,28
1791409656.506010,-0.085602,1.274062,-2.775426,0.101498,1.225770,-2.780497,-0.416222,1.241539,-2.747244,0.388504,1.259524,-2.778491,27,27,28,27,27,27,30,26,28,30,27,28
1791409656.525535,-0.085208,1.274032,-2.775426,0.101377,1.225861,-2.780497,-0.415617,1.242144,-2.747276,0.388201,1.259736,-2.778522,27,27,28,27,27,27,30,26,28,30,27,28
1791409656.545951,-0.084663,1.273972,-2.775442,0.100953,1.226073,-2.780513,-0.414829,1.242932,-2.747292,0.387686,1.260099,-2.778633,27,27,28,27,27,27,30,26,28,30,27,28
1791409656.565836,-0.083967,1.273881,-2.775457,0.099984,1.226315,-2.780497,-0.413558,1.243840,-2.747370,0.386778,1.260826,-2.778791,27,27,28,27,27,27,30,26,28,30,27,28
1791409656.585848,-0.083119,1.273790,-2.775489,0.098591,1.226527,-2.780513,-0.412135,1.244991,-2.747465,0.385900,1.261795,-2.779075,27,27,28,27,27,27,30,26,28,30,27,28
1791409656.605999,-0.082241,1.273669,-2.775552,0.097259,1.226830,-2.780513,-0.410742,1.246232,-2.747639,0.385022,1.262824,-2.779328,27,27,28,27,27,27,30,26,28,30,27,28
1791409656.625724,-0.081424,1.273487,-2.775647,0.096169,1.227284,-2.780528,-0.409289,1.247473,-2.747892,0.384022,1.263611,-2.779517,27,27,28,27,27,27,30,26,28,30,27,28
1791409656.645926,-0.080364,1.273275,-2.775821,0.094867,1.227829,-2.780544,-0.407684,1.248624,-2.748713,0.382842,1.264459,-2.779738,27,27,28,27,27,27,30,26,28,30,27,28
1791409656.665927,-0.078880,1.273063,-2.776121,0.093837,1.228464,-2.780576,-0.406079,1.250077,-2.749803,0.381570,1.265367,-2.780039,27,27,28,27,27,27,30,26,28,30,27,28
1791409656.685559,-0.077609,1.272821,-2.776848,0.092929,1.229010,-2.780591,-0.404323,1.251440,-2.750909,0.380389,1.266276,-2.780497,27,27,28,27,27,27,30,26,28,30,27,28
1791409656.705693,-0.076519,1.272397,-2.777416,0.091779,1.229585,-2.780623,-0.402537,1.252772,-2.751936,0.379057,1.266972,-2.781223,27,27,28,27,27,27,30,26,28,30,27,28
1791409656.725956,-0.075338,1.271943,-2.777590,0.090477,1.230221,-2.780655,-0.400599,1.254225,-2.752915,0.377543,1.267578,-2.781603,27,27,28,27,27,27,30,26,28,30,27,28
1791409656.745870,-0.074460,1.271338,-2.777780,0.089447,1.230887,-2.780750,-0.398358,1.255527,-2.754100,0.376120,1.268183,-2.781855,27,27,28,27,27,27,30,26,28,30,27,28
1791409656.765956,-0.073763,1.270732,-2.777969,0.088297,1.231583,-2.780987,-0.395936,1.256708,-2.755348,0.374334,1.268940,-2.782124,27,27,28,27,27,27,30,26,28,30,27,28
1791409656.785955,-0.073158,1.270338,-2.778159,0.087055,1.232249,-2.781160,-0.394240,1.257707,-2.755933,0.373092,1.269576,-2.782487,27,27,28,27,27,27,30,26,28,30,27,28
1791409656.805607,-0.072401,1.269945,-2.778491,0.085874,1.232976,-2.781302,-0.392182,1.258858,-2.756533,0.371578,1.270333,-2.783324,27,27,28,27,27,27,30,26,28,30,27,28
1791409656.825830,-0.071372,1.269612,-2.779107,0.084815,1.233642,-2.781476,-0.390032,1.259887,-2.757591,0.369671,1.271150,-2.783956,27,27,28,27,27,27,30,26,28,30,27,28
1791409656.845785,-0.070403,1.269188,-2.779675,0.083483,1.234278,-2.781745,-0.387701,1.261128,-2.758429,0.368036,1.271847,-2.784604,27,27,28,27,27,27,30,26,28,30,27,28
1791409656.865795,-0.069434,1.268794,-2.779991,0.082120,1.234974,-2.782519,-0.385339,1.262521,-2.759771,0.366068,1.272695,-2.785662,27,27,28,27,27,27,30,26,28,30,27,28
1791409656.885855,-0.068192,1.268310,-2.780339,0.080667,1.235943,-2.783277,-0.382796,1.263763,-2.760719,0.364160,1.273785,-2.786136,27,27,28,27,27,27,30,26,28,30,27,28
1791409656.905639,-0.066921,1.267765,-2.781255,0.079062,1.236972,-2.783767,-0.379889,1.264913,-2.761919,0.361950,1.274572,-2.786958,27,27,28,27,27,27,30,26,28,30,27,28
1791409656.925486,-0.065831,1.267159,-2.782061,0.077639,1.237820,-2.784572,-0.377497,1.266306,-2.763025,0.360043,1.275359,-2.787969,27,27,28,27,27,27,30,26,28,30,27,28
1791409656.945812,-0.064529,1.266614,-2.782629,0.076004,1.238668,-2.785489,-0.374560,1.267668,-2.764510,0.358105,1.276086,-2.789011,27,27,28,27,27,27,30,26,28,30,27,28
1791409656.965563,-0.063075,1.266190,-2.783530,0.074460,1.239697,-2.786026,-0.371442,1.269061,-2.766406,0.356409,1.276994,-2.789959,27,27,28,27,27,27,30,26,28,30,27,28
1791409656.985650,-0.061774,1.265827,-2.784019,0.073007,1.240727,-2.787084,-0.368474,1.270938,-2.768475,0.354714,1.278114,-2.790575,27,27,28,27,27,27,30,26,28,30,27,28
1791409657.006055,-0.060351,1.265524,-2.784430,0.071220,1.241575,-2.787716,-0.365568,1.272694,-2.770561,0.353170,1.279144,-2.791618,27,27,28,27,27,27,30,26,28,30,27,28
1791409657.026023,-0.059018,1.265040,-2.785094,0.069858,1.242392,-2.788553,-0.362389,1.274632,-2.772235,0.351414,1.280203,-2.792218,27,27,28,27,27,27,30,26,28,30,27,28
1791409657.045636,-0.057716,1.264434,-2.785836,0.068435,1.243210,-2.789375,-0.359482,1.276328,-2.773941,0.349627,1.281505,-2.793055,27,27,28,27,27,27,30,26,28,30,27,28
1791409657.065944,-0.056172,1.263677,-2.786294,0.066890,1.244209,-2.789801,-0.356424,1.278205,-2.775852,0.347689,1.282626,-2.794035,27,27,28,27,27,27,30,26,28,30,27,28
1791409657.085926,-0.054810,1.262890,-2.786958,0.065437,1.245057,-2.790338,-0.353608,1.279961,-2.777827,0.345782,1.283655,-2.794714,27,27,28,27,27,27,30,26,28,30,27,28
1791409657.105870,-0.054628,1.260316,-2.783024,0.066345,1.241999,-2.787305,-0.354668,1.277418,-2.774699,0.346872,1.281596,-2.791365,27,27,28,27,27,27,30,26,28,30,27,28
1791409657.125849,-0.055779,1.254412,-2.771350,0.069101,1.236216,-2.779186,-0.357665,1.270242,-2.768333,0.348961,1.274996,-2.785489,27,27,28,27,27,27,30,26,28,30,27,28
1791409657.145823,-0.059049,1.246692,-2.761604,0.073249,1.229676,-2.768918,-0.358937,1.261098,-2.758176,0.349446,1.266245,-2.774841,27,27,28,27,27,27,30,26,28,30,27,28
1791409657.165779,-0.062500,1.238456,-2.753010,0.078154,1.221531,-2.758286,-0.357696,1.247958,-2.745522,0.347175,1.253529,-2.761477,27,27,28,27,27,27,30,26,28,30,27,28
1791409657.185747,-0.064953,1.225013,-2.742552,0.081666,1.209904,-2.744290,-0.354153,1.232002,-2.730910,0.342179,1.236543,-2.744559,27,27,28,27,27,27,30,26,28,30,27,28
1791409657.205821,-0.065740,1.209723,-2.728177,0.082695,1.193191,-2.728067,-0.347522,1.216015,-2.712601,0.334700,1.219467,-2.723928,27,27,28,27,27,27,30,26,28,30,27,28
1791409657.225985,-0.064832,1.192071,-2.706109,0.081454,1.173602,-2.701875,-0.339408,1.196032,-2.691576,0.326223,1.200604,-2.701986,27,27,28,27,27,27,30,26,28,30,27,28
1791409657.245913,-0.063439,1.174268,-2.673520,0.079304,1.154073,-2.672019,-0.330264,1.177351,-2.666079,0.317442,1.179591,-2.678622,27,27,28,27,27,27,30,26,28,30,27,28
1791409657.265590,-0.060895,1.153376,-2.637803,0.076398,1.133363,-2.633775,-0.318819,1.158033,-2.640520,0.306996,1.160425,-2.650298,27,27,28,27,27,27,30,26,28,30,27,28
1791409657.286012,-0.058322,1.134271,-2.595056,0.072643,1.114258,-2.594566,-0.307465,1.137838,-2.609352,0.296853,1.141320,-2.619763,27,27,28,27,27,27,30,26,28,30,27,28
1791409657.305567,-0.055385,1.113834,-2.548344,0.069070,1.094184,-2.548502,-0.294506,1.118642,-2.579544,0.285318,1.122306,-2.589559,27,27,28,27,27,27,30,26,28,30,27,28
1791409657.325909,-0.052751,1.094335,-2.501380,0.065467,1.074685,-2.501333,-0.281820,1.100082,-2.540146,0.273146,1.103867,-2.551125,27,27,28,27,27,27,30,26,28,30,27,28
1791409657.345977,-0.050389,1.072535,-2.453436,0.061985,1.053036,-2.449929,-0.267620,1.081855,-2.502233,0.259975,1.086276,-2.512896,27,27,28,27,27,27,30,26,28,30,27,28
1791409657.365940,-0.047997,1.051977,-2.406867,0.058625,1.033598,-2.402902,-0.254237,1.062266,-2.461998,0.247350,1.066989,-2.472835,27,27,28,27,27,27,30,26,28,30,27,28
1791409657.385939,-0.046271,1.031691,-2.360108,0.055627,1.014160,-2.354721,-0.240824,1.044402,-2.420089,0.234482,1.049004,-2.430009,27,27,28,27,27,27,30,26,28,30,27,28
1791409657.405958,-0.045181,1.012525,-2.309921,0.053205,0.995691,-2.309431,-0.229016,1.026992,-2.371355,0.222129,1.031716,-2.385414,27,27,28,27,27,27,30,26,28,30,27,28
1791409657.425997,-0.044091,0.994540,-2.266116,0.051328,0.977131,-2.265357,-0.216269,1.010007,-2.326334,0.211622,1.014730,-2.336017,27,27,28,27,27,27,30,26,28,30,27,28
1791409657.445611,-0.043395,0.975708,-2.221647,0.049663,0.961205,-2.221063,-0.205763,0.992960,-2.279875,0.201237,0.997502,-2.289116,27,27,28,27,27,27,30,26,28,30,27,28
1791409657.465948,-0.042941,0.958328,-2.181460,0.048239,0.944037,-2.176626,-0.195832,0.975399,-2.235975,0.191367,0.979941,-2.244884,27,27,28,27,27,27,30,26,28,30,27,28
1791409657.485923,-0.042335,0.941857,-2.135459,0.046756,0.928656,-2.134796,-0.186537,0.958838,-2.188995,0.182737,0.963107,-2.198489,27,27,28,27,27,27,30,26,28,30,27,28
1791409657.505630,-0.041548,0.924841,-2.092681,0.045545,0.912307,-2.092175,-0.177272,0.941731,-2.141083,0.174108,0.946212,-2.149187,27,27,28,27,27,27,30,26,28,30,27,28
1791409657.525893,-0.040549,0.909370,-2.050914,0.044394,0.897016,-2.049460,-0.169188,0.925169,-2.089932,0.166448,0.929832,-2.102033,27,27,28,27,27,27,30,26,28,30,27,28
1791409657.546036,-0.039732,0.894473,-2.009447,0.043395,0.881757,-2.008846,-0.161255,0.909122,-2.044058,0.159272,0.913906,-2.052651,27,27,28,27,27,27,30,26,28,30,27,28
1791409657.565577,-0.039005,0.878487,-1.970223,0.042578,0.868101,-1.966115,-0.154594,0.892712,-2.000443,0.153126,0.897828,-2.007946,27,27,28,27,27,27,30,26,28,30,27,28
1791409657.585976,-0.038430,0.863923,-1.925470,0.041518,0.853931,-1.925043,-0.148296,0.876755,-1.951077,0.146707,0.881630,-1.958865,27,27,28,27,27,27,30,26,28,30,27,28
1791409657.605597,-0.037975,0.849087,-1.884982,0.040367,0.838702,-1.884271,-0.141847,0.861011,-1.905582,0.139713,0.865674,-1.913543,27,27,28,27,27,27,30,26,28,30,27,28
1791409657.625625,-0.037370,0.832586,-1.844005,0.039520,0.824532,-1.840735,-0.135973,0.844207,-1.861208,0.133900,0.849354,-1.868380,27,27,28,27,27,27,30,26,28,30,27,28
1791409657.646008,-0.036492,0.818022,-1.802870,0.038763,0.809908,-1.799600,-0.130826,0.828160,-1.816724,0.128934,0.833610,-1.823500,27,27,28,27,27,27,30,26,28,30,27,28
1791409657.665983,-0.035917,0.802793,-1.762635,0.037915,0.795375,-1.759033,-0.126163,0.812597,-1.772887,0.124332,0.816745,-1.780280,27,27,28,27,27,27,30,26,28,30,27,28
1791409657.685694,-0.035372,0.787624,-1.721531,0.037097,0.780751,-1.718214,-0.121682,0.797458,-1.730788,0.120124,0.801273,-1.737423,27,27,28,27,27,27,30,26,28,30,27,28
1791409657.705681,-0.034736,0.771183,-1.676510,0.036068,0.764189,-1.672955,-0.117019,0.781230,-1.684993,0.115430,0.784863,-1.690616,27,27,28,27,27,27,30,26,28,30,27,28
1791409657.725912,-0.034403,0.754742,-1.633747,0.035281,0.748263,-1.630256,-0.112690,0.763215,-1.641551,0.111434,0.768029,-1.645911,27,27,28,27,27,27,30,26,28,30,27,28
1791409657.745866,-0.033525,0.738271,-1.590827,0.034463,0.732064,-1.587383,-0.108602,0.746501,-1.598220,0.107558,0.749287,-1.601016,27,27,28,27,27,27,30,26,28,30,27,28
1791409657.765924,-0.032525,0.722073,-1.544826,0.033585,0.715048,-1.545837,-0.104908,0.730242,-1.551824,0.104228,0.732937,-1.553704,27,27,28,27,27,27,30,26,28,30,27,28
1791409657.785628,-0.031890,0.704421,-1.501779,0.032586,0.698820,-1.503043,-0.101184,0.713590,-1.508414,0.100322,0.715800,-1.510325,27,27,28,27,27,27,30,26,28,30,27,28
1791409657.805893,-0.031254,0.688768,-1.460296,0.031920,0.683711,-1.458037,-0.098459,0.696725,-1.466931,0.097506,0.698996,-1.467389,27,27,28,27,27,27,30,26,28,30,27,28
1791409657.825846,-0.029952,0.677111,-1.425796,0.030709,0.672145,-1.425748,-0.096037,0.686188,-1.433110,0.094902,0.688035,-1.431973,27,27,28,27,27,27,30,26,28,30,27,28
1791409657.845852,-0.028983,0.670086,-1.397630,0.029952,0.665242,-1.397614,-0.094251,0.678740,-1.406492,0.093176,0.681253,-1.404707,27,27,28,27,27,27,30,26,28,30,27,28
1791409657.865881,-0.028832,0.666847,-1.380869,0.030043,0.662244,-1.379937,-0.093403,0.675016,-1.389984,0.092329,0.678014,-1.387867,27,27,28,27,27,27,30,26,28,30,27,28
1791409657.885753,-0.028922,0.666362,-1.371439,0.030467,0.662184,-1.370996,-0.092979,0.673351,-1.378310,0.091814,0.676621,-1.375956,27,27,28,27,27,27,30,26,28,30,27,28
1791409657.905685,-0.029013,0.667392,-1.368674,0.030890,0.663637,-1.367884,-0.092646,0.672624,-1.371044,0.091269,0.676015,-1.368263,27,27,28,27,27,27,30,26,28,30,27,28
1791409657.925875,-0.029074,0.668058,-1.368374,0.031072,0.665393,-1.367142,-0.092404,0.672321,-1.365515,0.090966,0.675591,-1.362892,27,27,28,27,27,27,30,26,28,30,27,28
1791409657.945853,-0.029074,0.669027,-1.368342,0.031254,0.666574,-1.367047,-0.092252,0.672533,-1.362308,0.090754,0.675470,-1.359543,27,27,28,27,27,27,30,26,28,30,27,28
1791409657.965529,-0.029104,0.670995,-1.368326,0.031405,0.668058,-1.367015,-0.092041,0.672957,-1.360049,0.090663,0.675682,-1.356858,27,27,28,27,27,27,30,26,28,30,27,28
1791409657.985673,-0.029074,0.672599,-1.368326,0.031526,0.669602,-1.367031,-0.091798,0.673230,-1.357980,0.090391,0.675924,-1.354409,27,27,28,27,27,27,30,26,28,30,27,28
1791409658.006062,-0.029074,0.673629,-1.368326,0.031647,0.670601,-1.367000,-0.091647,0.673321,-1.356163,0.090179,0.676046,-1.352119,27,27,28,27,27,27,30,26,28,30,27,28
1791409658.025691,-0.029074,0.674113,-1.368326,0.031587,0.671116,-1.366905,-0.091496,0.673411,-1.355026,0.090118,0.675985,-1.350902,27,27,28,27,27,27,30,26,28,30,27,28
1791409658.045853,-0.029074,0.674265,-1.368326,0.031587,0.671207,-1.366842,-0.091374,0.673381,-1.354820,0.090118,0.675894,-1.350413,27,27,28,27,27,27,30,26,28,30,27,28
1791409658.065970,-0.029044,0.673932,-1.368311,0.031587,0.671055,-1.366826,-0.091435,0.673169,-1.354836,0.090240,0.675591,-1.350365,27,27,28,27,27,27,30,26,28,30,27,28
1791409658.085583,-0.028983,0.673054,-1.368279,0.031587,0.670783,-1.366794,-0.091435,0.672745,-1.354804,0.090240,0.675379,-1.350365,27,27,28,27,27,27,30,26,28,30,27,28
1791409658.105727,-0.029013,0.672115,-1.368279,0.031557,0.670510,-1.366794,-0.091465,0.672170,-1.354820,0.090240,0.675258,-1.350350,27,27,28,27,27,27,30,26,28,30,27,28
1791409658.125875,-0.028983,0.671661,-1.368311,0.031526,0.669753,-1.366763,-0.091405,0.670989,-1.354820,0.090240,0.674804,-1.350381,27,27,28,27,27,27,30,26,28,30,27,28
1791409658.145918,-0.028953,0.671055,-1.368279,0.031375,0.667755,-1.366747,-0.091405,0.669294,-1.354820,0.090452,0.672927,-1.350428,27,27,28,27,27,27,30,26,28,30,27,28
1791409658.165886,-0.028922,0.669178,-1.368248,0.031284,0.665121,-1.366763,-0.091617,0.666811,-1.354836,0.090542,0.670323,-1.350476,27,27,28,27,27,27,30,26,28,30,27,28
1791409658.185772,-0.028862,0.667059,-1.368232,0.031193,0.662547,-1.366747,-0.091738,0.664449,-1.354852,0.090542,0.667386,-1.350507,27,27,28,27,27,27,30,26,28,30,27,28
1791409658.205841,-0.028801,0.664757,-1.368216,0.031102,0.660307,-1.366731,-0.091889,0.662421,-1.354852,0.090573,0.665297,-1.350586,27,27,28,27,27,27,30,26,28,30,27,28
1791409658.225660,-0.028741,0.662941,-1.368184,0.031072,0.658308,-1.366715,-0.091950,0.660271,-1.354868,0.090512,0.663238,-1.350650,27,27,28,27,27,27,30,26,28,30,27,28
1791409658.246002,-0.028710,0.661276,-1.368184,0.031072,0.656764,-1.366715,-0.091950,0.658696,-1.354868,0.090542,0.661694,-1.350697,27,27,28,27,27,27,30,26,28,30,27,28
1791409658.266049,-0.028650,0.660155,-1.368184,0.031102,0.655644,-1.366715,-0.091980,0.657546,-1.354868,0.090512,0.660604,-1.350697,27,27,28,27,27,27,30,26,28,30,27,28
1791409658.285835,-0.028589,0.659550,-1.368184,0.031072,0.655008,-1.366715,-0.091980,0.656819,-1.354868,0.090512,0.659877,-1.350697,27,27,28,27,27,27,30,26,28,30,27,28
1791409658.305883,-0.028589,0.659338,-1.368153,0.031133,0.654796,-1.366715,-0.091950,0.656577,-1.354868,0.090512,0.659756,-1.350697,27,27,28,27,27,27,30,26,28,30,27,28
1791409658.325994,-0.028589,0.659398,-1.368168,0.031163,0.654826,-1.366684,-0.091889,0.656607,-1.354852,0.090452,0.659726,-1.350665,27,27,28,27,27,27,30,26,28,30,27,28
1791409658.345954,-0.028620,0.659671,-1.368168,0.031193,0.655008,-1.366668,-0.091829,0.656789,-1.354852,0.090391,0.659847,-1.350681,27,27,28,27,27,27,30,26,28,30,27,28
1791409658.366022,-0.028620,0.660155,-1.368168,0.031193,0.655462,-1.366636,-0.091738,0.657183,-1.354868,0.090391,0.660150,-1.350665,27,27,28,27,27,27,30,26,28,30,27,28
1791409658.385923,-0.028680,0.660609,-1.368184,0.031193,0.656007,-1.366652,-0.091677,0.657728,-1.354868,0.090421,0.660543,-1.350650,27,27,28,27,27,27,30,26,28,30,27,28
1791409658.405914,-0.028680,0.661064,-1.368168,0.031163,0.656552,-1.366652,-0.091647,0.658363,-1.354852,0.090361,0.660907,-1.350634,27,27,28,27,27,27,30,26,28,30,27,28
1791409658.425644,-0.028741,0.661397,-1.368153,0.031163,0.656976,-1.366668,-0.091556,0.658878,-1.354852,0.090452,0.661300,-1.350634,27,27,28,27,27,27,30,26,28,30,27,28
1791409658.445888,-0.028710,0.661760,-1.368168,0.031133,0.657279,-1.366636,-0.091556,0.659181,-1.354852,0.090361,0.661633,-1.350618,27,27,28,27,27,27,30,26,28,30,27,28
1791409658.465859,-0.028741,0.661942,-1.368153,0.031193,0.657521,-1.366652,-0.091586,0.659393,-1.354852,0.090421,0.661966,-1.350618,27,27,28,27,27,27,30,26,28,30,27,28
1791409658.485495,-0.028741,0.662063,-1.368168,0.031193,0.657642,-1.366636,-0.091556,0.659423,-1.354836,0.090391,0.662088,-1.350634,27,27,28,27,27,27,30,26,28,30,27,28
1791409658.505745,-0.028680,0.662032,-1.368168,0.031224,0.657673,-1.366652,-0.091647,0.659453,-1.354852,0.090330,0.662148,-1.350618,27,27,28,27,27,27,30,26,28,30,27,28
1791409658.525998,-0.028680,0.662063,-1.368153,0.031224,0.657642,-1.366620,-0.091677,0.659363,-1.354852,0.090330,0.662178,-1.350618,27,27,28,27,27,27,30,26,28,30,27,28
1791409658.546087,-0.028620,0.661972,-1.368168,0.031224,0.657582,-1.366636,-0.091677,0.659332,-1.354868,0.090300,0.662148,-1.350634,27,27,28,27,27,27,30,26,28,30,27,28
1791409658.565779,-0.028620,0.661881,-1.368153,0.031193,0.657521,-1.366620,-0.091647,0.659272,-1.354852,0.090421,0.662088,-1.350650,27,27,28,27,27,27,30,26,28,30,27,28
1791409658.585879,-0.028650,0.661790,-1.368153,0.031163,0.657461,-1.366620,-0.091707,0.659211,-1.354852,0.090361,0.661997,-1.350650,27,27,28,27,27,27,30,26,28,30,27,28
1791409658.605708,-0.028620,0.661730,-1.368153,0.031163,0.657400,-1.366620,-0.091647,0.659181,-1.354868,0.090452,0.661936,-1.350650,27,27,28,27,27,27,30,26,28,30,27,28
1791409658.625851,-0.028650,0.661699,-1.368153,0.031163,0.657370,-1.366620,-0.091617,0.659151,-1.354852,0.090330,0.661966,-1.350665,27,27,28,27,27,27,30,26,28,30,27,28
1791409658.645970,-0.028680,0.661730,-1.368153,0.031163,0.657370,-1.366620,-0.091677,0.659181,-1.354868,0.090361,0.661936,-1.350665,27,27,28,27,27,27,30,26,28,30,27,28
1791409658.665852,-0.028650,0.661760,-1.368137,0.031133,0.657400,-1.366620,-0.091647,0.659181,-1.354836,0.090330,0.661936,-1.350650,27,27,28,27,27,27,30,26,28,30,27,28
1791409658.685817,-0.028680,0.661821,-1.368137,0.031193,0.657461,-1.366636,-0.091617,0.659241,-1.354852,0.090330,0.661966,-1.350634,27,27,28,27,27,27,30,26,28,30,27,28
1791409658.705912,-0.028650,0.661881,-1.368137,0.031193,0.657521,-1.366620,-0.091617,0.659272,-1.354868,0.090361,0.662027,-1.350634,27,27,28,27,27,27,30,26,28,30,27,28
1791409658.725787,-0.028650,0.661911,-1.368153,0.031224,0.657521,-1.366620,-0.091617,0.659332,-1.354852,0.090361,0.662088,-1.350634,27,27,28,27,27,27,30,26,28,30,27,28
1791409658.745599,-0.028650,0.661942,-1.368153,0.031193,0.657551,-1.366636,-0.091617,0.659302,-1.354836,0.090270,0.662057,-1.350634,27,27,28,27,27,27,30,26,28,30,27,28
1791409658.765831,-0.028620,0.661942,-1.368153,0.031224,0.657551,-1.366636,-0.091556,0.659272,-1.354868,0.090361,0.662057,-1.350634,27,27,28,27,27,27,30,26,28,30,27,28
1791409658.786044,-0.028620,0.661911,-1.368153,0.031224,0.657521,-1.366589,-0.091586,0.659272,-1.354852,0.090330,0.662088,-1.350618,27,27,28,27,27,27,30,26,28,30,27,28
1791409658.805966,-0.028650,0.661851,-1.368137,0.031193,0.657521,-1.366605,-0.091586,0.659211,-1.354868,0.090361,0.662057,-1.350650,27,27,28,27,27,27,30,26,28,30,27,28
1791409658.825967,-0.028650,0.661821,-1.368137,0.031163,0.657461,-1.366620,-0.091617,0.659241,-1.354883,0.090361,0.661997,-1.350665,27,27,28,27,27,27,30,26,28,30,27,28
1791409658.845961,-0.028650,0.661821,-1.368153,0.031133,0.657461,-1.366605,-0.091617,0.659211,-1.354852,0.090391,0.661997,-1.350665,27,27,28,27,27,27,30,26,28,30,27,28
1791409658.866082,-0.028680,0.661790,-1.368137,0.031163,0.657461,-1.366636,-0.091617,0.659211,-1.354852,0.090361,0.661966,-1.350665,27,27,28,27,27,27,30,26,28,30,27,28
1791409658.886061,-0.028650,0.661821,-1.368121,0.031133,0.657400,-1.366605,-0.091647,0.659211,-1.354852,0.090391,0.661966,-1.350650,27,27,28,27,27,27,30,26,28,30,27,28
1791409658.905991,-0.028650,0.661821,-1.368137,0.031163,0.657461,-1.366605,-0.091586,0.659241,-1.354868,0.090300,0.661997,-1.350650,27,27,28,27,27,27,30,26,28,30,27,28
1791409658.925797,-0.028620,0.661851,-1.368153,0.031193,0.657461,-1.366620,-0.091586,0.659272,-1.354868,0.090330,0.662027,-1.350634,27,27,28,27,27,27,30,26,28,30,27,28
1791409658.945862,-0.028620,0.661881,-1.368137,0.031224,0.657521,-1.366605,-0.091586,0.659302,-1.354852,0.090330,0.662027,-1.350634,27,27,28,27,27,27,30,26,28,30,27,28
1791409658.965931,-0.028620,0.661911,-1.368153,0.031224,0.657551,-1.366605,-0.091526,0.659302,-1.354852,0.090330,0.662057,-1.350634,27,27,28,27,27,27,30,26,28,30,27,28
1791409658.985728,-0.028620,0.661911,-1.368137,0.031193,0.657551,-1.366620,-0.091586,0.659302,-1.354852,0.090330,0.662088,-1.350634,27,27,28,27,27,27,30,26,28,30,27,28
1791409659.005989,-0.028650,0.661942,-1.368153,0.031193,0.657491,-1.366620,-0.091586,0.659302,-1.354852,0.090300,0.662057,-1.350650,27,27,28,27,27,27,30,26,28,30,27,28
1791409659.025819,-0.028620,0.661911,-1.368153,0.031193,0.657521,-1.366620,-0.091617,0.659272,-1.354868,0.090300,0.662027,-1.350650,27,27,28,27,27,27,30,26,28,30,27,28
1791409659.045950,-0.028650,0.661851,-1.368137,0.031163,0.657491,-1.366620,-0.091586,0.659272,-1.354852,0.090330,0.662027,-1.350665,27,27,28,27,27,27,30,26,28,30,27,28
1791409659.065912,-0.028650,0.661821,-1.368137,0.031133,0.657491,-1.366589,-0.091556,0.659241,-1.354852,0.090270,0.662027,-1.350665,27,27,28,27,27,27,30,26,28,30,27,28
1791409659.085871,-0.028620,0.661821,-1.368137,0.031102,0.657461,-1.366620,-0.091617,0.659241,-1.354852,0.090300,0.661997,-1.350665,27,27,28,27,27,27,30,26,28,30,27,28
1791409659.105907,-0.028650,0.661821,-1.368137,0.031133,0.657430,-1.366605,-0.091556,0.659211,-1.354852,0.090330,0.661997,-1.350665,27,27,28,27,27,27,30,26,28,30,27,28
1791409659.125779,-0.028620,0.661790,-1.368153,0.031133,0.657461,-1.366589,-0.091617,0.659241,-1.354868,0.090300,0.661997,-1.350650,27,27,28,27,27,27,30,26,28,30,27,28
1791409659.145915,-0.028620,0.661851,-1.368137,0.031193,0.657491,-1.366620,-0.091586,0.659241,-1.354852,0.090330,0.661997,-1.350634,27,27,28,27,27,27,30,26,28,30,27,28
1791409659.165946,-0.028650,0.661911,-1.368121,0.031163,0.657491,-1.366589,-0.091526,0.659272,-1.354852,0.090330,0.662027,-1.350634,27,27,28,27,27,27,30,26,28,30,27,28
1791409659.185950,-0.028620,0.661911,-1.368137,0.031193,0.657582,-1.366605,-0.091556,0.659302,-1.354852,0.090300,0.662027,-1.350634,27,27,28,27,27,27,30,26,28,30,27,28
1791409659.205819,-0.028620,0.661942,-1.368153,0.031224,0.657551,-1.366605,-0.091526,0.659302,-1.354868,0.090209,0.662027,-1.350634,27,27,28,27,27,27,30,26,28,30,27,28
1791409659.225832,-0.028620,0.661911,-1.368137,0.031193,0.657551,-1.366605,-0.091556,0.659302,-1.354852,0.090300,0.662027,-1.350634,27,27,28,27,27,27,30,26,28,30,27,28
1791409659.245691,-0.028650,0.661911,-1.368137,0.031224,0.657521,-1.366605,-0.091556,0.659272,-1.354836,0.090300,0.662027,-1.350618,27,27,28,27,27,27,30,26,28,30,27,28
1791409659.265734,-0.028650,0.661851,-1.368137,0.031193,0.657521,-1.366620,-0.091617,0.659272,-1.354868,0.090300,0.661997,-1.350650,27,27,28,27,27,27,30,26,28,30,27,28
1791409659.285847,-0.028650,0.661851,-1.368121,0.031163,0.657491,-1.366605,-0.091556,0.659211,-1.354852,0.090240,0.662027,-1.350650,27,27,28,27,27,27,30,26,28,30,27,28
1791409659.305797,-0.028589,0.661821,-1.368137,0.031163,0.657461,-1.366605,-0.091526,0.659211,-1.354868,0.090300,0.661997,-1.350665,27,27,28,27,27,27,30,26,28,30,27,28
1791409659.325832,-0.028650,0.661790,-1.368137,0.031133,0.657461,-1.366605,-0.091586,0.659211,-1.354852,0.090300,0.661997,-1.350634,27,27,28,27,27,27,30,26,28,30,27,28
1791409659.345894,-0.028620,0.661821,-1.368137,0.031133,0.657491,-1.366605,-0.091586,0.659211,-1.354852,0.090300,0.661966,-1.350665,27,27,28,27,27,27,30,26,28,30,27,28
1791409659.365970,-0.028620,0.661821,-1.368137,0.031163,0.657461,-1.366589,-0.091556,0.659241,-1.354868,0.090330,0.661966,-1.350650,27,27,28,27,27,27,30,26,28,30,27,28
1791409659.385823,-0.028620,0.661881,-1.368121,0.031193,0.657521,-1.366573,-0.091556,0.659302,-1.354852,0.090300,0.661997,-1.350618,27,27,28,27,27,27,30,26,28,30,27,28
1791409659.405913,-0.028620,0.661942,-1.368121,0.031163,0.657521,-1.366605,-0.091526,0.659302,-1.354852,0.090300,0.661997,-1.350650,27,27,28,27,27,27,30,26,28,30,27,28
1791409659.425819,-0.028620,0.661942,-1.368121,0.031163,0.657551,-1.366589,-0.091526,0.659302,-1.354836,0.090300,0.662057,-1.350634,27,27,28,27,27,27,30,26,28,30,27,28
1791409659.445843,-0.028620,0.661942,-1.368137,0.031193,0.657521,-1.366589,-0.091526,0.659332,-1.354852,0.090209,0.662027,-1.350618,27,27,28,27,27,27,30,26,28,30,27,28
1791409659.465786,-0.028620,0.661911,-1.368137,0.031193,0.657551,-1.366589,-0.091526,0.659302,-1.354868,0.090300,0.661997,-1.350650,27,27,28,27,27,27,30,26,28,30,27,28
1791409659.485851,-0.028589,0.661881,-1.368105,0.031163,0.657521,-1.366589,-0.091526,0.659272,-1.354868,0.090209,0.661997,-1.350650,27,27,28,27,27,27,30,26,28,30,27,28
1791409659.505741,-0.028620,0.661881,-1.368121,0.031163,0.657521,-1.366589,-0.091526,0.659211,-1.354852,0.090300,0.662027,-1.350650,27,27,28,27,27,27,30,26,28,30,27,28
1791409659.525797,-0.028589,0.661821,-1.368121,0.031224,0.657491,-1.366620,-0.091526,0.659211,-1.354868,0.090300,0.661997,-1.350650,27,27,28,27,27,27,30,26,28,30,27,28
1791409659.545688,-0.028287,0.638719,-1.368595,0.032980,0.663183,-1.395608,-0.091405,0.679376,-1.381912,0.103713,0.662300,-1.376083,27,27,28,27,27,27,30,26,28,30,27,28
1791409659.565973,-0.026409,0.635449,-1.357837,0.028832,0.655493,-1.395703,-0.075146,0.688459,-1.392291,0.109102,0.668658,-1.380206,27,27,28,27,27,27,30,26,28,30,27,28
1791409659.585891,-0.027711,0.646440,-1.364504,0.032949,0.655886,-1.395039,-0.077083,0.687854,-1.395671,0.111071,0.673502,-1.382133,27,27,28,27,27,27,30,26,28,30,27,28
1791409659.605954,-0.029891,0.643079,-1.370317,0.036431,0.649195,-1.398135,-0.075388,0.680224,-1.401516,0.110223,0.667447,-1.385387,27,27,28,27,27,27,30,26,28,30,27,28
1791409659.625854,-0.031829,0.653948,-1.370380,0.037188,0.658066,-1.403743,-0.072602,0.684735,-1.397977,0.111949,0.665570,-1.384218,27,27,28,27,27,27,30,26,28,30,27,28
1791409659.645877,-0.032071,0.650618,-1.370301,0.036916,0.657249,-1.417360,-0.070453,0.684130,-1.399020,0.116097,0.664903,-1.391011,27,27,28,27,27,27,30,26,28,30,27,28
1791409659.666018,-0.030679,0.646258,-1.372070,0.038490,0.655250,-1.428860,-0.064882,0.680315,-1.402985,0.121728,0.660453,-1.398499,27,27,28,27,27,27,30,26,28,30,27,28
1791409659.685910,-0.028589,0.645410,-1.379384,0.038793,0.654948,-1.440993,-0.061793,0.676591,-1.403696,0.125513,0.655124,-1.400173,27,27,28,27,27,27,30,26,28,30,27,28
1791409659.705922,-0.028801,0.644381,-1.383886,0.038975,0.653767,-1.446869,-0.059916,0.673623,-1.403775,0.127087,0.650007,-1.401010,27,27,28,27,27,27,30,26,28,30,27,28
1791409659.726033,-0.029407,0.643291,-1.384408,0.038793,0.652707,-1.451197,-0.058130,0.672291,-1.403775,0.129116,0.646464,-1.401058,27,27,28,27,27,27,30,26,28,30,27,28
1791409659.745813,-0.030255,0.642897,-1.384424,0.038278,0.652374,-1.453488,-0.056616,0.672352,-1.403759,0.130176,0.644436,-1.401153,27,27,28,27,27,27,30,26,28,30,27,28
1791409659.765838,-0.031980,0.643351,-1.384392,0.037218,0.652434,-1.456711,-0.055829,0.672957,-1.403759,0.130569,0.643285,-1.401184,27,27,28,27,27,27,30,26,28,30,27,28
1791409659.785745,-0.032647,0.644502,-1.384408,0.036916,0.653555,-1.460581,-0.054042,0.673956,-1.403775,0.132295,0.642468,-1.401279,27,27,28,27,27,27,30,26,28,30,27,28
1791409659.805804,-0.032707,0.645955,-1.384392,0.036946,0.655765,-1.464751,-0.051832,0.675470,-1.403807,0.134657,0.642195,-1.401358,27,27,28,27,27,27,30,26,28,30,27,28
1791409659.826292,-0.032707,0.648014,-1.384408,0.037067,0.657824,-1.466789,-0.049955,0.677408,-1.403870,0.136837,0.642407,-1.401405,27,27,28,27,27,27,30,26,28,30,27,28
1791409659.845792,-0.032919,0.650285,-1.384408,0.037007,0.659459,-1.467042,-0.048289,0.680072,-1.403917,0.138078,0.643316,-1.401437,27,27,28,27,27,27,30,26,28,30,27,28
1791409659.866089,-0.033282,0.652949,-1.384376,0.036885,0.661457,-1.467263,-0.047411,0.683009,-1.403965,0.138865,0.644466,-1.401484,27,27,28,27,27,27,30,26,28,30,27,28
1791409659.885912,-0.033585,0.655311,-1.384376,0.036552,0.662699,-1.467942,-0.046745,0.685462,-1.404012,0.139683,0.645677,-1.401500,27,27,28,27,27,27,30,26,28,30,27,28
1791409659.905573,-0.033767,0.657400,-1.384360,0.036431,0.664818,-1.469174,-0.046140,0.687612,-1.404075,0.140409,0.646949,-1.401563,27,27,28,27,27,27,30,26,28,30,27,28
1791409659.925632,-0.033918,0.659641,-1.384376,0.036401,0.666423,-1.470675,-0.045534,0.689337,-1.404075,0.141045,0.647887,-1.401579,27,27,28,27,27,27,30,26,28,30,27,28
1791409659.945770,-0.033948,0.660973,-1.384392,0.036310,0.667906,-1.470817,-0.045141,0.691033,-1.404091,0.141409,0.648826,-1.401626,27,27,28,27,27,27,30,26,28,30,27,28
1791409659.965728,-0.034403,0.662517,-1.384376,0.036068,0.669299,-1.470975,-0.044777,0.692577,-1.404107,0.141499,0.650007,-1.401611,27,27,28,27,27,27,30,26,28,30,27,28
1791409659.985830,-0.034948,0.663758,-1.384360,0.035765,0.670268,-1.471117,-0.044777,0.694363,-1.404091,0.141590,0.650976,-1.401595,27,27,28,27,27,27,30,26,28,30,27,28
1791409660.005770,-0.035493,0.664909,-1.384376,0.035190,0.671055,-1.471591,-0.044717,0.695635,-1.404075,0.141621,0.651581,-1.401611,27,27,28,27,27,27,30,26,28,30,27,28
1791409660.025764,-0.035886,0.665666,-1.384376,0.034887,0.672206,-1.472760,-0.044656,0.696362,-1.404075,0.141651,0.652096,-1.401626,27,27,28,27,27,27,30,26,28,30,27,28
1791409660.045674,-0.036098,0.666726,-1.384360,0.034675,0.673023,-1.473534,-0.044535,0.697270,-1.404091,0.141742,0.652429,-1.401626,27,27,28,27,27,27,30,26,28,30,27,28
1791409660.065900,-0.036310,0.667543,-1.384376,0.034191,0.673871,-1.474751,-0.044414,0.698148,-1.404091,0.141923,0.652883,-1.401626,27,27,28,27,27,27,30,26,28,30,27,28
1791409660.086039,-0.036643,0.668149,-1.384376,0.033888,0.674355,-1.474940,-0.044232,0.698935,-1.404107,0.142105,0.653156,-1.401611,27,27,28,27,27,27,30,26,28,30,27,28
1791409660.105746,-0.036976,0.668815,-1.384376,0.033585,0.675173,-1.475161,-0.044111,0.699753,-1.404107,0.142135,0.654064,-1.401611,27,27,28,27,27,27,30,26,28,30,27,28
1791409660.125823,-0.037370,0.669662,-1.384376,0.033010,0.675869,-1.475288,-0.044081,0.700631,-1.404091,0.142166,0.654427,-1.401611,27,27,28,27,27,27,30,26,28,30,27,28
1791409660.145942,-0.037582,0.670298,-1.384376,0.032677,0.676566,-1.475430,-0.044111,0.701176,-1.404091,0.142166,0.654972,-1.401642,27,27,28,27,27,27,30,26,28,30,27,28
1791409660.165737,-0.037824,0.670964,-1.384376,0.032374,0.677111,-1.475667,-0.044111,0.701963,-1.404107,0.142196,0.655245,-1.401626,27,27,28,27,27,27,30,26,28,30,27,28
1791409660.185746,-0.037975,0.671600,-1.384376,0.032192,0.677625,-1.475983,-0.044111,0.702781,-1.404091,0.142196,0.655699,-1.401611,27,27,28,27,27,27,30,26,28,30,27,28
1791409660.205662,-0.038218,0.672054,-1.384376,0.031890,0.678231,-1.476299,-0.044020,0.703235,-1.404091,0.142256,0.656032,-1.401626,27,27,28,27,27,27,30,26,28,30,27,28
1791409660.225840,-0.038460,0.672448,-1.384376,0.031829,0.678806,-1.476583,-0.044051,0.703628,-1.404075,0.142256,0.656395,-1.401626,27,27,28,27,27,27,30,26,28,30,27,28
1791409660.245955,-0.038732,0.672932,-1.384376,0.031708,0.679200,-1.476836,-0.043990,0.704204,-1.404107,0.142287,0.656547,-1.401611,27,27,28,27,27,27,30,26,28,30,27,28
1791409660.266437,-0.038914,0.673265,-1.384376,0.031435,0.679775,-1.476946,-0.044020,0.704597,-1.404091,0.142317,0.656789,-1.401626,27,27,28,27,27,27,30,26,28,30,27,28
1791409660.286201,-0.039065,0.673568,-1.384376,0.031284,0.680169,-1.477057,-0.043990,0.704961,-1.404091,0.142347,0.657031,-1.401611,27,27,28,27,27,27,30,26,28,30,27,28
1791409660.305768,-0.039217,0.673810,-1.384360,0.031193,0.680532,-1.477247,-0.044051,0.705415,-1.404091,0.142317,0.657213,-1.401642,27,27,28,27,27,27,30,26,28,30,27,28
1791409660.325888,-0.039277,0.674234,-1.384376,0.031072,0.680774,-1.477468,-0.043990,0.705960,-1.404091,0.142317,0.657364,-1.401642,27,27,28,27,27,27,30,26,28,30,27,28
1791409660.345876,-0.039338,0.674658,-1.384376,0.031012,0.681168,-1.477720,-0.044020,0.706232,-1.404091,0.142377,0.657697,-1.401642,27,27,28,27,27,27,30,26,28,30,27,28
1791409660.365850,-0.039429,0.674991,-1.384376,0.030921,0.681319,-1.477942,-0.043899,0.706626,-1.404107,0.142438,0.657849,-1.401626,27,27,28,27,27,27,30,26,28,30,27,28
1791409660.385893,-0.039459,0.675355,-1.384376,0.030800,0.681561,-1.478147,-0.043899,0.706868,-1.404107,0.142468,0.658030,-1.401626,27,27,28,27,27,27,30,26,28,30,27,28
1791409660.406028,-0.039520,0.675597,-1.384376,0.030800,0.681834,-1.478368,-0.043808,0.707201,-1.404107,0.142529,0.658242,-1.401626,27,27,28,27,27,27,30,26,28,30,27,28
1791409660.425940,-0.039520,0.675960,-1.384360,0.030739,0.682167,-1.478479,-0.043718,0.707534,-1.404091,0.142559,0.658485,-1.401626,27,27,28,27,27,27,30,26,28,30,27,28
1791409660.446757,-0.039580,0.676324,-1.384376,0.030588,0.682530,-1.478574,-0.043718,0.707776,-1.404091,0.142559,0.658697,-1.401626,27,27,28,27,27,27,30,26,28,30,27,28
1791409660.466920,-0.039792,0.676505,-1.384360,0.030406,0.682833,-1.478716,-0.043718,0.708049,-1.404107,0.142620,0.658878,-1.401626,27,27,28,27,27,27,30,26,28,30,27,28
1791409660.485950,-0.039913,0.676747,-1.384360,0.030255,0.683196,-1.478811,-0.043748,0.708321,-1.404107,0.142620,0.659120,-1.401642,27,27,28,27,27,27,30,26,28,30,27,28
1791409660.506066,-0.040004,0.677020,-1.384376,0.030103,0.683499,-1.478937,-0.043748,0.708624,-1.404107,0.142620,0.659211,-1.401626,27,27,28,27,27,27,30,26,28,30,27,28
1791409660.526342,-0.040216,0.677413,-1.384360,0.029861,0.683802,-1.479016,-0.043748,0.708987,-1.404107,0.142650,0.659393,-1.401642,27,27,28,27,27,27,30,26,28,30,27,28
1791409660.546195,-0.040276,0.677716,-1.384360,0.029710,0.684165,-1.479079,-0.043718,0.709442,-1.404107,0.142680,0.659605,-1.401626,27,27,28,27,27,27,30,26,28,30,27,28
1791409660.565837,-0.040246,0.677958,-1.384360,0.029649,0.684408,-1.479095,-0.043778,0.709623,-1.404107,0.142620,0.659938,-1.401642,27,27,28,27,27,27,30,26,28,30,27,28
1791409660.586069,-0.040246,0.678413,-1.384360,0.029286,0.684589,-1.479126,-0.043748,0.709896,-1.404122,0.142680,0.660059,-1.401642,27,27,28,27,27,27,30,26,28,30,27,28
1791409660.605901,-0.040307,0.678685,-1.384360,0.028741,0.684862,-1.479126,-0.043748,0.710229,-1.404122,0.142680,0.660180,-1.401626,27,27,28,27,27,27,30,26,28,30,27,28
1791409660.626078,-0.040307,0.678988,-1.384376,0.028499,0.685013,-1.479111,-0.043748,0.710532,-1.404107,0.142711,0.660362,-1.401626,27,27,28,27,27,27,30,26,28,30,27,28
1791409660.645768,-0.040337,0.679260,-1.384376,0.028317,0.685195,-1.479126,-0.043718,0.710804,-1.404107,0.142711,0.660543,-1.401626,27,27,28,27,27,27,30,26,28,30,27,28
1791409660.666013,-0.040458,0.679503,-1.384376,0.028226,0.685467,-1.479126,-0.043748,0.711046,-1.404107,0.142711,0.660786,-1.401642,27,27,28,27,27,27,30,26,28,30,27,28
1791409660.685822,-0.040640,0.679805,-1.384360,0.028196,0.685679,-1.479158,-0.043627,0.711440,-1.404107,0.142741,0.660967,-1.401626,27,27,28,27,27,27,30,26,28,30,27,28
1791409660.706095,-0.040791,0.679927,-1.384376,0.028226,0.685891,-1.479174,-0.043718,0.711652,-1.404122,0.142711,0.661119,-1.401642,27,27,28,27,27,27,30,26,28,30,27,28
1791409660.726218,-0.041003,0.680108,-1.384376,0.028165,0.686073,-1.479221,-0.043687,0.711834,-1.404107,0.142711,0.661210,-1.401642,27,27,28,27,27,27,30,26,28,30,27,28
1791409660.745891,-0.041094,0.680350,-1.384360,0.028165,0.686255,-1.479284,-0.043687,0.712106,-1.404107,0.142680,0.661421,-1.401642,27,27,28,27,27,27,30,26,28,30,27,28
1791409660.766052,-0.041124,0.680441,-1.384376,0.028105,0.686466,-1.479332,-0.043687,0.712197,-1.404107,0.142680,0.661664,-1.401658,27,27,28,27,27,27,30,26,28,30,27,28
1791409660.786348,-0.041094,0.680653,-1.384376,0.027954,0.686618,-1.479348,-0.043718,0.712379,-1.404122,0.142741,0.661754,-1.401674,27,27,28,27,27,27,30,26,28,30,27,28
1791409660.806160,-0.041064,0.680805,-1.384376,0.027923,0.686739,-1.479363,-0.043718,0.712439,-1.404122,0.142741,0.661936,-1.401642,27,27,28,27,27,27,30,26,28,30,27,28
1791409660.825846,-0.041033,0.680895,-1.384360,0.027893,0.686860,-1.479363,-0.043687,0.712500,-1.404122,0.142801,0.662118,-1.401642,27,27,28,27,27,27,30,26,28,30,27,28
1791409660.845816,-0.041064,0.681017,-1.384376,0.027893,0.687011,-1.479395,-0.043687,0.712681,-1.404122,0.142741,0.662209,-1.401658,27,27,28,27,27,27,30,26,28,30,27,28
1791409660.866042,-0.041064,0.681047,-1.384376,0.027863,0.687193,-1.479395,-0.043657,0.712712,-1.404122,0.142801,0.662421,-1.401642,27,27,28,27,27,27,30,26,28,30,27,28
1791409660.885950,-0.041033,0.681107,-1.384360,0.027863,0.687314,-1.479395,-0.043687,0.712772,-1.404122,0.142741,0.662572,-1.401674,27,27,28,27,27,27,30,26,28,30,27,28
1791409660.905874,-0.041064,0.681168,-1.384360,0.027863,0.687375,-1.479411,-0.043718,0.712833,-1.404138,0.142741,0.662633,-1.401642,27,27,28,27,27,27,30,26,28,30,27,28
1791409660.926709,-0.041094,0.681228,-1.384376,0.027893,0.687435,-1.479427,-0.043687,0.712954,-1.404122,0.142771,0.662693,-1.401674,27,27,28,27,27,27,30,26,28,30,27,28
1791409660.946321,-0.041094,0.681350,-1.384376,0.027863,0.687587,-1.479427,-0.043718,0.713105,-1.404122,0.142711,0.662723,-1.401658,27,27,28,27,27,27,30,26,28,30,27,28
1791409660.965882,-0.041124,0.681380,-1.384376,0.027863,0.687708,-1.479442,-0.043718,0.713226,-1.404122,0.142741,0.662784,-1.401642,27,27,28,27,27,27,30,26,28,30,27,28
1791409660.985896,-0.041155,0.681652,-1.384360,0.027742,0.687738,-1.479442,-0.043687,0.713378,-1.404122,0.142741,0.662814,-1.401674,27,27,28,27,27,27,30,26,28,30,27,28
1791409661.005720,-0.041185,0.681773,-1.384360,0.027772,0.687980,-1.479521,-0.043687,0.713650,-1.404122,0.142741,0.662935,-1.401658,27,27,28,27,27,27,30,26,28,30,27,28
1791409661.025891,-0.041185,0.682016,-1.384360,0.027802,0.688192,-1.479537,-0.043687,0.713832,-1.404138,0.142801,0.663208,-1.401658,27,27,28,27,27,27,30,26,28,30,27,28
1791409661.045884,-0.041185,0.682228,-1.384360,0.027772,0.688374,-1.479569,-0.043687,0.714044,-1.404122,0.142801,0.663359,-1.401658,27,27,28,27,27,27,30,26,28,30,27,28
1791409661.066103,-0.041215,0.682621,-1.384360,0.027742,0.688556,-1.479569,-0.043718,0.714377,-1.404138,0.142832,0.663511,-1.401658,27,27,28,27,27,27,30,26,28,30,27,28
1791409661.086215,-0.041185,0.682833,-1.384376,0.027742,0.688828,-1.479569,-0.043718,0.714559,-1.404138,0.142771,0.663783,-1.401642,27,27,28,27,27,27,30,26,28,30,27,28
1791409661.106087,-0.041185,0.682924,-1.384376,0.027772,0.689010,-1.479585,-0.043687,0.714649,-1.404154,0.142801,0.664025,-1.401658,27,27,28,27,27,27,30,26,28,30,27,28
1791409661.126889,-0.041245,0.683197,-1.384376,0.027772,0.689252,-1.479600,-0.043687,0.714892,-1.404122,0.142801,0.664237,-1.401658,27,27,28,27,27,27,30,26,28,30,27,28
1791409661.146095,-0.041276,0.683620,-1.384360,0.027742,0.689464,-1.479600,-0.043687,0.715225,-1.404122,0.142832,0.664389,-1.401674,27,27,28,27,27,27,30,26,28,30,27,28
1791409661.166070,-0.041336,0.683772,-1.384329,0.027772,0.689615,-1.479664,-0.043687,0.715437,-1.404122,0.142801,0.664510,-1.401674,27,27,28,27,27,27,30,26,28,30,27,28
1791409661.186390,-0.041518,0.683893,-1.384376,0.027742,0.689736,-1.479821,-0.043687,0.715588,-1.404122,0.142801,0.664540,-1.401658,27,27,28,27,27,27,30,26,28,30,27,28
1791409661.206148,-0.041548,0.684105,-1.384360,0.027711,0.689918,-1.479916,-0.043687,0.715618,-1.404138,0.142832,0.664722,-1.401690,27,27,28,27,27,27,30,26,28,30,27,28
1791409661.226420,-0.041669,0.684226,-1.384360,0.027742,0.689948,-1.480153,-0.043687,0.715830,-1.404138,0.142801,0.664782,-1.401674,27,27,28,27,27,27,30,26,28,30,27,28
1791409661.246552,-0.041700,0.684408,-1.384376,0.027711,0.690069,-1.480295,-0.043687,0.715891,-1.404138,0.142862,0.664843,-1.401674,27,27,28,27,27,27,30,26,28,30,27,28
1791409661.266067,-0.041730,0.684468,-1.384360,0.027651,0.690160,-1.480390,-0.043657,0.715891,-1.404138,0.142832,0.664873,-1.401706,27,27,28,27,27,27,30,26,28,30,27,28
1791409661.286169,-0.041700,0.684468,-1.384360,0.027590,0.690130,-1.480453,-0.043687,0.715921,-1.404154,0.142801,0.664934,-1.401674,27,27,28,27,27,27,30,26,28,30,27,28
1791409661.305866,-0.041851,0.684498,-1.384360,0.027560,0.690160,-1.480469,-0.043657,0.716042,-1.404138,0.142862,0.664873,-1.401690,27,27,28,27,27,27,30,26,28,30,27,28
1791409661.325928,-0.041851,0.684498,-1.384360,0.027590,0.690281,-1.480501,-0.043657,0.716012,-1.404122,0.142832,0.664994,-1.401690,27,27,28,27,27,27,30,26,28,30,27,28
1791409661.346063,-0.041911,0.684498,-1.384360,0.027590,0.690281,-1.480517,-0.043718,0.716042,-1.404138,0.142832,0.664994,-1.401674,27,27,28,27,27,27,30,26,28,30,27,28
1791409661.366070,-0.042033,0.684529,-1.384360,0.027590,0.690281,-1.480548,-0.043657,0.716103,-1.404122,0.142832,0.664994,-1.401674,27,27,28,27,27,27,30,26,28,30,27,28
1791409661.386144,-0.042154,0.684620,-1.384360,0.027590,0.690312,-1.480596,-0.043687,0.716133,-1.404138,0.142832,0.664994,-1.401658,27,27,28,27,27,27,30,26,28,30,27,28
1791409661.406347,-0.042245,0.684650,-1.384360,0.027530,0.690281,-1.480611,-0.043718,0.716224,-1.404138,0.142832,0.664994,-1.401690,27,27,28,27,27,27,30,26,28,30,27,28
1791409661.427022,-0.042335,0.684741,-1.384376,0.027499,0.690342,-1.480643,-0.043657,0.716345,-1.404138,0.142832,0.664994,-1.401690,27,27,28,27,27,27,30,26,28,30,27,28
1791409661.445973,-0.042487,0.684892,-1.384360,0.027439,0.690372,-1.480659,-0.043687,0.716557,-1.404138,0.142832,0.664994,-1.401658,27,27,28,27,27,27,30,26,28,30,27,28
1791409661.465967,-0.042517,0.685104,-1.384376,0.027409,0.690463,-1.480706,-0.043687,0.716648,-1.404138,0.142832,0.665055,-1.401658,27,27,28,27,27,27,30,26,28,30,27,28
1791409661.485900,-0.042517,0.685195,-1.384345,0.027409,0.690705,-1.480722,-0.043657,0.716860,-1.404138,0.142832,0.665146,-1.401658,27,27,28,27,27,27,30,26,28,30,27,28
1791409661.506107,-0.042547,0.685377,-1.384376,0.027378,0.690826,-1.480722,-0.043657,0.717011,-1.404138,0.142862,0.665267,-1.401658,27,27,28,27,27,27,30,26,28,30,27,28
1791409661.525810,-0.042517,0.685528,-1.384376,0.027348,0.690948,-1.480738,-0.043718,0.717102,-1.404122,0.142892,0.665388,-1.401658,27,27,28,27,27,27,30,26,28,30,27,28
1791409661.546214,-0.038944,0.692764,-1.387820,0.019567,0.703089,-1.482728,-0.044051,0.723642,-1.403238,0.141076,0.671867,-1.401547,27,27,28,27,27,27,30,26,28,30,27,28
1791409661.565744,-0.039065,0.697124,-1.395987,0.013663,0.708448,-1.485066,-0.047563,0.732241,-1.403159,0.139713,0.679558,-1.403285,27,27,28,27,27,27,30,26,28,30,27,28
1791409661.585934,-0.039974,0.700122,-1.401769,0.011513,0.713080,-1.485603,-0.050500,0.735723,-1.403033,0.136837,0.684554,-1.405781,27,27,28,27,27,27,30,26,28,30,27,28
1791409661.606666,-0.040519,0.703180,-1.410283,0.009696,0.720892,-1.488684,-0.052377,0.740234,-1.402985,0.135383,0.689004,-1.406255,27,27,28,27,27,27,30,26,28,30,27,28
1791409661.626498,-0.041669,0.707631,-1.417961,0.008031,0.731096,-1.491179,-0.054375,0.746895,-1.403033,0.133567,0.694969,-1.407361,27,27,28,27,27,27,30,26,28,30,27,28
1791409661.646186,-0.042850,0.715805,-1.424548,0.006971,0.740300,-1.491922,-0.056828,0.754646,-1.403222,0.131871,0.704567,-1.409936,27,27,28,27,27,27,30,26,28,30,27,28
1791409661.666376,-0.043546,0.727523,-1.428529,0.006668,0.752169,-1.492317,-0.058584,0.763971,-1.403538,0.130418,0.715558,-1.414533,27,27,28,27,27,27,30,26,28,30,27,28
1791409661.685932,-0.043395,0.738786,-1.432178,0.006880,0.764340,-1.492301,-0.059068,0.774417,-1.404122,0.130176,0.723823,-1.418103,27,27,28,27,27,27,30,26,28,30,27,28
1791409661.706227,-0.043092,0.751412,-1.436490,0.007062,0.775392,-1.492270,-0.059825,0.785075,-1.404375,0.129782,0.734542,-1.419919,27,27,28,27,27,27,30,26,28,30,27,28
1791409661.725842,-0.043123,0.762584,-1.440724,0.007183,0.786443,-1.492270,-0.060794,0.794249,-1.404407,0.129207,0.743837,-1.421104,27,27,28,27,27,27,30,26,28,30,27,28
1791409661.746033,-0.043153,0.774816,-1.445653,0.007425,0.797555,-1.492348,-0.061945,0.802515,-1.404423,0.128631,0.752617,-1.423221,27,27,28,27,27,27,30,26,28,30,27,28
1791409661.766046,-0.043244,0.784808,-1.450739,0.007758,0.806668,-1.492459,-0.062914,0.811840,-1.404486,0.128329,0.763457,-1.428355,27,27,28,27,27,27,30,26,28,30,27,28
1791409661.785931,-0.043062,0.794648,-1.455289,0.008243,0.815933,-1.492443,-0.063216,0.820015,-1.404470,0.128359,0.771934,-1.439508,27,27,28,27,27,27,30,26,28,30,27,28
1791409661.805951,-0.042820,0.804095,-1.459996,0.008303,0.824956,-1.492427,-0.063277,0.827615,-1.404407,0.127602,0.778717,-1.448006,27,27,28,27,27,27,30,26,28,30,27,28
1791409661.825981,-0.042668,0.812360,-1.467326,0.008636,0.832556,-1.492427,-0.063337,0.834579,-1.404375,0.125967,0.783289,-1.448717,27,27,28,27,27,27,30,26,28,30,27,28
1791409661.845893,-0.042517,0.819748,-1.477973,0.009091,0.839519,-1.492285,-0.063640,0.839726,-1.404233,0.124695,0.784954,-1.451987,27,27,28,27,27,27,30,26,28,30,27,28
1791409661.865815,-0.042154,0.827408,-1.484276,0.009212,0.845181,-1.492238,-0.063640,0.844812,-1.404138,0.116763,0.774932,-1.466489,27,27,28,27,27,27,30,26,28,30,27,28
1791409661.885871,-0.041881,0.833676,-1.489663,0.009484,0.849420,-1.492222,-0.063519,0.849475,-1.404012,0.104198,0.756342,-1.489647,27,27,28,27,27,27,30,26,28,30,27,28
1791409661.905970,-0.039610,0.833585,-1.498904,0.011452,0.856293,-1.492191,-0.062550,0.854955,-1.403949,0.088362,0.734602,-1.511589,27,27,28,27,27,27,30,26,28,30,27,28
1791409661.926015,-0.037370,0.814843,-1.520357,0.013451,0.863529,-1.491985,-0.062399,0.859770,-1.403870,0.072558,0.715346,-1.527102,27,27,28,27,27,27,30,26,28,30,27,28
1791409661.945994,-0.028589,0.766248,-1.551950,0.015540,0.870342,-1.491922,-0.062580,0.865189,-1.403885,0.065230,0.706051,-1.535095,27,27,28,27,27,27,30,26,28,30,27,28
1791409661.965939,-0.016781,0.709659,-1.580259,0.015419,0.877699,-1.491827,-0.064972,0.869156,-1.403917,0.062536,0.704264,-1.538965,27,27,28,27,27,27,30,26,28,30,27,28
1791409661.985923,-0.001037,0.655765,-1.590464,0.013632,0.884663,-1.491843,-0.067637,0.871911,-1.403933,0.058085,0.696301,-1.543894,27,27,28,27,27,27,30,26,28,30,27,28
1791409662.006008,0.017856,0.623822,-1.583592,0.009969,0.892293,-1.491922,-0.071512,0.874606,-1.404044,0.053483,0.680042,-1.549802,27,27,28,27,27,27,30,26,28,30,27,28
1791409662.025957,0.039384,0.614043,-1.567779,0.008727,0.901437,-1.491969,-0.073844,0.882175,-1.404186,0.047881,0.665963,-1.556611,27,27,28,27,27,27,30,26,28,30,27,28
1791409662.046269,0.044410,0.628394,-1.567842,0.011028,0.912185,-1.492222,-0.071028,0.892621,-1.404328,0.043219,0.657485,-1.561097,27,27,28,27,27,27,30,26,28,30,27,28
1791409662.065852,0.047165,0.647408,-1.567795,0.014268,0.922873,-1.492143,-0.066395,0.907396,-1.404612,0.037072,0.658939,-1.560244,27,27,28,27,27,27,30,26,28,30,27,28
1791409662.085998,0.050223,0.664455,-1.567747,0.019264,0.933471,-1.491748,-0.064155,0.921203,-1.405955,0.028806,0.669142,-1.555931,27,27,28,27,27,27,30,26,28,30,27,28
1791409662.105879,0.055340,0.680835,-1.568158,0.022806,0.945521,-1.491701,-0.062974,0.934525,-1.408751,0.025597,0.687733,-1.548112,27,27,28,27,27,27,30,26,28,30,27,28
1791409662.125982,0.055340,0.696095,-1.569722,0.022382,0.955634,-1.491780,-0.063277,0.945243,-1.413048,0.023659,0.701055,-1.549613,27,27,28,27,27,27,30,26,28,30,27,28
1791409662.145980,0.054734,0.710143,-1.569848,0.021474,0.964989,-1.491764,-0.063186,0.956294,-1.414280,0.022448,0.713408,-1.550876,27,27,28,27,27,27,30,26,28,30,27,28
1791409662.166096,0.054099,0.723950,-1.569643,0.020414,0.972135,-1.490832,-0.063670,0.966195,-1.416033,0.021328,0.726125,-1.551176,27,27,28,27,27,27,30,26,28,30,27,28
1791409662.186048,0.053402,0.735304,-1.569438,0.019779,0.978826,-1.490169,-0.064639,0.974370,-1.421562,0.020026,0.736661,-1.551161,27,27,28,27,27,27,30,26,28,30,27,28
1791409662.205797,0.052948,0.745326,-1.569327,0.019385,0.984942,-1.491037,-0.064639,0.981697,-1.432478,0.019269,0.744019,-1.550260,27,27,28,27,27,27,30,26,28,30,27,28
1791409662.225839,0.052040,0.754561,-1.569138,0.018991,0.991149,-1.493754,-0.064942,0.986390,-1.437028,0.017574,0.751830,-1.548538,27,27,28,27,27,27,30,26,28,30,27,28
1791409662.245955,0.050405,0.763220,-1.568837,0.021353,0.996448,-1.515238,-0.065850,0.989145,-1.443331,0.014092,0.758552,-1.546453,27,27,28,27,27,27,30,26,28,30,27,28
1791409662.265901,0.049042,0.770517,-1.568790,0.022382,0.981460,-1.557574,-0.066062,0.990417,-1.454420,0.011155,0.761519,-1.542757,27,27,28,27,27,27,30,26,28,30,27,28
1791409662.285906,0.047982,0.776088,-1.568790,0.024986,0.930564,-1.619040,-0.065305,0.985754,-1.477341,0.010912,0.762397,-1.539708,27,27,28,27,27,27,30,26,28,30,27,28
1791409662.305725,0.046529,0.782688,-1.568806,0.026016,0.864498,-1.681233,-0.060946,0.969889,-1.511036,0.009247,0.767060,-1.538018,27,27,28,27,27,27,30,26,28,30,27,28
1791409662.325782,0.043350,0.789198,-1.568790,0.024926,0.790773,-1.712685,-0.053982,0.942336,-1.546390,0.005796,0.772056,-1.536817,27,27,28,27,27,27,30,26,28,30,27,28
1791409662.345822,0.040020,0.796979,-1.568790,0.021989,0.710840,-1.716476,-0.045413,0.902521,-1.565378,0.002859,0.778898,-1.536691,27,27,28,27,27,27,30,26,28,30,27,28
1791409662.365927,0.038566,0.803701,-1.568806,0.016357,0.651920,-1.708040,-0.039479,0.893559,-1.562345,0.002556,0.786710,-1.537164,27,27,28,27,27,27,30,26,28,30,27,28
1791409662.385779,0.041443,0.808334,-1.568822,0.009878,0.613165,-1.696635,-0.031667,0.893620,-1.550829,0.006855,0.789950,-1.537038,27,27,28,27,27,27,30,26,28,30,27,28
1791409662.405962,0.046681,0.813874,-1.568837,-0.002687,0.603627,-1.679400,-0.023795,0.895679,-1.535016,0.013880,0.796126,-1.537149,27,27,28,27,27,27,30,26,28,30,27,28
1791409662.426093,0.052524,0.819112,-1.568916,-0.018250,0.606958,-1.654410,-0.018224,0.896708,-1.527355,0.020359,0.802908,-1.537559,27,27,28,27,27,27,30,26,28,30,27,28
1791409662.445879,0.057641,0.824017,-1.569185,-0.031360,0.615496,-1.624664,-0.012986,0.897889,-1.522758,0.025809,0.808419,-1.537939,27,27,28,27,27,27,30,26,28,30,27,28
1791409662.465754,0.060669,0.830527,-1.569706,-0.038506,0.622823,-1.598094,-0.009898,0.900674,-1.519535,0.030502,0.815807,-1.538602,27,27,28,27,27,27,30,26,28,30,27,28
1791409662.485966,0.057702,0.837279,-1.570307,-0.039111,0.635449,-1.599168,-0.011835,0.910151,-1.518777,0.028201,0.824890,-1.540134,27,27,28,27,27,27,30,26,28,30,27,28
1791409662.505860,0.056793,0.844818,-1.570085,-0.041079,0.646016,-1.598567,-0.011775,0.918841,-1.515428,0.027838,0.834215,-1.543815,27,27,28,27,27,27,30,26,28,30,27,28
1791409662.526286,0.054371,0.852418,-1.569975,-0.042956,0.656673,-1.598694,-0.012744,0.926168,-1.507956,0.027474,0.843965,-1.547211,27,27,28,27,27,27,30,26,28,30,27,28
1791409662.545871,0.053190,0.860381,-1.570054,-0.043592,0.668391,-1.600021,-0.013349,0.935342,-1.508161,0.027595,0.855046,-1.554462,27,27,28,27,27,27,30,26,28,30,27,28
1791409662.565828,0.052918,0.864953,-1.570101,-0.043653,0.680441,-1.601221,-0.013894,0.946515,-1.508446,0.027535,0.869519,-1.563372,27,27,28,27,27,27,30,26,28,30,27,28
1791409662.586077,0.052645,0.870705,-1.570054,-0.044107,0.692734,-1.601711,-0.014348,0.958323,-1.509788,0.027595,0.882599,-1.569848,27,27,28,27,27,27,30,26,28,30,27,28
1791409662.605815,0.052009,0.879001,-1.569864,-0.045500,0.702816,-1.601853,-0.014954,0.968920,-1.511526,0.027595,0.894165,-1.574287,27,27,28,27,27,27,30,26,28,30,27,28
1791409662.626085,0.051464,0.886601,-1.569596,-0.047104,0.713565,-1.602359,-0.015438,0.978064,-1.512569,0.027565,0.906579,-1.580717,27,27,28,27,27,27,30,26,28,30,27,28
1791409662.645827,0.050586,0.893807,-1.569296,-0.046862,0.724374,-1.603101,-0.015469,0.989781,-1.514322,0.027838,0.915420,-1.587699,27,27,28,27,27,27,30,26,28,30,27,28
1791409662.665939,0.049829,0.902285,-1.569169,-0.046317,0.735032,-1.603812,-0.015559,1.002195,-1.518050,0.028110,0.929590,-1.592122,27,27,28,27,27,27,30,26,28,30,27,28
1791409662.686349,0.049466,0.910702,-1.569153,-0.046014,0.745750,-1.604207,-0.016407,1.014367,-1.522363,0.028050,0.941368,-1.596735,27,27,28,27,27,27,30,26,28,30,27,28
1791409662.706023,0.049072,0.918544,-1.569169,-0.045409,0.756074,-1.604507,-0.016771,1.026235,-1.526581,0.028140,0.954629,-1.602690,27,27,28,27,27,27,30,26,28,30,27,28
1791409662.725886,0.049345,0.926325,-1.569138,-0.044319,0.765460,-1.604633,-0.017558,1.038468,-1.530182,0.028171,0.967527,-1.607856,27,27,28,27,27,27,30,26,28,30,27,28
1791409662.746717,0.049466,0.935620,-1.569122,-0.043744,0.774907,-1.605076,-0.017649,1.050155,-1.534147,0.028352,0.978579,-1.612090,27,27,28,27,27,27,30,26,28,30,27,28
1791409662.765895,0.049496,0.943825,-1.569074,-0.043320,0.783718,-1.606071,-0.017709,1.062114,-1.539566,0.028504,0.989933,-1.615991,27,27,28,27,27,27,30,26,28,30,27,28
1791409662.785936,0.049496,0.952243,-1.568980,-0.042835,0.793013,-1.606940,-0.018284,1.072833,-1.544605,0.028564,0.999712,-1.618835,27,27,28,27,27,27,30,26,28,30,27,28
1791409662.806001,0.049829,0.960569,-1.568964,-0.042472,0.800855,-1.608899,-0.018829,1.083884,-1.550086,0.028564,1.010370,-1.622342,27,27,28,27,27,27,30,26,28,30,27,28
1791409662.825930,0.050284,0.968774,-1.568901,-0.041957,0.808303,-1.610194,-0.019435,1.095510,-1.556153,0.028534,1.020392,-1.626465,27,27,28,27,27,27,30,26,28,30,27,28
1791409662.845957,0.051101,0.976011,-1.568822,-0.041866,0.814813,-1.610873,-0.020010,1.108439,-1.563956,0.028352,1.031080,-1.630430,27,27,28,27,27,27,30,26,28,30,27,28
1791409662.865800,0.053735,0.983640,-1.568664,-0.041654,0.821746,-1.612832,-0.021131,1.119763,-1.571286,0.028050,1.041556,-1.634569,27,27,28,27,27,27,30,26,28,30,27,28
1791409662.885832,0.054522,0.992239,-1.568490,-0.040110,0.827772,-1.614759,-0.022099,1.130542,-1.579121,0.027989,1.050034,-1.638692,27,27,28,27,27,27,30,26,28,30,27,28
1791409662.905740,0.054704,1.000384,-1.568253,-0.039565,0.832071,-1.617887,-0.023008,1.139867,-1.588047,0.027807,1.057724,-1.642135,27,27,28,27,27,27,30,26,28,30,27,28
1791409662.925989,0.055128,1.006833,-1.568111,-0.039293,0.834917,-1.622168,-0.023341,1.147315,-1.602043,0.027989,1.064839,-1.645595,27,27,28,27,27,27,30,26,28,30,27,28
1791409662.945955,0.055279,1.011829,-1.568095,-0.039202,0.836037,-1.626007,-0.023704,1.154854,-1.617034,0.028050,1.070834,-1.647127,27,27,28,27,27,27,30,26,28,30,27,28
1791409662.965927,0.055582,1.016492,-1.568079,-0.039293,0.837127,-1.629213,-0.024764,1.155187,-1.630398,0.028019,1.076436,-1.649165,27,27,28,27,27,27,30,26,28,30,27,28
1791409662.985872,0.056430,1.020518,-1.568079,-0.039686,0.838278,-1.631630,-0.026580,1.150888,-1.647901,0.028110,1.081553,-1.651361,27,27,28,27,27,27,30,26,28,30,27,28
1791409663.006311,0.056914,1.023516,-1.568079,-0.040413,0.839731,-1.634300,-0.029094,1.135265,-1.669338,0.028322,1.086639,-1.652467,27,27,28,27,27,27,30,26,28,30,27,28
1791409663.025764,0.056945,1.026271,-1.568079,-0.041382,0.840882,-1.634932,-0.031940,1.107985,-1.691169,0.028413,1.095299,-1.654394,27,27,28,27,27,27,30,26,28,30,27,28
1791409663.045759,0.056460,1.029541,-1.568111,-0.042381,0.843092,-1.634916,-0.033605,1.088849,-1.700758,0.028534,1.100688,-1.657411,27,27,28,27,27,27,30,26,28,30,27,28
1791409663.065876,0.055673,1.031509,-1.568111,-0.042533,0.845423,-1.634695,-0.032030,1.089303,-1.699368,0.029866,1.103928,-1.660286,27,27,28,27,27,27,30,26,28,30,27,28
1791409663.085903,0.055522,1.032175,-1.568174,-0.042199,0.848542,-1.634458,-0.029548,1.091060,-1.696445,0.031895,1.104503,-1.660934,27,27,28,27,27,27,30,26,28,30,27,28
1791409663.105834,0.055249,1.033205,-1.568348,-0.042199,0.852872,-1.633953,-0.024552,1.094875,-1.688784,0.033288,1.106380,-1.663509,27,27,28,27,27,27,30,26,28,30,27,28
1791409663.125995,0.055915,1.034537,-1.568458,-0.041443,0.858806,-1.633210,-0.022493,1.098084,-1.684424,0.035801,1.109771,-1.668832,27,27,28,27,27,27,30,26,28,30,27,28
1791409663.145829,0.056824,1.036081,-1.568758,-0.040262,0.867405,-1.632452,-0.021191,1.102050,-1.684392,0.037526,1.113435,-1.674251,27,27,28,27,27,27,30,26,28,30,27,28
1791409663.165811,0.056702,1.037232,-1.569011,-0.040231,0.873854,-1.632073,-0.019889,1.107833,-1.684377,0.039555,1.118188,-1.679274,27,27,28,27,27,27,30,26,28,30,27,28
1791409663.185929,0.056854,1.037353,-1.569090,-0.040383,0.880122,-1.632010,-0.017891,1.114918,-1.684361,0.041129,1.125304,-1.686762,27,27,28,27,27,27,31,26,28,30,27,28
1791409663.206023,0.056188,1.039291,-1.569106,-0.040716,0.886086,-1.631994,-0.015832,1.122609,-1.684377,0.043309,1.132752,-1.691090,27,27,28,27,27,27,30,26,28,30,27,28
1791409663.225970,0.054522,1.041682,-1.569138,-0.041261,0.890931,-1.632231,-0.015257,1.129875,-1.684313,0.043461,1.138505,-1.695608,27,27,28,27,27,27,30,26,28,30,27,28
1791409663.245979,0.053160,1.044407,-1.569122,-0.042230,0.895745,-1.632547,-0.015196,1.137081,-1.684234,0.043370,1.144742,-1.699826,27,27,28,27,27,27,30,26,28,30,27,28
1791409663.266718,0.052252,1.047223,-1.569027,-0.042563,0.900831,-1.632626,-0.015499,1.144287,-1.684171,0.043370,1.152190,-1.703601,27,27,28,27,27,27,31,26,28,30,27,28
1791409663.285922,0.052252,1.050796,-1.568743,-0.042563,0.905403,-1.632689,-0.015741,1.149707,-1.684155,0.043340,1.158155,-1.706982,27,27,28,27,27,27,30,26,28,30,27,28
1791409663.306044,0.052221,1.053763,-1.568758,-0.042654,0.909763,-1.632784,-0.015711,1.153643,-1.684076,0.043491,1.162666,-1.708735,27,27,28,27,27,27,30,26,28,30,27,28
1791409663.325776,0.052282,1.056064,-1.568758,-0.042805,0.913518,-1.632863,-0.015438,1.156610,-1.683808,0.044066,1.165452,-1.710031,27,27,28,27,27,27,30,26,28,30,27,28
1791409663.345904,0.052524,1.058184,-1.568806,-0.042805,0.916364,-1.632815,-0.015105,1.159699,-1.683444,0.044975,1.168358,-1.710868,27,27,28,27,27,27,30,26,28,30,27,28
1791409663.365900,0.053190,1.060333,-1.568948,-0.042381,0.919543,-1.632784,-0.013743,1.162545,-1.683129,0.047457,1.170902,-1.711200,27,27,28,27,27,27,30,26,28,30,27,28
1791409663.385908,0.054038,1.061968,-1.569280,-0.041957,0.921905,-1.632657,-0.012138,1.165330,-1.682813,0.050213,1.172325,-1.711263,27,27,28,27,27,27,30,26,28,30,27,28
1791409663.406000,0.055279,1.063270,-1.569848,-0.040867,0.923570,-1.632594,-0.010352,1.167601,-1.682244,0.053089,1.173112,-1.711358,27,27,28,27,27,27,30,26,28,30,27,28
1791409663.425867,0.057035,1.064481,-1.571049,-0.040020,0.925205,-1.632357,-0.008020,1.169115,-1.681644,0.055360,1.173687,-1.711389,27,27,28,27,27,27,30,26,28,30,27,28
1791409663.445824,0.059155,1.065511,-1.574745,-0.038506,0.926567,-1.632089,-0.004236,1.170175,-1.680870,0.058872,1.173838,-1.711516,27,27,28,27,27,27,30,26,28,30,27,28
1791409663.465889,0.060517,1.066237,-1.582928,-0.037537,0.927294,-1.631694,-0.001904,1.170962,-1.680032,0.061839,1.173717,-1.712037,27,27,28,27,27,27,30,26,28,30,27,28
1791409663.485903,0.062001,1.067449,-1.599262,-0.036628,0.927748,-1.630983,0.001275,1.171083,-1.678216,0.065563,1.172870,-1.713933,27,27,28,27,27,27,31,26,28,30,27,28
1791409663.505857,0.061305,1.060757,-1.611410,-0.036295,0.927839,-1.630351,0.003546,1.170266,-1.676573,0.068288,1.170145,-1.715275,27,27,28,27,27,27,31,26,28,30,27,28
1791409663.525840,0.057944,1.036142,-1.641756,-0.035932,0.927930,-1.629861,0.005423,1.168086,-1.674930,0.072073,1.166935,-1.720757,27,27,28,27,27,27,30,26,28,30,27,28
1791409663.545911,0.053039,0.986063,-1.693475,-0.036023,0.928384,-1.629182,0.007875,1.163453,-1.673887,0.076161,1.162363,-1.731372,27,27,28,27,27,27,31,26,28,30,27,28
1791409663.565789,0.049739,0.923146,-1.764578,-0.036659,0.930110,-1.627460,0.008330,1.159880,-1.672797,0.086303,1.134266,-1.745369,27,27,28,27,27,27,30,26,28,30,27,28
1791409663.585869,0.046105,0.849178,-1.816439,-0.037173,0.932865,-1.626891,0.009995,1.162242,-1.672134,0.093994,1.080856,-1.770675,27,27,28,27,27,27,30,26,28,30,27,28
1791409663.605927,0.038596,0.780720,-1.837623,-0.036901,0.936438,-1.627097,0.012508,1.165240,-1.670064,0.099323,1.012096,-1.804939,27,27,28,27,27,27,30,26,28,30,27,28
1791409663.625780,0.034115,0.735910,-1.828935,-0.036840,0.941252,-1.627571,0.012690,1.168873,-1.667916,0.099565,0.941943,-1.826028,27,27,28,27,27,27,30,26,28,30,27,28
1791409663.645911,0.036083,0.715503,-1.794260,-0.036750,0.947580,-1.628013,0.012508,1.175292,-1.666163,0.092874,0.884446,-1.825554,27,27,28,27,27,27,30,26,28,30,27,28
1791409663.665876,0.041170,0.719045,-1.726365,-0.036538,0.956058,-1.628518,0.011478,1.185404,-1.665752,0.077977,0.853048,-1.810421,27,27,28,27,27,27,30,26,28,30,27,28
1791409663.685801,0.041594,0.724162,-1.686620,-0.033691,0.966624,-1.629466,0.011327,1.198908,-1.665973,0.062717,0.848264,-1.781338,27,27,28,27,27,27,30,26,28,30,27,28
1791409663.705931,0.049527,0.745992,-1.686951,-0.026183,0.979099,-1.628281,0.018079,1.220405,-1.666937,0.057933,0.859527,-1.758622,27,27,28,27,27,27,30,26,28,30,27,28
1791409663.726252,0.046378,0.761101,-1.686051,-0.030179,0.980703,-1.619593,0.013113,1.232547,-1.670365,0.048426,0.878178,-1.759412,27,27,28,27,27,27,30,26,28,30,27,28
1791409663.745781,0.048134,0.776693,-1.685340,-0.031269,0.986486,-1.614759,0.005968,1.242114,-1.670191,0.042280,0.890895,-1.759017,27,27,28,27,27,27,30,26,28,30,27,28
1791409663.765945,0.045591,0.791469,-1.684835,-0.030936,0.995085,-1.613464,0.005362,1.255012,-1.670159,0.041886,0.906185,-1.760249,27,27,28,27,27,27,30,26,28,30,27,28
1791409663.785760,0.043199,0.803610,-1.684487,-0.031633,1.003260,-1.613638,0.005241,1.265155,-1.670143,0.040827,0.916086,-1.762319,27,27,28,27,27,27,30,26,28,30,27,28
1791409663.805905,0.042472,0.813662,-1.684424,-0.032117,1.010830,-1.613875,0.004424,1.271907,-1.670175,0.039858,0.924866,-1.762650,27,27,28,27,27,27,30,26,28,30,27,28
1791409663.825804,0.042563,0.823745,-1.684408,-0.032178,1.017006,-1.613827,0.003576,1.277357,-1.670365,0.039646,0.932769,-1.762492,27,27,28,27,27,27,30,26,28,30,27,28
1791409663.845923,0.042563,0.831223,-1.684361,-0.032329,1.021185,-1.613259,0.003152,1.282535,-1.670712,0.039494,0.939945,-1.762192,27,27,28,27,27,27,31,26,28,30,27,28
1791409663.865899,0.042533,0.837794,-1.684282,-0.032480,1.025090,-1.612643,0.002244,1.287076,-1.671170,0.039071,0.946484,-1.761655,27,27,28,27,27,27,30,26,28,30,27,28
1791409663.885818,0.042109,0.843698,-1.684124,-0.032753,1.028754,-1.612532,0.000821,1.291103,-1.671123,0.038314,0.952600,-1.760976,27,27,28,27,27,27,31,26,28,30,27,28
1791409663.905861,0.041533,0.848754,-1.683997,-0.032904,1.031994,-1.615186,-0.000723,1.294070,-1.671060,0.036860,0.956991,-1.760471,27,27,28,27,27,27,30,26,28,30,27,28
1791409663.928195,0.040534,0.852932,-1.683697,-0.033056,1.033992,-1.625659,-0.003933,1.295433,-1.670997,0.034378,0.961048,-1.759807,27,27,28,27,27,27,30,26,28,30,27,28
1791409663.945920,0.039565,0.855839,-1.683271,-0.030876,1.030026,-1.642767,-0.007627,1.295282,-1.670902,0.031471,0.963258,-1.758859,27,27,28,27,27,27,31,26,28,30,27,28
1791409663.965827,0.037597,0.858746,-1.683097,-0.018825,0.991331,-1.668106,-0.011381,1.295615,-1.670918,0.028443,0.965347,-1.758275,27,27,28,27,27,27,30,26,28,30,27,28
1791409663.985934,0.035993,0.861561,-1.683097,-0.006200,0.929989,-1.690474,-0.012653,1.297613,-1.670870,0.026990,0.966801,-1.758291,27,27,28,27,27,27,31,26,28,30,27,28
1791409664.005956,0.035508,0.864498,-1.683128,-0.000871,0.865558,-1.699415,-0.014409,1.297189,-1.670918,0.026293,0.969707,-1.758306,27,27,28,27,27,27,31,26,28,30,27,28
1791409664.025911,0.035387,0.866981,-1.683160,-0.001900,0.842487,-1.692149,-0.014076,1.292859,-1.671012,0.026324,0.971766,-1.758369,27,27,28,27,27,27,30,26,28,30,27,28
1791409664.045815,0.035296,0.869131,-1.683192,-0.002748,0.847210,-1.686936,-0.015408,1.285078,-1.671312,0.024598,0.976944,-1.758196,27,27,28,27,27,27,31,26,28,30,27,28
1791409664.065678,0.035145,0.872340,-1.683223,-0.003959,0.850086,-1.683918,-0.018375,1.282626,-1.672229,0.024507,0.980395,-1.758196,27,27,28,27,27,27,30,26,28,30,27,28
1791409664.085862,0.033903,0.875126,-1.683223,-0.004988,0.852054,-1.682528,-0.019647,1.282232,-1.673003,0.023478,0.982999,-1.758243,27,27,28,27,27,27,30,26,28,30,27,28
1791409664.105976,0.033419,0.876942,-1.683176,-0.004716,0.853962,-1.682528,-0.019768,1.278175,-1.674440,0.023508,0.984150,-1.758243,27,27,28,27,27,27,30,26,28,30,27,28
1791409664.125786,0.033601,0.878880,-1.683128,-0.004413,0.856263,-1.682591,-0.019859,1.271302,-1.678595,0.023538,0.985754,-1.758211,27,27,28,27,27,27,30,26,28,30,27,28
1791409664.146561,0.033661,0.881000,-1.683192,-0.004322,0.858473,-1.682639,-0.020888,1.268668,-1.681407,0.023356,0.988055,-1.758227,27,27,28,27,27,27,30,26,28,30,27,28
1791409664.166018,0.033601,0.883058,-1.683160,-0.004383,0.860108,-1.682749,-0.021464,1.267699,-1.681786,0.023114,0.990235,-1.758211,27,27,28,27,27,27,31,26,28,30,27,28
1791409664.185841,0.033510,0.884451,-1.683128,-0.004383,0.861259,-1.682844,-0.021494,1.267457,-1.681754,0.022993,0.991628,-1.758180,27,27,28,27,27,27,30,26,28,30,27,28
1791409664.207346,0.033570,0.885602,-1.683113,-0.004141,0.862500,-1.682892,-0.021494,1.267245,-1.681675,0.023023,0.992748,-1.758196,27,27,28,27,27,27,30,26,28,30,27,28
1791409664.226281,0.033570,0.886661,-1.683128,-0.003868,0.863651,-1.682892,-0.021373,1.267850,-1.681628,0.023054,0.994020,-1.758259,27,27,28,27,27,27,30,26,28,30,27,28
1791409664.246253,0.033601,0.887630,-1.683113,-0.003838,0.864529,-1.682907,-0.021252,1.268607,-1.681517,0.023205,0.995171,-1.758338,27,27,28,27,27,27,30,26,28,30,27,28
1791409664.266045,0.033601,0.888175,-1.683144,-0.003838,0.865195,-1.682892,-0.020888,1.269213,-1.681359,0.023175,0.996412,-1.758417,27,27,28,27,27,27,30,26,28,30,27,28
1791409664.286264,0.033510,0.888872,-1.683144,-0.003959,0.866254,-1.682860,-0.019223,1.270212,-1.681154,0.023326,0.997442,-1.758543,27,27,28,27,27,27,31,26,28,30,27,28
1791409664.306235,0.033298,0.889326,-1.683160,-0.004080,0.867132,-1.682765,-0.018527,1.270969,-1.680933,0.023478,0.998289,-1.758780,27,27,28,27,27,27,31,26,28,30,27,28
1791409664.325981,0.032904,0.889931,-1.683176,-0.004262,0.868101,-1.682354,-0.017739,1.271393,-1.680506,0.023720,0.998955,-1.758986,27,27,28,27,27,27,30,26,28,30,27,28
1791409664.346166,0.032480,0.890628,-1.683255,-0.004837,0.869494,-1.680964,-0.017497,1.272089,-1.679258,0.023871,1.000288,-1.759396,27,27,28,27,27,27,31,26,28,30,27,28
1791409664.366356,0.031663,0.891566,-1.683271,-0.005715,0.871280,-1.679337,-0.017346,1.273149,-1.677789,0.024083,1.001590,-1.759997,27,27,28,27,27,27,30,26,28,30,27,28
1791409664.385906,0.030664,0.892868,-1.683271,-0.006987,0.872946,-1.678153,-0.017316,1.274390,-1.676857,0.024023,1.003164,-1.760344,27,27,28,27,27,27,30,26,28,30,27,28
1791409664.406035,0.029634,0.894624,-1.683302,-0.007956,0.875519,-1.677552,-0.017346,1.276025,-1.676604,0.023992,1.005435,-1.760960,27,27,28,27,27,27,31,26,28,30,27,28
1791409664.426290,0.028453,0.896956,-1.683302,-0.009015,0.878214,-1.677426,-0.017406,1.278901,-1.676541,0.024023,1.008160,-1.762335,27,27,28,27,27,27,31,26,28,30,27,28
1791409664.446319,0.027212,0.900014,-1.683318,-0.010014,0.881121,-1.677394,-0.017406,1.282323,-1.676557,0.023902,1.011672,-1.764278,27,27,28,27,27,27,31,26,28,30,27,28
1791409664.466822,0.026546,0.903254,-1.683334,-0.010771,0.884300,-1.677394,-0.017437,1.286047,-1.676573,0.023902,1.015487,-1.766505,27,27,28,27,27,27,31,26,28,30,27,28
1791409664.486503,0.026062,0.906705,-1.683334,-0.011347,0.887358,-1.677394,-0.017467,1.289438,-1.676715,0.023932,1.018878,-1.768274,27,27,28,27,27,27,31,26,28,30,27,28
1791409664.506408,0.025456,0.909642,-1.683334,-0.011801,0.889689,-1.677394,-0.017497,1.292557,-1.676826,0.023962,1.022209,-1.769159,27,27,28,27,27,27,31,26,28,30,27,28
1791409664.525991,0.024729,0.912549,-1.683318,-0.012073,0.891809,-1.677410,-0.017497,1.295039,-1.676889,0.023962,1.024601,-1.769396,27,27,28,27,27,27,31,26,28,30,27,28
1791409664.545867,0.024517,0.915274,-1.683302,-0.012255,0.893474,-1.677457,-0.017527,1.296795,-1.676968,0.023962,1.026326,-1.769396,27,27,28,27,27,27,31,26,28,30,27,28
1791409664.565883,0.024427,0.917242,-1.683286,-0.012255,0.894867,-1.677489,-0.017649,1.298370,-1.677031,0.023932,1.028385,-1.769333,27,27,28,27,27,27,30,26,28,30,27,28
1791409664.585699,0.019461,0.903526,-1.681154,-0.009560,0.897531,-1.677442,-0.015771,1.289892,-1.672276,0.024507,1.015063,-1.763851,27,27,28,27,27,27,31,26,28,30,27,28
1791409664.605758,0.018916,0.900619,-1.680554,-0.003989,0.894715,-1.678153,-0.015226,1.269879,-1.654520,0.027383,1.002195,-1.747327,27,27,28,27,27,27,30,26,28,30,27,28
1791409664.625853,0.024608,0.888085,-1.680664,0.001703,0.884239,-1.679795,-0.016256,1.237875,-1.632089,0.030986,0.976853,-1.724674,27,27,28,27,27,27,31,26,28,30,27,28
1791409664.645765,0.027606,0.872855,-1.680585,0.004822,0.870281,-1.679748,-0.017739,1.200059,-1.615770,0.031743,0.948210,-1.698436,27,27,28,27,27,27,30,26,28,30,27,28
1791409664.665801,0.028363,0.858352,-1.679400,0.005730,0.856747,-1.679701,-0.021282,1.147346,-1.612137,0.030926,0.920385,-1.671928,27,27,28,27,27,27,30,26,28,30,27,28
1791409664.685793,0.029453,0.844697,-1.677821,0.007244,0.846514,-1.679558,-0.021948,1.097569,-1.609783,0.030018,0.897283,-1.649860,27,27,28,27,27,27,31,26,28,30,27,28
1791409664.706102,0.031118,0.833948,-1.677442,0.009363,0.837884,-1.678374,-0.021675,1.066262,-1.596008,0.029685,0.878996,-1.633368,27,27,28,27,27,27,31,26,28,30,27,28
1791409664.725836,0.031300,0.824199,-1.677394,0.011180,0.830981,-1.675862,-0.018678,1.045250,-1.569454,0.030108,0.861707,-1.620557,27,27,28,27,27,27,31,26,28,30,27,28
1791409664.745777,0.031390,0.815025,-1.677426,0.013299,0.823472,-1.674330,-0.016771,1.026811,-1.550355,0.030896,0.848143,-1.610020,27,27,28,27,27,27,31,26,28,30,27,28
1791409664.766012,0.031602,0.805942,-1.677394,0.015328,0.814601,-1.671265,-0.014227,1.011763,-1.540356,0.031501,0.835517,-1.600889,27,27,28,27,27,27,31,26,28,30,27,28
1791409664.786070,0.031330,0.797736,-1.676873,0.016145,0.806638,-1.666099,-0.013955,0.997926,-1.527955,0.031138,0.824315,-1.592122,27,27,28,27,27,27,31,26,28,30,27,28
1791409664.805782,0.031178,0.789683,-1.673792,0.016902,0.800310,-1.663682,-0.013107,0.986602,-1.518445,0.031047,0.816654,-1.585898,27,27,28,27,27,27,31,26,28,30,27,28
1791409664.825815,0.030543,0.782113,-1.669527,0.018477,0.794860,-1.660017,-0.011472,0.977125,-1.510562,0.031501,0.810084,-1.582091,27,27,28,27,27,27,31,26,28,30,27,28
1791409664.845803,0.030300,0.775846,-1.664741,0.019567,0.789864,-1.655437,-0.010412,0.970737,-1.505839,0.032076,0.804392,-1.578537,27,27,28,27,27,27,30,26,28,30,27,28
1791409664.865866,0.029967,0.770305,-1.661092,0.019597,0.784838,-1.650239,-0.010382,0.965317,-1.501685,0.031804,0.799578,-1.575741,27,27,28,27,27,27,31,26,28,30,27,28
1791409664.886137,0.029453,0.764098,-1.654978,0.019688,0.780266,-1.646732,-0.010140,0.960715,-1.498478,0.031713,0.795914,-1.573861,27,27,28,27,27,27,30,26,28,30,27,28
1791409664.906028,0.029210,0.758799,-1.649907,0.019627,0.776603,-1.644394,-0.009474,0.957687,-1.497024,0.031865,0.793371,-1.573166,27,27,28,27,27,27,30,26,28,30,27,28
1791409664.925817,0.028665,0.753743,-1.644837,0.019597,0.773000,-1.640508,-0.008777,0.955325,-1.495792,0.031834,0.791191,-1.573103,27,27,28,27,27,27,31,26,28,30,27,28
1791409664.945774,0.027939,0.749565,-1.640287,0.019476,0.769730,-1.637017,-0.007899,0.953751,-1.495492,0.031986,0.789102,-1.573118,27,27,28,27,27,27,31,26,28,30,27,28
1791409664.965848,0.027333,0.745508,-1.637459,0.018961,0.766187,-1.633905,-0.007748,0.951783,-1.495366,0.031895,0.786377,-1.573118,27,27,28,27,27,27,30,26,28,30,27,28
1791409664.985903,0.027030,0.741723,-1.634790,0.018628,0.762645,-1.632689,-0.007324,0.948907,-1.495160,0.032046,0.782986,-1.573087,27,27,28,27,27,27,31,26,28,30,27,28
1791409665.005979,0.026516,0.737454,-1.632436,0.018386,0.758285,-1.631899,-0.006749,0.945879,-1.495050,0.032319,0.779141,-1.573071,27,27,28,27,27,27,30,26,28,30,27,28
1791409665.025878,0.026516,0.733518,-1.631267,0.018356,0.755136,-1.631725,-0.006052,0.942367,-1.494971,0.032985,0.775931,-1.573024,27,27,28,27,27,27,31,26,28,30,27,28
1791409665.045949,0.026425,0.728825,-1.629103,0.018507,0.751472,-1.631567,-0.004720,0.939036,-1.494813,0.033923,0.772268,-1.573024,27,27,28,27,27,27,30,26,28,30,27,28
1791409665.065912,0.026546,0.724949,-1.627065,0.018779,0.748566,-1.631109,-0.003206,0.935948,-1.494750,0.035165,0.769512,-1.572992,27,27,28,27,27,27,30,26,28,30,27,28
1791409665.085698,0.026516,0.721225,-1.625106,0.018719,0.745326,-1.629340,-0.002510,0.933556,-1.494655,0.035589,0.766787,-1.572976,27,27,28,27,27,27,31,26,28,30,27,28
1791409665.105907,0.026364,0.717471,-1.622263,0.018658,0.742238,-1.627444,-0.001935,0.931376,-1.494560,0.035982,0.764547,-1.572976,27,27,28,27,27,27,30,26,28,30,27,28
1791409665.125977,0.026334,0.713747,-1.618882,0.018658,0.739361,-1.625296,-0.001026,0.929347,-1.494529,0.036830,0.761852,-1.572960,27,27,28,27,27,27,31,26,28,30,27,28
1791409665.145889,0.026122,0.709780,-1.615707,0.018810,0.736152,-1.623021,0.000124,0.927773,-1.494544,0.037647,0.759339,-1.572976,27,27,28,27,27,27,31,26,28,30,27,28
1791409665.165846,0.026152,0.706419,-1.612563,0.018749,0.733699,-1.621520,0.001093,0.926168,-1.494418,0.038132,0.757492,-1.572960,27,27,28,27,27,27,30,26,28,30,27,28
1791409665.185759,0.026092,0.703028,-1.609720,0.018840,0.730944,-1.619798,0.001729,0.924291,-1.494371,0.038889,0.754828,-1.572976,27,27,28,27,27,27,31,26,28,30,27,28
1791409665.205856,0.025940,0.699637,-1.606324,0.018840,0.727886,-1.618124,0.002759,0.922626,-1.494323,0.039494,0.751951,-1.572945,27,27,28,27,27,27,31,26,28,30,27,28
1791409665.225870,0.025940,0.696640,-1.604002,0.018870,0.725252,-1.617540,0.003939,0.920839,-1.494339,0.040342,0.749620,-1.572960,27,27,28,27,27,27,31,26,28,30,27,28
1791409665.245614,0.026031,0.694036,-1.601743,0.018870,0.722527,-1.616465,0.005211,0.919204,-1.494339,0.041553,0.746986,-1.572929,27,27,28,27,27,27,30,26,28,30,27,28
1791409665.265835,0.025910,0.691008,-1.599673,0.018810,0.719590,-1.614601,0.005998,0.917357,-1.494323,0.042280,0.744079,-1.572913,27,27,28,27,27,27,31,26,28,30,27,28
1791409665.286198,0.025819,0.688223,-1.598362,0.018689,0.716835,-1.613890,0.007028,0.915632,-1.494307,0.042946,0.741778,-1.572897,27,27,28,27,27,27,31,26,28,30,27,28
1791409665.305876,0.025789,0.685377,-1.596229,0.018658,0.714564,-1.613717,0.008208,0.913906,-1.494276,0.043945,0.739386,-1.572881,27,27,28,27,27,27,31,26,28,30,27,28
1791409665.325727,0.025759,0.682470,-1.594097,0.018658,0.712384,-1.613527,0.009329,0.912089,-1.494276,0.044884,0.737569,-1.572850,27,27,28,27,27,27,31,26,28,30,27,28
1791409665.346056,0.025668,0.680108,-1.592801,0.018689,0.710325,-1.613322,0.010207,0.910727,-1.494276,0.045671,0.735147,-1.572834,27,27,28,27,27,27,30,26,28,30,27,28
1791409665.365660,0.025698,0.677474,-1.591585,0.018689,0.708297,-1.612816,0.011115,0.908668,-1.494276,0.046398,0.733179,-1.572818,27,27,28,27,27,27,30,26,28,30,27,28
1791409665.385835,0.025456,0.675567,-1.591285,0.018689,0.705905,-1.612563,0.012145,0.907214,-1.494260,0.046973,0.730848,-1.572834,27,27,28,27,27,27,30,26,28,30,27,28
1791409665.405626,0.025305,0.673599,-1.590953,0.018568,0.704027,-1.612548,0.012447,0.905458,-1.494276,0.047336,0.728880,-1.572834,27,27,28,27,27,27,30,26,28,30,27,28
1791409665.425747,0.025123,0.671752,-1.590732,0.018568,0.701969,-1.612532,0.012780,0.903763,-1.494260,0.047579,0.726579,-1.572834,27,27,28,27,27,27,30,26,28,30,27,28
1791409665.446008,0.024850,0.670117,-1.590590,0.018537,0.700515,-1.612516,0.013265,0.902219,-1.494276,0.047881,0.724338,-1.572803,27,27,28,27,27,27,30,26,28,30,27,28
1791409665.466103,0.024850,0.668239,-1.590242,0.018537,0.699062,-1.612516,0.013325,0.900553,-1.494244,0.048063,0.722824,-1.572803,27,27,28,27,27,27,31,26,28,30,27,28
1791409665.485651,0.024881,0.666574,-1.590005,0.018598,0.697609,-1.612500,0.013537,0.899130,-1.494228,0.048093,0.721189,-1.572787,27,27,28,27,27,27,30,26,28,30,27,28
1791409665.505698,0.024820,0.665030,-1.589800,0.018598,0.696488,-1.612484,0.013719,0.897617,-1.494228,0.048275,0.719252,-1.572803,27,27,28,27,27,27,31,26,28,30,27,28
1791409665.525624,0.024760,0.663577,-1.589737,0.018628,0.695338,-1.612516,0.013749,0.896193,-1.494213,0.048335,0.717919,-1.572803,27,27,28,27,27,27,30,26,28,30,27,28
1791409665.546215,0.024760,0.661972,-1.589674,0.018689,0.694127,-1.612484,0.013780,0.895013,-1.494213,0.048335,0.716617,-1.572771,27,27,28,27,27,27,31,26,28,30,27,28
1791409665.565860,0.024548,0.660852,-1.589642,0.018658,0.693128,-1.612532,0.013961,0.893862,-1.494181,0.048335,0.715255,-1.572787,27,27,28,27,27,27,30,26,28,30,27,28
1791409665.585856,0.024427,0.659853,-1.589595,0.018628,0.692401,-1.612516,0.013931,0.892833,-1.494165,0.048396,0.714528,-1.572787,27,27,28,27,27,27,31,26,28,30,27,28
1791409665.605822,0.024305,0.658914,-1.589500,0.018568,0.691462,-1.612484,0.013931,0.892076,-1.494181,0.048396,0.713499,-1.572771,27,27,28,27,27,27,31,26,28,30,27,28
1791409665.625655,0.024063,0.657915,-1.589405,0.018537,0.690705,-1.612500,0.013991,0.891319,-1.494181,0.048335,0.712500,-1.572787,27,27,28,27,27,27,31,26,28,30,27,28
1791409665.645812,0.024003,0.657127,-1.589358,0.018568,0.690009,-1.612484,0.013931,0.890501,-1.494181,0.048335,0.711743,-1.572771,27,27,28,27,27,27,31,26,28,30,27,28
1791409665.665920,0.023942,0.656552,-1.589310,0.018568,0.689464,-1.612484,0.014022,0.889926,-1.494149,0.048396,0.711228,-1.572755,27,27,28,27,27,27,30,26,28,30,27,28
1791409665.685854,0.023912,0.655795,-1.589263,0.018598,0.688949,-1.612469,0.013901,0.889139,-1.494181,0.048335,0.710834,-1.572787,27,27,28,27,27,27,30,26,28,30,27,28
1791409665.706289,0.023912,0.655038,-1.589247,0.018628,0.688434,-1.612469,0.014022,0.888594,-1.494181,0.048366,0.710108,-1.572771,27,27,28,27,27,27,31,26,28,30,27,28
1791409665.725883,0.023942,0.654342,-1.589231,0.018719,0.688071,-1.612484,0.013991,0.888140,-1.494165,0.048396,0.709805,-1.572755,27,27,28,27,27,27,30,26,28,30,27,28
1791409665.745841,0.023942,0.653797,-1.589231,0.018810,0.687617,-1.612453,0.013991,0.887685,-1.494181,0.048335,0.709351,-1.572787,27,27,28,27,27,27,30,26,28,30,27,28
1791409665.765521,0.023942,0.653252,-1.589216,0.018749,0.687042,-1.612469,0.013991,0.887080,-1.494181,0.048335,0.708745,-1.572787,27,27,28,27,27,27,30,26,28,30,27,28
1791409665.785766,0.023942,0.652768,-1.589184,0.018749,0.686527,-1.612469,0.013991,0.886626,-1.494165,0.048396,0.708079,-1.572755,27,27,28,27,27,27,30,26,28,30,27,28
1791409665.805754,0.023882,0.652313,-1.589184,0.018749,0.686073,-1.612469,0.014082,0.886111,-1.494165,0.048396,0.707655,-1.572787,27,27,28,27,27,27,30,26,28,30,27,28
1791409665.825835,0.023882,0.651768,-1.589168,0.018749,0.685649,-1.612453,0.014082,0.885596,-1.494165,0.048366,0.707201,-1.572787,27,27,28,27,27,27,30,26,28,30,27,28
1791409665.845668,0.023912,0.651193,-1.589168,0.018719,0.685165,-1.612469,0.014052,0.885142,-1.494165,0.048366,0.706626,-1.572787,27,27,28,27,27,27,31,26,28,30,27,28
1791409665.865830,0.023882,0.650527,-1.589152,0.018779,0.684832,-1.612453,0.013991,0.884688,-1.494165,0.048335,0.706293,-1.572771,27,27,28,27,27,27,31,26,28,30,27,28
1791409665.885582,0.023912,0.649770,-1.589073,0.018810,0.684317,-1.612437,0.013931,0.884143,-1.494165,0.048335,0.705839,-1.572755,27,27,28,27,27,27,30,26,28,30,27,28
1791409665.905833,0.023942,0.649104,-1.589042,0.018870,0.683651,-1.612469,0.013870,0.883507,-1.494181,0.048305,0.705082,-1.572803,27,27,28,27,27,27,31,26,28,30,27,28
1791409665.925747,0.023972,0.648438,-1.589010,0.018931,0.682985,-1.612453,0.013901,0.882720,-1.494165,0.048275,0.704204,-1.572771,27,27,28,27,27,27,30,26,28,30,27,28
1791409665.945667,0.024003,0.647681,-1.588994,0.018961,0.682106,-1.612453,0.013901,0.881902,-1.494181,0.048305,0.703538,-1.572787,27,27,28,27,27,27,30,26,28,30,27,28
1791409665.965836,0.023972,0.646894,-1.588947,0.018961,0.681410,-1.612453,0.013991,0.881297,-1.494181,0.048335,0.702841,-1.572755,27,27,28,27,27,27,30,26,28,30,27,28
1791409665.985728,0.023972,0.646016,-1.588915,0.018961,0.680744,-1.612453,0.013991,0.880631,-1.494149,0.048305,0.702114,-1.572739,27,27,28,27,27,27,31,26,28,30,27,28
1791409666.006078,0.023972,0.645229,-1.588789,0.018991,0.680017,-1.612437,0.013931,0.879965,-1.494149,0.048335,0.701388,-1.572771,27,27,28,27,27,27,30,26,28,30,27,28
1791409666.025621,0.023942,0.644502,-1.588410,0.018961,0.679200,-1.612437,0.013991,0.879299,-1.494165,0.048366,0.700419,-1.572771,27,27,28,27,27,27,30,26,28,30,27,28
1791409666.045816,0.023942,0.643624,-1.587873,0.018961,0.678534,-1.612437,0.013961,0.878511,-1.494165,0.048305,0.699632,-1.572739,27,27,28,27,27,27,31,26,28,30,27,28
1791409666.065831,0.023882,0.642958,-1.587588,0.018961,0.677837,-1.612469,0.014082,0.877997,-1.494149,0.048305,0.698784,-1.572708,27,27,28,27,27,27,30,26,28,30,27,28
1791409666.085732,0.023882,0.642322,-1.587383,0.018931,0.677292,-1.612437,0.014173,0.877482,-1.494165,0.048305,0.698209,-1.572708,27,27,28,27,27,27,30,26,28,30,27,28
1791409666.105736,0.023882,0.641686,-1.587209,0.018840,0.676626,-1.612453,0.014203,0.876907,-1.494149,0.048396,0.697331,-1.572739,27,27,28,27,27,27,31,26,28,30,27,28
1791409666.125883,0.023882,0.641080,-1.587130,0.018840,0.675990,-1.612437,0.014294,0.876452,-1.494165,0.048366,0.696422,-1.572692,27,27,28,27,27,27,30,26,28,30,27,28
1791409666.145775,0.023912,0.640445,-1.587036,0.018870,0.675264,-1.612453,0.014294,0.875907,-1.494134,0.048366,0.695847,-1.572723,27,27,28,27,27,27,30,26,28,30,27,28
1791409666.165680,0.023882,0.639990,-1.587020,0.018840,0.674628,-1.612437,0.014415,0.875514,-1.494134,0.048396,0.695272,-1.572708,27,27,28,27,27,27,30,26,28,30,27,28
1791409666.185613,0.023912,0.639536,-1.586972,0.018901,0.674083,-1.612453,0.014506,0.875120,-1.494134,0.048426,0.694848,-1.572676,27,27,28,27,27,27,31,26,28,30,27,28
1791409666.205806,0.023882,0.639082,-1.586878,0.018870,0.673689,-1.612437,0.014476,0.874666,-1.494118,0.048457,0.694485,-1.572723,27,27,28,27,27,27,30,26,28,30,27,28
1791409666.225837,0.023882,0.638628,-1.586735,0.018870,0.673356,-1.612437,0.014567,0.874303,-1.494118,0.048517,0.694152,-1.572676,27,27,28,27,27,27,31,26,28,30,27,28
1791409666.245680,0.023882,0.638265,-1.586435,0.018840,0.673144,-1.612437,0.014567,0.873970,-1.494102,0.048487,0.693879,-1.572692,27,27,28,27,27,27,31,26,28,30,27,28
1791409666.265827,0.023882,0.637841,-1.585756,0.018870,0.672993,-1.612437,0.014536,0.873637,-1.494134,0.048457,0.693637,-1.572676,27,27,28,27,27,27,31,26,28,30,27,28
1791409666.285644,0.023851,0.637477,-1.585093,0.018901,0.672902,-1.612421,0.014597,0.873576,-1.494134,0.048517,0.693516,-1.572692,27,27,28,27,27,27,31,26,28,30,27,28
1791409666.305753,0.023851,0.637175,-1.584587,0.018870,0.672720,-1.612374,0.014718,0.873516,-1.494118,0.048608,0.693304,-1.572644,27,27,28,27,27,27,31,26,28,30,27,28
1791409666.326108,0.023851,0.636842,-1.583734,0.018870,0.672630,-1.612374,0.014960,0.873425,-1.494134,0.048729,0.693213,-1.572676,27,27,28,27,27,27,31,26,28,30,27,28
1791409666.345854,0.023760,0.636660,-1.583529,0.018810,0.672418,-1.612358,0.015263,0.873455,-1.494134,0.048911,0.693031,-1.572660,27,27,28,27,27,27,31,26,28,30,27,28
1791409666.365710,0.023821,0.636418,-1.583228,0.018810,0.672206,-1.612374,0.015687,0.873364,-1.494134,0.049244,0.692638,-1.572644,27,27,28,27,27,27,31,26,28,30,27,28
1791409666.385702,0.023791,0.636327,-1.583055,0.018810,0.671964,-1.612342,0.015960,0.873334,-1.494134,0.049516,0.692426,-1.572676,27,27,28,27,27,27,31,26,28,30,27,28
1791409666.405852,0.023791,0.636145,-1.582897,0.018810,0.671661,-1.612358,0.016293,0.873213,-1.494149,0.049819,0.692062,-1.572660,27,27,28,27,27,27,31,26,28,30,27,28
1791409666.425921,0.023700,0.635903,-1.582754,0.018810,0.671237,-1.612358,0.016626,0.873092,-1.494134,0.050001,0.691669,-1.572644,27,27,28,27,27,27,31,26,28,30,27,28
1791409666.445817,0.023639,0.635842,-1.582407,0.018779,0.671055,-1.612358,0.016959,0.873182,-1.494149,0.050334,0.691305,-1.572629,27,27,28,27,27,27,31,26,28,30,27,28
1791409666.466129,0.023549,0.635509,-1.581633,0.018779,0.670874,-1.612342,0.017292,0.873152,-1.494134,0.050606,0.691245,-1.572629,27,27,28,27,27,27,31,26,28,30,27,28
1791409666.485782,0.023518,0.635237,-1.581112,0.018810,0.670722,-1.612342,0.017625,0.873182,-1.494118,0.050788,0.691154,-1.572629,27,27,28,27,27,27,30,26,28,30,27,28
1791409666.505720,0.023488,0.634995,-1.580401,0.018779,0.670540,-1.612311,0.017897,0.873213,-1.494118,0.051000,0.691093,-1.572629,27,27,28,27,27,27,30,26,28,30,27,28
1791409666.526034,0.023427,0.634722,-1.579658,0.018689,0.670480,-1.612311,0.018018,0.873213,-1.494134,0.051182,0.690972,-1.572613,27,27,28,27,27,27,30,26,28,30,27,28
1791409666.545651,0.023397,0.634541,-1.579437,0.018628,0.670328,-1.612247,0.018109,0.873152,-1.494118,0.051212,0.690851,-1.572597,27,27,28,27,27,27,31,26,28,30,27,28
1791409666.565959,0.023367,0.634359,-1.579327,0.018568,0.670177,-1.612216,0.018109,0.873061,-1.494134,0.051242,0.690639,-1.572629,27,27,28,27,27,27,30,26,28,30,27,28
1791409666.585807,0.023367,0.634177,-1.579295,0.018537,0.669995,-1.612232,0.018109,0.873031,-1.494118,0.051272,0.690306,-1.572629,27,27,28,27,27,27,31,26,28,30,27,28
1791409666.605555,0.023276,0.633935,-1.579263,0.018537,0.669814,-1.612216,0.018170,0.872849,-1.494118,0.051242,0.690185,-1.572613,27,27,28,27,27,27,31,26,28,30,27,28
1791409666.625709,0.023246,0.633844,-1.579216,0.018446,0.669602,-1.612232,0.018230,0.872819,-1.494102,0.051303,0.689943,-1.572644,27,27,28,27,27,27,31,26,28,30,27,28
1791409666.645797,0.023215,0.633693,-1.579169,0.018446,0.669481,-1.612216,0.018442,0.872759,-1.494118,0.051394,0.689731,-1.572629,27,27,28,27,27,27,31,26,28,30,27,28
1791409666.665777,0.023155,0.633572,-1.579121,0.018477,0.669390,-1.612200,0.018563,0.872668,-1.494118,0.051394,0.689640,-1.572629,27,27,28,27,27,27,31,26,28,30,27,28
1791409666.685841,0.023185,0.633541,-1.579121,0.018416,0.669269,-1.612200,0.018745,0.872638,-1.494118,0.051515,0.689428,-1.572613,27,27,28,27,27,27,31,26,28,30,27,28
1791409666.706014,0.023185,0.633541,-1.579105,0.018507,0.669208,-1.612200,0.018896,0.872668,-1.494118,0.051666,0.689307,-1.572629,27,27,28,27,27,27,31,26,28,30,27,28
1791409666.725700,0.023155,0.633541,-1.579090,0.018507,0.669208,-1.612200,0.018957,0.872668,-1.494118,0.051696,0.689307,-1.572629,27,27,28,27,27,27,31,26,28,30,27,28
1791409666.745744,0.023185,0.633541,-1.579074,0.018446,0.669178,-1.612200,0.019018,0.872638,-1.494102,0.051727,0.689277,-1.572597,27,27,28,27,27,27,31,26,28,30,27,28
1791409666.765836,0.023155,0.633602,-1.579074,0.018507,0.669178,-1.612216,0.019078,0.872668,-1.494118,0.051727,0.689307,-1.572597,27,27,28,27,27,27,31,26,28,30,27,28
1791409666.785650,0.023125,0.633541,-1.579074,0.018477,0.669208,-1.612200,0.019048,0.872668,-1.494118,0.051787,0.689216,-1.572629,27,27,28,27,27,27,31,26,28,30,27,28
1791409666.805617,0.023125,0.633481,-1.579058,0.018477,0.669117,-1.612200,0.018987,0.872577,-1.494118,0.051757,0.689247,-1.572581,27,27,28,27,27,27,31,26,28,30,27,28
1791409666.825629,0.023185,0.633481,-1.579058,0.018477,0.669117,-1.612200,0.019048,0.872577,-1.494118,0.051757,0.689125,-1.572597,27,27,28,27,27,27,31,26,28,30,27,28
1791409666.845897,0.023155,0.633481,-1.579042,0.018446,0.669057,-1.612200,0.019169,0.872607,-1.494118,0.051848,0.689065,-1.572597,27,27,28,27,27,27,31,26,28,30,27,28
1791409666.865776,0.023155,0.633420,-1.579042,0.018477,0.669027,-1.612184,0.019199,0.872607,-1.494118,0.051848,0.689035,-1.572597,27,27,28,27,27,27,31,26,28,30,27,28
1791409666.885644,0.023125,0.633420,-1.579026,0.018477,0.668996,-1.612200,0.019290,0.872577,-1.494118,0.051939,0.688883,-1.572613,27,27,28,27,27,27,31,26,28,30,27,28
1791409666.905746,0.023094,0.633390,-1.579026,0.018477,0.668936,-1.612200,0.019351,0.872577,-1.494118,0.051969,0.688853,-1.572597,27,27,28,27,27,27,31,26,28,30,27,28
1791409666.925957,0.023064,0.633390,-1.579011,0.018446,0.668966,-1.612200,0.019381,0.872577,-1.494118,0.051939,0.688823,-1.572581,27,27,28,27,27,27,31,26,28,30,27,28
1791409666.945936,0.023094,0.633390,-1.579011,0.018477,0.668936,-1.612200,0.019532,0.872577,-1.494118,0.051999,0.688823,-1.572581,27,27,28,27,27,27,31,26,28,30,27,28
1791409666.965849,0.023064,0.633390,-1.578995,0.018446,0.668936,-1.612184,0.019502,0.872577,-1.494134,0.051999,0.688853,-1.572597,27,27,28,27,27,27,31,26,28,30,27,28
1791409666.985721,0.023094,0.633390,-1.578979,0.018507,0.668936,-1.612184,0.019472,0.872516,-1.494118,0.052029,0.688823,-1.572581,27,27,28,27,27,27,30,26,28,30,27,28
1791409667.005662,0.023125,0.633390,-1.578995,0.018446,0.668936,-1.612200,0.019502,0.872516,-1.494118,0.052060,0.688732,-1.572581,27,27,28,27,27,27,31,26,28,30,27,28
1791409667.025587,0.023064,0.633390,-1.578979,0.018507,0.668875,-1.612169,0.019502,0.872486,-1.494118,0.052090,0.688732,-1.572581,27,27,28,27,27,27,30,26,28,30,27,28
1791409667.045714,0.023094,0.633390,-1.578995,0.018477,0.668845,-1.612184,0.019502,0.872456,-1.494118,0.052150,0.688702,-1.572613,27,27,28,27,27,27,31,26,28,30,27,28
1791409667.065710,0.023155,0.633299,-1.578979,0.018537,0.668754,-1.612200,0.019502,0.872395,-1.494118,0.052150,0.688671,-1.572613,27,27,28,27,27,27,31,26,28,30,27,28
1791409667.085946,0.023094,0.633269,-1.578979,0.018507,0.668724,-1.612184,0.019593,0.872395,-1.494134,0.052181,0.688550,-1.572597,27,27,28,27,27,27,31,26,28,30,27,28
1791409667.106001,0.023094,0.633208,-1.578995,0.018507,0.668663,-1.612184,0.019653,0.872365,-1.494118,0.052241,0.688550,-1.572597,27,27,28,27,27,27,30,26,28,30,27,28
1791409667.125845,0.023094,0.633178,-1.578979,0.018446,0.668663,-1.612184,0.019684,0.872365,-1.494118,0.052211,0.688520,-1.572581,27,27,28,27,27,27,31,26,28,30,27,28
1791409667.145836,0.023094,0.633178,-1.578963,0.018477,0.668633,-1.612184,0.019684,0.872304,-1.494118,0.052241,0.688459,-1.572566,27,27,28,27,27,27,31,26,28,30,27,28
1791409667.165812,0.023034,0.633208,-1.578963,0.018446,0.668633,-1.612169,0.019744,0.872365,-1.494118,0.052241,0.688338,-1.572613,27,27,28,27,27,27,31,26,28,30,27,28
1791409667.185724,0.023064,0.633178,-1.578947,0.018446,0.668603,-1.612169,0.019714,0.872304,-1.494118,0.052241,0.688338,-1.572597,27,27,28,27,27,27,31,26,28,30,27,28
1791409667.205579,0.023034,0.633178,-1.578963,0.018446,0.668603,-1.612169,0.019623,0.872335,-1.494118,0.052272,0.688278,-1.572581,27,27,28,27,27,27,31,26,28,30,27,28
1791409667.225794,0.023064,0.633178,-1.578947,0.018446,0.668633,-1.612200,0.019684,0.872335,-1.494118,0.052302,0.688247,-1.572597,27,27,28,27,27,27,31,26,28,30,27,28
1791409667.245665,0.023034,0.633117,-1.578932,0.018477,0.668603,-1.612200,0.019714,0.872304,-1.494102,0.052302,0.688247,-1.572581,27,27,28,27,27,27,31,26,28,30,27,28
1791409667.265648,0.023094,0.633087,-1.578932,0.018537,0.668572,-1.612169,0.019744,0.872335,-1.494118,0.052302,0.688278,-1.572597,27,27,28,27,27,27,31,26,28,30,27,28
1791409667.285691,0.023064,0.633087,-1.578932,0.018537,0.668603,-1.612200,0.019774,0.872335,-1.494118,0.052272,0.688278,-1.572566,27,27,28,27,27,27,31,26,28,30,27,28
1791409667.306008,0.023094,0.633087,-1.578947,0.018537,0.668603,-1.612184,0.019744,0.872274,-1.494118,0.052272,0.688308,-1.572566,27,27,28,27,27,27,31,26,28,30,27,28
1791409667.325537,0.023094,0.633117,-1.578932,0.018537,0.668542,-1.612184,0.019805,0.872244,-1.494118,0.052332,0.688217,-1.572566,27,27,28,27,27,27,31,26,28,30,27,28
1791409667.345821,0.023064,0.633087,-1.578932,0.018507,0.668572,-1.612169,0.019744,0.872304,-1.494118,0.052332,0.688247,-1.572597,27,27,28,27,27,27,31,26,28,30,27,28
1791409667.365871,0.023064,0.633057,-1.578916,0.018507,0.668542,-1.612169,0.019805,0.872274,-1.494118,0.052302,0.688247,-1.572581,27,27,28,27,27,27,31,26,28,30,27,28
1791409667.385642,0.023034,0.633057,-1.578900,0.018446,0.668572,-1.612200,0.019805,0.872335,-1.494102,0.052302,0.688217,-1.572566,27,27,28,27,27,27,31,26,28,30,27,28
1791409667.405569,0.023004,0.633087,-1.578916,0.018446,0.668542,-1.612184,0.019805,0.872304,-1.494134,0.052332,0.688187,-1.572597,27,27,28,27,27,27,31,26,28,30,27,28
1791409667.425911,0.022973,0.633057,-1.578900,0.018386,0.668572,-1.612216,0.019805,0.872304,-1.494118,0.052362,0.688157,-1.572581,27,27,28,27,27,27,31,26,28,30,27,28
1791409667.445683,0.022973,0.633087,-1.578884,0.018386,0.668572,-1.612184,0.019865,0.872304,-1.494118,0.052302,0.688187,-1.572581,27,27,28,27,27,27,31,26,28,30,27,28
1791409667.465497,0.022943,0.633057,-1.578869,0.018446,0.668572,-1.612169,0.019865,0.872274,-1.494118,0.052332,0.688187,-1.572581,27,27,28,27,27,27,31,26,28,30,27,28
1791409667.485744,0.022943,0.633087,-1.578884,0.018446,0.668572,-1.612169,0.019865,0.872304,-1.494118,0.052302,0.688157,-1.572581,27,27,28,27,27,27,31,26,28,30,27,28
1791409667.505624,0.022973,0.633087,-1.578884,0.018477,0.668542,-1.612200,0.019926,0.872304,-1.494102,0.052393,0.688187,-1.572597,27,27,28,27,27,27,31,26,28,30,27,28
1791409667.525554,0.023004,0.633087,-1.578869,0.018507,0.668512,-1.612184,0.019926,0.872274,-1.494118,0.052393,0.688157,-1.572581,27,27,28,27,27,27,31,26,28,30,27,28
1791409667.545534,0.022973,0.633087,-1.578884,0.018477,0.668512,-1.612184,0.019896,0.872274,-1.494118,0.052423,0.688157,-1.572581,27,27,28,27,27,27,31,26,28,30,27,28
1791409667.565638,0.023004,0.633087,-1.578884,0.018507,0.668512,-1.612200,0.019926,0.872304,-1.494118,0.052453,0.688126,-1.572581,27,27,28,27,27,27,31,26,28,30,27,28
1791409667.585483,0.023246,0.632451,-1.582549,0.018023,0.667785,-1.615628,0.018230,0.873213,-1.496535,0.053997,0.686945,-1.577241,27,27,28,27,27,27,31,26,28,30,27,28
1791409667.605596,0.024094,0.633481,-1.593496,0.016993,0.668694,-1.625707,0.015778,0.876664,-1.503801,0.055875,0.687793,-1.588979,27,27,28,27,27,27,31,26,28,30,27,28
1791409667.625772,0.024033,0.636539,-1.604981,0.016993,0.671540,-1.638107,0.014173,0.880722,-1.512932,0.057328,0.689973,-1.600100,27,27,28,27,27,27,31,26,28,30,27,28
1791409667.645576,0.023760,0.640112,-1.620336,0.017084,0.675748,-1.655689,0.012508,0.885021,-1.527228,0.058630,0.692728,-1.615675,27,27,28,27,27,27,31,26,28,30,27,28
1791409667.665648,0.023518,0.642715,-1.637870,0.017084,0.679624,-1.672734,0.010812,0.888412,-1.542251,0.059568,0.695241,-1.631678,27,27,28,27,27,27,31,26,28,30,27,28
1791409667.685742,0.023549,0.644593,-1.652830,0.016993,0.682742,-1.690063,0.008390,0.892378,-1.557148,0.060477,0.697876,-1.647364,27,27,28,27,27,27,31,26,28,30,27,28
1791409667.705532,0.023549,0.645319,-1.666352,0.016781,0.684953,-1.703301,0.006089,0.895800,-1.572850,0.062051,0.701327,-1.663698,27,27,28,27,27,27,31,26,28,30,27,28
1791409667.725601,0.023549,0.645773,-1.677821,0.016448,0.686981,-1.716523,0.003243,0.899615,-1.588015,0.063626,0.705173,-1.679843,27,27,28,27,27,27,31,26,28,30,27,28
1791409667.745573,0.023670,0.646318,-1.689953,0.016478,0.688919,-1.729177,0.000397,0.903763,-1.603654,0.064534,0.709744,-1.696967,27,27,28,27,27,27,31,26,28,30,27,28
1791409667.765493,0.023670,0.647197,-1.701643,0.016539,0.691281,-1.742304,-0.002540,0.908032,-1.618029,0.064928,0.713862,-1.711753,27,27,28,27,27,27,31,26,28,30,27,28
1791409667.785651,0.023851,0.648529,-1.713854,0.016599,0.693824,-1.754831,-0.005265,0.912331,-1.634395,0.064958,0.717889,-1.729287,27,27,28,27,27,27,31,26,28,30,27,28
1791409667.805731,0.023851,0.650527,-1.725038,0.016630,0.697185,-1.768148,-0.007930,0.916934,-1.648312,0.064958,0.722037,-1.744326,27,27,28,27,27,27,31,26,28,30,27,28
1791409667.825614,0.023791,0.653403,-1.737612,0.016599,0.700485,-1.780138,-0.010170,0.922323,-1.661803,0.065049,0.726912,-1.758401,27,27,28,27,27,27,31,26,28,30,27,28
1791409667.845714,0.023791,0.657279,-1.748844,0.016630,0.704512,-1.791938,-0.012078,0.927379,-1.676020,0.065230,0.731696,-1.773108,27,27,28,27,27,27,31,26,28,30,27,28
1791409667.865635,0.023760,0.661397,-1.761323,0.016569,0.708872,-1.803849,-0.013894,0.933102,-1.689242,0.065473,0.736964,-1.786899,27,27,28,27,27,27,31,26,28,30,27,28
1791409667.886341,0.023760,0.666514,-1.772634,0.016630,0.713807,-1.816439,-0.015347,0.939702,-1.700979,0.065775,0.742474,-1.798352,27,27,28,27,27,27,31,26,28,30,27,28
1791409667.905776,0.023791,0.671752,-1.785209,0.016660,0.719136,-1.828176,-0.016831,0.945849,-1.713017,0.065957,0.747198,-1.810263,27,27,28,27,27,27,31,26,28,30,27,28
1791409667.925650,0.023821,0.676959,-1.797878,0.016751,0.725040,-1.839597,-0.018557,0.951934,-1.724912,0.066078,0.753132,-1.821984,27,27,28,27,27,27,31,26,28,30,27,28
1791409667.945652,0.023851,0.683136,-1.810705,0.016902,0.730732,-1.851177,-0.019889,0.958928,-1.736238,0.066230,0.760005,-1.832173,27,27,28,27,27,27,31,26,28,30,27,28
1791409667.966335,0.023972,0.690039,-1.823564,0.017084,0.737635,-1.862598,-0.021494,0.965923,-1.746648,0.066411,0.767181,-1.843847,27,27,28,27,27,27,31,26,28,30,27,28
1791409667.985636,0.024033,0.696458,-1.836470,0.017326,0.744327,-1.873861,-0.023038,0.972886,-1.757627,0.066563,0.773358,-1.854289,27,27,28,27,27,27,31,26,28,30,27,28
1791409668.005462,0.024215,0.702847,-1.849913,0.017629,0.751048,-1.885962,-0.024098,0.980002,-1.769269,0.066805,0.779716,-1.865157,27,27,28,27,27,27,31,26,28,30,27,28
1791409668.025626,0.024275,0.709477,-1.863325,0.017962,0.757286,-1.897430,-0.025763,0.986784,-1.780501,0.067017,0.785771,-1.876389,27,27,28,27,27,27,31,26,28,30,27,28
1791409668.045714,0.024487,0.716199,-1.876799,0.018234,0.764037,-1.909341,-0.027398,0.993324,-1.791180,0.067229,0.792008,-1.887273,27,27,28,27,27,27,31,26,28,30,27,28
1791409668.065659,0.024760,0.722709,-1.890622,0.018598,0.770668,-1.921189,-0.028882,1.000409,-1.802712,0.067471,0.798458,-1.898125,27,27,28,27,27,27,31,26,28,30,27,28
1791409668.085700,0.024941,0.728704,-1.904081,0.018901,0.776754,-1.933226,-0.030850,1.007554,-1.814449,0.067653,0.804846,-1.909752,27,27,28,27,27,27,31,26,28,30,27,28
1791409668.105628,0.025244,0.734275,-1.917303,0.019112,0.782779,-1.944963,-0.032636,1.014064,-1.825838,0.067834,0.810992,-1.920968,27,27,28,27,27,27,31,26,28,30,27,28
1791409668.128775,0.025607,0.740209,-1.930114,0.019324,0.788835,-1.958154,-0.034695,1.020695,-1.837386,0.068046,0.817835,-1.932579,27,27,28,27,27,27,31,26,28,30,27,28
1791409668.147924,0.025971,0.746053,-1.945564,0.019657,0.795708,-1.971518,-0.037299,1.027689,-1.851461,0.068137,0.824587,-1.945611,27,27,28,27,27,27,31,26,28,30,27,28
1791409668.167799,0.026213,0.751048,-1.958012,0.019960,0.801582,-1.984377,-0.039872,1.034138,-1.863104,0.068228,0.830431,-1.958833,27,27,28,27,27,27,31,26,28,30,27,28
1791409668.188366,0.026516,0.755560,-1.971234,0.020263,0.806880,-1.996825,-0.042355,1.039860,-1.875378,0.068228,0.835487,-1.971439,27,27,28,27,27,27,31,26,28,30,27,28
1791409668.207624,0.026728,0.760041,-1.984393,0.020475,0.812088,-2.009573,-0.044626,1.045250,-1.887873,0.068410,0.841209,-1.984156,27,27,28,27,27,27,31,26,28,30,27,28
1791409668.227623,0.026970,0.764855,-1.996730,0.020566,0.817296,-2.021547,-0.046988,1.052123,-1.900258,0.068712,0.847598,-1.996920,27,27,28,27,27,27,31,26,28,30,27,28
1791409668.247684,0.027061,0.769457,-2.009889,0.020747,0.822988,-2.033205,-0.049349,1.058420,-1.913117,0.069166,0.853109,-2.010742,27,27,28,27,27,27,31,26,28,30,27,28
1791409668.267591,0.027091,0.774574,-2.022495,0.021020,0.827953,-2.045717,-0.051529,1.064991,-1.925201,0.069802,0.858952,-2.023174,27,27,28,27,27,27,31,26,28,30,27,28
1791409668.287610,0.027121,0.778631,-2.034580,0.021293,0.833161,-2.058386,-0.053800,1.070410,-1.938139,0.070317,0.864341,-2.036949,27,27,28,27,27,27,31,26,28,30,27,28
1791409668.307595,0.027152,0.782961,-2.046380,0.021716,0.837733,-2.070597,-0.056192,1.075527,-1.950097,0.070983,0.870034,-2.049429,27,27,28,27,27,27,31,26,28,30,27,28
1791409668.327519,0.027182,0.787896,-2.058164,0.022261,0.842820,-2.082255,-0.059280,1.081007,-1.961519,0.071528,0.875423,-2.061908,27,27,28,27,27,27,31,26,28,30,27,28
1791409668.347898,0.027061,0.793921,-2.070075,0.022837,0.847876,-2.094608,-0.062005,1.087335,-1.973635,0.072224,0.881115,-2.073772,27,27,28,27,27,27,31,26,28,30,27,28
1791409668.368847,0.026879,0.799523,-2.081133,0.023594,0.853205,-2.106329,-0.064791,1.092997,-1.985988,0.073224,0.886595,-2.086773,27,27,28,27,27,27,31,26,28,30,27,28
1791409668.387555,0.026516,0.806335,-2.093076,0.024502,0.857928,-2.118304,-0.067001,1.098932,-1.998799,0.074404,0.892530,-2.098289,27,27,28,27,27,27,31,26,28,30,27,28
1791409668.407745,0.026122,0.813057,-2.104497,0.025350,0.863439,-2.131383,-0.069544,1.104412,-2.010237,0.075858,0.898404,-2.111890,27,27,28,27,27,27,31,26,28,30,27,28
1791409668.427648,0.025607,0.820414,-2.117182,0.026197,0.868404,-2.142978,-0.071270,1.109256,-2.022353,0.077584,0.904580,-2.124164,27,27,28,27,27,27,31,26,28,30,27,28
1791409668.447589,0.024305,0.829800,-2.128872,0.027651,0.873460,-2.155474,-0.073268,1.113344,-2.034248,0.079400,0.909818,-2.137007,27,27,28,27,27,27,31,26,28,30,27,28
1791409668.467727,0.022065,0.839671,-2.140245,0.030285,0.878789,-2.167969,-0.076236,1.115705,-2.046949,0.081187,0.915177,-2.149455,27,27,28,27,27,27,31,26,28,30,27,28
1791409668.487876,0.019370,0.849450,-2.150829,0.034009,0.884300,-2.180623,-0.080474,1.117795,-2.058749,0.083185,0.920718,-2.163973,27,27,28,27,27,27,31,26,28,30,27,28
1791409668.507548,0.016464,0.861289,-2.162361,0.038369,0.888781,-2.193845,-0.084623,1.120459,-2.072350,0.084759,0.926532,-2.177605,27,27,28,27,27,27,31,26,28,30,27,28
1791409668.527661,0.013254,0.872249,-2.172598,0.042759,0.893353,-2.206735,-0.089467,1.122851,-2.085793,0.086485,0.931558,-2.190022,27,27,28,27,27,27,31,26,28,30,27,28
1791409668.547801,0.010893,0.881938,-2.184256,0.047180,0.897107,-2.220415,-0.094221,1.125425,-2.100864,0.087303,0.935918,-2.202896,27,27,28,27,27,27,31,26,28,30,27,28
1791409668.567585,0.007441,0.893595,-2.193797,0.051782,0.900892,-2.233606,-0.098944,1.128392,-2.116819,0.088574,0.940278,-2.214839,27,27,28,27,27,27,31,26,28,30,27,28
1791409668.587654,0.005200,0.901316,-2.205945,0.056959,0.904889,-2.247112,-0.104454,1.130299,-2.132458,0.090906,0.944728,-2.226845,27,27,28,27,27,27,31,26,28,30,27,28
1791409668.607705,0.005564,0.905161,-2.225075,0.060805,0.909703,-2.258107,-0.111327,1.135204,-2.150514,0.095508,0.951420,-2.238929,27,27,28,27,27,27,31,26,28,30,27,28
1791409668.627625,0.005988,0.909218,-2.242926,0.062682,0.915395,-2.267948,-0.119321,1.142410,-2.167290,0.104167,0.958868,-2.247981,27,27,28,27,27,27,31,26,28,30,27,28
1791409668.647643,0.006048,0.912730,-2.258865,0.063348,0.921269,-2.277079,-0.127011,1.149283,-2.185741,0.112494,0.965983,-2.257064,27,27,28,27,27,27,31,26,28,30,27,28
1791409668.667778,0.006351,0.916364,-2.272434,0.064105,0.928021,-2.287142,-0.135095,1.155006,-2.199847,0.118761,0.972735,-2.267695,27,27,28,27,27,27,31,26,28,30,27,28
1791409668.687836,0.006230,0.920058,-2.284488,0.064529,0.934258,-2.298515,-0.142089,1.160970,-2.212596,0.125785,0.980335,-2.278279,27,27,28,27,27,27,31,26,28,30,27,28
1791409668.707545,0.006078,0.923721,-2.295988,0.064862,0.940344,-2.310948,-0.148750,1.166178,-2.225044,0.131296,0.987541,-2.291280,27,27,28,27,27,27,31,26,28,30,27,28
1791409668.727871,0.005412,0.927597,-2.306793,0.064832,0.945794,-2.322574,-0.153958,1.171568,-2.237002,0.135838,0.994020,-2.304818,27,27,28,27,27,27,31,26,28,30,27,28
1791409668.747709,0.004201,0.931563,-2.315876,0.064559,0.951698,-2.335970,-0.159014,1.176927,-2.248107,0.139531,1.000469,-2.318404,27,27,28,27,27,27,31,26,28,30,27,28
1791409668.767635,0.003263,0.935984,-2.325307,0.064529,0.956996,-2.349066,-0.163041,1.181922,-2.258186,0.142529,1.007070,-2.333095,27,27,28,27,27,27,31,26,28,30,27,28
1791409668.787706,0.002445,0.940858,-2.334927,0.064438,0.962355,-2.362193,-0.166735,1.187191,-2.268249,0.145708,1.013428,-2.346222,27,27,28,27,27,27,31,26,28,30,27,28
1791409668.807988,0.001355,0.945915,-2.344390,0.064408,0.967805,-2.374941,-0.170490,1.192943,-2.278422,0.149341,1.018878,-2.360629,27,27,28,27,27,27,31,26,28,30,27,28
1791409668.827634,0.000386,0.951001,-2.355400,0.064347,0.972831,-2.388037,-0.174123,1.198303,-2.289653,0.152369,1.024510,-2.373551,27,27,28,27,27,27,31,26,28,30,27,28
1791409668.847705,-0.000280,0.955997,-2.366537,0.064347,0.977676,-2.402286,-0.178089,1.202511,-2.300885,0.155488,1.029990,-2.386189,27,27,28,27,27,27,31,26,28,30,27,28
1791409668.867802,-0.000673,0.961992,-2.379506,0.064408,0.983005,-2.413960,-0.182328,1.204752,-2.313286,0.159212,1.036863,-2.399142,27,27,28,27,27,27,31,26,28,30,27,28
1791409668.887681,-0.001128,0.968653,-2.392413,0.064408,0.989181,-2.425981,-0.187475,1.209384,-2.325118,0.163935,1.043766,-2.410611,27,27,28,27,27,27,31,26,28,30,27,28
1791409668.907484,-0.001461,0.974981,-2.405714,0.064559,0.994994,-2.437608,-0.192713,1.214077,-2.338340,0.168779,1.050336,-2.422885,27,27,28,27,27,27,31,26,28,30,27,28
1791409668.927689,-0.001885,0.981097,-2.418667,0.064710,1.000929,-2.449361,-0.197588,1.220254,-2.352288,0.173563,1.056604,-2.435191,27,27,28,27,27,27,31,26,28,30,27,28
1791409668.947589,-0.002278,0.987425,-2.431937,0.064983,1.006227,-2.461098,-0.202856,1.227097,-2.366442,0.178711,1.062992,-2.446391,27,27,28,27,27,27,31,26,28,30,27,28
1791409668.967587,-0.002702,0.993117,-2.445032,0.065255,1.011920,-2.473751,-0.207670,1.233606,-2.379854,0.182737,1.070017,-2.458065,27,27,28,27,27,27,31,26,28,30,27,28
1791409668.987736,-0.002853,0.998507,-2.458902,0.065800,1.017400,-2.485457,-0.212303,1.239026,-2.392839,0.186128,1.075891,-2.470339,27,27,28,27,27,27,31,26,28,30,27,28
1791409669.007674,-0.003096,1.003714,-2.471050,0.066255,1.022789,-2.497067,-0.217026,1.244658,-2.406140,0.189520,1.081976,-2.483814,27,27,28,27,27,27,31,26,28,30,27,28
1791409669.027438,-0.003429,1.009164,-2.483324,0.066618,1.028451,-2.509073,-0.221719,1.250471,-2.418257,0.193092,1.088426,-2.496356,27,27,28,27,27,27,31,26,28,30,27,28
1791409669.047807,-0.003974,1.015038,-2.495535,0.066921,1.033174,-2.521632,-0.226594,1.255134,-2.430736,0.197664,1.095389,-2.508599,27,27,28,27,27,27,31,26,28,30,27,28
1791409669.067633,-0.004761,1.021578,-2.507509,0.066860,1.039775,-2.533369,-0.233134,1.257041,-2.443469,0.202963,1.102171,-2.520668,27,27,28,27,27,27,31,26,28,30,27,28
1791409669.087531,-0.005548,1.028330,-2.518109,0.066921,1.046133,-2.545722,-0.238523,1.260856,-2.456438,0.208443,1.109196,-2.533164,27,27,28,27,27,27,31,26,28,30,27,28
1791409669.107648,-0.006366,1.034628,-2.530004,0.066830,1.052401,-2.557159,-0.243398,1.263944,-2.469913,0.213499,1.115100,-2.546844,27,27,28,27,27,27,31,26,28,30,27,28
1791409669.127924,-0.007456,1.041925,-2.541062,0.066769,1.058093,-2.568596,-0.248212,1.267668,-2.483466,0.218253,1.121277,-2.559750,27,27,28,27,27,27,31,26,28,30,27,28
1791409669.147548,-0.008303,1.049645,-2.552910,0.066679,1.063422,-2.580981,-0.252663,1.269848,-2.497241,0.223067,1.127211,-2.572451,27,27,28,27,27,27,31,26,28,30,27,28
1791409669.167571,-0.009212,1.057699,-2.564047,0.066618,1.069205,-2.591281,-0.257780,1.271635,-2.511380,0.228033,1.133660,-2.584804,27,27,28,27,27,27,31,26,28,30,27,28
1791409669.187686,-0.010241,1.065208,-2.575736,0.066739,1.075018,-2.602860,-0.262715,1.276055,-2.525928,0.233634,1.139231,-2.597094,27,27,28,27,27,27,31,26,28,30,27,28
1791409669.207447,-0.010756,1.071597,-2.587790,0.066709,1.080528,-2.612812,-0.267257,1.277993,-2.539988,0.238357,1.145589,-2.609115,27,27,28,27,27,27,31,26,28,30,27,28
1791409669.227808,-0.011361,1.078500,-2.600016,0.066679,1.086493,-2.623238,-0.272373,1.280536,-2.553573,0.242475,1.152311,-2.620742,27,27,28,27,27,27,31,26,28,30,27,28
1791409669.248263,-0.011937,1.085736,-2.611279,0.066648,1.092549,-2.633680,-0.276643,1.282262,-2.567364,0.246956,1.158427,-2.632969,27,27,28,27,27,27,31,26,28,30,27,28
1791409669.267605,-0.012663,1.093820,-2.623143,0.066739,1.098604,-2.644722,-0.280518,1.284351,-2.581329,0.252134,1.164240,-2.644864,27,27,28,27,27,27,31,26,28,30,27,28
1791409669.287647,-0.013511,1.101359,-2.634548,0.066800,1.104327,-2.656854,-0.285241,1.288257,-2.595325,0.257099,1.170326,-2.656743,27,27,28,27,27,27,31,26,28,30,27,28
1791409669.307621,-0.015570,1.110352,-2.646507,0.067193,1.111200,-2.668022,-0.289783,1.289287,-2.609131,0.261762,1.176473,-2.668591,27,27,28,27,27,27,31,26,28,30,27,28
1791409669.327728,-0.017841,1.122281,-2.657201,0.067678,1.121433,-2.678417,-0.294325,1.291255,-2.622575,0.266334,1.184254,-2.680139,27,27,28,27,27,27,31,26,28,30,27,28
1791409669.347613,-0.019900,1.133514,-2.666632,0.067375,1.131395,-2.686773,-0.298382,1.292223,-2.635291,0.270633,1.192550,-2.690186,27,27,28,27,27,27,31,26,28,30,27,28
1791409669.367533,-0.021595,1.144111,-2.676647,0.067314,1.140508,-2.695604,-0.301712,1.293102,-2.647123,0.274297,1.201149,-2.699948,27,27,28,27,27,27,31,26,28,30,27,28
1791409669.387838,-0.023563,1.155132,-2.685999,0.067345,1.149773,-2.704008,-0.304528,1.293102,-2.657691,0.277597,1.208839,-2.708684,27,27,28,27,27,27,31,26,28,30,27,28
1791409669.408073,-0.025713,1.166608,-2.698226,0.067345,1.159189,-2.714102,-0.307919,1.295009,-2.669713,0.281260,1.217438,-2.717404,27,27,28,27,27,27,31,26,28,30,27,28
1791409669.428119,-0.027954,1.176690,-2.709126,0.067587,1.168485,-2.724307,-0.311250,1.296735,-2.681766,0.285015,1.225431,-2.726850,27,27,28,27,27,27,31,26,28,30,27,28
1791409669.447607,-0.030285,1.187499,-2.720200,0.067557,1.178507,-2.734117,-0.314005,1.297280,-2.692492,0.288981,1.234151,-2.734765,27,27,28,27,27,27,31,26,28,30,27,28
1791409669.467628,-0.032283,1.197582,-2.731510,0.067405,1.187923,-2.743832,-0.317063,1.298067,-2.703803,0.292675,1.241781,-2.743516,27,27,28,27,27,27,31,26,28,30,27,28
1791409669.487354,-0.032889,1.207391,-2.742047,0.067769,1.197642,-2.753926,-0.319728,1.299975,-2.715271,0.297429,1.249048,-2.752805,27,27,28,27,27,27,31,26,28,30,27,28
1791409669.507599,-0.033101,1.215960,-2.750925,0.067647,1.207149,-2.760988,-0.322998,1.301246,-2.727435,0.302424,1.258646,-2.763484,27,27,28,27,27,27,31,26,28,30,27,28
1791409669.527593,-0.033010,1.223560,-2.757401,0.072734,1.208451,-2.765442,-0.349339,1.320594,-2.738366,0.311811,1.266185,-2.781776,27,27,28,27,27,27,31,26,28,30,27,28
1791409669.547816,-0.034342,1.233369,-2.760213,0.078517,1.216263,-2.766501,-0.370957,1.335460,-2.746154,0.326980,1.280143,-2.792376,27,27,28,27,27,27,31,26,28,30,27,28
1791409669.567624,-0.037582,1.246964,-2.763752,0.080697,1.226345,-2.768996,-0.388851,1.346723,-2.760988,0.344389,1.298885,-2.803513,27,27,28,27,27,27,31,26,28,30,27,28
1791409669.587563,-0.038278,1.251718,-2.767685,0.081666,1.230311,-2.771919,-0.394755,1.353263,-2.768049,0.350717,1.311601,-2.812565,27,27,28,27,27,27,31,26,28,30,27,28
1791409669.607537,-0.038369,1.251748,-2.768728,0.082241,1.230402,-2.771935,-0.399055,1.355867,-2.767922,0.350626,1.311117,-2.812107,27,27,28,27,27,27,31,26,28,30,27,28
1791409669.627608,-0.038339,1.252111,-2.769344,0.082362,1.230675,-2.772030,-0.399539,1.355655,-2.767922,0.350808,1.311086,-2.812217,27,27,28,27,27,27,31,26,28,30,27,28
1791409669.647504,-0.038369,1.252293,-2.769439,0.082393,1.230644,-2.772045,-0.399630,1.355655,-2.767922,0.350929,1.311056,-2.812217,27,27,28,27,27,27,31,26,28,30,27,28
1791409669.667622,-0.038369,1.252293,-2.769486,0.082453,1.230705,-2.772077,-0.399569,1.355534,-2.767922,0.350869,1.311086,-2.812233,27,27,28,27,27,27,31,26,28,30,27,28
1791409669.687535,-0.038399,1.252323,-2.769502,0.082423,1.230675,-2.772093,-0.399600,1.355504,-2.767922,0.350869,1.311086,-2.812217,27,27,28,27,27,27,31,26,28,30,27,28
1791409669.707531,-0.038369,1.252323,-2.769534,0.082483,1.230705,-2.772093,-0.399569,1.355504,-2.767922,0.350869,1.311056,-2.812201,27,27,28,27,27,27,31,26,28,30,27,28
1791409669.727535,-0.038369,1.252293,-2.769549,0.082483,1.230705,-2.772109,-0.399600,1.355534,-2.767922,0.350899,1.311056,-2.812217,27,27,28,27,27,27,31,26,28,30,27,28
1791409669.747422,-0.038308,1.252323,-2.769581,0.082483,1.230675,-2.772124,-0.399569,1.355473,-2.767922,0.350869,1.311086,-2.812217,27,27,28,27,27,27,31,26,28,30,27,28
1791409669.767547,-0.038369,1.252323,-2.769597,0.082483,1.230675,-2.772124,-0.399600,1.355473,-2.767922,0.350869,1.311086,-2.812233,27,27,28,27,27,27,31,26,28,30,27,28
1791409669.787511,-0.038308,1.252323,-2.769613,0.082514,1.230705,-2.772124,-0.399600,1.355473,-2.767938,0.350869,1.311086,-2.812233,27,27,28,27,27,27,31,26,28,30,27,28
1791409669.807928,-0.038369,1.252323,-2.769613,0.082483,1.230675,-2.772124,-0.399569,1.355534,-2.767938,0.350869,1.311026,-2.812233,27,27,28,27,27,27,31,26,28,30,27,28
1791409669.827556,-0.038369,1.252323,-2.769613,0.082514,1.230705,-2.772124,-0.399600,1.355534,-2.767907,0.350899,1.311086,-2.812217,27,27,28,27,27,27,31,26,28,30,27,28
1791409669.847516,-0.038399,1.252323,-2.769660,0.082483,1.230705,-2.772140,-0.399600,1.355534,-2.767922,0.350899,1.311056,-2.812217,27,27,28,27,27,27,31,26,28,30,27,28
1791409669.867600,-0.038369,1.252323,-2.769660,0.082514,1.230705,-2.772140,-0.399600,1.355534,-2.767938,0.350899,1.311056,-2.812201,27,27,28,27,27,27,31,26,28,30,27,28
1791409669.887559,-0.038399,1.252323,-2.769676,0.082514,1.230675,-2.772140,-0.399600,1.355534,-2.767922,0.350838,1.311026,-2.812233,27,27,28,27,27,27,31,26,28,30,27,28
1791409669.907525,-0.038369,1.252323,-2.769692,0.082544,1.230705,-2.772140,-0.399600,1.355504,-2.767938,0.350899,1.311086,-2.812233,27,27,28,27,27,27,31,26,28,30,27,28
1791409669.927577,-0.038399,1.252323,-2.769692,0.082514,1.230675,-2.772140,-0.399600,1.355564,-2.767938,0.350869,1.311026,-2.812217,27,27,28,27,27,27,31,26,28,30,27,28
1791409669.947688,-0.038369,1.252323,-2.769707,0.082483,1.230705,-2.772156,-0.399569,1.355534,-2.767938,0.350869,1.311056,-2.812217,27,27,28,27,27,27,31,26,28,30,27,28
1791409669.967645,-0.038369,1.252323,-2.769707,0.082514,1.230705,-2.772156,-0.399600,1.355504,-2.767938,0.350869,1.311086,-2.812217,27,27,28,27,27,27,31,26,28,30,27,28
1791409669.987573,-0.038369,1.252323,-2.769739,0.082514,1.230705,-2.772172,-0.399630,1.355534,-2.767938,0.350838,1.311056,-2.812217,27,27,28,27,27,27,31,26,28,30,27,28
1791409670.008145,-0.038339,1.252323,-2.769739,0.082514,1.230705,-2.772187,-0.399630,1.355564,-2.767907,0.350869,1.311086,-2.812233,27,27,28,27,27,27,31,26,28,30,27,28
1791409670.027615,-0.038369,1.252263,-2.769755,0.082514,1.230675,-2.772203,-0.399600,1.355534,-2.767938,0.350869,1.311056,-2.812233,27,27,28,27,27,27,31,26,28,30,27,28
1791409670.047634,-0.038369,1.252293,-2.769755,0.082514,1.230705,-2.772172,-0.399600,1.355534,-2.767938,0.350869,1.311056,-2.812233,27,27,28,27,27,27,31,26,28,30,27,28
1791409670.068220,-0.038369,1.252323,-2.769786,0.082514,1.230705,-2.772172,-0.399600,1.355534,-2.767938,0.350899,1.311056,-2.812217,27,27,28,27,27,27,31,26,28,30,27,28
1791409670.087916,-0.038369,1.252323,-2.769786,0.082574,1.230675,-2.772187,-0.399569,1.355534,-2.767938,0.350838,1.311026,-2.812217,27,27,28,27,27,27,31,26,28,30,27,28
1791409670.107827,-0.038369,1.252293,-2.769786,0.082544,1.230675,-2.772203,-0.399600,1.355564,-2.767954,0.350869,1.311086,-2.812233,27,27,28,27,27,27,31,26,28,30,27,28
1791409670.128248,-0.038369,1.252293,-2.769818,0.082514,1.230705,-2.772187,-0.399569,1.355504,-2.767954,0.350869,1.311056,-2.812233,27,27,28,27,27,27,31,26,28,30,27,28
1791409670.147463,-0.038308,1.252323,-2.769834,0.082514,1.230705,-2.772187,-0.399600,1.355534,-2.767922,0.350869,1.311056,-2.812217,27,27,28,27,27,27,31,26,28,30,27,28
1791409670.167767,-0.038369,1.252293,-2.769818,0.082514,1.230705,-2.772203,-0.399600,1.355534,-2.767938,0.350869,1.311056,-2.812233,27,27,28,27,27,27,31,26,28,30,27,28
1791409670.188104,-0.038369,1.252293,-2.769865,0.082514,1.230705,-2.772219,-0.399630,1.355534,-2.767938,0.350838,1.311056,-2.812233,27,27,28,27,27,27,31,26,28,30,27,28
1791409670.207473,-0.038369,1.252293,-2.769834,0.082544,1.230675,-2.772203,-0.399630,1.355534,-2.767938,0.350899,1.311056,-2.812233,27,27,28,27,27,27,31,26,28,30,27,28
1791409670.227524,-0.038369,1.252263,-2.769865,0.082514,1.230705,-2.772219,-0.399630,1.355534,-2.767954,0.350869,1.311026,-2.812249,27,27,28,27,27,27,31,26,28,30,27,28
1791409670.247414,-0.038369,1.252323,-2.769881,0.082514,1.230705,-2.772203,-0.399630,1.355534,-2.767954,0.350838,1.311056,-2.812233,27,27,28,27,27,27,31,26,28,30,27,28
1791409670.267693,-0.038369,1.252293,-2.769881,0.082544,1.230675,-2.772203,-0.399600,1.355534,-2.767938,0.350869,1.311056,-2.812233,27,27,28,27,27,27,31,26,28,30,27,28
1791409670.287678,-0.038369,1.252323,-2.769865,0.082514,1.230705,-2.772203,-0.399600,1.355534,-2.767907,0.350869,1.311056,-2.812233,27,27,28,27,27,27,31,26,28,30,27,28
1791409670.307861,-0.038369,1.252323,-2.769881,0.082514,1.230705,-2.772235,-0.399600,1.355534,-2.767938,0.350869,1.311056,-2.812233,27,27,28,27,27,27,31,26,28,30,27,28
1791409670.327943,-0.038339,1.252263,-2.769897,0.082544,1.230705,-2.772203,-0.399600,1.355564,-2.767922,0.350899,1.311056,-2.812233,27,27,28,27,27,27,31,26,28,30,27,28
1791409670.347703,-0.038369,1.252323,-2.769913,0.082544,1.230705,-2.772235,-0.399630,1.355564,-2.767922,0.350869,1.311056,-2.812217,27,27,28,27,27,27,31,26,28,30,27,28
1791409670.367871,-0.038339,1.252323,-2.769913,0.082544,1.230705,-2.772219,-0.399600,1.355534,-2.767938,0.350869,1.311086,-2.812233,27,27,28,27,27,27,31,26,28,30,27,28
1791409670.387764,-0.038339,1.252323,-2.769913,0.082544,1.230705,-2.772235,-0.399630,1.355534,-2.767954,0.350869,1.311056,-2.812233,27,27,28,27,27,27,31,26,28,30,27,28
1791409670.408502,-0.038339,1.252323,-2.769913,0.082514,1.230705,-2.772235,-0.399600,1.355564,-2.767922,0.350869,1.311056,-2.812217,27,27,28,27,27,27,31,26,28,30,27,28
1791409670.427514,-0.038369,1.252323,-2.769928,0.082544,1.230675,-2.772219,-0.399600,1.355534,-2.767922,0.350869,1.311056,-2.812233,27,27,28,27,27,27,31,26,28,30,27,28
1791409670.448202,-0.038369,1.252323,-2.769944,0.082514,1.230705,-2.772235,-0.399600,1.355564,-2.767938,0.350869,1.311056,-2.812249,27,27,28,27,27,27,31,26,28,30,27,28
1791409670.467782,-0.038369,1.252323,-2.769944,0.082544,1.230705,-2.772251,-0.399630,1.355564,-2.767922,0.350838,1.311056,-2.812217,27,27,28,27,27,27,31,26,28,30,27,28
1791409670.487440,-0.038369,1.252293,-2.769944,0.082544,1.230675,-2.772235,-0.399600,1.355534,-2.767938,0.350838,1.311056,-2.812233,27,27,28,27,27,27,31,26,28,30,27,28
1791409670.507595,-0.038369,1.252293,-2.769944,0.082514,1.230675,-2.772251,-0.399569,1.355564,-2.767938,0.350869,1.311056,-2.812249,27,27,28,27,27,27,31,26,28,30,27,28
1791409670.527425,-0.038339,1.252293,-2.769976,0.082544,1.230735,-2.772251,-0.399600,1.355534,-2.767938,0.350838,1.311056,-2.812233,27,27,28,27,27,27,31,26,28,30,27,28
1791409670.547793,-0.038339,1.252323,-2.769960,0.082544,1.230705,-2.772251,-0.399630,1.355564,-2.767922,0.350869,1.311086,-2.812233,27,27,28,27,27,27,31,26,28,30,27,28
1791409670.567722,-0.038399,1.252323,-2.769960,0.082514,1.230705,-2.772267,-0.399600,1.355564,-2.767922,0.350869,1.311026,-2.812233,27,27,28,27,27,27,31,26,28,30,27,28
1791409670.587466,-0.038369,1.252323,-2.769960,0.082514,1.230705,-2.772251,-0.399630,1.355534,-2.767938,0.350838,1.311056,-2.812233,27,27,28,27,27,27,31,26,28,30,27,28
1791409670.607432,-0.038369,1.252293,-2.769992,0.082544,1.230705,-2.772251,-0.399630,1.355564,-2.767954,0.350869,1.311056,-2.812233,27,27,28,27,27,27,31,26,28,30,27,28
1791409670.627755,-0.038369,1.252323,-2.769992,0.082514,1.230675,-2.772267,-0.399569,1.355564,-2.767938,0.350869,1.311056,-2.812233,27,27,28,27,27,27,31,26,28,30,27,28
1791409670.647338,-0.038308,1.252323,-2.770023,0.082514,1.230675,-2.772267,-0.399600,1.355534,-2.767907,0.350838,1.311056,-2.812233,27,27,28,27,27,27,31,26,28,30,27,28
1791409670.667423,-0.038369,1.252323,-2.770008,0.082544,1.230705,-2.772251,-0.399600,1.355534,-2.767922,0.350869,1.311056,-2.812233,27,27,28,27,27,27,31,26,28,30,27,28
1791409670.688192,-0.038339,1.252323,-2.770008,0.082514,1.230675,-2.772251,-0.399630,1.355564,-2.767938,0.350869,1.311086,-2.812249,27,27,28,27,27,27,31,26,28,30,27,28
1791409670.707750,-0.038339,1.252323,-2.770039,0.082483,1.230705,-2.772267,-0.399600,1.355534,-2.767938,0.350899,1.311056,-2.812233,27,27,28,27,27,27,31,26,28,30,27,28
1791409670.727685,-0.038339,1.252293,-2.770039,0.082544,1.230705,-2.772251,-0.399630,1.355564,-2.767938,0.350869,1.311056,-2.812233,27,27,28,27,27,27,31,26,28,30,27,28
1791409670.747494,-0.038369,1.252323,-2.770039,0.082544,1.230705,-2.772267,-0.399600,1.355534,-2.767938,0.350899,1.311056,-2.812233,27,27,28,27,27,27,31,26,28,30,27,28
1791409670.767603,-0.038339,1.252353,-2.770039,0.082544,1.230705,-2.772267,-0.399600,1.355564,-2.767938,0.350869,1.311056,-2.812233,27,27,28,27,27,27,31,26,28,30,27,28
1791409670.787629,-0.038339,1.252323,-2.770039,0.082544,1.230705,-2.772267,-0.399600,1.355534,-2.767922,0.350869,1.311056,-2.812217,27,27,28,27,27,27,31,26,28,30,27,28
1791409670.807556,-0.038369,1.252323,-2.770071,0.082544,1.230735,-2.772267,-0.399600,1.355534,-2.767938,0.350869,1.311056,-2.812249,27,27,28,27,27,27,31,26,28,30,27,28
1791409670.827357,-0.038399,1.252323,-2.770055,0.082544,1.230705,-2.772282,-0.399600,1.355534,-2.767922,0.350899,1.311086,-2.812233,27,27,28,27,27,27,31,26,28,30,27,28
1791409670.847600,-0.038369,1.252323,-2.770055,0.082544,1.230705,-2.772267,-0.399600,1.355564,-2.767954,0.350899,1.311056,-2.812249,27,27,28,27,27,27,31,26,28,30,27,28
1791409670.867623,-0.038369,1.252323,-2.770087,0.082514,1.230705,-2.772298,-0.399630,1.355564,-2.767954,0.350869,1.311056,-2.812249,27,27,28,27,27,27,31,26,28,30,27,28
1791409670.887342,-0.038369,1.252323,-2.770071,0.082544,1.230705,-2.772282,-0.399600,1.355564,-2.767938,0.350869,1.311056,-2.812233,27,27,28,27,27,27,31,26,28,30,27,28
1791409670.907428,-0.038369,1.252323,-2.770102,0.082544,1.230705,-2.772298,-0.399600,1.355534,-2.767938,0.350838,1.311086,-2.812217,27,27,28,27,27,27,31,26,28,30,27,28
1791409670.927539,-0.038399,1.252293,-2.770071,0.082544,1.230705,-2.772282,-0.399600,1.355564,-2.767938,0.350899,1.311056,-2.812233,27,27,28,27,27,27,31,26,28,30,27,28
1791409670.947533,-0.038339,1.252323,-2.770102,0.082544,1.230675,-2.772282,-0.399600,1.355564,-2.767938,0.350869,1.311056,-2.812233,27,27,28,27,27,27,31,26,28,30,27,28
1791409670.967750,-0.038339,1.252293,-2.770102,0.082544,1.230705,-2.772298,-0.399630,1.355564,-2.767938,0.350869,1.311026,-2.812233,27,27,28,27,27,27,31,26,28,30,27,28
1791409670.987390,-0.038369,1.252323,-2.770118,0.082544,1.230705,-2.772282,-0.399630,1.355564,-2.767938,0.350869,1.311056,-2.812233,27,27,28,27,27,27,31,26,28,30,27,28
1791409671.007282,-0.038369,1.252323,-2.770118,0.082544,1.230705,-2.772298,-0.399600,1.355564,-2.767938,0.350899,1.311056,-2.812233,27,27,28,27,27,27,31,26,28,30,27,28
1791409671.027451,-0.038339,1.252323,-2.770118,0.082514,1.230705,-2.772330,-0.399600,1.355564,-2.767938,0.350838,1.311056,-2.812233,27,27,28,27,27,27,31,26,28,30,27,28
1791409671.048405,-0.038399,1.252323,-2.770134,0.082544,1.230675,-2.772298,-0.399630,1.355564,-2.767922,0.350899,1.311056,-2.812233,27,27,28,27,27,27,31,26,28,30,27,28
1791409671.067349,-0.038369,1.252323,-2.770134,0.082514,1.230675,-2.772298,-0.399600,1.355534,-2.767922,0.350838,1.311056,-2.812233,27,27,28,27,27,27,31,26,28,30,27,28
1791409671.087786,-0.038369,1.252323,-2.770118,0.082514,1.230675,-2.772298,-0.399600,1.355594,-2.767938,0.350869,1.311056,-2.812233,27,27,28,27,27,27,31,26,28,30,27,28
1791409671.107605,-0.038369,1.252353,-2.770134,0.082544,1.230705,-2.772298,-0.399630,1.355534,-2.767922,0.350869,1.311056,-2.812233,27,27,28,27,27,27,31,26,28,30,27,28
1791409671.127493,-0.038339,1.252323,-2.770165,0.082544,1.230705,-2.772298,-0.399600,1.355564,-2.767938,0.350869,1.311026,-2.812217,27,27,28,27,27,27,31,26,28,30,27,28
1791409671.147599,-0.038369,1.252323,-2.770165,0.082544,1.230705,-2.772314,-0.399600,1.355564,-2.767938,0.350838,1.311086,-2.812249,27,27,28,27,27,27,31,26,28,30,27,28
1791409671.167351,-0.038399,1.252323,-2.770165,0.082514,1.230705,-2.772282,-0.399600,1.355564,-2.767938,0.350899,1.311026,-2.812233,27,27,28,27,27,27,31,26,28,30,27,28
