t,q_FR_hip,q_FR_thigh,q_FR_calf,q_FL_hip,q_FL_thigh,q_FL_calf,q_RR_hip,q_RR_thigh,q_RR_calf,q_RL_hip,q_RL_thigh,q_RL_calf,temp_FR_hip,temp_FR_thigh,temp_FR_calf,temp_FL_hip,temp_FL_thigh,temp_FL_calf,temp_RR_hip,temp_RR_thigh,temp_RR_calf,temp_RL_hip,temp_RL_thigh,temp_RL_calf
1791409736.119154,-0.038369,1.252384,-2.771066,0.082604,1.230705,-2.772472,-0.399691,1.355534,-2.767922,0.350899,1.311026,-2.812233,27,27,28,27,27,28,31,27,28,30,27,28
1791409736.139209,-0.038369,1.252384,-2.771066,0.082604,1.230735,-2.772456,-0.399691,1.355564,-2.767922,0.350899,1.311056,-2.812233,27,27,28,27,27,28,31,27,28,30,27,28
1791409736.159185,-0.038399,1.252384,-2.771097,0.082635,1.230735,-2.772472,-0.399691,1.355534,-2.767907,0.350899,1.311056,-2.812233,27,27,28,27,27,28,31,27,28,30,27,28
1791409736.179170,-0.038369,1.252384,-2.771066,0.082604,1.230705,-2.772472,-0.399660,1.355564,-2.767954,0.350899,1.311056,-2.812233,27,27,28,27,27,28,31,27,28,30,27,28
1791409736.199247,-0.038369,1.252384,-2.771050,0.082635,1.230735,-2.772456,-0.399751,1.355564,-2.767938,0.350899,1.311026,-2.812233,27,27,28,27,27,28,31,27,28,30,27,28
1791409736.219327,-0.038339,1.252384,-2.771066,0.082604,1.230735,-2.772456,-0.399721,1.355564,-2.767954,0.350899,1.311086,-2.812233,27,27,28,27,27,28,31,27,28,30,27,28
1791409736.239189,-0.038369,1.252384,-2.771066,0.082604,1.230705,-2.772472,-0.399660,1.355534,-2.767954,0.350899,1.311056,-2.812233,27,27,28,27,27,28,31,27,28,30,27,28
1791409736.259120,-0.038369,1.252384,-2.771082,0.082604,1.230735,-2.772472,-0.399691,1.355564,-2.767938,0.350838,1.311056,-2.812249,27,27,28,27,27,28,31,27,28,30,27,28
1791409736.279142,-0.038369,1.252353,-2.771082,0.082635,1.230705,-2.772488,-0.399721,1.355564,-2.767922,0.350929,1.311056,-2.812233,27,27,28,27,27,28,31,27,28,30,27,28
1791409736.299099,-0.038369,1.252384,-2.771066,0.082604,1.230766,-2.772472,-0.399691,1.355534,-2.767954,0.350899,1.311056,-2.812233,27,27,28,27,27,28,31,27,28,30,27,28
1791409736.319131,-0.038369,1.252384,-2.771066,0.082635,1.230705,-2.772456,-0.399721,1.355564,-2.767954,0.350899,1.311056,-2.812233,27,27,28,27,27,28,31,27,28,30,27,28
1791409736.339187,-0.038369,1.252353,-2.771050,0.082665,1.230705,-2.772456,-0.399660,1.355534,-2.767954,0.350899,1.311056,-2.812217,27,27,28,27,27,28,31,27,28,30,27,28
1791409736.359176,-0.038369,1.252414,-2.771066,0.082604,1.230705,-2.772472,-0.399691,1.355534,-2.767922,0.350899,1.311056,-2.812233,27,27,28,27,27,28,31,27,28,30,27,28
1791409736.379192,-0.038369,1.252353,-2.771066,0.082604,1.230735,-2.772456,-0.399721,1.355504,-2.767922,0.350869,1.311086,-2.812233,27,27,28,27,27,28,31,27,28,30,27,28
1791409736.399293,-0.038369,1.252384,-2.771066,0.082604,1.230705,-2.772472,-0.399691,1.355564,-2.767938,0.350899,1.311056,-2.812249,27,27,28,27,27,28,31,27,28,30,27,28
1791409736.419118,-0.038369,1.252414,-2.771066,0.082635,1.230735,-2.772456,-0.399691,1.355564,-2.767938,0.350899,1.311026,-2.812233,27,27,28,27,27,28,31,27,28,30,27,28
1791409736.439159,-0.038369,1.252384,-2.771066,0.082604,1.230735,-2.772456,-0.399721,1.355564,-2.767954,0.350899,1.311026,-2.812233,27,27,28,27,27,28,31,27,28,30,27,28
1791409736.459155,-0.038339,1.252353,-2.771066,0.082574,1.230705,-2.772456,-0.399660,1.355564,-2.767922,0.350899,1.311026,-2.812249,27,27,28,27,27,28,31,27,28,30,27,28
1791409736.479088,-0.038399,1.252353,-2.771082,0.082635,1.230705,-2.772456,-0.399660,1.355564,-2.767938,0.350869,1.311026,-2.812249,27,27,28,27,27,28,31,27,28,30,27,28
1791409736.499123,-0.038369,1.252384,-2.771050,0.082604,1.230705,-2.772472,-0.399691,1.355534,-2.767938,0.350899,1.311086,-2.812233,27,27,28,27,27,28,31,27,28,30,27,28
1791409736.519178,-0.038399,1.252414,-2.771082,0.082635,1.230735,-2.772472,-0.399691,1.355534,-2.767938,0.350899,1.311056,-2.812233,27,27,28,27,27,28,31,27,28,30,27,28
1791409736.539191,-0.038369,1.252414,-2.771066,0.082635,1.230735,-2.772456,-0.399691,1.355534,-2.767922,0.350929,1.311056,-2.812233,27,27,28,27,27,28,31,27,28,30,27,28
1791409736.559147,-0.038369,1.252384,-2.771066,0.082604,1.230735,-2.772456,-0.399660,1.355564,-2.767938,0.350899,1.311056,-2.812233,27,27,28,27,27,28,31,27,28,30,27,28
1791409736.579150,-0.038399,1.252414,-2.771066,0.082604,1.230705,-2.772472,-0.399691,1.355534,-2.767938,0.350869,1.311026,-2.812233,27,27,28,27,27,28,31,27,28,30,27,28
1791409736.599054,-0.038369,1.252414,-2.771066,0.082665,1.230766,-2.772456,-0.399660,1.355534,-2.767938,0.350899,1.311026,-2.812217,27,27,28,27,27,28,31,27,28,30,27,28
1791409736.619138,-0.038399,1.252353,-2.771082,0.082604,1.230735,-2.772472,-0.399721,1.355534,-2.767922,0.350899,1.311056,-2.812217,27,27,28,27,27,28,31,27,28,30,27,28
1791409736.639116,-0.038369,1.252414,-2.771082,0.082574,1.230735,-2.772456,-0.399660,1.355534,-2.767938,0.350869,1.311026,-2.812217,27,27,28,27,27,28,31,27,28,30,27,28
1791409736.659186,-0.038369,1.252414,-2.771082,0.082604,1.230705,-2.772456,-0.399660,1.355564,-2.767938,0.350899,1.311056,-2.812233,27,27,28,27,27,28,31,27,28,30,27,28
1791409736.679139,-0.038369,1.252384,-2.771066,0.082604,1.230705,-2.772456,-0.399660,1.355504,-2.767938,0.350869,1.311026,-2.812249,27,27,28,27,27,28,31,27,28,30,27,28
1791409736.699183,-0.038369,1.252414,-2.771066,0.082635,1.230705,-2.772456,-0.399691,1.355564,-2.767938,0.350838,1.311056,-2.812233,27,27,28,27,27,28,31,27,28,30,27,28
1791409736.719133,-0.038369,1.252384,-2.771082,0.082635,1.230705,-2.772456,-0.399721,1.355534,-2.767954,0.350838,1.311056,-2.812233,27,27,28,27,27,28,31,27,28,30,27,28
1791409736.739190,-0.038369,1.252384,-2.771082,0.082604,1.230675,-2.772472,-0.399660,1.355564,-2.767938,0.350838,1.311056,-2.812249,27,27,28,27,27,28,31,27,28,30,27,28
1791409736.759169,-0.038399,1.252353,-2.771066,0.082604,1.230705,-2.772472,-0.399660,1.355564,-2.767922,0.350838,1.311056,-2.812249,27,27,28,27,27,28,31,27,28,30,27,28
1791409736.779180,-0.038369,1.252384,-2.771082,0.082604,1.230705,-2.772472,-0.399691,1.355504,-2.767938,0.350869,1.311056,-2.812233,27,27,28,27,27,28,31,27,28,30,27,28
1791409736.799153,-0.038369,1.252384,-2.771066,0.082604,1.230705,-2.772472,-0.399721,1.355564,-2.767938,0.350899,1.311026,-2.812233,27,27,28,27,27,28,31,27,28,30,27,28
1791409736.819251,-0.038369,1.252384,-2.771066,0.082604,1.230735,-2.772472,-0.399691,1.355564,-2.767938,0.350929,1.311026,-2.812233,27,27,28,27,27,28,31,27,28,30,27,28
1791409736.839184,-0.038369,1.252353,-2.771082,0.082604,1.230705,-2.772472,-0.399691,1.355564,-2.767922,0.350899,1.311056,-2.812249,27,27,28,27,27,28,31,27,28,30,27,28
1791409736.859078,-0.038369,1.252384,-2.771066,0.082604,1.230735,-2.772456,-0.399660,1.355534,-2.767938,0.350899,1.311056,-2.812233,27,27,28,27,27,28,31,27,28,30,27,28
1791409736.879168,-0.038369,1.252353,-2.771066,0.082604,1.230705,-2.772472,-0.399660,1.355564,-2.767938,0.350869,1.311056,-2.812249,27,27,28,27,27,28,31,27,28,30,27,28
1791409736.899166,-0.038369,1.252353,-2.771082,0.082604,1.230705,-2.772472,-0.399721,1.355564,-2.767922,0.350869,1.311056,-2.812233,27,27,28,27,27,28,31,27,28,30,27,28
1791409736.919064,-0.038339,1.252414,-2.771050,0.082665,1.230735,-2.772472,-0.399721,1.355534,-2.767938,0.350869,1.311056,-2.812233,27,27,28,27,27,28,31,27,28,30,27,28
1791409736.939111,-0.038369,1.252353,-2.771082,0.082604,1.230735,-2.772472,-0.399660,1.355564,-2.767922,0.350899,1.311026,-2.812233,27,27,28,27,27,28,31,27,28,30,27,28
1791409736.959139,-0.038369,1.252384,-2.771066,0.082604,1.230705,-2.772472,-0.399660,1.355564,-2.767938,0.350929,1.311056,-2.812233,27,27,28,27,27,28,31,27,28,30,27,28
1791409736.979044,-0.038369,1.252384,-2.771082,0.082604,1.230735,-2.772456,-0.399721,1.355504,-2.767922,0.350929,1.311056,-2.812233,27,27,28,27,27,28,31,27,28,30,27,28
1791409736.999098,-0.038369,1.252353,-2.771066,0.082604,1.230735,-2.772472,-0.399691,1.355534,-2.767922,0.350899,1.311056,-2.812249,27,27,28,27,27,28,31,27,28,30,27,28
1791409737.019107,-0.038369,1.252414,-2.771082,0.082604,1.230735,-2.772456,-0.399660,1.355564,-2.767922,0.350869,1.311056,-2.812233,27,27,28,27,27,28,31,27,28,30,27,28
1791409737.039323,-0.038369,1.252384,-2.771082,0.082574,1.230735,-2.772456,-0.399691,1.355534,-2.767938,0.350899,1.311056,-2.812233,27,27,28,27,27,28,31,27,28,30,27,28
1791409737.059211,-0.038399,1.252384,-2.771082,0.082604,1.230735,-2.772456,-0.399691,1.355564,-2.767907,0.350869,1.311086,-2.812233,27,27,28,27,27,28,31,27,28,30,27,28
1791409737.079079,-0.038369,1.252414,-2.771066,0.082604,1.230735,-2.772456,-0.399691,1.355564,-2.767922,0.350899,1.311026,-2.812249,27,27,28,27,27,28,31,27,28,30,27,28
1791409737.099114,-0.038369,1.252384,-2.771082,0.082604,1.230735,-2.772456,-0.399691,1.355534,-2.767938,0.350869,1.311026,-2.812233,27,27,28,27,27,28,31,27,28,30,27,28
1791409737.119099,-0.038369,1.252384,-2.771050,0.082604,1.230735,-2.772456,-0.399660,1.355564,-2.767938,0.350899,1.311056,-2.812233,27,27,28,27,27,28,31,27,28,30,27,28
1791409737.139188,-0.038369,1.252353,-2.771050,0.082604,1.230735,-2.772456,-0.399660,1.355534,-2.767922,0.350899,1.311026,-2.812233,27,27,28,27,27,28,31,27,28,30,27,28
1791409737.159231,-0.038369,1.252353,-2.771066,0.082604,1.230735,-2.772456,-0.399630,1.355534,-2.767954,0.350869,1.311086,-2.812249,27,27,28,27,27,28,31,27,28,30,27,28
1791409737.179103,-0.038369,1.252384,-2.771082,0.082604,1.230705,-2.772456,-0.399660,1.355564,-2.767922,0.350899,1.311056,-2.812249,27,27,28,27,27,28,31,27,28,30,27,28
1791409737.199108,-0.038369,1.252384,-2.771066,0.082604,1.230735,-2.772472,-0.399691,1.355564,-2.767922,0.350899,1.311056,-2.812249,27,27,28,27,27,28,31,27,28,30,27,28
1791409737.219143,-0.038399,1.252384,-2.771066,0.082574,1.230735,-2.772456,-0.399721,1.355534,-2.767922,0.350899,1.311086,-2.812217,27,27,28,27,27,28,31,27,28,30,27,28
1791409737.239171,-0.038369,1.252384,-2.771082,0.082635,1.230735,-2.772456,-0.399660,1.355564,-2.767938,0.350899,1.311056,-2.812233,27,27,28,27,27,28,31,27,28,30,27,28
1791409737.259087,-0.038369,1.252384,-2.771082,0.082604,1.230735,-2.772472,-0.399660,1.355564,-2.767922,0.350899,1.311056,-2.812249,27,27,28,27,27,28,31,27,28,30,27,28
1791409737.279215,-0.038369,1.252384,-2.771050,0.082604,1.230705,-2.772472,-0.399691,1.355534,-2.767907,0.350899,1.311056,-2.812233,27,27,28,27,27,28,31,27,28,30,27,28
1791409737.299314,-0.038339,1.252384,-2.771066,0.082635,1.230735,-2.772456,-0.399721,1.355564,-2.767938,0.350899,1.311056,-2.812249,27,27,28,27,27,28,31,27,28,30,27,28
1791409737.319224,-0.038369,1.252414,-2.771066,0.082604,1.230735,-2.772472,-0.399691,1.355564,-2.767938,0.350869,1.311056,-2.812249,27,27,28,27,27,28,31,27,28,30,27,28
1791409737.339033,-0.038339,1.252353,-2.771066,0.082604,1.230735,-2.772456,-0.399691,1.355534,-2.767938,0.350899,1.311056,-2.812217,27,27,28,27,27,28,31,27,28,30,27,28
1791409737.359100,-0.038399,1.252384,-2.771066,0.082604,1.230735,-2.772456,-0.399721,1.355564,-2.767938,0.350899,1.311056,-2.812233,27,27,28,27,27,28,31,27,28,30,27,28
1791409737.379104,-0.038369,1.252353,-2.771066,0.082635,1.230705,-2.772456,-0.399660,1.355534,-2.767922,0.350869,1.311026,-2.812233,27,27,28,27,27,28,31,27,28,30,27,28
1791409737.399099,-0.038369,1.252384,-2.771066,0.082604,1.230705,-2.772456,-0.399721,1.355564,-2.767922,0.350899,1.311026,-2.812249,27,27,28,27,27,28,31,27,28,30,27,28
1791409737.419162,-0.038399,1.252384,-2.771066,0.082604,1.230735,-2.772456,-0.399660,1.355534,-2.767922,0.350838,1.311056,-2.812249,27,27,28,27,27,28,31,27,28,30,27,28
1791409737.439178,-0.038339,1.252384,-2.771066,0.082604,1.230705,-2.772456,-0.399691,1.355564,-2.767954,0.350899,1.311056,-2.812217,27,27,28,27,27,28,31,27,28,30,27,28
1791409737.459112,-0.038369,1.252384,-2.771082,0.082635,1.230766,-2.772456,-0.399660,1.355504,-2.767922,0.350899,1.311086,-2.812233,27,27,28,27,27,28,31,27,28,30,27,28
1791409737.479110,-0.038369,1.252384,-2.771066,0.082604,1.230735,-2.772472,-0.399691,1.355534,-2.767922,0.350899,1.311026,-2.812249,27,27,28,27,27,28,31,27,28,30,27,28
1791409737.499227,-0.038369,1.252384,-2.771066,0.082604,1.230735,-2.772456,-0.399721,1.355504,-2.767938,0.350899,1.311056,-2.812233,27,27,28,27,27,28,31,27,28,30,27,28
1791409737.519190,-0.038369,1.252414,-2.771066,0.082635,1.230766,-2.772472,-0.399660,1.355564,-2.767922,0.350899,1.311056,-2.812233,27,27,28,27,27,28,31,27,28,30,27,28
1791409737.539200,-0.038369,1.252414,-2.771050,0.082604,1.230705,-2.772472,-0.399660,1.355534,-2.767922,0.350869,1.311026,-2.812233,27,27,28,27,27,28,31,27,28,30,27,28
1791409737.559176,-0.038399,1.252353,-2.771066,0.082635,1.230705,-2.772472,-0.399721,1.355534,-2.767922,0.350899,1.311056,-2.812233,27,27,28,27,27,28,31,27,28,30,27,28
1791409737.579147,-0.038369,1.252414,-2.771082,0.082604,1.230675,-2.772472,-0.399691,1.355564,-2.767938,0.350869,1.311026,-2.812233,27,27,28,27,27,28,31,27,28,30,27,28
1791409737.599084,-0.038369,1.252384,-2.771066,0.082574,1.230766,-2.772472,-0.399660,1.355534,-2.767922,0.350899,1.311086,-2.812249,27,27,28,27,27,28,31,27,28,30,27,28
1791409737.619277,-0.038339,1.252353,-2.771066,0.082604,1.230766,-2.772472,-0.399691,1.355564,-2.767938,0.350869,1.311056,-2.812233,27,27,28,27,27,28,31,27,28,30,27,28
1791409737.639170,-0.038339,1.252414,-2.771082,0.082574,1.230705,-2.772472,-0.399691,1.355504,-2.767907,0.350899,1.311056,-2.812233,27,27,28,27,27,28,31,27,28,30,27,28
1791409737.659055,-0.038399,1.252384,-2.771066,0.082604,1.230735,-2.772472,-0.399660,1.355534,-2.767922,0.350929,1.311086,-2.812249,27,27,28,27,27,28,31,27,28,30,27,28
1791409737.679083,-0.038369,1.252414,-2.771066,0.082604,1.230735,-2.772456,-0.399691,1.355534,-2.767922,0.350899,1.311056,-2.812233,27,27,28,27,27,28,31,27,28,30,27,28
1791409737.699127,-0.038369,1.252384,-2.771066,0.082604,1.230705,-2.772472,-0.399721,1.355534,-2.767938,0.350838,1.311056,-2.812233,27,27,28,27,27,28,31,27,28,30,27,28
1791409737.719023,-0.038339,1.252353,-2.771066,0.082604,1.230735,-2.772456,-0.399660,1.355534,-2.767938,0.350899,1.311056,-2.812249,27,27,28,27,27,28,31,27,28,30,27,28
1791409737.739049,-0.038369,1.252414,-2.771082,0.082604,1.230735,-2.772472,-0.399660,1.355534,-2.767922,0.350869,1.311086,-2.812249,27,27,28,27,27,28,31,27,28,30,27,28
1791409737.759239,-0.038369,1.252384,-2.771066,0.082604,1.230675,-2.772472,-0.399660,1.355564,-2.767922,0.350929,1.311056,-2.812233,27,27,28,27,27,28,31,27,28,30,27,28
1791409737.779136,-0.038369,1.252353,-2.771066,0.082604,1.230735,-2.772456,-0.399660,1.355534,-2.767938,0.350899,1.311056,-2.812249,27,27,28,27,27,28,31,27,28,30,27,28
1791409737.799165,-0.038369,1.252353,-2.771066,0.082604,1.230705,-2.772472,-0.399660,1.355564,-2.767922,0.350899,1.311056,-2.812233,27,27,28,27,27,28,31,27,28,30,27,28
1791409737.819050,-0.038369,1.252384,-2.771066,0.082604,1.230735,-2.772456,-0.399660,1.355564,-2.767922,0.350869,1.311026,-2.812233,27,27,28,27,27,28,31,27,28,30,27,28
1791409737.839082,-0.038369,1.252353,-2.771066,0.082604,1.230705,-2.772472,-0.399691,1.355534,-2.767922,0.350929,1.311056,-2.812233,27,27,28,27,27,28,31,27,28,30,27,28
1791409737.859011,-0.038369,1.252384,-2.771082,0.082604,1.230705,-2.772456,-0.399691,1.355534,-2.767922,0.350838,1.311026,-2.812233,27,27,28,27,27,28,31,27,28,30,27,28
1791409737.879181,-0.038399,1.252353,-2.771066,0.082604,1.230705,-2.772456,-0.399691,1.355564,-2.767938,0.350899,1.311026,-2.812217,27,27,28,27,27,28,31,27,28,30,27,28
1791409737.899092,-0.038369,1.252414,-2.771050,0.082635,1.230705,-2.772456,-0.399660,1.355534,-2.767922,0.350899,1.311056,-2.812249,27,27,28,27,27,28,31,27,28,30,27,28
1791409737.919053,-0.038369,1.252384,-2.771066,0.082604,1.230705,-2.772472,-0.399721,1.355564,-2.767938,0.350899,1.311056,-2.812233,27,27,28,27,27,28,31,27,28,30,27,28
1791409737.939094,-0.038399,1.252384,-2.771066,0.082604,1.230735,-2.772456,-0.399660,1.355564,-2.767938,0.350869,1.311026,-2.812233,27,27,28,27,27,28,31,27,28,30,27,28
1791409737.959032,-0.038369,1.252384,-2.771066,0.082604,1.230735,-2.772456,-0.399691,1.355564,-2.767938,0.350869,1.311056,-2.812233,27,27,28,27,27,28,31,27,28,30,27,28
1791409737.979228,-0.038369,1.252384,-2.771066,0.082604,1.230735,-2.772456,-0.399691,1.355534,-2.767922,0.350869,1.311026,-2.812249,27,27,28,27,27,28,31,27,28,30,27,28
1791409737.999138,-0.038399,1.252414,-2.771082,0.082604,1.230735,-2.772472,-0.399660,1.355564,-2.767922,0.350899,1.311056,-2.812233,27,27,28,27,27,28,31,27,28,30,27,28
1791409738.019052,-0.038369,1.252353,-2.771082,0.082574,1.230705,-2.772472,-0.399691,1.355564,-2.767938,0.350869,1.311056,-2.812233,27,27,28,27,27,28,31,27,28,30,27,28
1791409738.039150,-0.038369,1.252353,-2.771050,0.082635,1.230735,-2.772472,-0.399691,1.355564,-2.767954,0.350899,1.311056,-2.812233,27,27,28,27,27,28,31,27,28,30,27,28
1791409738.059077,-0.038369,1.252353,-2.771066,0.082604,1.230705,-2.772472,-0.399660,1.355564,-2.767938,0.350899,1.311086,-2.812233,27,27,28,27,27,28,31,27,28,30,27,28
1791409738.079104,-0.038339,1.252414,-2.771066,0.082604,1.230735,-2.772456,-0.399721,1.355564,-2.767922,0.350869,1.311056,-2.812233,27,27,28,27,27,28,31,27,28,30,27,28
1791409738.099069,-0.038369,1.252353,-2.771082,0.082604,1.230735,-2.772456,-0.399691,1.355564,-2.767954,0.350899,1.311026,-2.812233,27,27,28,27,27,28,31,27,28,30,27,28
1791409738.119227,-0.038369,1.252384,-2.771066,0.082604,1.230735,-2.772456,-0.399691,1.355564,-2.767938,0.350899,1.311086,-2.812233,27,27,28,27,27,28,31,27,28,30,27,28
1791409738.139165,-0.038369,1.252414,-2.771066,0.082604,1.230735,-2.772472,-0.399691,1.355564,-2.767922,0.350899,1.311026,-2.812233,27,27,28,27,27,28,31,27,28,30,27,28
1791409738.159142,-0.038399,1.252353,-2.771066,0.082604,1.230735,-2.772472,-0.399721,1.355564,-2.767938,0.350899,1.311086,-2.812249,27,27,28,27,27,28,31,27,28,30,27,28
1791409738.179084,-0.038369,1.252384,-2.771050,0.082665,1.230675,-2.772456,-0.399691,1.355534,-2.767922,0.350899,1.311056,-2.812233,27,27,28,27,27,28,31,27,28,30,27,28
1791409738.199088,-0.038369,1.252384,-2.771066,0.082604,1.230735,-2.772456,-0.399691,1.355564,-2.767922,0.350899,1.311026,-2.812233,27,27,28,27,27,28,31,27,28,30,27,28
1791409738.219129,-0.038369,1.252353,-2.771050,0.082604,1.230735,-2.772472,-0.399691,1.355564,-2.767938,0.350899,1.311056,-2.812233,27,27,28,27,27,28,31,27,28,30,27,28
1791409738.239030,-0.038399,1.252414,-2.771066,0.082604,1.230735,-2.772472,-0.399721,1.355564,-2.767922,0.350869,1.311056,-2.812249,27,27,28,27,27,28,31,27,28,30,27,28
1791409738.259086,-0.038369,1.252414,-2.771082,0.082604,1.230705,-2.772472,-0.399660,1.355534,-2.767954,0.350899,1.311056,-2.812249,27,27,28,27,27,28,31,27,28,30,27,28
1791409738.279072,-0.038369,1.252353,-2.771050,0.082604,1.230705,-2.772472,-0.399691,1.355564,-2.767922,0.350869,1.311056,-2.812249,27,27,28,27,27,28,31,27,28,30,27,28
1791409738.299108,-0.038369,1.252384,-2.771066,0.082604,1.230735,-2.772456,-0.399691,1.355564,-2.767922,0.350899,1.311056,-2.812217,27,27,28,27,27,28,31,27,28,30,27,28
1791409738.319141,-0.038339,1.252384,-2.771066,0.082574,1.230735,-2.772472,-0.399721,1.355534,-2.767922,0.350899,1.311056,-2.812249,27,27,28,27,27,28,31,27,28,30,27,28
1791409738.339144,-0.038369,1.252384,-2.771082,0.082635,1.230735,-2.772472,-0.399660,1.355534,-2.767938,0.350929,1.311056,-2.812249,27,27,28,27,27,28,31,27,28,30,27,28
1791409738.359069,-0.038369,1.252414,-2.771066,0.082604,1.230705,-2.772456,-0.399660,1.355534,-2.767938,0.350899,1.311056,-2.812233,27,27,28,27,27,28,31,27,28,30,27,28
1791409738.379176,-0.038369,1.252353,-2.771066,0.082604,1.230735,-2.772456,-0.399660,1.355564,-2.767938,0.350899,1.311056,-2.812217,27,27,28,27,27,28,31,27,28,30,27,28
1791409738.399168,-0.038369,1.252384,-2.771066,0.082604,1.230705,-2.772472,-0.399721,1.355564,-2.767922,0.350899,1.311026,-2.812233,27,27,28,27,27,28,31,27,28,30,27,28
1791409738.419185,-0.038369,1.252353,-2.771082,0.082604,1.230735,-2.772472,-0.399660,1.355564,-2.767922,0.350899,1.311026,-2.812249,27,27,28,27,27,28,31,27,28,30,27,28
1791409738.439220,-0.038369,1.252353,-2.771082,0.082604,1.230705,-2.772456,-0.399660,1.355534,-2.767938,0.350869,1.311056,-2.812233,27,27,28,27,27,28,31,27,28,30,27,28
1791409738.459421,-0.038369,1.252353,-2.771066,0.082574,1.230735,-2.772472,-0.399691,1.355564,-2.767922,0.350899,1.311026,-2.812233,27,27,28,27,27,28,31,27,28,30,27,28
1791409738.479319,-0.038369,1.252414,-2.771066,0.082604,1.230705,-2.772472,-0.399721,1.355564,-2.767938,0.350929,1.311056,-2.812233,27,27,28,27,27,28,31,27,28,30,27,28
1791409738.499257,-0.038399,1.252384,-2.771066,0.082604,1.230735,-2.772440,-0.399721,1.355564,-2.767938,0.350869,1.311056,-2.812249,27,27,28,27,27,28,31,27,28,30,27,28
1791409738.519112,-0.038369,1.252353,-2.771082,0.082604,1.230705,-2.772472,-0.399691,1.355564,-2.767954,0.350869,1.311056,-2.812233,27,27,28,27,27,28,31,27,28,30,27,28
1791409738.539156,-0.038369,1.252414,-2.771097,0.082604,1.230705,-2.772472,-0.399691,1.355534,-2.767922,0.350899,1.311056,-2.812233,27,27,28,27,27,28,31,27,28,30,27,28
1791409738.559326,-0.038369,1.252384,-2.771082,0.082604,1.230705,-2.772456,-0.399660,1.355534,-2.767954,0.350899,1.311056,-2.812249,27,27,28,27,27,28,31,27,28,30,27,28
1791409738.579358,-0.038369,1.252353,-2.771066,0.082604,1.230705,-2.772472,-0.399660,1.355564,-2.767922,0.350899,1.311026,-2.812233,27,27,28,27,27,28,31,27,28,30,27,28
1791409738.599337,-0.038369,1.252384,-2.771066,0.082604,1.230735,-2.772472,-0.399691,1.355534,-2.767938,0.350929,1.311056,-2.812217,27,27,28,27,27,28,31,27,28,30,27,28
1791409738.619107,-0.038369,1.252353,-2.771066,0.082635,1.230735,-2.772456,-0.399660,1.355534,-2.767938,0.350869,1.311026,-2.812249,27,27,28,27,27,28,31,27,28,30,27,28
1791409738.639137,-0.038339,1.252384,-2.771082,0.082604,1.230705,-2.772472,-0.399660,1.355534,-2.767922,0.350869,1.311056,-2.812233,27,27,28,27,27,28,31,27,28,30,27,28
1791409738.659188,-0.038399,1.252384,-2.771066,0.082604,1.230735,-2.772472,-0.399721,1.355564,-2.767954,0.350899,1.311056,-2.812233,27,27,28,27,27,28,31,27,28,30,27,28
1791409738.679134,-0.038369,1.252384,-2.771066,0.082665,1.230735,-2.772472,-0.399660,1.355534,-2.767938,0.350929,1.311056,-2.812249,27,27,28,27,27,28,31,27,28,30,27,28
1791409738.699152,-0.038369,1.252384,-2.771066,0.082604,1.230705,-2.772472,-0.399660,1.355534,-2.767922,0.350899,1.311056,-2.812233,27,27,28,27,27,28,31,27,28,30,27,28
1791409738.719292,-0.038369,1.252384,-2.771066,0.082604,1.230735,-2.772472,-0.399721,1.355564,-2.767922,0.350929,1.311026,-2.812233,27,27,28,27,27,28,31,27,28,30,27,28
1791409738.739183,-0.038339,1.252353,-2.771066,0.082574,1.230705,-2.772456,-0.399721,1.355564,-2.767922,0.350838,1.311086,-2.812233,27,27,28,27,27,28,31,27,28,30,27,28
1791409738.759174,-0.038369,1.252353,-2.771082,0.082604,1.230735,-2.772456,-0.399691,1.355564,-2.767938,0.350899,1.311056,-2.812249,27,27,28,27,27,28,31,27,28,30,27,28
1791409738.779319,-0.038369,1.252384,-2.771082,0.082635,1.230735,-2.772472,-0.399691,1.355534,-2.767938,0.350899,1.311056,-2.812249,27,27,28,27,27,28,31,27,28,30,27,28
1791409738.799323,-0.038339,1.252353,-2.771082,0.082635,1.230705,-2.772456,-0.399691,1.355534,-2.767922,0.350899,1.311026,-2.812233,27,27,28,27,27,28,31,27,28,30,27,28
1791409738.819481,-0.038369,1.252414,-2.771066,0.082604,1.230735,-2.772456,-0.399721,1.355504,-2.767922,0.350869,1.311056,-2.812217,27,27,28,27,27,28,31,27,28,30,27,28
1791409738.839375,-0.038369,1.252384,-2.771050,0.082635,1.230705,-2.772456,-0.399691,1.355534,-2.767938,0.350899,1.311056,-2.812233,27,27,28,27,27,28,31,27,28,30,27,28
1791409738.859300,-0.038369,1.252384,-2.771082,0.082604,1.230705,-2.772456,-0.399751,1.355564,-2.767938,0.350899,1.311056,-2.812233,27,27,28,27,27,28,31,27,28,30,27,28
1791409738.879336,-0.038369,1.252384,-2.771066,0.082574,1.230766,-2.772456,-0.399691,1.355534,-2.767938,0.350899,1.311086,-2.812249,27,27,28,27,27,28,31,27,28,30,27,28
1791409738.899348,-0.038369,1.252384,-2.771082,0.082635,1.230705,-2.772456,-0.399721,1.355564,-2.767938,0.350899,1.311086,-2.812233,27,27,28,27,27,28,31,27,28,30,27,28
1791409738.919194,-0.038399,1.252384,-2.771066,0.082604,1.230705,-2.772472,-0.399721,1.355564,-2.767938,0.350899,1.311056,-2.812233,27,27,28,27,27,28,31,27,28,30,27,28
1791409738.939301,-0.038369,1.252353,-2.771066,0.082635,1.230735,-2.772456,-0.399660,1.355564,-2.767922,0.350899,1.311026,-2.812233,27,27,28,27,27,28,31,27,28,30,27,28
1791409738.959274,-0.038369,1.252384,-2.771050,0.082604,1.230705,-2.772456,-0.399721,1.355564,-2.767922,0.350899,1.311056,-2.812233,27,27,28,27,27,28,31,27,28,30,27,28
1791409738.979289,-0.038399,1.252384,-2.771066,0.082635,1.230705,-2.772456,-0.399660,1.355534,-2.767938,0.350869,1.311026,-2.812249,27,27,28,27,27,28,31,27,28,30,27,28
1791409738.999146,-0.038369,1.252384,-2.771050,0.082635,1.230735,-2.772472,-0.399721,1.355564,-2.767938,0.350869,1.311086,-2.812233,27,27,28,27,27,28,31,27,28,30,27,28
1791409739.019320,-0.038399,1.252384,-2.771066,0.082604,1.230766,-2.772456,-0.399721,1.355564,-2.767938,0.350899,1.311056,-2.812217,27,27,28,27,27,28,31,27,28,30,27,28
1791409739.039193,-0.038399,1.252384,-2.771066,0.082604,1.230735,-2.772456,-0.399660,1.355534,-2.767954,0.350899,1.311056,-2.812249,27,27,28,27,27,28,31,27,28,30,27,28
1791409739.059218,-0.038369,1.252384,-2.771066,0.082574,1.230735,-2.772472,-0.399721,1.355534,-2.767954,0.350869,1.311056,-2.812217,27,27,28,27,27,28,31,27,28,30,27,28
1791409739.079286,-0.038369,1.252384,-2.771082,0.082635,1.230705,-2.772472,-0.399721,1.355564,-2.767938,0.350899,1.311086,-2.812233,27,27,28,27,27,28,31,27,28,30,27,28
1791409739.099289,-0.038369,1.252353,-2.771082,0.082604,1.230705,-2.772456,-0.399721,1.355564,-2.767922,0.350899,1.311026,-2.812233,27,27,28,27,27,28,31,27,28,30,27,28
1791409739.119245,-0.038369,1.252353,-2.771066,0.082604,1.230735,-2.772456,-0.399660,1.355564,-2.767938,0.350899,1.311056,-2.812233,27,27,28,27,27,28,31,27,28,30,27,28
1791409739.139405,-0.038369,1.252414,-2.771050,0.082604,1.230735,-2.772456,-0.399721,1.355564,-2.767954,0.350869,1.311056,-2.812233,27,27,28,27,27,28,31,27,28,30,27,28
1791409739.159269,-0.038339,1.252384,-2.771066,0.082604,1.230735,-2.772472,-0.399721,1.355564,-2.767922,0.350869,1.311026,-2.812233,27,27,28,27,27,28,31,27,28,30,27,28
1791409739.179592,-0.038369,1.252384,-2.771066,0.082574,1.230705,-2.772472,-0.399660,1.355564,-2.767907,0.350899,1.311056,-2.812217,27,27,28,27,27,28,31,27,28,30,27,28
1791409739.199290,-0.038369,1.252353,-2.771066,0.082604,1.230705,-2.772472,-0.399691,1.355564,-2.767938,0.350869,1.311026,-2.812233,27,27,28,27,27,28,31,27,28,30,27,28
1791409739.219328,-0.038339,1.252414,-2.771082,0.082604,1.230735,-2.772472,-0.399691,1.355504,-2.767922,0.350899,1.311026,-2.812233,27,27,28,27,27,28,31,27,28,30,27,28
1791409739.239421,-0.038399,1.252384,-2.771066,0.082635,1.230705,-2.772456,-0.399721,1.355564,-2.767938,0.350899,1.311056,-2.812217,27,27,28,27,27,28,31,27,28,30,27,28
1791409739.259248,-0.038399,1.252384,-2.771066,0.082604,1.230735,-2.772456,-0.399660,1.355564,-2.767954,0.350899,1.311026,-2.812233,27,27,28,27,27,28,31,27,28,30,27,28
1791409739.279135,-0.038369,1.252414,-2.771082,0.082604,1.230705,-2.772456,-0.399691,1.355564,-2.767938,0.350899,1.311056,-2.812249,27,27,28,27,27,28,31,27,28,30,27,28
1791409739.299429,-0.038369,1.252414,-2.771066,0.082604,1.230735,-2.772472,-0.399660,1.355564,-2.767938,0.350899,1.311026,-2.812233,27,27,28,27,27,28,31,27,28,30,27,28
1791409739.319195,-0.038369,1.252384,-2.771066,0.082635,1.230705,-2.772472,-0.399660,1.355564,-2.767938,0.350899,1.311026,-2.812217,27,27,28,27,27,28,31,27,28,30,27,28
1791409739.339252,-0.038399,1.252384,-2.771066,0.082604,1.230705,-2.772456,-0.399660,1.355534,-2.767938,0.350899,1.311026,-2.812249,27,27,28,27,27,28,31,27,28,30,27,28
1791409739.359242,-0.038369,1.252414,-2.771066,0.082665,1.230735,-2.772472,-0.399721,1.355534,-2.767922,0.350869,1.311056,-2.812233,27,27,28,27,27,28,31,27,28,30,27,28
1791409739.379260,-0.038369,1.252384,-2.771082,0.082604,1.230735,-2.772472,-0.399691,1.355564,-2.767954,0.350899,1.311056,-2.812249,27,27,28,27,27,28,31,27,28,30,27,28
1791409739.399109,-0.038339,1.252414,-2.771097,0.082604,1.230705,-2.772472,-0.399691,1.355564,-2.767922,0.350899,1.311026,-2.812233,27,27,28,27,27,28,31,27,28,30,27,28
1791409739.419301,-0.038369,1.252414,-2.771050,0.082604,1.230735,-2.772472,-0.399721,1.355564,-2.767922,0.350899,1.311026,-2.812249,27,27,28,27,27,28,31,27,28,30,27,28
1791409739.439339,-0.038369,1.252414,-2.771050,0.082665,1.230705,-2.772456,-0.399721,1.355534,-2.767922,0.350869,1.311026,-2.812233,27,27,28,27,27,28,31,27,28,30,27,28
1791409739.459354,-0.038369,1.252414,-2.771050,0.082635,1.230735,-2.772440,-0.399721,1.355564,-2.767922,0.350929,1.311026,-2.812233,27,27,28,27,27,28,31,27,28,30,27,28
1791409739.479267,-0.038399,1.252384,-2.771066,0.082604,1.230735,-2.772472,-0.399691,1.355564,-2.767938,0.350899,1.311026,-2.812249,27,27,28,27,27,28,31,27,28,30,27,28
1791409739.499207,-0.038339,1.252384,-2.771082,0.082604,1.230705,-2.772472,-0.399660,1.355564,-2.767938,0.350869,1.311056,-2.812233,27,27,28,27,27,28,31,27,28,30,27,28
1791409739.519353,-0.038369,1.252384,-2.771066,0.082635,1.230735,-2.772472,-0.399691,1.355564,-2.767938,0.350899,1.311056,-2.812249,27,27,28,27,27,28,31,27,28,30,27,28
1791409739.539089,-0.038339,1.252414,-2.771066,0.082635,1.230735,-2.772456,-0.399721,1.355564,-2.767922,0.350869,1.311026,-2.812233,27,27,28,27,27,28,31,27,28,30,27,28
1791409739.559350,-0.038369,1.252384,-2.771082,0.082604,1.230735,-2.772456,-0.399691,1.355534,-2.767922,0.350899,1.311056,-2.812233,27,27,28,27,27,28,31,27,28,30,27,28
1791409739.579243,-0.038369,1.252414,-2.771082,0.082665,1.230735,-2.772456,-0.399721,1.355564,-2.767938,0.350899,1.311056,-2.812233,27,27,28,27,27,28,31,27,28,30,27,28
1791409739.599283,-0.038399,1.252384,-2.771066,0.082604,1.230735,-2.772456,-0.399660,1.355564,-2.767938,0.350869,1.311026,-2.812233,27,27,28,27,27,28,31,27,28,30,27,28
1791409739.619296,-0.038339,1.252414,-2.771066,0.082635,1.230735,-2.772472,-0.399721,1.355504,-2.767938,0.350899,1.311056,-2.812233,27,27,28,27,27,28,31,27,28,30,27,28
1791409739.639307,-0.038399,1.252414,-2.771066,0.082635,1.230766,-2.772472,-0.399660,1.355534,-2.767938,0.350869,1.311026,-2.812233,27,27,28,27,27,28,31,27,28,30,27,28
1791409739.659254,-0.038369,1.252384,-2.771082,0.082604,1.230735,-2.772472,-0.399660,1.355564,-2.767922,0.350899,1.311056,-2.812233,27,27,28,27,27,28,31,27,28,30,27,28
1791409739.679253,-0.038369,1.252384,-2.771066,0.082574,1.230705,-2.772472,-0.399691,1.355534,-2.767938,0.350869,1.311086,-2.812249,27,27,28,27,27,28,31,27,28,30,27,28
1791409739.699277,-0.038339,1.252384,-2.771050,0.082604,1.230735,-2.772456,-0.399691,1.355534,-2.767938,0.350899,1.311056,-2.812233,27,27,28,27,27,28,31,27,28,30,27,28
1791409739.719180,-0.038369,1.252384,-2.771066,0.082635,1.230735,-2.772472,-0.399691,1.355534,-2.767922,0.350899,1.311026,-2.812233,27,27,28,27,27,28,31,27,28,30,27,28
1791409739.739232,-0.038339,1.252353,-2.771066,0.082635,1.230705,-2.772456,-0.399691,1.355564,-2.767938,0.350869,1.311056,-2.812217,27,27,28,27,27,28,31,27,28,30,27,28
1791409739.759460,-0.038369,1.252384,-2.771066,0.082604,1.230735,-2.772472,-0.399691,1.355534,-2.767938,0.350869,1.311056,-2.812233,27,27,28,27,27,28,31,27,28,30,27,28
1791409739.779285,-0.038369,1.252384,-2.771066,0.082635,1.230705,-2.772472,-0.399660,1.355534,-2.767938,0.350869,1.311056,-2.812249,27,27,28,27,27,28,31,27,28,30,27,28
1791409739.799181,-0.038399,1.252384,-2.771066,0.082665,1.230705,-2.772456,-0.399691,1.355564,-2.767938,0.350869,1.311086,-2.812217,27,27,28,27,27,28,31,27,28,30,27,28
1791409739.819386,-0.038369,1.252414,-2.771082,0.082665,1.230705,-2.772456,-0.399721,1.355564,-2.767938,0.350899,1.311026,-2.812249,27,27,28,27,27,28,31,27,28,30,27,28
1791409739.839193,-0.038339,1.252414,-2.771066,0.082574,1.230735,-2.772472,-0.399660,1.355564,-2.767938,0.350869,1.311056,-2.812264,27,27,28,27,27,28,31,27,28,30,27,28
1791409739.859299,-0.038369,1.252384,-2.771082,0.082604,1.230735,-2.772456,-0.399691,1.355504,-2.767954,0.350869,1.311086,-2.812233,27,27,28,27,27,28,31,27,28,30,27,28
1791409739.879220,-0.038369,1.252384,-2.771082,0.082604,1.230735,-2.772472,-0.399691,1.355534,-2.767922,0.350899,1.311026,-2.812217,27,27,28,27,27,28,31,27,28,30,27,28
1791409739.899382,-0.038369,1.252384,-2.771082,0.082635,1.230766,-2.772472,-0.399660,1.355564,-2.767938,0.350869,1.311056,-2.812233,27,27,28,27,27,28,31,27,28,30,27,28
1791409739.919358,-0.038339,1.252414,-2.771066,0.082574,1.230766,-2.772456,-0.399691,1.355534,-2.767938,0.350869,1.311056,-2.812249,27,27,28,27,27,28,31,27,28,30,27,28
1791409739.939401,-0.038339,1.252384,-2.771066,0.082604,1.230705,-2.772472,-0.399691,1.355534,-2.767938,0.350899,1.311026,-2.812217,27,27,28,27,27,28,31,27,28,30,27,28
1791409739.959385,-0.038369,1.252414,-2.771066,0.082604,1.230735,-2.772456,-0.399630,1.355504,-2.767938,0.350899,1.311026,-2.812233,27,27,28,27,27,28,31,27,28,30,27,28
1791409739.979324,-0.038369,1.252353,-2.771082,0.082635,1.230735,-2.772472,-0.399691,1.355534,-2.767938,0.350869,1.311026,-2.812233,27,27,28,27,27,28,31,27,28,30,27,28
1791409739.999424,-0.038369,1.252353,-2.771066,0.082604,1.230705,-2.772472,-0.399691,1.355534,-2.767922,0.350869,1.311056,-2.812233,27,27,28,27,27,28,31,27,28,30,27,28
1791409740.019329,-0.038369,1.252384,-2.771082,0.082574,1.230705,-2.772456,-0.399660,1.355564,-2.767938,0.350899,1.311056,-2.812249,27,27,28,27,27,28,31,27,28,30,27,28
1791409740.039118,-0.038399,1.252414,-2.771082,0.082604,1.230705,-2.772456,-0.399691,1.355564,-2.767938,0.350899,1.311086,-2.812217,27,27,28,27,27,28,31,27,28,30,27,28
1791409740.059236,-0.038399,1.252353,-2.771082,0.082604,1.230705,-2.772456,-0.399691,1.355564,-2.767938,0.350899,1.311056,-2.812264,27,27,28,27,27,28,31,27,28,30,27,28
1791409740.079211,-0.038399,1.252384,-2.771066,0.082604,1.230735,-2.772456,-0.399691,1.355564,-2.767938,0.350899,1.311056,-2.812233,27,27,28,27,27,28,31,27,28,30,27,28
1791409740.099260,-0.038369,1.252384,-2.771050,0.082604,1.230705,-2.772456,-0.399660,1.355564,-2.767907,0.350899,1.311056,-2.812233,27,27,28,27,27,28,31,27,28,30,27,28
1791409740.119151,-0.038339,1.252384,-2.771050,0.082665,1.230735,-2.772456,-0.399721,1.355504,-2.767922,0.350838,1.311026,-2.812264,27,27,28,27,27,28,31,27,28,30,27,28
1791409740.139352,-0.038369,1.252384,-2.771066,0.082574,1.230766,-2.772472,-0.399539,1.355382,-2.767938,0.350808,1.311026,-2.812249,27,27,28,27,27,28,31,27,28,30,27,28
1791409740.159373,-0.038369,1.252384,-2.771082,0.082544,1.230887,-2.772472,-0.399115,1.355019,-2.767938,0.350657,1.311056,-2.812233,27,27,28,27,27,28,31,27,28,30,27,28
1791409740.179389,-0.038399,1.252384,-2.771113,0.082483,1.231220,-2.772488,-0.398328,1.354292,-2.767954,0.350293,1.310996,-2.812217,27,27,28,27,27,28,31,27,28,30,27,28
1791409740.199234,-0.038399,1.252414,-2.771177,0.082332,1.231583,-2.772535,-0.397299,1.353445,-2.767986,0.349930,1.310996,-2.812217,27,27,28,27,27,28,31,27,28,30,27,28
1791409740.219184,-0.038399,1.252384,-2.771382,0.082120,1.231825,-2.772646,-0.396239,1.352657,-2.768001,0.349536,1.310996,-2.812201,27,27,28,27,27,28,31,27,28,30,27,28
1791409740.239282,-0.038430,1.252414,-2.771698,0.081848,1.232128,-2.772883,-0.395240,1.351901,-2.768049,0.349082,1.310935,-2.812186,27,27,28,27,27,28,31,27,28,30,27,28
1791409740.259258,-0.038460,1.252414,-2.772124,0.081515,1.232491,-2.773104,-0.394119,1.350932,-2.768096,0.348507,1.310905,-2.812186,27,27,28,27,27,28,31,27,28,30,27,28
1791409740.279202,-0.038460,1.252475,-2.773009,0.081151,1.232794,-2.773356,-0.392727,1.349902,-2.768238,0.347720,1.310814,-2.812170,27,27,28,27,27,28,31,27,28,30,27,28
1791409740.299258,-0.038490,1.252475,-2.773515,0.080697,1.233067,-2.773625,-0.391394,1.349024,-2.768444,0.346963,1.310572,-2.812138,27,27,28,27,27,28,31,27,28,30,27,28
1791409740.319302,-0.038520,1.252505,-2.773830,0.080213,1.233369,-2.774194,-0.390032,1.348297,-2.768918,0.346357,1.310390,-2.812170,27,27,28,27,27,28,31,27,28,30,27,28
1791409740.339122,-0.038611,1.252535,-2.774225,0.079577,1.233793,-2.774747,-0.388427,1.347480,-2.769534,0.345812,1.310208,-2.812107,27,27,28,27,27,28,31,27,28,30,27,28
1791409740.359282,-0.038763,1.252565,-2.775126,0.079032,1.234126,-2.774968,-0.387156,1.346511,-2.769866,0.345267,1.309996,-2.812107,27,27,28,27,27,28,31,27,28,30,27,28
1791409740.379445,-0.038853,1.252626,-2.775615,0.078547,1.234520,-2.775157,-0.385581,1.345572,-2.770039,0.344662,1.309815,-2.812059,27,27,28,27,27,28,31,27,28,30,27,28
1791409740.399274,-0.038975,1.252656,-2.776089,0.078033,1.234883,-2.775363,-0.384098,1.344876,-2.770355,0.343965,1.309512,-2.812012,27,27,28,27,27,28,31,27,28,30,27,28
1791409740.419256,-0.039035,1.252747,-2.776721,0.077488,1.235337,-2.775647,-0.382584,1.344089,-2.770687,0.343269,1.309240,-2.811980,27,27,28,27,27,28,31,27,28,30,27,28
1791409740.439068,-0.039187,1.252808,-2.777385,0.076731,1.235883,-2.776200,-0.380706,1.343211,-2.771414,0.342573,1.308967,-2.811933,27,27,28,27,27,28,31,27,28,30,27,28
1791409740.459335,-0.039277,1.252838,-2.777811,0.075792,1.236428,-2.776990,-0.379283,1.342181,-2.772109,0.342118,1.308876,-2.811885,27,27,28,27,27,28,31,27,28,30,27,28
1791409740.479265,-0.039429,1.252929,-2.778127,0.074914,1.237063,-2.777543,-0.377437,1.341213,-2.772567,0.341604,1.308755,-2.811854,27,27,28,27,27,28,31,27,28,30,27,28
1791409740.499327,-0.039489,1.252959,-2.778633,0.074187,1.237517,-2.778364,-0.375650,1.340365,-2.773609,0.340998,1.308604,-2.811790,27,27,28,27,27,28,31,27,28,30,27,28
1791409740.519379,-0.039580,1.253050,-2.779391,0.073400,1.237972,-2.779043,-0.373500,1.339244,-2.774399,0.340332,1.308543,-2.811759,27,27,28,27,27,28,31,27,28,30,27,28
1791409740.539439,-0.039610,1.253110,-2.779865,0.072522,1.238517,-2.779359,-0.371654,1.337973,-2.775268,0.339514,1.308422,-2.811743,27,27,28,27,27,28,31,27,28,30,27,28
1791409740.559232,-0.039701,1.253232,-2.780276,0.071614,1.239031,-2.779628,-0.369655,1.336550,-2.776279,0.338727,1.308301,-2.811664,27,27,28,27,27,28,31,27,28,30,27,28
1791409740.579470,-0.039732,1.253383,-2.780828,0.070766,1.239637,-2.780039,-0.367717,1.334975,-2.777179,0.338031,1.308210,-2.811601,27,27,28,27,27,28,31,27,28,30,27,28
1791409740.599324,-0.039732,1.253534,-2.781476,0.069797,1.240273,-2.780971,-0.365477,1.333128,-2.778396,0.337244,1.308059,-2.811538,27,27,28,27,27,28,31,27,28,30,27,28
1791409740.619310,-0.039762,1.253655,-2.781824,0.068677,1.240878,-2.781792,-0.363357,1.331039,-2.779581,0.336366,1.307938,-2.811475,27,27,28,27,27,28,31,27,28,30,27,28
1791409740.639461,-0.039792,1.253807,-2.782092,0.067496,1.241514,-2.782945,-0.360814,1.328950,-2.780529,0.335457,1.307847,-2.811443,27,27,28,27,27,28,31,27,28,30,27,28
1791409740.659245,-0.039883,1.253928,-2.782471,0.066255,1.242120,-2.784067,-0.358634,1.326922,-2.781381,0.334761,1.307695,-2.811411,27,27,28,27,27,28,31,27,28,30,27,28
1791409740.679221,-0.039883,1.254049,-2.783087,0.064953,1.242786,-2.785299,-0.356394,1.324923,-2.782408,0.334216,1.307635,-2.811396,27,27,28,27,27,28,31,27,28,30,27,28
1791409740.699239,-0.039913,1.254231,-2.783577,0.063560,1.243603,-2.786136,-0.354123,1.322925,-2.783119,0.333610,1.307544,-2.811348,27,27,28,27,27,28,31,27,28,30,27,28
1791409740.719195,-0.039913,1.254352,-2.783830,0.062167,1.244542,-2.787447,-0.351912,1.320594,-2.784130,0.333005,1.307423,-2.811317,27,27,28,27,27,28,31,27,28,30,27,28
1791409740.739355,-0.039732,1.252747,-2.780418,0.062924,1.242029,-2.784209,-0.353850,1.319231,-2.780513,0.333913,1.306817,-2.809295,27,27,28,27,27,28,31,27,28,30,27,28
1791409740.759201,-0.039580,1.249386,-2.768775,0.065225,1.236185,-2.775363,-0.356484,1.316203,-2.776184,0.334398,1.303245,-2.804792,27,27,28,27,27,28,31,27,28,30,27,28
1791409740.779424,-0.040731,1.244966,-2.756469,0.068465,1.229797,-2.764763,-0.356696,1.309391,-2.766438,0.333913,1.296402,-2.795441,27,27,28,27,27,28,31,27,28,30,27,28
1791409740.799315,-0.043123,1.236185,-2.745364,0.071129,1.219987,-2.751351,-0.354759,1.298461,-2.754716,0.330704,1.284412,-2.781271,27,27,28,27,27,28,31,27,28,30,27,28
1791409740.819422,-0.043970,1.222409,-2.731179,0.072673,1.206665,-2.736044,-0.349642,1.283776,-2.737008,0.324769,1.267487,-2.762883,27,27,28,27,27,28,31,27,28,30,27,28
1791409740.839324,-0.043910,1.204182,-2.713865,0.072643,1.187650,-2.715871,-0.341497,1.264822,-2.717499,0.316382,1.248018,-2.742679,27,27,28,27,27,28,31,27,28,30,27,28
1791409740.859316,-0.043668,1.186288,-2.687737,0.071735,1.165548,-2.692460,-0.331839,1.245233,-2.692002,0.307420,1.228065,-2.717040,27,27,28,27,27,28,31,27,28,30,27,28
1791409740.879400,-0.042547,1.162641,-2.659476,0.070403,1.144323,-2.661261,-0.321605,1.225068,-2.667075,0.297641,1.204600,-2.692113,27,27,28,27,27,28,31,27,28,30,27,28
1791409740.899303,-0.040458,1.141295,-2.622843,0.068314,1.122675,-2.627234,-0.310584,1.202632,-2.638766,0.286741,1.184193,-2.663331,27,27,28,27,27,28,31,27,28,30,27,28
1791409740.919177,-0.038460,1.119102,-2.583382,0.065952,1.103328,-2.586984,-0.299684,1.180560,-2.608642,0.275326,1.163060,-2.632779,27,27,28,27,27,28,31,27,28,30,27,28
1791409740.939262,-0.036613,1.097332,-2.542042,0.063166,1.082678,-2.541489,-0.287028,1.159063,-2.578896,0.263336,1.142895,-2.602370,27,27,28,27,27,28,31,27,28,30,27,28
1791409740.959270,-0.035129,1.077773,-2.493371,0.059806,1.063331,-2.496214,-0.274826,1.139352,-2.540730,0.252043,1.123911,-2.563557,27,27,28,27,27,28,31,27,28,30,27,28
1791409740.979259,-0.033888,1.056640,-2.449992,0.056293,1.043196,-2.448192,-0.260959,1.119006,-2.505724,0.240083,1.104321,-2.527240,27,27,28,27,27,28,31,27,28,30,27,28
1791409740.999303,-0.032525,1.037262,-2.404260,0.052933,1.023940,-2.400548,-0.248303,1.099356,-2.465031,0.229153,1.086427,-2.485678,27,27,28,27,27,28,31,27,28,30,27,28
1791409741.019211,-0.031314,1.018005,-2.354058,0.050329,1.004532,-2.355748,-0.235647,1.080705,-2.419552,0.217769,1.068200,-2.438524,27,27,28,27,27,28,31,27,28,30,27,28
1791409741.039450,-0.030618,0.998325,-2.311579,0.048512,0.987243,-2.312812,-0.224596,1.062447,-2.376158,0.206536,1.051154,-2.394434,27,27,28,27,27,28,31,27,28,30,27,28
1791409741.059343,-0.029891,0.981067,-2.267016,0.047119,0.970470,-2.263683,-0.212908,1.041798,-2.328072,0.196423,1.031685,-2.346933,27,27,28,27,27,28,31,27,28,30,27,28
1791409741.079316,-0.029498,0.964444,-2.219989,0.045575,0.954604,-2.221236,-0.202342,1.024025,-2.279290,0.186946,1.014185,-2.297204,27,27,28,27,27,28,31,27,28,30,27,28
1791409741.099198,-0.029316,0.947580,-2.178727,0.044091,0.937891,-2.176721,-0.191351,1.006373,-2.233021,0.177802,0.997290,-2.250982,27,27,28,27,27,28,31,27,28,30,27,28
1791409741.119305,-0.029013,0.933259,-2.136028,0.042759,0.922389,-2.137323,-0.181541,0.988449,-2.184414,0.168658,0.979881,-2.201522,27,27,28,27,27,28,31,27,28,30,27,28
1791409741.139205,-0.028226,0.915910,-2.093660,0.041911,0.907341,-2.092144,-0.171792,0.968708,-2.136533,0.159878,0.962350,-2.153073,27,27,28,27,27,28,31,27,28,30,27,28
1791409741.159301,-0.027772,0.901225,-2.049539,0.040852,0.892717,-2.050819,-0.163283,0.951026,-2.089900,0.152460,0.944698,-2.105334,27,27,28,27,27,28,31,27,28,30,27,28
1791409741.179358,-0.027378,0.886268,-2.010663,0.039822,0.879970,-2.011848,-0.155260,0.935070,-2.041341,0.144921,0.929347,-2.057185,27,27,28,27,27,28,31,27,28,30,27,28
1791409741.199329,-0.027227,0.872461,-1.967284,0.038975,0.864438,-1.967837,-0.148599,0.916449,-1.991596,0.138411,0.911029,-2.011626,27,27,28,27,27,28,31,27,28,30,27,28
1791409741.219278,-0.026985,0.857141,-1.927034,0.038036,0.850056,-1.927129,-0.142120,0.899100,-1.947033,0.131811,0.894770,-1.962372,27,27,28,27,27,28,31,27,28,30,27,28
1791409741.239138,-0.026470,0.843183,-1.885014,0.037067,0.835038,-1.883403,-0.136458,0.880752,-1.898441,0.126663,0.876483,-1.913591,27,27,28,27,27,28,31,27,28,30,27,28
1791409741.259346,-0.025986,0.827651,-1.845869,0.036219,0.819566,-1.840798,-0.130584,0.862071,-1.855679,0.121244,0.858437,-1.870259,27,27,28,27,27,28,31,27,28,30,27,28
1791409741.279274,-0.025289,0.812088,-1.801085,0.035614,0.803338,-1.796867,-0.124952,0.843511,-1.807767,0.116218,0.840634,-1.822110,27,27,28,27,27,28,31,27,28,30,27,28
1791409741.299110,-0.024714,0.798039,-1.758338,0.034766,0.788986,-1.757011,-0.120259,0.827040,-1.766094,0.112100,0.824133,-1.779474,27,27,28,27,27,28,31,27,28,30,27,28
1791409741.319176,-0.024260,0.782840,-1.716776,0.034039,0.773151,-1.714565,-0.115778,0.809812,-1.718466,0.107952,0.807359,-1.731483,27,27,28,27,27,28,31,27,28,30,27,28
1791409741.339436,-0.023836,0.766884,-1.675388,0.033434,0.755984,-1.669733,-0.110964,0.791978,-1.676210,0.104046,0.790071,-1.688658,27,27,28,27,27,28,31,27,28,30,27,28
1791409741.359215,-0.023412,0.750594,-1.633810,0.032737,0.740027,-1.627460,-0.106816,0.773297,-1.632847,0.100473,0.770421,-1.644189,27,27,28,27,27,28,31,27,28,30,27,28
1791409741.379396,-0.022806,0.734820,-1.592091,0.031920,0.723617,-1.584224,-0.103152,0.755494,-1.590385,0.097082,0.752799,-1.600621,27,27,28,27,27,28,31,27,28,30,27,28
1791409741.399310,-0.022352,0.718712,-1.545095,0.031042,0.707055,-1.542567,-0.099761,0.737721,-1.543136,0.093631,0.734390,-1.556042,27,27,28,27,27,28,31,27,28,30,27,28
1791409741.419182,-0.021898,0.701545,-1.500926,0.030103,0.689979,-1.498446,-0.096340,0.719070,-1.498888,0.090240,0.715437,-1.507292,27,27,28,27,27,28,31,27,28,30,27,28
1791409741.439173,-0.021262,0.686527,-1.460786,0.029074,0.673659,-1.458654,-0.093494,0.702326,-1.459001,0.087757,0.698875,-1.466599,27,27,28,27,27,28,31,27,28,30,27,28
1791409741.459234,-0.020021,0.676142,-1.427802,0.027530,0.663789,-1.423237,-0.090648,0.689882,-1.426681,0.085183,0.685946,-1.434105,27,27,28,27,27,28,31,27,28,30,27,28
1791409741.479282,-0.018749,0.670995,-1.398815,0.025986,0.657703,-1.397677,-0.089285,0.681980,-1.402258,0.083518,0.679164,-1.408577,27,27,28,27,27,28,31,27,28,30,27,28
1791409741.499221,-0.018689,0.667361,-1.379274,0.025501,0.653979,-1.381817,-0.089104,0.677499,-1.385450,0.082761,0.674592,-1.391311,27,27,28,27,27,28,31,27,28,30,27,28
1791409741.519283,-0.019022,0.665999,-1.370538,0.025652,0.653222,-1.373381,-0.089043,0.675077,-1.375672,0.082458,0.672624,-1.382196,27,27,28,27,27,28,31,27,28,30,27,28
1791409741.539247,-0.019385,0.666423,-1.368832,0.025804,0.653888,-1.371012,-0.088892,0.673926,-1.370459,0.082155,0.671504,-1.375419,27,27,28,27,27,28,31,27,28,30,27,28
1791409741.559183,-0.019627,0.667392,-1.368721,0.025925,0.655402,-1.370838,-0.088649,0.673109,-1.365641,0.082004,0.671080,-1.370965,27,27,28,27,27,28,31,27,28,30,27,28
1791409741.579359,-0.019688,0.668027,-1.368690,0.025955,0.656946,-1.370791,-0.088195,0.672715,-1.362971,0.081974,0.671019,-1.367679,27,27,28,27,27,28,31,27,28,30,27,28
1791409741.599277,-0.019748,0.668330,-1.368690,0.025925,0.658127,-1.370649,-0.087771,0.672776,-1.361076,0.081974,0.671050,-1.365262,27,27,28,27,27,28,31,27,28,30,27,28
1791409741.619270,-0.019748,0.668512,-1.368690,0.025925,0.658793,-1.370459,-0.087317,0.672866,-1.360270,0.082125,0.670989,-1.363587,27,27,28,27,27,28,31,27,28,30,27,28
1791409741.639327,-0.019748,0.668572,-1.368690,0.025925,0.659065,-1.370348,-0.087075,0.672897,-1.359859,0.082246,0.670898,-1.362624,27,27,28,27,27,28,31,27,28,30,27,28
1791409741.659292,-0.019748,0.668572,-1.368690,0.025925,0.658944,-1.370206,-0.086954,0.672836,-1.359765,0.082367,0.670596,-1.362134,27,27,28,27,27,28,31,27,28,30,27,28
1791409741.679038,-0.019718,0.668603,-1.368690,0.025955,0.658399,-1.370096,-0.086954,0.672594,-1.359765,0.082367,0.669899,-1.362023,27,27,28,27,27,28,31,27,28,30,27,28
1791409741.699132,-0.019597,0.668633,-1.368674,0.026016,0.657461,-1.369954,-0.087075,0.672079,-1.359765,0.082337,0.668809,-1.362055,27,27,28,27,27,28,31,27,28,30,27,28
1791409741.719074,-0.019415,0.668512,-1.368658,0.026076,0.656038,-1.369922,-0.087257,0.671262,-1.359765,0.082246,0.667507,-1.362071,27,27,28,27,27,28,31,27,28,30,27,28
1791409741.739139,-0.019294,0.667452,-1.368658,0.026016,0.654251,-1.369875,-0.087529,0.669990,-1.359780,0.082155,0.666145,-1.362087,27,27,28,27,27,28,31,27,28,30,27,28
1791409741.759501,-0.019203,0.665878,-1.368658,0.026046,0.652586,-1.369827,-0.087711,0.668264,-1.359780,0.082186,0.664358,-1.362103,27,27,28,27,27,28,31,27,28,30,27,28
1791409741.779331,-0.019264,0.664303,-1.368642,0.025986,0.650648,-1.369827,-0.087711,0.666871,-1.359765,0.082186,0.662633,-1.362118,27,27,28,27,27,28,31,27,28,30,27,28
1791409741.799224,-0.019294,0.662971,-1.368627,0.025864,0.648862,-1.369764,-0.087681,0.665569,-1.359780,0.082277,0.660937,-1.362134,27,27,28,27,27,28,31,27,28,30,27,28
1791409741.819113,-0.019264,0.661699,-1.368579,0.025804,0.647378,-1.369796,-0.087681,0.664389,-1.359765,0.082277,0.659484,-1.362118,27,27,28,27,27,28,31,27,28,30,27,28
1791409741.839208,-0.019355,0.660640,-1.368595,0.025743,0.646288,-1.369796,-0.087559,0.663450,-1.359780,0.082367,0.658575,-1.362134,27,27,28,27,27,28,31,27,28,30,27,28
1791409741.859291,-0.019264,0.660064,-1.368579,0.025743,0.645683,-1.369764,-0.087620,0.662875,-1.359780,0.082307,0.657940,-1.362134,27,27,28,27,27,28,31,27,28,30,27,28
1791409741.879209,-0.019264,0.659731,-1.368579,0.025804,0.645350,-1.369764,-0.087650,0.662390,-1.359765,0.082367,0.657576,-1.362134,27,27,28,27,27,28,31,27,28,30,27,28
1791409741.899252,-0.019264,0.659610,-1.368595,0.025804,0.645289,-1.369748,-0.087650,0.662239,-1.359780,0.082307,0.657516,-1.362103,27,27,28,27,27,28,31,27,28,30,27,28
1791409741.919214,-0.019264,0.659671,-1.368563,0.025864,0.645289,-1.369732,-0.087620,0.662239,-1.359780,0.082246,0.657546,-1.362118,27,27,28,27,27,28,31,27,28,30,27,28
1791409741.939281,-0.019264,0.659853,-1.368579,0.025864,0.645501,-1.369701,-0.087559,0.662390,-1.359765,0.082246,0.657576,-1.362103,27,27,28,27,27,28,31,27,28,30,27,28
1791409741.959290,-0.019294,0.660095,-1.368579,0.025834,0.645773,-1.369701,-0.087469,0.662602,-1.359780,0.082155,0.657788,-1.362087,27,27,28,27,27,28,31,27,28,30,27,28
1791409741.979338,-0.019355,0.660428,-1.368563,0.025864,0.645985,-1.369685,-0.087408,0.662875,-1.359780,0.082216,0.657970,-1.362087,27,27,28,27,27,28,31,27,28,30,27,28
1791409741.999346,-0.019385,0.660670,-1.368563,0.025834,0.646167,-1.369732,-0.087348,0.663117,-1.359749,0.082216,0.658152,-1.362087,27,27,28,27,27,28,31,27,28,30,27,28
1791409742.019194,-0.019355,0.660821,-1.368563,0.025834,0.646379,-1.369701,-0.087378,0.663299,-1.359749,0.082155,0.658242,-1.362103,27,27,28,27,27,28,31,27,28,30,27,28
1791409742.039378,-0.019385,0.660821,-1.368563,0.025804,0.646440,-1.369701,-0.087348,0.663359,-1.359765,0.082186,0.658363,-1.362087,27,27,28,27,27,28,31,27,28,30,27,28
1791409742.059244,-0.019355,0.660821,-1.368579,0.025864,0.646409,-1.369685,-0.087408,0.663329,-1.359765,0.082186,0.658394,-1.362103,27,27,28,27,27,28,31,27,28,30,27,28
1791409742.079256,-0.019324,0.660761,-1.368563,0.025834,0.646409,-1.369685,-0.087438,0.663299,-1.359749,0.082216,0.658394,-1.362103,27,27,28,27,27,28,31,27,28,30,27,28
1791409742.099258,-0.019294,0.660670,-1.368563,0.025864,0.646379,-1.369701,-0.087469,0.663208,-1.359765,0.082216,0.658394,-1.362103,27,27,28,27,27,28,31,27,28,30,27,28
1791409742.119354,-0.019264,0.660579,-1.368563,0.025804,0.646288,-1.369669,-0.087438,0.663147,-1.359765,0.082155,0.658333,-1.362118,27,27,28,27,27,28,31,27,28,30,27,28
1791409742.139396,-0.019294,0.660549,-1.368579,0.025834,0.646228,-1.369653,-0.087499,0.663117,-1.359765,0.082186,0.658333,-1.362134,27,27,28,27,27,28,31,27,28,30,27,28
1791409742.159307,-0.019264,0.660549,-1.368548,0.025834,0.646197,-1.369701,-0.087438,0.663087,-1.359749,0.082216,0.658273,-1.362118,27,27,28,27,27,28,31,27,28,30,27,28
1791409742.179296,-0.019294,0.660519,-1.368563,0.025834,0.646197,-1.369669,-0.087438,0.663087,-1.359765,0.082216,0.658303,-1.362103,27,27,28,27,27,28,31,27,28,30,27,28
1791409742.199314,-0.019294,0.660579,-1.368563,0.025864,0.646197,-1.369685,-0.087438,0.663147,-1.359749,0.082216,0.658303,-1.362103,27,27,28,27,27,28,31,27,28,30,27,28
1791409742.219316,-0.019294,0.660609,-1.368563,0.025804,0.646228,-1.369669,-0.087408,0.663178,-1.359765,0.082155,0.658242,-1.362103,27,27,28,27,27,28,31,27,28,30,27,28
1791409742.239440,-0.019355,0.660640,-1.368548,0.025804,0.646288,-1.369669,-0.087408,0.663178,-1.359765,0.082155,0.658273,-1.362103,27,27,28,27,27,28,31,27,28,30,27,28
1791409742.259337,-0.019324,0.660731,-1.368563,0.025834,0.646288,-1.369669,-0.087408,0.663208,-1.359765,0.082155,0.658333,-1.362103,27,27,28,27,27,28,31,27,28,30,27,28
1791409742.279308,-0.019294,0.660700,-1.368579,0.025834,0.646318,-1.369669,-0.087378,0.663268,-1.359765,0.082216,0.658303,-1.362103,27,27,28,27,27,28,31,27,28,30,27,28
1791409742.299292,-0.019324,0.660670,-1.368563,0.025864,0.646318,-1.369669,-0.087378,0.663208,-1.359765,0.082155,0.658303,-1.362087,27,27,28,27,27,28,31,27,28,30,27,28
1791409742.319261,-0.019264,0.660670,-1.368563,0.025804,0.646288,-1.369685,-0.087438,0.663178,-1.359765,0.082155,0.658303,-1.362103,27,27,28,27,27,28,31,27,28,30,27,28
1791409742.339361,-0.019294,0.660640,-1.368548,0.025834,0.646258,-1.369669,-0.087408,0.663178,-1.359780,0.082095,0.658333,-1.362103,27,27,28,27,27,28,31,27,28,30,27,28
1791409742.359378,-0.019264,0.660609,-1.368548,0.025804,0.646258,-1.369653,-0.087408,0.663147,-1.359749,0.082186,0.658303,-1.362103,27,27,28,27,27,28,31,27,28,30,27,28
1791409742.379532,-0.019294,0.660609,-1.368563,0.025804,0.646228,-1.369685,-0.087438,0.663178,-1.359765,0.082155,0.658242,-1.362103,27,27,28,27,27,28,31,27,28,30,27,28
1791409742.399188,-0.019294,0.660609,-1.368579,0.025774,0.646228,-1.369669,-0.087408,0.663178,-1.359765,0.082216,0.658273,-1.362118,27,27,28,27,27,28,31,27,28,30,27,28
1791409742.419302,-0.019264,0.660609,-1.368563,0.025804,0.646288,-1.369669,-0.087378,0.663208,-1.359765,0.082155,0.658273,-1.362103,27,27,28,27,27,28,31,27,28,30,27,28
1791409742.439213,-0.019294,0.660609,-1.368563,0.025834,0.646258,-1.369685,-0.087408,0.663208,-1.359765,0.082155,0.658333,-1.362087,27,27,28,27,27,28,31,27,28,30,27,28
1791409742.459400,-0.019264,0.660670,-1.368548,0.025804,0.646288,-1.369669,-0.087378,0.663178,-1.359765,0.082125,0.658303,-1.362087,27,27,28,27,27,28,31,27,28,30,27,28
1791409742.479378,-0.019294,0.660700,-1.368563,0.025834,0.646288,-1.369669,-0.087378,0.663178,-1.359765,0.082125,0.658303,-1.362087,27,27,28,27,27,28,31,27,28,30,27,28
1791409742.499305,-0.019294,0.660670,-1.368532,0.025834,0.646258,-1.369653,-0.087317,0.663208,-1.359765,0.082155,0.658303,-1.362087,27,27,28,27,27,28,31,27,28,30,27,28
1791409742.519405,-0.019264,0.660640,-1.368563,0.025864,0.646288,-1.369685,-0.087348,0.663178,-1.359780,0.082125,0.658303,-1.362103,27,27,28,27,27,28,31,27,28,30,27,28
1791409742.539203,-0.019294,0.660640,-1.368548,0.025804,0.646288,-1.369669,-0.087438,0.663178,-1.359765,0.082155,0.658333,-1.362103,27,27,28,27,27,28,31,27,28,30,27,28
1791409742.559314,-0.019264,0.660640,-1.368548,0.025834,0.646258,-1.369669,-0.087348,0.663147,-1.359780,0.082155,0.658273,-1.362118,27,27,28,27,27,28,31,27,28,30,27,28
1791409742.579353,-0.019294,0.660579,-1.368563,0.025834,0.646258,-1.369669,-0.087378,0.663117,-1.359765,0.082095,0.658273,-1.362087,27,27,28,27,27,28,31,27,28,30,27,28
1791409742.599193,-0.019264,0.660640,-1.368548,0.025834,0.646288,-1.369669,-0.087378,0.663178,-1.359765,0.082155,0.658303,-1.362103,27,27,28,27,27,28,31,27,28,30,27,28
1791409742.619166,-0.019264,0.660640,-1.368548,0.025834,0.646258,-1.369653,-0.087378,0.663178,-1.359765,0.082125,0.658303,-1.362087,27,27,28,27,27,28,31,27,28,30,27,28
1791409742.639310,-0.019294,0.660640,-1.368548,0.025834,0.646258,-1.369669,-0.087348,0.663178,-1.359749,0.082125,0.658242,-1.362103,27,27,28,27,27,28,31,27,28,30,27,28
1791409742.659232,-0.019294,0.660640,-1.368532,0.025774,0.646288,-1.369653,-0.087378,0.663178,-1.359749,0.082125,0.658303,-1.362103,27,27,28,27,27,28,31,27,28,30,27,28
1791409742.679244,-0.019294,0.660670,-1.368563,0.025804,0.646288,-1.369669,-0.087287,0.663208,-1.359765,0.082125,0.658303,-1.362103,27,27,28,27,27,28,31,27,28,30,27,28
1791409742.699250,-0.019264,0.660700,-1.368548,0.025834,0.646288,-1.369653,-0.087287,0.663208,-1.359765,0.082065,0.658303,-1.362103,27,27,28,27,27,28,31,27,28,30,27,28
1791409742.719333,-0.019264,0.660700,-1.368548,0.025834,0.646318,-1.369669,-0.087317,0.663208,-1.359765,0.082095,0.658303,-1.362103,27,27,28,27,27,28,31,27,28,30,27,28
1791409742.739211,-0.019234,0.660640,-1.368516,0.025834,0.646318,-1.369669,-0.087348,0.663178,-1.359780,0.082125,0.658303,-1.362087,27,27,28,27,27,28,31,27,28,30,27,28
1791409742.759272,-0.019294,0.660640,-1.368548,0.025834,0.646318,-1.369653,-0.087348,0.663178,-1.359765,0.082125,0.658273,-1.362087,27,27,28,27,27,28,31,27,28,30,27,28
1791409742.779336,-0.019264,0.660640,-1.368532,0.025834,0.646288,-1.369653,-0.087348,0.663178,-1.359796,0.082095,0.658273,-1.362087,27,27,28,27,27,28,31,27,28,30,27,28
1791409742.799334,-0.019264,0.660579,-1.368532,0.025804,0.646258,-1.369653,-0.087317,0.663178,-1.359765,0.082065,0.658242,-1.362087,27,27,28,27,27,28,31,27,28,30,27,28
1791409742.819236,-0.019264,0.660579,-1.368532,0.025804,0.646258,-1.369653,-0.087378,0.663147,-1.359749,0.082125,0.658303,-1.362103,27,27,28,27,27,28,31,27,28,30,27,28
1791409742.839131,-0.019264,0.660579,-1.368548,0.025804,0.646258,-1.369669,-0.087348,0.663178,-1.359749,0.082095,0.658242,-1.362118,27,27,28,27,27,28,31,27,28,30,27,28
1791409742.859224,-0.019294,0.660609,-1.368516,0.025804,0.646258,-1.369669,-0.087408,0.663178,-1.359765,0.082095,0.658303,-1.362103,27,27,28,27,27,28,31,27,28,30,27,28
1791409742.879133,-0.019294,0.660640,-1.368548,0.025804,0.646258,-1.369669,-0.087317,0.663178,-1.359765,0.082125,0.658273,-1.362118,27,27,28,27,27,28,31,27,28,30,27,28
1791409742.899259,-0.019294,0.660640,-1.368532,0.025804,0.646258,-1.369653,-0.087317,0.663208,-1.359749,0.082065,0.658273,-1.362103,27,27,28,27,27,28,31,27,28,30,27,28
1791409742.919237,-0.019264,0.660640,-1.368532,0.025804,0.646318,-1.369669,-0.087287,0.663178,-1.359765,0.082034,0.658303,-1.362103,27,27,28,27,27,28,31,27,28,30,27,28
1791409742.939199,-0.019264,0.660670,-1.368532,0.025834,0.646349,-1.369669,-0.087378,0.663208,-1.359749,0.082034,0.658303,-1.362087,27,27,28,27,27,28,31,27,28,30,27,28
1791409742.959116,-0.019234,0.660640,-1.368548,0.025864,0.646349,-1.369669,-0.087287,0.663208,-1.359765,0.082034,0.658303,-1.362087,27,27,28,27,27,28,31,27,28,30,27,28
1791409742.979365,-0.019234,0.660640,-1.368532,0.025804,0.646349,-1.369653,-0.087378,0.663178,-1.359749,0.082125,0.658303,-1.362087,27,27,28,27,27,28,31,27,28,30,27,28
1791409742.999267,-0.019203,0.660640,-1.368548,0.025804,0.646258,-1.369653,-0.087317,0.663178,-1.359765,0.082125,0.658303,-1.362087,27,27,28,27,27,28,31,27,28,30,27,28
1791409743.019357,-0.019264,0.660609,-1.368548,0.025774,0.646258,-1.369653,-0.087348,0.663178,-1.359780,0.082034,0.658242,-1.362103,27,27,28,27,27,28,31,27,28,30,27,28
1791409743.039258,-0.019294,0.660609,-1.368548,0.025774,0.646228,-1.369653,-0.087287,0.663178,-1.359765,0.082095,0.658242,-1.362103,27,27,28,27,27,28,31,27,28,30,27,28
1791409743.059382,-0.019294,0.660609,-1.368563,0.025774,0.646258,-1.369653,-0.087378,0.663178,-1.359749,0.082034,0.658273,-1.362103,27,27,28,27,27,28,31,27,28,30,27,28
1791409743.079302,-0.019294,0.660640,-1.368532,0.025774,0.646288,-1.369653,-0.087378,0.663178,-1.359749,0.082095,0.658242,-1.362103,27,27,28,27,27,28,31,27,28,30,27,28
1791409743.099341,-0.019264,0.660670,-1.368548,0.025804,0.646318,-1.369653,-0.087348,0.663178,-1.359765,0.081974,0.658273,-1.362103,27,27,28,27,27,28,31,27,28,30,27,28
1791409743.119272,-0.019203,0.660670,-1.368548,0.025804,0.646349,-1.369653,-0.087348,0.663208,-1.359749,0.082034,0.658303,-1.362087,27,27,28,27,27,28,31,27,28,30,27,28
1791409743.139239,-0.019264,0.660700,-1.368532,0.025804,0.646318,-1.369653,-0.087317,0.663178,-1.359765,0.082065,0.658242,-1.362087,27,27,28,27,27,28,31,27,28,30,27,28
1791409743.159320,-0.019264,0.660670,-1.368532,0.025834,0.646258,-1.369653,-0.087287,0.663178,-1.359780,0.082125,0.658303,-1.362087,27,27,28,27,27,28,31,27,28,30,27,28
1791409743.179211,-0.019264,0.660670,-1.368532,0.025804,0.646288,-1.369653,-0.087287,0.663238,-1.359749,0.082125,0.658273,-1.362103,27,27,28,27,27,28,31,27,28,30,27,28
1791409743.199151,-0.018901,0.636993,-1.369353,0.026985,0.650254,-1.393886,-0.088135,0.680163,-1.383934,0.094963,0.656365,-1.384487,27,27,28,27,27,28,31,27,28,30,27,28
1791409743.219264,-0.015721,0.632996,-1.359480,0.024502,0.646318,-1.399905,-0.070150,0.690125,-1.395260,0.096386,0.662602,-1.389747,27,27,28,27,27,28,31,27,28,30,27,28
1791409743.239176,-0.016599,0.642292,-1.366605,0.030406,0.644078,-1.397883,-0.071391,0.687218,-1.397930,0.099989,0.667719,-1.393301,27,27,28,27,27,28,31,27,28,30,27,28
1791409743.259170,-0.020233,0.641171,-1.373113,0.033192,0.641050,-1.401437,-0.070998,0.682010,-1.400789,0.098657,0.659877,-1.395276,27,27,28,27,27,28,31,27,28,30,27,28
1791409743.279215,-0.020717,0.649528,-1.373429,0.034100,0.645683,-1.409051,-0.067092,0.684220,-1.398641,0.101745,0.657062,-1.394739,27,27,28,27,27,28,31,27,28,30,27,28
1791409743.299296,-0.020657,0.646258,-1.373334,0.035008,0.644078,-1.421468,-0.063852,0.683464,-1.399289,0.106741,0.655063,-1.400963,27,27,28,27,27,28,31,27,28,30,27,28
1791409743.319344,-0.019385,0.642019,-1.375609,0.036673,0.642170,-1.433884,-0.059613,0.678407,-1.402448,0.110949,0.650612,-1.407740,27,27,28,27,27,28,31,27,28,30,27,28
1791409743.339331,-0.018295,0.640838,-1.382781,0.036825,0.641141,-1.445495,-0.056797,0.674168,-1.403348,0.114250,0.644163,-1.409683,27,27,28,27,27,28,31,27,28,30,27,28
1791409743.359206,-0.019113,0.639960,-1.388531,0.036189,0.638991,-1.451813,-0.055374,0.670929,-1.403522,0.115340,0.638471,-1.409762,27,27,28,27,27,28,31,27,28,30,27,28
1791409743.379365,-0.019779,0.638719,-1.390110,0.035553,0.637962,-1.456711,-0.053830,0.669051,-1.403506,0.116763,0.634929,-1.409809,27,27,28,27,27,28,31,27,28,30,27,28
1791409743.399249,-0.020263,0.638295,-1.390142,0.035402,0.637871,-1.461323,-0.051862,0.668930,-1.403506,0.118519,0.632961,-1.409857,27,27,28,27,27,28,31,27,28,30,27,28
1791409743.419709,-0.020626,0.638598,-1.390174,0.035341,0.638416,-1.465162,-0.050076,0.669263,-1.403491,0.120487,0.631659,-1.409951,27,27,28,27,27,28,31,27,28,30,27,28
1791409743.439198,-0.020778,0.640081,-1.390411,0.035462,0.639778,-1.468321,-0.047745,0.670656,-1.403522,0.122515,0.631386,-1.410094,27,27,28,27,27,28,31,27,28,30,27,28
1791409743.459089,-0.021020,0.641958,-1.390695,0.035462,0.641565,-1.470454,-0.045988,0.672503,-1.403538,0.124302,0.631628,-1.410173,27,27,28,27,27,28,31,27,28,30,27,28
1791409743.479368,-0.020929,0.644199,-1.390711,0.035765,0.643503,-1.471212,-0.043445,0.675198,-1.403570,0.126330,0.632204,-1.410236,27,27,28,27,27,28,31,27,28,30,27,28
1791409743.499277,-0.020959,0.646621,-1.390695,0.035886,0.645622,-1.472034,-0.042022,0.678044,-1.403601,0.128117,0.633384,-1.410315,27,27,28,27,27,28,31,27,28,30,27,28
1791409743.519435,-0.020838,0.649286,-1.390663,0.036250,0.647923,-1.473171,-0.040538,0.680617,-1.403649,0.129540,0.634838,-1.410410,27,27,28,27,27,28,31,27,28,30,27,28
1791409743.539177,-0.020778,0.651859,-1.390695,0.036431,0.650376,-1.474640,-0.039479,0.683252,-1.403712,0.130630,0.636291,-1.410441,27,27,28,27,27,28,31,27,28,30,27,28
1791409743.559290,-0.020717,0.653736,-1.390711,0.036462,0.652283,-1.475256,-0.038449,0.685159,-1.403759,0.131962,0.637260,-1.410504,27,27,28,27,27,28,31,27,28,30,27,28
1791409743.579214,-0.020717,0.655886,-1.390742,0.036431,0.654342,-1.475857,-0.037995,0.687309,-1.403791,0.132386,0.638956,-1.410520,27,27,28,27,27,28,31,27,28,30,27,28
1791409743.599162,-0.020838,0.657763,-1.390742,0.036431,0.655886,-1.476488,-0.037420,0.689368,-1.403807,0.132991,0.639834,-1.410536,27,27,28,27,27,28,31,27,28,30,27,28
1791409743.619258,-0.020929,0.659429,-1.390742,0.036340,0.657370,-1.477089,-0.036814,0.690821,-1.403807,0.133446,0.640591,-1.410552,27,27,28,27,27,28,31,27,28,30,27,28
1791409743.639305,-0.021081,0.660670,-1.390742,0.036159,0.658520,-1.477815,-0.036451,0.692183,-1.403807,0.133900,0.640984,-1.410583,27,27,28,27,27,28,31,27,28,30,27,28
1791409743.659186,-0.021202,0.661518,-1.390758,0.036098,0.659398,-1.478889,-0.035906,0.693122,-1.403807,0.134505,0.641287,-1.410583,27,27,28,27,27,28,31,27,28,30,27,28
1791409743.679235,-0.021323,0.662305,-1.390758,0.036098,0.660307,-1.479253,-0.035331,0.694091,-1.403807,0.135141,0.641650,-1.410583,27,27,28,27,27,28,31,27,28,30,27,28
1791409743.699250,-0.021323,0.663213,-1.390758,0.036068,0.661003,-1.479585,-0.034876,0.695120,-1.403822,0.135838,0.642135,-1.410599,27,27,28,27,27,28,31,27,28,30,27,28
1791409743.719269,-0.021383,0.663758,-1.390774,0.035947,0.661185,-1.479964,-0.034392,0.695696,-1.403807,0.136292,0.642226,-1.410599,27,27,28,27,27,28,31,27,28,30,27,28
1791409743.739177,-0.021353,0.664273,-1.390758,0.035886,0.661578,-1.480548,-0.033787,0.696271,-1.403791,0.136716,0.642256,-1.410583,27,27,28,27,27,28,31,27,28,30,27,28
1791409743.759290,-0.021383,0.664788,-1.390758,0.035917,0.661972,-1.480833,-0.033363,0.696755,-1.403791,0.137170,0.642498,-1.410568,27,27,28,27,27,28,31,27,28,30,27,28
1791409743.779583,-0.021383,0.665151,-1.390742,0.035977,0.662214,-1.480943,-0.033151,0.697300,-1.403807,0.137351,0.642801,-1.410552,27,27,28,27,27,28,31,27,28,30,27,28
1791409743.799389,-0.021383,0.665514,-1.390758,0.035947,0.662487,-1.480943,-0.032999,0.697755,-1.403807,0.137442,0.643255,-1.410568,27,27,28,27,27,28,31,27,28,30,27,28
1791409743.819252,-0.021414,0.666029,-1.390774,0.035886,0.662789,-1.480959,-0.032848,0.698269,-1.403807,0.137533,0.643467,-1.410583,27,27,28,27,27,28,31,27,28,30,27,28
1791409743.839264,-0.021444,0.666453,-1.390774,0.035886,0.663183,-1.480959,-0.032757,0.698784,-1.403822,0.137594,0.643800,-1.410599,27,27,28,27,27,28,31,27,28,30,27,28
1791409743.859703,-0.021565,0.666968,-1.390774,0.035765,0.663577,-1.481006,-0.032757,0.699268,-1.403807,0.137684,0.644103,-1.410568,27,27,28,27,27,28,31,27,28,30,27,28
1791409743.879145,-0.021565,0.667422,-1.390774,0.035735,0.664091,-1.481022,-0.032636,0.699723,-1.403807,0.137684,0.644496,-1.410615,27,27,28,27,27,28,31,27,28,30,27,28
1791409743.899278,-0.021565,0.667906,-1.390774,0.035735,0.664667,-1.481038,-0.032575,0.700086,-1.403807,0.137715,0.645041,-1.410615,27,27,28,27,27,28,31,27,28,30,27,28
1791409743.919184,-0.021565,0.668300,-1.390774,0.035765,0.665030,-1.481038,-0.032575,0.700510,-1.403791,0.137775,0.645617,-1.410599,27,27,28,27,27,28,31,27,28,30,27,28
1791409743.939205,-0.021535,0.668784,-1.390758,0.035735,0.665363,-1.481054,-0.032333,0.701055,-1.403791,0.137927,0.646101,-1.410599,27,27,28,27,27,28,31,27,28,30,27,28
1791409743.959212,-0.021565,0.669117,-1.390790,0.035705,0.665787,-1.481069,-0.032182,0.701509,-1.403807,0.137927,0.646707,-1.410615,27,27,28,27,27,28,31,27,28,30,27,28
1791409743.979270,-0.021565,0.669784,-1.390774,0.035735,0.666059,-1.481069,-0.032121,0.702236,-1.403807,0.138048,0.647040,-1.410599,27,27,28,27,27,28,31,27,28,30,27,28
1791409743.999271,-0.021565,0.670298,-1.390790,0.035735,0.666453,-1.481069,-0.032000,0.702811,-1.403807,0.138169,0.647403,-1.410583,27,27,28,27,27,28,31,27,28,30,27,28
1791409744.019289,-0.021565,0.670752,-1.390774,0.035735,0.666877,-1.481054,-0.032030,0.703204,-1.403791,0.138229,0.647857,-1.410631,27,27,28,27,27,28,31,27,28,30,27,28
1791409744.039238,-0.021565,0.671176,-1.390790,0.035674,0.667240,-1.481069,-0.032000,0.703598,-1.403807,0.138290,0.648130,-1.410647,27,27,28,27,27,28,31,27,28,30,27,28
1791409744.059139,-0.021565,0.671540,-1.390774,0.035705,0.667725,-1.481054,-0.031940,0.703931,-1.403807,0.138290,0.648463,-1.410631,27,27,28,27,27,28,31,27,28,30,27,28
1791409744.079199,-0.021565,0.671752,-1.390790,0.035705,0.668209,-1.481054,-0.031879,0.704143,-1.403822,0.138320,0.648826,-1.410631,27,27,28,27,27,28,31,27,28,30,27,28
1791409744.099225,-0.021686,0.672145,-1.390790,0.035674,0.668391,-1.481069,-0.031758,0.704628,-1.403807,0.138381,0.648917,-1.410647,27,27,28,27,27,28,31,27,28,30,27,28
1791409744.119216,-0.021686,0.672357,-1.390790,0.035644,0.668633,-1.481085,-0.031758,0.704839,-1.403807,0.138411,0.649129,-1.410647,27,27,28,27,27,28,31,27,28,30,27,28
1791409744.139300,-0.021716,0.672478,-1.390774,0.035674,0.668845,-1.481085,-0.031758,0.705082,-1.403807,0.138441,0.649280,-1.410662,27,27,28,27,27,28,31,27,28,30,27,28
1791409744.159167,-0.021656,0.672569,-1.390805,0.035644,0.669057,-1.481085,-0.031697,0.705263,-1.403822,0.138472,0.649583,-1.410647,27,27,28,27,27,28,31,27,28,30,27,28
1791409744.179384,-0.021626,0.672690,-1.390790,0.035614,0.669148,-1.481085,-0.031697,0.705415,-1.403807,0.138502,0.649795,-1.410662,27,27,28,27,27,28,31,27,28,30,27,28
1791409744.199127,-0.021686,0.672872,-1.390790,0.035614,0.669208,-1.481085,-0.031697,0.705657,-1.403822,0.138502,0.649825,-1.410662,27,27,28,27,27,28,31,27,28,30,27,28
1791409744.219254,-0.021686,0.673023,-1.390758,0.035644,0.669269,-1.481085,-0.031607,0.705869,-1.403807,0.138593,0.649916,-1.410678,27,27,28,27,27,28,31,27,28,30,27,28
1791409744.239219,-0.021716,0.673175,-1.390790,0.035614,0.669360,-1.481085,-0.031576,0.706051,-1.403807,0.138593,0.650128,-1.410662,27,27,28,27,27,28,31,27,28,30,27,28
1791409744.259239,-0.021686,0.673265,-1.390774,0.035583,0.669481,-1.481101,-0.031637,0.706232,-1.403807,0.138623,0.650249,-1.410678,27,27,28,27,27,28,31,27,28,30,27,28
1791409744.279194,-0.021686,0.673296,-1.390774,0.035614,0.669662,-1.481101,-0.031607,0.706353,-1.403807,0.138623,0.650370,-1.410662,27,27,28,27,27,28,31,27,28,30,27,28
1791409744.299521,-0.021686,0.673447,-1.390790,0.035583,0.669753,-1.481101,-0.031607,0.706505,-1.403807,0.138623,0.650431,-1.410678,27,27,28,27,27,28,31,27,28,30,27,28
1791409744.319237,-0.021777,0.673599,-1.390790,0.035553,0.669784,-1.481117,-0.031546,0.706747,-1.403822,0.138653,0.650673,-1.410647,27,27,28,27,27,28,31,27,28,30,27,28
1791409744.339300,-0.021807,0.673780,-1.390790,0.035583,0.669935,-1.481069,-0.031516,0.706898,-1.403822,0.138653,0.650794,-1.410662,27,27,28,27,27,28,31,27,28,30,27,28
1791409744.359175,-0.021868,0.674053,-1.390790,0.035553,0.670026,-1.481101,-0.031516,0.707110,-1.403807,0.138714,0.650915,-1.410647,27,27,28,27,27,28,31,27,28,30,27,28
1791409744.379276,-0.021777,0.674144,-1.390774,0.035553,0.670207,-1.481148,-0.031546,0.707171,-1.403822,0.138684,0.651067,-1.410678,27,27,28,27,27,28,31,27,28,30,27,28
1791409744.399190,-0.021747,0.674144,-1.390774,0.035553,0.670298,-1.481101,-0.031546,0.707171,-1.403838,0.138714,0.651309,-1.410678,27,27,28,27,27,28,31,27,28,30,27,28
1791409744.419227,-0.021777,0.674234,-1.390790,0.035583,0.670359,-1.481117,-0.031516,0.707231,-1.403807,0.138653,0.651430,-1.410678,27,27,28,27,27,28,31,27,28,30,27,28
1791409744.439134,-0.021807,0.674416,-1.390790,0.035553,0.670510,-1.481117,-0.031485,0.707322,-1.403822,0.138714,0.651460,-1.410662,27,27,28,27,27,28,31,27,28,30,27,28
1791409744.459258,-0.021837,0.674688,-1.390805,0.035553,0.670571,-1.481117,-0.031455,0.707625,-1.403822,0.138684,0.651521,-1.410647,27,27,28,27,27,28,31,27,28,30,27,28
1791409744.479345,-0.021868,0.674870,-1.390790,0.035493,0.670662,-1.481101,-0.031485,0.707746,-1.403822,0.138744,0.651551,-1.410694,27,27,28,27,27,28,31,27,28,30,27,28
1791409744.499320,-0.021837,0.674840,-1.390805,0.035523,0.670783,-1.481117,-0.031455,0.707716,-1.403822,0.138684,0.651672,-1.410662,27,27,28,27,27,28,31,27,28,30,27,28
1791409744.519168,-0.021807,0.674870,-1.390805,0.035523,0.670904,-1.481101,-0.031485,0.707716,-1.403838,0.138714,0.651793,-1.410662,27,27,28,27,27,28,31,27,28,30,27,28
1791409744.539276,-0.021777,0.674870,-1.390805,0.035523,0.670934,-1.481117,-0.031485,0.707716,-1.403822,0.138714,0.651884,-1.410678,27,27,28,27,27,28,31,27,28,30,27,28
1791409744.559180,-0.021837,0.674991,-1.390805,0.035523,0.670934,-1.481117,-0.031485,0.707807,-1.403822,0.138774,0.651854,-1.410662,27,27,28,27,27,28,31,27,28,30,27,28
1791409744.579317,-0.021898,0.675112,-1.390805,0.035462,0.670964,-1.481101,-0.031425,0.707867,-1.403822,0.138714,0.651914,-1.410647,27,27,28,27,27,28,31,27,28,30,27,28
1791409744.599177,-0.021868,0.675203,-1.390805,0.035462,0.670964,-1.481101,-0.031455,0.708019,-1.403822,0.138805,0.651884,-1.410647,27,27,28,27,27,28,31,27,28,30,27,28
1791409744.619273,-0.021837,0.675173,-1.390790,0.035493,0.671085,-1.481117,-0.031455,0.708019,-1.403791,0.138774,0.651975,-1.410678,27,27,28,27,27,28,31,27,28,30,27,28
1791409744.639355,-0.021807,0.675143,-1.390805,0.035493,0.671116,-1.481117,-0.031455,0.708049,-1.403822,0.138835,0.652035,-1.410678,27,27,28,27,27,28,31,27,28,30,27,28
1791409744.659173,-0.021837,0.675173,-1.390805,0.035493,0.671116,-1.481101,-0.031455,0.708019,-1.403822,0.138805,0.652035,-1.410694,27,27,28,27,27,28,31,27,28,30,27,28
1791409744.679171,-0.021928,0.675233,-1.390805,0.035462,0.671116,-1.481117,-0.031425,0.708049,-1.403807,0.138744,0.652035,-1.410662,27,27,28,27,27,28,31,27,28,30,27,28
1791409744.699243,-0.021959,0.675355,-1.390805,0.035462,0.671116,-1.481117,-0.031364,0.708230,-1.403807,0.138805,0.652066,-1.410662,27,27,28,27,27,28,31,27,28,30,27,28
1791409744.719130,-0.021928,0.675445,-1.390805,0.035493,0.671267,-1.481117,-0.031425,0.708261,-1.403822,0.138835,0.652066,-1.410647,27,27,28,27,27,28,31,27,28,30,27,28
1791409744.739218,-0.021898,0.675415,-1.390790,0.035462,0.671328,-1.481133,-0.031425,0.708230,-1.403822,0.138805,0.652217,-1.410662,27,27,28,27,27,28,31,27,28,30,27,28
1791409744.759246,-0.021928,0.675415,-1.390805,0.035462,0.671449,-1.481117,-0.031395,0.708230,-1.403822,0.138805,0.652247,-1.410662,27,27,28,27,27,28,31,27,28,30,27,28
1791409744.779545,-0.021959,0.675536,-1.390805,0.035462,0.671479,-1.481101,-0.031425,0.708321,-1.403822,0.138774,0.652278,-1.410662,27,27,28,27,27,28,31,27,28,30,27,28
1791409744.799221,-0.021959,0.675567,-1.390790,0.035462,0.671509,-1.481117,-0.031425,0.708442,-1.403822,0.138805,0.652399,-1.410647,27,27,28,27,27,28,31,27,28,30,27,28
1791409744.819222,-0.021959,0.675748,-1.390774,0.035462,0.671570,-1.481133,-0.031364,0.708503,-1.403822,0.138835,0.652429,-1.410678,27,27,28,27,27,28,31,27,28,30,27,28
1791409744.839104,-0.021989,0.675779,-1.390790,0.035432,0.671631,-1.481117,-0.031395,0.708533,-1.403807,0.138835,0.652490,-1.410662,27,27,28,27,27,28,31,27,28,30,27,28
1791409744.859014,-0.021928,0.675779,-1.390774,0.035462,0.671752,-1.481133,-0.031395,0.708503,-1.403822,0.138865,0.652490,-1.410678,27,27,28,27,27,28,31,27,28,30,27,28
1791409744.879334,-0.021898,0.675718,-1.390790,0.035493,0.671842,-1.481133,-0.031395,0.708503,-1.403807,0.138805,0.652641,-1.410662,27,27,28,27,27,28,31,27,28,30,27,28
1791409744.899237,-0.021928,0.675779,-1.390790,0.035493,0.671812,-1.481117,-0.031425,0.708533,-1.403838,0.138805,0.652641,-1.410678,27,27,28,27,27,28,31,27,28,30,27,28
1791409744.919228,-0.022019,0.675869,-1.390790,0.035493,0.671812,-1.481117,-0.031364,0.708685,-1.403807,0.138835,0.652671,-1.410647,27,27,28,27,27,28,31,27,28,30,27,28
1791409744.939323,-0.022110,0.675990,-1.390790,0.035432,0.671842,-1.481117,-0.031364,0.708957,-1.403838,0.138835,0.652671,-1.410662,27,27,28,27,27,28,31,27,28,30,27,28
1791409744.959169,-0.022110,0.676051,-1.390790,0.035462,0.671933,-1.481101,-0.031395,0.708987,-1.403807,0.138805,0.652702,-1.410662,27,27,28,27,27,28,31,27,28,30,27,28
1791409744.979306,-0.022049,0.676051,-1.390790,0.035432,0.672054,-1.481117,-0.031395,0.708957,-1.403838,0.138774,0.652792,-1.410678,27,27,28,27,27,28,31,27,28,30,27,28
1791409744.999177,-0.022019,0.676051,-1.390821,0.035432,0.672145,-1.481117,-0.031395,0.708987,-1.403822,0.138865,0.652913,-1.410647,27,27,28,27,27,28,31,27,28,30,27,28
1791409745.019223,-0.022049,0.676112,-1.390805,0.035432,0.672145,-1.481133,-0.031395,0.709018,-1.403854,0.138865,0.653004,-1.410631,27,27,28,27,27,28,31,27,28,30,27,28
1791409745.039446,-0.022080,0.676354,-1.390805,0.035432,0.672175,-1.481117,-0.031364,0.709199,-1.403822,0.138865,0.653004,-1.410694,27,27,28,27,27,28,31,27,28,30,27,28
1791409745.059225,-0.022110,0.676475,-1.390790,0.035402,0.672327,-1.481133,-0.031364,0.709532,-1.403838,0.138896,0.653065,-1.410678,27,27,28,27,27,28,31,27,28,30,27,28
1791409745.079130,-0.022110,0.676596,-1.390790,0.035462,0.672448,-1.481117,-0.031364,0.709654,-1.403822,0.138896,0.653247,-1.410678,27,27,28,27,27,28,31,27,28,30,27,28
1791409745.099243,-0.022110,0.676687,-1.390790,0.035432,0.672660,-1.481117,-0.031364,0.709714,-1.403822,0.138865,0.653458,-1.410678,27,27,28,27,27,28,31,27,28,30,27,28
1791409745.119115,-0.022080,0.676717,-1.390805,0.035432,0.672751,-1.481117,-0.031364,0.709775,-1.403807,0.138865,0.653640,-1.410678,27,27,28,27,27,28,31,27,28,30,27,28
1791409745.139328,-0.022110,0.676838,-1.390790,0.035493,0.672842,-1.481133,-0.031364,0.709926,-1.403807,0.138865,0.653792,-1.410694,27,27,28,27,27,28,31,27,28,30,27,28
1791409745.159171,-0.022201,0.676959,-1.390821,0.035462,0.672993,-1.481117,-0.031304,0.710138,-1.403838,0.138865,0.653943,-1.410647,27,27,28,27,27,28,31,27,28,30,27,28
1791409745.179227,-0.021171,0.682106,-1.391580,0.033646,0.680683,-1.481654,-0.031667,0.716375,-1.402574,0.136625,0.659151,-1.409999,27,27,28,27,27,28,31,27,28,30,27,28
1791409745.199266,-0.019900,0.694248,-1.403475,0.022292,0.692371,-1.489758,-0.036088,0.727790,-1.401011,0.134687,0.667961,-1.410536,27,27,28,27,27,28,31,27,28,30,27,28
1791409745.219256,-0.020626,0.699425,-1.417029,0.014631,0.701424,-1.493344,-0.042173,0.733452,-1.400679,0.129176,0.675531,-1.413601,27,27,28,27,27,28,31,27,28,30,27,28
1791409745.239029,-0.023382,0.699758,-1.437217,0.010302,0.708781,-1.495508,-0.046866,0.737146,-1.400379,0.124786,0.679437,-1.414217,27,27,28,27,27,28,31,27,28,30,27,28
1791409745.259219,-0.027802,0.708660,-1.456268,0.004973,0.721164,-1.499410,-0.053830,0.743231,-1.400331,0.119518,0.686007,-1.415275,27,27,28,27,27,28,31,27,28,30,27,28
1791409745.279178,-0.031557,0.722255,-1.472018,-0.000568,0.733699,-1.503738,-0.059371,0.750377,-1.400521,0.114250,0.694818,-1.418103,27,27,28,27,27,28,31,27,28,30,27,28
1791409745.299398,-0.035372,0.736303,-1.482712,-0.003626,0.749535,-1.505128,-0.063913,0.760732,-1.400568,0.110253,0.704991,-1.422858,27,27,28,27,27,28,31,27,28,30,27,28
1791409745.319257,-0.037037,0.752683,-1.491227,-0.005715,0.764885,-1.505191,-0.066910,0.773176,-1.400584,0.108255,0.714498,-1.430551,27,27,28,27,27,28,31,27,28,30,27,28
1791409745.339280,-0.038430,0.768882,-1.503533,-0.006926,0.779752,-1.504907,-0.069393,0.785499,-1.400568,0.107074,0.726427,-1.441640,27,27,28,27,27,28,31,27,28,30,27,28
1791409745.359176,-0.041155,0.788108,-1.522868,-0.008803,0.793195,-1.504670,-0.072148,0.793976,-1.400157,0.105469,0.734481,-1.464609,27,27,28,27,27,28,31,27,28,30,27,28
1791409745.379270,-0.045484,0.813874,-1.553309,-0.010317,0.804852,-1.504623,-0.075024,0.799457,-1.395482,0.099081,0.718464,-1.505507,27,27,28,27,27,28,31,27,28,30,27,28
1791409745.399304,-0.051600,0.854870,-1.608330,-0.008743,0.815055,-1.504639,-0.074934,0.803938,-1.389384,0.091269,0.691729,-1.560465,27,27,28,27,27,28,31,27,28,30,27,28
1791409745.419217,-0.055476,0.905645,-1.682007,-0.009348,0.823866,-1.504607,-0.075206,0.812839,-1.386967,0.081247,0.658121,-1.630983,27,27,28,27,27,28,31,27,28,30,27,28
1791409745.439316,-0.057444,0.966170,-1.768543,-0.008168,0.834312,-1.504417,-0.074994,0.821438,-1.382417,0.076463,0.631295,-1.683839,27,27,28,27,27,28,31,27,28,30,27,28
1791409745.459250,-0.067708,0.988273,-1.872708,-0.005382,0.846514,-1.504133,-0.073450,0.829674,-1.377489,0.075404,0.613522,-1.721626,27,27,28,27,27,28,31,27,28,30,27,28
1791409745.479130,-0.086359,0.952182,-1.953320,-0.004474,0.857625,-1.504244,-0.072027,0.837879,-1.374393,0.071407,0.598565,-1.741514,27,27,28,27,27,28,31,27,28,30,27,28
1791409745.499273,-0.096017,0.874187,-1.987078,-0.004534,0.868828,-1.504386,-0.071512,0.847386,-1.372086,0.066351,0.573132,-1.744500,27,27,28,27,27,28,31,27,28,30,27,28
1791409745.519070,-0.085874,0.779782,-1.964409,-0.004988,0.881151,-1.504386,-0.070876,0.856621,-1.372244,0.056813,0.548759,-1.741641,27,27,28,27,27,28,31,27,28,30,27,28
1791409745.539209,-0.060169,0.720741,-1.899863,-0.004504,0.896138,-1.504307,-0.069635,0.868701,-1.372307,0.040766,0.533711,-1.737296,27,27,28,27,27,28,31,27,28,30,27,28
1791409745.559269,-0.017599,0.684347,-1.802775,-0.003626,0.911701,-1.504291,-0.067395,0.882750,-1.372339,0.020329,0.529745,-1.728308,27,27,28,27,27,28,31,27,28,30,27,28
1791409745.579408,0.018765,0.665333,-1.696335,-0.002536,0.929080,-1.504449,-0.065154,0.897344,-1.372402,0.002041,0.530532,-1.719793,27,27,28,27,27,28,31,27,28,30,27,28
1791409745.599338,0.020733,0.667452,-1.660839,0.003277,0.945006,-1.504986,-0.056555,0.913936,-1.372497,0.004403,0.533650,-1.709541,27,27,28,27,27,28,31,27,28,30,27,28
1791409745.619294,0.034812,0.695277,-1.660981,0.013905,0.958571,-1.500768,-0.042416,0.937401,-1.370917,0.011094,0.549273,-1.690016,27,27,28,27,27,28,31,27,28,30,27,28
1791409745.639171,0.037900,0.731277,-1.658580,0.020778,0.971136,-1.480785,-0.037662,0.959383,-1.368327,0.000164,0.581035,-1.658138,27,27,28,27,27,28,31,27,28,30,27,28
1791409745.659184,0.048134,0.753895,-1.654599,0.024623,0.984276,-1.468843,-0.036693,0.981061,-1.369101,-0.021000,0.628025,-1.609009,27,27,28,27,27,28,31,27,28,30,27,28
1791409745.679333,0.054734,0.776209,-1.651740,0.030981,1.001565,-1.465083,-0.035088,1.000136,-1.370112,-0.041407,0.667023,-1.554115,27,27,28,27,27,28,31,27,28,30,27,28
1791409745.699203,0.051919,0.794830,-1.649939,0.027832,1.013373,-1.464720,-0.036572,1.013822,-1.374519,-0.043950,0.679194,-1.557084,27,27,28,27,27,28,31,27,28,30,27,28
1791409745.719262,0.052252,0.809030,-1.649434,0.028196,1.023940,-1.470612,-0.036754,1.015941,-1.383887,-0.047765,0.692607,-1.553530,27,27,28,27,27,28,31,27,28,30,27,28
1791409745.739405,0.052797,0.820051,-1.649007,0.033282,1.038594,-1.503896,-0.042295,1.006495,-1.411500,-0.051701,0.702811,-1.545126,27,27,28,27,27,28,31,27,28,30,27,28
1791409745.759197,0.051525,0.830588,-1.648802,0.037763,1.073413,-1.550829,-0.045867,0.995928,-1.471923,-0.053670,0.705263,-1.536169,27,27,28,27,27,28,31,27,28,30,27,28
1791409745.779290,0.048709,0.841548,-1.648659,0.044939,1.133423,-1.633605,-0.055980,0.986572,-1.569927,-0.056606,0.711743,-1.529661,27,27,28,27,27,28,31,27,28,30,27,28
1791409745.799294,0.042290,0.856717,-1.648217,0.063742,1.187560,-1.767990,-0.079748,0.991780,-1.660792,-0.063086,0.724035,-1.528445,27,27,28,27,27,28,31,27,28,30,27,28
1791409745.819131,0.037930,0.868889,-1.646401,0.097289,1.183018,-1.879943,-0.100125,0.986723,-1.737723,-0.068445,0.737388,-1.525996,27,27,28,27,27,28,31,27,28,30,27,28
1791409745.839226,0.032783,0.879849,-1.638376,0.124388,1.104751,-1.975199,-0.120047,0.955295,-1.781354,-0.072896,0.746925,-1.519567,27,27,28,27,27,28,31,27,28,30,27,28
1791409745.859253,0.030058,0.888720,-1.630714,0.137286,0.978312,-2.041293,-0.133612,0.912089,-1.804228,-0.074924,0.755978,-1.514132,27,27,28,27,27,28,31,27,28,30,27,28
1791409745.879230,0.029150,0.895805,-1.618203,0.131442,0.809545,-2.074483,-0.133733,0.853775,-1.816076,-0.074228,0.766878,-1.510389,27,27,28,27,27,28,31,27,28,30,27,28
1791409745.899184,0.031512,0.906978,-1.609910,0.101286,0.681198,-2.071197,-0.121712,0.778111,-1.826218,-0.071624,0.781623,-1.509141,27,27,28,27,27,28,31,27,28,30,27,28
1791409745.919179,0.034115,0.917333,-1.601616,0.067405,0.585430,-2.051119,-0.095492,0.703598,-1.828919,-0.068960,0.798003,-1.508604,27,27,28,27,27,28,31,27,28,30,27,28
1791409745.939252,0.035205,0.922450,-1.597651,0.033737,0.533656,-2.014865,-0.064215,0.621213,-1.828398,-0.068112,0.814656,-1.508619,27,27,28,27,27,28,31,27,28,30,27,28
1791409745.959102,0.035508,0.935529,-1.592944,0.004579,0.509979,-1.971313,-0.032454,0.561718,-1.819978,-0.067688,0.831763,-1.508635,27,27,28,27,27,28,31,27,28,30,27,28
1791409745.979392,0.035750,0.950214,-1.590100,-0.018432,0.506709,-1.919325,-0.002207,0.519511,-1.800737,-0.067385,0.849687,-1.508667,27,27,28,27,27,28,31,27,28,30,27,28
1791409745.999259,0.036023,0.963173,-1.584934,-0.038445,0.513188,-1.857496,0.016928,0.494229,-1.767232,-0.066901,0.865371,-1.508635,27,27,28,27,27,28,31,27,28,30,27,28
1791409746.019206,0.037870,0.975072,-1.578379,-0.054583,0.526722,-1.785588,0.030917,0.486629,-1.728513,-0.063691,0.881812,-1.508540,27,27,28,27,27,28,31,27,28,30,27,28
1791409746.039256,0.042169,0.986850,-1.572455,-0.068238,0.547220,-1.713933,0.039122,0.489687,-1.685577,-0.058908,0.896920,-1.508398,27,27,28,27,27,28,31,27,28,30,27,28
1791409746.059250,0.046711,1.000929,-1.567194,-0.076262,0.574409,-1.639260,0.043149,0.497257,-1.649939,-0.053700,0.912210,-1.507482,27,27,28,27,27,28,31,27,28,30,27,28
1791409746.079111,0.047014,1.014796,-1.564509,-0.069570,0.592455,-1.621568,0.038849,0.506461,-1.622058,-0.052549,0.926743,-1.503422,27,27,28,27,27,28,31,27,28,30,27,28
1791409746.099190,0.042381,1.024697,-1.547448,-0.075686,0.616707,-1.624538,0.035852,0.521842,-1.598204,-0.056273,0.944093,-1.497309,27,27,28,27,27,28,31,27,28,30,27,28
1791409746.119231,0.039898,1.030268,-1.526075,-0.075898,0.640596,-1.623337,0.047963,0.542582,-1.560118,-0.053548,0.962198,-1.492743,27,27,28,27,27,28,31,27,28,30,27,28
1791409746.139200,0.038354,1.037686,-1.508983,-0.076019,0.661911,-1.615976,0.067189,0.574676,-1.505239,-0.046040,0.978488,-1.487609,27,27,28,27,27,28,31,27,28,30,27,28
1791409746.159487,0.039111,1.042379,-1.500800,-0.073022,0.680653,-1.609436,0.076545,0.587938,-1.495650,-0.035109,0.991386,-1.484387,27,27,28,27,27,28,31,27,28,30,27,28
1791409746.179255,0.041473,1.049857,-1.509156,-0.070509,0.700243,-1.607745,0.085598,0.606014,-1.491480,-0.027601,0.996230,-1.470248,27,27,28,27,27,28,31,27,28,30,27,28
1791409746.199215,0.037264,1.043136,-1.544320,-0.070600,0.714292,-1.601063,0.085719,0.622575,-1.489774,-0.026844,1.004526,-1.464672,27,27,28,27,27,28,31,27,28,30,27,28
1791409746.219384,0.034146,1.009619,-1.619435,-0.069903,0.729491,-1.599720,0.085568,0.639622,-1.489663,-0.025754,1.013156,-1.465904,27,27,28,27,27,28,31,27,28,30,27,28
1791409746.239206,0.030512,0.952182,-1.700647,-0.072598,0.742995,-1.599673,0.084932,0.651854,-1.489426,-0.025148,1.015487,-1.471639,27,27,28,27,27,28,31,27,28,30,27,28
1791409746.259201,0.023882,0.871220,-1.770217,-0.077261,0.756317,-1.599689,0.082903,0.662663,-1.487072,-0.020970,0.997775,-1.476425,27,27,28,27,27,28,31,27,28,30,27,28
1791409746.279187,0.014041,0.779025,-1.816107,-0.085496,0.768519,-1.599815,0.080148,0.674653,-1.486188,-0.013310,0.970222,-1.499536,27,27,28,27,27,28,31,27,28,30,27,28
1791409746.299188,0.004746,0.684286,-1.845727,-0.090038,0.781265,-1.599815,0.077393,0.686249,-1.486093,0.001557,0.917963,-1.562029,27,27,28,27,27,28,31,27,28,30,27,28
1791409746.319227,0.002415,0.611408,-1.860765,-0.090068,0.794678,-1.600005,0.080602,0.701691,-1.486109,0.015121,0.838727,-1.630319,27,27,28,27,27,28,31,27,28,30,27,28
1791409746.339329,0.001385,0.552700,-1.861524,-0.090159,0.807365,-1.600179,0.082721,0.715800,-1.486156,0.024416,0.751406,-1.670396,27,27,28,27,27,28,31,27,28,30,27,28
1791409746.359240,0.002354,0.520909,-1.853436,-0.090765,0.822897,-1.600036,0.082570,0.733694,-1.486219,0.023175,0.678165,-1.669954,27,27,28,27,27,28,31,27,28,30,27,28
1791409746.379476,0.003505,0.503923,-1.833958,-0.090462,0.836613,-1.599957,0.083024,0.749014,-1.486298,0.019027,0.642286,-1.653841,27,27,28,27,27,28,31,27,28,30,27,28
1791409746.399258,0.003293,0.498261,-1.805050,-0.090068,0.854264,-1.599752,0.082691,0.767181,-1.486362,0.013456,0.628116,-1.629893,27,27,28,27,27,28,31,27,28,30,27,28
1791409746.419214,0.004565,0.499261,-1.773550,-0.089826,0.872613,-1.599610,0.081662,0.785166,-1.486567,0.008006,0.631174,-1.601063,27,27,28,27,27,28,31,27,28,30,27,28
1791409746.439272,0.007501,0.502440,-1.741103,-0.090613,0.890143,-1.599515,0.080239,0.803847,-1.486804,0.004887,0.637018,-1.567716,27,27,28,27,27,28,31,27,28,30,27,28
1791409746.459119,0.013890,0.507133,-1.710615,-0.092369,0.909400,-1.599326,0.078422,0.822013,-1.487420,0.003434,0.640106,-1.539060,27,27,28,27,27,28,31,27,28,30,27,28
1791409746.479269,0.019219,0.510312,-1.681517,-0.097759,0.924963,-1.599199,0.074425,0.838878,-1.487973,0.001345,0.645556,-1.537228,27,27,28,27,27,28,31,27,28,30,27,28
1791409746.499262,0.028665,0.515610,-1.648280,-0.105328,0.938315,-1.598867,0.069187,0.849445,-1.487515,-0.004832,0.660210,-1.538112,27,27,28,27,27,28,31,27,28,30,27,28
1791409746.519280,0.045863,0.527933,-1.610715,-0.111686,0.953787,-1.597920,0.063132,0.862858,-1.487136,-0.010130,0.675137,-1.538965,27,27,28,27,27,28,31,27,28,30,27,28
1791409746.539102,0.068026,0.543466,-1.570654,-0.117227,0.969471,-1.597777,0.056864,0.875151,-1.487199,-0.015853,0.691063,-1.544147,27,27,28,27,27,28,31,27,28,30,27,28
1791409746.559137,0.068965,0.561299,-1.567400,-0.117712,0.984185,-1.597888,0.056108,0.886807,-1.487230,-0.014914,0.707686,-1.548285,27,27,28,27,27,28,31,27,28,30,27,28
1791409746.579354,0.073718,0.589760,-1.568837,-0.117863,0.996902,-1.597161,0.061285,0.907426,-1.487625,-0.011039,0.728971,-1.551034,27,27,28,27,27,28,31,27,28,30,27,28
1791409746.599342,0.071569,0.611742,-1.568853,-0.118166,1.007075,-1.586309,0.062133,0.928106,-1.488652,-0.011190,0.749680,-1.549976,27,27,28,27,27,28,31,27,28,30,27,28
1791409746.619038,0.070146,0.632330,-1.568648,-0.114593,1.017642,-1.575962,0.060165,0.945576,-1.490532,-0.015338,0.775174,-1.548507,27,27,28,27,27,28,31,27,28,30,27,28
1791409746.639340,0.070055,0.652616,-1.568190,-0.112655,1.027603,-1.567574,0.058469,0.962259,-1.491448,-0.016216,0.794067,-1.548301,27,27,28,27,27,28,31,27,28,30,27,28
1791409746.659346,0.069056,0.673023,-1.567637,-0.112080,1.037958,-1.562803,0.057167,0.976489,-1.493691,-0.017246,0.809509,-1.547812,27,27,28,27,27,28,31,27,28,30,27,28
1791409746.679305,0.068601,0.689555,-1.567037,-0.112019,1.049343,-1.562298,0.056259,0.990962,-1.499094,-0.018608,0.825647,-1.546722,27,27,28,27,27,28,31,27,28,30,27,28
1791409746.699356,0.068601,0.705360,-1.566673,-0.110475,1.058153,-1.571144,0.054442,1.004012,-1.510120,-0.020273,0.838091,-1.543989,27,27,28,27,27,28,31,27,28,30,27,28
1791409746.719262,0.068783,0.720559,-1.566452,-0.105025,1.067994,-1.600889,0.049386,1.011944,-1.523263,-0.022514,0.849839,-1.539329,27,27,28,27,27,28,31,27,28,30,27,28
1791409746.739494,0.069540,0.734577,-1.566389,-0.072114,1.044044,-1.664693,0.026981,0.995806,-1.547196,-0.023755,0.858952,-1.535395,27,27,28,27,27,28,31,27,28,30,27,28
1791409746.759310,0.071690,0.748808,-1.566705,-0.029846,0.990180,-1.741277,0.003243,0.965680,-1.587494,-0.025209,0.874787,-1.535664,27,27,28,27,27,28,31,27,28,30,27,28
1791409746.779346,0.071569,0.762403,-1.566736,0.010907,0.893595,-1.790216,-0.021100,0.920355,-1.630177,-0.027601,0.887292,-1.536106,27,27,28,27,27,28,31,27,28,30,27,28
1791409746.799195,0.071024,0.778540,-1.566420,0.037612,0.783445,-1.807593,-0.037844,0.854441,-1.651550,-0.029690,0.907426,-1.536359,27,27,28,27,27,28,31,27,28,30,27,28
1791409746.819130,0.067966,0.792135,-1.566152,0.046453,0.693006,-1.801685,-0.035270,0.848688,-1.633289,-0.030840,0.922807,-1.536801,27,27,28,27,27,28,31,27,28,30,27,28
1791409746.839175,0.069540,0.803247,-1.566057,0.043789,0.620340,-1.783897,-0.024824,0.853805,-1.610620,-0.025572,0.930710,-1.535774,27,27,28,27,27,28,31,27,28,30,27,28
1791409746.859380,0.077564,0.813602,-1.566136,0.031980,0.586763,-1.755810,-0.014379,0.863282,-1.610257,-0.016216,0.937250,-1.535537,27,27,28,27,27,28,31,27,28,30,27,28
1791409746.879188,0.082953,0.824593,-1.566262,0.002944,0.583341,-1.714959,-0.004750,0.874666,-1.610036,-0.006406,0.950966,-1.535474,27,27,28,27,27,28,31,27,28,30,27,28
1791409746.899220,0.091612,0.836159,-1.566594,-0.023488,0.593272,-1.657917,0.000851,0.884779,-1.609831,0.000436,0.964439,-1.535537,27,27,28,27,27,28,31,27,28,30,27,28
1791409746.919286,0.099091,0.846665,-1.567969,-0.042199,0.611681,-1.596340,0.005120,0.892227,-1.609767,0.006462,0.975309,-1.535553,27,27,28,27,27,28,31,27,28,30,27,28
1791409746.939069,0.104965,0.859200,-1.572265,-0.037325,0.624246,-1.581570,0.004212,0.899342,-1.609925,0.008460,0.986965,-1.535490,27,27,28,27,27,28,31,27,28,30,27,28
1791409746.959081,0.105480,0.871553,-1.572471,-0.044924,0.642594,-1.584524,-0.000481,0.917872,-1.608156,0.001284,1.003679,-1.535869,27,27,28,27,27,28,31,27,28,30,27,28
1791409746.979303,0.102755,0.883331,-1.569991,-0.045469,0.659519,-1.584729,-0.000996,0.935433,-1.596482,0.000406,1.020331,-1.538871,27,27,28,27,27,28,31,27,28,30,27,28
1791409746.999212,0.098243,0.893989,-1.568853,-0.046529,0.675839,-1.586104,-0.003146,0.947786,-1.591348,-0.000381,1.035591,-1.542630,27,27,28,27,27,28,31,27,28,30,27,28
1791409747.019300,0.095942,0.900741,-1.568980,-0.046650,0.693521,-1.588205,-0.005023,0.961502,-1.591348,-0.001471,1.050034,-1.546485,27,27,28,27,27,28,31,27,28,30,27,28
1791409747.039267,0.092490,0.910823,-1.569359,-0.048649,0.710810,-1.589737,-0.007748,0.977519,-1.591206,-0.002803,1.066686,-1.550592,27,27,28,27,27,28,31,27,28,30,27,28
1791409747.059134,0.090220,0.919603,-1.569675,-0.052857,0.728401,-1.589689,-0.009413,0.994202,-1.590985,-0.003409,1.083581,-1.556705,27,27,28,27,27,28,31,27,28,30,27,28
1791409747.079274,0.089190,0.926719,-1.570528,-0.055370,0.744115,-1.589358,-0.010231,1.013155,-1.590716,-0.003045,1.102353,-1.560828,27,27,28,27,27,28,31,27,28,30,27,28
1791409747.099125,0.088282,0.936468,-1.571491,-0.058580,0.757770,-1.588915,-0.010685,1.027901,-1.590242,-0.001320,1.115645,-1.563925,27,27,28,27,27,28,31,27,28,30,27,28
1791409747.119324,0.087010,0.944946,-1.575851,-0.060275,0.769911,-1.588157,-0.010352,1.040072,-1.588568,-0.000018,1.125576,-1.569485,27,27,28,27,27,28,31,27,28,30,27,28
1791409747.139213,0.084649,0.953181,-1.594318,-0.062909,0.779509,-1.587209,-0.010261,1.047399,-1.584682,0.000527,1.131268,-1.585598,27,27,28,27,27,28,31,27,28,30,27,28
1791409747.159200,0.077564,0.948367,-1.625943,-0.066240,0.788714,-1.586246,-0.012047,1.050094,-1.576436,0.006159,1.120308,-1.600179,27,27,28,27,27,28,31,27,28,30,27,28
1791409747.179314,0.064242,0.902557,-1.680996,-0.069056,0.799190,-1.585835,-0.013379,1.056634,-1.573703,0.024113,1.086276,-1.624553,27,27,28,27,27,28,31,27,28,30,27,28
1791409747.199354,0.048891,0.845878,-1.754847,-0.070267,0.808273,-1.585835,-0.012199,1.067504,-1.573545,0.032288,1.072560,-1.638676,27,27,28,27,27,28,31,27,28,30,27,28
1791409747.219394,0.031330,0.776421,-1.819251,-0.069419,0.815509,-1.585788,-0.012471,1.072197,-1.570765,0.032864,1.077162,-1.639718,27,27,28,27,27,28,31,27,28,30,27,28
1791409747.239261,0.010923,0.712051,-1.860197,-0.071145,0.820323,-1.585772,-0.013228,1.073529,-1.563861,0.034226,1.085125,-1.645453,27,27,28,27,27,28,31,27,28,30,27,28
1791409747.259152,-0.008182,0.662699,-1.885409,-0.073567,0.823896,-1.585724,-0.012804,1.073801,-1.556942,0.036134,1.106774,-1.670554,27,27,28,27,27,28,31,27,28,30,27,28
1791409747.279304,-0.024714,0.629726,-1.905171,-0.075020,0.826833,-1.585440,-0.011321,1.073438,-1.546848,0.039434,1.145044,-1.723727,27,27,28,27,27,28,31,27,28,30,27,28
1791409747.299175,-0.040398,0.611348,-1.929861,-0.075081,0.829709,-1.585014,-0.008414,1.072560,-1.537781,0.042916,1.189098,-1.795303,27,27,28,27,27,28,31,27,28,30,27,28
1791409747.319639,-0.054386,0.605868,-1.958391,-0.075202,0.832404,-1.584713,-0.006446,1.070683,-1.528160,0.046337,1.233061,-1.870907,27,27,28,27,27,28,31,27,28,30,27,28
1791409747.339479,-0.065649,0.605626,-1.980633,-0.075929,0.835826,-1.584713,-0.005053,1.068806,-1.518714,0.054906,1.252015,-1.931978,27,27,28,27,27,28,31,27,28,30,27,28
1791409747.359192,-0.071826,0.607200,-1.991975,-0.080289,0.840246,-1.584808,-0.006416,1.068896,-1.511242,0.074495,1.215954,-2.014675,27,27,28,27,27,28,31,27,28,30,27,28
1791409747.379346,-0.069131,0.611408,-1.991722,-0.083135,0.846907,-1.585203,-0.006446,1.071409,-1.503880,0.088484,1.134447,-2.075683,27,27,28,27,27,28,31,27,28,30,27,28
1791409747.399247,-0.061410,0.621037,-1.986762,-0.086223,0.853931,-1.585630,-0.008020,1.072833,-1.496045,0.097779,1.033230,-2.091054,27,27,28,27,27,28,31,27,28,30,27,28
1791409747.419279,-0.047059,0.636357,-1.970381,-0.087283,0.863075,-1.585835,-0.009383,1.078646,-1.489995,0.091663,0.927319,-2.068196,27,27,28,27,27,28,31,27,28,30,27,28
1791409747.439106,-0.029286,0.652434,-1.941441,-0.087555,0.877185,-1.585803,-0.010927,1.092846,-1.488889,0.078613,0.854592,-2.012037,27,27,28,27,27,28,31,27,28,30,27,28
1791409747.459183,-0.011967,0.661942,-1.902691,-0.086556,0.893716,-1.585677,-0.011502,1.110346,-1.488968,0.061385,0.815595,-1.932989,27,27,28,27,27,28,31,27,28,30,27,28
1791409747.479143,0.002657,0.667119,-1.860418,-0.084104,0.910883,-1.585614,-0.011987,1.130481,-1.489205,0.043824,0.796156,-1.842773,27,27,28,27,27,28,31,27,28,30,27,28
1791409747.499197,0.014041,0.667815,-1.811763,-0.082892,0.928354,-1.585645,-0.014076,1.149011,-1.489758,0.025991,0.785892,-1.746632,27,27,28,27,27,28,31,27,28,30,27,28
1791409747.519127,0.024275,0.668300,-1.754578,-0.086132,0.944098,-1.585724,-0.017891,1.166602,-1.490848,0.021722,0.780140,-1.701216,27,27,28,27,27,28,31,27,28,30,27,28
1791409747.539222,0.033994,0.673750,-1.681280,-0.097517,0.951334,-1.586009,-0.027004,1.167268,-1.489916,0.005674,0.796368,-1.704249,27,27,28,27,27,28,31,27,28,30,27,28
1791409747.559108,0.057187,0.698456,-1.573276,-0.098818,0.961235,-1.587983,-0.038328,1.164240,-1.482791,-0.009404,0.805179,-1.692322,27,27,28,27,27,28,31,27,28,30,27,28
1791409747.579559,0.051192,0.705965,-1.554478,-0.097183,0.972044,-1.592643,-0.035967,1.172567,-1.483344,-0.006709,0.818501,-1.686004,27,27,28,27,27,28,31,27,28,30,27,28
1791409747.599277,0.066936,0.727553,-1.552077,-0.091552,0.978009,-1.594855,-0.032030,1.188432,-1.483313,-0.003651,0.838696,-1.683776,27,27,28,27,27,28,31,27,28,30,27,28
1791409747.619071,0.064726,0.740633,-1.549976,-0.093853,0.985942,-1.587130,-0.034392,1.195154,-1.483486,-0.007042,0.851988,-1.680569,27,27,28,27,27,28,31,27,28,30,27,28
1791409747.639082,0.069358,0.753592,-1.549312,-0.086344,0.994510,-1.615217,-0.037571,1.199211,-1.498636,-0.003681,0.853775,-1.667284,27,27,28,27,27,28,31,27,28,30,27,28
1791409747.659050,0.074263,0.762978,-1.549818,-0.063636,0.987486,-1.671976,-0.037904,1.184345,-1.544889,0.001648,0.856045,-1.657711,27,27,28,27,27,28,31,27,28,30,27,28
1791409747.679260,0.077957,0.774120,-1.552061,-0.028787,0.950820,-1.740708,-0.043596,1.152129,-1.611173,0.002041,0.865825,-1.653083,27,27,28,27,27,28,31,27,28,30,27,28
1791409747.699199,0.078442,0.787957,-1.552235,0.009000,0.890446,-1.788336,-0.050530,1.102626,-1.680222,0.001012,0.881569,-1.652293,27,27,28,27,27,28,31,27,28,30,27,28
1791409747.719222,0.069480,0.768821,-1.546801,0.038793,0.825652,-1.802712,-0.049016,1.028294,-1.710757,0.000679,0.881691,-1.653841,27,27,28,27,27,28,31,27,28,30,27,28
1791409747.739100,0.067572,0.782991,-1.542662,0.065770,0.782355,-1.790595,-0.030607,0.949542,-1.692480,0.000406,0.889048,-1.648975,27,27,28,27,27,28,31,27,28,30,27,28
1791409747.759201,0.066906,0.787866,-1.542504,0.087873,0.770517,-1.766268,-0.019707,0.915117,-1.660997,0.003585,0.895346,-1.644015,27,27,28,27,27,28,31,27,28,30,27,28
1791409747.779304,0.072750,0.790863,-1.542077,0.103768,0.761312,-1.731957,-0.006809,0.900039,-1.649465,0.011851,0.889623,-1.634837,27,27,28,27,27,28,31,27,28,30,27,28
1791409747.799260,0.072628,0.788350,-1.542409,0.098924,0.751351,-1.677157,-0.004569,0.881630,-1.631394,0.016332,0.875211,-1.611837,27,27,28,27,27,28,31,27,28,30,27,28
1791409747.819041,0.074506,0.783173,-1.542741,0.082393,0.734971,-1.608188,-0.000663,0.864251,-1.611632,0.021843,0.859891,-1.595913,27,27,28,27,27,28,31,27,28,30,27,28
1791409747.839207,0.079713,0.778117,-1.543041,0.062197,0.710719,-1.533089,0.004363,0.846478,-1.594081,0.029291,0.845327,-1.582139,27,27,28,27,27,28,31,27,28,30,27,28
1791409747.859199,0.080168,0.775119,-1.545221,0.064075,0.695913,-1.513042,0.002607,0.833670,-1.576515,0.028110,0.832550,-1.568221,27,27,28,27,27,28,31,27,28,30,27,28
1791409747.879244,0.070327,0.771970,-1.544478,0.053538,0.695186,-1.513153,-0.003206,0.830219,-1.561871,0.019905,0.825768,-1.556042,27,27,28,27,27,28,31,27,28,30,27,28
1791409747.899325,0.063666,0.766036,-1.536027,0.053841,0.696852,-1.511953,-0.000935,0.824375,-1.542046,0.019905,0.825374,-1.553499,27,27,28,27,27,28,31,27,28,30,27,28
1791409747.919314,0.062243,0.760162,-1.531399,0.053084,0.693521,-1.511621,0.000548,0.815776,-1.531604,0.020904,0.821378,-1.549439,27,27,28,27,27,28,31,27,28,30,27,28
1791409747.939342,0.059639,0.756650,-1.531430,0.050601,0.690372,-1.511542,0.000245,0.812143,-1.527497,0.020420,0.816140,-1.547480,27,27,28,27,27,28,31,27,28,30,27,28
1791409747.959219,0.057278,0.754288,-1.531335,0.048421,0.688374,-1.511700,-0.000027,0.810084,-1.525001,0.020208,0.813233,-1.547243,27,27,28,27,27,28,31,27,28,30,27,28
1791409747.979337,0.053856,0.752381,-1.530372,0.045696,0.686557,-1.511873,-0.000875,0.810266,-1.524495,0.019420,0.810508,-1.547211,27,27,28,27,27,28,31,27,28,30,27,28
1791409747.999433,0.051555,0.750201,-1.528050,0.042911,0.684347,-1.511953,-0.001632,0.810720,-1.523785,0.018664,0.807934,-1.547180,27,27,28,27,27,28,31,27,28,30,27,28
1791409748.019100,0.049739,0.747203,-1.525159,0.041276,0.681592,-1.511968,-0.001359,0.810659,-1.522631,0.018573,0.805664,-1.547180,27,27,28,27,27,28,31,27,28,30,27,28
1791409748.039244,0.048316,0.745114,-1.522947,0.039822,0.678897,-1.511937,-0.000966,0.810447,-1.522315,0.018694,0.802878,-1.547132,27,27,28,27,27,28,31,27,28,30,27,28
1791409748.059208,0.046832,0.743207,-1.521747,0.038853,0.676505,-1.511953,-0.000360,0.810236,-1.522300,0.018997,0.800577,-1.547117,27,27,28,27,27,28,31,27,28,30,27,28
1791409748.079223,0.046196,0.742329,-1.521683,0.038399,0.674204,-1.511984,0.000336,0.809842,-1.522284,0.019542,0.798094,-1.547117,27,27,28,27,27,28,31,27,28,30,27,28
1791409748.099293,0.045803,0.741602,-1.521668,0.038066,0.672297,-1.512016,0.000881,0.809267,-1.522284,0.019965,0.796429,-1.547069,27,27,28,27,27,28,31,27,28,30,27,28
1791409748.119235,0.045591,0.740875,-1.521604,0.037854,0.670662,-1.512032,0.001366,0.808691,-1.522284,0.020298,0.794976,-1.547085,27,27,28,27,27,28,31,27,28,30,27,28
1791409748.139271,0.045409,0.738574,-1.521557,0.037854,0.669481,-1.512047,0.001759,0.807723,-1.522284,0.020480,0.793855,-1.547069,27,27,28,27,27,28,31,27,28,30,27,28
1791409748.159325,0.045288,0.738059,-1.521510,0.037824,0.668724,-1.512079,0.001850,0.806875,-1.522268,0.020601,0.793008,-1.547022,27,27,28,27,27,28,31,27,28,30,27,28
1791409748.179353,0.045258,0.737424,-1.521510,0.037824,0.668239,-1.512110,0.001820,0.806421,-1.522284,0.020601,0.792311,-1.547038,27,27,28,27,27,28,31,27,28,30,27,28
1791409748.199148,0.045167,0.736636,-1.521462,0.037854,0.667694,-1.512079,0.001850,0.805997,-1.522300,0.020601,0.791706,-1.547038,27,27,28,27,27,28,31,27,28,30,27,28
1791409748.219258,0.045106,0.735910,-1.521446,0.037885,0.667331,-1.512110,0.001820,0.805603,-1.522268,0.020571,0.791282,-1.547038,27,27,28,27,27,28,31,27,28,30,27,28
1791409748.239176,0.044955,0.735819,-1.521399,0.037824,0.667149,-1.512110,0.001850,0.805482,-1.522236,0.020571,0.790979,-1.547053,27,27,28,27,27,28,31,27,28,30,27,28
1791409748.259218,0.044713,0.735516,-1.521368,0.037703,0.666968,-1.512110,0.001699,0.805300,-1.522252,0.020571,0.790797,-1.547053,27,27,28,27,27,28,31,27,28,30,27,28
1791409748.279050,0.044440,0.735244,-1.521304,0.037491,0.666514,-1.512110,0.001790,0.805058,-1.522268,0.020571,0.790313,-1.547053,27,27,28,27,27,28,31,27,28,30,27,28
1791409748.299163,0.044198,0.735001,-1.521241,0.037249,0.666180,-1.512126,0.001820,0.804725,-1.522268,0.020541,0.789980,-1.547053,27,27,28,27,27,28,31,27,28,30,27,28
1791409748.318960,0.044107,0.734820,-1.521241,0.037037,0.665726,-1.512142,0.001850,0.804452,-1.522268,0.020571,0.789617,-1.547053,27,27,28,27,27,28,31,27,28,30,27,28
1791409748.339104,0.043925,0.734638,-1.521209,0.036976,0.665363,-1.512110,0.002062,0.804150,-1.522268,0.020601,0.789162,-1.547038,27,27,28,27,27,28,31,27,28,30,27,28
1791409748.359273,0.043834,0.734335,-1.521194,0.036825,0.665030,-1.512110,0.002002,0.803514,-1.522252,0.020632,0.788527,-1.547038,27,27,28,27,27,28,31,27,28,30,27,28
1791409748.379349,0.043683,0.733972,-1.521194,0.036673,0.664576,-1.512126,0.002002,0.802969,-1.522252,0.020601,0.787891,-1.547038,27,27,28,27,27,28,31,27,28,30,27,28
1791409748.399103,0.043592,0.733457,-1.521178,0.036673,0.664182,-1.512126,0.002032,0.802606,-1.522268,0.020601,0.787255,-1.547006,27,27,28,27,27,28,31,27,28,30,27,28
1791409748.419167,0.043562,0.733003,-1.521194,0.036643,0.663728,-1.512110,0.002032,0.802272,-1.522252,0.020632,0.786982,-1.546974,27,27,28,27,27,28,31,27,28,30,27,28
1791409748.439177,0.043562,0.732519,-1.521178,0.036643,0.663244,-1.512142,0.001971,0.801939,-1.522268,0.020632,0.786559,-1.547006,27,27,28,27,27,28,31,27,28,30,27,28
1791409748.458994,0.043562,0.731913,-1.521146,0.036673,0.662759,-1.512142,0.002002,0.801546,-1.522268,0.020601,0.786104,-1.546974,27,27,28,27,27,28,31,27,28,30,27,28
1791409748.479088,0.043501,0.731429,-1.521146,0.036643,0.662244,-1.512126,0.002002,0.801183,-1.522236,0.020632,0.785680,-1.546943,27,27,28,27,27,28,31,27,28,30,27,28
1791409748.499282,0.043501,0.731035,-1.521146,0.036583,0.661821,-1.512110,0.002002,0.800668,-1.522268,0.020632,0.785226,-1.546974,27,27,28,27,27,28,31,27,28,30,27,28
1791409748.519243,0.043501,0.730551,-1.521131,0.036583,0.661336,-1.512110,0.002002,0.799971,-1.522252,0.020662,0.784560,-1.546974,27,27,28,27,27,28,31,27,28,30,27,28
1791409748.539282,0.043441,0.730036,-1.521099,0.036583,0.660882,-1.512126,0.002002,0.799214,-1.522252,0.020601,0.783743,-1.546959,27,27,28,27,27,28,31,27,28,30,27,28
1791409748.559187,0.043411,0.729642,-1.521099,0.036552,0.660367,-1.512142,0.002002,0.798791,-1.522268,0.020662,0.783167,-1.546943,27,27,28,27,27,28,31,27,28,30,27,28
1791409748.579156,0.043380,0.729218,-1.521115,0.036522,0.659943,-1.512142,0.002062,0.798518,-1.522236,0.020662,0.782744,-1.546911,27,27,28,27,27,28,31,27,28,30,27,28
1791409748.599404,0.043320,0.728734,-1.521083,0.036492,0.659338,-1.512142,0.002062,0.798155,-1.522252,0.020632,0.782199,-1.546880,27,27,28,27,27,28,31,27,28,30,27,28
1791409748.619213,0.043320,0.728249,-1.521083,0.036431,0.658853,-1.512158,0.002002,0.797791,-1.522252,0.020632,0.781714,-1.546880,27,27,28,27,27,28,31,27,28,30,27,28
1791409748.639233,0.043289,0.727826,-1.521083,0.036431,0.658399,-1.512142,0.001971,0.797428,-1.522252,0.020662,0.781139,-1.546880,27,27,28,27,27,28,31,27,28,30,27,28
1791409748.659212,0.043229,0.727432,-1.521067,0.036431,0.657945,-1.512158,0.002092,0.796913,-1.522252,0.020662,0.780564,-1.546864,27,27,28,27,27,28,31,27,28,30,27,28
1791409748.679283,0.043229,0.727160,-1.521067,0.036462,0.657551,-1.512158,0.002092,0.796308,-1.522252,0.020601,0.780109,-1.546832,27,27,28,27,27,28,31,27,28,30,27,28
1791409748.699252,0.043229,0.726917,-1.521052,0.036431,0.657158,-1.512174,0.002153,0.795945,-1.522252,0.020662,0.779655,-1.546832,27,27,28,27,27,28,31,27,28,30,27,28
1791409748.719290,0.043259,0.726645,-1.521052,0.036462,0.656673,-1.512158,0.002092,0.795460,-1.522252,0.020662,0.779171,-1.546848,27,27,28,27,27,28,31,27,28,30,27,28
1791409748.739125,0.043168,0.726403,-1.521052,0.036401,0.656219,-1.512158,0.002092,0.795036,-1.522236,0.020662,0.778717,-1.546801,27,27,28,27,27,28,31,27,28,30,27,28
1791409748.759084,0.043199,0.725979,-1.521052,0.036401,0.655886,-1.512158,0.002123,0.794794,-1.522236,0.020662,0.778384,-1.546816,27,27,28,27,27,28,31,27,28,30,27,28
1791409748.779191,0.043138,0.725706,-1.521052,0.036371,0.655583,-1.512190,0.002153,0.794491,-1.522221,0.020662,0.778202,-1.546816,27,27,28,27,27,28,31,27,28,30,27,28
1791409748.799088,0.043017,0.725646,-1.521036,0.036340,0.655341,-1.512190,0.002123,0.794431,-1.522221,0.020662,0.778020,-1.546801,27,27,28,27,27,28,31,27,28,30,27,28
1791409748.819030,0.043047,0.725524,-1.521036,0.036310,0.655129,-1.512190,0.002062,0.794279,-1.522236,0.020601,0.777808,-1.546801,27,27,28,27,27,28,31,27,28,30,27,28
1791409748.839170,0.043017,0.725373,-1.520988,0.036340,0.654948,-1.512205,0.002183,0.794279,-1.522236,0.020632,0.777627,-1.546785,27,27,28,27,27,28,31,27,28,30,27,28
1791409748.859250,0.043047,0.725313,-1.521004,0.036340,0.654857,-1.512221,0.002062,0.794037,-1.522236,0.020632,0.777566,-1.546801,27,27,28,27,27,28,31,27,28,30,27,28
1791409748.879235,0.043017,0.725070,-1.520973,0.036340,0.654705,-1.512190,0.002092,0.793916,-1.522252,0.020662,0.777415,-1.546816,27,27,28,27,27,28,31,27,28,30,27,28
1791409748.899122,0.043017,0.724858,-1.521004,0.036310,0.654614,-1.512221,0.002183,0.793825,-1.522252,0.020662,0.777324,-1.546785,27,27,28,27,27,28,31,27,28,30,27,28
1791409748.919234,0.042987,0.724828,-1.520988,0.036371,0.654524,-1.512205,0.002244,0.793825,-1.522252,0.020692,0.777203,-1.546785,27,27,28,27,27,28,31,27,28,30,27,28
1791409748.939082,0.043017,0.724828,-1.520988,0.036340,0.654463,-1.512205,0.002274,0.793855,-1.522236,0.020692,0.777172,-1.546753,27,27,28,27,27,28,31,27,28,30,27,28
1791409748.959385,0.042987,0.724798,-1.520988,0.036310,0.654403,-1.512205,0.002335,0.793855,-1.522252,0.020753,0.777112,-1.546769,27,27,28,27,27,28,31,27,28,30,27,28
1791409748.979188,0.042987,0.724646,-1.520988,0.036280,0.654372,-1.512205,0.002274,0.793795,-1.522252,0.020692,0.777021,-1.546737,27,27,28,27,27,28,31,27,28,30,27,28
1791409748.999148,0.042987,0.724525,-1.520973,0.036310,0.654342,-1.512205,0.002244,0.793674,-1.522252,0.020662,0.776991,-1.546737,27,27,28,27,27,28,31,27,28,30,27,28
1791409749.019103,0.042956,0.724556,-1.520973,0.036310,0.654312,-1.512221,0.002304,0.793734,-1.522252,0.020722,0.776961,-1.546690,27,27,28,27,27,28,31,27,28,30,27,28
1791409749.039082,0.042926,0.724525,-1.520973,0.036340,0.654342,-1.512190,0.002244,0.793643,-1.522252,0.020722,0.776991,-1.546690,27,27,28,27,27,28,31,27,28,30,27,28
1791409749.059156,0.042956,0.724495,-1.520973,0.036340,0.654312,-1.512190,0.002213,0.793674,-1.522268,0.020662,0.776991,-1.546690,27,27,28,27,27,28,31,27,28,30,27,28
1791409749.079065,0.042987,0.724495,-1.520973,0.036280,0.654312,-1.512190,0.002213,0.793583,-1.522236,0.020722,0.776961,-1.546706,27,27,28,27,27,28,31,27,28,30,27,28
1791409749.099250,0.042987,0.724495,-1.520973,0.036280,0.654251,-1.512205,0.002274,0.793583,-1.522252,0.020692,0.776900,-1.546674,27,27,28,27,27,28,31,27,28,30,27,28
1791409749.119414,0.042987,0.724465,-1.520988,0.036310,0.654191,-1.512205,0.002365,0.793583,-1.522252,0.020722,0.776779,-1.546690,27,27,28,27,27,28,31,27,28,30,27,28
1791409749.139018,0.042987,0.724374,-1.520973,0.036340,0.654130,-1.512205,0.002365,0.793522,-1.522252,0.020692,0.776779,-1.546706,27,27,28,27,27,28,31,27,28,30,27,28
1791409749.159403,0.042956,0.724374,-1.520957,0.036280,0.654069,-1.512190,0.002365,0.793462,-1.522252,0.020753,0.776688,-1.546674,27,27,28,27,27,28,31,27,28,30,27,28
1791409749.179271,0.042956,0.724313,-1.520957,0.036280,0.654069,-1.512205,0.002365,0.793462,-1.522252,0.020783,0.776597,-1.546674,27,27,28,27,27,28,31,27,28,30,27,28
1791409749.199113,0.042926,0.724313,-1.520957,0.036280,0.654069,-1.512205,0.002365,0.793401,-1.522268,0.020753,0.776597,-1.546659,27,27,28,27,27,28,31,27,28,30,27,28
1791409749.219245,0.042926,0.724344,-1.520957,0.036280,0.654039,-1.512205,0.002365,0.793462,-1.522221,0.020753,0.776567,-1.546643,27,27,28,27,27,28,31,27,28,30,27,28
1791409749.239117,0.042956,0.724313,-1.520957,0.036280,0.654069,-1.512205,0.002365,0.793462,-1.522236,0.020753,0.776537,-1.546674,27,27,28,27,27,28,31,27,28,30,27,28
1791409749.259092,0.042926,0.724313,-1.520941,0.036250,0.654039,-1.512205,0.002335,0.793431,-1.522252,0.020753,0.776537,-1.546674,27,27,28,27,27,28,31,27,28,30,27,28
1791409749.279199,0.042956,0.724283,-1.520973,0.036280,0.654039,-1.512221,0.002304,0.793341,-1.522252,0.020722,0.776506,-1.546659,27,27,28,27,27,28,31,27,28,30,27,28
1791409749.299144,0.042956,0.724101,-1.520941,0.036280,0.653979,-1.512221,0.002395,0.793250,-1.522236,0.020753,0.776446,-1.546690,27,27,28,27,27,28,31,27,28,30,27,28
1791409749.319184,0.042956,0.724071,-1.520925,0.036280,0.653858,-1.512205,0.002365,0.793220,-1.522252,0.020753,0.776355,-1.546674,27,27,28,27,27,28,31,27,28,30,27,28
1791409749.339229,0.042956,0.724071,-1.520957,0.036340,0.653827,-1.512205,0.002395,0.793129,-1.522268,0.020753,0.776264,-1.546690,27,27,28,27,27,28,31,27,28,30,27,28
1791409749.359236,0.042956,0.724011,-1.520941,0.036310,0.653706,-1.512205,0.002395,0.793038,-1.522252,0.020783,0.776234,-1.546659,27,27,28,27,27,28,31,27,28,30,27,28
1791409749.379270,0.042926,0.723950,-1.520941,0.036250,0.653676,-1.512221,0.002425,0.792947,-1.522252,0.020753,0.776143,-1.546674,27,27,28,27,27,28,31,27,28,30,27,28
1791409749.399199,0.042896,0.723889,-1.520941,0.036280,0.653615,-1.512205,0.002425,0.792917,-1.522236,0.020783,0.776022,-1.546643,27,27,28,27,27,28,31,27,28,30,27,28
1791409749.421010,0.042896,0.723950,-1.520925,0.036280,0.653555,-1.512221,0.002395,0.792886,-1.522252,0.020753,0.775992,-1.546643,27,27,28,27,27,28,31,27,28,30,27,28
1791409749.441234,0.042896,0.723889,-1.520941,0.036250,0.653525,-1.512221,0.002304,0.792856,-1.522252,0.020783,0.775931,-1.546659,27,27,28,27,27,28,31,27,28,30,27,28
1791409749.461167,0.042866,0.723859,-1.520925,0.036189,0.653494,-1.512190,0.002335,0.792826,-1.522252,0.020753,0.775810,-1.546643,27,27,28,27,27,28,31,27,28,30,27,28
1791409749.481091,0.042805,0.723859,-1.520925,0.036189,0.653434,-1.512205,0.002365,0.792796,-1.522236,0.020753,0.775749,-1.546659,27,27,28,27,27,28,31,27,28,30,27,28
1791409749.501513,0.042835,0.723829,-1.520909,0.036219,0.653403,-1.512221,0.002395,0.792705,-1.522236,0.020753,0.775719,-1.546659,27,27,28,27,27,28,31,27,28,30,27,28
1791409749.521237,0.042805,0.723829,-1.520941,0.036219,0.653373,-1.512205,0.002335,0.792614,-1.522252,0.020753,0.775689,-1.546674,27,27,28,27,27,28,31,27,28,30,27,28
1791409749.541124,0.042835,0.723829,-1.520941,0.036219,0.653282,-1.512221,0.002486,0.792553,-1.522252,0.020813,0.775628,-1.546659,27,27,28,27,27,28,31,27,28,30,27,28
1791409749.561066,0.042835,0.723799,-1.520941,0.036250,0.653161,-1.512221,0.002486,0.792463,-1.522252,0.020813,0.775598,-1.546627,27,27,28,27,27,28,31,27,28,30,27,28
1791409749.581272,0.042835,0.723768,-1.520925,0.036250,0.653131,-1.512205,0.002486,0.792463,-1.522252,0.020783,0.775537,-1.546643,27,27,28,27,27,28,31,27,28,30,27,28
1791409749.601180,0.042835,0.723768,-1.520909,0.036219,0.653101,-1.512205,0.002456,0.792402,-1.522221,0.020783,0.775477,-1.546627,27,27,28,27,27,28,31,27,28,30,27,28
1791409749.621166,0.042775,0.723708,-1.520909,0.036219,0.653070,-1.512205,0.002456,0.792341,-1.522236,0.020783,0.775507,-1.546627,27,27,28,27,27,28,31,27,28,30,27,28
1791409749.641176,0.042775,0.723678,-1.520925,0.036250,0.653040,-1.512221,0.002486,0.792341,-1.522236,0.020753,0.775447,-1.546627,27,27,28,27,27,28,31,27,28,30,27,28
1791409749.661169,0.042744,0.723708,-1.520941,0.036189,0.653040,-1.512221,0.002486,0.792372,-1.522236,0.020783,0.775416,-1.546627,27,27,28,27,27,28,31,27,28,30,27,28
1791409749.681168,0.042744,0.723738,-1.520894,0.036189,0.653040,-1.512221,0.002486,0.792372,-1.522221,0.020813,0.775386,-1.546627,27,27,28,27,27,28,31,27,28,30,27,28
1791409749.701297,0.042805,0.723678,-1.520909,0.036159,0.653040,-1.512205,0.002425,0.792341,-1.522252,0.020783,0.775386,-1.546643,27,27,28,27,27,28,31,27,28,30,27,28
1791409749.721123,0.042744,0.723678,-1.520941,0.036219,0.653040,-1.512205,0.002365,0.792281,-1.522236,0.020783,0.775386,-1.546627,27,27,28,27,27,28,31,27,28,30,27,28
1791409749.741098,0.042805,0.723708,-1.520909,0.036189,0.653040,-1.512221,0.002425,0.792251,-1.522221,0.020783,0.775386,-1.546659,27,27,28,27,27,28,31,27,28,30,27,28
1791409749.761141,0.042805,0.723526,-1.520894,0.036219,0.653010,-1.512237,0.002395,0.792190,-1.522236,0.020813,0.775356,-1.546627,27,27,28,27,27,28,31,27,28,30,27,28
1791409749.781048,0.042805,0.723587,-1.520909,0.036250,0.652979,-1.512205,0.002425,0.792130,-1.522236,0.020783,0.775326,-1.546627,27,27,28,27,27,28,31,27,28,30,27,28
1791409749.801158,0.042775,0.723587,-1.520894,0.036250,0.652919,-1.512237,0.002486,0.792130,-1.522252,0.020813,0.775356,-1.546611,27,27,28,27,27,28,31,27,28,30,27,28
1791409749.821208,0.042805,0.723587,-1.520925,0.036250,0.652919,-1.512237,0.002486,0.792130,-1.522221,0.020813,0.775326,-1.546611,27,27,28,27,27,28,31,27,28,30,27,28
1791409749.841020,0.042775,0.723556,-1.520878,0.036219,0.652919,-1.512237,0.002516,0.792160,-1.522236,0.020783,0.775326,-1.546595,27,27,28,27,27,28,31,27,28,30,27,28
1791409749.861157,0.042744,0.723556,-1.520909,0.036219,0.652858,-1.512205,0.002516,0.792190,-1.522221,0.020783,0.775295,-1.546611,27,27,28,27,27,28,31,27,28,30,27,28
1791409749.881157,0.042714,0.723556,-1.520894,0.036159,0.652889,-1.512205,0.002516,0.792130,-1.522252,0.020813,0.775295,-1.546595,27,27,28,27,27,28,31,27,28,30,27,28
1791409749.901147,0.042684,0.723587,-1.520909,0.036128,0.652889,-1.512237,0.002547,0.792160,-1.522221,0.020783,0.775295,-1.546595,27,27,28,27,27,28,31,27,28,30,27,28
1791409749.921241,0.042684,0.723617,-1.520894,0.036159,0.652858,-1.512221,0.002547,0.792190,-1.522221,0.020783,0.775235,-1.546595,27,27,28,27,27,28,31,27,28,30,27,28
1791409749.941097,0.042684,0.723556,-1.520909,0.036189,0.652919,-1.512221,0.002456,0.792160,-1.522221,0.020783,0.775265,-1.546611,27,27,28,27,27,28,31,27,28,30,27,28
1791409749.961185,0.042714,0.723587,-1.520894,0.036189,0.652889,-1.512221,0.002425,0.792099,-1.522252,0.020783,0.775265,-1.546627,27,27,28,27,27,28,31,27,28,30,27,28
1791409749.981089,0.042775,0.723587,-1.520894,0.036189,0.652828,-1.512237,0.002456,0.792008,-1.522268,0.020753,0.775235,-1.546611,27,27,28,27,27,28,31,27,28,30,27,28
1791409750.001178,0.042714,0.723556,-1.520878,0.036219,0.652828,-1.512237,0.002516,0.791978,-1.522252,0.020783,0.775204,-1.546611,27,27,28,27,27,28,31,27,28,30,27,28
1791409750.021105,0.042744,0.723526,-1.520909,0.036250,0.652798,-1.512237,0.002486,0.791948,-1.522236,0.020783,0.775144,-1.546595,27,27,28,27,27,28,31,27,28,30,27,28
1791409750.041334,0.042744,0.723526,-1.520894,0.036189,0.652768,-1.512237,0.002456,0.791918,-1.522268,0.020813,0.775083,-1.546595,27,27,28,27,27,28,31,27,28,30,27,28
1791409750.060944,0.042744,0.723526,-1.520894,0.036219,0.652707,-1.512237,0.002486,0.791827,-1.522252,0.020844,0.775053,-1.546579,27,27,28,27,27,28,31,27,28,30,27,28
1791409750.081053,0.042714,0.723496,-1.520894,0.036189,0.652646,-1.512237,0.002486,0.791797,-1.522236,0.020813,0.775023,-1.546579,27,27,28,27,27,28,31,27,28,30,27,28
1791409750.101148,0.042714,0.723496,-1.520878,0.036189,0.652616,-1.512205,0.002516,0.791797,-1.522252,0.020813,0.774932,-1.546579,27,27,28,27,27,28,31,27,28,30,27,28
1791409750.121074,0.042684,0.723496,-1.520894,0.036128,0.652616,-1.512237,0.002547,0.791797,-1.522221,0.020813,0.774962,-1.546579,27,27,28,27,27,28,31,27,28,30,27,28
1791409750.141060,0.042654,0.723496,-1.520894,0.036128,0.652616,-1.512237,0.002456,0.791797,-1.522252,0.020813,0.774992,-1.546595,27,27,28,27,27,28,31,27,28,30,27,28
1791409750.160941,0.042684,0.723496,-1.520925,0.036159,0.652586,-1.512221,0.002486,0.791797,-1.522236,0.020813,0.774962,-1.546595,27,27,28,27,27,28,31,27,28,30,27,28
1791409750.181079,0.042714,0.723466,-1.520878,0.036159,0.652556,-1.512237,0.002516,0.791766,-1.522221,0.020783,0.774962,-1.546579,27,27,28,27,27,28,31,27,28,30,27,28
1791409750.201108,0.042714,0.723496,-1.520878,0.036189,0.652556,-1.512253,0.002486,0.791766,-1.522221,0.020813,0.774902,-1.546611,27,27,28,27,27,28,31,27,28,30,27,28
1791409750.221089,0.042714,0.723466,-1.520878,0.036219,0.652525,-1.512237,0.002547,0.791766,-1.522252,0.020844,0.774902,-1.546579,27,27,28,27,27,28,31,27,28,30,27,28
1791409750.241108,0.042744,0.723466,-1.520878,0.036189,0.652525,-1.512237,0.002547,0.791766,-1.522268,0.020813,0.774932,-1.546595,27,27,28,27,27,28,31,27,28,30,27,28
1791409750.261047,0.042714,0.723496,-1.520862,0.036219,0.652556,-1.512237,0.002577,0.791706,-1.522236,0.020844,0.774871,-1.546595,27,27,28,27,27,28,31,27,28,30,27,28
1791409750.281139,0.042744,0.723466,-1.520894,0.036219,0.652525,-1.512237,0.002607,0.791675,-1.522252,0.020874,0.774932,-1.546579,27,27,28,27,27,28,31,27,28,30,27,28
1791409750.301190,0.042684,0.723496,-1.520878,0.036189,0.652525,-1.512237,0.002577,0.791675,-1.522236,0.020874,0.774871,-1.546579,27,27,28,27,27,28,31,27,28,30,27,28
1791409750.321001,0.042684,0.723435,-1.520862,0.036219,0.652495,-1.512237,0.002577,0.791615,-1.522221,0.020844,0.774841,-1.546579,27,27,28,27,27,28,31,27,28,30,27,28
1791409750.341199,0.042654,0.723435,-1.520878,0.036159,0.652495,-1.512237,0.002547,0.791615,-1.522252,0.020874,0.774841,-1.546579,27,27,28,27,27,28,31,27,28,30,27,28
1791409750.361195,0.042654,0.723466,-1.520862,0.036159,0.652465,-1.512237,0.002547,0.791645,-1.522252,0.020844,0.774811,-1.546579,27,27,28,27,27,28,31,27,28,30,27,28
1791409750.381127,0.042593,0.723466,-1.520878,0.036128,0.652434,-1.512253,0.002516,0.791645,-1.522236,0.020844,0.774811,-1.546595,27,27,28,27,27,28,31,27,28,30,27,28
1791409750.401167,0.042593,0.723466,-1.520862,0.036128,0.652465,-1.512269,0.002516,0.791615,-1.522236,0.020813,0.774811,-1.546564,27,27,28,27,27,28,31,27,28,30,27,28
1791409750.421108,0.042623,0.723466,-1.520862,0.036128,0.652465,-1.512253,0.002516,0.791585,-1.522236,0.020844,0.774811,-1.546579,27,27,28,27,27,28,31,27,28,30,27,28
1791409750.441067,0.042623,0.723466,-1.520862,0.036159,0.652404,-1.512237,0.002547,0.791585,-1.522236,0.020844,0.774781,-1.546611,27,27,28,27,27,28,31,27,28,30,27,28
1791409750.461179,0.042623,0.723435,-1.520862,0.036189,0.652434,-1.512237,0.002547,0.791524,-1.522236,0.020874,0.774781,-1.546627,27,27,28,27,27,28,31,27,28,30,27,28
1791409750.481097,0.042684,0.723344,-1.520878,0.036189,0.652404,-1.512253,0.002577,0.791433,-1.522236,0.020904,0.774750,-1.546579,27,27,28,27,27,28,31,27,28,30,27,28
1791409750.501106,0.042654,0.723405,-1.520846,0.036189,0.652374,-1.512253,0.002577,0.791463,-1.522221,0.020874,0.774720,-1.546579,27,27,28,27,27,28,31,27,28,30,27,28
1791409750.521190,0.042684,0.723375,-1.520878,0.036189,0.652344,-1.512237,0.002577,0.791403,-1.522236,0.020904,0.774720,-1.546579,27,27,28,27,27,28,31,27,28,30,27,28
1791409750.541143,0.042623,0.723344,-1.520862,0.036189,0.652313,-1.512237,0.002607,0.791463,-1.522236,0.020934,0.774720,-1.546595,27,27,28,27,27,28,31,27,28,30,27,28
1791409750.561253,0.042623,0.723344,-1.520846,0.036189,0.652253,-1.512237,0.002607,0.791403,-1.522221,0.020844,0.774690,-1.546579,27,27,28,27,27,28,31,27,28,30,27,28
1791409750.581172,0.042654,0.723314,-1.520830,0.036189,0.652253,-1.512237,0.002547,0.791403,-1.522236,0.020904,0.774690,-1.546595,27,27,28,27,27,28,31,27,28,30,27,28
1791409750.601029,0.042593,0.723314,-1.520862,0.036128,0.652192,-1.512253,0.002516,0.791342,-1.522252,0.020874,0.774629,-1.546579,27,27,28,27,27,28,31,27,28,30,27,28
1791409750.621035,0.042593,0.723344,-1.520862,0.036068,0.652132,-1.512237,0.002577,0.791373,-1.522252,0.020844,0.774538,-1.546579,27,27,28,27,27,28,31,27,28,30,27,28
1791409750.641060,0.042593,0.723284,-1.520862,0.036098,0.652132,-1.512253,0.002577,0.791312,-1.522221,0.020874,0.774569,-1.546579,27,27,28,27,27,28,31,27,28,30,27,28
1791409750.661123,0.042623,0.723344,-1.520862,0.036128,0.652071,-1.512237,0.002577,0.791342,-1.522236,0.020844,0.774569,-1.546579,27,27,28,27,27,28,31,27,28,30,27,28
1791409750.682001,0.042593,0.723314,-1.520846,0.036159,0.652101,-1.512269,0.002637,0.791373,-1.522236,0.020844,0.774538,-1.546579,27,27,28,27,27,28,31,27,28,30,27,28
1791409750.700976,0.042623,0.723314,-1.520846,0.036189,0.652071,-1.512253,0.002637,0.791342,-1.522236,0.020874,0.774599,-1.546595,27,27,28,27,27,28,31,27,28,30,27,28
1791409750.721036,0.042775,0.723405,-1.521036,0.036189,0.651829,-1.513074,0.002213,0.791342,-1.522505,0.021055,0.774569,-1.546911,27,27,28,27,27,28,31,27,28,30,27,28
1791409750.741022,0.044743,0.725161,-1.532568,0.035705,0.652525,-1.522805,-0.001390,0.791827,-1.532299,0.023417,0.775507,-1.559343,27,27,28,27,27,28,31,27,28,30,27,28
1791409750.761118,0.045015,0.729370,-1.543436,0.035795,0.655614,-1.534021,-0.003115,0.793916,-1.541367,0.024598,0.778172,-1.569690,27,27,28,27,27,28,31,27,28,30,27,28
1791409750.781100,0.044834,0.734971,-1.559896,0.036068,0.660276,-1.549328,-0.004902,0.796611,-1.555378,0.025960,0.780836,-1.582786,27,27,28,27,27,28,31,27,28,30,27,28
1791409750.801127,0.044773,0.740572,-1.576562,0.036250,0.665484,-1.567052,-0.006961,0.800244,-1.569359,0.027171,0.784833,-1.598267,27,27,28,27,27,28,31,27,28,30,27,28
1791409750.821029,0.044682,0.744690,-1.593860,0.036219,0.669965,-1.582012,-0.008959,0.804059,-1.584556,0.028443,0.789526,-1.613495,27,27,28,27,27,28,31,27,28,30,27,28
1791409750.841105,0.044622,0.747960,-1.608251,0.036098,0.672993,-1.596040,-0.011533,0.807904,-1.598425,0.030290,0.794643,-1.627223,27,27,28,27,27,28,31,27,28,30,27,28
1791409750.861168,0.044622,0.751412,-1.621931,0.036038,0.675930,-1.609515,-0.013652,0.811780,-1.612737,0.031501,0.798548,-1.641772,27,27,28,27,27,28,31,27,28,30,27,28
1791409750.880990,0.044501,0.754984,-1.634584,0.035886,0.678049,-1.622405,-0.015226,0.815504,-1.627460,0.032833,0.801788,-1.656890,27,27,28,27,27,28,31,27,28,30,27,28
1791409750.900964,0.044531,0.758890,-1.647348,0.035735,0.679896,-1.636085,-0.016438,0.819531,-1.642072,0.034105,0.805452,-1.672134,27,27,28,27,27,28,31,27,28,30,27,28
1791409750.921166,0.044470,0.762463,-1.660381,0.035614,0.681652,-1.648865,-0.017800,0.822952,-1.656416,0.035195,0.808631,-1.687457,27,27,28,27,27,28,31,27,28,30,27,28
1791409750.941231,0.044440,0.765672,-1.673366,0.035523,0.683590,-1.661929,-0.019284,0.826616,-1.672276,0.036134,0.812537,-1.703033,27,27,28,27,27,28,31,27,28,30,27,28
1791409750.961072,0.044440,0.768579,-1.686193,0.035281,0.686133,-1.675104,-0.020586,0.830521,-1.686067,0.036921,0.816533,-1.719035,27,27,28,27,27,28,31,27,28,30,27,28
1791409750.981217,0.044379,0.771667,-1.698783,0.035069,0.689010,-1.688342,-0.021978,0.834548,-1.701595,0.037678,0.820924,-1.734279,27,27,28,27,27,28,31,27,28,30,27,28
1791409751.001005,0.044319,0.774937,-1.711295,0.034978,0.692401,-1.701390,-0.023159,0.838787,-1.715291,0.038435,0.825132,-1.750297,27,27,28,27,27,28,31,27,28,30,27,28
1791409751.021630,0.044077,0.778692,-1.723474,0.034766,0.696034,-1.715812,-0.024098,0.843026,-1.728418,0.039040,0.829068,-1.764483,27,27,28,27,27,28,31,27,28,30,27,28
1791409751.041262,0.043956,0.782628,-1.736380,0.034615,0.699940,-1.729019,-0.025127,0.848082,-1.741577,0.039706,0.833489,-1.777989,27,27,28,27,27,28,31,27,28,30,27,28
1791409751.061190,0.043562,0.787018,-1.749792,0.034130,0.704179,-1.742446,-0.026217,0.852897,-1.754942,0.040100,0.838424,-1.792064,27,27,28,27,27,28,31,27,28,30,27,28
1791409751.081006,0.043289,0.792044,-1.762350,0.033797,0.709205,-1.755510,-0.027216,0.858256,-1.767611,0.040706,0.843662,-1.804497,27,27,28,27,27,28,31,27,28,30,27,28
1791409751.101085,0.042926,0.798100,-1.774403,0.033313,0.714292,-1.769080,-0.028367,0.864463,-1.779348,0.041190,0.849566,-1.817071,27,27,28,27,27,28,31,27,28,30,27,28
1791409751.121077,0.042654,0.804307,-1.787325,0.032889,0.719953,-1.782270,-0.029669,0.870367,-1.791417,0.041674,0.854865,-1.829551,27,27,28,27,27,28,31,27,28,30,27,28
1791409751.141049,0.042381,0.810271,-1.799489,0.032525,0.725736,-1.795334,-0.030698,0.875998,-1.803043,0.042219,0.860860,-1.841730,27,27,28,27,27,28,31,27,28,30,27,28
1791409751.161113,0.042109,0.816569,-1.812348,0.032404,0.731459,-1.808241,-0.031516,0.881509,-1.814702,0.042855,0.866370,-1.853325,27,27,28,27,27,28,31,27,28,30,27,28
1791409751.181163,0.041988,0.823260,-1.825791,0.032253,0.737635,-1.820862,-0.032606,0.887201,-1.825886,0.043309,0.872516,-1.864888,27,27,28,27,27,28,31,27,28,30,27,28
1791409751.201078,0.041806,0.830194,-1.837891,0.032011,0.744297,-1.833879,-0.033968,0.893378,-1.838144,0.043794,0.878693,-1.876799,27,27,28,27,27,28,31,27,28,30,27,28
1791409751.221090,0.041685,0.836582,-1.850971,0.031799,0.750564,-1.846216,-0.035088,0.899585,-1.850103,0.044157,0.884597,-1.888726,27,27,28,27,27,28,31,27,28,30,27,28
1791409751.241011,0.041443,0.842517,-1.864999,0.031647,0.756589,-1.859107,-0.036451,0.905549,-1.862614,0.044551,0.890380,-1.899831,27,27,28,27,27,28,31,27,28,30,27,28
1791409751.261063,0.041261,0.848845,-1.878332,0.031557,0.762463,-1.871981,-0.037874,0.911665,-1.874382,0.044854,0.896678,-1.911489,27,27,28,27,27,28,31,27,28,30,27,28
1791409751.281227,0.041231,0.855445,-1.891964,0.031435,0.768640,-1.885346,-0.039115,0.917569,-1.885583,0.045489,0.902824,-1.923037,27,27,28,27,27,28,31,27,28,30,27,28
1791409751.301234,0.041200,0.862046,-1.905297,0.031435,0.774574,-1.898378,-0.040205,0.923322,-1.898078,0.046095,0.908759,-1.935390,27,27,28,27,27,28,31,27,28,30,27,28
1791409751.321063,0.041140,0.868071,-1.918598,0.031284,0.780024,-1.910921,-0.041447,0.928288,-1.911221,0.046852,0.914087,-1.947870,27,27,28,27,27,28,31,27,28,30,27,28
1791409751.341099,0.040958,0.873824,-1.931804,0.031012,0.785807,-1.924664,-0.042658,0.933949,-1.923795,0.047397,0.919840,-1.960271,27,27,28,27,27,28,31,27,28,30,27,28
1791409751.361148,0.040746,0.879577,-1.945864,0.030769,0.791378,-1.937365,-0.043869,0.939097,-1.936512,0.048033,0.925078,-1.973019,27,27,28,27,27,28,31,27,28,30,27,28
1791409751.381207,0.040504,0.885238,-1.959560,0.030497,0.796344,-1.950887,-0.045141,0.944547,-1.949371,0.048729,0.930740,-1.986035,27,27,28,27,27,28,31,27,28,30,27,28
1791409751.400992,0.040413,0.890658,-1.972197,0.030224,0.801461,-1.964631,-0.046594,0.950420,-1.961993,0.049516,0.935948,-1.998104,27,27,28,27,27,28,31,27,28,30,27,28
1791409751.421200,0.040262,0.895321,-1.985482,0.030073,0.805972,-1.977616,-0.047805,0.955416,-1.975072,0.050304,0.940489,-2.011089,27,27,28,27,27,28,31,27,28,30,27,28
1791409751.441090,0.040110,0.900317,-1.998246,0.029679,0.810483,-1.990585,-0.049470,0.960957,-1.987726,0.051091,0.945637,-2.023680,27,27,28,27,27,28,31,27,28,30,27,28
1791409751.461110,0.039989,0.905645,-2.011721,0.029316,0.815207,-2.002796,-0.051014,0.966528,-2.000711,0.051999,0.951420,-2.037107,27,27,28,27,27,28,31,27,28,30,27,28
1791409751.481025,0.039808,0.911973,-2.024390,0.028892,0.820081,-2.016129,-0.052589,0.971736,-2.013491,0.052998,0.956900,-2.050013,27,27,28,27,27,28,31,27,28,30,27,28
1791409751.501041,0.039747,0.917908,-2.037297,0.028832,0.824623,-2.029809,-0.054315,0.976822,-2.026144,0.054119,0.962047,-2.063346,27,27,28,27,27,28,31,27,28,30,27,28
1791409751.521221,0.039626,0.922843,-2.049381,0.028741,0.829376,-2.042715,-0.056101,0.982000,-2.039145,0.055178,0.966982,-2.076236,27,27,28,27,27,28,31,27,28,30,27,28
1791409751.541048,0.039596,0.927627,-2.062777,0.028559,0.833827,-2.055116,-0.058856,0.987389,-2.051814,0.055996,0.972341,-2.089695,27,27,28,27,27,28,31,27,28,30,27,28
1791409751.561112,0.039535,0.932835,-2.074893,0.028287,0.838702,-2.068290,-0.062369,0.992688,-2.064215,0.057540,0.978064,-2.102933,27,27,28,27,27,28,31,27,28,30,27,28
1791409751.581161,0.039475,0.938466,-2.087278,0.028256,0.843304,-2.081149,-0.066486,0.997896,-2.075510,0.059538,0.983393,-2.115934,27,27,28,27,27,28,31,27,28,30,27,28
1791409751.601099,0.039353,0.944370,-2.099758,0.027863,0.847846,-2.094403,-0.069665,1.003376,-2.087958,0.062263,0.988600,-2.129930,27,27,28,27,27,28,31,27,28,30,27,28
1791409751.621201,0.039263,0.949306,-2.112996,0.027772,0.852054,-2.108367,-0.073178,1.009189,-2.099442,0.065291,0.993778,-2.142836,27,27,28,27,27,28,31,27,28,30,27,28
1791409751.641189,0.039141,0.955452,-2.124559,0.027620,0.856323,-2.121400,-0.076690,1.015002,-2.112664,0.068954,0.998562,-2.156848,27,27,28,27,27,28,31,27,28,30,27,28
1791409751.661099,0.039020,0.962264,-2.137876,0.027166,0.861047,-2.135001,-0.080989,1.020785,-2.124828,0.073042,1.004072,-2.169991,27,27,28,27,27,28,31,27,28,30,27,28
1791409751.680972,0.038808,0.968532,-2.150908,0.026894,0.865649,-2.147465,-0.085289,1.026417,-2.137639,0.077069,1.009674,-2.183971,27,27,28,27,27,28,31,27,28,30,27,28
1791409751.701041,0.038566,0.974921,-2.163957,0.026531,0.870251,-2.161303,-0.089285,1.032654,-2.149629,0.081065,1.014669,-2.196735,27,27,28,27,27,28,31,27,28,30,27,28
1791409751.721073,0.038385,0.980946,-2.178379,0.026500,0.874853,-2.174509,-0.093615,1.038377,-2.162756,0.084608,1.019211,-2.209910,27,27,28,27,27,28,31,27,28,30,27,28
1791409751.741006,0.038415,0.987304,-2.191175,0.026561,0.879607,-2.187542,-0.097702,1.044129,-2.175884,0.087757,1.023904,-2.222611,27,27,28,27,27,28,31,27,28,30,27,28
1791409751.761082,0.038415,0.993904,-2.204729,0.026621,0.884421,-2.200479,-0.102002,1.049852,-2.189469,0.090754,1.028355,-2.235707,27,27,28,27,27,28,31,27,28,30,27,28
1791409751.781137,0.038506,0.999869,-2.218772,0.026682,0.889235,-2.212738,-0.105938,1.055393,-2.203275,0.093933,1.033986,-2.248265,27,27,28,27,27,28,31,27,28,30,27,28
1791409751.801089,0.038475,1.005713,-2.231362,0.026742,0.893746,-2.225612,-0.109904,1.061267,-2.216008,0.097022,1.039103,-2.261708,27,27,28,27,27,28,31,27,28,30,27,28
1791409751.821095,0.038445,1.011193,-2.244932,0.026864,0.897864,-2.238376,-0.113659,1.066353,-2.230083,0.100231,1.043766,-2.274220,27,27,28,27,27,28,31,27,28,30,27,28
1791409751.841103,0.038415,1.016703,-2.257585,0.026985,0.902315,-2.250603,-0.117595,1.071198,-2.242752,0.103441,1.048217,-2.287931,27,27,28,27,27,28,31,27,28,30,27,28
1791409751.861117,0.038263,1.022426,-2.270365,0.026954,0.906857,-2.263572,-0.121470,1.076557,-2.255690,0.106650,1.052940,-2.300932,27,27,28,27,27,28,31,27,28,30,27,28
1791409751.881099,0.037900,1.027694,-2.282039,0.027015,0.913063,-2.276621,-0.124771,1.082430,-2.268217,0.109829,1.057724,-2.313459,27,27,28,27,27,28,31,27,28,30,27,28
1791409751.901281,0.037173,1.032296,-2.294693,0.027287,0.920118,-2.289385,-0.128343,1.087850,-2.281344,0.112584,1.062145,-2.326871,27,27,28,27,27,28,31,27,28,30,27,28
1791409751.921210,0.036295,1.037292,-2.306461,0.027499,0.927506,-2.302544,-0.133278,1.092755,-2.293887,0.116369,1.066262,-2.339809,27,27,28,27,27,28,31,27,28,30,27,28
1791409751.941179,0.035205,1.042621,-2.318546,0.027530,0.934803,-2.314960,-0.138365,1.098205,-2.307393,0.121577,1.070683,-2.351925,27,27,28,27,27,28,31,27,28,30,27,28
1791409751.961124,0.034146,1.048343,-2.330994,0.027802,0.943129,-2.327550,-0.143452,1.103776,-2.320805,0.126240,1.074861,-2.364499,27,27,28,27,27,28,31,27,28,30,27,28
1791409751.981217,0.032844,1.053339,-2.342905,0.028226,0.951365,-2.340282,-0.148478,1.108832,-2.334011,0.130236,1.078555,-2.378164,27,27,28,27,27,28,31,27,28,30,27,28
1791409752.002910,0.031148,1.057972,-2.356411,0.028226,0.959570,-2.354310,-0.153898,1.113949,-2.348181,0.135020,1.082158,-2.392223,27,27,28,27,27,28,31,27,28,30,27,28
1791409752.023172,0.029755,1.061999,-2.368638,0.028650,0.967321,-2.366727,-0.158591,1.118642,-2.361956,0.139108,1.085912,-2.406140,27,27,28,27,27,28,31,27,28,30,27,28
1791409752.043030,0.028544,1.066449,-2.381892,0.028892,0.973770,-2.380265,-0.163253,1.123668,-2.375273,0.142892,1.090424,-2.418872,27,27,28,27,27,28,31,27,28,30,27,28
1791409752.063148,0.027848,1.070840,-2.394119,0.029104,0.979099,-2.392839,-0.167825,1.128604,-2.389285,0.146677,1.095601,-2.433437,27,27,28,27,27,28,31,27,28,30,27,28
1791409752.083429,0.027364,1.075442,-2.406156,0.029316,0.984700,-2.405856,-0.172397,1.133751,-2.403502,0.150916,1.100476,-2.448476,27,27,28,27,27,28,31,27,28,30,27,28
1791409752.103093,0.026637,1.080286,-2.418588,0.029619,0.990513,-2.418873,-0.176939,1.139292,-2.417182,0.155094,1.105108,-2.461240,27,27,28,27,27,28,31,27,28,30,27,28
1791409752.123021,0.025729,1.085040,-2.431573,0.029982,0.996175,-2.432600,-0.181359,1.144772,-2.429741,0.159333,1.109408,-2.475552,27,27,28,27,27,28,31,27,28,30,27,28
1791409752.143146,0.024578,1.089672,-2.444274,0.030345,1.002261,-2.445727,-0.186264,1.149980,-2.443784,0.164177,1.113798,-2.489469,27,27,28,27,27,28,31,27,28,30,27,28
1791409752.163153,0.023579,1.094910,-2.457591,0.030860,1.008771,-2.459929,-0.190776,1.155611,-2.457480,0.168416,1.118612,-2.502960,27,27,28,27,27,28,31,27,28,30,27,28
1791409752.183107,0.022822,1.100693,-2.470718,0.031314,1.015129,-2.472772,-0.195771,1.160758,-2.471018,0.172564,1.123850,-2.516103,27,27,28,27,27,28,31,27,28,30,27,28
1791409752.202990,0.022307,1.106719,-2.483703,0.031708,1.020821,-2.485852,-0.200464,1.165875,-2.484383,0.177378,1.128543,-2.528851,27,27,28,27,27,28,31,27,28,30,27,28
1791409752.223097,0.021580,1.111624,-2.496925,0.032102,1.025756,-2.499453,-0.205006,1.171174,-2.497557,0.181526,1.133085,-2.542263,27,27,28,27,27,28,31,27,28,30,27,28
1791409752.243284,0.020702,1.116074,-2.509231,0.032435,1.030843,-2.512391,-0.209850,1.176654,-2.509484,0.186128,1.137748,-2.553952,27,27,28,27,27,28,31,27,28,30,27,28
1791409752.263131,0.019612,1.120404,-2.522659,0.032859,1.036263,-2.524570,-0.214998,1.181710,-2.523433,0.190852,1.142804,-2.566716,27,27,28,27,27,28,31,27,28,30,27,28
1791409752.283384,0.018856,1.125460,-2.535091,0.033313,1.041955,-2.537287,-0.219933,1.187312,-2.535881,0.195666,1.148224,-2.578580,27,27,28,27,27,28,31,27,28,30,27,28
1791409752.303182,0.017856,1.130547,-2.547649,0.034130,1.048707,-2.549687,-0.225353,1.192459,-2.548898,0.200571,1.154219,-2.591265,27,27,28,27,27,28,31,27,28,30,27,28
1791409752.323170,0.016131,1.134937,-2.560097,0.035129,1.055307,-2.561677,-0.230348,1.198272,-2.562056,0.205536,1.159487,-2.604345,27,27,28,27,27,28,31,27,28,30,27,28
1791409752.343170,0.014011,1.139509,-2.571297,0.036038,1.061635,-2.574947,-0.235223,1.203783,-2.574094,0.210805,1.164785,-2.616161,27,27,28,27,27,28,31,27,28,30,27,28
1791409752.363210,0.012346,1.144142,-2.583919,0.036825,1.067570,-2.587600,-0.240067,1.209021,-2.586415,0.215982,1.170205,-2.628451,27,27,28,27,27,28,31,27,28,30,27,28
1791409752.383072,0.010590,1.149198,-2.597094,0.037552,1.074352,-2.599590,-0.244851,1.213986,-2.599116,0.220978,1.175504,-2.640235,27,27,28,27,27,28,31,27,28,30,27,28
1791409752.402940,0.009106,1.154830,-2.610316,0.038339,1.083284,-2.612054,-0.250755,1.219830,-2.612006,0.225308,1.181892,-2.652051,27,27,28,27,27,28,31,27,28,30,27,28
1791409752.423160,0.007956,1.160249,-2.622701,0.039489,1.092488,-2.623080,-0.256962,1.225855,-2.624218,0.229335,1.188735,-2.662730,27,27,28,27,27,28,31,27,28,30,27,28
1791409752.443069,0.007047,1.165245,-2.635086,0.040458,1.103085,-2.634090,-0.262715,1.231578,-2.636918,0.233755,1.195063,-2.673662,27,27,28,27,27,28,31,27,28,30,27,28
1791409752.463004,0.006109,1.169666,-2.647960,0.041427,1.113016,-2.644516,-0.267650,1.237058,-2.648592,0.238660,1.200483,-2.682950,27,27,28,27,27,28,31,27,28,30,27,28
1791409752.483111,0.004534,1.174116,-2.662004,0.042759,1.122826,-2.655448,-0.272404,1.242417,-2.661135,0.243837,1.204873,-2.692555,27,27,28,27,27,28,31,27,28,30,27,28
1791409752.503006,0.002869,1.179142,-2.675447,0.043849,1.132212,-2.666743,-0.278338,1.248079,-2.673409,0.248985,1.209899,-2.702396,27,27,28,27,27,28,31,27,28,30,27,28
1791409752.523086,0.000992,1.184290,-2.687705,0.045212,1.143203,-2.678275,-0.283939,1.253226,-2.685478,0.253678,1.214925,-2.712443,27,27,28,27,27,28,31,27,28,30,27,28
1791409752.543177,-0.001340,1.191314,-2.699727,0.046968,1.153316,-2.689585,-0.290056,1.258434,-2.696836,0.259128,1.219769,-2.723248,27,27,28,27,27,28,31,27,28,30,27,28
1791409752.563015,-0.003883,1.197763,-2.710485,0.048542,1.163761,-2.701575,-0.295415,1.265186,-2.708115,0.264063,1.225764,-2.733659,27,27,28,27,27,28,31,27,28,30,27,28
1791409752.583148,-0.006487,1.205878,-2.720279,0.049360,1.173844,-2.713044,-0.299714,1.271968,-2.717546,0.269149,1.232607,-2.743958,27,27,28,27,27,28,31,27,28,30,27,28
1791409752.603239,-0.008879,1.213992,-2.729978,0.050208,1.183987,-2.724449,-0.303378,1.278871,-2.726171,0.272904,1.239783,-2.753184,27,27,28,27,27,28,31,27,28,30,27,28
1791409752.623112,-0.011543,1.221894,-2.740041,0.051146,1.194069,-2.735981,-0.306829,1.284684,-2.734243,0.276507,1.245717,-2.761841,27,27,28,27,27,28,31,27,28,30,27,28
1791409752.643182,-0.014147,1.228888,-2.751083,0.052054,1.204061,-2.747560,-0.310463,1.290013,-2.741889,0.279716,1.251197,-2.770892,27,27,28,27,27,28,31,27,28,30,27,28
1791409752.663014,-0.011816,1.238305,-2.763010,0.054840,1.209057,-2.760277,-0.321665,1.303487,-2.749661,0.278778,1.253468,-2.788174,27,27,28,27,27,28,31,27,28,30,27,28
1791409752.683097,-0.010271,1.251021,-2.776390,0.057595,1.217746,-2.771098,-0.335987,1.321684,-2.757023,0.276507,1.255588,-2.804792,27,27,28,27,27,28,31,27,28,30,27,28
1791409752.703045,-0.009848,1.264555,-2.786642,0.060017,1.230796,-2.781618,-0.350035,1.334915,-2.765158,0.279171,1.264066,-2.815645,27,27,28,27,27,28,31,27,28,30,27,28
1791409752.723015,-0.007123,1.274607,-2.794856,0.060229,1.240242,-2.789659,-0.359452,1.345875,-2.776563,0.281382,1.272604,-2.829641,27,27,28,27,27,28,31,27,28,30,27,28
1791409752.743164,-0.005972,1.275425,-2.797226,0.060653,1.241726,-2.790133,-0.359785,1.345482,-2.778712,0.284500,1.271362,-2.829530,27,27,28,27,27,28,31,27,28,30,27,28
1791409752.762969,-0.005700,1.275516,-2.797463,0.062228,1.242089,-2.790117,-0.360390,1.345421,-2.778759,0.285166,1.268486,-2.829594,27,27,28,27,27,28,31,27,28,30,27,28
1791409752.783091,-0.005518,1.276424,-2.798063,0.063499,1.243149,-2.790323,-0.360118,1.345875,-2.779565,0.288527,1.266064,-2.829594,27,27,28,27,27,28,31,27,28,30,27,28
1791409752.803067,-0.005276,1.276303,-2.798221,0.064044,1.244118,-2.790781,-0.360178,1.345845,-2.779754,0.288648,1.266245,-2.829609,27,27,28,27,27,28,31,27,28,30,27,28
1791409752.823031,-0.005094,1.276485,-2.798347,0.064317,1.244512,-2.790860,-0.360148,1.345966,-2.779754,0.288588,1.266215,-2.829578,27,27,28,27,27,28,31,27,28,30,27,28
1791409752.843097,-0.004882,1.276969,-2.798537,0.064347,1.244663,-2.790891,-0.360178,1.345906,-2.779770,0.288679,1.266215,-2.829609,27,27,28,27,27,28,31,27,28,30,27,28
1791409752.863004,-0.004791,1.276969,-2.798553,0.064408,1.244693,-2.790907,-0.360148,1.345936,-2.779770,0.288800,1.266245,-2.829594,27,27,28,27,27,28,31,27,28,30,27,28
1791409752.882957,-0.004700,1.276969,-2.798584,0.064559,1.244784,-2.790923,-0.360118,1.345906,-2.779770,0.288860,1.266215,-2.829594,27,27,28,27,27,28,31,27,28,30,27,28
1791409752.903058,-0.004670,1.276969,-2.798616,0.064620,1.244875,-2.790939,-0.360118,1.345996,-2.779770,0.288860,1.266215,-2.829609,27,27,28,27,27,28,31,27,28,30,27,28
1791409752.923150,-0.004610,1.277030,-2.798616,0.064620,1.244875,-2.790954,-0.360148,1.345966,-2.779770,0.288860,1.266215,-2.829609,27,27,28,27,27,28,31,27,28,30,27,28
1791409752.943237,-0.004549,1.277030,-2.798632,0.064710,1.244875,-2.790954,-0.360118,1.345966,-2.779754,0.288951,1.266245,-2.829594,27,27,28,27,27,28,31,27,28,30,27,28
1791409752.963059,-0.004549,1.276999,-2.798647,0.064801,1.244875,-2.790954,-0.360148,1.345996,-2.779770,0.288981,1.266215,-2.829609,27,27,28,27,27,28,31,27,28,30,27,28
1791409752.982975,-0.004549,1.277030,-2.798679,0.064832,1.244905,-2.790970,-0.360148,1.345966,-2.779770,0.288951,1.266215,-2.829609,27,27,28,27,27,28,31,27,28,30,27,28
1791409753.003058,-0.004549,1.277030,-2.798679,0.064892,1.244905,-2.790970,-0.360118,1.345966,-2.779770,0.289012,1.266215,-2.829594,27,27,28,27,27,28,31,27,28,30,27,28
1791409753.023026,-0.004488,1.276999,-2.798679,0.064862,1.244905,-2.790970,-0.360178,1.345966,-2.779770,0.288981,1.266215,-2.829609,27,27,28,27,27,28,31,27,28,30,27,28
1791409753.043163,-0.004488,1.277060,-2.798679,0.064862,1.244905,-2.790986,-0.360178,1.345966,-2.779786,0.288951,1.266215,-2.829594,27,27,28,27,27,28,31,27,28,30,27,28
1791409753.063292,-0.004488,1.277090,-2.798726,0.064953,1.244905,-2.790970,-0.360118,1.345966,-2.779786,0.288981,1.266245,-2.829594,27,27,28,27,27,28,31,27,28,30,27,28
1791409753.083162,-0.004488,1.277090,-2.798726,0.065013,1.244905,-2.790970,-0.360118,1.345966,-2.779786,0.288981,1.266215,-2.829594,27,27,28,27,27,28,31,27,28,30,27,28
1791409753.103218,-0.004488,1.277030,-2.798726,0.065044,1.244936,-2.790986,-0.360118,1.345966,-2.779770,0.289012,1.266215,-2.829594,27,27,28,27,27,28,31,27,28,30,27,28
1791409753.123244,-0.004458,1.277090,-2.798726,0.065104,1.244905,-2.790986,-0.360148,1.345966,-2.779770,0.289042,1.266215,-2.829609,27,27,28,27,27,28,31,27,28,30,27,28
1791409753.143047,-0.004458,1.277090,-2.798742,0.065104,1.244936,-2.790986,-0.360178,1.345966,-2.779786,0.288981,1.266215,-2.829609,27,27,28,27,27,28,31,27,28,30,27,28
1791409753.162997,-0.004458,1.277090,-2.798774,0.065104,1.244875,-2.790986,-0.360118,1.345966,-2.779786,0.288981,1.266215,-2.829594,27,27,28,27,27,28,31,27,28,30,27,28
1791409753.182990,-0.004488,1.277121,-2.798805,0.065104,1.244905,-2.790986,-0.360148,1.345936,-2.779786,0.289012,1.266245,-2.829594,27,27,28,27,27,28,31,27,28,30,27,28
1791409753.203267,-0.004428,1.277090,-2.798805,0.065195,1.244936,-2.790986,-0.360148,1.345966,-2.779786,0.289012,1.266215,-2.829594,27,27,28,27,27,28,31,27,28,30,27,28
1791409753.223077,-0.004458,1.277090,-2.798805,0.065225,1.244936,-2.791018,-0.360148,1.345966,-2.779770,0.289012,1.266215,-2.829594,27,27,28,27,27,28,31,27,28,30,27,28
1791409753.243235,-0.004458,1.277090,-2.798837,0.065286,1.244905,-2.791018,-0.360118,1.345966,-2.779786,0.289012,1.266215,-2.829594,27,27,28,27,27,28,31,27,28,30,27,28
1791409753.263153,-0.004488,1.277090,-2.798853,0.065286,1.244905,-2.791018,-0.360148,1.345936,-2.779770,0.289012,1.266215,-2.829594,27,27,28,27,27,28,31,27,28,30,27,28
1791409753.283085,-0.004458,1.277090,-2.798853,0.065316,1.244936,-2.791018,-0.360148,1.345966,-2.779770,0.289012,1.266215,-2.829594,27,27,28,27,27,28,31,27,28,30,27,28
1791409753.303071,-0.004458,1.277090,-2.798869,0.065377,1.244905,-2.791018,-0.360148,1.345966,-2.779786,0.289012,1.266215,-2.829594,27,27,28,27,27,28,31,27,28,30,27,28
1791409753.323046,-0.004488,1.277121,-2.798884,0.065407,1.244905,-2.791018,-0.360178,1.345966,-2.779770,0.289012,1.266245,-2.829594,27,27,28,27,27,28,31,27,28,30,27,28
1791409753.343085,-0.004458,1.277121,-2.798916,0.065437,1.244936,-2.791018,-0.360178,1.345966,-2.779770,0.289012,1.266276,-2.829609,27,27,28,27,27,28,31,27,28,30,27,28
1791409753.363310,-0.004488,1.277121,-2.798932,0.065437,1.244905,-2.791018,-0.360148,1.345936,-2.779770,0.289042,1.266245,-2.829594,27,27,28,27,27,28,31,27,28,30,27,28
1791409753.383101,-0.004458,1.277121,-2.798948,0.065467,1.244936,-2.791018,-0.360209,1.345936,-2.779786,0.289072,1.266215,-2.829609,27,27,28,27,27,28,31,27,28,30,27,28
1791409753.403031,-0.004428,1.277151,-2.798963,0.065467,1.244936,-2.791018,-0.360148,1.345966,-2.779770,0.289072,1.266245,-2.829594,27,27,28,27,27,28,31,27,28,30,27,28
1791409753.423175,-0.004428,1.277121,-2.798979,0.065498,1.244936,-2.791018,-0.360148,1.345936,-2.779786,0.289072,1.266185,-2.829594,27,27,28,27,27,28,31,27,28,30,27,28
1791409753.442970,-0.004458,1.277121,-2.799011,0.065498,1.244936,-2.791018,-0.360148,1.345966,-2.779786,0.289072,1.266276,-2.829609,27,27,28,27,27,28,31,27,28,30,27,28
1791409753.463007,-0.004428,1.277151,-2.799026,0.065467,1.244875,-2.791033,-0.360148,1.345966,-2.779786,0.289072,1.266245,-2.829594,27,27,28,27,27,28,31,27,28,30,27,28
1791409753.483163,-0.004458,1.277121,-2.799058,0.065498,1.244875,-2.791018,-0.360148,1.345966,-2.779770,0.289102,1.266245,-2.829594,27,27,28,27,27,28,31,27,28,30,27,28
1791409753.502995,-0.004428,1.277151,-2.799090,0.065528,1.244905,-2.791018,-0.360148,1.345966,-2.779786,0.289133,1.266215,-2.829609,27,27,28,27,27,28,31,27,28,30,27,28
1791409753.523110,-0.004458,1.277151,-2.799106,0.065558,1.244905,-2.791033,-0.360178,1.345966,-2.779786,0.289072,1.266276,-2.829594,27,27,28,27,27,28,31,27,28,30,27,28
1791409753.543089,-0.004458,1.277151,-2.799153,0.065558,1.244905,-2.791018,-0.360148,1.345966,-2.779786,0.289102,1.266185,-2.829609,27,27,28,27,27,28,31,27,28,30,27,28
1791409753.563051,-0.004458,1.277151,-2.799153,0.065619,1.244966,-2.791033,-0.360178,1.345966,-2.779786,0.289102,1.266276,-2.829594,27,27,28,27,27,28,31,27,28,30,27,28
1791409753.583058,-0.004428,1.277151,-2.799185,0.065649,1.244905,-2.791033,-0.360178,1.345936,-2.779786,0.289102,1.266215,-2.829594,27,27,28,27,27,28,31,27,28,30,27,28
1791409753.603092,-0.004398,1.277181,-2.799248,0.065710,1.244936,-2.791033,-0.360148,1.345966,-2.779786,0.289133,1.266245,-2.829594,27,27,28,27,27,28,31,27,28,30,27,28
1791409753.622992,-0.004398,1.277181,-2.799263,0.065740,1.244936,-2.791049,-0.360148,1.345936,-2.779786,0.289072,1.266215,-2.829594,27,27,28,27,27,28,31,27,28,30,27,28
1791409753.643178,-0.004428,1.277211,-2.799311,0.065770,1.244936,-2.791033,-0.360178,1.345966,-2.779786,0.289102,1.266185,-2.829609,27,27,28,27,27,28,31,27,28,30,27,28
1791409753.663147,-0.004428,1.277211,-2.799358,0.065800,1.244936,-2.791018,-0.360178,1.345966,-2.779786,0.289133,1.266245,-2.829609,27,27,28,27,27,28,31,27,28,30,27,28
1791409753.682959,-0.004367,1.277211,-2.799406,0.065861,1.244905,-2.791018,-0.360178,1.345906,-2.779770,0.289102,1.266276,-2.829594,27,27,28,27,27,28,31,27,28,30,27,28
1791409753.703129,-0.004367,1.277181,-2.799453,0.065861,1.244936,-2.791033,-0.360148,1.345966,-2.779786,0.289133,1.266215,-2.829594,27,27,28,27,27,28,31,27,28,30,27,28
1791409753.723352,-0.004367,1.277242,-2.799516,0.065891,1.244905,-2.791033,-0.360148,1.345936,-2.779770,0.289133,1.266245,-2.829594,27,27,28,27,27,28,31,27,28,30,27,28
1791409753.743064,-0.004337,1.277211,-2.799532,0.065891,1.244905,-2.791033,-0.360178,1.345936,-2.779770,0.289163,1.266215,-2.829609,27,27,28,27,27,28,31,27,28,30,27,28
1791409753.763217,-0.004367,1.277211,-2.799564,0.065891,1.244905,-2.791033,-0.360148,1.345906,-2.779786,0.289133,1.266215,-2.829609,27,27,28,27,27,28,31,27,28,30,27,28
1791409753.783155,-0.004337,1.277242,-2.799564,0.065922,1.244905,-2.791049,-0.360148,1.345936,-2.779770,0.289133,1.266215,-2.829609,27,27,28,27,27,28,31,27,28,30,27,28
1791409753.803162,-0.004367,1.277242,-2.799595,0.065982,1.244905,-2.791033,-0.360178,1.345966,-2.779786,0.289133,1.266245,-2.829594,27,27,28,27,27,28,31,27,28,30,27,28
1791409753.823090,-0.004337,1.277242,-2.799627,0.066043,1.244875,-2.791033,-0.360178,1.345966,-2.779786,0.289133,1.266185,-2.829594,27,27,28,27,27,28,31,27,28,30,27,28
1791409753.842985,-0.004337,1.277242,-2.799643,0.066043,1.244905,-2.791033,-0.360118,1.345936,-2.779770,0.289133,1.266245,-2.829594,27,27,28,27,27,28,31,27,28,30,27,28
1791409753.863045,-0.004367,1.277272,-2.799659,0.066043,1.244936,-2.791049,-0.360178,1.345966,-2.779770,0.289133,1.266215,-2.829594,27,27,28,27,27,28,31,27,28,30,27,28
1791409753.883039,-0.004337,1.277272,-2.799659,0.066103,1.244905,-2.791033,-0.360178,1.345936,-2.779786,0.289133,1.266245,-2.829594,27,27,28,27,27,28,31,27,28,30,27,28
1791409753.903281,-0.004337,1.277242,-2.799674,0.066134,1.244905,-2.791065,-0.360148,1.345906,-2.779786,0.289133,1.266245,-2.829594,27,27,28,27,27,28,31,27,28,30,27,28
1791409753.923206,-0.004337,1.277242,-2.799674,0.066134,1.244936,-2.791033,-0.360178,1.345936,-2.779786,0.289163,1.266215,-2.829594,27,27,28,27,27,28,31,27,28,30,27,28
1791409753.943045,-0.004337,1.277242,-2.799674,0.066134,1.244905,-2.791033,-0.360148,1.345906,-2.779770,0.289133,1.266245,-2.829594,27,27,28,27,27,28,31,27,28,30,27,28
1791409753.963016,-0.004367,1.277272,-2.799706,0.066134,1.244936,-2.791033,-0.360148,1.345936,-2.779786,0.289163,1.266215,-2.829594,27,27,28,27,27,28,31,27,28,30,27,28
1791409753.983057,-0.004337,1.277272,-2.799706,0.066103,1.244905,-2.791033,-0.360178,1.345906,-2.779786,0.289163,1.266215,-2.829609,27,27,28,27,27,28,31,27,28,30,27,28
1791409754.003178,-0.004367,1.277272,-2.799722,0.066134,1.244936,-2.791033,-0.360148,1.345936,-2.779770,0.289163,1.266245,-2.829594,27,27,28,27,27,28,31,27,28,30,27,28
1791409754.023144,-0.004337,1.277242,-2.799722,0.066164,1.244905,-2.791018,-0.360178,1.345936,-2.779802,0.289133,1.266215,-2.829594,27,27,28,27,27,28,31,27,28,30,27,28
1791409754.042972,-0.004367,1.277272,-2.799737,0.066164,1.244905,-2.791033,-0.360148,1.345936,-2.779786,0.289163,1.266185,-2.829594,27,27,28,27,27,28,31,27,28,30,27,28
1791409754.063011,-0.004337,1.277272,-2.799737,0.066224,1.244936,-2.791049,-0.360209,1.345936,-2.779786,0.289133,1.266215,-2.829609,27,27,28,27,27,28,31,27,28,30,27,28
1791409754.083088,-0.004337,1.277302,-2.799753,0.066164,1.244936,-2.791049,-0.360209,1.345936,-2.779786,0.289163,1.266245,-2.829609,27,27,28,27,27,28,31,27,28,30,27,28
1791409754.103074,-0.004337,1.277272,-2.799753,0.066194,1.244936,-2.791033,-0.360178,1.345936,-2.779786,0.289163,1.266276,-2.829594,27,27,28,27,27,28,31,27,28,30,27,28
1791409754.123147,-0.004337,1.277242,-2.799753,0.066224,1.244936,-2.791033,-0.360178,1.345936,-2.779786,0.289163,1.266245,-2.829578,27,27,28,27,27,28,31,27,28,30,27,28
1791409754.143095,-0.004337,1.277302,-2.799753,0.066255,1.244966,-2.791033,-0.360178,1.345936,-2.779786,0.289193,1.266185,-2.829578,27,27,28,27,27,28,31,27,28,30,27,28
1791409754.163078,-0.004367,1.277272,-2.799753,0.066224,1.244936,-2.791033,-0.360209,1.345936,-2.779802,0.289163,1.266245,-2.829594,27,27,28,27,27,28,31,27,28,30,27,28
1791409754.183180,-0.004367,1.277302,-2.799769,0.066255,1.244966,-2.791049,-0.360209,1.345966,-2.779770,0.289163,1.266245,-2.829594,27,27,28,27,27,28,31,27,28,30,27,28
1791409754.203122,-0.004337,1.277302,-2.799753,0.066255,1.244936,-2.791049,-0.360209,1.345936,-2.779786,0.289163,1.266245,-2.829594,27,27,28,27,27,28,31,27,28,30,27,28
1791409754.223183,-0.004367,1.277302,-2.799785,0.066224,1.244905,-2.791033,-0.360209,1.345936,-2.779770,0.289102,1.266215,-2.829594,27,27,28,27,27,28,31,27,28,30,27,28
1791409754.243081,-0.004337,1.277302,-2.799785,0.066255,1.244905,-2.791049,-0.360209,1.345906,-2.779786,0.289193,1.266245,-2.829594,27,27,28,27,27,28,31,27,28,30,27,28
1791409754.262947,-0.004337,1.277272,-2.799785,0.066285,1.244905,-2.791065,-0.360209,1.345906,-2.779786,0.289163,1.266215,-2.829594,27,27,28,27,27,28,31,27,28,30,27,28
1791409754.282996,-0.004367,1.277242,-2.799801,0.066255,1.244905,-2.791065,-0.360239,1.345966,-2.779786,0.289193,1.266276,-2.829609,27,27,28,27,27,28,31,27,28,30,27,28
1791409754.302976,-0.004337,1.277302,-2.799785,0.066285,1.244875,-2.791049,-0.360209,1.345906,-2.779786,0.289193,1.266215,-2.829594,27,27,28,27,27,28,31,27,28,30,27,28
1791409754.323260,-0.004337,1.277302,-2.799816,0.066315,1.244905,-2.791065,-0.360209,1.345906,-2.779786,0.289193,1.266215,-2.829609,27,27,28,27,27,28,31,27,28,30,27,28
1791409754.343069,-0.004337,1.277333,-2.799816,0.066315,1.244905,-2.791049,-0.360178,1.345936,-2.779786,0.289193,1.266245,-2.829594,27,27,28,27,27,28,31,27,28,30,27,28
1791409754.363284,-0.004337,1.277302,-2.799816,0.066315,1.244936,-2.791049,-0.360209,1.345906,-2.779770,0.289223,1.266245,-2.829594,27,27,28,27,27,28,31,27,28,30,27,28
