t,q_FR_hip,q_FR_thigh,q_FR_calf,q_FL_hip,q_FL_thigh,q_FL_calf,q_RR_hip,q_RR_thigh,q_RR_calf,q_RL_hip,q_RL_thigh,q_RL_calf,temp_FR_hip,temp_FR_thigh,temp_FR_calf,temp_FL_hip,temp_FL_thigh,temp_FL_calf,temp_RR_hip,temp_RR_thigh,temp_RR_calf,temp_RL_hip,temp_RL_thigh,temp_RL_calf
1791409987.210711,-0.047301,1.254836,-2.777195,0.054658,1.305763,-2.801728,-0.352548,1.198272,-2.779265,0.312144,1.217014,-2.756533,28,28,29,28,28,28,32,27,29,31,28,29
1791409987.230759,-0.047301,1.254867,-2.777179,0.054658,1.305763,-2.801728,-0.352579,1.198272,-2.779265,0.312144,1.217044,-2.756517,28,28,28,28,28,28,32,27,29,31,28,29
1791409987.250744,-0.047271,1.254836,-2.777179,0.054658,1.305763,-2.801728,-0.352609,1.198242,-2.779265,0.312113,1.217044,-2.756517,28,28,28,28,28,28,32,27,29,31,28,29
1791409987.270581,-0.047271,1.254836,-2.777179,0.054628,1.305733,-2.801744,-0.352579,1.198242,-2.779265,0.312113,1.217044,-2.756533,28,28,29,28,28,28,32,27,29,31,28,29
1791409987.290612,-0.047271,1.254836,-2.777195,0.054658,1.305733,-2.801712,-0.352609,1.198272,-2.779265,0.312113,1.217044,-2.756533,28,28,29,28,28,28,32,27,29,31,28,29
1791409987.310976,-0.047240,1.254867,-2.777195,0.054658,1.305793,-2.801728,-0.352579,1.198242,-2.779265,0.312174,1.217014,-2.756517,28,28,29,28,28,28,32,27,29,31,28,29
1791409987.330656,-0.047240,1.254836,-2.777195,0.054658,1.305763,-2.801712,-0.352579,1.198212,-2.779249,0.312113,1.217044,-2.756517,28,28,29,28,28,28,32,27,29,31,28,29
1791409987.350739,-0.047240,1.254806,-2.777195,0.054658,1.305793,-2.801728,-0.352548,1.198272,-2.779265,0.312144,1.217044,-2.756517,28,28,29,28,28,28,32,27,29,31,28,29
1791409987.370734,-0.047271,1.254836,-2.777179,0.054689,1.305763,-2.801744,-0.352609,1.198242,-2.779265,0.312144,1.217044,-2.756533,28,28,28,28,28,28,32,27,29,31,28,29
1791409987.390694,-0.047271,1.254867,-2.777195,0.054658,1.305733,-2.801728,-0.352579,1.198242,-2.779265,0.312144,1.217044,-2.756517,28,28,29,28,28,28,32,27,29,31,28,29
1791409987.410713,-0.047271,1.254867,-2.777195,0.054658,1.305733,-2.801728,-0.352548,1.198242,-2.779265,0.312174,1.217044,-2.756533,28,28,29,28,28,28,32,27,29,31,28,29
1791409987.430609,-0.047240,1.254836,-2.777195,0.054628,1.305793,-2.801728,-0.352609,1.198272,-2.779265,0.312144,1.217014,-2.756517,28,28,29,28,28,28,32,27,29,31,28,29
1791409987.450668,-0.047271,1.254836,-2.777195,0.054658,1.305733,-2.801712,-0.352609,1.198242,-2.779265,0.312113,1.217044,-2.756517,28,28,29,28,28,28,32,27,29,31,28,29
1791409987.470704,-0.047301,1.254836,-2.777195,0.054628,1.305733,-2.801712,-0.352579,1.198272,-2.779280,0.312174,1.217044,-2.756533,28,28,29,28,28,28,32,27,29,31,28,29
1791409987.490656,-0.047240,1.254867,-2.777195,0.054658,1.305763,-2.801728,-0.352579,1.198272,-2.779249,0.312174,1.217044,-2.756517,28,28,29,28,28,28,32,27,29,31,28,29
1791409987.510741,-0.047240,1.254806,-2.777211,0.054658,1.305763,-2.801712,-0.352609,1.198272,-2.779265,0.312113,1.217044,-2.756517,28,28,29,28,28,28,32,27,29,31,28,29
1791409987.530688,-0.047240,1.254836,-2.777195,0.054658,1.305793,-2.801712,-0.352609,1.198272,-2.779265,0.312144,1.217014,-2.756517,28,28,29,28,28,28,32,27,29,31,28,29
1791409987.550724,-0.047301,1.254867,-2.777179,0.054658,1.305793,-2.801728,-0.352579,1.198242,-2.779265,0.312144,1.217044,-2.756533,28,28,29,28,28,28,32,27,29,31,28,29
1791409987.570759,-0.047240,1.254867,-2.777211,0.054628,1.305763,-2.801728,-0.352579,1.198242,-2.779280,0.312113,1.217044,-2.756517,28,28,28,28,28,28,32,27,29,31,28,29
1791409987.590685,-0.047240,1.254806,-2.777195,0.054689,1.305793,-2.801728,-0.352579,1.198272,-2.779265,0.312113,1.217044,-2.756517,28,28,29,28,28,28,32,27,29,31,28,29
1791409987.610670,-0.047240,1.254836,-2.777164,0.054658,1.305763,-2.801728,-0.352579,1.198272,-2.779265,0.312144,1.217075,-2.756517,28,28,29,28,28,28,32,27,29,31,28,29
1791409987.630739,-0.047240,1.254806,-2.777195,0.054658,1.305733,-2.801728,-0.352609,1.198272,-2.779265,0.312113,1.217075,-2.756517,28,28,28,28,28,28,32,27,29,31,28,29
1791409987.650739,-0.047210,1.254776,-2.777179,0.054628,1.305793,-2.801728,-0.352579,1.198212,-2.779265,0.312144,1.217044,-2.756517,28,28,29,28,28,28,32,27,29,31,28,29
1791409987.670697,-0.047301,1.254836,-2.777195,0.054658,1.305793,-2.801728,-0.352639,1.198272,-2.779249,0.312144,1.217044,-2.756517,28,28,29,28,28,28,32,27,29,31,28,29
1791409987.690827,-0.047271,1.254806,-2.777195,0.054628,1.305793,-2.801728,-0.352609,1.198242,-2.779280,0.312144,1.217044,-2.756533,28,28,28,28,28,28,32,27,29,31,28,29
1791409987.710858,-0.047240,1.254836,-2.777195,0.054658,1.305763,-2.801712,-0.352609,1.198272,-2.779265,0.312144,1.217044,-2.756533,28,28,29,28,28,28,32,27,29,31,28,29
1791409987.730684,-0.047240,1.254836,-2.777179,0.054658,1.305763,-2.801744,-0.352609,1.198242,-2.779249,0.312144,1.217044,-2.756533,28,28,29,28,28,28,32,27,29,31,28,29
1791409987.750859,-0.047240,1.254867,-2.777179,0.054628,1.305763,-2.801728,-0.352609,1.198212,-2.779280,0.312174,1.217044,-2.756517,28,28,29,28,28,28,32,27,29,31,28,29
1791409987.770778,-0.047240,1.254836,-2.777179,0.054628,1.305733,-2.801728,-0.352609,1.198242,-2.779265,0.312174,1.217044,-2.756517,28,28,29,28,28,28,32,27,29,31,28,29
1791409987.790819,-0.047271,1.254867,-2.777179,0.054628,1.305793,-2.801744,-0.352609,1.198242,-2.779265,0.312113,1.217044,-2.756517,28,28,29,28,28,28,32,27,29,31,28,29
1791409987.810757,-0.047240,1.254836,-2.777195,0.054658,1.305763,-2.801728,-0.352579,1.198272,-2.779280,0.312113,1.217044,-2.756501,28,28,29,28,28,28,32,27,29,31,28,29
1791409987.830771,-0.047271,1.254867,-2.777195,0.054658,1.305763,-2.801728,-0.352609,1.198272,-2.779280,0.312144,1.217044,-2.756517,28,28,29,28,28,28,32,27,29,31,28,29
1791409987.850699,-0.047240,1.254836,-2.777179,0.054658,1.305733,-2.801728,-0.352579,1.198272,-2.779280,0.312144,1.217044,-2.756517,28,28,29,28,28,28,32,27,29,31,28,29
1791409987.870685,-0.047271,1.254836,-2.777211,0.054628,1.305702,-2.801744,-0.352579,1.198242,-2.779280,0.312144,1.217044,-2.756517,28,28,29,28,28,28,32,27,29,31,28,29
1791409987.890778,-0.047301,1.254836,-2.777211,0.054658,1.305763,-2.801728,-0.352639,1.198272,-2.779249,0.312144,1.217044,-2.756517,28,28,29,28,28,28,32,27,29,31,28,29
1791409987.910739,-0.047240,1.254806,-2.777179,0.054658,1.305763,-2.801744,-0.352579,1.198242,-2.779280,0.312144,1.217044,-2.756501,28,28,29,28,28,28,32,27,29,31,28,29
1791409987.930755,-0.047301,1.254867,-2.777179,0.054689,1.305763,-2.801728,-0.352609,1.198242,-2.779265,0.312174,1.217044,-2.756533,28,28,29,28,28,28,32,27,29,31,28,29
1791409987.950657,-0.047271,1.254836,-2.777195,0.054658,1.305763,-2.801712,-0.352579,1.198212,-2.779280,0.312144,1.217014,-2.756517,28,28,29,28,28,28,32,27,29,31,28,29
1791409987.970774,-0.047210,1.254836,-2.777211,0.054628,1.305733,-2.801712,-0.352609,1.198242,-2.779296,0.312113,1.217014,-2.756501,28,28,29,28,28,28,32,27,29,31,28,29
1791409987.990740,-0.047240,1.254836,-2.777179,0.054658,1.305733,-2.801744,-0.352579,1.198242,-2.779249,0.312113,1.217044,-2.756517,28,28,29,28,28,28,32,27,29,31,28,29
1791409988.010761,-0.047301,1.254836,-2.777179,0.054689,1.305733,-2.801728,-0.352609,1.198242,-2.779265,0.312144,1.217044,-2.756517,28,28,29,28,28,28,32,27,29,31,28,29
1791409988.030763,-0.047240,1.254836,-2.777195,0.054658,1.305763,-2.801744,-0.352579,1.198242,-2.779265,0.312144,1.217014,-2.756517,28,28,29,28,28,28,32,27,29,31,28,29
1791409988.050611,-0.047240,1.254867,-2.777195,0.054628,1.305793,-2.801712,-0.352579,1.198242,-2.779265,0.312113,1.217075,-2.756501,28,28,29,28,28,28,32,27,29,31,28,29
1791409988.070668,-0.047271,1.254867,-2.777179,0.054689,1.305763,-2.801712,-0.352609,1.198242,-2.779265,0.312144,1.217014,-2.756501,28,28,29,28,28,28,32,27,29,31,28,29
1791409988.090744,-0.047240,1.254867,-2.777195,0.054628,1.305763,-2.801728,-0.352579,1.198212,-2.779265,0.312144,1.217014,-2.756533,28,28,29,28,28,28,32,27,29,31,28,29
1791409988.110731,-0.047240,1.254836,-2.777195,0.054658,1.305763,-2.801712,-0.352609,1.198242,-2.779265,0.312144,1.217014,-2.756533,28,28,29,28,28,28,32,27,29,31,28,29
1791409988.130646,-0.047301,1.254806,-2.777179,0.054658,1.305763,-2.801728,-0.352579,1.198212,-2.779265,0.312144,1.217044,-2.756533,28,28,29,28,28,28,32,27,29,31,28,29
1791409988.150703,-0.047240,1.254836,-2.777195,0.054658,1.305763,-2.801728,-0.352579,1.198212,-2.779280,0.312174,1.217014,-2.756533,28,28,29,28,28,28,32,27,29,31,28,29
1791409988.170794,-0.047271,1.254836,-2.777195,0.054628,1.305793,-2.801712,-0.352609,1.198272,-2.779280,0.312113,1.217075,-2.756533,28,28,29,28,28,28,32,27,29,31,28,29
1791409988.190718,-0.047271,1.254806,-2.777211,0.054658,1.305763,-2.801728,-0.352609,1.198182,-2.779265,0.312144,1.217044,-2.756517,28,28,29,28,28,28,32,27,29,31,28,29
1791409988.210765,-0.047271,1.254836,-2.777211,0.054628,1.305763,-2.801744,-0.352579,1.198272,-2.779280,0.312174,1.217044,-2.756517,28,28,29,28,28,28,32,27,29,31,28,29
1791409988.230733,-0.047271,1.254806,-2.777179,0.054658,1.305733,-2.801728,-0.352579,1.198242,-2.779265,0.312144,1.217044,-2.756517,28,28,29,28,28,28,32,27,29,31,28,29
1791409988.250615,-0.047271,1.254836,-2.777195,0.054658,1.305763,-2.801712,-0.352579,1.198242,-2.779265,0.312144,1.217014,-2.756517,28,28,28,28,28,28,32,27,29,31,28,29
1791409988.270702,-0.047240,1.254867,-2.777211,0.054658,1.305763,-2.801728,-0.352609,1.198242,-2.779280,0.312144,1.217044,-2.756533,28,28,29,28,28,28,32,27,29,31,28,29
1791409988.290752,-0.047240,1.254836,-2.777195,0.054689,1.305763,-2.801728,-0.352548,1.198242,-2.779265,0.312113,1.217044,-2.756548,28,28,28,28,28,28,32,27,29,31,28,29
1791409988.310725,-0.047271,1.254867,-2.777195,0.054658,1.305763,-2.801728,-0.352609,1.198242,-2.779265,0.312144,1.217075,-2.756501,28,28,29,28,28,28,32,27,29,31,28,29
1791409988.330685,-0.047271,1.254806,-2.777195,0.054658,1.305763,-2.801728,-0.352609,1.198242,-2.779265,0.312144,1.217044,-2.756517,28,28,29,28,28,28,32,27,29,31,28,29
1791409988.350747,-0.047210,1.254836,-2.777164,0.054628,1.305763,-2.801712,-0.352609,1.198272,-2.779280,0.312204,1.217014,-2.756517,28,28,29,28,28,28,32,27,29,31,28,29
1791409988.370688,-0.047271,1.254836,-2.777195,0.054658,1.305793,-2.801744,-0.352609,1.198242,-2.779265,0.312144,1.217044,-2.756517,28,28,29,28,28,28,32,27,29,31,28,29
1791409988.390600,-0.047240,1.254867,-2.777179,0.054689,1.305763,-2.801744,-0.352548,1.198242,-2.779265,0.312144,1.217014,-2.756517,28,28,29,28,28,28,32,27,29,31,28,29
1791409988.410653,-0.047240,1.254867,-2.777195,0.054658,1.305763,-2.801728,-0.352579,1.198242,-2.779265,0.312144,1.217044,-2.756533,28,28,29,28,28,28,32,27,29,31,28,29
1791409988.430822,-0.047271,1.254867,-2.777179,0.054628,1.305793,-2.801728,-0.352609,1.198272,-2.779265,0.312144,1.217075,-2.756517,28,28,29,28,28,28,32,27,29,31,28,29
1791409988.450708,-0.047271,1.254836,-2.777179,0.054658,1.305763,-2.801728,-0.352609,1.198242,-2.779265,0.312204,1.217044,-2.756548,28,28,29,28,28,28,32,27,29,31,28,29
1791409988.470875,-0.047240,1.254867,-2.777195,0.054658,1.305793,-2.801728,-0.352579,1.198272,-2.779280,0.312144,1.217044,-2.756533,28,28,29,28,28,28,32,27,29,31,28,29
1791409988.490856,-0.047271,1.254836,-2.777179,0.054628,1.305763,-2.801728,-0.352609,1.198272,-2.779265,0.312144,1.217044,-2.756517,28,28,29,28,28,28,32,27,29,31,28,29
1791409988.510681,-0.047240,1.254867,-2.777195,0.054658,1.305763,-2.801728,-0.352579,1.198242,-2.779265,0.312113,1.217014,-2.756517,28,28,29,28,28,28,32,27,29,31,28,29
1791409988.530631,-0.047210,1.254836,-2.777195,0.054658,1.305763,-2.801696,-0.352609,1.198272,-2.779280,0.312144,1.217044,-2.756533,28,28,29,28,28,28,32,27,29,31,28,29
1791409988.550583,-0.047240,1.254867,-2.777195,0.054658,1.305763,-2.801728,-0.352609,1.198242,-2.779249,0.312144,1.217014,-2.756501,28,28,28,28,28,28,32,27,29,31,28,29
1791409988.570788,-0.047240,1.254867,-2.777179,0.054628,1.305733,-2.801712,-0.352639,1.198272,-2.779265,0.312144,1.217044,-2.756533,28,28,29,28,28,28,32,27,29,31,28,29
1791409988.590891,-0.047240,1.254806,-2.777179,0.054628,1.305793,-2.801728,-0.352609,1.198242,-2.779249,0.312144,1.217044,-2.756517,28,28,29,28,28,28,32,27,29,31,28,29
1791409988.610711,-0.047271,1.254806,-2.777195,0.054658,1.305733,-2.801728,-0.352579,1.198272,-2.779249,0.312144,1.216984,-2.756533,28,28,29,28,28,28,32,27,29,31,28,29
1791409988.630705,-0.047240,1.254836,-2.777195,0.054658,1.305733,-2.801712,-0.352579,1.198212,-2.779265,0.312174,1.216984,-2.756517,28,28,29,28,28,28,32,27,29,31,28,29
1791409988.650686,-0.047271,1.254867,-2.777211,0.054658,1.305733,-2.801728,-0.352609,1.198272,-2.779265,0.312113,1.217044,-2.756533,28,28,29,28,28,28,32,27,29,31,28,29
1791409988.670621,-0.047240,1.254836,-2.777179,0.054689,1.305763,-2.801744,-0.352579,1.198242,-2.779280,0.312144,1.217075,-2.756533,28,28,29,28,28,28,32,27,29,31,28,29
1791409988.690754,-0.047271,1.254867,-2.777179,0.054658,1.305763,-2.801744,-0.352579,1.198242,-2.779249,0.312144,1.217044,-2.756533,28,28,29,28,28,28,32,27,29,31,28,29
1791409988.710712,-0.047240,1.254836,-2.777195,0.054658,1.305793,-2.801728,-0.352609,1.198242,-2.779280,0.312174,1.217044,-2.756533,28,28,29,28,28,28,32,27,29,31,28,29
1791409988.730637,-0.047271,1.254867,-2.777195,0.054658,1.305763,-2.801728,-0.352609,1.198242,-2.779265,0.312113,1.217044,-2.756533,28,28,29,28,28,28,32,27,29,31,28,29
1791409988.750656,-0.047240,1.254836,-2.777195,0.054658,1.305763,-2.801728,-0.352609,1.198272,-2.779249,0.312144,1.217014,-2.756533,28,28,29,28,28,28,32,27,29,31,28,29
1791409988.770943,-0.047271,1.254836,-2.777195,0.054658,1.305733,-2.801728,-0.352609,1.198272,-2.779265,0.312144,1.217044,-2.756533,28,28,29,28,28,28,32,27,29,31,28,29
1791409988.790724,-0.047271,1.254836,-2.777195,0.054628,1.305733,-2.801728,-0.352609,1.198272,-2.779265,0.312144,1.217075,-2.756517,28,28,29,28,28,28,32,27,29,31,28,29
1791409988.810674,-0.047271,1.254836,-2.777211,0.054658,1.305793,-2.801728,-0.352579,1.198272,-2.779265,0.312174,1.217044,-2.756517,28,28,29,28,28,28,32,27,29,31,28,29
1791409988.830717,-0.047301,1.254836,-2.777195,0.054628,1.305763,-2.801728,-0.352609,1.198272,-2.779280,0.312113,1.217044,-2.756517,28,28,29,28,28,28,32,27,29,31,28,29
1791409988.850813,-0.047271,1.254836,-2.777195,0.054658,1.305763,-2.801728,-0.352579,1.198212,-2.779265,0.312174,1.216984,-2.756517,28,28,29,28,28,28,32,27,29,31,28,29
1791409988.870601,-0.047240,1.254836,-2.777211,0.054628,1.305763,-2.801728,-0.352639,1.198272,-2.779265,0.312144,1.217044,-2.756533,28,28,29,28,28,28,32,27,29,31,28,29
1791409988.890722,-0.047240,1.254836,-2.777179,0.054628,1.305763,-2.801728,-0.352609,1.198272,-2.779265,0.312144,1.217044,-2.756517,28,28,28,28,28,28,32,27,29,31,28,29
1791409988.910722,-0.047271,1.254836,-2.777211,0.054628,1.305793,-2.801728,-0.352639,1.198272,-2.779280,0.312144,1.217044,-2.756517,28,28,29,28,28,28,32,27,29,31,28,29
1791409988.930755,-0.047240,1.254806,-2.777195,0.054658,1.305733,-2.801744,-0.352609,1.198272,-2.779265,0.312174,1.217075,-2.756517,28,28,29,28,28,28,32,27,29,31,28,29
1791409988.950786,-0.047271,1.254836,-2.777195,0.054658,1.305763,-2.801728,-0.352639,1.198212,-2.779280,0.312174,1.217044,-2.756533,28,28,29,28,28,28,32,27,29,31,28,29
1791409988.970711,-0.047271,1.254806,-2.777195,0.054628,1.305763,-2.801728,-0.352609,1.198242,-2.779249,0.312144,1.217075,-2.756517,28,28,29,28,28,28,32,27,29,31,28,29
1791409988.990757,-0.047271,1.254836,-2.777195,0.054628,1.305763,-2.801728,-0.352609,1.198242,-2.779265,0.312144,1.217075,-2.756501,28,28,29,28,28,28,32,27,29,31,28,29
1791409989.010734,-0.047271,1.254806,-2.777195,0.054628,1.305763,-2.801712,-0.352639,1.198303,-2.779265,0.312113,1.217044,-2.756501,28,28,29,28,28,28,32,27,29,31,28,29
1791409989.030707,-0.047240,1.254867,-2.777179,0.054658,1.305763,-2.801712,-0.352579,1.198242,-2.779280,0.312144,1.217014,-2.756533,28,28,29,28,28,28,32,27,29,31,28,29
1791409989.050753,-0.047271,1.254836,-2.777179,0.054628,1.305793,-2.801728,-0.352639,1.198272,-2.779265,0.312174,1.217044,-2.756501,28,28,29,28,28,28,32,27,29,31,28,29
1791409989.070695,-0.047271,1.254836,-2.777195,0.054658,1.305763,-2.801728,-0.352609,1.198272,-2.779265,0.312144,1.217014,-2.756533,28,28,29,28,28,28,32,27,29,31,28,29
1791409989.090816,-0.047210,1.254867,-2.777179,0.054628,1.305763,-2.801712,-0.352609,1.198272,-2.779265,0.312113,1.217044,-2.756517,28,28,29,28,28,28,32,27,29,31,28,29
1791409989.110787,-0.047240,1.254867,-2.777211,0.054658,1.305763,-2.801728,-0.352639,1.198272,-2.779249,0.312144,1.217044,-2.756517,28,28,29,28,28,28,32,27,29,31,28,29
1791409989.130854,-0.047271,1.254836,-2.777179,0.054658,1.305793,-2.801728,-0.352609,1.198242,-2.779280,0.312174,1.217014,-2.756533,28,28,29,28,28,28,32,27,29,31,28,29
1791409989.150890,-0.047301,1.254806,-2.777179,0.054658,1.305733,-2.801728,-0.352609,1.198242,-2.779249,0.312144,1.217044,-2.756501,28,28,29,28,28,28,32,27,29,31,28,29
1791409989.170832,-0.047240,1.254836,-2.777195,0.054628,1.305733,-2.801728,-0.352639,1.198242,-2.779249,0.312113,1.217014,-2.756517,28,28,29,28,28,28,32,27,29,31,28,29
1791409989.190796,-0.047240,1.254867,-2.777179,0.054658,1.305763,-2.801712,-0.352609,1.198242,-2.779265,0.312144,1.217014,-2.756517,28,28,29,28,28,28,32,27,29,31,28,29
1791409989.210732,-0.047271,1.254867,-2.777179,0.054628,1.305793,-2.801728,-0.352639,1.198242,-2.779265,0.312144,1.217044,-2.756533,28,28,29,28,28,28,32,27,29,31,28,29
1791409989.230689,-0.047240,1.254867,-2.777195,0.054628,1.305733,-2.801728,-0.352609,1.198242,-2.779249,0.312144,1.217044,-2.756517,28,28,28,28,28,28,32,27,29,31,28,29
1791409989.250772,-0.047271,1.254867,-2.777195,0.054658,1.305733,-2.801728,-0.352609,1.198242,-2.779249,0.312144,1.217044,-2.756533,28,28,29,28,28,28,32,27,29,31,28,29
1791409989.270957,-0.047240,1.254836,-2.777195,0.054689,1.305763,-2.801728,-0.352609,1.198242,-2.779265,0.312144,1.217044,-2.756533,28,28,28,28,28,28,32,27,29,31,28,29
1791409989.290702,-0.047271,1.254806,-2.777195,0.054658,1.305793,-2.801712,-0.352609,1.198242,-2.779280,0.312113,1.217044,-2.756533,28,28,29,28,28,28,32,27,29,31,28,29
1791409989.310802,-0.047271,1.254867,-2.777195,0.054658,1.305763,-2.801712,-0.352579,1.198272,-2.779265,0.312174,1.217044,-2.756517,28,28,29,28,28,28,32,27,29,31,28,29
1791409989.330857,-0.047240,1.254867,-2.777179,0.054658,1.305763,-2.801728,-0.352609,1.198242,-2.779280,0.312204,1.217044,-2.756517,28,28,28,28,28,28,32,27,29,31,28,29
1791409989.350895,-0.047240,1.254836,-2.777195,0.054658,1.305763,-2.801728,-0.352609,1.198212,-2.779265,0.312144,1.217044,-2.756533,28,28,29,28,28,28,32,27,29,31,28,29
1791409989.370812,-0.047240,1.254836,-2.777195,0.054628,1.305763,-2.801728,-0.352609,1.198242,-2.779265,0.312174,1.217014,-2.756517,28,28,29,28,28,28,32,27,29,31,28,29
1791409989.390719,-0.047271,1.254806,-2.777195,0.054658,1.305733,-2.801712,-0.352609,1.198272,-2.779280,0.312113,1.217014,-2.756533,28,28,29,28,28,28,32,27,29,31,28,29
1791409989.410736,-0.047301,1.254836,-2.777179,0.054689,1.305733,-2.801728,-0.352609,1.198242,-2.779280,0.312113,1.217044,-2.756548,28,28,28,28,28,28,32,27,29,31,28,29
1791409989.430853,-0.047301,1.254836,-2.777179,0.054658,1.305793,-2.801744,-0.352639,1.198242,-2.779265,0.312144,1.217044,-2.756517,28,28,29,28,28,28,32,27,29,31,28,29
1791409989.450870,-0.047240,1.254867,-2.777211,0.054628,1.305763,-2.801728,-0.352639,1.198272,-2.779265,0.312144,1.217014,-2.756533,28,28,29,28,28,28,32,27,29,31,28,29
1791409989.470917,-0.047271,1.254806,-2.777195,0.054628,1.305702,-2.801728,-0.352579,1.198272,-2.779249,0.312144,1.217044,-2.756517,28,28,28,28,28,28,32,27,29,31,28,29
1791409989.490639,-0.047210,1.254836,-2.777195,0.054658,1.305763,-2.801728,-0.352609,1.198242,-2.779265,0.312144,1.217075,-2.756517,28,28,29,28,28,28,32,27,29,31,28,29
1791409989.510985,-0.047271,1.254836,-2.777179,0.054658,1.305733,-2.801712,-0.352609,1.198242,-2.779280,0.312144,1.217014,-2.756517,28,28,29,28,28,28,32,27,29,31,28,29
1791409989.530703,-0.047301,1.254867,-2.777195,0.054658,1.305793,-2.801712,-0.352579,1.198242,-2.779280,0.312144,1.217044,-2.756517,28,28,29,28,28,28,32,27,29,31,28,29
1791409989.550933,-0.047301,1.254867,-2.777179,0.054628,1.305763,-2.801728,-0.352609,1.198212,-2.779265,0.312113,1.217044,-2.756517,28,28,29,28,28,28,32,27,29,31,28,29
1791409989.570698,-0.047240,1.254867,-2.777195,0.054628,1.305763,-2.801744,-0.352639,1.198242,-2.779249,0.312144,1.217044,-2.756533,28,28,29,28,28,28,32,27,29,31,28,29
1791409989.590837,-0.047271,1.254867,-2.777179,0.054658,1.305793,-2.801728,-0.352609,1.198242,-2.779265,0.312174,1.217044,-2.756517,28,28,28,28,28,28,32,27,29,31,28,29
1791409989.610784,-0.047271,1.254836,-2.777195,0.054628,1.305793,-2.801728,-0.352639,1.198272,-2.779265,0.312144,1.217075,-2.756533,28,28,29,28,28,28,32,27,29,31,28,29
1791409989.630890,-0.047240,1.254836,-2.777195,0.054658,1.305793,-2.801728,-0.352639,1.198242,-2.779280,0.312144,1.217044,-2.756517,28,28,29,28,28,28,32,27,29,31,28,29
1791409989.650712,-0.047240,1.254867,-2.777179,0.054628,1.305793,-2.801728,-0.352609,1.198212,-2.779249,0.312174,1.217075,-2.756533,28,28,29,28,28,28,32,27,29,31,28,29
1791409989.670745,-0.047240,1.254836,-2.777179,0.054658,1.305763,-2.801712,-0.352609,1.198212,-2.779265,0.312144,1.217044,-2.756501,28,28,29,28,28,28,32,27,29,31,28,29
1791409989.690822,-0.047240,1.254867,-2.777179,0.054658,1.305763,-2.801744,-0.352609,1.198242,-2.779280,0.312144,1.217075,-2.756501,28,28,29,28,28,28,32,27,29,31,28,29
1791409989.710686,-0.047271,1.254867,-2.777179,0.054628,1.305763,-2.801728,-0.352609,1.198272,-2.779249,0.312204,1.217044,-2.756517,28,28,29,28,28,28,32,27,29,31,28,29
1791409989.730968,-0.047271,1.254806,-2.777195,0.054658,1.305763,-2.801728,-0.352609,1.198242,-2.779265,0.312174,1.217044,-2.756517,28,28,29,28,28,28,32,27,29,31,28,29
1791409989.750757,-0.047240,1.254836,-2.777195,0.054658,1.305793,-2.801728,-0.352609,1.198242,-2.779265,0.312144,1.217075,-2.756533,28,28,29,28,28,28,32,27,29,31,28,29
1791409989.770840,-0.047240,1.254836,-2.777179,0.054628,1.305793,-2.801728,-0.352609,1.198242,-2.779249,0.312144,1.217075,-2.756517,28,28,29,28,28,28,32,27,29,31,28,29
1791409989.790710,-0.047301,1.254836,-2.777211,0.054628,1.305763,-2.801712,-0.352609,1.198242,-2.779280,0.312144,1.217044,-2.756533,28,28,29,28,28,28,32,27,29,31,28,29
1791409989.810711,-0.047271,1.254867,-2.777179,0.054628,1.305763,-2.801744,-0.352579,1.198272,-2.779249,0.312144,1.217044,-2.756501,28,28,29,28,28,28,32,27,29,31,28,29
1791409989.830936,-0.047240,1.254836,-2.777195,0.054658,1.305793,-2.801728,-0.352639,1.198242,-2.779280,0.312174,1.217044,-2.756517,28,28,29,28,28,28,32,27,29,31,28,29
1791409989.850808,-0.047271,1.254867,-2.777195,0.054658,1.305763,-2.801728,-0.352609,1.198212,-2.779280,0.312144,1.217014,-2.756533,28,28,29,28,28,28,32,27,29,31,28,29
1791409989.870838,-0.047271,1.254836,-2.777179,0.054658,1.305793,-2.801728,-0.352669,1.198242,-2.779265,0.312113,1.217044,-2.756517,28,28,29,28,28,28,32,27,29,31,28,29
1791409989.890778,-0.047240,1.254836,-2.777179,0.054658,1.305763,-2.801728,-0.352579,1.198303,-2.779265,0.312174,1.217044,-2.756533,28,28,29,28,28,28,32,27,29,31,28,29
1791409989.910866,-0.047271,1.254836,-2.777179,0.054658,1.305733,-2.801728,-0.352639,1.198272,-2.779265,0.312144,1.217014,-2.756533,28,28,29,28,28,28,32,27,29,31,28,29
1791409989.930675,-0.047301,1.254836,-2.777211,0.054658,1.305733,-2.801728,-0.352609,1.198242,-2.779280,0.312144,1.217075,-2.756517,28,28,29,28,28,28,32,27,29,31,28,29
1791409989.950774,-0.047240,1.254836,-2.777195,0.054658,1.305793,-2.801728,-0.352639,1.198272,-2.779265,0.312144,1.217044,-2.756533,28,28,29,28,28,28,32,27,29,31,28,29
1791409989.970821,-0.047240,1.254867,-2.777179,0.054658,1.305763,-2.801744,-0.352609,1.198272,-2.779265,0.312144,1.217044,-2.756501,28,28,28,28,28,28,32,27,29,31,28,29
1791409989.990781,-0.047240,1.254836,-2.777195,0.054658,1.305763,-2.801728,-0.352609,1.198242,-2.779265,0.312113,1.217044,-2.756517,28,28,29,28,28,28,32,27,29,31,28,29
1791409990.010747,-0.047240,1.254836,-2.777195,0.054628,1.305763,-2.801728,-0.352609,1.198272,-2.779280,0.312144,1.217044,-2.756517,28,28,29,28,28,28,32,27,29,31,28,29
1791409990.030841,-0.047240,1.254867,-2.777211,0.054658,1.305733,-2.801744,-0.352639,1.198272,-2.779280,0.312204,1.217075,-2.756533,28,28,29,28,28,28,32,27,29,31,28,29
1791409990.050612,-0.047271,1.254867,-2.777195,0.054658,1.305763,-2.801712,-0.352609,1.198242,-2.779265,0.312174,1.217044,-2.756517,28,28,29,28,28,28,32,27,29,31,28,29
1791409990.070816,-0.047301,1.254867,-2.777195,0.054628,1.305793,-2.801728,-0.352639,1.198242,-2.779249,0.312144,1.217044,-2.756517,28,28,29,28,28,28,32,27,29,31,28,29
1791409990.090664,-0.047240,1.254867,-2.777195,0.054658,1.305733,-2.801728,-0.352609,1.198242,-2.779280,0.312174,1.217044,-2.756517,28,28,29,28,28,28,32,27,29,31,28,29
1791409990.110854,-0.047271,1.254867,-2.777195,0.054658,1.305763,-2.801712,-0.352639,1.198212,-2.779265,0.312144,1.217044,-2.756533,28,28,29,28,28,28,32,27,29,31,28,29
1791409990.130703,-0.047271,1.254836,-2.777179,0.054689,1.305763,-2.801728,-0.352639,1.198242,-2.779265,0.312144,1.217075,-2.756517,28,28,29,28,28,28,32,27,29,31,28,29
1791409990.150807,-0.047271,1.254836,-2.777195,0.054658,1.305763,-2.801728,-0.352579,1.198242,-2.779265,0.312144,1.217044,-2.756517,28,28,29,28,28,28,32,27,29,31,28,29
1791409990.170892,-0.047240,1.254867,-2.777179,0.054658,1.305702,-2.801728,-0.352579,1.198272,-2.779265,0.312144,1.217044,-2.756533,28,28,29,28,28,28,32,27,29,31,28,29
1791409990.190779,-0.047240,1.254836,-2.777179,0.054658,1.305763,-2.801712,-0.352609,1.198242,-2.779265,0.312144,1.217044,-2.756533,28,28,29,28,28,28,32,27,29,31,28,29
1791409990.210782,-0.047271,1.254867,-2.777164,0.054628,1.305793,-2.801728,-0.352639,1.198242,-2.779249,0.312144,1.217044,-2.756533,28,28,29,28,28,28,32,27,29,31,28,29
1791409990.230903,-0.047240,1.254867,-2.777195,0.054689,1.305793,-2.801728,-0.352609,1.198242,-2.779265,0.312174,1.217044,-2.756533,28,28,29,28,28,28,32,27,29,31,28,29
1791409990.250752,-0.047271,1.254806,-2.777179,0.054658,1.305702,-2.801728,-0.352639,1.198242,-2.779249,0.312144,1.217014,-2.756517,28,28,29,28,28,28,32,27,29,31,28,29
1791409990.270769,-0.047271,1.254867,-2.777211,0.054628,1.305793,-2.801728,-0.352639,1.198242,-2.779265,0.312144,1.217044,-2.756517,28,28,29,28,28,28,32,27,29,31,28,29
1791409990.290865,-0.047271,1.254867,-2.777195,0.054689,1.305763,-2.801728,-0.352609,1.198272,-2.779265,0.312144,1.217044,-2.756517,28,28,29,28,28,28,32,27,29,31,28,29
1791409990.310713,-0.047240,1.254836,-2.777195,0.054658,1.305793,-2.801712,-0.352609,1.198272,-2.779280,0.312144,1.217044,-2.756517,28,28,28,28,28,28,32,27,29,31,28,29
1791409990.330640,-0.047271,1.254836,-2.777195,0.054658,1.305733,-2.801712,-0.352609,1.198212,-2.779265,0.312174,1.217014,-2.756517,28,28,29,28,28,28,32,27,29,31,28,29
1791409990.350842,-0.047240,1.254867,-2.777195,0.054658,1.305763,-2.801744,-0.352609,1.198242,-2.779280,0.312174,1.217044,-2.756533,28,28,29,28,28,28,32,27,29,31,28,29
1791409990.370816,-0.047271,1.254867,-2.777179,0.054658,1.305763,-2.801712,-0.352639,1.198272,-2.779249,0.312144,1.217044,-2.756517,28,28,29,28,28,28,32,27,29,31,28,29
1791409990.390945,-0.047271,1.254806,-2.777211,0.054658,1.305763,-2.801744,-0.352609,1.198272,-2.779280,0.312144,1.217044,-2.756533,28,28,29,28,28,28,32,27,29,31,28,29
1791409990.410935,-0.047240,1.254836,-2.777195,0.054658,1.305763,-2.801728,-0.352639,1.198272,-2.779280,0.312144,1.217075,-2.756517,28,28,29,28,28,28,32,27,29,31,28,29
1791409990.430907,-0.047240,1.254867,-2.777179,0.054628,1.305793,-2.801728,-0.352609,1.198242,-2.779265,0.312174,1.217044,-2.756533,28,28,29,28,28,28,32,27,29,31,28,29
1791409990.450873,-0.047240,1.254836,-2.777195,0.054658,1.305733,-2.801712,-0.352579,1.198272,-2.779265,0.312144,1.217044,-2.756533,28,28,29,28,28,28,32,27,29,31,28,29
1791409990.471004,-0.047240,1.254836,-2.777179,0.054658,1.305763,-2.801712,-0.352639,1.198212,-2.779249,0.312113,1.217044,-2.756533,28,28,29,28,28,28,32,27,29,31,28,29
1791409990.490930,-0.047271,1.254836,-2.777195,0.054658,1.305733,-2.801728,-0.352609,1.198272,-2.779265,0.312144,1.217044,-2.756517,28,28,28,28,28,28,32,27,29,31,28,29
1791409990.510850,-0.047240,1.254836,-2.777179,0.054689,1.305793,-2.801728,-0.352639,1.198242,-2.779280,0.312144,1.217044,-2.756517,28,28,29,28,28,28,32,27,29,31,28,29
1791409990.530950,-0.047271,1.254836,-2.777179,0.054628,1.305793,-2.801712,-0.352609,1.198212,-2.779265,0.312144,1.217014,-2.756517,28,28,29,28,28,28,32,27,29,31,28,29
1791409990.550726,-0.047240,1.254867,-2.777195,0.054658,1.305733,-2.801728,-0.352609,1.198272,-2.779280,0.312113,1.217044,-2.756533,28,28,29,28,28,28,32,27,29,31,28,29
1791409990.570809,-0.047271,1.254867,-2.777195,0.054628,1.305763,-2.801728,-0.352579,1.198272,-2.779280,0.312144,1.217044,-2.756517,28,28,29,28,28,28,32,27,29,31,28,29
1791409990.590856,-0.047271,1.254836,-2.777195,0.054658,1.305763,-2.801712,-0.352609,1.198212,-2.779265,0.312113,1.217044,-2.756517,28,28,29,28,28,28,32,27,29,31,28,29
1791409990.610938,-0.047301,1.254806,-2.777195,0.054628,1.305733,-2.801728,-0.352639,1.198242,-2.779265,0.312144,1.217044,-2.756517,28,28,29,28,28,28,32,27,29,31,28,29
1791409990.630672,-0.047210,1.254836,-2.777195,0.054658,1.305763,-2.801744,-0.352639,1.198242,-2.779265,0.312144,1.217044,-2.756533,28,28,29,28,28,28,32,27,29,31,28,29
1791409990.650913,-0.047271,1.254806,-2.777195,0.054658,1.305763,-2.801728,-0.352639,1.198242,-2.779280,0.312144,1.217014,-2.756533,28,28,29,28,28,28,32,27,29,31,28,29
1791409990.670940,-0.047240,1.254867,-2.777179,0.054658,1.305793,-2.801744,-0.352639,1.198272,-2.779265,0.312144,1.217044,-2.756517,28,28,29,28,28,28,32,27,29,31,28,29
1791409990.691099,-0.047271,1.254867,-2.777195,0.054658,1.305763,-2.801712,-0.352609,1.198272,-2.779265,0.312174,1.217044,-2.756517,28,28,29,28,28,28,32,27,29,31,28,29
1791409990.710880,-0.047240,1.254867,-2.777179,0.054658,1.305763,-2.801728,-0.352639,1.198272,-2.779265,0.312174,1.217014,-2.756533,28,28,29,28,28,28,32,27,29,31,28,29
1791409990.730904,-0.047271,1.254867,-2.777179,0.054658,1.305733,-2.801728,-0.352639,1.198272,-2.779265,0.312113,1.217075,-2.756517,28,28,28,28,28,28,32,27,29,31,28,29
1791409990.750888,-0.047271,1.254867,-2.777179,0.054658,1.305763,-2.801728,-0.352609,1.198242,-2.779265,0.312174,1.217014,-2.756517,28,28,29,28,28,28,32,27,29,31,28,29
1791409990.770846,-0.047271,1.254867,-2.777179,0.054628,1.305763,-2.801728,-0.352669,1.198272,-2.779280,0.312174,1.217044,-2.756533,28,28,29,28,28,28,32,27,29,31,28,29
1791409990.790864,-0.047271,1.254867,-2.777195,0.054658,1.305733,-2.801728,-0.352609,1.198242,-2.779249,0.312144,1.217044,-2.756517,28,28,29,28,28,28,32,27,29,31,28,29
1791409990.810786,-0.047240,1.254836,-2.777195,0.054628,1.305793,-2.801728,-0.352639,1.198212,-2.779265,0.312113,1.217044,-2.756517,28,28,29,28,28,28,32,27,29,31,28,29
1791409990.830715,-0.047271,1.254836,-2.777195,0.054658,1.305733,-2.801728,-0.352609,1.198242,-2.779249,0.312174,1.217044,-2.756517,28,28,29,28,28,28,32,27,29,31,28,29
1791409990.850834,-0.047271,1.254806,-2.777195,0.054689,1.305793,-2.801728,-0.352639,1.198242,-2.779265,0.312144,1.217044,-2.756517,28,28,29,28,28,28,32,27,29,31,28,29
1791409990.870896,-0.047271,1.254867,-2.777179,0.054658,1.305733,-2.801712,-0.352609,1.198272,-2.779265,0.312144,1.217044,-2.756517,28,28,29,28,28,28,32,27,29,31,28,29
1791409990.890956,-0.047240,1.254836,-2.777211,0.054658,1.305763,-2.801728,-0.352609,1.198272,-2.779265,0.312113,1.217044,-2.756533,28,28,29,28,28,28,32,27,29,31,28,29
1791409990.910648,-0.047271,1.254836,-2.777211,0.054658,1.305793,-2.801728,-0.352639,1.198242,-2.779265,0.312144,1.217044,-2.756533,28,28,29,28,28,28,32,27,29,31,28,29
1791409990.930759,-0.047301,1.254836,-2.777195,0.054628,1.305793,-2.801712,-0.352609,1.198212,-2.779265,0.312174,1.217044,-2.756501,28,28,29,28,28,28,32,27,29,31,28,29
1791409990.950898,-0.047240,1.254867,-2.777195,0.054628,1.305763,-2.801728,-0.352609,1.198272,-2.779280,0.312174,1.217044,-2.756517,28,28,29,28,28,28,32,27,29,31,28,29
1791409990.970852,-0.047271,1.254836,-2.777195,0.054658,1.305763,-2.801728,-0.352609,1.198272,-2.779265,0.312144,1.217044,-2.756533,28,28,28,28,28,28,32,27,29,31,28,29
1791409990.990896,-0.047240,1.254806,-2.777179,0.054658,1.305763,-2.801728,-0.352609,1.198242,-2.779265,0.312174,1.217044,-2.756517,28,28,29,28,28,28,32,27,29,31,28,29
1791409991.010996,-0.047271,1.254836,-2.777195,0.054658,1.305763,-2.801712,-0.352609,1.198242,-2.779265,0.312144,1.217044,-2.756533,28,28,29,28,28,28,32,27,29,31,28,29
1791409991.030740,-0.047271,1.254836,-2.777195,0.054628,1.305733,-2.801728,-0.352609,1.198272,-2.779265,0.312144,1.217075,-2.756533,28,28,28,28,28,28,32,27,29,31,28,29
1791409991.050834,-0.047271,1.254867,-2.777179,0.054628,1.305733,-2.801712,-0.352609,1.198242,-2.779280,0.312144,1.217014,-2.756517,28,28,29,28,28,28,32,27,29,31,28,29
1791409991.070963,-0.047240,1.254836,-2.777195,0.054628,1.305763,-2.801744,-0.352609,1.198242,-2.779265,0.312174,1.217044,-2.756548,28,28,29,28,28,28,32,27,29,31,28,29
1791409991.090932,-0.047301,1.254806,-2.777164,0.054658,1.305763,-2.801712,-0.352609,1.198242,-2.779280,0.312144,1.217075,-2.756533,28,28,29,28,28,28,32,27,29,31,28,29
1791409991.111045,-0.047301,1.254806,-2.777195,0.054628,1.305763,-2.801728,-0.352639,1.198242,-2.779265,0.312113,1.217044,-2.756533,28,28,29,28,28,28,32,27,29,31,28,29
1791409991.130832,-0.047301,1.254897,-2.777195,0.054658,1.305763,-2.801728,-0.352609,1.198272,-2.779296,0.312144,1.217075,-2.756533,28,28,29,28,28,28,32,27,29,31,28,29
1791409991.150897,-0.047210,1.254867,-2.777195,0.054658,1.305763,-2.801728,-0.352609,1.198272,-2.779265,0.312174,1.217044,-2.756501,28,28,29,28,28,28,32,27,29,31,28,29
1791409991.170853,-0.047240,1.254836,-2.777195,0.054628,1.305733,-2.801712,-0.352609,1.198242,-2.779265,0.312113,1.217075,-2.756517,28,28,29,28,28,28,32,27,29,31,28,29
1791409991.190902,-0.047240,1.254836,-2.777195,0.054658,1.305733,-2.801728,-0.352609,1.198242,-2.779280,0.312174,1.217014,-2.756517,28,28,29,28,28,28,32,27,29,31,28,29
1791409991.210771,-0.047271,1.254867,-2.777195,0.054658,1.305733,-2.801728,-0.352639,1.198212,-2.779280,0.312144,1.217044,-2.756548,28,28,29,28,28,28,32,27,29,31,28,29
1791409991.230892,-0.047240,1.254836,-2.777211,0.054658,1.305733,-2.801728,-0.352609,1.198575,-2.779265,0.312113,1.217135,-2.756564,28,28,29,28,28,28,32,27,29,31,28,29
1791409991.250784,-0.047210,1.254867,-2.777227,0.054628,1.305612,-2.801728,-0.352458,1.199271,-2.779280,0.312113,1.217559,-2.756596,28,28,29,28,28,28,32,27,29,31,28,29
1791409991.270754,-0.047240,1.254806,-2.777243,0.054598,1.305430,-2.801712,-0.352215,1.200028,-2.779280,0.312204,1.218498,-2.756706,28,28,29,28,28,28,32,27,29,31,28,29
1791409991.290870,-0.047240,1.254836,-2.777290,0.054567,1.305218,-2.801728,-0.351852,1.200997,-2.779296,0.312113,1.219679,-2.756801,28,28,29,28,28,28,32,27,29,31,28,29
1791409991.310759,-0.047240,1.254867,-2.777432,0.054507,1.304915,-2.801728,-0.351398,1.202118,-2.779328,0.312144,1.221011,-2.756943,28,28,29,28,28,28,32,27,29,31,28,29
1791409991.330827,-0.047180,1.254897,-2.777574,0.054446,1.304613,-2.801728,-0.350823,1.203329,-2.779359,0.312113,1.222192,-2.757117,28,28,29,28,28,28,32,27,29,31,28,29
1791409991.350728,-0.047210,1.254988,-2.777685,0.054356,1.304310,-2.801728,-0.350156,1.204388,-2.779407,0.312144,1.223554,-2.757370,28,28,28,28,28,28,32,27,29,31,28,29
1791409991.370783,-0.047180,1.254957,-2.777811,0.054234,1.303765,-2.801712,-0.349309,1.205478,-2.779486,0.312113,1.224674,-2.757891,28,28,29,28,28,28,32,27,29,31,28,29
1791409991.390873,-0.047149,1.255079,-2.777922,0.054113,1.303250,-2.801712,-0.348582,1.206811,-2.779565,0.312083,1.225946,-2.759108,28,28,29,28,28,28,32,27,29,31,28,29
1791409991.410847,-0.047149,1.255048,-2.778048,0.054022,1.302493,-2.801712,-0.347946,1.208082,-2.779660,0.312023,1.227490,-2.760150,28,28,29,28,28,28,32,27,29,31,28,29
1791409991.430853,-0.047180,1.255169,-2.778238,0.053932,1.301676,-2.801728,-0.347159,1.209203,-2.779802,0.311901,1.228822,-2.761430,28,28,29,28,28,28,32,27,29,31,28,29
1791409991.450682,-0.047149,1.255169,-2.778680,0.053841,1.300888,-2.801712,-0.346220,1.210686,-2.779928,0.311811,1.230366,-2.762472,28,28,29,28,28,28,32,27,29,31,28,29
1791409991.470930,-0.047119,1.255230,-2.779391,0.053629,1.300162,-2.801728,-0.345221,1.212018,-2.780086,0.311720,1.232002,-2.763705,28,28,29,28,28,28,32,27,29,31,28,29
1791409991.490821,-0.047089,1.255260,-2.779754,0.053205,1.299496,-2.801728,-0.344404,1.213381,-2.780292,0.311599,1.233546,-2.765142,28,28,28,28,28,28,32,27,29,31,28,29
1791409991.510718,-0.047059,1.255321,-2.779975,0.052751,1.298618,-2.801712,-0.343677,1.215046,-2.780481,0.311568,1.235181,-2.766279,28,28,29,28,28,28,32,27,29,31,28,29
1791409991.530991,-0.047028,1.255442,-2.780102,0.052297,1.297649,-2.801712,-0.342860,1.216772,-2.780765,0.311447,1.236573,-2.767385,28,28,29,28,28,28,32,27,29,31,28,29
1791409991.550827,-0.047028,1.255502,-2.780276,0.051873,1.296710,-2.801712,-0.341860,1.218740,-2.781224,0.311356,1.238087,-2.767796,28,28,29,28,28,28,32,27,29,31,28,29
1791409991.570700,-0.046968,1.255502,-2.780623,0.051540,1.295862,-2.801712,-0.340740,1.220647,-2.782045,0.311326,1.239389,-2.768617,28,28,29,28,28,28,32,27,29,31,28,29
1791409991.590895,-0.046968,1.255654,-2.781239,0.051237,1.294924,-2.801712,-0.339923,1.222767,-2.782440,0.311144,1.240782,-2.769439,28,28,29,28,28,28,32,27,29,31,28,29
1791409991.610877,-0.046938,1.255714,-2.781776,0.051025,1.293561,-2.801728,-0.339075,1.225098,-2.782756,0.310963,1.242659,-2.770008,28,28,29,28,28,28,32,27,29,31,28,29
1791409991.630795,-0.046938,1.255745,-2.782124,0.050904,1.292199,-2.801712,-0.337985,1.227430,-2.783230,0.310811,1.244536,-2.771082,28,28,29,28,28,28,32,27,29,31,28,29
1791409991.650914,-0.046907,1.255805,-2.782772,0.050783,1.290957,-2.801696,-0.336955,1.229822,-2.783862,0.310660,1.247049,-2.771777,28,28,29,28,28,28,32,27,29,31,28,29
1791409991.670651,-0.046877,1.255896,-2.783830,0.050631,1.289443,-2.801696,-0.335987,1.232183,-2.784193,0.310509,1.249139,-2.772535,28,28,29,28,28,28,32,27,29,31,28,29
1791409991.691047,-0.046816,1.255957,-2.784130,0.050571,1.287748,-2.801696,-0.335078,1.234424,-2.784446,0.310387,1.251531,-2.773941,28,28,29,28,28,28,32,27,29,31,28,29
1791409991.710963,-0.046816,1.255987,-2.784256,0.050541,1.285810,-2.801712,-0.333988,1.236785,-2.784715,0.310206,1.254710,-2.775537,28,28,29,28,28,28,32,27,29,31,28,29
1791409991.730902,-0.046756,1.256047,-2.784399,0.050480,1.283751,-2.801696,-0.332898,1.239480,-2.785015,0.310054,1.257798,-2.776232,28,28,29,28,28,28,32,27,29,31,28,29
1791409991.750874,-0.046726,1.256078,-2.784557,0.050359,1.281662,-2.801696,-0.331990,1.242296,-2.785805,0.309782,1.261159,-2.777258,28,28,29,28,28,28,32,27,29,31,28,29
1791409991.770828,-0.046726,1.256108,-2.784841,0.050238,1.279664,-2.801696,-0.331021,1.245263,-2.786452,0.309449,1.264308,-2.778017,28,28,29,28,28,28,32,27,29,31,28,29
1791409991.790706,-0.046665,1.256168,-2.785220,0.050117,1.277908,-2.801696,-0.329961,1.248533,-2.786926,0.309025,1.267063,-2.778885,28,28,29,28,28,28,32,27,29,31,28,29
1791409991.810736,-0.046574,1.256259,-2.785646,0.049996,1.276515,-2.801696,-0.328781,1.252136,-2.787985,0.308541,1.269848,-2.779660,28,28,29,28,28,28,32,27,29,31,28,29
1791409991.830962,-0.046544,1.253807,-2.779628,0.050298,1.275364,-2.798790,-0.329598,1.245626,-2.783956,0.306512,1.265943,-2.773356,28,28,29,28,28,28,32,27,29,31,28,29
1791409991.850899,-0.046726,1.249568,-2.767275,0.051116,1.271095,-2.791665,-0.329295,1.235302,-2.779375,0.303181,1.257253,-2.763025,28,28,29,28,28,28,32,27,29,31,28,29
1791409991.870994,-0.048088,1.243906,-2.755616,0.052569,1.264434,-2.780228,-0.328387,1.223948,-2.770861,0.302061,1.245778,-2.752331,28,28,29,28,28,28,32,27,29,31,28,29
1791409991.890972,-0.050510,1.235640,-2.742695,0.055294,1.253141,-2.767780,-0.326691,1.212049,-2.758823,0.301637,1.232819,-2.740546,28,28,29,28,28,28,32,27,29,31,28,29
1791409991.910839,-0.052933,1.221834,-2.727703,0.057081,1.239425,-2.752520,-0.322786,1.195759,-2.745112,0.300456,1.217438,-2.727182,28,28,29,28,28,28,32,27,29,31,28,29
1791409991.930964,-0.054144,1.207028,-2.706330,0.057626,1.222712,-2.732901,-0.317426,1.179773,-2.726882,0.296218,1.199453,-2.707357,28,28,29,28,28,28,32,27,29,31,28,29
1791409991.950693,-0.053387,1.188347,-2.679633,0.057020,1.205242,-2.706188,-0.309524,1.161606,-2.703897,0.288739,1.180802,-2.684309,28,28,29,28,28,28,32,27,29,31,28,29
1791409991.970833,-0.051298,1.166184,-2.648845,0.055748,1.183987,-2.672145,-0.299199,1.143288,-2.678133,0.278324,1.162515,-2.659192,28,28,29,28,28,28,32,27,29,31,28,29
1791409991.990768,-0.048845,1.144929,-2.612243,0.054022,1.162399,-2.634549,-0.289208,1.121852,-2.649793,0.267545,1.141956,-2.629889,28,28,29,28,28,28,32,27,29,31,28,29
1791409992.010889,-0.046181,1.123644,-2.567490,0.051782,1.140781,-2.592434,-0.278157,1.102504,-2.618483,0.257099,1.123002,-2.598974,28,28,29,28,28,28,32,27,29,31,28,29
1791409992.030962,-0.043940,1.102571,-2.522722,0.049148,1.119677,-2.547049,-0.266288,1.084883,-2.582750,0.246017,1.104836,-2.564742,28,28,29,28,28,28,32,27,29,31,28,29
1791409992.050888,-0.041730,1.082618,-2.475662,0.046362,1.098423,-2.499232,-0.254691,1.067473,-2.545375,0.235360,1.087517,-2.524744,28,28,28,28,28,28,32,27,29,31,28,29
1791409992.071015,-0.039671,1.060818,-2.432189,0.044061,1.077834,-2.451051,-0.242096,1.050367,-2.509373,0.223340,1.069623,-2.488079,28,28,28,28,28,28,32,27,29,31,28,29
1791409992.090830,-0.038006,1.039866,-2.383219,0.042123,1.056579,-2.401085,-0.230348,1.032987,-2.464936,0.212288,1.053243,-2.444669,28,28,28,28,28,28,32,27,29,31,28,29
1791409992.110638,-0.036613,1.019035,-2.335133,0.040428,1.036626,-2.356933,-0.218813,1.016668,-2.421211,0.202509,1.035561,-2.400216,28,28,29,28,28,28,32,27,29,31,28,29
1791409992.130898,-0.035311,1.000293,-2.290538,0.039277,1.018974,-2.311516,-0.208972,0.999955,-2.374862,0.192699,1.018424,-2.354152,28,28,29,28,28,28,32,27,29,31,28,29
1791409992.150948,-0.034403,0.982248,-2.246749,0.038702,0.999324,-2.267538,-0.199435,0.984180,-2.328719,0.183373,1.002831,-2.310174,28,28,29,28,28,28,32,27,29,31,28,29
1791409992.170940,-0.033555,0.963748,-2.203813,0.037945,0.982490,-2.224475,-0.190079,0.967770,-2.283745,0.174139,0.985603,-2.264884,28,28,29,28,28,28,32,27,29,31,28,29
1791409992.190878,-0.032556,0.945460,-2.162424,0.037218,0.966170,-2.179959,-0.180845,0.950996,-2.237823,0.164480,0.968072,-2.218409,28,28,29,28,28,28,32,27,29,31,28,29
1791409992.210681,-0.031678,0.928989,-2.117087,0.036583,0.950063,-2.138208,-0.172185,0.935615,-2.188221,0.156457,0.952146,-2.173024,28,28,29,28,28,28,32,27,29,31,28,29
1791409992.230908,-0.030648,0.912609,-2.077516,0.036068,0.934076,-2.095319,-0.163374,0.919537,-2.144242,0.148796,0.935070,-2.124575,28,28,29,28,28,28,32,27,29,31,28,29
1791409992.250864,-0.029982,0.896895,-2.032542,0.035190,0.918665,-2.054389,-0.156017,0.904520,-2.096014,0.141984,0.919053,-2.074799,28,28,29,28,28,28,32,27,29,31,28,29
1791409992.270651,-0.029255,0.880818,-1.989274,0.034524,0.902830,-2.012006,-0.148750,0.889108,-2.049034,0.135081,0.902824,-2.029177,28,28,29,28,28,28,32,27,29,31,28,29
1791409992.291588,-0.028529,0.864468,-1.948597,0.033979,0.887025,-1.968485,-0.142241,0.874424,-2.004739,0.128904,0.887080,-1.984140,28,28,28,28,28,28,32,27,29,31,28,29
1791409992.310811,-0.027681,0.851267,-1.911695,0.033161,0.874429,-1.930857,-0.137154,0.859921,-1.963272,0.124090,0.872547,-1.942578,28,28,29,28,28,28,32,27,29,31,28,29
1791409992.330920,-0.026773,0.836734,-1.870386,0.032707,0.860290,-1.893276,-0.132067,0.847144,-1.919672,0.119215,0.859406,-1.899768,28,28,29,28,28,28,32,27,29,31,28,29
1791409992.350925,-0.026288,0.823230,-1.832031,0.032495,0.846786,-1.851019,-0.127556,0.833337,-1.879406,0.114250,0.845327,-1.856879,28,28,29,28,28,28,32,27,29,31,28,29
1791409992.370864,-0.025834,0.809151,-1.790832,0.032162,0.833222,-1.813975,-0.123620,0.817381,-1.834558,0.109738,0.828947,-1.816392,28,28,29,28,28,28,32,27,29,31,28,29
1791409992.391045,-0.025229,0.794376,-1.752193,0.031769,0.819112,-1.776252,-0.119381,0.802394,-1.792696,0.105530,0.813506,-1.771434,28,28,29,28,28,28,32,27,29,31,28,29
1791409992.410710,-0.024229,0.778389,-1.711247,0.031617,0.803550,-1.735180,-0.114870,0.786740,-1.751087,0.101715,0.797156,-1.728008,28,28,29,28,28,28,32,27,29,31,28,29
1791409992.430827,-0.023412,0.762069,-1.671439,0.031254,0.787170,-1.691453,-0.110722,0.770511,-1.709620,0.097567,0.779595,-1.686035,28,28,29,28,28,28,32,27,29,31,28,29
1791409992.450799,-0.022292,0.745538,-1.625422,0.030981,0.770759,-1.649023,-0.106907,0.754616,-1.664615,0.094176,0.763790,-1.639545,28,28,29,28,28,28,32,27,29,31,28,29
1791409992.470918,-0.021202,0.727826,-1.582328,0.030467,0.752532,-1.602643,-0.103213,0.738902,-1.622658,0.090240,0.747379,-1.596087,28,28,29,28,28,28,32,27,29,31,28,29
1791409992.490996,-0.020233,0.711385,-1.536454,0.030012,0.736091,-1.559533,-0.100034,0.721553,-1.580243,0.086515,0.729697,-1.552724,28,28,29,28,28,28,32,27,29,31,28,29
1791409992.510883,-0.019567,0.693612,-1.495018,0.029346,0.718651,-1.514006,-0.097006,0.704688,-1.536612,0.082943,0.711864,-1.506882,28,28,29,28,28,28,32,27,29,31,28,29
1791409992.530844,-0.018931,0.676535,-1.450960,0.028922,0.701454,-1.470248,-0.094432,0.688005,-1.492680,0.079794,0.695544,-1.462745,28,28,29,28,28,28,32,27,29,31,28,29
1791409992.550871,-0.017568,0.665514,-1.415417,0.028135,0.689706,-1.435938,-0.091950,0.676712,-1.457437,0.077281,0.684342,-1.426349,28,28,29,28,28,28,32,27,29,31,28,29
1791409992.570961,-0.014964,0.661124,-1.387899,0.027681,0.681471,-1.407361,-0.090072,0.669384,-1.430519,0.075040,0.677983,-1.401074,28,28,29,28,28,28,32,27,29,31,28,29
1791409992.590865,-0.013905,0.658157,-1.369243,0.027681,0.677020,-1.387836,-0.089316,0.665509,-1.412416,0.074223,0.674411,-1.381185,28,28,29,28,28,28,32,27,29,31,28,29
1791409992.610735,-0.014026,0.656916,-1.358848,0.027832,0.675536,-1.377536,-0.089134,0.663692,-1.400047,0.073829,0.672624,-1.369053,28,28,29,28,28,28,32,27,29,31,28,29
1791409992.630834,-0.014329,0.657279,-1.354046,0.028105,0.674628,-1.375024,-0.089013,0.663178,-1.392291,0.073526,0.671867,-1.362134,28,28,29,28,28,28,32,27,29,31,28,29
1791409992.650871,-0.014510,0.659035,-1.353051,0.028408,0.675627,-1.374993,-0.088892,0.663178,-1.387551,0.073284,0.671867,-1.357063,28,28,29,28,28,28,32,27,29,31,28,29
1791409992.670935,-0.014631,0.661094,-1.353051,0.028620,0.677868,-1.374977,-0.088831,0.663450,-1.383097,0.072739,0.671898,-1.352735,28,28,29,28,28,28,32,27,29,31,28,29
1791409992.690926,-0.014510,0.662941,-1.353019,0.028650,0.680017,-1.374977,-0.088740,0.663571,-1.379005,0.072406,0.671898,-1.349149,28,28,29,28,28,28,32,27,29,31,28,29
1791409992.710818,-0.014510,0.664394,-1.352845,0.028620,0.681622,-1.374914,-0.088559,0.663783,-1.376193,0.072134,0.671958,-1.346132,28,28,29,28,28,28,32,27,29,31,28,29
1791409992.730927,-0.014541,0.665363,-1.352719,0.028650,0.682742,-1.374866,-0.088437,0.663904,-1.374740,0.071952,0.671928,-1.344141,28,28,29,28,28,28,32,27,29,31,28,29
1791409992.750866,-0.014601,0.665999,-1.352703,0.028589,0.683439,-1.374898,-0.088377,0.664056,-1.373919,0.071922,0.671928,-1.343051,28,28,29,28,28,28,32,27,29,31,28,29
1791409992.771102,-0.014571,0.666271,-1.352687,0.028620,0.683560,-1.374882,-0.088347,0.664025,-1.373666,0.071922,0.671958,-1.342957,28,28,29,28,28,28,32,27,29,31,28,29
1791409992.790946,-0.014480,0.666059,-1.352672,0.028620,0.683287,-1.374882,-0.088316,0.663753,-1.373666,0.072012,0.671928,-1.342941,28,28,29,28,28,28,32,27,29,31,28,29
1791409992.810841,-0.014389,0.665333,-1.352656,0.028559,0.682349,-1.374851,-0.088347,0.663056,-1.373666,0.072103,0.671716,-1.342957,28,28,29,28,28,28,32,27,29,31,28,29
1791409992.830884,-0.014298,0.664243,-1.352656,0.028589,0.681017,-1.374835,-0.088407,0.661664,-1.373666,0.072164,0.670898,-1.343004,28,28,29,28,28,28,32,27,29,31,28,29
1791409992.850701,-0.014177,0.662911,-1.352656,0.028529,0.679503,-1.374803,-0.088468,0.659968,-1.373666,0.072285,0.669233,-1.343020,28,28,29,28,28,28,32,27,29,31,28,29
1791409992.870939,-0.014147,0.661094,-1.352656,0.028499,0.677656,-1.374693,-0.088498,0.658212,-1.373682,0.072346,0.667386,-1.343051,28,28,29,28,28,28,32,27,29,31,28,29
1791409992.890880,-0.014177,0.659307,-1.352640,0.028438,0.676354,-1.374629,-0.088559,0.656214,-1.373698,0.072436,0.665600,-1.343067,28,28,29,28,28,28,32,27,29,31,28,29
1791409992.910895,-0.014238,0.657521,-1.352624,0.028377,0.675203,-1.374503,-0.088559,0.654639,-1.373698,0.072497,0.663753,-1.343114,28,28,29,28,28,28,32,27,29,31,28,29
1791409992.930935,-0.014329,0.655735,-1.352577,0.028256,0.674143,-1.374393,-0.088498,0.652913,-1.373698,0.072588,0.662209,-1.343114,28,28,28,28,28,28,32,27,29,31,28,29
1791409992.950881,-0.014298,0.654312,-1.352498,0.028135,0.673417,-1.374314,-0.088377,0.651702,-1.373698,0.072648,0.660665,-1.343130,28,28,28,28,28,28,32,27,29,31,28,29
1791409992.970658,-0.014359,0.652979,-1.352419,0.028044,0.672932,-1.374250,-0.088316,0.650673,-1.373698,0.072769,0.659453,-1.343146,28,28,29,28,28,28,32,27,29,31,28,29
1791409992.990875,-0.014329,0.652192,-1.352261,0.028014,0.672478,-1.374187,-0.088347,0.649825,-1.373698,0.072830,0.658727,-1.343146,28,28,29,28,28,28,32,27,29,31,28,29
1791409993.010887,-0.014298,0.651617,-1.352119,0.027984,0.672115,-1.374108,-0.088286,0.649189,-1.373698,0.072860,0.658303,-1.343178,28,28,29,28,28,28,32,27,29,31,28,29
1791409993.030730,-0.014238,0.651254,-1.351992,0.028014,0.671873,-1.373998,-0.088316,0.648796,-1.373713,0.072830,0.658061,-1.343146,28,28,29,28,28,28,32,27,29,31,28,29
1791409993.050855,-0.014268,0.651102,-1.351929,0.028075,0.671842,-1.373934,-0.088347,0.648614,-1.373713,0.072739,0.658061,-1.343130,28,28,29,28,28,28,32,27,29,31,28,29
1791409993.070817,-0.014147,0.651133,-1.351913,0.028075,0.671873,-1.373871,-0.088286,0.648644,-1.373698,0.072679,0.658121,-1.343130,28,28,28,28,28,28,32,27,29,31,28,29
1791409993.090677,-0.014177,0.651254,-1.351898,0.028135,0.671903,-1.373871,-0.088286,0.648735,-1.373698,0.072648,0.658273,-1.343130,28,28,29,28,28,28,32,27,29,31,28,29
1791409993.110880,-0.014208,0.651556,-1.351882,0.028165,0.671903,-1.373871,-0.088225,0.648947,-1.373698,0.072648,0.658515,-1.343130,28,28,29,28,28,28,32,27,29,31,28,29
1791409993.130865,-0.014238,0.651920,-1.351882,0.028165,0.671903,-1.373871,-0.088225,0.649250,-1.373698,0.072588,0.658818,-1.343099,28,28,29,28,28,28,32,27,29,31,28,29
1791409993.150941,-0.014268,0.652223,-1.351866,0.028196,0.671903,-1.373871,-0.088225,0.649553,-1.373698,0.072588,0.658999,-1.343114,28,28,29,28,28,28,32,27,29,31,28,29
1791409993.171024,-0.014329,0.652465,-1.351850,0.028135,0.671903,-1.373855,-0.088256,0.649977,-1.373698,0.072588,0.659272,-1.343114,28,28,29,28,28,28,32,27,29,31,28,29
1791409993.190942,-0.014329,0.652646,-1.351803,0.028135,0.671903,-1.373871,-0.088165,0.650189,-1.373698,0.072527,0.659514,-1.343114,28,28,29,28,28,28,32,27,29,31,28,29
1791409993.210989,-0.014268,0.652798,-1.351755,0.028105,0.671933,-1.373855,-0.088195,0.650400,-1.373698,0.072558,0.659605,-1.343114,28,28,29,28,28,28,32,27,29,31,28,29
1791409993.230760,-0.014298,0.652919,-1.351740,0.028135,0.671933,-1.373855,-0.088195,0.650522,-1.373698,0.072527,0.659726,-1.343114,28,28,29,28,28,28,32,27,29,31,28,29
1791409993.251157,-0.014298,0.652949,-1.351708,0.028165,0.671933,-1.373871,-0.088195,0.650552,-1.373682,0.072497,0.659786,-1.343099,28,28,29,28,28,28,32,27,29,31,28,29
1791409993.271402,-0.014268,0.652919,-1.351692,0.028165,0.671873,-1.373871,-0.088165,0.650552,-1.373666,0.072527,0.659756,-1.343114,28,28,29,28,28,28,32,27,29,31,28,29
1791409993.290918,-0.014208,0.652919,-1.351708,0.028196,0.671903,-1.373871,-0.088225,0.650522,-1.373698,0.072527,0.659756,-1.343130,28,28,28,28,28,28,32,27,29,31,28,29
1791409993.311153,-0.014238,0.652889,-1.351692,0.028196,0.671903,-1.373855,-0.088195,0.650522,-1.373713,0.072588,0.659726,-1.343114,28,28,28,28,28,28,32,27,29,31,28,29
1791409993.330847,-0.014208,0.652828,-1.351692,0.028165,0.671933,-1.373855,-0.088225,0.650461,-1.373682,0.072588,0.659726,-1.343130,28,28,29,28,28,28,32,27,29,31,28,29
1791409993.350754,-0.014208,0.652737,-1.351692,0.028165,0.671873,-1.373855,-0.088074,0.650461,-1.373698,0.072588,0.659605,-1.343114,28,28,29,28,28,28,32,27,29,31,28,29
1791409993.370916,-0.014268,0.652677,-1.351676,0.028105,0.671903,-1.373855,-0.088135,0.650400,-1.373698,0.072648,0.659514,-1.343146,28,28,29,28,28,28,32,27,29,31,28,29
1791409993.390888,-0.014298,0.652737,-1.351661,0.028105,0.671903,-1.373840,-0.088074,0.650431,-1.373698,0.072648,0.659514,-1.343114,28,28,29,28,28,28,32,27,29,31,28,29
1791409993.410813,-0.014329,0.652737,-1.351661,0.028075,0.671903,-1.373840,-0.088044,0.650400,-1.373698,0.072648,0.659453,-1.343130,28,28,29,28,28,28,32,27,29,31,28,29
1791409993.430997,-0.014329,0.652677,-1.351613,0.028105,0.671903,-1.373855,-0.088014,0.650461,-1.373698,0.072618,0.659484,-1.343114,28,28,29,28,28,28,32,27,29,31,28,29
1791409993.450861,-0.014298,0.652737,-1.351597,0.028105,0.671873,-1.373840,-0.087983,0.650431,-1.373698,0.072588,0.659514,-1.343130,28,28,29,28,28,28,32,27,29,31,28,29
1791409993.470921,-0.014298,0.652737,-1.351582,0.028135,0.671903,-1.373871,-0.088014,0.650491,-1.373698,0.072588,0.659544,-1.343130,28,28,29,28,28,28,32,27,29,31,28,29
1791409993.490859,-0.014208,0.652798,-1.351597,0.028105,0.671903,-1.373855,-0.088014,0.650491,-1.373698,0.072588,0.659575,-1.343099,28,28,29,28,28,28,32,27,29,31,28,29
1791409993.510932,-0.014147,0.652798,-1.351597,0.028135,0.671933,-1.373840,-0.088014,0.650461,-1.373698,0.072527,0.659635,-1.343114,28,28,29,28,28,28,32,27,29,31,28,29
1791409993.530952,-0.014177,0.652828,-1.351582,0.028165,0.671903,-1.373840,-0.088014,0.650491,-1.373698,0.072588,0.659635,-1.343099,28,28,28,28,28,28,32,27,29,31,28,29
1791409993.550883,-0.014177,0.652828,-1.351582,0.028196,0.671903,-1.373855,-0.087983,0.650461,-1.373713,0.072588,0.659696,-1.343130,28,28,29,28,28,28,32,27,29,31,28,29
1791409993.571010,-0.014147,0.652828,-1.351582,0.028165,0.671873,-1.373840,-0.087983,0.650461,-1.373698,0.072588,0.659665,-1.343114,28,28,29,28,28,28,32,27,29,31,28,29
1791409993.591111,-0.014208,0.652828,-1.351566,0.028165,0.671873,-1.373824,-0.088014,0.650461,-1.373698,0.072588,0.659665,-1.343130,28,28,29,28,28,28,32,27,29,31,28,29
1791409993.610869,-0.014268,0.652798,-1.351566,0.028075,0.671873,-1.373855,-0.088014,0.650491,-1.373713,0.072648,0.659605,-1.343114,28,28,29,28,28,28,32,27,29,31,28,29
1791409993.630795,-0.014268,0.652737,-1.351550,0.028105,0.671903,-1.373840,-0.087983,0.650461,-1.373698,0.072618,0.659544,-1.343130,28,28,29,28,28,28,32,27,29,31,28,29
1791409993.650863,-0.014298,0.652768,-1.351519,0.028075,0.671873,-1.373824,-0.087983,0.650431,-1.373698,0.072588,0.659484,-1.343146,28,28,29,28,28,28,32,27,29,31,28,29
1791409993.670944,-0.014298,0.652768,-1.351519,0.028075,0.671933,-1.373840,-0.087983,0.650461,-1.373698,0.072588,0.659544,-1.343130,28,28,29,28,28,28,32,27,29,31,28,29
1791409993.690878,-0.014268,0.652798,-1.351519,0.028105,0.671903,-1.373824,-0.087953,0.650491,-1.373698,0.072588,0.659544,-1.343114,28,28,29,28,28,28,32,27,29,31,28,29
1791409993.710989,-0.014208,0.652798,-1.351519,0.028135,0.671933,-1.373855,-0.087953,0.650461,-1.373698,0.072588,0.659575,-1.343146,28,28,29,28,28,28,32,27,29,31,28,29
1791409993.730853,-0.014147,0.652828,-1.351519,0.028165,0.671873,-1.373855,-0.087953,0.650461,-1.373713,0.072558,0.659544,-1.343099,28,28,29,28,28,28,32,27,29,31,28,29
1791409993.750926,-0.014147,0.652768,-1.351503,0.028165,0.671903,-1.373840,-0.087953,0.650461,-1.373698,0.072527,0.659575,-1.343130,28,28,29,28,28,28,32,27,29,31,28,29
1791409993.771037,-0.014208,0.652798,-1.351519,0.028135,0.671873,-1.373840,-0.087953,0.650461,-1.373713,0.072558,0.659605,-1.343130,28,28,29,28,28,28,32,27,29,31,28,29
1791409993.790918,-0.014147,0.652768,-1.351503,0.028165,0.671873,-1.373840,-0.087923,0.650461,-1.373698,0.072558,0.659635,-1.343114,28,28,29,28,28,28,32,27,29,31,28,29
1791409993.810903,-0.014177,0.652798,-1.351503,0.028135,0.671903,-1.373840,-0.087892,0.650491,-1.373698,0.072618,0.659605,-1.343114,28,28,29,28,28,28,32,27,29,31,28,29
1791409993.830974,-0.014238,0.652828,-1.351503,0.028105,0.671873,-1.373840,-0.087923,0.650491,-1.373682,0.072588,0.659605,-1.343130,28,28,29,28,28,28,32,27,29,31,28,29
1791409993.851016,-0.014298,0.652737,-1.351487,0.028075,0.671903,-1.373824,-0.087862,0.650491,-1.373698,0.072588,0.659544,-1.343114,28,28,29,28,28,28,32,27,29,31,28,29
1791409993.870780,-0.014268,0.652798,-1.351487,0.028075,0.671873,-1.373840,-0.087892,0.650461,-1.373698,0.072618,0.659544,-1.343130,28,28,29,28,28,28,32,27,29,31,28,29
1791409993.890916,-0.014298,0.652768,-1.351471,0.028105,0.671903,-1.373840,-0.087892,0.650461,-1.373682,0.072588,0.659484,-1.343130,28,28,29,28,28,28,32,27,29,31,28,29
1791409993.910951,-0.014268,0.652737,-1.351487,0.028075,0.671903,-1.373840,-0.087923,0.650461,-1.373698,0.072558,0.659544,-1.343114,28,28,29,28,28,28,32,27,29,31,28,29
1791409993.930939,-0.014238,0.652737,-1.351471,0.028075,0.671873,-1.373824,-0.087862,0.650431,-1.373698,0.072527,0.659544,-1.343099,28,28,29,28,28,28,32,27,29,31,28,29
1791409993.950965,-0.014177,0.652798,-1.351471,0.028135,0.671873,-1.373855,-0.087892,0.650461,-1.373698,0.072588,0.659575,-1.343114,28,28,29,28,28,28,32,27,29,31,28,29
1791409993.971156,-0.014177,0.652798,-1.351487,0.028196,0.671903,-1.373855,-0.087923,0.650491,-1.373682,0.072527,0.659605,-1.343114,28,28,29,28,28,28,32,27,29,31,28,29
1791409993.991290,-0.014147,0.652768,-1.351471,0.028165,0.671933,-1.373824,-0.087862,0.650461,-1.373698,0.072588,0.659575,-1.343099,28,28,29,28,28,28,32,27,29,31,28,29
1791409994.010745,-0.014117,0.652768,-1.351487,0.028135,0.671873,-1.373840,-0.087923,0.650461,-1.373698,0.072558,0.659575,-1.343114,28,28,28,28,28,28,32,27,29,31,28,29
1791409994.030885,-0.014147,0.652768,-1.351487,0.028135,0.671903,-1.373840,-0.087923,0.650491,-1.373698,0.072588,0.659575,-1.343114,28,28,29,28,28,28,32,27,29,31,28,29
1791409994.051026,-0.014208,0.652737,-1.351471,0.028105,0.671903,-1.373840,-0.087862,0.650491,-1.373698,0.072588,0.659544,-1.343114,28,28,29,28,28,28,32,27,29,31,28,29
1791409994.071062,-0.014268,0.652798,-1.351455,0.028105,0.671873,-1.373855,-0.087832,0.650491,-1.373698,0.072588,0.659575,-1.343130,28,28,29,28,28,28,32,27,29,31,28,29
1791409994.090868,-0.014268,0.652768,-1.351455,0.028075,0.671873,-1.373840,-0.087832,0.650431,-1.373698,0.072588,0.659575,-1.343130,28,28,29,28,28,28,32,27,29,31,28,29
1791409994.110857,-0.014268,0.652737,-1.351455,0.028075,0.671873,-1.373824,-0.087862,0.650491,-1.373682,0.072588,0.659514,-1.343130,28,28,29,28,28,28,32,27,29,31,28,29
1791409994.130877,-0.014268,0.652737,-1.351455,0.028075,0.671873,-1.373824,-0.087802,0.650491,-1.373698,0.072588,0.659514,-1.343114,28,28,29,28,28,28,32,27,29,31,28,29
1791409994.151086,-0.014208,0.652768,-1.351439,0.028105,0.671903,-1.373824,-0.087802,0.650461,-1.373698,0.072588,0.659514,-1.343114,28,28,29,28,28,28,32,27,29,31,28,29
1791409994.171197,-0.014147,0.652768,-1.351471,0.028105,0.671903,-1.373840,-0.087771,0.650461,-1.373682,0.072588,0.659575,-1.343130,28,28,29,28,28,28,32,27,29,31,28,29
1791409994.191149,-0.014147,0.652828,-1.351471,0.028135,0.671873,-1.373840,-0.087771,0.650461,-1.373698,0.072588,0.659544,-1.343114,28,28,29,28,28,28,32,27,29,31,28,29
1791409994.210910,-0.014117,0.652768,-1.351439,0.028165,0.671873,-1.373808,-0.087832,0.650461,-1.373698,0.072588,0.659544,-1.343099,28,28,29,28,28,28,32,27,29,31,28,29
1791409994.230769,-0.014117,0.652768,-1.351455,0.028165,0.671903,-1.373824,-0.087802,0.650461,-1.373698,0.072588,0.659605,-1.343114,28,28,29,28,28,28,32,27,29,31,28,29
1791409994.250770,-0.014147,0.652798,-1.351471,0.028075,0.671903,-1.373824,-0.087771,0.650491,-1.373698,0.072588,0.659575,-1.343114,28,28,29,28,28,28,32,27,29,31,28,29
1791409994.270875,-0.014177,0.652798,-1.351455,0.028105,0.671873,-1.373824,-0.087832,0.650491,-1.373698,0.072588,0.659544,-1.343099,28,28,29,28,28,28,32,27,29,31,28,29
1791409994.290900,-0.014510,0.633420,-1.352893,0.028741,0.672236,-1.387330,-0.092949,0.657758,-1.388215,0.083518,0.658515,-1.356210,28,28,29,28,28,28,32,27,29,31,28,29
1791409994.311065,-0.012028,0.623913,-1.343146,0.029377,0.670662,-1.404612,-0.079445,0.671928,-1.412669,0.077614,0.665358,-1.380190,28,28,29,28,28,28,32,27,29,31,28,29
1791409994.330828,-0.011967,0.631210,-1.340034,0.039005,0.671782,-1.400236,-0.078234,0.671383,-1.411989,0.083457,0.668961,-1.376620,28,28,29,28,28,28,32,27,29,31,28,29
1791409994.350854,-0.014904,0.633481,-1.347506,0.038460,0.671419,-1.405671,-0.077689,0.669808,-1.417360,0.081944,0.667356,-1.380822,28,28,29,28,28,28,32,27,29,31,28,29
1791409994.371195,-0.015933,0.641141,-1.349417,0.041003,0.676778,-1.412590,-0.072935,0.670111,-1.417582,0.083215,0.664086,-1.379890,28,28,29,28,28,28,32,27,29,31,28,29
1791409994.390741,-0.015873,0.639869,-1.349481,0.041942,0.677535,-1.423300,-0.070846,0.667659,-1.417913,0.087363,0.659635,-1.381722,28,28,29,28,28,28,32,27,29,31,28,29
1791409994.411020,-0.016085,0.637235,-1.350571,0.042759,0.677050,-1.438102,-0.068000,0.665721,-1.418624,0.091057,0.658485,-1.389336,28,28,29,28,28,28,32,27,29,31,28,29
1791409994.430930,-0.012966,0.634722,-1.355721,0.044485,0.676081,-1.451166,-0.062459,0.660998,-1.420346,0.096991,0.653095,-1.393681,28,28,29,28,28,28,32,27,29,31,28,29
1791409994.450912,-0.012391,0.633753,-1.362434,0.044606,0.674840,-1.458401,-0.059371,0.657334,-1.420851,0.100049,0.646464,-1.393728,28,28,29,28,28,28,32,27,29,31,28,29
1791409994.470860,-0.012936,0.633753,-1.367552,0.043758,0.674567,-1.465588,-0.058099,0.655336,-1.420851,0.101382,0.641711,-1.393602,28,28,29,28,28,28,32,27,29,31,28,29
1791409994.491026,-0.013935,0.633632,-1.368248,0.043486,0.674325,-1.469475,-0.056252,0.655063,-1.420851,0.103259,0.638956,-1.393633,28,28,29,28,28,28,32,27,29,31,28,29
1791409994.511071,-0.014783,0.633996,-1.368295,0.043335,0.674688,-1.473503,-0.054315,0.655427,-1.420836,0.105378,0.637654,-1.393728,28,28,29,28,28,28,32,27,29,31,28,29
1791409994.530869,-0.015176,0.635025,-1.368295,0.043244,0.675688,-1.477373,-0.051983,0.656456,-1.420820,0.107013,0.636897,-1.393760,28,28,29,28,28,28,32,27,29,31,28,29
1791409994.550766,-0.015237,0.636781,-1.368358,0.043335,0.677444,-1.480074,-0.050227,0.658303,-1.420836,0.109042,0.636745,-1.393791,28,28,29,28,28,28,32,27,29,31,28,29
1791409994.571066,-0.015267,0.639082,-1.368453,0.043395,0.679442,-1.481638,-0.048532,0.660604,-1.420851,0.110647,0.637623,-1.393870,28,28,29,28,28,28,32,27,29,31,28,29
1791409994.590882,-0.015086,0.641504,-1.368563,0.043546,0.681501,-1.483107,-0.046715,0.663541,-1.420946,0.112645,0.638532,-1.393933,28,28,28,28,28,28,32,27,29,31,28,29
1791409994.610853,-0.014904,0.643745,-1.368532,0.043637,0.683711,-1.484561,-0.045141,0.666236,-1.421009,0.114068,0.639773,-1.394012,28,28,29,28,28,28,32,27,29,31,28,29
1791409994.631078,-0.014904,0.645592,-1.368548,0.043819,0.686345,-1.485429,-0.044081,0.668597,-1.421073,0.114976,0.641105,-1.394044,28,28,29,28,28,28,32,27,29,31,28,29
1791409994.650920,-0.014934,0.647984,-1.368548,0.043910,0.688889,-1.486662,-0.043233,0.671443,-1.421183,0.116187,0.642589,-1.394060,28,28,29,28,28,28,32,27,29,31,28,29
1791409994.670928,-0.014783,0.650073,-1.368548,0.043940,0.691129,-1.488241,-0.042476,0.673896,-1.421357,0.117368,0.644345,-1.394123,28,28,29,28,28,28,32,27,29,31,28,29
1791409994.690954,-0.014934,0.652102,-1.368563,0.043940,0.693309,-1.489521,-0.042022,0.675924,-1.421483,0.117853,0.645526,-1.394123,28,28,29,28,28,28,32,27,29,31,28,29
1791409994.710867,-0.015116,0.653676,-1.368579,0.043880,0.695065,-1.490216,-0.041598,0.677499,-1.421562,0.118337,0.646919,-1.394170,28,28,29,28,28,28,32,27,29,31,28,29
1791409994.730866,-0.015207,0.655462,-1.368563,0.043698,0.696730,-1.491416,-0.041114,0.679376,-1.421610,0.119064,0.647706,-1.394233,28,28,29,28,28,28,32,27,29,31,28,29
1791409994.750910,-0.015358,0.656825,-1.368563,0.043668,0.697760,-1.491954,-0.040326,0.680678,-1.421657,0.119851,0.648220,-1.394218,28,28,29,28,28,28,32,27,29,31,28,29
1791409994.770887,-0.015691,0.658006,-1.368548,0.043577,0.698789,-1.493360,-0.039660,0.682464,-1.421641,0.120578,0.648644,-1.394218,28,28,28,28,28,28,32,27,29,31,28,29
1791409994.790973,-0.015782,0.659277,-1.368563,0.043516,0.699879,-1.494055,-0.039085,0.683554,-1.421673,0.121213,0.649159,-1.394233,28,28,29,28,28,28,32,27,29,31,28,29
1791409994.811015,-0.015843,0.660367,-1.368579,0.043335,0.700667,-1.495113,-0.038510,0.684493,-1.421689,0.121758,0.649401,-1.394218,28,28,28,28,28,28,32,27,29,31,28,29
1791409994.830918,-0.016024,0.661124,-1.368563,0.043335,0.701060,-1.495192,-0.037904,0.685432,-1.421705,0.122213,0.649674,-1.394186,28,28,29,28,28,28,32,27,29,31,28,29
1791409994.851066,-0.016024,0.661881,-1.368563,0.043244,0.701424,-1.495239,-0.037662,0.686491,-1.421736,0.122576,0.650158,-1.394218,28,28,29,28,28,28,32,27,29,31,28,29
1791409994.871071,-0.015994,0.662759,-1.368548,0.043274,0.701757,-1.495271,-0.037268,0.687400,-1.421768,0.122909,0.650794,-1.394202,28,28,29,28,28,28,32,27,29,31,28,29
1791409994.891030,-0.016024,0.663486,-1.368563,0.043244,0.702090,-1.495271,-0.037117,0.687975,-1.421831,0.123121,0.651127,-1.394218,28,28,29,28,28,28,32,27,29,31,28,29
1791409994.910851,-0.015994,0.663940,-1.368548,0.043274,0.702665,-1.495271,-0.036966,0.688429,-1.421862,0.123303,0.651581,-1.394186,28,28,29,28,28,28,32,27,29,31,28,29
1791409994.930880,-0.015964,0.664334,-1.368548,0.043274,0.703210,-1.495287,-0.036875,0.688944,-1.421878,0.123333,0.652066,-1.394202,28,28,29,28,28,28,32,27,29,31,28,29
1791409994.951045,-0.015964,0.664757,-1.368563,0.043274,0.703513,-1.495255,-0.036693,0.689489,-1.421910,0.123515,0.652368,-1.394218,28,28,29,28,28,28,32,27,29,31,28,29
1791409994.970952,-0.015964,0.665121,-1.368548,0.043244,0.703937,-1.495255,-0.036602,0.690064,-1.421989,0.123636,0.652702,-1.394233,28,28,29,28,28,28,32,27,29,31,28,29
1791409994.991068,-0.016024,0.665635,-1.368563,0.043274,0.704451,-1.495287,-0.036481,0.690760,-1.422005,0.123757,0.653035,-1.394218,28,28,29,28,28,28,32,27,29,31,28,29
1791409995.010997,-0.016054,0.666029,-1.368548,0.043274,0.704784,-1.495303,-0.036421,0.691124,-1.422052,0.123817,0.653731,-1.394186,28,28,29,28,28,28,32,27,29,31,28,29
1791409995.031067,-0.016085,0.666544,-1.368563,0.043213,0.705087,-1.495287,-0.036330,0.691608,-1.422036,0.123817,0.654064,-1.394218,28,28,29,28,28,28,32,27,29,31,28,29
1791409995.050842,-0.016115,0.667180,-1.368548,0.043244,0.705450,-1.495318,-0.036300,0.692183,-1.422036,0.123939,0.654548,-1.394218,28,28,29,28,28,28,32,27,29,31,28,29
1791409995.070939,-0.016085,0.667725,-1.368548,0.043213,0.705874,-1.495334,-0.036088,0.692880,-1.422068,0.124120,0.655063,-1.394218,28,28,29,28,28,28,32,27,29,31,28,29
1791409995.091130,-0.016054,0.668239,-1.368563,0.043213,0.706540,-1.495334,-0.036118,0.693334,-1.422052,0.124211,0.655578,-1.394233,28,28,29,28,28,28,32,27,29,31,28,29
1791409995.111143,-0.015994,0.668663,-1.368548,0.043244,0.707237,-1.495334,-0.036088,0.693849,-1.422068,0.124241,0.656002,-1.394233,28,28,29,28,28,28,32,27,29,31,28,29
1791409995.131016,-0.015994,0.669178,-1.368548,0.043274,0.707903,-1.495334,-0.035936,0.694636,-1.422084,0.124332,0.656426,-1.394233,28,28,29,28,28,28,32,27,29,31,28,29
1791409995.151424,-0.015964,0.669693,-1.368563,0.043274,0.708508,-1.495366,-0.035906,0.695272,-1.422115,0.124423,0.657122,-1.394233,28,28,29,28,28,28,32,27,29,31,28,29
1791409995.170909,-0.015964,0.670117,-1.368563,0.043274,0.709023,-1.495350,-0.035876,0.695696,-1.422099,0.124423,0.657697,-1.394233,28,28,29,28,28,28,32,27,29,31,28,29
1791409995.191081,-0.016024,0.670692,-1.368548,0.043274,0.709356,-1.495350,-0.035876,0.696119,-1.422099,0.124362,0.658152,-1.394249,28,28,29,28,28,28,32,27,29,31,28,29
1791409995.210882,-0.016024,0.671207,-1.368563,0.043274,0.709659,-1.495366,-0.035876,0.696665,-1.422131,0.124423,0.658515,-1.394218,28,28,29,28,28,28,32,27,29,31,28,29
1791409995.230939,-0.016085,0.671631,-1.368563,0.043244,0.710022,-1.495366,-0.035876,0.697119,-1.422147,0.124453,0.658908,-1.394233,28,28,29,28,28,28,32,27,29,31,28,29
1791409995.250993,-0.016054,0.671903,-1.368563,0.043244,0.710325,-1.495350,-0.035876,0.697482,-1.422131,0.124483,0.659181,-1.394249,28,28,29,28,28,28,32,27,29,31,28,29
1791409995.270990,-0.016115,0.672266,-1.368563,0.043213,0.710507,-1.495350,-0.035785,0.698027,-1.422178,0.124514,0.659423,-1.394233,28,28,29,28,28,28,32,27,29,31,28,29
1791409995.290977,-0.016236,0.672630,-1.368548,0.043213,0.710658,-1.495366,-0.035755,0.698511,-1.422163,0.124665,0.659605,-1.394265,28,28,29,28,28,28,32,27,29,31,28,29
1791409995.310888,-0.016206,0.672842,-1.368563,0.043213,0.711385,-1.495350,-0.035694,0.698814,-1.422178,0.124605,0.659908,-1.394249,28,28,29,28,28,28,32,27,29,31,28,29
1791409995.331130,-0.016176,0.673084,-1.368579,0.043183,0.711627,-1.495382,-0.035633,0.699056,-1.422178,0.124695,0.660150,-1.394249,28,28,29,28,28,28,32,27,29,31,28,29
1791409995.350921,-0.016176,0.673205,-1.368548,0.043244,0.712051,-1.495382,-0.035633,0.699178,-1.422178,0.124665,0.660483,-1.394233,28,28,28,28,28,28,32,27,29,31,28,29
1791409995.370910,-0.016176,0.673356,-1.368548,0.043244,0.712233,-1.495397,-0.035633,0.699389,-1.422163,0.124726,0.660634,-1.394249,28,28,29,28,28,28,32,27,29,31,28,29
1791409995.391087,-0.016115,0.673477,-1.368563,0.043213,0.712323,-1.495382,-0.035633,0.699480,-1.422178,0.124695,0.660755,-1.394249,28,28,29,28,28,28,32,27,29,31,28,29
1791409995.411161,-0.016145,0.673599,-1.368548,0.043244,0.712475,-1.495382,-0.035633,0.699541,-1.422194,0.124695,0.660967,-1.394233,28,28,29,28,28,28,32,27,29,31,28,29
1791409995.430804,-0.016176,0.673659,-1.368548,0.043213,0.712566,-1.495382,-0.035633,0.699632,-1.422194,0.124726,0.661028,-1.394249,28,28,29,28,28,28,32,27,29,31,28,29
1791409995.451009,-0.016145,0.673689,-1.368563,0.043213,0.712596,-1.495382,-0.035633,0.699723,-1.422210,0.124726,0.661058,-1.394233,28,28,28,28,28,28,32,27,29,31,28,29
1791409995.470902,-0.016236,0.673810,-1.368579,0.043244,0.712687,-1.495382,-0.035633,0.699844,-1.422194,0.124695,0.661058,-1.394233,28,28,29,28,28,28,32,27,29,31,28,29
1791409995.491067,-0.016236,0.674022,-1.368548,0.043183,0.712747,-1.495397,-0.035664,0.699965,-1.422194,0.124695,0.661088,-1.394233,28,28,29,28,28,28,32,27,29,31,28,29
1791409995.510978,-0.016266,0.674053,-1.368563,0.043213,0.712778,-1.495397,-0.035633,0.700025,-1.422210,0.124726,0.661179,-1.394233,28,28,29,28,28,28,32,27,29,31,28,29
1791409995.530901,-0.016236,0.674265,-1.368563,0.043183,0.712808,-1.495413,-0.035603,0.700177,-1.422194,0.124817,0.661240,-1.394233,28,28,29,28,28,28,32,27,29,31,28,29
1791409995.550925,-0.016206,0.674386,-1.368548,0.043213,0.712929,-1.495413,-0.035573,0.700237,-1.422226,0.124786,0.661482,-1.394249,28,28,29,28,28,28,32,27,29,31,28,29
1791409995.570854,-0.016236,0.674386,-1.368548,0.043213,0.712990,-1.495397,-0.035573,0.700207,-1.422226,0.124817,0.661603,-1.394265,28,28,29,28,28,28,32,27,29,31,28,29
1791409995.591000,-0.016176,0.674567,-1.368563,0.043183,0.712959,-1.495397,-0.035543,0.700328,-1.422210,0.124847,0.661724,-1.394265,28,28,29,28,28,28,32,27,29,31,28,29
1791409995.610930,-0.016176,0.674658,-1.368563,0.043244,0.713171,-1.495397,-0.035543,0.700419,-1.422210,0.124847,0.661815,-1.394249,28,28,28,28,28,28,32,27,29,31,28,29
1791409995.630924,-0.016145,0.674719,-1.368563,0.043244,0.713202,-1.495413,-0.035543,0.700449,-1.422194,0.124817,0.661997,-1.394249,28,28,29,28,28,28,32,27,29,31,28,29
1791409995.651077,-0.016176,0.674719,-1.368579,0.043244,0.713262,-1.495397,-0.035543,0.700510,-1.422226,0.124817,0.662027,-1.394233,28,28,29,28,28,28,32,27,29,31,28,29
1791409995.671105,-0.016236,0.674870,-1.368579,0.043213,0.713323,-1.495413,-0.035512,0.700540,-1.422226,0.124786,0.662057,-1.394233,28,28,29,28,28,28,32,27,29,31,28,29
1791409995.690771,-0.016297,0.674900,-1.368563,0.043183,0.713383,-1.495413,-0.035543,0.700631,-1.422226,0.124817,0.662118,-1.394233,28,28,29,28,28,28,32,27,29,31,28,29
1791409995.710874,-0.016236,0.674931,-1.368563,0.043213,0.713383,-1.495429,-0.035603,0.700631,-1.422242,0.124817,0.662118,-1.394265,28,28,29,28,28,28,32,27,29,31,28,29
1791409995.730923,-0.016266,0.675022,-1.368579,0.043213,0.713413,-1.495413,-0.035543,0.700722,-1.422226,0.124877,0.662148,-1.394249,28,28,29,28,28,28,32,27,29,31,28,29
1791409995.750976,-0.016236,0.675052,-1.368563,0.043244,0.713444,-1.495397,-0.035573,0.700813,-1.422242,0.124817,0.662178,-1.394233,28,28,29,28,28,28,32,27,29,31,28,29
1791409995.770930,-0.016206,0.675143,-1.368548,0.043213,0.713444,-1.495397,-0.035573,0.700782,-1.422242,0.124847,0.662269,-1.394249,28,28,29,28,28,28,32,27,29,31,28,29
1791409995.790985,-0.016206,0.675143,-1.368563,0.043183,0.713444,-1.495413,-0.035543,0.700873,-1.422242,0.124907,0.662300,-1.394233,28,28,29,28,28,28,32,27,29,31,28,29
1791409995.811003,-0.016206,0.675233,-1.368563,0.043244,0.713474,-1.495429,-0.035543,0.700903,-1.422257,0.124877,0.662481,-1.394249,28,28,29,28,28,28,32,27,29,31,28,29
1791409995.830852,-0.016115,0.675324,-1.368548,0.043213,0.713444,-1.495413,-0.035543,0.700994,-1.422242,0.124907,0.662542,-1.394249,28,28,29,28,28,28,32,27,29,31,28,29
1791409995.850973,-0.016176,0.675324,-1.368563,0.043244,0.713504,-1.495429,-0.035543,0.700994,-1.422257,0.124907,0.662602,-1.394233,28,28,29,28,28,28,32,27,29,31,28,29
1791409995.871074,-0.016145,0.675294,-1.368563,0.043213,0.713535,-1.495429,-0.035543,0.700994,-1.422242,0.124877,0.662602,-1.394265,28,28,29,28,28,28,32,27,29,31,28,29
1791409995.890980,-0.016176,0.675355,-1.368563,0.043213,0.713595,-1.495429,-0.035512,0.701085,-1.422242,0.124907,0.662572,-1.394265,28,28,29,28,28,28,32,27,29,31,28,29
1791409995.910892,-0.016236,0.675264,-1.368563,0.043183,0.713625,-1.495397,-0.035543,0.701085,-1.422273,0.124847,0.662602,-1.394249,28,28,29,28,28,28,32,27,29,31,28,29
1791409995.930926,-0.016206,0.675324,-1.368563,0.043244,0.713686,-1.495413,-0.035573,0.701176,-1.422289,0.124847,0.662633,-1.394249,28,28,29,28,28,28,32,27,29,31,28,29
1791409995.951172,-0.016297,0.675385,-1.368548,0.043183,0.713716,-1.495461,-0.035573,0.701327,-1.422257,0.124817,0.662633,-1.394233,28,28,29,28,28,28,32,27,29,31,28,29
1791409995.971095,-0.016266,0.675415,-1.368563,0.043183,0.713777,-1.495445,-0.035573,0.701297,-1.422242,0.124877,0.662633,-1.394265,28,28,29,28,28,28,32,27,29,31,28,29
1791409995.991009,-0.016206,0.675415,-1.368563,0.043183,0.713807,-1.495429,-0.035573,0.701327,-1.422273,0.124877,0.662723,-1.394249,28,28,29,28,28,28,32,27,29,31,28,29
1791409996.010913,-0.016266,0.675657,-1.368548,0.043183,0.713777,-1.495445,-0.035512,0.701569,-1.422257,0.124907,0.662754,-1.394233,28,28,29,28,28,28,32,27,29,31,28,29
1791409996.030923,-0.016236,0.675748,-1.368548,0.043183,0.713777,-1.495429,-0.035512,0.701660,-1.422273,0.124938,0.662905,-1.394249,28,28,29,28,28,28,32,27,29,31,28,29
1791409996.050998,-0.016236,0.675779,-1.368548,0.043244,0.713807,-1.495445,-0.035512,0.701691,-1.422257,0.124938,0.662935,-1.394249,28,28,29,28,28,28,32,27,29,31,28,29
1791409996.071309,-0.016145,0.675809,-1.368579,0.043274,0.713898,-1.495429,-0.035512,0.701691,-1.422257,0.124907,0.663178,-1.394265,28,28,29,28,28,28,32,27,29,31,28,29
1791409996.091092,-0.016176,0.675990,-1.368548,0.043244,0.713958,-1.495461,-0.035482,0.701842,-1.422273,0.124998,0.663178,-1.394281,28,28,29,28,28,28,32,27,29,31,28,29
1791409996.110909,-0.016206,0.675900,-1.368548,0.043244,0.713928,-1.495445,-0.035512,0.701872,-1.422289,0.124907,0.663268,-1.394281,28,28,29,28,28,28,32,27,29,31,28,29
1791409996.131055,-0.016266,0.676112,-1.368548,0.043213,0.713928,-1.495445,-0.035482,0.702024,-1.422273,0.124938,0.663208,-1.394265,28,28,29,28,28,28,32,27,29,31,28,29
1791409996.150898,-0.016266,0.676051,-1.368579,0.043183,0.714110,-1.495429,-0.035512,0.701993,-1.422273,0.124907,0.663329,-1.394265,28,28,29,28,28,28,32,27,29,31,28,29
1791409996.170947,-0.016297,0.676112,-1.368563,0.043183,0.714140,-1.495413,-0.035512,0.702205,-1.422273,0.124907,0.663268,-1.394249,28,28,29,28,28,28,32,27,29,31,28,29
1791409996.190969,-0.016266,0.676233,-1.368548,0.043183,0.714140,-1.495429,-0.035512,0.702326,-1.422305,0.124907,0.663329,-1.394249,28,28,29,28,28,28,32,27,29,31,28,29
1791409996.210854,-0.016297,0.676324,-1.368563,0.043183,0.714140,-1.495429,-0.035512,0.702448,-1.422289,0.124907,0.663390,-1.394249,28,28,29,28,28,28,32,27,29,31,28,29
1791409996.230995,-0.016266,0.676475,-1.368532,0.043213,0.714140,-1.495429,-0.035452,0.702569,-1.422273,0.124968,0.663511,-1.394249,28,28,29,28,28,28,32,27,29,31,28,29
1791409996.251015,-0.016297,0.676626,-1.368548,0.043213,0.714170,-1.495445,-0.035421,0.702781,-1.422273,0.124968,0.663632,-1.394265,28,28,28,28,28,28,32,27,29,31,28,29
1791409996.271068,-0.016236,0.676687,-1.368548,0.043244,0.714170,-1.495445,-0.035452,0.702841,-1.422289,0.124998,0.663783,-1.394265,28,28,29,28,28,28,32,27,29,31,28,29
1791409996.290915,-0.009181,0.657521,-1.374977,0.033737,0.701151,-1.495176,-0.034544,0.699238,-1.427692,0.123939,0.652096,-1.405212,28,28,29,28,28,28,32,27,29,31,28,29
1791409996.311172,-0.010332,0.660882,-1.387788,0.032132,0.694672,-1.494955,-0.034937,0.694666,-1.428308,0.121516,0.648130,-1.405686,28,28,29,28,28,28,32,27,29,31,28,29
1791409996.331040,-0.010605,0.664001,-1.402859,0.031193,0.688556,-1.495192,-0.036935,0.687551,-1.428244,0.120305,0.643618,-1.407298,28,28,29,28,28,28,32,27,29,31,28,29
1791409996.350885,-0.010393,0.668118,-1.418229,0.030709,0.680017,-1.495934,-0.039024,0.677892,-1.428213,0.119155,0.639289,-1.412653,28,28,29,28,28,28,32,27,29,31,28,29
1791409996.371011,-0.008455,0.672085,-1.435953,0.029437,0.671025,-1.497293,-0.040538,0.665993,-1.427929,0.117701,0.638532,-1.420141,28,28,29,28,28,28,32,27,29,31,28,29
1791409996.391082,0.003444,0.680199,-1.458796,0.028408,0.664303,-1.497435,-0.041568,0.654397,-1.426823,0.108739,0.636654,-1.429556,28,28,29,28,28,28,32,27,29,31,28,29
1791409996.410948,0.016342,0.695701,-1.488320,0.028196,0.652404,-1.497293,-0.042204,0.640106,-1.426523,0.097718,0.637381,-1.450660,28,28,29,28,28,28,32,27,29,31,28,29
1791409996.431197,0.029029,0.715715,-1.530182,0.027590,0.639476,-1.497119,-0.043173,0.624816,-1.425859,0.082973,0.644587,-1.487783,28,28,29,28,28,28,32,27,29,31,28,29
1791409996.451100,0.039444,0.746870,-1.567826,0.026924,0.626608,-1.496866,-0.045565,0.606619,-1.424343,0.063656,0.667386,-1.529029,28,28,29,28,28,28,32,27,29,31,28,29
1791409996.470990,0.041079,0.778661,-1.605960,0.024199,0.614921,-1.496819,-0.048804,0.590330,-1.423948,0.047881,0.709018,-1.575125,28,28,29,28,28,28,32,27,29,31,28,29
1791409996.490772,0.038566,0.809272,-1.627460,0.021232,0.603082,-1.496803,-0.052014,0.573314,-1.423853,0.036921,0.750740,-1.612500,28,28,29,28,28,28,32,27,29,31,28,29
1791409996.510948,0.036840,0.836704,-1.635864,0.018113,0.587126,-1.496787,-0.053739,0.558054,-1.423837,0.029775,0.794037,-1.622389,28,28,29,28,28,28,32,27,29,31,28,29
1791409996.531043,0.038506,0.862076,-1.635753,0.017568,0.572138,-1.496772,-0.055072,0.542249,-1.424042,0.021631,0.829462,-1.605708,28,28,29,28,28,28,32,27,29,31,28,29
1791409996.551139,0.047195,0.871826,-1.629830,0.019446,0.556576,-1.496756,-0.056101,0.528927,-1.425038,0.002435,0.842209,-1.554494,28,28,29,28,28,28,32,27,29,31,28,29
1791409996.571211,0.060820,0.868283,-1.603496,0.019173,0.538863,-1.496819,-0.060915,0.514030,-1.430203,-0.005498,0.820469,-1.517687,28,28,29,28,28,28,32,27,29,31,28,29
1791409996.591147,0.067451,0.843970,-1.569959,0.007032,0.512946,-1.497293,-0.069877,0.493533,-1.432415,-0.021666,0.797307,-1.516676,28,28,29,28,28,28,32,27,29,31,28,29
1791409996.610894,0.065665,0.820293,-1.564683,0.009454,0.496081,-1.499568,-0.066698,0.476002,-1.434152,-0.021636,0.774448,-1.515444,28,28,29,28,28,28,32,27,29,31,28,29
1791409996.631140,0.065846,0.801279,-1.561776,0.014298,0.490419,-1.508098,-0.066517,0.467645,-1.443915,-0.024240,0.759097,-1.515080,28,28,29,28,28,28,32,27,29,31,28,29
1791409996.651365,0.065695,0.782991,-1.557622,0.018598,0.510615,-1.536059,-0.059977,0.478606,-1.469095,-0.026541,0.735813,-1.513817,28,28,29,28,28,28,32,27,29,31,28,29
1791409996.671014,0.065271,0.772879,-1.556847,0.031799,0.555758,-1.585408,-0.043536,0.511850,-1.515965,-0.026874,0.717132,-1.507261,28,28,29,28,28,28,32,27,29,31,28,29
1791409996.690933,0.063152,0.756407,-1.557290,0.041094,0.614406,-1.638976,-0.021706,0.568681,-1.562740,-0.026692,0.693092,-1.497704,28,28,29,28,28,28,32,27,29,31,28,29
1791409996.711057,0.061819,0.739604,-1.558285,0.044848,0.675355,-1.676904,-0.000330,0.634202,-1.593023,-0.026571,0.670051,-1.489900,28,28,29,28,28,28,32,27,29,31,28,29
1791409996.730973,0.061395,0.723889,-1.558633,0.044667,0.737938,-1.690427,0.018806,0.705536,-1.603875,-0.026753,0.647282,-1.482997,28,28,29,28,28,28,32,27,29,31,28,29
1791409996.751060,0.060366,0.711324,-1.558664,0.044091,0.801309,-1.691327,0.034489,0.764426,-1.603512,-0.027752,0.627480,-1.474182,28,28,29,28,28,28,32,27,29,31,28,29
1791409996.770997,0.057126,0.693975,-1.558775,0.041821,0.864317,-1.686335,0.048871,0.820560,-1.599010,-0.031537,0.606892,-1.470865,28,28,29,28,28,28,32,27,29,31,28,29
1791409996.790921,0.053160,0.678564,-1.559833,0.037461,0.922480,-1.665957,0.066795,0.852291,-1.572487,-0.033929,0.592419,-1.470533,28,28,29,28,28,28,32,27,29,31,28,29
1791409996.810990,0.049890,0.662305,-1.561381,0.024199,0.946338,-1.622121,0.087566,0.860557,-1.524416,-0.035109,0.577522,-1.471054,28,28,29,28,28,28,32,27,29,31,28,29
1791409996.830973,0.052342,0.641262,-1.563103,0.018113,0.935136,-1.575851,0.089110,0.837183,-1.515349,-0.031961,0.561960,-1.473076,28,28,29,28,28,28,32,27,29,31,28,29
1791409996.851313,0.052009,0.622914,-1.563893,0.019052,0.914698,-1.574208,0.092380,0.821832,-1.514749,-0.032233,0.543127,-1.472270,28,28,29,28,28,28,32,27,29,31,28,29
1791409996.871125,0.049829,0.610561,-1.563719,0.016145,0.898349,-1.572708,0.091805,0.809660,-1.514417,-0.031082,0.531137,-1.471781,28,28,29,28,28,28,32,27,29,31,28,29
1791409996.890969,0.043350,0.608653,-1.564778,0.014813,0.882302,-1.570638,0.093409,0.794582,-1.514054,-0.024603,0.520480,-1.474972,28,28,29,28,28,28,32,27,29,31,28,29
1791409996.911346,0.038627,0.614406,-1.571049,0.012694,0.868192,-1.570575,0.093531,0.778929,-1.512743,-0.018638,0.517149,-1.482191,28,28,29,28,28,28,32,27,29,31,28,29
1791409996.930954,0.032208,0.634813,-1.588015,0.012663,0.855930,-1.570496,0.092380,0.760066,-1.512047,-0.011977,0.541432,-1.499157,28,28,29,28,28,28,32,27,29,31,28,29
1791409996.951041,0.023700,0.668663,-1.615928,0.011634,0.846090,-1.570622,0.089837,0.747531,-1.510357,-0.004923,0.584880,-1.530166,28,28,29,28,28,28,32,27,29,31,28,29
1791409996.970913,0.016918,0.708902,-1.647206,0.007274,0.832949,-1.571476,0.086991,0.732664,-1.507909,-0.002258,0.644163,-1.571728,28,28,29,28,28,28,32,27,29,31,28,29
1791409996.990888,0.011528,0.752108,-1.666162,0.000916,0.818507,-1.574398,0.082661,0.715679,-1.503185,-0.000230,0.685916,-1.610210,28,28,29,28,28,28,32,27,29,31,28,29
1791409997.010901,0.009984,0.787291,-1.669906,-0.003323,0.801461,-1.576357,0.078906,0.696695,-1.497483,0.000558,0.714468,-1.639434,28,28,29,28,28,28,32,27,29,31,28,29
1791409997.031051,0.011892,0.810120,-1.667047,-0.006866,0.786927,-1.577526,0.075879,0.678195,-1.491069,-0.001925,0.731817,-1.657695,28,28,29,28,28,28,32,27,29,31,28,29
1791409997.051027,0.016070,0.819355,-1.654963,-0.008016,0.769275,-1.578284,0.075001,0.660453,-1.487941,-0.005649,0.747077,-1.665862,28,28,29,28,28,28,32,27,29,31,28,29
1791409997.070892,0.017614,0.810211,-1.641219,-0.008016,0.753864,-1.579485,0.074940,0.642861,-1.486014,-0.009373,0.761670,-1.665768,28,28,29,28,28,28,32,27,29,31,28,29
1791409997.091046,0.019824,0.801915,-1.640161,-0.006048,0.742662,-1.579532,0.076575,0.629025,-1.485556,-0.014369,0.776294,-1.664267,28,28,29,28,28,28,32,27,29,31,28,29
1791409997.110918,0.023215,0.791499,-1.640161,-0.003535,0.729551,-1.579516,0.079573,0.617004,-1.485524,-0.023695,0.788920,-1.660902,28,28,28,28,28,28,32,27,29,31,28,29
1791409997.130896,0.026728,0.779812,-1.640145,-0.000416,0.716774,-1.579453,0.082116,0.603561,-1.485540,-0.035079,0.799820,-1.652577,28,28,29,28,28,28,32,27,29,31,28,29
1791409997.151040,0.031390,0.769003,-1.640145,0.002460,0.703785,-1.579469,0.085446,0.591601,-1.485556,-0.044284,0.807238,-1.633305,28,28,29,28,28,28,32,27,29,31,28,29
1791409997.171150,0.037083,0.755227,-1.640050,0.005669,0.689646,-1.579453,0.088777,0.579248,-1.485587,-0.054548,0.810871,-1.603480,28,28,29,28,28,28,32,27,29,31,28,29
1791409997.191043,0.042956,0.744054,-1.639387,0.009545,0.676778,-1.579469,0.092017,0.567349,-1.485603,-0.065992,0.811931,-1.564177,28,28,29,28,28,28,32,27,29,31,28,29
1791409997.211013,0.047256,0.736667,-1.637459,0.013057,0.664182,-1.579453,0.094560,0.555026,-1.485730,-0.076196,0.803544,-1.525759,28,28,29,28,28,28,32,27,29,31,28,29
1791409997.230885,0.045379,0.727099,-1.636227,0.008213,0.647711,-1.579485,0.093197,0.538858,-1.485793,-0.078800,0.787437,-1.527860,28,28,29,28,28,28,32,27,29,31,28,29
1791409997.250861,0.044349,0.714625,-1.634411,0.007092,0.633360,-1.579437,0.091774,0.526626,-1.485193,-0.085855,0.770330,-1.525254,28,28,29,28,28,28,32,27,29,31,28,29
1791409997.270852,0.042956,0.701302,-1.628582,0.005427,0.621249,-1.579469,0.090139,0.516967,-1.484655,-0.087974,0.757674,-1.524874,28,28,29,28,28,28,32,27,29,31,28,29
1791409997.290970,0.041927,0.688556,-1.624206,0.004458,0.609683,-1.579500,0.089897,0.506098,-1.484734,-0.089397,0.743413,-1.524701,28,28,29,28,28,28,32,27,29,31,28,29
1791409997.310875,0.041473,0.675233,-1.623053,0.003701,0.598904,-1.579611,0.089564,0.496379,-1.484482,-0.090669,0.731393,-1.524211,28,28,29,28,28,28,32,27,29,31,28,29
1791409997.330886,0.040867,0.663819,-1.619293,0.003489,0.589881,-1.580259,0.089625,0.487810,-1.484308,-0.091214,0.719887,-1.523705,28,28,29,28,28,28,32,27,29,31,28,29
1791409997.351017,0.040776,0.653464,-1.616055,0.003913,0.583311,-1.581965,0.089534,0.481573,-1.484545,-0.091668,0.710380,-1.523216,28,28,28,28,28,28,32,27,29,31,28,29
1791409997.371153,0.041261,0.640505,-1.611742,0.005336,0.579617,-1.587620,0.088232,0.475578,-1.485998,-0.092304,0.696089,-1.522394,28,28,29,28,28,28,32,27,29,31,28,29
1791409997.390918,0.041715,0.630423,-1.605265,0.011755,0.594483,-1.601932,0.083448,0.472671,-1.490753,-0.092304,0.685825,-1.519709,28,28,29,28,28,28,32,27,29,31,28,29
1791409997.411008,0.043138,0.612892,-1.603259,0.015358,0.633874,-1.630193,0.076848,0.481967,-1.505507,-0.092516,0.676712,-1.517323,28,28,29,28,28,28,32,27,29,31,28,29
1791409997.431306,0.041927,0.603385,-1.602785,0.022382,0.690069,-1.658438,0.068219,0.534861,-1.534827,-0.094302,0.665297,-1.514227,28,28,29,28,28,28,32,27,29,31,28,29
1791409997.450928,0.041200,0.595119,-1.602438,0.029589,0.752532,-1.673714,0.060740,0.610464,-1.569770,-0.094786,0.653004,-1.511905,28,28,29,28,28,28,32,27,29,31,28,29
1791409997.470909,0.042109,0.586975,-1.602453,0.029195,0.811331,-1.675009,0.056198,0.700479,-1.590937,-0.094423,0.640318,-1.511131,28,28,29,28,28,28,32,27,29,31,28,29
1791409997.490973,0.042351,0.574954,-1.602501,0.021504,0.858322,-1.668943,0.055260,0.769331,-1.591538,-0.094060,0.629570,-1.510641,28,28,29,28,28,28,32,27,29,31,28,29
1791409997.510909,0.041988,0.560633,-1.602690,0.009636,0.886450,-1.655405,0.062890,0.813657,-1.578869,-0.094423,0.622061,-1.510815,28,28,29,28,28,28,32,27,29,31,28,29
1791409997.530908,0.038960,0.547311,-1.602943,-0.000114,0.875156,-1.645026,0.072821,0.818925,-1.548175,-0.094908,0.608920,-1.511842,28,28,29,28,28,28,32,27,29,31,28,29
1791409997.550924,0.038718,0.528842,-1.602911,0.000613,0.851055,-1.635122,0.072367,0.797822,-1.544510,-0.094453,0.596264,-1.513042,28,28,29,28,28,28,32,27,29,31,28,29
1791409997.570895,0.036295,0.512280,-1.601332,-0.000810,0.830557,-1.633273,0.071549,0.771056,-1.536864,-0.092455,0.583820,-1.514938,28,28,29,28,28,28,32,27,29,31,28,29
1791409997.590927,0.032662,0.498685,-1.597762,-0.000356,0.812966,-1.631062,0.074032,0.753828,-1.532631,-0.085098,0.573889,-1.517845,28,28,29,28,28,28,32,27,29,31,28,29
1791409997.610979,0.029180,0.498534,-1.601253,-0.000083,0.795133,-1.626733,0.077756,0.740113,-1.530419,-0.078618,0.573041,-1.524874,28,28,29,28,28,28,32,27,29,31,28,29
1791409997.631223,0.025940,0.515610,-1.615723,0.001128,0.782386,-1.622452,0.081480,0.727457,-1.528824,-0.067991,0.594145,-1.536375,28,28,29,28,28,28,32,27,29,31,28,29
1791409997.650902,0.019098,0.563207,-1.645263,0.001521,0.770426,-1.620825,0.083206,0.713499,-1.525680,-0.054457,0.642104,-1.555394,28,28,29,28,28,28,32,27,29,31,28,29
1791409997.671331,0.008864,0.629030,-1.683444,-0.000507,0.757831,-1.620541,0.082903,0.699450,-1.521320,-0.045495,0.691699,-1.577684,28,28,29,28,28,28,32,27,29,31,28,29
1791409997.691375,-0.001158,0.697245,-1.711200,-0.004474,0.741208,-1.620857,0.081722,0.683161,-1.512426,-0.038258,0.736873,-1.601632,28,28,29,28,28,28,32,27,29,31,28,29
1791409997.711048,-0.007335,0.762281,-1.717376,-0.009136,0.721619,-1.621583,0.079452,0.664479,-1.505428,-0.034837,0.764123,-1.620509,28,28,29,28,28,28,32,27,29,31,28,29
1791409997.730914,-0.007516,0.802429,-1.712527,-0.013345,0.702695,-1.621647,0.076696,0.641923,-1.497720,-0.034352,0.780109,-1.635043,28,28,29,28,28,28,32,27,29,31,28,29
1791409997.750934,-0.003792,0.817992,-1.708309,-0.015131,0.685770,-1.621568,0.076515,0.623817,-1.491859,-0.035957,0.790404,-1.642009,28,28,29,28,28,28,32,27,29,31,28,29
1791409997.771165,0.001083,0.812148,-1.705671,-0.013799,0.669753,-1.621378,0.080330,0.609465,-1.489632,-0.037925,0.798730,-1.640966,28,28,29,28,28,28,32,27,29,31,28,29
1791409997.790890,0.012618,0.802036,-1.699415,-0.009167,0.655038,-1.621236,0.082661,0.594902,-1.489805,-0.044223,0.806935,-1.626559,28,28,29,28,28,28,32,27,29,31,28,29
1791409997.810940,0.022247,0.786715,-1.694155,-0.002808,0.640657,-1.621283,0.088323,0.583487,-1.489963,-0.054184,0.808570,-1.582976,28,28,29,28,28,28,32,27,29,31,28,29
1791409997.831135,0.031542,0.772152,-1.690300,0.006366,0.626911,-1.621252,0.094681,0.572103,-1.490658,-0.061118,0.793098,-1.533973,28,28,28,28,28,28,32,27,29,31,28,29
1791409997.850963,0.029786,0.753198,-1.687394,0.002884,0.606715,-1.621173,0.096255,0.557539,-1.490879,-0.065236,0.772449,-1.535932,28,28,29,28,28,28,32,27,29,31,28,29
1791409997.871110,0.027878,0.733942,-1.681249,0.001188,0.589911,-1.620952,0.096619,0.544429,-1.489237,-0.066689,0.753011,-1.529629,28,28,29,28,28,28,32,27,29,31,28,29
1791409997.891140,0.025577,0.719923,-1.671265,-0.000568,0.577710,-1.618219,0.096831,0.534619,-1.488304,-0.066295,0.740628,-1.529835,28,28,29,28,28,28,32,27,29,31,28,29
1791409997.910840,0.024941,0.707963,-1.667647,-0.000992,0.567143,-1.614712,0.096255,0.524567,-1.488557,-0.067567,0.731211,-1.530877,28,28,29,28,28,28,32,27,29,31,28,29
1791409997.931120,0.022761,0.693551,-1.660476,-0.001143,0.558786,-1.614759,0.096074,0.515363,-1.488684,-0.068657,0.718131,-1.530419,28,28,29,28,28,28,32,27,29,31,28,29
1791409997.951075,0.022852,0.681683,-1.654868,-0.000750,0.554002,-1.614712,0.097012,0.507400,-1.488842,-0.067809,0.707443,-1.529519,28,28,29,28,28,28,32,27,29,31,28,29
1791409997.970917,0.022004,0.669087,-1.649023,0.000522,0.563812,-1.615612,0.096922,0.502101,-1.490421,-0.067416,0.690881,-1.528176,28,28,29,28,28,28,32,27,29,31,28,29
1791409997.991045,0.020733,0.655826,-1.646653,0.002642,0.597693,-1.616007,0.093712,0.497136,-1.493028,-0.068960,0.681041,-1.525269,28,28,29,28,28,28,32,27,29,31,28,29
1791409998.010886,0.020793,0.638386,-1.643478,0.002853,0.660125,-1.617097,0.086113,0.506128,-1.505555,-0.070140,0.668567,-1.521794,28,28,29,28,28,28,32,27,29,31,28,29
1791409998.031029,0.019037,0.627032,-1.642720,0.004791,0.716411,-1.638028,0.077756,0.545398,-1.526912,-0.071624,0.655003,-1.517402,28,28,29,28,28,28,32,27,29,31,28,29
1791409998.051115,0.015979,0.617494,-1.642641,0.006729,0.770396,-1.654504,0.068067,0.617731,-1.553530,-0.074258,0.640924,-1.514259,28,28,29,28,28,28,32,27,29,31,28,29
1791409998.071266,0.015131,0.609107,-1.642641,0.005851,0.823109,-1.656842,0.065251,0.688702,-1.572123,-0.075167,0.627783,-1.511415,28,28,29,28,28,28,32,27,29,31,28,29
1791409998.091015,0.015131,0.593091,-1.642736,0.000431,0.864619,-1.644473,0.066765,0.750165,-1.576720,-0.075772,0.618639,-1.509930,28,28,29,28,28,28,32,27,29,31,28,29
1791409998.110998,0.014556,0.578588,-1.643131,-0.006623,0.875307,-1.627413,0.074092,0.794007,-1.570496,-0.075651,0.603834,-1.509978,28,28,29,28,28,28,32,27,29,31,28,29
1791409998.131037,0.009348,0.564781,-1.643288,-0.015041,0.858049,-1.620762,0.087263,0.810175,-1.540008,-0.078437,0.592358,-1.510673,28,28,29,28,28,28,32,27,29,31,28,29
1791409998.151067,0.007047,0.549097,-1.641346,-0.017463,0.838581,-1.618298,0.084659,0.788042,-1.525696,-0.078860,0.581095,-1.512663,28,28,29,28,28,28,32,27,29,31,28,29
1791409998.170922,0.007744,0.530144,-1.638360,-0.016131,0.820111,-1.617081,0.086779,0.764849,-1.519030,-0.077347,0.571951,-1.514670,28,28,29,28,28,28,32,27,29,31,28,29
1791409998.190953,0.007350,0.519546,-1.636069,-0.016191,0.802520,-1.613575,0.087475,0.746017,-1.513627,-0.071230,0.561657,-1.516818,28,28,29,28,28,28,32,27,29,31,28,29
1791409998.211745,0.005352,0.521938,-1.637175,-0.014829,0.787018,-1.611094,0.091956,0.733331,-1.513122,-0.062420,0.560052,-1.524590,28,28,29,28,28,28,32,27,29,31,28,29
1791409998.230982,0.004867,0.538016,-1.645958,-0.012527,0.774302,-1.608788,0.095559,0.722885,-1.512569,-0.054699,0.576887,-1.536785,28,28,29,28,28,28,32,27,29,31,28,29
1791409998.250969,0.003141,0.574742,-1.668769,-0.010983,0.763614,-1.605297,0.098254,0.710683,-1.511763,-0.045373,0.621849,-1.553846,28,28,29,28,28,28,32,27,29,31,28,29
1791409998.271045,-0.000643,0.628334,-1.696003,-0.012043,0.750927,-1.604412,0.098526,0.697209,-1.508177,-0.035533,0.670051,-1.579785,28,28,28,28,28,28,32,27,29,31,28,29
1791409998.291014,-0.003520,0.684832,-1.717677,-0.013920,0.738574,-1.604570,0.098405,0.682858,-1.503043,-0.027843,0.712439,-1.600115,28,28,29,28,28,28,32,27,29,31,28,29
1791409998.310992,-0.004610,0.738211,-1.724911,-0.016433,0.722799,-1.604902,0.097588,0.666811,-1.497767,-0.025633,0.745411,-1.619830,28,28,29,28,28,28,32,27,29,31,28,29
1791409998.331117,-0.004034,0.774180,-1.723395,-0.019098,0.704663,-1.605028,0.096467,0.647918,-1.491290,-0.026117,0.764214,-1.635927,28,28,29,28,28,28,32,27,29,31,28,29
1791409998.350965,-0.000916,0.790924,-1.722400,-0.019612,0.687556,-1.604902,0.097194,0.630659,-1.486456,-0.027661,0.775053,-1.647949,28,28,29,28,28,28,32,27,29,31,28,29
1791409998.371159,0.003444,0.798796,-1.717329,-0.019219,0.671267,-1.604870,0.098163,0.613795,-1.482491,-0.031749,0.780836,-1.648881,28,28,29,28,28,28,32,27,29,31,28,29
1791409998.391040,0.009560,0.794315,-1.713790,-0.016918,0.656310,-1.604902,0.100222,0.597960,-1.481006,-0.036563,0.789072,-1.644995,28,28,29,28,28,28,32,27,29,31,28,29
1791409998.411018,0.019401,0.784959,-1.712147,-0.013224,0.642322,-1.604918,0.103674,0.585879,-1.481054,-0.043072,0.799911,-1.627571,28,28,29,28,28,28,32,27,29,31,28,29
1791409998.430944,0.028242,0.780327,-1.706903,-0.007713,0.628212,-1.604949,0.108942,0.574041,-1.481164,-0.050400,0.802666,-1.593023,28,28,29,28,28,28,32,27,29,31,28,29
1791409998.451140,0.039596,0.778540,-1.698546,-0.001749,0.613558,-1.604981,0.114392,0.563141,-1.481433,-0.059543,0.795884,-1.547038,28,28,29,28,28,28,32,27,29,31,28,29
1791409998.471182,0.043834,0.777057,-1.683176,-0.004776,0.594150,-1.603828,0.114331,0.546306,-1.481701,-0.061299,0.769694,-1.545521,28,28,28,28,28,28,32,27,29,31,28,29
1791409998.490927,0.054644,0.781175,-1.642941,-0.009681,0.574652,-1.603607,0.111758,0.532500,-1.479758,-0.065841,0.750922,-1.540877,28,28,29,28,28,28,32,27,29,31,28,29
1791409998.510990,0.052827,0.766520,-1.638107,-0.009742,0.561178,-1.603780,0.112030,0.520540,-1.479806,-0.067446,0.733906,-1.539155,28,28,29,28,28,28,32,27,29,31,28,29
1791409998.530953,0.054492,0.755348,-1.638060,-0.009742,0.548795,-1.600684,0.111425,0.509731,-1.479995,-0.069384,0.720887,-1.538049,28,28,29,28,28,28,32,27,29,31,28,29
1791409998.551090,0.054220,0.741935,-1.637712,-0.008743,0.535775,-1.597541,0.111364,0.498135,-1.480517,-0.070655,0.705294,-1.535995,28,28,29,28,28,28,32,27,29,31,28,29
1791409998.571006,0.054250,0.727281,-1.635532,-0.005655,0.527449,-1.598094,0.111152,0.489536,-1.481875,-0.070595,0.691154,-1.534305,28,28,29,28,28,28,32,27,29,31,28,29
1791409998.591065,0.053342,0.711233,-1.632831,-0.003384,0.527479,-1.600479,0.107216,0.487053,-1.489600,-0.071654,0.675258,-1.533863,28,28,29,28,28,28,32,27,29,31,28,29
1791409998.610950,0.050011,0.698941,-1.628929,-0.001597,0.547220,-1.615849,0.100585,0.503464,-1.509836,-0.074046,0.666690,-1.533405,28,28,29,28,28,28,32,27,29,31,28,29
1791409998.631042,0.048316,0.690100,-1.628392,0.006154,0.596603,-1.641282,0.094439,0.553179,-1.538586,-0.077468,0.656183,-1.532220,28,28,29,28,28,28,32,27,29,31,28,29
1791409998.650978,0.047619,0.679533,-1.628202,0.017538,0.660034,-1.669606,0.086779,0.626572,-1.570496,-0.079315,0.644617,-1.530198,28,28,29,28,28,28,32,27,29,31,28,29
1791409998.671255,0.046196,0.668724,-1.628139,0.022534,0.735819,-1.682544,0.079240,0.697906,-1.588062,-0.080950,0.630841,-1.525380,28,28,29,28,28,28,32,27,29,31,28,29
1791409998.690976,0.044834,0.654857,-1.628202,0.021565,0.814147,-1.681265,0.074092,0.755252,-1.591364,-0.082463,0.621425,-1.518808,28,28,29,28,28,28,32,27,29,31,28,29
1791409998.711187,0.044531,0.638537,-1.628234,0.015964,0.870645,-1.671186,0.073033,0.797398,-1.589453,-0.082978,0.603803,-1.514622,28,28,29,28,28,28,32,27,29,31,28,29
1791409998.731206,0.044379,0.628909,-1.628424,0.005609,0.908552,-1.637602,0.077150,0.818865,-1.570544,-0.082887,0.589028,-1.513674,28,28,29,28,28,28,32,27,29,31,28,29
1791409998.751539,0.042018,0.613770,-1.628834,-0.004504,0.896835,-1.609278,0.089806,0.818350,-1.531304,-0.082554,0.575766,-1.513896,28,28,29,28,28,28,32,27,29,31,28,29
1791409998.771083,0.035448,0.601084,-1.627507,-0.011044,0.884481,-1.608425,0.083024,0.796823,-1.513295,-0.084734,0.567834,-1.515380,28,28,29,28,28,28,32,27,29,31,28,29
1791409998.791018,0.035478,0.582070,-1.619593,-0.009591,0.863863,-1.607666,0.086991,0.777566,-1.509062,-0.083372,0.553361,-1.515254,28,28,29,28,28,28,32,27,29,31,28,29
1791409998.811157,0.031390,0.585370,-1.613338,-0.005836,0.868949,-1.605613,0.089594,0.785559,-1.502174,-0.075500,0.548668,-1.506913,28,28,29,28,28,28,32,27,29,31,28,29
1791409998.831231,0.032602,0.594120,-1.604760,-0.000416,0.860653,-1.595961,0.094893,0.785923,-1.503580,-0.068415,0.547215,-1.506692,28,28,28,28,28,28,32,27,29,31,28,29
1791409998.851084,0.032026,0.593424,-1.592643,0.004125,0.852115,-1.587162,0.099586,0.784167,-1.504876,-0.062904,0.544914,-1.506250,28,28,29,28,28,28,32,27,29,31,28,29
1791409998.871024,0.031330,0.594514,-1.578695,0.007274,0.847543,-1.577147,0.101705,0.784802,-1.504891,-0.059816,0.545640,-1.504481,28,28,29,28,28,28,32,27,29,31,28,29
1791409998.891135,0.031057,0.593938,-1.568032,0.008970,0.845999,-1.568995,0.103462,0.787285,-1.504923,-0.057999,0.548819,-1.504465,28,28,29,28,28,28,32,27,29,31,28,29
1791409998.910952,0.030119,0.593212,-1.560481,0.010090,0.839005,-1.563688,0.104158,0.786619,-1.505176,-0.056970,0.549637,-1.504386,28,28,29,28,28,28,32,27,29,31,28,29
1791409998.931234,0.029604,0.595361,-1.554589,0.011331,0.839429,-1.562692,0.104824,0.786922,-1.504812,-0.056425,0.552120,-1.503880,28,28,29,28,28,28,32,27,29,31,28,29
1791409998.950933,0.029301,0.600357,-1.554178,0.012845,0.839338,-1.562487,0.105702,0.788617,-1.504781,-0.055698,0.555268,-1.503928,28,28,28,28,28,28,32,27,29,31,28,29
1791409998.970998,0.028030,0.604596,-1.554036,0.016327,0.839580,-1.562519,0.106005,0.788860,-1.504733,-0.055849,0.557660,-1.503959,28,28,29,28,28,28,32,27,29,31,28,29
1791409998.990942,0.027152,0.608986,-1.553957,0.017175,0.840307,-1.562534,0.106580,0.788860,-1.504639,-0.055971,0.560022,-1.503896,28,28,29,28,28,28,32,27,29,31,28,29
1791409999.010943,0.026819,0.613649,-1.553957,0.018325,0.841699,-1.562503,0.107610,0.790283,-1.504560,-0.055819,0.562747,-1.503865,28,28,29,28,28,28,32,27,29,31,28,29
1791409999.031069,0.026425,0.617191,-1.553925,0.018749,0.842971,-1.562187,0.108124,0.792856,-1.504512,-0.054790,0.564897,-1.503801,28,28,29,28,28,28,32,27,29,31,28,29
1791409999.050868,0.026183,0.619886,-1.553941,0.019022,0.843607,-1.561492,0.109154,0.794945,-1.504528,-0.053579,0.566289,-1.503643,28,28,29,28,28,28,32,27,29,31,28,29
1791409999.070932,0.026062,0.622127,-1.553941,0.019536,0.843728,-1.560907,0.111636,0.797186,-1.504560,-0.051338,0.567077,-1.503296,28,28,29,28,28,28,32,27,29,31,28,29
1791409999.091014,0.026031,0.623792,-1.553925,0.020202,0.843789,-1.560623,0.113453,0.798397,-1.504544,-0.049885,0.567379,-1.502806,28,28,29,28,28,28,32,27,29,31,28,29
1791409999.111060,0.026001,0.624761,-1.553925,0.020626,0.843728,-1.560544,0.115300,0.799214,-1.504544,-0.047886,0.567258,-1.501921,28,28,29,28,28,28,32,27,29,31,28,29
1791409999.130945,0.025971,0.625245,-1.553925,0.021141,0.843516,-1.560528,0.116602,0.800123,-1.504528,-0.046282,0.566834,-1.501463,28,28,29,28,28,28,32,27,29,31,28,29
1791409999.151160,0.026031,0.625397,-1.553893,0.021595,0.843334,-1.560544,0.117753,0.801031,-1.504512,-0.044950,0.566592,-1.501258,28,28,29,28,28,28,32,27,29,31,28,29
1791409999.171025,0.026213,0.625457,-1.553878,0.021989,0.843001,-1.560528,0.118873,0.801637,-1.504544,-0.043829,0.566168,-1.501132,28,28,29,28,28,28,32,27,29,31,28,29
1791409999.191206,0.026213,0.625488,-1.553893,0.022322,0.842729,-1.560544,0.119418,0.802030,-1.504560,-0.043224,0.565805,-1.501005,28,28,29,28,28,28,32,27,29,31,28,29
1791409999.211023,0.026183,0.625518,-1.553878,0.022655,0.842699,-1.560528,0.120023,0.802696,-1.504512,-0.042739,0.565623,-1.500847,28,28,29,28,28,28,32,27,29,31,28,29
1791409999.231046,0.026213,0.625609,-1.553862,0.022746,0.842668,-1.560544,0.121265,0.803514,-1.504528,-0.042225,0.565593,-1.500737,28,28,29,28,28,28,32,27,29,31,28,29
1791409999.251250,0.026183,0.625700,-1.553862,0.022837,0.842759,-1.560560,0.122355,0.803817,-1.504528,-0.041982,0.565654,-1.500610,28,28,29,28,28,28,32,27,29,31,28,29
1791409999.271051,0.026213,0.625881,-1.553830,0.023018,0.842820,-1.560544,0.122567,0.804119,-1.504544,-0.041831,0.565775,-1.500579,28,28,29,28,28,28,32,27,29,31,28,29
1791409999.291216,0.026152,0.626123,-1.553846,0.023049,0.842941,-1.560528,0.122627,0.804513,-1.504544,-0.041710,0.565896,-1.500500,28,28,29,28,28,28,32,27,29,31,28,29
1791409999.311042,0.026213,0.626456,-1.553846,0.023079,0.843032,-1.560528,0.122688,0.804634,-1.504560,-0.041710,0.565987,-1.500468,28,28,29,28,28,28,32,27,29,31,28,29
1791409999.331128,0.026152,0.626699,-1.553846,0.023109,0.843032,-1.560576,0.122839,0.805209,-1.504544,-0.041377,0.566017,-1.500405,28,28,29,28,28,28,32,27,29,31,28,29
1791409999.350965,0.026152,0.627032,-1.553846,0.023139,0.843062,-1.560544,0.122779,0.805209,-1.504528,-0.041135,0.566078,-1.500373,28,28,29,28,28,28,32,27,29,31,28,29
1791409999.371021,0.026152,0.627304,-1.553862,0.023200,0.843122,-1.560560,0.122960,0.805452,-1.504544,-0.040802,0.566078,-1.500294,28,28,29,28,28,28,32,27,29,31,28,29
1791409999.391232,0.026183,0.627607,-1.553846,0.023321,0.843062,-1.560560,0.122991,0.805664,-1.504544,-0.040559,0.566078,-1.500247,28,28,29,28,28,28,32,27,29,31,28,29
1791409999.411038,0.026152,0.627970,-1.553830,0.023442,0.843122,-1.560560,0.123051,0.806178,-1.504544,-0.039984,0.566078,-1.500168,28,28,28,28,28,28,32,27,29,31,28,29
1791409999.431107,0.026183,0.628273,-1.553830,0.023472,0.843153,-1.560544,0.123051,0.806239,-1.504544,-0.039742,0.566138,-1.500057,28,28,29,28,28,28,32,27,29,31,28,29
1791409999.451180,0.026152,0.628667,-1.553846,0.023503,0.843153,-1.560544,0.123203,0.806421,-1.504544,-0.039318,0.566138,-1.499915,28,28,29,28,28,28,32,27,29,31,28,29
1791409999.471231,0.026152,0.629030,-1.553815,0.023684,0.843153,-1.560528,0.123324,0.806451,-1.504544,-0.039106,0.566168,-1.499789,28,28,29,28,28,28,32,27,29,31,28,29
1791409999.491220,0.026152,0.629272,-1.553830,0.023775,0.843243,-1.560560,0.123475,0.806421,-1.504544,-0.039015,0.566259,-1.499678,28,28,29,28,28,28,32,27,29,31,28,29
1791409999.511585,0.026092,0.629696,-1.553830,0.023806,0.843243,-1.560528,0.123959,0.806784,-1.504544,-0.038561,0.566229,-1.499599,28,28,29,28,28,28,32,27,29,31,28,29
1791409999.531304,0.026122,0.629938,-1.553815,0.023927,0.843425,-1.560528,0.124111,0.806996,-1.504512,-0.038289,0.566350,-1.499568,28,28,29,28,28,28,32,27,29,31,28,29
1791409999.551019,0.026062,0.630150,-1.553830,0.023927,0.843425,-1.560560,0.124202,0.807147,-1.504544,-0.038258,0.566380,-1.499536,28,28,29,28,28,28,32,27,29,31,28,29
1791409999.571064,0.026092,0.630423,-1.553830,0.023896,0.843425,-1.560560,0.124474,0.807662,-1.504544,-0.037744,0.566380,-1.499505,28,28,29,28,28,28,32,27,29,31,28,29
1791409999.591491,0.026031,0.630635,-1.553799,0.023927,0.843486,-1.560576,0.124595,0.807995,-1.504544,-0.037441,0.566411,-1.499505,28,28,29,28,28,28,32,27,29,31,28,29
1791409999.611156,0.026031,0.630756,-1.553815,0.023927,0.843486,-1.560528,0.124777,0.808177,-1.504544,-0.037229,0.566411,-1.499505,28,28,29,28,28,28,32,27,29,31,28,29
1791409999.631040,0.025971,0.630937,-1.553815,0.023957,0.843516,-1.560544,0.125019,0.808570,-1.504528,-0.036987,0.566471,-1.499457,28,28,29,28,28,28,32,27,29,31,28,29
1791409999.651090,0.025971,0.631210,-1.553815,0.023957,0.843546,-1.560560,0.125413,0.808934,-1.504560,-0.036775,0.566622,-1.499457,28,28,29,28,28,28,32,27,29,31,28,29
1791409999.671309,0.025971,0.631543,-1.553783,0.024017,0.843667,-1.560560,0.125594,0.809176,-1.504544,-0.036290,0.566713,-1.499441,28,28,29,28,28,28,32,27,29,31,28,29
1791409999.691154,0.026001,0.631785,-1.553783,0.024139,0.843667,-1.560544,0.125837,0.809206,-1.504544,-0.036199,0.566774,-1.499457,28,28,29,28,28,28,32,27,29,31,28,29
1791409999.711262,0.026031,0.632088,-1.553815,0.024260,0.843728,-1.560544,0.125988,0.809357,-1.504544,-0.036078,0.566895,-1.499426,28,28,29,28,28,28,32,27,29,31,28,29
1791409999.731081,0.026031,0.632361,-1.553783,0.024351,0.843789,-1.560560,0.126109,0.809448,-1.504544,-0.035927,0.566956,-1.499457,28,28,29,28,28,28,32,27,29,31,28,29
1791409999.751268,0.026001,0.632663,-1.553783,0.024411,0.843879,-1.560560,0.126472,0.809600,-1.504544,-0.035836,0.567107,-1.499410,28,28,29,28,28,28,32,27,29,31,28,29
1791409999.771422,0.026031,0.632845,-1.553799,0.024502,0.843940,-1.560528,0.126594,0.809721,-1.504560,-0.035715,0.567198,-1.499378,28,28,29,28,28,28,32,27,29,31,28,29
1791409999.791180,0.026031,0.633027,-1.553815,0.024502,0.843940,-1.560544,0.126866,0.809963,-1.504560,-0.035594,0.567258,-1.499378,28,28,29,28,28,28,32,27,29,31,28,29
1791409999.811208,0.026001,0.633208,-1.553799,0.024532,0.844000,-1.560544,0.126957,0.810114,-1.504560,-0.035473,0.567349,-1.499331,28,28,29,28,28,28,32,27,29,31,28,29
1791409999.831148,0.026001,0.633299,-1.553783,0.024502,0.844061,-1.560576,0.127048,0.810175,-1.504560,-0.035321,0.567349,-1.499315,28,28,29,28,28,28,32,27,29,31,28,29
1791409999.850997,0.025880,0.633420,-1.553799,0.024441,0.844091,-1.560528,0.127139,0.810205,-1.504544,-0.035321,0.567379,-1.499299,28,28,29,28,28,28,32,27,29,31,28,29
1791409999.870906,0.025819,0.633511,-1.553799,0.024472,0.844152,-1.560560,0.127199,0.810266,-1.504544,-0.035382,0.567440,-1.499315,28,28,29,28,28,28,32,27,29,31,28,29
1791409999.891125,0.025759,0.633541,-1.553799,0.024441,0.844243,-1.560544,0.127229,0.810417,-1.504560,-0.035261,0.567501,-1.499299,28,28,29,28,28,28,32,27,29,31,28,29
1791409999.911037,0.025819,0.633602,-1.553799,0.024441,0.844303,-1.560560,0.127169,0.810417,-1.504560,-0.035261,0.567622,-1.499299,28,28,29,28,28,28,32,27,29,31,28,29
1791409999.931235,0.025789,0.633632,-1.553783,0.024411,0.844273,-1.560560,0.127139,0.810417,-1.504560,-0.035321,0.567652,-1.499299,28,28,29,28,28,28,32,27,29,31,28,29
1791409999.951042,0.025819,0.633632,-1.553783,0.024411,0.844273,-1.560544,0.127199,0.810447,-1.504560,-0.035200,0.567652,-1.499299,28,28,29,28,28,28,32,27,29,31,28,29
1791409999.971136,0.025819,0.633632,-1.553799,0.024441,0.844273,-1.560544,0.127169,0.810447,-1.504560,-0.035170,0.567652,-1.499299,28,28,29,28,28,28,32,27,29,31,28,29
1791409999.990980,0.025880,0.633632,-1.553799,0.024532,0.844243,-1.560528,0.127169,0.810417,-1.504560,-0.035200,0.567682,-1.499299,28,28,29,28,28,28,32,27,29,31,28,29
1791410000.010987,0.025850,0.633662,-1.553799,0.024562,0.844243,-1.560544,0.127290,0.810417,-1.504560,-0.035109,0.567682,-1.499268,28,28,29,28,28,28,32,27,29,31,28,29
1791410000.031192,0.025850,0.633693,-1.553799,0.024532,0.844243,-1.560544,0.127290,0.810478,-1.504544,-0.035140,0.567652,-1.499299,28,28,29,28,28,28,32,27,29,31,28,29
1791410000.050941,0.025789,0.633662,-1.553799,0.024562,0.844212,-1.560544,0.127290,0.810538,-1.504544,-0.035049,0.567652,-1.499283,28,28,29,28,28,28,32,27,29,31,28,29
1791410000.070906,0.025789,0.633723,-1.553799,0.024593,0.844273,-1.560528,0.127290,0.810508,-1.504560,-0.035049,0.567682,-1.499283,28,28,29,28,28,28,32,27,29,31,28,29
1791410000.090997,0.025668,0.633784,-1.553815,0.024472,0.844303,-1.560560,0.127320,0.810569,-1.504560,-0.035049,0.567682,-1.499283,28,28,29,28,28,28,32,27,29,31,28,29
1791410000.111105,0.025698,0.633814,-1.553799,0.024441,0.844303,-1.560528,0.127351,0.810599,-1.504560,-0.035079,0.567743,-1.499283,28,28,29,28,28,28,32,27,29,31,28,29
1791410000.131050,0.025698,0.633905,-1.553799,0.024472,0.844364,-1.560528,0.127290,0.810569,-1.504544,-0.035079,0.567834,-1.499283,28,28,29,28,28,28,32,27,29,31,28,29
1791410000.151195,0.025668,0.633965,-1.553783,0.024441,0.844455,-1.560544,0.127260,0.810569,-1.504560,-0.035049,0.567834,-1.499268,28,28,29,28,28,28,32,27,29,31,28,29
1791410000.170928,0.025789,0.633996,-1.553799,0.024502,0.844394,-1.560544,0.127229,0.810599,-1.504544,-0.035079,0.567985,-1.499252,28,28,29,28,28,28,32,27,29,31,28,29
1791410000.191047,0.025698,0.634026,-1.553783,0.024502,0.844394,-1.560528,0.127290,0.810629,-1.504560,-0.035049,0.567955,-1.499268,28,28,29,28,28,28,32,27,29,31,28,29
1791410000.210988,0.025729,0.633935,-1.553799,0.024472,0.844394,-1.560528,0.127260,0.810629,-1.504560,-0.035049,0.567955,-1.499268,28,28,29,28,28,28,32,27,29,31,28,29
1791410000.231372,0.025759,0.633935,-1.553799,0.024502,0.844394,-1.560544,0.127290,0.810599,-1.504560,-0.035049,0.567924,-1.499268,28,28,29,28,28,28,32,27,29,31,28,29
1791410000.250885,0.025759,0.633996,-1.553799,0.024532,0.844394,-1.560528,0.127320,0.810659,-1.504528,-0.035049,0.567924,-1.499268,28,28,29,28,28,28,32,27,29,31,28,29
1791410000.270930,0.025729,0.633935,-1.553799,0.024562,0.844333,-1.560560,0.127290,0.810690,-1.504560,-0.034988,0.567955,-1.499268,28,28,29,28,28,28,32,27,29,31,28,29
1791410000.291142,0.025759,0.633996,-1.553783,0.024532,0.844364,-1.560528,0.127320,0.810659,-1.504560,-0.034988,0.567924,-1.499268,28,28,29,28,28,28,32,27,29,31,28,29
1791410000.311333,0.025668,0.633996,-1.553799,0.024502,0.844424,-1.560544,0.127290,0.810659,-1.504560,-0.035049,0.567955,-1.499268,28,28,29,28,28,28,32,27,29,31,28,29
1791410000.331071,0.025607,0.633996,-1.553783,0.024532,0.844485,-1.560560,0.127290,0.810690,-1.504544,-0.035109,0.567924,-1.499268,28,28,29,28,28,28,32,27,29,31,28,29
1791410000.350905,0.025577,0.634147,-1.553783,0.024472,0.844576,-1.560528,0.127229,0.810690,-1.504544,-0.035079,0.568046,-1.499268,28,28,29,28,28,28,32,27,29,31,28,29
1791410000.371227,0.025547,0.634147,-1.553783,0.024532,0.844606,-1.560544,0.127260,0.810811,-1.504560,-0.035079,0.568106,-1.499268,28,28,29,28,28,28,32,27,29,31,28,29
1791410000.391081,0.025547,0.634238,-1.553783,0.024472,0.844606,-1.560544,0.127260,0.810932,-1.504544,-0.035049,0.568136,-1.499268,28,28,29,28,28,28,32,27,29,31,28,29
1791410000.411006,0.025577,0.634238,-1.553783,0.024472,0.844576,-1.560560,0.127260,0.810962,-1.504560,-0.035049,0.568167,-1.499268,28,28,29,28,28,28,32,27,29,31,28,29
1791410000.431050,0.025547,0.634298,-1.553783,0.024562,0.844576,-1.560544,0.127290,0.810962,-1.504560,-0.034988,0.568136,-1.499268,28,28,29,28,28,28,32,27,29,31,28,29
1791410000.451120,0.025577,0.634298,-1.553783,0.024532,0.844606,-1.560544,0.127381,0.811023,-1.504544,-0.034958,0.568197,-1.499268,28,28,29,28,28,28,32,27,29,31,28,29
1791410000.470940,0.025607,0.634298,-1.553767,0.024532,0.844545,-1.560544,0.127351,0.811053,-1.504560,-0.034988,0.568136,-1.499252,28,28,29,28,28,28,32,27,29,31,28,29
1791410000.491141,0.025638,0.634238,-1.553783,0.024532,0.844576,-1.560528,0.127260,0.811053,-1.504560,-0.034988,0.568106,-1.499252,28,28,29,28,28,28,32,27,29,31,28,29
1791410000.510913,0.025577,0.634298,-1.553783,0.024562,0.844545,-1.560544,0.127290,0.811053,-1.504560,-0.034958,0.568106,-1.499252,28,28,29,28,28,28,32,27,29,31,28,29
1791410000.530947,0.025547,0.634268,-1.553767,0.024532,0.844576,-1.560528,0.127320,0.811053,-1.504544,-0.034958,0.568106,-1.499268,28,28,29,28,28,28,32,27,29,31,28,29
1791410000.551229,0.025547,0.634329,-1.553783,0.024532,0.844576,-1.560560,0.127320,0.811114,-1.504560,-0.034988,0.568197,-1.499268,28,28,29,28,28,28,32,27,29,31,28,29
1791410000.570894,0.025517,0.634298,-1.553783,0.024472,0.844606,-1.560528,0.127260,0.811114,-1.504544,-0.034988,0.568227,-1.499283,28,28,29,28,28,28,32,27,29,31,28,29
1791410000.591136,0.025547,0.634329,-1.553783,0.024472,0.844636,-1.560528,0.127229,0.811053,-1.504560,-0.035049,0.568258,-1.499252,28,28,29,28,28,28,32,27,29,31,28,29
1791410000.610981,0.025486,0.634389,-1.553783,0.024502,0.844667,-1.560560,0.127260,0.811114,-1.504560,-0.034988,0.568258,-1.499283,28,28,29,28,28,28,32,27,29,31,28,29
1791410000.630910,0.025456,0.634419,-1.553783,0.024502,0.844727,-1.560544,0.127290,0.811174,-1.504544,-0.034988,0.568288,-1.499283,28,28,29,28,28,28,32,27,29,31,28,29
1791410000.650886,0.025486,0.634419,-1.553783,0.024532,0.844697,-1.560544,0.127290,0.811235,-1.504528,-0.034958,0.568288,-1.499283,28,28,29,28,28,28,32,27,29,31,28,29
1791410000.671057,0.025517,0.634450,-1.553767,0.024532,0.844667,-1.560560,0.127381,0.811325,-1.504544,-0.034958,0.568288,-1.499283,28,28,29,28,28,28,32,27,29,31,28,29
1791410000.690944,0.025547,0.634510,-1.553767,0.024593,0.844667,-1.560528,0.127381,0.811416,-1.504560,-0.034897,0.568258,-1.499268,28,28,29,28,28,28,32,27,29,31,28,29
1791410000.710947,0.025607,0.634450,-1.553783,0.024593,0.844606,-1.560544,0.127351,0.811386,-1.504560,-0.034897,0.568258,-1.499268,28,28,29,28,28,28,32,27,29,31,28,29
1791410000.731226,0.025517,0.634480,-1.553783,0.024532,0.844636,-1.560528,0.127351,0.811416,-1.504560,-0.034867,0.568197,-1.499283,28,28,29,28,28,28,32,27,29,31,28,29
1791410000.751065,0.025547,0.634480,-1.553767,0.024502,0.844636,-1.560512,0.127411,0.811356,-1.504560,-0.034867,0.568227,-1.499283,28,28,29,28,28,28,32,27,29,31,28,29
1791410000.770891,0.025456,0.634480,-1.553783,0.024532,0.844636,-1.560544,0.127351,0.811386,-1.504560,-0.034897,0.568258,-1.499252,28,28,29,28,28,28,32,27,29,31,28,29
1791410000.791091,0.025426,0.634510,-1.553767,0.024502,0.844636,-1.560544,0.127381,0.811386,-1.504544,-0.034928,0.568258,-1.499252,28,28,29,28,28,28,32,27,29,31,28,29
1791410000.811056,0.025395,0.634510,-1.553783,0.024532,0.844667,-1.560528,0.127381,0.811386,-1.504560,-0.034897,0.568258,-1.499252,28,28,29,28,28,28,32,27,29,31,28,29
1791410000.831151,0.025426,0.634571,-1.553767,0.024532,0.844727,-1.560544,0.127351,0.811386,-1.504575,-0.034928,0.568258,-1.499268,28,28,29,28,28,28,32,27,29,31,28,29
1791410000.851135,0.025426,0.634541,-1.553767,0.024532,0.844697,-1.560528,0.127290,0.811356,-1.504560,-0.034867,0.568318,-1.499252,28,28,29,28,28,28,32,27,29,31,28,29
1791410000.871090,0.025456,0.634480,-1.553783,0.024532,0.844667,-1.560560,0.127381,0.811447,-1.504560,-0.034897,0.568288,-1.499268,28,28,29,28,28,28,32,27,29,31,28,29
1791410000.890979,0.025456,0.634510,-1.553751,0.024562,0.844636,-1.560560,0.127320,0.811416,-1.504560,-0.034867,0.568288,-1.499268,28,28,29,28,28,28,32,27,29,31,28,29
1791410000.911408,0.025486,0.634541,-1.553751,0.024593,0.844667,-1.560512,0.127320,0.811386,-1.504560,-0.034867,0.568258,-1.499268,28,28,29,28,28,28,32,27,29,31,28,29
1791410000.931135,0.025486,0.634510,-1.553751,0.024623,0.844606,-1.560528,0.127320,0.811386,-1.504544,-0.034897,0.568258,-1.499283,28,28,29,28,28,28,32,27,29,31,28,29
1791410000.951001,0.025456,0.634541,-1.553783,0.024562,0.844636,-1.560560,0.127381,0.811477,-1.504560,-0.034867,0.568258,-1.499268,28,28,29,28,28,28,32,27,29,31,28,29
1791410000.971075,0.025486,0.634510,-1.553767,0.024593,0.844667,-1.560544,0.127351,0.811447,-1.504544,-0.034867,0.568258,-1.499252,28,28,29,28,28,28,32,27,29,31,28,29
1791410000.990952,0.025395,0.634541,-1.553767,0.024562,0.844667,-1.560544,0.127381,0.811598,-1.504544,-0.034867,0.568288,-1.499268,28,28,29,28,28,28,32,27,29,31,28,29
1791410001.011433,0.025335,0.634571,-1.553751,0.024562,0.844727,-1.560560,0.127411,0.811628,-1.504575,-0.034837,0.568258,-1.499268,28,28,29,28,28,28,32,27,29,31,28,29
1791410001.030970,0.025365,0.634571,-1.553767,0.024502,0.844727,-1.560528,0.127351,0.811628,-1.504560,-0.034897,0.568348,-1.499268,28,28,29,28,28,28,32,27,29,31,28,29
1791410001.051382,0.025365,0.634601,-1.553751,0.024472,0.844727,-1.560512,0.127320,0.811598,-1.504560,-0.034897,0.568379,-1.499268,28,28,29,28,28,28,32,27,29,31,28,29
1791410001.071409,0.025365,0.634692,-1.553751,0.024502,0.844697,-1.560560,0.127351,0.811628,-1.504560,-0.034897,0.568409,-1.499268,28,28,29,28,28,28,32,27,29,31,28,29
1791410001.091060,0.025395,0.634662,-1.553751,0.024532,0.844727,-1.560528,0.127351,0.811598,-1.504560,-0.034897,0.568409,-1.499268,28,28,29,28,28,28,32,27,29,31,28,29
1791410001.111201,0.025395,0.634631,-1.553783,0.024562,0.844697,-1.560560,0.127351,0.811568,-1.504560,-0.034867,0.568379,-1.499252,28,28,29,28,28,28,32,27,29,31,28,29
1791410001.131128,0.025426,0.634601,-1.553767,0.024562,0.844636,-1.560528,0.127351,0.811598,-1.504575,-0.034867,0.568348,-1.499252,28,28,29,28,28,28,32,27,29,31,28,29
1791410001.151214,0.025456,0.634601,-1.553767,0.024593,0.844606,-1.560528,0.127381,0.811598,-1.504544,-0.034807,0.568318,-1.499268,28,28,29,28,28,28,32,27,29,31,28,29
1791410001.171124,0.025426,0.634631,-1.553767,0.024623,0.844636,-1.560544,0.127411,0.811598,-1.504575,-0.034867,0.568318,-1.499268,28,28,29,28,28,28,32,27,29,31,28,29
1791410001.190958,0.025395,0.634631,-1.553767,0.024562,0.844636,-1.560528,0.127381,0.811598,-1.504560,-0.034837,0.568288,-1.499268,28,28,29,28,28,28,32,27,29,31,28,29
1791410001.211149,0.025395,0.634692,-1.553767,0.024562,0.844606,-1.560544,0.127441,0.811628,-1.504560,-0.034807,0.568318,-1.499252,28,28,29,28,28,28,32,27,29,31,28,29
1791410001.230913,0.025305,0.634692,-1.553751,0.024562,0.844667,-1.560528,0.127411,0.811659,-1.504560,-0.034807,0.568348,-1.499220,28,28,29,28,28,28,32,27,29,31,28,29
1791410001.250981,0.025184,0.634722,-1.553751,0.024502,0.844727,-1.560544,0.127351,0.811689,-1.504560,-0.034837,0.568409,-1.499268,28,28,29,28,28,28,32,27,29,31,28,29
1791410001.271066,0.025153,0.634783,-1.553751,0.024502,0.844818,-1.560560,0.127320,0.811749,-1.504560,-0.034837,0.568439,-1.499268,28,28,29,28,28,28,32,27,29,31,28,29
1791410001.290914,0.025093,0.634813,-1.553751,0.024502,0.844788,-1.560544,0.127351,0.811780,-1.504560,-0.034837,0.568469,-1.499252,28,28,29,28,28,28,32,27,29,31,28,29
1791410001.311070,0.025153,0.634874,-1.553735,0.024472,0.844788,-1.560544,0.127320,0.811749,-1.504560,-0.034867,0.568500,-1.499268,28,28,29,28,28,28,32,27,29,31,28,29
1791410001.331213,0.025123,0.634904,-1.553767,0.024532,0.844818,-1.560560,0.127351,0.811871,-1.504560,-0.034807,0.568530,-1.499268,28,28,29,28,28,28,32,27,29,31,28,29
1791410001.350988,0.025123,0.634964,-1.553767,0.024502,0.844878,-1.560544,0.127381,0.812234,-1.504560,-0.034807,0.568530,-1.499252,28,28,29,28,28,28,32,27,29,31,28,29
1791410001.371065,0.025184,0.634995,-1.553751,0.024532,0.844818,-1.560560,0.127381,0.812446,-1.504560,-0.034837,0.568530,-1.499268,28,28,29,28,28,28,32,27,29,31,28,29
1791410001.391063,0.025153,0.635025,-1.553735,0.024532,0.844818,-1.560560,0.127411,0.812446,-1.504560,-0.034807,0.568530,-1.499268,28,28,29,28,28,28,32,27,29,31,28,29
1791410001.410959,0.025153,0.635055,-1.553751,0.024532,0.844848,-1.560528,0.127472,0.812446,-1.504560,-0.034837,0.568560,-1.499268,28,28,29,28,28,28,32,27,29,31,28,29
1791410001.430936,0.025093,0.635116,-1.553767,0.024502,0.844848,-1.560544,0.127472,0.812476,-1.504560,-0.034807,0.568530,-1.499236,28,28,29,28,28,28,32,27,29,31,28,29
1791410001.451076,0.025123,0.635176,-1.553751,0.024472,0.844848,-1.560544,0.127441,0.812537,-1.504560,-0.034807,0.568530,-1.499252,28,28,29,28,28,28,32,27,29,31,28,29
1791410001.471053,0.025123,0.635207,-1.553751,0.024472,0.844909,-1.560528,0.127411,0.812506,-1.504560,-0.034776,0.568591,-1.499252,28,28,29,28,28,28,32,27,29,31,28,29
1791410001.490984,0.025093,0.635207,-1.553767,0.024441,0.844909,-1.560544,0.127411,0.812476,-1.504560,-0.034837,0.568591,-1.499236,28,28,29,28,28,28,32,27,29,31,28,29
1791410001.510973,0.025032,0.635297,-1.553751,0.024411,0.844909,-1.560544,0.127381,0.812506,-1.504575,-0.034837,0.568591,-1.499252,28,28,29,28,28,28,32,27,29,31,28,29
1791410001.531101,0.025002,0.635237,-1.553751,0.024411,0.844878,-1.560560,0.127351,0.812506,-1.504560,-0.034807,0.568651,-1.499236,28,28,29,28,28,28,32,27,29,31,28,29
1791410001.550908,0.025062,0.635237,-1.553767,0.024411,0.844909,-1.560544,0.127411,0.812506,-1.504560,-0.034837,0.568681,-1.499252,28,28,29,28,28,28,32,27,29,31,28,29
1791410001.570941,0.025062,0.635237,-1.553751,0.024472,0.844848,-1.560544,0.127411,0.812537,-1.504560,-0.034807,0.568621,-1.499252,28,28,29,28,28,28,32,27,29,31,28,29
1791410001.591120,0.025062,0.635237,-1.553751,0.024472,0.844848,-1.560512,0.127472,0.812537,-1.504560,-0.034807,0.568621,-1.499252,28,28,29,28,28,28,32,27,29,31,28,29
1791410001.610950,0.025062,0.635267,-1.553751,0.024472,0.844818,-1.560528,0.127441,0.812506,-1.504560,-0.034776,0.568560,-1.499268,28,28,29,28,28,28,32,27,29,31,28,29
1791410001.631032,0.025093,0.635237,-1.553735,0.024502,0.844818,-1.560528,0.127441,0.812506,-1.504560,-0.034716,0.568591,-1.499252,28,28,29,28,28,28,32,27,29,31,28,29
1791410001.651217,0.025032,0.635267,-1.553751,0.024472,0.844848,-1.560560,0.127441,0.812537,-1.504560,-0.034746,0.568591,-1.499252,28,28,29,28,28,28,32,27,29,31,28,29
1791410001.671126,0.025002,0.635297,-1.553751,0.024502,0.844878,-1.560528,0.127472,0.812506,-1.504560,-0.034776,0.568591,-1.499236,28,28,29,28,28,28,32,27,29,31,28,29
1791410001.691098,0.024972,0.635328,-1.553751,0.024472,0.844878,-1.560544,0.127411,0.812537,-1.504560,-0.034776,0.568651,-1.499268,28,28,29,28,28,28,32,27,29,31,28,29
1791410001.711148,0.024911,0.635328,-1.553767,0.024441,0.844909,-1.560560,0.127441,0.812537,-1.504560,-0.034807,0.568651,-1.499252,28,28,29,28,28,28,32,27,29,31,28,29
1791410001.730969,0.024850,0.635419,-1.553767,0.024381,0.844969,-1.560560,0.127381,0.812537,-1.504560,-0.034776,0.568681,-1.499236,28,28,29,28,28,28,32,27,29,31,28,29
1791410001.751220,0.024850,0.635328,-1.553751,0.024381,0.844939,-1.560512,0.127381,0.812567,-1.504560,-0.034807,0.568712,-1.499236,28,28,29,28,28,28,32,27,29,31,28,29
1791410001.770962,0.024820,0.635328,-1.553735,0.024411,0.844939,-1.560528,0.127441,0.812567,-1.504560,-0.034807,0.568712,-1.499252,28,28,29,28,28,28,32,27,29,31,28,29
1791410001.791254,0.025244,0.634874,-1.556247,0.023987,0.847240,-1.562455,0.127139,0.812809,-1.506661,-0.034474,0.567410,-1.502143,28,28,29,28,28,28,32,27,29,31,28,29
1791410001.811643,0.025910,0.636054,-1.566910,0.022958,0.851842,-1.571333,0.126745,0.814414,-1.517039,-0.033717,0.567531,-1.513627,28,28,29,28,28,28,32,27,29,31,28,29
1791410001.830907,0.025759,0.639688,-1.578995,0.022958,0.857565,-1.583766,0.125655,0.818017,-1.527908,-0.032324,0.570559,-1.524132,28,28,29,28,28,28,32,27,29,31,28,29
1791410001.851078,0.025729,0.643654,-1.596245,0.023321,0.864771,-1.598931,0.124323,0.822286,-1.542330,-0.031658,0.574404,-1.539076,28,28,29,28,28,28,32,27,29,31,28,29
1791410001.871014,0.025698,0.647923,-1.613780,0.023442,0.870796,-1.616181,0.122779,0.826525,-1.557480,-0.031385,0.578491,-1.553720,28,28,29,28,28,28,32,27,29,31,28,29
1791410001.891024,0.026001,0.651466,-1.628692,0.023624,0.876488,-1.630983,0.121446,0.830582,-1.571096,-0.031567,0.582094,-1.566800,28,28,29,28,28,28,32,27,29,31,28,29
1791410001.911027,0.026334,0.654342,-1.642167,0.023654,0.881393,-1.644426,0.119569,0.834851,-1.585756,-0.031870,0.585819,-1.580575,28,28,29,28,28,28,32,27,29,31,28,29
1791410001.931091,0.026849,0.656916,-1.653872,0.023715,0.886026,-1.656716,0.117904,0.839151,-1.601600,-0.032263,0.589512,-1.595834,28,28,29,28,28,28,32,27,29,31,28,29
1791410001.951083,0.027242,0.658944,-1.666399,0.023866,0.890083,-1.669749,0.116329,0.843813,-1.617492,-0.032627,0.593358,-1.610794,28,28,29,28,28,28,32,27,29,31,28,29
1791410001.971080,0.027545,0.661336,-1.678848,0.023927,0.894413,-1.683065,0.114634,0.848809,-1.632278,-0.033111,0.597263,-1.624553,28,28,29,28,28,28,32,27,29,31,28,29
1791410001.991009,0.027909,0.663667,-1.690316,0.024017,0.898651,-1.696145,0.113211,0.853805,-1.648059,-0.033535,0.600685,-1.639450,28,28,29,28,28,28,32,27,29,31,28,29
1791410002.011074,0.028151,0.665878,-1.701643,0.024017,0.902951,-1.708451,0.111758,0.858891,-1.662593,-0.034019,0.604076,-1.653114,28,28,29,28,28,28,32,27,29,31,28,29
1791410002.030966,0.028514,0.668512,-1.714564,0.024078,0.907765,-1.720473,0.110607,0.863887,-1.678405,-0.034292,0.608072,-1.667869,28,28,29,28,28,28,32,27,29,31,28,29
1791410002.051020,0.028696,0.671267,-1.726381,0.024139,0.912367,-1.732305,0.109093,0.868944,-1.692796,-0.034625,0.611978,-1.681154,28,28,29,28,28,28,32,27,29,31,28,29
1791410002.071047,0.028998,0.674779,-1.739255,0.024139,0.917242,-1.744737,0.107731,0.874848,-1.706350,-0.034837,0.617035,-1.694297,28,28,29,28,28,28,32,27,29,31,28,29
1791410002.090976,0.029301,0.678625,-1.751403,0.024199,0.922722,-1.756490,0.106247,0.880298,-1.720583,-0.034988,0.622212,-1.707961,28,28,29,28,28,28,32,27,29,31,28,29
1791410002.111110,0.029574,0.683015,-1.764120,0.024351,0.928475,-1.768306,0.104491,0.886020,-1.735116,-0.035140,0.627753,-1.721341,28,28,29,28,28,28,32,27,29,31,28,29
1791410002.131079,0.029967,0.687799,-1.776425,0.024441,0.934651,-1.779537,0.102705,0.891773,-1.747817,-0.035200,0.633233,-1.735385,28,28,29,28,28,28,32,27,29,31,28,29
1791410002.151156,0.030210,0.693037,-1.788368,0.024502,0.941373,-1.790106,0.100676,0.897132,-1.759539,-0.035079,0.638774,-1.747043,28,28,29,28,28,28,32,27,29,31,28,29
1791410002.171125,0.030088,0.698154,-1.801669,0.024472,0.948095,-1.801780,0.098557,0.903551,-1.772713,-0.034958,0.645102,-1.759633,28,28,29,28,28,28,32,27,29,31,28,29
1791410002.191091,0.030179,0.702998,-1.814923,0.024381,0.955301,-1.813612,0.096679,0.909667,-1.784213,-0.034807,0.651702,-1.771908,28,28,29,28,28,28,32,27,29,31,28,29
1791410002.211015,0.030331,0.708357,-1.827465,0.024411,0.962386,-1.824780,0.094802,0.915510,-1.795872,-0.034625,0.658242,-1.784008,28,28,29,28,28,28,32,27,29,31,28,29
1791410002.231079,0.030422,0.714685,-1.840340,0.024351,0.969319,-1.837086,0.092864,0.921839,-1.807324,-0.034231,0.665297,-1.795556,28,28,29,28,28,28,32,27,29,31,28,29
1791410002.251078,0.030422,0.720196,-1.853641,0.024320,0.975799,-1.847764,0.091078,0.927561,-1.819520,-0.033989,0.672533,-1.807782,28,28,29,28,28,28,32,27,29,31,28,29
1791410002.271137,0.030422,0.725676,-1.866547,0.024199,0.982853,-1.859186,0.088928,0.933253,-1.830593,-0.033172,0.679588,-1.819662,28,28,29,28,28,28,32,27,29,31,28,29
1791410002.291087,0.030210,0.731580,-1.879469,0.023896,0.989847,-1.871571,0.086869,0.939914,-1.842615,-0.031082,0.686582,-1.831320,28,28,29,28,28,28,32,27,29,31,28,29
1791410002.311130,0.029695,0.736576,-1.893513,0.023200,0.996478,-1.882818,0.083963,0.945546,-1.854905,-0.026934,0.694515,-1.841888,28,28,29,28,28,28,32,27,29,31,28,29
1791410002.331043,0.028938,0.741935,-1.906719,0.022231,1.003624,-1.895092,0.080208,0.951601,-1.867021,-0.020879,0.703628,-1.853041,28,28,29,28,28,28,32,27,29,31,28,29
1791410002.350989,0.027818,0.746719,-1.921173,0.020717,1.010648,-1.905961,0.075273,0.956930,-1.880559,-0.012068,0.713620,-1.864336,28,28,29,28,28,28,32,27,29,31,28,29
1791410002.371217,0.026304,0.750413,-1.935912,0.018901,1.017521,-1.919072,0.069581,0.962259,-1.894460,-0.003288,0.723823,-1.873877,28,28,29,28,28,28,32,27,29,31,28,29
1791410002.391077,0.025819,0.753471,-1.950492,0.017841,1.024636,-1.931757,0.063859,0.966680,-1.908662,0.003434,0.733482,-1.885298,28,28,29,28,28,28,32,27,29,31,28,29
1791410002.410989,0.025607,0.756165,-1.965168,0.016963,1.031116,-1.944079,0.057773,0.971463,-1.922500,0.010367,0.743383,-1.896656,28,28,29,28,28,28,32,27,29,31,28,29
1791410002.431248,0.025184,0.758497,-1.977726,0.015933,1.037444,-1.956290,0.051142,0.975309,-1.936307,0.017634,0.752133,-1.908314,28,28,29,28,28,28,32,27,29,31,28,29
1791410002.451104,0.024729,0.761191,-1.990222,0.014995,1.044074,-1.969149,0.044027,0.978821,-1.950840,0.024992,0.760913,-1.920130,28,28,29,28,28,28,32,27,29,31,28,29
1791410002.471080,0.024094,0.763735,-2.002449,0.014117,1.049948,-1.981644,0.037517,0.982696,-1.965626,0.030472,0.770421,-1.932958,28,28,29,28,28,28,32,27,29,31,28,29
1791410002.491117,0.023972,0.767035,-2.015102,0.013844,1.055610,-1.993697,0.032128,0.986209,-1.981123,0.033166,0.776930,-1.947317,28,28,29,28,28,28,32,27,29,31,28,29
1791410002.511167,0.023882,0.770699,-2.026018,0.013965,1.061484,-2.006493,0.027314,0.989539,-1.995324,0.035104,0.782774,-1.962561,28,28,29,28,28,28,32,27,29,31,28,29
1791410002.531021,0.023488,0.774877,-2.036649,0.013965,1.066086,-2.019383,0.023832,0.993475,-2.008941,0.037163,0.788738,-1.977126,28,28,29,28,28,28,32,27,29,31,28,29
1791410002.551057,0.022489,0.779176,-2.047517,0.014026,1.070386,-2.031531,0.021076,0.997230,-2.023838,0.039737,0.793916,-1.992244,28,28,29,28,28,28,32,27,29,31,28,29
1791410002.571449,0.021520,0.784899,-2.057785,0.014056,1.074534,-2.044105,0.018109,1.001196,-2.037360,0.041886,0.798912,-2.005924,28,28,29,28,28,28,32,27,29,31,28,29
1791410002.591095,0.019552,0.792771,-2.068764,0.014389,1.078530,-2.056253,0.015869,1.004678,-2.052257,0.043582,0.803453,-2.020410,28,28,29,28,28,28,32,27,29,31,28,29
1791410002.611134,0.018250,0.800340,-2.079711,0.014783,1.083042,-2.068606,0.012750,1.007978,-2.065605,0.045701,0.808570,-2.033821,28,28,29,28,28,28,32,27,29,31,28,29
1791410002.631102,0.017251,0.805760,-2.091228,0.014904,1.087492,-2.080027,0.008723,1.011460,-2.080833,0.049123,0.815413,-2.048118,28,28,29,28,28,28,32,27,29,31,28,29
1791410002.651095,0.015797,0.811604,-2.103533,0.014813,1.091792,-2.091607,0.004151,1.014881,-2.095998,0.054512,0.823679,-2.061008,28,28,29,28,28,28,32,27,29,31,28,29
1791410002.671054,0.014314,0.819173,-2.116692,0.014692,1.096515,-2.103565,-0.001753,1.018030,-2.111021,0.061506,0.832156,-2.072445,28,28,29,28,28,28,32,27,29,31,28,29
1791410002.691052,0.013254,0.824865,-2.129946,0.014419,1.100996,-2.115476,-0.008717,1.020967,-2.125712,0.069166,0.841512,-2.083550,28,28,29,28,28,28,32,27,29,31,28,29
1791410002.710945,0.012316,0.830406,-2.143310,0.014298,1.105447,-2.127418,-0.016740,1.024207,-2.140830,0.076433,0.851019,-2.094782,28,28,29,28,28,28,32,27,29,31,28,29
1791410002.731031,0.011649,0.835947,-2.156769,0.014783,1.111018,-2.140561,-0.023220,1.027416,-2.155205,0.079582,0.857953,-2.108904,28,28,29,28,28,28,32,27,29,31,28,29
1791410002.751040,0.011256,0.841730,-2.168664,0.015691,1.116014,-2.153799,-0.027913,1.030595,-2.168269,0.081187,0.864099,-2.123690,28,28,29,28,28,28,32,27,29,31,28,29
1791410002.771140,0.010499,0.847997,-2.181713,0.016327,1.120434,-2.166279,-0.032030,1.033472,-2.182534,0.083579,0.870246,-2.139124,28,28,29,28,28,28,32,27,29,31,28,29
1791410002.791278,0.009469,0.855415,-2.193655,0.016418,1.124279,-2.178522,-0.036754,1.036893,-2.197020,0.086576,0.876271,-2.154068,28,28,29,28,28,28,32,27,29,31,28,29
1791410002.811235,0.007744,0.862439,-2.204808,0.016599,1.127731,-2.190101,-0.041235,1.040436,-2.212880,0.090209,0.881721,-2.168001,28,28,29,28,28,28,32,27,29,31,28,29
1791410002.831203,0.006745,0.868586,-2.215708,0.016811,1.130971,-2.202738,-0.045686,1.044069,-2.226971,0.094024,0.887171,-2.182882,28,28,29,28,28,28,32,27,29,31,28,29
1791410002.851081,0.005412,0.875731,-2.228092,0.017235,1.134453,-2.214839,-0.049713,1.047218,-2.242183,0.097960,0.893135,-2.196451,28,28,29,28,28,28,32,27,29,31,28,29
1791410002.871013,0.003414,0.884270,-2.240114,0.017629,1.137450,-2.227318,-0.054103,1.050336,-2.256527,0.103289,0.900796,-2.211427,28,28,29,28,28,28,32,27,29,31,28,29
1791410002.891164,0.002021,0.890749,-2.251361,0.018598,1.139328,-2.239735,-0.059795,1.053727,-2.270539,0.107346,0.907759,-2.225328,28,28,29,28,28,28,32,27,29,31,28,29
1791410002.911024,0.000810,0.897561,-2.263699,0.019627,1.143687,-2.251662,-0.065003,1.056785,-2.284377,0.109708,0.913815,-2.241157,28,28,29,28,28,28,32,27,29,31,28,29
1791410002.930993,-0.000250,0.905010,-2.275183,0.020202,1.148259,-2.264836,-0.069211,1.059571,-2.297757,0.111767,0.919174,-2.256606,28,28,29,28,28,28,32,27,29,31,28,29
1791410002.951113,-0.001158,0.911489,-2.286968,0.020354,1.152680,-2.277679,-0.073359,1.062599,-2.311501,0.115007,0.925532,-2.271234,28,28,29,28,28,28,32,27,29,31,28,29
1791410002.971097,-0.002248,0.917847,-2.298105,0.020505,1.157131,-2.289922,-0.077144,1.066383,-2.325275,0.118640,0.931982,-2.285499,28,28,29,28,28,28,32,27,29,31,28,29
1791410002.991310,-0.003277,0.924266,-2.309937,0.020687,1.161672,-2.302433,-0.081201,1.070501,-2.337818,0.122546,0.938188,-2.298342,28,28,29,28,28,28,32,27,29,31,28,29
1791410003.010977,-0.004670,0.931926,-2.320931,0.020929,1.166123,-2.315039,-0.085773,1.074437,-2.351198,0.126936,0.944759,-2.312417,28,28,29,28,28,28,32,27,29,31,28,29
1791410003.031207,-0.006245,0.940101,-2.333442,0.021171,1.168545,-2.327613,-0.090799,1.077949,-2.364721,0.132446,0.952419,-2.324865,28,28,29,28,28,28,32,27,29,31,28,29
1791410003.051165,-0.008334,0.947792,-2.345448,0.022867,1.166668,-2.337866,-0.097127,1.081492,-2.377563,0.137654,0.961199,-2.337408,28,28,29,28,28,28,32,27,29,31,28,29
1791410003.071203,-0.009484,0.954725,-2.358970,0.025259,1.167607,-2.350156,-0.103092,1.085640,-2.391196,0.141015,0.969253,-2.351104,28,28,29,28,28,28,32,27,29,31,28,29
1791410003.090944,-0.010998,0.960781,-2.371782,0.027651,1.168273,-2.362604,-0.110025,1.090424,-2.404102,0.145314,0.977882,-2.365084,28,28,29,28,28,28,32,27,29,31,28,29
1791410003.111103,-0.012633,0.967200,-2.385241,0.029467,1.169211,-2.376205,-0.115929,1.096540,-2.416661,0.150371,0.986723,-2.378811,28,28,29,28,28,28,32,27,29,31,28,29
1791410003.131152,-0.014268,0.973346,-2.397373,0.030618,1.172118,-2.390375,-0.121379,1.103019,-2.429804,0.154912,0.993808,-2.393202,28,28,29,28,28,28,32,27,29,31,28,29
1791410003.151011,-0.015843,0.978796,-2.410642,0.031224,1.176811,-2.404529,-0.125860,1.108832,-2.441478,0.159091,1.001438,-2.407878,28,28,29,28,28,28,32,27,29,31,28,29
1791410003.171203,-0.017084,0.984609,-2.423327,0.031254,1.181716,-2.419109,-0.130887,1.114494,-2.454068,0.164631,1.009552,-2.419457,28,28,29,28,28,28,32,27,29,31,28,29
1791410003.191237,-0.018840,0.990937,-2.435680,0.031102,1.186863,-2.432884,-0.136730,1.119944,-2.465537,0.169839,1.017182,-2.432790,28,28,29,28,28,28,32,27,29,31,28,29
1791410003.211162,-0.020233,0.997235,-2.448097,0.031557,1.191950,-2.447370,-0.142210,1.125849,-2.477479,0.174229,1.023965,-2.445885,28,28,29,28,28,28,32,27,29,31,28,29
1791410003.231106,-0.021262,1.003775,-2.461603,0.032314,1.195977,-2.460482,-0.147691,1.131359,-2.489343,0.178105,1.031746,-2.459534,28,28,29,28,28,28,32,27,29,31,28,29
1791410003.251148,-0.022564,1.010739,-2.473862,0.033070,1.199368,-2.473388,-0.152838,1.136597,-2.502328,0.181890,1.038407,-2.473735,28,28,29,28,28,28,32,27,29,31,28,29
1791410003.271155,-0.023594,1.018974,-2.486499,0.034584,1.201306,-2.485504,-0.158802,1.141593,-2.514334,0.186219,1.044856,-2.486863,28,28,29,28,28,28,32,27,29,31,28,29
1791410003.291056,-0.024532,1.027331,-2.499563,0.036189,1.203213,-2.498189,-0.164131,1.146346,-2.527714,0.189732,1.051335,-2.501048,28,28,29,28,28,28,32,27,29,31,28,29
1791410003.311148,-0.025441,1.033689,-2.512233,0.037218,1.205666,-2.511174,-0.169551,1.151160,-2.540651,0.193910,1.058451,-2.514760,28,28,29,28,28,28,32,27,29,31,28,29
1791410003.331215,-0.026409,1.039321,-2.524617,0.038097,1.208088,-2.523669,-0.175425,1.155823,-2.553779,0.198300,1.066262,-2.528883,28,28,29,28,28,28,32,27,29,31,28,29
1791410003.351082,-0.027257,1.045982,-2.537824,0.039096,1.209814,-2.535596,-0.180845,1.160728,-2.567554,0.202509,1.072560,-2.544048,28,28,29,28,28,28,32,27,29,31,28,29
1791410003.371159,-0.028014,1.053551,-2.550209,0.040428,1.212781,-2.548013,-0.187263,1.166360,-2.580175,0.207202,1.079130,-2.558549,28,28,29,28,28,28,32,27,29,31,28,29
1791410003.390998,-0.028862,1.059667,-2.562230,0.041609,1.215930,-2.561582,-0.192683,1.172627,-2.593018,0.211259,1.086094,-2.572593,28,28,29,28,28,28,32,27,29,31,28,29
1791410003.411215,-0.030043,1.065632,-2.574994,0.043153,1.218291,-2.573936,-0.198163,1.178531,-2.605877,0.215346,1.093058,-2.586715,28,28,29,28,28,28,32,27,29,31,28,29
1791410003.431053,-0.031345,1.072778,-2.587489,0.044213,1.222439,-2.586621,-0.204340,1.185041,-2.617946,0.219222,1.100355,-2.600696,28,28,29,28,28,28,32,27,29,31,28,29
1791410003.451134,-0.032525,1.079650,-2.599590,0.045212,1.226375,-2.598752,-0.210456,1.191430,-2.629573,0.223067,1.106955,-2.613981,28,28,29,28,28,28,32,27,29,31,28,29
1791410003.471198,-0.034009,1.085827,-2.611516,0.046090,1.229948,-2.612354,-0.215815,1.198333,-2.641294,0.227185,1.115372,-2.626618,28,28,29,28,28,28,32,27,29,31,28,29
1791410003.491190,-0.036946,1.095909,-2.624517,0.047119,1.232431,-2.624612,-0.220569,1.204449,-2.653094,0.232726,1.124395,-2.637976,28,28,29,28,28,28,32,27,29,31,28,29
1791410003.511063,-0.039096,1.107052,-2.635370,0.047906,1.234520,-2.636887,-0.225353,1.211049,-2.661783,0.237843,1.133206,-2.647913,28,28,29,28,28,28,32,27,29,31,28,29
1791410003.531056,-0.041306,1.116771,-2.647786,0.049027,1.237487,-2.648671,-0.230712,1.217317,-2.670376,0.242414,1.142138,-2.658513,28,28,29,28,28,28,32,27,29,31,28,29
1791410003.551128,-0.043940,1.126036,-2.659286,0.050268,1.241060,-2.661309,-0.235919,1.224160,-2.678417,0.246986,1.151160,-2.669223,28,28,29,28,28,28,32,27,29,31,28,29
1791410003.571053,-0.046393,1.136693,-2.671482,0.051237,1.244663,-2.675447,-0.241218,1.231759,-2.686031,0.251770,1.160758,-2.679933,28,28,28,28,28,28,32,27,29,31,28,29
1791410003.591069,-0.048996,1.146836,-2.682524,0.051873,1.247933,-2.689017,-0.246607,1.238481,-2.694324,0.257705,1.169115,-2.690659,28,28,29,28,28,28,32,27,29,31,28,29
1791410003.611152,-0.051388,1.157070,-2.694403,0.052630,1.251354,-2.702649,-0.252027,1.244264,-2.702871,0.263639,1.178501,-2.701859,28,28,29,28,28,28,32,27,29,31,28,29
1791410003.631048,-0.053568,1.167122,-2.705619,0.053689,1.254473,-2.715650,-0.258113,1.249956,-2.711369,0.269816,1.187554,-2.711717,28,28,29,28,28,28,32,27,29,31,28,29
1791410003.651157,-0.056414,1.177477,-2.717214,0.054658,1.257440,-2.729172,-0.263139,1.255890,-2.720800,0.275508,1.197364,-2.722601,28,28,29,28,28,28,32,27,29,31,28,29
1791410003.671209,-0.059049,1.188710,-2.729188,0.055446,1.261497,-2.741857,-0.268437,1.261371,-2.729741,0.280716,1.207023,-2.732553,28,28,29,28,28,28,32,27,29,31,28,29
1791410003.691075,-0.061410,1.198641,-2.740309,0.056051,1.265766,-2.753989,-0.274099,1.266669,-2.738303,0.286529,1.215561,-2.742821,28,28,29,28,28,28,32,27,29,31,28,29
1791410003.711098,-0.063439,1.208935,-2.750972,0.056687,1.269551,-2.766232,-0.279156,1.272301,-2.746312,0.292070,1.224765,-2.752520,28,28,29,28,28,28,32,27,29,31,28,29
1791410003.731321,-0.071281,1.211812,-2.762599,0.060774,1.280088,-2.781555,-0.281154,1.280991,-2.757370,0.303454,1.226279,-2.767117,28,28,29,28,28,28,32,27,29,31,28,29
1791410003.751186,-0.077306,1.216475,-2.772551,0.064589,1.291321,-2.797020,-0.281154,1.291981,-2.768175,0.315868,1.229852,-2.777258,28,28,29,28,28,28,32,27,29,31,28,29
1791410003.771226,-0.077033,1.217292,-2.777811,0.062894,1.298375,-2.807636,-0.281124,1.301610,-2.774147,0.331642,1.242780,-2.784414,28,28,29,28,28,28,32,27,29,31,28,29
1791410003.791123,-0.078608,1.217504,-2.777622,0.063378,1.300041,-2.807573,-0.285393,1.301731,-2.774620,0.342512,1.248957,-2.785568,28,28,29,28,28,28,32,27,29,31,28,29
1791410003.811194,-0.079213,1.219805,-2.777606,0.062621,1.300707,-2.807604,-0.292902,1.301458,-2.779107,0.352261,1.256496,-2.788111,28,28,29,28,28,28,32,27,29,31,28,29
1791410003.831199,-0.079849,1.222530,-2.777622,0.062288,1.301433,-2.807589,-0.299411,1.301307,-2.783056,0.361012,1.263430,-2.790354,28,28,29,28,28,28,32,27,29,31,28,29
1791410003.851250,-0.080273,1.224650,-2.777559,0.061804,1.301464,-2.807589,-0.304649,1.301216,-2.786041,0.370852,1.269182,-2.791381,28,28,29,28,28,28,32,27,29,31,28,29
1791410003.870995,-0.080364,1.226678,-2.777479,0.060774,1.301342,-2.807557,-0.310887,1.300671,-2.787921,0.380904,1.274874,-2.792234,28,28,29,28,28,28,32,27,29,31,28,29
1791410003.891180,-0.080455,1.227768,-2.777448,0.059442,1.301191,-2.807541,-0.313612,1.298673,-2.788648,0.383205,1.275934,-2.792423,28,28,29,28,28,28,32,27,29,31,28,29
1791410003.911181,-0.080425,1.228162,-2.777464,0.058988,1.301221,-2.807557,-0.314157,1.298249,-2.788648,0.383144,1.275904,-2.792455,28,28,29,28,28,28,32,27,29,31,28,29
1791410003.931152,-0.080425,1.228162,-2.777464,0.058716,1.301161,-2.807541,-0.314157,1.298249,-2.788664,0.383175,1.275874,-2.792455,28,28,29,28,28,28,32,27,29,31,28,29
1791410003.951171,-0.080455,1.228162,-2.777464,0.058443,1.301191,-2.807557,-0.314157,1.298218,-2.788664,0.383175,1.275874,-2.792471,28,28,29,28,28,28,32,27,29,31,28,29
1791410003.971141,-0.080455,1.228253,-2.777464,0.058352,1.301191,-2.807557,-0.314187,1.298218,-2.788664,0.383205,1.275874,-2.792518,28,28,29,28,28,28,32,27,29,31,28,29
1791410003.991077,-0.080455,1.228192,-2.777479,0.058231,1.301191,-2.807557,-0.314187,1.298249,-2.788664,0.383175,1.275843,-2.792550,28,28,29,28,28,28,32,27,29,31,28,29
1791410004.011056,-0.080455,1.228222,-2.777464,0.058140,1.301221,-2.807541,-0.314157,1.298218,-2.788695,0.383205,1.275843,-2.792518,28,28,29,28,28,28,32,27,29,31,28,29
1791410004.031132,-0.080394,1.228253,-2.777464,0.058080,1.301221,-2.807541,-0.314187,1.298249,-2.788695,0.383205,1.275843,-2.792550,28,28,29,28,28,28,32,27,29,31,28,29
1791410004.051197,-0.080455,1.228222,-2.777448,0.058049,1.301191,-2.807557,-0.314217,1.298218,-2.788695,0.383205,1.275843,-2.792566,28,28,29,28,28,28,32,27,29,31,28,29
1791410004.071120,-0.080425,1.228192,-2.777464,0.057989,1.301161,-2.807557,-0.314157,1.298249,-2.788680,0.383205,1.275874,-2.792550,28,28,29,28,28,28,32,27,29,31,28,29
1791410004.090955,-0.080455,1.228253,-2.777464,0.057928,1.301221,-2.807557,-0.314126,1.298218,-2.788695,0.383175,1.275813,-2.792566,28,28,29,28,28,28,32,27,29,31,28,29
1791410004.111071,-0.080425,1.228222,-2.777479,0.057898,1.301221,-2.807557,-0.314187,1.298249,-2.788695,0.383175,1.275843,-2.792566,28,28,29,28,28,28,32,27,29,31,28,29
1791410004.131199,-0.080425,1.228192,-2.777464,0.057898,1.301191,-2.807573,-0.314157,1.298218,-2.788711,0.383175,1.275874,-2.792566,28,28,29,28,28,28,32,27,29,31,28,29
1791410004.151010,-0.080455,1.228253,-2.777464,0.057868,1.301221,-2.807573,-0.314187,1.298249,-2.788711,0.383235,1.275874,-2.792581,28,28,29,28,28,28,32,27,29,31,28,29
1791410004.171236,-0.080425,1.228253,-2.777464,0.057837,1.301221,-2.807573,-0.314217,1.298218,-2.788695,0.383205,1.275874,-2.792597,28,28,29,28,28,28,32,27,29,31,28,29
1791410004.191363,-0.080455,1.228222,-2.777448,0.057807,1.301221,-2.807541,-0.314187,1.298218,-2.788695,0.383205,1.275843,-2.792581,28,28,29,28,28,28,32,27,29,31,28,29
1791410004.211183,-0.080425,1.228222,-2.777464,0.057807,1.301191,-2.807557,-0.314187,1.298249,-2.788711,0.383175,1.275874,-2.792581,28,28,29,28,28,28,32,27,29,31,28,29
1791410004.231182,-0.080425,1.228222,-2.777464,0.057716,1.301221,-2.807573,-0.314157,1.298218,-2.788711,0.383235,1.275843,-2.792581,28,28,29,28,28,28,32,27,29,31,28,29
1791410004.251439,-0.080455,1.228222,-2.777464,0.057716,1.301221,-2.807557,-0.314247,1.298218,-2.788727,0.383175,1.275843,-2.792597,28,28,29,28,28,28,32,27,29,31,28,29
1791410004.271281,-0.080425,1.228253,-2.777464,0.057716,1.301191,-2.807541,-0.314187,1.298249,-2.788743,0.383235,1.275874,-2.792597,28,28,29,28,28,28,32,27,29,31,28,29
1791410004.291167,-0.080425,1.228192,-2.777464,0.057656,1.301161,-2.807573,-0.314217,1.298218,-2.788695,0.383175,1.275874,-2.792581,28,28,29,28,28,28,32,27,29,31,28,29
1791410004.311364,-0.080455,1.228222,-2.777464,0.057656,1.301191,-2.807541,-0.314187,1.298218,-2.788727,0.383205,1.275874,-2.792629,28,28,29,28,28,28,32,27,29,31,28,29
1791410004.331269,-0.080455,1.228192,-2.777479,0.057595,1.301191,-2.807557,-0.314217,1.298218,-2.788727,0.383205,1.275843,-2.792597,28,28,29,28,28,28,32,27,29,31,28,29
1791410004.351256,-0.080425,1.228222,-2.777464,0.057565,1.301191,-2.807541,-0.314217,1.298188,-2.788711,0.383266,1.275874,-2.792597,28,28,29,28,28,28,32,27,29,31,28,29
1791410004.371138,-0.080425,1.228222,-2.777464,0.057565,1.301191,-2.807557,-0.314187,1.298218,-2.788711,0.383205,1.275843,-2.792597,28,28,29,28,28,28,32,27,29,31,28,29
1791410004.391272,-0.080394,1.228222,-2.777464,0.057504,1.301221,-2.807557,-0.314217,1.298218,-2.788711,0.383235,1.275843,-2.792613,28,28,29,28,28,28,32,27,29,31,28,29
1791410004.411184,-0.080425,1.228192,-2.777464,0.057504,1.301221,-2.807557,-0.314187,1.298188,-2.788711,0.383205,1.275874,-2.792613,28,28,29,28,28,28,32,27,29,31,28,29
1791410004.431284,-0.080425,1.228253,-2.777464,0.057474,1.301191,-2.807557,-0.314217,1.298218,-2.788727,0.383175,1.275874,-2.792613,28,28,29,28,28,28,32,27,29,31,28,29
1791410004.451296,-0.080425,1.228192,-2.777479,0.057414,1.301191,-2.807557,-0.314187,1.298218,-2.788711,0.383205,1.275843,-2.792613,28,28,29,28,28,28,32,27,29,31,28,29
1791410004.471313,-0.080425,1.228222,-2.777464,0.057383,1.301221,-2.807557,-0.314157,1.298218,-2.788711,0.383205,1.275843,-2.792613,28,28,29,28,28,28,32,27,29,31,28,29
1791410004.491309,-0.080455,1.228253,-2.777479,0.057353,1.301221,-2.807557,-0.314187,1.298249,-2.788711,0.383205,1.275874,-2.792645,28,28,29,28,28,28,32,27,29,31,28,29
1791410004.511247,-0.080425,1.228222,-2.777464,0.057323,1.301221,-2.807573,-0.314187,1.298218,-2.788711,0.383205,1.275813,-2.792629,28,28,29,28,28,28,32,27,29,31,28,29
1791410004.531134,-0.080425,1.228253,-2.777479,0.057292,1.301191,-2.807557,-0.314157,1.298218,-2.788711,0.383175,1.275843,-2.792629,28,28,29,28,28,28,32,27,29,31,28,29
1791410004.551224,-0.080425,1.228222,-2.777464,0.057292,1.301221,-2.807557,-0.314217,1.298218,-2.788727,0.383205,1.275843,-2.792613,28,28,29,28,28,28,32,27,29,31,28,29
1791410004.571201,-0.080425,1.228222,-2.777464,0.057232,1.301221,-2.807573,-0.314187,1.298218,-2.788711,0.383205,1.275843,-2.792629,28,28,29,28,28,28,32,27,29,31,28,29
1791410004.591236,-0.080425,1.228222,-2.777448,0.057202,1.301221,-2.807573,-0.314187,1.298218,-2.788727,0.383235,1.275874,-2.792613,28,28,29,28,28,28,32,27,29,31,28,29
1791410004.611249,-0.080425,1.228192,-2.777479,0.057171,1.301191,-2.807573,-0.314157,1.298218,-2.788727,0.383205,1.275843,-2.792645,28,28,29,28,28,28,32,27,29,31,28,29
1791410004.631168,-0.080425,1.228192,-2.777464,0.057141,1.301221,-2.807557,-0.314187,1.298188,-2.788727,0.383205,1.275843,-2.792645,28,28,29,28,28,28,32,27,29,31,28,29
1791410004.651250,-0.080455,1.228192,-2.777464,0.057081,1.301191,-2.807557,-0.314187,1.298218,-2.788727,0.383266,1.275843,-2.792629,28,28,29,28,28,28,32,27,29,31,28,29
1791410004.671283,-0.080425,1.228222,-2.777464,0.057020,1.301221,-2.807557,-0.314187,1.298218,-2.788727,0.383205,1.275843,-2.792660,28,28,29,28,28,28,32,27,29,31,28,29
1791410004.691196,-0.080455,1.228253,-2.777464,0.057020,1.301191,-2.807573,-0.314187,1.298218,-2.788711,0.383205,1.275843,-2.792645,28,28,29,28,28,28,32,27,29,31,28,29
1791410004.711297,-0.080455,1.228192,-2.777464,0.056959,1.301221,-2.807541,-0.314187,1.298188,-2.788727,0.383235,1.275843,-2.792660,28,28,29,28,28,28,32,27,29,31,28,29
1791410004.731205,-0.080425,1.228222,-2.777464,0.056929,1.301221,-2.807557,-0.314217,1.298188,-2.788711,0.383205,1.275843,-2.792676,28,28,29,28,28,28,32,27,29,31,28,29
1791410004.751109,-0.080485,1.228222,-2.777464,0.056899,1.301191,-2.807573,-0.314217,1.298188,-2.788727,0.383235,1.275843,-2.792676,28,28,29,28,28,28,32,27,29,31,28,29
1791410004.771321,-0.080455,1.228192,-2.777464,0.056838,1.301221,-2.807557,-0.314217,1.298218,-2.788711,0.383205,1.275843,-2.792660,28,28,29,28,28,28,32,27,29,31,28,29
1791410004.791230,-0.080425,1.228192,-2.777464,0.056808,1.301252,-2.807589,-0.314187,1.298218,-2.788743,0.383205,1.275843,-2.792676,28,28,29,28,28,28,32,27,29,31,28,29
1791410004.811250,-0.080425,1.228222,-2.777479,0.056778,1.301252,-2.807573,-0.314217,1.298218,-2.788743,0.383205,1.275843,-2.792676,28,28,29,28,28,28,32,27,29,31,28,29
1791410004.831279,-0.080394,1.228222,-2.777479,0.056747,1.301221,-2.807557,-0.314187,1.298218,-2.788743,0.383205,1.275843,-2.792692,28,28,29,28,28,28,32,27,29,31,28,29
1791410004.851267,-0.080425,1.228192,-2.777479,0.056717,1.301221,-2.807573,-0.314187,1.298218,-2.788743,0.383235,1.275843,-2.792676,28,28,29,28,28,28,32,27,29,31,28,29
1791410004.871196,-0.080425,1.228253,-2.777464,0.056687,1.301221,-2.807589,-0.314187,1.298188,-2.788759,0.383266,1.275843,-2.792708,28,28,29,28,28,28,32,27,29,31,28,29
1791410004.891295,-0.080425,1.228192,-2.777464,0.056657,1.301191,-2.807589,-0.314187,1.298218,-2.788743,0.383205,1.275843,-2.792692,28,28,29,28,28,28,32,27,29,31,28,29
1791410004.911389,-0.080394,1.228222,-2.777464,0.056596,1.301221,-2.807557,-0.314217,1.298188,-2.788743,0.383205,1.275843,-2.792708,28,28,29,28,28,28,32,27,29,31,28,29
1791410004.931202,-0.080425,1.228192,-2.777464,0.056536,1.301191,-2.807557,-0.314217,1.298188,-2.788711,0.383235,1.275813,-2.792708,28,28,29,28,28,28,32,27,29,31,28,29
1791410004.951390,-0.080425,1.228192,-2.777464,0.056505,1.301221,-2.807573,-0.314187,1.298218,-2.788743,0.383205,1.275813,-2.792708,28,28,29,28,28,28,32,27,29,31,28,29
1791410004.971415,-0.080485,1.228222,-2.777479,0.056475,1.301252,-2.807557,-0.314187,1.298188,-2.788743,0.383205,1.275874,-2.792724,28,28,29,28,28,28,32,27,29,31,28,29
1791410004.991096,-0.080455,1.228192,-2.777464,0.056445,1.301191,-2.807557,-0.314217,1.298188,-2.788759,0.383235,1.275813,-2.792708,28,28,29,28,28,28,32,27,29,31,28,29
1791410005.011335,-0.080455,1.228253,-2.777464,0.056384,1.301221,-2.807557,-0.314247,1.298218,-2.788743,0.383235,1.275843,-2.792724,28,28,29,28,28,28,32,27,29,31,28,29
1791410005.031215,-0.080394,1.228222,-2.777464,0.056384,1.301191,-2.807573,-0.314187,1.298188,-2.788743,0.383205,1.275843,-2.792708,28,28,29,28,28,28,32,27,29,31,28,29
1791410005.051244,-0.080455,1.228222,-2.777464,0.056354,1.301221,-2.807541,-0.314157,1.298218,-2.788743,0.383205,1.275843,-2.792708,28,28,29,28,28,28,32,27,29,31,28,29
1791410005.071200,-0.080455,1.228253,-2.777479,0.056354,1.301221,-2.807557,-0.314187,1.298218,-2.788743,0.383235,1.275843,-2.792724,28,28,29,28,28,28,32,27,29,31,28,29
1791410005.091207,-0.080425,1.228222,-2.777495,0.056354,1.301221,-2.807573,-0.314187,1.298218,-2.788743,0.383235,1.275843,-2.792724,28,28,29,28,28,28,32,27,29,31,28,29
1791410005.111258,-0.080455,1.228222,-2.777464,0.056293,1.301191,-2.807573,-0.314187,1.298188,-2.788759,0.383205,1.275874,-2.792739,28,28,29,28,28,28,32,27,29,31,28,29
1791410005.131203,-0.080425,1.228222,-2.777464,0.056324,1.301221,-2.807573,-0.314217,1.298188,-2.788743,0.383235,1.275843,-2.792739,28,28,29,28,28,28,32,27,29,31,28,29
1791410005.151260,-0.080425,1.228253,-2.777464,0.056263,1.301221,-2.807557,-0.314187,1.298188,-2.788743,0.383205,1.275874,-2.792739,28,28,29,28,28,28,32,27,29,31,28,29
1791410005.171263,-0.080425,1.228222,-2.777464,0.056293,1.301221,-2.807573,-0.314187,1.298188,-2.788727,0.383205,1.275813,-2.792755,28,28,29,28,28,28,32,27,29,31,28,29
1791410005.191186,-0.080455,1.228192,-2.777479,0.056233,1.301221,-2.807573,-0.314187,1.298218,-2.788743,0.383205,1.275843,-2.792755,28,28,29,28,28,28,32,27,29,31,28,29
1791410005.211143,-0.080455,1.228192,-2.777479,0.056233,1.301191,-2.807573,-0.314187,1.298188,-2.788759,0.383205,1.275843,-2.792755,28,28,29,28,28,28,32,27,29,31,28,29
1791410005.231252,-0.080455,1.228253,-2.777479,0.056233,1.301221,-2.807557,-0.314217,1.298188,-2.788759,0.383235,1.275843,-2.792771,28,28,29,28,28,28,32,27,29,31,28,29
1791410005.251182,-0.080455,1.228192,-2.777479,0.056233,1.301221,-2.807573,-0.314217,1.298188,-2.788759,0.383235,1.275843,-2.792771,28,28,29,28,28,28,32,27,29,31,28,29
1791410005.271184,-0.080425,1.228222,-2.777464,0.056202,1.301221,-2.807573,-0.314247,1.298218,-2.788743,0.383205,1.275843,-2.792771,28,28,29,28,28,28,32,27,29,31,28,29
1791410005.291147,-0.080455,1.228222,-2.777479,0.056202,1.301221,-2.807557,-0.314187,1.298188,-2.788759,0.383266,1.275874,-2.792755,28,28,29,28,28,28,32,27,29,31,28,29
1791410005.311157,-0.080394,1.228222,-2.777464,0.056172,1.301191,-2.807557,-0.314187,1.298188,-2.788759,0.383205,1.275843,-2.792771,28,28,29,28,28,28,32,27,29,31,28,29
1791410005.331205,-0.080455,1.228222,-2.777479,0.056172,1.301221,-2.807541,-0.314217,1.298188,-2.788743,0.383235,1.275843,-2.792771,28,28,29,28,28,28,32,27,29,31,28,29
1791410005.351261,-0.080455,1.228192,-2.777464,0.056172,1.301221,-2.807573,-0.314187,1.298188,-2.788759,0.383205,1.275843,-2.792771,28,28,29,28,28,28,32,27,29,31,28,29
1791410005.371450,-0.080455,1.228192,-2.777479,0.056142,1.301252,-2.807573,-0.314217,1.298188,-2.788743,0.383235,1.275843,-2.792787,28,28,29,28,28,28,32,27,29,31,28,29
1791410005.391213,-0.080394,1.228253,-2.777479,0.056142,1.301221,-2.807557,-0.314187,1.298188,-2.788743,0.383235,1.275874,-2.792771,28,28,29,28,28,28,32,27,29,31,28,29
