t_s,utc,n,FR_hip_mean,FR_thigh_mean,FR_calf_mean,FL_hip_mean,FL_thigh_mean,FL_calf_mean,RR_hip_mean,RR_thigh_mean,RR_calf_mean,RL_hip_mean,RL_thigh_mean,RL_calf_mean,FR_hip_min,FR_thigh_min,FR_calf_min,FL_hip_min,FL_thigh_min,FL_calf_min,RR_hip_min,RR_thigh_min,RR_calf_min,RL_hip_min,RL_thigh_min,RL_calf_min,FR_hip_max,FR_thigh_max,FR_calf_max,FL_hip_max,FL_thigh_max,FL_calf_max,RR_hip_max,RR_thigh_max,RR_calf_max,RL_hip_max,RL_thigh_max,RL_calf_max,ntc1,ntc2,power_v,power_a,max_abs_q,note
1.00,2026-09-28T19:27:12Z,500,30.0000,28.0000,30.0000,29.0000,28.0000,30.0000,45.0000,27.0000,29.9920,46.0000,28.0000,29.0000,30,28,30,29,28,30,45,27,29,46,28,29,30,28,30,29,28,30,45,27,30,46,28,29,41.00,38.00,31.088,0.268,2.7976,sat down ~19:22Z from 45/46C
2.00,2026-09-28T19:27:13Z,501,30.0000,28.0000,30.0000,29.0000,28.0000,30.0000,45.0000,27.0000,30.0000,46.0000,28.0000,29.0000,30,28,30,29,28,30,45,27,30,46,28,29,30,28,30,29,28,30,45,27,30,46,28,29,41.00,38.00,31.087,0.269,2.7976,sat down ~19:22Z from 45/46C
3.01,2026-09-28T19:27:14Z,500,30.0000,28.0000,30.0000,29.0000,28.0000,30.0000,45.0000,27.0000,29.9940,46.0000,28.0000,29.0000,30,28,30,29,28,30,45,27,29,46,28,29,30,28,30,29,28,30,45,27,30,46,28,29,41.00,38.00,31.087,0.268,2.7976,sat down ~19:22Z from 45/46C
4.01,2026-09-28T19:27:15Z,501,30.0000,28.0000,30.0000,29.0000,28.0000,30.0000,45.0000,27.0000,30.0000,46.0000,28.0000,29.0000,30,28,30,29,28,30,45,27,30,46,28,29,30,28,30,29,28,30,45,27,30,46,28,29,41.00,38.00,31.087,0.271,2.7976,sat down ~19:22Z from 45/46C
5.01,2026-09-28T19:27:16Z,500,30.0000,28.0000,30.0000,29.0000,28.0000,30.0000,45.0000,27.0000,30.0000,46.0000,28.0000,29.0000,30,28,30,29,28,30,45,27,30,46,28,29,30,28,30,29,28,30,45,27,30,46,28,29,41.00,38.00,31.087,0.269,2.7976,sat down ~19:22Z from 45/46C
6.01,2026-09-28T19:27:17Z,501,30.0000,28.0000,30.0000,29.0000,28.0000,30.0000,45.0000,27.0000,30.0000,46.0000,28.0000,29.0000,30,28,30,29,28,30,45,27,30,46,28,29,30,28,30,29,28,30,45,27,30,46,28,29,41.00,38.00,31.086,0.270,2.7976,sat down ~19:22Z from 45/46C
7.01,2026-09-28T19:27:18Z,498,30.0000,28.0000,30.0000,29.0000,28.0000,30.0000,45.0000,27.0000,30.0000,46.0000,28.0000,29.0000,30,28,30,29,28,30,45,27,30,46,28,29,30,28,30,29,28,30,45,27,30,46,28,29,41.00,38.00,31.086,0.278,2.7976,sat down ~19:22Z from 45/46C
8.01,2026-09-28T19:27:19Z,501,30.0000,28.0000,30.0000,29.0000,28.0000,30.0000,45.0000,27.0000,29.9920,46.0000,28.0000,29.0000,30,28,30,29,28,30,45,27,29,46,28,29,30,28,30,29,28,30,45,27,30,46,28,29,41.00,38.00,31.086,0.269,2.7976,sat down ~19:22Z from 45/46C
9.01,2026-09-28T19:27:20Z,500,30.0000,28.0000,30.0000,29.0000,28.0000,30.0000,45.0000,27.0000,29.9920,46.0000,28.0000,29.0000,30,28,30,29,28,30,45,27,29,46,28,29,30,28,30,29,28,30,45,27,30,46,28,29,41.00,38.00,31.085,0.270,2.7976,sat down ~19:22Z from 45/46C
10.01,2026-09-28T19:27:21Z,501,30.0000,28.0000,30.0000,29.0000,28.0000,30.0000,45.0000,27.0000,30.0000,46.0000,28.0000,29.0000,30,28,30,29,28,30,45,27,30,46,28,29,30,28,30,29,28,30,45,27,30,46,28,29,41.00,38.00,31.085,0.271,2.7976,sat down ~19:22Z from 45/46C
11.01,2026-09-28T19:27:22Z,499,30.0000,28.0000,30.0000,29.0000,28.0000,30.0000,45.0000,27.0000,30.0000,46.0000,28.0000,29.0000,30,28,30,29,28,30,45,27,30,46,28,29,30,28,30,29,28,30,45,27,30,46,28,29,41.00,38.00,31.084,0.272,2.7976,sat down ~19:22Z from 45/46C
12.02,2026-09-28T19:27:23Z,501,30.0000,28.0000,30.0000,29.0000,28.0000,30.0000,45.0000,27.0000,30.0000,46.0000,28.0000,29.0000,30,28,30,29,28,30,45,27,30,46,28,29,30,28,30,29,28,30,45,27,30,46,28,29,41.00,38.00,31.085,0.269,2.7976,sat down ~19:22Z from 45/46C
13.02,2026-09-28T19:27:24Z,501,30.0000,28.0000,30.0000,29.0000,28.0000,30.0000,45.0000,27.0000,29.9920,46.0000,28.0000,29.0000,30,28,30,29,28,30,45,27,29,46,28,29,30,28,30,29,28,30,45,27,30,46,28,29,41.00,38.00,31.084,0.271,2.7976,sat down ~19:22Z from 45/46C
14.02,2026-09-28T19:27:25Z,501,30.0000,28.0000,30.0000,29.0000,28.0000,30.0000,45.0000,27.0000,30.0000,46.0000,28.0000,29.0000,30,28,30,29,28,30,45,27,30,46,28,29,30,28,30,29,28,30,45,27,30,46,28,29,41.00,38.00,31.084,0.272,2.7976,sat down ~19:22Z from 45/46C
15.02,2026-09-28T19:27:26Z,501,30.0000,28.0000,30.0000,29.0000,28.0000,30.0000,45.0000,27.0000,29.9920,46.0000,28.0000,29.0000,30,28,30,29,28,30,45,27,29,46,28,29,30,28,30,29,28,30,45,27,30,46,28,29,41.00,38.00,31.084,0.271,2.7976,sat down ~19:22Z from 45/46C
16.02,2026-09-28T19:27:27Z,501,30.0000,28.0000,30.0000,29.0000,28.0000,30.0000,45.0000,27.0000,29.9940,46.0000,28.0000,29.0000,30,28,30,29,28,30,45,27,29,46,28,29,30,28,30,29,28,30,45,27,30,46,28,29,41.00,38.00,31.084,0.269,2.7976,sat down ~19:22Z from 45/46C
17.03,2026-09-28T19:27:28Z,501,30.0000,28.0000,30.0000,29.0000,28.0000,30.0000,45.0000,27.0000,30.0000,46.0000,28.0000,29.0000,30,28,30,29,28,30,45,27,30,46,28,29,30,28,30,29,28,30,45,27,30,46,28,29,41.00,38.00,31.084,0.267,2.7976,sat down ~19:22Z from 45/46C
18.03,2026-09-28T19:27:29Z,500,30.0000,28.0000,30.0000,29.0000,28.0000,30.0000,45.0000,27.0000,30.0000,46.0000,28.0000,29.0000,30,28,30,29,28,30,45,27,30,46,28,29,30,28,30,29,28,30,45,27,30,46,28,29,41.00,38.00,31.084,0.271,2.7976,sat down ~19:22Z from 45/46C
19.03,2026-09-28T19:27:30Z,500,30.0000,28.0000,30.0000,29.0000,28.0000,30.0000,45.0000,27.0000,29.9940,46.0000,28.0000,29.0000,30,28,30,29,28,30,45,27,29,46,28,29,30,28,30,29,28,30,45,27,30,46,28,29,41.00,38.00,31.083,0.268,2.7976,sat down ~19:22Z from 45/46C
20.03,2026-09-28T19:27:31Z,500,30.0000,28.0000,30.0000,29.0000,28.0000,30.0000,45.0000,27.0000,29.9940,46.0000,28.0000,29.0000,30,28,30,29,28,30,45,27,29,46,28,29,30,28,30,29,28,30,45,27,30,46,28,29,41.00,38.00,31.084,0.270,2.7976,sat down ~19:22Z from 45/46C
21.03,2026-09-28T19:27:32Z,501,30.0000,28.0000,30.0000,29.0000,28.0000,30.0000,45.0000,27.0000,30.0000,46.0000,28.0000,29.0000,30,28,30,29,28,30,45,27,30,46,28,29,30,28,30,29,28,30,45,27,30,46,28,29,41.00,38.00,31.083,0.273,2.7976,sat down ~19:22Z from 45/46C
22.03,2026-09-28T19:27:33Z,501,30.0000,28.0000,30.0000,29.0000,28.0000,30.0000,45.0000,27.0000,30.0000,46.0000,28.0000,29.0000,30,28,30,29,28,30,45,27,30,46,28,29,30,28,30,29,28,30,45,27,30,46,28,29,41.00,38.00,31.083,0.276,2.7976,sat down ~19:22Z from 45/46C
23.03,2026-09-28T19:27:34Z,501,30.0000,28.0000,30.0000,29.0000,28.0000,30.0000,45.0000,27.0000,29.9940,46.0000,28.0000,29.0000,30,28,30,29,28,30,45,27,29,46,28,29,30,28,30,29,28,30,45,27,30,46,28,29,41.00,38.00,31.082,0.275,2.7976,sat down ~19:22Z from 45/46C
24.04,2026-09-28T19:27:35Z,501,30.0000,28.0000,30.0000,29.0000,28.0000,30.0000,45.0000,27.0000,29.9940,46.0000,28.0000,29.0000,30,28,30,29,28,30,45,27,29,46,28,29,30,28,30,29,28,30,45,27,30,46,28,29,41.00,38.00,31.082,0.269,2.7976,sat down ~19:22Z from 45/46C
25.04,2026-09-28T19:27:36Z,498,30.0000,28.0000,30.0000,29.0000,28.0000,30.0000,45.0000,27.0000,30.0000,46.0000,28.0000,29.0000,30,28,30,29,28,30,45,27,30,46,28,29,30,28,30,29,28,30,45,27,30,46,28,29,41.00,38.00,31.082,0.274,2.7976,sat down ~19:22Z from 45/46C
26.04,2026-09-28T19:27:37Z,500,30.0000,28.0000,30.0000,29.0000,28.0000,30.0000,45.0000,27.0000,29.9900,46.0000,28.0000,29.0000,30,28,30,29,28,30,45,27,29,46,28,29,30,28,30,29,28,30,45,27,30,46,28,29,41.00,38.00,31.082,0.276,2.7976,sat down ~19:22Z from 45/46C
27.04,2026-09-28T19:27:38Z,501,30.0000,28.0000,30.0000,29.0000,28.0000,30.0000,44.9940,27.0000,29.9980,46.0000,28.0000,29.0000,30,28,30,29,28,30,44,27,29,46,28,29,30,28,30,29,28,30,45,27,30,46,28,29,41.00,38.00,31.081,0.276,2.7976,sat down ~19:22Z from 45/46C
28.04,2026-09-28T19:27:39Z,501,30.0000,28.0000,30.0000,29.0000,28.0000,30.0000,44.9800,27.0000,29.9920,46.0000,28.0000,29.0000,30,28,30,29,28,30,44,27,29,46,28,29,30,28,30,29,28,30,45,27,30,46,28,29,41.00,38.00,31.081,0.274,2.7976,sat down ~19:22Z from 45/46C
29.04,2026-09-28T19:27:40Z,500,30.0000,28.0000,30.0000,29.0000,28.0000,30.0000,44.8500,27.0000,29.9940,46.0000,28.0000,29.0000,30,28,30,29,28,30,44,27,29,46,28,29,30,28,30,29,28,30,45,27,30,46,28,29,41.00,38.00,31.081,0.276,2.7976,sat down ~19:22Z from 45/46C
30.04,2026-09-28T19:27:41Z,501,30.0000,28.0000,30.0000,29.0000,28.0000,30.0000,44.6667,27.0000,29.9940,46.0000,28.0000,29.0000,30,28,30,29,28,30,44,27,29,46,28,29,30,28,30,29,28,30,45,27,30,46,28,29,41.00,38.00,31.081,0.276,2.7976,sat down ~19:22Z from 45/46C
31.04,2026-09-28T19:27:42Z,500,30.0000,28.0000,30.0000,29.0000,28.0000,30.0000,44.4420,27.0000,30.0000,46.0000,28.0000,29.0000,30,28,30,29,28,30,44,27,30,46,28,29,30,28,30,29,28,30,45,27,30,46,28,29,41.00,38.00,31.081,0.276,2.7976,sat down ~19:22Z from 45/46C
32.05,2026-09-28T19:27:43Z,500,30.0000,28.0000,30.0000,29.0000,28.0000,30.0000,44.2040,27.0000,30.0000,46.0000,28.0000,29.0000,30,28,30,29,28,30,44,27,30,46,28,29,30,28,30,29,28,30,45,27,30,46,28,29,41.00,38.00,31.081,0.275,2.7976,sat down ~19:22Z from 45/46C
33.05,2026-09-28T19:27:44Z,500,30.0000,28.0000,30.0000,29.0000,28.0000,30.0000,44.0600,27.0000,30.0000,46.0000,28.0000,29.0000,30,28,30,29,28,30,44,27,30,46,28,29,30,28,30,29,28,30,45,27,30,46,28,29,41.00,38.00,31.080,0.276,2.7976,sat down ~19:22Z from 45/46C
34.05,2026-09-28T19:27:45Z,500,30.0000,28.0000,30.0000,29.0000,28.0000,30.0000,44.0000,27.0000,29.9940,46.0000,28.0000,29.0000,30,28,30,29,28,30,44,27,29,46,28,29,30,28,30,29,28,30,44,27,30,46,28,29,41.00,38.00,31.080,0.276,2.7976,sat down ~19:22Z from 45/46C
35.05,2026-09-28T19:27:46Z,499,30.0000,28.0000,30.0000,29.0000,28.0000,30.0000,44.0000,27.0000,30.0000,46.0000,28.0000,29.0000,30,28,30,29,28,30,44,27,30,46,28,29,30,28,30,29,28,30,44,27,30,46,28,29,41.00,38.00,31.080,0.278,2.7976,sat down ~19:22Z from 45/46C
36.05,2026-09-28T19:27:47Z,501,30.0000,28.0000,30.0000,29.0000,28.0000,30.0000,44.0000,27.0000,30.0000,46.0000,28.0000,29.0000,30,28,30,29,28,30,44,27,30,46,28,29,30,28,30,29,28,30,44,27,30,46,28,29,41.00,38.00,31.080,0.272,2.7976,sat down ~19:22Z from 45/46C
37.05,2026-09-28T19:27:48Z,501,30.0000,28.0000,30.0000,29.0000,28.0000,30.0000,44.0000,27.0000,30.0000,46.0000,28.0000,29.0000,30,28,30,29,28,30,44,27,30,46,28,29,30,28,30,29,28,30,44,27,30,46,28,29,41.00,38.00,31.080,0.275,2.7976,sat down ~19:22Z from 45/46C
38.05,2026-09-28T19:27:49Z,500,30.0000,28.0000,30.0000,29.0000,28.0000,30.0000,44.0000,27.0000,30.0000,46.0000,28.0000,29.0000,30,28,30,29,28,30,44,27,30,46,28,29,30,28,30,29,28,30,44,27,30,46,28,29,41.00,38.00,31.079,0.274,2.7976,sat down ~19:22Z from 45/46C
39.05,2026-09-28T19:27:50Z,500,30.0000,28.0000,30.0000,29.0000,28.0000,30.0000,44.0000,27.0000,30.0000,46.0000,28.0000,29.0000,30,28,30,29,28,30,44,27,30,46,28,29,30,28,30,29,28,30,44,27,30,46,28,29,41.00,38.00,31.079,0.277,2.7976,sat down ~19:22Z from 45/46C
40.05,2026-09-28T19:27:51Z,499,30.0000,28.0000,30.0000,29.0000,28.0000,30.0000,44.0000,27.0000,29.9940,46.0000,28.0000,29.0000,30,28,30,29,28,30,44,27,29,46,28,29,30,28,30,29,28,30,44,27,30,46,28,29,41.00,38.00,31.079,0.276,2.7976,sat down ~19:22Z from 45/46C
41.05,2026-09-28T19:27:52Z,501,30.0000,28.0000,30.0000,29.0000,28.0000,30.0000,44.0000,27.0000,29.9940,46.0000,28.0000,29.0000,30,28,30,29,28,30,44,27,29,46,28,29,30,28,30,29,28,30,44,27,30,46,28,29,41.00,38.00,31.079,0.274,2.7976,sat down ~19:22Z from 45/46C
42.06,2026-09-28T19:27:53Z,501,30.0000,28.0000,30.0000,29.0000,28.0000,30.0000,44.0000,27.0000,30.0000,46.0000,28.0000,29.0000,30,28,30,29,28,30,44,27,30,46,28,29,30,28,30,29,28,30,44,27,30,46,28,29,41.00,38.00,31.078,0.277,2.7976,sat down ~19:22Z from 45/46C
43.06,2026-09-28T19:27:54Z,500,30.0000,28.0000,30.0000,29.0000,28.0000,30.0000,44.0000,27.0000,30.0000,46.0000,28.0000,29.0000,30,28,30,29,28,30,44,27,30,46,28,29,30,28,30,29,28,30,44,27,30,46,28,29,41.00,38.00,31.078,0.279,2.7976,sat down ~19:22Z from 45/46C
44.06,2026-09-28T19:27:55Z,500,30.0000,28.0000,30.0000,29.0000,28.0000,30.0000,44.0000,27.0000,29.9940,46.0000,28.0000,29.0000,30,28,30,29,28,30,44,27,29,46,28,29,30,28,30,29,28,30,44,27,30,46,28,29,41.00,38.00,31.077,0.276,2.7976,sat down ~19:22Z from 45/46C
45.06,2026-09-28T19:27:56Z,500,30.0000,28.0000,30.0000,29.0000,28.0000,30.0000,44.0000,27.0000,30.0000,46.0000,28.0000,29.0000,30,28,30,29,28,30,44,27,30,46,28,29,30,28,30,29,28,30,44,27,30,46,28,29,41.00,38.00,31.077,0.275,2.7976,sat down ~19:22Z from 45/46C
46.06,2026-09-28T19:27:57Z,499,30.0000,28.0000,30.0000,29.0000,28.0000,30.0000,44.0000,27.0000,30.0000,46.0000,28.0000,29.0000,30,28,30,29,28,30,44,27,30,46,28,29,30,28,30,29,28,30,44,27,30,46,28,29,41.00,38.00,31.077,0.274,2.7976,sat down ~19:22Z from 45/46C
47.06,2026-09-28T19:27:58Z,497,30.0000,28.0000,30.0000,29.0000,28.0000,30.0000,44.0000,27.0000,30.0000,46.0000,28.0000,29.0000,30,28,30,29,28,30,44,27,30,46,28,29,30,28,30,29,28,30,44,27,30,46,28,29,41.00,38.00,31.076,0.278,2.7976,sat down ~19:22Z from 45/46C
48.06,2026-09-28T19:27:59Z,500,30.0000,28.0000,30.0000,29.0000,28.0000,30.0000,44.0000,27.0000,30.0000,46.0000,28.0000,29.0000,30,28,30,29,28,30,44,27,30,46,28,29,30,28,30,29,28,30,44,27,30,46,28,29,41.00,38.00,31.076,0.272,2.7976,sat down ~19:22Z from 45/46C
49.06,2026-09-28T19:28:00Z,501,30.0000,28.0000,30.0000,29.0000,28.0000,30.0000,44.0000,27.0000,30.0000,46.0000,28.0000,29.0000,30,28,30,29,28,30,44,27,30,46,28,29,30,28,30,29,28,30,44,27,30,46,28,29,41.00,38.00,31.076,0.274,2.7976,sat down ~19:22Z from 45/46C
50.06,2026-09-28T19:28:01Z,500,30.0000,28.0000,30.0000,29.0000,28.0000,30.0000,44.0000,27.0000,30.0000,46.0000,28.0000,29.0000,30,28,30,29,28,30,44,27,30,46,28,29,30,28,30,29,28,30,44,27,30,46,28,29,41.00,38.00,31.076,0.272,2.7976,sat down ~19:22Z from 45/46C
51.06,2026-09-28T19:28:02Z,501,30.0000,28.0000,30.0000,29.0000,28.0000,30.0000,44.0000,27.0000,30.0000,46.0000,28.0000,29.0000,30,28,30,29,28,30,44,27,30,46,28,29,30,28,30,29,28,30,44,27,30,46,28,29,41.00,38.00,31.076,0.270,2.7976,sat down ~19:22Z from 45/46C
52.06,2026-09-28T19:28:03Z,500,30.0000,28.0000,30.0000,29.0000,28.0000,30.0000,44.0000,27.0000,30.0000,46.0000,28.0000,29.0000,30,28,30,29,28,30,44,27,30,46,28,29,30,28,30,29,28,30,44,27,30,46,28,29,41.00,38.00,31.076,0.278,2.7976,sat down ~19:22Z from 45/46C
53.06,2026-09-28T19:28:04Z,500,30.0000,28.0000,30.0000,29.0000,28.0000,30.0000,44.0000,27.0000,30.0000,46.0000,28.0000,29.0000,30,28,30,29,28,30,44,27,30,46,28,29,30,28,30,29,28,30,44,27,30,46,28,29,41.00,38.00,31.075,0.275,2.7976,sat down ~19:22Z from 45/46C
54.07,2026-09-28T19:28:05Z,500,30.0000,28.0000,30.0000,29.0000,28.0000,30.0000,44.0000,27.0000,29.9840,46.0000,28.0000,29.0000,30,28,30,29,28,30,44,27,29,46,28,29,30,28,30,29,28,30,44,27,30,46,28,29,41.00,38.00,31.075,0.274,2.7976,sat down ~19:22Z from 45/46C
55.07,2026-09-28T19:28:06Z,501,30.0000,28.0000,30.0000,29.0000,28.0000,30.0000,44.0000,27.0000,30.0000,46.0000,28.0000,29.0000,30,28,30,29,28,30,44,27,30,46,28,29,30,28,30,29,28,30,44,27,30,46,28,29,41.00,38.00,31.075,0.272,2.7976,sat down ~19:22Z from 45/46C
56.07,2026-09-28T19:28:07Z,499,30.0000,28.0000,30.0000,29.0000,28.0000,30.0000,44.0000,27.0000,30.0000,46.0000,28.0000,29.0000,30,28,30,29,28,30,44,27,30,46,28,29,30,28,30,29,28,30,44,27,30,46,28,29,41.00,38.00,31.074,0.273,2.7976,sat down ~19:22Z from 45/46C
57.07,2026-09-28T19:28:08Z,500,30.0000,28.0000,30.0000,29.0000,28.0000,30.0000,44.0000,27.0000,29.9920,46.0000,28.0000,29.0000,30,28,30,29,28,30,44,27,29,46,28,29,30,28,30,29,28,30,44,27,30,46,28,29,41.00,38.00,31.074,0.274,2.7976,sat down ~19:22Z from 45/46C
58.07,2026-09-28T19:28:09Z,500,30.0000,28.0000,30.0000,29.0000,28.0000,30.0000,44.0000,27.0000,29.9920,46.0000,28.0000,29.0000,30,28,30,29,28,30,44,27,29,46,28,29,30,28,30,29,28,30,44,27,30,46,28,29,41.00,38.00,31.075,0.273,2.7976,sat down ~19:22Z from 45/46C
59.07,2026-09-28T19:28:10Z,500,30.0000,28.0000,30.0000,29.0000,28.0000,30.0000,44.0000,27.0000,30.0000,46.0000,28.0000,29.0000,30,28,30,29,28,30,44,27,30,46,28,29,30,28,30,29,28,30,44,27,30,46,28,29,41.00,38.00,31.074,0.269,2.7976,sat down ~19:22Z from 45/46C
60.07,2026-09-28T19:28:11Z,499,30.0000,28.0000,30.0000,29.0000,28.0000,30.0000,44.0000,27.0000,30.0000,46.0000,28.0000,29.0000,30,28,30,29,28,30,44,27,30,46,28,29,30,28,30,29,28,30,44,27,30,46,28,29,41.00,38.00,31.074,0.274,2.7976,sat down ~19:22Z from 45/46C
61.07,2026-09-28T19:28:12Z,500,30.0000,28.0000,30.0000,29.0000,28.0000,30.0000,44.0000,27.0000,30.0000,46.0000,28.0000,29.0000,30,28,30,29,28,30,44,27,30,46,28,29,30,28,30,29,28,30,44,27,30,46,28,29,41.00,38.00,31.074,0.270,2.7976,sat down ~19:22Z from 45/46C
62.07,2026-09-28T19:28:13Z,500,30.0000,28.0000,30.0000,29.0000,28.0000,30.0000,44.0000,27.0000,30.0000,46.0000,28.0000,29.0000,30,28,30,29,28,30,44,27,30,46,28,29,30,28,30,29,28,30,44,27,30,46,28,29,41.00,38.00,31.074,0.270,2.7976,sat down ~19:22Z from 45/46C
63.07,2026-09-28T19:28:14Z,500,30.0000,28.0000,30.0000,29.0000,28.0000,30.0000,44.0000,27.0000,30.0000,46.0000,28.0000,29.0000,30,28,30,29,28,30,44,27,30,46,28,29,30,28,30,29,28,30,44,27,30,46,28,29,41.00,38.00,31.073,0.269,2.7976,sat down ~19:22Z from 45/46C
64.07,2026-09-28T19:28:15Z,501,30.0000,28.0000,30.0000,29.0000,28.0000,30.0000,44.0000,27.0000,30.0000,46.0000,28.0000,29.0000,30,28,30,29,28,30,44,27,30,46,28,29,30,28,30,29,28,30,44,27,30,46,28,29,41.00,38.00,31.073,0.272,2.7976,sat down ~19:22Z from 45/46C
65.07,2026-09-28T19:28:16Z,500,30.0000,28.0000,30.0000,29.0000,28.0000,30.0000,44.0000,27.0000,29.9940,46.0000,28.0000,29.0000,30,28,30,29,28,30,44,27,29,46,28,29,30,28,30,29,28,30,44,27,30,46,28,29,41.00,38.00,31.073,0.270,2.7976,sat down ~19:22Z from 45/46C
66.07,2026-09-28T19:28:17Z,501,30.0000,28.0000,30.0000,29.0000,28.0000,30.0000,44.0000,27.0000,30.0000,46.0000,28.0000,29.0000,30,28,30,29,28,30,44,27,30,46,28,29,30,28,30,29,28,30,44,27,30,46,28,29,41.00,38.00,31.072,0.271,2.7976,sat down ~19:22Z from 45/46C
67.08,2026-09-28T19:28:18Z,501,30.0000,28.0000,30.0000,29.0000,28.0000,30.0000,44.0000,27.0000,30.0000,46.0000,28.0000,29.0000,30,28,30,29,28,30,44,27,30,46,28,29,30,28,30,29,28,30,44,27,30,46,28,29,41.00,38.00,31.072,0.266,2.7976,sat down ~19:22Z from 45/46C
68.08,2026-09-28T19:28:19Z,501,30.0000,28.0000,30.0000,29.0000,28.0000,30.0000,44.0000,27.0000,30.0000,46.0000,28.0000,29.0000,30,28,30,29,28,30,44,27,30,46,28,29,30,28,30,29,28,30,44,27,30,46,28,29,41.00,38.00,31.072,0.267,2.7976,sat down ~19:22Z from 45/46C
69.08,2026-09-28T19:28:20Z,501,30.0000,28.0000,30.0000,29.0000,28.0000,30.0000,44.0000,27.0000,29.9940,46.0000,28.0000,29.0000,30,28,30,29,28,30,44,27,29,46,28,29,30,28,30,29,28,30,44,27,30,46,28,29,41.00,38.00,31.072,0.270,2.7976,sat down ~19:22Z from 45/46C
70.08,2026-09-28T19:28:21Z,500,30.0000,28.0000,30.0000,29.0000,28.0000,30.0000,44.0000,27.0000,30.0000,46.0000,28.0000,29.0000,30,28,30,29,28,30,44,27,30,46,28,29,30,28,30,29,28,30,44,27,30,46,28,29,41.00,38.00,31.071,0.270,2.7976,sat down ~19:22Z from 45/46C
71.08,2026-09-28T19:28:22Z,501,30.0000,28.0000,30.0000,29.0000,28.0000,30.0000,44.0000,27.0000,30.0000,46.0000,28.0000,29.0000,30,28,30,29,28,30,44,27,30,46,28,29,30,28,30,29,28,30,44,27,30,46,28,29,41.00,38.00,31.071,0.271,2.7976,sat down ~19:22Z from 45/46C
72.08,2026-09-28T19:28:23Z,500,30.0000,28.0000,30.0000,29.0000,28.0000,30.0000,44.0000,27.0000,30.0000,46.0000,28.0000,29.0000,30,28,30,29,28,30,44,27,30,46,28,29,30,28,30,29,28,30,44,27,30,46,28,29,41.00,38.00,31.071,0.270,2.7976,sat down ~19:22Z from 45/46C
73.08,2026-09-28T19:28:24Z,501,30.0000,28.0000,30.0000,29.0000,28.0000,30.0000,44.0000,27.0000,30.0000,46.0000,28.0000,29.0000,30,28,30,29,28,30,44,27,30,46,28,29,30,28,30,29,28,30,44,27,30,46,28,29,41.00,38.00,31.070,0.269,2.7976,sat down ~19:22Z from 45/46C
74.08,2026-09-28T19:28:25Z,499,30.0000,28.0000,30.0000,29.0000,28.0000,30.0000,44.0000,27.0000,30.0000,46.0000,28.0000,29.0000,30,28,30,29,28,30,44,27,30,46,28,29,30,28,30,29,28,30,44,27,30,46,28,29,41.00,38.00,31.071,0.270,2.7976,sat down ~19:22Z from 45/46C
75.09,2026-09-28T19:28:26Z,500,30.0000,28.0000,30.0000,29.0000,28.0000,30.0000,44.0000,27.0000,30.0000,46.0000,28.0000,29.0000,30,28,30,29,28,30,44,27,30,46,28,29,30,28,30,29,28,30,44,27,30,46,28,29,41.00,38.00,31.070,0.272,2.7976,sat down ~19:22Z from 45/46C
76.09,2026-09-28T19:28:27Z,500,30.0000,28.0000,30.0000,29.0000,28.0000,30.0000,44.0000,27.0000,29.9920,46.0000,28.0000,29.0000,30,28,30,29,28,30,44,27,29,46,28,29,30,28,30,29,28,30,44,27,30,46,28,29,41.00,38.00,31.070,0.267,2.7976,sat down ~19:22Z from 45/46C
77.09,2026-09-28T19:28:28Z,501,30.0000,28.0000,30.0000,29.0000,28.0000,30.0000,44.0000,27.0000,30.0000,46.0000,28.0000,29.0000,30,28,30,29,28,30,44,27,30,46,28,29,30,28,30,29,28,30,44,27,30,46,28,29,41.00,38.00,31.069,0.269,2.7976,sat down ~19:22Z from 45/46C
78.09,2026-09-28T19:28:29Z,500,30.0000,28.0000,30.0000,29.0000,28.0000,30.0000,44.0000,27.0000,30.0000,46.0000,28.0000,29.0000,30,28,30,29,28,30,44,27,30,46,28,29,30,28,30,29,28,30,44,27,30,46,28,29,41.00,38.00,31.070,0.271,2.7976,sat down ~19:22Z from 45/46C
79.09,2026-09-28T19:28:30Z,500,30.0000,28.0000,30.0000,29.0000,28.0000,30.0000,44.0000,27.0000,30.0000,45.9900,28.0000,29.0000,30,28,30,29,28,30,44,27,30,45,28,29,30,28,30,29,28,30,44,27,30,46,28,29,41.00,38.00,31.069,0.269,2.7976,sat down ~19:22Z from 45/46C
80.09,2026-09-28T19:28:31Z,500,30.0000,28.0000,30.0000,29.0000,28.0000,30.0000,44.0000,27.0000,29.9920,45.9200,28.0000,29.0000,30,28,30,29,28,30,44,27,29,45,28,29,30,28,30,29,28,30,44,27,30,46,28,29,41.00,38.00,31.068,0.272,2.7976,sat down ~19:22Z from 45/46C
81.09,2026-09-28T19:28:32Z,500,30.0000,28.0000,30.0000,29.0000,28.0000,30.0000,44.0000,27.0000,29.9940,45.7140,28.0000,29.0000,30,28,30,29,28,30,44,27,29,45,28,29,30,28,30,29,28,30,44,27,30,46,28,29,41.00,38.00,31.069,0.274,2.7976,sat down ~19:22Z from 45/46C
82.09,2026-09-28T19:28:33Z,500,30.0000,28.0000,30.0000,29.0000,28.0000,30.0000,44.0000,27.0000,30.0000,45.5780,28.0000,29.0000,30,28,30,29,28,30,44,27,30,45,28,29,30,28,30,29,28,30,44,27,30,46,28,29,41.00,38.00,31.068,0.277,2.7976,sat down ~19:22Z from 45/46C
83.09,2026-09-28T19:28:34Z,499,30.0000,28.0000,30.0000,29.0000,28.0000,30.0000,44.0000,27.0000,30.0000,45.3307,28.0000,29.0000,30,28,30,29,28,30,44,27,30,45,28,29,30,28,30,29,28,30,44,27,30,46,28,29,41.00,38.00,31.067,0.275,2.7976,sat down ~19:22Z from 45/46C
84.09,2026-09-28T19:28:35Z,498,30.0000,28.0000,30.0000,29.0000,28.0000,30.0000,44.0000,27.0000,30.0000,45.0924,28.0000,29.0000,30,28,30,29,28,30,44,27,30,45,28,29,30,28,30,29,28,30,44,27,30,46,28,29,41.00,38.00,31.068,0.273,2.7976,sat down ~19:22Z from 45/46C
85.09,2026-09-28T19:28:36Z,500,30.0000,28.0000,30.0000,29.0000,28.0000,30.0000,44.0000,27.0000,30.0000,45.0120,28.0000,29.0000,30,28,30,29,28,30,44,27,30,45,28,29,30,28,30,29,28,30,44,27,30,46,28,29,41.00,38.00,31.068,0.273,2.7976,sat down ~19:22Z from 45/46C
86.09,2026-09-28T19:28:37Z,499,30.0000,28.0000,30.0000,29.0000,28.0000,30.0000,44.0000,27.0000,30.0000,45.0000,28.0000,29.0000,30,28,30,29,28,30,44,27,30,45,28,29,30,28,30,29,28,30,44,27,30,45,28,29,41.00,38.00,31.068,0.271,2.7976,sat down ~19:22Z from 45/46C
87.09,2026-09-28T19:28:38Z,501,30.0000,28.0000,30.0000,29.0000,28.0000,30.0000,44.0000,27.0000,30.0000,45.0000,28.0000,29.0000,30,28,30,29,28,30,44,27,30,45,28,29,30,28,30,29,28,30,44,27,30,45,28,29,41.00,38.00,31.067,0.272,2.7976,sat down ~19:22Z from 45/46C
88.09,2026-09-28T19:28:39Z,500,30.0000,28.0000,30.0000,29.0000,28.0000,30.0000,44.0000,27.0000,30.0000,45.0000,28.0000,29.0000,30,28,30,29,28,30,44,27,30,45,28,29,30,28,30,29,28,30,44,27,30,45,28,29,41.00,38.00,31.067,0.271,2.7976,sat down ~19:22Z from 45/46C
89.10,2026-09-28T19:28:40Z,501,30.0000,28.0000,30.0000,29.0000,28.0000,30.0000,44.0000,27.0000,30.0000,45.0000,28.0000,29.0000,30,28,30,29,28,30,44,27,30,45,28,29,30,28,30,29,28,30,44,27,30,45,28,29,41.00,38.00,31.066,0.270,2.7976,sat down ~19:22Z from 45/46C
90.10,2026-09-28T19:28:41Z,500,30.0000,28.0000,30.0000,29.0000,28.0000,30.0000,44.0000,27.0000,30.0000,45.0000,28.0000,29.0000,30,28,30,29,28,30,44,27,30,45,28,29,30,28,30,29,28,30,44,27,30,45,28,29,41.00,38.00,31.066,0.272,2.7976,sat down ~19:22Z from 45/46C
91.10,2026-09-28T19:28:42Z,500,30.0000,28.0000,30.0000,29.0000,28.0000,30.0000,44.0000,27.0000,30.0000,45.0000,28.0000,29.0000,30,28,30,29,28,30,44,27,30,45,28,29,30,28,30,29,28,30,44,27,30,45,28,29,41.00,38.00,31.066,0.276,2.7976,sat down ~19:22Z from 45/46C
92.10,2026-09-28T19:28:43Z,500,30.0000,28.0000,30.0000,29.0000,28.0000,30.0000,44.0000,27.0000,30.0000,45.0000,28.0000,29.0000,30,28,30,29,28,30,44,27,30,45,28,29,30,28,30,29,28,30,44,27,30,45,28,29,41.00,38.00,31.066,0.272,2.7976,sat down ~19:22Z from 45/46C
93.10,2026-09-28T19:28:44Z,501,30.0000,28.0000,30.0000,29.0000,28.0000,30.0000,44.0000,27.0000,30.0000,45.0000,28.0000,29.0000,30,28,30,29,28,30,44,27,30,45,28,29,30,28,30,29,28,30,44,27,30,45,28,29,41.00,38.00,31.066,0.271,2.7976,sat down ~19:22Z from 45/46C
94.10,2026-09-28T19:28:45Z,501,30.0000,28.0000,30.0000,29.0080,28.0000,30.0000,44.0000,27.0000,30.0000,45.0000,28.0000,29.0000,30,28,30,29,28,30,44,27,30,45,28,29,30,28,30,30,28,30,44,27,30,45,28,29,41.00,38.00,31.065,0.271,2.7976,sat down ~19:22Z from 45/46C
95.10,2026-09-28T19:28:46Z,500,30.0000,28.0000,30.0000,29.0000,28.0000,30.0000,44.0000,27.0000,30.0000,45.0000,28.0000,29.0000,30,28,30,29,28,30,44,27,30,45,28,29,30,28,30,29,28,30,44,27,30,45,28,29,41.00,38.00,31.065,0.271,2.7976,sat down ~19:22Z from 45/46C
96.10,2026-09-28T19:28:47Z,500,30.0000,28.0000,30.0000,29.0000,28.0000,30.0000,44.0000,27.0000,30.0000,45.0000,28.0000,29.0000,30,28,30,29,28,30,44,27,30,45,28,29,30,28,30,29,28,30,44,27,30,45,28,29,41.00,38.00,31.066,0.272,2.7976,sat down ~19:22Z from 45/46C
97.10,2026-09-28T19:28:48Z,500,30.0000,28.0000,30.0000,29.0000,28.0000,30.0000,44.0000,27.0000,30.0000,45.0000,28.0000,29.0000,30,28,30,29,28,30,44,27,30,45,28,29,30,28,30,29,28,30,44,27,30,45,28,29,41.00,38.00,31.065,0.268,2.7976,sat down ~19:22Z from 45/46C
98.10,2026-09-28T19:28:49Z,500,30.0000,28.0000,30.0000,29.0000,28.0000,30.0000,44.0000,27.0000,30.0000,45.0000,28.0000,29.0000,30,28,30,29,28,30,44,27,30,45,28,29,30,28,30,29,28,30,44,27,30,45,28,29,41.00,38.00,31.065,0.276,2.7976,sat down ~19:22Z from 45/46C
99.10,2026-09-28T19:28:50Z,500,30.0000,28.0000,30.0000,29.0060,28.0000,30.0000,44.0000,27.0000,30.0000,45.0000,28.0000,29.0000,30,28,30,29,28,30,44,27,30,45,28,29,30,28,30,30,28,30,44,27,30,45,28,29,41.00,38.00,31.065,0.273,2.7976,sat down ~19:22Z from 45/46C
100.10,2026-09-28T19:28:51Z,501,30.0000,28.0000,30.0000,29.0000,28.0000,30.0000,44.0000,27.0000,29.9920,45.0000,28.0000,29.0000,30,28,30,29,28,30,44,27,29,45,28,29,30,28,30,29,28,30,44,27,30,45,28,29,41.00,38.00,31.064,0.273,2.7976,sat down ~19:22Z from 45/46C
101.11,2026-09-28T19:28:52Z,500,30.0000,28.0000,30.0000,29.0000,28.0000,30.0000,44.0000,27.0000,30.0000,45.0000,28.0000,29.0000,30,28,30,29,28,30,44,27,30,45,28,29,30,28,30,29,28,30,44,27,30,45,28,29,41.00,38.00,31.064,0.272,2.7976,sat down ~19:22Z from 45/46C
102.11,2026-09-28T19:28:53Z,500,30.0000,28.0000,30.0000,29.0000,28.0000,30.0000,44.0000,27.0000,30.0000,45.0000,28.0000,29.0000,30,28,30,29,28,30,44,27,30,45,28,29,30,28,30,29,28,30,44,27,30,45,28,29,41.00,38.00,31.064,0.271,2.7976,sat down ~19:22Z from 45/46C
103.11,2026-09-28T19:28:54Z,500,30.0000,28.0000,30.0000,29.0060,28.0000,30.0000,44.0000,27.0000,30.0000,45.0000,28.0000,29.0000,30,28,30,29,28,30,44,27,30,45,28,29,30,28,30,30,28,30,44,27,30,45,28,29,41.00,38.00,31.063,0.268,2.7976,sat down ~19:22Z from 45/46C
104.11,2026-09-28T19:28:55Z,500,30.0000,28.0000,30.0000,29.0140,28.0000,30.0000,44.0000,27.0000,30.0000,45.0000,28.0000,29.0000,30,28,30,29,28,30,44,27,30,45,28,29,30,28,30,30,28,30,44,27,30,45,28,29,41.00,38.00,31.063,0.270,2.7976,sat down ~19:22Z from 45/46C
105.11,2026-09-28T19:28:56Z,500,30.0000,28.0000,30.0000,29.0060,28.0000,30.0000,44.0000,27.0000,30.0000,45.0000,28.0000,29.0000,30,28,30,29,28,30,44,27,30,45,28,29,30,28,30,30,28,30,44,27,30,45,28,29,41.00,38.00,31.062,0.265,2.7976,sat down ~19:22Z from 45/46C
106.11,2026-09-28T19:28:57Z,501,30.0000,28.0000,30.0000,29.0120,28.0000,30.0000,44.0000,27.0000,30.0000,45.0000,28.0000,29.0000,30,28,30,29,28,30,44,27,30,45,28,29,30,28,30,30,28,30,44,27,30,45,28,29,41.00,38.00,31.063,0.269,2.7976,sat down ~19:22Z from 45/46C
107.11,2026-09-28T19:28:58Z,500,30.0000,28.0000,30.0000,29.0180,28.0000,30.0000,44.0000,27.0000,30.0000,45.0000,28.0000,29.0000,30,28,30,29,28,30,44,27,30,45,28,29,30,28,30,30,28,30,44,27,30,45,28,29,41.00,38.00,31.062,0.267,2.7976,sat down ~19:22Z from 45/46C
108.11,2026-09-28T19:28:59Z,500,30.0000,28.0000,30.0000,29.0140,28.0000,30.0000,44.0000,27.0000,30.0000,45.0000,28.0000,29.0000,30,28,30,29,28,30,44,27,30,45,28,29,30,28,30,30,28,30,44,27,30,45,28,29,41.00,38.00,31.062,0.270,2.7976,sat down ~19:22Z from 45/46C
109.11,2026-09-28T19:29:00Z,500,30.0000,28.0000,30.0000,29.0160,28.0000,30.0000,44.0000,27.0000,30.0000,45.0000,28.0000,29.0000,30,28,30,29,28,30,44,27,30,45,28,29,30,28,30,30,28,30,44,27,30,45,28,29,41.00,38.00,31.062,0.269,2.7976,sat down ~19:22Z from 45/46C
110.11,2026-09-28T19:29:01Z,500,30.0000,28.0000,30.0000,29.0080,28.0000,30.0000,44.0000,27.0000,30.0000,45.0000,28.0000,29.0000,30,28,30,29,28,30,44,27,30,45,28,29,30,28,30,30,28,30,44,27,30,45,28,29,41.00,38.00,31.062,0.267,2.7976,sat down ~19:22Z from 45/46C
111.11,2026-09-28T19:29:02Z,501,30.0000,28.0000,30.0000,29.0200,28.0000,30.0000,44.0000,27.0000,30.0000,45.0000,28.0000,29.0000,30,28,30,29,28,30,44,27,30,45,28,29,30,28,30,30,28,30,44,27,30,45,28,29,41.00,38.00,31.061,0.271,2.7976,sat down ~19:22Z from 45/46C
112.11,2026-09-28T19:29:03Z,500,30.0000,28.0000,30.0000,29.0260,28.0000,30.0000,44.0000,27.0000,30.0000,45.0000,28.0000,29.0000,30,28,30,29,28,30,44,27,30,45,28,29,30,28,30,30,28,30,44,27,30,45,28,29,41.00,38.00,31.061,0.265,2.7976,sat down ~19:22Z from 45/46C
113.11,2026-09-28T19:29:04Z,501,30.0000,28.0000,30.0000,29.0160,28.0000,30.0000,44.0000,27.0000,30.0000,45.0000,28.0000,29.0000,30,28,30,29,28,30,44,27,30,45,28,29,30,28,30,30,28,30,44,27,30,45,28,29,41.00,38.00,31.061,0.270,2.7976,sat down ~19:22Z from 45/46C
114.12,2026-09-28T19:29:05Z,501,30.0000,28.0000,30.0000,29.0299,28.0000,30.0000,44.0000,27.0000,30.0000,45.0000,28.0000,29.0000,30,28,30,29,28,30,44,27,30,45,28,29,30,28,30,30,28,30,44,27,30,45,28,29,41.00,38.00,31.060,0.273,2.7976,sat down ~19:22Z from 45/46C
115.12,2026-09-28T19:29:06Z,501,30.0000,28.0000,30.0000,29.0299,28.0000,30.0000,44.0000,27.0000,30.0000,45.0000,28.0000,29.0000,30,28,30,29,28,30,44,27,30,45,28,29,30,28,30,30,28,30,44,27,30,45,28,29,41.00,38.00,31.060,0.269,2.7976,sat down ~19:22Z from 45/46C
116.12,2026-09-28T19:29:07Z,499,30.0000,28.0000,30.0000,29.0361,28.0000,30.0000,44.0000,27.0000,30.0000,45.0000,28.0000,29.0000,30,28,30,29,28,30,44,27,30,45,28,29,30,28,30,30,28,30,44,27,30,45,28,29,41.00,38.00,31.060,0.270,2.7976,sat down ~19:22Z from 45/46C
117.12,2026-09-28T19:29:08Z,501,30.0000,28.0000,30.0000,29.0319,28.0000,30.0000,44.0000,27.0000,30.0000,45.0000,28.0000,29.0000,30,28,30,29,28,30,44,27,30,45,28,29,30,28,30,30,28,30,44,27,30,45,28,29,41.00,38.00,31.060,0.269,2.7976,sat down ~19:22Z from 45/46C
118.12,2026-09-28T19:29:09Z,501,30.0000,28.0000,30.0000,29.0579,28.0000,30.0000,44.0000,27.0000,30.0000,45.0000,28.0000,29.0000,30,28,30,29,28,30,44,27,30,45,28,29,30,28,30,30,28,30,44,27,30,45,28,29,41.00,38.00,31.060,0.270,2.7976,sat down ~19:22Z from 45/46C
119.13,2026-09-28T19:29:10Z,501,30.0000,28.0000,30.0000,29.0279,28.0000,30.0000,44.0000,27.0000,30.0000,45.0000,28.0000,29.0000,30,28,30,29,28,30,44,27,30,45,28,29,30,28,30,30,28,30,44,27,30,45,28,29,41.00,38.00,31.059,0.269,2.7976,sat down ~19:22Z from 45/46C
120.13,2026-09-28T19:29:11Z,501,30.0000,28.0000,30.0000,29.0858,28.0000,30.0000,44.0000,27.0000,30.0000,45.0000,28.0000,29.0000,30,28,30,29,28,30,44,27,30,45,28,29,30,28,30,30,28,30,44,27,30,45,28,29,41.00,38.00,31.059,0.269,2.7976,sat down ~19:22Z from 45/46C
121.13,2026-09-28T19:29:12Z,500,30.0000,28.0000,30.0000,29.1060,28.0000,30.0000,44.0000,27.0000,30.0000,45.0000,28.0000,29.0000,30,28,30,29,28,30,44,27,30,45,28,29,30,28,30,30,28,30,44,27,30,45,28,29,41.00,38.00,31.059,0.271,2.7976,sat down ~19:22Z from 45/46C
122.13,2026-09-28T19:29:13Z,500,30.0000,28.0000,30.0000,29.1100,28.0000,30.0000,44.0000,27.0000,30.0000,45.0000,28.0000,29.0000,30,28,30,29,28,30,44,27,30,45,28,29,30,28,30,30,28,30,44,27,30,45,28,29,41.00,38.00,31.059,0.274,2.7976,sat down ~19:22Z from 45/46C
123.13,2026-09-28T19:29:14Z,500,30.0000,28.0000,30.0000,29.1240,28.0000,30.0000,44.0000,27.0000,30.0000,45.0000,28.0000,29.0000,30,28,30,29,28,30,44,27,30,45,28,29,30,28,30,30,28,30,44,27,30,45,28,29,41.00,38.00,31.058,0.269,2.7976,sat down ~19:22Z from 45/46C
124.13,2026-09-28T19:29:15Z,501,30.0000,28.0000,30.0000,29.1537,28.0000,30.0000,44.0000,27.0000,30.0000,45.0000,28.0000,29.0000,30,28,30,29,28,30,44,27,30,45,28,29,30,28,30,30,28,30,44,27,30,45,28,29,41.00,38.00,31.058,0.269,2.7976,sat down ~19:22Z from 45/46C
125.13,2026-09-28T19:29:16Z,500,30.0000,28.0000,30.0000,29.1600,28.0000,30.0000,44.0000,27.0000,30.0000,45.0000,28.0000,29.0000,30,28,30,29,28,30,44,27,30,45,28,29,30,28,30,30,28,30,44,27,30,45,28,29,41.00,38.00,31.058,0.268,2.7976,sat down ~19:22Z from 45/46C
126.13,2026-09-28T19:29:17Z,500,30.0000,28.0000,30.0000,29.1260,28.0000,30.0000,44.0000,27.0000,30.0000,45.0000,28.0000,29.0000,30,28,30,29,28,30,44,27,30,45,28,29,30,28,30,30,28,30,44,27,30,45,28,29,41.00,38.00,31.056,0.264,2.7976,sat down ~19:22Z from 45/46C
127.13,2026-09-28T19:29:18Z,501,30.0000,28.0000,30.0000,29.1337,28.0000,30.0000,44.0000,27.0000,30.0000,45.0000,28.0000,29.0000,30,28,30,29,28,30,44,27,30,45,28,29,30,28,30,30,28,30,44,27,30,45,28,29,41.00,38.00,31.055,0.264,2.7976,sat down ~19:22Z from 45/46C
128.13,2026-09-28T19:29:19Z,500,30.0000,28.0000,30.0000,29.1980,28.0000,30.0000,44.0000,27.0000,30.0000,45.0000,28.0000,29.0000,30,28,30,29,28,30,44,27,30,45,28,29,30,28,30,30,28,30,44,27,30,45,28,29,41.00,38.00,31.054,0.267,2.7976,sat down ~19:22Z from 45/46C
129.13,2026-09-28T19:29:20Z,501,30.0000,28.0000,30.0000,29.2355,28.0000,30.0000,44.0000,27.0000,30.0000,45.0000,28.0000,29.0000,30,28,30,29,28,30,44,27,30,45,28,29,30,28,30,30,28,30,44,27,30,45,28,29,41.00,38.00,31.054,0.271,2.7976,sat down ~19:22Z from 45/46C
130.14,2026-09-28T19:29:21Z,500,30.0000,28.0000,30.0000,29.2740,28.0000,30.0000,44.0000,27.0000,30.0000,45.0000,28.0000,29.0000,30,28,30,29,28,30,44,27,30,45,28,29,30,28,30,30,28,30,44,27,30,45,28,29,41.00,38.00,31.056,0.273,2.7976,sat down ~19:22Z from 45/46C
131.14,2026-09-28T19:29:22Z,501,30.0000,28.0000,30.0000,29.2535,28.0000,30.0000,44.0000,27.0000,30.0000,45.0000,28.0000,29.0000,30,28,30,29,28,30,44,27,30,45,28,29,30,28,30,30,28,30,44,27,30,45,28,29,41.00,38.00,31.057,0.268,2.7976,sat down ~19:22Z from 45/46C
132.14,2026-09-28T19:29:23Z,500,30.0000,28.0000,30.0000,29.4340,28.0000,30.0000,44.0000,27.0000,30.0000,45.0000,28.0000,29.0000,30,28,30,29,28,30,44,27,30,45,28,29,30,28,30,30,28,30,44,27,30,45,28,29,41.00,38.00,31.057,0.272,2.7976,sat down ~19:22Z from 45/46C
133.14,2026-09-28T19:29:24Z,500,30.0000,28.0000,30.0000,29.3180,28.0000,30.0000,44.0000,27.0000,30.0000,45.0000,28.0000,29.0000,30,28,30,29,28,30,44,27,30,45,28,29,30,28,30,30,28,30,44,27,30,45,28,29,41.00,38.00,31.056,0.271,2.7976,sat down ~19:22Z from 45/46C
134.14,2026-09-28T19:29:25Z,501,30.0000,28.0000,30.0000,29.3533,28.0000,30.0000,44.0000,27.0000,30.0000,45.0000,28.0000,29.0000,30,28,30,29,28,30,44,27,30,45,28,29,30,28,30,30,28,30,44,27,30,45,28,29,41.00,38.00,31.056,0.269,2.7976,sat down ~19:22Z from 45/46C
135.14,2026-09-28T19:29:26Z,500,30.0000,28.0000,30.0000,29.3400,28.0000,30.0000,44.0000,27.0000,30.0000,45.0000,28.0000,29.0000,30,28,30,29,28,30,44,27,30,45,28,29,30,28,30,30,28,30,44,27,30,45,28,29,41.00,38.00,31.055,0.270,2.7976,sat down ~19:22Z from 45/46C
136.14,2026-09-28T19:29:27Z,500,30.0000,28.0000,30.0000,29.4160,28.0000,30.0000,44.0000,27.0000,30.0000,45.0000,28.0000,29.0000,30,28,30,29,28,30,44,27,30,45,28,29,30,28,30,30,28,30,44,27,30,45,28,29,41.00,38.00,31.055,0.268,2.7976,sat down ~19:22Z from 45/46C
137.14,2026-09-28T19:29:28Z,500,30.0000,28.0000,30.0000,29.3180,28.0000,30.0000,44.0000,27.0000,30.0000,45.0000,28.0000,29.0000,30,28,30,29,28,30,44,27,30,45,28,29,30,28,30,30,28,30,44,27,30,45,28,29,41.00,38.00,31.055,0.272,2.7976,sat down ~19:22Z from 45/46C
138.14,2026-09-28T19:29:29Z,501,30.0000,28.0000,30.0000,29.3713,28.0000,30.0000,44.0000,27.0000,30.0000,45.0000,28.0000,29.0000,30,28,30,29,28,30,44,27,30,45,28,29,30,28,30,30,28,30,44,27,30,45,28,29,41.00,38.00,31.055,0.275,2.7976,sat down ~19:22Z from 45/46C
139.14,2026-09-28T19:29:30Z,500,30.0000,28.0000,30.0000,29.3840,28.0000,30.0000,44.0000,27.0000,29.9920,45.0000,28.0000,29.0000,30,28,30,29,28,30,44,27,29,45,28,29,30,28,30,30,28,30,44,27,30,45,28,29,41.00,38.00,31.055,0.275,2.7976,sat down ~19:22Z from 45/46C
140.14,2026-09-28T19:29:31Z,501,30.0000,28.0000,30.0000,29.4012,28.0000,30.0000,44.0000,27.0000,30.0000,45.0000,28.0000,29.0000,30,28,30,29,28,30,44,27,30,45,28,29,30,28,30,30,28,30,44,27,30,45,28,29,41.00,38.00,31.054,0.271,2.7976,sat down ~19:22Z from 45/46C
141.15,2026-09-28T19:29:32Z,501,30.0000,28.0000,30.0000,29.5409,28.0000,30.0000,44.0000,27.0000,30.0000,45.0000,28.0000,29.0000,30,28,30,29,28,30,44,27,30,45,28,29,30,28,30,30,28,30,44,27,30,45,28,29,41.00,38.00,31.054,0.271,2.7976,sat down ~19:22Z from 45/46C
142.15,2026-09-28T19:29:33Z,501,30.0000,28.0000,30.0000,29.5529,28.0000,30.0000,44.0000,27.0000,30.0000,45.0000,28.0000,29.0000,30,28,30,29,28,30,44,27,30,45,28,29,30,28,30,30,28,30,44,27,30,45,28,29,41.00,38.00,31.054,0.274,2.7976,sat down ~19:22Z from 45/46C
143.15,2026-09-28T19:29:34Z,501,30.0000,28.0000,30.0000,29.6228,28.0000,30.0000,44.0000,27.0000,30.0000,45.0000,28.0000,29.0000,30,28,30,29,28,30,44,27,30,45,28,29,30,28,30,30,28,30,44,27,30,45,28,29,41.00,38.00,31.053,0.270,2.7976,sat down ~19:22Z from 45/46C
144.15,2026-09-28T19:29:35Z,501,30.0000,28.0000,30.0000,29.6327,28.0000,30.0000,44.0000,27.0000,30.0000,45.0000,28.0000,29.0000,30,28,30,29,28,30,44,27,30,45,28,29,30,28,30,30,28,30,44,27,30,45,28,29,41.00,38.00,31.053,0.272,2.7976,sat down ~19:22Z from 45/46C
145.15,2026-09-28T19:29:36Z,501,30.0000,28.0000,30.0000,29.6108,28.0000,30.0000,44.0000,27.0000,30.0000,45.0000,28.0000,29.0000,30,28,30,29,28,30,44,27,30,45,28,29,30,28,30,30,28,30,44,27,30,45,28,29,41.00,38.00,31.053,0.271,2.7976,sat down ~19:22Z from 45/46C
146.15,2026-09-28T19:29:37Z,500,30.0000,28.0000,30.0000,29.6300,28.0000,30.0000,44.0000,27.0000,30.0000,45.0000,28.0000,29.0000,30,28,30,29,28,30,44,27,30,45,28,29,30,28,30,30,28,30,44,27,30,45,28,29,41.00,38.00,31.052,0.271,2.7976,sat down ~19:22Z from 45/46C
147.16,2026-09-28T19:29:38Z,500,30.0000,28.0000,30.0000,29.6700,28.0000,30.0000,44.0000,27.0000,30.0000,45.0000,28.0000,29.0000,30,28,30,29,28,30,44,27,30,45,28,29,30,28,30,30,28,30,44,27,30,45,28,29,41.00,38.00,31.053,0.272,2.7976,sat down ~19:22Z from 45/46C
148.16,2026-09-28T19:29:39Z,501,30.0000,28.0000,30.0000,29.6587,28.0000,30.0000,44.0000,27.0000,30.0000,45.0000,28.0000,29.0000,30,28,30,29,28,30,44,27,30,45,28,29,30,28,30,30,28,30,44,27,30,45,28,29,41.00,38.00,31.052,0.268,2.7976,sat down ~19:22Z from 45/46C
149.16,2026-09-28T19:29:40Z,500,30.0000,28.0000,30.0000,29.6120,28.0000,30.0000,44.0000,27.0000,30.0000,45.0000,28.0000,29.0000,30,28,30,29,28,30,44,27,30,45,28,29,30,28,30,30,28,30,44,27,30,45,28,29,41.00,38.00,31.052,0.271,2.7976,sat down ~19:22Z from 45/46C
150.16,2026-09-28T19:29:41Z,500,30.0000,28.0000,30.0000,29.6860,28.0000,30.0000,44.0000,27.0000,30.0000,45.0000,28.0000,29.0000,30,28,30,29,28,30,44,27,30,45,28,29,30,28,30,30,28,30,44,27,30,45,28,29,41.00,38.00,31.052,0.272,2.7976,sat down ~19:22Z from 45/46C
151.16,2026-09-28T19:29:42Z,501,30.0000,28.0000,30.0000,29.6766,28.0000,30.0000,44.0000,27.0000,30.0000,45.0000,28.0000,29.0000,30,28,30,29,28,30,44,27,30,45,28,29,30,28,30,30,28,30,44,27,30,45,28,29,41.00,38.00,31.052,0.270,2.7976,sat down ~19:22Z from 45/46C
152.16,2026-09-28T19:29:43Z,499,30.0000,28.0000,30.0000,29.7635,28.0000,30.0000,44.0000,27.0000,30.0000,45.0000,28.0000,29.0000,30,28,30,29,28,30,44,27,30,45,28,29,30,28,30,30,28,30,44,27,30,45,28,29,41.00,38.00,31.051,0.275,2.7976,sat down ~19:22Z from 45/46C
153.16,2026-09-28T19:29:44Z,501,30.0000,28.0000,30.0000,29.7146,28.0000,30.0000,44.0000,27.0080,30.0000,45.0000,28.0000,29.0000,30,28,30,29,28,30,44,27,30,45,28,29,30,28,30,30,28,30,44,28,30,45,28,29,41.00,38.00,31.051,0.271,2.7976,sat down ~19:22Z from 45/46C
154.16,2026-09-28T19:29:45Z,500,30.0000,28.0000,30.0000,29.7840,28.0000,29.9940,44.0000,27.0060,30.0000,45.0000,28.0000,29.0000,30,28,30,29,28,29,44,27,30,45,28,29,30,28,30,30,28,30,44,28,30,45,28,29,41.00,38.00,31.051,0.273,2.7976,sat down ~19:22Z from 45/46C
155.16,2026-09-28T19:29:46Z,500,30.0000,28.0000,30.0000,29.7940,28.0000,30.0000,44.0000,27.0000,30.0000,45.0000,28.0000,29.0000,30,28,30,29,28,30,44,27,30,45,28,29,30,28,30,30,28,30,44,27,30,45,28,29,41.00,38.00,31.051,0.272,2.7976,sat down ~19:22Z from 45/46C
156.16,2026-09-28T19:29:47Z,501,30.0000,28.0000,30.0000,29.8463,28.0000,30.0000,44.0000,27.0200,30.0000,45.0000,28.0000,29.0000,30,28,30,29,28,30,44,27,30,45,28,29,30,28,30,30,28,30,44,28,30,45,28,29,41.00,38.00,31.050,0.272,2.7976,sat down ~19:22Z from 45/46C
157.17,2026-09-28T19:29:48Z,501,30.0000,28.0000,30.0000,29.8263,28.0000,30.0000,44.0000,27.0259,30.0000,45.0000,28.0000,29.0000,30,28,30,29,28,30,44,27,30,45,28,29,30,28,30,30,28,30,44,28,30,45,28,29,41.00,38.00,31.051,0.276,2.7976,sat down ~19:22Z from 45/46C
158.17,2026-09-28T19:29:49Z,500,30.0000,28.0000,30.0000,29.8240,28.0000,30.0000,44.0000,27.0440,30.0000,45.0000,28.0000,29.0000,30,28,30,29,28,30,44,27,30,45,28,29,30,28,30,30,28,30,44,28,30,45,28,29,41.00,38.00,31.050,0.276,2.7976,sat down ~19:22Z from 45/46C
159.17,2026-09-28T19:29:50Z,499,30.0000,28.0000,30.0000,29.8898,28.0000,30.0000,44.0000,27.0461,30.0000,45.0000,28.0000,29.0000,30,28,30,29,28,30,44,27,30,45,28,29,30,28,30,30,28,30,44,28,30,45,28,29,41.00,38.00,31.050,0.274,2.7976,sat down ~19:22Z from 45/46C
160.17,2026-09-28T19:29:51Z,501,30.0000,28.0000,30.0000,29.9062,28.0000,30.0000,44.0000,27.0858,30.0000,45.0000,28.0000,29.0000,30,28,30,29,28,30,44,27,30,45,28,29,30,28,30,30,28,30,44,28,30,45,28,29,41.00,38.00,31.050,0.273,2.7976,sat down ~19:22Z from 45/46C
161.17,2026-09-28T19:29:52Z,500,30.0000,28.0000,30.0000,29.9540,28.0000,30.0000,44.0000,27.1280,30.0000,45.0000,28.0000,29.0000,30,28,30,29,28,30,44,27,30,45,28,29,30,28,30,30,28,30,44,28,30,45,28,29,41.00,38.00,31.049,0.274,2.7976,sat down ~19:22Z from 45/46C
162.17,2026-09-28T19:29:53Z,501,30.0000,28.0000,30.0000,29.9082,28.0000,30.0000,44.0000,27.1896,30.0000,45.0000,28.0000,29.0000,30,28,30,29,28,30,44,27,30,45,28,29,30,28,30,30,28,30,44,28,30,45,28,29,41.00,38.00,31.049,0.272,2.7976,sat down ~19:22Z from 45/46C
163.17,2026-09-28T19:29:54Z,501,30.0000,28.0000,30.0000,29.9002,28.0000,30.0000,44.0000,27.2395,30.0000,45.0000,28.0000,29.0000,30,28,30,29,28,30,44,27,30,45,28,29,30,28,30,30,28,30,44,28,30,45,28,29,41.00,38.00,31.049,0.276,2.7976,sat down ~19:22Z from 45/46C
164.18,2026-09-28T19:29:55Z,501,30.0000,28.0000,30.0000,29.8902,28.0000,30.0000,44.0000,27.3792,30.0000,45.0000,28.0000,29.0000,30,28,30,29,28,30,44,27,30,45,28,29,30,28,30,30,28,30,44,28,30,45,28,29,41.00,38.00,31.049,0.277,2.7976,sat down ~19:22Z from 45/46C
165.18,2026-09-28T19:29:56Z,500,30.0000,28.0000,30.0000,29.9440,28.0000,30.0000,44.0000,27.5020,30.0000,45.0000,28.0000,29.0000,30,28,30,29,28,30,44,27,30,45,28,29,30,28,30,30,28,30,44,28,30,45,28,29,41.00,38.00,31.048,0.275,2.7976,sat down ~19:22Z from 45/46C
166.18,2026-09-28T19:29:57Z,500,30.0000,28.0000,30.0000,29.9240,28.0000,30.0000,44.0000,27.6360,30.0000,45.0000,28.0000,29.0000,30,28,30,29,28,30,44,27,30,45,28,29,30,28,30,30,28,30,44,28,30,45,28,29,41.00,38.00,31.048,0.276,2.7976,sat down ~19:22Z from 45/46C
167.18,2026-09-28T19:29:58Z,500,30.0000,28.0000,30.0000,29.9740,28.0000,30.0000,44.0000,27.6480,30.0000,45.0000,28.0000,29.0000,30,28,30,29,28,30,44,27,30,45,28,29,30,28,30,30,28,30,44,28,30,45,28,29,41.00,38.00,31.048,0.276,2.7976,sat down ~19:22Z from 45/46C
168.18,2026-09-28T19:29:59Z,501,30.0000,28.0000,30.0000,29.9860,28.0000,30.0000,44.0000,27.7305,30.0000,45.0000,28.0000,29.0000,30,28,30,29,28,30,44,27,30,45,28,29,30,28,30,30,28,30,44,28,30,45,28,29,41.00,38.00,31.048,0.276,2.7976,sat down ~19:22Z from 45/46C
169.18,2026-09-28T19:30:00Z,500,30.0000,28.0000,30.0000,29.9720,28.0000,30.0000,44.0000,27.7880,30.0000,45.0000,28.0000,29.0000,30,28,30,29,28,30,44,27,30,45,28,29,30,28,30,30,28,30,44,28,30,45,28,29,41.00,38.00,31.047,0.274,2.7976,sat down ~19:22Z from 45/46C
170.18,2026-09-28T19:30:01Z,500,30.0000,28.0000,30.0000,29.9800,28.0000,30.0000,44.0000,27.8700,30.0000,45.0000,28.0000,29.0000,30,28,30,29,28,30,44,27,30,45,28,29,30,28,30,30,28,30,44,28,30,45,28,29,41.00,38.00,31.048,0.275,2.7976,sat down ~19:22Z from 45/46C
171.18,2026-09-28T19:30:02Z,501,30.0000,28.0000,30.0000,29.9860,28.0000,30.0000,44.0000,27.9042,30.0000,45.0000,28.0000,29.0000,30,28,30,29,28,30,44,27,30,45,28,29,30,28,30,30,28,30,44,28,30,45,28,29,41.00,38.00,31.048,0.278,2.7976,sat down ~19:22Z from 45/46C
172.18,2026-09-28T19:30:03Z,500,30.0000,28.0000,30.0000,29.9580,28.0000,30.0000,44.0000,27.9240,30.0000,45.0000,28.0000,29.0000,30,28,30,29,28,30,44,27,30,45,28,29,30,28,30,30,28,30,44,28,30,45,28,29,41.00,38.00,31.047,0.276,2.7976,sat down ~19:22Z from 45/46C
173.18,2026-09-28T19:30:04Z,501,30.0000,28.0000,30.0000,29.9780,28.0000,30.0000,44.0000,27.9421,30.0000,45.0000,28.0000,29.0000,30,28,30,29,28,30,44,27,30,45,28,29,30,28,30,30,28,30,44,28,30,45,28,29,41.00,38.00,31.047,0.277,2.7976,sat down ~19:22Z from 45/46C
174.19,2026-09-28T19:30:05Z,501,30.0000,28.0000,30.0000,30.0000,28.0000,30.0000,44.0000,27.9940,30.0000,45.0000,28.0000,29.0000,30,28,30,30,28,30,44,27,30,45,28,29,30,28,30,30,28,30,44,28,30,45,28,29,41.00,38.00,31.046,0.275,2.7976,sat down ~19:22Z from 45/46C
175.19,2026-09-28T19:30:06Z,500,30.0000,28.0000,30.0000,29.9860,28.0000,30.0000,44.0000,27.9720,30.0000,45.0000,28.0000,29.0000,30,28,30,29,28,30,44,27,30,45,28,29,30,28,30,30,28,30,44,28,30,45,28,29,41.00,38.00,31.046,0.276,2.7976,sat down ~19:22Z from 45/46C
176.19,2026-09-28T19:30:07Z,500,30.0000,28.0000,30.0000,29.9640,28.0000,30.0000,44.0000,27.9940,30.0000,45.0000,28.0000,29.0000,30,28,30,29,28,30,44,27,30,45,28,29,30,28,30,30,28,30,44,28,30,45,28,29,41.00,38.00,31.046,0.273,2.7976,sat down ~19:22Z from 45/46C
177.19,2026-09-28T19:30:08Z,500,30.0000,28.0000,30.0000,29.9640,28.0000,30.0000,44.0000,27.9880,30.0000,45.0000,28.0000,29.0000,30,28,30,29,28,30,44,27,30,45,28,29,30,28,30,30,28,30,44,28,30,45,28,29,41.00,38.00,31.045,0.275,2.7976,sat down ~19:22Z from 45/46C
178.19,2026-09-28T19:30:09Z,500,30.0000,28.0000,30.0000,29.9860,28.0000,30.0000,44.0000,28.0000,30.0000,45.0000,28.0000,29.0000,30,28,30,29,28,30,44,28,30,45,28,29,30,28,30,30,28,30,44,28,30,45,28,29,41.00,38.00,31.046,0.273,2.7976,sat down ~19:22Z from 45/46C
179.19,2026-09-28T19:30:10Z,500,30.0000,28.0000,30.0000,29.9820,28.0000,30.0000,44.0000,28.0000,30.0000,44.9920,28.0000,29.0000,30,28,30,29,28,30,44,28,30,44,28,29,30,28,30,30,28,30,44,28,30,45,28,29,41.00,38.00,31.045,0.274,2.7976,sat down ~19:22Z from 45/46C
180.19,2026-09-28T19:30:11Z,501,30.0000,28.0000,30.0000,30.0000,28.0000,30.0000,44.0000,28.0000,29.9940,45.0000,28.0000,29.0000,30,28,30,30,28,30,44,28,29,45,28,29,30,28,30,30,28,30,44,28,30,45,28,29,41.00,38.00,31.045,0.273,2.7976,sat down ~19:22Z from 45/46C
181.19,2026-09-28T19:30:12Z,500,30.0000,28.0000,30.0000,30.0000,28.0000,30.0000,44.0000,27.9920,30.0000,44.9500,28.0000,29.0000,30,28,30,30,28,30,44,27,30,44,28,29,30,28,30,30,28,30,44,28,30,45,28,29,41.00,38.00,31.045,0.275,2.7976,sat down ~19:22Z from 45/46C
182.19,2026-09-28T19:30:13Z,501,30.0000,28.0000,30.0000,29.9840,28.0000,30.0000,44.0000,27.9920,30.0000,44.8124,28.0000,29.0000,30,28,30,29,28,30,44,27,30,44,28,29,30,28,30,30,28,30,44,28,30,45,28,29,41.00,38.00,31.044,0.274,2.7976,sat down ~19:22Z from 45/46C
183.19,2026-09-28T19:30:14Z,500,30.0000,28.0000,30.0000,30.0000,28.0000,30.0000,44.0000,28.0000,30.0000,44.6880,28.0000,29.0000,30,28,30,30,28,30,44,28,30,44,28,29,30,28,30,30,28,30,44,28,30,45,28,29,41.00,38.01,31.044,0.271,2.7976,sat down ~19:22Z from 45/46C
184.19,2026-09-28T19:30:15Z,501,30.0000,28.0000,30.0000,30.0000,28.0000,30.0000,44.0000,28.0000,30.0000,44.4491,28.0000,29.0000,30,28,30,30,28,30,44,28,30,44,28,29,30,28,30,30,28,30,44,28,30,45,28,29,41.00,38.03,31.044,0.268,2.7976,sat down ~19:22Z from 45/46C
185.19,2026-09-28T19:30:16Z,501,30.0000,28.0000,30.0000,29.9920,28.0000,30.0000,44.0000,28.0000,30.0000,44.3253,28.0000,29.0000,30,28,30,29,28,30,44,28,30,44,28,29,30,28,30,30,28,30,44,28,30,45,28,29,41.00,38.03,31.044,0.272,2.7976,sat down ~19:22Z from 45/46C
186.19,2026-09-28T19:30:17Z,500,30.0000,28.0000,30.0000,29.9940,28.0000,30.0000,44.0000,28.0000,30.0000,44.1840,28.0000,29.0000,30,28,30,29,28,30,44,28,30,44,28,29,30,28,30,30,28,30,44,28,30,45,28,29,41.00,38.08,31.044,0.272,2.7976,sat down ~19:22Z from 45/46C
187.19,2026-09-28T19:30:18Z,500,30.0000,28.0000,30.0000,29.9880,28.0000,30.0000,44.0000,28.0000,30.0000,44.0520,28.0000,29.0000,30,28,30,29,28,30,44,28,30,44,28,29,30,28,30,30,28,30,44,28,30,45,28,29,41.00,38.14,31.043,0.268,2.7976,sat down ~19:22Z from 45/46C
188.20,2026-09-28T19:30:19Z,501,30.0000,28.0000,30.0000,29.9920,28.0000,30.0000,44.0000,28.0000,30.0000,44.0279,28.0000,29.0000,30,28,30,29,28,30,44,28,30,44,28,29,30,28,30,30,28,30,44,28,30,45,28,29,41.00,38.18,31.043,0.267,2.7976,sat down ~19:22Z from 45/46C
189.20,2026-09-28T19:30:20Z,501,30.0000,28.0000,30.0000,30.0000,28.0000,30.0000,44.0000,28.0000,30.0000,44.0000,28.0000,29.0000,30,28,30,30,28,30,44,28,30,44,28,29,30,28,30,30,28,30,44,28,30,44,28,29,41.00,38.11,31.042,0.269,2.7976,sat down ~19:22Z from 45/46C
190.20,2026-09-28T19:30:21Z,501,30.0000,28.0000,30.0000,30.0000,28.0000,30.0000,44.0000,28.0000,30.0000,44.0000,28.0000,29.0000,30,28,30,30,28,30,44,28,30,44,28,29,30,28,30,30,28,30,44,28,30,44,28,29,41.00,38.23,31.042,0.268,2.7976,sat down ~19:22Z from 45/46C
191.20,2026-09-28T19:30:22Z,500,30.0000,28.0000,30.0000,29.9840,28.0000,30.0000,44.0000,28.0000,30.0000,44.0000,28.0000,29.0000,30,28,30,29,28,30,44,28,30,44,28,29,30,28,30,30,28,30,44,28,30,44,28,29,41.00,38.38,31.042,0.272,2.7976,sat down ~19:22Z from 45/46C
192.20,2026-09-28T19:30:23Z,500,30.0000,28.0000,30.0000,30.0000,28.0000,30.0000,44.0000,28.0000,30.0000,44.0000,28.0000,29.0000,30,28,30,30,28,30,44,28,30,44,28,29,30,28,30,30,28,30,44,28,30,44,28,29,41.00,38.47,31.042,0.270,2.7976,sat down ~19:22Z from 45/46C
193.20,2026-09-28T19:30:24Z,500,30.0000,28.0000,30.0000,29.9940,28.0000,30.0000,44.0000,28.0000,30.0000,44.0000,28.0000,29.0000,30,28,30,29,28,30,44,28,30,44,28,29,30,28,30,30,28,30,44,28,30,44,28,29,41.00,38.30,31.042,0.271,2.7976,sat down ~19:22Z from 45/46C
194.20,2026-09-28T19:30:25Z,501,30.0000,28.0000,30.0000,30.0000,28.0000,30.0000,44.0000,28.0000,30.0000,44.0000,28.0000,29.0000,30,28,30,30,28,30,44,28,30,44,28,29,30,28,30,30,28,30,44,28,30,44,28,29,41.00,38.40,31.041,0.269,2.7976,sat down ~19:22Z from 45/46C
195.20,2026-09-28T19:30:26Z,500,30.0000,28.0000,30.0000,29.9920,28.0000,30.0000,44.0000,28.0000,30.0000,44.0000,28.0000,29.0000,30,28,30,29,28,30,44,28,30,44,28,29,30,28,30,30,28,30,44,28,30,44,28,29,41.00,38.39,31.041,0.269,2.7976,sat down ~19:22Z from 45/46C
196.21,2026-09-28T19:30:27Z,501,30.0000,28.0000,30.0000,30.0000,28.0000,30.0000,44.0000,28.0000,30.0000,44.0000,28.0000,29.0000,30,28,30,30,28,30,44,28,30,44,28,29,30,28,30,30,28,30,44,28,30,44,28,29,41.00,38.34,31.040,0.271,2.7976,sat down ~19:22Z from 45/46C
197.21,2026-09-28T19:30:28Z,500,30.0000,28.0000,30.0000,30.0000,28.0000,30.0000,44.0000,28.0000,30.0000,44.0000,28.0000,29.0000,30,28,30,30,28,30,44,28,30,44,28,29,30,28,30,30,28,30,44,28,30,44,28,29,41.00,38.28,31.041,0.269,2.7976,sat down ~19:22Z from 45/46C
198.21,2026-09-28T19:30:29Z,501,30.0000,28.0000,30.0000,30.0000,28.0000,30.0000,44.0000,28.0000,30.0000,44.0000,28.0000,29.0000,30,28,30,30,28,30,44,28,30,44,28,29,30,28,30,30,28,30,44,28,30,44,28,29,41.00,38.50,31.041,0.267,2.7976,sat down ~19:22Z from 45/46C
199.21,2026-09-28T19:30:30Z,500,30.0000,28.0000,30.0000,30.0000,28.0000,30.0000,44.0000,28.0000,30.0000,44.0000,28.0000,29.0000,30,28,30,30,28,30,44,28,30,44,28,29,30,28,30,30,28,30,44,28,30,44,28,29,41.00,38.42,31.041,0.269,2.7976,sat down ~19:22Z from 45/46C
200.21,2026-09-28T19:30:31Z,500,30.0000,28.0000,30.0000,30.0000,28.0000,30.0000,44.0000,28.0000,30.0000,44.0000,28.0000,29.0000,30,28,30,30,28,30,44,28,30,44,28,29,30,28,30,30,28,30,44,28,30,44,28,29,41.00,38.48,31.040,0.269,2.7976,sat down ~19:22Z from 45/46C
201.21,2026-09-28T19:30:32Z,499,30.0000,28.0000,30.0000,30.0000,28.0000,30.0000,44.0000,28.0000,30.0000,44.0000,28.0000,29.0000,30,28,30,30,28,30,44,28,30,44,28,29,30,28,30,30,28,30,44,28,30,44,28,29,41.00,38.74,31.040,0.271,2.7976,sat down ~19:22Z from 45/46C
202.21,2026-09-28T19:30:33Z,499,30.0000,28.0000,30.0000,30.0000,28.0000,30.0000,44.0000,28.0000,30.0000,44.0000,28.0000,29.0000,30,28,30,30,28,30,44,28,30,44,28,29,30,28,30,30,28,30,44,28,30,44,28,29,41.00,38.65,31.040,0.268,2.7976,sat down ~19:22Z from 45/46C
203.21,2026-09-28T19:30:34Z,501,30.0000,28.0000,30.0000,30.0000,28.0000,30.0000,44.0000,28.0000,30.0000,44.0000,28.0000,29.0000,30,28,30,30,28,30,44,28,30,44,28,29,30,28,30,30,28,30,44,28,30,44,28,29,41.00,38.66,31.039,0.271,2.7976,sat down ~19:22Z from 45/46C
204.21,2026-09-28T19:30:35Z,500,30.0000,28.0000,30.0000,30.0000,28.0000,30.0000,44.0000,28.0000,30.0000,44.0000,28.0000,29.0000,30,28,30,30,28,30,44,28,30,44,28,29,30,28,30,30,28,30,44,28,30,44,28,29,41.00,38.54,31.039,0.273,2.7976,sat down ~19:22Z from 45/46C
205.21,2026-09-28T19:30:36Z,500,30.0000,28.0000,30.0000,30.0000,28.0000,30.0000,44.0000,28.0000,30.0000,44.0000,28.0000,29.0000,30,28,30,30,28,30,44,28,30,44,28,29,30,28,30,30,28,30,44,28,30,44,28,29,41.00,38.59,31.039,0.272,2.7976,sat down ~19:22Z from 45/46C
206.21,2026-09-28T19:30:37Z,500,30.0000,28.0000,30.0000,30.0000,28.0000,30.0000,44.0000,28.0000,30.0000,44.0000,28.0000,29.0000,30,28,30,30,28,30,44,28,30,44,28,29,30,28,30,30,28,30,44,28,30,44,28,29,41.00,38.57,31.038,0.270,2.7976,sat down ~19:22Z from 45/46C
207.21,2026-09-28T19:30:38Z,500,30.0000,28.0000,30.0000,30.0000,28.0000,30.0000,44.0000,28.0000,30.0000,44.0000,28.0000,29.0000,30,28,30,30,28,30,44,28,30,44,28,29,30,28,30,30,28,30,44,28,30,44,28,29,41.00,38.65,31.038,0.269,2.7976,sat down ~19:22Z from 45/46C
208.22,2026-09-28T19:30:39Z,501,30.0000,28.0000,30.0000,29.9940,28.0000,30.0000,44.0000,28.0000,30.0000,44.0000,28.0000,29.0000,30,28,30,29,28,30,44,28,30,44,28,29,30,28,30,30,28,30,44,28,30,44,28,29,41.00,38.72,31.038,0.270,2.7976,sat down ~19:22Z from 45/46C
209.22,2026-09-28T19:30:40Z,500,30.0000,28.0000,30.0000,30.0000,28.0000,30.0000,44.0000,28.0000,30.0000,44.0000,28.0000,29.0000,30,28,30,30,28,30,44,28,30,44,28,29,30,28,30,30,28,30,44,28,30,44,28,29,41.00,38.82,31.038,0.268,2.7976,sat down ~19:22Z from 45/46C
210.22,2026-09-28T19:30:41Z,501,30.0000,28.0000,30.0000,30.0000,28.0000,30.0000,43.9940,28.0000,30.0000,44.0000,28.0000,29.0000,30,28,30,30,28,30,43,28,30,44,28,29,30,28,30,30,28,30,44,28,30,44,28,29,41.00,38.81,31.038,0.270,2.7976,sat down ~19:22Z from 45/46C
211.22,2026-09-28T19:30:42Z,500,30.0000,28.0000,30.0000,30.0000,28.0000,30.0000,44.0000,28.0000,30.0000,44.0000,28.0000,29.0000,30,28,30,30,28,30,44,28,30,44,28,29,30,28,30,30,28,30,44,28,30,44,28,29,41.00,38.92,31.038,0.273,2.7976,sat down ~19:22Z from 45/46C
212.22,2026-09-28T19:30:43Z,501,30.0000,28.0000,30.0000,30.0000,28.0000,30.0000,44.0000,28.0000,30.0000,44.0000,28.0000,29.0000,30,28,30,30,28,30,44,28,30,44,28,29,30,28,30,30,28,30,44,28,30,44,28,29,41.00,38.98,31.038,0.271,2.7976,sat down ~19:22Z from 45/46C
213.22,2026-09-28T19:30:44Z,501,30.0000,28.0000,30.0000,30.0000,28.0000,30.0000,44.0000,28.0000,30.0000,44.0000,28.0000,29.0000,30,28,30,30,28,30,44,28,30,44,28,29,30,28,30,30,28,30,44,28,30,44,28,29,41.00,38.98,31.037,0.274,2.7976,sat down ~19:22Z from 45/46C
214.22,2026-09-28T19:30:45Z,501,30.0000,28.0000,30.0000,30.0000,28.0000,30.0000,44.0000,28.0000,30.0000,44.0000,28.0000,29.0000,30,28,30,30,28,30,44,28,30,44,28,29,30,28,30,30,28,30,44,28,30,44,28,29,41.00,38.98,31.037,0.271,2.7976,sat down ~19:22Z from 45/46C
215.22,2026-09-28T19:30:46Z,500,30.0000,28.0000,30.0000,30.0000,28.0000,30.0000,44.0000,28.0000,30.0000,44.0000,28.0000,29.0000,30,28,30,30,28,30,44,28,30,44,28,29,30,28,30,30,28,30,44,28,30,44,28,29,41.00,38.99,31.036,0.275,2.7976,sat down ~19:22Z from 45/46C
216.22,2026-09-28T19:30:47Z,500,30.0000,28.0000,30.0000,30.0000,28.0000,30.0000,44.0000,28.0000,30.0000,44.0000,28.0000,29.0000,30,28,30,30,28,30,44,28,30,44,28,29,30,28,30,30,28,30,44,28,30,44,28,29,41.00,38.97,31.036,0.274,2.7976,sat down ~19:22Z from 45/46C
217.23,2026-09-28T19:30:48Z,501,30.0000,28.0000,30.0000,30.0000,28.0000,30.0000,44.0000,28.0000,30.0000,44.0000,28.0000,29.0000,30,28,30,30,28,30,44,28,30,44,28,29,30,28,30,30,28,30,44,28,30,44,28,29,41.00,38.98,31.036,0.271,2.7976,sat down ~19:22Z from 45/46C
218.23,2026-09-28T19:30:49Z,501,30.0000,28.0000,30.0000,30.0000,28.0000,30.0000,44.0000,28.0000,30.0000,44.0000,28.0000,29.0000,30,28,30,30,28,30,44,28,30,44,28,29,30,28,30,30,28,30,44,28,30,44,28,29,41.00,38.99,31.036,0.275,2.7976,sat down ~19:22Z from 45/46C
219.23,2026-09-28T19:30:50Z,501,30.0000,28.0000,30.0000,30.0000,28.0000,30.0000,44.0000,28.0000,30.0000,44.0000,28.0000,29.0000,30,28,30,30,28,30,44,28,30,44,28,29,30,28,30,30,28,30,44,28,30,44,28,29,41.00,38.98,31.036,0.271,2.7976,sat down ~19:22Z from 45/46C
220.23,2026-09-28T19:30:51Z,500,30.0000,28.0000,30.0000,30.0000,28.0000,30.0000,44.0000,28.0000,30.0000,44.0000,28.0000,29.0000,30,28,30,30,28,30,44,28,30,44,28,29,30,28,30,30,28,30,44,28,30,44,28,29,41.00,38.97,31.036,0.274,2.7976,sat down ~19:22Z from 45/46C
221.23,2026-09-28T19:30:52Z,501,30.0000,28.0000,30.0000,30.0000,28.0000,30.0000,44.0000,28.0000,30.0000,44.0000,28.0000,29.0000,30,28,30,30,28,30,44,28,30,44,28,29,30,28,30,30,28,30,44,28,30,44,28,29,41.00,38.98,31.035,0.272,2.7976,sat down ~19:22Z from 45/46C
222.23,2026-09-28T19:30:53Z,501,30.0000,28.0000,30.0000,30.0000,28.0000,30.0000,43.9860,28.0000,30.0000,44.0000,28.0000,29.0000,30,28,30,30,28,30,43,28,30,44,28,29,30,28,30,30,28,30,44,28,30,44,28,29,41.00,38.99,31.035,0.271,2.7976,sat down ~19:22Z from 45/46C
223.24,2026-09-28T19:30:54Z,501,30.0000,28.0000,30.0000,30.0000,28.0000,30.0000,44.0000,28.0000,30.0000,44.0000,28.0000,29.0000,30,28,30,30,28,30,44,28,30,44,28,29,30,28,30,30,28,30,44,28,30,44,28,29,41.00,38.98,31.035,0.273,2.7976,sat down ~19:22Z from 45/46C
224.24,2026-09-28T19:30:55Z,501,30.0000,28.0000,30.0000,30.0000,28.0000,30.0000,43.9601,28.0000,30.0000,44.0000,28.0000,29.0000,30,28,30,30,28,30,43,28,30,44,28,29,30,28,30,30,28,30,44,28,30,44,28,29,41.00,38.98,31.034,0.271,2.7976,sat down ~19:22Z from 45/46C
225.24,2026-09-28T19:30:56Z,500,30.0000,28.0000,30.0000,30.0000,28.0000,30.0000,43.8680,28.0000,30.0000,44.0000,28.0000,29.0000,30,28,30,30,28,30,43,28,30,44,28,29,30,28,30,30,28,30,44,28,30,44,28,29,41.00,38.99,31.034,0.269,2.7976,sat down ~19:22Z from 45/46C
226.24,2026-09-28T19:30:57Z,501,30.0000,28.0000,30.0000,30.0000,28.0000,30.0000,43.7725,28.0000,30.0000,44.0000,28.0000,29.0000,30,28,30,30,28,30,43,28,30,44,28,29,30,28,30,30,28,30,44,28,30,44,28,29,41.00,38.98,31.034,0.270,2.7976,sat down ~19:22Z from 45/46C
227.24,2026-09-28T19:30:58Z,501,30.0000,28.0000,30.0000,30.0000,28.0000,30.0000,43.6667,28.0000,30.0000,44.0000,28.0000,29.0000,30,28,30,30,28,30,43,28,30,44,28,29,30,28,30,30,28,30,44,28,30,44,28,29,41.00,38.99,31.034,0.272,2.7976,sat down ~19:22Z from 45/46C
228.24,2026-09-28T19:30:59Z,501,30.0000,28.0000,30.0000,30.0000,28.0000,30.0000,43.4950,28.0000,30.0000,44.0000,28.0000,29.0000,30,28,30,30,28,30,43,28,30,44,28,29,30,28,30,30,28,30,44,28,30,44,28,29,41.00,38.99,31.034,0.277,2.7976,sat down ~19:22Z from 45/46C
229.24,2026-09-28T19:31:00Z,501,30.0000,28.0000,30.0000,30.0000,28.0000,30.0000,43.2236,28.0000,30.0000,44.0000,28.0000,29.0000,30,28,30,30,28,30,43,28,30,44,28,29,30,28,30,30,28,30,44,28,30,44,28,29,41.00,38.99,31.033,0.274,2.7976,sat down ~19:22Z from 45/46C
230.24,2026-09-28T19:31:01Z,500,30.0000,28.0000,30.0000,30.0000,28.0000,30.0000,43.0380,28.0000,30.0000,44.0000,28.0000,29.0000,30,28,30,30,28,30,43,28,30,44,28,29,30,28,30,30,28,30,44,28,30,44,28,29,41.00,38.99,31.033,0.275,2.7976,sat down ~19:22Z from 45/46C
231.25,2026-09-28T19:31:02Z,500,30.0000,28.0000,30.0000,30.0000,28.0000,30.0000,43.0000,28.0000,30.0000,44.0000,28.0000,29.0000,30,28,30,30,28,30,43,28,30,44,28,29,30,28,30,30,28,30,43,28,30,44,28,29,41.00,38.99,31.033,0.274,2.7976,sat down ~19:22Z from 45/46C
232.25,2026-09-28T19:31:03Z,501,30.0000,28.0000,30.0000,30.0000,28.0000,30.0000,43.0000,28.0000,30.0000,44.0000,28.0000,29.0000,30,28,30,30,28,30,43,28,30,44,28,29,30,28,30,30,28,30,43,28,30,44,28,29,41.00,38.99,31.033,0.274,2.7976,sat down ~19:22Z from 45/46C
233.25,2026-09-28T19:31:04Z,500,30.0000,28.0000,30.0000,30.0000,28.0000,30.0000,43.0000,28.0000,30.0000,44.0000,28.0000,29.0000,30,28,30,30,28,30,43,28,30,44,28,29,30,28,30,30,28,30,43,28,30,44,28,29,41.00,38.99,31.033,0.274,2.7976,sat down ~19:22Z from 45/46C
234.25,2026-09-28T19:31:05Z,500,30.0000,28.0000,30.0000,30.0000,28.0000,30.0000,43.0000,28.0000,30.0000,44.0000,28.0000,29.0000,30,28,30,30,28,30,43,28,30,44,28,29,30,28,30,30,28,30,43,28,30,44,28,29,41.00,38.99,31.032,0.273,2.7976,sat down ~19:22Z from 45/46C
235.25,2026-09-28T19:31:06Z,500,30.0000,28.0000,30.0000,30.0000,28.0000,30.0000,43.0000,28.0000,30.0000,44.0000,28.0000,29.0000,30,28,30,30,28,30,43,28,30,44,28,29,30,28,30,30,28,30,43,28,30,44,28,29,41.00,38.99,31.032,0.274,2.7976,sat down ~19:22Z from 45/46C
236.25,2026-09-28T19:31:07Z,501,30.0000,28.0000,30.0000,30.0000,28.0000,30.0000,43.0000,28.0000,30.0000,44.0000,28.0000,29.0000,30,28,30,30,28,30,43,28,30,44,28,29,30,28,30,30,28,30,43,28,30,44,28,29,41.00,38.99,31.032,0.270,2.7976,sat down ~19:22Z from 45/46C
237.25,2026-09-28T19:31:08Z,500,30.0000,28.0000,30.0000,30.0000,28.0000,30.0000,43.0000,28.0000,30.0000,44.0000,28.0000,29.0000,30,28,30,30,28,30,43,28,30,44,28,29,30,28,30,30,28,30,43,28,30,44,28,29,41.00,38.99,31.031,0.271,2.7976,sat down ~19:22Z from 45/46C
238.25,2026-09-28T19:31:09Z,501,30.0000,28.0000,30.0000,30.0000,28.0000,30.0000,43.0000,28.0000,30.0000,44.0000,28.0000,29.0000,30,28,30,30,28,30,43,28,30,44,28,29,30,28,30,30,28,30,43,28,30,44,28,29,41.00,38.98,31.031,0.273,2.7976,sat down ~19:22Z from 45/46C
239.25,2026-09-28T19:31:10Z,501,30.0000,28.0000,30.0000,30.0000,28.0000,30.0000,43.0000,28.0000,30.0000,44.0000,28.0000,29.0000,30,28,30,30,28,30,43,28,30,44,28,29,30,28,30,30,28,30,43,28,30,44,28,29,41.00,38.99,31.031,0.272,2.7976,sat down ~19:22Z from 45/46C
240.25,2026-09-28T19:31:11Z,501,30.0000,28.0000,30.0000,30.0000,28.0000,30.0000,43.0000,28.0000,30.0000,44.0000,28.0000,29.0000,30,28,30,30,28,30,43,28,30,44,28,29,30,28,30,30,28,30,43,28,30,44,28,29,41.00,38.98,31.031,0.275,2.7976,sat down ~19:22Z from 45/46C
241.26,2026-09-28T19:31:12Z,501,30.0000,28.0000,30.0000,30.0000,28.0000,30.0000,43.0000,28.0000,30.0000,44.0000,28.0000,29.0000,30,28,30,30,28,30,43,28,30,44,28,29,30,28,30,30,28,30,43,28,30,44,28,29,41.00,38.99,31.031,0.272,2.7976,sat down ~19:22Z from 45/46C
242.26,2026-09-28T19:31:13Z,501,30.0000,28.0000,30.0000,30.0000,28.0000,30.0000,43.0000,28.0000,30.0000,44.0000,28.0000,29.0000,30,28,30,30,28,30,43,28,30,44,28,29,30,28,30,30,28,30,43,28,30,44,28,29,41.00,38.99,31.031,0.273,2.7976,sat down ~19:22Z from 45/46C
243.26,2026-09-28T19:31:14Z,500,30.0000,28.0000,30.0000,30.0000,28.0000,30.0000,43.0000,28.0000,30.0000,44.0000,28.0000,29.0000,30,28,30,30,28,30,43,28,30,44,28,29,30,28,30,30,28,30,43,28,30,44,28,29,41.00,38.99,31.031,0.275,2.7976,sat down ~19:22Z from 45/46C
244.26,2026-09-28T19:31:15Z,501,30.0000,28.0000,30.0000,30.0000,28.0000,30.0000,43.0000,28.0000,30.0000,44.0000,28.0000,29.0000,30,28,30,30,28,30,43,28,30,44,28,29,30,28,30,30,28,30,43,28,30,44,28,29,41.00,38.99,31.030,0.272,2.7976,sat down ~19:22Z from 45/46C
245.26,2026-09-28T19:31:16Z,501,30.0000,28.0000,30.0000,30.0000,28.0000,30.0000,43.0000,28.0000,30.0000,44.0000,28.0000,29.0000,30,28,30,30,28,30,43,28,30,44,28,29,30,28,30,30,28,30,43,28,30,44,28,29,41.00,38.99,31.029,0.273,2.7976,sat down ~19:22Z from 45/46C
246.26,2026-09-28T19:31:17Z,500,30.0000,28.0000,30.0000,30.0000,28.0000,30.0000,43.0000,28.0000,30.0000,44.0000,28.0000,29.0000,30,28,30,30,28,30,43,28,30,44,28,29,30,28,30,30,28,30,43,28,30,44,28,29,41.00,38.99,31.030,0.272,2.7976,sat down ~19:22Z from 45/46C
247.26,2026-09-28T19:31:18Z,500,30.0000,28.0000,30.0000,30.0000,28.0000,30.0000,43.0000,28.0000,30.0000,44.0000,28.0000,29.0000,30,28,30,30,28,30,43,28,30,44,28,29,30,28,30,30,28,30,43,28,30,44,28,29,41.00,38.99,31.029,0.273,2.7976,sat down ~19:22Z from 45/46C
248.26,2026-09-28T19:31:19Z,500,30.0000,28.0000,30.0000,30.0000,28.0000,30.0000,43.0000,28.0000,30.0000,44.0000,28.0000,29.0000,30,28,30,30,28,30,43,28,30,44,28,29,30,28,30,30,28,30,43,28,30,44,28,29,41.00,38.99,31.029,0.274,2.7976,sat down ~19:22Z from 45/46C
249.26,2026-09-28T19:31:20Z,501,30.0000,28.0000,30.0000,30.0000,28.0000,30.0000,43.0000,28.0000,30.0000,44.0000,28.0000,29.0000,30,28,30,30,28,30,43,28,30,44,28,29,30,28,30,30,28,30,43,28,30,44,28,29,41.00,38.98,31.029,0.277,2.7976,sat down ~19:22Z from 45/46C
250.26,2026-09-28T19:31:21Z,500,30.0000,28.0000,30.0000,30.0000,28.0000,30.0000,43.0000,28.0000,30.0000,44.0000,28.0000,29.0000,30,28,30,30,28,30,43,28,30,44,28,29,30,28,30,30,28,30,43,28,30,44,28,29,41.00,38.99,31.029,0.277,2.7976,sat down ~19:22Z from 45/46C
251.27,2026-09-28T19:31:22Z,500,30.0000,28.0000,30.0000,30.0000,28.0000,30.0000,43.0000,28.0000,30.0000,44.0000,28.0000,29.0000,30,28,30,30,28,30,43,28,30,44,28,29,30,28,30,30,28,30,43,28,30,44,28,29,41.00,38.99,31.028,0.275,2.7976,sat down ~19:22Z from 45/46C
252.27,2026-09-28T19:31:23Z,501,30.0000,28.0000,30.0000,30.0000,28.0000,30.0000,43.0000,28.0000,30.0000,44.0000,28.0000,29.0000,30,28,30,30,28,30,43,28,30,44,28,29,30,28,30,30,28,30,43,28,30,44,28,29,41.00,39.00,31.028,0.273,2.7976,sat down ~19:22Z from 45/46C
253.27,2026-09-28T19:31:24Z,501,30.0000,28.0000,30.0000,30.0000,28.0000,30.0000,43.0000,28.0000,30.0000,44.0000,28.0000,29.0000,30,28,30,30,28,30,43,28,30,44,28,29,30,28,30,30,28,30,43,28,30,44,28,29,41.00,38.99,31.028,0.274,2.7976,sat down ~19:22Z from 45/46C
254.27,2026-09-28T19:31:25Z,499,30.0000,28.0000,30.0000,30.0000,28.0000,30.0000,43.0000,28.0000,30.0000,44.0000,28.0000,29.0000,30,28,30,30,28,30,43,28,30,44,28,29,30,28,30,30,28,30,43,28,30,44,28,29,41.00,38.99,31.028,0.270,2.7976,sat down ~19:22Z from 45/46C
255.27,2026-09-28T19:31:26Z,500,30.0000,28.0000,30.0000,30.0000,28.0000,30.0000,43.0000,28.0000,30.0000,44.0000,28.0000,29.0000,30,28,30,30,28,30,43,28,30,44,28,29,30,28,30,30,28,30,43,28,30,44,28,29,41.00,38.99,31.027,0.274,2.7976,sat down ~19:22Z from 45/46C
256.27,2026-09-28T19:31:27Z,501,30.0000,28.0000,30.0000,30.0000,28.0000,30.0000,43.0000,28.0000,30.0000,44.0000,28.0000,29.0000,30,28,30,30,28,30,43,28,30,44,28,29,30,28,30,30,28,30,43,28,30,44,28,29,41.00,38.99,31.027,0.272,2.7976,sat down ~19:22Z from 45/46C
257.27,2026-09-28T19:31:28Z,501,30.0000,28.0000,30.0000,30.0000,28.0000,30.0000,43.0000,28.0000,30.0000,44.0000,28.0000,29.0000,30,28,30,30,28,30,43,28,30,44,28,29,30,28,30,30,28,30,43,28,30,44,28,29,41.00,39.00,31.027,0.272,2.7976,sat down ~19:22Z from 45/46C
258.27,2026-09-28T19:31:29Z,501,30.0000,28.0000,30.0000,30.0000,28.0000,30.0000,43.0000,28.0000,30.0000,44.0000,28.0000,29.0000,30,28,30,30,28,30,43,28,30,44,28,29,30,28,30,30,28,30,43,28,30,44,28,29,41.00,38.99,31.026,0.272,2.7976,sat down ~19:22Z from 45/46C
259.28,2026-09-28T19:31:30Z,501,30.0000,28.0000,30.0000,30.0000,28.0000,30.0000,43.0000,28.0000,30.0000,44.0000,28.0000,29.0000,30,28,30,30,28,30,43,28,30,44,28,29,30,28,30,30,28,30,43,28,30,44,28,29,41.00,38.99,31.026,0.270,2.7976,sat down ~19:22Z from 45/46C
260.28,2026-09-28T19:31:31Z,501,30.0000,28.0000,30.0000,30.0000,28.0000,30.0000,43.0000,28.0000,30.0000,44.0000,28.0000,29.0000,30,28,30,30,28,30,43,28,30,44,28,29,30,28,30,30,28,30,43,28,30,44,28,29,41.00,38.99,31.026,0.272,2.7976,sat down ~19:22Z from 45/46C
261.28,2026-09-28T19:31:32Z,501,30.0000,28.0000,30.0000,30.0000,28.0000,30.0000,43.0000,28.0000,30.0000,44.0000,28.0000,29.0000,30,28,30,30,28,30,43,28,30,44,28,29,30,28,30,30,28,30,43,28,30,44,28,29,41.00,38.99,31.026,0.271,2.7976,sat down ~19:22Z from 45/46C
262.28,2026-09-28T19:31:33Z,501,30.0000,28.0000,30.0000,30.0000,28.0000,30.0000,43.0000,28.0000,30.0000,44.0000,28.0000,29.0000,30,28,30,30,28,30,43,28,30,44,28,29,30,28,30,30,28,30,43,28,30,44,28,29,41.00,38.99,31.026,0.273,2.7976,sat down ~19:22Z from 45/46C
263.28,2026-09-28T19:31:34Z,500,30.0000,28.0000,30.0000,30.0000,28.0000,30.0000,43.0000,28.0000,30.0000,44.0000,28.0000,29.0000,30,28,30,30,28,30,43,28,30,44,28,29,30,28,30,30,28,30,43,28,30,44,28,29,41.00,38.99,31.026,0.272,2.7976,sat down ~19:22Z from 45/46C
264.28,2026-09-28T19:31:35Z,501,30.0000,28.0000,30.0000,30.0000,28.0000,30.0000,43.0000,28.0000,30.0000,44.0000,28.0000,29.0000,30,28,30,30,28,30,43,28,30,44,28,29,30,28,30,30,28,30,43,28,30,44,28,29,41.00,39.00,31.025,0.270,2.7976,sat down ~19:22Z from 45/46C
265.29,2026-09-28T19:31:36Z,501,30.0000,28.0000,30.0000,30.0000,28.0000,30.0000,43.0000,28.0000,30.0000,44.0000,28.0000,29.0000,30,28,30,30,28,30,43,28,30,44,28,29,30,28,30,30,28,30,43,28,30,44,28,29,41.00,39.00,31.025,0.269,2.7976,sat down ~19:22Z from 45/46C
266.29,2026-09-28T19:31:37Z,500,30.0000,28.0000,30.0000,30.0000,28.0000,30.0000,43.0000,28.0000,30.0000,44.0000,28.0000,29.0000,30,28,30,30,28,30,43,28,30,44,28,29,30,28,30,30,28,30,43,28,30,44,28,29,41.00,38.99,31.025,0.269,2.7976,sat down ~19:22Z from 45/46C
267.29,2026-09-28T19:31:38Z,500,30.0000,28.0000,30.0000,30.0000,28.0000,30.0000,43.0000,28.0000,30.0000,44.0000,28.0000,29.0000,30,28,30,30,28,30,43,28,30,44,28,29,30,28,30,30,28,30,43,28,30,44,28,29,41.00,39.00,31.025,0.270,2.7976,sat down ~19:22Z from 45/46C
268.29,2026-09-28T19:31:39Z,501,30.0000,28.0000,30.0000,30.0000,28.0000,30.0000,43.0000,28.0000,30.0000,44.0000,28.0000,29.0000,30,28,30,30,28,30,43,28,30,44,28,29,30,28,30,30,28,30,43,28,30,44,28,29,41.00,38.99,31.024,0.272,2.7976,sat down ~19:22Z from 45/46C
269.29,2026-09-28T19:31:40Z,500,30.0000,28.0000,30.0000,30.0000,28.0000,30.0000,43.0000,28.0000,30.0000,44.0000,28.0000,29.0000,30,28,30,30,28,30,43,28,30,44,28,29,30,28,30,30,28,30,43,28,30,44,28,29,41.00,38.99,31.024,0.273,2.7976,sat down ~19:22Z from 45/46C
270.29,2026-09-28T19:31:41Z,500,30.0000,28.0000,30.0000,30.0000,28.0000,30.0000,43.0000,28.0000,30.0000,44.0000,28.0000,29.0000,30,28,30,30,28,30,43,28,30,44,28,29,30,28,30,30,28,30,43,28,30,44,28,29,41.00,39.00,31.024,0.274,2.7976,sat down ~19:22Z from 45/46C
271.29,2026-09-28T19:31:42Z,501,30.0000,28.0000,30.0000,30.0000,28.0000,30.0000,43.0000,28.0000,30.0000,44.0000,28.0000,29.0000,30,28,30,30,28,30,43,28,30,44,28,29,30,28,30,30,28,30,43,28,30,44,28,29,41.00,38.99,31.023,0.273,2.7976,sat down ~19:22Z from 45/46C
272.29,2026-09-28T19:31:43Z,500,30.0000,28.0000,30.0000,30.0000,28.0000,30.0000,43.0000,28.0000,30.0000,44.0000,28.0000,29.0000,30,28,30,30,28,30,43,28,30,44,28,29,30,28,30,30,28,30,43,28,30,44,28,29,41.00,39.00,31.023,0.275,2.7976,sat down ~19:22Z from 45/46C
273.29,2026-09-28T19:31:44Z,500,30.0000,28.0000,30.0000,30.0000,28.0000,30.0000,43.0000,28.0000,30.0000,44.0000,28.0000,29.0000,30,28,30,30,28,30,43,28,30,44,28,29,30,28,30,30,28,30,43,28,30,44,28,29,41.00,38.99,31.024,0.271,2.7976,sat down ~19:22Z from 45/46C
274.29,2026-09-28T19:31:45Z,499,30.0000,28.0000,30.0000,30.0000,28.0000,30.0000,43.0000,28.0000,30.0000,44.0000,28.0000,29.0000,30,28,30,30,28,30,43,28,30,44,28,29,30,28,30,30,28,30,43,28,30,44,28,29,41.00,38.99,31.023,0.274,2.7976,sat down ~19:22Z from 45/46C
275.30,2026-09-28T19:31:46Z,501,30.0000,28.0000,30.0000,30.0000,28.0000,30.0000,43.0000,28.0000,30.0000,44.0000,28.0000,29.0000,30,28,30,30,28,30,43,28,30,44,28,29,30,28,30,30,28,30,43,28,30,44,28,29,41.00,38.99,31.022,0.272,2.7976,sat down ~19:22Z from 45/46C
276.30,2026-09-28T19:31:47Z,500,30.0000,28.0000,30.0000,30.0000,28.0000,30.0000,43.0000,28.0000,30.0000,44.0000,28.0000,29.0000,30,28,30,30,28,30,43,28,30,44,28,29,30,28,30,30,28,30,43,28,30,44,28,29,41.00,38.99,31.023,0.271,2.7976,sat down ~19:22Z from 45/46C
277.30,2026-09-28T19:31:48Z,501,30.0000,28.0000,30.0000,30.0000,28.0000,30.0000,43.0000,28.0000,30.0000,44.0000,28.0000,29.0000,30,28,30,30,28,30,43,28,30,44,28,29,30,28,30,30,28,30,43,28,30,44,28,29,41.00,39.00,31.023,0.272,2.7976,sat down ~19:22Z from 45/46C
278.30,2026-09-28T19:31:49Z,501,30.0000,28.0000,30.0000,30.0000,28.0000,30.0000,43.0000,28.0000,30.0000,44.0000,28.0000,29.0000,30,28,30,30,28,30,43,28,30,44,28,29,30,28,30,30,28,30,43,28,30,44,28,29,41.00,39.00,31.022,0.271,2.7976,sat down ~19:22Z from 45/46C
279.30,2026-09-28T19:31:50Z,500,30.0000,28.0000,30.0000,30.0000,28.0000,30.0000,43.0000,28.0000,30.0000,44.0000,28.0000,29.0000,30,28,30,30,28,30,43,28,30,44,28,29,30,28,30,30,28,30,43,28,30,44,28,29,41.00,38.99,31.022,0.273,2.7976,sat down ~19:22Z from 45/46C
280.30,2026-09-28T19:31:51Z,500,30.0000,28.0000,30.0000,30.0000,28.0000,30.0000,43.0000,28.0000,30.0000,44.0000,28.0000,29.0000,30,28,30,30,28,30,43,28,30,44,28,29,30,28,30,30,28,30,43,28,30,44,28,29,41.00,39.00,31.022,0.272,2.7976,sat down ~19:22Z from 45/46C
281.30,2026-09-28T19:31:52Z,501,30.0000,28.0000,30.0000,30.0000,28.0000,30.0000,43.0000,28.0000,30.0000,44.0000,28.0000,29.0000,30,28,30,30,28,30,43,28,30,44,28,29,30,28,30,30,28,30,43,28,30,44,28,29,41.00,39.00,31.021,0.273,2.7976,sat down ~19:22Z from 45/46C
282.30,2026-09-28T19:31:53Z,500,30.0000,28.0000,30.0000,30.0000,28.0000,30.0000,43.0000,28.0000,30.0000,44.0000,28.0000,29.0000,30,28,30,30,28,30,43,28,30,44,28,29,30,28,30,30,28,30,43,28,30,44,28,29,41.00,38.99,31.021,0.272,2.7976,sat down ~19:22Z from 45/46C
283.30,2026-09-28T19:31:54Z,500,30.0000,28.0000,30.0000,30.0000,28.0000,30.0000,43.0000,28.0000,30.0000,44.0000,28.0000,29.0000,30,28,30,30,28,30,43,28,30,44,28,29,30,28,30,30,28,30,43,28,30,44,28,29,41.00,39.00,31.021,0.275,2.7976,sat down ~19:22Z from 45/46C
284.30,2026-09-28T19:31:55Z,501,30.0000,28.0000,30.0000,30.0000,28.0000,30.0000,43.0000,28.0000,30.0000,44.0000,28.0000,29.0000,30,28,30,30,28,30,43,28,30,44,28,29,30,28,30,30,28,30,43,28,30,44,28,29,41.00,38.99,31.021,0.274,2.7976,sat down ~19:22Z from 45/46C
285.31,2026-09-28T19:31:56Z,501,30.0000,28.0000,30.0000,30.0000,28.0000,30.0000,43.0000,28.0000,30.0000,44.0000,28.0000,29.0000,30,28,30,30,28,30,43,28,30,44,28,29,30,28,30,30,28,30,43,28,30,44,28,29,41.00,39.00,31.020,0.272,2.7976,sat down ~19:22Z from 45/46C
286.31,2026-09-28T19:31:57Z,500,30.0000,28.0000,30.0000,30.0000,28.0000,30.0000,43.0000,28.0000,30.0000,44.0000,28.0000,29.0000,30,28,30,30,28,30,43,28,30,44,28,29,30,28,30,30,28,30,43,28,30,44,28,29,41.00,38.99,31.020,0.273,2.7976,sat down ~19:22Z from 45/46C
287.31,2026-09-28T19:31:58Z,500,30.0000,28.0000,30.0000,30.0000,28.0000,30.0000,43.0000,28.0000,30.0000,44.0000,28.0000,29.0000,30,28,30,30,28,30,43,28,30,44,28,29,30,28,30,30,28,30,43,28,30,44,28,29,41.00,39.00,31.021,0.273,2.7976,sat down ~19:22Z from 45/46C
288.31,2026-09-28T19:31:59Z,501,30.0000,28.0000,30.0000,30.0000,28.0000,30.0000,43.0000,28.0000,30.0000,44.0000,28.0000,29.0000,30,28,30,30,28,30,43,28,30,44,28,29,30,28,30,30,28,30,43,28,30,44,28,29,41.00,39.00,31.020,0.272,2.7976,sat down ~19:22Z from 45/46C
289.31,2026-09-28T19:32:00Z,501,30.0000,28.0000,30.0000,30.0000,28.0000,30.0000,43.0000,28.0000,30.0000,44.0000,28.0000,29.0000,30,28,30,30,28,30,43,28,30,44,28,29,30,28,30,30,28,30,43,28,30,44,28,29,41.00,38.99,31.020,0.275,2.7976,sat down ~19:22Z from 45/46C
290.31,2026-09-28T19:32:01Z,501,30.0000,28.0000,30.0000,30.0000,28.0000,30.0000,43.0000,28.0000,30.0000,44.0000,28.0000,29.0000,30,28,30,30,28,30,43,28,30,44,28,29,30,28,30,30,28,30,43,28,30,44,28,29,41.00,39.00,31.020,0.276,2.7976,sat down ~19:22Z from 45/46C
291.31,2026-09-28T19:32:02Z,500,30.0000,28.0000,30.0000,30.0000,28.0000,30.0000,43.0000,28.0000,30.0000,44.0000,28.0000,29.0000,30,28,30,30,28,30,43,28,30,44,28,29,30,28,30,30,28,30,43,28,30,44,28,29,41.00,39.00,31.020,0.276,2.7976,sat down ~19:22Z from 45/46C
292.31,2026-09-28T19:32:03Z,500,30.0000,28.0000,30.0000,30.0000,28.0000,30.0000,43.0000,28.0000,30.0000,44.0000,28.0000,29.0000,30,28,30,30,28,30,43,28,30,44,28,29,30,28,30,30,28,30,43,28,30,44,28,29,41.00,38.99,31.019,0.277,2.7976,sat down ~19:22Z from 45/46C
293.31,2026-09-28T19:32:04Z,501,30.0000,28.0000,30.0000,30.0000,28.0000,30.0000,43.0000,28.0000,30.0000,44.0000,28.0000,29.0000,30,28,30,30,28,30,43,28,30,44,28,29,30,28,30,30,28,30,43,28,30,44,28,29,41.00,39.00,31.019,0.278,2.7976,sat down ~19:22Z from 45/46C
294.31,2026-09-28T19:32:05Z,500,30.0000,28.0000,30.0000,30.0000,28.0000,30.0000,43.0000,28.0000,30.0000,44.0000,28.0000,29.0000,30,28,30,30,28,30,43,28,30,44,28,29,30,28,30,30,28,30,43,28,30,44,28,29,41.00,38.99,31.019,0.279,2.7976,sat down ~19:22Z from 45/46C
295.32,2026-09-28T19:32:06Z,500,30.0000,28.0000,30.0000,30.0000,28.0000,30.0000,43.0000,28.0000,30.0000,44.0000,28.0000,29.0000,30,28,30,30,28,30,43,28,30,44,28,29,30,28,30,30,28,30,43,28,30,44,28,29,41.00,39.00,31.018,0.274,2.7976,sat down ~19:22Z from 45/46C
296.32,2026-09-28T19:32:07Z,500,30.0000,28.0000,30.0000,30.0000,28.0000,30.0000,43.0000,28.0000,30.0000,44.0000,28.0000,29.0000,30,28,30,30,28,30,43,28,30,44,28,29,30,28,30,30,28,30,43,28,30,44,28,29,41.00,38.99,31.018,0.274,2.7976,sat down ~19:22Z from 45/46C
297.32,2026-09-28T19:32:08Z,501,30.0000,28.0000,30.0000,30.0000,28.0000,30.0000,43.0000,28.0000,30.0000,44.0000,28.0000,29.0000,30,28,30,30,28,30,43,28,30,44,28,29,30,28,30,30,28,30,43,28,30,44,28,29,41.00,39.00,31.018,0.277,2.7976,sat down ~19:22Z from 45/46C
298.32,2026-09-28T19:32:09Z,501,30.0000,28.0000,30.0000,30.0000,28.0000,30.0000,43.0000,28.0000,30.0000,44.0000,28.0000,29.0000,30,28,30,30,28,30,43,28,30,44,28,29,30,28,30,30,28,30,43,28,30,44,28,29,41.00,39.00,31.018,0.279,2.7976,sat down ~19:22Z from 45/46C
299.32,2026-09-28T19:32:10Z,500,30.0000,28.0000,30.0000,30.0000,28.0000,30.0000,43.0000,28.0000,30.0000,44.0000,28.0000,29.0000,30,28,30,30,28,30,43,28,30,44,28,29,30,28,30,30,28,30,43,28,30,44,28,29,41.00,39.00,31.017,0.275,2.7976,sat down ~19:22Z from 45/46C
300.32,2026-09-28T19:32:11Z,501,30.0000,28.0000,30.0000,30.0000,28.0000,30.0000,43.0000,28.0000,30.0000,44.0000,28.0000,29.0000,30,28,30,30,28,30,43,28,30,44,28,29,30,28,30,30,28,30,43,28,30,44,28,29,41.00,39.00,31.017,0.276,2.7976,sat down ~19:22Z from 45/46C
301.32,2026-09-28T19:32:12Z,501,30.0000,28.0000,30.0000,30.0000,28.0000,30.0000,43.0000,28.0000,30.0000,44.0000,28.0000,29.0000,30,28,30,30,28,30,43,28,30,44,28,29,30,28,30,30,28,30,43,28,30,44,28,29,41.00,39.00,31.017,0.279,2.7976,sat down ~19:22Z from 45/46C
302.32,2026-09-28T19:32:13Z,500,30.0000,28.0000,30.0000,30.0000,28.0000,30.0000,43.0000,28.0000,30.0000,44.0000,28.0000,29.0000,30,28,30,30,28,30,43,28,30,44,28,29,30,28,30,30,28,30,43,28,30,44,28,29,41.00,38.99,31.017,0.277,2.7976,sat down ~19:22Z from 45/46C
303.33,2026-09-28T19:32:14Z,501,30.0000,28.0000,30.0000,30.0000,28.0000,30.0000,43.0000,28.0000,30.0000,44.0000,28.0000,29.0000,30,28,30,30,28,30,43,28,30,44,28,29,30,28,30,30,28,30,43,28,30,44,28,29,41.00,39.00,31.017,0.279,2.7976,sat down ~19:22Z from 45/46C
304.33,2026-09-28T19:32:15Z,501,30.0000,28.0000,30.0000,30.0000,28.0000,30.0000,43.0000,28.0000,30.0000,44.0000,28.0000,29.0000,30,28,30,30,28,30,43,28,30,44,28,29,30,28,30,30,28,30,43,28,30,44,28,29,41.00,38.99,31.016,0.280,2.7976,sat down ~19:22Z from 45/46C
305.33,2026-09-28T19:32:16Z,500,30.0000,28.0000,30.0000,30.0000,28.0000,30.0000,43.0000,28.0000,30.0000,44.0000,28.0000,29.0000,30,28,30,30,28,30,43,28,30,44,28,29,30,28,30,30,28,30,43,28,30,44,28,29,41.00,38.99,31.016,0.279,2.7976,sat down ~19:22Z from 45/46C
306.33,2026-09-28T19:32:17Z,500,30.0000,28.0000,30.0000,30.0000,28.0000,30.0000,43.0000,28.0000,30.0000,44.0000,28.0000,29.0000,30,28,30,30,28,30,43,28,30,44,28,29,30,28,30,30,28,30,43,28,30,44,28,29,41.00,39.00,31.016,0.282,2.7976,sat down ~19:22Z from 45/46C
307.33,2026-09-28T19:32:18Z,500,30.0000,28.0000,30.0000,30.0000,28.0000,30.0000,43.0000,28.0000,30.0000,44.0000,28.0000,29.0000,30,28,30,30,28,30,43,28,30,44,28,29,30,28,30,30,28,30,43,28,30,44,28,29,41.00,39.00,31.015,0.278,2.7976,sat down ~19:22Z from 45/46C
308.33,2026-09-28T19:32:19Z,501,30.0000,28.0000,30.0000,30.0000,28.0000,30.0000,43.0000,28.0000,30.0000,44.0000,28.0000,29.0000,30,28,30,30,28,30,43,28,30,44,28,29,30,28,30,30,28,30,43,28,30,44,28,29,41.00,39.00,31.015,0.273,2.7976,sat down ~19:22Z from 45/46C
309.33,2026-09-28T19:32:20Z,500,30.0000,28.0000,30.0000,30.0000,28.0000,30.0000,43.0000,28.0000,30.0000,44.0000,28.0000,29.0000,30,28,30,30,28,30,43,28,30,44,28,29,30,28,30,30,28,30,43,28,30,44,28,29,41.01,38.99,31.014,0.275,2.7976,sat down ~19:22Z from 45/46C
310.33,2026-09-28T19:32:21Z,501,30.0000,28.0000,30.0000,30.0000,28.0000,30.0000,43.0000,28.0000,30.0000,44.0000,28.0000,29.0000,30,28,30,30,28,30,43,28,30,44,28,29,30,28,30,30,28,30,43,28,30,44,28,29,41.00,38.99,31.015,0.275,2.7976,sat down ~19:22Z from 45/46C
311.33,2026-09-28T19:32:22Z,501,30.0000,28.0000,30.0000,30.0000,28.0000,30.0000,43.0000,28.0000,30.0000,44.0000,28.0000,29.0000,30,28,30,30,28,30,43,28,30,44,28,29,30,28,30,30,28,30,43,28,30,44,28,29,41.01,39.00,31.014,0.277,2.7976,sat down ~19:22Z from 45/46C
312.33,2026-09-28T19:32:23Z,500,30.0000,28.0000,30.0000,30.0000,28.0000,30.0000,43.0000,28.0000,30.0000,44.0000,28.0000,29.0000,30,28,30,30,28,30,43,28,30,44,28,29,30,28,30,30,28,30,43,28,30,44,28,29,41.01,39.00,31.014,0.274,2.7976,sat down ~19:22Z from 45/46C
313.34,2026-09-28T19:32:24Z,501,30.0000,28.0000,30.0000,30.0000,28.0000,30.0000,43.0000,28.0000,30.0000,44.0000,28.0000,29.0000,30,28,30,30,28,30,43,28,30,44,28,29,30,28,30,30,28,30,43,28,30,44,28,29,41.02,39.00,31.014,0.278,2.7976,sat down ~19:22Z from 45/46C
314.34,2026-09-28T19:32:25Z,501,30.0000,28.0000,30.0000,30.0000,28.0000,30.0000,43.0000,28.0000,30.0000,44.0000,28.0000,29.0000,30,28,30,30,28,30,43,28,30,44,28,29,30,28,30,30,28,30,43,28,30,44,28,29,41.03,39.00,31.013,0.275,2.7976,sat down ~19:22Z from 45/46C
315.34,2026-09-28T19:32:26Z,500,30.0000,28.0000,30.0000,30.0000,28.0000,30.0000,43.0000,28.0000,30.0000,44.0000,28.0000,29.0000,30,28,30,30,28,30,43,28,30,44,28,29,30,28,30,30,28,30,43,28,30,44,28,29,41.02,39.00,31.013,0.274,2.7976,sat down ~19:22Z from 45/46C
316.34,2026-09-28T19:32:27Z,499,30.0000,28.0000,30.0000,30.0000,28.0000,30.0000,43.0000,28.0000,30.0000,44.0000,28.0000,29.0000,30,28,30,30,28,30,43,28,30,44,28,29,30,28,30,30,28,30,43,28,30,44,28,29,41.03,39.00,31.013,0.271,2.7976,sat down ~19:22Z from 45/46C
317.34,2026-09-28T19:32:28Z,500,30.0000,28.0000,30.0000,30.0000,28.0000,30.0000,43.0000,28.0000,30.0000,44.0000,28.0000,29.0000,30,28,30,30,28,30,43,28,30,44,28,29,30,28,30,30,28,30,43,28,30,44,28,29,41.05,39.00,31.013,0.273,2.7976,sat down ~19:22Z from 45/46C
318.34,2026-09-28T19:32:29Z,501,30.0000,28.0000,30.0000,30.0000,28.0000,30.0000,43.0000,28.0000,30.0000,44.0000,28.0000,29.0000,30,28,30,30,28,30,43,28,30,44,28,29,30,28,30,30,28,30,43,28,30,44,28,29,41.08,39.00,31.013,0.274,2.7976,sat down ~19:22Z from 45/46C
319.34,2026-09-28T19:32:30Z,500,30.0000,28.0000,30.0000,30.0000,28.0000,30.0000,43.0000,28.0000,30.0000,44.0000,28.0000,29.0000,30,28,30,30,28,30,43,28,30,44,28,29,30,28,30,30,28,30,43,28,30,44,28,29,41.07,39.00,31.013,0.271,2.7976,sat down ~19:22Z from 45/46C
320.34,2026-09-28T19:32:31Z,501,30.0000,28.0000,30.0000,30.0000,28.0000,30.0000,43.0000,28.0000,30.0000,44.0000,28.0000,29.0000,30,28,30,30,28,30,43,28,30,44,28,29,30,28,30,30,28,30,43,28,30,44,28,29,41.12,39.00,31.012,0.273,2.7976,sat down ~19:22Z from 45/46C
321.34,2026-09-28T19:32:32Z,500,30.0000,28.0000,30.0000,30.0000,28.0000,30.0000,43.0000,28.0000,30.0000,44.0000,28.0000,29.0000,30,28,30,30,28,30,43,28,30,44,28,29,30,28,30,30,28,30,43,28,30,44,28,29,41.11,39.00,31.012,0.274,2.7976,sat down ~19:22Z from 45/46C
322.35,2026-09-28T19:32:33Z,501,30.0000,28.0000,30.0000,30.0000,28.0000,30.0000,43.0000,28.0000,30.0000,44.0000,28.0000,29.0000,30,28,30,30,28,30,43,28,30,44,28,29,30,28,30,30,28,30,43,28,30,44,28,29,41.11,39.00,31.012,0.272,2.7976,sat down ~19:22Z from 45/46C
323.35,2026-09-28T19:32:34Z,501,30.0000,28.0000,30.0000,30.0000,28.0000,30.0000,43.0000,28.0000,30.0000,44.0000,28.0000,29.0000,30,28,30,30,28,30,43,28,30,44,28,29,30,28,30,30,28,30,43,28,30,44,28,29,41.17,39.00,31.012,0.271,2.7976,sat down ~19:22Z from 45/46C
324.35,2026-09-28T19:32:35Z,500,30.0000,28.0000,30.0000,30.0000,28.0000,30.0000,43.0000,28.0000,30.0000,44.0000,28.0000,29.0000,30,28,30,30,28,30,43,28,30,44,28,29,30,28,30,30,28,30,43,28,30,44,28,29,41.22,39.00,31.011,0.270,2.7976,sat down ~19:22Z from 45/46C
325.35,2026-09-28T19:32:36Z,501,30.0000,28.0000,30.0000,30.0000,28.0000,30.0000,43.0000,28.0000,30.0000,44.0000,28.0000,29.0000,30,28,30,30,28,30,43,28,30,44,28,29,30,28,30,30,28,30,43,28,30,44,28,29,41.21,39.00,31.012,0.276,2.7976,sat down ~19:22Z from 45/46C
326.35,2026-09-28T19:32:37Z,501,30.0000,28.0000,30.0000,30.0000,28.0000,30.0000,43.0000,28.0000,30.0000,44.0000,28.0000,29.0000,30,28,30,30,28,30,43,28,30,44,28,29,30,28,30,30,28,30,43,28,30,44,28,29,41.21,39.00,31.011,0.270,2.7976,sat down ~19:22Z from 45/46C
327.35,2026-09-28T19:32:38Z,500,30.0000,28.0000,30.0000,30.0000,28.0000,30.0000,43.0000,28.0000,30.0000,44.0000,28.0000,29.0000,30,28,30,30,28,30,43,28,30,44,28,29,30,28,30,30,28,30,43,28,30,44,28,29,41.27,39.00,31.010,0.268,2.7976,sat down ~19:22Z from 45/46C
328.35,2026-09-28T19:32:39Z,501,30.0000,28.0000,30.0000,30.0000,28.0000,30.0000,43.0000,28.0000,30.0000,44.0000,28.0000,29.0000,30,28,30,30,28,30,43,28,30,44,28,29,30,28,30,30,28,30,43,28,30,44,28,29,41.33,39.00,31.010,0.273,2.7976,sat down ~19:22Z from 45/46C
329.35,2026-09-28T19:32:40Z,500,30.0000,28.0000,30.0000,30.0000,28.0000,30.0000,43.0000,28.0000,30.0000,44.0000,28.0000,29.0000,30,28,30,30,28,30,43,28,30,44,28,29,30,28,30,30,28,30,43,28,30,44,28,29,41.49,39.00,31.011,0.272,2.7976,sat down ~19:22Z from 45/46C
330.35,2026-09-28T19:32:41Z,500,30.0000,28.0000,30.0000,30.0000,28.0000,30.0000,43.0000,28.0000,30.0000,44.0000,28.0000,29.0000,30,28,30,30,28,30,43,28,30,44,28,29,30,28,30,30,28,30,43,28,30,44,28,29,41.58,39.00,31.010,0.271,2.7976,sat down ~19:22Z from 45/46C
331.35,2026-09-28T19:32:42Z,500,30.0000,28.0000,30.0000,30.0000,28.0000,30.0000,43.0000,28.0000,30.0000,44.0000,28.0000,29.0000,30,28,30,30,28,30,43,28,30,44,28,29,30,28,30,30,28,30,43,28,30,44,28,29,41.73,39.00,31.009,0.272,2.7976,sat down ~19:22Z from 45/46C
332.36,2026-09-28T19:32:43Z,501,30.0000,28.0000,30.0000,30.0000,28.0000,30.0000,43.0000,28.0000,30.0000,44.0000,28.0000,29.0000,30,28,30,30,28,30,43,28,30,44,28,29,30,28,30,30,28,30,43,28,30,44,28,29,41.83,39.00,31.009,0.274,2.7976,sat down ~19:22Z from 45/46C
333.36,2026-09-28T19:32:44Z,500,30.0000,28.0000,30.0000,30.0000,28.0000,30.0000,43.0000,28.0000,30.0000,44.0000,28.0000,29.0000,30,28,30,30,28,30,43,28,30,44,28,29,30,28,30,30,28,30,43,28,30,44,28,29,41.87,39.00,31.009,0.271,2.7976,sat down ~19:22Z from 45/46C
334.36,2026-09-28T19:32:45Z,500,30.0000,28.0000,30.0000,30.0000,28.0000,30.0000,43.0000,28.0000,30.0000,44.0000,28.0000,29.0000,30,28,30,30,28,30,43,28,30,44,28,29,30,28,30,30,28,30,43,28,30,44,28,29,41.92,38.99,31.008,0.271,2.7976,sat down ~19:22Z from 45/46C
335.36,2026-09-28T19:32:46Z,501,30.0000,28.0000,30.0000,30.0000,28.0000,30.0000,43.0000,28.0000,30.0000,44.0000,28.0000,29.0000,30,28,30,30,28,30,43,28,30,44,28,29,30,28,30,30,28,30,43,28,30,44,28,29,41.96,39.00,31.008,0.268,2.7976,sat down ~19:22Z from 45/46C
336.36,2026-09-28T19:32:47Z,500,30.0000,28.0000,30.0000,30.0000,28.0000,30.0000,43.0000,28.0000,30.0000,44.0000,28.0000,29.0000,30,28,30,30,28,30,43,28,30,44,28,29,30,28,30,30,28,30,43,28,30,44,28,29,41.96,39.00,31.008,0.271,2.7976,sat down ~19:22Z from 45/46C
337.36,2026-09-28T19:32:48Z,500,30.0000,28.0000,30.0000,30.0000,28.0000,30.0000,43.0000,28.0000,30.0000,44.0000,28.0000,29.0000,30,28,30,30,28,30,43,28,30,44,28,29,30,28,30,30,28,30,43,28,30,44,28,29,41.97,39.00,31.008,0.274,2.7976,sat down ~19:22Z from 45/46C
338.36,2026-09-28T19:32:49Z,501,30.0000,28.0000,30.0000,30.0000,28.0000,30.0000,43.0000,28.0000,30.0000,44.0000,28.0000,29.0000,30,28,30,30,28,30,43,28,30,44,28,29,30,28,30,30,28,30,43,28,30,44,28,29,41.96,39.00,31.007,0.271,2.7976,sat down ~19:22Z from 45/46C
339.36,2026-09-28T19:32:50Z,500,30.0000,28.0000,30.0000,30.0000,28.0000,30.0000,43.0000,28.0000,30.0000,44.0000,28.0000,29.0000,30,28,30,30,28,30,43,28,30,44,28,29,30,28,30,30,28,30,43,28,30,44,28,29,41.99,39.00,31.008,0.275,2.7976,sat down ~19:22Z from 45/46C
340.36,2026-09-28T19:32:51Z,500,30.0000,28.0000,30.0000,30.0000,28.0000,30.0000,43.0000,28.0000,30.0000,44.0000,28.0000,29.0000,30,28,30,30,28,30,43,28,30,44,28,29,30,28,30,30,28,30,43,28,30,44,28,29,41.97,39.00,31.007,0.273,2.7976,sat down ~19:22Z from 45/46C
341.36,2026-09-28T19:32:52Z,501,30.0000,28.0000,30.0000,30.0000,28.0000,30.0000,43.0000,28.0000,30.0000,44.0000,28.0000,29.0000,30,28,30,30,28,30,43,28,30,44,28,29,30,28,30,30,28,30,43,28,30,44,28,29,41.98,39.00,31.007,0.272,2.7976,sat down ~19:22Z from 45/46C
342.36,2026-09-28T19:32:53Z,501,30.0000,28.0000,30.0000,30.0000,28.0000,30.0000,43.0000,28.0000,30.0000,44.0000,28.0000,29.0000,30,28,30,30,28,30,43,28,30,44,28,29,30,28,30,30,28,30,43,28,30,44,28,29,41.99,39.00,31.007,0.274,2.7976,sat down ~19:22Z from 45/46C
343.37,2026-09-28T19:32:54Z,501,30.0000,28.0000,30.0000,30.0000,28.0000,30.0000,43.0000,28.0000,30.0000,44.0000,28.0000,29.0000,30,28,30,30,28,30,43,28,30,44,28,29,30,28,30,30,28,30,43,28,30,44,28,29,41.99,39.00,31.007,0.270,2.7976,sat down ~19:22Z from 45/46C
344.37,2026-09-28T19:32:55Z,500,30.0000,28.0000,30.0000,30.0000,28.0000,30.0000,43.0000,28.0000,30.0000,44.0000,28.0000,29.0000,30,28,30,30,28,30,43,28,30,44,28,29,30,28,30,30,28,30,43,28,30,44,28,29,41.98,39.00,31.006,0.276,2.7976,sat down ~19:22Z from 45/46C
345.37,2026-09-28T19:32:56Z,500,30.0000,28.0000,30.0000,30.0000,28.0000,30.0000,43.0000,28.0000,30.0000,44.0000,28.0000,29.0000,30,28,30,30,28,30,43,28,30,44,28,29,30,28,30,30,28,30,43,28,30,44,28,29,41.99,39.00,31.006,0.273,2.7976,sat down ~19:22Z from 45/46C
346.37,2026-09-28T19:32:57Z,501,30.0000,28.0000,30.0000,30.0000,28.0000,30.0000,43.0000,28.0000,30.0000,44.0000,28.0000,29.0000,30,28,30,30,28,30,43,28,30,44,28,29,30,28,30,30,28,30,43,28,30,44,28,29,41.98,39.00,31.006,0.276,2.7976,sat down ~19:22Z from 45/46C
347.37,2026-09-28T19:32:58Z,501,30.0000,28.0000,30.0000,30.0000,28.0000,30.0000,43.0000,28.0000,30.0000,44.0000,28.0000,29.0000,30,28,30,30,28,30,43,28,30,44,28,29,30,28,30,30,28,30,43,28,30,44,28,29,41.99,39.00,31.006,0.272,2.7976,sat down ~19:22Z from 45/46C
348.37,2026-09-28T19:32:59Z,501,30.0000,28.0000,30.0000,30.0000,28.0000,30.0000,43.0000,28.0000,30.0000,44.0000,28.0000,29.0000,30,28,30,30,28,30,43,28,30,44,28,29,30,28,30,30,28,30,43,28,30,44,28,29,41.99,39.00,31.005,0.273,2.7976,sat down ~19:22Z from 45/46C
349.37,2026-09-28T19:33:00Z,500,30.0000,28.0000,30.0000,30.0000,28.0000,30.0000,43.0000,28.0000,30.0000,44.0000,28.0000,29.0000,30,28,30,30,28,30,43,28,30,44,28,29,30,28,30,30,28,30,43,28,30,44,28,29,41.99,39.00,31.005,0.277,2.7976,sat down ~19:22Z from 45/46C
350.37,2026-09-28T19:33:01Z,500,30.0000,28.0000,30.0000,30.0000,28.0000,30.0000,43.0000,28.0000,30.0000,44.0000,28.0000,29.0000,30,28,30,30,28,30,43,28,30,44,28,29,30,28,30,30,28,30,43,28,30,44,28,29,41.99,39.00,31.005,0.274,2.7976,sat down ~19:22Z from 45/46C
351.38,2026-09-28T19:33:02Z,501,30.0000,28.0000,30.0000,30.0000,28.0000,30.0000,43.0000,28.0000,30.0000,44.0000,28.0000,29.0000,30,28,30,30,28,30,43,28,30,44,28,29,30,28,30,30,28,30,43,28,30,44,28,29,41.99,39.00,31.005,0.273,2.7976,sat down ~19:22Z from 45/46C
352.38,2026-09-28T19:33:03Z,501,30.0000,28.0000,30.0000,30.0000,28.0000,30.0000,43.0000,28.0000,30.0000,44.0000,28.0000,29.0000,30,28,30,30,28,30,43,28,30,44,28,29,30,28,30,30,28,30,43,28,30,44,28,29,41.99,39.00,31.004,0.271,2.7976,sat down ~19:22Z from 45/46C
353.38,2026-09-28T19:33:04Z,501,30.0000,28.0000,30.0000,30.0000,28.0000,30.0000,42.9701,28.0000,30.0000,44.0000,28.0000,29.0000,30,28,30,30,28,30,42,28,30,44,28,29,30,28,30,30,28,30,43,28,30,44,28,29,41.99,39.00,31.004,0.270,2.7976,sat down ~19:22Z from 45/46C
354.38,2026-09-28T19:33:05Z,500,30.0000,28.0000,30.0000,30.0000,28.0000,30.0000,42.9320,28.0000,30.0000,44.0000,28.0000,29.0000,30,28,30,30,28,30,42,28,30,44,28,29,30,28,30,30,28,30,43,28,30,44,28,29,41.99,39.00,31.004,0.273,2.7976,sat down ~19:22Z from 45/46C
355.38,2026-09-28T19:33:06Z,501,30.0000,28.0000,30.0000,30.0000,28.0000,30.0000,42.8962,28.0000,30.0000,44.0000,28.0000,29.0000,30,28,30,30,28,30,42,28,30,44,28,29,30,28,30,30,28,30,43,28,30,44,28,29,41.99,39.00,31.004,0.274,2.7976,sat down ~19:22Z from 45/46C
356.38,2026-09-28T19:33:07Z,501,30.0000,28.0000,30.0000,30.0000,28.0000,30.0000,42.8463,28.0000,30.0000,44.0000,28.0000,29.0000,30,28,30,30,28,30,42,28,30,44,28,29,30,28,30,30,28,30,43,28,30,44,28,29,41.99,39.00,31.003,0.273,2.7976,sat down ~19:22Z from 45/46C
357.39,2026-09-28T19:33:08Z,501,30.0000,28.0000,30.0000,30.0000,28.0000,30.0000,42.7764,28.0000,30.0000,44.0000,28.0000,29.0000,30,28,30,30,28,30,42,28,30,44,28,29,30,28,30,30,28,30,43,28,30,44,28,29,41.99,39.00,31.004,0.272,2.7976,sat down ~19:22Z from 45/46C
358.39,2026-09-28T19:33:09Z,500,30.0000,28.0000,30.0000,30.0000,28.0000,30.0000,42.7140,28.0000,30.0000,44.0000,28.0000,29.0000,30,28,30,30,28,30,42,28,30,44,28,29,30,28,30,30,28,30,43,28,30,44,28,29,41.98,39.00,31.003,0.277,2.7976,sat down ~19:22Z from 45/46C
359.39,2026-09-28T19:33:10Z,501,30.0000,28.0000,30.0000,30.0000,28.0000,30.0000,42.5289,28.0000,30.0000,44.0000,28.0000,29.0000,30,28,30,30,28,30,42,28,30,44,28,29,30,28,30,30,28,30,43,28,30,44,28,29,41.99,39.00,31.003,0.273,2.7976,sat down ~19:22Z from 45/46C
360.39,2026-09-28T19:33:11Z,500,30.0000,28.0000,30.0000,30.0000,28.0000,29.9940,42.3240,28.0000,30.0000,44.0000,28.0000,29.0000,30,28,30,30,28,29,42,28,30,44,28,29,30,28,30,30,28,30,43,28,30,44,28,29,41.99,39.00,31.003,0.275,2.7976,sat down ~19:22Z from 45/46C
361.39,2026-09-28T19:33:12Z,501,30.0000,28.0000,30.0000,30.0000,28.0000,30.0000,42.3074,28.0000,30.0000,44.0000,28.0000,29.0000,30,28,30,30,28,30,42,28,30,44,28,29,30,28,30,30,28,30,43,28,30,44,28,29,41.99,39.00,31.003,0.274,2.7976,sat down ~19:22Z from 45/46C
362.39,2026-09-28T19:33:13Z,501,30.0000,28.0000,30.0000,30.0000,28.0000,30.0000,42.1537,28.0000,30.0000,44.0000,28.0000,29.0000,30,28,30,30,28,30,42,28,30,44,28,29,30,28,30,30,28,30,43,28,30,44,28,29,41.99,39.00,31.002,0.275,2.7976,sat down ~19:22Z from 45/46C
363.39,2026-09-28T19:33:14Z,501,30.0000,28.0000,30.0000,30.0000,28.0000,30.0000,42.0898,28.0000,30.0000,44.0000,28.0000,29.0000,30,28,30,30,28,30,42,28,30,44,28,29,30,28,30,30,28,30,43,28,30,44,28,29,41.99,39.00,31.002,0.271,2.7976,sat down ~19:22Z from 45/46C
364.39,2026-09-28T19:33:15Z,501,30.0000,28.0000,30.0000,30.0000,28.0000,30.0000,42.0000,28.0000,30.0000,44.0000,28.0000,29.0000,30,28,30,30,28,30,42,28,30,44,28,29,30,28,30,30,28,30,42,28,30,44,28,29,41.99,39.00,31.002,0.271,2.7976,sat down ~19:22Z from 45/46C
365.40,2026-09-28T19:33:16Z,501,30.0000,28.0000,30.0000,30.0000,28.0000,30.0000,42.0080,28.0000,30.0000,44.0000,28.0000,29.0000,30,28,30,30,28,30,42,28,30,44,28,29,30,28,30,30,28,30,43,28,30,44,28,29,41.99,39.00,31.001,0.271,2.7976,sat down ~19:22Z from 45/46C
366.40,2026-09-28T19:33:17Z,501,30.0000,28.0000,30.0000,30.0000,28.0000,30.0000,42.0000,28.0000,30.0000,44.0000,28.0000,29.0000,30,28,30,30,28,30,42,28,30,44,28,29,30,28,30,30,28,30,42,28,30,44,28,29,41.99,39.00,31.001,0.273,2.7976,sat down ~19:22Z from 45/46C
367.40,2026-09-28T19:33:18Z,501,30.0000,28.0000,30.0000,30.0000,28.0000,30.0000,42.0000,28.0000,30.0000,44.0000,28.0000,29.0000,30,28,30,30,28,30,42,28,30,44,28,29,30,28,30,30,28,30,42,28,30,44,28,29,41.99,39.00,31.001,0.270,2.7976,sat down ~19:22Z from 45/46C
368.40,2026-09-28T19:33:19Z,500,30.0000,28.0000,30.0000,30.0000,28.0000,30.0000,42.0000,28.0000,30.0000,44.0000,28.0000,29.0000,30,28,30,30,28,30,42,28,30,44,28,29,30,28,30,30,28,30,42,28,30,44,28,29,41.99,39.00,31.001,0.273,2.7976,sat down ~19:22Z from 45/46C
369.40,2026-09-28T19:33:20Z,501,30.0000,28.0000,30.0000,30.0000,28.0000,30.0000,42.0000,28.0000,30.0000,44.0000,28.0000,29.0000,30,28,30,30,28,30,42,28,30,44,28,29,30,28,30,30,28,30,42,28,30,44,28,29,41.99,39.00,31.001,0.267,2.7976,sat down ~19:22Z from 45/46C
370.40,2026-09-28T19:33:21Z,500,30.0000,28.0000,30.0000,30.0000,28.0000,30.0000,42.0000,28.0000,30.0000,44.0000,28.0000,29.0000,30,28,30,30,28,30,42,28,30,44,28,29,30,28,30,30,28,30,42,28,30,44,28,29,41.99,39.00,31.000,0.269,2.7976,sat down ~19:22Z from 45/46C
371.40,2026-09-28T19:33:22Z,501,30.0000,28.0000,30.0000,30.0000,28.0000,30.0000,42.0000,28.0000,30.0000,44.0000,28.0000,29.0000,30,28,30,30,28,30,42,28,30,44,28,29,30,28,30,30,28,30,42,28,30,44,28,29,42.00,39.00,31.000,0.271,2.7976,sat down ~19:22Z from 45/46C
372.40,2026-09-28T19:33:23Z,500,30.0000,28.0000,30.0000,30.0000,28.0000,30.0000,42.0000,28.0000,30.0000,44.0000,28.0000,29.0000,30,28,30,30,28,30,42,28,30,44,28,29,30,28,30,30,28,30,42,28,30,44,28,29,41.99,39.00,31.000,0.274,2.7976,sat down ~19:22Z from 45/46C
373.40,2026-09-28T19:33:24Z,498,30.0000,28.0000,30.0000,30.0000,28.0000,30.0000,42.0000,28.0000,30.0000,44.0000,28.0000,29.0000,30,28,30,30,28,30,42,28,30,44,28,29,30,28,30,30,28,30,42,28,30,44,28,29,41.99,39.00,30.999,0.272,2.7976,sat down ~19:22Z from 45/46C
374.41,2026-09-28T19:33:25Z,501,30.0000,28.0000,30.0000,30.0000,28.0000,30.0000,42.0000,28.0000,30.0000,44.0000,28.0000,29.0000,30,28,30,30,28,30,42,28,30,44,28,29,30,28,30,30,28,30,42,28,30,44,28,29,41.99,39.00,30.999,0.272,2.7976,sat down ~19:22Z from 45/46C
375.41,2026-09-28T19:33:26Z,500,30.0000,28.0000,30.0000,30.0000,28.0000,30.0000,42.0000,28.0000,30.0000,44.0000,28.0000,29.0000,30,28,30,30,28,30,42,28,30,44,28,29,30,28,30,30,28,30,42,28,30,44,28,29,41.99,39.00,30.999,0.270,2.7976,sat down ~19:22Z from 45/46C
376.41,2026-09-28T19:33:27Z,501,30.0000,28.0000,30.0000,30.0000,28.0000,30.0000,42.0000,28.0000,30.0000,44.0000,28.0000,29.0000,30,28,30,30,28,30,42,28,30,44,28,29,30,28,30,30,28,30,42,28,30,44,28,29,41.99,39.00,30.999,0.274,2.7976,sat down ~19:22Z from 45/46C
377.41,2026-09-28T19:33:28Z,500,30.0000,28.0000,30.0000,30.0000,28.0000,30.0000,42.0000,28.0000,30.0000,44.0000,28.0000,29.0000,30,28,30,30,28,30,42,28,30,44,28,29,30,28,30,30,28,30,42,28,30,44,28,29,41.99,39.00,30.998,0.272,2.7976,sat down ~19:22Z from 45/46C
378.41,2026-09-28T19:33:29Z,500,30.0000,28.0000,30.0000,30.0000,28.0000,30.0000,42.0000,28.0000,30.0000,44.0000,28.0000,29.0000,30,28,30,30,28,30,42,28,30,44,28,29,30,28,30,30,28,30,42,28,30,44,28,29,41.99,39.00,30.998,0.269,2.7976,sat down ~19:22Z from 45/46C
379.41,2026-09-28T19:33:30Z,501,30.0000,28.0000,30.0000,30.0000,28.0000,30.0000,42.0000,28.0000,30.0000,44.0000,28.0000,29.0000,30,28,30,30,28,30,42,28,30,44,28,29,30,28,30,30,28,30,42,28,30,44,28,29,41.99,39.00,30.998,0.275,2.7976,sat down ~19:22Z from 45/46C
380.41,2026-09-28T19:33:31Z,500,30.0000,28.0000,30.0000,30.0000,28.0000,30.0000,42.0000,28.0000,30.0000,44.0000,28.0000,29.0000,30,28,30,30,28,30,42,28,30,44,28,29,30,28,30,30,28,30,42,28,30,44,28,29,41.99,39.00,30.998,0.273,2.7976,sat down ~19:22Z from 45/46C
381.41,2026-09-28T19:33:32Z,500,30.0000,28.0000,30.0000,30.0000,28.0000,30.0000,42.0000,28.0000,30.0000,44.0000,28.0000,29.0000,30,28,30,30,28,30,42,28,30,44,28,29,30,28,30,30,28,30,42,28,30,44,28,29,42.00,39.00,30.997,0.271,2.7976,sat down ~19:22Z from 45/46C
382.41,2026-09-28T19:33:33Z,501,30.0000,28.0000,30.0000,30.0000,28.0000,30.0000,42.0000,28.0000,30.0000,44.0000,28.0000,29.0000,30,28,30,30,28,30,42,28,30,44,28,29,30,28,30,30,28,30,42,28,30,44,28,29,41.99,39.00,30.997,0.273,2.7976,sat down ~19:22Z from 45/46C
383.41,2026-09-28T19:33:34Z,501,30.0000,28.0000,30.0000,30.0000,28.0000,30.0000,42.0000,28.0000,30.0000,44.0000,28.0000,29.0000,30,28,30,30,28,30,42,28,30,44,28,29,30,28,30,30,28,30,42,28,30,44,28,29,41.99,39.00,30.997,0.275,2.7976,sat down ~19:22Z from 45/46C
384.41,2026-09-28T19:33:35Z,500,30.0000,28.0000,30.0000,30.0000,28.0000,30.0000,42.0000,28.0000,30.0000,44.0000,28.0000,29.0000,30,28,30,30,28,30,42,28,30,44,28,29,30,28,30,30,28,30,42,28,30,44,28,29,42.00,39.00,30.997,0.269,2.7976,sat down ~19:22Z from 45/46C
385.42,2026-09-28T19:33:36Z,501,30.0000,28.0000,30.0000,30.0000,28.0000,30.0000,42.0000,28.0000,30.0000,44.0000,28.0000,29.0000,30,28,30,30,28,30,42,28,30,44,28,29,30,28,30,30,28,30,42,28,30,44,28,29,42.00,39.00,30.997,0.272,2.7976,sat down ~19:22Z from 45/46C
386.42,2026-09-28T19:33:37Z,499,30.0000,28.0000,30.0000,30.0000,28.0000,30.0000,42.0000,28.0000,30.0000,44.0000,28.0000,29.0000,30,28,30,30,28,30,42,28,30,44,28,29,30,28,30,30,28,30,42,28,30,44,28,29,41.99,39.00,30.997,0.271,2.7976,sat down ~19:22Z from 45/46C
387.42,2026-09-28T19:33:38Z,501,30.0000,28.0000,30.0000,30.0000,28.0000,30.0000,42.0000,28.0000,30.0000,44.0000,28.0000,29.0000,30,28,30,30,28,30,42,28,30,44,28,29,30,28,30,30,28,30,42,28,30,44,28,29,41.99,39.00,30.996,0.270,2.7976,sat down ~19:22Z from 45/46C
388.42,2026-09-28T19:33:39Z,500,30.0000,28.0000,30.0000,30.0000,28.0000,30.0000,42.0000,28.0000,30.0000,44.0000,28.0000,29.0000,30,28,30,30,28,30,42,28,30,44,28,29,30,28,30,30,28,30,42,28,30,44,28,29,41.99,39.00,30.996,0.272,2.7976,sat down ~19:22Z from 45/46C
389.42,2026-09-28T19:33:40Z,501,30.0000,28.0000,30.0000,30.0000,28.0000,30.0000,42.0000,28.0000,30.0000,44.0000,28.0000,29.0000,30,28,30,30,28,30,42,28,30,44,28,29,30,28,30,30,28,30,42,28,30,44,28,29,42.00,39.00,30.996,0.273,2.7976,sat down ~19:22Z from 45/46C
390.42,2026-09-28T19:33:41Z,500,30.0000,28.0000,30.0000,30.0000,28.0000,30.0000,42.0000,28.0000,30.0000,44.0000,28.0000,29.0000,30,28,30,30,28,30,42,28,30,44,28,29,30,28,30,30,28,30,42,28,30,44,28,29,41.99,39.00,30.996,0.273,2.7976,sat down ~19:22Z from 45/46C
391.42,2026-09-28T19:33:42Z,500,30.0000,28.0000,30.0000,30.0000,28.0000,30.0000,42.0000,28.0000,30.0000,43.9780,28.0000,29.0000,30,28,30,30,28,30,42,28,30,43,28,29,30,28,30,30,28,30,42,28,30,44,28,29,41.99,39.00,30.996,0.275,2.7976,sat down ~19:22Z from 45/46C
392.42,2026-09-28T19:33:43Z,501,30.0000,28.0000,30.0000,30.0000,28.0000,30.0000,42.0000,28.0000,30.0000,43.9222,28.0000,29.0000,30,28,30,30,28,30,42,28,30,43,28,29,30,28,30,30,28,30,42,28,30,44,28,29,42.00,39.00,30.995,0.274,2.7976,sat down ~19:22Z from 45/46C
393.42,2026-09-28T19:33:44Z,501,30.0000,28.0000,30.0000,30.0000,28.0000,30.0000,42.0000,28.0000,30.0000,43.8723,28.0000,29.0000,30,28,30,30,28,30,42,28,30,43,28,29,30,28,30,30,28,30,42,28,30,44,28,29,41.99,39.00,30.995,0.273,2.7976,sat down ~19:22Z from 45/46C
394.43,2026-09-28T19:33:45Z,501,30.0000,28.0000,30.0000,30.0000,28.0000,30.0000,42.0000,28.0000,30.0000,43.7465,28.0000,29.0000,30,28,30,30,28,30,42,28,30,43,28,29,30,28,30,30,28,30,42,28,30,44,28,29,41.99,39.00,30.995,0.274,2.7976,sat down ~19:22Z from 45/46C
395.43,2026-09-28T19:33:46Z,500,30.0000,28.0000,30.0000,30.0000,28.0000,30.0000,42.0000,28.0000,30.0000,43.4900,28.0000,29.0000,30,28,30,30,28,30,42,28,30,43,28,29,30,28,30,30,28,30,42,28,30,44,28,29,41.99,39.00,30.995,0.273,2.7976,sat down ~19:22Z from 45/46C
396.43,2026-09-28T19:33:47Z,501,30.0000,28.0000,30.0000,30.0000,28.0000,30.0000,42.0000,28.0000,30.0000,43.3693,28.0000,29.0000,30,28,30,30,28,30,42,28,30,43,28,29,30,28,30,30,28,30,42,28,30,44,28,29,41.99,39.00,30.995,0.271,2.7976,sat down ~19:22Z from 45/46C
397.43,2026-09-28T19:33:48Z,500,30.0000,28.0000,30.0000,30.0000,28.0000,30.0000,42.0000,28.0000,30.0000,43.1980,28.0000,29.0000,30,28,30,30,28,30,42,28,30,43,28,29,30,28,30,30,28,30,42,28,30,44,28,29,41.99,39.00,30.994,0.270,2.7976,sat down ~19:22Z from 45/46C
398.43,2026-09-28T19:33:49Z,501,30.0000,28.0000,30.0000,30.0000,28.0000,30.0000,42.0000,28.0000,30.0000,43.0599,28.0000,29.0000,30,28,30,30,28,30,42,28,30,43,28,29,30,28,30,30,28,30,42,28,30,44,28,29,41.99,39.00,30.994,0.269,2.7976,sat down ~19:22Z from 45/46C
399.43,2026-09-28T19:33:50Z,501,30.0000,28.0000,30.0000,30.0000,28.0000,30.0000,42.0000,28.0000,30.0000,43.0000,28.0000,29.0000,30,28,30,30,28,30,42,28,30,43,28,29,30,28,30,30,28,30,42,28,30,43,28,29,41.99,39.00,30.994,0.271,2.7976,sat down ~19:22Z from 45/46C
400.43,2026-09-28T19:33:51Z,500,30.0000,28.0000,30.0000,30.0000,28.0000,30.0000,42.0000,28.0000,30.0000,43.0060,28.0000,29.0000,30,28,30,30,28,30,42,28,30,43,28,29,30,28,30,30,28,30,42,28,30,44,28,29,41.99,39.00,30.994,0.272,2.7976,sat down ~19:22Z from 45/46C
401.43,2026-09-28T19:33:52Z,501,30.0000,28.0000,30.0000,30.0000,28.0000,30.0000,42.0000,28.0000,30.0000,43.0000,28.0000,29.0000,30,28,30,30,28,30,42,28,30,43,28,29,30,28,30,30,28,30,42,28,30,43,28,29,41.99,39.00,30.993,0.272,2.7976,sat down ~19:22Z from 45/46C
402.43,2026-09-28T19:33:53Z,501,30.0000,28.0000,30.0000,30.0000,28.0000,30.0000,42.0000,28.0000,30.0000,43.0000,28.0000,29.0000,30,28,30,30,28,30,42,28,30,43,28,29,30,28,30,30,28,30,42,28,30,43,28,29,42.00,39.00,30.992,0.272,2.7976,sat down ~19:22Z from 45/46C
403.43,2026-09-28T19:33:54Z,500,30.0000,28.0000,30.0000,30.0000,28.0000,30.0000,42.0000,28.0000,30.0000,43.0000,28.0000,29.0000,30,28,30,30,28,30,42,28,30,43,28,29,30,28,30,30,28,30,42,28,30,43,28,29,41.99,39.00,30.993,0.268,2.7976,sat down ~19:22Z from 45/46C
404.44,2026-09-28T19:33:55Z,500,30.0000,28.0000,30.0000,30.0000,28.0000,30.0000,42.0000,28.0000,30.0000,43.0000,28.0000,29.0000,30,28,30,30,28,30,42,28,30,43,28,29,30,28,30,30,28,30,42,28,30,43,28,29,41.99,39.00,30.993,0.271,2.7976,sat down ~19:22Z from 45/46C
405.44,2026-09-28T19:33:56Z,501,30.0000,28.0000,30.0000,30.0000,28.0000,30.0000,42.0000,28.0000,30.0000,43.0000,28.0000,29.0000,30,28,30,30,28,30,42,28,30,43,28,29,30,28,30,30,28,30,42,28,30,43,28,29,41.99,39.00,30.992,0.272,2.7976,sat down ~19:22Z from 45/46C
406.44,2026-09-28T19:33:57Z,501,30.0000,28.0000,30.0000,30.0000,28.0000,30.0000,42.0000,28.0000,30.0000,43.0000,28.0000,29.0000,30,28,30,30,28,30,42,28,30,43,28,29,30,28,30,30,28,30,42,28,30,43,28,29,41.99,39.00,30.992,0.272,2.7976,sat down ~19:22Z from 45/46C
407.44,2026-09-28T19:33:58Z,500,30.0000,28.0000,30.0000,30.0000,28.0000,30.0000,42.0000,28.0000,30.0000,43.0000,28.0000,29.0000,30,28,30,30,28,30,42,28,30,43,28,29,30,28,30,30,28,30,42,28,30,43,28,29,42.00,39.00,30.991,0.272,2.7976,sat down ~19:22Z from 45/46C
408.44,2026-09-28T19:33:59Z,500,30.0000,28.0000,30.0000,30.0000,28.0000,30.0000,42.0000,28.0000,30.0000,43.0000,28.0000,29.0000,30,28,30,30,28,30,42,28,30,43,28,29,30,28,30,30,28,30,42,28,30,43,28,29,41.99,39.00,30.991,0.272,2.7976,sat down ~19:22Z from 45/46C
409.44,2026-09-28T19:34:00Z,501,30.0000,28.0000,30.0000,30.0000,28.0000,30.0000,42.0000,28.0000,30.0000,43.0000,28.0000,29.0000,30,28,30,30,28,30,42,28,30,43,28,29,30,28,30,30,28,30,42,28,30,43,28,29,42.00,39.00,30.991,0.273,2.7976,sat down ~19:22Z from 45/46C
410.44,2026-09-28T19:34:01Z,500,30.0000,28.0000,30.0000,30.0000,28.0000,30.0000,42.0000,28.0000,30.0000,43.0000,28.0000,29.0000,30,28,30,30,28,30,42,28,30,43,28,29,30,28,30,30,28,30,42,28,30,43,28,29,41.99,39.00,30.991,0.272,2.7976,sat down ~19:22Z from 45/46C
411.44,2026-09-28T19:34:02Z,501,30.0000,28.0000,30.0000,30.0000,28.0000,30.0000,42.0000,28.0000,30.0000,43.0000,28.0000,29.0000,30,28,30,30,28,30,42,28,30,43,28,29,30,28,30,30,28,30,42,28,30,43,28,29,41.99,39.00,30.991,0.273,2.7976,sat down ~19:22Z from 45/46C
412.45,2026-09-28T19:34:03Z,501,30.0000,28.0000,30.0000,30.0000,28.0000,30.0000,42.0000,28.0000,30.0000,43.0000,28.0000,29.0000,30,28,30,30,28,30,42,28,30,43,28,29,30,28,30,30,28,30,42,28,30,43,28,29,42.00,39.00,30.990,0.273,2.7976,sat down ~19:22Z from 45/46C
413.45,2026-09-28T19:34:04Z,500,30.0000,28.0000,30.0000,30.0000,28.0000,30.0000,42.0000,28.0000,30.0000,43.0000,28.0000,29.0000,30,28,30,30,28,30,42,28,30,43,28,29,30,28,30,30,28,30,42,28,30,43,28,29,41.99,39.00,30.990,0.274,2.7976,sat down ~19:22Z from 45/46C
414.45,2026-09-28T19:34:05Z,501,30.0000,28.0000,30.0000,30.0000,28.0000,30.0000,42.0000,28.0000,30.0000,43.0000,28.0000,29.0000,30,28,30,30,28,30,42,28,30,43,28,29,30,28,30,30,28,30,42,28,30,43,28,29,42.00,39.00,30.990,0.273,2.7976,sat down ~19:22Z from 45/46C
415.45,2026-09-28T19:34:06Z,501,30.0000,28.0000,30.0000,30.0000,28.0000,30.0000,42.0000,28.0000,30.0000,43.0000,28.0000,29.0000,30,28,30,30,28,30,42,28,30,43,28,29,30,28,30,30,28,30,42,28,30,43,28,29,41.99,39.00,30.989,0.270,2.7976,sat down ~19:22Z from 45/46C
416.45,2026-09-28T19:34:07Z,501,30.0000,28.0000,30.0000,30.0000,28.0000,30.0000,42.0000,28.0000,30.0000,43.0000,28.0000,29.0000,30,28,30,30,28,30,42,28,30,43,28,29,30,28,30,30,28,30,42,28,30,43,28,29,41.99,39.00,30.989,0.274,2.7976,sat down ~19:22Z from 45/46C
417.45,2026-09-28T19:34:08Z,500,30.0000,28.0000,30.0000,30.0000,28.0000,30.0000,42.0000,28.0000,30.0000,43.0000,28.0000,29.0000,30,28,30,30,28,30,42,28,30,43,28,29,30,28,30,30,28,30,42,28,30,43,28,29,42.00,39.00,30.989,0.272,2.7976,sat down ~19:22Z from 45/46C
418.46,2026-09-28T19:34:09Z,500,30.0000,28.0000,30.0000,30.0000,28.0000,30.0000,42.0000,28.0000,30.0000,43.0000,28.0000,29.0000,30,28,30,30,28,30,42,28,30,43,28,29,30,28,30,30,28,30,42,28,30,43,28,29,41.99,39.00,30.989,0.276,2.7976,sat down ~19:22Z from 45/46C
419.46,2026-09-28T19:34:10Z,501,30.0000,28.0000,30.0000,30.0000,28.0000,30.0000,42.0000,28.0000,30.0000,43.0000,28.0000,29.0000,30,28,30,30,28,30,42,28,30,43,28,29,30,28,30,30,28,30,42,28,30,43,28,29,41.99,39.00,30.989,0.275,2.7976,sat down ~19:22Z from 45/46C
420.46,2026-09-28T19:34:11Z,501,30.0000,28.0000,30.0000,30.0000,28.0000,30.0000,42.0000,28.0000,30.0000,43.0000,28.0000,29.0000,30,28,30,30,28,30,42,28,30,43,28,29,30,28,30,30,28,30,42,28,30,43,28,29,42.00,39.00,30.989,0.274,2.7976,sat down ~19:22Z from 45/46C
421.46,2026-09-28T19:34:12Z,500,30.0000,28.0000,30.0000,30.0000,28.0000,30.0000,42.0000,28.0000,30.0000,43.0000,28.0000,29.0000,30,28,30,30,28,30,42,28,30,43,28,29,30,28,30,30,28,30,42,28,30,43,28,29,41.99,39.00,30.988,0.272,2.7976,sat down ~19:22Z from 45/46C
422.46,2026-09-28T19:34:13Z,501,30.0000,28.0000,30.0000,30.0000,28.0000,30.0000,42.0000,28.0000,30.0000,43.0000,28.0000,29.0000,30,28,30,30,28,30,42,28,30,43,28,29,30,28,30,30,28,30,42,28,30,43,28,29,42.00,39.00,30.988,0.273,2.7976,sat down ~19:22Z from 45/46C
423.46,2026-09-28T19:34:14Z,500,30.0000,28.0000,30.0000,30.0000,28.0000,30.0000,42.0000,28.0000,30.0000,43.0000,28.0000,29.0000,30,28,30,30,28,30,42,28,30,43,28,29,30,28,30,30,28,30,42,28,30,43,28,29,41.99,39.00,30.988,0.276,2.7976,sat down ~19:22Z from 45/46C
424.46,2026-09-28T19:34:15Z,501,30.0000,28.0000,30.0000,30.0000,28.0000,30.0000,42.0000,28.0000,30.0000,43.0000,28.0000,29.0000,30,28,30,30,28,30,42,28,30,43,28,29,30,28,30,30,28,30,42,28,30,43,28,29,41.99,39.00,30.988,0.277,2.7976,sat down ~19:22Z from 45/46C
425.46,2026-09-28T19:34:16Z,500,30.0000,28.0000,30.0000,30.0000,28.0000,30.0000,42.0000,28.0000,30.0000,43.0000,28.0000,29.0000,30,28,30,30,28,30,42,28,30,43,28,29,30,28,30,30,28,30,42,28,30,43,28,29,42.00,39.00,30.988,0.277,2.7976,sat down ~19:22Z from 45/46C
426.47,2026-09-28T19:34:17Z,501,30.0000,28.0000,30.0000,30.0000,28.0000,30.0000,42.0000,28.0000,30.0000,43.0000,28.0000,29.0000,30,28,30,30,28,30,42,28,30,43,28,29,30,28,30,30,28,30,42,28,30,43,28,29,41.99,39.00,30.987,0.277,2.7976,sat down ~19:22Z from 45/46C
427.47,2026-09-28T19:34:18Z,501,30.0000,28.0000,30.0000,30.0000,28.0000,30.0000,42.0000,28.0000,30.0000,43.0000,28.0000,29.0000,30,28,30,30,28,30,42,28,30,43,28,29,30,28,30,30,28,30,42,28,30,43,28,29,42.00,39.00,30.987,0.278,2.7976,sat down ~19:22Z from 45/46C
428.47,2026-09-28T19:34:19Z,501,30.0000,28.0000,30.0000,30.0000,28.0000,30.0000,42.0000,28.0000,30.0000,43.0000,28.0000,29.0000,30,28,30,30,28,30,42,28,30,43,28,29,30,28,30,30,28,30,42,28,30,43,28,29,42.00,39.00,30.987,0.275,2.7976,sat down ~19:22Z from 45/46C
429.47,2026-09-28T19:34:20Z,501,30.0000,28.0000,30.0000,30.0000,28.0000,30.0000,42.0000,28.0000,30.0000,43.0000,28.0000,29.0000,30,28,30,30,28,30,42,28,30,43,28,29,30,28,30,30,28,30,42,28,30,43,28,29,41.99,39.00,30.987,0.275,2.7976,sat down ~19:22Z from 45/46C
430.47,2026-09-28T19:34:21Z,501,30.0000,28.0000,30.0000,30.0000,28.0000,30.0000,42.0000,28.0000,30.0000,43.0000,28.0000,29.0000,30,28,30,30,28,30,42,28,30,43,28,29,30,28,30,30,28,30,42,28,30,43,28,29,42.00,39.00,30.987,0.276,2.7976,sat down ~19:22Z from 45/46C
431.48,2026-09-28T19:34:22Z,501,30.0000,28.0000,30.0000,30.0000,28.0000,30.0000,42.0000,28.0000,30.0000,43.0000,28.0000,29.0000,30,28,30,30,28,30,42,28,30,43,28,29,30,28,30,30,28,30,42,28,30,43,28,29,41.99,39.00,30.987,0.278,2.7976,sat down ~19:22Z from 45/46C
432.48,2026-09-28T19:34:23Z,501,30.0000,28.0000,30.0000,30.0000,28.0000,30.0000,42.0000,28.0000,30.0000,43.0000,28.0000,29.0000,30,28,30,30,28,30,42,28,30,43,28,29,30,28,30,30,28,30,42,28,30,43,28,29,41.99,39.00,30.986,0.280,2.7976,sat down ~19:22Z from 45/46C
433.48,2026-09-28T19:34:24Z,501,30.0000,28.0000,30.0000,30.0000,28.0000,30.0000,42.0000,28.0000,30.0000,43.0000,28.0000,29.0000,30,28,30,30,28,30,42,28,30,43,28,29,30,28,30,30,28,30,42,28,30,43,28,29,41.99,39.00,30.986,0.276,2.7976,sat down ~19:22Z from 45/46C
434.48,2026-09-28T19:34:25Z,501,30.0000,28.0000,30.0000,30.0000,28.0000,30.0000,42.0000,28.0000,30.0000,43.0000,28.0000,29.0000,30,28,30,30,28,30,42,28,30,43,28,29,30,28,30,30,28,30,42,28,30,43,28,29,41.99,39.00,30.986,0.277,2.7976,sat down ~19:22Z from 45/46C
435.48,2026-09-28T19:34:26Z,501,30.0000,28.0220,30.0000,30.0000,28.0000,30.0000,42.0000,28.0000,30.0000,43.0000,28.0000,29.0000,30,28,30,30,28,30,42,28,30,43,28,29,30,29,30,30,28,30,42,28,30,43,28,29,42.00,39.00,30.986,0.277,2.7976,sat down ~19:22Z from 45/46C
436.48,2026-09-28T19:34:27Z,498,30.0000,28.0080,30.0000,30.0000,28.0000,30.0000,42.0000,28.0000,30.0000,43.0000,28.0000,29.0000,30,28,30,30,28,30,42,28,30,43,28,29,30,29,30,30,28,30,42,28,30,43,28,29,42.00,39.00,30.985,0.275,2.7976,sat down ~19:22Z from 45/46C
437.48,2026-09-28T19:34:28Z,501,30.0000,28.0000,30.0000,30.0000,28.0000,30.0000,42.0000,28.0000,30.0000,43.0000,28.0000,29.0000,30,28,30,30,28,30,42,28,30,43,28,29,30,28,30,30,28,30,42,28,30,43,28,29,41.99,39.00,30.985,0.278,2.7976,sat down ~19:22Z from 45/46C
438.49,2026-09-28T19:34:29Z,500,30.0000,28.0100,30.0000,30.0000,28.0000,30.0000,42.0000,28.0000,30.0000,43.0000,28.0000,29.0000,30,28,30,30,28,30,42,28,30,43,28,29,30,29,30,30,28,30,42,28,30,43,28,29,41.99,39.00,30.985,0.277,2.7976,sat down ~19:22Z from 45/46C
439.49,2026-09-28T19:34:30Z,501,30.0000,28.0060,30.0000,30.0000,28.0000,30.0000,42.0000,28.0000,30.0000,43.0000,28.0000,29.0000,30,28,30,30,28,30,42,28,30,43,28,29,30,29,30,30,28,30,42,28,30,43,28,29,41.99,39.00,30.984,0.279,2.7976,sat down ~19:22Z from 45/46C
440.49,2026-09-28T19:34:31Z,501,30.0000,28.0140,30.0000,30.0000,28.0000,30.0000,42.0000,28.0000,30.0000,43.0000,28.0000,29.0000,30,28,30,30,28,30,42,28,30,43,28,29,30,29,30,30,28,30,42,28,30,43,28,29,41.99,39.00,30.984,0.277,2.7976,sat down ~19:22Z from 45/46C
441.49,2026-09-28T19:34:32Z,500,30.0000,28.0320,30.0000,30.0000,28.0000,30.0000,42.0000,28.0000,30.0000,43.0000,28.0000,29.0000,30,28,30,30,28,30,42,28,30,43,28,29,30,29,30,30,28,30,42,28,30,43,28,29,42.00,39.00,30.984,0.276,2.7976,sat down ~19:22Z from 45/46C
442.49,2026-09-28T19:34:33Z,501,30.0000,28.0060,30.0000,30.0000,28.0000,30.0000,42.0000,28.0000,30.0000,43.0000,28.0000,29.0000,30,28,30,30,28,30,42,28,30,43,28,29,30,29,30,30,28,30,42,28,30,43,28,29,41.99,39.00,30.984,0.274,2.7976,sat down ~19:22Z from 45/46C
443.49,2026-09-28T19:34:34Z,500,30.0000,28.0200,30.0000,30.0000,28.0000,30.0000,42.0000,28.0000,30.0000,43.0000,28.0000,29.0000,30,28,30,30,28,30,42,28,30,43,28,29,30,29,30,30,28,30,42,28,30,43,28,29,42.00,39.00,30.983,0.276,2.7976,sat down ~19:22Z from 45/46C
444.49,2026-09-28T19:34:35Z,501,30.0000,28.0319,30.0000,30.0000,28.0000,30.0000,42.0000,28.0000,30.0000,43.0000,28.0000,29.0000,30,28,30,30,28,30,42,28,30,43,28,29,30,29,30,30,28,30,42,28,30,43,28,29,42.00,39.00,30.983,0.276,2.7976,sat down ~19:22Z from 45/46C
445.49,2026-09-28T19:34:36Z,500,30.0000,28.0560,30.0000,30.0000,28.0000,30.0000,42.0000,28.0000,30.0000,43.0000,28.0000,29.0000,30,28,30,30,28,30,42,28,30,43,28,29,30,29,30,30,28,30,42,28,30,43,28,29,42.00,39.00,30.983,0.275,2.7976,sat down ~19:22Z from 45/46C
446.49,2026-09-28T19:34:37Z,501,30.0000,28.0499,30.0000,30.0000,28.0000,30.0000,42.0000,28.0000,30.0000,43.0000,28.0000,29.0000,30,28,30,30,28,30,42,28,30,43,28,29,30,29,30,30,28,30,42,28,30,43,28,29,42.00,39.00,30.983,0.275,2.7976,sat down ~19:22Z from 45/46C
447.50,2026-09-28T19:34:38Z,501,30.0000,28.0539,30.0000,30.0000,28.0000,30.0000,42.0000,28.0000,30.0000,43.0000,28.0000,29.0000,30,28,30,30,28,30,42,28,30,43,28,29,30,29,30,30,28,30,42,28,30,43,28,29,41.99,39.00,30.982,0.276,2.7976,sat down ~19:22Z from 45/46C
448.50,2026-09-28T19:34:39Z,500,30.0000,28.0520,30.0000,30.0000,28.0000,30.0000,42.0000,28.0000,30.0000,43.0000,28.0000,29.0000,30,28,30,30,28,30,42,28,30,43,28,29,30,29,30,30,28,30,42,28,30,43,28,29,42.00,39.00,30.982,0.272,2.7976,sat down ~19:22Z from 45/46C
449.50,2026-09-28T19:34:40Z,501,30.0000,28.0399,30.0000,30.0000,28.0000,30.0000,42.0000,28.0000,30.0000,43.0000,28.0000,29.0000,30,28,30,30,28,30,42,28,30,43,28,29,30,29,30,30,28,30,42,28,30,43,28,29,41.99,39.00,30.982,0.270,2.7976,sat down ~19:22Z from 45/46C
450.50,2026-09-28T19:34:41Z,497,30.0000,28.1026,30.0000,30.0000,28.0000,30.0000,42.0000,28.0000,30.0000,43.0000,28.0000,29.0000,30,28,30,30,28,30,42,28,30,43,28,29,30,29,30,30,28,30,42,28,30,43,28,29,42.00,39.00,30.981,0.274,2.7976,sat down ~19:22Z from 45/46C
451.50,2026-09-28T19:34:42Z,500,30.0000,28.0920,30.0000,30.0000,28.0000,30.0000,42.0000,28.0000,30.0000,43.0000,28.0000,29.0000,30,28,30,30,28,30,42,28,30,43,28,29,30,29,30,30,28,30,42,28,30,43,28,29,42.00,39.00,30.981,0.274,2.7976,sat down ~19:22Z from 45/46C
452.50,2026-09-28T19:34:43Z,501,30.0000,28.0978,30.0000,30.0000,28.0000,30.0000,42.0000,28.0000,30.0000,43.0000,28.0000,29.0000,30,28,30,30,28,30,42,28,30,43,28,29,30,29,30,30,28,30,42,28,30,43,28,29,41.99,39.00,30.981,0.272,2.7976,sat down ~19:22Z from 45/46C
453.50,2026-09-28T19:34:44Z,501,30.0000,28.1497,30.0000,30.0000,28.0000,30.0000,42.0000,28.0000,30.0000,43.0000,28.0000,29.0000,30,28,30,30,28,30,42,28,30,43,28,29,30,29,30,30,28,30,42,28,30,43,28,29,41.98,39.00,30.980,0.273,2.7976,sat down ~19:22Z from 45/46C
454.50,2026-09-28T19:34:45Z,500,30.0000,28.1000,30.0000,30.0000,28.0000,30.0000,42.0000,28.0000,30.0000,43.0000,28.0000,29.0000,30,28,30,30,28,30,42,28,30,43,28,29,30,29,30,30,28,30,42,28,30,43,28,29,41.99,39.00,30.980,0.274,2.7976,sat down ~19:22Z from 45/46C
455.50,2026-09-28T19:34:46Z,500,30.0000,28.1320,30.0000,30.0000,28.0000,30.0000,42.0000,28.0000,30.0000,43.0000,28.0000,29.0000,30,28,30,30,28,30,42,28,30,43,28,29,30,29,30,30,28,30,42,28,30,43,28,29,42.00,39.00,30.980,0.274,2.7976,sat down ~19:22Z from 45/46C
456.50,2026-09-28T19:34:47Z,500,30.0000,28.1500,30.0000,30.0000,28.0000,30.0000,42.0000,28.0000,30.0000,43.0000,28.0000,29.0000,30,28,30,30,28,30,42,28,30,43,28,29,30,29,30,30,28,30,42,28,30,43,28,29,42.00,39.00,30.980,0.279,2.7976,sat down ~19:22Z from 45/46C
457.50,2026-09-28T19:34:48Z,500,30.0000,28.2040,30.0000,30.0000,28.0000,30.0000,42.0000,28.0000,30.0000,43.0000,28.0000,29.0000,30,28,30,30,28,30,42,28,30,43,28,29,30,29,30,30,28,30,42,28,30,43,28,29,42.00,39.00,30.980,0.277,2.7976,sat down ~19:22Z from 45/46C
458.51,2026-09-28T19:34:49Z,499,30.0000,28.2064,30.0000,30.0000,28.0000,30.0000,42.0000,28.0000,30.0000,43.0000,28.0000,29.0000,30,28,30,30,28,30,42,28,30,43,28,29,30,29,30,30,28,30,42,28,30,43,28,29,42.00,39.00,30.979,0.273,2.7976,sat down ~19:22Z from 45/46C
459.51,2026-09-28T19:34:50Z,500,30.0000,28.2620,30.0000,30.0000,28.0000,30.0000,42.0000,28.0000,30.0000,43.0000,28.0000,29.0000,30,28,30,30,28,30,42,28,30,43,28,29,30,29,30,30,28,30,42,28,30,43,28,29,41.99,39.00,30.979,0.274,2.7976,sat down ~19:22Z from 45/46C
460.51,2026-09-28T19:34:51Z,501,30.0000,28.2814,30.0000,30.0000,28.0000,30.0000,42.0000,28.0000,30.0000,43.0000,28.0000,29.0000,30,28,30,30,28,30,42,28,30,43,28,29,30,29,30,30,28,30,42,28,30,43,28,29,42.00,39.00,30.979,0.275,2.7976,sat down ~19:22Z from 45/46C
461.51,2026-09-28T19:34:52Z,500,30.0000,28.3240,30.0000,30.0000,28.0000,30.0000,42.0000,28.0000,30.0000,43.0000,28.0000,29.0000,30,28,30,30,28,30,42,28,30,43,28,29,30,29,30,30,28,30,42,28,30,43,28,29,42.00,39.00,30.979,0.271,2.7976,sat down ~19:22Z from 45/46C
462.51,2026-09-28T19:34:53Z,501,30.0000,28.3174,30.0000,30.0000,28.0000,30.0000,42.0000,28.0000,30.0000,43.0000,28.0000,29.0000,30,28,30,30,28,30,42,28,30,43,28,29,30,29,30,30,28,30,42,28,30,43,28,29,42.00,39.00,30.978,0.271,2.7976,sat down ~19:22Z from 45/46C
463.51,2026-09-28T19:34:54Z,500,30.0000,28.4180,30.0000,30.0000,28.0000,30.0000,42.0000,28.0000,30.0000,43.0000,28.0000,29.0000,30,28,30,30,28,30,42,28,30,43,28,29,30,29,30,30,28,30,42,28,30,43,28,29,42.00,39.00,30.978,0.273,2.7976,sat down ~19:22Z from 45/46C
464.51,2026-09-28T19:34:55Z,501,30.0000,28.4032,30.0000,30.0000,28.0000,30.0000,42.0000,28.0000,30.0000,43.0000,28.0000,29.0000,30,28,30,30,28,30,42,28,30,43,28,29,30,29,30,30,28,30,42,28,30,43,28,29,42.00,39.00,30.978,0.275,2.7976,sat down ~19:22Z from 45/46C
465.51,2026-09-28T19:34:56Z,500,30.0000,28.5460,30.0000,30.0000,28.0000,30.0000,42.0000,28.0000,30.0000,43.0000,28.0000,29.0000,30,28,30,30,28,30,42,28,30,43,28,29,30,29,30,30,28,30,42,28,30,43,28,29,42.00,39.00,30.978,0.274,2.7976,sat down ~19:22Z from 45/46C
466.51,2026-09-28T19:34:57Z,501,30.0000,28.6028,30.0000,30.0000,28.0000,30.0000,42.0000,28.0000,30.0000,43.0000,28.0000,29.0000,30,28,30,30,28,30,42,28,30,43,28,29,30,29,30,30,28,30,42,28,30,43,28,29,42.00,39.00,30.978,0.272,2.7976,sat down ~19:22Z from 45/46C
467.52,2026-09-28T19:34:58Z,501,30.0000,28.5768,30.0000,30.0000,28.0000,30.0000,42.0000,28.0000,30.0000,43.0000,28.0000,29.0000,30,28,30,30,28,30,42,28,30,43,28,29,30,29,30,30,28,30,42,28,30,43,28,29,42.00,39.00,30.977,0.272,2.7976,sat down ~19:22Z from 45/46C
468.52,2026-09-28T19:34:59Z,501,30.0000,28.6986,30.0000,30.0000,28.0000,30.0000,42.0000,28.0000,30.0000,43.0000,28.0000,29.0000,30,28,30,30,28,30,42,28,30,43,28,29,30,29,30,30,28,30,42,28,30,43,28,29,41.99,39.00,30.977,0.269,2.7976,sat down ~19:22Z from 45/46C
469.52,2026-09-28T19:35:00Z,499,30.0000,28.6994,30.0000,30.0000,28.0000,30.0000,42.0000,28.0000,30.0000,43.0000,28.0000,29.0000,30,28,30,30,28,30,42,28,30,43,28,29,30,29,30,30,28,30,42,28,30,43,28,29,42.00,39.00,30.976,0.270,2.7976,sat down ~19:22Z from 45/46C
470.52,2026-09-28T19:35:01Z,501,30.0000,28.7565,30.0000,30.0000,28.0000,30.0000,42.0000,28.0000,30.0000,43.0000,28.0000,29.0000,30,28,30,30,28,30,42,28,30,43,28,29,30,29,30,30,28,30,42,28,30,43,28,29,42.00,39.00,30.976,0.272,2.7976,sat down ~19:22Z from 45/46C
471.52,2026-09-28T19:35:02Z,500,30.0000,28.8540,30.0000,30.0000,28.0000,30.0000,42.0000,28.0000,30.0000,43.0000,28.0000,29.0000,30,28,30,30,28,30,42,28,30,43,28,29,30,29,30,30,28,30,42,28,30,43,28,29,42.00,39.00,30.976,0.275,2.7976,sat down ~19:22Z from 45/46C
472.52,2026-09-28T19:35:03Z,501,30.0000,28.8643,30.0000,30.0000,28.0000,30.0000,42.0000,28.0000,30.0000,43.0000,28.0000,29.0000,30,28,30,30,28,30,42,28,30,43,28,29,30,29,30,30,28,30,42,28,30,43,28,29,42.00,39.00,30.975,0.272,2.7976,sat down ~19:22Z from 45/46C
473.52,2026-09-28T19:35:04Z,500,30.0000,28.9140,30.0000,30.0000,28.0000,30.0000,42.0000,28.0000,30.0000,43.0000,28.0000,29.0000,30,28,30,30,28,30,42,28,30,43,28,29,30,29,30,30,28,30,42,28,30,43,28,29,41.99,39.00,30.975,0.275,2.7976,sat down ~19:22Z from 45/46C
474.52,2026-09-28T19:35:05Z,501,30.0000,28.9062,30.0000,30.0000,28.0000,30.0000,42.0000,28.0000,30.0000,43.0000,28.0000,29.0000,30,28,30,30,28,30,42,28,30,43,28,29,30,29,30,30,28,30,42,28,30,43,28,29,42.00,39.00,30.975,0.271,2.7976,sat down ~19:22Z from 45/46C
475.53,2026-09-28T19:35:06Z,501,30.0000,28.9401,30.0000,30.0000,28.0000,30.0000,42.0000,28.0000,30.0000,43.0000,28.0000,29.0000,30,28,30,30,28,30,42,28,30,43,28,29,30,29,30,30,28,30,42,28,30,43,28,29,41.99,39.00,30.975,0.276,2.7976,sat down ~19:22Z from 45/46C
476.53,2026-09-28T19:35:07Z,500,30.0000,28.9800,30.0000,30.0000,28.0000,30.0000,42.0000,28.0000,30.0000,43.0000,28.0000,29.0000,30,28,30,30,28,30,42,28,30,43,28,29,30,29,30,30,28,30,42,28,30,43,28,29,42.00,39.00,30.975,0.274,2.7976,sat down ~19:22Z from 45/46C
477.53,2026-09-28T19:35:08Z,501,30.0000,28.9581,30.0000,30.0000,28.0000,30.0000,42.0000,28.0000,30.0000,43.0000,28.0000,29.0000,30,28,30,30,28,30,42,28,30,43,28,29,30,29,30,30,28,30,42,28,30,43,28,29,41.99,39.00,30.974,0.274,2.7976,sat down ~19:22Z from 45/46C
478.53,2026-09-28T19:35:09Z,501,30.0000,28.9721,30.0000,30.0000,28.0000,30.0000,42.0000,28.0000,30.0000,43.0000,28.0000,29.0000,30,28,30,30,28,30,42,28,30,43,28,29,30,29,30,30,28,30,42,28,30,43,28,29,42.00,39.00,30.974,0.275,2.7976,sat down ~19:22Z from 45/46C
479.53,2026-09-28T19:35:10Z,500,30.0000,28.9660,30.0000,30.0000,28.0000,30.0000,42.0000,28.0000,30.0000,43.0000,28.0000,29.0000,30,28,30,30,28,30,42,28,30,43,28,29,30,29,30,30,28,30,42,28,30,43,28,29,42.00,39.00,30.974,0.275,2.7976,sat down ~19:22Z from 45/46C
480.53,2026-09-28T19:35:11Z,501,30.0000,28.9780,30.0000,30.0000,28.0000,30.0000,42.0000,28.0000,30.0000,43.0000,28.0000,29.0000,30,28,30,30,28,30,42,28,30,43,28,29,30,29,30,30,28,30,42,28,30,43,28,29,41.99,39.00,30.974,0.273,2.7976,sat down ~19:22Z from 45/46C
481.53,2026-09-28T19:35:12Z,500,30.0000,28.9860,30.0000,30.0000,28.0000,30.0000,42.0000,28.0000,30.0000,43.0000,28.0000,29.0000,30,28,30,30,28,30,42,28,30,43,28,29,30,29,30,30,28,30,42,28,30,43,28,29,42.00,39.00,30.973,0.276,2.7976,sat down ~19:22Z from 45/46C
482.53,2026-09-28T19:35:13Z,501,30.0000,28.9920,30.0000,30.0000,28.0000,30.0000,42.0000,28.0000,30.0000,43.0000,28.0000,29.0000,30,28,30,30,28,30,42,28,30,43,28,29,30,29,30,30,28,30,42,28,30,43,28,29,41.99,39.00,30.973,0.274,2.7976,sat down ~19:22Z from 45/46C
483.54,2026-09-28T19:35:14Z,501,30.0000,28.9621,30.0000,30.0000,28.0000,30.0000,42.0000,28.0000,30.0000,43.0000,28.0000,29.0000,30,28,30,30,28,30,42,28,30,43,28,29,30,29,30,30,28,30,42,28,30,43,28,29,42.00,39.00,30.972,0.272,2.7976,sat down ~19:22Z from 45/46C
484.54,2026-09-28T19:35:15Z,501,30.0000,28.9860,30.0000,30.0000,28.0000,30.0000,42.0000,28.0000,30.0000,43.0000,28.0000,29.0000,30,28,30,30,28,30,42,28,30,43,28,29,30,29,30,30,28,30,42,28,30,43,28,29,42.00,39.00,30.972,0.277,2.7976,sat down ~19:22Z from 45/46C
485.54,2026-09-28T19:35:16Z,501,30.0000,28.9940,30.0000,30.0000,28.0000,30.0000,42.0000,28.0000,30.0000,43.0000,28.0000,29.0000,30,28,30,30,28,30,42,28,30,43,28,29,30,29,30,30,28,30,42,28,30,43,28,29,41.99,39.00,30.972,0.276,2.7976,sat down ~19:22Z from 45/46C
486.54,2026-09-28T19:35:17Z,501,30.0000,28.9860,30.0000,30.0000,28.0000,30.0000,42.0000,28.0000,30.0000,43.0000,28.0000,29.0000,30,28,30,30,28,30,42,28,30,43,28,29,30,29,30,30,28,30,42,28,30,43,28,29,42.00,39.00,30.972,0.276,2.7976,sat down ~19:22Z from 45/46C
487.54,2026-09-28T19:35:18Z,500,30.0000,28.9940,30.0000,30.0000,28.0000,30.0000,42.0000,28.0000,30.0000,43.0000,28.0000,29.0000,30,28,30,30,28,30,42,28,30,43,28,29,30,29,30,30,28,30,42,28,30,43,28,29,41.99,39.00,30.972,0.272,2.7976,sat down ~19:22Z from 45/46C
488.54,2026-09-28T19:35:19Z,501,30.0000,28.9780,30.0000,30.0000,28.0000,30.0000,42.0000,28.0000,30.0000,43.0000,28.0000,29.0000,30,28,30,30,28,30,42,28,30,43,28,29,30,29,30,30,28,30,42,28,30,43,28,29,42.00,39.00,30.971,0.275,2.7976,sat down ~19:22Z from 45/46C
489.54,2026-09-28T19:35:20Z,500,30.0000,29.0000,30.0000,30.0000,28.0000,30.0000,42.0000,28.0000,30.0000,43.0000,28.0000,29.0000,30,29,30,30,28,30,42,28,30,43,28,29,30,29,30,30,28,30,42,28,30,43,28,29,41.99,39.00,30.971,0.277,2.7976,sat down ~19:22Z from 45/46C
490.54,2026-09-28T19:35:21Z,501,30.0000,28.9860,30.0000,30.0000,28.0000,30.0000,42.0000,28.0000,30.0000,43.0000,28.0000,29.0000,30,28,30,30,28,30,42,28,30,43,28,29,30,29,30,30,28,30,42,28,30,43,28,29,41.99,39.00,30.971,0.273,2.7976,sat down ~19:22Z from 45/46C
491.55,2026-09-28T19:35:22Z,501,30.0000,29.0000,30.0000,30.0000,28.0000,30.0000,42.0000,28.0000,30.0000,43.0000,28.0000,29.0000,30,29,30,30,28,30,42,28,30,43,28,29,30,29,30,30,28,30,42,28,30,43,28,29,42.00,39.00,30.971,0.275,2.7976,sat down ~19:22Z from 45/46C
492.55,2026-09-28T19:35:23Z,501,30.0000,28.9940,30.0000,30.0000,28.0000,30.0000,42.0000,28.0000,30.0000,43.0000,28.0000,29.0000,30,28,30,30,28,30,42,28,30,43,28,29,30,29,30,30,28,30,42,28,30,43,28,29,42.00,39.00,30.970,0.276,2.7976,sat down ~19:22Z from 45/46C
493.55,2026-09-28T19:35:24Z,501,30.0000,29.0000,30.0000,30.0000,28.0000,30.0000,42.0000,28.0000,30.0000,43.0000,28.0000,29.0000,30,29,30,30,28,30,42,28,30,43,28,29,30,29,30,30,28,30,42,28,30,43,28,29,42.00,39.00,30.970,0.273,2.7976,sat down ~19:22Z from 45/46C
494.55,2026-09-28T19:35:25Z,501,30.0000,29.0000,30.0000,30.0000,28.0000,30.0000,42.0000,28.0000,30.0000,43.0000,28.0000,29.0000,30,29,30,30,28,30,42,28,30,43,28,29,30,29,30,30,28,30,42,28,30,43,28,29,42.00,39.00,30.970,0.274,2.7976,sat down ~19:22Z from 45/46C
495.55,2026-09-28T19:35:26Z,501,30.0000,29.0000,30.0000,30.0000,28.0000,30.0000,42.0000,28.0000,30.0000,43.0000,28.0000,29.0000,30,29,30,30,28,30,42,28,30,43,28,29,30,29,30,30,28,30,42,28,30,43,28,29,41.99,39.00,30.969,0.274,2.7976,sat down ~19:22Z from 45/46C
496.56,2026-09-28T19:35:27Z,501,30.0000,29.0000,30.0000,30.0000,28.0000,30.0000,42.0000,28.0000,30.0000,43.0000,28.0000,29.0000,30,29,30,30,28,30,42,28,30,43,28,29,30,29,30,30,28,30,42,28,30,43,28,29,42.00,39.00,30.970,0.275,2.7976,sat down ~19:22Z from 45/46C
497.56,2026-09-28T19:35:28Z,501,30.0000,28.9940,30.0000,30.0000,28.0000,30.0000,42.0000,28.0000,30.0000,43.0000,28.0000,29.0000,30,28,30,30,28,30,42,28,30,43,28,29,30,29,30,30,28,30,42,28,30,43,28,29,42.00,39.00,30.969,0.274,2.7976,sat down ~19:22Z from 45/46C
498.56,2026-09-28T19:35:29Z,501,30.0000,29.0000,30.0000,30.0000,28.0000,30.0000,42.0000,28.0000,30.0000,43.0000,28.0000,29.0000,30,29,30,30,28,30,42,28,30,43,28,29,30,29,30,30,28,30,42,28,30,43,28,29,42.00,39.00,30.969,0.273,2.7976,sat down ~19:22Z from 45/46C
499.56,2026-09-28T19:35:30Z,500,30.0000,29.0000,30.0000,30.0000,28.0000,30.0000,42.0000,28.0000,30.0000,43.0000,28.0000,29.0000,30,29,30,30,28,30,42,28,30,43,28,29,30,29,30,30,28,30,42,28,30,43,28,29,42.00,39.00,30.968,0.275,2.7976,sat down ~19:22Z from 45/46C
500.56,2026-09-28T19:35:31Z,500,30.0000,29.0000,30.0000,30.0000,28.0000,30.0000,42.0000,28.0000,30.0000,43.0000,28.0000,29.0000,30,29,30,30,28,30,42,28,30,43,28,29,30,29,30,30,28,30,42,28,30,43,28,29,42.00,39.00,30.969,0.277,2.7976,sat down ~19:22Z from 45/46C
501.56,2026-09-28T19:35:32Z,501,30.0000,29.0000,30.0000,30.0000,28.0000,30.0000,42.0000,28.0000,30.0000,43.0000,28.0000,29.0000,30,29,30,30,28,30,42,28,30,43,28,29,30,29,30,30,28,30,42,28,30,43,28,29,41.99,39.00,30.968,0.272,2.7976,sat down ~19:22Z from 45/46C
502.57,2026-09-28T19:35:33Z,501,30.0000,29.0000,30.0000,30.0000,28.0000,30.0000,42.0000,28.0000,30.0000,43.0000,28.0000,29.0000,30,29,30,30,28,30,42,28,30,43,28,29,30,29,30,30,28,30,42,28,30,43,28,29,42.00,39.00,30.968,0.274,2.7976,sat down ~19:22Z from 45/46C
503.57,2026-09-28T19:35:34Z,501,30.0000,29.0000,30.0000,30.0000,28.0000,30.0000,42.0000,28.0000,30.0000,43.0000,28.0000,29.0000,30,29,30,30,28,30,42,28,30,43,28,29,30,29,30,30,28,30,42,28,30,43,28,29,42.00,39.00,30.967,0.273,2.7976,sat down ~19:22Z from 45/46C
504.57,2026-09-28T19:35:35Z,501,30.0000,29.0000,30.0000,30.0000,28.0000,30.0000,42.0000,28.0000,30.0000,43.0000,28.0000,29.0000,30,29,30,30,28,30,42,28,30,43,28,29,30,29,30,30,28,30,42,28,30,43,28,29,42.00,39.00,30.968,0.274,2.7976,sat down ~19:22Z from 45/46C
505.57,2026-09-28T19:35:36Z,500,30.0000,29.0000,30.0000,30.0000,28.0000,30.0000,42.0000,28.0000,30.0000,43.0000,28.0000,29.0000,30,29,30,30,28,30,42,28,30,43,28,29,30,29,30,30,28,30,42,28,30,43,28,29,42.00,39.00,30.967,0.276,2.7976,sat down ~19:22Z from 45/46C
506.57,2026-09-28T19:35:37Z,501,30.0000,29.0000,30.0000,30.0000,28.0000,30.0000,42.0000,28.0000,30.0000,43.0000,28.0000,29.0000,30,29,30,30,28,30,42,28,30,43,28,29,30,29,30,30,28,30,42,28,30,43,28,29,42.00,39.00,30.967,0.276,2.7976,sat down ~19:22Z from 45/46C
507.57,2026-09-28T19:35:38Z,501,30.0000,29.0000,30.0000,30.0000,28.0000,30.0000,42.0000,28.0000,30.0000,43.0000,28.0000,29.0000,30,29,30,30,28,30,42,28,30,43,28,29,30,29,30,30,28,30,42,28,30,43,28,29,42.00,39.00,30.967,0.277,2.7976,sat down ~19:22Z from 45/46C
508.58,2026-09-28T19:35:39Z,501,30.0000,29.0000,30.0000,30.0000,28.0000,30.0000,42.0000,28.0000,30.0000,43.0000,28.0000,29.0000,30,29,30,30,28,30,42,28,30,43,28,29,30,29,30,30,28,30,42,28,30,43,28,29,42.00,39.00,30.967,0.277,2.7976,sat down ~19:22Z from 45/46C
509.58,2026-09-28T19:35:40Z,500,30.0000,29.0000,30.0000,30.0000,28.0000,30.0000,42.0000,28.0000,30.0000,43.0000,28.0000,29.0000,30,29,30,30,28,30,42,28,30,43,28,29,30,29,30,30,28,30,42,28,30,43,28,29,42.00,39.00,30.967,0.276,2.7976,sat down ~19:22Z from 45/46C
510.58,2026-09-28T19:35:41Z,501,30.0000,29.0000,30.0000,30.0000,28.0000,30.0000,42.0000,28.0000,30.0000,43.0000,28.0000,29.0000,30,29,30,30,28,30,42,28,30,43,28,29,30,29,30,30,28,30,42,28,30,43,28,29,42.00,39.00,30.966,0.276,2.7976,sat down ~19:22Z from 45/46C
511.58,2026-09-28T19:35:42Z,501,30.0000,29.0000,30.0000,30.0000,28.0000,30.0000,42.0000,28.0000,30.0000,43.0000,28.0000,29.0000,30,29,30,30,28,30,42,28,30,43,28,29,30,29,30,30,28,30,42,28,30,43,28,29,42.00,39.00,30.966,0.274,2.7976,sat down ~19:22Z from 45/46C
512.58,2026-09-28T19:35:43Z,500,30.0000,29.0000,30.0000,30.0000,28.0000,30.0000,42.0000,28.0000,30.0000,43.0000,28.0000,29.0000,30,29,30,30,28,30,42,28,30,43,28,29,30,29,30,30,28,30,42,28,30,43,28,29,42.00,39.00,30.966,0.273,2.7976,sat down ~19:22Z from 45/46C
513.58,2026-09-28T19:35:44Z,500,30.0000,29.0000,30.0000,30.0000,28.0000,30.0000,42.0000,28.0000,30.0000,43.0000,28.0000,29.0000,30,29,30,30,28,30,42,28,30,43,28,29,30,29,30,30,28,30,42,28,30,43,28,29,42.00,39.00,30.965,0.276,2.7976,sat down ~19:22Z from 45/46C
514.58,2026-09-28T19:35:45Z,501,30.0000,29.0000,30.0000,30.0000,28.0000,30.0000,42.0000,28.0000,30.0000,43.0000,28.0000,29.0000,30,29,30,30,28,30,42,28,30,43,28,29,30,29,30,30,28,30,42,28,30,43,28,29,42.00,39.00,30.965,0.275,2.7976,sat down ~19:22Z from 45/46C
515.58,2026-09-28T19:35:46Z,500,30.0000,29.0000,30.0000,30.0000,28.0000,30.0000,42.0000,28.0000,30.0000,43.0000,28.0000,29.0000,30,29,30,30,28,30,42,28,30,43,28,29,30,29,30,30,28,30,42,28,30,43,28,29,42.00,39.00,30.965,0.274,2.7976,sat down ~19:22Z from 45/46C
516.58,2026-09-28T19:35:47Z,501,30.0000,29.0000,30.0000,30.0000,28.0000,30.0000,42.0000,28.0000,30.0000,43.0000,28.0000,29.0000,30,29,30,30,28,30,42,28,30,43,28,29,30,29,30,30,28,30,42,28,30,43,28,29,42.00,39.00,30.965,0.275,2.7976,sat down ~19:22Z from 45/46C
517.58,2026-09-28T19:35:48Z,500,30.0000,29.0000,30.0000,30.0000,28.0000,30.0000,42.0000,28.0000,30.0000,43.0000,28.0000,29.0000,30,29,30,30,28,30,42,28,30,43,28,29,30,29,30,30,28,30,42,28,30,43,28,29,42.00,39.00,30.965,0.277,2.7976,sat down ~19:22Z from 45/46C
518.59,2026-09-28T19:35:49Z,501,30.0000,29.0000,30.0000,30.0000,28.0000,30.0000,42.0000,28.0000,30.0000,43.0000,28.0000,29.0000,30,29,30,30,28,30,42,28,30,43,28,29,30,29,30,30,28,30,42,28,30,43,28,29,42.00,39.00,30.964,0.274,2.7976,sat down ~19:22Z from 45/46C
519.59,2026-09-28T19:35:50Z,501,30.0000,29.0000,30.0000,30.0000,28.0000,30.0000,42.0000,28.0000,30.0000,43.0000,28.0000,29.0000,30,29,30,30,28,30,42,28,30,43,28,29,30,29,30,30,28,30,42,28,30,43,28,29,42.00,39.00,30.964,0.275,2.7976,sat down ~19:22Z from 45/46C
520.59,2026-09-28T19:35:51Z,500,30.0000,29.0000,30.0000,30.0000,28.0000,30.0000,42.0000,28.0000,30.0000,43.0000,28.0000,29.0000,30,29,30,30,28,30,42,28,30,43,28,29,30,29,30,30,28,30,42,28,30,43,28,29,42.00,39.00,30.964,0.276,2.7976,sat down ~19:22Z from 45/46C
521.59,2026-09-28T19:35:52Z,501,30.0000,29.0000,30.0000,30.0000,28.0000,30.0000,42.0000,28.0000,30.0000,43.0000,28.0000,29.0000,30,29,30,30,28,30,42,28,30,43,28,29,30,29,30,30,28,30,42,28,30,43,28,29,42.00,39.00,30.964,0.276,2.7976,sat down ~19:22Z from 45/46C
522.59,2026-09-28T19:35:53Z,501,30.0000,29.0000,30.0000,30.0000,28.0000,30.0000,42.0000,28.0000,30.0000,43.0000,28.0000,29.0000,30,29,30,30,28,30,42,28,30,43,28,29,30,29,30,30,28,30,42,28,30,43,28,29,42.00,39.00,30.964,0.277,2.7976,sat down ~19:22Z from 45/46C
523.59,2026-09-28T19:35:54Z,501,30.0000,29.0000,30.0000,30.0000,28.0000,30.0000,42.0000,28.0000,30.0000,43.0000,28.0000,29.0000,30,29,30,30,28,30,42,28,30,43,28,29,30,29,30,30,28,30,42,28,30,43,28,29,42.00,39.00,30.964,0.276,2.7976,sat down ~19:22Z from 45/46C
524.59,2026-09-28T19:35:55Z,500,30.0000,29.0000,30.0000,30.0000,28.0000,30.0000,42.0000,28.0000,30.0000,43.0000,28.0540,29.0000,30,29,30,30,28,30,42,28,30,43,28,29,30,29,30,30,28,30,42,28,30,43,29,29,42.00,39.00,30.963,0.276,2.7976,sat down ~19:22Z from 45/46C
525.59,2026-09-28T19:35:56Z,501,30.0000,29.0000,30.0000,30.0000,28.0000,30.0000,42.0000,28.0000,30.0000,43.0000,28.1497,29.0080,30,29,30,30,28,30,42,28,30,43,28,29,30,29,30,30,28,30,42,28,30,43,29,30,42.00,39.00,30.963,0.273,2.7976,sat down ~19:22Z from 45/46C
526.59,2026-09-28T19:35:57Z,499,30.0000,29.0000,30.0000,30.0000,28.0000,30.0000,42.0000,28.0000,30.0000,43.0000,28.0982,29.0000,30,29,30,30,28,30,42,28,30,43,28,29,30,29,30,30,28,30,42,28,30,43,29,29,42.00,39.00,30.963,0.272,2.7976,sat down ~19:22Z from 45/46C
527.60,2026-09-28T19:35:58Z,501,30.0000,29.0000,30.0000,30.0000,28.0000,30.0000,42.0000,28.0000,30.0000,43.0000,28.1537,29.0060,30,29,30,30,28,30,42,28,30,43,28,29,30,29,30,30,28,30,42,28,30,43,29,30,42.00,39.00,30.962,0.273,2.7976,sat down ~19:22Z from 45/46C
528.60,2026-09-28T19:35:59Z,499,30.0000,29.0000,30.0000,30.0000,28.0000,30.0000,42.0000,28.0000,30.0000,43.0000,28.1723,29.0080,30,29,30,30,28,30,42,28,30,43,28,29,30,29,30,30,28,30,42,28,30,43,29,30,42.00,39.00,30.962,0.274,2.7976,sat down ~19:22Z from 45/46C
529.60,2026-09-28T19:36:00Z,501,30.0000,29.0000,30.0000,30.0000,28.0000,30.0000,42.0000,28.0000,30.0000,43.0000,28.2355,29.0559,30,29,30,30,28,30,42,28,30,43,28,29,30,29,30,30,28,30,42,28,30,43,29,30,42.00,39.00,30.962,0.270,2.7976,sat down ~19:22Z from 45/46C
530.60,2026-09-28T19:36:01Z,500,30.0000,29.0000,30.0000,30.0000,28.0000,30.0000,42.0000,28.0000,30.0000,43.0000,28.2660,29.0280,30,29,30,30,28,30,42,28,30,43,28,29,30,29,30,30,28,30,42,28,30,43,29,30,42.00,39.00,30.962,0.271,2.7976,sat down ~19:22Z from 45/46C
531.60,2026-09-28T19:36:02Z,500,30.0000,29.0000,30.0000,30.0000,28.0000,30.0000,42.0000,28.0000,30.0000,43.0000,28.1960,29.0580,30,29,30,30,28,30,42,28,30,43,28,29,30,29,30,30,28,30,42,28,30,43,29,30,42.00,39.00,30.961,0.274,2.7976,sat down ~19:22Z from 45/46C
532.60,2026-09-28T19:36:03Z,501,30.0000,29.0000,30.0000,30.0000,28.0000,30.0000,42.0000,28.0000,30.0000,42.9940,28.2016,29.0699,30,29,30,30,28,30,42,28,30,42,28,29,30,29,30,30,28,30,42,28,30,43,29,30,42.00,39.00,30.961,0.273,2.7976,sat down ~19:22Z from 45/46C
533.60,2026-09-28T19:36:04Z,500,30.0000,29.0000,30.0000,30.0000,28.0000,30.0000,42.0000,28.0000,30.0000,42.9860,28.1980,29.1160,30,29,30,30,28,30,42,28,30,42,28,29,30,29,30,30,28,30,42,28,30,43,29,30,42.00,39.00,30.961,0.274,2.7976,sat down ~19:22Z from 45/46C
534.60,2026-09-28T19:36:05Z,501,30.0000,29.0000,30.0000,30.0000,28.0000,30.0000,42.0000,28.0000,30.0000,42.9741,28.2315,29.0699,30,29,30,30,28,30,42,28,30,42,28,29,30,29,30,30,28,30,42,28,30,43,29,30,42.00,39.00,30.961,0.276,2.7976,sat down ~19:22Z from 45/46C
535.60,2026-09-28T19:36:06Z,500,30.0000,29.0000,30.0000,30.0000,28.0000,30.0000,42.0000,28.0000,30.0000,42.9260,28.2080,29.0700,30,29,30,30,28,30,42,28,30,42,28,29,30,29,30,30,28,30,42,28,30,43,29,30,42.00,39.00,30.961,0.276,2.7976,sat down ~19:22Z from 45/46C
536.60,2026-09-28T19:36:07Z,501,30.0000,29.0000,30.0000,30.0000,28.0000,30.0000,42.0000,28.0000,30.0000,42.8762,28.2255,29.0958,30,29,30,30,28,30,42,28,30,42,28,29,30,29,30,30,28,30,42,28,30,43,29,30,42.00,39.00,30.960,0.277,2.7976,sat down ~19:22Z from 45/46C
537.61,2026-09-28T19:36:08Z,501,30.0000,29.0000,30.0000,30.0000,28.0000,30.0000,42.0000,28.0000,30.0000,42.7365,28.2754,29.0998,30,29,30,30,28,30,42,28,30,42,28,29,30,29,30,30,28,30,42,28,30,43,29,30,42.00,39.00,30.960,0.276,2.7976,sat down ~19:22Z from 45/46C
538.61,2026-09-28T19:36:09Z,499,30.0000,29.0000,30.0000,30.0000,28.0000,30.0000,42.0000,28.0000,30.0000,42.5952,28.2926,29.1383,30,29,30,30,28,30,42,28,30,42,28,29,30,29,30,30,28,30,42,28,30,43,29,30,42.00,39.00,30.960,0.273,2.7976,sat down ~19:22Z from 45/46C
539.61,2026-09-28T19:36:10Z,501,30.0000,29.0000,30.0000,30.0000,28.0000,30.0000,42.0000,28.0000,30.0000,42.5429,28.3772,29.1796,30,29,30,30,28,30,42,28,30,42,28,29,30,29,30,30,28,30,42,28,30,43,29,30,42.00,39.00,30.959,0.274,2.7976,sat down ~19:22Z from 45/46C
540.61,2026-09-28T19:36:11Z,501,30.0000,29.0000,30.0000,30.0000,28.0000,30.0000,42.0000,28.0000,30.0000,42.3054,28.4671,29.2116,30,29,30,30,28,30,42,28,30,42,28,29,30,29,30,30,28,30,42,28,30,43,29,30,42.00,39.00,30.960,0.271,2.7976,sat down ~19:22Z from 45/46C
541.61,2026-09-28T19:36:12Z,501,30.0000,29.0000,30.0000,30.0000,28.0000,30.0000,42.0000,28.0000,30.0000,42.2874,28.4930,29.1896,30,29,30,30,28,30,42,28,30,42,28,29,30,29,30,30,28,30,42,28,30,43,29,30,42.00,39.00,30.959,0.274,2.7976,sat down ~19:22Z from 45/46C
542.61,2026-09-28T19:36:13Z,500,30.0000,29.0000,30.0000,30.0000,28.0000,30.0000,42.0000,28.0000,30.0000,42.1640,28.5420,29.2380,30,29,30,30,28,30,42,28,30,42,28,29,30,29,30,30,28,30,42,28,30,43,29,30,42.00,39.00,30.959,0.277,2.7976,sat down ~19:22Z from 45/46C
543.62,2026-09-28T19:36:14Z,501,30.0000,29.0000,30.0000,30.0000,28.0000,30.0000,42.0000,28.0000,30.0000,42.0679,28.5569,29.1776,30,29,30,30,28,30,42,28,30,42,28,29,30,29,30,30,28,30,42,28,30,43,29,30,42.00,39.00,30.959,0.278,2.7976,sat down ~19:22Z from 45/46C
544.62,2026-09-28T19:36:15Z,500,30.0000,29.0000,30.0000,30.0000,28.0000,30.0000,42.0000,28.0000,30.0000,42.0140,28.5020,29.2660,30,29,30,30,28,30,42,28,30,42,28,29,30,29,30,30,28,30,42,28,30,43,29,30,42.00,39.00,30.959,0.277,2.7976,sat down ~19:22Z from 45/46C
545.62,2026-09-28T19:36:16Z,501,30.0000,29.0000,30.0000,30.0000,28.0000,30.0000,42.0000,28.0000,30.0000,42.0220,28.5669,29.2735,30,29,30,30,28,30,42,28,30,42,28,29,30,29,30,30,28,30,42,28,30,43,29,30,42.00,39.00,30.958,0.273,2.7976,sat down ~19:22Z from 45/46C
546.62,2026-09-28T19:36:17Z,501,30.0000,29.0000,30.0000,30.0000,28.0000,30.0000,42.0000,28.0000,30.0000,42.0000,28.5110,29.4212,30,29,30,30,28,30,42,28,30,42,28,29,30,29,30,30,28,30,42,28,30,42,29,30,42.00,39.00,30.958,0.272,2.7976,sat down ~19:22Z from 45/46C
547.62,2026-09-28T19:36:18Z,501,30.0000,29.0000,30.0000,30.0000,28.0000,30.0000,42.0000,28.0000,30.0000,42.0000,28.5848,29.4351,30,29,30,30,28,30,42,28,30,42,28,29,30,29,30,30,28,30,42,28,30,42,29,30,42.00,39.00,30.958,0.271,2.7976,sat down ~19:22Z from 45/46C
548.62,2026-09-28T19:36:19Z,500,30.0000,29.0000,30.0000,30.0000,28.0000,30.0000,42.0000,28.0000,30.0000,42.0000,28.5680,29.5040,30,29,30,30,28,30,42,28,30,42,28,29,30,29,30,30,28,30,42,28,30,42,29,30,42.00,39.00,30.957,0.271,2.7976,sat down ~19:22Z from 45/46C
549.62,2026-09-28T19:36:20Z,501,30.0000,29.0000,30.0000,30.0000,28.0000,30.0000,42.0000,28.0000,30.0000,42.0000,28.4910,29.4770,30,29,30,30,28,30,42,28,30,42,28,29,30,29,30,30,28,30,42,28,30,42,29,30,42.00,39.00,30.957,0.272,2.7976,sat down ~19:22Z from 45/46C
550.62,2026-09-28T19:36:21Z,500,30.0000,29.0000,30.0000,30.0000,28.0000,30.0000,42.0000,28.0000,30.0000,42.0000,28.5260,29.5300,30,29,30,30,28,30,42,28,30,42,28,29,30,29,30,30,28,30,42,28,30,42,29,30,42.00,39.00,30.957,0.275,2.7976,sat down ~19:22Z from 45/46C
551.63,2026-09-28T19:36:22Z,501,30.0000,29.0000,30.0000,30.0000,28.0000,30.0000,42.0000,28.0000,30.0000,42.0000,28.5988,29.5589,30,29,30,30,28,30,42,28,30,42,28,29,30,29,30,30,28,30,42,28,30,42,29,30,42.00,39.00,30.957,0.276,2.7976,sat down ~19:22Z from 45/46C
552.63,2026-09-28T19:36:23Z,498,30.0000,29.0000,30.0000,30.0000,28.0000,30.0000,42.0000,28.0000,30.0000,42.0000,28.6767,29.5000,30,29,30,30,28,30,42,28,30,42,28,29,30,29,30,30,28,30,42,28,30,42,29,30,42.00,39.00,30.957,0.275,2.7976,sat down ~19:22Z from 45/46C
553.63,2026-09-28T19:36:24Z,500,30.0000,29.0000,30.0000,30.0000,28.0000,30.0000,42.0000,28.0000,30.0000,42.0000,28.7840,29.5900,30,29,30,30,28,30,42,28,30,42,28,29,30,29,30,30,28,30,42,28,30,42,29,30,42.00,39.00,30.956,0.276,2.7976,sat down ~19:22Z from 45/46C
554.63,2026-09-28T19:36:25Z,501,30.0000,29.0000,30.0000,30.0000,28.0000,30.0000,42.0000,28.0000,30.0000,42.0000,28.8124,29.6287,30,29,30,30,28,30,42,28,30,42,28,29,30,29,30,30,28,30,42,28,30,42,29,30,42.00,39.00,30.956,0.278,2.7976,sat down ~19:22Z from 45/46C
555.63,2026-09-28T19:36:26Z,500,30.0000,29.0000,30.0000,30.0000,28.0000,30.0000,42.0000,28.0000,30.0000,42.0000,28.8840,29.6660,30,29,30,30,28,30,42,28,30,42,28,29,30,29,30,30,28,30,42,28,30,42,29,30,42.00,39.00,30.956,0.277,2.7976,sat down ~19:22Z from 45/46C
556.63,2026-09-28T19:36:27Z,500,30.0000,29.0000,30.0000,30.0000,28.0000,30.0000,42.0000,28.0000,30.0000,42.0000,28.9480,29.6220,30,29,30,30,28,30,42,28,30,42,28,29,30,29,30,30,28,30,42,28,30,42,29,30,42.00,39.00,30.956,0.282,2.7976,sat down ~19:22Z from 45/46C
557.63,2026-09-28T19:36:28Z,501,30.0000,29.0000,30.0000,30.0000,28.0000,30.0000,42.0000,28.0000,30.0000,42.0000,28.9860,29.7465,30,29,30,30,28,30,42,28,30,42,28,29,30,29,30,30,28,30,42,28,30,42,29,30,42.00,39.00,30.956,0.283,2.7976,sat down ~19:22Z from 45/46C
558.63,2026-09-28T19:36:29Z,500,30.0000,29.0000,30.0000,30.0000,28.0000,30.0000,42.0000,28.0000,30.0000,42.0000,28.9940,29.7060,30,29,30,30,28,30,42,28,30,42,28,29,30,29,30,30,28,30,42,28,30,42,29,30,42.00,39.00,30.955,0.282,2.7976,sat down ~19:22Z from 45/46C
559.63,2026-09-28T19:36:30Z,501,30.0000,29.0000,30.0000,30.0000,28.0000,30.0000,42.0000,28.0000,30.0000,42.0000,29.0000,29.7086,30,29,30,30,28,30,42,28,30,42,29,29,30,29,30,30,28,30,42,28,30,42,29,30,42.00,39.00,30.955,0.281,2.7976,sat down ~19:22Z from 45/46C
560.63,2026-09-28T19:36:31Z,500,30.0000,29.0000,30.0000,30.0000,28.0000,30.0000,42.0000,28.0000,30.0000,42.0000,29.0000,29.7080,30,29,30,30,28,30,42,28,30,42,29,29,30,29,30,30,28,30,42,28,30,42,29,30,42.00,39.00,30.954,0.280,2.7976,sat down ~19:22Z from 45/46C
561.63,2026-09-28T19:36:32Z,501,30.0000,29.0000,30.0000,30.0000,28.0000,30.0000,42.0000,28.0000,30.0000,42.0000,29.0000,29.7764,30,29,30,30,28,30,42,28,30,42,29,29,30,29,30,30,28,30,42,28,30,42,29,30,42.00,39.00,30.954,0.282,2.7976,sat down ~19:22Z from 45/46C
562.63,2026-09-28T19:36:33Z,499,30.0000,29.0000,30.0000,30.0000,28.0000,30.0000,42.0000,28.0000,30.0000,42.0000,29.0000,29.7475,30,29,30,30,28,30,42,28,30,42,29,29,30,29,30,30,28,30,42,28,30,42,29,30,42.00,39.00,30.954,0.279,2.7976,sat down ~19:22Z from 45/46C
563.64,2026-09-28T19:36:34Z,501,30.0000,29.0000,30.0000,30.0000,28.0000,30.0000,42.0000,28.0000,30.0000,42.0000,29.0000,29.7605,30,29,30,30,28,30,42,28,30,42,29,29,30,29,30,30,28,30,42,28,30,42,29,30,42.00,39.00,30.954,0.282,2.7976,sat down ~19:22Z from 45/46C
564.64,2026-09-28T19:36:35Z,500,30.0000,29.0000,30.0000,30.0000,28.0000,30.0000,42.0000,28.0000,30.0000,42.0000,29.0000,29.8480,30,29,30,30,28,30,42,28,30,42,29,29,30,29,30,30,28,30,42,28,30,42,29,30,42.00,39.00,30.953,0.282,2.7976,sat down ~19:22Z from 45/46C
565.64,2026-09-28T19:36:36Z,500,30.0000,29.0000,30.0000,30.0000,28.0000,30.0000,42.0000,28.0000,30.0000,42.0000,29.0000,29.8460,30,29,30,30,28,30,42,28,30,42,29,29,30,29,30,30,28,30,42,28,30,42,29,30,42.00,39.00,30.953,0.280,2.7976,sat down ~19:22Z from 45/46C
566.64,2026-09-28T19:36:37Z,501,30.0000,29.0000,30.0000,30.0000,28.0000,30.0000,42.0000,28.0000,30.0000,42.0000,29.0000,29.7924,30,29,30,30,28,30,42,28,30,42,29,29,30,29,30,30,28,30,42,28,30,42,29,30,42.00,39.00,30.953,0.278,2.7976,sat down ~19:22Z from 45/46C
567.64,2026-09-28T19:36:38Z,500,30.0000,29.0000,30.0000,30.0000,28.0000,30.0000,42.0000,28.0000,30.0000,42.0000,29.0000,29.8800,30,29,30,30,28,30,42,28,30,42,29,29,30,29,30,30,28,30,42,28,30,42,29,30,42.00,39.00,30.952,0.279,2.7976,sat down ~19:22Z from 45/46C
568.64,2026-09-28T19:36:39Z,501,30.0000,29.0000,30.0000,30.0000,28.0000,30.0000,42.0000,28.0000,30.0000,42.0000,29.0000,29.8283,30,29,30,30,28,30,42,28,30,42,29,29,30,29,30,30,28,30,42,28,30,42,29,30,42.00,39.00,30.953,0.279,2.7976,sat down ~19:22Z from 45/46C
569.64,2026-09-28T19:36:40Z,500,30.0000,29.0000,30.0000,30.0000,28.0000,30.0000,42.0000,28.0000,30.0000,42.0000,29.0000,29.8440,30,29,30,30,28,30,42,28,30,42,29,29,30,29,30,30,28,30,42,28,30,42,29,30,42.00,39.00,30.952,0.281,2.7976,sat down ~19:22Z from 45/46C
570.64,2026-09-28T19:36:41Z,500,30.0000,29.0000,30.0000,30.0000,28.0000,30.0000,42.0000,28.0000,30.0000,42.0000,29.0000,29.9040,30,29,30,30,28,30,42,28,30,42,29,29,30,29,30,30,28,30,42,28,30,42,29,30,42.00,39.00,30.952,0.279,2.7976,sat down ~19:22Z from 45/46C
571.64,2026-09-28T19:36:42Z,500,30.0000,29.0000,30.0000,30.0000,28.0000,30.0000,42.0000,28.0000,30.0000,42.0000,29.0000,29.8920,30,29,30,30,28,30,42,28,30,42,29,29,30,29,30,30,28,30,42,28,30,42,29,30,42.00,39.00,30.952,0.284,2.7976,sat down ~19:22Z from 45/46C
572.64,2026-09-28T19:36:43Z,501,30.0000,29.0000,30.0000,30.0000,28.0000,30.0000,42.0000,28.0000,30.0000,42.0000,29.0000,29.9341,30,29,30,30,28,30,42,28,30,42,29,29,30,29,30,30,28,30,42,28,30,42,29,30,42.00,39.00,30.952,0.284,2.7976,sat down ~19:22Z from 45/46C
573.64,2026-09-28T19:36:44Z,500,30.0000,29.0000,30.0000,30.0000,28.0000,30.0000,42.0000,28.0000,30.0000,42.0000,29.0000,29.9220,30,29,30,30,28,30,42,28,30,42,29,29,30,29,30,30,28,30,42,28,30,42,29,30,42.00,39.00,30.952,0.280,2.7976,sat down ~19:22Z from 45/46C
574.65,2026-09-28T19:36:45Z,501,30.0000,29.0000,30.0000,30.0000,28.0000,30.0000,42.0000,28.0000,30.0000,42.0000,29.0000,29.9321,30,29,30,30,28,30,42,28,30,42,29,29,30,29,30,30,28,30,42,28,30,42,29,30,42.00,39.00,30.951,0.280,2.7976,sat down ~19:22Z from 45/46C
575.65,2026-09-28T19:36:46Z,500,30.0000,29.0000,30.0000,30.0000,28.0000,30.0000,42.0000,28.0000,30.0000,42.0000,29.0000,29.9380,30,29,30,30,28,30,42,28,30,42,29,29,30,29,30,30,28,30,42,28,30,42,29,30,42.00,39.00,30.951,0.278,2.7976,sat down ~19:22Z from 45/46C
576.65,2026-09-28T19:36:47Z,500,30.0000,29.0000,30.0000,30.0000,28.0000,30.0000,42.0000,28.0000,30.0000,42.0000,29.0000,29.9720,30,29,30,30,28,30,42,28,30,42,29,29,30,29,30,30,28,30,42,28,30,42,29,30,42.00,39.00,30.951,0.279,2.7976,sat down ~19:22Z from 45/46C
577.65,2026-09-28T19:36:48Z,499,30.0000,29.0000,30.0000,30.0000,28.0000,30.0000,42.0000,28.0000,30.0000,42.0000,29.0000,29.9439,30,29,30,30,28,30,42,28,30,42,29,29,30,29,30,30,28,30,42,28,30,42,29,30,42.00,39.00,30.950,0.276,2.7976,sat down ~19:22Z from 45/46C
578.65,2026-09-28T19:36:49Z,501,30.0000,29.0000,30.0000,30.0000,28.0000,30.0000,42.0000,28.0000,30.0000,42.0000,29.0000,29.9601,30,29,30,30,28,30,42,28,30,42,29,29,30,29,30,30,28,30,42,28,30,42,29,30,42.00,39.00,30.951,0.278,2.7976,sat down ~19:22Z from 45/46C
579.65,2026-09-28T19:36:50Z,500,30.0000,29.0000,30.0000,30.0000,28.0000,30.0000,42.0000,28.0000,30.0000,42.0000,29.0000,29.9740,30,29,30,30,28,30,42,28,30,42,29,29,30,29,30,30,28,30,42,28,30,42,29,30,42.00,39.00,30.950,0.275,2.7976,sat down ~19:22Z from 45/46C
580.65,2026-09-28T19:36:51Z,501,30.0000,29.0000,30.0000,30.0000,28.0000,30.0000,42.0000,28.0000,30.0000,42.0000,29.0000,29.9481,30,29,30,30,28,30,42,28,30,42,29,29,30,29,30,30,28,30,42,28,30,42,29,30,42.00,39.00,30.950,0.277,2.7976,sat down ~19:22Z from 45/46C
581.65,2026-09-28T19:36:52Z,500,30.0000,29.0000,30.0000,30.0000,28.0000,30.0000,42.0000,28.0000,30.0000,42.0000,29.0000,29.9860,30,29,30,30,28,30,42,28,30,42,29,29,30,29,30,30,28,30,42,28,30,42,29,30,42.00,39.00,30.950,0.274,2.7976,sat down ~19:22Z from 45/46C
582.65,2026-09-28T19:36:53Z,500,30.0000,29.0000,30.0000,30.0000,28.0000,30.0000,42.0000,28.0000,30.0000,42.0000,29.0000,29.9640,30,29,30,30,28,30,42,28,30,42,29,29,30,29,30,30,28,30,42,28,30,42,29,30,42.00,39.00,30.949,0.276,2.7976,sat down ~19:22Z from 45/46C
583.65,2026-09-28T19:36:54Z,500,30.0000,29.0000,30.0000,30.0000,28.0000,30.0000,42.0000,28.0000,30.0000,42.0000,29.0000,29.9700,30,29,30,30,28,30,42,28,30,42,29,29,30,29,30,30,28,30,42,28,30,42,29,30,42.00,39.00,30.950,0.273,2.7976,sat down ~19:22Z from 45/46C
584.65,2026-09-28T19:36:55Z,501,30.0000,29.0000,30.0000,30.0000,28.0000,30.0000,42.0000,28.0000,30.0000,42.0000,29.0000,29.9721,30,29,30,30,28,30,42,28,30,42,29,29,30,29,30,30,28,30,42,28,30,42,29,30,42.00,39.00,30.949,0.273,2.7976,sat down ~19:22Z from 45/46C
585.65,2026-09-28T19:36:56Z,501,30.0000,29.0000,30.0000,30.0000,28.0000,30.0000,42.0000,28.0000,30.0000,42.0000,29.0000,29.9840,30,29,30,30,28,30,42,28,30,42,29,29,30,29,30,30,28,30,42,28,30,42,29,30,42.00,39.00,30.948,0.273,2.7976,sat down ~19:22Z from 45/46C
586.65,2026-09-28T19:36:57Z,500,30.0000,29.0000,30.0000,30.0000,28.0000,30.0000,42.0000,28.0000,30.0000,42.0000,29.0000,29.9800,30,29,30,30,28,30,42,28,30,42,29,29,30,29,30,30,28,30,42,28,30,42,29,30,42.00,39.00,30.949,0.274,2.7976,sat down ~19:22Z from 45/46C
587.66,2026-09-28T19:36:58Z,500,30.0000,29.0000,30.0000,30.0000,28.0000,30.0000,42.0000,28.0000,30.0000,42.0000,29.0000,29.9740,30,29,30,30,28,30,42,28,30,42,29,29,30,29,30,30,28,30,42,28,30,42,29,30,42.00,39.00,30.948,0.274,2.7976,sat down ~19:22Z from 45/46C
588.66,2026-09-28T19:36:59Z,501,30.0000,29.0000,30.0000,30.0000,28.0000,30.0000,42.0000,28.0000,30.0000,42.0000,29.0000,29.9920,30,29,30,30,28,30,42,28,30,42,29,29,30,29,30,30,28,30,42,28,30,42,29,30,42.00,39.00,30.947,0.278,2.7976,sat down ~19:22Z from 45/46C
589.66,2026-09-28T19:37:00Z,500,30.0000,29.0000,30.0000,30.0000,28.0000,30.0000,42.0000,28.0000,30.0000,42.0000,29.0000,29.9920,30,29,30,30,28,30,42,28,30,42,29,29,30,29,30,30,28,30,42,28,30,42,29,30,42.00,39.00,30.947,0.275,2.7976,sat down ~19:22Z from 45/46C
590.66,2026-09-28T19:37:01Z,500,30.0000,29.0000,30.0000,30.0000,28.0000,30.0000,42.0000,28.0000,30.0000,42.0000,29.0000,29.9860,30,29,30,30,28,30,42,28,30,42,29,29,30,29,30,30,28,30,42,28,30,42,29,30,42.00,39.00,30.947,0.276,2.7976,sat down ~19:22Z from 45/46C
591.66,2026-09-28T19:37:02Z,501,30.0000,29.0000,30.0000,30.0000,28.0000,30.0000,42.0000,28.0000,30.0000,42.0000,29.0000,30.0000,30,29,30,30,28,30,42,28,30,42,29,30,30,29,30,30,28,30,42,28,30,42,29,30,42.00,39.00,30.947,0.274,2.7976,sat down ~19:22Z from 45/46C
592.66,2026-09-28T19:37:03Z,498,30.0000,29.0000,30.0000,30.0000,28.0000,30.0000,42.0000,28.0000,30.0000,42.0000,29.0000,29.9920,30,29,30,30,28,30,42,28,30,42,29,29,30,29,30,30,28,30,42,28,30,42,29,30,42.00,39.00,30.946,0.278,2.7976,sat down ~19:22Z from 45/46C
593.66,2026-09-28T19:37:04Z,501,30.0000,29.0000,30.0000,30.0000,28.0000,30.0000,42.0000,28.0000,30.0000,42.0000,29.0000,30.0000,30,29,30,30,28,30,42,28,30,42,29,30,30,29,30,30,28,30,42,28,30,42,29,30,42.00,39.00,30.946,0.275,2.7976,sat down ~19:22Z from 45/46C
594.66,2026-09-28T19:37:05Z,501,30.0000,29.0000,30.0000,30.0000,28.0000,30.0000,42.0000,28.0000,30.0000,42.0000,29.0000,29.9940,30,29,30,30,28,30,42,28,30,42,29,29,30,29,30,30,28,30,42,28,30,42,29,30,42.00,39.00,30.946,0.275,2.7976,sat down ~19:22Z from 45/46C
595.67,2026-09-28T19:37:06Z,501,30.0000,29.0000,30.0000,30.0000,28.0000,30.0000,42.0000,28.0000,30.0000,42.0000,29.0000,29.9860,30,29,30,30,28,30,42,28,30,42,29,29,30,29,30,30,28,30,42,28,30,42,29,30,42.00,39.00,30.946,0.275,2.7976,sat down ~19:22Z from 45/46C
596.67,2026-09-28T19:37:07Z,500,30.0000,29.0000,30.0000,30.0000,28.0000,30.0000,42.0000,28.0000,30.0000,42.0000,29.0000,30.0000,30,29,30,30,28,30,42,28,30,42,29,30,30,29,30,30,28,30,42,28,30,42,29,30,42.00,39.00,30.946,0.276,2.7976,sat down ~19:22Z from 45/46C
597.67,2026-09-28T19:37:08Z,501,30.0000,29.0000,30.0000,30.0000,28.0000,30.0000,42.0000,28.0000,30.0000,42.0000,29.0000,29.9940,30,29,30,30,28,30,42,28,30,42,29,29,30,29,30,30,28,30,42,28,30,42,29,30,42.00,39.00,30.945,0.274,2.7976,sat down ~19:22Z from 45/46C
598.67,2026-09-28T19:37:09Z,500,30.0000,29.0000,30.0000,30.0000,28.0000,30.0000,42.0000,28.0000,30.0000,42.0000,29.0000,30.0000,30,29,30,30,28,30,42,28,30,42,29,30,30,29,30,30,28,30,42,28,30,42,29,30,42.00,39.00,30.945,0.275,2.7976,sat down ~19:22Z from 45/46C
599.67,2026-09-28T19:37:10Z,500,30.0000,29.0000,30.0000,30.0000,28.0000,30.0000,42.0000,28.0000,30.0000,42.0000,29.0000,30.0000,30,29,30,30,28,30,42,28,30,42,29,30,30,29,30,30,28,30,42,28,30,42,29,30,42.00,39.00,30.945,0.275,2.7976,sat down ~19:22Z from 45/46C
600.67,2026-09-28T19:37:11Z,500,30.0000,29.0000,30.0000,30.0000,28.0000,30.0000,42.0000,28.0000,30.0000,42.0000,29.0000,30.0000,30,29,30,30,28,30,42,28,30,42,29,30,30,29,30,30,28,30,42,28,30,42,29,30,42.00,39.00,30.945,0.276,2.7976,sat down ~19:22Z from 45/46C
601.67,2026-09-28T19:37:12Z,498,30.0000,29.0000,30.0000,30.0000,28.0000,30.0000,42.0000,28.0000,30.0000,42.0000,29.0000,29.9920,30,29,30,30,28,30,42,28,30,42,29,29,30,29,30,30,28,30,42,28,30,42,29,30,42.00,39.00,30.945,0.276,2.7976,sat down ~19:22Z from 45/46C
602.67,2026-09-28T19:37:13Z,501,30.0000,29.0000,30.0000,30.0000,28.0000,30.0000,42.0000,28.0000,30.0000,42.0000,29.0000,30.0000,30,29,30,30,28,30,42,28,30,42,29,30,30,29,30,30,28,30,42,28,30,42,29,30,42.00,39.00,30.944,0.274,2.7976,sat down ~19:22Z from 45/46C
603.67,2026-09-28T19:37:14Z,500,30.0000,29.0000,30.0000,30.0000,28.0000,30.0000,42.0000,28.0000,30.0000,42.0000,29.0000,30.0000,30,29,30,30,28,30,42,28,30,42,29,30,30,29,30,30,28,30,42,28,30,42,29,30,42.00,39.00,30.944,0.275,2.7976,sat down ~19:22Z from 45/46C
604.67,2026-09-28T19:37:15Z,500,30.0000,29.0000,30.0000,30.0000,28.0000,30.0000,42.0000,28.0000,30.0000,42.0000,29.0000,30.0000,30,29,30,30,28,30,42,28,30,42,29,30,30,29,30,30,28,30,42,28,30,42,29,30,42.00,39.00,30.944,0.277,2.7976,sat down ~19:22Z from 45/46C
605.67,2026-09-28T19:37:16Z,501,30.0000,29.0000,30.0000,30.0000,28.0000,30.0000,42.0000,28.0000,30.0000,42.0000,29.0000,29.9940,30,29,30,30,28,30,42,28,30,42,29,29,30,29,30,30,28,30,42,28,30,42,29,30,42.00,39.00,30.943,0.275,2.7976,sat down ~19:22Z from 45/46C
606.67,2026-09-28T19:37:17Z,500,30.0000,29.0000,30.0000,30.0000,28.0000,30.0000,42.0000,28.0000,30.0000,42.0000,29.0000,30.0000,30,29,30,30,28,30,42,28,30,42,29,30,30,29,30,30,28,30,42,28,30,42,29,30,42.00,39.00,30.944,0.276,2.7976,sat down ~19:22Z from 45/46C
607.67,2026-09-28T19:37:18Z,500,30.0000,29.0000,30.0000,30.0000,28.0000,30.0000,42.0000,28.0000,30.0000,42.0000,29.0000,30.0000,30,29,30,30,28,30,42,28,30,42,29,30,30,29,30,30,28,30,42,28,30,42,29,30,42.00,39.00,30.943,0.271,2.7976,sat down ~19:22Z from 45/46C
608.67,2026-09-28T19:37:19Z,500,30.0000,29.0000,30.0000,30.0000,28.0000,30.0000,42.0000,28.0000,30.0000,42.0000,29.0000,30.0000,30,29,30,30,28,30,42,28,30,42,29,30,30,29,30,30,28,30,42,28,30,42,29,30,42.00,39.00,30.943,0.272,2.7976,sat down ~19:22Z from 45/46C
609.67,2026-09-28T19:37:20Z,500,30.0000,29.0000,30.0000,30.0000,28.0000,30.0000,42.0000,28.0000,30.0000,42.0000,29.0000,30.0000,30,29,30,30,28,30,42,28,30,42,29,30,30,29,30,30,28,30,42,28,30,42,29,30,42.00,39.00,30.943,0.275,2.7976,sat down ~19:22Z from 45/46C
610.67,2026-09-28T19:37:21Z,500,30.0000,29.0000,30.0000,30.0000,28.0000,30.0000,42.0000,28.0000,30.0000,42.0000,29.0000,30.0000,30,29,30,30,28,30,42,28,30,42,29,30,30,29,30,30,28,30,42,28,30,42,29,30,42.00,39.00,30.943,0.280,2.7976,sat down ~19:22Z from 45/46C
611.67,2026-09-28T19:37:22Z,500,30.0000,29.0000,30.0000,30.0000,28.0000,30.0000,42.0000,28.0000,30.0000,42.0000,29.0000,29.9920,30,29,30,30,28,30,42,28,30,42,29,29,30,29,30,30,28,30,42,28,30,42,29,30,42.00,39.00,30.943,0.276,2.7976,sat down ~19:22Z from 45/46C
612.67,2026-09-28T19:37:23Z,501,30.0000,29.0000,30.0000,30.0000,28.0000,30.0000,42.0000,28.0000,30.0000,42.0000,29.0000,30.0000,30,29,30,30,28,30,42,28,30,42,29,30,30,29,30,30,28,30,42,28,30,42,29,30,42.00,39.00,30.942,0.279,2.7976,sat down ~19:22Z from 45/46C
613.68,2026-09-28T19:37:24Z,500,30.0000,29.0000,30.0000,30.0000,28.0000,30.0000,42.0000,28.0000,30.0000,42.0000,29.0000,30.0000,30,29,30,30,28,30,42,28,30,42,29,30,30,29,30,30,28,30,42,28,30,42,29,30,42.00,39.00,30.942,0.279,2.7976,sat down ~19:22Z from 45/46C
614.68,2026-09-28T19:37:25Z,500,30.0000,29.0000,30.0000,30.0000,28.0000,30.0000,42.0000,28.0000,30.0000,42.0000,29.0000,30.0000,30,29,30,30,28,30,42,28,30,42,29,30,30,29,30,30,28,30,42,28,30,42,29,30,42.00,39.00,30.942,0.277,2.7976,sat down ~19:22Z from 45/46C
615.68,2026-09-28T19:37:26Z,500,30.0000,29.0000,30.0000,30.0000,28.0000,30.0000,42.0000,28.0000,30.0000,42.0000,29.0000,30.0000,30,29,30,30,28,30,42,28,30,42,29,30,30,29,30,30,28,30,42,28,30,42,29,30,42.00,39.00,30.942,0.276,2.7976,sat down ~19:22Z from 45/46C
616.68,2026-09-28T19:37:27Z,500,30.0000,29.0000,30.0000,30.0000,28.0000,30.0000,42.0000,28.0000,30.0000,42.0000,29.0000,30.0000,30,29,30,30,28,30,42,28,30,42,29,30,30,29,30,30,28,30,42,28,30,42,29,30,42.00,39.00,30.942,0.274,2.7976,sat down ~19:22Z from 45/46C
617.68,2026-09-28T19:37:28Z,501,30.0000,29.0000,30.0000,30.0000,28.0000,30.0000,42.0000,28.0000,30.0000,42.0000,29.0000,30.0000,30,29,30,30,28,30,42,28,30,42,29,30,30,29,30,30,28,30,42,28,30,42,29,30,42.00,39.00,30.941,0.273,2.7976,sat down ~19:22Z from 45/46C
618.68,2026-09-28T19:37:29Z,500,30.0000,29.0000,30.0000,30.0000,28.0000,30.0000,42.0000,28.0000,30.0000,42.0000,29.0000,30.0000,30,29,30,30,28,30,42,28,30,42,29,30,30,29,30,30,28,30,42,28,30,42,29,30,42.00,39.00,30.941,0.278,2.7976,sat down ~19:22Z from 45/46C
619.68,2026-09-28T19:37:30Z,500,30.0000,29.0000,30.0000,30.0000,28.0000,30.0000,42.0000,28.0000,30.0000,42.0000,29.0000,30.0000,30,29,30,30,28,30,42,28,30,42,29,30,30,29,30,30,28,30,42,28,30,42,29,30,42.00,39.00,30.941,0.278,2.7976,sat down ~19:22Z from 45/46C
620.68,2026-09-28T19:37:31Z,499,30.0000,29.0000,30.0000,30.0000,28.0000,30.0000,42.0000,28.0000,30.0000,42.0000,29.0000,30.0000,30,29,30,30,28,30,42,28,30,42,29,30,30,29,30,30,28,30,42,28,30,42,29,30,42.00,39.00,30.940,0.277,2.7976,sat down ~19:22Z from 45/46C
621.68,2026-09-28T19:37:32Z,500,30.0000,29.0000,30.0000,30.0000,28.0000,30.0000,42.0000,28.0000,30.0000,42.0000,29.0000,30.0000,30,29,30,30,28,30,42,28,30,42,29,30,30,29,30,30,28,30,42,28,30,42,29,30,42.00,39.00,30.940,0.279,2.7976,sat down ~19:22Z from 45/46C
622.68,2026-09-28T19:37:33Z,501,30.0000,29.0000,30.0000,30.0000,28.0000,30.0000,42.0000,28.0000,30.0000,42.0000,28.9900,30.0000,30,29,30,30,28,30,42,28,30,42,28,30,30,29,30,30,28,30,42,28,30,42,29,30,42.00,39.00,30.940,0.274,2.7976,sat down ~19:22Z from 45/46C
623.68,2026-09-28T19:37:34Z,500,30.0000,29.0000,30.0000,30.0000,28.0000,30.0000,42.0000,28.0000,30.0000,42.0000,28.9940,30.0000,30,29,30,30,28,30,42,28,30,42,28,30,30,29,30,30,28,30,42,28,30,42,29,30,42.00,39.00,30.940,0.279,2.7976,sat down ~19:22Z from 45/46C
624.68,2026-09-28T19:37:35Z,499,30.0000,29.0000,30.0000,30.0000,28.0000,30.0000,42.0000,28.0000,30.0000,42.0000,29.0000,30.0000,30,29,30,30,28,30,42,28,30,42,29,30,30,29,30,30,28,30,42,28,30,42,29,30,42.00,39.00,30.939,0.280,2.7976,sat down ~19:22Z from 45/46C
625.68,2026-09-28T19:37:36Z,500,30.0000,29.0000,30.0000,30.0000,28.0000,30.0000,42.0000,28.0000,30.0000,42.0000,29.0000,30.0000,30,29,30,30,28,30,42,28,30,42,29,30,30,29,30,30,28,30,42,28,30,42,29,30,42.00,39.00,30.939,0.275,2.7976,sat down ~19:22Z from 45/46C
626.68,2026-09-28T19:37:37Z,501,30.0000,29.0000,30.0000,30.0000,28.0000,30.0000,42.0000,28.0000,30.0000,42.0000,29.0000,30.0000,30,29,30,30,28,30,42,28,30,42,29,30,30,29,30,30,28,30,42,28,30,42,29,30,42.00,39.00,30.939,0.276,2.7976,sat down ~19:22Z from 45/46C
627.68,2026-09-28T19:37:38Z,500,30.0000,29.0000,30.0000,30.0000,28.0000,30.0000,42.0000,28.0000,30.0000,42.0000,29.0000,30.0000,30,29,30,30,28,30,42,28,30,42,29,30,30,29,30,30,28,30,42,28,30,42,29,30,42.00,39.00,30.938,0.279,2.7976,sat down ~19:22Z from 45/46C
628.69,2026-09-28T19:37:39Z,501,30.0000,29.0000,30.0000,30.0000,28.0000,30.0000,42.0000,28.0000,30.0000,42.0000,29.0000,30.0000,30,29,30,30,28,30,42,28,30,42,29,30,30,29,30,30,28,30,42,28,30,42,29,30,42.00,39.00,30.938,0.278,2.7976,sat down ~19:22Z from 45/46C
629.69,2026-09-28T19:37:40Z,500,30.0000,29.0000,30.0000,30.0000,28.0000,30.0000,42.0000,28.0000,30.0000,42.0000,29.0000,30.0000,30,29,30,30,28,30,42,28,30,42,29,30,30,29,30,30,28,30,42,28,30,42,29,30,42.00,39.00,30.938,0.272,2.7976,sat down ~19:22Z from 45/46C
630.69,2026-09-28T19:37:41Z,499,30.0000,29.0000,30.0000,30.0000,28.0000,30.0000,42.0000,28.0000,30.0000,42.0000,29.0000,30.0000,30,29,30,30,28,30,42,28,30,42,29,30,30,29,30,30,28,30,42,28,30,42,29,30,42.00,39.00,30.938,0.276,2.7976,sat down ~19:22Z from 45/46C
631.69,2026-09-28T19:37:42Z,500,30.0000,29.0000,30.0000,30.0000,28.0000,30.0000,42.0000,28.0000,30.0000,42.0000,29.0000,30.0000,30,29,30,30,28,30,42,28,30,42,29,30,30,29,30,30,28,30,42,28,30,42,29,30,42.00,39.00,30.937,0.275,2.7976,sat down ~19:22Z from 45/46C
632.69,2026-09-28T19:37:43Z,500,30.0000,29.0000,30.0000,30.0000,28.0000,30.0000,42.0000,28.0000,30.0000,42.0000,29.0000,30.0000,30,29,30,30,28,30,42,28,30,42,29,30,30,29,30,30,28,30,42,28,30,42,29,30,42.00,39.00,30.937,0.276,2.7976,sat down ~19:22Z from 45/46C
633.69,2026-09-28T19:37:44Z,501,30.0000,29.0000,30.0000,30.0000,28.0000,30.0000,42.0000,28.0000,30.0000,42.0000,29.0000,30.0000,30,29,30,30,28,30,42,28,30,42,29,30,30,29,30,30,28,30,42,28,30,42,29,30,42.00,39.00,30.937,0.275,2.7976,sat down ~19:22Z from 45/46C
634.69,2026-09-28T19:37:45Z,501,30.0000,29.0000,30.0000,30.0000,28.0060,30.0000,42.0000,28.0000,30.0000,42.0000,29.0000,30.0000,30,29,30,30,28,30,42,28,30,42,29,30,30,29,30,30,29,30,42,28,30,42,29,30,42.00,39.00,30.936,0.277,2.7976,sat down ~19:22Z from 45/46C
635.69,2026-09-28T19:37:46Z,500,30.0000,29.0000,30.0000,30.0000,28.0120,30.0000,42.0000,28.0000,30.0000,42.0000,29.0000,30.0000,30,29,30,30,28,30,42,28,30,42,29,30,30,29,30,30,29,30,42,28,30,42,29,30,42.00,39.00,30.936,0.276,2.7976,sat down ~19:22Z from 45/46C
636.69,2026-09-28T19:37:47Z,500,30.0000,29.0000,30.0000,30.0000,28.0000,30.0000,42.0000,28.0000,30.0000,42.0000,29.0000,30.0000,30,29,30,30,28,30,42,28,30,42,29,30,30,29,30,30,28,30,42,28,30,42,29,30,42.00,39.00,30.936,0.277,2.7976,sat down ~19:22Z from 45/46C
637.69,2026-09-28T19:37:48Z,501,30.0000,29.0000,30.0000,30.0000,28.0240,30.0000,42.0000,28.0000,30.0000,42.0000,29.0000,30.0000,30,29,30,30,28,30,42,28,30,42,29,30,30,29,30,30,29,30,42,28,30,42,29,30,42.00,39.00,30.936,0.274,2.7976,sat down ~19:22Z from 45/46C
638.69,2026-09-28T19:37:49Z,500,30.0000,29.0000,30.0000,30.0000,28.0200,30.0000,42.0000,28.0000,30.0000,42.0000,29.0000,30.0000,30,29,30,30,28,30,42,28,30,42,29,30,30,29,30,30,29,30,42,28,30,42,29,30,42.00,39.00,30.935,0.274,2.7976,sat down ~19:22Z from 45/46C
639.69,2026-09-28T19:37:50Z,501,30.0000,29.0000,30.0000,30.0000,28.0000,30.0000,42.0000,28.0000,30.0000,42.0000,29.0000,30.0000,30,29,30,30,28,30,42,28,30,42,29,30,30,29,30,30,28,30,42,28,30,42,29,30,42.00,39.00,30.936,0.279,2.7976,sat down ~19:22Z from 45/46C
640.69,2026-09-28T19:37:51Z,500,30.0000,29.0000,30.0000,30.0000,28.0200,30.0000,42.0000,28.0000,30.0000,42.0000,29.0000,30.0000,30,29,30,30,28,30,42,28,30,42,29,30,30,29,30,30,29,30,42,28,30,42,29,30,42.00,39.00,30.935,0.273,2.7976,sat down ~19:22Z from 45/46C
641.70,2026-09-28T19:37:52Z,501,30.0000,29.0000,30.0000,30.0000,28.0060,30.0000,42.0000,28.0000,30.0000,42.0000,29.0000,30.0000,30,29,30,30,28,30,42,28,30,42,29,30,30,29,30,30,29,30,42,28,30,42,29,30,42.00,39.00,30.935,0.276,2.7976,sat down ~19:22Z from 45/46C
642.70,2026-09-28T19:37:53Z,500,30.0000,29.0000,30.0000,30.0000,28.0600,30.0000,42.0000,28.0000,30.0000,42.0000,29.0000,30.0000,30,29,30,30,28,30,42,28,30,42,29,30,30,29,30,30,29,30,42,28,30,42,29,30,42.00,39.00,30.935,0.273,2.7976,sat down ~19:22Z from 45/46C
643.70,2026-09-28T19:37:54Z,500,30.0000,29.0000,30.0000,30.0000,28.0540,30.0000,42.0000,28.0000,30.0000,42.0000,29.0000,30.0000,30,29,30,30,28,30,42,28,30,42,29,30,30,29,30,30,29,30,42,28,30,42,29,30,42.00,39.00,30.934,0.276,2.7976,sat down ~19:22Z from 45/46C
644.70,2026-09-28T19:37:55Z,500,30.0000,29.0000,30.0000,30.0000,28.0520,30.0000,42.0000,28.0000,30.0000,42.0000,29.0000,30.0000,30,29,30,30,28,30,42,28,30,42,29,30,30,29,30,30,29,30,42,28,30,42,29,30,42.00,39.00,30.934,0.277,2.7976,sat down ~19:22Z from 45/46C
645.70,2026-09-28T19:37:56Z,501,30.0000,29.0000,30.0000,30.0000,28.0559,30.0000,42.0000,28.0000,30.0000,42.0000,29.0000,30.0000,30,29,30,30,28,30,42,28,30,42,29,30,30,29,30,30,29,30,42,28,30,42,29,30,42.00,39.00,30.933,0.274,2.7976,sat down ~19:22Z from 45/46C
646.70,2026-09-28T19:37:57Z,501,30.0000,29.0000,30.0000,30.0000,28.0739,30.0000,42.0000,28.0000,30.0000,42.0000,29.0000,30.0000,30,29,30,30,28,30,42,28,30,42,29,30,30,29,30,30,29,30,42,28,30,42,29,30,42.00,39.00,30.934,0.277,2.7976,sat down ~19:22Z from 45/46C
647.70,2026-09-28T19:37:58Z,500,30.0000,29.0000,30.0000,30.0000,28.0880,30.0000,42.0000,28.0000,30.0000,42.0000,29.0000,30.0000,30,29,30,30,28,30,42,28,30,42,29,30,30,29,30,30,29,30,42,28,30,42,29,30,42.00,39.00,30.933,0.276,2.7976,sat down ~19:22Z from 45/46C
648.70,2026-09-28T19:37:59Z,500,30.0000,29.0000,30.0000,30.0000,28.0920,30.0000,42.0000,28.0000,30.0000,42.0000,29.0000,30.0000,30,29,30,30,28,30,42,28,30,42,29,30,30,29,30,30,29,30,42,28,30,42,29,30,42.00,39.00,30.933,0.275,2.7976,sat down ~19:22Z from 45/46C
649.70,2026-09-28T19:38:00Z,500,30.0000,29.0000,30.0000,30.0000,28.0560,30.0000,42.0000,28.0000,30.0000,42.0000,29.0000,30.0000,30,29,30,30,28,30,42,28,30,42,29,30,30,29,30,30,29,30,42,28,30,42,29,30,42.00,39.00,30.933,0.274,2.7976,sat down ~19:22Z from 45/46C
650.70,2026-09-28T19:38:01Z,501,30.0000,29.0000,30.0000,30.0000,28.0838,30.0000,42.0000,28.0000,30.0000,42.0000,29.0000,30.0000,30,29,30,30,28,30,42,28,30,42,29,30,30,29,30,30,29,30,42,28,30,42,29,30,42.00,39.00,30.933,0.275,2.7976,sat down ~19:22Z from 45/46C
651.71,2026-09-28T19:38:02Z,501,30.0000,29.0000,30.0000,30.0000,28.0619,30.0000,42.0000,28.0000,30.0000,42.0000,29.0000,30.0000,30,29,30,30,28,30,42,28,30,42,29,30,30,29,30,30,29,30,42,28,30,42,29,30,42.00,39.00,30.932,0.280,2.7976,sat down ~19:22Z from 45/46C
652.71,2026-09-28T19:38:03Z,500,30.0000,29.0000,30.0000,30.0000,28.1180,30.0000,42.0000,28.0000,30.0000,42.0000,29.0000,30.0000,30,29,30,30,28,30,42,28,30,42,29,30,30,29,30,30,29,30,42,28,30,42,29,30,42.00,39.00,30.932,0.273,2.7976,sat down ~19:22Z from 45/46C
653.71,2026-09-28T19:38:04Z,499,30.0000,29.0000,30.0000,30.0000,28.1343,30.0000,42.0000,28.0000,30.0000,42.0000,29.0000,30.0000,30,29,30,30,28,30,42,28,30,42,29,30,30,29,30,30,29,30,42,28,30,42,29,30,42.00,39.00,30.932,0.276,2.7976,sat down ~19:22Z from 45/46C
654.71,2026-09-28T19:38:05Z,500,30.0000,29.0000,30.0000,30.0000,28.0880,30.0000,42.0000,28.0000,30.0000,42.0000,29.0000,30.0000,30,29,30,30,28,30,42,28,30,42,29,30,30,29,30,30,29,30,42,28,30,42,29,30,42.00,39.00,30.931,0.276,2.7976,sat down ~19:22Z from 45/46C
655.71,2026-09-28T19:38:06Z,501,30.0000,29.0000,30.0000,30.0000,28.1677,30.0000,42.0000,28.0000,30.0000,42.0000,29.0000,30.0000,30,29,30,30,28,30,42,28,30,42,29,30,30,29,30,30,29,30,42,28,30,42,29,30,42.00,39.00,30.931,0.278,2.7976,sat down ~19:22Z from 45/46C
656.71,2026-09-28T19:38:07Z,499,30.0000,29.0000,30.0000,30.0000,28.1683,30.0000,42.0000,28.0000,30.0000,42.0000,29.0000,30.0000,30,29,30,30,28,30,42,28,30,42,29,30,30,29,30,30,29,30,42,28,30,42,29,30,42.00,39.00,30.931,0.277,2.7976,sat down ~19:22Z from 45/46C
657.71,2026-09-28T19:38:08Z,501,30.0000,29.0000,30.0000,30.0000,28.2176,30.0000,42.0000,28.0000,30.0000,42.0000,29.0000,30.0000,30,29,30,30,28,30,42,28,30,42,29,30,30,29,30,30,29,30,42,28,30,42,29,30,42.00,39.00,30.931,0.272,2.7976,sat down ~19:22Z from 45/46C
658.71,2026-09-28T19:38:09Z,499,30.0000,29.0000,30.0000,30.0000,28.1643,30.0000,42.0000,28.0000,30.0000,42.0000,29.0000,30.0000,30,29,30,30,28,30,42,28,30,42,29,30,30,29,30,30,29,30,42,28,30,42,29,30,42.00,39.00,30.931,0.277,2.7976,sat down ~19:22Z from 45/46C
659.71,2026-09-28T19:38:10Z,501,30.0000,29.0000,30.0000,30.0000,28.2275,30.0000,42.0000,28.0000,30.0000,42.0000,29.0000,30.0000,30,29,30,30,28,30,42,28,30,42,29,30,30,29,30,30,29,30,42,28,30,42,29,30,42.00,39.00,30.930,0.273,2.7976,sat down ~19:22Z from 45/46C
660.71,2026-09-28T19:38:11Z,500,30.0000,29.0000,30.0000,30.0000,28.3120,30.0000,42.0000,28.0000,30.0000,42.0000,29.0000,30.0000,30,29,30,30,28,30,42,28,30,42,29,30,30,29,30,30,29,30,42,28,30,42,29,30,42.00,39.00,30.930,0.274,2.7976,sat down ~19:22Z from 45/46C
661.71,2026-09-28T19:38:12Z,500,30.0000,29.0000,30.0000,30.0000,28.3620,30.0000,42.0000,28.0000,30.0000,42.0000,29.0000,30.0000,30,29,30,30,28,30,42,28,30,42,29,30,30,29,30,30,29,30,42,28,30,42,29,30,42.00,39.00,30.930,0.274,2.7976,sat down ~19:22Z from 45/46C
662.71,2026-09-28T19:38:13Z,500,30.0000,29.0000,30.0000,30.0000,28.2680,30.0000,42.0000,28.0000,30.0000,42.0000,29.0000,30.0000,30,29,30,30,28,30,42,28,30,42,29,30,30,29,30,30,29,30,42,28,30,42,29,30,42.00,39.00,30.930,0.276,2.7976,sat down ~19:22Z from 45/46C
663.71,2026-09-28T19:38:14Z,500,30.0000,29.0000,30.0000,30.0000,28.3080,30.0000,42.0000,28.0000,30.0000,42.0000,29.0000,30.0000,30,29,30,30,28,30,42,28,30,42,29,30,30,29,30,30,29,30,42,28,30,42,29,30,42.00,39.00,30.930,0.273,2.7976,sat down ~19:22Z from 45/46C
664.72,2026-09-28T19:38:15Z,501,30.0000,29.0000,30.0000,30.0000,28.3972,30.0000,42.0000,28.0000,30.0000,42.0000,29.0000,30.0000,30,29,30,30,28,30,42,28,30,42,29,30,30,29,30,30,29,30,42,28,30,42,29,30,42.00,39.00,30.930,0.273,2.7976,sat down ~19:22Z from 45/46C
665.72,2026-09-28T19:38:16Z,501,30.0000,29.0000,30.0000,30.0000,28.3912,30.0000,42.0000,28.0000,30.0000,42.0000,29.0000,30.0000,30,29,30,30,28,30,42,28,30,42,29,30,30,29,30,30,29,30,42,28,30,42,29,30,42.00,39.00,30.930,0.274,2.7976,sat down ~19:22Z from 45/46C
666.72,2026-09-28T19:38:17Z,500,30.0000,29.0000,30.0000,30.0000,28.4020,30.0000,42.0000,28.0000,30.0000,42.0000,29.0000,30.0000,30,29,30,30,28,30,42,28,30,42,29,30,30,29,30,30,29,30,42,28,30,42,29,30,42.00,39.00,30.929,0.274,2.7976,sat down ~19:22Z from 45/46C
667.72,2026-09-28T19:38:18Z,498,30.0000,29.0000,30.0000,30.0000,28.5141,30.0000,42.0000,28.0000,30.0000,42.0000,29.0000,30.0000,30,29,30,30,28,30,42,28,30,42,29,30,30,29,30,30,29,30,42,28,30,42,29,30,42.00,39.00,30.928,0.275,2.7976,sat down ~19:22Z from 45/46C
668.72,2026-09-28T19:38:19Z,500,30.0000,29.0000,30.0000,30.0000,28.5240,30.0000,42.0000,28.0000,30.0000,42.0000,29.0000,30.0000,30,29,30,30,28,30,42,28,30,42,29,30,30,29,30,30,29,30,42,28,30,42,29,30,42.00,39.00,30.928,0.277,2.7976,sat down ~19:22Z from 45/46C
669.72,2026-09-28T19:38:20Z,501,30.0000,29.0000,30.0000,30.0000,28.5529,30.0000,42.0000,28.0000,30.0000,42.0000,29.0000,30.0000,30,29,30,30,28,30,42,28,30,42,29,30,30,29,30,30,29,30,42,28,30,42,29,30,42.00,39.00,30.928,0.276,2.7976,sat down ~19:22Z from 45/46C
670.72,2026-09-28T19:38:21Z,500,30.0000,29.0000,30.0000,30.0000,28.6080,30.0000,42.0000,28.0000,30.0000,42.0000,29.0000,30.0000,30,29,30,30,28,30,42,28,30,42,29,30,30,29,30,30,29,30,42,28,30,42,29,30,42.00,39.00,30.928,0.276,2.7976,sat down ~19:22Z from 45/46C
671.72,2026-09-28T19:38:22Z,500,30.0000,29.0000,30.0000,30.0000,28.6260,30.0000,42.0000,28.0000,30.0000,42.0000,29.0000,30.0000,30,29,30,30,28,30,42,28,30,42,29,30,30,29,30,30,29,30,42,28,30,42,29,30,42.00,39.00,30.928,0.276,2.7976,sat down ~19:22Z from 45/46C
672.72,2026-09-28T19:38:23Z,501,30.0000,29.0000,30.0000,30.0000,28.5808,30.0000,42.0000,28.0000,30.0000,42.0000,29.0000,30.0000,30,29,30,30,28,30,42,28,30,42,29,30,30,29,30,30,29,30,42,28,30,42,29,30,42.00,39.00,30.928,0.276,2.7976,sat down ~19:22Z from 45/46C
673.72,2026-09-28T19:38:24Z,500,30.0000,29.0000,30.0000,30.0000,28.5900,30.0000,41.9940,28.0000,30.0000,42.0000,29.0000,30.0000,30,29,30,30,28,30,41,28,30,42,29,30,30,29,30,30,29,30,42,28,30,42,29,30,42.00,39.00,30.928,0.276,2.7976,sat down ~19:22Z from 45/46C
674.72,2026-09-28T19:38:25Z,501,30.0000,29.0000,30.0000,30.0000,28.7365,30.0000,42.0000,28.0000,30.0000,42.0000,29.0000,30.0000,30,29,30,30,28,30,42,28,30,42,29,30,30,29,30,30,29,30,42,28,30,42,29,30,42.00,39.00,30.928,0.277,2.7976,sat down ~19:22Z from 45/46C
675.72,2026-09-28T19:38:26Z,500,30.0000,29.0000,30.0000,30.0000,28.7620,30.0000,41.9920,28.0000,30.0000,42.0000,29.0000,30.0000,30,29,30,30,28,30,41,28,30,42,29,30,30,29,30,30,29,30,42,28,30,42,29,30,42.00,39.00,30.927,0.275,2.7976,sat down ~19:22Z from 45/46C
676.73,2026-09-28T19:38:27Z,500,30.0000,29.0000,30.0000,30.0000,28.7420,30.0000,41.9940,28.0000,30.0000,42.0000,29.0000,30.0000,30,29,30,30,28,30,41,28,30,42,29,30,30,29,30,30,29,30,42,28,30,42,29,30,42.00,39.00,30.927,0.278,2.7976,sat down ~19:22Z from 45/46C
677.73,2026-09-28T19:38:28Z,501,30.0000,29.0000,30.0000,30.0000,28.8363,30.0000,42.0000,28.0000,30.0000,42.0000,29.0000,30.0000,30,29,30,30,28,30,42,28,30,42,29,30,30,29,30,30,29,30,42,28,30,42,29,30,42.00,39.00,30.927,0.274,2.7976,sat down ~19:22Z from 45/46C
678.73,2026-09-28T19:38:29Z,499,30.0000,29.0000,30.0000,30.0000,28.8417,30.0000,42.0000,28.0000,30.0000,42.0000,29.0000,30.0000,30,29,30,30,28,30,42,28,30,42,29,30,30,29,30,30,29,30,42,28,30,42,29,30,42.00,39.00,30.927,0.273,2.7976,sat down ~19:22Z from 45/46C
679.73,2026-09-28T19:38:30Z,500,30.0000,29.0000,30.0000,30.0000,28.8400,30.0000,41.9940,28.0000,30.0000,42.0000,29.0000,30.0000,30,29,30,30,28,30,41,28,30,42,29,30,30,29,30,30,29,30,42,28,30,42,29,30,42.00,39.00,30.926,0.275,2.7976,sat down ~19:22Z from 45/46C
680.73,2026-09-28T19:38:31Z,500,30.0000,29.0000,30.0000,30.0000,28.8560,30.0000,42.0000,28.0000,30.0000,42.0000,29.0000,30.0000,30,29,30,30,28,30,42,28,30,42,29,30,30,29,30,30,29,30,42,28,30,42,29,30,42.00,39.00,30.926,0.275,2.7976,sat down ~19:22Z from 45/46C
681.73,2026-09-28T19:38:32Z,501,30.0000,29.0000,30.0000,30.0000,28.8902,30.0000,41.9621,28.0000,30.0000,42.0000,29.0000,30.0000,30,29,30,30,28,30,41,28,30,42,29,30,30,29,30,30,29,30,42,28,30,42,29,30,42.00,39.00,30.926,0.277,2.7976,sat down ~19:22Z from 45/46C
682.73,2026-09-28T19:38:33Z,500,30.0000,29.0000,30.0000,30.0000,28.8620,30.0000,41.9780,28.0000,30.0000,42.0000,29.0000,30.0000,30,29,30,30,28,30,41,28,30,42,29,30,30,29,30,30,29,30,42,28,30,42,29,30,42.00,39.00,30.925,0.272,2.7976,sat down ~19:22Z from 45/46C
683.73,2026-09-28T19:38:34Z,500,30.0000,29.0000,30.0000,30.0000,28.8700,30.0000,41.8740,28.0000,30.0000,42.0000,29.0000,30.0000,30,29,30,30,28,30,41,28,30,42,29,30,30,29,30,30,29,30,42,28,30,42,29,30,42.00,39.00,30.925,0.275,2.7976,sat down ~19:22Z from 45/46C
684.73,2026-09-28T19:38:35Z,501,30.0000,29.0000,30.0000,30.0000,28.9281,30.0000,41.8323,28.0000,30.0000,42.0000,29.0000,30.0000,30,29,30,30,28,30,41,28,30,42,29,30,30,29,30,30,29,30,42,28,30,42,29,30,42.00,39.00,30.924,0.278,2.7976,sat down ~19:22Z from 45/46C
685.73,2026-09-28T19:38:36Z,500,30.0000,29.0000,30.0000,30.0000,28.9160,30.0000,41.6640,28.0000,30.0000,42.0000,29.0000,30.0000,30,29,30,30,28,30,41,28,30,42,29,30,30,29,30,30,29,30,42,28,30,42,29,30,42.00,39.00,30.925,0.280,2.7976,sat down ~19:22Z from 45/46C
686.74,2026-09-28T19:38:37Z,501,30.0000,29.0000,30.0000,30.0000,28.9361,30.0000,41.5190,28.0000,30.0000,42.0000,29.0000,30.0000,30,29,30,30,28,30,41,28,30,42,29,30,30,29,30,30,29,30,42,28,30,42,29,30,42.00,39.00,30.924,0.278,2.7976,sat down ~19:22Z from 45/46C
687.74,2026-09-28T19:38:38Z,500,30.0000,29.0000,30.0000,30.0000,28.9800,30.0000,41.4740,28.0000,30.0000,42.0000,29.0000,30.0000,30,29,30,30,28,30,41,28,30,42,29,30,30,29,30,30,29,30,42,28,30,42,29,30,42.00,39.00,30.925,0.280,2.7976,sat down ~19:22Z from 45/46C
688.74,2026-09-28T19:38:39Z,500,30.0000,29.0000,30.0000,30.0000,28.9320,30.0000,41.3520,28.0000,30.0000,42.0000,29.0000,30.0000,30,29,30,30,28,30,41,28,30,42,29,30,30,29,30,30,29,30,42,28,30,42,29,30,42.00,39.00,30.924,0.276,2.7976,sat down ~19:22Z from 45/46C
689.74,2026-09-28T19:38:40Z,500,30.0000,29.0000,30.0000,30.0000,28.9620,30.0000,41.2080,28.0000,30.0000,42.0000,29.0000,30.0000,30,29,30,30,28,30,41,28,30,42,29,30,30,29,30,30,29,30,42,28,30,42,29,30,42.00,39.00,30.924,0.282,2.7976,sat down ~19:22Z from 45/46C
690.74,2026-09-28T19:38:41Z,501,30.0000,29.0000,30.0000,30.0000,28.9820,30.0000,41.0998,28.0000,30.0000,42.0000,29.0000,30.0000,30,29,30,30,28,30,41,28,30,42,29,30,30,29,30,30,29,30,42,28,30,42,29,30,42.00,39.00,30.923,0.283,2.7976,sat down ~19:22Z from 45/46C
691.74,2026-09-28T19:38:42Z,500,30.0000,29.0000,30.0000,30.0000,28.9580,30.0000,41.0860,28.0000,30.0000,42.0000,29.0000,30.0000,30,29,30,30,28,30,41,28,30,42,29,30,30,29,30,30,29,30,42,28,30,42,29,30,42.00,39.00,30.923,0.283,2.7976,sat down ~19:22Z from 45/46C
692.74,2026-09-28T19:38:43Z,500,30.0000,29.0000,30.0000,30.0000,28.9660,30.0000,41.0460,28.0000,30.0000,42.0000,29.0000,30.0000,30,29,30,30,28,30,41,28,30,42,29,30,30,29,30,30,29,30,42,28,30,42,29,30,42.00,39.00,30.923,0.281,2.7976,sat down ~19:22Z from 45/46C
693.74,2026-09-28T19:38:44Z,499,30.0000,29.0000,30.0000,30.0000,28.9780,30.0000,41.0140,28.0000,30.0000,42.0000,29.0000,30.0000,30,29,30,30,28,30,41,28,30,42,29,30,30,29,30,30,29,30,42,28,30,42,29,30,42.00,39.00,30.923,0.280,2.7976,sat down ~19:22Z from 45/46C
694.74,2026-09-28T19:38:45Z,501,30.0000,29.0000,30.0000,30.0000,28.9641,30.0000,41.0000,28.0000,30.0000,42.0000,29.0000,30.0000,30,29,30,30,28,30,41,28,30,42,29,30,30,29,30,30,29,30,41,28,30,42,29,30,42.00,39.00,30.922,0.278,2.7976,sat down ~19:22Z from 45/46C
695.74,2026-09-28T19:38:46Z,500,30.0000,29.0000,30.0000,30.0000,28.9720,30.0000,41.0060,28.0000,30.0000,42.0000,29.0000,30.0000,30,29,30,30,28,30,41,28,30,42,29,30,30,29,30,30,29,30,42,28,30,42,29,30,42.00,39.00,30.922,0.277,2.7976,sat down ~19:22Z from 45/46C
696.74,2026-09-28T19:38:47Z,500,30.0000,29.0000,30.0000,30.0000,28.9940,30.0000,41.0000,28.0000,30.0000,42.0000,29.0000,30.0000,30,29,30,30,28,30,41,28,30,42,29,30,30,29,30,30,29,30,41,28,30,42,29,30,42.00,39.00,30.922,0.280,2.7976,sat down ~19:22Z from 45/46C
697.74,2026-09-28T19:38:48Z,500,30.0000,29.0000,30.0000,30.0000,28.9840,30.0000,41.0080,28.0000,30.0000,42.0000,29.0000,30.0000,30,29,30,30,28,30,41,28,30,42,29,30,30,29,30,30,29,30,42,28,30,42,29,30,42.00,39.00,30.922,0.280,2.7976,sat down ~19:22Z from 45/46C
698.74,2026-09-28T19:38:49Z,501,30.0000,29.0000,30.0000,30.0000,28.9840,30.0000,41.0000,28.0000,30.0000,42.0000,29.0000,30.0000,30,29,30,30,28,30,41,28,30,42,29,30,30,29,30,30,29,30,41,28,30,42,29,30,42.00,39.00,30.921,0.277,2.7976,sat down ~19:22Z from 45/46C
699.74,2026-09-28T19:38:50Z,500,30.0000,29.0000,30.0000,30.0000,28.9860,30.0000,41.0000,28.0000,30.0000,42.0000,29.0000,30.0000,30,29,30,30,28,30,41,28,30,42,29,30,30,29,30,30,29,30,41,28,30,42,29,30,42.00,39.00,30.921,0.280,2.7976,sat down ~19:22Z from 45/46C
700.75,2026-09-28T19:38:51Z,501,30.0000,29.0000,30.0000,30.0000,28.9780,30.0000,41.0000,28.0000,30.0000,42.0000,29.0000,30.0000,30,29,30,30,28,30,41,28,30,42,29,30,30,29,30,30,29,30,41,28,30,42,29,30,42.00,39.00,30.921,0.282,2.7976,sat down ~19:22Z from 45/46C
701.75,2026-09-28T19:38:52Z,500,30.0000,29.0000,30.0000,30.0000,29.0000,30.0000,41.0000,28.0000,30.0000,42.0000,29.0000,30.0000,30,29,30,30,29,30,41,28,30,42,29,30,30,29,30,30,29,30,41,28,30,42,29,30,42.00,39.00,30.921,0.280,2.7976,sat down ~19:22Z from 45/46C
702.75,2026-09-28T19:38:53Z,500,30.0000,29.0000,30.0000,30.0000,29.0000,30.0000,41.0000,28.0000,30.0000,42.0000,29.0000,30.0000,30,29,30,30,29,30,41,28,30,42,29,30,30,29,30,30,29,30,41,28,30,42,29,30,42.00,39.00,30.920,0.280,2.7976,sat down ~19:22Z from 45/46C
703.75,2026-09-28T19:38:54Z,500,30.0000,29.0000,30.0000,30.0000,29.0000,30.0000,41.0000,28.0000,30.0000,42.0000,29.0000,30.0000,30,29,30,30,29,30,41,28,30,42,29,30,30,29,30,30,29,30,41,28,30,42,29,30,42.00,39.00,30.920,0.279,2.7976,sat down ~19:22Z from 45/46C
704.75,2026-09-28T19:38:55Z,501,30.0000,29.0000,30.0000,30.0000,28.9940,30.0000,41.0000,28.0000,30.0000,42.0000,29.0000,30.0000,30,29,30,30,28,30,41,28,30,42,29,30,30,29,30,30,29,30,41,28,30,42,29,30,42.00,39.00,30.920,0.282,2.7976,sat down ~19:22Z from 45/46C
705.75,2026-09-28T19:38:56Z,501,30.0000,29.0000,30.0000,30.0000,29.0000,30.0000,41.0000,28.0000,30.0000,42.0000,29.0000,30.0000,30,29,30,30,29,30,41,28,30,42,29,30,30,29,30,30,29,30,41,28,30,42,29,30,42.00,39.00,30.920,0.282,2.7976,sat down ~19:22Z from 45/46C
706.75,2026-09-28T19:38:57Z,500,30.0000,29.0000,30.0000,30.0000,29.0000,30.0000,41.0000,28.0000,30.0000,42.0000,29.0000,30.0000,30,29,30,30,29,30,41,28,30,42,29,30,30,29,30,30,29,30,41,28,30,42,29,30,42.00,39.00,30.920,0.278,2.7976,sat down ~19:22Z from 45/46C
707.75,2026-09-28T19:38:58Z,501,30.0000,29.0000,30.0000,30.0000,28.9940,30.0000,41.0000,28.0000,30.0000,42.0000,29.0000,30.0000,30,29,30,30,28,30,41,28,30,42,29,30,30,29,30,30,29,30,41,28,30,42,29,30,42.00,39.00,30.919,0.279,2.7976,sat down ~19:22Z from 45/46C
708.75,2026-09-28T19:38:59Z,501,30.0000,29.0000,30.0000,30.0000,29.0000,30.0000,41.0000,28.0000,30.0000,42.0000,29.0000,30.0000,30,29,30,30,29,30,41,28,30,42,29,30,30,29,30,30,29,30,41,28,30,42,29,30,42.00,39.00,30.919,0.274,2.7976,sat down ~19:22Z from 45/46C
709.75,2026-09-28T19:39:00Z,500,30.0000,29.0000,30.0000,30.0000,29.0000,30.0000,41.0000,28.0000,30.0000,42.0000,29.0000,30.0000,30,29,30,30,29,30,41,28,30,42,29,30,30,29,30,30,29,30,41,28,30,42,29,30,42.00,39.00,30.919,0.279,2.7976,sat down ~19:22Z from 45/46C
710.75,2026-09-28T19:39:01Z,500,30.0000,29.0000,30.0000,30.0000,29.0000,30.0000,41.0000,28.0000,30.0000,42.0000,29.0000,30.0000,30,29,30,30,29,30,41,28,30,42,29,30,30,29,30,30,29,30,41,28,30,42,29,30,42.00,39.00,30.919,0.277,2.7976,sat down ~19:22Z from 45/46C
711.75,2026-09-28T19:39:02Z,500,30.0000,29.0000,30.0000,30.0000,28.9920,30.0000,41.0000,28.0000,30.0000,42.0000,29.0000,30.0000,30,29,30,30,28,30,41,28,30,42,29,30,30,29,30,30,29,30,41,28,30,42,29,30,42.00,39.00,30.918,0.279,2.7976,sat down ~19:22Z from 45/46C
712.76,2026-09-28T19:39:03Z,500,30.0000,29.0000,30.0000,30.0000,29.0000,30.0000,41.0000,28.0000,30.0000,42.0000,29.0000,30.0000,30,29,30,30,29,30,41,28,30,42,29,30,30,29,30,30,29,30,41,28,30,42,29,30,42.00,39.00,30.918,0.279,2.7976,sat down ~19:22Z from 45/46C
713.76,2026-09-28T19:39:04Z,501,30.0000,29.0000,30.0000,30.0000,29.0000,30.0000,41.0000,28.0000,30.0000,42.0000,29.0000,30.0000,30,29,30,30,29,30,41,28,30,42,29,30,30,29,30,30,29,30,41,28,30,42,29,30,42.00,39.00,30.918,0.275,2.7976,sat down ~19:22Z from 45/46C
714.76,2026-09-28T19:39:05Z,499,30.0000,29.0000,30.0000,30.0000,28.9940,30.0000,41.0000,28.0000,30.0000,42.0000,29.0000,30.0000,30,29,30,30,28,30,41,28,30,42,29,30,30,29,30,30,29,30,41,28,30,42,29,30,42.00,39.00,30.917,0.275,2.7976,sat down ~19:22Z from 45/46C
715.76,2026-09-28T19:39:06Z,500,30.0000,29.0000,30.0000,30.0000,29.0000,30.0000,41.0000,28.0000,30.0000,42.0000,29.0000,30.0000,30,29,30,30,29,30,41,28,30,42,29,30,30,29,30,30,29,30,41,28,30,42,29,30,42.00,39.00,30.917,0.280,2.7976,sat down ~19:22Z from 45/46C
716.76,2026-09-28T19:39:07Z,498,30.0000,29.0000,30.0000,30.0000,29.0000,30.0000,41.0000,28.0000,30.0000,42.0000,29.0000,30.0000,30,29,30,30,29,30,41,28,30,42,29,30,30,29,30,30,29,30,41,28,30,42,29,30,42.00,39.00,30.917,0.274,2.7976,sat down ~19:22Z from 45/46C
717.76,2026-09-28T19:39:08Z,501,30.0000,29.0000,30.0000,30.0000,29.0000,30.0000,41.0000,28.0000,30.0000,42.0000,29.0000,30.0000,30,29,30,30,29,30,41,28,30,42,29,30,30,29,30,30,29,30,41,28,30,42,29,30,42.00,39.00,30.917,0.275,2.7976,sat down ~19:22Z from 45/46C
718.76,2026-09-28T19:39:09Z,500,30.0000,29.0000,30.0000,30.0000,29.0000,30.0000,41.0000,28.0000,30.0000,42.0000,29.0000,30.0000,30,29,30,30,29,30,41,28,30,42,29,30,30,29,30,30,29,30,41,28,30,42,29,30,42.00,39.00,30.917,0.278,2.7976,sat down ~19:22Z from 45/46C
719.76,2026-09-28T19:39:10Z,501,30.0000,29.0000,30.0000,30.0000,29.0000,30.0000,41.0000,28.0000,30.0000,42.0000,29.0000,30.0000,30,29,30,30,29,30,41,28,30,42,29,30,30,29,30,30,29,30,41,28,30,42,29,30,42.00,39.00,30.916,0.277,2.7976,sat down ~19:22Z from 45/46C
720.76,2026-09-28T19:39:11Z,500,30.0000,29.0000,30.0000,30.0000,29.0000,30.0000,41.0000,28.0000,30.0000,42.0000,29.0000,30.0000,30,29,30,30,29,30,41,28,30,42,29,30,30,29,30,30,29,30,41,28,30,42,29,30,42.00,39.00,30.916,0.278,2.7976,sat down ~19:22Z from 45/46C
721.76,2026-09-28T19:39:12Z,501,30.0000,29.0000,30.0000,30.0000,29.0000,30.0000,41.0000,28.0000,30.0000,42.0000,29.0000,30.0000,30,29,30,30,29,30,41,28,30,42,29,30,30,29,30,30,29,30,41,28,30,42,29,30,42.00,39.00,30.916,0.278,2.7976,sat down ~19:22Z from 45/46C
722.76,2026-09-28T19:39:13Z,500,30.0000,29.0000,30.0000,30.0000,29.0000,30.0000,41.0000,28.0000,30.0000,42.0000,29.0000,30.0000,30,29,30,30,29,30,41,28,30,42,29,30,30,29,30,30,29,30,41,28,30,42,29,30,42.00,39.00,30.916,0.277,2.7976,sat down ~19:22Z from 45/46C
723.76,2026-09-28T19:39:14Z,500,30.0000,29.0000,30.0000,30.0000,29.0000,30.0000,41.0000,28.0000,30.0000,42.0000,29.0000,30.0000,30,29,30,30,29,30,41,28,30,42,29,30,30,29,30,30,29,30,41,28,30,42,29,30,42.00,39.00,30.915,0.274,2.7976,sat down ~19:22Z from 45/46C
724.77,2026-09-28T19:39:15Z,501,30.0000,29.0000,30.0000,30.0000,29.0000,30.0000,41.0000,28.0000,30.0000,42.0000,29.0000,30.0000,30,29,30,30,29,30,41,28,30,42,29,30,30,29,30,30,29,30,41,28,30,42,29,30,42.00,39.00,30.915,0.276,2.7976,sat down ~19:22Z from 45/46C
725.77,2026-09-28T19:39:16Z,500,30.0000,29.0000,30.0000,30.0000,29.0000,30.0000,41.0000,28.0000,30.0000,42.0000,29.0000,30.0000,30,29,30,30,29,30,41,28,30,42,29,30,30,29,30,30,29,30,41,28,30,42,29,30,42.00,39.00,30.915,0.275,2.7976,sat down ~19:22Z from 45/46C
726.77,2026-09-28T19:39:17Z,500,30.0000,29.0000,30.0000,30.0000,29.0000,30.0000,41.0000,28.0000,30.0000,42.0000,29.0000,30.0000,30,29,30,30,29,30,41,28,30,42,29,30,30,29,30,30,29,30,41,28,30,42,29,30,42.00,39.00,30.915,0.277,2.7976,sat down ~19:22Z from 45/46C
727.77,2026-09-28T19:39:18Z,500,30.0000,29.0000,30.0000,30.0000,29.0000,30.0000,41.0000,28.0000,30.0000,42.0000,29.0000,30.0000,30,29,30,30,29,30,41,28,30,42,29,30,30,29,30,30,29,30,41,28,30,42,29,30,42.00,39.00,30.915,0.276,2.7976,sat down ~19:22Z from 45/46C
728.77,2026-09-28T19:39:19Z,501,30.0000,29.0000,30.0000,30.0000,29.0000,30.0000,41.0000,28.0000,30.0000,42.0000,29.0000,30.0000,30,29,30,30,29,30,41,28,30,42,29,30,30,29,30,30,29,30,41,28,30,42,29,30,42.00,39.00,30.915,0.278,2.7976,sat down ~19:22Z from 45/46C
729.77,2026-09-28T19:39:20Z,500,30.0000,29.0000,30.0000,30.0000,29.0000,30.0000,41.0000,28.0000,30.0000,42.0000,29.0000,30.0000,30,29,30,30,29,30,41,28,30,42,29,30,30,29,30,30,29,30,41,28,30,42,29,30,42.00,39.00,30.914,0.273,2.7976,sat down ~19:22Z from 45/46C
730.77,2026-09-28T19:39:21Z,501,30.0000,29.0000,30.0000,30.0000,29.0000,30.0000,41.0000,28.0000,30.0000,42.0000,29.0000,30.0000,30,29,30,30,29,30,41,28,30,42,29,30,30,29,30,30,29,30,41,28,30,42,29,30,42.00,39.00,30.914,0.274,2.7976,sat down ~19:22Z from 45/46C
731.77,2026-09-28T19:39:22Z,500,30.0000,29.0000,30.0000,30.0000,29.0000,30.0000,41.0000,28.0000,30.0000,42.0000,29.0000,30.0000,30,29,30,30,29,30,41,28,30,42,29,30,30,29,30,30,29,30,41,28,30,42,29,30,42.00,39.00,30.914,0.273,2.7976,sat down ~19:22Z from 45/46C
732.77,2026-09-28T19:39:23Z,501,30.0000,29.0000,30.0000,30.0000,29.0000,30.0000,41.0000,28.0000,30.0000,42.0000,29.0000,30.0000,30,29,30,30,29,30,41,28,30,42,29,30,30,29,30,30,29,30,41,28,30,42,29,30,42.00,39.00,30.914,0.269,2.7976,sat down ~19:22Z from 45/46C
733.77,2026-09-28T19:39:24Z,500,30.0000,29.0000,30.0000,30.0000,29.0000,30.0000,41.0000,28.0000,30.0000,42.0000,29.0000,30.0000,30,29,30,30,29,30,41,28,30,42,29,30,30,29,30,30,29,30,41,28,30,42,29,30,42.00,39.00,30.913,0.271,2.7976,sat down ~19:22Z from 45/46C
734.77,2026-09-28T19:39:25Z,500,30.0000,29.0000,30.0000,30.0000,29.0000,30.0000,41.0000,28.0000,30.0000,42.0000,29.0000,30.0000,30,29,30,30,29,30,41,28,30,42,29,30,30,29,30,30,29,30,41,28,30,42,29,30,42.00,39.00,30.914,0.274,2.7976,sat down ~19:22Z from 45/46C
735.77,2026-09-28T19:39:26Z,500,30.0000,29.0000,30.0000,30.0000,29.0000,30.0000,41.0000,28.0000,30.0000,42.0000,29.0000,30.0000,30,29,30,30,29,30,41,28,30,42,29,30,30,29,30,30,29,30,41,28,30,42,29,30,42.00,39.00,30.913,0.273,2.7976,sat down ~19:22Z from 45/46C
736.77,2026-09-28T19:39:27Z,500,30.0000,29.0000,30.0000,30.0000,29.0000,30.0000,41.0000,28.0000,30.0000,42.0000,29.0000,30.0000,30,29,30,30,29,30,41,28,30,42,29,30,30,29,30,30,29,30,41,28,30,42,29,30,42.00,39.00,30.912,0.275,2.7976,sat down ~19:22Z from 45/46C
737.77,2026-09-28T19:39:28Z,501,30.0000,29.0000,30.0000,30.0000,29.0000,30.0000,41.0000,28.0000,30.0000,42.0000,29.0000,30.0000,30,29,30,30,29,30,41,28,30,42,29,30,30,29,30,30,29,30,41,28,30,42,29,30,42.00,39.00,30.912,0.276,2.7976,sat down ~19:22Z from 45/46C
738.77,2026-09-28T19:39:29Z,500,30.0000,29.0000,30.0000,30.0000,29.0000,30.0000,41.0000,28.0000,30.0000,42.0000,29.0000,30.0000,30,29,30,30,29,30,41,28,30,42,29,30,30,29,30,30,29,30,41,28,30,42,29,30,42.00,39.00,30.912,0.275,2.7976,sat down ~19:22Z from 45/46C
739.78,2026-09-28T19:39:30Z,501,30.0000,29.0000,30.0000,30.0000,29.0000,30.0000,41.0000,28.0000,30.0000,42.0000,29.0000,30.0000,30,29,30,30,29,30,41,28,30,42,29,30,30,29,30,30,29,30,41,28,30,42,29,30,42.00,39.00,30.912,0.274,2.7976,sat down ~19:22Z from 45/46C
740.78,2026-09-28T19:39:31Z,500,30.0000,29.0000,30.0000,30.0000,29.0000,30.0000,41.0000,28.0000,30.0000,42.0000,29.0000,30.0000,30,29,30,30,29,30,41,28,30,42,29,30,30,29,30,30,29,30,41,28,30,42,29,30,42.00,39.00,30.912,0.275,2.7976,sat down ~19:22Z from 45/46C
741.78,2026-09-28T19:39:32Z,501,30.0000,29.0000,30.0000,30.0000,29.0000,30.0000,41.0000,28.0000,30.0000,42.0000,29.0000,30.0000,30,29,30,30,29,30,41,28,30,42,29,30,30,29,30,30,29,30,41,28,30,42,29,30,42.00,39.00,30.911,0.275,2.7976,sat down ~19:22Z from 45/46C
742.78,2026-09-28T19:39:33Z,500,30.0000,29.0000,30.0000,30.0000,29.0000,30.0000,41.0000,28.0000,30.0000,42.0000,29.0000,30.0000,30,29,30,30,29,30,41,28,30,42,29,30,30,29,30,30,29,30,41,28,30,42,29,30,42.00,39.00,30.911,0.275,2.7976,sat down ~19:22Z from 45/46C
743.78,2026-09-28T19:39:34Z,501,30.0000,29.0000,30.0000,30.0000,29.0000,30.0000,41.0000,28.0000,30.0000,42.0000,29.0000,30.0000,30,29,30,30,29,30,41,28,30,42,29,30,30,29,30,30,29,30,41,28,30,42,29,30,42.00,39.00,30.911,0.275,2.7976,sat down ~19:22Z from 45/46C
744.78,2026-09-28T19:39:35Z,501,30.0000,29.0000,30.0000,30.0000,29.0000,30.0000,41.0000,28.0000,30.0000,42.0000,29.0000,30.0000,30,29,30,30,29,30,41,28,30,42,29,30,30,29,30,30,29,30,41,28,30,42,29,30,42.00,39.00,30.911,0.276,2.7976,sat down ~19:22Z from 45/46C
745.78,2026-09-28T19:39:36Z,501,30.0000,29.0000,30.0000,30.0000,29.0000,30.0000,41.0000,28.0000,30.0000,42.0000,29.0000,30.0000,30,29,30,30,29,30,41,28,30,42,29,30,30,29,30,30,29,30,41,28,30,42,29,30,42.00,39.00,30.911,0.275,2.7976,sat down ~19:22Z from 45/46C
746.78,2026-09-28T19:39:37Z,500,30.0000,29.0000,30.0000,30.0000,29.0000,30.0000,41.0000,28.0000,30.0000,42.0000,29.0000,30.0000,30,29,30,30,29,30,41,28,30,42,29,30,30,29,30,30,29,30,41,28,30,42,29,30,42.00,39.00,30.911,0.274,2.7976,sat down ~19:22Z from 45/46C
747.79,2026-09-28T19:39:38Z,501,30.0000,29.0000,30.0000,30.0000,29.0000,30.0000,41.0000,28.0000,30.0000,42.0000,29.0000,30.0000,30,29,30,30,29,30,41,28,30,42,29,30,30,29,30,30,29,30,41,28,30,42,29,30,42.00,39.00,30.910,0.276,2.7976,sat down ~19:22Z from 45/46C
748.79,2026-09-28T19:39:39Z,501,30.0000,29.0000,30.0000,30.0000,29.0000,30.0000,41.0000,28.0000,30.0000,42.0000,29.0000,30.0000,30,29,30,30,29,30,41,28,30,42,29,30,30,29,30,30,29,30,41,28,30,42,29,30,42.00,39.00,30.910,0.275,2.7976,sat down ~19:22Z from 45/46C
749.79,2026-09-28T19:39:40Z,500,30.0000,29.0000,30.0000,30.0000,29.0000,30.0000,41.0000,28.0000,30.0000,42.0000,29.0000,30.0000,30,29,30,30,29,30,41,28,30,42,29,30,30,29,30,30,29,30,41,28,30,42,29,30,42.00,39.00,30.910,0.274,2.7976,sat down ~19:22Z from 45/46C
750.79,2026-09-28T19:39:41Z,501,30.0000,29.0000,30.0000,30.0000,29.0000,30.0000,41.0000,28.0000,30.0000,42.0000,29.0000,30.0000,30,29,30,30,29,30,41,28,30,42,29,30,30,29,30,30,29,30,41,28,30,42,29,30,42.00,39.00,30.909,0.277,2.7976,sat down ~19:22Z from 45/46C
751.79,2026-09-28T19:39:42Z,500,30.0000,29.0000,30.0000,30.0000,29.0000,30.0000,41.0000,28.0000,30.0000,42.0000,29.0000,30.0000,30,29,30,30,29,30,41,28,30,42,29,30,30,29,30,30,29,30,41,28,30,42,29,30,42.00,39.00,30.909,0.274,2.7976,sat down ~19:22Z from 45/46C
752.79,2026-09-28T19:39:43Z,501,30.0000,29.0000,30.0000,30.0000,29.0000,30.0000,41.0000,28.0000,30.0000,42.0000,29.0000,30.0000,30,29,30,30,29,30,41,28,30,42,29,30,30,29,30,30,29,30,41,28,30,42,29,30,42.00,39.00,30.909,0.277,2.7976,sat down ~19:22Z from 45/46C
753.79,2026-09-28T19:39:44Z,501,30.0000,29.0000,30.0000,30.0000,29.0000,30.0000,41.0000,28.0000,30.0000,42.0000,29.0000,30.0000,30,29,30,30,29,30,41,28,30,42,29,30,30,29,30,30,29,30,41,28,30,42,29,30,42.00,39.00,30.909,0.276,2.7976,sat down ~19:22Z from 45/46C
754.79,2026-09-28T19:39:45Z,500,30.0000,29.0000,30.0000,30.0000,29.0000,30.0000,41.0000,28.0000,30.0000,42.0000,29.0000,30.0000,30,29,30,30,29,30,41,28,30,42,29,30,30,29,30,30,29,30,41,28,30,42,29,30,42.00,39.00,30.908,0.275,2.7976,sat down ~19:22Z from 45/46C
755.80,2026-09-28T19:39:46Z,501,30.0000,29.0000,30.0000,30.0000,29.0000,30.0000,41.0000,28.0000,30.0000,42.0000,29.0000,30.0000,30,29,30,30,29,30,41,28,30,42,29,30,30,29,30,30,29,30,41,28,30,42,29,30,42.00,39.00,30.908,0.276,2.7976,sat down ~19:22Z from 45/46C
756.80,2026-09-28T19:39:47Z,500,30.0000,29.0000,30.0000,30.0000,29.0000,30.0000,41.0000,28.0000,30.0000,42.0000,29.0000,30.0000,30,29,30,30,29,30,41,28,30,42,29,30,30,29,30,30,29,30,41,28,30,42,29,30,42.00,39.00,30.908,0.274,2.7976,sat down ~19:22Z from 45/46C
757.80,2026-09-28T19:39:48Z,500,30.0000,29.0000,30.0000,30.0000,29.0000,30.0000,41.0000,28.0000,30.0000,42.0000,29.0000,30.0000,30,29,30,30,29,30,41,28,30,42,29,30,30,29,30,30,29,30,41,28,30,42,29,30,42.00,39.00,30.907,0.277,2.7976,sat down ~19:22Z from 45/46C
758.80,2026-09-28T19:39:49Z,501,30.0000,29.0000,30.0000,30.0000,29.0000,30.0000,41.0000,28.0000,30.0000,42.0000,29.0000,30.0000,30,29,30,30,29,30,41,28,30,42,29,30,30,29,30,30,29,30,41,28,30,42,29,30,42.00,39.00,30.907,0.278,2.7976,sat down ~19:22Z from 45/46C
759.80,2026-09-28T19:39:50Z,501,30.0000,29.0000,30.0000,30.0000,29.0000,30.0000,41.0000,28.0000,30.0000,42.0000,29.0000,30.0000,30,29,30,30,29,30,41,28,30,42,29,30,30,29,30,30,29,30,41,28,30,42,29,30,42.00,39.00,30.907,0.274,2.7976,sat down ~19:22Z from 45/46C
760.80,2026-09-28T19:39:51Z,500,30.0000,29.0000,30.0000,30.0000,29.0000,30.0000,41.0000,28.0000,30.0000,42.0000,29.0000,30.0000,30,29,30,30,29,30,41,28,30,42,29,30,30,29,30,30,29,30,41,28,30,42,29,30,42.00,39.00,30.907,0.277,2.7976,sat down ~19:22Z from 45/46C
761.80,2026-09-28T19:39:52Z,500,30.0000,29.0000,30.0000,30.0000,29.0000,30.0000,41.0000,28.0000,30.0000,42.0000,29.0000,30.0000,30,29,30,30,29,30,41,28,30,42,29,30,30,29,30,30,29,30,41,28,30,42,29,30,42.00,39.00,30.907,0.275,2.7976,sat down ~19:22Z from 45/46C
762.80,2026-09-28T19:39:53Z,500,30.0000,29.0000,30.0000,30.0000,29.0000,30.0000,41.0000,28.0000,30.0000,42.0000,29.0000,30.0000,30,29,30,30,29,30,41,28,30,42,29,30,30,29,30,30,29,30,41,28,30,42,29,30,42.00,39.00,30.907,0.273,2.7976,sat down ~19:22Z from 45/46C
763.80,2026-09-28T19:39:54Z,501,30.0000,29.0000,30.0000,30.0000,29.0000,30.0000,41.0000,28.0000,30.0000,42.0000,29.0000,30.0000,30,29,30,30,29,30,41,28,30,42,29,30,30,29,30,30,29,30,41,28,30,42,29,30,42.00,39.00,30.906,0.273,2.7976,sat down ~19:22Z from 45/46C
764.80,2026-09-28T19:39:55Z,501,30.0000,29.0000,30.0000,30.0000,29.0000,30.0000,41.0000,28.0000,30.0000,42.0000,29.0000,30.0000,30,29,30,30,29,30,41,28,30,42,29,30,30,29,30,30,29,30,41,28,30,42,29,30,42.00,39.00,30.906,0.278,2.7976,sat down ~19:22Z from 45/46C
765.80,2026-09-28T19:39:56Z,500,30.0000,29.0000,30.0000,30.0000,29.0000,30.0000,41.0000,28.0000,30.0000,42.0000,29.0000,30.0000,30,29,30,30,29,30,41,28,30,42,29,30,30,29,30,30,29,30,41,28,30,42,29,30,42.00,39.00,30.905,0.275,2.7976,sat down ~19:22Z from 45/46C
766.81,2026-09-28T19:39:57Z,501,30.0000,29.0000,30.0000,30.0000,29.0000,30.0000,41.0000,28.0000,30.0000,42.0000,29.0000,30.0000,30,29,30,30,29,30,41,28,30,42,29,30,30,29,30,30,29,30,41,28,30,42,29,30,42.00,39.00,30.905,0.274,2.7976,sat down ~19:22Z from 45/46C
767.81,2026-09-28T19:39:58Z,501,30.0000,29.0000,30.0000,30.0000,29.0000,30.0000,41.0000,28.0000,30.0000,42.0000,29.0000,30.0000,30,29,30,30,29,30,41,28,30,42,29,30,30,29,30,30,29,30,41,28,30,42,29,30,42.00,39.00,30.905,0.278,2.7976,sat down ~19:22Z from 45/46C
768.81,2026-09-28T19:39:59Z,500,30.0000,29.0000,30.0000,30.0000,29.0000,30.0000,41.0000,28.0000,30.0000,42.0000,29.0000,30.0000,30,29,30,30,29,30,41,28,30,42,29,30,30,29,30,30,29,30,41,28,30,42,29,30,42.00,39.00,30.905,0.277,2.7976,sat down ~19:22Z from 45/46C
769.81,2026-09-28T19:40:00Z,501,30.0000,29.0000,30.0000,30.0000,29.0000,30.0000,41.0000,28.0000,30.0000,42.0000,29.0000,30.0000,30,29,30,30,29,30,41,28,30,42,29,30,30,29,30,30,29,30,41,28,30,42,29,30,42.00,39.00,30.905,0.275,2.7976,sat down ~19:22Z from 45/46C
770.81,2026-09-28T19:40:01Z,500,30.0000,29.0000,30.0000,30.0000,29.0000,30.0000,41.0000,28.0000,30.0000,42.0000,29.0000,30.0000,30,29,30,30,29,30,41,28,30,42,29,30,30,29,30,30,29,30,41,28,30,42,29,30,42.00,39.00,30.904,0.273,2.7976,sat down ~19:22Z from 45/46C
771.81,2026-09-28T19:40:02Z,501,30.0000,29.0000,30.0000,30.0000,29.0000,30.0000,41.0000,28.0000,30.0000,42.0000,29.0000,30.0000,30,29,30,30,29,30,41,28,30,42,29,30,30,29,30,30,29,30,41,28,30,42,29,30,42.00,39.00,30.904,0.276,2.7976,sat down ~19:22Z from 45/46C
772.81,2026-09-28T19:40:03Z,500,30.0000,29.0000,30.0000,30.0000,29.0000,30.0000,41.0000,28.0000,30.0000,42.0000,29.0000,30.0000,30,29,30,30,29,30,41,28,30,42,29,30,30,29,30,30,29,30,41,28,30,42,29,30,42.00,39.00,30.904,0.277,2.7976,sat down ~19:22Z from 45/46C
773.81,2026-09-28T19:40:04Z,501,30.0000,29.0000,30.0000,30.0000,29.0000,30.0000,41.0000,28.0000,30.0000,42.0000,29.0000,30.0000,30,29,30,30,29,30,41,28,30,42,29,30,30,29,30,30,29,30,41,28,30,42,29,30,42.00,39.00,30.904,0.280,2.7976,sat down ~19:22Z from 45/46C
774.81,2026-09-28T19:40:05Z,500,30.0000,29.0000,30.0000,30.0000,29.0000,30.0000,41.0000,28.0000,30.0000,42.0000,29.0000,30.0000,30,29,30,30,29,30,41,28,30,42,29,30,30,29,30,30,29,30,41,28,30,42,29,30,42.00,39.00,30.903,0.275,2.7976,sat down ~19:22Z from 45/46C
775.82,2026-09-28T19:40:06Z,501,30.0000,29.0000,30.0000,30.0000,29.0000,30.0000,41.0000,28.0000,30.0000,42.0000,29.0000,30.0000,30,29,30,30,29,30,41,28,30,42,29,30,30,29,30,30,29,30,41,28,30,42,29,30,42.00,39.00,30.902,0.277,2.7976,sat down ~19:22Z from 45/46C
776.82,2026-09-28T19:40:07Z,501,30.0000,29.0000,30.0000,30.0000,29.0000,30.0000,41.0000,28.0000,30.0000,42.0000,29.0000,30.0000,30,29,30,30,29,30,41,28,30,42,29,30,30,29,30,30,29,30,41,28,30,42,29,30,42.00,39.00,30.903,0.276,2.7976,sat down ~19:22Z from 45/46C
777.82,2026-09-28T19:40:08Z,500,30.0000,29.0000,30.0000,30.0000,29.0000,30.0000,41.0000,28.0000,30.0000,42.0000,29.0000,30.0000,30,29,30,30,29,30,41,28,30,42,29,30,30,29,30,30,29,30,41,28,30,42,29,30,42.00,39.00,30.902,0.274,2.7976,sat down ~19:22Z from 45/46C
778.82,2026-09-28T19:40:09Z,501,30.0000,29.0000,30.0000,30.0000,29.0000,30.0000,41.0000,28.0000,30.0000,42.0000,29.0000,30.0000,30,29,30,30,29,30,41,28,30,42,29,30,30,29,30,30,29,30,41,28,30,42,29,30,42.00,39.00,30.902,0.275,2.7976,sat down ~19:22Z from 45/46C
779.82,2026-09-28T19:40:10Z,501,30.0000,29.0000,30.0000,30.0000,29.0000,30.0000,41.0000,28.0000,30.0000,42.0000,29.0000,30.0000,30,29,30,30,29,30,41,28,30,42,29,30,30,29,30,30,29,30,41,28,30,42,29,30,42.00,39.00,30.901,0.274,2.7976,sat down ~19:22Z from 45/46C
780.82,2026-09-28T19:40:11Z,500,30.0000,29.0000,30.0000,30.0000,29.0000,30.0000,41.0000,28.0000,30.0000,42.0000,29.0000,30.0000,30,29,30,30,29,30,41,28,30,42,29,30,30,29,30,30,29,30,41,28,30,42,29,30,42.00,39.00,30.901,0.279,2.7976,sat down ~19:22Z from 45/46C
781.82,2026-09-28T19:40:12Z,500,30.0000,29.0000,30.0000,30.0000,29.0000,30.0000,41.0000,28.0000,30.0000,42.0000,29.0000,30.0000,30,29,30,30,29,30,41,28,30,42,29,30,30,29,30,30,29,30,41,28,30,42,29,30,42.00,39.00,30.901,0.277,2.7976,sat down ~19:22Z from 45/46C
782.82,2026-09-28T19:40:13Z,500,30.0000,29.0000,30.0000,30.0000,29.0000,30.0000,41.0000,28.0000,30.0000,42.0000,29.0000,30.0000,30,29,30,30,29,30,41,28,30,42,29,30,30,29,30,30,29,30,41,28,30,42,29,30,42.00,39.00,30.901,0.275,2.7976,sat down ~19:22Z from 45/46C
783.83,2026-09-28T19:40:14Z,501,30.0000,29.0000,30.0000,30.0000,29.0000,30.0000,41.0000,28.0000,30.0000,42.0000,29.0000,30.0000,30,29,30,30,29,30,41,28,30,42,29,30,30,29,30,30,29,30,41,28,30,42,29,30,42.00,39.00,30.901,0.276,2.7976,sat down ~19:22Z from 45/46C
784.83,2026-09-28T19:40:15Z,500,30.0000,29.0000,30.0000,30.0000,29.0000,30.0000,41.0000,28.0000,30.0000,42.0000,29.0000,30.0000,30,29,30,30,29,30,41,28,30,42,29,30,30,29,30,30,29,30,41,28,30,42,29,30,42.00,39.00,30.900,0.279,2.7976,sat down ~19:22Z from 45/46C
785.83,2026-09-28T19:40:16Z,501,30.0000,29.0000,30.0000,30.0000,29.0000,30.0000,41.0000,28.0000,30.0000,42.0000,29.0000,30.0000,30,29,30,30,29,30,41,28,30,42,29,30,30,29,30,30,29,30,41,28,30,42,29,30,42.00,39.00,30.900,0.278,2.7976,sat down ~19:22Z from 45/46C
786.83,2026-09-28T19:40:17Z,501,30.0000,29.0000,30.0000,30.0000,29.0000,30.0000,41.0000,28.0000,30.0000,42.0000,29.0000,30.0000,30,29,30,30,29,30,41,28,30,42,29,30,30,29,30,30,29,30,41,28,30,42,29,30,42.00,39.00,30.900,0.276,2.7976,sat down ~19:22Z from 45/46C
787.83,2026-09-28T19:40:18Z,500,30.0000,29.0000,30.0000,30.0000,29.0000,30.0000,41.0000,28.0000,30.0000,42.0000,29.0000,30.0000,30,29,30,30,29,30,41,28,30,42,29,30,30,29,30,30,29,30,41,28,30,42,29,30,42.00,39.00,30.899,0.278,2.7976,sat down ~19:22Z from 45/46C
788.83,2026-09-28T19:40:19Z,500,30.0000,29.0000,30.0000,30.0000,29.0000,30.0000,41.0000,28.0000,30.0000,42.0000,29.0000,30.0000,30,29,30,30,29,30,41,28,30,42,29,30,30,29,30,30,29,30,41,28,30,42,29,30,42.00,39.00,30.899,0.278,2.7976,sat down ~19:22Z from 45/46C
789.83,2026-09-28T19:40:20Z,501,30.0000,29.0000,30.0000,30.0000,29.0000,30.0000,41.0000,28.0000,30.0000,42.0000,29.0000,30.0000,30,29,30,30,29,30,41,28,30,42,29,30,30,29,30,30,29,30,41,28,30,42,29,30,42.00,39.00,30.899,0.278,2.7976,sat down ~19:22Z from 45/46C
790.84,2026-09-28T19:40:21Z,501,30.0000,29.0000,30.0000,30.0000,29.0000,30.0000,41.0000,28.0000,30.0000,42.0000,29.0000,30.0000,30,29,30,30,29,30,41,28,30,42,29,30,30,29,30,30,29,30,41,28,30,42,29,30,42.00,39.00,30.899,0.277,2.7976,sat down ~19:22Z from 45/46C
791.84,2026-09-28T19:40:22Z,501,30.0000,29.0000,30.0000,30.0000,29.0000,30.0000,41.0000,28.0000,30.0000,42.0000,29.0000,30.0000,30,29,30,30,29,30,41,28,30,42,29,30,30,29,30,30,29,30,41,28,30,42,29,30,42.00,39.00,30.899,0.277,2.7976,sat down ~19:22Z from 45/46C
792.84,2026-09-28T19:40:23Z,500,30.0000,29.0000,30.0000,30.0000,29.0000,30.0000,41.0000,28.0000,30.0000,42.0000,29.0000,30.0000,30,29,30,30,29,30,41,28,30,42,29,30,30,29,30,30,29,30,41,28,30,42,29,30,42.00,39.00,30.899,0.276,2.7976,sat down ~19:22Z from 45/46C
793.84,2026-09-28T19:40:24Z,501,30.0000,29.0000,30.0000,30.0000,29.0000,30.0000,41.0000,28.0000,30.0000,42.0000,29.0000,30.0000,30,29,30,30,29,30,41,28,30,42,29,30,30,29,30,30,29,30,41,28,30,42,29,30,42.00,39.00,30.898,0.277,2.7976,sat down ~19:22Z from 45/46C
794.84,2026-09-28T19:40:25Z,500,30.0000,29.0000,30.0000,30.0000,29.0000,30.0000,41.0000,28.0000,30.0000,42.0000,29.0000,30.0000,30,29,30,30,29,30,41,28,30,42,29,30,30,29,30,30,29,30,41,28,30,42,29,30,42.00,39.00,30.898,0.278,2.7976,sat down ~19:22Z from 45/46C
795.84,2026-09-28T19:40:26Z,500,30.0000,29.0000,30.0000,30.0000,29.0000,30.0000,41.0000,28.0000,30.0000,42.0000,29.0000,30.0000,30,29,30,30,29,30,41,28,30,42,29,30,30,29,30,30,29,30,41,28,30,42,29,30,42.00,39.00,30.898,0.276,2.7976,sat down ~19:22Z from 45/46C
796.84,2026-09-28T19:40:27Z,500,30.0000,29.0000,30.0000,30.0000,29.0000,30.0000,41.0000,28.0000,30.0000,42.0000,29.0000,30.0000,30,29,30,30,29,30,41,28,30,42,29,30,30,29,30,30,29,30,41,28,30,42,29,30,42.00,39.00,30.897,0.276,2.7976,sat down ~19:22Z from 45/46C
797.84,2026-09-28T19:40:28Z,500,30.0000,29.0000,30.0000,30.0000,29.0000,30.0000,41.0000,28.0000,30.0000,42.0000,29.0000,30.0000,30,29,30,30,29,30,41,28,30,42,29,30,30,29,30,30,29,30,41,28,30,42,29,30,42.00,39.00,30.897,0.274,2.7976,sat down ~19:22Z from 45/46C
798.84,2026-09-28T19:40:29Z,501,30.0000,29.0000,30.0000,30.0000,29.0000,30.0000,41.0000,28.0000,30.0000,42.0000,29.0000,30.0000,30,29,30,30,29,30,41,28,30,42,29,30,30,29,30,30,29,30,41,28,30,42,29,30,42.00,39.00,30.897,0.272,2.7976,sat down ~19:22Z from 45/46C
799.84,2026-09-28T19:40:30Z,500,30.0000,29.0000,30.0000,30.0000,29.0000,30.0000,41.0000,28.0000,30.0000,42.0000,29.0000,30.0000,30,29,30,30,29,30,41,28,30,42,29,30,30,29,30,30,29,30,41,28,30,42,29,30,42.00,39.00,30.897,0.273,2.7976,sat down ~19:22Z from 45/46C
800.84,2026-09-28T19:40:31Z,500,30.0000,29.0000,30.0000,30.0000,29.0000,30.0000,41.0000,28.0000,30.0000,42.0000,29.0000,30.0000,30,29,30,30,29,30,41,28,30,42,29,30,30,29,30,30,29,30,41,28,30,42,29,30,42.00,39.00,30.897,0.271,2.7976,sat down ~19:22Z from 45/46C
801.84,2026-09-28T19:40:32Z,500,30.0000,29.0000,30.0000,30.0000,29.0000,30.0000,41.0000,28.0000,30.0000,42.0000,29.0000,30.0000,30,29,30,30,29,30,41,28,30,42,29,30,30,29,30,30,29,30,41,28,30,42,29,30,42.00,39.00,30.896,0.273,2.7976,sat down ~19:22Z from 45/46C
802.84,2026-09-28T19:40:33Z,500,30.0000,29.0000,30.0000,30.0000,29.0000,30.0000,41.0000,28.0000,30.0000,42.0000,29.0000,30.0000,30,29,30,30,29,30,41,28,30,42,29,30,30,29,30,30,29,30,41,28,30,42,29,30,42.00,39.00,30.897,0.273,2.7976,sat down ~19:22Z from 45/46C
803.85,2026-09-28T19:40:34Z,501,30.0000,29.0000,30.0000,30.0000,29.0000,30.0000,41.0000,28.0000,30.0000,42.0000,29.0000,30.0000,30,29,30,30,29,30,41,28,30,42,29,30,30,29,30,30,29,30,41,28,30,42,29,30,42.00,39.00,30.896,0.278,2.7976,sat down ~19:22Z from 45/46C
804.85,2026-09-28T19:40:35Z,501,30.0000,29.0000,30.0000,30.0000,29.0000,30.0000,41.0000,28.0000,30.0000,42.0000,29.0000,30.0000,30,29,30,30,29,30,41,28,30,42,29,30,30,29,30,30,29,30,41,28,30,42,29,30,42.00,39.00,30.896,0.279,2.7976,sat down ~19:22Z from 45/46C
805.85,2026-09-28T19:40:36Z,501,30.0000,29.0000,30.0000,30.0000,29.0000,30.0000,41.0000,28.0000,30.0000,42.0000,29.0000,30.0000,30,29,30,30,29,30,41,28,30,42,29,30,30,29,30,30,29,30,41,28,30,42,29,30,42.00,39.00,30.896,0.273,2.7976,sat down ~19:22Z from 45/46C
806.85,2026-09-28T19:40:37Z,500,30.0000,29.0000,30.0000,30.0000,29.0000,30.0000,41.0000,28.0000,30.0000,42.0000,29.0000,30.0000,30,29,30,30,29,30,41,28,30,42,29,30,30,29,30,30,29,30,41,28,30,42,29,30,42.00,39.00,30.896,0.277,2.7976,sat down ~19:22Z from 45/46C
807.85,2026-09-28T19:40:38Z,501,30.0000,29.0000,30.0000,30.0000,29.0000,30.0000,41.0000,28.0000,30.0000,42.0000,29.0000,30.0000,30,29,30,30,29,30,41,28,30,42,29,30,30,29,30,30,29,30,41,28,30,42,29,30,42.00,39.00,30.895,0.276,2.7976,sat down ~19:22Z from 45/46C
808.85,2026-09-28T19:40:39Z,500,30.0000,29.0000,30.0000,30.0000,29.0000,30.0000,41.0000,28.0000,30.0000,42.0000,29.0000,30.0000,30,29,30,30,29,30,41,28,30,42,29,30,30,29,30,30,29,30,41,28,30,42,29,30,42.00,39.00,30.895,0.276,2.7976,sat down ~19:22Z from 45/46C
809.86,2026-09-28T19:40:40Z,500,30.0000,29.0000,30.0000,30.0000,29.0000,30.0000,41.0000,28.0000,30.0000,42.0000,29.0000,30.0000,30,29,30,30,29,30,41,28,30,42,29,30,30,29,30,30,29,30,41,28,30,42,29,30,42.00,39.00,30.894,0.278,2.7976,sat down ~19:22Z from 45/46C
810.86,2026-09-28T19:40:41Z,501,30.0000,29.0000,30.0000,30.0000,29.0000,30.0000,41.0000,28.0000,30.0000,42.0000,29.0000,30.0000,30,29,30,30,29,30,41,28,30,42,29,30,30,29,30,30,29,30,41,28,30,42,29,30,42.00,39.00,30.895,0.276,2.7976,sat down ~19:22Z from 45/46C
811.86,2026-09-28T19:40:42Z,499,30.0000,29.0000,30.0000,30.0000,29.0000,30.0000,41.0000,28.0000,30.0000,42.0000,29.0000,30.0000,30,29,30,30,29,30,41,28,30,42,29,30,30,29,30,30,29,30,41,28,30,42,29,30,42.00,39.00,30.894,0.276,2.7976,sat down ~19:22Z from 45/46C
812.86,2026-09-28T19:40:43Z,501,30.0000,29.0000,30.0000,30.0000,29.0000,30.0000,41.0000,28.0000,30.0000,42.0000,29.0000,30.0000,30,29,30,30,29,30,41,28,30,42,29,30,30,29,30,30,29,30,41,28,30,42,29,30,42.00,39.00,30.894,0.279,2.7976,sat down ~19:22Z from 45/46C
813.86,2026-09-28T19:40:44Z,500,30.0000,29.0000,30.0000,30.0000,29.0000,30.0000,41.0000,28.0000,30.0000,42.0000,29.0000,30.0000,30,29,30,30,29,30,41,28,30,42,29,30,30,29,30,30,29,30,41,28,30,42,29,30,42.00,39.00,30.893,0.277,2.7976,sat down ~19:22Z from 45/46C
814.86,2026-09-28T19:40:45Z,501,30.0000,29.0000,30.0000,30.0000,29.0000,30.0000,41.0000,28.0000,30.0000,42.0000,29.0000,30.0000,30,29,30,30,29,30,41,28,30,42,29,30,30,29,30,30,29,30,41,28,30,42,29,30,42.00,39.00,30.893,0.276,2.7976,sat down ~19:22Z from 45/46C
815.86,2026-09-28T19:40:46Z,501,30.0000,29.0000,30.0000,30.0000,29.0000,30.0000,41.0000,28.0000,30.0000,42.0000,29.0000,30.0000,30,29,30,30,29,30,41,28,30,42,29,30,30,29,30,30,29,30,41,28,30,42,29,30,42.00,39.00,30.893,0.276,2.7976,sat down ~19:22Z from 45/46C
816.86,2026-09-28T19:40:47Z,501,30.0000,29.0000,30.0000,30.0000,29.0000,30.0000,41.0000,28.0000,30.0000,42.0000,29.0000,30.0000,30,29,30,30,29,30,41,28,30,42,29,30,30,29,30,30,29,30,41,28,30,42,29,30,42.00,39.00,30.893,0.277,2.7976,sat down ~19:22Z from 45/46C
817.87,2026-09-28T19:40:48Z,500,30.0000,29.0000,30.0000,30.0000,29.0000,30.0000,41.0000,28.0000,30.0000,42.0000,29.0000,30.0000,30,29,30,30,29,30,41,28,30,42,29,30,30,29,30,30,29,30,41,28,30,42,29,30,42.00,39.00,30.893,0.278,2.7976,sat down ~19:22Z from 45/46C
818.87,2026-09-28T19:40:49Z,501,30.0000,29.0000,30.0000,30.0000,29.0000,30.0000,41.0000,28.0000,30.0000,42.0000,29.0000,30.0000,30,29,30,30,29,30,41,28,30,42,29,30,30,29,30,30,29,30,41,28,30,42,29,30,42.00,39.00,30.892,0.276,2.7976,sat down ~19:22Z from 45/46C
819.87,2026-09-28T19:40:50Z,500,30.0000,29.0000,30.0000,30.0000,29.0000,30.0000,41.0000,28.0000,30.0000,42.0000,29.0000,30.0000,30,29,30,30,29,30,41,28,30,42,29,30,30,29,30,30,29,30,41,28,30,42,29,30,42.00,39.00,30.892,0.277,2.7976,sat down ~19:22Z from 45/46C
820.87,2026-09-28T19:40:51Z,501,30.0000,29.0000,30.0000,30.0000,29.0000,30.0000,41.0000,28.0000,30.0000,42.0000,29.0000,30.0000,30,29,30,30,29,30,41,28,30,42,29,30,30,29,30,30,29,30,41,28,30,42,29,30,42.00,39.00,30.892,0.278,2.7976,sat down ~19:22Z from 45/46C
821.87,2026-09-28T19:40:52Z,500,30.0000,29.0000,30.0000,30.0000,29.0000,30.0000,41.0000,28.0000,30.0000,42.0000,29.0000,30.0000,30,29,30,30,29,30,41,28,30,42,29,30,30,29,30,30,29,30,41,28,30,42,29,30,42.00,39.00,30.892,0.278,2.7976,sat down ~19:22Z from 45/46C
822.87,2026-09-28T19:40:53Z,501,30.0000,29.0000,30.0000,30.0000,29.0000,30.0000,41.0000,28.0000,30.0000,42.0000,29.0000,30.0000,30,29,30,30,29,30,41,28,30,42,29,30,30,29,30,30,29,30,41,28,30,42,29,30,42.00,39.00,30.892,0.278,2.7976,sat down ~19:22Z from 45/46C
823.87,2026-09-28T19:40:54Z,501,30.0000,29.0000,30.0000,30.0000,29.0000,30.0000,41.0000,28.0000,30.0000,42.0000,29.0000,30.0000,30,29,30,30,29,30,41,28,30,42,29,30,30,29,30,30,29,30,41,28,30,42,29,30,42.00,39.00,30.891,0.279,2.7976,sat down ~19:22Z from 45/46C
824.88,2026-09-28T19:40:55Z,501,30.0000,29.0000,30.0000,30.0000,29.0000,30.0000,41.0000,28.0000,30.0000,42.0000,29.0000,30.0000,30,29,30,30,29,30,41,28,30,42,29,30,30,29,30,30,29,30,41,28,30,42,29,30,42.00,39.00,30.892,0.280,2.7976,sat down ~19:22Z from 45/46C
825.88,2026-09-28T19:40:56Z,500,30.0000,29.0000,30.0000,30.0000,29.0000,30.0000,41.0000,28.0000,30.0000,42.0000,29.0000,30.0000,30,29,30,30,29,30,41,28,30,42,29,30,30,29,30,30,29,30,41,28,30,42,29,30,42.00,39.00,30.891,0.284,2.7976,sat down ~19:22Z from 45/46C
826.88,2026-09-28T19:40:57Z,501,30.0000,29.0000,30.0000,30.0000,29.0000,30.0000,41.0000,28.0000,30.0000,41.9840,29.0000,30.0000,30,29,30,30,29,30,41,28,30,41,29,30,30,29,30,30,29,30,41,28,30,42,29,30,42.00,39.00,30.891,0.281,2.7976,sat down ~19:22Z from 45/46C
827.88,2026-09-28T19:40:58Z,501,30.0000,29.0000,30.0000,30.0000,29.0000,30.0000,41.0000,28.0000,30.0000,41.9900,29.0000,30.0000,30,29,30,30,29,30,41,28,30,41,29,30,30,29,30,30,29,30,41,28,30,42,29,30,42.00,39.00,30.890,0.280,2.7976,sat down ~19:22Z from 45/46C
828.88,2026-09-28T19:40:59Z,501,30.0000,29.0000,30.0000,30.0000,29.0000,30.0000,41.0000,28.0000,30.0000,42.0000,29.0000,30.0000,30,29,30,30,29,30,41,28,30,42,29,30,30,29,30,30,29,30,41,28,30,42,29,30,42.00,39.00,30.890,0.283,2.7976,sat down ~19:22Z from 45/46C
829.88,2026-09-28T19:41:00Z,499,30.0000,29.0000,30.0000,30.0000,29.0000,30.0000,41.0000,28.0000,30.0000,41.9840,29.0000,30.0000,30,29,30,30,29,30,41,28,30,41,29,30,30,29,30,30,29,30,41,28,30,42,29,30,42.00,39.00,30.890,0.285,2.7976,sat down ~19:22Z from 45/46C
830.88,2026-09-28T19:41:01Z,501,30.0000,29.0000,30.0000,30.0000,29.0000,30.0000,41.0000,28.0000,30.0000,41.9361,29.0000,30.0000,30,29,30,30,29,30,41,28,30,41,29,30,30,29,30,30,29,30,41,28,30,42,29,30,42.00,39.00,30.890,0.283,2.7976,sat down ~19:22Z from 45/46C
831.88,2026-09-28T19:41:02Z,500,30.0000,29.0000,30.0000,30.0000,29.0000,30.0000,41.0000,28.0000,30.0000,41.8980,29.0000,30.0000,30,29,30,30,29,30,41,28,30,41,29,30,30,29,30,30,29,30,41,28,30,42,29,30,42.00,39.00,30.890,0.283,2.7976,sat down ~19:22Z from 45/46C
832.88,2026-09-28T19:41:03Z,500,30.0000,29.0000,30.0000,30.0000,29.0000,30.0000,41.0000,28.0000,30.0000,41.8640,29.0000,30.0000,30,29,30,30,29,30,41,28,30,41,29,30,30,29,30,30,29,30,41,28,30,42,29,30,42.00,39.00,30.890,0.283,2.7976,sat down ~19:22Z from 45/46C
833.88,2026-09-28T19:41:04Z,500,30.0000,29.0000,30.0000,30.0000,29.0000,30.0000,41.0000,28.0060,30.0000,41.7260,29.0000,30.0000,30,29,30,30,29,30,41,28,30,41,29,30,30,29,30,30,29,30,41,29,30,42,29,30,42.00,39.00,30.889,0.278,2.7976,sat down ~19:22Z from 45/46C
834.89,2026-09-28T19:41:05Z,501,30.0000,29.0000,30.0000,30.0000,29.0000,30.0000,41.0000,28.0000,30.0000,41.6267,29.0000,30.0000,30,29,30,30,29,30,41,28,30,41,29,30,30,29,30,30,29,30,41,28,30,42,29,30,42.00,39.00,30.889,0.274,2.7976,sat down ~19:22Z from 45/46C
835.89,2026-09-28T19:41:06Z,500,30.0000,29.0000,30.0000,30.0000,29.0000,30.0000,41.0000,28.0000,30.0000,41.5460,29.0000,30.0000,30,29,30,30,29,30,41,28,30,41,29,30,30,29,30,30,29,30,41,28,30,42,29,30,42.00,39.00,30.888,0.275,2.7976,sat down ~19:22Z from 45/46C
836.89,2026-09-28T19:41:07Z,500,30.0000,29.0000,30.0000,30.0000,29.0000,30.0000,41.0000,28.0000,30.0000,41.3980,29.0000,30.0000,30,29,30,30,29,30,41,28,30,41,29,30,30,29,30,30,29,30,41,28,30,42,29,30,42.00,39.00,30.889,0.280,2.7976,sat down ~19:22Z from 45/46C
837.89,2026-09-28T19:41:08Z,501,30.0000,29.0000,30.0000,30.0000,29.0000,30.0000,41.0000,28.0080,30.0000,41.2096,29.0000,30.0000,30,29,30,30,29,30,41,28,30,41,29,30,30,29,30,30,29,30,41,29,30,42,29,30,42.00,39.00,30.889,0.281,2.7976,sat down ~19:22Z from 45/46C
838.89,2026-09-28T19:41:09Z,501,30.0000,29.0000,30.0000,30.0000,29.0000,30.0000,41.0000,28.0000,30.0000,41.1976,29.0000,30.0000,30,29,30,30,29,30,41,28,30,41,29,30,30,29,30,30,29,30,41,28,30,42,29,30,42.00,39.00,30.888,0.280,2.7976,sat down ~19:22Z from 45/46C
839.89,2026-09-28T19:41:10Z,501,30.0000,29.0000,30.0000,30.0000,29.0000,30.0000,41.0000,28.0000,30.0000,41.0739,29.0000,30.0000,30,29,30,30,29,30,41,28,30,41,29,30,30,29,30,30,29,30,41,28,30,42,29,30,42.00,39.00,30.888,0.280,2.7976,sat down ~19:22Z from 45/46C
840.89,2026-09-28T19:41:11Z,500,30.0000,29.0000,30.0000,30.0000,29.0000,30.0000,41.0000,28.0060,30.0000,41.0260,29.0000,30.0000,30,29,30,30,29,30,41,28,30,41,29,30,30,29,30,30,29,30,41,29,30,42,29,30,42.00,39.00,30.888,0.280,2.7976,sat down ~19:22Z from 45/46C
841.89,2026-09-28T19:41:12Z,500,30.0000,29.0000,30.0000,30.0000,29.0000,30.0000,41.0000,28.0000,30.0000,41.0080,29.0000,30.0000,30,29,30,30,29,30,41,28,30,41,29,30,30,29,30,30,29,30,41,28,30,42,29,30,42.00,39.00,30.887,0.279,2.7976,sat down ~19:22Z from 45/46C
842.89,2026-09-28T19:41:13Z,500,30.0000,29.0000,30.0000,30.0000,29.0000,30.0000,41.0000,28.0140,30.0000,41.0000,29.0000,30.0000,30,29,30,30,29,30,41,28,30,41,29,30,30,29,30,30,29,30,41,29,30,41,29,30,42.00,39.00,30.887,0.279,2.7976,sat down ~19:22Z from 45/46C
843.89,2026-09-28T19:41:14Z,501,30.0000,29.0000,30.0000,30.0000,29.0000,30.0000,41.0000,28.0060,30.0000,41.0000,29.0000,30.0000,30,29,30,30,29,30,41,28,30,41,29,30,30,29,30,30,29,30,41,29,30,41,29,30,42.00,39.00,30.886,0.277,2.7976,sat down ~19:22Z from 45/46C
844.90,2026-09-28T19:41:15Z,501,30.0000,29.0000,30.0000,30.0000,29.0000,30.0000,41.0000,28.0160,30.0000,41.0000,29.0000,30.0000,30,29,30,30,29,30,41,28,30,41,29,30,30,29,30,30,29,30,41,29,30,41,29,30,42.00,39.00,30.887,0.280,2.7976,sat down ~19:22Z from 45/46C
845.90,2026-09-28T19:41:16Z,500,30.0000,29.0000,30.0000,30.0000,29.0000,30.0000,41.0000,28.0080,30.0000,41.0000,29.0000,30.0000,30,29,30,30,29,30,41,28,30,41,29,30,30,29,30,30,29,30,41,29,30,41,29,30,42.00,39.00,30.886,0.280,2.7976,sat down ~19:22Z from 45/46C
846.90,2026-09-28T19:41:17Z,500,30.0000,29.0000,30.0000,30.0000,29.0000,30.0000,41.0000,28.0280,30.0000,41.0000,29.0000,30.0000,30,29,30,30,29,30,41,28,30,41,29,30,30,29,30,30,29,30,41,29,30,41,29,30,42.00,39.00,30.885,0.280,2.7976,sat down ~19:22Z from 45/46C
847.90,2026-09-28T19:41:18Z,501,30.0000,29.0000,30.0000,30.0000,29.0000,30.0000,41.0000,28.0220,30.0000,41.0000,29.0000,30.0000,30,29,30,30,29,30,41,28,30,41,29,30,30,29,30,30,29,30,41,29,30,41,29,30,42.00,39.00,30.885,0.276,2.7976,sat down ~19:22Z from 45/46C
848.90,2026-09-28T19:41:19Z,501,30.0000,29.0000,30.0000,30.0000,29.0000,30.0000,41.0000,28.0120,30.0000,41.0000,29.0000,30.0000,30,29,30,30,29,30,41,28,30,41,29,30,30,29,30,30,29,30,41,29,30,41,29,30,42.00,39.00,30.885,0.277,2.7976,sat down ~19:22Z from 45/46C
849.90,2026-09-28T19:41:20Z,501,30.0000,29.0000,30.0000,30.0000,29.0000,30.0000,41.0000,28.0279,30.0000,41.0000,29.0000,30.0000,30,29,30,30,29,30,41,28,30,41,29,30,30,29,30,30,29,30,41,29,30,41,29,30,42.00,39.00,30.885,0.281,2.7976,sat down ~19:22Z from 45/46C
850.90,2026-09-28T19:41:21Z,501,30.0000,29.0000,30.0000,30.0000,29.0000,30.0000,41.0000,28.0339,30.0000,41.0000,29.0000,30.0000,30,29,30,30,29,30,41,28,30,41,29,30,30,29,30,30,29,30,41,29,30,41,29,30,42.00,39.00,30.885,0.279,2.7976,sat down ~19:22Z from 45/46C
851.90,2026-09-28T19:41:22Z,500,30.0000,29.0000,30.0000,30.0000,29.0000,30.0000,41.0000,28.0360,30.0000,41.0000,29.0000,30.0000,30,29,30,30,29,30,41,28,30,41,29,30,30,29,30,30,29,30,41,29,30,41,29,30,42.00,39.00,30.885,0.284,2.7976,sat down ~19:22Z from 45/46C
852.91,2026-09-28T19:41:23Z,501,30.0000,29.0000,30.0000,30.0000,29.0000,30.0000,41.0000,28.0679,30.0000,41.0000,29.0000,30.0000,30,29,30,30,29,30,41,28,30,41,29,30,30,29,30,30,29,30,41,29,30,41,29,30,42.00,39.00,30.884,0.279,2.7976,sat down ~19:22Z from 45/46C
853.91,2026-09-28T19:41:24Z,500,30.0000,29.0000,30.0000,30.0000,29.0000,30.0000,41.0000,28.0280,30.0000,41.0000,29.0000,30.0000,30,29,30,30,29,30,41,28,30,41,29,30,30,29,30,30,29,30,41,29,30,41,29,30,42.00,39.00,30.884,0.282,2.7976,sat down ~19:22Z from 45/46C
854.91,2026-09-28T19:41:25Z,501,30.0000,29.0000,30.0000,30.0000,29.0000,30.0000,41.0000,28.0739,30.0000,41.0000,29.0000,30.0000,30,29,30,30,29,30,41,28,30,41,29,30,30,29,30,30,29,30,41,29,30,41,29,30,42.00,39.00,30.884,0.280,2.7976,sat down ~19:22Z from 45/46C
855.91,2026-09-28T19:41:26Z,499,30.0000,29.0000,30.0000,30.0000,29.0000,30.0000,41.0000,28.0621,30.0000,41.0000,29.0000,30.0000,30,29,30,30,29,30,41,28,30,41,29,30,30,29,30,30,29,30,41,29,30,41,29,30,42.00,39.00,30.883,0.278,2.7976,sat down ~19:22Z from 45/46C
856.91,2026-09-28T19:41:27Z,501,30.0000,29.0000,30.0000,30.0000,29.0000,30.0000,41.0000,28.0838,30.0000,41.0000,29.0000,30.0000,30,29,30,30,29,30,41,28,30,41,29,30,30,29,30,30,29,30,41,29,30,41,29,30,42.00,39.00,30.883,0.281,2.7976,sat down ~19:22Z from 45/46C
857.91,2026-09-28T19:41:28Z,501,30.0000,29.0000,30.0000,30.0000,29.0000,30.0000,41.0000,28.0499,30.0000,41.0000,29.0000,30.0000,30,29,30,30,29,30,41,28,30,41,29,30,30,29,30,30,29,30,41,29,30,41,29,30,42.00,39.00,30.883,0.279,2.7976,sat down ~19:22Z from 45/46C
858.91,2026-09-28T19:41:29Z,499,30.0000,29.0000,30.0000,30.0000,29.0000,30.0000,41.0000,28.0922,30.0000,41.0000,29.0000,30.0000,30,29,30,30,29,30,41,28,30,41,29,30,30,29,30,30,29,30,41,29,30,41,29,30,42.00,39.00,30.883,0.278,2.7976,sat down ~19:22Z from 45/46C
859.91,2026-09-28T19:41:30Z,501,30.0000,29.0000,30.0000,30.0000,29.0000,30.0000,41.0000,28.1417,30.0000,41.0000,29.0000,30.0000,30,29,30,30,29,30,41,28,30,41,29,30,30,29,30,30,29,30,41,29,30,41,29,30,42.00,39.00,30.883,0.276,2.7976,sat down ~19:22Z from 45/46C
860.92,2026-09-28T19:41:31Z,501,30.0000,29.0000,30.0000,30.0000,29.0000,30.0000,41.0000,28.1657,30.0000,41.0000,29.0000,30.0000,30,29,30,30,29,30,41,28,30,41,29,30,30,29,30,30,29,30,41,29,30,41,29,30,42.00,39.00,30.882,0.276,2.7976,sat down ~19:22Z from 45/46C
861.92,2026-09-28T19:41:32Z,501,30.0000,29.0000,30.0000,30.0000,29.0000,30.0000,41.0000,28.1098,30.0000,41.0000,29.0000,30.0000,30,29,30,30,29,30,41,28,30,41,29,30,30,29,30,30,29,30,41,29,30,41,29,30,42.00,39.00,30.883,0.277,2.7976,sat down ~19:22Z from 45/46C
862.92,2026-09-28T19:41:33Z,500,30.0000,29.0000,30.0000,30.0000,29.0000,30.0000,41.0000,28.1940,30.0000,41.0000,29.0000,30.0000,30,29,30,30,29,30,41,28,30,41,29,30,30,29,30,30,29,30,41,29,30,41,29,30,42.00,39.00,30.882,0.274,2.7976,sat down ~19:22Z from 45/46C
863.92,2026-09-28T19:41:34Z,501,30.0000,29.0000,30.0000,30.0000,29.0000,30.0000,41.0000,28.1856,30.0000,41.0000,29.0000,30.0000,30,29,30,30,29,30,41,28,30,41,29,30,30,29,30,30,29,30,41,29,30,41,29,30,42.00,39.00,30.881,0.274,2.7976,sat down ~19:22Z from 45/46C
864.92,2026-09-28T19:41:35Z,500,30.0000,29.0000,30.0000,30.0000,29.0000,30.0000,41.0000,28.1900,30.0000,41.0000,29.0000,30.0000,30,29,30,30,29,30,41,28,30,41,29,30,30,29,30,30,29,30,41,29,30,41,29,30,42.00,39.00,30.881,0.276,2.7976,sat down ~19:22Z from 45/46C
865.92,2026-09-28T19:41:36Z,500,30.0000,29.0000,30.0000,30.0000,29.0000,30.0000,41.0000,28.2240,30.0000,41.0000,29.0000,30.0000,30,29,30,30,29,30,41,28,30,41,29,30,30,29,30,30,29,30,41,29,30,41,29,30,42.00,39.00,30.881,0.274,2.7976,sat down ~19:22Z from 45/46C
866.92,2026-09-28T19:41:37Z,501,30.0000,29.0000,30.0000,30.0000,29.0000,30.0000,41.0000,28.2136,30.0000,41.0000,29.0000,30.0000,30,29,30,30,29,30,41,28,30,41,29,30,30,29,30,30,29,30,41,29,30,41,29,30,42.00,39.01,30.880,0.272,2.7976,sat down ~19:22Z from 45/46C
867.92,2026-09-28T19:41:38Z,500,30.0000,29.0000,30.0000,30.0000,29.0000,30.0000,41.0000,28.1900,30.0000,41.0000,29.0000,30.0000,30,29,30,30,29,30,41,28,30,41,29,30,30,29,30,30,29,30,41,29,30,41,29,30,42.00,39.01,30.881,0.276,2.7976,sat down ~19:22Z from 45/46C
868.93,2026-09-28T19:41:39Z,501,30.0000,29.0000,30.0000,30.0000,29.0000,30.0000,41.0000,28.3313,30.0000,41.0000,29.0000,30.0000,30,29,30,30,29,30,41,28,30,41,29,30,30,29,30,30,29,30,41,29,30,41,29,30,42.00,39.02,30.881,0.278,2.7976,sat down ~19:22Z from 45/46C
869.93,2026-09-28T19:41:40Z,500,30.0000,29.0000,30.0000,30.0000,29.0000,30.0000,41.0000,28.2780,30.0000,41.0000,29.0000,30.0000,30,29,30,30,29,30,41,28,30,41,29,30,30,29,30,30,29,30,41,29,30,41,29,30,42.00,39.04,30.880,0.276,2.7976,sat down ~19:22Z from 45/46C
870.93,2026-09-28T19:41:41Z,501,30.0000,29.0000,30.0000,30.0000,29.0000,30.0000,41.0000,28.2655,30.0000,41.0000,29.0000,30.0000,30,29,30,30,29,30,41,28,30,41,29,30,30,29,30,30,29,30,41,29,30,41,29,30,42.00,39.11,30.880,0.279,2.7976,sat down ~19:22Z from 45/46C
871.93,2026-09-28T19:41:42Z,500,30.0000,29.0000,30.0000,30.0000,29.0000,30.0000,41.0000,28.2580,30.0000,41.0000,29.0000,30.0000,30,29,30,30,29,30,41,28,30,41,29,30,30,29,30,30,29,30,41,29,30,41,29,30,42.00,39.17,30.880,0.275,2.7976,sat down ~19:22Z from 45/46C
872.93,2026-09-28T19:41:43Z,500,30.0000,29.0000,30.0000,30.0000,29.0000,30.0000,41.0000,28.3380,30.0000,41.0000,29.0000,30.0000,30,29,30,30,29,30,41,28,30,41,29,30,30,29,30,30,29,30,41,29,30,41,29,30,42.00,39.20,30.880,0.277,2.7976,sat down ~19:22Z from 45/46C
873.93,2026-09-28T19:41:44Z,501,30.0000,29.0000,30.0000,30.0000,29.0000,30.0000,41.0000,28.3453,30.0000,41.0000,29.0000,30.0000,30,29,30,30,29,30,41,28,30,41,29,30,30,29,30,30,29,30,41,29,30,41,29,30,42.00,39.11,30.880,0.276,2.7976,sat down ~19:22Z from 45/46C
874.93,2026-09-28T19:41:45Z,501,30.0000,29.0000,30.0000,30.0000,29.0000,30.0000,41.0000,28.3373,30.0000,41.0000,29.0000,30.0000,30,29,30,30,29,30,41,28,30,41,29,30,30,29,30,30,29,30,41,29,30,41,29,30,42.00,39.14,30.879,0.275,2.7976,sat down ~19:22Z from 45/46C
875.93,2026-09-28T19:41:46Z,500,30.0000,29.0000,30.0000,30.0000,29.0000,30.0000,41.0000,28.3740,30.0000,41.0000,29.0000,30.0000,30,29,30,30,29,30,41,28,30,41,29,30,30,29,30,30,29,30,41,29,30,41,29,30,42.00,39.19,30.879,0.273,2.7976,sat down ~19:22Z from 45/46C
876.93,2026-09-28T19:41:47Z,501,30.0000,29.0000,30.0000,30.0000,29.0000,30.0000,41.0000,28.3972,30.0000,41.0000,29.0000,30.0000,30,29,30,30,29,30,41,28,30,41,29,30,30,29,30,30,29,30,41,29,30,41,29,30,42.00,39.31,30.879,0.278,2.7976,sat down ~19:22Z from 45/46C
877.93,2026-09-28T19:41:48Z,497,30.0000,29.0000,30.0000,30.0000,29.0000,30.0000,41.0000,28.4930,30.0000,41.0000,29.0000,30.0000,30,29,30,30,29,30,41,28,30,41,29,30,30,29,30,30,29,30,41,29,30,41,29,30,42.00,39.20,30.878,0.280,2.7976,sat down ~19:22Z from 45/46C
878.93,2026-09-28T19:41:49Z,500,30.0000,29.0000,30.0000,30.0000,29.0000,30.0000,41.0000,28.5340,30.0000,41.0000,29.0000,30.0000,30,29,30,30,29,30,41,28,30,41,29,30,30,29,30,30,29,30,41,29,30,41,29,30,42.00,39.23,30.879,0.280,2.7976,sat down ~19:22Z from 45/46C
879.94,2026-09-28T19:41:50Z,501,30.0000,29.0000,30.0000,30.0000,29.0000,30.0000,41.0000,28.5828,30.0000,41.0000,29.0000,30.0000,30,29,30,30,29,30,41,28,30,41,29,30,30,29,30,30,29,30,41,29,30,41,29,30,42.00,39.35,30.878,0.277,2.7976,sat down ~19:22Z from 45/46C
880.94,2026-09-28T19:41:51Z,500,30.0000,29.0000,30.0000,30.0000,29.0000,30.0000,41.0000,28.6460,30.0000,41.0000,29.0000,30.0000,30,29,30,30,29,30,41,28,30,41,29,30,30,29,30,30,29,30,41,29,30,41,29,30,42.00,39.54,30.878,0.279,2.7976,sat down ~19:22Z from 45/46C
881.94,2026-09-28T19:41:52Z,501,30.0000,29.0000,30.0000,30.0000,29.0000,30.0000,41.0000,28.7425,30.0000,41.0000,29.0000,30.0000,30,29,30,30,29,30,41,28,30,41,29,30,30,29,30,30,29,30,41,29,30,41,29,30,42.00,39.60,30.878,0.277,2.7976,sat down ~19:22Z from 45/46C
882.94,2026-09-28T19:41:53Z,500,30.0000,29.0000,30.0000,30.0000,29.0000,30.0000,41.0000,28.7260,30.0000,41.0000,29.0000,30.0000,30,29,30,30,29,30,41,28,30,41,29,30,30,29,30,30,29,30,41,29,30,41,29,30,42.00,39.40,30.878,0.279,2.7976,sat down ~19:22Z from 45/46C
883.94,2026-09-28T19:41:54Z,501,30.0000,29.0000,30.0000,30.0000,29.0000,30.0000,41.0000,28.7665,30.0000,41.0000,29.0000,30.0000,30,29,30,30,29,30,41,28,30,41,29,30,30,29,30,30,29,30,41,29,30,41,29,30,42.00,39.40,30.877,0.276,2.7976,sat down ~19:22Z from 45/46C
884.94,2026-09-28T19:41:55Z,500,30.0000,29.0000,30.0000,30.0000,29.0000,30.0000,41.0000,28.7020,30.0000,41.0000,29.0000,30.0000,30,29,30,30,29,30,41,28,30,41,29,30,30,29,30,30,29,30,41,29,30,41,29,30,42.00,39.57,30.877,0.279,2.7976,sat down ~19:22Z from 45/46C
885.94,2026-09-28T19:41:56Z,501,30.0000,29.0000,30.0000,30.0000,29.0000,30.0000,41.0000,28.7844,30.0000,41.0000,29.0000,30.0000,30,29,30,30,29,30,41,28,30,41,29,30,30,29,30,30,29,30,41,29,30,41,29,30,42.00,39.71,30.877,0.280,2.7976,sat down ~19:22Z from 45/46C
886.94,2026-09-28T19:41:57Z,501,30.0000,29.0000,30.0000,30.0000,29.0000,30.0000,41.0000,28.8224,30.0000,41.0000,29.0000,30.0000,30,29,30,30,29,30,41,28,30,41,29,30,30,29,30,30,29,30,41,29,30,41,29,30,42.00,39.75,30.877,0.276,2.7976,sat down ~19:22Z from 45/46C
887.95,2026-09-28T19:41:58Z,501,30.0000,29.0000,30.0000,30.0000,29.0000,30.0000,41.0000,28.8124,30.0000,41.0000,29.0000,30.0000,30,29,30,30,29,30,41,28,30,41,29,30,30,29,30,30,29,30,41,29,30,41,29,30,42.00,39.68,30.876,0.277,2.7976,sat down ~19:22Z from 45/46C
888.95,2026-09-28T19:41:59Z,500,30.0000,29.0000,30.0000,30.0000,29.0000,30.0000,41.0000,28.9160,30.0000,41.0000,29.0000,30.0000,30,29,30,30,29,30,41,28,30,41,29,30,30,29,30,30,29,30,41,29,30,41,29,30,42.00,39.78,30.876,0.280,2.7976,sat down ~19:22Z from 45/46C
889.95,2026-09-28T19:42:00Z,500,30.0000,29.0000,30.0000,30.0000,29.0000,30.0000,40.9720,28.9300,30.0000,41.0000,29.0000,30.0000,30,29,30,30,29,30,40,28,30,41,29,30,30,29,30,30,29,30,41,29,30,41,29,30,42.00,39.62,30.876,0.275,2.7976,sat down ~19:22Z from 45/46C
890.95,2026-09-28T19:42:01Z,501,30.0000,29.0000,30.0000,30.0000,29.0000,30.0000,41.0000,28.9102,30.0000,41.0000,29.0000,30.0000,30,29,30,30,29,30,41,28,30,41,29,30,30,29,30,30,29,30,41,29,30,41,29,30,42.00,39.85,30.875,0.279,2.7976,sat down ~19:22Z from 45/46C
891.95,2026-09-28T19:42:02Z,500,30.0000,29.0000,30.0000,30.0000,29.0000,30.0000,40.9940,28.9040,30.0000,41.0000,29.0000,30.0000,30,29,30,30,29,30,40,28,30,41,29,30,30,29,30,30,29,30,41,29,30,41,29,30,42.00,39.87,30.875,0.277,2.7976,sat down ~19:22Z from 45/46C
892.95,2026-09-28T19:42:03Z,500,30.0000,29.0000,30.0000,30.0000,29.0000,30.0000,41.0000,28.9240,30.0000,41.0000,29.0000,30.0000,30,29,30,30,29,30,41,28,30,41,29,30,30,29,30,30,29,30,41,29,30,41,29,30,42.00,39.93,30.875,0.280,2.7976,sat down ~19:22Z from 45/46C
893.95,2026-09-28T19:42:04Z,501,30.0000,29.0000,30.0000,30.0000,29.0000,30.0000,40.9880,28.9421,30.0000,41.0000,29.0000,30.0000,30,29,30,30,29,30,40,28,30,41,29,30,30,29,30,30,29,30,41,29,30,41,29,30,42.00,39.93,30.875,0.279,2.7976,sat down ~19:22Z from 45/46C
894.95,2026-09-28T19:42:05Z,500,30.0000,29.0000,30.0000,30.0000,29.0000,30.0000,40.9680,28.9300,30.0000,41.0000,29.0000,30.0000,30,29,30,30,29,30,40,28,30,41,29,30,30,29,30,30,29,30,41,29,30,41,29,30,42.00,39.90,30.875,0.280,2.7976,sat down ~19:22Z from 45/46C
895.95,2026-09-28T19:42:06Z,501,30.0000,29.0000,30.0000,30.0000,29.0000,30.0000,40.9142,28.9641,30.0000,41.0000,29.0000,30.0000,30,29,30,30,29,30,40,28,30,41,29,30,30,29,30,30,29,30,41,29,30,41,29,30,42.00,39.94,30.874,0.277,2.7976,sat down ~19:22Z from 45/46C
896.95,2026-09-28T19:42:07Z,500,30.0000,29.0000,30.0000,30.0000,29.0000,30.0000,40.9240,28.9540,30.0000,41.0000,29.0000,30.0000,30,29,30,30,29,30,40,28,30,41,29,30,30,29,30,30,29,30,41,29,30,41,29,30,42.00,39.89,30.874,0.276,2.7976,sat down ~19:22Z from 45/46C
897.96,2026-09-28T19:42:08Z,501,30.0000,29.0000,30.0000,30.0000,29.0000,30.0000,40.8822,28.9800,30.0000,41.0000,29.0000,30.0000,30,29,30,30,29,30,40,28,30,41,29,30,30,29,30,30,29,30,41,29,30,41,29,30,42.00,39.91,30.874,0.273,2.7976,sat down ~19:22Z from 45/46C
898.96,2026-09-28T19:42:09Z,501,30.0000,29.0000,30.0000,30.0000,29.0000,30.0000,40.8443,28.9940,30.0000,41.0000,29.0000,30.0000,30,29,30,30,29,30,40,28,30,41,29,30,30,29,30,30,29,30,41,29,30,41,29,30,42.00,39.91,30.874,0.275,2.7976,sat down ~19:22Z from 45/46C
899.96,2026-09-28T19:42:10Z,501,30.0000,29.0000,30.0000,30.0000,29.0000,30.0000,40.7305,28.9661,30.0000,41.0000,29.0000,30.0000,30,29,30,30,29,30,40,28,30,41,29,30,30,29,30,30,29,30,41,29,30,41,29,30,42.00,39.94,30.874,0.276,2.7976,sat down ~19:22Z from 45/46C
900.96,2026-09-28T19:42:11Z,500,30.0000,29.0000,30.0000,30.0000,29.0000,30.0000,40.7820,28.9680,30.0000,41.0000,29.0000,30.0000,30,29,30,30,29,30,40,28,30,41,29,30,30,29,30,30,29,30,41,29,30,41,29,30,42.00,39.92,30.874,0.279,2.7976,sat down ~19:22Z from 45/46C
901.96,2026-09-28T19:42:12Z,501,30.0000,29.0000,30.0000,30.0000,29.0000,30.0000,40.6607,28.9780,30.0000,41.0000,29.0000,30.0000,30,29,30,30,29,30,40,28,30,41,29,30,30,29,30,30,29,30,41,29,30,41,29,30,42.00,39.96,30.873,0.278,2.7976,sat down ~19:22Z from 45/46C
902.96,2026-09-28T19:42:13Z,500,30.0000,29.0000,30.0000,30.0000,29.0000,30.0000,40.6040,28.9820,30.0000,41.0000,29.0000,30.0000,30,29,30,30,29,30,40,28,30,41,29,30,30,29,30,30,29,30,41,29,30,41,29,30,42.00,39.98,30.873,0.277,2.7976,sat down ~19:22Z from 45/46C
903.96,2026-09-28T19:42:14Z,500,30.0000,29.0000,30.0000,30.0000,29.0000,30.0000,40.5020,28.9860,30.0000,41.0000,29.0000,30.0000,30,29,30,30,29,30,40,28,30,41,29,30,30,29,30,30,29,30,41,29,30,41,29,30,42.00,39.92,30.872,0.277,2.7976,sat down ~19:22Z from 45/46C
904.96,2026-09-28T19:42:15Z,501,30.0000,29.0000,30.0000,30.0000,29.0000,30.0000,40.3593,28.9820,30.0000,41.0000,29.0000,30.0000,30,29,30,30,29,30,40,28,30,41,29,30,30,29,30,30,29,30,41,29,30,41,29,30,42.00,39.95,30.873,0.277,2.7976,sat down ~19:22Z from 45/46C
905.97,2026-09-28T19:42:16Z,501,30.0000,29.0000,30.0000,30.0000,29.0000,30.0000,40.2295,29.0000,30.0000,41.0000,29.0000,30.0000,30,29,30,30,29,30,40,29,30,41,29,30,30,29,30,30,29,30,41,29,30,41,29,30,42.00,39.98,30.872,0.276,2.7976,sat down ~19:22Z from 45/46C
906.97,2026-09-28T19:42:17Z,501,30.0000,29.0000,30.0000,30.0000,29.0000,30.0000,40.2555,28.9920,30.0000,41.0000,29.0000,30.0000,30,29,30,30,29,30,40,28,30,41,29,30,30,29,30,30,29,30,41,29,30,41,29,30,42.00,39.99,30.872,0.277,2.7976,sat down ~19:22Z from 45/46C
907.97,2026-09-28T19:42:18Z,499,30.0000,29.0000,30.0000,30.0000,29.0000,30.0000,40.2104,28.9920,30.0000,41.0000,29.0000,30.0000,30,29,30,30,29,30,40,28,30,41,29,30,30,29,30,30,29,30,41,29,30,41,29,30,42.00,39.98,30.872,0.277,2.7976,sat down ~19:22Z from 45/46C
908.97,2026-09-28T19:42:19Z,500,30.0000,29.0000,30.0000,30.0000,29.0000,30.0000,40.1320,29.0000,30.0000,41.0000,29.0000,30.0000,30,29,30,30,29,30,40,29,30,41,29,30,30,29,30,30,29,30,41,29,30,41,29,30,42.00,39.98,30.872,0.278,2.7976,sat down ~19:22Z from 45/46C
909.97,2026-09-28T19:42:20Z,501,30.0000,29.0000,30.0000,30.0000,29.0000,30.0000,40.1317,29.0000,30.0000,41.0000,29.0000,30.0000,30,29,30,30,29,30,40,29,30,41,29,30,30,29,30,30,29,30,41,29,30,41,29,30,42.00,39.98,30.872,0.278,2.7976,sat down ~19:22Z from 45/46C
910.97,2026-09-28T19:42:21Z,500,30.0000,29.0000,30.0000,30.0000,29.0000,30.0000,40.0420,29.0000,30.0000,41.0000,29.0000,30.0000,30,29,30,30,29,30,40,29,30,41,29,30,30,29,30,30,29,30,41,29,30,41,29,30,42.00,39.98,30.872,0.276,2.7976,sat down ~19:22Z from 45/46C
911.97,2026-09-28T19:42:22Z,501,30.0000,29.0000,30.0000,30.0000,29.0000,30.0000,40.0299,28.9940,30.0000,41.0000,29.0000,30.0000,30,29,30,30,29,30,40,28,30,41,29,30,30,29,30,30,29,30,41,29,30,41,29,30,42.00,39.99,30.871,0.276,2.7976,sat down ~19:22Z from 45/46C
912.97,2026-09-28T19:42:23Z,501,30.0000,29.0000,30.0000,30.0000,29.0000,30.0000,40.0060,28.9920,30.0000,41.0000,29.0000,30.0000,30,29,30,30,29,30,40,28,30,41,29,30,30,29,30,30,29,30,41,29,30,41,29,30,42.00,39.99,30.871,0.275,2.7976,sat down ~19:22Z from 45/46C
913.97,2026-09-28T19:42:24Z,500,30.0000,29.0000,30.0000,30.0000,29.0000,30.0000,40.0000,29.0000,30.0000,41.0000,29.0000,30.0000,30,29,30,30,29,30,40,29,30,41,29,30,30,29,30,30,29,30,40,29,30,41,29,30,42.00,39.98,30.871,0.274,2.7976,sat down ~19:22Z from 45/46C
914.98,2026-09-28T19:42:25Z,501,30.0000,29.0000,30.0000,30.0000,29.0000,30.0000,40.0000,29.0000,30.0000,41.0000,29.0000,30.0000,30,29,30,30,29,30,40,29,30,41,29,30,30,29,30,30,29,30,40,29,30,41,29,30,42.00,39.99,30.871,0.274,2.7976,sat down ~19:22Z from 45/46C
915.98,2026-09-28T19:42:26Z,500,30.0000,29.0000,30.0000,30.0000,29.0000,30.0000,40.0000,29.0000,30.0000,41.0000,29.0000,30.0000,30,29,30,30,29,30,40,29,30,41,29,30,30,29,30,30,29,30,40,29,30,41,29,30,42.00,39.99,30.871,0.277,2.7976,sat down ~19:22Z from 45/46C
916.98,2026-09-28T19:42:27Z,501,30.0000,29.0000,30.0000,30.0000,29.0000,30.0000,40.0000,29.0000,30.0000,41.0000,29.0000,30.0000,30,29,30,30,29,30,40,29,30,41,29,30,30,29,30,30,29,30,40,29,30,41,29,30,42.00,39.99,30.870,0.276,2.7976,sat down ~19:22Z from 45/46C
917.98,2026-09-28T19:42:28Z,501,30.0000,29.0000,30.0000,30.0000,29.0000,30.0000,40.0000,28.9920,30.0000,41.0000,29.0000,30.0000,30,29,30,30,29,30,40,28,30,41,29,30,30,29,30,30,29,30,40,29,30,41,29,30,42.00,39.99,30.871,0.278,2.7976,sat down ~19:22Z from 45/46C
918.98,2026-09-28T19:42:29Z,500,30.0000,29.0000,30.0000,30.0000,29.0000,30.0000,40.0000,29.0000,30.0000,41.0000,29.0000,30.0000,30,29,30,30,29,30,40,29,30,41,29,30,30,29,30,30,29,30,40,29,30,41,29,30,42.00,39.99,30.870,0.274,2.7976,sat down ~19:22Z from 45/46C
919.98,2026-09-28T19:42:30Z,500,30.0000,29.0000,30.0000,30.0000,29.0000,30.0000,40.0000,29.0000,30.0000,41.0000,29.0000,30.0000,30,29,30,30,29,30,40,29,30,41,29,30,30,29,30,30,29,30,40,29,30,41,29,30,42.00,39.99,30.869,0.279,2.7976,sat down ~19:22Z from 45/46C
920.98,2026-09-28T19:42:31Z,501,30.0000,29.0000,30.0000,30.0000,29.0000,30.0000,40.0000,29.0000,30.0000,41.0000,29.0000,30.0000,30,29,30,30,29,30,40,29,30,41,29,30,30,29,30,30,29,30,40,29,30,41,29,30,42.00,39.99,30.869,0.280,2.7976,sat down ~19:22Z from 45/46C
921.98,2026-09-28T19:42:32Z,499,30.0000,29.0000,30.0000,30.0000,29.0000,30.0000,40.0000,29.0000,30.0000,41.0000,29.0000,30.0000,30,29,30,30,29,30,40,29,30,41,29,30,30,29,30,30,29,30,40,29,30,41,29,30,42.00,39.99,30.869,0.280,2.7976,sat down ~19:22Z from 45/46C
922.99,2026-09-28T19:42:33Z,500,30.0000,29.0000,30.0000,30.0000,29.0000,30.0000,40.0000,29.0000,30.0000,41.0000,29.0000,30.0000,30,29,30,30,29,30,40,29,30,41,29,30,30,29,30,30,29,30,40,29,30,41,29,30,42.00,39.99,30.869,0.276,2.7976,sat down ~19:22Z from 45/46C
923.99,2026-09-28T19:42:34Z,500,30.0000,29.0000,30.0000,30.0000,29.0000,30.0000,40.0000,29.0000,30.0000,41.0000,29.0000,30.0000,30,29,30,30,29,30,40,29,30,41,29,30,30,29,30,30,29,30,40,29,30,41,29,30,42.00,39.99,30.869,0.274,2.7976,sat down ~19:22Z from 45/46C
924.99,2026-09-28T19:42:35Z,500,30.0000,29.0000,30.0000,30.0000,29.0000,30.0000,40.0000,29.0000,30.0000,41.0000,29.0000,30.0000,30,29,30,30,29,30,40,29,30,41,29,30,30,29,30,30,29,30,40,29,30,41,29,30,42.00,39.99,30.868,0.280,2.7976,sat down ~19:22Z from 45/46C
925.99,2026-09-28T19:42:36Z,501,30.0000,29.0000,30.0000,30.0000,29.0000,30.0000,40.0000,28.9940,30.0000,41.0000,29.0000,30.0000,30,29,30,30,29,30,40,28,30,41,29,30,30,29,30,30,29,30,40,29,30,41,29,30,42.00,39.99,30.868,0.280,2.7976,sat down ~19:22Z from 45/46C
926.99,2026-09-28T19:42:37Z,500,30.0000,29.0000,30.0000,30.0000,29.0000,30.0000,40.0000,29.0000,30.0000,41.0000,29.0000,30.0000,30,29,30,30,29,30,40,29,30,41,29,30,30,29,30,30,29,30,40,29,30,41,29,30,42.00,39.99,30.868,0.278,2.7976,sat down ~19:22Z from 45/46C
927.99,2026-09-28T19:42:38Z,501,30.0000,29.0000,30.0000,30.0000,29.0000,30.0000,40.0000,29.0000,30.0000,41.0000,29.0000,30.0000,30,29,30,30,29,30,40,29,30,41,29,30,30,29,30,30,29,30,40,29,30,41,29,30,42.00,39.99,30.868,0.276,2.7976,sat down ~19:22Z from 45/46C
928.99,2026-09-28T19:42:39Z,501,30.0000,29.0000,30.0000,30.0000,29.0000,30.0000,40.0000,29.0000,30.0000,41.0000,29.0000,30.0000,30,29,30,30,29,30,40,29,30,41,29,30,30,29,30,30,29,30,40,29,30,41,29,30,42.00,39.99,30.867,0.274,2.7976,sat down ~19:22Z from 45/46C
929.99,2026-09-28T19:42:41Z,501,30.0000,29.0000,30.0000,30.0000,29.0000,30.0000,40.0000,29.0000,30.0000,41.0000,29.0000,30.0000,30,29,30,30,29,30,40,29,30,41,29,30,30,29,30,30,29,30,40,29,30,41,29,30,42.00,39.99,30.867,0.278,2.7976,sat down ~19:22Z from 45/46C
930.99,2026-09-28T19:42:42Z,500,30.0000,29.0000,30.0000,30.0000,29.0000,30.0000,40.0000,29.0000,30.0000,41.0000,29.0000,30.0000,30,29,30,30,29,30,40,29,30,41,29,30,30,29,30,30,29,30,40,29,30,41,29,30,42.00,39.99,30.867,0.278,2.7976,sat down ~19:22Z from 45/46C
932.00,2026-09-28T19:42:43Z,501,30.0000,29.0000,30.0000,30.0000,29.0000,30.0000,40.0000,29.0000,30.0000,41.0000,29.0000,30.0000,30,29,30,30,29,30,40,29,30,41,29,30,30,29,30,30,29,30,40,29,30,41,29,30,42.00,39.98,30.866,0.275,2.7976,sat down ~19:22Z from 45/46C
933.00,2026-09-28T19:42:44Z,501,30.0000,29.0000,30.0000,30.0000,29.0000,30.0000,40.0000,29.0000,30.0000,41.0000,29.0000,30.0000,30,29,30,30,29,30,40,29,30,41,29,30,30,29,30,30,29,30,40,29,30,41,29,30,42.00,39.99,30.866,0.277,2.7976,sat down ~19:22Z from 45/46C
934.00,2026-09-28T19:42:45Z,500,30.0000,29.0000,30.0000,30.0000,29.0000,30.0000,40.0000,29.0000,30.0000,41.0000,29.0000,30.0000,30,29,30,30,29,30,40,29,30,41,29,30,30,29,30,30,29,30,40,29,30,41,29,30,42.00,39.99,30.866,0.276,2.7976,sat down ~19:22Z from 45/46C
935.00,2026-09-28T19:42:46Z,501,30.0000,29.0000,30.0000,30.0000,29.0000,30.0000,40.0000,29.0000,30.0000,41.0000,29.0000,30.0000,30,29,30,30,29,30,40,29,30,41,29,30,30,29,30,30,29,30,40,29,30,41,29,30,42.00,39.99,30.865,0.276,2.7976,sat down ~19:22Z from 45/46C
936.00,2026-09-28T19:42:47Z,500,30.0000,29.0000,30.0000,30.0000,29.0000,30.0000,40.0000,29.0000,30.0000,41.0000,29.0000,30.0000,30,29,30,30,29,30,40,29,30,41,29,30,30,29,30,30,29,30,40,29,30,41,29,30,42.00,39.98,30.865,0.278,2.7976,sat down ~19:22Z from 45/46C
937.00,2026-09-28T19:42:48Z,501,30.0000,29.0000,30.0000,30.0000,29.0000,30.0000,40.0000,29.0000,30.0000,41.0000,29.0000,30.0000,30,29,30,30,29,30,40,29,30,41,29,30,30,29,30,30,29,30,40,29,30,41,29,30,42.00,39.99,30.865,0.278,2.7976,sat down ~19:22Z from 45/46C
938.00,2026-09-28T19:42:49Z,501,30.0000,29.0000,30.0000,30.0000,29.0000,30.0000,40.0000,29.0000,30.0000,41.0000,29.0000,30.0000,30,29,30,30,29,30,40,29,30,41,29,30,30,29,30,30,29,30,40,29,30,41,29,30,42.00,39.99,30.865,0.275,2.7976,sat down ~19:22Z from 45/46C
939.00,2026-09-28T19:42:50Z,500,30.0000,29.0000,30.0000,30.0000,29.0000,30.0000,40.0000,29.0000,30.0000,41.0000,29.0000,30.0000,30,29,30,30,29,30,40,29,30,41,29,30,30,29,30,30,29,30,40,29,30,41,29,30,42.00,39.99,30.865,0.274,2.7976,sat down ~19:22Z from 45/46C
940.01,2026-09-28T19:42:51Z,501,30.0000,29.0000,30.0000,30.0000,29.0000,30.0000,40.0000,29.0000,30.0000,41.0000,29.0000,30.0000,30,29,30,30,29,30,40,29,30,41,29,30,30,29,30,30,29,30,40,29,30,41,29,30,42.00,39.99,30.865,0.276,2.7976,sat down ~19:22Z from 45/46C
941.01,2026-09-28T19:42:52Z,501,30.0000,29.0000,30.0000,30.0000,29.0000,30.0000,40.0000,29.0000,30.0000,41.0000,29.0000,30.0000,30,29,30,30,29,30,40,29,30,41,29,30,30,29,30,30,29,30,40,29,30,41,29,30,42.00,39.99,30.865,0.276,2.7976,sat down ~19:22Z from 45/46C
942.01,2026-09-28T19:42:53Z,500,30.0000,29.0000,30.0000,30.0000,29.0000,30.0000,40.0000,29.0000,30.0000,41.0000,29.0000,30.0000,30,29,30,30,29,30,40,29,30,41,29,30,30,29,30,30,29,30,40,29,30,41,29,30,42.00,39.99,30.864,0.276,2.7976,sat down ~19:22Z from 45/46C
943.01,2026-09-28T19:42:54Z,501,30.0000,29.0000,30.0000,30.0000,29.0000,30.0000,40.0000,29.0000,30.0000,41.0000,29.0000,30.0000,30,29,30,30,29,30,40,29,30,41,29,30,30,29,30,30,29,30,40,29,30,41,29,30,42.00,39.99,30.864,0.279,2.7976,sat down ~19:22Z from 45/46C
944.01,2026-09-28T19:42:55Z,500,30.0000,29.0000,30.0000,30.0000,29.0000,30.0000,40.0000,29.0000,30.0000,41.0000,29.0000,30.0000,30,29,30,30,29,30,40,29,30,41,29,30,30,29,30,30,29,30,40,29,30,41,29,30,42.00,39.99,30.864,0.276,2.7976,sat down ~19:22Z from 45/46C
945.01,2026-09-28T19:42:56Z,500,30.0000,29.0000,30.0000,30.0000,29.0000,30.0000,40.0000,29.0000,30.0000,41.0000,29.0000,30.0000,30,29,30,30,29,30,40,29,30,41,29,30,30,29,30,30,29,30,40,29,30,41,29,30,42.00,39.99,30.863,0.273,2.7976,sat down ~19:22Z from 45/46C
946.01,2026-09-28T19:42:57Z,501,30.0000,29.0000,30.0000,30.0000,29.0000,30.0000,40.0000,29.0000,30.0000,41.0000,29.0000,30.0000,30,29,30,30,29,30,40,29,30,41,29,30,30,29,30,30,29,30,40,29,30,41,29,30,42.00,39.99,30.863,0.276,2.7976,sat down ~19:22Z from 45/46C
947.01,2026-09-28T19:42:58Z,500,30.0000,29.0000,30.0000,30.0000,29.0000,30.0000,40.0000,29.0000,30.0000,41.0000,29.0000,30.0000,30,29,30,30,29,30,40,29,30,41,29,30,30,29,30,30,29,30,40,29,30,41,29,30,42.00,39.99,30.863,0.275,2.7976,sat down ~19:22Z from 45/46C
948.01,2026-09-28T19:42:59Z,500,30.0000,29.0080,30.0000,30.0000,29.0000,30.0000,40.0000,29.0000,30.0000,41.0000,29.0000,30.0000,30,29,30,30,29,30,40,29,30,41,29,30,30,30,30,30,29,30,40,29,30,41,29,30,42.00,39.99,30.863,0.277,2.7976,sat down ~19:22Z from 45/46C
949.01,2026-09-28T19:43:00Z,501,30.0000,29.0000,30.0000,30.0000,29.0000,30.0000,40.0000,29.0000,30.0000,41.0000,29.0000,30.0000,30,29,30,30,29,30,40,29,30,41,29,30,30,29,30,30,29,30,40,29,30,41,29,30,42.00,39.99,30.862,0.277,2.7976,sat down ~19:22Z from 45/46C
950.01,2026-09-28T19:43:01Z,500,30.0000,29.0000,30.0000,30.0000,29.0000,30.0000,40.0000,29.0000,30.0000,41.0000,29.0000,30.0000,30,29,30,30,29,30,40,29,30,41,29,30,30,29,30,30,29,30,40,29,30,41,29,30,42.00,39.99,30.862,0.277,2.7976,sat down ~19:22Z from 45/46C
951.01,2026-09-28T19:43:02Z,499,30.0000,29.0000,30.0000,30.0000,29.0000,30.0000,40.0000,29.0000,30.0000,41.0000,29.0000,30.0000,30,29,30,30,29,30,40,29,30,41,29,30,30,29,30,30,29,30,40,29,30,41,29,30,42.00,39.99,30.862,0.279,2.7976,sat down ~19:22Z from 45/46C
952.02,2026-09-28T19:43:03Z,501,30.0000,29.0000,30.0000,30.0000,29.0000,30.0000,40.0000,29.0000,30.0000,41.0000,29.0000,30.0000,30,29,30,30,29,30,40,29,30,41,29,30,30,29,30,30,29,30,40,29,30,41,29,30,42.00,39.99,30.861,0.278,2.7976,sat down ~19:22Z from 45/46C
953.02,2026-09-28T19:43:04Z,501,30.0000,29.0000,30.0000,30.0000,29.0000,30.0000,40.0000,29.0000,30.0000,41.0000,29.0000,30.0000,30,29,30,30,29,30,40,29,30,41,29,30,30,29,30,30,29,30,40,29,30,41,29,30,42.00,39.99,30.861,0.278,2.7976,sat down ~19:22Z from 45/46C
954.02,2026-09-28T19:43:05Z,500,30.0000,29.0000,30.0000,30.0000,29.0000,30.0000,40.0000,29.0000,30.0000,41.0000,29.0000,30.0000,30,29,30,30,29,30,40,29,30,41,29,30,30,29,30,30,29,30,40,29,30,41,29,30,42.00,39.99,30.861,0.277,2.7976,sat down ~19:22Z from 45/46C
955.02,2026-09-28T19:43:06Z,500,30.0000,29.0000,30.0000,30.0000,29.0000,30.0000,40.0000,29.0000,30.0000,41.0000,29.0000,30.0000,30,29,30,30,29,30,40,29,30,41,29,30,30,29,30,30,29,30,40,29,30,41,29,30,42.00,39.99,30.861,0.280,2.7976,sat down ~19:22Z from 45/46C
956.02,2026-09-28T19:43:07Z,501,30.0000,29.0000,30.0000,30.0000,29.0000,30.0000,40.0000,29.0000,30.0000,41.0000,29.0000,30.0000,30,29,30,30,29,30,40,29,30,41,29,30,30,29,30,30,29,30,40,29,30,41,29,30,42.00,39.99,30.861,0.282,2.7976,sat down ~19:22Z from 45/46C
957.02,2026-09-28T19:43:08Z,501,30.0000,29.0000,30.0000,30.0000,29.0000,30.0000,40.0000,29.0000,30.0000,41.0000,29.0000,30.0000,30,29,30,30,29,30,40,29,30,41,29,30,30,29,30,30,29,30,40,29,30,41,29,30,42.00,39.99,30.860,0.281,2.7976,sat down ~19:22Z from 45/46C
958.03,2026-09-28T19:43:09Z,501,30.0000,29.0000,30.0000,30.0000,29.0000,30.0000,40.0000,29.0000,30.0000,41.0000,29.0000,30.0000,30,29,30,30,29,30,40,29,30,41,29,30,30,29,30,30,29,30,40,29,30,41,29,30,42.00,39.99,30.860,0.281,2.7976,sat down ~19:22Z from 45/46C
959.03,2026-09-28T19:43:10Z,501,30.0000,29.0000,30.0000,30.0000,29.0000,30.0000,40.0000,29.0000,30.0000,41.0000,29.0000,30.0000,30,29,30,30,29,30,40,29,30,41,29,30,30,29,30,30,29,30,40,29,30,41,29,30,42.00,39.99,30.860,0.285,2.7976,sat down ~19:22Z from 45/46C
960.03,2026-09-28T19:43:11Z,500,30.0000,29.0000,30.0000,30.0000,29.0000,30.0000,40.0000,29.0000,30.0000,41.0000,29.0000,30.0000,30,29,30,30,29,30,40,29,30,41,29,30,30,29,30,30,29,30,40,29,30,41,29,30,42.00,39.99,30.860,0.280,2.7976,sat down ~19:22Z from 45/46C
961.03,2026-09-28T19:43:12Z,500,30.0000,29.0000,30.0000,30.0000,29.0000,30.0000,40.0000,29.0000,30.0000,41.0000,29.0000,30.0000,30,29,30,30,29,30,40,29,30,41,29,30,30,29,30,30,29,30,40,29,30,41,29,30,42.00,39.99,30.860,0.279,2.7976,sat down ~19:22Z from 45/46C
962.03,2026-09-28T19:43:13Z,501,30.0000,29.0000,30.0000,30.0000,29.0000,30.0000,40.0000,29.0000,30.0000,41.0000,29.0000,30.0000,30,29,30,30,29,30,40,29,30,41,29,30,30,29,30,30,29,30,40,29,30,41,29,30,42.00,39.99,30.859,0.280,2.7976,sat down ~19:22Z from 45/46C
963.03,2026-09-28T19:43:14Z,500,30.0000,29.0000,30.0000,30.0000,29.0000,30.0000,40.0000,29.0000,30.0000,41.0000,29.0000,30.0000,30,29,30,30,29,30,40,29,30,41,29,30,30,29,30,30,29,30,40,29,30,41,29,30,42.00,39.99,30.859,0.280,2.7976,sat down ~19:22Z from 45/46C
964.03,2026-09-28T19:43:15Z,501,30.0000,29.0000,30.0000,30.0000,29.0000,30.0000,40.0000,29.0000,30.0000,41.0000,29.0000,30.0000,30,29,30,30,29,30,40,29,30,41,29,30,30,29,30,30,29,30,40,29,30,41,29,30,42.00,39.99,30.859,0.279,2.7976,sat down ~19:22Z from 45/46C
965.03,2026-09-28T19:43:16Z,501,30.0000,29.0000,30.0000,30.0000,29.0000,30.0000,40.0000,29.0000,30.0000,41.0000,29.0000,30.0000,30,29,30,30,29,30,40,29,30,41,29,30,30,29,30,30,29,30,40,29,30,41,29,30,42.00,39.99,30.858,0.279,2.7976,sat down ~19:22Z from 45/46C
966.03,2026-09-28T19:43:17Z,500,30.0000,29.0000,30.0000,30.0000,29.0000,30.0000,40.0000,29.0000,30.0000,41.0000,29.0000,30.0000,30,29,30,30,29,30,40,29,30,41,29,30,30,29,30,30,29,30,40,29,30,41,29,30,42.00,39.99,30.858,0.282,2.7976,sat down ~19:22Z from 45/46C
967.03,2026-09-28T19:43:18Z,500,30.0000,29.0000,30.0000,30.0000,29.0000,30.0000,40.0000,29.0000,30.0000,41.0000,29.0000,30.0000,30,29,30,30,29,30,40,29,30,41,29,30,30,29,30,30,29,30,40,29,30,41,29,30,42.00,39.99,30.858,0.281,2.7976,sat down ~19:22Z from 45/46C
968.03,2026-09-28T19:43:19Z,501,30.0000,29.0000,30.0000,30.0000,29.0000,30.0000,40.0000,29.0000,30.0000,41.0000,29.0000,30.0000,30,29,30,30,29,30,40,29,30,41,29,30,30,29,30,30,29,30,40,29,30,41,29,30,42.00,39.99,30.858,0.277,2.7976,sat down ~19:22Z from 45/46C
969.04,2026-09-28T19:43:20Z,500,30.0000,29.0000,30.0000,30.0000,29.0000,30.0000,40.0000,29.0000,30.0000,41.0000,29.0000,30.0000,30,29,30,30,29,30,40,29,30,41,29,30,30,29,30,30,29,30,40,29,30,41,29,30,42.00,39.99,30.857,0.280,2.7976,sat down ~19:22Z from 45/46C
970.04,2026-09-28T19:43:21Z,501,30.0000,29.0000,30.0000,30.0000,29.0000,30.0000,40.0000,29.0000,30.0000,41.0000,29.0000,30.0000,30,29,30,30,29,30,40,29,30,41,29,30,30,29,30,30,29,30,40,29,30,41,29,30,42.00,39.99,30.857,0.284,2.7976,sat down ~19:22Z from 45/46C
971.04,2026-09-28T19:43:22Z,501,30.0000,29.0000,30.0000,30.0000,29.0000,30.0000,40.0000,29.0000,30.0000,41.0000,29.0000,30.0000,30,29,30,30,29,30,40,29,30,41,29,30,30,29,30,30,29,30,40,29,30,41,29,30,42.01,39.99,30.857,0.285,2.7976,sat down ~19:22Z from 45/46C
972.04,2026-09-28T19:43:23Z,501,30.0000,29.0000,30.0000,30.0000,29.0000,30.0000,40.0000,29.0000,30.0000,41.0000,29.0000,30.0000,30,29,30,30,29,30,40,29,30,41,29,30,30,29,30,30,29,30,40,29,30,41,29,30,42.01,39.99,30.857,0.282,2.7976,sat down ~19:22Z from 45/46C
973.04,2026-09-28T19:43:24Z,500,30.0000,29.0000,30.0000,30.0000,29.0000,30.0000,40.0000,29.0000,30.0000,41.0000,29.0000,30.0000,30,29,30,30,29,30,40,29,30,41,29,30,30,29,30,30,29,30,40,29,30,41,29,30,42.01,39.99,30.856,0.281,2.7976,sat down ~19:22Z from 45/46C
974.04,2026-09-28T19:43:25Z,500,30.0000,29.0000,30.0000,30.0000,29.0000,30.0000,40.0000,29.0000,30.0000,41.0000,29.0000,30.0000,30,29,30,30,29,30,40,29,30,41,29,30,30,29,30,30,29,30,40,29,30,41,29,30,42.00,39.99,30.856,0.282,2.7976,sat down ~19:22Z from 45/46C
975.04,2026-09-28T19:43:26Z,501,30.0000,29.0000,30.0000,30.0000,29.0000,30.0000,40.0000,29.0000,30.0000,41.0000,29.0000,30.0000,30,29,30,30,29,30,40,29,30,41,29,30,30,29,30,30,29,30,40,29,30,41,29,30,42.00,39.99,30.855,0.280,2.7976,sat down ~19:22Z from 45/46C
976.04,2026-09-28T19:43:27Z,500,30.0060,29.0000,30.0000,30.0000,29.0000,30.0000,40.0000,29.0000,30.0000,41.0000,29.0000,30.0000,30,29,30,30,29,30,40,29,30,41,29,30,31,29,30,30,29,30,40,29,30,41,29,30,42.00,39.99,30.855,0.279,2.7976,sat down ~19:22Z from 45/46C
977.04,2026-09-28T19:43:28Z,501,30.0080,29.0000,30.0000,30.0000,29.0000,30.0000,40.0000,29.0000,30.0000,41.0000,29.0000,30.0000,30,29,30,30,29,30,40,29,30,41,29,30,31,29,30,30,29,30,40,29,30,41,29,30,42.02,39.99,30.855,0.283,2.7976,sat down ~19:22Z from 45/46C
978.05,2026-09-28T19:43:29Z,500,30.0000,29.0000,30.0000,30.0000,29.0000,30.0000,40.0000,29.0000,30.0000,41.0000,29.0000,30.0000,30,29,30,30,29,30,40,29,30,41,29,30,30,29,30,30,29,30,40,29,30,41,29,30,42.02,39.99,30.855,0.283,2.7976,sat down ~19:22Z from 45/46C
979.05,2026-09-28T19:43:30Z,501,30.0200,29.0000,30.0000,30.0000,29.0000,30.0000,40.0000,29.0000,30.0000,41.0000,29.0000,30.0000,30,29,30,30,29,30,40,29,30,41,29,30,31,29,30,30,29,30,40,29,30,41,29,30,42.03,39.99,30.855,0.282,2.7976,sat down ~19:22Z from 45/46C
980.05,2026-09-28T19:43:31Z,500,30.0420,29.0000,30.0000,30.0000,29.0000,30.0000,40.0000,29.0000,30.0000,41.0000,29.0000,30.0000,30,29,30,30,29,30,40,29,30,41,29,30,31,29,30,30,29,30,40,29,30,41,29,30,42.05,39.99,30.854,0.280,2.7976,sat down ~19:22Z from 45/46C
981.05,2026-09-28T19:43:32Z,501,30.0419,29.0000,30.0000,30.0000,29.0000,30.0000,40.0000,29.0000,30.0000,41.0000,29.0000,30.0000,30,29,30,30,29,30,40,29,30,41,29,30,31,29,30,30,29,30,40,29,30,41,29,30,42.05,39.99,30.854,0.281,2.7976,sat down ~19:22Z from 45/46C
982.05,2026-09-28T19:43:33Z,501,30.0858,29.0000,30.0000,30.0000,29.0000,30.0000,40.0000,29.0000,30.0000,41.0000,29.0000,30.0000,30,29,30,30,29,30,40,29,30,41,29,30,31,29,30,30,29,30,40,29,30,41,29,30,42.05,39.99,30.854,0.280,2.7976,sat down ~19:22Z from 45/46C
983.05,2026-09-28T19:43:34Z,501,30.1158,29.0000,30.0000,30.0000,29.0000,30.0000,40.0000,29.0000,30.0000,41.0000,29.0000,30.0000,30,29,30,30,29,30,40,29,30,41,29,30,31,29,30,30,29,30,40,29,30,41,29,30,42.07,39.99,30.854,0.278,2.7976,sat down ~19:22Z from 45/46C
984.05,2026-09-28T19:43:35Z,500,30.1100,29.0060,30.0000,30.0000,29.0000,30.0000,40.0000,29.0000,30.0000,41.0000,29.0000,30.0000,30,29,30,30,29,30,40,29,30,41,29,30,31,30,30,30,29,30,40,29,30,41,29,30,42.10,39.99,30.854,0.281,2.7976,sat down ~19:22Z from 45/46C
985.05,2026-09-28T19:43:36Z,501,30.2315,29.0000,30.0000,30.0000,29.0000,30.0000,40.0000,29.0000,30.0000,41.0000,29.0000,30.0000,30,29,30,30,29,30,40,29,30,41,29,30,31,29,30,30,29,30,40,29,30,41,29,30,42.09,39.99,30.853,0.283,2.7976,sat down ~19:22Z from 45/46C
986.06,2026-09-28T19:43:37Z,500,30.2220,29.0000,30.0000,30.0000,29.0000,30.0000,40.0000,29.0000,30.0000,41.0000,29.0000,30.0000,30,29,30,30,29,30,40,29,30,41,29,30,31,29,30,30,29,30,40,29,30,41,29,30,42.07,39.99,30.853,0.281,2.7976,sat down ~19:22Z from 45/46C
987.06,2026-09-28T19:43:38Z,501,30.2275,29.0000,30.0000,30.0000,29.0000,30.0000,40.0000,29.0000,30.0000,41.0000,29.0000,30.0000,30,29,30,30,29,30,40,29,30,41,29,30,31,29,30,30,29,30,40,29,30,41,29,30,42.09,39.99,30.853,0.278,2.7976,sat down ~19:22Z from 45/46C
988.06,2026-09-28T19:43:39Z,501,30.2595,29.0000,30.0000,30.0000,29.0000,30.0000,40.0000,29.0000,30.0000,41.0000,29.0000,30.0000,30,29,30,30,29,30,40,29,30,41,29,30,31,29,30,30,29,30,40,29,30,41,29,30,42.10,39.99,30.853,0.282,2.7976,sat down ~19:22Z from 45/46C
989.06,2026-09-28T19:43:40Z,501,30.3373,29.0000,30.0000,30.0000,29.0000,30.0000,40.0000,29.0000,30.0000,41.0000,29.0000,30.0000,30,29,30,30,29,30,40,29,30,41,29,30,31,29,30,30,29,30,40,29,30,41,29,30,42.10,39.99,30.852,0.278,2.7976,sat down ~19:22Z from 45/46C
990.06,2026-09-28T19:43:41Z,500,30.2760,29.0180,30.0000,30.0000,29.0000,30.0000,40.0000,29.0000,30.0000,41.0000,29.0000,30.0000,30,29,30,30,29,30,40,29,30,41,29,30,31,30,30,30,29,30,40,29,30,41,29,30,42.13,39.99,30.852,0.276,2.7976,sat down ~19:22Z from 45/46C
991.06,2026-09-28T19:43:42Z,500,30.4160,29.0280,30.0000,30.0000,29.0000,30.0000,40.0000,29.0000,30.0000,41.0000,29.0000,30.0000,30,29,30,30,29,30,40,29,30,41,29,30,31,30,30,30,29,30,40,29,30,41,29,30,42.14,39.99,30.852,0.276,2.7976,sat down ~19:22Z from 45/46C
992.06,2026-09-28T19:43:43Z,501,30.4311,29.0279,30.0000,30.0000,29.0000,30.0000,40.0000,29.0000,30.0000,41.0000,29.0000,30.0000,30,29,30,30,29,30,40,29,30,41,29,30,31,30,30,30,29,30,40,29,30,41,29,30,42.14,40.00,30.852,0.277,2.7976,sat down ~19:22Z from 45/46C
993.06,2026-09-28T19:43:44Z,501,30.4850,29.0679,30.0000,30.0000,29.0000,30.0000,40.0000,29.0000,30.0000,41.0000,29.0000,30.0000,30,29,30,30,29,30,40,29,30,41,29,30,31,30,30,30,29,30,40,29,30,41,29,30,42.13,39.99,30.851,0.275,2.7976,sat down ~19:22Z from 45/46C
994.06,2026-09-28T19:43:45Z,500,30.5120,29.0440,30.0000,30.0000,29.0000,30.0000,40.0000,29.0000,30.0000,41.0000,29.0000,30.0000,30,29,30,30,29,30,40,29,30,41,29,30,31,30,30,30,29,30,40,29,30,41,29,30,42.15,40.00,30.852,0.275,2.7976,sat down ~19:22Z from 45/46C
995.06,2026-09-28T19:43:46Z,499,30.5772,29.0822,30.0000,30.0000,29.0000,30.0000,40.0000,29.0000,30.0000,41.0000,29.0000,30.0000,30,29,30,30,29,30,40,29,30,41,29,30,31,30,30,30,29,30,40,29,30,41,29,30,42.14,39.99,30.851,0.274,2.7976,sat down ~19:22Z from 45/46C
996.06,2026-09-28T19:43:47Z,500,30.4740,29.0340,30.0000,30.0000,29.0000,30.0000,40.0000,29.0000,30.0000,41.0000,29.0000,30.0000,30,29,30,30,29,30,40,29,30,41,29,30,31,30,30,30,29,30,40,29,30,41,29,30,42.17,40.00,30.851,0.275,2.7976,sat down ~19:22Z from 45/46C
997.07,2026-09-28T19:43:48Z,501,30.4930,29.1218,30.0000,30.0000,29.0000,30.0000,40.0000,29.0000,30.0000,41.0000,29.0000,30.0000,30,29,30,30,29,30,40,29,30,41,29,30,31,30,30,30,29,30,40,29,30,41,29,30,42.18,39.99,30.851,0.274,2.7976,sat down ~19:22Z from 45/46C
998.07,2026-09-28T19:43:49Z,501,30.6527,29.1337,30.0000,30.0000,29.0000,30.0000,40.0000,29.0000,30.0000,41.0000,29.0000,30.0000,30,29,30,30,29,30,40,29,30,41,29,30,31,30,30,30,29,30,40,29,30,41,29,30,42.15,39.99,30.850,0.277,2.7976,sat down ~19:22Z from 45/46C
999.07,2026-09-28T19:43:50Z,501,30.6407,29.1337,30.0000,30.0000,29.0000,30.0000,40.0000,29.0000,30.0000,41.0000,29.0000,30.0000,30,29,30,30,29,30,40,29,30,41,29,30,31,30,30,30,29,30,40,29,30,41,29,30,42.18,39.99,30.850,0.273,2.7976,sat down ~19:22Z from 45/46C
1000.07,2026-09-28T19:43:51Z,501,30.6747,29.1936,30.0000,30.0000,29.0000,30.0000,40.0000,29.0000,30.0000,41.0000,29.0000,30.0000,30,29,30,30,29,30,40,29,30,41,29,30,31,30,30,30,29,30,40,29,30,41,29,30,42.19,39.99,30.850,0.275,2.7976,sat down ~19:22Z from 45/46C
1001.07,2026-09-28T19:43:52Z,501,30.6747,29.2635,30.0000,30.0000,29.0000,30.0000,40.0000,29.0000,30.0000,41.0000,29.0000,30.0000,30,29,30,30,29,30,40,29,30,41,29,30,31,30,30,30,29,30,40,29,30,41,29,30,42.20,39.99,30.850,0.276,2.7976,sat down ~19:22Z from 45/46C
1002.07,2026-09-28T19:43:53Z,500,30.7000,29.2780,30.0000,30.0000,29.0000,30.0000,40.0000,29.0000,30.0000,41.0000,29.0000,30.0000,30,29,30,30,29,30,40,29,30,41,29,30,31,30,30,30,29,30,40,29,30,41,29,30,42.23,40.00,30.849,0.276,2.7976,sat down ~19:22Z from 45/46C
1003.08,2026-09-28T19:43:54Z,501,30.7505,29.2535,30.0000,30.0000,29.0000,30.0000,40.0000,29.0000,30.0000,41.0000,29.0000,30.0000,30,29,30,30,29,30,40,29,30,41,29,30,31,30,30,30,29,30,40,29,30,41,29,30,42.25,39.99,30.849,0.277,2.7976,sat down ~19:22Z from 45/46C
1004.08,2026-09-28T19:43:55Z,500,30.7880,29.3160,30.0000,30.0000,29.0000,30.0000,40.0000,29.0000,30.0000,41.0000,29.0000,30.0000,30,29,30,30,29,30,40,29,30,41,29,30,31,30,30,30,29,30,40,29,30,41,29,30,42.26,40.00,30.849,0.278,2.7976,sat down ~19:22Z from 45/46C
1005.08,2026-09-28T19:43:56Z,501,30.7505,29.4471,30.0000,30.0000,29.0000,30.0000,40.0000,29.0000,30.0000,41.0000,29.0000,30.0000,30,29,30,30,29,30,40,29,30,41,29,30,31,30,30,30,29,30,40,29,30,41,29,30,42.28,39.99,30.849,0.275,2.7976,sat down ~19:22Z from 45/46C
1006.08,2026-09-28T19:43:57Z,501,30.7585,29.3832,30.0000,30.0000,29.0000,30.0000,40.0000,29.0000,30.0000,41.0000,29.0000,30.0000,30,29,30,30,29,30,40,29,30,41,29,30,31,30,30,30,29,30,40,29,30,41,29,30,42.32,40.00,30.848,0.277,2.7976,sat down ~19:22Z from 45/46C
1007.08,2026-09-28T19:43:58Z,501,30.7365,29.4830,30.0000,30.0000,29.0000,30.0000,40.0000,29.0000,30.0000,41.0000,29.0000,30.0000,30,29,30,30,29,30,40,29,30,41,29,30,31,30,30,30,29,30,40,29,30,41,29,30,42.33,40.00,30.848,0.277,2.7976,sat down ~19:22Z from 45/46C
1008.08,2026-09-28T19:43:59Z,500,30.7500,29.4720,30.0000,30.0000,29.0000,30.0000,40.0000,29.0000,30.0000,41.0000,29.0000,30.0000,30,29,30,30,29,30,40,29,30,41,29,30,31,30,30,30,29,30,40,29,30,41,29,30,42.31,40.00,30.848,0.279,2.7976,sat down ~19:22Z from 45/46C
1009.08,2026-09-28T19:44:00Z,501,30.7904,29.4391,30.0000,30.0000,29.0000,30.0000,40.0000,29.0000,30.0000,41.0000,29.0000,30.0000,30,29,30,30,29,30,40,29,30,41,29,30,31,30,30,30,29,30,40,29,30,41,29,30,42.30,40.00,30.848,0.279,2.7976,sat down ~19:22Z from 45/46C
1010.08,2026-09-28T19:44:01Z,500,30.7740,29.4280,30.0000,30.0000,29.0000,30.0000,40.0000,29.0000,30.0000,41.0000,29.0000,30.0000,30,29,30,30,29,30,40,29,30,41,29,30,31,30,30,30,29,30,40,29,30,41,29,30,42.36,39.99,30.848,0.279,2.7976,sat down ~19:22Z from 45/46C
1011.09,2026-09-28T19:44:02Z,501,30.8144,29.5429,30.0000,30.0000,29.0000,30.0000,40.0000,29.0000,30.0000,41.0000,29.0000,30.0000,30,29,30,30,29,30,40,29,30,41,29,30,31,30,30,30,29,30,40,29,30,41,29,30,42.41,40.00,30.847,0.275,2.7976,sat down ~19:22Z from 45/46C
1012.09,2026-09-28T19:44:03Z,501,30.7904,29.5549,30.0000,30.0000,29.0000,30.0000,40.0000,29.0000,30.0000,41.0000,29.0000,30.0000,30,29,30,30,29,30,40,29,30,41,29,30,31,30,30,30,29,30,40,29,30,41,29,30,42.47,39.99,30.847,0.278,2.7976,sat down ~19:22Z from 45/46C
1013.09,2026-09-28T19:44:04Z,500,30.8200,29.6080,30.0000,30.0000,29.0000,30.0000,40.0000,29.0000,30.0000,41.0000,29.0000,30.0000,30,29,30,30,29,30,40,29,30,41,29,30,31,30,30,30,29,30,40,29,30,41,29,30,42.52,39.99,30.847,0.279,2.7976,sat down ~19:22Z from 45/46C
1014.09,2026-09-28T19:44:05Z,500,30.7960,29.5580,30.0000,30.0000,29.0000,30.0000,40.0000,29.0000,30.0000,41.0000,29.0000,30.0000,30,29,30,30,29,30,40,29,30,41,29,30,31,30,30,30,29,30,40,29,30,41,29,30,42.52,40.00,30.847,0.277,2.7976,sat down ~19:22Z from 45/46C
1015.09,2026-09-28T19:44:06Z,501,30.8762,29.5729,30.0000,30.0000,29.0000,30.0000,40.0000,29.0000,30.0000,41.0000,29.0000,30.0000,30,29,30,30,29,30,40,29,30,41,29,30,31,30,30,30,29,30,40,29,30,41,29,30,42.54,39.99,30.847,0.279,2.7976,sat down ~19:22Z from 45/46C
1016.09,2026-09-28T19:44:07Z,501,30.9022,29.6647,30.0000,30.0000,29.0000,30.0000,40.0000,29.0000,30.0000,41.0000,29.0000,30.0000,30,29,30,30,29,30,40,29,30,41,29,30,31,30,30,30,29,30,40,29,30,41,29,30,42.56,40.00,30.846,0.279,2.7976,sat down ~19:22Z from 45/46C
1017.09,2026-09-28T19:44:08Z,501,30.8643,29.6347,30.0000,30.0000,29.0000,30.0000,40.0000,29.0000,30.0000,41.0000,29.0000,30.0000,30,29,30,30,29,30,40,29,30,41,29,30,31,30,30,30,29,30,40,29,30,41,29,30,42.58,40.00,30.846,0.280,2.7976,sat down ~19:22Z from 45/46C
1018.09,2026-09-28T19:44:09Z,500,30.8860,29.6700,30.0000,30.0000,29.0000,30.0000,40.0000,29.0000,30.0000,41.0000,29.0000,30.0000,30,29,30,30,29,30,40,29,30,41,29,30,31,30,30,30,29,30,40,29,30,41,29,30,42.63,39.99,30.846,0.279,2.7976,sat down ~19:22Z from 45/46C
1019.10,2026-09-28T19:44:10Z,501,30.9182,29.6387,30.0000,30.0000,29.0000,30.0000,40.0000,29.0000,30.0000,41.0000,29.0000,30.0000,30,29,30,30,29,30,40,29,30,41,29,30,31,30,30,30,29,30,40,29,30,41,29,30,42.66,40.00,30.846,0.279,2.7976,sat down ~19:22Z from 45/46C
1020.10,2026-09-28T19:44:11Z,501,30.9202,29.6447,30.0000,30.0000,29.0000,30.0000,40.0000,29.0000,30.0000,41.0000,29.0000,30.0000,30,29,30,30,29,30,40,29,30,41,29,30,31,30,30,30,29,30,40,29,30,41,29,30,42.65,39.99,30.846,0.279,2.7976,sat down ~19:22Z from 45/46C
1021.10,2026-09-28T19:44:12Z,500,30.9440,29.7000,30.0000,30.0000,29.0000,30.0000,40.0000,29.0000,30.0000,41.0000,29.0000,30.0000,30,29,30,30,29,30,40,29,30,41,29,30,31,30,30,30,29,30,40,29,30,41,29,30,42.71,39.99,30.845,0.279,2.7976,sat down ~19:22Z from 45/46C
1022.10,2026-09-28T19:44:13Z,501,30.9561,29.7026,30.0000,30.0000,29.0000,30.0000,40.0000,29.0000,30.0000,40.9940,29.0000,30.0000,30,29,30,30,29,30,40,29,30,40,29,30,31,30,30,30,29,30,40,29,30,41,29,30,42.74,40.00,30.845,0.279,2.7976,sat down ~19:22Z from 45/46C
1023.10,2026-09-28T19:44:14Z,500,30.9820,29.7640,30.0000,30.0000,29.0000,30.0000,40.0000,29.0000,30.0000,41.0000,29.0000,30.0000,30,29,30,30,29,30,40,29,30,41,29,30,31,30,30,30,29,30,40,29,30,41,29,30,42.74,39.99,30.845,0.278,2.7976,sat down ~19:22Z from 45/46C
1024.10,2026-09-28T19:44:15Z,501,30.9481,29.7904,30.0000,30.0000,29.0000,30.0000,40.0000,29.0000,30.0000,41.0000,29.0000,30.0000,30,29,30,30,29,30,40,29,30,41,29,30,31,30,30,30,29,30,40,29,30,41,29,30,42.81,40.00,30.845,0.280,2.7976,sat down ~19:22Z from 45/46C
1025.10,2026-09-28T19:44:16Z,500,30.9780,29.7160,30.0000,30.0000,29.0000,30.0000,40.0000,29.0000,30.0000,40.9940,29.0000,30.0000,30,29,30,30,29,30,40,29,30,40,29,30,31,30,30,30,29,30,40,29,30,41,29,30,42.80,39.99,30.845,0.278,2.7976,sat down ~19:22Z from 45/46C
1026.10,2026-09-28T19:44:17Z,501,30.9920,29.7445,30.0000,30.0000,29.0000,30.0000,40.0000,29.0000,30.0000,40.9900,29.0000,30.0000,30,29,30,30,29,30,40,29,30,40,29,30,31,30,30,30,29,30,40,29,30,41,29,30,42.78,39.99,30.844,0.281,2.7976,sat down ~19:22Z from 45/46C
1027.10,2026-09-28T19:44:18Z,500,30.9880,29.7720,30.0000,30.0000,29.0000,30.0000,40.0000,29.0000,30.0000,40.9760,29.0000,30.0000,30,29,30,30,29,30,40,29,30,40,29,30,31,30,30,30,29,30,40,29,30,41,29,30,42.85,40.00,30.844,0.277,2.7976,sat down ~19:22Z from 45/46C
1028.10,2026-09-28T19:44:19Z,500,31.0000,29.7940,30.0000,30.0000,29.0000,30.0000,40.0000,29.0000,30.0000,40.9520,29.0000,30.0000,31,29,30,30,29,30,40,29,30,40,29,30,31,30,30,30,29,30,40,29,30,41,29,30,42.89,40.00,30.844,0.277,2.7976,sat down ~19:22Z from 45/46C
1029.10,2026-09-28T19:44:20Z,500,30.9800,29.7880,30.0000,30.0000,29.0000,30.0000,40.0000,29.0000,30.0000,40.9460,29.0000,30.0000,30,29,30,30,29,30,40,29,30,40,29,30,31,30,30,30,29,30,40,29,30,41,29,30,42.87,40.00,30.844,0.281,2.7976,sat down ~19:22Z from 45/46C
1030.11,2026-09-28T19:44:21Z,501,30.9780,29.8363,30.0000,30.0000,29.0000,30.0000,40.0000,29.0000,30.0000,40.8882,29.0000,30.0000,30,29,30,30,29,30,40,29,30,40,29,30,31,30,30,30,29,30,40,29,30,41,29,30,42.84,39.99,30.843,0.277,2.7976,sat down ~19:22Z from 45/46C
1031.11,2026-09-28T19:44:22Z,500,31.0000,29.8040,30.0000,30.0000,29.0000,30.0000,40.0000,29.0000,30.0000,40.8380,29.0000,30.0000,31,29,30,30,29,30,40,29,30,40,29,30,31,30,30,30,29,30,40,29,30,41,29,30,42.87,39.99,30.843,0.279,2.7976,sat down ~19:22Z from 45/46C
1032.11,2026-09-28T19:44:23Z,501,30.9940,29.9042,30.0000,30.0000,29.0000,30.0000,40.0000,29.0000,30.0000,40.7345,29.0000,30.0000,30,29,30,30,29,30,40,29,30,40,29,30,31,30,30,30,29,30,40,29,30,41,29,30,42.90,40.00,30.843,0.275,2.7976,sat down ~19:22Z from 45/46C
1033.11,2026-09-28T19:44:24Z,501,31.0000,29.8084,30.0000,30.0000,29.0000,30.0000,40.0000,29.0000,30.0000,40.6467,29.0000,30.0000,31,29,30,30,29,30,40,29,30,40,29,30,31,30,30,30,29,30,40,29,30,41,29,30,42.92,39.99,30.842,0.279,2.7976,sat down ~19:22Z from 45/46C
1034.11,2026-09-28T19:44:25Z,500,31.0000,29.8380,30.0000,30.0000,29.0000,30.0000,40.0000,29.0000,30.0000,40.4340,29.0000,30.0000,31,29,30,30,29,30,40,29,30,40,29,30,31,30,30,30,29,30,40,29,30,41,29,30,42.93,40.00,30.843,0.277,2.7976,sat down ~19:22Z from 45/46C
1035.11,2026-09-28T19:44:26Z,501,31.0000,29.8723,30.0000,30.0000,29.0000,30.0000,40.0000,29.0000,30.0000,40.3513,29.0000,30.0000,31,29,30,30,29,30,40,29,30,40,29,30,31,30,30,30,29,30,40,29,30,41,29,30,42.94,39.99,30.843,0.280,2.7976,sat down ~19:22Z from 45/46C
1036.11,2026-09-28T19:44:27Z,501,31.0000,29.9142,30.0000,30.0000,29.0000,30.0000,40.0000,29.0000,30.0000,40.2994,29.0000,30.0000,31,29,30,30,29,30,40,29,30,40,29,30,31,30,30,30,29,30,40,29,30,41,29,30,42.94,39.99,30.842,0.278,2.7976,sat down ~19:22Z from 45/46C
1037.11,2026-09-28T19:44:28Z,500,31.0000,29.9160,30.0000,30.0000,29.0000,30.0000,40.0000,29.0000,30.0000,40.2160,29.0000,30.0000,31,29,30,30,29,30,40,29,30,40,29,30,31,30,30,30,29,30,40,29,30,41,29,30,42.95,40.00,30.842,0.278,2.7976,sat down ~19:22Z from 45/46C
1038.12,2026-09-28T19:44:29Z,501,31.0000,29.9421,30.0000,30.0000,29.0000,30.0000,40.0000,29.0000,30.0000,40.2096,29.0000,30.0000,31,29,30,30,29,30,40,29,30,40,29,30,31,30,30,30,29,30,40,29,30,41,29,30,42.96,40.00,30.841,0.279,2.7976,sat down ~19:22Z from 45/46C
1039.12,2026-09-28T19:44:30Z,500,31.0000,29.9540,30.0000,30.0000,29.0000,30.0000,40.0000,29.0000,30.0000,40.0920,29.0000,30.0000,31,29,30,30,29,30,40,29,30,40,29,30,31,30,30,30,29,30,40,29,30,41,29,30,42.96,40.00,30.841,0.278,2.7976,sat down ~19:22Z from 45/46C
1040.12,2026-09-28T19:44:31Z,501,30.9920,29.9102,30.0000,30.0000,29.0000,30.0000,40.0000,29.0000,30.0000,40.0719,29.0000,30.0000,30,29,30,30,29,30,40,29,30,40,29,30,31,30,30,30,29,30,40,29,30,41,29,30,42.96,40.00,30.841,0.279,2.7976,sat down ~19:22Z from 45/46C
1041.12,2026-09-28T19:44:32Z,500,31.0000,29.9440,30.0000,30.0000,29.0000,30.0000,40.0000,29.0000,30.0000,40.0600,29.0000,30.0000,31,29,30,30,29,30,40,29,30,40,29,30,31,30,30,30,29,30,40,29,30,41,29,30,42.97,39.99,30.841,0.279,2.7976,sat down ~19:22Z from 45/46C
1042.12,2026-09-28T19:44:33Z,500,31.0000,29.9660,30.0000,30.0000,29.0000,30.0000,40.0000,29.0000,30.0000,40.0080,29.0000,30.0000,31,29,30,30,29,30,40,29,30,40,29,30,31,30,30,30,29,30,40,29,30,41,29,30,42.97,40.00,30.840,0.277,2.7976,sat down ~19:22Z from 45/46C
1043.12,2026-09-28T19:44:34Z,500,31.0000,29.9800,30.0000,30.0000,29.0000,30.0000,40.0000,29.0000,30.0000,40.0140,29.0000,30.0000,31,29,30,30,29,30,40,29,30,40,29,30,31,30,30,30,29,30,40,29,30,41,29,30,42.98,39.99,30.840,0.277,2.7976,sat down ~19:22Z from 45/46C
1044.12,2026-09-28T19:44:35Z,500,31.0000,29.9720,30.0000,30.0000,29.0000,30.0000,40.0000,29.0000,30.0000,40.0000,29.0000,30.0000,31,29,30,30,29,30,40,29,30,40,29,30,31,30,30,30,29,30,40,29,30,40,29,30,42.98,40.00,30.840,0.279,2.7976,sat down ~19:22Z from 45/46C
1045.12,2026-09-28T19:44:36Z,501,31.0000,29.9661,30.0000,30.0000,29.0000,30.0000,40.0000,29.0000,30.0000,40.0000,29.0000,30.0000,31,29,30,30,29,30,40,29,30,40,29,30,31,30,30,30,29,30,40,29,30,40,29,30,42.98,39.99,30.840,0.279,2.7976,sat down ~19:22Z from 45/46C
1046.12,2026-09-28T19:44:37Z,500,31.0000,29.9720,30.0000,30.0000,29.0000,30.0000,40.0000,29.0000,30.0000,40.0000,29.0000,30.0000,31,29,30,30,29,30,40,29,30,40,29,30,31,30,30,30,29,30,40,29,30,40,29,30,42.98,39.99,30.839,0.274,2.7976,sat down ~19:22Z from 45/46C
1047.12,2026-09-28T19:44:38Z,501,31.0000,29.9920,30.0000,30.0000,29.0000,30.0000,40.0000,29.0000,30.0000,40.0080,29.0000,30.0000,31,29,30,30,29,30,40,29,30,40,29,30,31,30,30,30,29,30,40,29,30,41,29,30,42.99,40.00,30.839,0.279,2.7976,sat down ~19:22Z from 45/46C
1048.12,2026-09-28T19:44:39Z,501,31.0000,29.9561,30.0000,30.0000,29.0000,30.0000,40.0000,29.0000,30.0000,40.0000,29.0000,30.0000,31,29,30,30,29,30,40,29,30,40,29,30,31,30,30,30,29,30,40,29,30,40,29,30,42.99,40.00,30.839,0.277,2.7976,sat down ~19:22Z from 45/46C
1049.12,2026-09-28T19:44:40Z,500,31.0000,29.9840,30.0000,30.0000,29.0000,30.0000,40.0000,29.0000,30.0000,40.0000,29.0000,30.0000,31,29,30,30,29,30,40,29,30,40,29,30,31,30,30,30,29,30,40,29,30,40,29,30,42.99,39.99,30.839,0.275,2.7976,sat down ~19:22Z from 45/46C
1050.13,2026-09-28T19:44:41Z,501,31.0000,29.9800,30.0000,30.0000,29.0000,30.0000,40.0000,29.0000,30.0000,40.0000,29.0000,30.0000,31,29,30,30,29,30,40,29,30,40,29,30,31,30,30,30,29,30,40,29,30,40,29,30,42.98,39.99,30.839,0.274,2.7976,sat down ~19:22Z from 45/46C
1051.13,2026-09-28T19:44:42Z,501,31.0000,29.9860,30.0000,30.0000,29.0000,30.0000,40.0000,29.0000,30.0000,40.0000,29.0000,30.0000,31,29,30,30,29,30,40,29,30,40,29,30,31,30,30,30,29,30,40,29,30,40,29,30,42.99,39.99,30.838,0.278,2.7976,sat down ~19:22Z from 45/46C
1052.13,2026-09-28T19:44:43Z,501,31.0000,29.9920,30.0000,30.0000,29.0000,30.0000,40.0000,29.0000,30.0000,40.0000,29.0000,30.0000,31,29,30,30,29,30,40,29,30,40,29,30,31,30,30,30,29,30,40,29,30,40,29,30,42.98,40.00,30.838,0.277,2.7976,sat down ~19:22Z from 45/46C
1053.13,2026-09-28T19:44:44Z,500,31.0000,30.0000,30.0000,30.0000,29.0000,30.0000,40.0000,29.0000,30.0000,40.0000,29.0000,30.0000,31,30,30,30,29,30,40,29,30,40,29,30,31,30,30,30,29,30,40,29,30,40,29,30,42.99,39.99,30.837,0.280,2.7976,sat down ~19:22Z from 45/46C
1054.13,2026-09-28T19:44:45Z,501,31.0000,29.9940,30.0000,30.0000,29.0000,30.0000,40.0000,29.0000,30.0000,40.0000,29.0000,30.0000,31,29,30,30,29,30,40,29,30,40,29,30,31,30,30,30,29,30,40,29,30,40,29,30,42.98,39.99,30.838,0.280,2.7976,sat down ~19:22Z from 45/46C
1055.13,2026-09-28T19:44:46Z,501,31.0000,29.9860,30.0000,30.0000,29.0000,30.0000,40.0000,29.0000,30.0000,40.0000,29.0000,30.0000,31,29,30,30,29,30,40,29,30,40,29,30,31,30,30,30,29,30,40,29,30,40,29,30,42.99,40.00,30.838,0.274,2.7976,sat down ~19:22Z from 45/46C
1056.14,2026-09-28T19:44:47Z,501,31.0000,30.0000,30.0000,30.0000,29.0000,30.0000,40.0000,29.0000,30.0000,40.0000,29.0000,30.0000,31,30,30,30,29,30,40,29,30,40,29,30,31,30,30,30,29,30,40,29,30,40,29,30,42.99,39.99,30.837,0.279,2.7976,sat down ~19:22Z from 45/46C
1057.14,2026-09-28T19:44:48Z,500,31.0000,29.9920,30.0000,30.0000,29.0000,30.0000,40.0000,29.0000,30.0000,40.0000,29.0000,30.0000,31,29,30,30,29,30,40,29,30,40,29,30,31,30,30,30,29,30,40,29,30,40,29,30,42.99,40.00,30.837,0.277,2.7976,sat down ~19:22Z from 45/46C
1058.14,2026-09-28T19:44:49Z,500,31.0000,30.0000,30.0000,30.0000,29.0000,30.0000,40.0000,29.0000,30.0000,40.0000,29.0000,30.0000,31,30,30,30,29,30,40,29,30,40,29,30,31,30,30,30,29,30,40,29,30,40,29,30,42.99,39.99,30.836,0.278,2.7976,sat down ~19:22Z from 45/46C
1059.14,2026-09-28T19:44:50Z,500,31.0000,30.0000,30.0000,30.0000,29.0000,30.0000,40.0000,29.0000,30.0000,40.0000,29.0000,30.0000,31,30,30,30,29,30,40,29,30,40,29,30,31,30,30,30,29,30,40,29,30,40,29,30,42.99,39.99,30.837,0.274,2.7976,sat down ~19:22Z from 45/46C
1060.14,2026-09-28T19:44:51Z,500,31.0000,29.9920,30.0000,30.0000,29.0000,30.0000,40.0000,29.0000,30.0000,40.0000,29.0000,30.0000,31,29,30,30,29,30,40,29,30,40,29,30,31,30,30,30,29,30,40,29,30,40,29,30,42.99,40.00,30.836,0.276,2.7976,sat down ~19:22Z from 45/46C
1061.14,2026-09-28T19:44:52Z,501,31.0000,30.0000,30.0000,30.0000,29.0000,30.0000,40.0000,29.0000,30.0000,40.0000,29.0000,30.0000,31,30,30,30,29,30,40,29,30,40,29,30,31,30,30,30,29,30,40,29,30,40,29,30,42.99,40.00,30.836,0.276,2.7976,sat down ~19:22Z from 45/46C
1062.14,2026-09-28T19:44:53Z,501,31.0000,30.0000,30.0000,30.0000,29.0000,30.0000,40.0000,29.0000,30.0000,40.0000,29.0000,30.0000,31,30,30,30,29,30,40,29,30,40,29,30,31,30,30,30,29,30,40,29,30,40,29,30,42.99,40.00,30.836,0.274,2.7976,sat down ~19:22Z from 45/46C
1063.14,2026-09-28T19:44:54Z,500,31.0000,30.0000,30.0000,30.0000,29.0000,30.0000,40.0000,29.0000,30.0000,40.0000,29.0000,30.0000,31,30,30,30,29,30,40,29,30,40,29,30,31,30,30,30,29,30,40,29,30,40,29,30,42.99,39.99,30.836,0.276,2.7976,sat down ~19:22Z from 45/46C
1064.15,2026-09-28T19:44:55Z,501,31.0000,30.0000,30.0000,30.0000,29.0000,30.0000,40.0000,29.0000,30.0000,40.0000,29.0000,30.0000,31,30,30,30,29,30,40,29,30,40,29,30,31,30,30,30,29,30,40,29,30,40,29,30,42.99,39.99,30.835,0.278,2.7976,sat down ~19:22Z from 45/46C
1065.15,2026-09-28T19:44:56Z,500,31.0000,30.0000,30.0000,30.0000,29.0000,30.0000,40.0000,29.0000,30.0000,40.0000,29.0000,30.0000,31,30,30,30,29,30,40,29,30,40,29,30,31,30,30,30,29,30,40,29,30,40,29,30,42.99,39.99,30.836,0.276,2.7976,sat down ~19:22Z from 45/46C
1066.15,2026-09-28T19:44:57Z,501,31.0000,30.0000,30.0000,30.0000,29.0000,30.0000,40.0000,29.0000,30.0000,40.0000,29.0000,30.0000,31,30,30,30,29,30,40,29,30,40,29,30,31,30,30,30,29,30,40,29,30,40,29,30,42.99,39.99,30.834,0.275,2.7976,sat down ~19:22Z from 45/46C
1067.15,2026-09-28T19:44:58Z,500,31.0000,30.0000,30.0000,30.0000,29.0000,30.0000,40.0000,29.0000,30.0000,40.0000,29.0000,30.0000,31,30,30,30,29,30,40,29,30,40,29,30,31,30,30,30,29,30,40,29,30,40,29,30,42.99,40.00,30.835,0.279,2.7976,sat down ~19:22Z from 45/46C
1068.15,2026-09-28T19:44:59Z,500,31.0000,30.0000,30.0000,30.0000,29.0000,30.0000,40.0000,29.0000,30.0000,40.0000,29.0000,30.0000,31,30,30,30,29,30,40,29,30,40,29,30,31,30,30,30,29,30,40,29,30,40,29,30,42.99,39.99,30.834,0.274,2.7976,sat down ~19:22Z from 45/46C
1069.15,2026-09-28T19:45:00Z,501,31.0000,30.0000,30.0000,30.0000,29.0000,30.0000,40.0000,29.0000,30.0000,40.0000,29.0000,30.0000,31,30,30,30,29,30,40,29,30,40,29,30,31,30,30,30,29,30,40,29,30,40,29,30,42.99,39.99,30.834,0.276,2.7976,sat down ~19:22Z from 45/46C
1070.15,2026-09-28T19:45:01Z,500,31.0000,30.0000,30.0000,30.0000,29.0000,30.0000,40.0000,29.0000,30.0000,40.0000,29.0000,30.0000,31,30,30,30,29,30,40,29,30,40,29,30,31,30,30,30,29,30,40,29,30,40,29,30,42.99,40.00,30.834,0.279,2.7976,sat down ~19:22Z from 45/46C
1071.15,2026-09-28T19:45:02Z,500,31.0000,30.0000,30.0000,30.0000,29.0000,30.0000,40.0000,29.0000,30.0000,40.0000,29.0060,30.0000,31,30,30,30,29,30,40,29,30,40,29,30,31,30,30,30,29,30,40,29,30,40,30,30,42.99,39.99,30.834,0.278,2.7976,sat down ~19:22Z from 45/46C
1072.15,2026-09-28T19:45:03Z,501,31.0000,30.0000,30.0000,30.0000,29.0000,30.0000,40.0000,29.0000,30.0000,40.0000,29.0140,30.0000,31,30,30,30,29,30,40,29,30,40,29,30,31,30,30,30,29,30,40,29,30,40,30,30,42.99,40.00,30.833,0.276,2.7976,sat down ~19:22Z from 45/46C
1073.15,2026-09-28T19:45:04Z,500,31.0000,30.0000,30.0000,30.0000,29.0000,30.0000,40.0000,29.0000,30.0000,40.0000,29.0200,30.0000,31,30,30,30,29,30,40,29,30,40,29,30,31,30,30,30,29,30,40,29,30,40,30,30,42.99,40.00,30.833,0.275,2.7976,sat down ~19:22Z from 45/46C
1074.15,2026-09-28T19:45:05Z,500,31.0000,30.0000,30.0000,30.0000,29.0000,30.0000,40.0000,29.0000,30.0000,40.0000,29.0260,30.0000,31,30,30,30,29,30,40,29,30,40,29,30,31,30,30,30,29,30,40,29,30,40,30,30,42.99,39.99,30.833,0.279,2.7976,sat down ~19:22Z from 45/46C
1075.15,2026-09-28T19:45:06Z,500,31.0000,30.0000,30.0000,30.0000,29.0000,30.0000,40.0000,29.0000,30.0000,40.0000,29.0000,30.0000,31,30,30,30,29,30,40,29,30,40,29,30,31,30,30,30,29,30,40,29,30,40,29,30,42.99,40.00,30.832,0.276,2.7976,sat down ~19:22Z from 45/46C
1076.16,2026-09-28T19:45:07Z,501,31.0000,30.0000,30.0000,30.0000,29.0000,30.0000,40.0000,29.0000,30.0000,40.0000,29.0080,30.0000,31,30,30,30,29,30,40,29,30,40,29,30,31,30,30,30,29,30,40,29,30,40,30,30,42.99,39.99,30.832,0.276,2.7976,sat down ~19:22Z from 45/46C
1077.16,2026-09-28T19:45:08Z,500,31.0000,30.0000,30.0000,30.0000,29.0000,30.0000,40.0000,29.0000,30.0000,40.0000,29.0000,30.0000,31,30,30,30,29,30,40,29,30,40,29,30,31,30,30,30,29,30,40,29,30,40,29,30,42.99,40.00,30.832,0.274,2.7976,sat down ~19:22Z from 45/46C
1078.16,2026-09-28T19:45:09Z,501,31.0000,30.0000,30.0000,30.0000,29.0000,30.0000,40.0000,29.0000,30.0000,40.0000,29.0000,30.0000,31,30,30,30,29,30,40,29,30,40,29,30,31,30,30,30,29,30,40,29,30,40,29,30,42.99,39.99,30.832,0.276,2.7976,sat down ~19:22Z from 45/46C
1079.16,2026-09-28T19:45:10Z,501,31.0000,30.0000,30.0000,30.0000,29.0000,30.0000,40.0000,29.0000,30.0000,40.0000,29.0060,30.0000,31,30,30,30,29,30,40,29,30,40,29,30,31,30,30,30,29,30,40,29,30,40,30,30,42.99,39.99,30.832,0.276,2.7976,sat down ~19:22Z from 45/46C
1080.16,2026-09-28T19:45:11Z,500,31.0000,30.0000,30.0000,30.0000,29.0000,30.0000,40.0000,29.0000,30.0000,40.0000,29.0000,30.0000,31,30,30,30,29,30,40,29,30,40,29,30,31,30,30,30,29,30,40,29,30,40,29,30,42.99,40.00,30.831,0.275,2.7976,sat down ~19:22Z from 45/46C
1081.16,2026-09-28T19:45:12Z,501,31.0000,30.0000,30.0000,30.0000,29.0000,30.0000,40.0000,29.0000,30.0000,40.0000,29.0040,30.0000,31,30,30,30,29,30,40,29,30,40,29,30,31,30,30,30,29,30,40,29,30,40,30,30,42.99,39.99,30.831,0.273,2.7976,sat down ~19:22Z from 45/46C
1082.16,2026-09-28T19:45:13Z,501,31.0000,30.0000,30.0000,30.0000,29.0000,30.0000,40.0000,29.0000,30.0000,40.0000,29.0220,30.0000,31,30,30,30,29,30,40,29,30,40,29,30,31,30,30,30,29,30,40,29,30,40,30,30,43.00,40.00,30.831,0.273,2.7976,sat down ~19:22Z from 45/46C
1083.16,2026-09-28T19:45:14Z,500,31.0000,30.0000,30.0000,30.0000,29.0000,30.0000,40.0000,29.0000,30.0000,40.0000,29.0000,30.0000,31,30,30,30,29,30,40,29,30,40,29,30,31,30,30,30,29,30,40,29,30,40,29,30,42.99,40.00,30.831,0.275,2.7976,sat down ~19:22Z from 45/46C
1084.16,2026-09-28T19:45:15Z,500,31.0000,30.0000,30.0000,30.0000,29.0000,30.0000,40.0000,29.0000,30.0000,40.0000,29.0220,30.0000,31,30,30,30,29,30,40,29,30,40,29,30,31,30,30,30,29,30,40,29,30,40,30,30,42.99,39.99,30.830,0.273,2.7976,sat down ~19:22Z from 45/46C
1085.17,2026-09-28T19:45:16Z,501,31.0000,30.0000,30.0000,30.0000,29.0000,30.0000,40.0000,29.0000,30.0000,40.0000,29.0240,30.0000,31,30,30,30,29,30,40,29,30,40,29,30,31,30,30,30,29,30,40,29,30,40,30,30,42.99,40.00,30.831,0.275,2.7976,sat down ~19:22Z from 45/46C
1086.17,2026-09-28T19:45:17Z,501,31.0000,30.0000,30.0000,30.0000,29.0000,30.0000,40.0000,29.0000,30.0000,40.0000,29.0140,30.0000,31,30,30,30,29,30,40,29,30,40,29,30,31,30,30,30,29,30,40,29,30,40,30,30,42.99,39.99,30.830,0.275,2.7976,sat down ~19:22Z from 45/46C
1087.17,2026-09-28T19:45:18Z,501,31.0000,30.0000,30.0000,30.0000,29.0000,30.0000,40.0000,29.0000,30.0000,40.0000,29.0200,30.0000,31,30,30,30,29,30,40,29,30,40,29,30,31,30,30,30,29,30,40,29,30,40,30,30,42.99,40.00,30.830,0.275,2.7976,sat down ~19:22Z from 45/46C
1088.17,2026-09-28T19:45:19Z,500,31.0000,30.0000,30.0000,30.0000,29.0000,30.0000,40.0000,29.0000,30.0000,40.0000,29.0060,30.0000,31,30,30,30,29,30,40,29,30,40,29,30,31,30,30,30,29,30,40,29,30,40,30,30,42.99,40.00,30.830,0.280,2.7976,sat down ~19:22Z from 45/46C
1089.17,2026-09-28T19:45:20Z,501,31.0000,30.0000,30.0000,30.0000,29.0000,30.0000,40.0000,29.0000,30.0000,40.0000,29.0000,30.0000,31,30,30,30,29,30,40,29,30,40,29,30,31,30,30,30,29,30,40,29,30,40,29,30,42.99,39.99,30.829,0.279,2.7976,sat down ~19:22Z from 45/46C
1090.17,2026-09-28T19:45:21Z,501,31.0000,30.0000,30.0000,30.0000,29.0000,30.0000,40.0000,29.0000,30.0000,40.0000,29.0000,30.0000,31,30,30,30,29,30,40,29,30,40,29,30,31,30,30,30,29,30,40,29,30,40,29,30,42.99,40.00,30.829,0.281,2.7976,sat down ~19:22Z from 45/46C
1091.17,2026-09-28T19:45:22Z,500,31.0000,30.0000,30.0000,30.0000,29.0000,30.0000,40.0000,29.0000,30.0000,40.0000,29.0000,30.0000,31,30,30,30,29,30,40,29,30,40,29,30,31,30,30,30,29,30,40,29,30,40,29,30,42.99,40.00,30.829,0.280,2.7976,sat down ~19:22Z from 45/46C
1092.17,2026-09-28T19:45:23Z,500,31.0000,30.0000,30.0000,30.0000,29.0000,30.0000,40.0000,29.0000,30.0000,40.0000,29.0000,30.0000,31,30,30,30,29,30,40,29,30,40,29,30,31,30,30,30,29,30,40,29,30,40,29,30,42.99,40.00,30.829,0.281,2.7976,sat down ~19:22Z from 45/46C
1093.17,2026-09-28T19:45:24Z,501,31.0000,30.0000,30.0000,30.0000,29.0000,30.0000,40.0000,29.0000,30.0000,40.0000,29.0000,30.0000,31,30,30,30,29,30,40,29,30,40,29,30,31,30,30,30,29,30,40,29,30,40,29,30,43.00,40.00,30.828,0.278,2.7976,sat down ~19:22Z from 45/46C
1094.17,2026-09-28T19:45:25Z,500,31.0000,30.0000,30.0000,30.0000,29.0000,30.0000,40.0000,29.0000,30.0000,40.0000,29.0060,30.0000,31,30,30,30,29,30,40,29,30,40,29,30,31,30,30,30,29,30,40,29,30,40,30,30,42.99,40.00,30.828,0.282,2.7976,sat down ~19:22Z from 45/46C
1095.18,2026-09-28T19:45:26Z,501,31.0000,30.0000,30.0000,30.0000,29.0000,30.0000,40.0000,29.0000,30.0000,40.0000,29.0000,30.0000,31,30,30,30,29,30,40,29,30,40,29,30,31,30,30,30,29,30,40,29,30,40,29,30,42.99,40.00,30.828,0.276,2.7976,sat down ~19:22Z from 45/46C
1096.18,2026-09-28T19:45:27Z,501,31.0000,30.0000,30.0000,30.0000,29.0000,30.0000,40.0000,29.0000,30.0000,40.0000,29.0000,30.0000,31,30,30,30,29,30,40,29,30,40,29,30,31,30,30,30,29,30,40,29,30,40,29,30,42.99,39.99,30.828,0.280,2.7976,sat down ~19:22Z from 45/46C
1097.18,2026-09-28T19:45:28Z,500,31.0000,30.0000,30.0000,30.0000,29.0000,30.0000,40.0000,29.0000,30.0000,40.0000,29.0080,30.0000,31,30,30,30,29,30,40,29,30,40,29,30,31,30,30,30,29,30,40,29,30,40,30,30,42.99,39.99,30.828,0.278,2.7976,sat down ~19:22Z from 45/46C
1098.18,2026-09-28T19:45:29Z,501,31.0000,30.0000,30.0000,30.0000,29.0000,30.0000,40.0000,29.0000,30.0000,40.0000,29.0120,30.0000,31,30,30,30,29,30,40,29,30,40,29,30,31,30,30,30,29,30,40,29,30,40,30,30,43.00,40.00,30.827,0.278,2.7976,sat down ~19:22Z from 45/46C
1099.18,2026-09-28T19:45:30Z,500,31.0000,30.0000,30.0000,30.0000,29.0000,30.0000,40.0000,29.0000,30.0000,40.0000,29.0000,30.0000,31,30,30,30,29,30,40,29,30,40,29,30,31,30,30,30,29,30,40,29,30,40,29,30,42.99,39.99,30.827,0.280,2.7976,sat down ~19:22Z from 45/46C
1100.18,2026-09-28T19:45:31Z,501,31.0000,30.0000,30.0000,30.0000,29.0000,30.0000,40.0000,29.0000,30.0000,40.0000,29.0000,30.0000,31,30,30,30,29,30,40,29,30,40,29,30,31,30,30,30,29,30,40,29,30,40,29,30,42.99,39.99,30.827,0.278,2.7976,sat down ~19:22Z from 45/46C
1101.18,2026-09-28T19:45:32Z,500,31.0000,30.0000,30.0000,30.0000,29.0000,30.0000,40.0000,29.0000,30.0000,40.0000,29.0000,30.0000,31,30,30,30,29,30,40,29,30,40,29,30,31,30,30,30,29,30,40,29,30,40,29,30,42.99,40.00,30.826,0.279,2.7976,sat down ~19:22Z from 45/46C
1102.19,2026-09-28T19:45:33Z,501,31.0000,30.0000,30.0000,30.0000,29.0000,30.0000,40.0000,29.0000,30.0000,40.0000,29.0000,30.0000,31,30,30,30,29,30,40,29,30,40,29,30,31,30,30,30,29,30,40,29,30,40,29,30,42.99,39.99,30.826,0.282,2.7976,sat down ~19:22Z from 45/46C
1103.19,2026-09-28T19:45:34Z,501,31.0000,30.0000,30.0000,30.0000,29.0000,30.0000,40.0000,29.0000,30.0000,40.0000,29.0000,30.0000,31,30,30,30,29,30,40,29,30,40,29,30,31,30,30,30,29,30,40,29,30,40,29,30,42.99,40.00,30.826,0.281,2.7976,sat down ~19:22Z from 45/46C
1104.19,2026-09-28T19:45:35Z,500,31.0000,30.0000,30.0000,30.0000,29.0000,30.0000,40.0000,29.0000,30.0000,40.0000,29.0000,30.0000,31,30,30,30,29,30,40,29,30,40,29,30,31,30,30,30,29,30,40,29,30,40,29,30,42.99,40.00,30.826,0.281,2.7976,sat down ~19:22Z from 45/46C
1105.19,2026-09-28T19:45:36Z,500,31.0000,30.0000,30.0000,30.0000,29.0000,30.0000,40.0000,29.0000,30.0000,40.0000,29.0000,30.0000,31,30,30,30,29,30,40,29,30,40,29,30,31,30,30,30,29,30,40,29,30,40,29,30,42.99,40.00,30.826,0.282,2.7976,sat down ~19:22Z from 45/46C
1106.19,2026-09-28T19:45:37Z,501,31.0000,30.0000,30.0000,30.0000,29.0000,30.0000,40.0000,29.0000,30.0000,40.0000,29.0000,30.0000,31,30,30,30,29,30,40,29,30,40,29,30,31,30,30,30,29,30,40,29,30,40,29,30,42.99,39.99,30.825,0.281,2.7976,sat down ~19:22Z from 45/46C
1107.19,2026-09-28T19:45:38Z,500,31.0000,30.0000,30.0000,30.0000,29.0000,30.0000,40.0000,29.0000,30.0000,40.0000,29.0000,30.0000,31,30,30,30,29,30,40,29,30,40,29,30,31,30,30,30,29,30,40,29,30,40,29,30,42.99,39.99,30.825,0.281,2.7976,sat down ~19:22Z from 45/46C
1108.19,2026-09-28T19:45:39Z,501,31.0000,30.0000,30.0000,30.0000,29.0000,30.0000,40.0000,29.0000,30.0000,40.0000,29.0080,30.0000,31,30,30,30,29,30,40,29,30,40,29,30,31,30,30,30,29,30,40,29,30,40,30,30,43.00,40.00,30.825,0.281,2.7976,sat down ~19:22Z from 45/46C
1109.19,2026-09-28T19:45:40Z,500,31.0000,30.0000,30.0000,30.0000,29.0000,30.0000,40.0000,29.0000,30.0000,40.0000,29.0120,30.0000,31,30,30,30,29,30,40,29,30,40,29,30,31,30,30,30,29,30,40,29,30,40,30,30,42.99,40.00,30.825,0.281,2.7976,sat down ~19:22Z from 45/46C
1110.19,2026-09-28T19:45:41Z,500,31.0000,30.0000,30.0000,30.0000,29.0000,30.0000,40.0000,29.0000,30.0000,40.0000,29.0080,30.0000,31,30,30,30,29,30,40,29,30,40,29,30,31,30,30,30,29,30,40,29,30,40,30,30,43.00,40.00,30.824,0.280,2.7976,sat down ~19:22Z from 45/46C
1111.19,2026-09-28T19:45:42Z,501,31.0000,30.0000,30.0000,30.0000,29.0000,30.0000,40.0000,29.0000,30.0000,40.0000,29.0080,30.0000,31,30,30,30,29,30,40,29,30,40,29,30,31,30,30,30,29,30,40,29,30,40,30,30,42.99,40.00,30.824,0.285,2.7976,sat down ~19:22Z from 45/46C
1112.20,2026-09-28T19:45:43Z,501,31.0000,30.0000,30.0000,30.0000,29.0000,30.0000,40.0000,29.0000,30.0000,40.0000,29.0160,30.0000,31,30,30,30,29,30,40,29,30,40,29,30,31,30,30,30,29,30,40,29,30,40,30,30,42.99,40.00,30.824,0.279,2.7976,sat down ~19:22Z from 45/46C
1113.20,2026-09-28T19:45:44Z,501,31.0000,30.0000,30.0000,30.0000,29.0000,30.0000,40.0000,29.0000,30.0000,40.0000,29.0000,30.0000,31,30,30,30,29,30,40,29,30,40,29,30,31,30,30,30,29,30,40,29,30,40,29,30,42.99,40.00,30.824,0.281,2.7976,sat down ~19:22Z from 45/46C
1114.20,2026-09-28T19:45:45Z,500,31.0000,30.0000,30.0000,30.0000,29.0000,30.0000,40.0000,29.0000,30.0000,40.0000,29.0080,30.0000,31,30,30,30,29,30,40,29,30,40,29,30,31,30,30,30,29,30,40,29,30,40,30,30,42.99,40.00,30.824,0.281,2.7976,sat down ~19:22Z from 45/46C
1115.20,2026-09-28T19:45:46Z,501,31.0000,30.0000,30.0000,30.0000,29.0000,30.0000,40.0000,29.0000,30.0000,40.0000,29.0000,30.0000,31,30,30,30,29,30,40,29,30,40,29,30,31,30,30,30,29,30,40,29,30,40,29,30,42.99,40.00,30.823,0.280,2.7976,sat down ~19:22Z from 45/46C
1116.20,2026-09-28T19:45:47Z,500,31.0000,30.0000,30.0000,30.0000,29.0000,30.0000,40.0000,29.0000,30.0000,40.0000,29.0000,30.0000,31,30,30,30,29,30,40,29,30,40,29,30,31,30,30,30,29,30,40,29,30,40,29,30,42.99,40.00,30.823,0.279,2.7976,sat down ~19:22Z from 45/46C
1117.20,2026-09-28T19:45:48Z,501,31.0000,30.0000,30.0000,30.0000,29.0000,30.0000,40.0000,29.0000,30.0000,40.0000,29.0080,30.0000,31,30,30,30,29,30,40,29,30,40,29,30,31,30,30,30,29,30,40,29,30,40,30,30,42.99,39.99,30.823,0.280,2.7976,sat down ~19:22Z from 45/46C
1118.20,2026-09-28T19:45:49Z,500,31.0000,30.0000,30.0000,30.0000,29.0000,30.0000,40.0000,29.0000,30.0000,40.0000,29.0000,30.0000,31,30,30,30,29,30,40,29,30,40,29,30,31,30,30,30,29,30,40,29,30,40,29,30,42.98,39.99,30.822,0.280,2.7976,sat down ~19:22Z from 45/46C
1119.20,2026-09-28T19:45:50Z,501,31.0000,30.0000,30.0000,30.0000,29.0000,30.0000,40.0000,29.0000,30.0000,40.0000,29.0220,30.0000,31,30,30,30,29,30,40,29,30,40,29,30,31,30,30,30,29,30,40,29,30,40,30,30,42.99,40.00,30.822,0.283,2.7976,sat down ~19:22Z from 45/46C
1120.20,2026-09-28T19:45:51Z,500,31.0000,30.0000,30.0000,30.0000,29.0000,30.0000,40.0000,29.0000,30.0000,40.0000,29.0500,30.0000,31,30,30,30,29,30,40,29,30,40,29,30,31,30,30,30,29,30,40,29,30,40,30,30,43.00,40.00,30.822,0.281,2.7976,sat down ~19:22Z from 45/46C
1121.21,2026-09-28T19:45:52Z,501,31.0000,30.0000,30.0000,30.0000,29.0000,30.0000,40.0000,29.0000,30.0000,40.0000,29.0858,30.0000,31,30,30,30,29,30,40,29,30,40,29,30,31,30,30,30,29,30,40,29,30,40,30,30,42.99,40.00,30.821,0.282,2.7976,sat down ~19:22Z from 45/46C
1122.21,2026-09-28T19:45:53Z,499,31.0000,30.0000,30.0000,30.0000,29.0000,30.0000,40.0000,29.0000,30.0000,40.0000,29.0361,30.0000,31,30,30,30,29,30,40,29,30,40,29,30,31,30,30,30,29,30,40,29,30,40,30,30,42.99,40.00,30.821,0.280,2.7976,sat down ~19:22Z from 45/46C
1123.21,2026-09-28T19:45:54Z,500,31.0000,30.0000,30.0000,30.0000,29.0000,30.0000,40.0000,29.0000,30.0000,40.0000,29.0060,30.0000,31,30,30,30,29,30,40,29,30,40,29,30,31,30,30,30,29,30,40,29,30,40,30,30,42.99,40.00,30.821,0.285,2.7976,sat down ~19:22Z from 45/46C
1124.21,2026-09-28T19:45:55Z,500,31.0000,30.0000,30.0000,30.0000,29.0000,30.0000,40.0000,29.0000,30.0000,40.0000,29.0060,30.0000,31,30,30,30,29,30,40,29,30,40,29,30,31,30,30,30,29,30,40,29,30,40,30,30,42.99,40.00,30.821,0.278,2.7976,sat down ~19:22Z from 45/46C
1125.21,2026-09-28T19:45:56Z,501,31.0000,30.0000,30.0000,30.0000,29.0000,30.0000,40.0000,29.0000,30.0000,40.0000,29.0160,30.0000,31,30,30,30,29,30,40,29,30,40,29,30,31,30,30,30,29,30,40,29,30,40,30,30,43.00,40.00,30.821,0.277,2.7976,sat down ~19:22Z from 45/46C
1126.21,2026-09-28T19:45:57Z,500,31.0000,30.0000,30.0000,30.0000,29.0000,30.0000,40.0000,29.0000,30.0000,40.0000,29.0360,30.0000,31,30,30,30,29,30,40,29,30,40,29,30,31,30,30,30,29,30,40,29,30,40,30,30,43.00,40.00,30.821,0.276,2.7976,sat down ~19:22Z from 45/46C
1127.21,2026-09-28T19:45:58Z,501,31.0000,30.0000,30.0000,30.0000,29.0000,30.0000,40.0000,29.0000,30.0000,40.0000,29.0559,30.0000,31,30,30,30,29,30,40,29,30,40,29,30,31,30,30,30,29,30,40,29,30,40,30,30,42.99,40.00,30.820,0.279,2.7976,sat down ~19:22Z from 45/46C
1128.21,2026-09-28T19:45:59Z,500,31.0000,30.0000,30.0000,30.0000,29.0000,30.0000,40.0000,29.0000,30.0000,40.0000,29.0140,30.0000,31,30,30,30,29,30,40,29,30,40,29,30,31,30,30,30,29,30,40,29,30,40,30,30,43.00,40.00,30.819,0.274,2.7976,sat down ~19:22Z from 45/46C
1129.21,2026-09-28T19:46:00Z,500,31.0000,30.0000,30.0000,30.0000,29.0000,30.0000,40.0000,29.0000,30.0000,40.0000,29.1020,30.0000,31,30,30,30,29,30,40,29,30,40,29,30,31,30,30,30,29,30,40,29,30,40,30,30,43.00,40.00,30.819,0.276,2.7976,sat down ~19:22Z from 45/46C
1130.21,2026-09-28T19:46:01Z,500,31.0000,30.0000,30.0000,30.0000,29.0000,30.0000,40.0000,29.0000,30.0000,40.0000,29.1180,30.0000,31,30,30,30,29,30,40,29,30,40,29,30,31,30,30,30,29,30,40,29,30,40,30,30,42.99,40.00,30.819,0.276,2.7976,sat down ~19:22Z from 45/46C
1131.21,2026-09-28T19:46:02Z,501,31.0000,30.0000,30.0000,30.0000,29.0000,30.0000,40.0000,29.0000,30.0000,40.0000,29.1776,30.0000,31,30,30,30,29,30,40,29,30,40,29,30,31,30,30,30,29,30,40,29,30,40,30,30,42.99,40.00,30.819,0.277,2.7976,sat down ~19:22Z from 45/46C
1132.22,2026-09-28T19:46:03Z,500,31.0000,30.0000,30.0000,30.0000,29.0000,30.0000,40.0000,29.0000,30.0000,40.0000,29.2580,30.0000,31,30,30,30,29,30,40,29,30,40,29,30,31,30,30,30,29,30,40,29,30,40,30,30,43.00,40.00,30.819,0.278,2.7976,sat down ~19:22Z from 45/46C
1133.22,2026-09-28T19:46:04Z,499,31.0000,30.0000,30.0000,30.0000,29.0000,30.0000,40.0000,29.0000,30.0000,40.0000,29.2064,30.0000,31,30,30,30,29,30,40,29,30,40,29,30,31,30,30,30,29,30,40,29,30,40,30,30,43.00,40.00,30.819,0.281,2.7976,sat down ~19:22Z from 45/46C
1134.22,2026-09-28T19:46:05Z,501,31.0000,30.0000,30.0000,30.0000,29.0000,30.0000,40.0000,29.0000,30.0000,40.0000,29.1856,30.0000,31,30,30,30,29,30,40,29,30,40,29,30,31,30,30,30,29,30,40,29,30,40,30,30,42.99,40.00,30.818,0.279,2.7976,sat down ~19:22Z from 45/46C
1135.22,2026-09-28T19:46:06Z,499,31.0000,30.0000,30.0000,30.0000,29.0000,30.0000,40.0000,29.0000,30.0000,40.0000,29.1764,30.0000,31,30,30,30,29,30,40,29,30,40,29,30,31,30,30,30,29,30,40,29,30,40,30,30,42.99,40.00,30.818,0.281,2.7976,sat down ~19:22Z from 45/46C
1136.22,2026-09-28T19:46:07Z,500,31.0000,30.0000,30.0000,30.0000,29.0000,30.0000,40.0000,29.0000,30.0000,40.0000,29.1220,30.0000,31,30,30,30,29,30,40,29,30,40,29,30,31,30,30,30,29,30,40,29,30,40,30,30,42.99,40.00,30.818,0.279,2.7976,sat down ~19:22Z from 45/46C
1137.22,2026-09-28T19:46:08Z,501,31.0000,30.0000,30.0000,30.0000,29.0000,30.0000,40.0000,29.0000,30.0000,40.0000,29.1257,30.0000,31,30,30,30,29,30,40,29,30,40,29,30,31,30,30,30,29,30,40,29,30,40,30,30,42.99,40.00,30.818,0.277,2.7976,sat down ~19:22Z from 45/46C
1138.22,2026-09-28T19:46:09Z,501,31.0000,30.0000,30.0000,30.0000,29.0000,30.0000,40.0000,29.0000,30.0000,40.0000,29.0659,30.0000,31,30,30,30,29,30,40,29,30,40,29,30,31,30,30,30,29,30,40,29,30,40,30,30,42.99,40.00,30.817,0.278,2.7976,sat down ~19:22Z from 45/46C
1139.22,2026-09-28T19:46:10Z,500,31.0000,30.0000,30.0000,30.0000,29.0000,30.0000,40.0000,29.0000,30.0000,40.0000,29.0280,30.0000,31,30,30,30,29,30,40,29,30,40,29,30,31,30,30,30,29,30,40,29,30,40,30,30,43.00,40.00,30.817,0.275,2.7976,sat down ~19:22Z from 45/46C
1140.23,2026-09-28T19:46:11Z,501,31.0000,30.0000,30.0000,30.0000,29.0000,30.0000,40.0000,29.0000,30.0000,40.0000,29.0279,30.0000,31,30,30,30,29,30,40,29,30,40,29,30,31,30,30,30,29,30,40,29,30,40,30,30,42.99,40.00,30.816,0.276,2.7976,sat down ~19:22Z from 45/46C
1141.23,2026-09-28T19:46:12Z,500,31.0000,30.0000,30.0000,30.0000,29.0000,30.0000,40.0000,29.0000,30.0000,40.0000,29.0820,30.0000,31,30,30,30,29,30,40,29,30,40,29,30,31,30,30,30,29,30,40,29,30,40,30,30,42.99,40.00,30.816,0.276,2.7976,sat down ~19:22Z from 45/46C
1142.23,2026-09-28T19:46:13Z,500,31.0000,30.0000,30.0000,30.0000,29.0000,30.0000,40.0000,29.0000,30.0000,40.0000,29.1940,30.0000,31,30,30,30,29,30,40,29,30,40,29,30,31,30,30,30,29,30,40,29,30,40,30,30,43.00,40.00,30.816,0.277,2.7976,sat down ~19:22Z from 45/46C
1143.23,2026-09-28T19:46:14Z,501,31.0000,30.0000,30.0000,30.0000,29.0000,30.0000,40.0000,29.0000,30.0000,40.0000,29.2575,30.0000,31,30,30,30,29,30,40,29,30,40,29,30,31,30,30,30,29,30,40,29,30,40,30,30,42.99,40.00,30.815,0.280,2.7976,sat down ~19:22Z from 45/46C
1144.23,2026-09-28T19:46:15Z,501,31.0000,30.0000,30.0000,30.0000,29.0000,30.0000,40.0000,29.0000,30.0000,40.0000,29.3673,30.0000,31,30,30,30,29,30,40,29,30,40,29,30,31,30,30,30,29,30,40,29,30,40,30,30,43.00,40.00,30.814,0.278,2.7976,sat down ~19:22Z from 45/46C
1145.23,2026-09-28T19:46:16Z,500,31.0000,30.0000,30.0000,30.0000,29.0000,30.0000,40.0000,29.0000,30.0000,40.0000,29.4780,30.0000,31,30,30,30,29,30,40,29,30,40,29,30,31,30,30,30,29,30,40,29,30,40,30,30,42.99,40.00,30.815,0.280,2.7976,sat down ~19:22Z from 45/46C
1146.23,2026-09-28T19:46:17Z,501,31.0000,30.0000,30.0000,30.0000,29.0000,30.0000,40.0000,29.0000,30.0000,40.0000,29.5010,30.0000,31,30,30,30,29,30,40,29,30,40,29,30,31,30,30,30,29,30,40,29,30,40,30,30,42.99,40.00,30.815,0.278,2.7976,sat down ~19:22Z from 45/46C
1147.23,2026-09-28T19:46:18Z,501,31.0000,30.0000,30.0000,30.0000,29.0000,30.0000,40.0000,29.0000,30.0000,40.0000,29.4750,30.0000,31,30,30,30,29,30,40,29,30,40,29,30,31,30,30,30,29,30,40,29,30,40,30,30,43.00,40.00,30.814,0.277,2.7976,sat down ~19:22Z from 45/46C
1148.23,2026-09-28T19:46:19Z,500,31.0000,30.0000,30.0000,30.0000,29.0000,30.0000,40.0000,29.0000,30.0000,40.0000,29.5220,30.0000,31,30,30,30,29,30,40,29,30,40,29,30,31,30,30,30,29,30,40,29,30,40,30,30,43.00,40.00,30.813,0.273,2.7976,sat down ~19:22Z from 45/46C
1149.24,2026-09-28T19:46:20Z,501,31.0000,30.0000,30.0000,30.0000,29.0000,30.0000,40.0000,29.0000,30.0000,40.0000,29.2934,30.0000,31,30,30,30,29,30,40,29,30,40,29,30,31,30,30,30,29,30,40,29,30,40,30,30,43.00,40.00,30.814,0.277,2.7976,sat down ~19:22Z from 45/46C
1150.24,2026-09-28T19:46:21Z,501,31.0000,30.0000,30.0000,30.0000,29.0000,30.0000,40.0000,29.0000,30.0000,40.0000,29.2275,30.0000,31,30,30,30,29,30,40,29,30,40,29,30,31,30,30,30,29,30,40,29,30,40,30,30,42.99,40.00,30.813,0.278,2.7976,sat down ~19:22Z from 45/46C
1151.24,2026-09-28T19:46:22Z,501,31.0000,30.0000,30.0000,30.0000,29.0000,30.0000,40.0000,29.0000,30.0000,40.0000,29.2515,30.0000,31,30,30,30,29,30,40,29,30,40,29,30,31,30,30,30,29,30,40,29,30,40,30,30,42.99,40.00,30.813,0.277,2.7976,sat down ~19:22Z from 45/46C
1152.24,2026-09-28T19:46:23Z,500,31.0000,30.0000,30.0000,30.0000,29.0000,30.0000,40.0000,29.0000,30.0000,40.0000,29.1980,30.0000,31,30,30,30,29,30,40,29,30,40,29,30,31,30,30,30,29,30,40,29,30,40,30,30,42.99,40.00,30.813,0.278,2.7976,sat down ~19:22Z from 45/46C
1153.24,2026-09-28T19:46:24Z,501,31.0000,30.0000,30.0000,30.0000,29.0000,30.0000,40.0000,29.0000,30.0000,40.0000,29.1118,30.0000,31,30,30,30,29,30,40,29,30,40,29,30,31,30,30,30,29,30,40,29,30,40,30,30,42.99,40.00,30.813,0.279,2.7976,sat down ~19:22Z from 45/46C
1154.24,2026-09-28T19:46:25Z,500,31.0000,30.0000,30.0000,30.0000,29.0000,30.0000,40.0000,29.0000,30.0000,40.0000,29.2500,30.0000,31,30,30,30,29,30,40,29,30,40,29,30,31,30,30,30,29,30,40,29,30,40,30,30,42.99,40.00,30.813,0.281,2.7976,sat down ~19:22Z from 45/46C
1155.24,2026-09-28T19:46:26Z,500,31.0000,30.0000,30.0000,30.0000,29.0000,30.0000,40.0000,29.0000,30.0000,40.0000,29.2080,30.0000,31,30,30,30,29,30,40,29,30,40,29,30,31,30,30,30,29,30,40,29,30,40,30,30,42.99,40.00,30.812,0.278,2.7976,sat down ~19:22Z from 45/46C
1156.24,2026-09-28T19:46:27Z,501,31.0000,30.0000,30.0000,30.0000,29.0000,30.0000,40.0000,29.0000,30.0000,40.0000,29.4291,30.0000,31,30,30,30,29,30,40,29,30,40,29,30,31,30,30,30,29,30,40,29,30,40,30,30,43.00,40.00,30.813,0.276,2.7976,sat down ~19:22Z from 45/46C
1157.24,2026-09-28T19:46:28Z,499,31.0000,30.0000,30.0000,30.0000,29.0000,30.0000,40.0000,29.0000,30.0000,40.0000,29.3246,30.0000,31,30,30,30,29,30,40,29,30,40,29,30,31,30,30,30,29,30,40,29,30,40,30,30,42.99,40.00,30.812,0.276,2.7976,sat down ~19:22Z from 45/46C
1158.25,2026-09-28T19:46:29Z,498,31.0000,30.0000,30.0000,30.0000,29.0000,30.0000,40.0000,29.0000,30.0000,40.0000,29.3253,30.0000,31,30,30,30,29,30,40,29,30,40,29,30,31,30,30,30,29,30,40,29,30,40,30,30,42.99,40.00,30.812,0.280,2.7976,sat down ~19:22Z from 45/46C
1159.25,2026-09-28T19:46:30Z,500,31.0000,30.0000,30.0000,30.0000,29.0000,30.0000,40.0000,29.0000,30.0000,40.0000,29.2760,30.0000,31,30,30,30,29,30,40,29,30,40,29,30,31,30,30,30,29,30,40,29,30,40,30,30,42.99,40.00,30.812,0.281,2.7976,sat down ~19:22Z from 45/46C
1160.25,2026-09-28T19:46:31Z,500,31.0000,30.0000,30.0000,30.0000,29.0000,30.0000,40.0000,29.0000,30.0000,40.0000,29.3120,30.0000,31,30,30,30,29,30,40,29,30,40,29,30,31,30,30,30,29,30,40,29,30,40,30,30,42.99,40.00,30.811,0.277,2.7976,sat down ~19:22Z from 45/46C
1161.25,2026-09-28T19:46:32Z,501,31.0000,30.0000,30.0000,30.0000,29.0000,30.0000,40.0000,29.0000,30.0000,40.0000,29.3772,30.0000,31,30,30,30,29,30,40,29,30,40,29,30,31,30,30,30,29,30,40,29,30,40,30,30,42.99,40.00,30.811,0.277,2.7976,sat down ~19:22Z from 45/46C
1162.25,2026-09-28T19:46:33Z,501,31.0000,30.0000,30.0000,30.0000,29.0000,30.0000,40.0000,29.0000,30.0000,40.0000,29.2874,30.0000,31,30,30,30,29,30,40,29,30,40,29,30,31,30,30,30,29,30,40,29,30,40,30,30,42.99,40.00,30.811,0.276,2.7976,sat down ~19:22Z from 45/46C
1163.25,2026-09-28T19:46:34Z,501,31.0000,30.0000,30.0000,30.0000,29.0000,30.0000,40.0000,29.0000,30.0000,40.0000,29.4411,30.0000,31,30,30,30,29,30,40,29,30,40,29,30,31,30,30,30,29,30,40,29,30,40,30,30,42.99,40.00,30.811,0.279,2.7976,sat down ~19:22Z from 45/46C
1164.25,2026-09-28T19:46:35Z,500,31.0000,30.0000,30.0000,30.0000,29.0000,30.0000,40.0000,29.0000,30.0000,40.0000,29.5140,30.0000,31,30,30,30,29,30,40,29,30,40,29,30,31,30,30,30,29,30,40,29,30,40,30,30,42.99,40.00,30.811,0.278,2.7976,sat down ~19:22Z from 45/46C
1165.25,2026-09-28T19:46:36Z,500,31.0000,30.0000,30.0000,30.0000,29.0000,30.0000,40.0000,29.0000,30.0000,40.0000,29.4820,30.0000,31,30,30,30,29,30,40,29,30,40,29,30,31,30,30,30,29,30,40,29,30,40,30,30,43.00,40.00,30.810,0.276,2.7976,sat down ~19:22Z from 45/46C
1166.25,2026-09-28T19:46:37Z,501,31.0000,30.0000,30.0000,30.0000,29.0000,30.0000,40.0000,29.0000,30.0000,40.0000,29.2794,30.0000,31,30,30,30,29,30,40,29,30,40,29,30,31,30,30,30,29,30,40,29,30,40,30,30,43.00,40.00,30.810,0.277,2.7976,sat down ~19:22Z from 45/46C
1167.25,2026-09-28T19:46:38Z,500,31.0000,30.0000,30.0000,30.0000,29.0000,30.0000,40.0000,29.0000,30.0000,40.0000,29.1860,30.0000,31,30,30,30,29,30,40,29,30,40,29,30,31,30,30,30,29,30,40,29,30,40,30,30,43.00,40.00,30.810,0.275,2.7976,sat down ~19:22Z from 45/46C
1168.26,2026-09-28T19:46:39Z,501,31.0000,30.0000,30.0000,30.0000,29.0000,30.0000,40.0000,29.0000,30.0000,40.0000,29.2315,30.0000,31,30,30,30,29,30,40,29,30,40,29,30,31,30,30,30,29,30,40,29,30,40,30,30,42.99,40.00,30.810,0.278,2.7976,sat down ~19:22Z from 45/46C
1169.26,2026-09-28T19:46:40Z,501,31.0000,30.0000,30.0000,30.0000,29.0000,30.0000,40.0000,29.0000,30.0000,40.0000,29.3353,30.0000,31,30,30,30,29,30,40,29,30,40,29,30,31,30,30,30,29,30,40,29,30,40,30,30,42.99,40.00,30.809,0.272,2.7976,sat down ~19:22Z from 45/46C
1170.26,2026-09-28T19:46:41Z,500,31.0000,30.0000,30.0000,30.0000,29.0000,30.0000,40.0000,29.0000,30.0000,40.0000,29.3700,30.0000,31,30,30,30,29,30,40,29,30,40,29,30,31,30,30,30,29,30,40,29,30,40,30,30,43.00,40.00,30.810,0.275,2.7976,sat down ~19:22Z from 45/46C
1171.26,2026-09-28T19:46:42Z,501,31.0000,30.0000,30.0000,30.0000,29.0000,30.0000,40.0000,29.0000,30.0000,40.0000,29.4052,30.0000,31,30,30,30,29,30,40,29,30,40,29,30,31,30,30,30,29,30,40,29,30,40,30,30,42.99,40.00,30.809,0.279,2.7976,sat down ~19:22Z from 45/46C
1172.26,2026-09-28T19:46:43Z,500,31.0000,30.0000,30.0000,30.0000,29.0000,30.0000,40.0000,29.0000,30.0000,40.0000,29.4240,30.0000,31,30,30,30,29,30,40,29,30,40,29,30,31,30,30,30,29,30,40,29,30,40,30,30,43.00,40.00,30.809,0.278,2.7976,sat down ~19:22Z from 45/46C
1173.26,2026-09-28T19:46:44Z,500,31.0000,30.0000,30.0000,30.0000,29.0000,30.0000,40.0000,29.0000,30.0000,40.0000,29.4040,30.0000,31,30,30,30,29,30,40,29,30,40,29,30,31,30,30,30,29,30,40,29,30,40,30,30,42.97,39.99,30.808,0.277,2.7976,sat down ~19:22Z from 45/46C
1174.26,2026-09-28T19:46:45Z,501,31.0000,30.0000,30.0000,30.0000,29.0000,30.0000,40.0000,29.0000,30.0000,40.0000,29.4750,30.0000,31,30,30,30,29,30,40,29,30,40,29,30,31,30,30,30,29,30,40,29,30,40,30,30,43.00,40.00,30.808,0.277,2.7976,sat down ~19:22Z from 45/46C
1175.26,2026-09-28T19:46:46Z,501,31.0000,30.0000,30.0000,30.0000,29.0000,30.0000,40.0000,29.0000,30.0000,40.0000,29.4291,30.0000,31,30,30,30,29,30,40,29,30,40,29,30,31,30,30,30,29,30,40,29,30,40,30,30,43.00,40.00,30.808,0.278,2.7976,sat down ~19:22Z from 45/46C
1176.26,2026-09-28T19:46:47Z,500,31.0000,30.0000,30.0000,30.0000,29.0000,30.0000,40.0000,29.0000,30.0000,40.0000,29.3120,30.0000,31,30,30,30,29,30,40,29,30,40,29,30,31,30,30,30,29,30,40,29,30,40,30,30,42.99,40.00,30.807,0.278,2.7976,sat down ~19:22Z from 45/46C
1177.26,2026-09-28T19:46:48Z,501,31.0000,30.0000,30.0000,30.0000,29.0000,30.0000,40.0000,29.0000,30.0000,40.0000,29.1158,30.0000,31,30,30,30,29,30,40,29,30,40,29,30,31,30,30,30,29,30,40,29,30,40,30,30,43.00,40.00,30.807,0.276,2.7976,sat down ~19:22Z from 45/46C
1178.26,2026-09-28T19:46:49Z,500,31.0000,30.0000,30.0000,30.0000,29.0000,30.0000,40.0000,29.0000,30.0000,40.0000,29.0580,30.0000,31,30,30,30,29,30,40,29,30,40,29,30,31,30,30,30,29,30,40,29,30,40,30,30,43.00,40.00,30.807,0.278,2.7976,sat down ~19:22Z from 45/46C
1179.27,2026-09-28T19:46:50Z,501,31.0000,30.0000,30.0000,30.0000,29.0000,30.0000,40.0000,29.0000,30.0000,40.0000,29.0200,30.0000,31,30,30,30,29,30,40,29,30,40,29,30,31,30,30,30,29,30,40,29,30,40,30,30,42.99,40.00,30.806,0.281,2.7976,sat down ~19:22Z from 45/46C
1180.27,2026-09-28T19:46:51Z,499,31.0000,30.0000,30.0000,30.0000,29.0000,30.0000,40.0000,29.0000,30.0000,40.0000,29.0140,30.0000,31,30,30,30,29,30,40,29,30,40,29,30,31,30,30,30,29,30,40,29,30,40,30,30,43.00,40.00,30.806,0.278,2.7976,sat down ~19:22Z from 45/46C
1181.27,2026-09-28T19:46:52Z,501,31.0000,30.0000,30.0000,30.0000,29.0000,30.0000,40.0000,29.0000,30.0000,40.0000,29.1737,30.0000,31,30,30,30,29,30,40,29,30,40,29,30,31,30,30,30,29,30,40,29,30,40,30,30,43.00,40.00,30.806,0.280,2.7976,sat down ~19:22Z from 45/46C
1182.27,2026-09-28T19:46:53Z,501,31.0000,30.0000,30.0000,30.0000,29.0000,30.0000,40.0000,29.0000,30.0000,40.0000,29.1836,30.0000,31,30,30,30,29,30,40,29,30,40,29,30,31,30,30,30,29,30,40,29,30,40,30,30,43.00,40.00,30.806,0.280,2.7976,sat down ~19:22Z from 45/46C
1183.27,2026-09-28T19:46:54Z,499,31.0000,30.0000,30.0000,30.0000,29.0000,30.0000,40.0000,29.0000,30.0000,40.0000,29.1864,30.0000,31,30,30,30,29,30,40,29,30,40,29,30,31,30,30,30,29,30,40,29,30,40,30,30,43.00,40.00,30.805,0.275,2.7976,sat down ~19:22Z from 45/46C
1184.27,2026-09-28T19:46:55Z,501,31.0000,30.0000,30.0000,30.0000,29.0000,30.0000,40.0000,29.0000,30.0000,40.0000,29.1577,30.0000,31,30,30,30,29,30,40,29,30,40,29,30,31,30,30,30,29,30,40,29,30,40,30,30,42.98,40.00,30.806,0.279,2.7976,sat down ~19:22Z from 45/46C
1185.27,2026-09-28T19:46:56Z,500,31.0000,30.0000,30.0000,30.0000,29.0000,30.0000,40.0000,29.0000,30.0000,40.0000,29.2000,30.0000,31,30,30,30,29,30,40,29,30,40,29,30,31,30,30,30,29,30,40,29,30,40,30,30,43.00,40.00,30.805,0.276,2.7976,sat down ~19:22Z from 45/46C
1186.27,2026-09-28T19:46:57Z,500,31.0000,30.0000,30.0000,30.0000,29.0000,30.0000,40.0000,29.0000,30.0000,40.0000,29.2180,30.0000,31,30,30,30,29,30,40,29,30,40,29,30,31,30,30,30,29,30,40,29,30,40,30,30,43.00,40.00,30.805,0.278,2.7976,sat down ~19:22Z from 45/46C
1187.27,2026-09-28T19:46:58Z,501,31.0000,30.0000,30.0000,30.0000,29.0000,30.0000,40.0000,29.0000,30.0000,40.0000,29.2834,30.0000,31,30,30,30,29,30,40,29,30,40,29,30,31,30,30,30,29,30,40,29,30,40,30,30,43.00,40.00,30.805,0.282,2.7976,sat down ~19:22Z from 45/46C
1188.27,2026-09-28T19:46:59Z,498,31.0000,30.0000,30.0000,30.0000,29.0000,30.0000,40.0000,29.0000,30.0000,40.0000,29.2791,30.0000,31,30,30,30,29,30,40,29,30,40,29,30,31,30,30,30,29,30,40,29,30,40,30,30,43.00,40.00,30.805,0.281,2.7976,sat down ~19:22Z from 45/46C
1189.27,2026-09-28T19:47:00Z,500,31.0000,30.0000,30.0000,30.0000,29.0000,30.0000,40.0000,29.0000,30.0000,40.0000,29.2000,30.0000,31,30,30,30,29,30,40,29,30,40,29,30,31,30,30,30,29,30,40,29,30,40,30,30,42.99,40.00,30.804,0.279,2.7976,sat down ~19:22Z from 45/46C
1190.28,2026-09-28T19:47:01Z,501,31.0000,30.0000,30.0000,30.0000,29.0000,30.0000,40.0000,29.0000,30.0000,40.0000,29.1976,30.0000,31,30,30,30,29,30,40,29,30,40,29,30,31,30,30,30,29,30,40,29,30,40,30,30,42.99,40.00,30.804,0.281,2.7976,sat down ~19:22Z from 45/46C
1191.28,2026-09-28T19:47:02Z,501,31.0000,30.0000,30.0000,30.0000,29.0000,30.0000,40.0000,29.0000,30.0000,40.0000,29.1856,30.0000,31,30,30,30,29,30,40,29,30,40,29,30,31,30,30,30,29,30,40,29,30,40,30,30,43.00,40.00,30.803,0.279,2.7976,sat down ~19:22Z from 45/46C
1192.28,2026-09-28T19:47:03Z,500,31.0000,30.0000,30.0000,30.0000,29.0000,30.0000,40.0000,29.0000,30.0000,40.0000,29.2160,30.0000,31,30,30,30,29,30,40,29,30,40,29,30,31,30,30,30,29,30,40,29,30,40,30,30,42.99,40.00,30.804,0.277,2.7976,sat down ~19:22Z from 45/46C
1193.28,2026-09-28T19:47:04Z,500,31.0000,30.0000,30.0000,30.0000,29.0000,30.0000,40.0000,29.0000,30.0000,40.0000,29.3320,30.0000,31,30,30,30,29,30,40,29,30,40,29,30,31,30,30,30,29,30,40,29,30,40,30,30,43.00,40.00,30.804,0.277,2.7976,sat down ~19:22Z from 45/46C
1194.28,2026-09-28T19:47:05Z,501,31.0000,30.0000,30.0000,30.0000,29.0000,30.0000,40.0000,29.0000,30.0000,40.0000,29.3453,30.0000,31,30,30,30,29,30,40,29,30,40,29,30,31,30,30,30,29,30,40,29,30,40,30,30,43.00,40.00,30.803,0.276,2.7976,sat down ~19:22Z from 45/46C
1195.28,2026-09-28T19:47:06Z,501,31.0000,30.0000,30.0000,30.0000,29.0000,30.0000,40.0000,29.0000,30.0000,40.0000,29.5050,30.0000,31,30,30,30,29,30,40,29,30,40,29,30,31,30,30,30,29,30,40,29,30,40,30,30,43.00,40.00,30.803,0.278,2.7976,sat down ~19:22Z from 45/46C
1196.28,2026-09-28T19:47:07Z,497,31.0000,30.0000,30.0000,30.0000,29.0000,30.0000,40.0000,29.0000,30.0000,40.0000,29.2978,30.0000,31,30,30,30,29,30,40,29,30,40,29,30,31,30,30,30,29,30,40,29,30,40,30,30,43.00,40.00,30.803,0.278,2.7976,sat down ~19:22Z from 45/46C
1197.28,2026-09-28T19:47:08Z,500,31.0000,30.0000,30.0000,30.0000,29.0000,30.0000,40.0000,29.0000,30.0000,40.0000,29.3380,30.0000,31,30,30,30,29,30,40,29,30,40,29,30,31,30,30,30,29,30,40,29,30,40,30,30,42.99,40.00,30.802,0.275,2.7976,sat down ~19:22Z from 45/46C
1198.28,2026-09-28T19:47:09Z,499,31.0000,30.0000,30.0000,30.0000,29.0000,30.0000,40.0000,29.0000,30.0000,40.0000,29.3106,30.0000,31,30,30,30,29,30,40,29,30,40,29,30,31,30,30,30,29,30,40,29,30,40,30,30,43.00,40.00,30.802,0.276,2.7976,sat down ~19:22Z from 45/46C
1199.29,2026-09-28T19:47:10Z,502,31.0000,30.0000,30.0000,30.0000,29.0000,30.0000,40.0000,29.0000,30.0000,40.0000,29.2590,30.0000,31,30,30,30,29,30,40,29,30,40,29,30,31,30,30,30,29,30,40,29,30,40,30,30,43.00,40.00,30.802,0.279,2.7976,sat down ~19:22Z from 45/46C
1200.29,2026-09-28T19:47:11Z,500,31.0000,30.0000,30.0000,30.0000,29.0000,30.0000,40.0000,29.0000,30.0000,40.0000,29.1620,30.0000,31,30,30,30,29,30,40,29,30,40,29,30,31,30,30,30,29,30,40,29,30,40,30,30,43.00,40.00,30.801,0.273,2.7976,sat down ~19:22Z from 45/46C
1201.29,2026-09-28T19:47:12Z,500,31.0000,30.0000,30.0000,30.0000,29.0000,30.0000,40.0000,29.0000,30.0000,40.0000,29.2520,30.0000,31,30,30,30,29,30,40,29,30,40,29,30,31,30,30,30,29,30,40,29,30,40,30,30,43.00,40.00,30.802,0.277,2.7976,sat down ~19:22Z from 45/46C
1202.29,2026-09-28T19:47:13Z,501,31.0000,30.0000,30.0000,30.0000,29.0000,30.0000,40.0000,29.0000,30.0000,40.0000,29.3493,30.0000,31,30,30,30,29,30,40,29,30,40,29,30,31,30,30,30,29,30,40,29,30,40,30,30,43.00,40.00,30.801,0.274,2.7976,sat down ~19:22Z from 45/46C
1203.29,2026-09-28T19:47:14Z,500,31.0000,30.0000,30.0000,30.0000,29.0000,30.0000,40.0000,29.0000,30.0000,40.0000,29.3280,30.0000,31,30,30,30,29,30,40,29,30,40,29,30,31,30,30,30,29,30,40,29,30,40,30,30,43.00,40.00,30.801,0.279,2.7976,sat down ~19:22Z from 45/46C
1204.29,2026-09-28T19:47:15Z,501,31.0000,30.0000,30.0000,30.0000,29.0000,30.0000,40.0000,29.0000,30.0000,40.0000,29.4890,30.0000,31,30,30,30,29,30,40,29,30,40,29,30,31,30,30,30,29,30,40,29,30,40,30,30,43.00,40.00,30.801,0.277,2.7976,sat down ~19:22Z from 45/46C
1205.29,2026-09-28T19:47:16Z,500,31.0000,30.0000,30.0000,30.0000,29.0000,30.0000,40.0000,29.0000,30.0000,40.0000,29.3460,30.0000,31,30,30,30,29,30,40,29,30,40,29,30,31,30,30,30,29,30,40,29,30,40,30,30,43.00,40.00,30.800,0.274,2.7976,sat down ~19:22Z from 45/46C
1206.29,2026-09-28T19:47:17Z,500,31.0000,30.0000,30.0000,30.0000,29.0000,30.0000,40.0000,29.0000,30.0000,40.0000,29.2560,30.0000,31,30,30,30,29,30,40,29,30,40,29,30,31,30,30,30,29,30,40,29,30,40,30,30,43.00,40.00,30.800,0.276,2.7976,sat down ~19:22Z from 45/46C
1207.29,2026-09-28T19:47:18Z,501,31.0000,30.0000,30.0000,30.0000,29.0000,30.0000,40.0000,29.0000,30.0000,40.0000,29.2934,30.0000,31,30,30,30,29,30,40,29,30,40,29,30,31,30,30,30,29,30,40,29,30,40,30,30,43.00,40.00,30.800,0.280,2.7976,sat down ~19:22Z from 45/46C
1208.30,2026-09-28T19:47:19Z,501,31.0000,30.0000,30.0000,30.0000,29.0000,30.0000,40.0000,29.0000,30.0000,40.0000,29.3273,30.0000,31,30,30,30,29,30,40,29,30,40,29,30,31,30,30,30,29,30,40,29,30,40,30,30,43.00,40.00,30.800,0.278,2.7976,sat down ~19:22Z from 45/46C
1209.30,2026-09-28T19:47:20Z,500,31.0000,30.0000,30.0000,30.0000,29.0000,30.0000,40.0000,29.0000,30.0000,40.0000,29.2340,30.0000,31,30,30,30,29,30,40,29,30,40,29,30,31,30,30,30,29,30,40,29,30,40,30,30,42.98,40.00,30.799,0.275,2.7976,sat down ~19:22Z from 45/46C
1210.30,2026-09-28T19:47:21Z,501,31.0000,30.0000,30.0000,30.0000,29.0000,30.0000,40.0000,29.0000,30.0000,40.0000,29.0938,30.0000,31,30,30,30,29,30,40,29,30,40,29,30,31,30,30,30,29,30,40,29,30,40,30,30,43.00,40.00,30.799,0.280,2.7976,sat down ~19:22Z from 45/46C
1211.30,2026-09-28T19:47:22Z,500,31.0000,30.0000,30.0000,30.0000,29.0000,30.0000,40.0000,29.0000,30.0000,40.0000,29.0460,30.0000,31,30,30,30,29,30,40,29,30,40,29,30,31,30,30,30,29,30,40,29,30,40,30,30,43.00,40.00,30.799,0.275,2.7976,sat down ~19:22Z from 45/46C
1212.30,2026-09-28T19:47:23Z,501,31.0000,30.0000,30.0000,30.0000,29.0000,30.0000,40.0000,29.0000,30.0000,40.0000,29.0120,30.0000,31,30,30,30,29,30,40,29,30,40,29,30,31,30,30,30,29,30,40,29,30,40,30,30,43.00,40.00,30.799,0.274,2.7976,sat down ~19:22Z from 45/46C
1213.30,2026-09-28T19:47:24Z,501,31.0000,30.0000,30.0000,30.0000,29.0000,30.0000,40.0000,29.0000,30.0000,40.0000,29.0120,30.0000,31,30,30,30,29,30,40,29,30,40,29,30,31,30,30,30,29,30,40,29,30,40,30,30,43.00,40.00,30.799,0.275,2.7976,sat down ~19:22Z from 45/46C
1214.30,2026-09-28T19:47:25Z,500,31.0000,30.0000,30.0000,30.0000,29.0000,30.0000,40.0000,29.0000,30.0000,40.0000,29.0080,30.0000,31,30,30,30,29,30,40,29,30,40,29,30,31,30,30,30,29,30,40,29,30,40,30,30,42.99,40.00,30.798,0.274,2.7976,sat down ~19:22Z from 45/46C
1215.30,2026-09-28T19:47:26Z,500,31.0000,30.0000,30.0000,30.0000,29.0000,30.0000,40.0000,29.0000,30.0000,40.0000,29.0000,30.0000,31,30,30,30,29,30,40,29,30,40,29,30,31,30,30,30,29,30,40,29,30,40,29,30,43.00,40.00,30.797,0.275,2.7976,sat down ~19:22Z from 45/46C
1216.30,2026-09-28T19:47:27Z,501,31.0000,30.0000,30.0000,30.0000,29.0000,30.0000,40.0000,29.0000,30.0000,40.0000,29.0140,30.0000,31,30,30,30,29,30,40,29,30,40,29,30,31,30,30,30,29,30,40,29,30,40,30,30,43.00,40.00,30.798,0.274,2.7976,sat down ~19:22Z from 45/46C
1217.31,2026-09-28T19:47:28Z,501,31.0000,30.0000,30.0000,30.0000,29.0000,30.0000,40.0000,29.0000,30.0000,40.0000,29.0559,30.0000,31,30,30,30,29,30,40,29,30,40,29,30,31,30,30,30,29,30,40,29,30,40,30,30,43.00,40.00,30.797,0.274,2.7976,sat down ~19:22Z from 45/46C
1218.31,2026-09-28T19:47:29Z,500,31.0000,30.0000,30.0000,30.0000,29.0000,30.0000,40.0000,29.0000,30.0000,40.0000,29.0740,30.0000,31,30,30,30,29,30,40,29,30,40,29,30,31,30,30,30,29,30,40,29,30,40,30,30,43.00,40.00,30.797,0.274,2.7976,sat down ~19:22Z from 45/46C
1219.31,2026-09-28T19:47:30Z,499,31.0000,30.0000,30.0000,30.0000,29.0000,30.0000,40.0000,29.0000,30.0000,40.0000,29.1263,30.0000,31,30,30,30,29,30,40,29,30,40,29,30,31,30,30,30,29,30,40,29,30,40,30,30,43.00,40.00,30.797,0.273,2.7976,sat down ~19:22Z from 45/46C
1220.31,2026-09-28T19:47:31Z,500,31.0000,30.0000,30.0000,30.0000,29.0000,30.0000,40.0000,29.0000,30.0000,40.0000,29.1100,30.0000,31,30,30,30,29,30,40,29,30,40,29,30,31,30,30,30,29,30,40,29,30,40,30,30,43.00,40.00,30.796,0.272,2.7976,sat down ~19:22Z from 45/46C
1221.31,2026-09-28T19:47:32Z,501,31.0000,30.0000,30.0000,30.0000,29.0000,30.0000,40.0000,29.0000,30.0000,40.0000,29.1697,30.0000,31,30,30,30,29,30,40,29,30,40,29,30,31,30,30,30,29,30,40,29,30,40,30,30,43.00,40.00,30.797,0.277,2.7976,sat down ~19:22Z from 45/46C
1222.31,2026-09-28T19:47:33Z,500,31.0000,30.0000,30.0000,30.0000,29.0000,30.0000,40.0000,29.0000,30.0000,40.0000,29.2320,30.0000,31,30,30,30,29,30,40,29,30,40,29,30,31,30,30,30,29,30,40,29,30,40,30,30,43.00,40.00,30.796,0.279,2.7976,sat down ~19:22Z from 45/46C
1223.31,2026-09-28T19:47:34Z,501,31.0000,30.0000,30.0000,30.0000,29.0000,30.0000,40.0000,29.0000,30.0000,40.0000,29.3134,30.0000,31,30,30,30,29,30,40,29,30,40,29,30,31,30,30,30,29,30,40,29,30,40,30,30,42.99,40.00,30.796,0.279,2.7976,sat down ~19:22Z from 45/46C
1224.31,2026-09-28T19:47:35Z,499,31.0000,30.0000,30.0000,30.0000,29.0000,30.0000,40.0000,29.0000,30.0000,40.0000,29.3788,30.0000,31,30,30,30,29,30,40,29,30,40,29,30,31,30,30,30,29,30,40,29,30,40,30,30,43.00,40.00,30.795,0.278,2.7976,sat down ~19:22Z from 45/46C
1225.31,2026-09-28T19:47:36Z,500,31.0000,30.0000,30.0000,30.0000,29.0000,30.0000,40.0000,29.0000,30.0000,40.0000,29.2980,30.0000,31,30,30,30,29,30,40,29,30,40,29,30,31,30,30,30,29,30,40,29,30,40,30,30,43.00,40.00,30.796,0.279,2.7976,sat down ~19:22Z from 45/46C
1226.32,2026-09-28T19:47:37Z,500,31.0000,30.0000,30.0000,30.0000,29.0000,30.0000,40.0000,29.0000,30.0000,40.0000,29.3380,30.0000,31,30,30,30,29,30,40,29,30,40,29,30,31,30,30,30,29,30,40,29,30,40,30,30,43.00,40.00,30.795,0.282,2.7976,sat down ~19:22Z from 45/46C
1227.32,2026-09-28T19:47:38Z,500,31.0000,30.0000,30.0000,30.0000,29.0000,30.0000,40.0000,29.0000,30.0000,40.0000,29.3880,30.0000,31,30,30,30,29,30,40,29,30,40,29,30,31,30,30,30,29,30,40,29,30,40,30,30,43.00,40.00,30.795,0.277,2.7976,sat down ~19:22Z from 45/46C
1228.32,2026-09-28T19:47:39Z,500,31.0000,30.0000,30.0000,30.0000,29.0000,30.0000,40.0000,29.0000,30.0000,40.0000,29.3520,30.0000,31,30,30,30,29,30,40,29,30,40,29,30,31,30,30,30,29,30,40,29,30,40,30,30,43.00,40.00,30.795,0.277,2.7976,sat down ~19:22Z from 45/46C
1229.32,2026-09-28T19:47:40Z,501,31.0000,30.0000,30.0000,30.0000,29.0000,30.0000,40.0000,29.0000,30.0000,40.0000,29.3194,30.0000,31,30,30,30,29,30,40,29,30,40,29,30,31,30,30,30,29,30,40,29,30,40,30,30,43.00,40.00,30.794,0.278,2.7976,sat down ~19:22Z from 45/46C
1230.32,2026-09-28T19:47:41Z,501,31.0000,30.0000,30.0000,30.0000,29.0000,30.0000,40.0000,29.0000,30.0000,40.0000,29.1756,30.0000,31,30,30,30,29,30,40,29,30,40,29,30,31,30,30,30,29,30,40,29,30,40,30,30,43.00,40.00,30.795,0.282,2.7976,sat down ~19:22Z from 45/46C
1231.32,2026-09-28T19:47:42Z,500,31.0000,30.0000,30.0000,30.0000,29.0000,30.0000,40.0000,29.0000,30.0000,40.0000,29.1260,30.0000,31,30,30,30,29,30,40,29,30,40,29,30,31,30,30,30,29,30,40,29,30,40,30,30,42.99,40.00,30.795,0.280,2.7976,sat down ~19:22Z from 45/46C
1232.32,2026-09-28T19:47:43Z,499,31.0000,30.0000,30.0000,30.0000,29.0000,30.0000,40.0000,29.0000,30.0000,40.0000,29.0661,30.0000,31,30,30,30,29,30,40,29,30,40,29,30,31,30,30,30,29,30,40,29,30,40,30,30,43.00,40.00,30.795,0.280,2.7976,sat down ~19:22Z from 45/46C
1233.32,2026-09-28T19:47:44Z,501,31.0000,30.0000,30.0000,30.0000,29.0000,30.0000,40.0000,29.0000,30.0000,40.0000,29.1816,30.0000,31,30,30,30,29,30,40,29,30,40,29,30,31,30,30,30,29,30,40,29,30,40,30,30,43.00,40.00,30.794,0.280,2.7976,sat down ~19:22Z from 45/46C
1234.32,2026-09-28T19:47:45Z,500,31.0000,30.0000,30.0000,30.0000,29.0000,30.0000,40.0000,29.0000,30.0000,40.0000,29.1660,30.0000,31,30,30,30,29,30,40,29,30,40,29,30,31,30,30,30,29,30,40,29,30,40,30,30,43.00,40.00,30.793,0.280,2.7976,sat down ~19:22Z from 45/46C
1235.33,2026-09-28T19:47:46Z,501,31.0000,30.0000,30.0000,30.0000,29.0000,30.0000,40.0000,29.0000,30.0000,40.0000,29.1337,30.0000,31,30,30,30,29,30,40,29,30,40,29,30,31,30,30,30,29,30,40,29,30,40,30,30,43.00,40.00,30.794,0.283,2.7976,sat down ~19:22Z from 45/46C
1236.33,2026-09-28T19:47:47Z,500,31.0000,30.0000,30.0000,30.0000,29.0000,30.0000,40.0000,29.0000,30.0000,40.0000,29.1700,30.0000,31,30,30,30,29,30,40,29,30,40,29,30,31,30,30,30,29,30,40,29,30,40,30,30,43.00,40.00,30.793,0.283,2.7976,sat down ~19:22Z from 45/46C
1237.33,2026-09-28T19:47:48Z,500,31.0000,30.0000,30.0000,30.0000,29.0000,30.0000,40.0000,29.0000,30.0000,40.0000,29.3500,30.0000,31,30,30,30,29,30,40,29,30,40,29,30,31,30,30,30,29,30,40,29,30,40,30,30,43.00,40.00,30.793,0.279,2.7976,sat down ~19:22Z from 45/46C
1238.33,2026-09-28T19:47:49Z,501,31.0000,30.0000,30.0000,30.0000,29.0000,30.0000,40.0000,29.0000,30.0000,40.0000,29.4232,30.0000,31,30,30,30,29,30,40,29,30,40,29,30,31,30,30,30,29,30,40,29,30,40,30,30,43.00,40.00,30.793,0.286,2.7976,sat down ~19:22Z from 45/46C
1239.33,2026-09-28T19:47:50Z,501,31.0000,30.0000,30.0000,30.0000,29.0000,30.0000,40.0000,29.0000,30.0000,40.0000,29.5010,30.0000,31,30,30,30,29,30,40,29,30,40,29,30,31,30,30,30,29,30,40,29,30,40,30,30,43.00,40.00,30.793,0.282,2.7976,sat down ~19:22Z from 45/46C
1240.33,2026-09-28T19:47:51Z,500,31.0000,30.0000,30.0000,30.0000,29.0000,30.0000,40.0000,29.0000,30.0000,40.0000,29.4060,30.0000,31,30,30,30,29,30,40,29,30,40,29,30,31,30,30,30,29,30,40,29,30,40,30,30,43.00,40.00,30.792,0.283,2.7976,sat down ~19:22Z from 45/46C
1241.33,2026-09-28T19:47:52Z,500,31.0000,30.0000,30.0000,30.0000,29.0000,30.0000,40.0000,29.0000,30.0000,40.0000,29.3520,30.0000,31,30,30,30,29,30,40,29,30,40,29,30,31,30,30,30,29,30,40,29,30,40,30,30,43.00,40.00,30.793,0.277,2.7976,sat down ~19:22Z from 45/46C
1242.33,2026-09-28T19:47:53Z,501,31.0000,30.0000,30.0000,30.0000,29.0000,30.0000,40.0000,29.0000,30.0000,40.0000,29.3752,30.0000,31,30,30,30,29,30,40,29,30,40,29,30,31,30,30,30,29,30,40,29,30,40,30,30,43.00,40.00,30.792,0.278,2.7976,sat down ~19:22Z from 45/46C
1243.33,2026-09-28T19:47:54Z,501,31.0000,30.0000,30.0000,30.0000,29.0000,30.0000,40.0000,29.0000,30.0000,40.0000,29.4471,30.0000,31,30,30,30,29,30,40,29,30,40,29,30,31,30,30,30,29,30,40,29,30,40,30,30,43.00,40.00,30.792,0.281,2.7976,sat down ~19:22Z from 45/46C
1244.33,2026-09-28T19:47:55Z,500,31.0000,30.0000,30.0000,30.0000,29.0000,30.0000,40.0000,29.0000,30.0000,40.0000,29.3680,30.0000,31,30,30,30,29,30,40,29,30,40,29,30,31,30,30,30,29,30,40,29,30,40,30,30,43.00,40.00,30.791,0.281,2.7976,sat down ~19:22Z from 45/46C
1245.33,2026-09-28T19:47:56Z,500,31.0000,30.0000,30.0000,30.0000,29.0000,30.0000,40.0000,29.0000,30.0000,40.0000,29.4140,30.0000,31,30,30,30,29,30,40,29,30,40,29,30,31,30,30,30,29,30,40,29,30,40,30,30,43.00,40.00,30.791,0.284,2.7976,sat down ~19:22Z from 45/46C
1246.33,2026-09-28T19:47:57Z,501,31.0000,30.0000,30.0000,30.0000,29.0000,30.0000,40.0000,29.0000,30.0000,40.0000,29.2934,30.0000,31,30,30,30,29,30,40,29,30,40,29,30,31,30,30,30,29,30,40,29,30,40,30,30,43.00,40.00,30.791,0.284,2.7976,sat down ~19:22Z from 45/46C
1247.33,2026-09-28T19:47:58Z,499,31.0000,30.0000,30.0000,30.0000,29.0000,30.0000,40.0000,29.0000,30.0000,40.0000,29.2204,30.0000,31,30,30,30,29,30,40,29,30,40,29,30,31,30,30,30,29,30,40,29,30,40,30,30,43.00,40.00,30.791,0.286,2.7976,sat down ~19:22Z from 45/46C
1248.33,2026-09-28T19:47:59Z,500,31.0000,30.0000,30.0000,30.0000,29.0000,30.0000,40.0000,29.0000,30.0000,40.0000,29.1220,30.0000,31,30,30,30,29,30,40,29,30,40,29,30,31,30,30,30,29,30,40,29,30,40,30,30,43.00,40.00,30.790,0.280,2.7976,sat down ~19:22Z from 45/46C
1249.34,2026-09-28T19:48:00Z,500,31.0000,30.0000,30.0000,30.0000,29.0000,30.0000,40.0000,29.0000,30.0000,40.0000,29.0920,30.0000,31,30,30,30,29,30,40,29,30,40,29,30,31,30,30,30,29,30,40,29,30,40,30,30,43.00,40.00,30.790,0.280,2.7976,sat down ~19:22Z from 45/46C
1250.34,2026-09-28T19:48:01Z,501,31.0000,30.0000,30.0000,30.0000,29.0000,30.0000,40.0000,29.0000,30.0000,40.0000,29.0878,30.0000,31,30,30,30,29,30,40,29,30,40,29,30,31,30,30,30,29,30,40,29,30,40,30,30,43.00,40.00,30.790,0.278,2.7976,sat down ~19:22Z from 45/46C
1251.34,2026-09-28T19:48:02Z,500,31.0000,30.0000,30.0000,30.0000,29.0000,30.0000,40.0000,29.0000,30.0000,40.0000,29.0780,30.0000,31,30,30,30,29,30,40,29,30,40,29,30,31,30,30,30,29,30,40,29,30,40,30,30,43.00,40.00,30.790,0.278,2.7976,sat down ~19:22Z from 45/46C
1252.34,2026-09-28T19:48:03Z,500,31.0000,30.0000,30.0000,30.0000,29.0000,30.0000,40.0000,29.0000,30.0000,40.0000,29.1060,30.0000,31,30,30,30,29,30,40,29,30,40,29,30,31,30,30,30,29,30,40,29,30,40,30,30,43.00,40.00,30.790,0.283,2.7976,sat down ~19:22Z from 45/46C
1253.34,2026-09-28T19:48:04Z,501,31.0000,30.0000,30.0000,30.0000,29.0000,30.0000,40.0000,29.0000,30.0000,40.0000,29.1178,30.0000,31,30,30,30,29,30,40,29,30,40,29,30,31,30,30,30,29,30,40,29,30,40,30,30,43.00,40.00,30.790,0.278,2.7976,sat down ~19:22Z from 45/46C
1254.34,2026-09-28T19:48:05Z,500,31.0000,30.0000,30.0000,30.0000,29.0000,30.0000,40.0000,29.0000,30.0000,40.0000,29.0660,30.0000,31,30,30,30,29,30,40,29,30,40,29,30,31,30,30,30,29,30,40,29,30,40,30,30,43.00,40.00,30.790,0.279,2.7976,sat down ~19:22Z from 45/46C
1255.34,2026-09-28T19:48:06Z,500,31.0000,30.0000,30.0000,30.0000,29.0000,30.0000,40.0000,29.0000,30.0000,40.0000,29.0860,30.0000,31,30,30,30,29,30,40,29,30,40,29,30,31,30,30,30,29,30,40,29,30,40,30,30,43.00,40.00,30.789,0.278,2.7976,sat down ~19:22Z from 45/46C
1256.34,2026-09-28T19:48:07Z,501,31.0000,30.0000,30.0000,30.0000,29.0000,30.0000,40.0000,29.0000,30.0000,40.0000,29.0479,30.0000,31,30,30,30,29,30,40,29,30,40,29,30,31,30,30,30,29,30,40,29,30,40,30,30,43.00,40.00,30.789,0.275,2.7976,sat down ~19:22Z from 45/46C
1257.34,2026-09-28T19:48:08Z,499,31.0000,30.0000,30.0000,30.0000,29.0000,30.0000,40.0000,29.0000,30.0000,40.0000,29.0000,30.0000,31,30,30,30,29,30,40,29,30,40,29,30,31,30,30,30,29,30,40,29,30,40,29,30,43.00,40.00,30.789,0.277,2.7976,sat down ~19:22Z from 45/46C
1258.34,2026-09-28T19:48:09Z,501,31.0000,30.0000,30.0000,30.0000,29.0000,30.0000,40.0000,29.0000,30.0000,40.0000,29.0060,30.0000,31,30,30,30,29,30,40,29,30,40,29,30,31,30,30,30,29,30,40,29,30,40,30,30,43.00,40.00,30.788,0.274,2.7976,sat down ~19:22Z from 45/46C
1259.34,2026-09-28T19:48:10Z,499,31.0000,30.0000,30.0000,30.0000,29.0220,30.0000,40.0000,29.0000,30.0000,40.0000,29.0000,30.0000,31,30,30,30,29,30,40,29,30,40,29,30,31,30,30,30,30,30,40,29,30,40,29,30,43.00,40.00,30.788,0.277,2.7976,sat down ~19:22Z from 45/46C
1260.34,2026-09-28T19:48:11Z,500,31.0000,30.0000,30.0000,30.0000,29.0140,30.0000,40.0000,29.0000,30.0000,40.0000,29.0000,30.0000,31,30,30,30,29,30,40,29,30,40,29,30,31,30,30,30,30,30,40,29,30,40,29,30,43.00,40.00,30.787,0.280,2.7976,sat down ~19:22Z from 45/46C
1261.35,2026-09-28T19:48:12Z,501,31.0000,30.0000,30.0000,30.0000,29.0120,30.0000,40.0000,29.0000,30.0000,40.0000,29.0000,30.0000,31,30,30,30,29,30,40,29,30,40,29,30,31,30,30,30,30,30,40,29,30,40,29,30,43.00,40.00,30.787,0.277,2.7976,sat down ~19:22Z from 45/46C
1262.35,2026-09-28T19:48:13Z,499,31.0000,30.0000,30.0000,30.0000,29.0261,30.0000,40.0000,29.0000,30.0000,40.0000,29.0000,30.0000,31,30,30,30,29,30,40,29,30,40,29,30,31,30,30,30,30,30,40,29,30,40,29,30,42.99,40.00,30.787,0.274,2.7976,sat down ~19:22Z from 45/46C
1263.35,2026-09-28T19:48:14Z,499,31.0000,30.0000,30.0000,30.0000,29.0261,30.0000,40.0000,29.0000,30.0000,40.0000,29.0000,30.0000,31,30,30,30,29,30,40,29,30,40,29,30,31,30,30,30,30,30,40,29,30,40,29,30,43.00,40.00,30.787,0.275,2.7976,sat down ~19:22Z from 45/46C
1264.35,2026-09-28T19:48:15Z,501,31.0000,30.0000,30.0000,30.0000,29.0399,30.0000,40.0000,29.0000,30.0000,40.0000,29.0000,30.0000,31,30,30,30,29,30,40,29,30,40,29,30,31,30,30,30,30,30,40,29,30,40,29,30,43.00,40.00,30.786,0.274,2.7976,sat down ~19:22Z from 45/46C
1265.35,2026-09-28T19:48:16Z,501,31.0000,30.0000,30.0000,30.0000,29.0499,30.0000,40.0000,29.0000,30.0000,40.0000,29.0000,30.0000,31,30,30,30,29,30,40,29,30,40,29,30,31,30,30,30,30,30,40,29,30,40,29,30,43.00,40.00,30.786,0.277,2.7976,sat down ~19:22Z from 45/46C
1266.35,2026-09-28T19:48:17Z,500,31.0000,30.0000,30.0000,30.0000,29.0460,30.0000,40.0000,29.0000,30.0000,40.0000,29.0060,30.0000,31,30,30,30,29,30,40,29,30,40,29,30,31,30,30,30,30,30,40,29,30,40,30,30,43.00,40.00,30.786,0.276,2.7976,sat down ~19:22Z from 45/46C
1267.35,2026-09-28T19:48:18Z,501,31.0000,30.0000,30.0000,30.0000,29.0679,30.0000,40.0000,29.0000,30.0000,40.0000,29.0000,30.0000,31,30,30,30,29,30,40,29,30,40,29,30,31,30,30,30,30,30,40,29,30,40,29,30,43.00,40.00,30.786,0.274,2.7976,sat down ~19:22Z from 45/46C
1268.35,2026-09-28T19:48:19Z,499,31.0000,30.0000,30.0000,30.0000,29.0942,30.0000,40.0000,29.0000,30.0000,40.0000,29.0000,30.0000,31,30,30,30,29,30,40,29,30,40,29,30,31,30,30,30,30,30,40,29,30,40,29,30,43.00,40.00,30.785,0.275,2.7976,sat down ~19:22Z from 45/46C
1269.35,2026-09-28T19:48:20Z,500,31.0000,30.0000,30.0000,30.0000,29.1560,30.0000,40.0000,29.0000,30.0000,40.0000,29.0000,30.0000,31,30,30,30,29,30,40,29,30,40,29,30,31,30,30,30,30,30,40,29,30,40,29,30,43.00,40.00,30.785,0.279,2.7976,sat down ~19:22Z from 45/46C
1270.35,2026-09-28T19:48:21Z,500,31.0000,30.0000,30.0000,30.0000,29.1180,30.0000,40.0000,29.0000,30.0000,40.0000,29.0000,30.0000,31,30,30,30,29,30,40,29,30,40,29,30,31,30,30,30,30,30,40,29,30,40,29,30,43.00,40.00,30.785,0.277,2.7976,sat down ~19:22Z from 45/46C
1271.35,2026-09-28T19:48:22Z,498,31.0000,30.0000,30.0000,30.0000,29.1526,30.0000,40.0000,29.0000,30.0000,40.0000,29.0000,30.0000,31,30,30,30,29,30,40,29,30,40,29,30,31,30,30,30,30,30,40,29,30,40,29,30,42.99,40.00,30.785,0.275,2.7976,sat down ~19:22Z from 45/46C
1272.35,2026-09-28T19:48:23Z,500,31.0000,30.0000,30.0000,30.0000,29.1600,30.0000,40.0000,29.0000,30.0000,40.0000,29.0000,30.0000,31,30,30,30,29,30,40,29,30,40,29,30,31,30,30,30,30,30,40,29,30,40,29,30,43.00,40.00,30.785,0.277,2.7976,sat down ~19:22Z from 45/46C
1273.36,2026-09-28T19:48:24Z,501,31.0000,30.0000,30.0000,30.0000,29.1677,30.0000,40.0000,29.0000,30.0000,40.0000,29.0000,30.0000,31,30,30,30,29,30,40,29,30,40,29,30,31,30,30,30,30,30,40,29,30,40,29,30,43.00,40.00,30.784,0.279,2.7976,sat down ~19:22Z from 45/46C
1274.36,2026-09-28T19:48:25Z,501,31.0000,30.0000,30.0000,30.0000,29.2295,30.0000,40.0000,29.0000,30.0000,40.0000,29.0000,30.0000,31,30,30,30,29,30,40,29,30,40,29,30,31,30,30,30,30,30,40,29,30,40,29,30,43.00,40.00,30.784,0.277,2.7976,sat down ~19:22Z from 45/46C
1275.36,2026-09-28T19:48:26Z,500,31.0000,30.0000,30.0000,30.0000,29.2560,30.0000,40.0000,29.0000,30.0000,40.0000,29.0000,30.0000,31,30,30,30,29,30,40,29,30,40,29,30,31,30,30,30,30,30,40,29,30,40,29,30,43.00,40.00,30.784,0.276,2.7976,sat down ~19:22Z from 45/46C
1276.36,2026-09-28T19:48:27Z,500,31.0000,30.0000,30.0000,30.0000,29.2600,30.0000,40.0000,29.0000,30.0000,40.0000,29.0000,30.0000,31,30,30,30,29,30,40,29,30,40,29,30,31,30,30,30,30,30,40,29,30,40,29,30,43.00,40.00,30.784,0.279,2.7976,sat down ~19:22Z from 45/46C
1277.36,2026-09-28T19:48:28Z,501,31.0000,30.0000,30.0000,30.0000,29.2575,30.0000,40.0000,29.0000,30.0000,40.0000,29.0000,30.0000,31,30,30,30,29,30,40,29,30,40,29,30,31,30,30,30,30,30,40,29,30,40,29,30,43.00,40.00,30.784,0.281,2.7976,sat down ~19:22Z from 45/46C
1278.36,2026-09-28T19:48:29Z,501,31.0000,30.0000,30.0000,30.0000,29.3014,30.0000,40.0000,29.0000,30.0000,40.0000,29.0000,30.0000,31,30,30,30,29,30,40,29,30,40,29,30,31,30,30,30,30,30,40,29,30,40,29,30,43.00,40.00,30.783,0.277,2.7976,sat down ~19:22Z from 45/46C
1279.36,2026-09-28T19:48:30Z,501,31.0000,30.0000,30.0000,30.0000,29.4032,30.0000,40.0000,29.0000,30.0000,40.0000,29.0000,30.0000,31,30,30,30,29,30,40,29,30,40,29,30,31,30,30,30,30,30,40,29,30,40,29,30,43.00,40.00,30.783,0.278,2.7976,sat down ~19:22Z from 45/46C
1280.37,2026-09-28T19:48:31Z,501,31.0000,30.0000,30.0000,30.0000,29.4152,30.0000,40.0000,29.0000,30.0000,40.0000,29.0000,30.0000,31,30,30,30,29,30,40,29,30,40,29,30,31,30,30,30,30,30,40,29,30,40,29,30,43.00,40.00,30.783,0.279,2.7976,sat down ~19:22Z from 45/46C
1281.37,2026-09-28T19:48:32Z,500,31.0000,30.0000,30.0000,30.0000,29.4580,30.0000,40.0000,29.0000,30.0000,40.0000,29.0000,30.0000,31,30,30,30,29,30,40,29,30,40,29,30,31,30,30,30,30,30,40,29,30,40,29,30,43.00,40.00,30.782,0.277,2.7976,sat down ~19:22Z from 45/46C
1282.37,2026-09-28T19:48:33Z,501,31.0000,30.0000,30.0000,30.0000,29.4790,30.0000,40.0000,29.0000,30.0000,40.0000,29.0000,30.0000,31,30,30,30,29,30,40,29,30,40,29,30,31,30,30,30,30,30,40,29,30,40,29,30,43.00,40.00,30.783,0.274,2.7976,sat down ~19:22Z from 45/46C
1283.37,2026-09-28T19:48:34Z,500,31.0000,30.0000,30.0000,30.0000,29.3820,30.0000,40.0000,29.0000,30.0000,40.0000,29.0220,30.0000,31,30,30,30,29,30,40,29,30,40,29,30,31,30,30,30,30,30,40,29,30,40,30,30,43.00,40.00,30.782,0.279,2.7976,sat down ~19:22Z from 45/46C
1284.37,2026-09-28T19:48:35Z,500,31.0000,30.0000,30.0000,30.0000,29.3580,30.0000,40.0000,29.0000,30.0000,40.0000,29.0400,30.0000,31,30,30,30,29,30,40,29,30,40,29,30,31,30,30,30,30,30,40,29,30,40,30,30,43.00,40.00,30.782,0.281,2.7976,sat down ~19:22Z from 45/46C
1285.37,2026-09-28T19:48:36Z,501,31.0000,30.0000,30.0000,30.0000,29.5090,30.0000,40.0000,29.0000,30.0000,40.0000,29.1058,30.0000,31,30,30,30,29,30,40,29,30,40,29,30,31,30,30,30,30,30,40,29,30,40,30,30,43.00,40.00,30.781,0.279,2.7976,sat down ~19:22Z from 45/46C
1286.37,2026-09-28T19:48:37Z,501,31.0000,30.0000,30.0000,30.0000,29.5230,30.0000,40.0000,29.0000,30.0000,40.0000,29.3074,30.0000,31,30,30,30,29,30,40,29,30,40,29,30,31,30,30,30,30,30,40,29,30,40,30,30,43.00,40.00,30.781,0.282,2.7976,sat down ~19:22Z from 45/46C
1287.37,2026-09-28T19:48:38Z,501,31.0000,30.0000,30.0000,30.0000,29.5908,30.0000,40.0000,29.0000,30.0000,40.0000,29.1936,30.0000,31,30,30,30,29,30,40,29,30,40,29,30,31,30,30,30,30,30,40,29,30,40,30,30,43.00,40.00,30.782,0.282,2.7976,sat down ~19:22Z from 45/46C
1288.37,2026-09-28T19:48:39Z,500,31.0000,30.0000,30.0000,30.0000,29.5760,30.0000,40.0000,29.0000,30.0000,40.0000,29.0940,30.0000,31,30,30,30,29,30,40,29,30,40,29,30,31,30,30,30,30,30,40,29,30,40,30,30,43.00,40.00,30.781,0.278,2.7976,sat down ~19:22Z from 45/46C
1289.38,2026-09-28T19:48:40Z,501,31.0000,30.0000,30.0000,30.0000,29.5429,30.0000,40.0000,29.0000,30.0000,40.0000,29.0279,30.0000,31,30,30,30,29,30,40,29,30,40,29,30,31,30,30,30,30,30,40,29,30,40,30,30,43.00,40.00,30.781,0.280,2.7976,sat down ~19:22Z from 45/46C
1290.38,2026-09-28T19:48:41Z,501,31.0000,30.0000,30.0000,30.0000,29.5569,30.0000,40.0000,29.0000,30.0000,40.0000,29.0080,30.0000,31,30,30,30,29,30,40,29,30,40,29,30,31,30,30,30,30,30,40,29,30,40,30,30,43.00,40.00,30.781,0.281,2.7976,sat down ~19:22Z from 45/46C
1291.38,2026-09-28T19:48:42Z,501,31.0000,30.0000,30.0000,30.0000,29.5389,30.0000,40.0000,29.0000,30.0000,40.0000,29.0299,30.0000,31,30,30,30,29,30,40,29,30,40,29,30,31,30,30,30,30,30,40,29,30,40,30,30,43.00,40.00,30.780,0.280,2.7976,sat down ~19:22Z from 45/46C
1292.38,2026-09-28T19:48:43Z,501,31.0000,30.0000,30.0000,30.0000,29.6547,30.0000,40.0000,29.0000,30.0000,40.0000,29.0359,30.0000,31,30,30,30,29,30,40,29,30,40,29,30,31,30,30,30,30,30,40,29,30,40,30,30,43.00,40.00,30.780,0.280,2.7976,sat down ~19:22Z from 45/46C
1293.38,2026-09-28T19:48:44Z,500,31.0000,30.0000,30.0000,30.0000,29.6060,30.0000,40.0000,29.0000,30.0000,40.0000,29.1180,30.0000,31,30,30,30,29,30,40,29,30,40,29,30,31,30,30,30,30,30,40,29,30,40,30,30,43.00,40.00,30.780,0.282,2.7976,sat down ~19:22Z from 45/46C
1294.38,2026-09-28T19:48:45Z,500,31.0000,30.0000,30.0000,30.0000,29.6440,30.0000,40.0000,29.0000,30.0000,40.0000,29.2060,30.0000,31,30,30,30,29,30,40,29,30,40,29,30,31,30,30,30,30,30,40,29,30,40,30,30,43.00,40.00,30.779,0.275,2.7976,sat down ~19:22Z from 45/46C
1295.38,2026-09-28T19:48:46Z,499,31.0000,30.0000,30.0000,30.0000,29.6653,30.0000,40.0000,29.0000,30.0000,40.0000,29.1383,30.0000,31,30,30,30,29,30,40,29,30,40,29,30,31,30,30,30,30,30,40,29,30,40,30,30,43.00,40.00,30.779,0.276,2.7976,sat down ~19:22Z from 45/46C
1296.38,2026-09-28T19:48:47Z,500,31.0000,30.0000,30.0000,30.0000,29.6800,30.0000,40.0000,29.0000,30.0000,40.0000,29.1080,30.0000,31,30,30,30,29,30,40,29,30,40,29,30,31,30,30,30,30,30,40,29,30,40,30,30,43.00,40.00,30.779,0.274,2.7976,sat down ~19:22Z from 45/46C
1297.38,2026-09-28T19:48:48Z,501,31.0000,30.0000,30.0000,30.0000,29.6786,30.0000,40.0000,29.0000,30.0000,40.0000,29.0279,30.0000,31,30,30,30,29,30,40,29,30,40,29,30,31,30,30,30,30,30,40,29,30,40,30,30,43.00,40.00,30.779,0.276,2.7976,sat down ~19:22Z from 45/46C
1298.39,2026-09-28T19:48:49Z,501,31.0000,30.0000,30.0000,30.0000,29.7385,30.0000,40.0000,29.0000,30.0000,40.0000,29.0000,30.0000,31,30,30,30,29,30,40,29,30,40,29,30,31,30,30,30,30,30,40,29,30,40,29,30,43.00,40.00,30.778,0.276,2.7976,sat down ~19:22Z from 45/46C
1299.39,2026-09-28T19:48:50Z,500,31.0000,30.0000,30.0000,30.0000,29.7700,30.0000,40.0000,29.0000,30.0000,40.0000,29.0000,30.0000,31,30,30,30,29,30,40,29,30,40,29,30,31,30,30,30,30,30,40,29,30,40,29,30,43.00,40.00,30.778,0.274,2.7976,sat down ~19:22Z from 45/46C
1300.39,2026-09-28T19:48:51Z,501,31.0000,30.0000,30.0000,30.0000,29.8363,30.0000,40.0000,29.0000,30.0000,40.0000,29.0060,30.0000,31,30,30,30,29,30,40,29,30,40,29,30,31,30,30,30,30,30,40,29,30,40,30,30,43.00,40.00,30.778,0.276,2.7976,sat down ~19:22Z from 45/46C
1301.39,2026-09-28T19:48:52Z,501,31.0000,30.0000,30.0000,30.0000,29.7246,30.0000,40.0000,29.0000,30.0000,40.0000,29.0000,30.0000,31,30,30,30,29,30,40,29,30,40,29,30,31,30,30,30,30,30,40,29,30,40,29,30,43.00,40.00,30.778,0.274,2.7976,sat down ~19:22Z from 45/46C
1302.39,2026-09-28T19:48:53Z,500,31.0000,30.0000,30.0000,30.0000,29.7660,30.0000,40.0000,29.0000,30.0000,40.0000,29.0000,30.0000,31,30,30,30,29,30,40,29,30,40,29,30,31,30,30,30,30,30,40,29,30,40,29,30,43.00,40.00,30.778,0.277,2.7976,sat down ~19:22Z from 45/46C
1303.39,2026-09-28T19:48:54Z,501,31.0000,30.0000,30.0000,30.0000,29.8144,30.0000,40.0000,29.0000,30.0000,40.0000,29.0000,30.0000,31,30,30,30,29,30,40,29,30,40,29,30,31,30,30,30,30,30,40,29,30,40,29,30,43.00,40.00,30.778,0.279,2.7976,sat down ~19:22Z from 45/46C
1304.39,2026-09-28T19:48:55Z,501,31.0000,30.0000,30.0000,30.0000,29.7685,30.0000,40.0000,29.0000,30.0000,40.0000,29.0000,30.0000,31,30,30,30,29,30,40,29,30,40,29,30,31,30,30,30,30,30,40,29,30,40,29,30,42.99,40.00,30.777,0.279,2.7976,sat down ~19:22Z from 45/46C
1305.39,2026-09-28T19:48:56Z,500,31.0000,30.0000,30.0000,30.0000,29.7840,30.0000,40.0000,29.0000,30.0000,40.0000,29.0000,30.0000,31,30,30,30,29,30,40,29,30,40,29,30,31,30,30,30,30,30,40,29,30,40,29,30,43.00,40.00,30.777,0.282,2.7976,sat down ~19:22Z from 45/46C
1306.39,2026-09-28T19:48:57Z,501,31.0000,30.0000,30.0000,30.0000,29.9022,30.0000,40.0000,29.0000,30.0000,40.0000,29.0000,30.0000,31,30,30,30,29,30,40,29,30,40,29,30,31,30,30,30,30,30,40,29,30,40,29,30,43.00,40.00,30.777,0.281,2.7976,sat down ~19:22Z from 45/46C
1307.40,2026-09-28T19:48:58Z,500,31.0000,30.0000,30.0000,30.0000,29.8560,30.0000,40.0000,29.0000,30.0000,40.0000,29.0000,30.0000,31,30,30,30,29,30,40,29,30,40,29,30,31,30,30,30,30,30,40,29,30,40,29,30,43.00,40.00,30.776,0.276,2.7976,sat down ~19:22Z from 45/46C
1308.40,2026-09-28T19:48:59Z,500,31.0000,30.0000,30.0000,30.0000,29.8680,30.0000,40.0000,29.0000,30.0000,40.0000,29.0000,30.0000,31,30,30,30,29,30,40,29,30,40,29,30,31,30,30,30,30,30,40,29,30,40,29,30,43.00,40.00,30.776,0.279,2.7976,sat down ~19:22Z from 45/46C
1309.40,2026-09-28T19:49:00Z,501,31.0000,30.0000,30.0000,30.0000,29.8942,30.0000,40.0000,29.0000,30.0000,40.0000,29.0000,30.0000,31,30,30,30,29,30,40,29,30,40,29,30,31,30,30,30,30,30,40,29,30,40,29,30,43.00,40.00,30.776,0.277,2.7976,sat down ~19:22Z from 45/46C
1310.40,2026-09-28T19:49:01Z,501,31.0000,30.0000,30.0000,30.0000,29.9321,30.0000,40.0000,29.0000,30.0000,40.0000,29.0000,30.0000,31,30,30,30,29,30,40,29,30,40,29,30,31,30,30,30,30,30,40,29,30,40,29,30,43.00,40.00,30.776,0.278,2.7976,sat down ~19:22Z from 45/46C
1311.40,2026-09-28T19:49:02Z,499,31.0000,30.0000,30.0000,30.0000,29.9299,30.0000,40.0000,29.0000,30.0000,40.0000,29.0000,30.0000,31,30,30,30,29,30,40,29,30,40,29,30,31,30,30,30,30,30,40,29,30,40,29,30,43.00,40.00,30.776,0.274,2.7976,sat down ~19:22Z from 45/46C
1312.40,2026-09-28T19:49:03Z,500,31.0000,30.0000,30.0000,30.0000,29.9080,30.0000,40.0000,29.0000,30.0000,40.0000,29.0000,30.0000,31,30,30,30,29,30,40,29,30,40,29,30,31,30,30,30,30,30,40,29,30,40,29,30,43.00,40.00,30.776,0.276,2.7976,sat down ~19:22Z from 45/46C
1313.40,2026-09-28T19:49:04Z,500,31.0000,30.0000,30.0000,30.0000,29.9240,30.0000,40.0000,29.0000,30.0000,40.0000,29.0000,30.0000,31,30,30,30,29,30,40,29,30,40,29,30,31,30,30,30,30,30,40,29,30,40,29,30,43.00,40.00,30.775,0.273,2.7976,sat down ~19:22Z from 45/46C
1314.40,2026-09-28T19:49:05Z,501,31.0000,30.0000,30.0000,30.0000,29.9661,30.0000,40.0000,29.0000,30.0000,40.0000,29.0000,30.0000,31,30,30,30,29,30,40,29,30,40,29,30,31,30,30,30,30,30,40,29,30,40,29,30,43.00,40.00,30.775,0.277,2.7976,sat down ~19:22Z from 45/46C
1315.40,2026-09-28T19:49:06Z,500,31.0000,30.0000,30.0000,30.0000,29.9580,30.0000,40.0000,29.0000,30.0000,40.0000,29.0000,30.0000,31,30,30,30,29,30,40,29,30,40,29,30,31,30,30,30,30,30,40,29,30,40,29,30,43.00,40.00,30.775,0.276,2.7976,sat down ~19:22Z from 45/46C
1316.40,2026-09-28T19:49:07Z,500,31.0000,30.0000,30.0000,30.0000,29.9700,30.0000,40.0000,29.0000,30.0000,40.0000,29.0000,30.0000,31,30,30,30,29,30,40,29,30,40,29,30,31,30,30,30,30,30,40,29,30,40,29,30,43.00,40.00,30.775,0.276,2.7976,sat down ~19:22Z from 45/46C
1317.40,2026-09-28T19:49:08Z,501,31.0000,30.0000,30.0000,30.0000,29.9820,30.0000,40.0000,29.0000,30.0000,40.0000,29.0000,30.0000,31,30,30,30,29,30,40,29,30,40,29,30,31,30,30,30,30,30,40,29,30,40,29,30,43.00,40.00,30.775,0.280,2.7976,sat down ~19:22Z from 45/46C
1318.41,2026-09-28T19:49:09Z,501,31.0000,30.0000,30.0000,30.0000,29.9860,30.0000,40.0000,29.0000,30.0000,40.0000,29.0000,30.0000,31,30,30,30,29,30,40,29,30,40,29,30,31,30,30,30,30,30,40,29,30,40,29,30,43.00,40.00,30.775,0.276,2.7976,sat down ~19:22Z from 45/46C
1319.41,2026-09-28T19:49:10Z,501,31.0000,30.0000,30.0000,30.0000,30.0000,30.0000,40.0000,29.0000,30.0000,40.0000,29.0000,30.0000,31,30,30,30,30,30,40,29,30,40,29,30,31,30,30,30,30,30,40,29,30,40,29,30,43.00,40.00,30.774,0.281,2.7976,sat down ~19:22Z from 45/46C
1320.41,2026-09-28T19:49:11Z,500,31.0000,30.0000,30.0000,30.0000,29.9720,30.0000,40.0000,29.0000,30.0000,40.0000,29.0000,30.0000,31,30,30,30,29,30,40,29,30,40,29,30,31,30,30,30,30,30,40,29,30,40,29,30,43.00,40.00,30.774,0.278,2.7976,sat down ~19:22Z from 45/46C
1321.41,2026-09-28T19:49:12Z,501,31.0000,30.0000,30.0000,30.0000,29.9721,30.0000,40.0000,29.0000,30.0000,40.0000,29.0000,30.0000,31,30,30,30,29,30,40,29,30,40,29,30,31,30,30,30,30,30,40,29,30,40,29,30,43.00,40.00,30.774,0.278,2.7976,sat down ~19:22Z from 45/46C
1322.41,2026-09-28T19:49:13Z,501,31.0000,30.0000,30.0000,30.0000,29.9860,30.0000,40.0000,29.0000,30.0000,40.0000,29.0000,30.0000,31,30,30,30,29,30,40,29,30,40,29,30,31,30,30,30,30,30,40,29,30,40,29,30,43.00,40.00,30.774,0.280,2.7976,sat down ~19:22Z from 45/46C
1323.41,2026-09-28T19:49:14Z,500,31.0000,30.0000,30.0000,30.0000,29.9920,30.0000,40.0000,29.0000,30.0000,40.0000,29.0000,30.0000,31,30,30,30,29,30,40,29,30,40,29,30,31,30,30,30,30,30,40,29,30,40,29,30,43.00,40.00,30.773,0.278,2.7976,sat down ~19:22Z from 45/46C
1324.41,2026-09-28T19:49:15Z,500,31.0000,30.0000,30.0000,30.0000,29.9840,30.0000,40.0000,29.0000,30.0000,40.0000,29.0000,30.0000,31,30,30,30,29,30,40,29,30,40,29,30,31,30,30,30,30,30,40,29,30,40,29,30,43.00,40.00,30.773,0.279,2.7976,sat down ~19:22Z from 45/46C
1325.41,2026-09-28T19:49:16Z,501,31.0000,30.0000,30.0000,30.0000,29.9920,30.0000,40.0000,29.0000,30.0000,40.0000,29.0000,30.0000,31,30,30,30,29,30,40,29,30,40,29,30,31,30,30,30,30,30,40,29,30,40,29,30,43.00,40.00,30.773,0.280,2.7976,sat down ~19:22Z from 45/46C
1326.42,2026-09-28T19:49:17Z,501,31.0000,30.0000,30.0000,30.0000,30.0000,30.0000,40.0000,29.0000,30.0000,40.0000,29.0000,30.0000,31,30,30,30,30,30,40,29,30,40,29,30,31,30,30,30,30,30,40,29,30,40,29,30,43.00,40.00,30.773,0.278,2.7976,sat down ~19:22Z from 45/46C
1327.42,2026-09-28T19:49:18Z,501,31.0000,30.0000,30.0000,30.0000,29.9940,30.0000,40.0000,29.0000,30.0000,40.0000,29.0000,30.0000,31,30,30,30,29,30,40,29,30,40,29,30,31,30,30,30,30,30,40,29,30,40,29,30,43.00,40.00,30.773,0.282,2.7976,sat down ~19:22Z from 45/46C
1328.42,2026-09-28T19:49:19Z,500,31.0000,30.0000,30.0000,30.0000,29.9940,30.0000,40.0000,29.0000,30.0000,40.0000,29.0000,30.0000,31,30,30,30,29,30,40,29,30,40,29,30,31,30,30,30,30,30,40,29,30,40,29,30,43.00,40.00,30.772,0.280,2.7976,sat down ~19:22Z from 45/46C
1329.42,2026-09-28T19:49:20Z,501,31.0000,30.0000,30.0000,30.0000,30.0000,30.0000,40.0000,29.0000,30.0000,40.0000,29.0000,30.0000,31,30,30,30,30,30,40,29,30,40,29,30,31,30,30,30,30,30,40,29,30,40,29,30,43.00,40.00,30.772,0.280,2.7976,sat down ~19:22Z from 45/46C
1330.42,2026-09-28T19:49:21Z,500,31.0000,30.0000,30.0000,30.0000,30.0000,30.0000,40.0000,29.0000,30.0000,40.0000,29.0000,30.0000,31,30,30,30,30,30,40,29,30,40,29,30,31,30,30,30,30,30,40,29,30,40,29,30,43.00,40.00,30.771,0.279,2.7976,sat down ~19:22Z from 45/46C
1331.42,2026-09-28T19:49:22Z,501,31.0000,30.0000,30.0000,30.0000,30.0000,30.0000,40.0000,29.0000,30.0000,40.0000,29.0000,30.0000,31,30,30,30,30,30,40,29,30,40,29,30,31,30,30,30,30,30,40,29,30,40,29,30,43.00,40.00,30.772,0.276,2.7976,sat down ~19:22Z from 45/46C
1332.42,2026-09-28T19:49:23Z,501,31.0000,30.0000,30.0000,30.0000,30.0000,30.0000,40.0000,29.0000,30.0000,40.0000,29.0000,30.0000,31,30,30,30,30,30,40,29,30,40,29,30,31,30,30,30,30,30,40,29,30,40,29,30,43.00,40.00,30.772,0.275,2.7976,sat down ~19:22Z from 45/46C
1333.43,2026-09-28T19:49:24Z,501,31.0000,30.0000,30.0000,30.0000,30.0000,30.0000,40.0000,29.0000,30.0000,40.0000,29.0000,30.0000,31,30,30,30,30,30,40,29,30,40,29,30,31,30,30,30,30,30,40,29,30,40,29,30,43.00,40.00,30.771,0.279,2.7976,sat down ~19:22Z from 45/46C
1334.43,2026-09-28T19:49:25Z,500,31.0000,30.0000,30.0000,30.0000,30.0000,30.0000,40.0000,29.0000,30.0000,40.0000,29.0000,30.0000,31,30,30,30,30,30,40,29,30,40,29,30,31,30,30,30,30,30,40,29,30,40,29,30,43.00,40.00,30.771,0.278,2.7976,sat down ~19:22Z from 45/46C
1335.43,2026-09-28T19:49:26Z,500,31.0000,30.0000,30.0000,30.0000,29.9940,30.0000,40.0000,29.0000,30.0000,40.0000,29.0000,30.0000,31,30,30,30,29,30,40,29,30,40,29,30,31,30,30,30,30,30,40,29,30,40,29,30,43.00,40.00,30.771,0.280,2.7976,sat down ~19:22Z from 45/46C
1336.43,2026-09-28T19:49:27Z,501,31.0000,30.0000,30.0000,30.0000,30.0000,30.0000,40.0000,29.0000,30.0000,40.0000,29.0000,30.0000,31,30,30,30,30,30,40,29,30,40,29,30,31,30,30,30,30,30,40,29,30,40,29,30,43.00,40.00,30.770,0.279,2.7976,sat down ~19:22Z from 45/46C
1337.43,2026-09-28T19:49:28Z,500,31.0000,30.0000,30.0000,30.0000,29.9920,30.0000,40.0000,29.0000,30.0000,40.0000,29.0000,30.0000,31,30,30,30,29,30,40,29,30,40,29,30,31,30,30,30,30,30,40,29,30,40,29,30,43.00,40.00,30.770,0.279,2.7976,sat down ~19:22Z from 45/46C
1338.43,2026-09-28T19:49:29Z,501,31.0000,30.0000,30.0000,30.0000,30.0000,30.0000,40.0000,29.0000,30.0000,40.0000,29.0000,30.0000,31,30,30,30,30,30,40,29,30,40,29,30,31,30,30,30,30,30,40,29,30,40,29,30,43.00,40.00,30.770,0.279,2.7976,sat down ~19:22Z from 45/46C
1339.43,2026-09-28T19:49:30Z,501,31.0000,30.0000,30.0000,30.0000,30.0000,30.0000,40.0000,29.0000,30.0000,40.0000,29.0000,30.0000,31,30,30,30,30,30,40,29,30,40,29,30,31,30,30,30,30,30,40,29,30,40,29,30,43.00,40.00,30.769,0.275,2.7976,sat down ~19:22Z from 45/46C
1340.43,2026-09-28T19:49:31Z,501,31.0000,30.0000,30.0000,30.0000,30.0000,30.0000,40.0000,29.0000,30.0000,40.0000,29.0000,30.0000,31,30,30,30,30,30,40,29,30,40,29,30,31,30,30,30,30,30,40,29,30,40,29,30,43.00,40.00,30.770,0.278,2.7976,sat down ~19:22Z from 45/46C
1341.43,2026-09-28T19:49:32Z,500,31.0000,30.0000,30.0000,30.0000,30.0000,30.0000,40.0000,29.0000,30.0000,40.0000,29.0000,30.0000,31,30,30,30,30,30,40,29,30,40,29,30,31,30,30,30,30,30,40,29,30,40,29,30,43.00,40.00,30.770,0.278,2.7976,sat down ~19:22Z from 45/46C
1342.43,2026-09-28T19:49:33Z,500,31.0000,30.0000,30.0000,30.0000,30.0000,30.0000,40.0000,29.0000,30.0000,40.0000,29.0000,30.0000,31,30,30,30,30,30,40,29,30,40,29,30,31,30,30,30,30,30,40,29,30,40,29,30,43.00,40.00,30.768,0.282,2.7976,sat down ~19:22Z from 45/46C
1343.44,2026-09-28T19:49:34Z,501,31.0000,30.0000,30.0000,30.0000,30.0000,30.0000,40.0000,29.0000,30.0000,40.0000,29.0000,30.0000,31,30,30,30,30,30,40,29,30,40,29,30,31,30,30,30,30,30,40,29,30,40,29,30,43.00,40.00,30.769,0.276,2.7976,sat down ~19:22Z from 45/46C
1344.44,2026-09-28T19:49:35Z,500,31.0000,30.0000,30.0000,30.0000,30.0000,30.0000,40.0000,29.0000,30.0000,40.0000,29.0000,30.0000,31,30,30,30,30,30,40,29,30,40,29,30,31,30,30,30,30,30,40,29,30,40,29,30,43.00,40.00,30.769,0.281,2.7976,sat down ~19:22Z from 45/46C
1345.44,2026-09-28T19:49:36Z,500,31.0000,30.0000,30.0000,30.0000,30.0000,30.0000,40.0000,29.0000,30.0000,40.0000,29.0000,30.0000,31,30,30,30,30,30,40,29,30,40,29,30,31,30,30,30,30,30,40,29,30,40,29,30,43.00,40.00,30.768,0.277,2.7976,sat down ~19:22Z from 45/46C
1346.44,2026-09-28T19:49:37Z,501,31.0000,30.0000,30.0000,30.0000,30.0000,30.0000,40.0000,29.0000,30.0000,40.0000,29.0000,30.0000,31,30,30,30,30,30,40,29,30,40,29,30,31,30,30,30,30,30,40,29,30,40,29,30,43.00,40.00,30.768,0.276,2.7976,sat down ~19:22Z from 45/46C
1347.44,2026-09-28T19:49:38Z,497,31.0000,30.0000,30.0000,30.0000,30.0000,30.0000,40.0000,29.0000,30.0000,40.0000,29.0000,30.0000,31,30,30,30,30,30,40,29,30,40,29,30,31,30,30,30,30,30,40,29,30,40,29,30,43.00,40.00,30.768,0.277,2.7976,sat down ~19:22Z from 45/46C
1348.44,2026-09-28T19:49:39Z,501,31.0000,30.0000,30.0000,30.0000,30.0000,30.0000,40.0000,29.0000,30.0000,40.0000,29.0000,30.0000,31,30,30,30,30,30,40,29,30,40,29,30,31,30,30,30,30,30,40,29,30,40,29,30,43.00,40.00,30.768,0.277,2.7976,sat down ~19:22Z from 45/46C
1349.44,2026-09-28T19:49:40Z,501,31.0000,30.0000,30.0000,30.0000,30.0000,30.0000,40.0000,29.0000,30.0000,40.0000,29.0000,30.0000,31,30,30,30,30,30,40,29,30,40,29,30,31,30,30,30,30,30,40,29,30,40,29,30,43.00,40.00,30.767,0.276,2.7976,sat down ~19:22Z from 45/46C
1350.45,2026-09-28T19:49:41Z,501,31.0000,30.0000,30.0000,30.0000,30.0000,30.0000,40.0000,29.0000,30.0000,40.0000,29.0000,30.0000,31,30,30,30,30,30,40,29,30,40,29,30,31,30,30,30,30,30,40,29,30,40,29,30,43.00,40.00,30.768,0.274,2.7976,sat down ~19:22Z from 45/46C
1351.45,2026-09-28T19:49:42Z,501,31.0000,30.0000,30.0000,30.0000,30.0000,30.0000,40.0000,29.0000,30.0000,40.0000,29.0000,30.0000,31,30,30,30,30,30,40,29,30,40,29,30,31,30,30,30,30,30,40,29,30,40,29,30,43.00,40.00,30.768,0.276,2.7976,sat down ~19:22Z from 45/46C
1352.45,2026-09-28T19:49:43Z,500,31.0000,30.0000,30.0000,30.0000,30.0000,30.0000,40.0000,29.0000,30.0000,40.0000,29.0000,30.0000,31,30,30,30,30,30,40,29,30,40,29,30,31,30,30,30,30,30,40,29,30,40,29,30,43.00,40.00,30.767,0.274,2.7976,sat down ~19:22Z from 45/46C
1353.45,2026-09-28T19:49:44Z,501,31.0000,30.0000,30.0000,30.0000,30.0000,30.0000,40.0000,29.0000,30.0000,40.0000,29.0000,30.0000,31,30,30,30,30,30,40,29,30,40,29,30,31,30,30,30,30,30,40,29,30,40,29,30,43.00,40.00,30.767,0.276,2.7976,sat down ~19:22Z from 45/46C
1354.45,2026-09-28T19:49:45Z,501,31.0000,30.0000,30.0000,30.0000,30.0000,30.0000,40.0000,29.0000,30.0000,40.0000,29.0000,30.0000,31,30,30,30,30,30,40,29,30,40,29,30,31,30,30,30,30,30,40,29,30,40,29,30,43.00,40.00,30.767,0.274,2.7976,sat down ~19:22Z from 45/46C
1355.45,2026-09-28T19:49:46Z,501,31.0000,30.0000,30.0000,30.0000,30.0000,30.0000,40.0000,29.0000,30.0000,40.0000,29.0000,30.0000,31,30,30,30,30,30,40,29,30,40,29,30,31,30,30,30,30,30,40,29,30,40,29,30,43.00,40.00,30.766,0.276,2.7976,sat down ~19:22Z from 45/46C
1356.46,2026-09-28T19:49:47Z,501,31.0000,30.0000,30.0000,30.0000,30.0000,30.0000,40.0000,29.0000,30.0000,40.0000,29.0000,30.0000,31,30,30,30,30,30,40,29,30,40,29,30,31,30,30,30,30,30,40,29,30,40,29,30,43.00,40.00,30.766,0.275,2.7976,sat down ~19:22Z from 45/46C
1357.46,2026-09-28T19:49:48Z,501,31.0000,30.0000,30.0000,30.0000,30.0000,30.0000,40.0000,29.0000,30.0000,40.0000,29.0000,30.0000,31,30,30,30,30,30,40,29,30,40,29,30,31,30,30,30,30,30,40,29,30,40,29,30,43.00,40.00,30.765,0.274,2.7976,sat down ~19:22Z from 45/46C
1358.46,2026-09-28T19:49:49Z,501,31.0000,30.0000,30.0000,30.0000,30.0000,30.0000,40.0000,29.0000,30.0000,40.0000,29.0000,30.0000,31,30,30,30,30,30,40,29,30,40,29,30,31,30,30,30,30,30,40,29,30,40,29,30,43.00,40.00,30.765,0.277,2.7976,sat down ~19:22Z from 45/46C
1359.46,2026-09-28T19:49:50Z,500,31.0000,30.0000,30.0000,30.0000,30.0000,30.0000,40.0000,29.0000,30.0000,40.0000,29.0000,30.0000,31,30,30,30,30,30,40,29,30,40,29,30,31,30,30,30,30,30,40,29,30,40,29,30,43.00,40.00,30.765,0.276,2.7976,sat down ~19:22Z from 45/46C
1360.46,2026-09-28T19:49:51Z,501,31.0000,30.0000,30.0000,30.0000,30.0000,30.0000,40.0000,29.0000,30.0000,40.0000,29.0000,30.0000,31,30,30,30,30,30,40,29,30,40,29,30,31,30,30,30,30,30,40,29,30,40,29,30,43.00,40.00,30.765,0.275,2.7976,sat down ~19:22Z from 45/46C
1361.46,2026-09-28T19:49:52Z,501,31.0000,30.0000,30.0000,30.0000,30.0000,30.0000,40.0000,29.0000,30.0000,40.0000,29.0000,30.0000,31,30,30,30,30,30,40,29,30,40,29,30,31,30,30,30,30,30,40,29,30,40,29,30,43.00,40.00,30.765,0.275,2.7976,sat down ~19:22Z from 45/46C
1362.46,2026-09-28T19:49:53Z,500,31.0000,30.0000,30.0000,30.0000,30.0000,30.0000,40.0000,29.0000,30.0000,40.0000,29.0000,30.0000,31,30,30,30,30,30,40,29,30,40,29,30,31,30,30,30,30,30,40,29,30,40,29,30,43.00,40.00,30.765,0.279,2.7976,sat down ~19:22Z from 45/46C
1363.47,2026-09-28T19:49:54Z,501,31.0000,30.0000,30.0000,30.0000,30.0000,30.0000,40.0000,29.0000,30.0000,40.0000,29.0000,30.0000,31,30,30,30,30,30,40,29,30,40,29,30,31,30,30,30,30,30,40,29,30,40,29,30,42.99,40.00,30.764,0.275,2.7976,sat down ~19:22Z from 45/46C
1364.47,2026-09-28T19:49:55Z,501,31.0000,30.0000,30.0000,30.0000,30.0000,30.0000,40.0000,29.0000,30.0000,40.0000,29.0000,30.0000,31,30,30,30,30,30,40,29,30,40,29,30,31,30,30,30,30,30,40,29,30,40,29,30,43.00,40.00,30.764,0.276,2.7976,sat down ~19:22Z from 45/46C
1365.47,2026-09-28T19:49:56Z,501,31.0000,30.0000,30.0000,30.0000,30.0000,30.0000,40.0000,29.0000,30.0000,40.0000,29.0000,30.0000,31,30,30,30,30,30,40,29,30,40,29,30,31,30,30,30,30,30,40,29,30,40,29,30,43.00,40.00,30.764,0.277,2.7976,sat down ~19:22Z from 45/46C
1366.47,2026-09-28T19:49:57Z,500,31.0000,30.0000,30.0000,30.0000,30.0000,30.0000,40.0000,29.0000,30.0000,40.0000,29.0000,30.0000,31,30,30,30,30,30,40,29,30,40,29,30,31,30,30,30,30,30,40,29,30,40,29,30,43.00,40.00,30.763,0.277,2.7976,sat down ~19:22Z from 45/46C
1367.47,2026-09-28T19:49:58Z,500,31.0000,30.0000,30.0000,30.0000,30.0000,30.0000,40.0000,29.0000,30.0000,40.0000,29.0000,30.0000,31,30,30,30,30,30,40,29,30,40,29,30,31,30,30,30,30,30,40,29,30,40,29,30,43.00,40.00,30.764,0.280,2.7976,sat down ~19:22Z from 45/46C
1368.47,2026-09-28T19:49:59Z,500,31.0000,30.0000,30.0000,30.0000,30.0000,30.0000,40.0000,29.0000,30.0000,40.0000,29.0000,30.0000,31,30,30,30,30,30,40,29,30,40,29,30,31,30,30,30,30,30,40,29,30,40,29,30,43.00,40.00,30.762,0.278,2.7976,sat down ~19:22Z from 45/46C
1369.47,2026-09-28T19:50:00Z,501,31.0000,30.0000,30.0000,30.0000,30.0000,30.0000,40.0000,29.0000,30.0000,40.0000,29.0000,30.0000,31,30,30,30,30,30,40,29,30,40,29,30,31,30,30,30,30,30,40,29,30,40,29,30,43.00,40.00,30.763,0.278,2.7976,sat down ~19:22Z from 45/46C
1370.47,2026-09-28T19:50:01Z,501,31.0000,30.0000,30.0000,30.0000,30.0000,30.0000,40.0000,29.0000,30.0000,40.0000,29.0000,30.0000,31,30,30,30,30,30,40,29,30,40,29,30,31,30,30,30,30,30,40,29,30,40,29,30,43.00,40.00,30.763,0.280,2.7976,sat down ~19:22Z from 45/46C
1371.47,2026-09-28T19:50:02Z,501,31.0000,30.0000,30.0000,30.0000,30.0000,30.0000,40.0000,29.0000,30.0000,40.0000,29.0000,30.0000,31,30,30,30,30,30,40,29,30,40,29,30,31,30,30,30,30,30,40,29,30,40,29,30,43.00,40.00,30.762,0.280,2.7976,sat down ~19:22Z from 45/46C
1372.48,2026-09-28T19:50:03Z,501,31.0000,30.0000,30.0000,30.0000,30.0000,30.0000,40.0000,29.0000,30.0000,40.0000,29.0000,30.0000,31,30,30,30,30,30,40,29,30,40,29,30,31,30,30,30,30,30,40,29,30,40,29,30,43.00,40.00,30.763,0.277,2.7976,sat down ~19:22Z from 45/46C
1373.48,2026-09-28T19:50:04Z,500,31.0000,30.0000,30.0000,30.0000,30.0000,30.0000,40.0000,29.0000,30.0000,40.0000,29.0000,30.0000,31,30,30,30,30,30,40,29,30,40,29,30,31,30,30,30,30,30,40,29,30,40,29,30,43.00,40.00,30.762,0.282,2.7976,sat down ~19:22Z from 45/46C
1374.48,2026-09-28T19:50:05Z,500,31.0000,30.0000,30.0000,30.0000,30.0000,30.0000,40.0000,29.0000,30.0000,40.0000,29.0000,30.0000,31,30,30,30,30,30,40,29,30,40,29,30,31,30,30,30,30,30,40,29,30,40,29,30,42.99,40.00,30.761,0.278,2.7976,sat down ~19:22Z from 45/46C
1375.48,2026-09-28T19:50:06Z,500,31.0000,30.0000,30.0000,30.0000,30.0000,30.0000,40.0000,29.0000,30.0000,40.0000,29.0000,30.0000,31,30,30,30,30,30,40,29,30,40,29,30,31,30,30,30,30,30,40,29,30,40,29,30,43.00,40.00,30.761,0.277,2.7976,sat down ~19:22Z from 45/46C
1376.48,2026-09-28T19:50:07Z,500,31.0000,30.0000,30.0000,30.0000,30.0000,30.0000,40.0000,29.0000,30.0000,40.0000,29.0000,30.0000,31,30,30,30,30,30,40,29,30,40,29,30,31,30,30,30,30,30,40,29,30,40,29,30,43.00,40.00,30.761,0.278,2.7976,sat down ~19:22Z from 45/46C
1377.48,2026-09-28T19:50:08Z,501,31.0000,30.0000,30.0000,30.0000,30.0000,30.0000,40.0000,29.0000,30.0000,40.0000,29.0000,30.0000,31,30,30,30,30,30,40,29,30,40,29,30,31,30,30,30,30,30,40,29,30,40,29,30,43.00,40.00,30.761,0.281,2.7976,sat down ~19:22Z from 45/46C
1378.48,2026-09-28T19:50:09Z,501,31.0000,30.0000,30.0000,30.0000,30.0000,30.0000,40.0000,29.0000,30.0000,40.0000,29.0000,30.0000,31,30,30,30,30,30,40,29,30,40,29,30,31,30,30,30,30,30,40,29,30,40,29,30,43.00,40.00,30.761,0.282,2.7976,sat down ~19:22Z from 45/46C
1379.48,2026-09-28T19:50:10Z,501,31.0000,30.0000,30.0000,30.0000,30.0000,30.0000,40.0000,29.0000,30.0000,40.0000,29.0000,30.0000,31,30,30,30,30,30,40,29,30,40,29,30,31,30,30,30,30,30,40,29,30,40,29,30,43.00,40.00,30.761,0.280,2.7976,sat down ~19:22Z from 45/46C
1380.49,2026-09-28T19:50:11Z,500,31.0000,30.0000,30.0000,30.0000,30.0000,30.0000,40.0000,29.0000,30.0000,40.0000,29.0000,30.0000,31,30,30,30,30,30,40,29,30,40,29,30,31,30,30,30,30,30,40,29,30,40,29,30,43.00,40.00,30.760,0.280,2.7976,sat down ~19:22Z from 45/46C
1381.49,2026-09-28T19:50:12Z,501,31.0000,30.0000,30.0000,30.0000,30.0000,30.0000,40.0000,29.0000,30.0000,40.0000,29.0000,30.0000,31,30,30,30,30,30,40,29,30,40,29,30,31,30,30,30,30,30,40,29,30,40,29,30,43.00,40.00,30.760,0.282,2.7976,sat down ~19:22Z from 45/46C
1382.49,2026-09-28T19:50:13Z,499,31.0000,30.0000,30.0000,30.0000,30.0000,30.0000,40.0000,29.0000,30.0000,40.0000,29.0000,30.0000,31,30,30,30,30,30,40,29,30,40,29,30,31,30,30,30,30,30,40,29,30,40,29,30,43.00,40.00,30.760,0.279,2.7976,sat down ~19:22Z from 45/46C
1383.49,2026-09-28T19:50:14Z,500,31.0000,30.0000,30.0000,30.0000,30.0000,30.0000,40.0000,29.0000,30.0000,40.0000,29.0000,30.0000,31,30,30,30,30,30,40,29,30,40,29,30,31,30,30,30,30,30,40,29,30,40,29,30,43.00,40.00,30.759,0.278,2.7976,sat down ~19:22Z from 45/46C
1384.49,2026-09-28T19:50:15Z,501,31.0000,30.0000,30.0000,30.0000,30.0000,30.0000,40.0000,29.0000,30.0000,40.0000,29.0000,30.0000,31,30,30,30,30,30,40,29,30,40,29,30,31,30,30,30,30,30,40,29,30,40,29,30,43.00,40.00,30.759,0.280,2.7976,sat down ~19:22Z from 45/46C
1385.49,2026-09-28T19:50:16Z,500,31.0000,30.0000,30.0000,30.0000,30.0000,30.0000,40.0000,29.0000,30.0000,40.0000,29.0000,30.0000,31,30,30,30,30,30,40,29,30,40,29,30,31,30,30,30,30,30,40,29,30,40,29,30,43.00,40.00,30.758,0.281,2.7976,sat down ~19:22Z from 45/46C
1386.49,2026-09-28T19:50:17Z,501,31.0000,30.0000,30.0000,30.0000,30.0000,30.0000,40.0000,29.0000,30.0000,40.0000,29.0000,30.0000,31,30,30,30,30,30,40,29,30,40,29,30,31,30,30,30,30,30,40,29,30,40,29,30,43.00,40.00,30.759,0.279,2.7976,sat down ~19:22Z from 45/46C
1387.50,2026-09-28T19:50:18Z,500,31.0000,30.0000,30.0000,30.0000,30.0000,30.0000,40.0000,29.0000,30.0000,40.0000,29.0000,30.0000,31,30,30,30,30,30,40,29,30,40,29,30,31,30,30,30,30,30,40,29,30,40,29,30,43.00,40.00,30.758,0.278,2.7976,sat down ~19:22Z from 45/46C
1388.50,2026-09-28T19:50:19Z,500,31.0000,30.0000,30.0000,30.0000,30.0000,30.0000,40.0000,29.0000,30.0000,40.0000,29.0000,30.0000,31,30,30,30,30,30,40,29,30,40,29,30,31,30,30,30,30,30,40,29,30,40,29,30,43.00,40.00,30.758,0.279,2.7976,sat down ~19:22Z from 45/46C
1389.50,2026-09-28T19:50:20Z,500,31.0000,30.0000,30.0000,30.0000,30.0000,30.0000,40.0000,29.0000,30.0000,40.0000,29.0000,30.0000,31,30,30,30,30,30,40,29,30,40,29,30,31,30,30,30,30,30,40,29,30,40,29,30,43.00,40.00,30.758,0.283,2.7976,sat down ~19:22Z from 45/46C
1390.50,2026-09-28T19:50:21Z,500,31.0000,30.0000,30.0000,30.0000,30.0000,30.0000,40.0000,29.0000,30.0000,40.0000,29.0000,30.0000,31,30,30,30,30,30,40,29,30,40,29,30,31,30,30,30,30,30,40,29,30,40,29,30,43.00,40.00,30.758,0.282,2.7976,sat down ~19:22Z from 45/46C
1391.50,2026-09-28T19:50:22Z,501,31.0000,30.0000,30.0000,30.0000,30.0000,30.0000,40.0000,29.0000,30.0000,40.0000,29.0000,30.0000,31,30,30,30,30,30,40,29,30,40,29,30,31,30,30,30,30,30,40,29,30,40,29,30,43.00,40.00,30.757,0.278,2.7976,sat down ~19:22Z from 45/46C
1392.50,2026-09-28T19:50:23Z,500,31.0000,30.0000,30.0000,30.0000,30.0000,30.0000,40.0000,29.0000,30.0000,40.0000,29.0000,30.0000,31,30,30,30,30,30,40,29,30,40,29,30,31,30,30,30,30,30,40,29,30,40,29,30,43.00,40.00,30.757,0.279,2.7976,sat down ~19:22Z from 45/46C
1393.50,2026-09-28T19:50:24Z,501,31.0000,30.0000,30.0000,30.0000,30.0000,30.0000,40.0000,29.0000,30.0000,40.0000,29.0000,30.0000,31,30,30,30,30,30,40,29,30,40,29,30,31,30,30,30,30,30,40,29,30,40,29,30,43.00,40.00,30.756,0.275,2.7976,sat down ~19:22Z from 45/46C
1394.50,2026-09-28T19:50:25Z,500,31.0000,30.0000,30.0000,30.0000,30.0000,30.0000,40.0000,29.0000,30.0000,40.0000,29.0000,30.0000,31,30,30,30,30,30,40,29,30,40,29,30,31,30,30,30,30,30,40,29,30,40,29,30,43.00,40.00,30.756,0.278,2.7976,sat down ~19:22Z from 45/46C
1395.50,2026-09-28T19:50:26Z,501,31.0000,30.0000,30.0000,30.0000,30.0000,30.0000,40.0000,29.0000,30.0000,40.0000,29.0000,30.0000,31,30,30,30,30,30,40,29,30,40,29,30,31,30,30,30,30,30,40,29,30,40,29,30,43.00,40.00,30.756,0.277,2.7976,sat down ~19:22Z from 45/46C
1396.50,2026-09-28T19:50:27Z,500,31.0000,30.0000,30.0000,30.0000,30.0000,30.0000,40.0000,29.0000,30.0000,40.0000,29.0000,30.0000,31,30,30,30,30,30,40,29,30,40,29,30,31,30,30,30,30,30,40,29,30,40,29,30,43.00,40.00,30.756,0.276,2.7976,sat down ~19:22Z from 45/46C
1397.50,2026-09-28T19:50:28Z,501,31.0000,30.0000,30.0000,30.0000,30.0000,30.0000,40.0000,29.0000,30.0000,40.0000,29.0000,30.0000,31,30,30,30,30,30,40,29,30,40,29,30,31,30,30,30,30,30,40,29,30,40,29,30,43.00,40.00,30.756,0.276,2.7976,sat down ~19:22Z from 45/46C
1398.51,2026-09-28T19:50:29Z,501,31.0000,30.0000,30.0000,30.0000,30.0000,30.0000,39.9940,29.0000,30.0000,40.0000,29.0000,30.0000,31,30,30,30,30,30,39,29,30,40,29,30,31,30,30,30,30,30,40,29,30,40,29,30,43.00,40.00,30.756,0.278,2.7976,sat down ~19:22Z from 45/46C
1399.51,2026-09-28T19:50:30Z,500,31.0000,30.0000,30.0000,30.0000,30.0000,30.0000,40.0000,29.0000,30.0000,40.0000,29.0000,30.0000,31,30,30,30,30,30,40,29,30,40,29,30,31,30,30,30,30,30,40,29,30,40,29,30,43.00,40.00,30.756,0.272,2.7976,sat down ~19:22Z from 45/46C
1400.51,2026-09-28T19:50:31Z,500,31.0000,30.0000,30.0000,30.0000,30.0000,30.0000,40.0000,29.0000,30.0000,40.0000,29.0000,30.0000,31,30,30,30,30,30,40,29,30,40,29,30,31,30,30,30,30,30,40,29,30,40,29,30,43.00,40.00,30.755,0.275,2.7976,sat down ~19:22Z from 45/46C
1401.51,2026-09-28T19:50:32Z,501,31.0000,30.0000,30.0000,30.0000,30.0000,30.0000,40.0000,29.0000,30.0000,40.0000,29.0000,30.0000,31,30,30,30,30,30,40,29,30,40,29,30,31,30,30,30,30,30,40,29,30,40,29,30,43.00,40.00,30.755,0.277,2.7976,sat down ~19:22Z from 45/46C
1402.51,2026-09-28T19:50:33Z,500,31.0000,30.0000,30.0000,30.0000,30.0000,30.0000,40.0000,29.0000,30.0000,40.0000,29.0000,30.0000,31,30,30,30,30,30,40,29,30,40,29,30,31,30,30,30,30,30,40,29,30,40,29,30,43.00,40.00,30.755,0.275,2.7976,sat down ~19:22Z from 45/46C
1403.51,2026-09-28T19:50:34Z,501,31.0000,30.0000,30.0000,30.0000,30.0000,30.0000,40.0000,29.0000,30.0000,40.0000,29.0000,30.0000,31,30,30,30,30,30,40,29,30,40,29,30,31,30,30,30,30,30,40,29,30,40,29,30,43.00,40.00,30.754,0.278,2.7976,sat down ~19:22Z from 45/46C
1404.51,2026-09-28T19:50:35Z,500,31.0000,30.0000,30.0000,30.0000,30.0000,30.0000,40.0000,29.0000,30.0000,40.0000,29.0000,30.0000,31,30,30,30,30,30,40,29,30,40,29,30,31,30,30,30,30,30,40,29,30,40,29,30,43.00,40.00,30.754,0.280,2.7976,sat down ~19:22Z from 45/46C
1405.51,2026-09-28T19:50:36Z,500,31.0000,30.0000,30.0000,30.0000,30.0000,30.0000,40.0000,29.0000,30.0000,40.0000,29.0000,30.0000,31,30,30,30,30,30,40,29,30,40,29,30,31,30,30,30,30,30,40,29,30,40,29,30,43.00,40.00,30.754,0.274,2.7976,sat down ~19:22Z from 45/46C
1406.51,2026-09-28T19:50:37Z,501,31.0000,30.0000,30.0000,30.0000,30.0000,30.0000,40.0000,29.0000,30.0000,40.0000,29.0000,30.0000,31,30,30,30,30,30,40,29,30,40,29,30,31,30,30,30,30,30,40,29,30,40,29,30,43.00,40.00,30.754,0.277,2.7976,sat down ~19:22Z from 45/46C
1407.51,2026-09-28T19:50:38Z,501,31.0000,30.0000,30.0000,30.0000,30.0000,30.0000,39.9940,29.0000,30.0000,40.0000,29.0000,30.0000,31,30,30,30,30,30,39,29,30,40,29,30,31,30,30,30,30,30,40,29,30,40,29,30,43.00,40.00,30.753,0.277,2.7976,sat down ~19:22Z from 45/46C
1408.52,2026-09-28T19:50:39Z,501,31.0000,30.0000,30.0000,30.0000,30.0000,30.0000,40.0000,29.0000,30.0000,40.0000,29.0000,30.0000,31,30,30,30,30,30,40,29,30,40,29,30,31,30,30,30,30,30,40,29,30,40,29,30,43.00,40.00,30.753,0.278,2.7976,sat down ~19:22Z from 45/46C
1409.52,2026-09-28T19:50:40Z,500,31.0000,30.0000,30.0000,30.0000,30.0000,30.0000,39.9940,29.0000,30.0000,40.0000,29.0000,30.0000,31,30,30,30,30,30,39,29,30,40,29,30,31,30,30,30,30,30,40,29,30,40,29,30,43.00,40.00,30.752,0.275,2.7976,sat down ~19:22Z from 45/46C
1410.52,2026-09-28T19:50:41Z,501,31.0000,30.0000,30.0000,30.0000,30.0000,30.0000,40.0000,29.0000,30.0000,40.0000,29.0000,30.0000,31,30,30,30,30,30,40,29,30,40,29,30,31,30,30,30,30,30,40,29,30,40,29,30,43.00,40.00,30.753,0.278,2.7976,sat down ~19:22Z from 45/46C
1411.52,2026-09-28T19:50:42Z,501,31.0000,30.0000,30.0000,30.0000,30.0000,30.0000,39.9920,29.0000,30.0000,40.0000,29.0000,30.0000,31,30,30,30,30,30,39,29,30,40,29,30,31,30,30,30,30,30,40,29,30,40,29,30,43.00,40.00,30.752,0.277,2.7976,sat down ~19:22Z from 45/46C
1412.52,2026-09-28T19:50:43Z,501,31.0000,30.0000,30.0000,30.0000,30.0000,30.0000,40.0000,29.0000,30.0000,40.0000,29.0000,30.0000,31,30,30,30,30,30,40,29,30,40,29,30,31,30,30,30,30,30,40,29,30,40,29,30,43.00,40.00,30.752,0.276,2.7976,sat down ~19:22Z from 45/46C
1413.52,2026-09-28T19:50:44Z,500,31.0000,30.0000,30.0000,30.0000,30.0000,30.0000,39.9780,29.0000,30.0000,40.0000,29.0000,30.0000,31,30,30,30,30,30,39,29,30,40,29,30,31,30,30,30,30,30,40,29,30,40,29,30,43.00,40.00,30.752,0.275,2.7976,sat down ~19:22Z from 45/46C
1414.52,2026-09-28T19:50:45Z,500,31.0000,30.0000,30.0000,30.0000,30.0000,30.0000,39.9800,29.0000,30.0000,40.0000,29.0000,30.0000,31,30,30,30,30,30,39,29,30,40,29,30,31,30,30,30,30,30,40,29,30,40,29,30,43.00,40.00,30.752,0.277,2.7976,sat down ~19:22Z from 45/46C
1415.52,2026-09-28T19:50:46Z,500,31.0000,30.0000,30.0000,30.0000,30.0000,30.0000,40.0000,29.0000,30.0000,40.0000,29.0000,30.0000,31,30,30,30,30,30,40,29,30,40,29,30,31,30,30,30,30,30,40,29,30,40,29,30,43.00,40.00,30.751,0.275,2.7976,sat down ~19:22Z from 45/46C
1416.52,2026-09-28T19:50:47Z,501,31.0000,30.0000,30.0000,30.0000,30.0000,30.0000,39.9681,29.0000,30.0000,40.0000,29.0000,30.0000,31,30,30,30,30,30,39,29,30,40,29,30,31,30,30,30,30,30,40,29,30,40,29,30,43.00,40.00,30.751,0.274,2.7976,sat down ~19:22Z from 45/46C
1417.53,2026-09-28T19:50:48Z,501,31.0000,30.0000,30.0000,30.0000,30.0000,30.0000,39.9501,29.0000,30.0000,40.0000,29.0000,30.0000,31,30,30,30,30,30,39,29,30,40,29,30,31,30,30,30,30,30,40,29,30,40,29,30,43.00,40.00,30.751,0.276,2.7976,sat down ~19:22Z from 45/46C
1418.53,2026-09-28T19:50:49Z,500,31.0000,30.0000,30.0000,30.0000,30.0000,30.0000,39.9560,29.0000,30.0000,40.0000,29.0000,30.0000,31,30,30,30,30,30,39,29,30,40,29,30,31,30,30,30,30,30,40,29,30,40,29,30,43.00,40.00,30.750,0.274,2.7976,sat down ~19:22Z from 45/46C
1419.53,2026-09-28T19:50:50Z,500,31.0000,30.0000,30.0000,30.0000,30.0000,30.0000,39.9460,29.0000,30.0000,40.0000,29.0000,30.0000,31,30,30,30,30,30,39,29,30,40,29,30,31,30,30,30,30,30,40,29,30,40,29,30,43.00,40.00,30.750,0.277,2.7976,sat down ~19:22Z from 45/46C
1420.53,2026-09-28T19:50:51Z,500,31.0000,30.0000,30.0000,30.0000,30.0000,30.0000,39.9080,29.0000,30.0000,40.0000,29.0000,30.0000,31,30,30,30,30,30,39,29,30,40,29,30,31,30,30,30,30,30,40,29,30,40,29,30,43.00,40.00,30.750,0.276,2.7976,sat down ~19:22Z from 45/46C
1421.53,2026-09-28T19:50:52Z,501,31.0000,30.0000,30.0000,30.0000,30.0000,30.0000,39.8523,29.0000,30.0000,40.0000,29.0000,30.0000,31,30,30,30,30,30,39,29,30,40,29,30,31,30,30,30,30,30,40,29,30,40,29,30,43.00,40.00,30.749,0.280,2.7976,sat down ~19:22Z from 45/46C
1422.53,2026-09-28T19:50:53Z,500,31.0000,30.0000,30.0000,30.0000,30.0000,30.0000,39.8520,29.0000,30.0000,40.0000,29.0000,30.0000,31,30,30,30,30,30,39,29,30,40,29,30,31,30,30,30,30,30,40,29,30,40,29,30,43.00,40.00,30.750,0.277,2.7976,sat down ~19:22Z from 45/46C
1423.53,2026-09-28T19:50:54Z,501,31.0000,30.0000,30.0000,30.0000,30.0000,30.0000,39.7725,29.0000,30.0000,40.0000,29.0000,30.0000,31,30,30,30,30,30,39,29,30,40,29,30,31,30,30,30,30,30,40,29,30,40,29,30,43.00,40.00,30.749,0.275,2.7976,sat down ~19:22Z from 45/46C
1424.53,2026-09-28T19:50:55Z,500,31.0000,30.0000,30.0000,30.0000,30.0000,30.0000,39.7440,29.0000,30.0000,40.0000,29.0000,30.0000,31,30,30,30,30,30,39,29,30,40,29,30,31,30,30,30,30,30,40,29,30,40,29,30,43.00,40.00,30.749,0.279,2.7976,sat down ~19:22Z from 45/46C
1425.53,2026-09-28T19:50:56Z,501,31.0000,30.0000,30.0000,30.0000,30.0000,30.0000,39.7026,29.0000,30.0000,40.0000,29.0000,30.0000,31,30,30,30,30,30,39,29,30,40,29,30,31,30,30,30,30,30,40,29,30,40,29,30,43.00,40.00,30.749,0.277,2.7976,sat down ~19:22Z from 45/46C
1426.53,2026-09-28T19:50:57Z,500,31.0000,30.0000,30.0000,30.0000,30.0000,30.0000,39.6180,29.0000,30.0000,40.0000,29.0000,30.0000,31,30,30,30,30,30,39,29,30,40,29,30,31,30,30,30,30,30,40,29,30,40,29,30,43.00,40.00,30.749,0.280,2.7976,sat down ~19:22Z from 45/46C
1427.53,2026-09-28T19:50:58Z,500,31.0000,30.0000,30.0000,30.0000,30.0000,30.0000,39.4800,29.0000,30.0000,40.0000,29.0000,30.0000,31,30,30,30,30,30,39,29,30,40,29,30,31,30,30,30,30,30,40,29,30,40,29,30,43.00,40.00,30.749,0.276,2.7976,sat down ~19:22Z from 45/46C
1428.53,2026-09-28T19:50:59Z,500,31.0000,30.0000,30.0000,30.0000,30.0000,30.0000,39.4420,29.0000,30.0000,40.0000,29.0000,30.0000,31,30,30,30,30,30,39,29,30,40,29,30,31,30,30,30,30,30,40,29,30,40,29,30,43.00,40.00,30.748,0.281,2.7976,sat down ~19:22Z from 45/46C
1429.53,2026-09-28T19:51:00Z,501,31.0000,30.0000,30.0000,30.0000,30.0000,30.0000,39.2335,29.0000,30.0000,40.0000,29.0000,30.0000,31,30,30,30,30,30,39,29,30,40,29,30,31,30,30,30,30,30,40,29,30,40,29,30,43.00,40.00,30.748,0.279,2.7976,sat down ~19:22Z from 45/46C
1430.53,2026-09-28T19:51:01Z,500,31.0000,30.0000,30.0000,30.0000,30.0000,30.0000,39.1600,29.0000,30.0000,40.0000,29.0000,30.0000,31,30,30,30,30,30,39,29,30,40,29,30,31,30,30,30,30,30,40,29,30,40,29,30,43.00,40.00,30.748,0.277,2.7976,sat down ~19:22Z from 45/46C
1431.53,2026-09-28T19:51:02Z,500,31.0000,30.0000,30.0000,30.0000,30.0000,30.0000,39.1000,29.0000,30.0000,39.9920,29.0000,30.0000,31,30,30,30,30,30,39,29,30,39,29,30,31,30,30,30,30,30,40,29,30,40,29,30,43.00,40.00,30.748,0.281,2.7976,sat down ~19:22Z from 45/46C
1432.54,2026-09-28T19:51:03Z,501,31.0000,30.0000,30.0000,30.0000,30.0000,30.0000,39.0499,29.0000,30.0000,40.0000,29.0000,30.0000,31,30,30,30,30,30,39,29,30,40,29,30,31,30,30,30,30,30,40,29,30,40,29,30,43.00,40.00,30.748,0.282,2.7976,sat down ~19:22Z from 45/46C
1433.54,2026-09-28T19:51:04Z,501,31.0000,30.0000,30.0000,30.0000,30.0000,30.0000,39.0000,29.0000,30.0000,39.9920,29.0000,30.0000,31,30,30,30,30,30,39,29,30,39,29,30,31,30,30,30,30,30,39,29,30,40,29,30,43.00,40.00,30.747,0.277,2.7976,sat down ~19:22Z from 45/46C
1434.54,2026-09-28T19:51:05Z,500,31.0000,30.0000,30.0000,30.0000,30.0000,30.0000,39.0240,29.0000,30.0000,39.9940,29.0000,30.0000,31,30,30,30,30,30,39,29,30,39,29,30,31,30,30,30,30,30,40,29,30,40,29,30,43.00,40.00,30.747,0.277,2.7976,sat down ~19:22Z from 45/46C
1435.54,2026-09-28T19:51:06Z,501,31.0000,30.0000,30.0000,30.0000,30.0000,30.0000,39.0000,29.0000,30.0000,39.9940,29.0000,30.0000,31,30,30,30,30,30,39,29,30,39,29,30,31,30,30,30,30,30,39,29,30,40,29,30,43.00,40.00,30.747,0.279,2.7976,sat down ~19:22Z from 45/46C
1436.54,2026-09-28T19:51:07Z,501,31.0000,30.0000,30.0000,30.0000,30.0000,30.0000,39.0080,29.0000,30.0000,39.9880,29.0000,30.0000,31,30,30,30,30,30,39,29,30,39,29,30,31,30,30,30,30,30,40,29,30,40,29,30,43.00,40.00,30.747,0.281,2.7976,sat down ~19:22Z from 45/46C
1437.54,2026-09-28T19:51:08Z,499,31.0000,30.0000,30.0000,30.0000,30.0000,30.0000,39.0000,29.0000,30.0000,39.9860,29.0000,30.0000,31,30,30,30,30,30,39,29,30,39,29,30,31,30,30,30,30,30,39,29,30,40,29,30,43.00,40.00,30.746,0.276,2.7976,sat down ~19:22Z from 45/46C
1438.54,2026-09-28T19:51:09Z,500,31.0000,30.0000,30.0000,30.0000,30.0000,30.0000,39.0080,29.0000,30.0000,39.9520,29.0000,30.0000,31,30,30,30,30,30,39,29,30,39,29,30,31,30,30,30,30,30,40,29,30,40,29,30,43.00,40.00,30.746,0.280,2.7976,sat down ~19:22Z from 45/46C
1439.54,2026-09-28T19:51:10Z,500,31.0000,30.0000,30.0000,30.0000,30.0000,30.0000,39.0000,29.0000,30.0000,39.9520,29.0000,30.0000,31,30,30,30,30,30,39,29,30,39,29,30,31,30,30,30,30,30,39,29,30,40,29,30,43.00,40.00,30.746,0.281,2.7976,sat down ~19:22Z from 45/46C
1440.55,2026-09-28T19:51:11Z,501,31.0000,30.0000,30.0000,30.0000,30.0000,30.0000,39.0000,29.0000,30.0000,39.8263,29.0000,30.0000,31,30,30,30,30,30,39,29,30,39,29,30,31,30,30,30,30,30,39,29,30,40,29,30,43.00,40.00,30.745,0.278,2.7976,sat down ~19:22Z from 45/46C
1441.55,2026-09-28T19:51:12Z,501,31.0000,30.0000,30.0000,30.0000,30.0000,30.0000,39.0000,29.0000,30.0000,39.8124,29.0000,30.0000,31,30,30,30,30,30,39,29,30,39,29,30,31,30,30,30,30,30,39,29,30,40,29,30,43.00,40.00,30.745,0.279,2.7976,sat down ~19:22Z from 45/46C
1442.55,2026-09-28T19:51:13Z,499,31.0000,30.0000,30.0000,30.0000,30.0000,30.0000,39.0000,29.0000,30.0000,39.7054,29.0000,30.0000,31,30,30,30,30,30,39,29,30,39,29,30,31,30,30,30,30,30,39,29,30,40,29,30,43.00,40.00,30.745,0.281,2.7976,sat down ~19:22Z from 45/46C
1443.55,2026-09-28T19:51:14Z,500,31.0000,30.0000,30.0000,30.0000,30.0000,30.0000,39.0000,29.0000,30.0000,39.7080,29.0000,30.0000,31,30,30,30,30,30,39,29,30,39,29,30,31,30,30,30,30,30,39,29,30,40,29,30,43.00,40.00,30.745,0.278,2.7976,sat down ~19:22Z from 45/46C
1444.55,2026-09-28T19:51:15Z,501,31.0000,30.0000,30.0000,30.0000,30.0000,30.0000,39.0000,29.0000,30.0000,39.5788,29.0000,30.0000,31,30,30,30,30,30,39,29,30,39,29,30,31,30,30,30,30,30,39,29,30,40,29,30,43.00,40.00,30.745,0.277,2.7976,sat down ~19:22Z from 45/46C
1445.55,2026-09-28T19:51:16Z,501,31.0000,30.0000,30.0000,30.0000,30.0000,30.0000,39.0000,29.0000,30.0000,39.4731,29.0000,30.0000,31,30,30,30,30,30,39,29,30,39,29,30,31,30,30,30,30,30,39,29,30,40,29,30,43.00,40.00,30.745,0.280,2.7976,sat down ~19:22Z from 45/46C
1446.55,2026-09-28T19:51:17Z,500,31.0000,30.0000,30.0000,30.0000,30.0000,30.0000,39.0000,29.0000,30.0000,39.3400,29.0000,30.0000,31,30,30,30,30,30,39,29,30,39,29,30,31,30,30,30,30,30,39,29,30,40,29,30,43.00,40.00,30.744,0.274,2.7976,sat down ~19:22Z from 45/46C
1447.55,2026-09-28T19:51:18Z,499,31.0000,30.0000,30.0000,30.0000,30.0000,30.0000,39.0000,29.0000,30.0000,39.2285,29.0000,30.0000,31,30,30,30,30,30,39,29,30,39,29,30,31,30,30,30,30,30,39,29,30,40,29,30,43.00,40.00,30.744,0.275,2.7976,sat down ~19:22Z from 45/46C
1448.56,2026-09-28T19:51:19Z,501,31.0000,30.0000,30.0000,30.0000,30.0000,30.0000,39.0000,29.0000,30.0000,39.2096,29.0000,30.0000,31,30,30,30,30,30,39,29,30,39,29,30,31,30,30,30,30,30,39,29,30,40,29,30,43.00,40.00,30.743,0.273,2.7976,sat down ~19:22Z from 45/46C
1449.56,2026-09-28T19:51:20Z,500,31.0000,30.0000,30.0000,30.0000,30.0000,30.0000,39.0000,29.0000,30.0000,39.0880,29.0000,30.0000,31,30,30,30,30,30,39,29,30,39,29,30,31,30,30,30,30,30,39,29,30,40,29,30,43.00,40.00,30.743,0.272,2.7976,sat down ~19:22Z from 45/46C
1450.56,2026-09-28T19:51:21Z,501,31.0000,30.0000,30.0000,30.0000,30.0000,30.0000,39.0000,29.0000,30.0000,39.0778,29.0000,30.0000,31,30,30,30,30,30,39,29,30,39,29,30,31,30,30,30,30,30,39,29,30,40,29,30,43.00,40.00,30.743,0.275,2.7976,sat down ~19:22Z from 45/46C
1451.56,2026-09-28T19:51:22Z,500,31.0000,30.0000,30.0000,30.0000,30.0000,30.0000,39.0000,29.0000,30.0000,39.0500,29.0000,30.0000,31,30,30,30,30,30,39,29,30,39,29,30,31,30,30,30,30,30,39,29,30,40,29,30,43.00,40.00,30.743,0.276,2.7976,sat down ~19:22Z from 45/46C
1452.56,2026-09-28T19:51:23Z,500,31.0000,30.0000,30.0000,30.0000,30.0000,30.0000,39.0000,29.0000,30.0000,39.0240,29.0000,30.0000,31,30,30,30,30,30,39,29,30,39,29,30,31,30,30,30,30,30,39,29,30,40,29,30,43.00,40.00,30.743,0.278,2.7976,sat down ~19:22Z from 45/46C
1453.56,2026-09-28T19:51:24Z,501,31.0000,30.0000,30.0000,30.0000,30.0000,30.0000,39.0000,29.0000,30.0000,39.0000,29.0000,30.0000,31,30,30,30,30,30,39,29,30,39,29,30,31,30,30,30,30,30,39,29,30,39,29,30,43.00,40.00,30.743,0.277,2.7976,sat down ~19:22Z from 45/46C
1454.56,2026-09-28T19:51:25Z,500,31.0000,30.0000,30.0000,30.0000,30.0000,30.0000,39.0000,29.0000,30.0000,39.0060,29.0000,30.0000,31,30,30,30,30,30,39,29,30,39,29,30,31,30,30,30,30,30,39,29,30,40,29,30,43.00,40.00,30.742,0.276,2.7976,sat down ~19:22Z from 45/46C
1455.56,2026-09-28T19:51:26Z,500,31.0000,30.0000,30.0000,30.0000,30.0000,30.0000,39.0000,29.0000,30.0000,39.0000,29.0000,30.0000,31,30,30,30,30,30,39,29,30,39,29,30,31,30,30,30,30,30,39,29,30,39,29,30,43.00,40.00,30.742,0.275,2.7976,sat down ~19:22Z from 45/46C
1456.56,2026-09-28T19:51:27Z,501,31.0000,30.0000,30.0000,30.0000,30.0000,30.0000,39.0000,29.0000,30.0000,39.0000,29.0000,30.0000,31,30,30,30,30,30,39,29,30,39,29,30,31,30,30,30,30,30,39,29,30,39,29,30,43.00,40.00,30.742,0.277,2.7976,sat down ~19:22Z from 45/46C
1457.56,2026-09-28T19:51:28Z,500,31.0000,30.0000,30.0000,30.0000,30.0000,30.0000,39.0000,29.0000,30.0000,39.0000,29.0000,30.0000,31,30,30,30,30,30,39,29,30,39,29,30,31,30,30,30,30,30,39,29,30,39,29,30,43.00,40.00,30.742,0.278,2.7976,sat down ~19:22Z from 45/46C
1458.57,2026-09-28T19:51:29Z,501,31.0000,30.0000,30.0000,30.0000,30.0000,30.0000,39.0000,29.0000,30.0000,39.0000,29.0000,30.0000,31,30,30,30,30,30,39,29,30,39,29,30,31,30,30,30,30,30,39,29,30,39,29,30,43.00,40.00,30.741,0.276,2.7976,sat down ~19:22Z from 45/46C
1459.57,2026-09-28T19:51:30Z,500,31.0000,30.0000,30.0000,30.0000,30.0000,30.0000,39.0000,29.0000,30.0000,39.0000,29.0000,30.0000,31,30,30,30,30,30,39,29,30,39,29,30,31,30,30,30,30,30,39,29,30,39,29,30,43.00,40.00,30.741,0.278,2.7976,sat down ~19:22Z from 45/46C
1460.57,2026-09-28T19:51:31Z,500,31.0000,30.0000,30.0000,30.0000,30.0000,30.0000,39.0000,29.0000,30.0000,39.0000,29.0000,30.0000,31,30,30,30,30,30,39,29,30,39,29,30,31,30,30,30,30,30,39,29,30,39,29,30,43.00,40.00,30.741,0.277,2.7976,sat down ~19:22Z from 45/46C
1461.57,2026-09-28T19:51:32Z,501,31.0000,30.0000,30.0000,30.0000,30.0000,30.0000,39.0000,29.0000,30.0000,39.0000,29.0000,30.0000,31,30,30,30,30,30,39,29,30,39,29,30,31,30,30,30,30,30,39,29,30,39,29,30,43.00,40.00,30.741,0.279,2.7976,sat down ~19:22Z from 45/46C
1462.57,2026-09-28T19:51:33Z,500,31.0000,30.0000,30.0000,30.0000,30.0000,30.0000,39.0000,29.0000,30.0000,39.0000,29.0000,30.0000,31,30,30,30,30,30,39,29,30,39,29,30,31,30,30,30,30,30,39,29,30,39,29,30,43.00,40.00,30.740,0.277,2.7976,sat down ~19:22Z from 45/46C
1463.57,2026-09-28T19:51:34Z,500,31.0000,30.0000,30.0000,30.0000,30.0000,30.0000,39.0000,29.0000,30.0000,39.0000,29.0000,30.0000,31,30,30,30,30,30,39,29,30,39,29,30,31,30,30,30,30,30,39,29,30,39,29,30,43.00,40.00,30.740,0.279,2.7976,sat down ~19:22Z from 45/46C
1464.57,2026-09-28T19:51:35Z,501,31.0000,30.0000,30.0000,30.0000,30.0000,30.0000,39.0000,29.0000,30.0000,39.0000,29.0000,30.0000,31,30,30,30,30,30,39,29,30,39,29,30,31,30,30,30,30,30,39,29,30,39,29,30,43.00,40.00,30.740,0.277,2.7976,sat down ~19:22Z from 45/46C
1465.57,2026-09-28T19:51:36Z,501,31.0000,30.0000,30.0000,30.0000,30.0000,30.0000,39.0000,29.0000,30.0000,39.0000,29.0000,30.0000,31,30,30,30,30,30,39,29,30,39,29,30,31,30,30,30,30,30,39,29,30,39,29,30,43.00,40.00,30.740,0.275,2.7976,sat down ~19:22Z from 45/46C
1466.57,2026-09-28T19:51:37Z,500,31.0000,30.0000,30.0000,30.0000,30.0000,30.0000,39.0000,29.0000,30.0000,39.0000,29.0000,30.0000,31,30,30,30,30,30,39,29,30,39,29,30,31,30,30,30,30,30,39,29,30,39,29,30,43.00,40.00,30.739,0.273,2.7976,sat down ~19:22Z from 45/46C
1467.57,2026-09-28T19:51:38Z,501,31.0000,30.0000,30.0000,30.0000,30.0000,30.0000,39.0000,29.0000,30.0000,39.0000,29.0000,30.0000,31,30,30,30,30,30,39,29,30,39,29,30,31,30,30,30,30,30,39,29,30,39,29,30,43.00,40.00,30.739,0.273,2.7976,sat down ~19:22Z from 45/46C
1468.58,2026-09-28T19:51:39Z,501,31.0000,30.0000,30.0000,30.0000,30.0000,30.0000,39.0000,29.0000,30.0000,39.0000,29.0000,30.0000,31,30,30,30,30,30,39,29,30,39,29,30,31,30,30,30,30,30,39,29,30,39,29,30,43.00,40.00,30.739,0.275,2.7976,sat down ~19:22Z from 45/46C
1469.58,2026-09-28T19:51:40Z,499,31.0000,30.0000,30.0000,30.0000,30.0000,30.0000,39.0000,29.0000,30.0000,39.0000,29.0000,30.0000,31,30,30,30,30,30,39,29,30,39,29,30,31,30,30,30,30,30,39,29,30,39,29,30,43.00,40.00,30.739,0.275,2.7976,sat down ~19:22Z from 45/46C
1470.58,2026-09-28T19:51:41Z,500,31.0000,30.0000,30.0000,30.0000,30.0000,30.0000,39.0000,29.0000,30.0000,39.0000,29.0000,30.0000,31,30,30,30,30,30,39,29,30,39,29,30,31,30,30,30,30,30,39,29,30,39,29,30,43.00,40.00,30.738,0.274,2.7976,sat down ~19:22Z from 45/46C
1471.58,2026-09-28T19:51:42Z,501,31.0000,30.0000,30.0000,30.0000,30.0000,30.0000,39.0000,29.0000,30.0000,39.0000,29.0000,30.0000,31,30,30,30,30,30,39,29,30,39,29,30,31,30,30,30,30,30,39,29,30,39,29,30,43.00,40.00,30.738,0.271,2.7976,sat down ~19:22Z from 45/46C
1472.58,2026-09-28T19:51:43Z,501,31.0000,30.0000,30.0000,30.0000,30.0000,30.0000,39.0000,29.0000,30.0000,39.0000,29.0000,30.0000,31,30,30,30,30,30,39,29,30,39,29,30,31,30,30,30,30,30,39,29,30,39,29,30,43.00,40.00,30.738,0.274,2.7976,sat down ~19:22Z from 45/46C
1473.58,2026-09-28T19:51:44Z,501,31.0000,30.0000,30.0000,30.0000,30.0000,30.0000,39.0000,29.0000,30.0000,39.0000,29.0000,30.0000,31,30,30,30,30,30,39,29,30,39,29,30,31,30,30,30,30,30,39,29,30,39,29,30,43.00,40.00,30.737,0.277,2.7976,sat down ~19:22Z from 45/46C
1474.58,2026-09-28T19:51:45Z,500,31.0000,30.0000,30.0000,30.0000,30.0000,30.0000,39.0000,29.0000,30.0000,39.0000,29.0000,30.0000,31,30,30,30,30,30,39,29,30,39,29,30,31,30,30,30,30,30,39,29,30,39,29,30,43.00,40.00,30.738,0.275,2.7976,sat down ~19:22Z from 45/46C
1475.58,2026-09-28T19:51:46Z,500,31.0000,30.0000,30.0000,30.0000,30.0000,30.0000,39.0000,29.0000,30.0000,39.0000,29.0000,30.0000,31,30,30,30,30,30,39,29,30,39,29,30,31,30,30,30,30,30,39,29,30,39,29,30,43.00,40.00,30.738,0.275,2.7976,sat down ~19:22Z from 45/46C
1476.59,2026-09-28T19:51:47Z,501,31.0000,30.0000,30.0000,30.0000,30.0000,30.0000,39.0000,29.0000,30.0000,39.0000,29.0000,30.0000,31,30,30,30,30,30,39,29,30,39,29,30,31,30,30,30,30,30,39,29,30,39,29,30,43.00,40.00,30.737,0.274,2.7976,sat down ~19:22Z from 45/46C
1477.59,2026-09-28T19:51:48Z,501,31.0000,30.0000,30.0000,30.0000,30.0000,30.0000,39.0000,29.0000,30.0000,39.0000,29.0000,30.0000,31,30,30,30,30,30,39,29,30,39,29,30,31,30,30,30,30,30,39,29,30,39,29,30,43.00,40.00,30.737,0.274,2.7976,sat down ~19:22Z from 45/46C
1478.59,2026-09-28T19:51:49Z,501,31.0000,30.0000,30.0000,30.0000,30.0000,30.0000,39.0000,29.0000,30.0000,39.0000,29.0000,30.0000,31,30,30,30,30,30,39,29,30,39,29,30,31,30,30,30,30,30,39,29,30,39,29,30,43.00,40.00,30.737,0.276,2.7976,sat down ~19:22Z from 45/46C
1479.59,2026-09-28T19:51:50Z,500,31.0000,30.0000,30.0000,30.0000,30.0000,30.0000,39.0000,29.0000,30.0000,39.0000,29.0000,30.0000,31,30,30,30,30,30,39,29,30,39,29,30,31,30,30,30,30,30,39,29,30,39,29,30,43.00,40.00,30.737,0.276,2.7976,sat down ~19:22Z from 45/46C
1480.59,2026-09-28T19:51:51Z,500,31.0000,30.0000,30.0000,30.0000,30.0000,30.0000,39.0000,29.0000,30.0000,39.0000,29.0000,30.0000,31,30,30,30,30,30,39,29,30,39,29,30,31,30,30,30,30,30,39,29,30,39,29,30,43.00,40.00,30.736,0.277,2.7976,sat down ~19:22Z from 45/46C
1481.59,2026-09-28T19:51:52Z,500,31.0000,30.0000,30.0000,30.0000,30.0000,30.0000,39.0000,29.0000,30.0000,39.0000,29.0000,30.0000,31,30,30,30,30,30,39,29,30,39,29,30,31,30,30,30,30,30,39,29,30,39,29,30,43.00,40.00,30.736,0.274,2.7976,sat down ~19:22Z from 45/46C
1482.59,2026-09-28T19:51:53Z,501,31.0000,30.0000,30.0000,30.0000,30.0000,30.0000,39.0000,29.0000,30.0000,39.0000,29.0000,30.0000,31,30,30,30,30,30,39,29,30,39,29,30,31,30,30,30,30,30,39,29,30,39,29,30,43.00,40.00,30.736,0.274,2.7976,sat down ~19:22Z from 45/46C
1483.59,2026-09-28T19:51:54Z,501,31.0000,30.0000,30.0000,30.0000,30.0000,30.0000,39.0000,29.0000,30.0000,39.0000,29.0000,30.0000,31,30,30,30,30,30,39,29,30,39,29,30,31,30,30,30,30,30,39,29,30,39,29,30,43.00,40.00,30.736,0.272,2.7976,sat down ~19:22Z from 45/46C
1484.60,2026-09-28T19:51:55Z,501,31.0000,30.0000,30.0000,30.0000,30.0000,30.0000,39.0000,29.0000,30.0000,39.0000,29.0000,30.0000,31,30,30,30,30,30,39,29,30,39,29,30,31,30,30,30,30,30,39,29,30,39,29,30,43.00,40.00,30.735,0.274,2.7976,sat down ~19:22Z from 45/46C
1485.60,2026-09-28T19:51:56Z,501,31.0000,30.0000,30.0000,30.0000,30.0000,30.0000,39.0000,29.0000,30.0000,39.0000,29.0000,30.0000,31,30,30,30,30,30,39,29,30,39,29,30,31,30,30,30,30,30,39,29,30,39,29,30,43.00,40.00,30.735,0.271,2.7976,sat down ~19:22Z from 45/46C
1486.60,2026-09-28T19:51:57Z,501,31.0000,30.0000,30.0000,30.0000,30.0000,30.0000,39.0000,29.0000,30.0000,39.0000,29.0000,30.0000,31,30,30,30,30,30,39,29,30,39,29,30,31,30,30,30,30,30,39,29,30,39,29,30,43.00,40.00,30.735,0.271,2.7976,sat down ~19:22Z from 45/46C
1487.60,2026-09-28T19:51:58Z,501,31.0000,30.0000,30.0000,30.0000,30.0000,30.0000,39.0000,29.0000,30.0000,39.0000,29.0000,30.0000,31,30,30,30,30,30,39,29,30,39,29,30,31,30,30,30,30,30,39,29,30,39,29,30,43.00,40.00,30.734,0.270,2.7976,sat down ~19:22Z from 45/46C
1488.60,2026-09-28T19:51:59Z,501,31.0000,30.0000,30.0000,30.0000,30.0000,30.0000,39.0000,29.0000,30.0000,39.0000,29.0000,30.0000,31,30,30,30,30,30,39,29,30,39,29,30,31,30,30,30,30,30,39,29,30,39,29,30,43.00,40.00,30.735,0.274,2.7976,sat down ~19:22Z from 45/46C
1489.60,2026-09-28T19:52:00Z,500,31.0000,30.0000,30.0000,30.0000,30.0000,30.0000,39.0000,29.0000,30.0000,39.0000,29.0000,30.0000,31,30,30,30,30,30,39,29,30,39,29,30,31,30,30,30,30,30,39,29,30,39,29,30,43.00,40.00,30.734,0.274,2.7976,sat down ~19:22Z from 45/46C
1490.60,2026-09-28T19:52:01Z,501,31.0000,30.0000,30.0000,30.0000,30.0000,30.0000,39.0000,29.0000,30.0000,39.0000,29.0000,30.0000,31,30,30,30,30,30,39,29,30,39,29,30,31,30,30,30,30,30,39,29,30,39,29,30,43.00,40.00,30.734,0.275,2.7976,sat down ~19:22Z from 45/46C
1491.61,2026-09-28T19:52:02Z,501,31.0000,30.0000,30.0000,30.0000,30.0000,30.0000,39.0000,29.0000,30.0000,39.0000,29.0000,30.0000,31,30,30,30,30,30,39,29,30,39,29,30,31,30,30,30,30,30,39,29,30,39,29,30,43.00,40.00,30.734,0.271,2.7976,sat down ~19:22Z from 45/46C
1492.61,2026-09-28T19:52:03Z,499,31.0000,30.0000,30.0000,30.0000,30.0000,30.0000,39.0000,29.0000,30.0000,39.0000,29.0000,30.0000,31,30,30,30,30,30,39,29,30,39,29,30,31,30,30,30,30,30,39,29,30,39,29,30,43.00,40.00,30.733,0.275,2.7976,sat down ~19:22Z from 45/46C
1493.61,2026-09-28T19:52:04Z,501,31.0000,30.0000,30.0000,30.0000,30.0000,30.0000,39.0000,29.0000,30.0000,39.0000,29.0000,30.0000,31,30,30,30,30,30,39,29,30,39,29,30,31,30,30,30,30,30,39,29,30,39,29,30,43.00,40.00,30.733,0.276,2.7976,sat down ~19:22Z from 45/46C
1494.61,2026-09-28T19:52:05Z,501,31.0000,30.0000,30.0000,30.0000,30.0000,30.0000,39.0000,29.0000,30.0000,39.0000,29.0000,30.0000,31,30,30,30,30,30,39,29,30,39,29,30,31,30,30,30,30,30,39,29,30,39,29,30,43.00,40.00,30.733,0.274,2.7976,sat down ~19:22Z from 45/46C
1495.61,2026-09-28T19:52:06Z,501,31.0000,30.0000,30.0000,30.0000,30.0000,30.0000,39.0000,29.0000,30.0000,39.0000,29.0000,30.0000,31,30,30,30,30,30,39,29,30,39,29,30,31,30,30,30,30,30,39,29,30,39,29,30,43.00,40.00,30.733,0.274,2.7976,sat down ~19:22Z from 45/46C
1496.61,2026-09-28T19:52:07Z,501,31.0000,30.0000,30.0000,30.0000,30.0000,30.0000,39.0000,29.0000,30.0000,39.0000,29.0000,30.0000,31,30,30,30,30,30,39,29,30,39,29,30,31,30,30,30,30,30,39,29,30,39,29,30,43.00,40.00,30.733,0.276,2.7976,sat down ~19:22Z from 45/46C
1497.62,2026-09-28T19:52:08Z,501,31.0000,30.0000,30.0000,30.0000,30.0000,30.0000,39.0000,29.0000,30.0000,39.0000,29.0000,30.0000,31,30,30,30,30,30,39,29,30,39,29,30,31,30,30,30,30,30,39,29,30,39,29,30,43.00,40.00,30.732,0.279,2.7976,sat down ~19:22Z from 45/46C
1498.62,2026-09-28T19:52:09Z,500,31.0000,30.0000,30.0000,30.0000,30.0000,30.0000,39.0000,29.0000,30.0000,39.0000,29.0000,30.0000,31,30,30,30,30,30,39,29,30,39,29,30,31,30,30,30,30,30,39,29,30,39,29,30,43.00,40.00,30.732,0.278,2.7976,sat down ~19:22Z from 45/46C
1499.62,2026-09-28T19:52:10Z,501,31.0000,30.0000,30.0000,30.0000,30.0000,30.0000,39.0000,29.0000,30.0000,39.0000,29.0000,30.0000,31,30,30,30,30,30,39,29,30,39,29,30,31,30,30,30,30,30,39,29,30,39,29,30,43.00,40.00,30.732,0.278,2.7976,sat down ~19:22Z from 45/46C
1500.62,2026-09-28T19:52:11Z,500,31.0000,30.0000,30.0000,30.0000,30.0000,30.0000,39.0000,29.0000,30.0000,39.0000,29.0000,30.0000,31,30,30,30,30,30,39,29,30,39,29,30,31,30,30,30,30,30,39,29,30,39,29,30,43.00,40.00,30.732,0.278,2.7976,sat down ~19:22Z from 45/46C
1501.62,2026-09-28T19:52:12Z,499,31.0000,30.0000,30.0000,30.0000,30.0000,30.0000,39.0000,29.0000,30.0000,39.0000,29.0000,30.0000,31,30,30,30,30,30,39,29,30,39,29,30,31,30,30,30,30,30,39,29,30,39,29,30,43.00,40.00,30.731,0.277,2.7976,sat down ~19:22Z from 45/46C
1502.62,2026-09-28T19:52:13Z,500,31.0000,30.0000,30.0000,30.0000,30.0000,30.0000,39.0000,29.0000,30.0000,39.0000,29.0000,30.0000,31,30,30,30,30,30,39,29,30,39,29,30,31,30,30,30,30,30,39,29,30,39,29,30,43.00,40.00,30.731,0.278,2.7976,sat down ~19:22Z from 45/46C
1503.62,2026-09-28T19:52:14Z,500,31.0000,30.0000,30.0000,30.0000,30.0000,30.0000,39.0000,29.0000,30.0000,39.0000,29.0000,30.0000,31,30,30,30,30,30,39,29,30,39,29,30,31,30,30,30,30,30,39,29,30,39,29,30,43.00,40.00,30.731,0.281,2.7976,sat down ~19:22Z from 45/46C
1504.62,2026-09-28T19:52:15Z,500,31.0000,30.0000,30.0000,30.0000,30.0000,30.0000,39.0000,29.0000,30.0000,39.0000,29.0000,30.0000,31,30,30,30,30,30,39,29,30,39,29,30,31,30,30,30,30,30,39,29,30,39,29,30,43.00,40.00,30.731,0.280,2.7976,sat down ~19:22Z from 45/46C
1505.62,2026-09-28T19:52:16Z,500,31.0000,30.0000,30.0000,30.0000,30.0000,30.0000,39.0000,29.0000,30.0000,39.0000,29.0000,30.0000,31,30,30,30,30,30,39,29,30,39,29,30,31,30,30,30,30,30,39,29,30,39,29,30,43.00,40.00,30.731,0.282,2.7976,sat down ~19:22Z from 45/46C
1506.62,2026-09-28T19:52:17Z,501,31.0000,30.0000,30.0000,30.0000,30.0000,30.0000,39.0000,29.0000,30.0000,39.0000,29.0000,30.0000,31,30,30,30,30,30,39,29,30,39,29,30,31,30,30,30,30,30,39,29,30,39,29,30,43.00,40.00,30.731,0.279,2.7976,sat down ~19:22Z from 45/46C
1507.62,2026-09-28T19:52:18Z,500,31.0000,30.0000,30.0000,30.0000,30.0000,30.0000,39.0000,29.0000,30.0000,39.0000,29.0000,30.0000,31,30,30,30,30,30,39,29,30,39,29,30,31,30,30,30,30,30,39,29,30,39,29,30,43.00,40.00,30.730,0.277,2.7976,sat down ~19:22Z from 45/46C
1508.62,2026-09-28T19:52:19Z,500,31.0000,30.0000,30.0000,30.0000,30.0000,30.0000,39.0000,29.0000,30.0000,39.0000,29.0000,30.0000,31,30,30,30,30,30,39,29,30,39,29,30,31,30,30,30,30,30,39,29,30,39,29,30,43.00,40.00,30.730,0.275,2.7976,sat down ~19:22Z from 45/46C
1509.63,2026-09-28T19:52:20Z,501,31.0000,30.0000,30.0000,30.0000,30.0000,30.0000,39.0000,29.0000,30.0000,39.0000,29.0000,30.0000,31,30,30,30,30,30,39,29,30,39,29,30,31,30,30,30,30,30,39,29,30,39,29,30,43.00,40.00,30.729,0.277,2.7976,sat down ~19:22Z from 45/46C
1510.63,2026-09-28T19:52:21Z,500,31.0000,30.0000,30.0000,30.0000,30.0000,30.0000,39.0000,29.0000,30.0000,39.0000,29.0000,30.0000,31,30,30,30,30,30,39,29,30,39,29,30,31,30,30,30,30,30,39,29,30,39,29,30,43.00,40.00,30.729,0.279,2.7976,sat down ~19:22Z from 45/46C
1511.63,2026-09-28T19:52:22Z,500,31.0000,30.0000,30.0000,30.0000,30.0000,30.0000,39.0000,29.0000,30.0000,39.0000,29.0000,30.0000,31,30,30,30,30,30,39,29,30,39,29,30,31,30,30,30,30,30,39,29,30,39,29,30,43.00,40.00,30.729,0.280,2.7976,sat down ~19:22Z from 45/46C
1512.63,2026-09-28T19:52:23Z,500,31.0000,30.0000,30.0000,30.0000,30.0000,30.0000,39.0000,29.0000,30.0000,39.0000,29.0000,30.0000,31,30,30,30,30,30,39,29,30,39,29,30,31,30,30,30,30,30,39,29,30,39,29,30,43.00,40.00,30.729,0.280,2.7976,sat down ~19:22Z from 45/46C
1513.63,2026-09-28T19:52:24Z,500,31.0000,30.0000,30.0000,30.0000,30.0000,30.0000,39.0000,29.0000,30.0000,39.0000,29.0000,30.0000,31,30,30,30,30,30,39,29,30,39,29,30,31,30,30,30,30,30,39,29,30,39,29,30,43.00,40.00,30.729,0.282,2.7976,sat down ~19:22Z from 45/46C
1514.63,2026-09-28T19:52:25Z,501,31.0000,30.0000,30.0000,30.0000,30.0000,30.0000,39.0000,29.0000,30.0000,39.0000,29.0000,30.0000,31,30,30,30,30,30,39,29,30,39,29,30,31,30,30,30,30,30,39,29,30,39,29,30,43.00,40.00,30.729,0.284,2.7976,sat down ~19:22Z from 45/46C
1515.63,2026-09-28T19:52:26Z,501,31.0000,30.0000,30.0000,30.0060,30.0000,30.0000,39.0000,29.0000,30.0000,39.0000,29.0000,30.0000,31,30,30,30,30,30,39,29,30,39,29,30,31,30,30,31,30,30,39,29,30,39,29,30,43.00,40.00,30.728,0.282,2.7976,sat down ~19:22Z from 45/46C
1516.63,2026-09-28T19:52:27Z,501,31.0000,30.0000,30.0000,30.0000,30.0000,30.0000,39.0000,29.0000,30.0000,39.0000,29.0000,30.0000,31,30,30,30,30,30,39,29,30,39,29,30,31,30,30,30,30,30,39,29,30,39,29,30,43.00,40.00,30.728,0.284,2.7976,sat down ~19:22Z from 45/46C
1517.63,2026-09-28T19:52:28Z,500,31.0000,30.0000,30.0000,30.0000,30.0000,30.0000,39.0000,29.0000,30.0000,39.0000,29.0000,30.0000,31,30,30,30,30,30,39,29,30,39,29,30,31,30,30,30,30,30,39,29,30,39,29,30,43.00,40.00,30.729,0.281,2.7976,sat down ~19:22Z from 45/46C
1518.63,2026-09-28T19:52:29Z,500,31.0000,30.0000,30.0000,30.0000,30.0000,30.0000,39.0000,29.0000,30.0000,39.0000,29.0000,30.0000,31,30,30,30,30,30,39,29,30,39,29,30,31,30,30,30,30,30,39,29,30,39,29,30,43.00,40.00,30.728,0.282,2.7976,sat down ~19:22Z from 45/46C
1519.64,2026-09-28T19:52:30Z,501,31.0000,30.0000,30.0000,30.0160,30.0000,30.0000,39.0000,29.0000,30.0000,39.0000,29.0080,30.0000,31,30,30,30,30,30,39,29,30,39,29,30,31,30,30,31,30,30,39,29,30,39,30,30,43.00,40.00,30.727,0.282,2.7976,sat down ~19:22Z from 45/46C
1520.64,2026-09-28T19:52:31Z,501,31.0000,30.0000,30.0000,30.0000,30.0000,30.0000,39.0000,29.0000,30.0000,39.0000,29.0000,30.0000,31,30,30,30,30,30,39,29,30,39,29,30,31,30,30,30,30,30,39,29,30,39,29,30,43.00,40.00,30.727,0.284,2.7976,sat down ~19:22Z from 45/46C
1521.64,2026-09-28T19:52:32Z,501,31.0000,30.0000,30.0000,30.0339,30.0000,30.0000,39.0000,29.0000,30.0000,39.0000,29.0000,30.0000,31,30,30,30,30,30,39,29,30,39,29,30,31,30,30,31,30,30,39,29,30,39,29,30,43.00,40.00,30.727,0.281,2.7976,sat down ~19:22Z from 45/46C
1522.64,2026-09-28T19:52:33Z,500,31.0000,30.0000,30.0000,30.0240,30.0000,30.0000,39.0000,29.0000,30.0000,39.0000,29.0000,30.0000,31,30,30,30,30,30,39,29,30,39,29,30,31,30,30,31,30,30,39,29,30,39,29,30,43.00,40.00,30.726,0.281,2.7976,sat down ~19:22Z from 45/46C
1523.64,2026-09-28T19:52:34Z,500,31.0000,30.0000,30.0000,30.0300,30.0000,30.0000,39.0000,29.0000,30.0000,39.0000,29.0000,30.0000,31,30,30,30,30,30,39,29,30,39,29,30,31,30,30,31,30,30,39,29,30,39,29,30,43.00,40.00,30.726,0.280,2.7976,sat down ~19:22Z from 45/46C
1524.64,2026-09-28T19:52:35Z,501,31.0000,30.0000,30.0000,30.0499,30.0000,30.0000,39.0000,29.0000,30.0000,39.0000,29.0000,30.0000,31,30,30,30,30,30,39,29,30,39,29,30,31,30,30,31,30,30,39,29,30,39,29,30,43.00,40.00,30.726,0.282,2.7976,sat down ~19:22Z from 45/46C
1525.64,2026-09-28T19:52:36Z,500,31.0000,30.0000,30.0000,30.0440,30.0000,30.0000,39.0000,29.0000,30.0000,39.0000,29.0000,30.0000,31,30,30,30,30,30,39,29,30,39,29,30,31,30,30,31,30,30,39,29,30,39,29,30,43.00,40.00,30.726,0.280,2.7976,sat down ~19:22Z from 45/46C
1526.65,2026-09-28T19:52:37Z,500,31.0000,30.0000,30.0000,30.0600,30.0000,30.0000,39.0000,29.0000,30.0000,39.0000,29.0000,30.0000,31,30,30,30,30,30,39,29,30,39,29,30,31,30,30,31,30,30,39,29,30,39,29,30,43.00,40.00,30.726,0.279,2.7976,sat down ~19:22Z from 45/46C
1527.65,2026-09-28T19:52:38Z,500,31.0000,30.0000,30.0000,30.1020,30.0000,30.0000,39.0000,29.0000,30.0000,39.0000,29.0000,30.0000,31,30,30,30,30,30,39,29,30,39,29,30,31,30,30,31,30,30,39,29,30,39,29,30,43.00,40.00,30.726,0.278,2.7976,sat down ~19:22Z from 45/46C
1528.65,2026-09-28T19:52:39Z,501,31.0000,30.0000,30.0000,30.0938,30.0000,30.0000,39.0000,29.0000,30.0000,39.0000,29.0000,30.0000,31,30,30,30,30,30,39,29,30,39,29,30,31,30,30,31,30,30,39,29,30,39,29,30,43.00,40.00,30.725,0.275,2.7976,sat down ~19:22Z from 45/46C
1529.65,2026-09-28T19:52:40Z,500,31.0000,30.0000,30.0000,30.0720,30.0000,30.0000,39.0000,29.0000,30.0000,39.0000,29.0000,30.0000,31,30,30,30,30,30,39,29,30,39,29,30,31,30,30,31,30,30,39,29,30,39,29,30,43.00,40.00,30.726,0.276,2.7976,sat down ~19:22Z from 45/46C
1530.65,2026-09-28T19:52:41Z,500,31.0000,30.0000,30.0000,30.0780,30.0000,30.0000,39.0000,29.0000,30.0000,39.0000,29.0000,30.0000,31,30,30,30,30,30,39,29,30,39,29,30,31,30,30,31,30,30,39,29,30,39,29,30,43.00,40.00,30.725,0.276,2.7976,sat down ~19:22Z from 45/46C
1531.65,2026-09-28T19:52:42Z,501,31.0000,30.0000,30.0000,30.1218,30.0000,30.0000,39.0000,29.0000,30.0000,39.0000,29.0000,30.0000,31,30,30,30,30,30,39,29,30,39,29,30,31,30,30,31,30,30,39,29,30,39,29,30,43.00,40.00,30.725,0.273,2.7976,sat down ~19:22Z from 45/46C
1532.65,2026-09-28T19:52:43Z,500,31.0000,30.0000,30.0000,30.1180,30.0000,30.0000,39.0000,29.0000,30.0000,39.0000,29.0000,30.0000,31,30,30,30,30,30,39,29,30,39,29,30,31,30,30,31,30,30,39,29,30,39,29,30,43.00,40.00,30.724,0.274,2.7976,sat down ~19:22Z from 45/46C
1533.65,2026-09-28T19:52:44Z,501,31.0000,30.0000,30.0000,30.1916,30.0000,30.0000,39.0000,29.0000,30.0000,39.0000,29.0000,30.0000,31,30,30,30,30,30,39,29,30,39,29,30,31,30,30,31,30,30,39,29,30,39,29,30,43.00,40.00,30.724,0.275,2.7976,sat down ~19:22Z from 45/46C
1534.65,2026-09-28T19:52:45Z,500,31.0000,30.0000,30.0000,30.2200,30.0000,30.0000,39.0000,29.0000,30.0000,39.0000,29.0000,30.0000,31,30,30,30,30,30,39,29,30,39,29,30,31,30,30,31,30,30,39,29,30,39,29,30,43.00,40.00,30.724,0.277,2.7976,sat down ~19:22Z from 45/46C
1535.65,2026-09-28T19:52:46Z,501,31.0000,30.0000,30.0000,30.1557,30.0000,30.0000,39.0000,29.0000,30.0000,39.0000,29.0000,30.0000,31,30,30,30,30,30,39,29,30,39,29,30,31,30,30,31,30,30,39,29,30,39,29,30,43.00,40.00,30.723,0.276,2.7976,sat down ~19:22Z from 45/46C
1536.66,2026-09-28T19:52:47Z,501,31.0000,30.0000,30.0000,30.2295,30.0000,30.0000,39.0000,29.0000,30.0000,39.0000,29.0000,30.0000,31,30,30,30,30,30,39,29,30,39,29,30,31,30,30,31,30,30,39,29,30,39,29,30,43.00,40.00,30.723,0.277,2.7976,sat down ~19:22Z from 45/46C
1537.66,2026-09-28T19:52:48Z,501,31.0000,30.0000,30.0000,30.2754,30.0000,30.0000,39.0000,29.0000,30.0000,39.0000,29.0000,30.0000,31,30,30,30,30,30,39,29,30,39,29,30,31,30,30,31,30,30,39,29,30,39,29,30,43.00,40.00,30.723,0.276,2.7976,sat down ~19:22Z from 45/46C
1538.66,2026-09-28T19:52:49Z,500,31.0000,30.0000,30.0000,30.2480,30.0000,30.0000,39.0000,29.0000,30.0000,39.0000,29.0000,30.0000,31,30,30,30,30,30,39,29,30,39,29,30,31,30,30,31,30,30,39,29,30,39,29,30,43.00,40.00,30.723,0.278,2.7976,sat down ~19:22Z from 45/46C
1539.66,2026-09-28T19:52:50Z,500,31.0000,30.0000,30.0000,30.3680,30.0000,30.0000,39.0000,29.0000,30.0000,39.0000,29.0000,30.0000,31,30,30,30,30,30,39,29,30,39,29,30,31,30,30,31,30,30,39,29,30,39,29,30,43.00,40.00,30.722,0.274,2.7976,sat down ~19:22Z from 45/46C
1540.66,2026-09-28T19:52:51Z,500,31.0000,30.0000,30.0000,30.4080,30.0000,30.0000,39.0000,29.0000,30.0000,39.0000,29.0000,30.0000,31,30,30,30,30,30,39,29,30,39,29,30,31,30,30,31,30,30,39,29,30,39,29,30,43.00,40.00,30.722,0.275,2.7976,sat down ~19:22Z from 45/46C
1541.66,2026-09-28T19:52:52Z,500,31.0000,30.0000,30.0000,30.4280,30.0000,30.0000,39.0000,29.0000,30.0000,39.0000,29.0000,30.0000,31,30,30,30,30,30,39,29,30,39,29,30,31,30,30,31,30,30,39,29,30,39,29,30,43.00,40.00,30.722,0.277,2.7976,sat down ~19:22Z from 45/46C
1542.66,2026-09-28T19:52:53Z,501,31.0000,30.0000,30.0000,30.4731,30.0000,30.0000,39.0000,29.0000,30.0000,39.0000,29.0000,30.0000,31,30,30,30,30,30,39,29,30,39,29,30,31,30,30,31,30,30,39,29,30,39,29,30,43.00,40.00,30.721,0.279,2.7976,sat down ~19:22Z from 45/46C
1543.66,2026-09-28T19:52:54Z,501,31.0000,30.0000,30.0000,30.4770,30.0000,30.0000,39.0000,29.0000,30.0000,39.0000,29.0000,30.0000,31,30,30,30,30,30,39,29,30,39,29,30,31,30,30,31,30,30,39,29,30,39,29,30,43.00,40.00,30.722,0.276,2.7976,sat down ~19:22Z from 45/46C
1544.66,2026-09-28T19:52:55Z,500,31.0000,30.0000,30.0000,30.5280,30.0000,30.0000,39.0000,29.0000,30.0000,39.0000,29.0000,30.0000,31,30,30,30,30,30,39,29,30,39,29,30,31,30,30,31,30,30,39,29,30,39,29,30,43.00,40.00,30.721,0.276,2.7976,sat down ~19:22Z from 45/46C
1545.66,2026-09-28T19:52:56Z,501,31.0000,30.0000,30.0000,30.5050,30.0000,30.0000,39.0000,29.0000,30.0000,39.0000,29.0080,30.0000,31,30,30,30,30,30,39,29,30,39,29,30,31,30,30,31,30,30,39,29,30,39,30,30,43.00,40.00,30.721,0.277,2.7976,sat down ~19:22Z from 45/46C
1546.66,2026-09-28T19:52:57Z,500,31.0000,30.0000,30.0000,30.4960,30.0000,30.0000,39.0000,29.0000,30.0000,39.0000,29.0100,30.0000,31,30,30,30,30,30,39,29,30,39,29,30,31,30,30,31,30,30,39,29,30,39,30,30,43.00,40.00,30.721,0.274,2.7976,sat down ~19:22Z from 45/46C
1547.67,2026-09-28T19:52:58Z,501,31.0000,30.0000,30.0000,30.6048,30.0000,30.0000,39.0000,29.0000,30.0000,39.0000,29.0339,30.0000,31,30,30,30,30,30,39,29,30,39,29,30,31,30,30,31,30,30,39,29,30,39,30,30,43.00,40.00,30.721,0.274,2.7976,sat down ~19:22Z from 45/46C
1548.67,2026-09-28T19:52:59Z,500,31.0000,30.0000,30.0000,30.6680,30.0000,30.0000,39.0000,29.0000,30.0000,39.0000,29.0220,30.0000,31,30,30,30,30,30,39,29,30,39,29,30,31,30,30,31,30,30,39,29,30,39,30,30,43.00,40.00,30.720,0.275,2.7976,sat down ~19:22Z from 45/46C
1549.67,2026-09-28T19:53:00Z,499,31.0000,30.0000,30.0000,30.5972,30.0000,30.0000,39.0000,29.0000,30.0000,39.0000,29.0080,30.0000,31,30,30,30,30,30,39,29,30,39,29,30,31,30,30,31,30,30,39,29,30,39,30,30,43.00,40.00,30.720,0.277,2.7976,sat down ~19:22Z from 45/46C
1550.67,2026-09-28T19:53:01Z,500,31.0000,30.0000,30.0000,30.6940,30.0000,30.0000,39.0000,29.0000,30.0000,39.0000,29.0000,30.0000,31,30,30,30,30,30,39,29,30,39,29,30,31,30,30,31,30,30,39,29,30,39,29,30,43.00,40.00,30.720,0.279,2.7976,sat down ~19:22Z from 45/46C
1551.67,2026-09-28T19:53:02Z,499,31.0000,30.0000,30.0000,30.7214,30.0000,30.0000,39.0000,29.0000,30.0000,39.0000,29.0000,30.0000,31,30,30,30,30,30,39,29,30,39,29,30,31,30,30,31,30,30,39,29,30,39,29,30,43.00,40.00,30.720,0.278,2.7976,sat down ~19:22Z from 45/46C
1552.67,2026-09-28T19:53:03Z,499,31.0000,30.0000,30.0000,30.5952,30.0000,30.0000,39.0000,29.0000,30.0000,39.0000,29.0000,30.0000,31,30,30,30,30,30,39,29,30,39,29,30,31,30,30,31,30,30,39,29,30,39,29,30,43.00,40.00,30.719,0.277,2.7976,sat down ~19:22Z from 45/46C
1553.67,2026-09-28T19:53:04Z,501,31.0000,30.0000,30.0000,30.6387,30.0000,30.0000,39.0000,29.0000,30.0000,39.0000,29.0000,30.0000,31,30,30,30,30,30,39,29,30,39,29,30,31,30,30,31,30,30,39,29,30,39,29,30,43.00,40.00,30.719,0.275,2.7976,sat down ~19:22Z from 45/46C
1554.67,2026-09-28T19:53:05Z,500,31.0000,30.0000,30.0000,30.7240,30.0000,30.0000,39.0000,29.0000,30.0000,39.0000,29.0000,30.0000,31,30,30,30,30,30,39,29,30,39,29,30,31,30,30,31,30,30,39,29,30,39,29,30,43.00,40.00,30.719,0.277,2.7976,sat down ~19:22Z from 45/46C
1555.67,2026-09-28T19:53:06Z,501,31.0000,30.0000,30.0000,30.6647,30.0000,30.0000,39.0000,29.0000,30.0000,39.0000,29.0000,30.0000,31,30,30,30,30,30,39,29,30,39,29,30,31,30,30,31,30,30,39,29,30,39,29,30,43.00,40.00,30.719,0.276,2.7976,sat down ~19:22Z from 45/46C
1556.67,2026-09-28T19:53:07Z,501,31.0000,30.0000,30.0000,30.6846,30.0000,30.0000,39.0000,29.0000,30.0000,39.0000,29.0000,30.0000,31,30,30,30,30,30,39,29,30,39,29,30,31,30,30,31,30,30,39,29,30,39,29,30,43.00,40.00,30.719,0.280,2.7976,sat down ~19:22Z from 45/46C
1557.67,2026-09-28T19:53:08Z,500,31.0000,30.0000,30.0000,30.7440,30.0000,30.0000,39.0000,29.0000,30.0000,39.0000,29.0000,30.0000,31,30,30,30,30,30,39,29,30,39,29,30,31,30,30,31,30,30,39,29,30,39,29,30,43.00,40.00,30.718,0.280,2.7976,sat down ~19:22Z from 45/46C
1558.68,2026-09-28T19:53:09Z,501,31.0000,30.0000,30.0000,30.7186,30.0000,30.0000,39.0000,29.0000,30.0000,39.0000,29.0000,30.0000,31,30,30,30,30,30,39,29,30,39,29,30,31,30,30,31,30,30,39,29,30,39,29,30,43.00,40.00,30.718,0.279,2.7976,sat down ~19:22Z from 45/46C
1559.68,2026-09-28T19:53:10Z,501,31.0000,30.0000,30.0000,30.7725,30.0000,30.0000,39.0000,29.0000,30.0000,39.0000,29.0000,30.0000,31,30,30,30,30,30,39,29,30,39,29,30,31,30,30,31,30,30,39,29,30,39,29,30,43.00,40.00,30.718,0.278,2.7976,sat down ~19:22Z from 45/46C
1560.68,2026-09-28T19:53:11Z,501,31.0000,30.0000,30.0000,30.7565,30.0000,30.0000,39.0000,29.0000,30.0000,39.0000,29.0000,30.0000,31,30,30,30,30,30,39,29,30,39,29,30,31,30,30,31,30,30,39,29,30,39,29,30,43.00,40.00,30.718,0.280,2.7976,sat down ~19:22Z from 45/46C
1561.68,2026-09-28T19:53:12Z,500,31.0000,30.0000,30.0000,30.8100,30.0000,30.0000,39.0000,29.0000,30.0000,39.0000,29.0000,30.0000,31,30,30,30,30,30,39,29,30,39,29,30,31,30,30,31,30,30,39,29,30,39,29,30,43.00,40.00,30.718,0.278,2.7976,sat down ~19:22Z from 45/46C
1562.68,2026-09-28T19:53:13Z,501,31.0000,30.0000,30.0000,30.8064,30.0000,30.0000,39.0000,29.0000,30.0000,39.0000,29.0000,30.0000,31,30,30,30,30,30,39,29,30,39,29,30,31,30,30,31,30,30,39,29,30,39,29,30,43.00,40.00,30.717,0.277,2.7976,sat down ~19:22Z from 45/46C
1563.68,2026-09-28T19:53:14Z,500,31.0000,30.0000,30.0000,30.8200,30.0000,30.0000,39.0000,29.0000,30.0000,39.0000,29.0000,30.0000,31,30,30,30,30,30,39,29,30,39,29,30,31,30,30,31,30,30,39,29,30,39,29,30,43.00,40.00,30.717,0.278,2.7976,sat down ~19:22Z from 45/46C
1564.68,2026-09-28T19:53:15Z,501,31.0000,30.0000,30.0000,30.7944,30.0000,30.0000,39.0000,29.0000,30.0000,39.0000,29.0000,30.0000,31,30,30,30,30,30,39,29,30,39,29,30,31,30,30,31,30,30,39,29,30,39,29,30,43.00,40.00,30.716,0.277,2.7976,sat down ~19:22Z from 45/46C
1565.69,2026-09-28T19:53:16Z,501,31.0000,30.0000,30.0000,30.7924,30.0000,30.0000,39.0000,29.0000,30.0000,39.0000,29.0000,30.0000,31,30,30,30,30,30,39,29,30,39,29,30,31,30,30,31,30,30,39,29,30,39,29,30,43.00,40.00,30.716,0.278,2.7976,sat down ~19:22Z from 45/46C
1566.69,2026-09-28T19:53:17Z,500,31.0000,30.0000,30.0000,30.7780,30.0000,30.0000,39.0000,29.0000,30.0000,39.0000,29.0000,30.0000,31,30,30,30,30,30,39,29,30,39,29,30,31,30,30,31,30,30,39,29,30,39,29,30,43.00,40.00,30.716,0.278,2.7976,sat down ~19:22Z from 45/46C
1567.69,2026-09-28T19:53:18Z,501,31.0000,30.0000,30.0000,30.8603,30.0000,30.0000,39.0000,29.0000,30.0000,39.0000,29.0000,30.0000,31,30,30,30,30,30,39,29,30,39,29,30,31,30,30,31,30,30,39,29,30,39,29,30,43.00,40.00,30.716,0.276,2.7976,sat down ~19:22Z from 45/46C
1568.69,2026-09-28T19:53:19Z,500,31.0000,30.0000,30.0000,30.7800,30.0000,30.0000,39.0000,29.0000,30.0000,39.0000,29.0000,30.0000,31,30,30,30,30,30,39,29,30,39,29,30,31,30,30,31,30,30,39,29,30,39,29,30,43.00,40.00,30.715,0.280,2.7976,sat down ~19:22Z from 45/46C
1569.69,2026-09-28T19:53:20Z,501,31.0000,30.0000,30.0000,30.8343,30.0000,30.0000,39.0000,29.0000,30.0000,39.0000,29.0000,30.0000,31,30,30,30,30,30,39,29,30,39,29,30,31,30,30,31,30,30,39,29,30,39,29,30,43.00,40.00,30.715,0.276,2.7976,sat down ~19:22Z from 45/46C
1570.69,2026-09-28T19:53:21Z,501,31.0000,30.0000,30.0000,30.8383,30.0000,30.0000,39.0000,29.0000,30.0000,39.0000,29.0000,30.0000,31,30,30,30,30,30,39,29,30,39,29,30,31,30,30,31,30,30,39,29,30,39,29,30,43.00,40.00,30.715,0.279,2.7976,sat down ~19:22Z from 45/46C
1571.69,2026-09-28T19:53:22Z,501,31.0000,30.0000,30.0000,30.8623,30.0000,30.0000,39.0000,29.0000,30.0000,39.0000,29.0000,30.0000,31,30,30,30,30,30,39,29,30,39,29,30,31,30,30,31,30,30,39,29,30,39,29,30,43.00,40.00,30.715,0.281,2.7976,sat down ~19:22Z from 45/46C
1572.69,2026-09-28T19:53:23Z,500,31.0000,30.0000,30.0000,30.9100,30.0000,30.0000,39.0000,29.0000,30.0000,39.0000,29.0000,30.0000,31,30,30,30,30,30,39,29,30,39,29,30,31,30,30,31,30,30,39,29,30,39,29,30,43.00,40.00,30.715,0.282,2.7976,sat down ~19:22Z from 45/46C
1573.70,2026-09-28T19:53:24Z,501,31.0000,30.0000,30.0000,30.8563,30.0000,30.0000,39.0000,29.0000,30.0000,39.0000,29.0000,30.0000,31,30,30,30,30,30,39,29,30,39,29,30,31,30,30,31,30,30,39,29,30,39,29,30,43.00,40.00,30.714,0.280,2.7976,sat down ~19:22Z from 45/46C
1574.70,2026-09-28T19:53:25Z,500,31.0000,30.0000,30.0000,30.9000,30.0000,30.0000,39.0000,29.0000,30.0000,39.0000,29.0000,30.0000,31,30,30,30,30,30,39,29,30,39,29,30,31,30,30,31,30,30,39,29,30,39,29,30,43.00,40.00,30.714,0.282,2.7976,sat down ~19:22Z from 45/46C
1575.70,2026-09-28T19:53:26Z,501,31.0000,30.0000,30.0000,30.9182,30.0000,30.0000,39.0000,29.0000,30.0000,39.0000,29.0000,30.0000,31,30,30,30,30,30,39,29,30,39,29,30,31,30,30,31,30,30,39,29,30,39,29,30,43.00,40.00,30.713,0.281,2.7976,sat down ~19:22Z from 45/46C
1576.70,2026-09-28T19:53:27Z,500,31.0000,30.0000,30.0000,30.9000,30.0000,30.0000,39.0000,29.0000,30.0000,39.0000,29.0000,30.0000,31,30,30,30,30,30,39,29,30,39,29,30,31,30,30,31,30,30,39,29,30,39,29,30,43.00,40.00,30.714,0.280,2.7976,sat down ~19:22Z from 45/46C
1577.70,2026-09-28T19:53:28Z,501,31.0000,30.0000,30.0000,30.9281,30.0000,30.0000,39.0000,29.0000,30.0000,39.0000,29.0000,30.0000,31,30,30,30,30,30,39,29,30,39,29,30,31,30,30,31,30,30,39,29,30,39,29,30,43.00,40.00,30.713,0.281,2.7976,sat down ~19:22Z from 45/46C
1578.70,2026-09-28T19:53:29Z,501,31.0000,30.0000,30.0000,30.9441,30.0000,30.0000,39.0000,29.0000,30.0000,39.0000,29.0000,30.0000,31,30,30,30,30,30,39,29,30,39,29,30,31,30,30,31,30,30,39,29,30,39,29,30,43.00,40.00,30.713,0.279,2.7976,sat down ~19:22Z from 45/46C
1579.70,2026-09-28T19:53:30Z,501,31.0000,30.0000,30.0000,30.9481,30.0000,30.0000,39.0000,29.0000,30.0000,39.0000,29.0000,30.0000,31,30,30,30,30,30,39,29,30,39,29,30,31,30,30,31,30,30,39,29,30,39,29,30,43.00,40.00,30.713,0.280,2.7976,sat down ~19:22Z from 45/46C
1580.70,2026-09-28T19:53:31Z,500,31.0000,30.0000,30.0000,30.9460,30.0000,30.0000,39.0000,29.0000,30.0000,39.0000,29.0000,30.0000,31,30,30,30,30,30,39,29,30,39,29,30,31,30,30,31,30,30,39,29,30,39,29,30,43.00,40.00,30.712,0.275,2.7976,sat down ~19:22Z from 45/46C
1581.70,2026-09-28T19:53:32Z,500,31.0000,30.0000,30.0000,30.9440,30.0000,30.0000,39.0000,29.0000,30.0000,39.0000,29.0000,30.0000,31,30,30,30,30,30,39,29,30,39,29,30,31,30,30,31,30,30,39,29,30,39,29,30,43.00,40.00,30.712,0.277,2.7976,sat down ~19:22Z from 45/46C
1582.71,2026-09-28T19:53:33Z,500,31.0000,30.0000,30.0000,30.9540,30.0000,30.0000,39.0000,29.0000,30.0000,39.0000,29.0000,30.0000,31,30,30,30,30,30,39,29,30,39,29,30,31,30,30,31,30,30,39,29,30,39,29,30,43.00,40.00,30.712,0.277,2.7976,sat down ~19:22Z from 45/46C
1583.71,2026-09-28T19:53:34Z,499,31.0000,30.0000,30.0000,30.9599,30.0000,30.0000,39.0000,29.0000,30.0000,39.0000,29.0000,30.0000,31,30,30,30,30,30,39,29,30,39,29,30,31,30,30,31,30,30,39,29,30,39,29,30,43.00,40.00,30.712,0.278,2.7976,sat down ~19:22Z from 45/46C
1584.71,2026-09-28T19:53:35Z,500,31.0000,30.0000,30.0000,30.9620,30.0000,30.0000,39.0000,29.0000,30.0000,39.0000,29.0000,30.0000,31,30,30,30,30,30,39,29,30,39,29,30,31,30,30,31,30,30,39,29,30,39,29,30,43.00,40.00,30.712,0.276,2.7976,sat down ~19:22Z from 45/46C
1585.71,2026-09-28T19:53:36Z,500,31.0000,30.0000,30.0000,31.0000,30.0000,30.0000,39.0000,29.0000,30.0000,39.0000,29.0000,30.0000,31,30,30,31,30,30,39,29,30,39,29,30,31,30,30,31,30,30,39,29,30,39,29,30,43.00,40.00,30.712,0.275,2.7976,sat down ~19:22Z from 45/46C
1586.71,2026-09-28T19:53:37Z,501,31.0000,30.0000,30.0000,30.9860,30.0000,30.0000,39.0000,29.0000,30.0000,39.0000,29.0000,30.0000,31,30,30,30,30,30,39,29,30,39,29,30,31,30,30,31,30,30,39,29,30,39,29,30,43.00,40.00,30.711,0.276,2.7976,sat down ~19:22Z from 45/46C
1587.71,2026-09-28T19:53:38Z,501,31.0000,30.0000,30.0000,30.9701,30.0000,30.0000,39.0000,29.0000,30.0000,39.0000,29.0000,30.0000,31,30,30,30,30,30,39,29,30,39,29,30,31,30,30,31,30,30,39,29,30,39,29,30,43.00,40.00,30.711,0.274,2.7976,sat down ~19:22Z from 45/46C
1588.71,2026-09-28T19:53:39Z,501,31.0000,30.0000,30.0000,30.9940,30.0000,30.0000,39.0000,29.0000,30.0000,39.0000,29.0000,30.0000,31,30,30,30,30,30,39,29,30,39,29,30,31,30,30,31,30,30,39,29,30,39,29,30,43.00,40.00,30.711,0.276,2.7976,sat down ~19:22Z from 45/46C
1589.71,2026-09-28T19:53:40Z,500,31.0000,30.0000,30.0000,30.9720,30.0000,30.0000,39.0000,29.0000,30.0000,39.0000,29.0000,30.0000,31,30,30,30,30,30,39,29,30,39,29,30,31,30,30,31,30,30,39,29,30,39,29,30,43.00,40.00,30.710,0.271,2.7976,sat down ~19:22Z from 45/46C
1590.71,2026-09-28T19:53:41Z,499,31.0000,30.0000,30.0000,30.9880,30.0000,30.0000,39.0000,29.0000,30.0000,39.0000,29.0000,30.0000,31,30,30,30,30,30,39,29,30,39,29,30,31,30,30,31,30,30,39,29,30,39,29,30,43.00,40.00,30.710,0.273,2.7976,sat down ~19:22Z from 45/46C
1591.72,2026-09-28T19:53:42Z,501,31.0000,30.0000,30.0000,30.9940,30.0000,30.0000,39.0000,29.0000,30.0000,39.0000,29.0000,30.0000,31,30,30,30,30,30,39,29,30,39,29,30,31,30,30,31,30,30,39,29,30,39,29,30,43.00,40.00,30.709,0.274,2.7976,sat down ~19:22Z from 45/46C
1592.72,2026-09-28T19:53:43Z,501,31.0000,30.0000,30.0000,30.9940,30.0000,30.0000,39.0000,29.0000,30.0000,39.0000,29.0000,30.0000,31,30,30,30,30,30,39,29,30,39,29,30,31,30,30,31,30,30,39,29,30,39,29,30,43.00,40.00,30.710,0.278,2.7976,sat down ~19:22Z from 45/46C
1593.72,2026-09-28T19:53:44Z,500,31.0000,30.0000,30.0000,31.0000,30.0000,30.0000,39.0000,29.0000,30.0000,39.0000,29.0000,30.0000,31,30,30,31,30,30,39,29,30,39,29,30,31,30,30,31,30,30,39,29,30,39,29,30,43.00,40.00,30.710,0.277,2.7976,sat down ~19:22Z from 45/46C
1594.72,2026-09-28T19:53:45Z,500,31.0000,30.0000,30.0000,30.9740,30.0000,30.0000,39.0000,29.0000,30.0000,39.0000,29.0000,30.0000,31,30,30,30,30,30,39,29,30,39,29,30,31,30,30,31,30,30,39,29,30,39,29,30,43.00,40.00,30.709,0.277,2.7976,sat down ~19:22Z from 45/46C
1595.72,2026-09-28T19:53:46Z,500,31.0000,30.0000,30.0000,31.0000,30.0000,30.0000,39.0000,29.0000,30.0000,39.0000,29.0000,30.0000,31,30,30,31,30,30,39,29,30,39,29,30,31,30,30,31,30,30,39,29,30,39,29,30,43.00,40.00,30.709,0.277,2.7976,sat down ~19:22Z from 45/46C
1596.72,2026-09-28T19:53:47Z,499,31.0000,30.0000,30.0000,31.0000,30.0000,30.0000,39.0000,29.0000,30.0000,39.0000,29.0000,30.0000,31,30,30,31,30,30,39,29,30,39,29,30,31,30,30,31,30,30,39,29,30,39,29,30,43.00,40.00,30.709,0.277,2.7976,sat down ~19:22Z from 45/46C
1597.72,2026-09-28T19:53:48Z,501,31.0000,30.0000,30.0000,30.9940,30.0000,30.0000,39.0000,29.0000,30.0000,39.0000,29.0000,30.0000,31,30,30,30,30,30,39,29,30,39,29,30,31,30,30,31,30,30,39,29,30,39,29,30,43.00,40.00,30.709,0.275,2.7976,sat down ~19:22Z from 45/46C
1598.72,2026-09-28T19:53:49Z,500,31.0000,30.0000,30.0000,31.0000,30.0000,30.0000,39.0000,29.0000,30.0000,39.0000,29.0000,30.0000,31,30,30,31,30,30,39,29,30,39,29,30,31,30,30,31,30,30,39,29,30,39,29,30,43.00,40.00,30.708,0.278,2.7976,sat down ~19:22Z from 45/46C
1599.72,2026-09-28T19:53:50Z,500,31.0000,30.0000,30.0000,31.0000,30.0000,30.0000,39.0000,29.0000,30.0000,39.0000,29.0000,30.0000,31,30,30,31,30,30,39,29,30,39,29,30,31,30,30,31,30,30,39,29,30,39,29,30,43.00,40.00,30.708,0.275,2.7976,sat down ~19:22Z from 45/46C
1600.72,2026-09-28T19:53:51Z,501,31.0000,30.0000,30.0000,30.9860,30.0000,30.0000,39.0000,29.0000,30.0000,39.0000,29.0000,30.0000,31,30,30,30,30,30,39,29,30,39,29,30,31,30,30,31,30,30,39,29,30,39,29,30,43.00,40.00,30.708,0.277,2.7976,sat down ~19:22Z from 45/46C
1601.72,2026-09-28T19:53:52Z,500,31.0000,30.0000,30.0000,30.9780,30.0000,30.0000,39.0000,29.0000,30.0000,39.0000,29.0000,30.0000,31,30,30,30,30,30,39,29,30,39,29,30,31,30,30,31,30,30,39,29,30,39,29,30,43.00,40.00,30.708,0.276,2.7976,sat down ~19:22Z from 45/46C
1602.72,2026-09-28T19:53:53Z,500,31.0000,30.0000,30.0000,31.0000,30.0000,30.0000,39.0000,29.0000,30.0000,39.0000,29.0000,30.0000,31,30,30,31,30,30,39,29,30,39,29,30,31,30,30,31,30,30,39,29,30,39,29,30,43.00,40.00,30.708,0.278,2.7976,sat down ~19:22Z from 45/46C
1603.73,2026-09-28T19:53:54Z,500,31.0000,30.0000,30.0000,31.0000,30.0000,30.0000,39.0000,29.0000,30.0000,39.0000,29.0000,30.0000,31,30,30,31,30,30,39,29,30,39,29,30,31,30,30,31,30,30,39,29,30,39,29,30,43.00,40.00,30.707,0.278,2.7976,sat down ~19:22Z from 45/46C
1604.73,2026-09-28T19:53:55Z,501,31.0000,30.0000,30.0000,30.9920,30.0000,30.0000,39.0000,29.0000,30.0000,39.0000,29.0000,30.0000,31,30,30,30,30,30,39,29,30,39,29,30,31,30,30,31,30,30,39,29,30,39,29,30,43.00,40.00,30.707,0.276,2.7976,sat down ~19:22Z from 45/46C
1605.73,2026-09-28T19:53:56Z,500,31.0000,30.0000,30.0000,31.0000,30.0000,30.0000,39.0000,29.0000,30.0000,39.0000,29.0000,30.0000,31,30,30,31,30,30,39,29,30,39,29,30,31,30,30,31,30,30,39,29,30,39,29,30,43.00,40.00,30.707,0.276,2.7976,sat down ~19:22Z from 45/46C
1606.73,2026-09-28T19:53:57Z,500,31.0000,30.0000,30.0000,31.0000,30.0000,30.0000,39.0000,29.0000,30.0000,39.0000,29.0000,30.0000,31,30,30,31,30,30,39,29,30,39,29,30,31,30,30,31,30,30,39,29,30,39,29,30,43.00,40.00,30.707,0.272,2.7976,sat down ~19:22Z from 45/46C
1607.73,2026-09-28T19:53:58Z,499,31.0000,30.0000,30.0000,31.0000,30.0000,30.0000,39.0000,29.0000,30.0000,39.0000,29.0000,30.0000,31,30,30,31,30,30,39,29,30,39,29,30,31,30,30,31,30,30,39,29,30,39,29,30,43.00,40.00,30.707,0.277,2.7976,sat down ~19:22Z from 45/46C
1608.73,2026-09-28T19:53:59Z,501,31.0000,30.0000,30.0000,31.0000,30.0000,30.0000,39.0000,29.0000,30.0000,39.0000,29.0000,30.0000,31,30,30,31,30,30,39,29,30,39,29,30,31,30,30,31,30,30,39,29,30,39,29,30,43.00,40.00,30.706,0.276,2.7976,sat down ~19:22Z from 45/46C
1609.73,2026-09-28T19:54:00Z,500,31.0000,30.0000,30.0000,31.0000,30.0000,30.0000,39.0000,29.0000,30.0000,39.0000,29.0000,30.0000,31,30,30,31,30,30,39,29,30,39,29,30,31,30,30,31,30,30,39,29,30,39,29,30,43.00,40.00,30.706,0.274,2.7976,sat down ~19:22Z from 45/46C
1610.73,2026-09-28T19:54:01Z,501,31.0000,30.0000,30.0000,31.0000,30.0000,30.0000,39.0000,29.0000,30.0000,39.0000,29.0000,30.0000,31,30,30,31,30,30,39,29,30,39,29,30,31,30,30,31,30,30,39,29,30,39,29,30,43.00,40.00,30.706,0.278,2.7976,sat down ~19:22Z from 45/46C
1611.73,2026-09-28T19:54:02Z,501,31.0000,30.0000,30.0000,30.9920,30.0000,30.0000,39.0000,29.0000,30.0000,39.0000,29.0000,30.0000,31,30,30,30,30,30,39,29,30,39,29,30,31,30,30,31,30,30,39,29,30,39,29,30,43.00,40.00,30.705,0.275,2.7976,sat down ~19:22Z from 45/46C
1612.73,2026-09-28T19:54:03Z,500,31.0000,30.0000,30.0000,31.0000,30.0000,30.0000,39.0000,29.0000,30.0000,39.0000,29.0000,30.0000,31,30,30,31,30,30,39,29,30,39,29,30,31,30,30,31,30,30,39,29,30,39,29,30,43.00,40.00,30.705,0.276,2.7976,sat down ~19:22Z from 45/46C
1613.74,2026-09-28T19:54:04Z,501,31.0000,30.0000,30.0000,31.0000,30.0000,30.0000,39.0000,29.0000,30.0000,39.0000,29.0000,30.0000,31,30,30,31,30,30,39,29,30,39,29,30,31,30,30,31,30,30,39,29,30,39,29,30,43.00,40.00,30.705,0.278,2.7976,sat down ~19:22Z from 45/46C
1614.74,2026-09-28T19:54:05Z,500,31.0000,30.0000,30.0000,31.0000,30.0000,30.0000,39.0000,29.0000,30.0000,39.0000,29.0000,30.0000,31,30,30,31,30,30,39,29,30,39,29,30,31,30,30,31,30,30,39,29,30,39,29,30,43.00,40.00,30.705,0.277,2.7976,sat down ~19:22Z from 45/46C
1615.74,2026-09-28T19:54:06Z,500,31.0000,30.0000,30.0000,31.0000,30.0000,30.0000,39.0000,29.0000,30.0000,39.0000,29.0000,30.0000,31,30,30,31,30,30,39,29,30,39,29,30,31,30,30,31,30,30,39,29,30,39,29,30,43.00,40.00,30.705,0.282,2.7976,sat down ~19:22Z from 45/46C
1616.74,2026-09-28T19:54:07Z,500,31.0000,30.0000,30.0000,31.0000,30.0000,30.0000,39.0000,29.0000,30.0000,39.0000,29.0000,30.0000,31,30,30,31,30,30,39,29,30,39,29,30,31,30,30,31,30,30,39,29,30,39,29,30,43.00,40.00,30.705,0.278,2.7976,sat down ~19:22Z from 45/46C
1617.74,2026-09-28T19:54:08Z,501,31.0000,30.0000,30.0000,31.0000,30.0000,30.0000,39.0000,29.0000,30.0000,39.0000,29.0000,30.0000,31,30,30,31,30,30,39,29,30,39,29,30,31,30,30,31,30,30,39,29,30,39,29,30,43.00,40.00,30.705,0.277,2.7976,sat down ~19:22Z from 45/46C
1618.74,2026-09-28T19:54:09Z,500,31.0000,30.0000,30.0000,31.0000,30.0000,30.0000,39.0000,29.0000,30.0000,39.0000,29.0000,30.0000,31,30,30,31,30,30,39,29,30,39,29,30,31,30,30,31,30,30,39,29,30,39,29,30,43.00,40.00,30.704,0.276,2.7976,sat down ~19:22Z from 45/46C
1619.74,2026-09-28T19:54:10Z,501,31.0000,30.0000,30.0000,31.0000,30.0000,30.0000,39.0000,29.0000,30.0000,39.0000,29.0000,30.0000,31,30,30,31,30,30,39,29,30,39,29,30,31,30,30,31,30,30,39,29,30,39,29,30,43.00,40.00,30.703,0.275,2.7976,sat down ~19:22Z from 45/46C
1620.74,2026-09-28T19:54:11Z,500,31.0000,30.0000,30.0000,31.0000,30.0000,30.0000,39.0000,29.0000,30.0000,39.0000,29.0000,30.0000,31,30,30,31,30,30,39,29,30,39,29,30,31,30,30,31,30,30,39,29,30,39,29,30,43.00,40.00,30.704,0.278,2.7976,sat down ~19:22Z from 45/46C
1621.74,2026-09-28T19:54:12Z,500,31.0000,30.0000,30.0000,31.0000,30.0000,30.0000,39.0000,29.0000,30.0000,39.0000,29.0000,30.0000,31,30,30,31,30,30,39,29,30,39,29,30,31,30,30,31,30,30,39,29,30,39,29,30,43.00,40.00,30.704,0.278,2.7976,sat down ~19:22Z from 45/46C
1622.74,2026-09-28T19:54:13Z,500,31.0000,30.0000,30.0000,31.0000,30.0000,30.0000,39.0000,29.0000,30.0000,39.0000,29.0000,30.0000,31,30,30,31,30,30,39,29,30,39,29,30,31,30,30,31,30,30,39,29,30,39,29,30,43.00,40.00,30.703,0.278,2.7976,sat down ~19:22Z from 45/46C
1623.75,2026-09-28T19:54:14Z,501,31.0000,30.0000,30.0000,31.0000,30.0000,30.0000,39.0000,29.0000,30.0000,39.0000,29.0000,30.0000,31,30,30,31,30,30,39,29,30,39,29,30,31,30,30,31,30,30,39,29,30,39,29,30,43.00,40.00,30.703,0.274,2.7976,sat down ~19:22Z from 45/46C
1624.75,2026-09-28T19:54:15Z,500,31.0000,30.0000,30.0000,31.0000,30.0000,30.0000,39.0000,29.0000,30.0000,39.0000,29.0000,30.0000,31,30,30,31,30,30,39,29,30,39,29,30,31,30,30,31,30,30,39,29,30,39,29,30,43.00,40.00,30.703,0.280,2.7976,sat down ~19:22Z from 45/46C
1625.75,2026-09-28T19:54:16Z,500,31.0000,30.0000,30.0000,31.0000,30.0000,30.0000,39.0000,29.0000,30.0000,39.0000,29.0000,30.0000,31,30,30,31,30,30,39,29,30,39,29,30,31,30,30,31,30,30,39,29,30,39,29,30,43.00,40.00,30.702,0.277,2.7976,sat down ~19:22Z from 45/46C
1626.75,2026-09-28T19:54:17Z,500,31.0000,30.0000,30.0000,31.0000,30.0000,30.0000,39.0000,29.0000,30.0000,39.0000,29.0000,30.0000,31,30,30,31,30,30,39,29,30,39,29,30,31,30,30,31,30,30,39,29,30,39,29,30,43.00,40.00,30.702,0.278,2.7976,sat down ~19:22Z from 45/46C
1627.75,2026-09-28T19:54:18Z,501,31.0000,30.0000,30.0000,31.0000,30.0000,30.0000,39.0000,29.0000,30.0000,39.0000,29.0000,30.0000,31,30,30,31,30,30,39,29,30,39,29,30,31,30,30,31,30,30,39,29,30,39,29,30,43.00,40.00,30.702,0.276,2.7976,sat down ~19:22Z from 45/46C
1628.75,2026-09-28T19:54:19Z,500,31.0000,30.0000,30.0000,31.0000,30.0000,30.0000,39.0000,29.0000,30.0000,39.0000,29.0000,30.0000,31,30,30,31,30,30,39,29,30,39,29,30,31,30,30,31,30,30,39,29,30,39,29,30,43.00,40.00,30.702,0.279,2.7976,sat down ~19:22Z from 45/46C
1629.75,2026-09-28T19:54:20Z,501,31.0000,30.0000,30.0000,31.0000,30.0000,30.0000,39.0000,29.0000,30.0000,39.0000,29.0000,30.0000,31,30,30,31,30,30,39,29,30,39,29,30,31,30,30,31,30,30,39,29,30,39,29,30,43.00,40.00,30.701,0.275,2.7976,sat down ~19:22Z from 45/46C
1630.75,2026-09-28T19:54:21Z,500,31.0000,30.0000,30.0000,31.0000,30.0000,30.0000,39.0000,29.0000,30.0000,39.0000,29.0000,30.0000,31,30,30,31,30,30,39,29,30,39,29,30,31,30,30,31,30,30,39,29,30,39,29,30,43.00,40.00,30.702,0.275,2.7976,sat down ~19:22Z from 45/46C
1631.75,2026-09-28T19:54:22Z,500,31.0000,30.0000,30.0000,31.0000,30.0000,30.0000,39.0000,29.0000,30.0000,39.0000,29.0000,30.0000,31,30,30,31,30,30,39,29,30,39,29,30,31,30,30,31,30,30,39,29,30,39,29,30,43.00,40.00,30.701,0.279,2.7976,sat down ~19:22Z from 45/46C
1632.75,2026-09-28T19:54:23Z,501,31.0000,30.0000,30.0000,31.0000,30.0000,30.0000,39.0000,29.0000,30.0000,39.0000,29.0000,30.0000,31,30,30,31,30,30,39,29,30,39,29,30,31,30,30,31,30,30,39,29,30,39,29,30,43.00,40.00,30.701,0.273,2.7976,sat down ~19:22Z from 45/46C
1633.75,2026-09-28T19:54:24Z,500,31.0000,30.0000,30.0000,31.0000,30.0000,30.0000,39.0000,29.0000,30.0000,39.0000,29.0000,30.0000,31,30,30,31,30,30,39,29,30,39,29,30,31,30,30,31,30,30,39,29,30,39,29,30,43.00,40.00,30.701,0.276,2.7976,sat down ~19:22Z from 45/46C
1634.76,2026-09-28T19:54:25Z,501,31.0000,30.0000,30.0000,31.0000,30.0000,30.0000,39.0000,29.0000,30.0000,39.0000,29.0000,30.0000,31,30,30,31,30,30,39,29,30,39,29,30,31,30,30,31,30,30,39,29,30,39,29,30,43.00,40.00,30.701,0.275,2.7976,sat down ~19:22Z from 45/46C
1635.76,2026-09-28T19:54:26Z,499,31.0000,30.0000,30.0000,31.0000,30.0000,30.0000,39.0000,29.0000,30.0000,39.0000,29.0000,30.0000,31,30,30,31,30,30,39,29,30,39,29,30,31,30,30,31,30,30,39,29,30,39,29,30,43.00,40.00,30.701,0.280,2.7976,sat down ~19:22Z from 45/46C
1636.76,2026-09-28T19:54:27Z,500,31.0000,30.0000,30.0000,31.0000,30.0000,30.0000,39.0000,29.0000,30.0000,39.0000,29.0000,30.0000,31,30,30,31,30,30,39,29,30,39,29,30,31,30,30,31,30,30,39,29,30,39,29,30,43.00,40.00,30.701,0.283,2.7976,sat down ~19:22Z from 45/46C
1637.76,2026-09-28T19:54:28Z,500,31.0000,30.0000,30.0000,31.0000,30.0000,30.0000,39.0000,29.0000,30.0000,39.0000,29.0000,30.0000,31,30,30,31,30,30,39,29,30,39,29,30,31,30,30,31,30,30,39,29,30,39,29,30,43.00,40.00,30.700,0.281,2.7976,sat down ~19:22Z from 45/46C
1638.76,2026-09-28T19:54:29Z,500,31.0000,30.0000,30.0000,31.0000,30.0000,30.0000,39.0000,29.0000,30.0000,39.0000,29.0000,30.0000,31,30,30,31,30,30,39,29,30,39,29,30,31,30,30,31,30,30,39,29,30,39,29,30,43.00,40.00,30.700,0.284,2.7976,sat down ~19:22Z from 45/46C
1639.76,2026-09-28T19:54:30Z,501,31.0000,30.0000,30.0000,31.0000,30.0000,30.0000,39.0000,29.0000,30.0000,39.0000,29.0000,30.0000,31,30,30,31,30,30,39,29,30,39,29,30,31,30,30,31,30,30,39,29,30,39,29,30,43.00,40.00,30.699,0.283,2.7976,sat down ~19:22Z from 45/46C
1640.76,2026-09-28T19:54:31Z,500,31.0000,30.0000,30.0000,31.0000,30.0000,30.0000,39.0000,29.0000,30.0000,39.0000,29.0000,30.0000,31,30,30,31,30,30,39,29,30,39,29,30,31,30,30,31,30,30,39,29,30,39,29,30,43.00,40.00,30.699,0.280,2.7976,sat down ~19:22Z from 45/46C
1641.76,2026-09-28T19:54:32Z,500,31.0000,30.0000,30.0000,31.0000,30.0000,30.0000,39.0000,29.0000,30.0000,39.0000,29.0000,30.0000,31,30,30,31,30,30,39,29,30,39,29,30,31,30,30,31,30,30,39,29,30,39,29,30,43.00,40.00,30.699,0.282,2.7976,sat down ~19:22Z from 45/46C
1642.76,2026-09-28T19:54:33Z,500,31.0000,30.0000,30.0000,31.0000,30.0000,30.0000,39.0000,29.0000,30.0000,39.0000,29.0000,30.0000,31,30,30,31,30,30,39,29,30,39,29,30,31,30,30,31,30,30,39,29,30,39,29,30,43.00,40.00,30.699,0.279,2.7976,sat down ~19:22Z from 45/46C
1643.76,2026-09-28T19:54:34Z,500,31.0000,30.0000,30.0000,31.0000,30.0000,30.0000,39.0000,29.0000,30.0000,39.0000,29.0000,30.0000,31,30,30,31,30,30,39,29,30,39,29,30,31,30,30,31,30,30,39,29,30,39,29,30,43.00,40.00,30.698,0.282,2.7976,sat down ~19:22Z from 45/46C
1644.76,2026-09-28T19:54:35Z,500,31.0000,30.0000,30.0000,31.0000,30.0000,30.0000,39.0000,29.0000,30.0000,39.0000,29.0000,30.0000,31,30,30,31,30,30,39,29,30,39,29,30,31,30,30,31,30,30,39,29,30,39,29,30,43.00,40.00,30.698,0.283,2.7976,sat down ~19:22Z from 45/46C
1645.76,2026-09-28T19:54:36Z,500,31.0000,30.0000,30.0000,31.0000,30.0000,30.0000,39.0000,29.0000,30.0000,39.0000,29.0000,30.0000,31,30,30,31,30,30,39,29,30,39,29,30,31,30,30,31,30,30,39,29,30,39,29,30,43.00,40.00,30.698,0.285,2.7976,sat down ~19:22Z from 45/46C
1646.76,2026-09-28T19:54:37Z,500,31.0000,30.0000,30.0000,31.0000,30.0000,30.0000,39.0000,29.0000,30.0000,39.0000,29.0000,30.0000,31,30,30,31,30,30,39,29,30,39,29,30,31,30,30,31,30,30,39,29,30,39,29,30,43.00,40.00,30.698,0.281,2.7976,sat down ~19:22Z from 45/46C
1647.76,2026-09-28T19:54:38Z,500,31.0000,30.0000,30.0000,31.0000,30.0000,30.0000,39.0000,29.0000,30.0000,39.0000,29.0000,30.0000,31,30,30,31,30,30,39,29,30,39,29,30,31,30,30,31,30,30,39,29,30,39,29,30,43.00,40.00,30.697,0.284,2.7976,sat down ~19:22Z from 45/46C
1648.76,2026-09-28T19:54:39Z,500,31.0000,30.0000,30.0000,31.0000,30.0000,30.0000,39.0000,29.0000,30.0000,39.0000,29.0000,30.0000,31,30,30,31,30,30,39,29,30,39,29,30,31,30,30,31,30,30,39,29,30,39,29,30,43.00,40.00,30.697,0.283,2.7976,sat down ~19:22Z from 45/46C
1649.77,2026-09-28T19:54:40Z,501,31.0000,30.0000,30.0000,31.0000,30.0000,30.0000,39.0000,29.0000,30.0000,39.0000,29.0000,30.0000,31,30,30,31,30,30,39,29,30,39,29,30,31,30,30,31,30,30,39,29,30,39,29,30,43.00,40.00,30.697,0.283,2.7976,sat down ~19:22Z from 45/46C
1650.77,2026-09-28T19:54:41Z,499,31.0000,30.0000,30.0000,31.0000,30.0000,30.0000,39.0000,29.0000,30.0000,39.0000,29.0000,30.0000,31,30,30,31,30,30,39,29,30,39,29,30,31,30,30,31,30,30,39,29,30,39,29,30,43.00,40.00,30.697,0.285,2.7976,sat down ~19:22Z from 45/46C
1651.77,2026-09-28T19:54:42Z,500,31.0000,30.0000,30.0000,31.0000,30.0000,30.0000,39.0000,29.0000,30.0000,39.0000,29.0000,30.0000,31,30,30,31,30,30,39,29,30,39,29,30,31,30,30,31,30,30,39,29,30,39,29,30,43.00,40.00,30.696,0.279,2.7976,sat down ~19:22Z from 45/46C
1652.77,2026-09-28T19:54:43Z,501,31.0000,30.0000,30.0000,31.0000,30.0000,30.0000,39.0000,29.0000,30.0000,39.0000,29.0000,30.0000,31,30,30,31,30,30,39,29,30,39,29,30,31,30,30,31,30,30,39,29,30,39,29,30,43.00,40.00,30.697,0.283,2.7976,sat down ~19:22Z from 45/46C
1653.77,2026-09-28T19:54:44Z,501,31.0000,30.0000,30.0000,31.0000,30.0000,30.0000,39.0000,29.0000,30.0000,39.0000,29.0000,30.0000,31,30,30,31,30,30,39,29,30,39,29,30,31,30,30,31,30,30,39,29,30,39,29,30,43.00,40.00,30.696,0.282,2.7976,sat down ~19:22Z from 45/46C
1654.77,2026-09-28T19:54:45Z,500,31.0000,30.0000,30.0000,31.0000,30.0000,30.0000,39.0000,29.0000,30.0000,39.0000,29.0000,30.0000,31,30,30,31,30,30,39,29,30,39,29,30,31,30,30,31,30,30,39,29,30,39,29,30,43.00,40.00,30.696,0.280,2.7976,sat down ~19:22Z from 45/46C
1655.77,2026-09-28T19:54:46Z,501,31.0000,30.0000,30.0000,31.0000,30.0000,30.0000,39.0000,29.0000,30.0000,39.0000,29.0000,30.0000,31,30,30,31,30,30,39,29,30,39,29,30,31,30,30,31,30,30,39,29,30,39,29,30,43.00,40.00,30.696,0.280,2.7976,sat down ~19:22Z from 45/46C
1656.78,2026-09-28T19:54:47Z,501,31.0000,30.0000,30.0000,31.0000,30.0000,30.0000,39.0000,29.0000,30.0000,39.0000,29.0000,30.0000,31,30,30,31,30,30,39,29,30,39,29,30,31,30,30,31,30,30,39,29,30,39,29,30,43.00,40.00,30.695,0.282,2.7976,sat down ~19:22Z from 45/46C
1657.78,2026-09-28T19:54:48Z,500,31.0000,30.0000,30.0000,31.0000,30.0000,30.0000,39.0000,29.0000,30.0000,39.0000,29.0000,30.0000,31,30,30,31,30,30,39,29,30,39,29,30,31,30,30,31,30,30,39,29,30,39,29,30,43.00,40.00,30.695,0.282,2.7976,sat down ~19:22Z from 45/46C
1658.78,2026-09-28T19:54:49Z,501,31.0000,30.0000,30.0000,31.0000,30.0000,30.0000,39.0000,29.0000,30.0000,39.0000,29.0000,30.0000,31,30,30,31,30,30,39,29,30,39,29,30,31,30,30,31,30,30,39,29,30,39,29,30,43.00,40.00,30.695,0.281,2.7976,sat down ~19:22Z from 45/46C
1659.78,2026-09-28T19:54:50Z,500,31.0000,30.0000,30.0000,31.0000,30.0000,30.0000,39.0000,29.0000,30.0000,39.0000,29.0000,30.0000,31,30,30,31,30,30,39,29,30,39,29,30,31,30,30,31,30,30,39,29,30,39,29,30,43.00,40.00,30.695,0.281,2.7976,sat down ~19:22Z from 45/46C
1660.78,2026-09-28T19:54:51Z,500,31.0000,30.0000,30.0000,31.0000,30.0000,30.0000,39.0000,29.0000,30.0000,39.0000,29.0000,30.0000,31,30,30,31,30,30,39,29,30,39,29,30,31,30,30,31,30,30,39,29,30,39,29,30,43.00,40.00,30.694,0.280,2.7976,sat down ~19:22Z from 45/46C
1661.78,2026-09-28T19:54:52Z,501,31.0000,30.0000,30.0000,31.0000,30.0000,30.0000,39.0000,29.0000,30.0000,39.0000,29.0000,30.0000,31,30,30,31,30,30,39,29,30,39,29,30,31,30,30,31,30,30,39,29,30,39,29,30,43.00,40.00,30.694,0.282,2.7976,sat down ~19:22Z from 45/46C
1662.78,2026-09-28T19:54:53Z,501,31.0000,30.0000,30.0000,31.0000,30.0000,30.0000,39.0000,29.0000,30.0000,39.0000,29.0000,30.0000,31,30,30,31,30,30,39,29,30,39,29,30,31,30,30,31,30,30,39,29,30,39,29,30,43.00,40.00,30.693,0.282,2.7976,sat down ~19:22Z from 45/46C
1663.78,2026-09-28T19:54:54Z,501,31.0000,30.0000,30.0000,31.0000,30.0000,30.0000,39.0000,29.0000,30.0000,39.0000,29.0000,30.0000,31,30,30,31,30,30,39,29,30,39,29,30,31,30,30,31,30,30,39,29,30,39,29,30,43.00,40.00,30.693,0.281,2.7976,sat down ~19:22Z from 45/46C
1664.79,2026-09-28T19:54:55Z,500,31.0000,30.0000,30.0000,31.0000,30.0000,30.0000,39.0000,29.0000,30.0000,39.0000,29.0000,30.0000,31,30,30,31,30,30,39,29,30,39,29,30,31,30,30,31,30,30,39,29,30,39,29,30,43.00,40.00,30.693,0.277,2.7976,sat down ~19:22Z from 45/46C
1665.79,2026-09-28T19:54:56Z,501,31.0000,30.0000,30.0000,31.0000,30.0000,30.0000,39.0000,29.0000,30.0000,39.0000,29.0000,30.0000,31,30,30,31,30,30,39,29,30,39,29,30,31,30,30,31,30,30,39,29,30,39,29,30,43.00,40.00,30.693,0.277,2.7976,sat down ~19:22Z from 45/46C
1666.79,2026-09-28T19:54:57Z,500,31.0000,30.0000,30.0000,31.0000,30.0000,30.0000,39.0000,29.0000,30.0000,39.0000,29.0000,30.0000,31,30,30,31,30,30,39,29,30,39,29,30,31,30,30,31,30,30,39,29,30,39,29,30,43.00,40.00,30.693,0.280,2.7976,sat down ~19:22Z from 45/46C
1667.79,2026-09-28T19:54:58Z,500,31.0000,30.0000,30.0000,31.0000,30.0000,30.0000,39.0000,29.0000,30.0000,39.0000,29.0000,30.0000,31,30,30,31,30,30,39,29,30,39,29,30,31,30,30,31,30,30,39,29,30,39,29,30,43.00,40.00,30.692,0.279,2.7976,sat down ~19:22Z from 45/46C
1668.79,2026-09-28T19:54:59Z,501,31.0000,30.0000,30.0000,31.0000,30.0000,30.0000,39.0000,29.0000,30.0000,39.0000,29.0000,30.0000,31,30,30,31,30,30,39,29,30,39,29,30,31,30,30,31,30,30,39,29,30,39,29,30,43.00,40.00,30.692,0.279,2.7976,sat down ~19:22Z from 45/46C
1669.79,2026-09-28T19:55:00Z,500,31.0000,30.0000,30.0000,31.0000,30.0000,30.0000,39.0000,29.0000,30.0000,39.0000,29.0000,30.0000,31,30,30,31,30,30,39,29,30,39,29,30,31,30,30,31,30,30,39,29,30,39,29,30,43.00,40.00,30.692,0.278,2.7976,sat down ~19:22Z from 45/46C
1670.79,2026-09-28T19:55:01Z,500,31.0000,30.0000,30.0000,31.0000,30.0000,30.0000,39.0000,29.0000,30.0000,39.0000,29.0000,30.0000,31,30,30,31,30,30,39,29,30,39,29,30,31,30,30,31,30,30,39,29,30,39,29,30,43.00,40.00,30.691,0.277,2.7976,sat down ~19:22Z from 45/46C
1671.79,2026-09-28T19:55:02Z,500,31.0000,30.0000,30.0000,31.0000,30.0000,30.0000,39.0000,29.0000,30.0000,39.0000,29.0000,30.0000,31,30,30,31,30,30,39,29,30,39,29,30,31,30,30,31,30,30,39,29,30,39,29,30,43.00,40.00,30.691,0.279,2.7976,sat down ~19:22Z from 45/46C
1672.79,2026-09-28T19:55:03Z,500,31.0000,30.0000,30.0000,31.0000,30.0000,30.0000,39.0000,29.0000,30.0000,39.0000,29.0000,30.0000,31,30,30,31,30,30,39,29,30,39,29,30,31,30,30,31,30,30,39,29,30,39,29,30,43.00,40.00,30.691,0.281,2.7976,sat down ~19:22Z from 45/46C
1673.79,2026-09-28T19:55:04Z,500,31.0000,30.0000,30.0000,31.0000,30.0000,30.0000,39.0000,29.0000,30.0000,39.0000,29.0000,30.0000,31,30,30,31,30,30,39,29,30,39,29,30,31,30,30,31,30,30,39,29,30,39,29,30,43.00,40.00,30.690,0.281,2.7976,sat down ~19:22Z from 45/46C
1674.79,2026-09-28T19:55:05Z,500,31.0000,30.0000,30.0000,31.0000,30.0000,30.0000,39.0000,29.0000,30.0000,39.0000,29.0000,30.0000,31,30,30,31,30,30,39,29,30,39,29,30,31,30,30,31,30,30,39,29,30,39,29,30,43.00,40.00,30.690,0.281,2.7976,sat down ~19:22Z from 45/46C
1675.79,2026-09-28T19:55:06Z,500,31.0000,30.0000,30.0000,31.0000,30.0000,30.0000,39.0000,29.0000,30.0000,39.0000,29.0000,30.0000,31,30,30,31,30,30,39,29,30,39,29,30,31,30,30,31,30,30,39,29,30,39,29,30,43.00,40.00,30.690,0.280,2.7976,sat down ~19:22Z from 45/46C
1676.79,2026-09-28T19:55:07Z,500,31.0000,30.0000,30.0000,31.0000,30.0000,30.0000,39.0000,29.0000,30.0000,39.0000,29.0000,30.0000,31,30,30,31,30,30,39,29,30,39,29,30,31,30,30,31,30,30,39,29,30,39,29,30,43.00,40.00,30.690,0.278,2.7976,sat down ~19:22Z from 45/46C
1677.79,2026-09-28T19:55:08Z,500,31.0000,30.0000,30.0000,31.0000,30.0000,30.0000,39.0000,29.0000,30.0000,39.0000,29.0000,30.0000,31,30,30,31,30,30,39,29,30,39,29,30,31,30,30,31,30,30,39,29,30,39,29,30,43.00,40.00,30.690,0.281,2.7976,sat down ~19:22Z from 45/46C
1678.79,2026-09-28T19:55:09Z,501,31.0000,30.0000,30.0000,31.0000,30.0000,30.0000,39.0000,29.0000,30.0000,39.0000,29.0000,30.0000,31,30,30,31,30,30,39,29,30,39,29,30,31,30,30,31,30,30,39,29,30,39,29,30,43.00,40.00,30.690,0.279,2.7976,sat down ~19:22Z from 45/46C
1679.79,2026-09-28T19:55:10Z,500,31.0000,30.0000,30.0000,31.0000,30.0000,30.0000,39.0000,29.0000,30.0000,39.0000,29.0000,30.0000,31,30,30,31,30,30,39,29,30,39,29,30,31,30,30,31,30,30,39,29,30,39,29,30,43.00,40.00,30.690,0.279,2.7976,sat down ~19:22Z from 45/46C
1680.79,2026-09-28T19:55:11Z,500,31.0000,30.0000,30.0000,31.0000,30.0000,30.0000,39.0000,29.0000,30.0000,39.0000,29.0000,30.0000,31,30,30,31,30,30,39,29,30,39,29,30,31,30,30,31,30,30,39,29,30,39,29,30,43.00,40.00,30.689,0.275,2.7976,sat down ~19:22Z from 45/46C
1681.79,2026-09-28T19:55:12Z,500,31.0000,30.0000,30.0000,31.0000,30.0000,30.0000,39.0000,29.0000,30.0000,39.0000,29.0000,30.0000,31,30,30,31,30,30,39,29,30,39,29,30,31,30,30,31,30,30,39,29,30,39,29,30,43.00,40.00,30.689,0.274,2.7976,sat down ~19:22Z from 45/46C
1682.79,2026-09-28T19:55:13Z,500,31.0000,30.0000,30.0000,31.0000,30.0000,30.0000,39.0000,29.0000,30.0000,39.0000,29.0000,30.0000,31,30,30,31,30,30,39,29,30,39,29,30,31,30,30,31,30,30,39,29,30,39,29,30,43.00,40.00,30.689,0.278,2.7976,sat down ~19:22Z from 45/46C
1683.79,2026-09-28T19:55:14Z,500,31.0000,30.0000,30.0000,31.0000,30.0000,30.0000,39.0000,29.0000,30.0000,39.0000,29.0000,30.0000,31,30,30,31,30,30,39,29,30,39,29,30,31,30,30,31,30,30,39,29,30,39,29,30,43.00,40.00,30.688,0.276,2.7976,sat down ~19:22Z from 45/46C
1684.79,2026-09-28T19:55:15Z,500,31.0000,30.0000,30.0000,31.0000,30.0000,30.0000,39.0000,29.0000,30.0000,39.0000,29.0000,30.0000,31,30,30,31,30,30,39,29,30,39,29,30,31,30,30,31,30,30,39,29,30,39,29,30,43.00,40.00,30.688,0.277,2.7976,sat down ~19:22Z from 45/46C
1685.79,2026-09-28T19:55:16Z,500,31.0000,30.0000,30.0000,31.0000,30.0000,30.0000,39.0000,29.0000,30.0000,39.0000,29.0000,30.0000,31,30,30,31,30,30,39,29,30,39,29,30,31,30,30,31,30,30,39,29,30,39,29,30,43.00,40.00,30.688,0.281,2.7976,sat down ~19:22Z from 45/46C
1686.79,2026-09-28T19:55:17Z,499,31.0000,30.0000,30.0000,31.0000,30.0000,30.0000,39.0000,29.0000,30.0000,39.0000,29.0000,30.0000,31,30,30,31,30,30,39,29,30,39,29,30,31,30,30,31,30,30,39,29,30,39,29,30,43.00,40.00,30.688,0.278,2.7976,sat down ~19:22Z from 45/46C
1687.79,2026-09-28T19:55:18Z,500,31.0000,30.0000,30.0000,31.0000,30.0000,30.0000,39.0000,29.0000,30.0000,39.0000,29.0000,30.0000,31,30,30,31,30,30,39,29,30,39,29,30,31,30,30,31,30,30,39,29,30,39,29,30,43.00,40.00,30.687,0.282,2.7976,sat down ~19:22Z from 45/46C
1688.80,2026-09-28T19:55:19Z,501,31.0000,30.0000,30.0000,31.0000,30.0000,30.0000,39.0000,29.0000,30.0000,39.0000,29.0000,30.0000,31,30,30,31,30,30,39,29,30,39,29,30,31,30,30,31,30,30,39,29,30,39,29,30,43.00,40.00,30.688,0.285,2.7976,sat down ~19:22Z from 45/46C
1689.80,2026-09-28T19:55:20Z,500,31.0000,30.0000,30.0000,31.0000,30.0000,30.0000,39.0000,29.0000,30.0000,39.0000,29.0000,30.0000,31,30,30,31,30,30,39,29,30,39,29,30,31,30,30,31,30,30,39,29,30,39,29,30,43.00,40.00,30.687,0.281,2.7976,sat down ~19:22Z from 45/46C
1690.80,2026-09-28T19:55:21Z,500,31.0000,30.0000,30.0000,31.0000,30.0000,30.0000,39.0000,29.0000,30.0000,39.0000,29.0000,30.0000,31,30,30,31,30,30,39,29,30,39,29,30,31,30,30,31,30,30,39,29,30,39,29,30,43.00,40.00,30.686,0.279,2.7976,sat down ~19:22Z from 45/46C
1691.80,2026-09-28T19:55:22Z,499,31.0000,30.0000,30.0000,31.0000,30.0000,30.0000,39.0000,29.0000,30.0000,39.0000,29.0000,30.0000,31,30,30,31,30,30,39,29,30,39,29,30,31,30,30,31,30,30,39,29,30,39,29,30,43.00,40.00,30.686,0.283,2.7976,sat down ~19:22Z from 45/46C
1692.80,2026-09-28T19:55:23Z,500,31.0000,30.0000,30.0000,31.0000,30.0000,30.0000,39.0000,29.0000,30.0000,39.0000,29.0000,30.0000,31,30,30,31,30,30,39,29,30,39,29,30,31,30,30,31,30,30,39,29,30,39,29,30,43.00,40.00,30.687,0.281,2.7976,sat down ~19:22Z from 45/46C
1693.80,2026-09-28T19:55:24Z,500,31.0000,30.0000,30.0000,31.0000,30.0000,30.0000,39.0000,29.0000,30.0000,39.0000,29.0000,30.0000,31,30,30,31,30,30,39,29,30,39,29,30,31,30,30,31,30,30,39,29,30,39,29,30,43.00,40.00,30.686,0.279,2.7976,sat down ~19:22Z from 45/46C
1694.80,2026-09-28T19:55:25Z,501,31.0000,30.0000,30.0000,31.0000,30.0000,30.0000,39.0000,29.0000,30.0000,39.0000,29.0000,30.0000,31,30,30,31,30,30,39,29,30,39,29,30,31,30,30,31,30,30,39,29,30,39,29,30,43.00,40.00,30.687,0.282,2.7976,sat down ~19:22Z from 45/46C
1695.80,2026-09-28T19:55:26Z,501,31.0000,30.0000,30.0000,31.0000,30.0000,30.0000,39.0000,29.0000,30.0000,39.0000,29.0000,30.0000,31,30,30,31,30,30,39,29,30,39,29,30,31,30,30,31,30,30,39,29,30,39,29,30,43.00,40.00,30.686,0.281,2.7976,sat down ~19:22Z from 45/46C
1696.80,2026-09-28T19:55:27Z,500,31.0000,30.0000,30.0000,31.0000,30.0000,30.0000,39.0000,29.0000,30.0000,39.0000,29.0000,30.0000,31,30,30,31,30,30,39,29,30,39,29,30,31,30,30,31,30,30,39,29,30,39,29,30,43.00,40.00,30.686,0.281,2.7976,sat down ~19:22Z from 45/46C
1697.80,2026-09-28T19:55:28Z,501,31.0000,30.0000,30.0000,31.0000,30.0000,30.0000,39.0000,29.0000,30.0000,39.0000,29.0000,30.0000,31,30,30,31,30,30,39,29,30,39,29,30,31,30,30,31,30,30,39,29,30,39,29,30,43.00,40.00,30.686,0.281,2.7976,sat down ~19:22Z from 45/46C
1698.80,2026-09-28T19:55:29Z,500,31.0000,30.0000,30.0000,31.0000,30.0000,30.0000,39.0000,29.0000,30.0000,39.0000,29.0000,30.0000,31,30,30,31,30,30,39,29,30,39,29,30,31,30,30,31,30,30,39,29,30,39,29,30,43.00,40.00,30.685,0.284,2.7976,sat down ~19:22Z from 45/46C
1699.81,2026-09-28T19:55:30Z,501,31.0000,30.0000,30.0000,31.0000,30.0000,30.0000,39.0000,29.0000,30.0000,39.0000,29.0000,30.0000,31,30,30,31,30,30,39,29,30,39,29,30,31,30,30,31,30,30,39,29,30,39,29,30,43.00,40.00,30.685,0.281,2.7976,sat down ~19:22Z from 45/46C
1700.81,2026-09-28T19:55:31Z,501,31.0000,30.0000,30.0000,31.0000,30.0000,30.0000,39.0000,29.0000,30.0000,39.0000,29.0000,30.0000,31,30,30,31,30,30,39,29,30,39,29,30,31,30,30,31,30,30,39,29,30,39,29,30,43.00,40.00,30.685,0.280,2.7976,sat down ~19:22Z from 45/46C
1701.81,2026-09-28T19:55:32Z,500,31.0000,30.0000,30.0000,31.0000,30.0000,30.0000,39.0000,29.0000,30.0000,38.9940,29.0000,30.0000,31,30,30,31,30,30,39,29,30,38,29,30,31,30,30,31,30,30,39,29,30,39,29,30,43.00,40.00,30.685,0.280,2.7976,sat down ~19:22Z from 45/46C
1702.81,2026-09-28T19:55:33Z,500,31.0000,30.0000,30.0000,31.0000,30.0000,30.0000,39.0000,29.0000,30.0000,39.0000,29.0000,30.0000,31,30,30,31,30,30,39,29,30,39,29,30,31,30,30,31,30,30,39,29,30,39,29,30,43.00,40.00,30.684,0.277,2.7976,sat down ~19:22Z from 45/46C
1703.81,2026-09-28T19:55:34Z,500,31.0000,30.0000,30.0000,31.0000,30.0000,30.0000,39.0000,29.0000,30.0000,39.0000,29.0000,30.0000,31,30,30,31,30,30,39,29,30,39,29,30,31,30,30,31,30,30,39,29,30,39,29,30,43.00,40.00,30.685,0.281,2.7976,sat down ~19:22Z from 45/46C
1704.81,2026-09-28T19:55:35Z,501,31.0000,30.0000,30.0000,31.0000,30.0000,30.0000,39.0000,29.0000,30.0000,39.0000,29.0000,30.0000,31,30,30,31,30,30,39,29,30,39,29,30,31,30,30,31,30,30,39,29,30,39,29,30,43.00,40.00,30.684,0.283,2.7976,sat down ~19:22Z from 45/46C
1705.81,2026-09-28T19:55:36Z,501,31.0000,30.0000,30.0000,31.0000,30.0000,30.0000,39.0000,29.0000,30.0000,39.0000,29.0000,30.0000,31,30,30,31,30,30,39,29,30,39,29,30,31,30,30,31,30,30,39,29,30,39,29,30,43.00,40.00,30.683,0.279,2.7976,sat down ~19:22Z from 45/46C
1706.81,2026-09-28T19:55:37Z,501,31.0000,30.0000,30.0000,31.0000,30.0000,30.0000,39.0000,29.0000,30.0000,38.9920,29.0379,30.0000,31,30,30,31,30,30,39,29,30,38,29,30,31,30,30,31,30,30,39,29,30,39,30,30,43.00,40.00,30.684,0.284,2.7976,sat down ~19:22Z from 45/46C
1707.81,2026-09-28T19:55:38Z,500,31.0000,30.0000,30.0000,31.0000,30.0000,30.0000,39.0000,29.0000,30.0000,38.9860,29.0000,30.0000,31,30,30,31,30,30,39,29,30,38,29,30,31,30,30,31,30,30,39,29,30,39,29,30,43.00,40.00,30.683,0.284,2.7976,sat down ~19:22Z from 45/46C
1708.81,2026-09-28T19:55:39Z,500,31.0000,30.0000,30.0000,31.0000,30.0000,30.0000,39.0000,29.0000,30.0000,39.0000,29.0000,30.0000,31,30,30,31,30,30,39,29,30,39,29,30,31,30,30,31,30,30,39,29,30,39,29,30,43.00,40.00,30.683,0.281,2.7976,sat down ~19:22Z from 45/46C
1709.81,2026-09-28T19:55:40Z,500,31.0000,30.0000,30.0000,31.0000,30.0000,30.0000,39.0000,29.0000,30.0000,38.9920,29.0000,30.0000,31,30,30,31,30,30,39,29,30,38,29,30,31,30,30,31,30,30,39,29,30,39,29,30,43.00,40.00,30.683,0.280,2.7976,sat down ~19:22Z from 45/46C
1710.81,2026-09-28T19:55:41Z,500,31.0000,30.0000,30.0000,31.0000,30.0000,30.0000,39.0000,29.0000,30.0000,38.9880,29.0000,30.0000,31,30,30,31,30,30,39,29,30,38,29,30,31,30,30,31,30,30,39,29,30,39,29,30,43.00,40.00,30.683,0.282,2.7976,sat down ~19:22Z from 45/46C
1711.82,2026-09-28T19:55:42Z,501,31.0000,30.0000,30.0000,31.0000,30.0000,30.0000,39.0000,29.0000,30.0000,38.9701,29.0080,30.0000,31,30,30,31,30,30,39,29,30,38,29,30,31,30,30,31,30,30,39,29,30,39,30,30,43.00,40.00,30.682,0.280,2.7976,sat down ~19:22Z from 45/46C
1712.82,2026-09-28T19:55:43Z,500,31.0000,30.0000,30.0000,31.0000,30.0000,30.0000,38.9940,29.0000,30.0000,38.9180,29.0000,30.0000,31,30,30,31,30,30,38,29,30,38,29,30,31,30,30,31,30,30,39,29,30,39,29,30,43.00,40.00,30.682,0.282,2.7976,sat down ~19:22Z from 45/46C
1713.82,2026-09-28T19:55:44Z,500,31.0000,30.0000,30.0000,31.0000,30.0000,30.0000,39.0000,29.0000,30.0000,38.9400,29.0000,30.0000,31,30,30,31,30,30,39,29,30,38,29,30,31,30,30,31,30,30,39,29,30,39,29,30,43.00,40.00,30.682,0.282,2.7976,sat down ~19:22Z from 45/46C
1714.82,2026-09-28T19:55:45Z,500,31.0000,30.0000,30.0000,31.0000,30.0000,30.0000,39.0000,29.0000,30.0000,38.9280,29.0000,30.0000,31,30,30,31,30,30,39,29,30,38,29,30,31,30,30,31,30,30,39,29,30,39,29,30,43.00,40.00,30.681,0.281,2.7976,sat down ~19:22Z from 45/46C
1715.82,2026-09-28T19:55:46Z,500,31.0000,30.0000,30.0000,31.0000,30.0000,30.0000,39.0000,29.0000,30.0000,38.8360,29.0000,30.0000,31,30,30,31,30,30,39,29,30,38,29,30,31,30,30,31,30,30,39,29,30,39,29,30,43.00,40.00,30.681,0.278,2.7976,sat down ~19:22Z from 45/46C
1716.82,2026-09-28T19:55:47Z,500,31.0000,30.0000,30.0000,31.0000,30.0000,30.0000,39.0000,29.0000,30.0000,38.7680,29.0000,30.0000,31,30,30,31,30,30,39,29,30,38,29,30,31,30,30,31,30,30,39,29,30,39,29,30,43.00,40.00,30.681,0.276,2.7976,sat down ~19:22Z from 45/46C
1717.82,2026-09-28T19:55:48Z,501,31.0000,30.0000,30.0000,31.0000,30.0000,30.0000,38.9940,29.0000,30.0000,38.7186,29.0000,30.0000,31,30,30,31,30,30,38,29,30,38,29,30,31,30,30,31,30,30,39,29,30,39,29,30,43.00,40.00,30.681,0.278,2.7976,sat down ~19:22Z from 45/46C
1718.82,2026-09-28T19:55:49Z,500,31.0000,30.0000,30.0000,31.0000,30.0000,30.0000,38.9880,29.0000,30.0000,38.5420,29.0000,30.0000,31,30,30,31,30,30,38,29,30,38,29,30,31,30,30,31,30,30,39,29,30,39,29,30,43.00,40.00,30.681,0.276,2.7976,sat down ~19:22Z from 45/46C
1719.82,2026-09-28T19:55:50Z,497,31.0000,30.0000,30.0000,31.0000,30.0000,30.0000,39.0000,29.0000,30.0000,38.5412,29.0060,30.0000,31,30,30,31,30,30,39,29,30,38,29,30,31,30,30,31,30,30,39,29,30,39,30,30,43.00,40.00,30.680,0.279,2.7976,sat down ~19:22Z from 45/46C
1720.82,2026-09-28T19:55:51Z,500,31.0000,30.0000,30.0000,31.0000,30.0000,30.0000,38.9940,29.0000,30.0000,38.4780,29.0320,30.0000,31,30,30,31,30,30,38,29,30,38,29,30,31,30,30,31,30,30,39,29,30,39,30,30,43.00,40.00,30.680,0.281,2.7976,sat down ~19:22Z from 45/46C
1721.82,2026-09-28T19:55:52Z,500,31.0000,30.0000,30.0000,31.0000,30.0000,30.0000,39.0000,29.0000,30.0000,38.3480,29.1000,30.0000,31,30,30,31,30,30,39,29,30,38,29,30,31,30,30,31,30,30,39,29,30,39,30,30,43.00,40.00,30.680,0.278,2.7976,sat down ~19:22Z from 45/46C
1722.82,2026-09-28T19:55:53Z,501,31.0000,30.0000,30.0000,31.0000,30.0000,30.0000,39.0000,29.0000,30.0000,38.2754,29.0539,30.0000,31,30,30,31,30,30,39,29,30,38,29,30,31,30,30,31,30,30,39,29,30,39,30,30,43.00,40.00,30.680,0.276,2.7976,sat down ~19:22Z from 45/46C
1723.82,2026-09-28T19:55:54Z,501,31.0000,30.0000,30.0000,31.0000,30.0000,30.0000,38.9880,29.0000,30.0000,38.1956,29.0579,30.0000,31,30,30,31,30,30,38,29,30,38,29,30,31,30,30,31,30,30,39,29,30,39,30,30,43.00,40.00,30.680,0.279,2.7976,sat down ~19:22Z from 45/46C
1724.82,2026-09-28T19:55:55Z,500,31.0000,30.0000,30.0000,31.0000,30.0000,30.0000,38.9920,29.0000,30.0000,38.1920,29.1100,30.0000,31,30,30,31,30,30,38,29,30,38,29,30,31,30,30,31,30,30,39,29,30,39,30,30,43.00,40.00,30.679,0.279,2.7976,sat down ~19:22Z from 45/46C
1725.82,2026-09-28T19:55:56Z,500,31.0000,30.0000,30.0000,31.0000,30.0000,30.0000,39.0000,29.0000,30.0000,38.1220,29.0860,30.0000,31,30,30,31,30,30,39,29,30,38,29,30,31,30,30,31,30,30,39,29,30,39,30,30,43.00,40.00,30.679,0.278,2.7976,sat down ~19:22Z from 45/46C
1726.82,2026-09-28T19:55:57Z,500,31.0000,30.0000,30.0000,31.0000,30.0000,30.0000,39.0000,29.0000,30.0000,38.1360,29.0780,30.0000,31,30,30,31,30,30,39,29,30,38,29,30,31,30,30,31,30,30,39,29,30,39,30,30,43.00,40.00,30.679,0.276,2.7976,sat down ~19:22Z from 45/46C
1727.82,2026-09-28T19:55:58Z,500,31.0000,30.0000,30.0000,31.0000,30.0000,30.0000,39.0000,29.0000,30.0000,38.0860,29.0480,30.0000,31,30,30,31,30,30,39,29,30,38,29,30,31,30,30,31,30,30,39,29,30,39,30,30,43.00,40.00,30.679,0.276,2.7976,sat down ~19:22Z from 45/46C
1728.83,2026-09-28T19:55:59Z,501,31.0000,30.0000,30.0000,31.0000,30.0000,30.0000,38.9880,29.0000,30.0000,38.0699,29.0120,30.0000,31,30,30,31,30,30,38,29,30,38,29,30,31,30,30,31,30,30,39,29,30,39,30,30,43.00,40.00,30.679,0.278,2.7976,sat down ~19:22Z from 45/46C
1729.83,2026-09-28T19:56:00Z,500,31.0000,30.0000,30.0000,31.0000,30.0000,30.0000,38.9860,29.0000,30.0000,38.0780,29.0000,30.0000,31,30,30,31,30,30,38,29,30,38,29,30,31,30,30,31,30,30,39,29,30,39,29,30,43.00,40.00,30.678,0.277,2.7976,sat down ~19:22Z from 45/46C
1730.83,2026-09-28T19:56:01Z,501,31.0000,30.0000,30.0000,31.0000,30.0000,30.0000,39.0000,29.0000,30.0000,38.0200,29.0000,30.0000,31,30,30,31,30,30,39,29,30,38,29,30,31,30,30,31,30,30,39,29,30,39,29,30,43.00,40.00,30.678,0.277,2.7976,sat down ~19:22Z from 45/46C
1731.83,2026-09-28T19:56:02Z,499,31.0000,30.0000,30.0000,31.0000,30.0000,30.0000,38.9940,29.0000,30.0000,38.0160,29.0000,30.0000,31,30,30,31,30,30,38,29,30,38,29,30,31,30,30,31,30,30,39,29,30,39,29,30,43.00,40.00,30.678,0.276,2.7976,sat down ~19:22Z from 45/46C
1732.83,2026-09-28T19:56:03Z,501,31.0000,30.0000,30.0000,31.0000,30.0000,30.0000,38.9581,29.0000,30.0000,38.0000,29.0000,30.0000,31,30,30,31,30,30,38,29,30,38,29,30,31,30,30,31,30,30,39,29,30,38,29,30,43.00,40.00,30.678,0.277,2.7976,sat down ~19:22Z from 45/46C
1733.83,2026-09-28T19:56:04Z,500,31.0000,30.0000,30.0000,31.0000,30.0000,30.0000,38.9700,29.0000,30.0000,38.0200,29.0000,30.0000,31,30,30,31,30,30,38,29,30,38,29,30,31,30,30,31,30,30,39,29,30,39,29,30,43.00,40.00,30.677,0.279,2.7976,sat down ~19:22Z from 45/46C
1734.83,2026-09-28T19:56:05Z,501,31.0000,30.0000,30.0000,31.0000,30.0000,30.0000,39.0000,29.0000,30.0000,38.0000,29.0000,30.0000,31,30,30,31,30,30,39,29,30,38,29,30,31,30,30,31,30,30,39,29,30,38,29,30,43.00,40.00,30.677,0.281,2.7976,sat down ~19:22Z from 45/46C
1735.83,2026-09-28T19:56:06Z,501,31.0000,30.0000,30.0000,31.0000,30.0000,30.0000,38.9721,29.0000,30.0000,38.0000,29.0000,30.0000,31,30,30,31,30,30,38,29,30,38,29,30,31,30,30,31,30,30,39,29,30,38,29,30,43.00,40.00,30.677,0.284,2.7976,sat down ~19:22Z from 45/46C
1736.84,2026-09-28T19:56:07Z,501,31.0000,30.0000,30.0000,31.0000,30.0000,30.0000,38.9401,29.0000,30.0000,38.0000,29.0000,30.0000,31,30,30,31,30,30,38,29,30,38,29,30,31,30,30,31,30,30,39,29,30,38,29,30,43.00,40.00,30.676,0.281,2.7976,sat down ~19:22Z from 45/46C
1737.84,2026-09-28T19:56:08Z,501,31.0000,30.0000,30.0000,31.0000,30.0000,30.0000,38.9202,29.0000,30.0000,38.0000,29.0000,30.0000,31,30,30,31,30,30,38,29,30,38,29,30,31,30,30,31,30,30,39,29,30,38,29,30,43.00,40.00,30.676,0.276,2.7976,sat down ~19:22Z from 45/46C
1738.84,2026-09-28T19:56:09Z,500,31.0000,30.0000,30.0000,31.0000,30.0000,30.0000,38.8760,29.0000,30.0000,38.0000,29.0000,30.0000,31,30,30,31,30,30,38,29,30,38,29,30,31,30,30,31,30,30,39,29,30,38,29,30,43.00,40.00,30.676,0.278,2.7976,sat down ~19:22Z from 45/46C
1739.84,2026-09-28T19:56:10Z,500,31.0000,30.0000,30.0000,31.0000,30.0000,30.0000,38.8540,29.0000,30.0000,38.0000,29.0000,30.0000,31,30,30,31,30,30,38,29,30,38,29,30,31,30,30,31,30,30,39,29,30,38,29,30,43.00,40.00,30.675,0.278,2.7976,sat down ~19:22Z from 45/46C
1740.84,2026-09-28T19:56:11Z,501,31.0000,30.0000,30.0000,31.0000,30.0000,30.0000,38.7984,29.0000,30.0000,38.0000,29.0000,30.0000,31,30,30,31,30,30,38,29,30,38,29,30,31,30,30,31,30,30,39,29,30,38,29,30,43.00,40.00,30.676,0.276,2.7976,sat down ~19:22Z from 45/46C
1741.84,2026-09-28T19:56:12Z,499,31.0000,30.0000,30.0000,31.0000,30.0000,30.0000,38.7495,29.0000,30.0000,38.0000,29.0000,30.0000,31,30,30,31,30,30,38,29,30,38,29,30,31,30,30,31,30,30,39,29,30,38,29,30,43.00,40.00,30.675,0.275,2.7976,sat down ~19:22Z from 45/46C
1742.84,2026-09-28T19:56:13Z,500,31.0000,30.0000,30.0000,31.0000,30.0000,30.0000,38.7740,29.0000,30.0000,38.0000,29.0000,30.0000,31,30,30,31,30,30,38,29,30,38,29,30,31,30,30,31,30,30,39,29,30,38,29,30,43.00,40.00,30.675,0.275,2.7976,sat down ~19:22Z from 45/46C
1743.84,2026-09-28T19:56:14Z,500,31.0000,30.0000,30.0000,31.0000,30.0000,30.0000,38.7440,29.0000,30.0000,38.0000,29.0000,30.0000,31,30,30,31,30,30,38,29,30,38,29,30,31,30,30,31,30,30,39,29,30,38,29,30,43.00,40.00,30.675,0.276,2.7976,sat down ~19:22Z from 45/46C
1744.84,2026-09-28T19:56:15Z,501,31.0000,30.0000,30.0000,31.0000,30.0000,30.0000,38.7345,29.0000,30.0000,38.0000,29.0080,30.0000,31,30,30,31,30,30,38,29,30,38,29,30,31,30,30,31,30,30,39,29,30,38,30,30,43.00,40.00,30.675,0.277,2.7976,sat down ~19:22Z from 45/46C
1745.84,2026-09-28T19:56:16Z,500,31.0000,30.0000,30.0000,31.0000,30.0000,30.0000,38.6360,29.0000,30.0000,38.0000,29.0060,30.0000,31,30,30,31,30,30,38,29,30,38,29,30,31,30,30,31,30,30,39,29,30,38,30,30,43.00,40.00,30.674,0.275,2.7976,sat down ~19:22Z from 45/46C
1746.85,2026-09-28T19:56:17Z,501,31.0000,30.0000,30.0000,31.0000,30.0000,30.0000,38.6188,29.0000,30.0000,38.0000,29.0000,30.0000,31,30,30,31,30,30,38,29,30,38,29,30,31,30,30,31,30,30,39,29,30,38,29,30,43.00,40.00,30.674,0.280,2.7976,sat down ~19:22Z from 45/46C
1747.85,2026-09-28T19:56:18Z,500,31.0000,30.0000,30.0000,31.0000,30.0000,30.0000,38.5940,29.0000,30.0000,38.0000,29.0000,30.0000,31,30,30,31,30,30,38,29,30,38,29,30,31,30,30,31,30,30,39,29,30,38,29,30,43.00,40.00,30.674,0.279,2.7976,sat down ~19:22Z from 45/46C
1748.85,2026-09-28T19:56:19Z,500,31.0000,30.0000,30.0000,31.0000,30.0000,30.0000,38.5120,29.0000,30.0000,38.0000,29.0000,30.0000,31,30,30,31,30,30,38,29,30,38,29,30,31,30,30,31,30,30,39,29,30,38,29,30,43.00,40.00,30.674,0.280,2.7976,sat down ~19:22Z from 45/46C
1749.85,2026-09-28T19:56:20Z,501,31.0000,30.0000,30.0000,31.0000,30.0000,30.0000,38.4850,29.0000,30.0000,38.0000,29.0000,30.0000,31,30,30,31,30,30,38,29,30,38,29,30,31,30,30,31,30,30,39,29,30,38,29,30,43.00,40.00,30.673,0.278,2.7976,sat down ~19:22Z from 45/46C
1750.85,2026-09-28T19:56:21Z,500,31.0000,30.0000,30.0000,31.0000,30.0000,30.0000,38.4280,29.0000,30.0000,38.0000,29.0000,30.0000,31,30,30,31,30,30,38,29,30,38,29,30,31,30,30,31,30,30,39,29,30,38,29,30,43.00,40.00,30.673,0.276,2.7976,sat down ~19:22Z from 45/46C
1751.85,2026-09-28T19:56:22Z,501,31.0000,30.0000,30.0000,31.0000,30.0000,30.0000,38.4172,29.0000,30.0000,38.0000,29.0000,30.0000,31,30,30,31,30,30,38,29,30,38,29,30,31,30,30,31,30,30,39,29,30,38,29,30,43.00,40.00,30.672,0.276,2.7976,sat down ~19:22Z from 45/46C
1752.85,2026-09-28T19:56:23Z,500,31.0000,30.0000,30.0000,31.0000,30.0000,30.0000,38.3280,29.0000,30.0000,38.0000,29.0000,30.0000,31,30,30,31,30,30,38,29,30,38,29,30,31,30,30,31,30,30,39,29,30,38,29,30,43.00,40.00,30.673,0.276,2.7976,sat down ~19:22Z from 45/46C
1753.85,2026-09-28T19:56:24Z,500,31.0000,30.0000,30.0000,31.0000,30.0000,30.0000,38.2580,29.0000,30.0000,38.0000,29.0000,30.0000,31,30,30,31,30,30,38,29,30,38,29,30,31,30,30,31,30,30,39,29,30,38,29,30,43.00,40.00,30.672,0.278,2.7976,sat down ~19:22Z from 45/46C
1754.85,2026-09-28T19:56:25Z,500,31.0000,30.0000,30.0000,31.0000,30.0000,30.0000,38.2380,29.0000,30.0000,38.0000,29.0000,30.0000,31,30,30,31,30,30,38,29,30,38,29,30,31,30,30,31,30,30,39,29,30,38,29,30,43.00,40.00,30.672,0.281,2.7976,sat down ~19:22Z from 45/46C
1755.85,2026-09-28T19:56:26Z,500,31.0000,30.0000,30.0000,31.0000,30.0000,30.0000,38.1460,29.0000,30.0000,38.0000,29.0000,30.0000,31,30,30,31,30,30,38,29,30,38,29,30,31,30,30,31,30,30,39,29,30,38,29,30,43.00,40.00,30.671,0.280,2.7976,sat down ~19:22Z from 45/46C
1756.85,2026-09-28T19:56:27Z,500,31.0000,30.0000,30.0000,31.0000,30.0000,30.0000,38.1100,29.0000,30.0000,38.0000,29.0000,30.0000,31,30,30,31,30,30,38,29,30,38,29,30,31,30,30,31,30,30,39,29,30,38,29,30,43.00,40.00,30.671,0.280,2.7976,sat down ~19:22Z from 45/46C
1757.85,2026-09-28T19:56:28Z,501,31.0000,30.0000,30.0000,31.0000,30.0000,30.0000,38.1816,29.0000,30.0000,38.0000,29.0000,30.0000,31,30,30,31,30,30,38,29,30,38,29,30,31,30,30,31,30,30,39,29,30,38,29,30,43.00,40.00,30.671,0.281,2.7976,sat down ~19:22Z from 45/46C
1758.85,2026-09-28T19:56:29Z,499,31.0000,30.0000,30.0000,31.0000,30.0000,30.0000,38.0942,29.0000,30.0000,38.0000,29.0080,30.0000,31,30,30,31,30,30,38,29,30,38,29,30,31,30,30,31,30,30,39,29,30,38,30,30,43.00,40.00,30.671,0.275,2.7976,sat down ~19:22Z from 45/46C
1759.86,2026-09-28T19:56:30Z,500,31.0000,30.0000,30.0000,31.0000,30.0000,30.0000,38.0700,29.0000,30.0000,38.0000,29.0000,30.0000,31,30,30,31,30,30,38,29,30,38,29,30,31,30,30,31,30,30,39,29,30,38,29,30,43.00,40.00,30.670,0.277,2.7976,sat down ~19:22Z from 45/46C
1760.86,2026-09-28T19:56:31Z,500,31.0000,30.0000,30.0000,31.0000,30.0000,30.0000,38.0400,29.0000,30.0000,38.0000,29.0280,30.0000,31,30,30,31,30,30,38,29,30,38,29,30,31,30,30,31,30,30,39,29,30,38,30,30,43.00,40.00,30.670,0.280,2.7976,sat down ~19:22Z from 45/46C
1761.86,2026-09-28T19:56:32Z,500,31.0000,30.0000,30.0000,31.0000,30.0000,30.0000,38.0180,29.0000,30.0000,38.0000,29.0360,30.0000,31,30,30,31,30,30,38,29,30,38,29,30,31,30,30,31,30,30,39,29,30,38,30,30,43.00,40.00,30.669,0.279,2.7976,sat down ~19:22Z from 45/46C
1762.86,2026-09-28T19:56:33Z,500,31.0000,30.0000,30.0000,31.0000,30.0000,30.0000,38.0400,29.0000,30.0000,38.0000,29.1660,30.0000,31,30,30,31,30,30,38,29,30,38,29,30,31,30,30,31,30,30,39,29,30,38,30,30,43.00,40.00,30.670,0.282,2.7976,sat down ~19:22Z from 45/46C
1763.86,2026-09-28T19:56:34Z,501,31.0000,30.0000,30.0000,31.0000,30.0000,30.0000,38.0060,29.0000,30.0000,38.0000,29.1497,30.0000,31,30,30,31,30,30,38,29,30,38,29,30,31,30,30,31,30,30,39,29,30,38,30,30,43.00,40.00,30.670,0.281,2.7976,sat down ~19:22Z from 45/46C
1764.86,2026-09-28T19:56:35Z,500,31.0000,30.0000,30.0000,31.0000,30.0000,30.0000,38.0160,29.0000,30.0000,38.0000,29.2120,30.0000,31,30,30,31,30,30,38,29,30,38,29,30,31,30,30,31,30,30,39,29,30,38,30,30,43.00,40.00,30.669,0.277,2.7976,sat down ~19:22Z from 45/46C
1765.86,2026-09-28T19:56:36Z,501,31.0000,30.0000,30.0000,31.0000,30.0000,30.0000,38.0000,29.0000,30.0000,38.0000,29.2255,30.0000,31,30,30,31,30,30,38,29,30,38,29,30,31,30,30,31,30,30,38,29,30,38,30,30,43.00,40.00,30.669,0.279,2.7976,sat down ~19:22Z from 45/46C
1766.86,2026-09-28T19:56:37Z,500,31.0000,30.0000,30.0000,31.0000,30.0000,30.0000,38.0000,29.0000,30.0000,38.0000,29.3460,30.0000,31,30,30,31,30,30,38,29,30,38,29,30,31,30,30,31,30,30,38,29,30,38,30,30,43.00,40.00,30.669,0.275,2.7976,sat down ~19:22Z from 45/46C
1767.86,2026-09-28T19:56:38Z,501,31.0000,30.0000,30.0000,31.0000,30.0000,30.0000,38.0000,29.0000,30.0000,38.0000,29.3393,30.0000,31,30,30,31,30,30,38,29,30,38,29,30,31,30,30,31,30,30,38,29,30,38,30,30,43.00,40.00,30.669,0.277,2.7976,sat down ~19:22Z from 45/46C
1768.87,2026-09-28T19:56:39Z,500,31.0000,30.0000,30.0000,31.0000,30.0000,30.0000,38.0000,29.0000,30.0000,38.0000,29.4040,30.0000,31,30,30,31,30,30,38,29,30,38,29,30,31,30,30,31,30,30,38,29,30,38,30,30,43.00,40.00,30.669,0.279,2.7976,sat down ~19:22Z from 45/46C
1769.87,2026-09-28T19:56:40Z,500,31.0000,30.0000,30.0000,31.0000,30.0000,30.0000,38.0000,29.0000,30.0000,38.0000,29.2660,30.0000,31,30,30,31,30,30,38,29,30,38,29,30,31,30,30,31,30,30,38,29,30,38,30,30,43.00,40.00,30.669,0.279,2.7976,sat down ~19:22Z from 45/46C
1770.87,2026-09-28T19:56:41Z,500,31.0000,30.0000,30.0000,31.0000,30.0000,30.0000,38.0000,29.0000,30.0000,38.0000,29.1680,30.0000,31,30,30,31,30,30,38,29,30,38,29,30,31,30,30,31,30,30,38,29,30,38,30,30,43.00,40.00,30.668,0.283,2.7976,sat down ~19:22Z from 45/46C
1771.87,2026-09-28T19:56:42Z,500,31.0000,30.0000,30.0000,31.0000,30.0000,30.0000,38.0000,29.0000,30.0000,38.0000,29.0840,30.0000,31,30,30,31,30,30,38,29,30,38,29,30,31,30,30,31,30,30,38,29,30,38,30,30,43.00,40.00,30.669,0.278,2.7976,sat down ~19:22Z from 45/46C
1772.87,2026-09-28T19:56:43Z,499,31.0000,30.0000,30.0000,31.0000,30.0000,30.0000,38.0000,29.0000,30.0000,38.0000,29.0381,30.0000,31,30,30,31,30,30,38,29,30,38,29,30,31,30,30,31,30,30,38,29,30,38,30,30,43.00,40.00,30.667,0.280,2.7976,sat down ~19:22Z from 45/46C
1773.87,2026-09-28T19:56:44Z,500,31.0000,30.0000,30.0000,31.0000,30.0000,30.0000,38.0000,29.0000,30.0000,38.0000,29.0000,30.0000,31,30,30,31,30,30,38,29,30,38,29,30,31,30,30,31,30,30,38,29,30,38,29,30,43.00,40.00,30.668,0.281,2.7976,sat down ~19:22Z from 45/46C
1774.87,2026-09-28T19:56:45Z,500,31.0000,30.0000,30.0000,31.0000,30.0000,30.0000,38.0000,29.0000,30.0000,38.0000,29.0000,30.0000,31,30,30,31,30,30,38,29,30,38,29,30,31,30,30,31,30,30,38,29,30,38,29,30,43.00,40.00,30.667,0.284,2.7976,sat down ~19:22Z from 45/46C
1775.87,2026-09-28T19:56:46Z,500,31.0000,30.0000,30.0000,31.0000,30.0000,30.0000,38.0000,29.0000,30.0000,38.0000,29.0120,30.0000,31,30,30,31,30,30,38,29,30,38,29,30,31,30,30,31,30,30,38,29,30,38,30,30,43.00,40.00,30.667,0.285,2.7976,sat down ~19:22Z from 45/46C
1776.87,2026-09-28T19:56:47Z,501,31.0000,30.0000,30.0000,31.0000,30.0000,30.0000,38.0000,29.0000,30.0000,38.0000,29.0000,30.0000,31,30,30,31,30,30,38,29,30,38,29,30,31,30,30,31,30,30,38,29,30,38,29,30,43.00,40.00,30.667,0.287,2.7976,sat down ~19:22Z from 45/46C
1777.87,2026-09-28T19:56:48Z,500,31.0000,30.0000,30.0000,31.0000,30.0000,30.0000,38.0000,29.0000,30.0000,38.0000,29.0000,30.0000,31,30,30,31,30,30,38,29,30,38,29,30,31,30,30,31,30,30,38,29,30,38,29,30,43.00,40.00,30.667,0.285,2.7976,sat down ~19:22Z from 45/46C
1778.87,2026-09-28T19:56:49Z,500,31.0000,30.0000,30.0000,31.0000,30.0000,30.0000,38.0000,29.0000,30.0000,38.0000,29.0000,30.0000,31,30,30,31,30,30,38,29,30,38,29,30,31,30,30,31,30,30,38,29,30,38,29,30,43.00,40.00,30.666,0.281,2.7976,sat down ~19:22Z from 45/46C
1779.87,2026-09-28T19:56:50Z,501,31.0000,30.0000,30.0000,31.0000,30.0000,30.0000,38.0000,29.0000,30.0000,38.0000,29.0000,30.0000,31,30,30,31,30,30,38,29,30,38,29,30,31,30,30,31,30,30,38,29,30,38,29,30,43.00,40.00,30.666,0.283,2.7976,sat down ~19:22Z from 45/46C
1780.87,2026-09-28T19:56:51Z,500,31.0000,30.0000,30.0000,31.0000,30.0000,30.0000,38.0000,29.0000,30.0000,38.0000,29.0000,30.0000,31,30,30,31,30,30,38,29,30,38,29,30,31,30,30,31,30,30,38,29,30,38,29,30,43.00,40.00,30.666,0.283,2.7976,sat down ~19:22Z from 45/46C
1781.87,2026-09-28T19:56:52Z,500,31.0000,30.0000,30.0000,31.0000,30.0000,30.0000,38.0000,29.0000,30.0000,38.0000,29.0000,30.0000,31,30,30,31,30,30,38,29,30,38,29,30,31,30,30,31,30,30,38,29,30,38,29,30,43.00,40.00,30.665,0.283,2.7976,sat down ~19:22Z from 45/46C
1782.87,2026-09-28T19:56:53Z,500,31.0000,30.0000,30.0000,31.0000,30.0000,30.0000,38.0000,29.0000,30.0000,38.0000,29.0160,30.0000,31,30,30,31,30,30,38,29,30,38,29,30,31,30,30,31,30,30,38,29,30,38,30,30,43.00,40.00,30.666,0.287,2.7976,sat down ~19:22Z from 45/46C
1783.88,2026-09-28T19:56:54Z,501,31.0000,30.0000,30.0000,31.0000,30.0000,30.0000,38.0000,29.0000,30.0000,38.0000,29.0000,30.0000,31,30,30,31,30,30,38,29,30,38,29,30,31,30,30,31,30,30,38,29,30,38,29,30,43.00,40.00,30.665,0.287,2.7976,sat down ~19:22Z from 45/46C
1784.88,2026-09-28T19:56:55Z,499,31.0000,30.0000,30.0000,31.0000,30.0000,30.0000,38.0000,29.0000,30.0000,38.0000,29.0160,30.0000,31,30,30,31,30,30,38,29,30,38,29,30,31,30,30,31,30,30,38,29,30,38,30,30,43.00,40.00,30.665,0.284,2.7976,sat down ~19:22Z from 45/46C
1785.88,2026-09-28T19:56:56Z,500,31.0000,30.0000,30.0000,31.0000,30.0000,30.0000,38.0000,29.0000,30.0000,38.0000,29.0080,30.0000,31,30,30,31,30,30,38,29,30,38,29,30,31,30,30,31,30,30,38,29,30,38,30,30,43.00,40.00,30.664,0.284,2.7976,sat down ~19:22Z from 45/46C
1786.88,2026-09-28T19:56:57Z,500,31.0000,30.0000,30.0000,31.0000,30.0000,30.0000,38.0000,29.0000,30.0000,38.0000,29.0080,30.0000,31,30,30,31,30,30,38,29,30,38,29,30,31,30,30,31,30,30,38,29,30,38,30,30,43.00,40.00,30.664,0.283,2.7976,sat down ~19:22Z from 45/46C
1787.88,2026-09-28T19:56:58Z,498,31.0000,30.0000,30.0000,31.0000,30.0000,30.0000,38.0000,29.0000,30.0000,38.0000,29.0080,30.0000,31,30,30,31,30,30,38,29,30,38,29,30,31,30,30,31,30,30,38,29,30,38,30,30,43.00,40.00,30.664,0.282,2.7976,sat down ~19:22Z from 45/46C
1788.88,2026-09-28T19:56:59Z,501,31.0000,30.0000,30.0000,31.0000,30.0000,30.0000,38.0000,29.0000,30.0000,38.0000,29.0000,30.0000,31,30,30,31,30,30,38,29,30,38,29,30,31,30,30,31,30,30,38,29,30,38,29,30,43.00,40.00,30.663,0.283,2.7976,sat down ~19:22Z from 45/46C
1789.88,2026-09-28T19:57:00Z,499,31.0000,30.0000,30.0000,31.0000,30.0000,30.0000,38.0000,29.0000,30.0000,38.0000,29.0000,30.0000,31,30,30,31,30,30,38,29,30,38,29,30,31,30,30,31,30,30,38,29,30,38,29,30,43.00,40.00,30.664,0.282,2.7976,sat down ~19:22Z from 45/46C
1790.88,2026-09-28T19:57:01Z,500,31.0000,30.0000,30.0000,31.0000,30.0000,30.0000,38.0000,29.0000,30.0000,38.0000,29.0000,30.0000,31,30,30,31,30,30,38,29,30,38,29,30,31,30,30,31,30,30,38,29,30,38,29,30,43.00,40.00,30.663,0.284,2.7976,sat down ~19:22Z from 45/46C
1791.88,2026-09-28T19:57:02Z,501,31.0000,30.0000,30.0000,31.0000,30.0000,30.0000,38.0000,29.0000,30.0000,38.0000,29.0000,30.0000,31,30,30,31,30,30,38,29,30,38,29,30,31,30,30,31,30,30,38,29,30,38,29,30,43.00,40.00,30.663,0.282,2.7976,sat down ~19:22Z from 45/46C
1792.89,2026-09-28T19:57:03Z,501,31.0000,30.0000,30.0000,31.0000,30.0000,30.0000,38.0000,29.0000,30.0000,38.0000,29.0000,30.0000,31,30,30,31,30,30,38,29,30,38,29,30,31,30,30,31,30,30,38,29,30,38,29,30,43.00,40.00,30.663,0.282,2.7976,sat down ~19:22Z from 45/46C
1793.89,2026-09-28T19:57:04Z,499,31.0000,30.0000,30.0000,31.0000,30.0000,30.0000,38.0000,29.0000,30.0000,38.0000,29.0200,30.0000,31,30,30,31,30,30,38,29,30,38,29,30,31,30,30,31,30,30,38,29,30,38,30,30,43.00,40.00,30.663,0.280,2.7976,sat down ~19:22Z from 45/46C
1794.89,2026-09-28T19:57:05Z,500,31.0000,30.0000,30.0000,31.0000,30.0000,30.0000,38.0000,29.0000,30.0000,38.0000,29.0420,30.0000,31,30,30,31,30,30,38,29,30,38,29,30,31,30,30,31,30,30,38,29,30,38,30,30,43.00,40.00,30.663,0.281,2.7976,sat down ~19:22Z from 45/46C
1795.89,2026-09-28T19:57:06Z,501,31.0000,30.0000,30.0000,31.0000,30.0000,30.0000,38.0000,29.0000,30.0000,38.0000,29.0140,30.0000,31,30,30,31,30,30,38,29,30,38,29,30,31,30,30,31,30,30,38,29,30,38,30,30,43.00,40.00,30.662,0.284,2.7976,sat down ~19:22Z from 45/46C
1796.89,2026-09-28T19:57:07Z,500,31.0000,30.0000,30.0000,31.0000,30.0000,30.0000,38.0000,29.0000,30.0000,38.0000,29.0080,30.0000,31,30,30,31,30,30,38,29,30,38,29,30,31,30,30,31,30,30,38,29,30,38,30,30,43.00,40.00,30.662,0.282,2.7976,sat down ~19:22Z from 45/46C
1797.89,2026-09-28T19:57:08Z,500,31.0000,30.0000,30.0000,31.0000,30.0000,30.0000,38.0000,29.0000,30.0000,38.0000,29.0260,30.0000,31,30,30,31,30,30,38,29,30,38,29,30,31,30,30,31,30,30,38,29,30,38,30,30,43.00,40.00,30.662,0.282,2.7976,sat down ~19:22Z from 45/46C
1798.89,2026-09-28T19:57:09Z,500,31.0000,30.0000,30.0000,31.0000,30.0000,30.0000,38.0000,29.0000,30.0000,38.0000,29.0380,30.0000,31,30,30,31,30,30,38,29,30,38,29,30,31,30,30,31,30,30,38,29,30,38,30,30,43.00,40.00,30.661,0.280,2.7976,sat down ~19:22Z from 45/46C
1799.89,2026-09-28T19:57:10Z,500,31.0000,30.0000,30.0000,31.0000,30.0000,30.0000,38.0000,29.0000,30.0000,38.0000,29.0120,30.0000,31,30,30,31,30,30,38,29,30,38,29,30,31,30,30,31,30,30,38,29,30,38,30,30,43.00,40.00,30.661,0.281,2.7976,sat down ~19:22Z from 45/46C
1800.89,2026-09-28T19:57:11Z,500,31.0000,30.0000,30.0000,31.0000,30.0000,30.0000,38.0000,29.0000,30.0000,38.0000,29.0000,30.0000,31,30,30,31,30,30,38,29,30,38,29,30,31,30,30,31,30,30,38,29,30,38,29,30,43.00,40.00,30.661,0.282,2.7976,sat down ~19:22Z from 45/46C
1801.89,2026-09-28T19:57:12Z,500,31.0000,30.0000,30.0000,31.0000,30.0000,30.0000,38.0000,29.0000,30.0000,38.0000,29.0000,30.0000,31,30,30,31,30,30,38,29,30,38,29,30,31,30,30,31,30,30,38,29,30,38,29,30,43.00,40.00,30.661,0.279,2.7976,sat down ~19:22Z from 45/46C
1802.89,2026-09-28T19:57:13Z,500,31.0000,30.0000,30.0000,31.0000,30.0000,30.0000,38.0000,29.0000,30.0000,38.0000,29.0080,30.0000,31,30,30,31,30,30,38,29,30,38,29,30,31,30,30,31,30,30,38,29,30,38,30,30,43.00,40.00,30.660,0.281,2.7976,sat down ~19:22Z from 45/46C
1803.89,2026-09-28T19:57:14Z,499,31.0000,30.0000,30.0000,31.0000,30.0000,30.0000,38.0000,29.0000,30.0000,38.0000,29.0120,30.0000,31,30,30,31,30,30,38,29,30,38,29,30,31,30,30,31,30,30,38,29,30,38,30,30,43.00,40.00,30.661,0.278,2.7976,sat down ~19:22Z from 45/46C
1804.89,2026-09-28T19:57:15Z,501,31.0000,30.0000,30.0000,31.0000,30.0000,30.0000,38.0000,29.0000,30.0000,38.0000,29.0479,30.0000,31,30,30,31,30,30,38,29,30,38,29,30,31,30,30,31,30,30,38,29,30,38,30,30,43.00,40.00,30.660,0.282,2.7976,sat down ~19:22Z from 45/46C
1805.89,2026-09-28T19:57:16Z,501,31.0000,30.0000,30.0000,31.0000,30.0000,30.0000,38.0000,29.0000,30.0000,38.0000,29.0359,30.0000,31,30,30,31,30,30,38,29,30,38,29,30,31,30,30,31,30,30,38,29,30,38,30,30,43.00,40.00,30.660,0.279,2.7976,sat down ~19:22Z from 45/46C
1806.89,2026-09-28T19:57:17Z,500,31.0000,30.0000,30.0000,31.0000,30.0000,30.0000,38.0000,29.0000,30.0000,38.0000,29.0160,30.0000,31,30,30,31,30,30,38,29,30,38,29,30,31,30,30,31,30,30,38,29,30,38,30,30,43.00,40.00,30.660,0.281,2.7976,sat down ~19:22Z from 45/46C
1807.90,2026-09-28T19:57:18Z,501,31.0000,30.0000,30.0000,31.0000,30.0000,30.0000,38.0000,29.0000,30.0000,38.0000,29.0000,30.0000,31,30,30,31,30,30,38,29,30,38,29,30,31,30,30,31,30,30,38,29,30,38,29,30,43.00,40.00,30.659,0.279,2.7976,sat down ~19:22Z from 45/46C
1808.90,2026-09-28T19:57:19Z,500,31.0000,30.0000,30.0000,31.0000,30.0000,30.0000,38.0000,29.0000,30.0000,38.0000,29.0000,30.0000,31,30,30,31,30,30,38,29,30,38,29,30,31,30,30,31,30,30,38,29,30,38,29,30,43.00,40.00,30.660,0.282,2.7976,sat down ~19:22Z from 45/46C
1809.90,2026-09-28T19:57:20Z,500,31.0000,30.0000,30.0000,31.0000,30.0000,30.0000,38.0000,29.0000,30.0000,38.0000,29.0000,30.0000,31,30,30,31,30,30,38,29,30,38,29,30,31,30,30,31,30,30,38,29,30,38,29,30,43.00,40.00,30.659,0.282,2.7976,sat down ~19:22Z from 45/46C
1810.90,2026-09-28T19:57:21Z,501,31.0000,30.0000,30.0000,31.0000,30.0000,30.0000,38.0000,29.0000,30.0000,38.0000,29.0000,30.0000,31,30,30,31,30,30,38,29,30,38,29,30,31,30,30,31,30,30,38,29,30,38,29,30,43.00,40.00,30.659,0.279,2.7976,sat down ~19:22Z from 45/46C
1811.90,2026-09-28T19:57:22Z,500,31.0000,30.0000,30.0000,31.0000,30.0000,30.0000,38.0000,29.0000,30.0000,38.0000,29.0000,30.0000,31,30,30,31,30,30,38,29,30,38,29,30,31,30,30,31,30,30,38,29,30,38,29,30,43.00,40.00,30.659,0.282,2.7976,sat down ~19:22Z from 45/46C
1812.90,2026-09-28T19:57:23Z,500,31.0000,30.0000,30.0000,31.0000,30.0000,30.0000,38.0000,29.0000,30.0000,38.0000,29.0000,30.0000,31,30,30,31,30,30,38,29,30,38,29,30,31,30,30,31,30,30,38,29,30,38,29,30,43.00,40.00,30.659,0.282,2.7976,sat down ~19:22Z from 45/46C
1813.90,2026-09-28T19:57:24Z,501,31.0000,30.0000,30.0000,31.0000,30.0000,30.0000,38.0000,29.0000,30.0000,38.0000,29.0000,30.0000,31,30,30,31,30,30,38,29,30,38,29,30,31,30,30,31,30,30,38,29,30,38,29,30,43.00,40.00,30.658,0.278,2.7976,sat down ~19:22Z from 45/46C
1814.90,2026-09-28T19:57:25Z,501,31.0000,30.0000,30.0000,31.0000,30.0000,30.0000,38.0000,29.0000,30.0000,38.0000,29.0000,30.0000,31,30,30,31,30,30,38,29,30,38,29,30,31,30,30,31,30,30,38,29,30,38,29,30,43.00,40.00,30.658,0.277,2.7976,sat down ~19:22Z from 45/46C
1815.90,2026-09-28T19:57:26Z,500,31.0000,30.0000,30.0000,31.0000,30.0000,30.0000,38.0000,29.0000,30.0000,38.0000,29.0000,30.0000,31,30,30,31,30,30,38,29,30,38,29,30,31,30,30,31,30,30,38,29,30,38,29,30,43.00,40.00,30.658,0.277,2.7976,sat down ~19:22Z from 45/46C
1816.90,2026-09-28T19:57:27Z,499,31.0000,30.0000,30.0000,31.0000,30.0000,30.0000,38.0000,29.0000,30.0000,38.0000,29.0000,30.0000,31,30,30,31,30,30,38,29,30,38,29,30,31,30,30,31,30,30,38,29,30,38,29,30,43.00,40.00,30.658,0.280,2.7976,sat down ~19:22Z from 45/46C
1817.91,2026-09-28T19:57:28Z,501,31.0000,30.0000,30.0000,31.0000,30.0000,30.0000,38.0000,29.0000,30.0000,38.0000,29.0000,30.0000,31,30,30,31,30,30,38,29,30,38,29,30,31,30,30,31,30,30,38,29,30,38,29,30,43.00,40.00,30.657,0.274,2.7976,sat down ~19:22Z from 45/46C
1818.91,2026-09-28T19:57:29Z,501,31.0000,30.0000,30.0000,31.0000,30.0000,30.0000,38.0000,29.0000,30.0000,38.0000,29.0000,30.0000,31,30,30,31,30,30,38,29,30,38,29,30,31,30,30,31,30,30,38,29,30,38,29,30,43.00,40.00,30.657,0.279,2.7976,sat down ~19:22Z from 45/46C
1819.91,2026-09-28T19:57:30Z,500,31.0000,30.0000,30.0000,31.0000,30.0000,30.0000,38.0000,29.0000,30.0000,38.0000,29.0000,30.0000,31,30,30,31,30,30,38,29,30,38,29,30,31,30,30,31,30,30,38,29,30,38,29,30,43.00,40.00,30.657,0.276,2.7976,sat down ~19:22Z from 45/46C
1820.91,2026-09-28T19:57:31Z,501,31.0000,30.0000,30.0000,31.0000,30.0000,30.0000,38.0000,29.0000,30.0000,38.0000,29.0000,30.0000,31,30,30,31,30,30,38,29,30,38,29,30,31,30,30,31,30,30,38,29,30,38,29,30,43.00,40.00,30.657,0.278,2.7976,sat down ~19:22Z from 45/46C
1821.91,2026-09-28T19:57:32Z,500,31.0000,30.0000,30.0000,31.0000,30.0000,30.0000,38.0000,29.0000,30.0000,38.0000,29.0000,30.0000,31,30,30,31,30,30,38,29,30,38,29,30,31,30,30,31,30,30,38,29,30,38,29,30,43.00,40.00,30.656,0.282,2.7976,sat down ~19:22Z from 45/46C
1822.91,2026-09-28T19:57:33Z,501,31.0000,30.0000,30.0000,31.0000,30.0000,30.0000,38.0000,29.0000,30.0000,38.0000,29.0000,30.0000,31,30,30,31,30,30,38,29,30,38,29,30,31,30,30,31,30,30,38,29,30,38,29,30,43.00,40.00,30.656,0.281,2.7976,sat down ~19:22Z from 45/46C
1823.91,2026-09-28T19:57:34Z,500,31.0000,30.0000,30.0000,31.0000,30.0000,30.0000,38.0000,29.0000,30.0000,38.0000,29.0000,30.0000,31,30,30,31,30,30,38,29,30,38,29,30,31,30,30,31,30,30,38,29,30,38,29,30,43.00,40.00,30.656,0.284,2.7976,sat down ~19:22Z from 45/46C
1824.91,2026-09-28T19:57:35Z,501,31.0000,30.0000,30.0000,31.0000,30.0000,30.0000,38.0000,29.0000,30.0000,38.0000,29.0000,30.0000,31,30,30,31,30,30,38,29,30,38,29,30,31,30,30,31,30,30,38,29,30,38,29,30,43.00,40.00,30.656,0.281,2.7976,sat down ~19:22Z from 45/46C
1825.91,2026-09-28T19:57:36Z,500,31.0000,30.0000,30.0000,31.0000,30.0000,30.0000,38.0000,29.0000,30.0000,38.0000,29.0000,30.0000,31,30,30,31,30,30,38,29,30,38,29,30,31,30,30,31,30,30,38,29,30,38,29,30,43.00,40.00,30.655,0.283,2.7976,sat down ~19:22Z from 45/46C
1826.92,2026-09-28T19:57:37Z,501,31.0000,30.0000,30.0000,31.0000,30.0000,30.0000,38.0000,29.0000,30.0000,38.0000,29.0000,30.0000,31,30,30,31,30,30,38,29,30,38,29,30,31,30,30,31,30,30,38,29,30,38,29,30,43.00,40.00,30.655,0.283,2.7976,sat down ~19:22Z from 45/46C
1827.92,2026-09-28T19:57:38Z,500,31.0000,30.0000,30.0000,31.0000,30.0000,30.0000,38.0000,29.0000,30.0000,38.0000,29.0000,30.0000,31,30,30,31,30,30,38,29,30,38,29,30,31,30,30,31,30,30,38,29,30,38,29,30,43.00,40.00,30.655,0.282,2.7976,sat down ~19:22Z from 45/46C
1828.92,2026-09-28T19:57:39Z,500,31.0000,30.0000,30.0000,31.0000,30.0000,30.0000,38.0000,29.0000,30.0000,38.0000,29.0000,30.0000,31,30,30,31,30,30,38,29,30,38,29,30,31,30,30,31,30,30,38,29,30,38,29,30,43.00,40.00,30.655,0.281,2.7976,sat down ~19:22Z from 45/46C
1829.92,2026-09-28T19:57:40Z,500,31.0000,30.0000,30.0000,31.0000,30.0000,30.0000,38.0000,29.0000,30.0000,38.0000,29.0000,30.0000,31,30,30,31,30,30,38,29,30,38,29,30,31,30,30,31,30,30,38,29,30,38,29,30,43.00,40.00,30.654,0.284,2.7976,sat down ~19:22Z from 45/46C
1830.92,2026-09-28T19:57:41Z,500,31.0000,30.0000,30.0000,31.0000,30.0000,30.0000,38.0000,29.0000,30.0000,38.0000,29.0000,30.0000,31,30,30,31,30,30,38,29,30,38,29,30,31,30,30,31,30,30,38,29,30,38,29,30,43.00,40.00,30.654,0.286,2.7976,sat down ~19:22Z from 45/46C
1831.92,2026-09-28T19:57:42Z,501,31.0000,30.0000,30.0000,31.0000,30.0000,30.0000,38.0000,29.0000,30.0000,38.0000,29.0000,30.0000,31,30,30,31,30,30,38,29,30,38,29,30,31,30,30,31,30,30,38,29,30,38,29,30,43.00,40.00,30.654,0.286,2.7976,sat down ~19:22Z from 45/46C
1832.92,2026-09-28T19:57:43Z,499,31.0000,30.0000,30.0000,31.0000,30.0000,30.0000,38.0000,29.0000,30.0000,38.0000,29.0000,30.0000,31,30,30,31,30,30,38,29,30,38,29,30,31,30,30,31,30,30,38,29,30,38,29,30,43.00,40.00,30.654,0.283,2.7976,sat down ~19:22Z from 45/46C
1833.92,2026-09-28T19:57:44Z,500,31.0000,30.0000,30.0000,31.0000,30.0000,30.0000,38.0000,29.0000,30.0000,38.0000,29.0000,30.0000,31,30,30,31,30,30,38,29,30,38,29,30,31,30,30,31,30,30,38,29,30,38,29,30,43.00,40.00,30.654,0.282,2.7976,sat down ~19:22Z from 45/46C
1834.92,2026-09-28T19:57:45Z,500,31.0000,30.0000,30.0000,31.0000,30.0000,30.0000,38.0000,29.0000,30.0000,38.0000,29.0000,30.0000,31,30,30,31,30,30,38,29,30,38,29,30,31,30,30,31,30,30,38,29,30,38,29,30,43.00,40.00,30.654,0.282,2.7976,sat down ~19:22Z from 45/46C
1835.92,2026-09-28T19:57:46Z,500,31.0000,30.0000,30.0000,31.0000,30.0000,30.0000,38.0000,29.0000,30.0000,38.0000,29.0000,30.0000,31,30,30,31,30,30,38,29,30,38,29,30,31,30,30,31,30,30,38,29,30,38,29,30,43.00,40.00,30.653,0.280,2.7976,sat down ~19:22Z from 45/46C
1836.92,2026-09-28T19:57:47Z,500,31.0000,30.0000,30.0000,31.0000,30.0000,30.0000,38.0000,29.0000,30.0000,38.0000,29.0000,30.0000,31,30,30,31,30,30,38,29,30,38,29,30,31,30,30,31,30,30,38,29,30,38,29,30,43.00,40.00,30.653,0.278,2.7976,sat down ~19:22Z from 45/46C
1837.92,2026-09-28T19:57:48Z,500,31.0000,30.0000,30.0000,31.0000,30.0000,30.0000,38.0000,29.0000,30.0000,38.0000,29.0000,30.0000,31,30,30,31,30,30,38,29,30,38,29,30,31,30,30,31,30,30,38,29,30,38,29,30,43.00,40.00,30.652,0.279,2.7976,sat down ~19:22Z from 45/46C
1838.92,2026-09-28T19:57:49Z,501,31.0000,30.0000,30.0000,31.0000,30.0000,30.0000,38.0000,29.0000,30.0000,38.0000,29.0000,30.0000,31,30,30,31,30,30,38,29,30,38,29,30,31,30,30,31,30,30,38,29,30,38,29,30,43.00,40.00,30.653,0.281,2.7976,sat down ~19:22Z from 45/46C
1839.93,2026-09-28T19:57:50Z,501,31.0000,30.0000,30.0000,31.0000,30.0000,30.0000,38.0000,29.0000,30.0000,38.0000,29.0000,30.0000,31,30,30,31,30,30,38,29,30,38,29,30,31,30,30,31,30,30,38,29,30,38,29,30,43.00,40.00,30.652,0.280,2.7976,sat down ~19:22Z from 45/46C
1840.93,2026-09-28T19:57:51Z,500,31.0000,30.0000,30.0000,31.0000,30.0000,30.0000,38.0000,29.0000,30.0000,38.0000,29.0000,30.0000,31,30,30,31,30,30,38,29,30,38,29,30,31,30,30,31,30,30,38,29,30,38,29,30,43.00,40.00,30.652,0.281,2.7976,sat down ~19:22Z from 45/46C
1841.93,2026-09-28T19:57:52Z,501,31.0000,30.0000,30.0000,31.0000,30.0000,30.0000,38.0000,29.0000,30.0000,38.0000,29.0000,30.0000,31,30,30,31,30,30,38,29,30,38,29,30,31,30,30,31,30,30,38,29,30,38,29,30,43.00,40.00,30.652,0.282,2.7976,sat down ~19:22Z from 45/46C
1842.93,2026-09-28T19:57:53Z,501,31.0000,30.0000,30.0000,31.0000,30.0000,30.0000,38.0000,29.0000,30.0000,38.0000,29.0000,30.0000,31,30,30,31,30,30,38,29,30,38,29,30,31,30,30,31,30,30,38,29,30,38,29,30,43.00,40.00,30.651,0.280,2.7976,sat down ~19:22Z from 45/46C
1843.93,2026-09-28T19:57:54Z,500,31.0000,30.0000,30.0000,31.0000,30.0000,30.0000,38.0000,29.0000,30.0000,38.0000,29.0000,30.0000,31,30,30,31,30,30,38,29,30,38,29,30,31,30,30,31,30,30,38,29,30,38,29,30,43.00,40.00,30.651,0.281,2.7976,sat down ~19:22Z from 45/46C
1844.93,2026-09-28T19:57:55Z,500,31.0000,30.0000,30.0000,31.0000,30.0000,30.0000,38.0000,29.0000,30.0000,38.0000,29.0000,30.0000,31,30,30,31,30,30,38,29,30,38,29,30,31,30,30,31,30,30,38,29,30,38,29,30,43.00,40.00,30.651,0.282,2.7976,sat down ~19:22Z from 45/46C
1845.93,2026-09-28T19:57:56Z,499,31.0000,30.0000,30.0000,31.0000,30.0000,30.0000,38.0000,29.0000,30.0000,38.0000,29.0000,30.0000,31,30,30,31,30,30,38,29,30,38,29,30,31,30,30,31,30,30,38,29,30,38,29,30,43.00,40.00,30.651,0.282,2.7976,sat down ~19:22Z from 45/46C
1846.93,2026-09-28T19:57:57Z,501,31.0000,30.0000,30.0000,31.0000,30.0000,30.0000,38.0000,29.0000,30.0000,38.0000,29.0000,30.0000,31,30,30,31,30,30,38,29,30,38,29,30,31,30,30,31,30,30,38,29,30,38,29,30,43.00,40.00,30.651,0.285,2.7976,sat down ~19:22Z from 45/46C
1847.93,2026-09-28T19:57:58Z,501,31.0000,30.0000,30.0000,31.0000,30.0000,30.0000,38.0000,29.0000,30.0000,38.0000,29.0000,30.0000,31,30,30,31,30,30,38,29,30,38,29,30,31,30,30,31,30,30,38,29,30,38,29,30,43.00,40.00,30.651,0.282,2.7976,sat down ~19:22Z from 45/46C
1848.94,2026-09-28T19:57:59Z,498,31.0000,30.0000,30.0000,31.0000,30.0000,30.0000,38.0000,29.0000,30.0000,38.0000,29.0000,30.0000,31,30,30,31,30,30,38,29,30,38,29,30,31,30,30,31,30,30,38,29,30,38,29,30,43.00,40.00,30.650,0.280,2.7976,sat down ~19:22Z from 45/46C
1849.94,2026-09-28T19:58:00Z,501,31.0000,30.0000,30.0000,31.0000,30.0000,30.0000,38.0000,29.0000,30.0000,38.0000,29.0000,30.0000,31,30,30,31,30,30,38,29,30,38,29,30,31,30,30,31,30,30,38,29,30,38,29,30,43.00,40.00,30.650,0.282,2.7976,sat down ~19:22Z from 45/46C
1850.94,2026-09-28T19:58:01Z,500,31.0000,30.0000,30.0000,31.0000,30.0000,30.0000,38.0000,29.0000,30.0000,38.0000,29.0280,30.0000,31,30,30,31,30,30,38,29,30,38,29,30,31,30,30,31,30,30,38,29,30,38,30,30,43.00,40.00,30.649,0.282,2.7976,sat down ~19:22Z from 45/46C
1851.94,2026-09-28T19:58:02Z,501,31.0000,30.0000,30.0000,31.0000,30.0000,30.0000,38.0000,29.0000,30.0000,38.0000,29.0240,30.0000,31,30,30,31,30,30,38,29,30,38,29,30,31,30,30,31,30,30,38,29,30,38,30,30,43.00,40.00,30.649,0.280,2.7976,sat down ~19:22Z from 45/46C
1852.94,2026-09-28T19:58:03Z,501,31.0000,30.0000,30.0000,31.0000,30.0000,30.0000,38.0000,29.0000,30.0000,38.0000,29.0379,30.0000,31,30,30,31,30,30,38,29,30,38,29,30,31,30,30,31,30,30,38,29,30,38,30,30,43.00,40.00,30.649,0.278,2.7976,sat down ~19:22Z from 45/46C
1853.94,2026-09-28T19:58:04Z,500,31.0000,30.0000,30.0000,31.0000,30.0000,30.0000,38.0000,29.0000,30.0000,38.0000,29.0420,30.0000,31,30,30,31,30,30,38,29,30,38,29,30,31,30,30,31,30,30,38,29,30,38,30,30,43.00,40.00,30.649,0.279,2.7976,sat down ~19:22Z from 45/46C
1854.94,2026-09-28T19:58:05Z,501,31.0000,30.0000,30.0000,31.0000,30.0000,30.0000,38.0000,29.0000,30.0000,38.0000,29.0479,30.0000,31,30,30,31,30,30,38,29,30,38,29,30,31,30,30,31,30,30,38,29,30,38,30,30,43.00,40.00,30.649,0.283,2.7976,sat down ~19:22Z from 45/46C
1855.94,2026-09-28T19:58:06Z,500,31.0000,30.0000,30.0000,31.0000,30.0000,30.0000,38.0000,29.0000,30.0000,38.0000,29.0140,30.0000,31,30,30,31,30,30,38,29,30,38,29,30,31,30,30,31,30,30,38,29,30,38,30,30,43.00,40.00,30.648,0.280,2.7976,sat down ~19:22Z from 45/46C
1856.94,2026-09-28T19:58:07Z,500,31.0000,30.0000,30.0000,31.0000,30.0000,30.0000,38.0000,29.0000,30.0000,38.0000,29.0060,30.0000,31,30,30,31,30,30,38,29,30,38,29,30,31,30,30,31,30,30,38,29,30,38,30,30,43.00,40.00,30.648,0.278,2.7976,sat down ~19:22Z from 45/46C
1857.94,2026-09-28T19:58:08Z,500,31.0000,30.0000,30.0000,31.0000,30.0000,30.0000,38.0000,29.0000,30.0000,38.0000,29.0000,30.0000,31,30,30,31,30,30,38,29,30,38,29,30,31,30,30,31,30,30,38,29,30,38,29,30,43.00,40.00,30.648,0.280,2.7976,sat down ~19:22Z from 45/46C
1858.95,2026-09-28T19:58:09Z,501,31.0000,30.0000,30.0000,31.0000,30.0000,30.0000,38.0000,29.0000,30.0000,38.0000,29.0000,30.0000,31,30,30,31,30,30,38,29,30,38,29,30,31,30,30,31,30,30,38,29,30,38,29,30,43.00,40.00,30.648,0.280,2.7976,sat down ~19:22Z from 45/46C
1859.95,2026-09-28T19:58:10Z,500,31.0000,30.0000,30.0000,31.0000,30.0000,30.0000,38.0000,29.0000,30.0000,38.0000,29.0000,30.0000,31,30,30,31,30,30,38,29,30,38,29,30,31,30,30,31,30,30,38,29,30,38,29,30,43.00,40.00,30.648,0.280,2.7976,sat down ~19:22Z from 45/46C
1860.95,2026-09-28T19:58:11Z,500,31.0000,30.0000,30.0000,31.0000,30.0000,30.0000,38.0000,29.0000,30.0000,38.0000,29.0000,30.0000,31,30,30,31,30,30,38,29,30,38,29,30,31,30,30,31,30,30,38,29,30,38,29,30,43.00,40.00,30.648,0.281,2.7976,sat down ~19:22Z from 45/46C
1861.95,2026-09-28T19:58:12Z,501,31.0000,30.0000,30.0000,31.0000,30.0000,30.0000,38.0000,29.0000,30.0000,38.0000,29.0000,30.0000,31,30,30,31,30,30,38,29,30,38,29,30,31,30,30,31,30,30,38,29,30,38,29,30,43.00,40.00,30.647,0.280,2.7976,sat down ~19:22Z from 45/46C
1862.95,2026-09-28T19:58:13Z,501,31.0000,30.0000,30.0000,31.0000,30.0000,30.0000,38.0000,29.0000,30.0000,38.0000,29.0000,30.0000,31,30,30,31,30,30,38,29,30,38,29,30,31,30,30,31,30,30,38,29,30,38,29,30,43.00,40.00,30.646,0.283,2.7976,sat down ~19:22Z from 45/46C
1863.95,2026-09-28T19:58:14Z,500,31.0000,30.0000,30.0000,31.0000,30.0000,30.0000,38.0000,29.0000,30.0000,38.0000,29.0000,30.0000,31,30,30,31,30,30,38,29,30,38,29,30,31,30,30,31,30,30,38,29,30,38,29,30,43.00,40.00,30.647,0.282,2.7976,sat down ~19:22Z from 45/46C
1864.95,2026-09-28T19:58:15Z,501,31.0000,30.0000,30.0000,31.0000,30.0000,30.0000,38.0000,29.0000,30.0000,38.0000,29.0000,30.0000,31,30,30,31,30,30,38,29,30,38,29,30,31,30,30,31,30,30,38,29,30,38,29,30,43.00,40.00,30.647,0.278,2.7976,sat down ~19:22Z from 45/46C
1865.95,2026-09-28T19:58:16Z,500,31.0000,30.0000,30.0000,31.0000,30.0000,30.0000,38.0000,29.0000,30.0000,38.0000,29.0000,30.0000,31,30,30,31,30,30,38,29,30,38,29,30,31,30,30,31,30,30,38,29,30,38,29,30,43.00,40.00,30.646,0.276,2.7976,sat down ~19:22Z from 45/46C
1866.95,2026-09-28T19:58:17Z,501,31.0000,30.0000,30.0000,31.0000,30.0000,30.0000,38.0000,29.0000,30.0000,38.0000,29.0000,30.0000,31,30,30,31,30,30,38,29,30,38,29,30,31,30,30,31,30,30,38,29,30,38,29,30,43.00,40.00,30.646,0.278,2.7976,sat down ~19:22Z from 45/46C
1867.95,2026-09-28T19:58:18Z,500,31.0000,30.0000,30.0000,31.0000,30.0000,30.0000,38.0000,29.0000,30.0000,38.0000,29.0000,30.0000,31,30,30,31,30,30,38,29,30,38,29,30,31,30,30,31,30,30,38,29,30,38,29,30,43.00,40.00,30.646,0.277,2.7976,sat down ~19:22Z from 45/46C
1868.95,2026-09-28T19:58:19Z,500,31.0000,30.0000,30.0000,31.0000,30.0000,30.0000,38.0000,29.0000,30.0000,38.0000,29.0000,30.0000,31,30,30,31,30,30,38,29,30,38,29,30,31,30,30,31,30,30,38,29,30,38,29,30,43.00,40.00,30.645,0.277,2.7976,sat down ~19:22Z from 45/46C
1869.95,2026-09-28T19:58:20Z,500,31.0000,30.0000,30.0000,31.0000,30.0000,30.0000,38.0000,29.0000,30.0000,38.0000,29.0000,30.0000,31,30,30,31,30,30,38,29,30,38,29,30,31,30,30,31,30,30,38,29,30,38,29,30,43.00,40.00,30.645,0.281,2.7976,sat down ~19:22Z from 45/46C
1870.95,2026-09-28T19:58:21Z,500,31.0000,30.0000,30.0000,31.0000,30.0000,30.0000,38.0000,29.0000,30.0000,38.0000,29.0000,30.0000,31,30,30,31,30,30,38,29,30,38,29,30,31,30,30,31,30,30,38,29,30,38,29,30,43.00,40.00,30.645,0.278,2.7976,sat down ~19:22Z from 45/46C
1871.96,2026-09-28T19:58:22Z,501,31.0000,30.0000,30.0000,31.0000,30.0000,30.0000,38.0000,29.0000,30.0000,38.0000,29.0000,30.0000,31,30,30,31,30,30,38,29,30,38,29,30,31,30,30,31,30,30,38,29,30,38,29,30,43.00,40.00,30.645,0.277,2.7976,sat down ~19:22Z from 45/46C
1872.96,2026-09-28T19:58:23Z,501,31.0000,30.0000,30.0000,31.0000,30.0000,30.0000,38.0000,29.0000,30.0000,38.0000,29.0000,30.0000,31,30,30,31,30,30,38,29,30,38,29,30,31,30,30,31,30,30,38,29,30,38,29,30,43.00,40.00,30.645,0.275,2.7976,sat down ~19:22Z from 45/46C
1873.96,2026-09-28T19:58:24Z,500,31.0000,30.0000,30.0000,31.0000,30.0000,30.0000,38.0000,29.0000,30.0000,38.0000,29.0000,30.0000,31,30,30,31,30,30,38,29,30,38,29,30,31,30,30,31,30,30,38,29,30,38,29,30,43.00,40.00,30.644,0.281,2.7976,sat down ~19:22Z from 45/46C
1874.96,2026-09-28T19:58:25Z,500,31.0000,30.0000,30.0000,31.0000,30.0000,30.0000,38.0000,29.0000,30.0000,38.0000,29.0000,30.0000,31,30,30,31,30,30,38,29,30,38,29,30,31,30,30,31,30,30,38,29,30,38,29,30,43.00,40.00,30.644,0.280,2.7976,sat down ~19:22Z from 45/46C
1875.96,2026-09-28T19:58:26Z,500,31.0000,30.0000,30.0000,31.0000,30.0000,30.0000,38.0000,29.0000,30.0000,38.0000,29.0000,30.0000,31,30,30,31,30,30,38,29,30,38,29,30,31,30,30,31,30,30,38,29,30,38,29,30,43.00,40.00,30.644,0.276,2.7976,sat down ~19:22Z from 45/46C
1876.96,2026-09-28T19:58:27Z,499,31.0000,30.0000,30.0000,31.0000,30.0000,30.0000,38.0000,29.0000,30.0000,38.0000,29.0000,30.0000,31,30,30,31,30,30,38,29,30,38,29,30,31,30,30,31,30,30,38,29,30,38,29,30,43.00,40.00,30.644,0.279,2.7976,sat down ~19:22Z from 45/46C
1877.96,2026-09-28T19:58:28Z,500,31.0000,30.0000,30.0000,31.0000,30.0000,30.0000,38.0000,29.0000,30.0000,38.0000,29.0000,30.0000,31,30,30,31,30,30,38,29,30,38,29,30,31,30,30,31,30,30,38,29,30,38,29,30,43.00,40.00,30.644,0.277,2.7976,sat down ~19:22Z from 45/46C
1878.96,2026-09-28T19:58:29Z,500,31.0000,30.0000,30.0000,31.0000,30.0000,30.0000,38.0000,29.0000,30.0000,38.0000,29.0000,30.0000,31,30,30,31,30,30,38,29,30,38,29,30,31,30,30,31,30,30,38,29,30,38,29,30,43.00,40.00,30.643,0.276,2.7976,sat down ~19:22Z from 45/46C
1879.96,2026-09-28T19:58:30Z,500,31.0000,30.0000,30.0000,31.0000,30.0000,30.0000,38.0000,29.0000,30.0000,38.0000,29.0000,30.0000,31,30,30,31,30,30,38,29,30,38,29,30,31,30,30,31,30,30,38,29,30,38,29,30,43.00,40.00,30.643,0.279,2.7976,sat down ~19:22Z from 45/46C
1880.96,2026-09-28T19:58:31Z,499,31.0000,30.0000,30.0000,31.0000,30.0000,30.0000,38.0000,29.0000,30.0000,38.0000,29.0000,30.0000,31,30,30,31,30,30,38,29,30,38,29,30,31,30,30,31,30,30,38,29,30,38,29,30,43.00,40.00,30.642,0.279,2.7976,sat down ~19:22Z from 45/46C
1881.97,2026-09-28T19:58:32Z,500,31.0000,30.0000,30.0000,31.0000,30.0000,30.0000,38.0000,29.0000,30.0000,38.0000,29.0000,30.0000,31,30,30,31,30,30,38,29,30,38,29,30,31,30,30,31,30,30,38,29,30,38,29,30,43.00,40.00,30.642,0.278,2.7976,sat down ~19:22Z from 45/46C
1882.97,2026-09-28T19:58:33Z,501,31.0000,30.0000,30.0000,31.0000,30.0000,30.0000,38.0000,29.0000,30.0000,38.0000,29.0000,30.0000,31,30,30,31,30,30,38,29,30,38,29,30,31,30,30,31,30,30,38,29,30,38,29,30,43.00,40.00,30.642,0.281,2.7976,sat down ~19:22Z from 45/46C
1883.97,2026-09-28T19:58:34Z,500,31.0000,30.0000,30.0000,31.0000,30.0000,30.0000,38.0000,29.0000,30.0000,38.0000,29.0000,30.0000,31,30,30,31,30,30,38,29,30,38,29,30,31,30,30,31,30,30,38,29,30,38,29,30,43.00,40.00,30.642,0.277,2.7976,sat down ~19:22Z from 45/46C
1884.97,2026-09-28T19:58:35Z,500,31.0000,30.0000,30.0000,31.0000,30.0000,30.0000,38.0000,29.0000,30.0000,38.0000,29.0000,30.0000,31,30,30,31,30,30,38,29,30,38,29,30,31,30,30,31,30,30,38,29,30,38,29,30,43.00,40.00,30.642,0.279,2.7976,sat down ~19:22Z from 45/46C
1885.97,2026-09-28T19:58:36Z,501,31.0000,30.0000,30.0000,31.0000,30.0000,30.0000,38.0000,29.0000,30.0000,38.0000,29.0000,30.0000,31,30,30,31,30,30,38,29,30,38,29,30,31,30,30,31,30,30,38,29,30,38,29,30,43.00,40.00,30.642,0.278,2.7976,sat down ~19:22Z from 45/46C
1886.97,2026-09-28T19:58:37Z,500,31.0000,30.0000,30.0000,31.0000,30.0000,30.0000,38.0000,29.0000,30.0000,38.0000,29.0000,30.0000,31,30,30,31,30,30,38,29,30,38,29,30,31,30,30,31,30,30,38,29,30,38,29,30,43.00,40.00,30.641,0.278,2.7976,sat down ~19:22Z from 45/46C
1887.97,2026-09-28T19:58:38Z,501,31.0000,30.0000,30.0000,31.0000,30.0000,30.0000,38.0000,29.0000,30.0000,38.0000,29.0000,30.0000,31,30,30,31,30,30,38,29,30,38,29,30,31,30,30,31,30,30,38,29,30,38,29,30,43.00,40.00,30.641,0.278,2.7976,sat down ~19:22Z from 45/46C
1888.97,2026-09-28T19:58:39Z,500,31.0000,30.0000,30.0000,31.0000,30.0000,30.0000,38.0000,29.0000,30.0000,38.0000,29.0000,30.0000,31,30,30,31,30,30,38,29,30,38,29,30,31,30,30,31,30,30,38,29,30,38,29,30,43.00,40.00,30.641,0.276,2.7976,sat down ~19:22Z from 45/46C
1889.97,2026-09-28T19:58:40Z,501,31.0000,30.0000,30.0000,31.0000,30.0000,30.0000,38.0000,29.0000,30.0000,38.0000,29.0000,30.0000,31,30,30,31,30,30,38,29,30,38,29,30,31,30,30,31,30,30,38,29,30,38,29,30,43.00,40.00,30.640,0.280,2.7976,sat down ~19:22Z from 45/46C
1890.97,2026-09-28T19:58:41Z,500,31.0000,30.0000,30.0000,31.0000,30.0000,30.0000,38.0000,29.0000,30.0000,38.0000,29.0000,30.0000,31,30,30,31,30,30,38,29,30,38,29,30,31,30,30,31,30,30,38,29,30,38,29,30,43.00,40.00,30.640,0.282,2.7976,sat down ~19:22Z from 45/46C
1891.98,2026-09-28T19:58:42Z,501,31.0000,30.0000,30.0000,31.0000,30.0000,30.0000,38.0000,29.0000,30.0000,38.0000,29.0000,30.0000,31,30,30,31,30,30,38,29,30,38,29,30,31,30,30,31,30,30,38,29,30,38,29,30,43.00,40.00,30.640,0.280,2.7976,sat down ~19:22Z from 45/46C
1892.98,2026-09-28T19:58:43Z,500,31.0000,30.0000,30.0000,31.0000,30.0000,30.0000,38.0000,29.0000,30.0000,38.0000,29.0000,30.0000,31,30,30,31,30,30,38,29,30,38,29,30,31,30,30,31,30,30,38,29,30,38,29,30,43.00,40.00,30.639,0.275,2.7976,sat down ~19:22Z from 45/46C
1893.98,2026-09-28T19:58:44Z,500,31.0000,30.0000,30.0000,31.0000,30.0000,30.0000,38.0000,29.0000,30.0000,38.0000,29.0000,30.0000,31,30,30,31,30,30,38,29,30,38,29,30,31,30,30,31,30,30,38,29,30,38,29,30,43.00,40.00,30.639,0.278,2.7976,sat down ~19:22Z from 45/46C
1894.98,2026-09-28T19:58:45Z,501,31.0000,30.0000,30.0000,31.0000,30.0000,30.0000,38.0000,29.0000,30.0000,38.0000,29.0000,30.0000,31,30,30,31,30,30,38,29,30,38,29,30,31,30,30,31,30,30,38,29,30,38,29,30,43.00,40.00,30.639,0.283,2.7976,sat down ~19:22Z from 45/46C
1895.98,2026-09-28T19:58:46Z,500,31.0000,30.0000,30.0000,31.0000,30.0000,30.0000,38.0000,29.0000,30.0000,38.0000,29.0000,30.0000,31,30,30,31,30,30,38,29,30,38,29,30,31,30,30,31,30,30,38,29,30,38,29,30,43.00,40.00,30.639,0.279,2.7976,sat down ~19:22Z from 45/46C
1896.98,2026-09-28T19:58:47Z,499,31.0000,30.0000,30.0000,31.0000,30.0000,30.0000,38.0000,29.0000,30.0000,38.0000,29.0000,30.0000,31,30,30,31,30,30,38,29,30,38,29,30,31,30,30,31,30,30,38,29,30,38,29,30,43.00,40.00,30.639,0.278,2.7976,sat down ~19:22Z from 45/46C
1897.98,2026-09-28T19:58:48Z,501,31.0000,30.0000,30.0000,31.0000,30.0000,30.0000,38.0000,29.0000,30.0000,38.0000,29.0000,30.0000,31,30,30,31,30,30,38,29,30,38,29,30,31,30,30,31,30,30,38,29,30,38,29,30,43.00,40.00,30.639,0.281,2.7976,sat down ~19:22Z from 45/46C
1898.98,2026-09-28T19:58:49Z,500,31.0000,30.0000,30.0000,31.0000,30.0000,30.0000,38.0000,29.0000,30.0000,38.0000,29.0000,30.0000,31,30,30,31,30,30,38,29,30,38,29,30,31,30,30,31,30,30,38,29,30,38,29,30,43.00,40.00,30.639,0.278,2.7976,sat down ~19:22Z from 45/46C
1899.98,2026-09-28T19:58:50Z,500,31.0000,30.0000,30.0000,31.0000,30.0000,30.0000,38.0000,29.0000,30.0000,38.0000,29.0000,30.0000,31,30,30,31,30,30,38,29,30,38,29,30,31,30,30,31,30,30,38,29,30,38,29,30,43.00,40.00,30.638,0.277,2.7976,sat down ~19:22Z from 45/46C
1900.98,2026-09-28T19:58:51Z,501,31.0000,30.0000,30.0000,31.0000,30.0000,30.0000,38.0000,29.0000,30.0000,38.0000,29.0000,30.0000,31,30,30,31,30,30,38,29,30,38,29,30,31,30,30,31,30,30,38,29,30,38,29,30,43.00,40.00,30.638,0.278,2.7976,sat down ~19:22Z from 45/46C
1901.98,2026-09-28T19:58:52Z,500,31.0000,30.0000,30.0000,31.0000,30.0000,30.0000,38.0000,29.0000,30.0000,38.0000,29.0000,30.0000,31,30,30,31,30,30,38,29,30,38,29,30,31,30,30,31,30,30,38,29,30,38,29,30,43.00,40.00,30.637,0.279,2.7976,sat down ~19:22Z from 45/46C
1902.98,2026-09-28T19:58:53Z,500,31.0000,30.0000,30.0000,31.0000,30.0000,30.0000,38.0000,29.0000,30.0000,38.0000,29.0000,30.0000,31,30,30,31,30,30,38,29,30,38,29,30,31,30,30,31,30,30,38,29,30,38,29,30,43.00,40.00,30.637,0.277,2.7976,sat down ~19:22Z from 45/46C
1903.98,2026-09-28T19:58:54Z,501,31.0000,30.0000,30.0000,31.0000,30.0000,30.0000,38.0000,29.0000,30.0000,38.0000,29.0000,30.0000,31,30,30,31,30,30,38,29,30,38,29,30,31,30,30,31,30,30,38,29,30,38,29,30,43.00,40.00,30.637,0.280,2.7976,sat down ~19:22Z from 45/46C
1904.99,2026-09-28T19:58:55Z,501,31.0000,30.0000,30.0000,31.0000,30.0000,30.0000,38.0000,29.0000,30.0000,38.0000,29.0000,30.0000,31,30,30,31,30,30,38,29,30,38,29,30,31,30,30,31,30,30,38,29,30,38,29,30,43.00,40.00,30.637,0.278,2.7976,sat down ~19:22Z from 45/46C
1905.99,2026-09-28T19:58:56Z,501,31.0000,30.0000,30.0000,31.0000,30.0000,30.0000,38.0000,29.0000,30.0000,38.0000,29.0000,30.0000,31,30,30,31,30,30,38,29,30,38,29,30,31,30,30,31,30,30,38,29,30,38,29,30,43.00,40.00,30.636,0.278,2.7976,sat down ~19:22Z from 45/46C
1906.99,2026-09-28T19:58:57Z,500,31.0000,30.0000,30.0000,31.0000,30.0000,30.0000,38.0000,29.0000,30.0000,38.0000,29.0000,30.0000,31,30,30,31,30,30,38,29,30,38,29,30,31,30,30,31,30,30,38,29,30,38,29,30,43.00,40.00,30.637,0.278,2.7976,sat down ~19:22Z from 45/46C
1907.99,2026-09-28T19:58:58Z,497,31.0000,30.0000,30.0000,31.0000,30.0000,30.0000,38.0000,29.0000,30.0000,38.0000,29.0000,30.0000,31,30,30,31,30,30,38,29,30,38,29,30,31,30,30,31,30,30,38,29,30,38,29,30,43.00,40.00,30.636,0.277,2.7976,sat down ~19:22Z from 45/46C
1908.99,2026-09-28T19:58:59Z,501,31.0000,30.0000,30.0000,31.0000,30.0000,30.0000,38.0000,29.0000,30.0000,38.0000,29.0000,30.0000,31,30,30,31,30,30,38,29,30,38,29,30,31,30,30,31,30,30,38,29,30,38,29,30,43.00,40.00,30.636,0.281,2.7976,sat down ~19:22Z from 45/46C
1909.99,2026-09-28T19:59:00Z,500,31.0000,30.0000,30.0000,31.0000,30.0000,30.0000,38.0000,29.0000,30.0000,38.0000,29.0000,30.0000,31,30,30,31,30,30,38,29,30,38,29,30,31,30,30,31,30,30,38,29,30,38,29,30,43.00,40.00,30.636,0.279,2.7976,sat down ~19:22Z from 45/46C
1910.99,2026-09-28T19:59:01Z,500,31.0000,30.0000,30.0000,31.0000,30.0000,30.0000,38.0000,29.0000,30.0000,38.0000,29.0000,30.0000,31,30,30,31,30,30,38,29,30,38,29,30,31,30,30,31,30,30,38,29,30,38,29,30,43.00,40.00,30.636,0.282,2.7976,sat down ~19:22Z from 45/46C
1911.99,2026-09-28T19:59:02Z,501,31.0000,30.0000,30.0000,31.0000,30.0000,30.0000,38.0000,29.0000,30.0000,38.0000,29.0000,30.0000,31,30,30,31,30,30,38,29,30,38,29,30,31,30,30,31,30,30,38,29,30,38,29,30,43.00,40.00,30.635,0.280,2.7976,sat down ~19:22Z from 45/46C
1912.99,2026-09-28T19:59:04Z,501,31.0000,30.0000,30.0000,31.0000,30.0000,30.0000,38.0000,29.0000,30.0000,38.0000,29.0000,30.0000,31,30,30,31,30,30,38,29,30,38,29,30,31,30,30,31,30,30,38,29,30,38,29,30,43.00,40.00,30.635,0.280,2.7976,sat down ~19:22Z from 45/46C
1913.99,2026-09-28T19:59:05Z,500,31.0000,30.0000,30.0000,31.0000,30.0000,30.0000,38.0000,29.0000,30.0000,38.0000,29.0000,30.0000,31,30,30,31,30,30,38,29,30,38,29,30,31,30,30,31,30,30,38,29,30,38,29,30,43.00,40.00,30.635,0.283,2.7976,sat down ~19:22Z from 45/46C
1914.99,2026-09-28T19:59:06Z,500,31.0000,30.0000,30.0000,31.0000,30.0000,30.0000,38.0000,29.0000,30.0000,38.0000,29.0000,30.0000,31,30,30,31,30,30,38,29,30,38,29,30,31,30,30,31,30,30,38,29,30,38,29,30,43.00,40.00,30.635,0.280,2.7976,sat down ~19:22Z from 45/46C
1915.99,2026-09-28T19:59:07Z,500,31.0000,30.0000,30.0000,31.0000,30.0000,30.0000,38.0000,29.0000,30.0000,38.0000,29.0000,30.0000,31,30,30,31,30,30,38,29,30,38,29,30,31,30,30,31,30,30,38,29,30,38,29,30,43.00,40.00,30.634,0.281,2.7976,sat down ~19:22Z from 45/46C
1917.00,2026-09-28T19:59:08Z,501,31.0000,30.0000,30.0000,31.0000,30.0000,30.0000,38.0000,29.0000,30.0000,38.0000,29.0000,30.0000,31,30,30,31,30,30,38,29,30,38,29,30,31,30,30,31,30,30,38,29,30,38,29,30,43.00,40.00,30.634,0.283,2.7976,sat down ~19:22Z from 45/46C
1918.00,2026-09-28T19:59:09Z,500,31.0000,30.0000,30.0000,31.0000,30.0000,30.0000,38.0000,29.0000,30.0000,38.0000,29.0000,30.0000,31,30,30,31,30,30,38,29,30,38,29,30,31,30,30,31,30,30,38,29,30,38,29,30,43.00,40.00,30.634,0.280,2.7976,sat down ~19:22Z from 45/46C
1919.00,2026-09-28T19:59:10Z,501,31.0000,30.0000,30.0000,31.0000,30.0000,30.0000,38.0000,29.0000,30.0000,38.0000,29.0000,30.0000,31,30,30,31,30,30,38,29,30,38,29,30,31,30,30,31,30,30,38,29,30,38,29,30,43.00,40.00,30.634,0.282,2.7976,sat down ~19:22Z from 45/46C
1920.00,2026-09-28T19:59:11Z,500,31.0000,30.0000,30.0000,31.0000,30.0000,30.0000,38.0000,29.0000,30.0000,38.0000,29.0000,30.0000,31,30,30,31,30,30,38,29,30,38,29,30,31,30,30,31,30,30,38,29,30,38,29,30,43.00,40.00,30.634,0.281,2.7976,sat down ~19:22Z from 45/46C
1921.00,2026-09-28T19:59:12Z,501,31.0000,30.0000,30.0000,31.0000,30.0000,30.0000,38.0000,29.0000,30.0000,38.0000,29.0000,30.0000,31,30,30,31,30,30,38,29,30,38,29,30,31,30,30,31,30,30,38,29,30,38,29,30,43.00,40.00,30.634,0.280,2.7976,sat down ~19:22Z from 45/46C
1922.00,2026-09-28T19:59:13Z,501,31.0000,30.0000,30.0000,31.0000,30.0000,30.0000,38.0000,29.0000,30.0000,38.0000,29.0000,30.0000,31,30,30,31,30,30,38,29,30,38,29,30,31,30,30,31,30,30,38,29,30,38,29,30,43.00,40.00,30.633,0.281,2.7976,sat down ~19:22Z from 45/46C
1923.00,2026-09-28T19:59:14Z,500,31.0000,30.0000,30.0000,31.0000,30.0000,30.0000,38.0000,29.0000,30.0000,38.0000,29.0000,30.0000,31,30,30,31,30,30,38,29,30,38,29,30,31,30,30,31,30,30,38,29,30,38,29,30,43.00,40.00,30.633,0.280,2.7976,sat down ~19:22Z from 45/46C
1924.01,2026-09-28T19:59:15Z,501,31.0000,30.0000,30.0000,31.0000,30.0000,30.0000,38.0000,29.0000,30.0000,38.0000,29.0000,30.0000,31,30,30,31,30,30,38,29,30,38,29,30,31,30,30,31,30,30,38,29,30,38,29,30,43.00,40.00,30.633,0.281,2.7976,sat down ~19:22Z from 45/46C
1925.01,2026-09-28T19:59:16Z,500,31.0000,30.0000,30.0000,31.0000,30.0000,30.0000,38.0000,29.0000,30.0000,38.0000,29.0000,30.0000,31,30,30,31,30,30,38,29,30,38,29,30,31,30,30,31,30,30,38,29,30,38,29,30,43.00,40.00,30.632,0.284,2.7976,sat down ~19:22Z from 45/46C
1926.01,2026-09-28T19:59:17Z,501,31.0000,30.0000,30.0000,31.0000,30.0000,30.0000,38.0000,29.0000,30.0000,38.0000,29.0000,30.0000,31,30,30,31,30,30,38,29,30,38,29,30,31,30,30,31,30,30,38,29,30,38,29,30,43.00,40.00,30.632,0.283,2.7976,sat down ~19:22Z from 45/46C
1927.01,2026-09-28T19:59:18Z,500,31.0000,30.0000,30.0000,31.0000,30.0000,30.0000,38.0000,29.0000,30.0000,38.0000,29.0000,30.0000,31,30,30,31,30,30,38,29,30,38,29,30,31,30,30,31,30,30,38,29,30,38,29,30,43.00,40.00,30.632,0.284,2.7976,sat down ~19:22Z from 45/46C
1928.01,2026-09-28T19:59:19Z,500,31.0000,30.0000,30.0000,31.0000,30.0000,30.0000,38.0000,29.0000,30.0000,38.0000,29.0000,30.0000,31,30,30,31,30,30,38,29,30,38,29,30,31,30,30,31,30,30,38,29,30,38,29,30,43.00,40.00,30.632,0.284,2.7976,sat down ~19:22Z from 45/46C
1929.01,2026-09-28T19:59:20Z,501,31.0000,30.0000,30.0000,31.0000,30.0000,30.0000,38.0000,29.0000,30.0000,38.0000,29.0000,30.0000,31,30,30,31,30,30,38,29,30,38,29,30,31,30,30,31,30,30,38,29,30,38,29,30,43.00,40.00,30.632,0.284,2.7976,sat down ~19:22Z from 45/46C
1930.01,2026-09-28T19:59:21Z,501,31.0000,30.0000,30.0000,31.0000,30.0000,30.0000,38.0000,29.0000,30.0000,38.0000,29.0000,30.0000,31,30,30,31,30,30,38,29,30,38,29,30,31,30,30,31,30,30,38,29,30,38,29,30,43.00,40.00,30.632,0.285,2.7976,sat down ~19:22Z from 45/46C
1931.01,2026-09-28T19:59:22Z,500,31.0000,30.0000,30.0000,31.0000,30.0000,30.0000,38.0000,29.0000,30.0000,38.0000,29.0000,30.0000,31,30,30,31,30,30,38,29,30,38,29,30,31,30,30,31,30,30,38,29,30,38,29,30,43.00,40.00,30.632,0.281,2.7976,sat down ~19:22Z from 45/46C
1932.01,2026-09-28T19:59:23Z,500,31.0000,30.0000,30.0000,31.0000,30.0000,30.0000,38.0000,29.0000,30.0000,38.0000,29.0000,30.0000,31,30,30,31,30,30,38,29,30,38,29,30,31,30,30,31,30,30,38,29,30,38,29,30,43.00,40.00,30.631,0.282,2.7976,sat down ~19:22Z from 45/46C
1933.01,2026-09-28T19:59:24Z,501,31.0000,30.0000,30.0000,31.0000,30.0000,30.0000,38.0000,29.0000,30.0000,38.0000,29.0000,30.0000,31,30,30,31,30,30,38,29,30,38,29,30,31,30,30,31,30,30,38,29,30,38,29,30,43.00,40.00,30.631,0.282,2.7976,sat down ~19:22Z from 45/46C
1934.01,2026-09-28T19:59:25Z,500,31.0000,30.0000,30.0000,31.0000,30.0000,30.0000,38.0000,29.0000,30.0000,38.0000,29.0000,30.0000,31,30,30,31,30,30,38,29,30,38,29,30,31,30,30,31,30,30,38,29,30,38,29,30,43.00,40.00,30.630,0.283,2.7976,sat down ~19:22Z from 45/46C
1935.02,2026-09-28T19:59:26Z,501,31.0000,30.0000,30.0000,31.0000,30.0000,30.0000,38.0000,29.0000,30.0000,38.0000,29.0000,30.0000,31,30,30,31,30,30,38,29,30,38,29,30,31,30,30,31,30,30,38,29,30,38,29,30,43.00,40.00,30.630,0.280,2.7976,sat down ~19:22Z from 45/46C
1936.02,2026-09-28T19:59:27Z,500,31.0000,30.0000,30.0000,31.0000,30.0000,30.0000,38.0000,29.0000,30.0000,38.0000,29.0000,30.0000,31,30,30,31,30,30,38,29,30,38,29,30,31,30,30,31,30,30,38,29,30,38,29,30,43.00,40.00,30.630,0.282,2.7976,sat down ~19:22Z from 45/46C
1937.02,2026-09-28T19:59:28Z,501,31.0000,30.0000,30.0000,31.0000,30.0000,30.0000,38.0000,29.0000,30.0000,38.0000,29.0000,30.0000,31,30,30,31,30,30,38,29,30,38,29,30,31,30,30,31,30,30,38,29,30,38,29,30,43.00,40.00,30.630,0.282,2.7976,sat down ~19:22Z from 45/46C
1938.02,2026-09-28T19:59:29Z,500,31.0000,30.0000,30.0000,31.0000,30.0000,30.0000,38.0000,29.0000,30.0000,38.0000,29.0000,30.0000,31,30,30,31,30,30,38,29,30,38,29,30,31,30,30,31,30,30,38,29,30,38,29,30,43.00,40.00,30.630,0.282,2.7976,sat down ~19:22Z from 45/46C
1939.02,2026-09-28T19:59:30Z,501,31.0000,30.0000,30.0000,31.0000,30.0000,30.0000,38.0000,29.0000,30.0000,38.0000,29.0000,30.0000,31,30,30,31,30,30,38,29,30,38,29,30,31,30,30,31,30,30,38,29,30,38,29,30,43.00,40.00,30.630,0.282,2.7976,sat down ~19:22Z from 45/46C
1940.02,2026-09-28T19:59:31Z,500,31.0000,30.0000,30.0000,31.0000,30.0000,30.0000,38.0000,29.0000,30.0000,38.0000,29.0000,30.0000,31,30,30,31,30,30,38,29,30,38,29,30,31,30,30,31,30,30,38,29,30,38,29,30,43.00,40.00,30.630,0.280,2.7976,sat down ~19:22Z from 45/46C
1941.02,2026-09-28T19:59:32Z,500,31.0000,30.0000,30.0000,31.0000,30.0000,30.0000,38.0000,29.0000,30.0000,38.0000,29.0000,30.0000,31,30,30,31,30,30,38,29,30,38,29,30,31,30,30,31,30,30,38,29,30,38,29,30,43.00,40.00,30.629,0.279,2.7976,sat down ~19:22Z from 45/46C
1942.02,2026-09-28T19:59:33Z,501,31.0000,30.0000,30.0000,31.0000,30.0000,30.0000,38.0000,29.0000,30.0000,38.0000,29.0000,30.0000,31,30,30,31,30,30,38,29,30,38,29,30,31,30,30,31,30,30,38,29,30,38,29,30,43.00,40.00,30.628,0.278,2.7976,sat down ~19:22Z from 45/46C
1943.02,2026-09-28T19:59:34Z,499,31.0000,30.0000,30.0000,31.0000,30.0000,30.0000,38.0000,29.0000,30.0000,38.0000,29.0000,30.0000,31,30,30,31,30,30,38,29,30,38,29,30,31,30,30,31,30,30,38,29,30,38,29,30,43.00,40.00,30.629,0.280,2.7976,sat down ~19:22Z from 45/46C
1944.02,2026-09-28T19:59:35Z,500,31.0000,30.0000,30.0000,31.0000,30.0000,30.0000,38.0000,29.0000,30.0000,38.0000,29.0000,30.0000,31,30,30,31,30,30,38,29,30,38,29,30,31,30,30,31,30,30,38,29,30,38,29,30,43.00,40.00,30.628,0.279,2.7976,sat down ~19:22Z from 45/46C
1945.02,2026-09-28T19:59:36Z,500,31.0000,30.0000,30.0000,31.0000,30.0000,30.0000,38.0000,29.0000,30.0000,38.0000,29.0000,30.0000,31,30,30,31,30,30,38,29,30,38,29,30,31,30,30,31,30,30,38,29,30,38,29,30,43.00,40.00,30.628,0.283,2.7976,sat down ~19:22Z from 45/46C
1946.02,2026-09-28T19:59:37Z,501,31.0000,30.0000,30.0000,31.0000,30.0000,30.0000,38.0000,29.0000,30.0000,38.0000,29.0000,30.0000,31,30,30,31,30,30,38,29,30,38,29,30,31,30,30,31,30,30,38,29,30,38,29,30,43.00,40.00,30.627,0.280,2.7976,sat down ~19:22Z from 45/46C
1947.03,2026-09-28T19:59:38Z,500,31.0000,30.0000,30.0000,31.0000,30.0000,30.0000,38.0000,29.0000,30.0000,38.0000,29.0000,30.0000,31,30,30,31,30,30,38,29,30,38,29,30,31,30,30,31,30,30,38,29,30,38,29,30,43.00,40.00,30.627,0.282,2.7976,sat down ~19:22Z from 45/46C
1948.03,2026-09-28T19:59:39Z,500,31.0000,30.0000,30.0000,31.0000,30.0000,30.0000,38.0000,29.0000,30.0000,38.0000,29.0000,30.0000,31,30,30,31,30,30,38,29,30,38,29,30,31,30,30,31,30,30,38,29,30,38,29,30,43.00,40.00,30.627,0.279,2.7976,sat down ~19:22Z from 45/46C
1949.03,2026-09-28T19:59:40Z,501,31.0000,30.0000,30.0000,31.0000,30.0000,30.0000,38.0000,29.0000,30.0000,38.0000,29.0000,30.0000,31,30,30,31,30,30,38,29,30,38,29,30,31,30,30,31,30,30,38,29,30,38,29,30,43.00,40.00,30.626,0.278,2.7976,sat down ~19:22Z from 45/46C
1950.03,2026-09-28T19:59:41Z,501,31.0000,30.0000,30.0000,31.0000,30.0000,30.0000,38.0000,29.0000,30.0000,38.0000,29.0000,30.0000,31,30,30,31,30,30,38,29,30,38,29,30,31,30,30,31,30,30,38,29,30,38,29,30,43.00,40.00,30.626,0.277,2.7976,sat down ~19:22Z from 45/46C
1951.03,2026-09-28T19:59:42Z,501,31.0000,30.0000,30.0000,31.0000,30.0000,30.0000,38.0000,29.0000,30.0000,38.0000,29.0000,30.0000,31,30,30,31,30,30,38,29,30,38,29,30,31,30,30,31,30,30,38,29,30,38,29,30,43.00,40.00,30.626,0.280,2.7976,sat down ~19:22Z from 45/46C
1952.03,2026-09-28T19:59:43Z,501,31.0000,30.0000,30.0000,31.0000,30.0000,30.0000,38.0000,29.0000,30.0000,38.0000,29.0000,30.0000,31,30,30,31,30,30,38,29,30,38,29,30,31,30,30,31,30,30,38,29,30,38,29,30,43.00,40.00,30.627,0.279,2.7976,sat down ~19:22Z from 45/46C
1953.03,2026-09-28T19:59:44Z,500,31.0000,30.0000,30.0000,31.0000,30.0000,30.0000,38.0000,29.0000,30.0000,38.0000,29.0000,30.0000,31,30,30,31,30,30,38,29,30,38,29,30,31,30,30,31,30,30,38,29,30,38,29,30,43.00,40.00,30.626,0.279,2.7976,sat down ~19:22Z from 45/46C
1954.03,2026-09-28T19:59:45Z,499,31.0000,30.0000,30.0000,31.0000,30.0000,30.0000,38.0000,29.0000,30.0000,38.0000,29.0000,30.0000,31,30,30,31,30,30,38,29,30,38,29,30,31,30,30,31,30,30,38,29,30,38,29,30,43.00,40.00,30.626,0.278,2.7976,sat down ~19:22Z from 45/46C
1955.03,2026-09-28T19:59:46Z,500,31.0000,30.0000,30.0000,31.0000,30.0000,30.0000,38.0000,29.0000,30.0000,38.0000,29.0000,30.0000,31,30,30,31,30,30,38,29,30,38,29,30,31,30,30,31,30,30,38,29,30,38,29,30,43.00,40.00,30.625,0.278,2.7976,sat down ~19:22Z from 45/46C
1956.04,2026-09-28T19:59:47Z,501,31.0000,30.0000,30.0000,31.0000,30.0000,30.0000,38.0000,29.0000,30.0000,38.0000,29.0000,30.0000,31,30,30,31,30,30,38,29,30,38,29,30,31,30,30,31,30,30,38,29,30,38,29,30,43.00,40.00,30.625,0.275,2.7976,sat down ~19:22Z from 45/46C
1957.04,2026-09-28T19:59:48Z,500,31.0000,30.0000,30.0000,31.0000,30.0000,30.0000,38.0000,29.0000,30.0000,38.0000,29.0000,30.0000,31,30,30,31,30,30,38,29,30,38,29,30,31,30,30,31,30,30,38,29,30,38,29,30,43.00,40.00,30.625,0.279,2.7976,sat down ~19:22Z from 45/46C
1958.04,2026-09-28T19:59:49Z,501,31.0000,30.0000,30.0000,31.0000,30.0000,30.0000,38.0000,29.0000,30.0000,38.0000,29.0000,30.0000,31,30,30,31,30,30,38,29,30,38,29,30,31,30,30,31,30,30,38,29,30,38,29,30,43.00,40.00,30.625,0.279,2.7976,sat down ~19:22Z from 45/46C
1959.04,2026-09-28T19:59:50Z,500,31.0000,30.0000,30.0000,31.0000,30.0000,30.0000,38.0000,29.0000,30.0000,38.0000,29.0000,30.0000,31,30,30,31,30,30,38,29,30,38,29,30,31,30,30,31,30,30,38,29,30,38,29,30,43.00,40.00,30.625,0.281,2.7976,sat down ~19:22Z from 45/46C
1960.04,2026-09-28T19:59:51Z,501,31.0000,30.0000,30.0000,31.0000,30.0000,30.0000,38.0000,29.0000,30.0000,38.0000,29.0000,30.0000,31,30,30,31,30,30,38,29,30,38,29,30,31,30,30,31,30,30,38,29,30,38,29,30,43.00,40.00,30.624,0.278,2.7976,sat down ~19:22Z from 45/46C
1961.04,2026-09-28T19:59:52Z,500,31.0000,30.0000,30.0000,31.0000,30.0000,30.0000,38.0000,29.0000,30.0000,38.0000,29.0000,30.0000,31,30,30,31,30,30,38,29,30,38,29,30,31,30,30,31,30,30,38,29,30,38,29,30,43.00,40.00,30.624,0.283,2.7976,sat down ~19:22Z from 45/46C
1962.04,2026-09-28T19:59:53Z,501,31.0000,30.0000,30.0000,31.0000,30.0000,30.0000,38.0000,29.0000,30.0000,38.0000,29.0000,30.0000,31,30,30,31,30,30,38,29,30,38,29,30,31,30,30,31,30,30,38,29,30,38,29,30,43.00,40.00,30.624,0.282,2.7976,sat down ~19:22Z from 45/46C
1963.04,2026-09-28T19:59:54Z,501,31.0000,30.0000,30.0000,31.0000,30.0000,30.0000,38.0000,29.0000,30.0000,38.0000,29.0000,30.0000,31,30,30,31,30,30,38,29,30,38,29,30,31,30,30,31,30,30,38,29,30,38,29,30,43.00,40.00,30.624,0.279,2.7976,sat down ~19:22Z from 45/46C
1964.04,2026-09-28T19:59:55Z,500,31.0000,30.0000,30.0000,31.0000,30.0000,30.0000,38.0000,29.0000,30.0000,38.0000,29.0000,30.0000,31,30,30,31,30,30,38,29,30,38,29,30,31,30,30,31,30,30,38,29,30,38,29,30,43.00,40.00,30.624,0.282,2.7976,sat down ~19:22Z from 45/46C
1965.05,2026-09-28T19:59:56Z,499,31.0000,30.0000,30.0000,31.0000,30.0000,30.0000,38.0000,29.0000,30.0000,38.0000,29.0000,30.0000,31,30,30,31,30,30,38,29,30,38,29,30,31,30,30,31,30,30,38,29,30,38,29,30,43.00,40.00,30.623,0.282,2.7976,sat down ~19:22Z from 45/46C
1966.05,2026-09-28T19:59:57Z,501,31.0000,30.0000,30.0000,31.0000,30.0000,30.0000,38.0000,29.0000,30.0000,38.0000,29.0000,30.0000,31,30,30,31,30,30,38,29,30,38,29,30,31,30,30,31,30,30,38,29,30,38,29,30,43.00,40.00,30.623,0.278,2.7976,sat down ~19:22Z from 45/46C
1967.05,2026-09-28T19:59:58Z,499,31.0000,30.0000,30.0000,31.0000,30.0000,30.0000,38.0000,29.0000,30.0000,38.0000,29.0000,30.0000,31,30,30,31,30,30,38,29,30,38,29,30,31,30,30,31,30,30,38,29,30,38,29,30,43.00,40.00,30.622,0.280,2.7976,sat down ~19:22Z from 45/46C
1968.05,2026-09-28T19:59:59Z,500,31.0000,30.0000,30.0000,31.0000,30.0000,30.0000,38.0000,29.0000,30.0000,38.0000,29.0000,30.0000,31,30,30,31,30,30,38,29,30,38,29,30,31,30,30,31,30,30,38,29,30,38,29,30,43.00,40.00,30.622,0.284,2.7976,sat down ~19:22Z from 45/46C
1969.05,2026-09-28T20:00:00Z,501,31.0000,30.0000,30.0000,31.0000,30.0000,30.0000,38.0000,29.0000,30.0000,38.0000,29.0000,30.0000,31,30,30,31,30,30,38,29,30,38,29,30,31,30,30,31,30,30,38,29,30,38,29,30,43.00,40.00,30.623,0.278,2.7976,sat down ~19:22Z from 45/46C
1970.05,2026-09-28T20:00:01Z,500,31.0000,30.0000,30.0000,31.0000,30.0000,30.0000,38.0000,29.0000,30.0000,38.0000,29.0000,30.0000,31,30,30,31,30,30,38,29,30,38,29,30,31,30,30,31,30,30,38,29,30,38,29,30,43.00,40.00,30.621,0.280,2.7976,sat down ~19:22Z from 45/46C
1971.05,2026-09-28T20:00:02Z,501,31.0000,30.0000,30.0000,31.0000,30.0000,30.0000,38.0000,29.0000,30.0000,38.0000,29.0000,30.0000,31,30,30,31,30,30,38,29,30,38,29,30,31,30,30,31,30,30,38,29,30,38,29,30,43.00,40.00,30.622,0.281,2.7976,sat down ~19:22Z from 45/46C
1972.06,2026-09-28T20:00:03Z,501,31.0000,30.0000,30.0000,31.0000,30.0000,30.0000,38.0000,29.0000,30.0000,38.0000,29.0000,30.0000,31,30,30,31,30,30,38,29,30,38,29,30,31,30,30,31,30,30,38,29,30,38,29,30,43.00,40.00,30.622,0.284,2.7976,sat down ~19:22Z from 45/46C
1973.06,2026-09-28T20:00:04Z,500,31.0000,30.0000,30.0000,31.0000,30.0000,30.0000,38.0000,29.0000,30.0000,38.0000,29.0000,30.0000,31,30,30,31,30,30,38,29,30,38,29,30,31,30,30,31,30,30,38,29,30,38,29,30,43.00,40.00,30.621,0.281,2.7976,sat down ~19:22Z from 45/46C
1974.06,2026-09-28T20:00:05Z,500,31.0000,30.0000,30.0000,31.0000,30.0000,30.0000,38.0000,29.0000,30.0000,38.0000,29.0000,30.0000,31,30,30,31,30,30,38,29,30,38,29,30,31,30,30,31,30,30,38,29,30,38,29,30,43.00,40.00,30.621,0.283,2.7976,sat down ~19:22Z from 45/46C
1975.06,2026-09-28T20:00:06Z,500,31.0000,30.0000,30.0000,31.0000,30.0000,30.0000,38.0000,29.0000,30.0000,38.0000,29.0000,30.0000,31,30,30,31,30,30,38,29,30,38,29,30,31,30,30,31,30,30,38,29,30,38,29,30,43.00,40.00,30.621,0.284,2.7976,sat down ~19:22Z from 45/46C
1976.06,2026-09-28T20:00:07Z,500,31.0000,30.0000,30.0000,31.0000,30.0000,30.0000,38.0000,29.0000,30.0000,38.0000,29.0000,30.0000,31,30,30,31,30,30,38,29,30,38,29,30,31,30,30,31,30,30,38,29,30,38,29,30,43.00,40.00,30.620,0.283,2.7976,sat down ~19:22Z from 45/46C
1977.06,2026-09-28T20:00:08Z,501,31.0000,30.0000,30.0000,31.0000,30.0000,30.0000,38.0000,29.0000,30.0000,38.0000,29.0000,30.0000,31,30,30,31,30,30,38,29,30,38,29,30,31,30,30,31,30,30,38,29,30,38,29,30,43.00,40.00,30.620,0.281,2.7976,sat down ~19:22Z from 45/46C
1978.06,2026-09-28T20:00:09Z,501,31.0000,30.0000,30.0000,31.0000,30.0000,30.0000,38.0000,29.0000,30.0000,38.0000,29.0000,30.0000,31,30,30,31,30,30,38,29,30,38,29,30,31,30,30,31,30,30,38,29,30,38,29,30,43.00,40.00,30.620,0.280,2.7976,sat down ~19:22Z from 45/46C
1979.06,2026-09-28T20:00:10Z,500,31.0000,30.0000,30.0000,31.0000,30.0000,30.0000,38.0000,29.0000,30.0000,38.0000,29.0000,30.0000,31,30,30,31,30,30,38,29,30,38,29,30,31,30,30,31,30,30,38,29,30,38,29,30,43.00,40.00,30.619,0.280,2.7976,sat down ~19:22Z from 45/46C
1980.06,2026-09-28T20:00:11Z,500,31.0000,30.0000,30.0000,31.0000,30.0000,30.0000,38.0000,29.0000,30.0000,38.0000,29.0000,30.0000,31,30,30,31,30,30,38,29,30,38,29,30,31,30,30,31,30,30,38,29,30,38,29,30,43.00,40.00,30.620,0.281,2.7976,sat down ~19:22Z from 45/46C
1981.06,2026-09-28T20:00:12Z,501,31.0000,30.0000,30.0000,31.0000,30.0000,30.0000,38.0000,29.0000,30.0000,38.0000,29.0000,30.0000,31,30,30,31,30,30,38,29,30,38,29,30,31,30,30,31,30,30,38,29,30,38,29,30,43.00,40.00,30.619,0.282,2.7976,sat down ~19:22Z from 45/46C
1982.06,2026-09-28T20:00:13Z,500,31.0000,30.0000,30.0000,31.0000,30.0000,30.0000,38.0000,29.0000,30.0000,38.0000,29.0000,30.0000,31,30,30,31,30,30,38,29,30,38,29,30,31,30,30,31,30,30,38,29,30,38,29,30,43.00,40.00,30.619,0.281,2.7976,sat down ~19:22Z from 45/46C
1983.06,2026-09-28T20:00:14Z,500,31.0000,30.0000,30.0000,31.0000,30.0000,30.0000,38.0000,29.0000,30.0000,38.0000,29.0000,30.0000,31,30,30,31,30,30,38,29,30,38,29,30,31,30,30,31,30,30,38,29,30,38,29,30,43.00,40.00,30.619,0.280,2.7976,sat down ~19:22Z from 45/46C
1984.06,2026-09-28T20:00:15Z,501,31.0000,30.0000,30.0000,31.0000,30.0000,30.0000,38.0000,29.0000,30.0000,38.0000,29.0000,30.0000,31,30,30,31,30,30,38,29,30,38,29,30,31,30,30,31,30,30,38,29,30,38,29,30,43.00,40.00,30.618,0.280,2.7976,sat down ~19:22Z from 45/46C
1985.06,2026-09-28T20:00:16Z,500,31.0000,30.0000,30.0000,31.0000,30.0000,30.0000,38.0000,29.0000,30.0000,38.0000,29.0000,30.0000,31,30,30,31,30,30,38,29,30,38,29,30,31,30,30,31,30,30,38,29,30,38,29,30,43.00,40.00,30.618,0.280,2.7976,sat down ~19:22Z from 45/46C
1986.06,2026-09-28T20:00:17Z,500,31.0000,30.0000,30.0000,31.0000,30.0000,30.0000,38.0000,29.0000,30.0000,38.0000,29.0000,30.0000,31,30,30,31,30,30,38,29,30,38,29,30,31,30,30,31,30,30,38,29,30,38,29,30,43.00,40.00,30.618,0.279,2.7976,sat down ~19:22Z from 45/46C
1987.07,2026-09-28T20:00:18Z,500,31.0000,30.0000,30.0000,31.0000,30.0000,30.0000,38.0000,29.0000,30.0000,38.0000,29.0000,30.0000,31,30,30,31,30,30,38,29,30,38,29,30,31,30,30,31,30,30,38,29,30,38,29,30,43.00,40.00,30.618,0.280,2.7976,sat down ~19:22Z from 45/46C
1988.07,2026-09-28T20:00:19Z,500,31.0000,30.0000,30.0000,31.0000,30.0000,30.0000,38.0000,29.0000,30.0000,38.0000,29.0000,30.0000,31,30,30,31,30,30,38,29,30,38,29,30,31,30,30,31,30,30,38,29,30,38,29,30,43.00,40.00,30.617,0.280,2.7976,sat down ~19:22Z from 45/46C
1989.07,2026-09-28T20:00:20Z,499,31.0000,30.0000,30.0000,31.0000,30.0000,30.0000,38.0000,29.0000,30.0000,38.0000,29.0000,30.0000,31,30,30,31,30,30,38,29,30,38,29,30,31,30,30,31,30,30,38,29,30,38,29,30,43.00,40.00,30.618,0.278,2.7976,sat down ~19:22Z from 45/46C
1990.07,2026-09-28T20:00:21Z,501,31.0000,30.0000,30.0000,31.0000,30.0000,30.0000,38.0000,29.0000,30.0000,38.0000,29.0000,30.0000,31,30,30,31,30,30,38,29,30,38,29,30,31,30,30,31,30,30,38,29,30,38,29,30,43.00,40.00,30.617,0.279,2.7976,sat down ~19:22Z from 45/46C
1991.07,2026-09-28T20:00:22Z,500,31.0000,30.0000,30.0000,31.0000,30.0000,30.0000,38.0000,29.0000,30.0000,38.0000,29.0000,30.0000,31,30,30,31,30,30,38,29,30,38,29,30,31,30,30,31,30,30,38,29,30,38,29,30,43.00,40.00,30.617,0.280,2.7976,sat down ~19:22Z from 45/46C
1992.07,2026-09-28T20:00:23Z,500,31.0000,30.0000,30.0000,31.0000,30.0000,30.0000,38.0000,29.0000,30.0000,38.0000,29.0000,30.0000,31,30,30,31,30,30,38,29,30,38,29,30,31,30,30,31,30,30,38,29,30,38,29,30,43.00,40.00,30.617,0.279,2.7976,sat down ~19:22Z from 45/46C
1993.07,2026-09-28T20:00:24Z,501,31.0000,30.0000,30.0000,31.0000,30.0000,30.0000,38.0000,29.0000,30.0000,38.0000,29.0000,30.0000,31,30,30,31,30,30,38,29,30,38,29,30,31,30,30,31,30,30,38,29,30,38,29,30,43.00,40.00,30.617,0.284,2.7976,sat down ~19:22Z from 45/46C
1994.07,2026-09-28T20:00:25Z,499,31.0000,30.0000,30.0000,31.0000,30.0000,30.0000,38.0000,29.0000,30.0000,38.0000,29.0000,30.0000,31,30,30,31,30,30,38,29,30,38,29,30,31,30,30,31,30,30,38,29,30,38,29,30,43.00,40.00,30.617,0.283,2.7976,sat down ~19:22Z from 45/46C
1995.07,2026-09-28T20:00:26Z,500,31.0000,30.0000,30.0000,31.0000,30.0000,30.0000,38.0000,29.0000,30.0000,38.0000,29.0000,30.0000,31,30,30,31,30,30,38,29,30,38,29,30,31,30,30,31,30,30,38,29,30,38,29,30,43.00,40.00,30.616,0.282,2.7976,sat down ~19:22Z from 45/46C
1996.07,2026-09-28T20:00:27Z,500,31.0000,30.0000,30.0000,31.0000,30.0000,30.0000,38.0000,29.0000,30.0000,38.0000,29.0000,30.0000,31,30,30,31,30,30,38,29,30,38,29,30,31,30,30,31,30,30,38,29,30,38,29,30,43.00,40.00,30.617,0.279,2.7976,sat down ~19:22Z from 45/46C
1997.07,2026-09-28T20:00:28Z,500,31.0000,30.0000,30.0000,31.0000,30.0000,30.0000,38.0000,29.0000,30.0000,38.0000,29.0000,30.0000,31,30,30,31,30,30,38,29,30,38,29,30,31,30,30,31,30,30,38,29,30,38,29,30,43.00,40.00,30.616,0.280,2.7976,sat down ~19:22Z from 45/46C
1998.08,2026-09-28T20:00:29Z,501,31.0000,30.0000,30.0000,31.0000,30.0000,30.0000,38.0000,29.0000,30.0000,38.0000,29.0000,30.0000,31,30,30,31,30,30,38,29,30,38,29,30,31,30,30,31,30,30,38,29,30,38,29,30,43.00,40.00,30.616,0.278,2.7976,sat down ~19:22Z from 45/46C
1999.08,2026-09-28T20:00:30Z,501,31.0000,30.0000,30.0000,31.0000,30.0000,30.0000,38.0000,29.0000,30.0000,38.0000,29.0000,30.0000,31,30,30,31,30,30,38,29,30,38,29,30,31,30,30,31,30,30,38,29,30,38,29,30,43.00,40.00,30.615,0.280,2.7976,sat down ~19:22Z from 45/46C
2000.08,2026-09-28T20:00:31Z,500,31.0000,30.0000,30.0000,31.0000,30.0000,30.0000,38.0000,29.0000,30.0000,38.0000,29.0000,30.0000,31,30,30,31,30,30,38,29,30,38,29,30,31,30,30,31,30,30,38,29,30,38,29,30,43.00,40.00,30.615,0.279,2.7976,sat down ~19:22Z from 45/46C
2001.08,2026-09-28T20:00:32Z,501,31.0000,30.0000,30.0000,31.0000,30.0000,30.0000,38.0000,29.0000,30.0000,38.0000,29.0000,30.0000,31,30,30,31,30,30,38,29,30,38,29,30,31,30,30,31,30,30,38,29,30,38,29,30,43.00,40.00,30.615,0.280,2.7976,sat down ~19:22Z from 45/46C
2002.08,2026-09-28T20:00:33Z,500,31.0000,30.0000,30.0000,31.0000,30.0000,30.0000,38.0000,29.0000,30.0000,38.0000,29.0000,30.0000,31,30,30,31,30,30,38,29,30,38,29,30,31,30,30,31,30,30,38,29,30,38,29,30,43.00,40.00,30.615,0.281,2.7976,sat down ~19:22Z from 45/46C
2003.08,2026-09-28T20:00:34Z,500,31.0000,30.0000,30.0000,31.0000,30.0000,30.0000,38.0000,29.0000,30.0000,38.0000,29.0000,30.0000,31,30,30,31,30,30,38,29,30,38,29,30,31,30,30,31,30,30,38,29,30,38,29,30,43.00,40.00,30.614,0.281,2.7976,sat down ~19:22Z from 45/46C
2004.08,2026-09-28T20:00:35Z,500,31.0000,30.0000,30.0000,31.0000,30.0000,30.0000,38.0000,29.0000,30.0000,38.0000,29.0000,30.0000,31,30,30,31,30,30,38,29,30,38,29,30,31,30,30,31,30,30,38,29,30,38,29,30,43.00,40.00,30.614,0.279,2.7976,sat down ~19:22Z from 45/46C
2005.08,2026-09-28T20:00:36Z,501,31.0000,30.0000,30.0000,31.0000,30.0000,30.0000,38.0000,29.0000,30.0000,38.0000,29.0000,30.0000,31,30,30,31,30,30,38,29,30,38,29,30,31,30,30,31,30,30,38,29,30,38,29,30,43.00,40.00,30.614,0.278,2.7976,sat down ~19:22Z from 45/46C
2006.08,2026-09-28T20:00:37Z,501,31.0000,30.0000,30.0000,31.0000,30.0000,30.0000,38.0000,29.0000,30.0000,38.0000,29.0000,30.0000,31,30,30,31,30,30,38,29,30,38,29,30,31,30,30,31,30,30,38,29,30,38,29,30,43.00,40.00,30.614,0.280,2.7976,sat down ~19:22Z from 45/46C
2007.08,2026-09-28T20:00:38Z,500,31.0000,30.0000,30.0000,31.0000,30.0000,30.0000,38.0000,29.0000,30.0000,38.0000,29.0000,30.0000,31,30,30,31,30,30,38,29,30,38,29,30,31,30,30,31,30,30,38,29,30,38,29,30,43.00,40.00,30.613,0.279,2.7976,sat down ~19:22Z from 45/46C
2008.08,2026-09-28T20:00:39Z,500,31.0000,30.0000,30.0000,31.0000,30.0000,30.0000,38.0000,29.0000,30.0000,38.0000,29.0000,30.0000,31,30,30,31,30,30,38,29,30,38,29,30,31,30,30,31,30,30,38,29,30,38,29,30,43.00,40.00,30.613,0.278,2.7976,sat down ~19:22Z from 45/46C
2009.09,2026-09-28T20:00:40Z,501,31.0000,30.0000,30.0000,31.0000,30.0000,30.0000,38.0000,29.0000,30.0000,38.0000,29.0000,30.0000,31,30,30,31,30,30,38,29,30,38,29,30,31,30,30,31,30,30,38,29,30,38,29,30,43.00,40.00,30.613,0.279,2.7976,sat down ~19:22Z from 45/46C
2010.09,2026-09-28T20:00:41Z,500,31.0000,30.0000,30.0000,31.0000,30.0000,30.0000,38.0000,29.0000,30.0000,38.0000,29.0000,30.0000,31,30,30,31,30,30,38,29,30,38,29,30,31,30,30,31,30,30,38,29,30,38,29,30,43.00,40.00,30.613,0.280,2.7976,sat down ~19:22Z from 45/46C
2011.09,2026-09-28T20:00:42Z,501,31.0000,30.0000,30.0000,31.0000,30.0000,30.0000,38.0000,29.0000,30.0000,38.0000,29.0000,30.0000,31,30,30,31,30,30,38,29,30,38,29,30,31,30,30,31,30,30,38,29,30,38,29,30,43.00,40.00,30.613,0.281,2.7976,sat down ~19:22Z from 45/46C
2012.09,2026-09-28T20:00:43Z,501,31.0000,30.0000,30.0000,31.0000,30.0000,30.0000,38.0000,29.0000,30.0000,38.0000,29.0000,30.0000,31,30,30,31,30,30,38,29,30,38,29,30,31,30,30,31,30,30,38,29,30,38,29,30,43.00,40.00,30.612,0.279,2.7976,sat down ~19:22Z from 45/46C
2013.09,2026-09-28T20:00:44Z,500,31.0000,30.0000,30.0000,31.0000,30.0000,30.0000,38.0000,29.0000,30.0000,38.0000,29.0000,30.0000,31,30,30,31,30,30,38,29,30,38,29,30,31,30,30,31,30,30,38,29,30,38,29,30,43.00,40.00,30.612,0.277,2.7976,sat down ~19:22Z from 45/46C
2014.09,2026-09-28T20:00:45Z,501,31.0000,30.0000,30.0000,31.0000,30.0000,30.0000,38.0000,29.0000,30.0000,38.0000,29.0000,30.0000,31,30,30,31,30,30,38,29,30,38,29,30,31,30,30,31,30,30,38,29,30,38,29,30,43.00,40.00,30.612,0.280,2.7976,sat down ~19:22Z from 45/46C
2015.10,2026-09-28T20:00:46Z,501,31.0000,30.0000,30.0000,31.0000,30.0000,30.0000,38.0000,29.0000,30.0000,38.0000,29.0000,30.0000,31,30,30,31,30,30,38,29,30,38,29,30,31,30,30,31,30,30,38,29,30,38,29,30,43.00,40.00,30.611,0.281,2.7976,sat down ~19:22Z from 45/46C
2016.10,2026-09-28T20:00:47Z,501,31.0000,30.0000,30.0000,31.0000,30.0000,30.0000,38.0000,29.0000,30.0000,38.0000,29.0000,30.0000,31,30,30,31,30,30,38,29,30,38,29,30,31,30,30,31,30,30,38,29,30,38,29,30,43.00,40.00,30.611,0.279,2.7976,sat down ~19:22Z from 45/46C
2017.10,2026-09-28T20:00:48Z,500,31.0000,30.0000,30.0000,31.0000,30.0000,30.0000,38.0000,29.0000,30.0000,38.0000,29.0000,30.0000,31,30,30,31,30,30,38,29,30,38,29,30,31,30,30,31,30,30,38,29,30,38,29,30,43.00,40.00,30.611,0.280,2.7976,sat down ~19:22Z from 45/46C
2018.10,2026-09-28T20:00:49Z,500,31.0000,30.0000,30.0000,31.0000,30.0000,30.0000,38.0000,29.0000,30.0000,38.0000,29.0000,30.0000,31,30,30,31,30,30,38,29,30,38,29,30,31,30,30,31,30,30,38,29,30,38,29,30,43.00,40.00,30.610,0.282,2.7976,sat down ~19:22Z from 45/46C
2019.10,2026-09-28T20:00:50Z,500,31.0000,30.0000,30.0000,31.0000,30.0000,30.0000,38.0000,29.0000,30.0000,38.0000,29.0000,30.0000,31,30,30,31,30,30,38,29,30,38,29,30,31,30,30,31,30,30,38,29,30,38,29,30,43.00,40.00,30.610,0.280,2.7976,sat down ~19:22Z from 45/46C
2020.10,2026-09-28T20:00:51Z,500,31.0000,30.0000,30.0000,31.0000,30.0000,30.0000,38.0000,29.0000,30.0000,38.0000,29.0000,30.0000,31,30,30,31,30,30,38,29,30,38,29,30,31,30,30,31,30,30,38,29,30,38,29,30,43.00,40.00,30.610,0.276,2.7976,sat down ~19:22Z from 45/46C
2021.10,2026-09-28T20:00:52Z,501,31.0000,30.0000,30.0000,31.0000,30.0000,30.0000,38.0000,29.0000,30.0000,38.0000,29.0000,30.0000,31,30,30,31,30,30,38,29,30,38,29,30,31,30,30,31,30,30,38,29,30,38,29,30,43.00,40.00,30.610,0.277,2.7976,sat down ~19:22Z from 45/46C
2022.10,2026-09-28T20:00:53Z,500,31.0000,30.0000,30.0000,31.0000,30.0000,30.0000,38.0000,29.0000,30.0000,38.0000,29.0000,30.0000,31,30,30,31,30,30,38,29,30,38,29,30,31,30,30,31,30,30,38,29,30,38,29,30,43.00,40.00,30.610,0.281,2.7976,sat down ~19:22Z from 45/46C
2023.10,2026-09-28T20:00:54Z,500,31.0000,30.0000,30.0000,31.0000,30.0000,30.0000,38.0000,29.0000,30.0000,38.0000,29.0000,30.0000,31,30,30,31,30,30,38,29,30,38,29,30,31,30,30,31,30,30,38,29,30,38,29,30,43.00,40.00,30.609,0.281,2.7976,sat down ~19:22Z from 45/46C
2024.10,2026-09-28T20:00:55Z,501,31.0000,30.0000,30.0000,31.0000,30.0000,30.0000,38.0000,29.0000,30.0000,38.0000,29.0000,30.0000,31,30,30,31,30,30,38,29,30,38,29,30,31,30,30,31,30,30,38,29,30,38,29,30,43.00,40.00,30.609,0.278,2.7976,sat down ~19:22Z from 45/46C
2025.10,2026-09-28T20:00:56Z,500,31.0000,30.0000,30.0000,31.0000,30.0000,30.0000,38.0000,29.0000,30.0000,38.0000,29.0000,30.0000,31,30,30,31,30,30,38,29,30,38,29,30,31,30,30,31,30,30,38,29,30,38,29,30,43.00,40.00,30.609,0.279,2.7976,sat down ~19:22Z from 45/46C
2026.11,2026-09-28T20:00:57Z,501,31.0000,30.0000,30.0000,31.0000,30.0000,30.0000,38.0000,29.0000,30.0000,38.0000,29.0000,30.0000,31,30,30,31,30,30,38,29,30,38,29,30,31,30,30,31,30,30,38,29,30,38,29,30,43.00,40.00,30.609,0.282,2.7976,sat down ~19:22Z from 45/46C
2027.11,2026-09-28T20:00:58Z,500,31.0000,30.0000,30.0000,31.0000,30.0000,30.0000,38.0000,29.0000,30.0000,38.0000,29.0000,30.0000,31,30,30,31,30,30,38,29,30,38,29,30,31,30,30,31,30,30,38,29,30,38,29,30,43.00,40.00,30.608,0.275,2.7976,sat down ~19:22Z from 45/46C
2028.11,2026-09-28T20:00:59Z,500,31.0000,30.0000,30.0000,31.0000,30.0000,30.0000,38.0000,29.0000,30.0000,38.0000,29.0000,30.0000,31,30,30,31,30,30,38,29,30,38,29,30,31,30,30,31,30,30,38,29,30,38,29,30,43.00,40.00,30.608,0.282,2.7976,sat down ~19:22Z from 45/46C
2029.11,2026-09-28T20:01:00Z,501,31.0000,30.0000,30.0000,31.0000,30.0000,30.0000,38.0000,29.0000,30.0000,38.0000,29.0000,30.0000,31,30,30,31,30,30,38,29,30,38,29,30,31,30,30,31,30,30,38,29,30,38,29,30,43.00,40.00,30.608,0.279,2.7976,sat down ~19:22Z from 45/46C
2030.11,2026-09-28T20:01:01Z,500,31.0000,30.0000,30.0000,31.0000,30.0000,30.0000,38.0000,29.0000,30.0000,38.0000,29.0000,30.0000,31,30,30,31,30,30,38,29,30,38,29,30,31,30,30,31,30,30,38,29,30,38,29,30,43.00,40.00,30.607,0.279,2.7976,sat down ~19:22Z from 45/46C
2031.11,2026-09-28T20:01:02Z,501,31.0000,30.0000,30.0000,31.0000,30.0000,30.0000,38.0000,29.0000,30.0000,38.0000,29.0000,30.0000,31,30,30,31,30,30,38,29,30,38,29,30,31,30,30,31,30,30,38,29,30,38,29,30,43.00,40.00,30.607,0.279,2.7976,sat down ~19:22Z from 45/46C
2032.11,2026-09-28T20:01:03Z,500,31.0000,30.0000,30.0000,31.0000,30.0000,30.0000,38.0000,29.0000,30.0000,38.0000,29.0000,30.0000,31,30,30,31,30,30,38,29,30,38,29,30,31,30,30,31,30,30,38,29,30,38,29,30,43.00,40.00,30.607,0.281,2.7976,sat down ~19:22Z from 45/46C
2033.11,2026-09-28T20:01:04Z,501,31.0000,30.0000,30.0000,31.0000,30.0000,30.0000,38.0000,29.0000,30.0000,38.0000,29.0000,30.0000,31,30,30,31,30,30,38,29,30,38,29,30,31,30,30,31,30,30,38,29,30,38,29,30,43.00,40.00,30.607,0.281,2.7976,sat down ~19:22Z from 45/46C
2034.11,2026-09-28T20:01:05Z,500,31.0000,30.0000,30.0000,31.0000,30.0000,30.0000,38.0000,29.0000,30.0000,38.0000,29.0000,30.0000,31,30,30,31,30,30,38,29,30,38,29,30,31,30,30,31,30,30,38,29,30,38,29,30,43.00,40.00,30.607,0.278,2.7976,sat down ~19:22Z from 45/46C
2035.11,2026-09-28T20:01:06Z,501,31.0000,30.0000,30.0000,31.0000,30.0000,30.0000,38.0000,29.0000,30.0000,38.0000,29.0000,30.0000,31,30,30,31,30,30,38,29,30,38,29,30,31,30,30,31,30,30,38,29,30,38,29,30,43.00,40.00,30.606,0.281,2.7976,sat down ~19:22Z from 45/46C
2036.11,2026-09-28T20:01:07Z,500,31.0000,30.0000,30.0000,31.0000,30.0000,30.0000,38.0000,29.0000,30.0000,38.0000,29.0000,30.0000,31,30,30,31,30,30,38,29,30,38,29,30,31,30,30,31,30,30,38,29,30,38,29,30,43.00,40.00,30.606,0.279,2.7976,sat down ~19:22Z from 45/46C
2037.12,2026-09-28T20:01:08Z,501,31.0000,30.0000,30.0000,31.0000,30.0000,30.0000,38.0000,29.0000,30.0000,38.0000,29.0000,30.0000,31,30,30,31,30,30,38,29,30,38,29,30,31,30,30,31,30,30,38,29,30,38,29,30,43.00,40.00,30.606,0.278,2.7976,sat down ~19:22Z from 45/46C
2038.12,2026-09-28T20:01:09Z,500,31.0000,30.0000,30.0000,31.0000,30.0000,30.0000,38.0000,29.0000,30.0000,38.0000,29.0000,30.0000,31,30,30,31,30,30,38,29,30,38,29,30,31,30,30,31,30,30,38,29,30,38,29,30,43.00,40.00,30.606,0.283,2.7976,sat down ~19:22Z from 45/46C
2039.12,2026-09-28T20:01:10Z,500,31.0000,30.0000,30.0000,31.0000,30.0000,30.0000,38.0000,29.0000,30.0000,38.0000,29.0000,30.0000,31,30,30,31,30,30,38,29,30,38,29,30,31,30,30,31,30,30,38,29,30,38,29,30,43.00,40.00,30.605,0.280,2.7976,sat down ~19:22Z from 45/46C
2040.12,2026-09-28T20:01:11Z,501,31.0000,30.0000,30.0000,31.0000,30.0000,30.0000,38.0000,29.0000,30.0000,38.0000,29.0000,30.0000,31,30,30,31,30,30,38,29,30,38,29,30,31,30,30,31,30,30,38,29,30,38,29,30,43.00,40.00,30.606,0.278,2.7976,sat down ~19:22Z from 45/46C
2041.12,2026-09-28T20:01:12Z,500,31.0000,30.0000,30.0000,31.0000,30.0000,30.0000,38.0000,29.0000,30.0000,38.0000,29.0000,30.0000,31,30,30,31,30,30,38,29,30,38,29,30,31,30,30,31,30,30,38,29,30,38,29,30,43.00,40.00,30.606,0.280,2.7976,sat down ~19:22Z from 45/46C
2042.12,2026-09-28T20:01:13Z,501,31.0000,30.0000,30.0000,31.0000,30.0000,30.0000,38.0000,29.0000,30.0000,38.0000,29.0000,30.0000,31,30,30,31,30,30,38,29,30,38,29,30,31,30,30,31,30,30,38,29,30,38,29,30,43.00,40.00,30.605,0.278,2.7976,sat down ~19:22Z from 45/46C
2043.12,2026-09-28T20:01:14Z,501,31.0000,30.0000,30.0000,31.0000,30.0000,30.0000,38.0000,29.0000,30.0000,38.0000,29.0000,30.0000,31,30,30,31,30,30,38,29,30,38,29,30,31,30,30,31,30,30,38,29,30,38,29,30,43.00,40.00,30.605,0.281,2.7976,sat down ~19:22Z from 45/46C
2044.12,2026-09-28T20:01:15Z,500,31.0000,30.0000,30.0000,31.0000,30.0000,30.0000,38.0000,29.0000,30.0000,38.0000,29.0000,30.0000,31,30,30,31,30,30,38,29,30,38,29,30,31,30,30,31,30,30,38,29,30,38,29,30,43.00,40.00,30.605,0.278,2.7976,sat down ~19:22Z from 45/46C
2045.12,2026-09-28T20:01:16Z,500,31.0000,30.0000,30.0000,31.0000,30.0000,30.0000,38.0000,29.0000,30.0000,38.0000,29.0000,30.0000,31,30,30,31,30,30,38,29,30,38,29,30,31,30,30,31,30,30,38,29,30,38,29,30,43.00,40.00,30.605,0.278,2.7976,sat down ~19:22Z from 45/46C
2046.12,2026-09-28T20:01:17Z,501,31.0000,30.0000,30.0000,31.0000,30.0000,30.0000,38.0000,29.0000,30.0000,38.0000,29.0000,30.0000,31,30,30,31,30,30,38,29,30,38,29,30,31,30,30,31,30,30,38,29,30,38,29,30,43.00,40.00,30.604,0.280,2.7976,sat down ~19:22Z from 45/46C
2047.13,2026-09-28T20:01:18Z,501,31.0000,30.0000,30.0000,31.0000,30.0000,30.0000,38.0000,29.0000,30.0000,38.0000,29.0000,30.0000,31,30,30,31,30,30,38,29,30,38,29,30,31,30,30,31,30,30,38,29,30,38,29,30,43.00,40.00,30.604,0.279,2.7976,sat down ~19:22Z from 45/46C
2048.13,2026-09-28T20:01:19Z,501,31.0000,30.0000,30.0000,31.0000,30.0000,30.0000,38.0000,29.0000,30.0000,38.0000,29.0000,30.0000,31,30,30,31,30,30,38,29,30,38,29,30,31,30,30,31,30,30,38,29,30,38,29,30,43.00,40.00,30.604,0.280,2.7976,sat down ~19:22Z from 45/46C
2049.13,2026-09-28T20:01:20Z,501,31.0000,30.0000,30.0000,31.0000,30.0000,30.0000,38.0000,29.0000,30.0000,38.0000,29.0000,30.0000,31,30,30,31,30,30,38,29,30,38,29,30,31,30,30,31,30,30,38,29,30,38,29,30,43.00,40.00,30.604,0.282,2.7976,sat down ~19:22Z from 45/46C
2050.13,2026-09-28T20:01:21Z,500,31.0000,30.0000,30.0000,31.0000,30.0000,30.0000,38.0000,29.0000,30.0000,38.0000,29.0000,30.0000,31,30,30,31,30,30,38,29,30,38,29,30,31,30,30,31,30,30,38,29,30,38,29,30,43.00,40.00,30.604,0.285,2.7976,sat down ~19:22Z from 45/46C
2051.13,2026-09-28T20:01:22Z,501,31.0000,30.0000,30.0000,31.0000,30.0000,30.0000,38.0000,29.0000,30.0000,38.0000,29.0000,30.0000,31,30,30,31,30,30,38,29,30,38,29,30,31,30,30,31,30,30,38,29,30,38,29,30,43.00,40.00,30.603,0.281,2.7976,sat down ~19:22Z from 45/46C
2052.13,2026-09-28T20:01:23Z,501,31.0000,30.0000,30.0000,31.0000,30.0000,30.0000,38.0000,29.0000,30.0000,38.0000,29.0000,30.0000,31,30,30,31,30,30,38,29,30,38,29,30,31,30,30,31,30,30,38,29,30,38,29,30,43.00,40.00,30.603,0.281,2.7976,sat down ~19:22Z from 45/46C
2053.14,2026-09-28T20:01:24Z,501,31.0000,30.0000,30.0000,31.0000,30.0000,30.0000,38.0000,29.0000,30.0000,38.0000,29.0000,30.0000,31,30,30,31,30,30,38,29,30,38,29,30,31,30,30,31,30,30,38,29,30,38,29,30,43.00,40.00,30.603,0.281,2.7976,sat down ~19:22Z from 45/46C
2054.14,2026-09-28T20:01:25Z,500,31.0000,30.0000,30.0000,31.0000,30.0000,30.0000,38.0000,29.0000,30.0000,38.0000,29.0000,30.0000,31,30,30,31,30,30,38,29,30,38,29,30,31,30,30,31,30,30,38,29,30,38,29,30,43.00,40.00,30.603,0.280,2.7976,sat down ~19:22Z from 45/46C
2055.14,2026-09-28T20:01:26Z,500,31.0000,30.0000,30.0000,31.0000,30.0000,30.0000,38.0000,29.0000,30.0000,38.0000,29.0000,30.0000,31,30,30,31,30,30,38,29,30,38,29,30,31,30,30,31,30,30,38,29,30,38,29,30,43.00,40.00,30.602,0.280,2.7976,sat down ~19:22Z from 45/46C
2056.14,2026-09-28T20:01:27Z,500,31.0000,30.0000,30.0000,31.0000,30.0000,30.0000,38.0000,29.0000,30.0000,38.0000,29.0000,30.0000,31,30,30,31,30,30,38,29,30,38,29,30,31,30,30,31,30,30,38,29,30,38,29,30,43.00,40.00,30.602,0.284,2.7976,sat down ~19:22Z from 45/46C
2057.14,2026-09-28T20:01:28Z,500,31.0000,30.0000,30.0000,31.0000,30.0000,30.0000,38.0000,29.0000,30.0000,38.0000,29.0000,30.0000,31,30,30,31,30,30,38,29,30,38,29,30,31,30,30,31,30,30,38,29,30,38,29,30,43.00,40.00,30.602,0.283,2.7976,sat down ~19:22Z from 45/46C
2058.14,2026-09-28T20:01:29Z,501,31.0000,30.0000,30.0000,31.0000,30.0000,30.0000,38.0000,29.0000,30.0000,38.0000,29.0000,30.0000,31,30,30,31,30,30,38,29,30,38,29,30,31,30,30,31,30,30,38,29,30,38,29,30,43.00,40.00,30.601,0.285,2.7976,sat down ~19:22Z from 45/46C
2059.14,2026-09-28T20:01:30Z,501,31.0000,30.0000,30.0000,31.0000,30.0000,30.0000,38.0000,29.0000,30.0000,38.0000,29.0000,30.0000,31,30,30,31,30,30,38,29,30,38,29,30,31,30,30,31,30,30,38,29,30,38,29,30,43.00,40.00,30.601,0.284,2.7976,sat down ~19:22Z from 45/46C
2060.14,2026-09-28T20:01:31Z,500,31.0000,30.0000,30.0000,31.0000,30.0000,30.0000,38.0000,29.0000,30.0000,38.0000,29.0000,30.0000,31,30,30,31,30,30,38,29,30,38,29,30,31,30,30,31,30,30,38,29,30,38,29,30,43.00,40.00,30.601,0.283,2.7976,sat down ~19:22Z from 45/46C
2061.14,2026-09-28T20:01:32Z,501,31.0000,30.0000,30.0000,31.0000,30.0000,30.0000,38.0000,29.0000,30.0000,38.0000,29.0000,30.0000,31,30,30,31,30,30,38,29,30,38,29,30,31,30,30,31,30,30,38,29,30,38,29,30,43.00,40.00,30.600,0.283,2.7976,sat down ~19:22Z from 45/46C
2062.14,2026-09-28T20:01:33Z,500,31.0000,30.0000,30.0000,31.0000,30.0000,30.0000,38.0000,29.0000,30.0000,38.0000,29.0000,30.0000,31,30,30,31,30,30,38,29,30,38,29,30,31,30,30,31,30,30,38,29,30,38,29,30,43.00,40.00,30.601,0.284,2.7976,sat down ~19:22Z from 45/46C
2063.15,2026-09-28T20:01:34Z,501,31.0000,30.0000,30.0000,31.0000,30.0000,30.0000,38.0000,29.0000,30.0000,38.0000,29.0000,30.0000,31,30,30,31,30,30,38,29,30,38,29,30,31,30,30,31,30,30,38,29,30,38,29,30,43.00,40.00,30.600,0.283,2.7976,sat down ~19:22Z from 45/46C
2064.15,2026-09-28T20:01:35Z,500,31.0000,30.0000,30.0000,31.0000,30.0000,30.0000,38.0000,29.0000,30.0000,38.0000,29.0000,30.0000,31,30,30,31,30,30,38,29,30,38,29,30,31,30,30,31,30,30,38,29,30,38,29,30,43.00,40.00,30.600,0.284,2.7976,sat down ~19:22Z from 45/46C
2065.15,2026-09-28T20:01:36Z,501,31.0000,30.0000,30.0060,31.0000,30.0000,30.0000,38.0000,29.0000,30.0000,38.0000,29.0000,30.0000,31,30,30,31,30,30,38,29,30,38,29,30,31,30,31,31,30,30,38,29,30,38,29,30,43.00,40.00,30.600,0.285,2.7976,sat down ~19:22Z from 45/46C
2066.15,2026-09-28T20:01:37Z,500,31.0000,30.0000,30.0000,31.0000,30.0000,30.0000,38.0000,29.0000,30.0000,38.0000,29.0000,30.0000,31,30,30,31,30,30,38,29,30,38,29,30,31,30,30,31,30,30,38,29,30,38,29,30,43.00,40.00,30.599,0.283,2.7976,sat down ~19:22Z from 45/46C
2067.15,2026-09-28T20:01:38Z,500,31.0000,30.0000,30.0000,31.0000,30.0000,30.0000,38.0000,29.0000,30.0000,38.0000,29.0000,30.0000,31,30,30,31,30,30,38,29,30,38,29,30,31,30,30,31,30,30,38,29,30,38,29,30,43.00,40.00,30.600,0.281,2.7976,sat down ~19:22Z from 45/46C
2068.15,2026-09-28T20:01:39Z,500,31.0000,30.0000,30.0000,31.0000,30.0000,30.0000,38.0000,29.0000,30.0000,38.0000,29.0000,30.0000,31,30,30,31,30,30,38,29,30,38,29,30,31,30,30,31,30,30,38,29,30,38,29,30,43.00,40.00,30.599,0.279,2.7976,sat down ~19:22Z from 45/46C
2069.15,2026-09-28T20:01:40Z,501,31.0000,30.0000,30.0000,31.0000,30.0000,30.0000,38.0000,29.0000,30.0000,38.0000,29.0000,30.0000,31,30,30,31,30,30,38,29,30,38,29,30,31,30,30,31,30,30,38,29,30,38,29,30,43.00,40.00,30.599,0.280,2.7976,sat down ~19:22Z from 45/46C
2070.15,2026-09-28T20:01:41Z,500,31.0000,30.0000,30.0000,31.0000,30.0000,30.0000,38.0000,29.0000,30.0000,38.0000,29.0000,30.0000,31,30,30,31,30,30,38,29,30,38,29,30,31,30,30,31,30,30,38,29,30,38,29,30,43.00,40.00,30.599,0.281,2.7976,sat down ~19:22Z from 45/46C
2071.15,2026-09-28T20:01:42Z,501,31.0000,30.0000,30.0000,31.0000,30.0000,30.0000,38.0000,29.0000,30.0000,38.0000,29.0000,30.0000,31,30,30,31,30,30,38,29,30,38,29,30,31,30,30,31,30,30,38,29,30,38,29,30,43.00,40.00,30.599,0.284,2.7976,sat down ~19:22Z from 45/46C
2072.15,2026-09-28T20:01:43Z,500,31.0000,30.0000,30.0000,31.0000,30.0000,30.0000,38.0000,29.0000,30.0000,38.0000,29.0000,30.0000,31,30,30,31,30,30,38,29,30,38,29,30,31,30,30,31,30,30,38,29,30,38,29,30,43.00,40.00,30.598,0.282,2.7976,sat down ~19:22Z from 45/46C
2073.15,2026-09-28T20:01:44Z,501,31.0000,30.0000,30.0000,31.0000,30.0000,30.0000,38.0000,29.0000,30.0000,38.0000,29.0000,30.0000,31,30,30,31,30,30,38,29,30,38,29,30,31,30,30,31,30,30,38,29,30,38,29,30,43.00,40.00,30.598,0.281,2.7976,sat down ~19:22Z from 45/46C
2074.16,2026-09-28T20:01:45Z,501,31.0000,30.0000,30.0000,31.0000,30.0000,30.0000,38.0000,29.0000,30.0000,38.0000,29.0000,30.0000,31,30,30,31,30,30,38,29,30,38,29,30,31,30,30,31,30,30,38,29,30,38,29,30,43.00,40.00,30.598,0.282,2.7976,sat down ~19:22Z from 45/46C
2075.16,2026-09-28T20:01:46Z,501,31.0000,30.0000,30.0000,31.0000,30.0000,30.0000,38.0000,29.0000,30.0000,38.0000,29.0000,30.0000,31,30,30,31,30,30,38,29,30,38,29,30,31,30,30,31,30,30,38,29,30,38,29,30,43.00,40.00,30.598,0.281,2.7976,sat down ~19:22Z from 45/46C
2076.16,2026-09-28T20:01:47Z,501,31.0000,30.0000,30.0060,31.0000,30.0000,30.0000,38.0000,29.0000,30.0000,38.0000,29.0000,30.0000,31,30,30,31,30,30,38,29,30,38,29,30,31,30,31,31,30,30,38,29,30,38,29,30,43.00,40.00,30.598,0.281,2.7976,sat down ~19:22Z from 45/46C
2077.16,2026-09-28T20:01:48Z,501,31.0000,30.0000,30.0000,31.0000,30.0000,30.0000,38.0000,29.0000,30.0000,38.0000,29.0000,30.0000,31,30,30,31,30,30,38,29,30,38,29,30,31,30,30,31,30,30,38,29,30,38,29,30,43.00,40.00,30.598,0.280,2.7976,sat down ~19:22Z from 45/46C
2078.16,2026-09-28T20:01:49Z,500,31.0000,30.0000,30.0000,31.0000,30.0000,30.0000,38.0000,29.0000,30.0000,38.0000,29.0000,30.0000,31,30,30,31,30,30,38,29,30,38,29,30,31,30,30,31,30,30,38,29,30,38,29,30,43.00,40.00,30.598,0.287,2.7976,sat down ~19:22Z from 45/46C
2079.16,2026-09-28T20:01:50Z,500,31.0000,30.0000,30.0000,31.0000,30.0000,30.0000,38.0000,29.0000,30.0000,38.0000,29.0000,30.0000,31,30,30,31,30,30,38,29,30,38,29,30,31,30,30,31,30,30,38,29,30,38,29,30,43.00,40.00,30.597,0.281,2.7976,sat down ~19:22Z from 45/46C
2080.16,2026-09-28T20:01:51Z,500,31.0000,30.0000,30.0000,31.0000,30.0000,30.0000,38.0000,29.0000,30.0000,38.0000,29.0000,30.0000,31,30,30,31,30,30,38,29,30,38,29,30,31,30,30,31,30,30,38,29,30,38,29,30,43.00,40.00,30.597,0.279,2.7976,sat down ~19:22Z from 45/46C
2081.17,2026-09-28T20:01:52Z,500,31.0000,30.0000,30.0000,31.0000,30.0000,30.0000,38.0000,29.0000,30.0000,38.0000,29.0000,30.0000,31,30,30,31,30,30,38,29,30,38,29,30,31,30,30,31,30,30,38,29,30,38,29,30,43.00,40.00,30.597,0.285,2.7976,sat down ~19:22Z from 45/46C
2082.17,2026-09-28T20:01:53Z,500,31.0000,30.0000,30.0000,31.0000,30.0000,30.0000,38.0000,29.0000,30.0000,38.0000,29.0000,30.0000,31,30,30,31,30,30,38,29,30,38,29,30,31,30,30,31,30,30,38,29,30,38,29,30,43.00,40.00,30.597,0.281,2.7976,sat down ~19:22Z from 45/46C
2083.17,2026-09-28T20:01:54Z,499,31.0000,30.0000,30.0000,31.0000,30.0000,30.0000,38.0000,29.0000,30.0000,38.0000,29.0000,30.0000,31,30,30,31,30,30,38,29,30,38,29,30,31,30,30,31,30,30,38,29,30,38,29,30,43.00,40.00,30.597,0.285,2.7976,sat down ~19:22Z from 45/46C
2084.17,2026-09-28T20:01:55Z,501,31.0000,30.0000,30.0000,31.0000,30.0000,30.0000,38.0000,29.0000,30.0000,38.0000,29.0000,30.0000,31,30,30,31,30,30,38,29,30,38,29,30,31,30,30,31,30,30,38,29,30,38,29,30,43.00,40.00,30.596,0.282,2.7976,sat down ~19:22Z from 45/46C
2085.17,2026-09-28T20:01:56Z,500,31.0000,30.0000,30.0000,31.0000,30.0000,30.0000,38.0000,29.0000,30.0000,38.0000,29.0000,30.0000,31,30,30,31,30,30,38,29,30,38,29,30,31,30,30,31,30,30,38,29,30,38,29,30,43.00,40.00,30.596,0.282,2.7976,sat down ~19:22Z from 45/46C
2086.17,2026-09-28T20:01:57Z,501,31.0000,30.0000,30.0000,31.0000,30.0000,30.0000,38.0000,29.0000,30.0000,38.0000,29.0000,30.0000,31,30,30,31,30,30,38,29,30,38,29,30,31,30,30,31,30,30,38,29,30,38,29,30,43.00,40.00,30.596,0.282,2.7976,sat down ~19:22Z from 45/46C
2087.17,2026-09-28T20:01:58Z,501,31.0000,30.0000,30.0000,31.0000,30.0000,30.0000,38.0000,29.0000,30.0000,38.0000,29.0000,30.0000,31,30,30,31,30,30,38,29,30,38,29,30,31,30,30,31,30,30,38,29,30,38,29,30,43.00,40.00,30.595,0.280,2.7976,sat down ~19:22Z from 45/46C
2088.17,2026-09-28T20:01:59Z,501,31.0000,30.0000,30.0000,31.0000,30.0000,30.0000,38.0000,29.0000,30.0000,38.0000,29.0000,30.0000,31,30,30,31,30,30,38,29,30,38,29,30,31,30,30,31,30,30,38,29,30,38,29,30,43.00,40.00,30.595,0.280,2.7976,sat down ~19:22Z from 45/46C
2089.17,2026-09-28T20:02:00Z,500,31.0000,30.0000,30.0140,31.0000,30.0000,30.0000,38.0000,29.0000,30.0000,38.0000,29.0000,30.0000,31,30,30,31,30,30,38,29,30,38,29,30,31,30,31,31,30,30,38,29,30,38,29,30,43.00,40.00,30.595,0.277,2.7976,sat down ~19:22Z from 45/46C
2090.17,2026-09-28T20:02:01Z,500,31.0000,30.0000,30.0000,31.0000,30.0000,30.0000,38.0000,29.0000,30.0000,38.0000,29.0000,30.0000,31,30,30,31,30,30,38,29,30,38,29,30,31,30,30,31,30,30,38,29,30,38,29,30,43.00,40.00,30.595,0.279,2.7976,sat down ~19:22Z from 45/46C
2091.17,2026-09-28T20:02:02Z,500,31.0000,30.0000,30.0000,31.0000,30.0000,30.0000,38.0000,29.0000,30.0000,38.0000,29.0000,30.0000,31,30,30,31,30,30,38,29,30,38,29,30,31,30,30,31,30,30,38,29,30,38,29,30,43.00,40.00,30.595,0.281,2.7976,sat down ~19:22Z from 45/46C
2092.18,2026-09-28T20:02:03Z,501,31.0000,30.0000,30.0000,31.0000,30.0000,30.0000,38.0000,29.0000,30.0000,38.0000,29.0000,30.0000,31,30,30,31,30,30,38,29,30,38,29,30,31,30,30,31,30,30,38,29,30,38,29,30,43.00,40.00,30.594,0.279,2.7976,sat down ~19:22Z from 45/46C
2093.18,2026-09-28T20:02:04Z,500,31.0000,30.0000,30.0000,31.0000,30.0000,30.0000,38.0000,29.0000,30.0000,38.0000,29.0000,30.0000,31,30,30,31,30,30,38,29,30,38,29,30,31,30,30,31,30,30,38,29,30,38,29,30,43.00,40.00,30.594,0.282,2.7976,sat down ~19:22Z from 45/46C
2094.18,2026-09-28T20:02:05Z,500,31.0000,30.0000,30.0000,31.0000,30.0000,30.0000,38.0000,29.0000,30.0000,38.0000,29.0000,30.0000,31,30,30,31,30,30,38,29,30,38,29,30,31,30,30,31,30,30,38,29,30,38,29,30,43.00,40.00,30.594,0.280,2.7976,sat down ~19:22Z from 45/46C
2095.18,2026-09-28T20:02:06Z,501,31.0000,30.0000,30.0000,31.0000,30.0000,30.0000,38.0000,29.0000,30.0000,38.0000,29.0000,30.0000,31,30,30,31,30,30,38,29,30,38,29,30,31,30,30,31,30,30,38,29,30,38,29,30,43.00,40.00,30.593,0.277,2.7976,sat down ~19:22Z from 45/46C
2096.18,2026-09-28T20:02:07Z,501,31.0000,30.0000,30.0000,31.0000,30.0000,30.0000,38.0000,29.0000,30.0000,38.0000,29.0000,30.0000,31,30,30,31,30,30,38,29,30,38,29,30,31,30,30,31,30,30,38,29,30,38,29,30,43.00,40.00,30.594,0.283,2.7976,sat down ~19:22Z from 45/46C
2097.18,2026-09-28T20:02:08Z,501,31.0000,30.0000,30.0000,31.0000,30.0000,30.0000,38.0000,29.0000,30.0000,38.0000,29.0000,30.0000,31,30,30,31,30,30,38,29,30,38,29,30,31,30,30,31,30,30,38,29,30,38,29,30,43.00,40.00,30.593,0.282,2.7976,sat down ~19:22Z from 45/46C
2098.18,2026-09-28T20:02:09Z,501,31.0000,30.0000,30.0140,31.0000,30.0000,30.0000,38.0000,29.0000,30.0000,38.0000,29.0000,30.0000,31,30,30,31,30,30,38,29,30,38,29,30,31,30,31,31,30,30,38,29,30,38,29,30,43.00,40.00,30.593,0.282,2.7976,sat down ~19:22Z from 45/46C
2099.18,2026-09-28T20:02:10Z,500,31.0000,30.0000,30.0000,31.0000,30.0000,30.0000,38.0000,29.0000,30.0000,38.0000,29.0000,30.0000,31,30,30,31,30,30,38,29,30,38,29,30,31,30,30,31,30,30,38,29,30,38,29,30,43.00,40.00,30.593,0.281,2.7976,sat down ~19:22Z from 45/46C
2100.19,2026-09-28T20:02:11Z,501,31.0000,30.0000,30.0080,31.0000,30.0000,30.0000,38.0000,29.0000,30.0000,38.0000,29.0000,30.0000,31,30,30,31,30,30,38,29,30,38,29,30,31,30,31,31,30,30,38,29,30,38,29,30,43.00,40.00,30.592,0.282,2.7976,sat down ~19:22Z from 45/46C
2101.19,2026-09-28T20:02:12Z,501,31.0000,30.0000,30.0080,31.0000,30.0000,30.0000,38.0000,29.0000,30.0000,38.0000,29.0000,30.0000,31,30,30,31,30,30,38,29,30,38,29,30,31,30,31,31,30,30,38,29,30,38,29,30,43.00,40.00,30.592,0.279,2.7976,sat down ~19:22Z from 45/46C
2102.19,2026-09-28T20:02:13Z,501,31.0000,30.0000,30.0120,31.0000,30.0000,30.0000,38.0000,29.0000,30.0000,38.0000,29.0000,30.0000,31,30,30,31,30,30,38,29,30,38,29,30,31,30,31,31,30,30,38,29,30,38,29,30,43.00,40.00,30.592,0.282,2.7976,sat down ~19:22Z from 45/46C
2103.19,2026-09-28T20:02:14Z,501,31.0000,30.0000,30.0060,31.0000,30.0000,30.0000,38.0000,29.0000,30.0000,38.0000,29.0000,30.0000,31,30,30,31,30,30,38,29,30,38,29,30,31,30,31,31,30,30,38,29,30,38,29,30,43.00,40.00,30.592,0.284,2.7976,sat down ~19:22Z from 45/46C
2104.19,2026-09-28T20:02:15Z,500,31.0000,30.0000,30.0060,31.0000,30.0000,30.0000,38.0000,29.0000,30.0000,38.0000,29.0000,30.0000,31,30,30,31,30,30,38,29,30,38,29,30,31,30,31,31,30,30,38,29,30,38,29,30,43.00,40.00,30.591,0.284,2.7976,sat down ~19:22Z from 45/46C
2105.19,2026-09-28T20:02:16Z,501,31.0000,30.0000,30.0000,31.0000,30.0000,30.0000,38.0000,29.0000,30.0000,38.0000,29.0000,30.0000,31,30,30,31,30,30,38,29,30,38,29,30,31,30,30,31,30,30,38,29,30,38,29,30,43.00,40.00,30.590,0.284,2.7976,sat down ~19:22Z from 45/46C
2106.19,2026-09-28T20:02:17Z,500,31.0000,30.0000,30.0000,31.0000,30.0000,30.0000,38.0000,29.0000,30.0000,38.0000,29.0000,30.0000,31,30,30,31,30,30,38,29,30,38,29,30,31,30,30,31,30,30,38,29,30,38,29,30,43.00,40.00,30.590,0.283,2.7976,sat down ~19:22Z from 45/46C
2107.20,2026-09-28T20:02:18Z,501,31.0000,30.0000,30.0000,31.0000,30.0000,30.0000,38.0000,29.0000,30.0000,38.0000,29.0000,30.0000,31,30,30,31,30,30,38,29,30,38,29,30,31,30,30,31,30,30,38,29,30,38,29,30,43.00,40.00,30.590,0.280,2.7976,sat down ~19:22Z from 45/46C
2108.20,2026-09-28T20:02:19Z,500,31.0000,30.0000,30.0080,31.0000,30.0000,30.0000,38.0000,29.0000,30.0000,38.0000,29.0000,30.0000,31,30,30,31,30,30,38,29,30,38,29,30,31,30,31,31,30,30,38,29,30,38,29,30,43.00,40.00,30.589,0.284,2.7976,sat down ~19:22Z from 45/46C
2109.20,2026-09-28T20:02:20Z,501,31.0000,30.0000,30.0160,31.0000,30.0000,30.0000,38.0000,29.0000,30.0000,38.0000,29.0000,30.0000,31,30,30,31,30,30,38,29,30,38,29,30,31,30,31,31,30,30,38,29,30,38,29,30,43.00,40.00,30.589,0.281,2.7976,sat down ~19:22Z from 45/46C
2110.20,2026-09-28T20:02:21Z,501,31.0000,30.0000,30.0000,31.0000,30.0000,30.0000,38.0000,29.0000,30.0000,38.0000,29.0000,30.0000,31,30,30,31,30,30,38,29,30,38,29,30,31,30,30,31,30,30,38,29,30,38,29,30,43.00,40.00,30.589,0.283,2.7976,sat down ~19:22Z from 45/46C
2111.20,2026-09-28T20:02:22Z,501,31.0000,30.0000,30.0060,31.0000,30.0000,30.0000,38.0000,29.0000,30.0000,38.0000,29.0000,30.0000,31,30,30,31,30,30,38,29,30,38,29,30,31,30,31,31,30,30,38,29,30,38,29,30,43.00,40.00,30.588,0.285,2.7976,sat down ~19:22Z from 45/46C
2112.20,2026-09-28T20:02:23Z,500,31.0000,30.0000,30.0120,31.0000,30.0000,30.0000,38.0000,29.0000,30.0000,38.0000,29.0000,30.0000,31,30,30,31,30,30,38,29,30,38,29,30,31,30,31,31,30,30,38,29,30,38,29,30,43.00,40.00,30.588,0.284,2.7976,sat down ~19:22Z from 45/46C
2113.20,2026-09-28T20:02:24Z,500,31.0000,30.0000,30.0160,31.0000,30.0000,30.0000,38.0000,29.0000,30.0000,38.0000,29.0000,30.0000,31,30,30,31,30,30,38,29,30,38,29,30,31,30,31,31,30,30,38,29,30,38,29,30,43.00,40.00,30.587,0.284,2.7976,sat down ~19:22Z from 45/46C
2114.20,2026-09-28T20:02:25Z,500,31.0000,30.0000,30.0140,31.0000,30.0000,30.0000,38.0000,29.0000,30.0000,38.0000,29.0000,30.0000,31,30,30,31,30,30,38,29,30,38,29,30,31,30,31,31,30,30,38,29,30,38,29,30,43.00,40.00,30.587,0.282,2.7976,sat down ~19:22Z from 45/46C
2115.20,2026-09-28T20:02:26Z,500,31.0000,30.0000,30.0080,31.0000,30.0000,30.0000,38.0000,29.0000,30.0000,38.0000,29.0000,30.0000,31,30,30,31,30,30,38,29,30,38,29,30,31,30,31,31,30,30,38,29,30,38,29,30,43.00,40.00,30.587,0.282,2.7976,sat down ~19:22Z from 45/46C
2116.20,2026-09-28T20:02:27Z,500,31.0000,30.0000,30.0220,31.0000,30.0000,30.0000,38.0000,29.0000,30.0000,38.0000,29.0000,30.0000,31,30,30,31,30,30,38,29,30,38,29,30,31,30,31,31,30,30,38,29,30,38,29,30,43.00,40.00,30.587,0.286,2.7976,sat down ~19:22Z from 45/46C
2117.20,2026-09-28T20:02:28Z,500,31.0000,30.0000,30.0120,31.0000,30.0000,30.0000,38.0000,29.0000,30.0000,38.0000,29.0000,30.0000,31,30,30,31,30,30,38,29,30,38,29,30,31,30,31,31,30,30,38,29,30,38,29,30,43.00,40.00,30.585,0.286,2.7976,sat down ~19:22Z from 45/46C
2118.21,2026-09-28T20:02:29Z,501,31.0000,30.0000,30.0120,31.0000,30.0000,30.0000,38.0000,29.0000,30.0000,38.0000,29.0000,30.0000,31,30,30,31,30,30,38,29,30,38,29,30,31,30,31,31,30,30,38,29,30,38,29,30,43.00,40.00,30.585,0.283,2.7976,sat down ~19:22Z from 45/46C
2119.21,2026-09-28T20:02:30Z,501,31.0000,30.0000,30.0000,31.0000,30.0000,30.0000,38.0000,29.0000,30.0000,38.0000,29.0000,30.0000,31,30,30,31,30,30,38,29,30,38,29,30,31,30,30,31,30,30,38,29,30,38,29,30,43.00,40.00,30.585,0.284,2.7976,sat down ~19:22Z from 45/46C
2120.21,2026-09-28T20:02:31Z,501,31.0000,30.0000,30.0200,31.0000,30.0000,30.0000,38.0000,29.0000,30.0000,38.0000,29.0000,30.0000,31,30,30,31,30,30,38,29,30,38,29,30,31,30,31,31,30,30,38,29,30,38,29,30,43.00,40.00,30.585,0.282,2.7976,sat down ~19:22Z from 45/46C
2121.21,2026-09-28T20:02:32Z,501,31.0000,30.0000,30.0180,31.0000,30.0000,30.0000,38.0000,29.0000,30.0000,38.0000,29.0000,30.0000,31,30,30,31,30,30,38,29,30,38,29,30,31,30,31,31,30,30,38,29,30,38,29,30,43.00,40.00,30.585,0.281,2.7976,sat down ~19:22Z from 45/46C
2122.21,2026-09-28T20:02:33Z,501,31.0000,30.0000,30.0060,31.0000,30.0000,30.0000,38.0000,29.0000,30.0000,38.0000,29.0000,30.0000,31,30,30,31,30,30,38,29,30,38,29,30,31,30,31,31,30,30,38,29,30,38,29,30,43.00,40.00,30.584,0.281,2.7976,sat down ~19:22Z from 45/46C
2123.21,2026-09-28T20:02:34Z,500,31.0000,30.0000,30.0240,31.0000,30.0000,30.0000,38.0000,29.0000,30.0000,38.0000,29.0000,30.0000,31,30,30,31,30,30,38,29,30,38,29,30,31,30,31,31,30,30,38,29,30,38,29,30,43.00,40.00,30.584,0.281,2.7976,sat down ~19:22Z from 45/46C
2124.22,2026-09-28T20:02:35Z,501,31.0000,30.0000,30.0080,31.0000,30.0000,30.0000,38.0000,29.0000,30.0000,38.0000,29.0000,30.0000,31,30,30,31,30,30,38,29,30,38,29,30,31,30,31,31,30,30,38,29,30,38,29,30,43.00,40.00,30.584,0.277,2.7976,sat down ~19:22Z from 45/46C
2125.22,2026-09-28T20:02:36Z,500,31.0000,30.0000,30.0000,31.0000,30.0000,30.0000,38.0000,29.0000,30.0000,38.0000,29.0000,30.0000,31,30,30,31,30,30,38,29,30,38,29,30,31,30,30,31,30,30,38,29,30,38,29,30,43.00,40.00,30.583,0.282,2.7976,sat down ~19:22Z from 45/46C
2126.22,2026-09-28T20:02:37Z,501,31.0000,30.0000,30.0160,31.0000,30.0000,30.0000,38.0000,29.0000,30.0000,38.0000,29.0000,30.0000,31,30,30,31,30,30,38,29,30,38,29,30,31,30,31,31,30,30,38,29,30,38,29,30,43.00,40.00,30.583,0.282,2.7976,sat down ~19:22Z from 45/46C
2127.22,2026-09-28T20:02:38Z,500,31.0000,30.0000,30.0280,31.0000,30.0000,30.0000,38.0000,29.0000,30.0000,38.0000,29.0000,30.0000,31,30,30,31,30,30,38,29,30,38,29,30,31,30,31,31,30,30,38,29,30,38,29,30,43.00,40.00,30.582,0.284,2.7976,sat down ~19:22Z from 45/46C
2128.22,2026-09-28T20:02:39Z,501,31.0000,30.0000,30.0160,31.0000,30.0000,30.0000,38.0000,29.0000,30.0000,38.0000,29.0000,30.0000,31,30,30,31,30,30,38,29,30,38,29,30,31,30,31,31,30,30,38,29,30,38,29,30,43.00,40.00,30.582,0.285,2.7976,sat down ~19:22Z from 45/46C
2129.22,2026-09-28T20:02:40Z,500,31.0000,30.0000,30.0280,31.0000,30.0000,30.0000,38.0000,29.0000,30.0000,38.0000,29.0000,30.0000,31,30,30,31,30,30,38,29,30,38,29,30,31,30,31,31,30,30,38,29,30,38,29,30,43.00,40.00,30.583,0.282,2.7976,sat down ~19:22Z from 45/46C
2130.22,2026-09-28T20:02:41Z,501,31.0000,30.0000,30.0160,31.0000,30.0000,30.0000,38.0000,29.0000,30.0000,38.0000,29.0000,30.0000,31,30,30,31,30,30,38,29,30,38,29,30,31,30,31,31,30,30,38,29,30,38,29,30,43.00,40.00,30.581,0.283,2.7976,sat down ~19:22Z from 45/46C
2131.22,2026-09-28T20:02:42Z,500,31.0000,30.0000,30.0340,31.0000,30.0000,30.0000,38.0000,29.0000,30.0000,38.0000,29.0000,30.0000,31,30,30,31,30,30,38,29,30,38,29,30,31,30,31,31,30,30,38,29,30,38,29,30,43.00,40.00,30.581,0.285,2.7976,sat down ~19:22Z from 45/46C
2132.22,2026-09-28T20:02:43Z,500,31.0000,30.0000,30.0260,31.0000,30.0000,30.0000,38.0000,29.0000,30.0000,38.0000,29.0000,30.0000,31,30,30,31,30,30,38,29,30,38,29,30,31,30,31,31,30,30,38,29,30,38,29,30,43.00,40.00,30.581,0.281,2.7976,sat down ~19:22Z from 45/46C
2133.23,2026-09-28T20:02:44Z,500,31.0000,30.0000,30.0320,31.0000,30.0000,30.0000,38.0000,29.0000,30.0000,38.0000,29.0000,30.0000,31,30,30,31,30,30,38,29,30,38,29,30,31,30,31,31,30,30,38,29,30,38,29,30,43.00,40.00,30.581,0.280,2.7976,sat down ~19:22Z from 45/46C
2134.23,2026-09-28T20:02:45Z,501,31.0000,30.0000,30.0479,31.0000,30.0000,30.0000,38.0000,29.0000,30.0000,38.0000,29.0000,30.0000,31,30,30,31,30,30,38,29,30,38,29,30,31,30,31,31,30,30,38,29,30,38,29,30,43.00,40.00,30.581,0.279,2.7976,sat down ~19:22Z from 45/46C
2135.23,2026-09-28T20:02:46Z,500,31.0000,30.0000,30.0320,31.0000,30.0000,30.0000,38.0000,29.0000,30.0000,38.0000,29.0000,30.0000,31,30,30,31,30,30,38,29,30,38,29,30,31,30,31,31,30,30,38,29,30,38,29,30,43.00,40.00,30.581,0.279,2.7976,sat down ~19:22Z from 45/46C
2136.23,2026-09-28T20:02:47Z,500,31.0000,30.0000,30.0340,31.0000,30.0000,30.0000,38.0000,29.0000,30.0000,38.0000,29.0000,30.0000,31,30,30,31,30,30,38,29,30,38,29,30,31,30,31,31,30,30,38,29,30,38,29,30,43.00,40.00,30.580,0.278,2.7976,sat down ~19:22Z from 45/46C
2137.23,2026-09-28T20:02:48Z,501,31.0000,30.0000,30.0439,31.0000,30.0000,30.0000,38.0000,29.0000,30.0000,38.0000,29.0000,30.0000,31,30,30,31,30,30,38,29,30,38,29,30,31,30,31,31,30,30,38,29,30,38,29,30,43.00,40.00,30.580,0.279,2.7976,sat down ~19:22Z from 45/46C
2138.23,2026-09-28T20:02:49Z,500,31.0000,30.0000,30.0220,31.0000,30.0000,30.0000,38.0000,29.0000,30.0000,38.0000,29.0000,30.0000,31,30,30,31,30,30,38,29,30,38,29,30,31,30,31,31,30,30,38,29,30,38,29,30,43.00,40.00,30.579,0.280,2.7976,sat down ~19:22Z from 45/46C
2139.23,2026-09-28T20:02:50Z,501,31.0000,30.0000,30.0559,31.0000,30.0000,30.0000,38.0000,29.0000,30.0000,38.0000,29.0000,30.0000,31,30,30,31,30,30,38,29,30,38,29,30,31,30,31,31,30,30,38,29,30,38,29,30,43.00,40.00,30.580,0.278,2.7976,sat down ~19:22Z from 45/46C
2140.23,2026-09-28T20:02:51Z,500,31.0000,30.0000,30.0360,31.0000,30.0000,30.0000,38.0000,29.0000,30.0000,38.0000,29.0000,30.0000,31,30,30,31,30,30,38,29,30,38,29,30,31,30,31,31,30,30,38,29,30,38,29,30,43.00,40.00,30.580,0.280,2.7976,sat down ~19:22Z from 45/46C
2141.23,2026-09-28T20:02:52Z,500,31.0000,30.0000,30.0700,31.0000,30.0000,30.0000,38.0000,29.0000,30.0000,38.0000,29.0000,30.0000,31,30,30,31,30,30,38,29,30,38,29,30,31,30,31,31,30,30,38,29,30,38,29,30,43.00,40.00,30.579,0.282,2.7976,sat down ~19:22Z from 45/46C
2142.23,2026-09-28T20:02:53Z,500,31.0000,30.0000,30.0300,31.0000,30.0000,30.0000,38.0000,29.0000,30.0000,38.0000,29.0000,30.0000,31,30,30,31,30,30,38,29,30,38,29,30,31,30,31,31,30,30,38,29,30,38,29,30,43.00,40.00,30.578,0.282,2.7976,sat down ~19:22Z from 45/46C
2143.23,2026-09-28T20:02:54Z,499,31.0000,30.0000,30.0441,31.0000,30.0000,30.0000,38.0000,29.0000,30.0000,38.0000,29.0000,30.0000,31,30,30,31,30,30,38,29,30,38,29,30,31,30,31,31,30,30,38,29,30,38,29,30,43.00,40.00,30.578,0.279,2.7976,sat down ~19:22Z from 45/46C
2144.23,2026-09-28T20:02:55Z,501,31.0000,30.0000,30.0639,31.0000,30.0000,30.0000,38.0000,29.0000,30.0000,38.0000,29.0000,30.0000,31,30,30,31,30,30,38,29,30,38,29,30,31,30,31,31,30,30,38,29,30,38,29,30,43.00,40.00,30.578,0.278,2.7976,sat down ~19:22Z from 45/46C
2145.24,2026-09-28T20:02:56Z,501,31.0000,30.0000,30.0539,31.0000,30.0000,30.0000,38.0000,29.0000,30.0000,38.0000,29.0000,30.0000,31,30,30,31,30,30,38,29,30,38,29,30,31,30,31,31,30,30,38,29,30,38,29,30,43.00,40.00,30.578,0.283,2.7976,sat down ~19:22Z from 45/46C
2146.24,2026-09-28T20:02:57Z,501,31.0000,30.0000,30.0160,31.0000,30.0000,30.0000,38.0000,29.0000,30.0000,38.0000,29.0000,30.0000,31,30,30,31,30,30,38,29,30,38,29,30,31,30,31,31,30,30,38,29,30,38,29,30,43.00,40.00,30.578,0.283,2.7976,sat down ~19:22Z from 45/46C
2147.24,2026-09-28T20:02:58Z,500,31.0000,30.0000,30.0620,31.0000,30.0000,30.0000,38.0000,29.0000,30.0000,38.0000,29.0000,30.0000,31,30,30,31,30,30,38,29,30,38,29,30,31,30,31,31,30,30,38,29,30,38,29,30,43.00,40.00,30.577,0.283,2.7976,sat down ~19:22Z from 45/46C
2148.24,2026-09-28T20:02:59Z,500,31.0000,30.0000,30.0260,31.0000,30.0000,30.0000,38.0000,29.0000,30.0000,38.0000,29.0000,30.0000,31,30,30,31,30,30,38,29,30,38,29,30,31,30,31,31,30,30,38,29,30,38,29,30,43.00,40.00,30.577,0.284,2.7976,sat down ~19:22Z from 45/46C
2149.24,2026-09-28T20:03:00Z,501,31.0000,30.0000,30.0339,31.0000,30.0000,30.0000,38.0000,29.0000,30.0000,38.0000,29.0000,30.0000,31,30,30,31,30,30,38,29,30,38,29,30,31,30,31,31,30,30,38,29,30,38,29,30,43.00,40.00,30.577,0.279,2.7976,sat down ~19:22Z from 45/46C
2150.24,2026-09-28T20:03:01Z,501,31.0000,30.0000,30.0519,31.0000,30.0000,30.0000,38.0000,29.0000,30.0000,38.0000,29.0000,30.0000,31,30,30,31,30,30,38,29,30,38,29,30,31,30,31,31,30,30,38,29,30,38,29,30,43.00,40.00,30.577,0.283,2.7976,sat down ~19:22Z from 45/46C
2151.24,2026-09-28T20:03:02Z,500,31.0000,30.0000,30.0460,31.0000,30.0000,30.0000,38.0000,29.0000,30.0000,38.0000,29.0000,30.0000,31,30,30,31,30,30,38,29,30,38,29,30,31,30,31,31,30,30,38,29,30,38,29,30,43.00,40.00,30.577,0.279,2.7976,sat down ~19:22Z from 45/46C
2152.24,2026-09-28T20:03:03Z,501,31.0000,30.0000,30.0359,31.0000,30.0000,30.0000,38.0000,29.0000,30.0000,38.0000,29.0000,30.0000,31,30,30,31,30,30,38,29,30,38,29,30,31,30,31,31,30,30,38,29,30,38,29,30,43.00,40.00,30.576,0.284,2.7976,sat down ~19:22Z from 45/46C
2153.25,2026-09-28T20:03:04Z,501,31.0000,30.0000,30.0579,31.0000,30.0000,30.0000,38.0000,29.0000,30.0000,38.0000,29.0000,30.0000,31,30,30,31,30,30,38,29,30,38,29,30,31,30,31,31,30,30,38,29,30,38,29,30,43.00,40.00,30.576,0.283,2.7976,sat down ~19:22Z from 45/46C
2154.25,2026-09-28T20:03:05Z,500,31.0000,30.0000,30.0560,31.0000,30.0000,30.0000,38.0000,29.0000,30.0000,38.0000,29.0000,30.0000,31,30,30,31,30,30,38,29,30,38,29,30,31,30,31,31,30,30,38,29,30,38,29,30,43.00,40.00,30.575,0.282,2.7976,sat down ~19:22Z from 45/46C
2155.25,2026-09-28T20:03:06Z,500,31.0000,30.0000,30.0520,31.0000,30.0000,30.0000,38.0000,29.0000,30.0000,38.0000,29.0000,30.0000,31,30,30,31,30,30,38,29,30,38,29,30,31,30,31,31,30,30,38,29,30,38,29,30,43.00,40.00,30.575,0.282,2.7976,sat down ~19:22Z from 45/46C
2156.25,2026-09-28T20:03:07Z,500,31.0000,30.0000,30.0480,31.0000,30.0000,30.0000,38.0000,29.0000,30.0000,38.0000,29.0000,30.0000,31,30,30,31,30,30,38,29,30,38,29,30,31,30,31,31,30,30,38,29,30,38,29,30,43.00,40.00,30.575,0.282,2.7976,sat down ~19:22Z from 45/46C
2157.25,2026-09-28T20:03:08Z,501,31.0000,30.0000,30.0479,31.0000,30.0000,30.0000,38.0000,29.0000,30.0000,38.0000,29.0000,30.0000,31,30,30,31,30,30,38,29,30,38,29,30,31,30,31,31,30,30,38,29,30,38,29,30,43.00,40.00,30.575,0.285,2.7976,sat down ~19:22Z from 45/46C
2158.25,2026-09-28T20:03:09Z,500,31.0000,30.0000,30.0560,31.0000,30.0000,30.0000,38.0000,29.0000,30.0000,38.0000,29.0000,30.0000,31,30,30,31,30,30,38,29,30,38,29,30,31,30,31,31,30,30,38,29,30,38,29,30,43.00,40.00,30.575,0.285,2.7976,sat down ~19:22Z from 45/46C
2159.25,2026-09-28T20:03:10Z,501,31.0000,30.0000,30.0379,31.0000,30.0000,30.0000,38.0000,29.0000,30.0000,38.0000,29.0000,30.0000,31,30,30,31,30,30,38,29,30,38,29,30,31,30,31,31,30,30,38,29,30,38,29,30,43.00,40.00,30.574,0.280,2.7976,sat down ~19:22Z from 45/46C
2160.25,2026-09-28T20:03:11Z,500,31.0000,30.0000,30.0880,31.0000,30.0000,30.0000,38.0000,29.0000,30.0000,38.0000,29.0000,30.0000,31,30,30,31,30,30,38,29,30,38,29,30,31,30,31,31,30,30,38,29,30,38,29,30,43.00,40.00,30.575,0.280,2.7976,sat down ~19:22Z from 45/46C
2161.25,2026-09-28T20:03:12Z,501,31.0000,30.0000,30.0379,31.0000,30.0000,30.0000,38.0000,29.0000,30.0000,38.0000,29.0000,30.0000,31,30,30,31,30,30,38,29,30,38,29,30,31,30,31,31,30,30,38,29,30,38,29,30,43.00,40.00,30.574,0.283,2.7976,sat down ~19:22Z from 45/46C
2162.25,2026-09-28T20:03:13Z,500,31.0000,30.0000,30.0520,31.0000,30.0000,30.0000,38.0000,29.0000,30.0000,38.0000,29.0000,30.0000,31,30,30,31,30,30,38,29,30,38,29,30,31,30,31,31,30,30,38,29,30,38,29,30,43.00,40.00,30.574,0.282,2.7976,sat down ~19:22Z from 45/46C
2163.26,2026-09-28T20:03:14Z,501,31.0000,30.0000,30.0699,31.0000,30.0000,30.0000,38.0000,29.0000,30.0000,38.0000,29.0000,30.0000,31,30,30,31,30,30,38,29,30,38,29,30,31,30,31,31,30,30,38,29,30,38,29,30,43.00,40.00,30.574,0.284,2.7976,sat down ~19:22Z from 45/46C
2164.26,2026-09-28T20:03:15Z,501,31.0000,30.0000,30.0559,31.0000,30.0000,30.0000,38.0000,29.0000,30.0000,38.0000,29.0000,30.0000,31,30,30,31,30,30,38,29,30,38,29,30,31,30,31,31,30,30,38,29,30,38,29,30,43.00,40.00,30.573,0.283,2.7976,sat down ~19:22Z from 45/46C
2165.26,2026-09-28T20:03:16Z,500,31.0000,30.0000,30.0740,31.0000,30.0000,30.0000,38.0000,29.0000,30.0000,38.0000,29.0000,30.0000,31,30,30,31,30,30,38,29,30,38,29,30,31,30,31,31,30,30,38,29,30,38,29,30,43.00,40.00,30.573,0.283,2.7976,sat down ~19:22Z from 45/46C
2166.26,2026-09-28T20:03:17Z,500,31.0000,30.0000,30.0700,31.0000,30.0000,30.0000,38.0000,29.0000,30.0000,38.0000,29.0000,30.0000,31,30,30,31,30,30,38,29,30,38,29,30,31,30,31,31,30,30,38,29,30,38,29,30,43.00,40.00,30.573,0.282,2.7976,sat down ~19:22Z from 45/46C
2167.26,2026-09-28T20:03:18Z,500,31.0000,30.0000,30.0980,31.0000,30.0000,30.0000,38.0000,29.0000,30.0000,38.0000,29.0000,30.0000,31,30,30,31,30,30,38,29,30,38,29,30,31,30,31,31,30,30,38,29,30,38,29,30,43.00,40.00,30.573,0.284,2.7976,sat down ~19:22Z from 45/46C
2168.26,2026-09-28T20:03:19Z,500,31.0000,30.0000,30.0580,31.0000,30.0000,30.0000,38.0000,29.0000,30.0000,38.0000,29.0000,30.0000,31,30,30,31,30,30,38,29,30,38,29,30,31,30,31,31,30,30,38,29,30,38,29,30,43.00,40.00,30.573,0.284,2.7976,sat down ~19:22Z from 45/46C
2169.26,2026-09-28T20:03:20Z,500,31.0000,30.0000,30.0740,31.0000,30.0000,30.0000,38.0000,29.0000,30.0000,38.0000,29.0000,30.0000,31,30,30,31,30,30,38,29,30,38,29,30,31,30,31,31,30,30,38,29,30,38,29,30,43.00,40.00,30.572,0.286,2.7976,sat down ~19:22Z from 45/46C
2170.26,2026-09-28T20:03:21Z,501,31.0000,30.0000,30.0619,31.0000,30.0000,30.0000,38.0000,29.0000,30.0000,38.0000,29.0000,30.0000,31,30,30,31,30,30,38,29,30,38,29,30,31,30,31,31,30,30,38,29,30,38,29,30,43.00,40.00,30.572,0.285,2.7976,sat down ~19:22Z from 45/46C
2171.26,2026-09-28T20:03:22Z,500,31.0000,30.0000,30.0540,31.0000,30.0000,30.0000,38.0000,29.0000,30.0000,38.0000,29.0000,30.0000,31,30,30,31,30,30,38,29,30,38,29,30,31,30,31,31,30,30,38,29,30,38,29,30,43.00,40.00,30.572,0.284,2.7976,sat down ~19:22Z from 45/46C
2172.27,2026-09-28T20:03:23Z,501,31.0000,30.0000,30.0559,31.0000,30.0000,30.0000,38.0000,29.0000,30.0000,38.0000,29.0000,30.0000,31,30,30,31,30,30,38,29,30,38,29,30,31,30,31,31,30,30,38,29,30,38,29,30,43.00,40.00,30.572,0.282,2.7976,sat down ~19:22Z from 45/46C
2173.27,2026-09-28T20:03:24Z,501,31.0000,30.0000,30.0579,31.0000,30.0000,30.0000,38.0000,29.0000,30.0000,38.0000,29.0000,30.0000,31,30,30,31,30,30,38,29,30,38,29,30,31,30,31,31,30,30,38,29,30,38,29,30,43.00,40.00,30.571,0.284,2.7976,sat down ~19:22Z from 45/46C
2174.27,2026-09-28T20:03:25Z,500,31.0000,30.0000,30.0560,31.0000,30.0000,30.0000,38.0000,29.0000,30.0000,38.0000,29.0000,30.0000,31,30,30,31,30,30,38,29,30,38,29,30,31,30,31,31,30,30,38,29,30,38,29,30,43.00,40.00,30.571,0.284,2.7976,sat down ~19:22Z from 45/46C
2175.27,2026-09-28T20:03:26Z,500,31.0000,30.0000,30.0740,31.0000,30.0000,30.0000,38.0000,29.0000,30.0000,38.0000,29.0000,30.0000,31,30,30,31,30,30,38,29,30,38,29,30,31,30,31,31,30,30,38,29,30,38,29,30,43.00,40.00,30.571,0.282,2.7976,sat down ~19:22Z from 45/46C
2176.27,2026-09-28T20:03:27Z,500,31.0000,30.0000,30.0420,31.0000,30.0000,30.0000,38.0000,29.0000,30.0000,38.0000,29.0000,30.0000,31,30,30,31,30,30,38,29,30,38,29,30,31,30,31,31,30,30,38,29,30,38,29,30,43.00,40.00,30.571,0.285,2.7976,sat down ~19:22Z from 45/46C
2177.27,2026-09-28T20:03:28Z,501,31.0000,30.0000,30.0679,31.0000,30.0000,30.0000,38.0000,29.0000,30.0000,38.0000,29.0000,30.0000,31,30,30,31,30,30,38,29,30,38,29,30,31,30,31,31,30,30,38,29,30,38,29,30,43.00,40.00,30.570,0.283,2.7976,sat down ~19:22Z from 45/46C
2178.27,2026-09-28T20:03:29Z,499,31.0000,30.0000,30.0541,31.0000,30.0000,30.0000,38.0000,29.0000,30.0000,38.0000,29.0000,30.0000,31,30,30,31,30,30,38,29,30,38,29,30,31,30,31,31,30,30,38,29,30,38,29,30,43.00,40.00,30.570,0.284,2.7976,sat down ~19:22Z from 45/46C
2179.27,2026-09-28T20:03:30Z,501,31.0000,30.0000,30.0579,31.0000,30.0000,30.0000,38.0000,29.0000,30.0000,38.0000,29.0000,30.0000,31,30,30,31,30,30,38,29,30,38,29,30,31,30,31,31,30,30,38,29,30,38,29,30,43.00,40.00,30.570,0.285,2.7976,sat down ~19:22Z from 45/46C
2180.27,2026-09-28T20:03:31Z,501,31.0000,30.0000,30.1038,31.0000,30.0000,30.0000,38.0000,29.0000,30.0000,38.0000,29.0000,30.0000,31,30,30,31,30,30,38,29,30,38,29,30,31,30,31,31,30,30,38,29,30,38,29,30,43.00,40.00,30.569,0.279,2.7976,sat down ~19:22Z from 45/46C
2181.28,2026-09-28T20:03:32Z,501,31.0000,30.0000,30.1058,31.0000,30.0000,30.0000,38.0000,29.0000,30.0000,38.0000,29.0000,30.0000,31,30,30,31,30,30,38,29,30,38,29,30,31,30,31,31,30,30,38,29,30,38,29,30,43.00,40.00,30.570,0.283,2.7976,sat down ~19:22Z from 45/46C
2182.28,2026-09-28T20:03:33Z,499,31.0000,30.0000,30.0401,31.0000,30.0000,30.0000,38.0000,29.0000,30.0000,38.0000,29.0000,30.0000,31,30,30,31,30,30,38,29,30,38,29,30,31,30,31,31,30,30,38,29,30,38,29,30,43.00,40.00,30.569,0.280,2.7976,sat down ~19:22Z from 45/46C
2183.28,2026-09-28T20:03:34Z,500,31.0000,30.0000,30.0840,31.0000,30.0000,30.0000,38.0000,29.0000,30.0000,38.0000,29.0000,30.0000,31,30,30,31,30,30,38,29,30,38,29,30,31,30,31,31,30,30,38,29,30,38,29,30,43.00,40.00,30.570,0.282,2.7976,sat down ~19:22Z from 45/46C
2184.28,2026-09-28T20:03:35Z,501,31.0000,30.0000,30.0898,31.0000,30.0000,30.0000,38.0000,29.0000,30.0000,38.0000,29.0000,30.0000,31,30,30,31,30,30,38,29,30,38,29,30,31,30,31,31,30,30,38,29,30,38,29,30,43.00,40.00,30.569,0.281,2.7976,sat down ~19:22Z from 45/46C
2185.28,2026-09-28T20:03:36Z,501,31.0000,30.0000,30.0719,31.0000,30.0000,30.0000,38.0000,29.0000,30.0000,38.0000,29.0000,30.0000,31,30,30,31,30,30,38,29,30,38,29,30,31,30,31,31,30,30,38,29,30,38,29,30,43.00,40.00,30.568,0.285,2.7976,sat down ~19:22Z from 45/46C
2186.28,2026-09-28T20:03:37Z,500,31.0000,30.0000,30.1060,31.0000,30.0000,30.0000,38.0000,29.0000,30.0000,38.0000,29.0000,30.0000,31,30,30,31,30,30,38,29,30,38,29,30,31,30,31,31,30,30,38,29,30,38,29,30,43.00,40.00,30.568,0.288,2.7976,sat down ~19:22Z from 45/46C
2187.28,2026-09-28T20:03:38Z,501,31.0000,30.0000,30.0459,31.0000,30.0000,30.0000,38.0000,29.0000,30.0000,38.0000,29.0000,30.0000,31,30,30,31,30,30,38,29,30,38,29,30,31,30,31,31,30,30,38,29,30,38,29,30,43.00,40.00,30.568,0.287,2.7976,sat down ~19:22Z from 45/46C
2188.28,2026-09-28T20:03:39Z,501,31.0000,30.0000,30.0858,31.0000,30.0000,30.0000,38.0000,29.0000,30.0000,38.0000,29.0000,30.0000,31,30,30,31,30,30,38,29,30,38,29,30,31,30,31,31,30,30,38,29,30,38,29,30,43.00,40.00,30.568,0.283,2.7976,sat down ~19:22Z from 45/46C
2189.28,2026-09-28T20:03:40Z,500,31.0000,30.0000,30.0520,31.0000,30.0000,30.0000,38.0000,29.0000,30.0000,38.0000,29.0000,30.0000,31,30,30,31,30,30,38,29,30,38,29,30,31,30,31,31,30,30,38,29,30,38,29,30,43.00,40.00,30.568,0.281,2.7976,sat down ~19:22Z from 45/46C
2190.28,2026-09-28T20:03:41Z,500,31.0000,30.0000,30.0580,31.0000,30.0000,30.0000,38.0000,29.0000,30.0000,38.0000,29.0000,30.0000,31,30,30,31,30,30,38,29,30,38,29,30,31,30,31,31,30,30,38,29,30,38,29,30,43.00,40.00,30.568,0.284,2.7976,sat down ~19:22Z from 45/46C
2191.28,2026-09-28T20:03:42Z,500,31.0000,30.0000,30.0700,31.0000,30.0000,30.0000,38.0000,29.0000,30.0000,38.0000,29.0000,30.0000,31,30,30,31,30,30,38,29,30,38,29,30,31,30,31,31,30,30,38,29,30,38,29,30,43.00,40.00,30.566,0.282,2.7976,sat down ~19:22Z from 45/46C
2192.28,2026-09-28T20:03:43Z,500,31.0000,30.0000,30.1120,31.0000,30.0000,30.0000,38.0000,29.0000,30.0000,38.0000,29.0000,30.0000,31,30,30,31,30,30,38,29,30,38,29,30,31,30,31,31,30,30,38,29,30,38,29,30,43.00,40.00,30.567,0.284,2.7976,sat down ~19:22Z from 45/46C
2193.29,2026-09-28T20:03:44Z,501,31.0000,30.0000,30.0279,31.0000,30.0000,30.0000,38.0000,29.0000,30.0000,38.0000,29.0000,30.0000,31,30,30,31,30,30,38,29,30,38,29,30,31,30,31,31,30,30,38,29,30,38,29,30,43.00,40.00,30.566,0.282,2.7976,sat down ~19:22Z from 45/46C
2194.29,2026-09-28T20:03:45Z,500,31.0000,30.0000,30.0680,31.0000,30.0000,30.0000,38.0000,29.0000,30.0000,38.0000,29.0000,30.0000,31,30,30,31,30,30,38,29,30,38,29,30,31,30,31,31,30,30,38,29,30,38,29,30,43.00,40.00,30.566,0.284,2.7976,sat down ~19:22Z from 45/46C
2195.29,2026-09-28T20:03:46Z,501,31.0000,30.0000,30.0798,31.0000,30.0000,30.0000,38.0000,29.0000,30.0000,38.0000,29.0000,30.0000,31,30,30,31,30,30,38,29,30,38,29,30,31,30,31,31,30,30,38,29,30,38,29,30,43.00,40.00,30.565,0.284,2.7976,sat down ~19:22Z from 45/46C
2196.29,2026-09-28T20:03:47Z,500,31.0000,30.0000,30.0980,31.0000,30.0000,30.0000,38.0000,29.0000,30.0000,38.0000,29.0000,30.0000,31,30,30,31,30,30,38,29,30,38,29,30,31,30,31,31,30,30,38,29,30,38,29,30,43.00,40.00,30.565,0.286,2.7976,sat down ~19:22Z from 45/46C
2197.29,2026-09-28T20:03:48Z,501,31.0000,30.0000,30.0758,31.0000,30.0000,30.0000,38.0000,29.0000,30.0000,38.0000,29.0000,30.0000,31,30,30,31,30,30,38,29,30,38,29,30,31,30,31,31,30,30,38,29,30,38,29,30,43.00,40.00,30.565,0.283,2.7976,sat down ~19:22Z from 45/46C
2198.29,2026-09-28T20:03:49Z,500,31.0000,30.0000,30.0820,31.0000,30.0000,30.0000,38.0000,29.0000,30.0000,38.0000,29.0000,30.0000,31,30,30,31,30,30,38,29,30,38,29,30,31,30,31,31,30,30,38,29,30,38,29,30,43.00,40.00,30.565,0.292,2.7976,sat down ~19:22Z from 45/46C
2199.29,2026-09-28T20:03:50Z,501,31.0000,30.0000,30.0719,31.0000,30.0000,30.0000,38.0000,29.0000,30.0000,38.0000,29.0000,30.0000,31,30,30,31,30,30,38,29,30,38,29,30,31,30,31,31,30,30,38,29,30,38,29,30,43.00,40.00,30.565,0.285,2.7976,sat down ~19:22Z from 45/46C
2200.29,2026-09-28T20:03:51Z,500,31.0000,30.0000,30.0900,31.0000,30.0000,30.0000,38.0000,29.0000,30.0000,38.0000,29.0000,30.0000,31,30,30,31,30,30,38,29,30,38,29,30,31,30,31,31,30,30,38,29,30,38,29,30,43.00,40.00,30.564,0.287,2.7976,sat down ~19:22Z from 45/46C
2201.29,2026-09-28T20:03:52Z,501,31.0000,30.0000,30.0559,31.0000,30.0000,30.0000,38.0000,29.0000,30.0000,38.0000,29.0000,30.0000,31,30,30,31,30,30,38,29,30,38,29,30,31,30,31,31,30,30,38,29,30,38,29,30,43.00,40.00,30.565,0.288,2.7976,sat down ~19:22Z from 45/46C
2202.30,2026-09-28T20:03:53Z,500,31.0000,30.0000,30.1060,31.0000,30.0000,30.0000,38.0000,29.0000,30.0000,38.0000,29.0000,30.0000,31,30,30,31,30,30,38,29,30,38,29,30,31,30,31,31,30,30,38,29,30,38,29,30,43.00,40.00,30.564,0.286,2.7976,sat down ~19:22Z from 45/46C
2203.30,2026-09-28T20:03:54Z,501,31.0000,30.0000,30.0758,31.0000,30.0000,30.0000,38.0000,29.0000,30.0000,38.0000,29.0000,30.0000,31,30,30,31,30,30,38,29,30,38,29,30,31,30,31,31,30,30,38,29,30,38,29,30,43.00,40.00,30.564,0.286,2.7976,sat down ~19:22Z from 45/46C
2204.30,2026-09-28T20:03:55Z,500,31.0000,30.0000,30.1660,31.0000,30.0000,30.0000,38.0000,29.0000,30.0000,38.0000,29.0000,30.0000,31,30,30,31,30,30,38,29,30,38,29,30,31,30,31,31,30,30,38,29,30,38,29,30,43.00,40.00,30.564,0.287,2.7976,sat down ~19:22Z from 45/46C
2205.30,2026-09-28T20:03:56Z,501,31.0000,30.0000,30.1337,31.0000,30.0000,30.0000,38.0000,29.0000,30.0000,38.0000,29.0000,30.0000,31,30,30,31,30,30,38,29,30,38,29,30,31,30,31,31,30,30,38,29,30,38,29,30,43.00,40.00,30.564,0.288,2.7976,sat down ~19:22Z from 45/46C
2206.30,2026-09-28T20:03:57Z,501,31.0000,30.0000,30.0878,31.0000,30.0000,30.0000,38.0000,29.0000,30.0000,38.0000,29.0000,30.0000,31,30,30,31,30,30,38,29,30,38,29,30,31,30,31,31,30,30,38,29,30,38,29,30,43.00,40.00,30.564,0.287,2.7976,sat down ~19:22Z from 45/46C
2207.30,2026-09-28T20:03:58Z,501,31.0000,30.0000,30.1277,31.0000,30.0000,30.0000,38.0000,29.0000,30.0000,38.0000,29.0000,30.0000,31,30,30,31,30,30,38,29,30,38,29,30,31,30,31,31,30,30,38,29,30,38,29,30,43.00,40.00,30.564,0.285,2.7976,sat down ~19:22Z from 45/46C
2208.30,2026-09-28T20:03:59Z,500,31.0000,30.0000,30.0940,31.0000,30.0000,30.0000,38.0000,29.0000,30.0000,38.0000,29.0000,30.0000,31,30,30,31,30,30,38,29,30,38,29,30,31,30,31,31,30,30,38,29,30,38,29,30,43.00,40.00,30.563,0.283,2.7976,sat down ~19:22Z from 45/46C
2209.30,2026-09-28T20:04:00Z,501,31.0000,30.0000,30.1317,31.0000,30.0000,30.0000,38.0000,29.0000,30.0000,38.0000,29.0000,30.0000,31,30,30,31,30,30,38,29,30,38,29,30,31,30,31,31,30,30,38,29,30,38,29,30,43.00,40.00,30.563,0.280,2.7976,sat down ~19:22Z from 45/46C
2210.30,2026-09-28T20:04:01Z,500,31.0000,30.0000,30.1260,31.0000,30.0000,30.0000,38.0000,29.0000,30.0000,38.0000,29.0000,30.0000,31,30,30,31,30,30,38,29,30,38,29,30,31,30,31,31,30,30,38,29,30,38,29,30,43.00,40.00,30.562,0.284,2.7976,sat down ~19:22Z from 45/46C
2211.31,2026-09-28T20:04:02Z,501,31.0000,30.0000,30.0719,31.0000,30.0000,30.0000,38.0000,29.0000,30.0000,38.0000,29.0000,30.0000,31,30,30,31,30,30,38,29,30,38,29,30,31,30,31,31,30,30,38,29,30,38,29,30,43.00,40.00,30.563,0.288,2.7976,sat down ~19:22Z from 45/46C
2212.31,2026-09-28T20:04:03Z,500,31.0000,30.0000,30.1280,31.0000,30.0000,30.0000,38.0000,29.0000,30.0000,38.0000,29.0000,30.0000,31,30,30,31,30,30,38,29,30,38,29,30,31,30,31,31,30,30,38,29,30,38,29,30,43.00,40.00,30.562,0.283,2.7976,sat down ~19:22Z from 45/46C
2213.31,2026-09-28T20:04:04Z,501,31.0000,30.0000,30.1597,31.0000,30.0000,30.0000,38.0000,29.0000,30.0000,38.0000,29.0000,30.0000,31,30,30,31,30,30,38,29,30,38,29,30,31,30,31,31,30,30,38,29,30,38,29,30,43.00,40.00,30.562,0.284,2.7976,sat down ~19:22Z from 45/46C
2214.31,2026-09-28T20:04:05Z,501,31.0000,30.0000,30.1477,31.0000,30.0000,30.0000,38.0000,29.0000,30.0000,38.0000,29.0000,30.0000,31,30,30,31,30,30,38,29,30,38,29,30,31,30,31,31,30,30,38,29,30,38,29,30,43.00,40.00,30.561,0.284,2.7976,sat down ~19:22Z from 45/46C
2215.31,2026-09-28T20:04:06Z,500,31.0000,30.0000,30.1400,31.0000,30.0000,30.0000,38.0000,29.0000,30.0000,38.0000,29.0000,30.0000,31,30,30,31,30,30,38,29,30,38,29,30,31,30,31,31,30,30,38,29,30,38,29,30,43.00,40.00,30.562,0.283,2.7976,sat down ~19:22Z from 45/46C
2216.31,2026-09-28T20:04:07Z,501,31.0000,30.0000,30.1517,31.0000,30.0000,30.0000,38.0000,29.0000,30.0000,38.0000,29.0000,30.0000,31,30,30,31,30,30,38,29,30,38,29,30,31,30,31,31,30,30,38,29,30,38,29,30,43.00,40.00,30.562,0.284,2.7976,sat down ~19:22Z from 45/46C
2217.31,2026-09-28T20:04:08Z,500,31.0000,30.0000,30.1300,31.0000,30.0000,30.0000,38.0000,29.0000,30.0000,38.0000,29.0000,30.0000,31,30,30,31,30,30,38,29,30,38,29,30,31,30,31,31,30,30,38,29,30,38,29,30,43.00,40.00,30.561,0.285,2.7976,sat down ~19:22Z from 45/46C
2218.31,2026-09-28T20:04:09Z,501,31.0000,30.0000,30.1058,31.0000,30.0000,30.0000,38.0000,29.0000,30.0000,38.0000,29.0000,30.0000,31,30,30,31,30,30,38,29,30,38,29,30,31,30,31,31,30,30,38,29,30,38,29,30,43.00,40.00,30.561,0.279,2.7976,sat down ~19:22Z from 45/46C
2219.32,2026-09-28T20:04:10Z,501,31.0000,30.0000,30.1257,31.0000,30.0000,30.0000,38.0000,29.0000,30.0000,38.0000,29.0000,30.0000,31,30,30,31,30,30,38,29,30,38,29,30,31,30,31,31,30,30,38,29,30,38,29,30,43.00,40.00,30.561,0.281,2.7976,sat down ~19:22Z from 45/46C
2220.32,2026-09-28T20:04:11Z,500,31.0000,30.0000,30.1700,31.0000,30.0000,30.0000,38.0000,29.0000,30.0000,38.0000,29.0000,30.0000,31,30,30,31,30,30,38,29,30,38,29,30,31,30,31,31,30,30,38,29,30,38,29,30,43.00,40.00,30.560,0.281,2.7976,sat down ~19:22Z from 45/46C
2221.32,2026-09-28T20:04:12Z,501,31.0000,30.0000,30.1317,31.0000,30.0000,30.0000,38.0000,29.0000,30.0000,38.0000,29.0000,30.0000,31,30,30,31,30,30,38,29,30,38,29,30,31,30,31,31,30,30,38,29,30,38,29,30,43.00,40.00,30.560,0.282,2.7976,sat down ~19:22Z from 45/46C
2222.32,2026-09-28T20:04:13Z,499,31.0000,30.0000,30.0842,31.0000,30.0000,30.0000,38.0000,29.0000,30.0000,38.0000,29.0000,30.0000,31,30,30,31,30,30,38,29,30,38,29,30,31,30,31,31,30,30,38,29,30,38,29,30,43.00,40.00,30.560,0.282,2.7976,sat down ~19:22Z from 45/46C
2223.32,2026-09-28T20:04:14Z,500,31.0000,30.0000,30.1360,31.0000,30.0000,30.0000,38.0000,29.0000,30.0000,38.0000,29.0000,30.0000,31,30,30,31,30,30,38,29,30,38,29,30,31,30,31,31,30,30,38,29,30,38,29,30,43.00,40.00,30.560,0.286,2.7976,sat down ~19:22Z from 45/46C
2224.32,2026-09-28T20:04:15Z,501,31.0000,30.0000,30.1577,31.0000,30.0000,30.0000,38.0000,29.0000,30.0000,38.0000,29.0000,30.0000,31,30,30,31,30,30,38,29,30,38,29,30,31,30,31,31,30,30,38,29,30,38,29,30,43.00,40.00,30.560,0.280,2.7976,sat down ~19:22Z from 45/46C
2225.32,2026-09-28T20:04:16Z,500,31.0000,30.0000,30.1200,31.0000,30.0000,30.0000,38.0000,29.0000,30.0000,38.0000,29.0000,30.0000,31,30,30,31,30,30,38,29,30,38,29,30,31,30,31,31,30,30,38,29,30,38,29,30,43.00,40.00,30.559,0.278,2.7976,sat down ~19:22Z from 45/46C
2226.32,2026-09-28T20:04:17Z,501,31.0000,30.0000,30.1198,31.0000,30.0000,30.0000,38.0000,29.0000,30.0000,38.0000,29.0000,30.0000,31,30,30,31,30,30,38,29,30,38,29,30,31,30,31,31,30,30,38,29,30,38,29,30,43.00,40.00,30.559,0.278,2.7976,sat down ~19:22Z from 45/46C
2227.32,2026-09-28T20:04:18Z,501,31.0000,30.0000,30.1637,31.0000,30.0000,30.0000,38.0000,29.0000,30.0000,38.0000,29.0000,30.0000,31,30,30,31,30,30,38,29,30,38,29,30,31,30,31,31,30,30,38,29,30,38,29,30,43.00,40.00,30.559,0.282,2.7976,sat down ~19:22Z from 45/46C
2228.32,2026-09-28T20:04:19Z,500,31.0000,30.0000,30.0800,31.0000,30.0000,30.0000,38.0000,29.0000,30.0000,38.0000,29.0000,30.0000,31,30,30,31,30,30,38,29,30,38,29,30,31,30,31,31,30,30,38,29,30,38,29,30,43.00,40.00,30.559,0.279,2.7976,sat down ~19:22Z from 45/46C
2229.32,2026-09-28T20:04:20Z,500,31.0000,30.0000,30.0960,31.0000,30.0000,30.0000,38.0000,29.0000,30.0000,38.0000,29.0000,30.0000,31,30,30,31,30,30,38,29,30,38,29,30,31,30,31,31,30,30,38,29,30,38,29,30,43.00,40.00,30.559,0.281,2.7976,sat down ~19:22Z from 45/46C
2230.33,2026-09-28T20:04:21Z,501,31.0000,30.0000,30.1158,31.0000,30.0000,30.0000,38.0000,29.0000,30.0000,38.0000,29.0000,30.0000,31,30,30,31,30,30,38,29,30,38,29,30,31,30,31,31,30,30,38,29,30,38,29,30,43.00,40.00,30.558,0.282,2.7976,sat down ~19:22Z from 45/46C
2231.33,2026-09-28T20:04:22Z,501,31.0000,30.0000,30.1397,31.0000,30.0000,30.0000,38.0000,29.0000,30.0000,38.0000,29.0000,30.0000,31,30,30,31,30,30,38,29,30,38,29,30,31,30,31,31,30,30,38,29,30,38,29,30,43.00,40.00,30.558,0.285,2.7976,sat down ~19:22Z from 45/46C
2232.33,2026-09-28T20:04:23Z,500,31.0000,30.0000,30.1160,31.0000,30.0000,30.0000,38.0000,29.0000,30.0000,38.0000,29.0000,30.0000,31,30,30,31,30,30,38,29,30,38,29,30,31,30,31,31,30,30,38,29,30,38,29,30,43.00,40.00,30.557,0.279,2.7976,sat down ~19:22Z from 45/46C
2233.33,2026-09-28T20:04:24Z,501,31.0000,30.0000,30.1138,31.0000,30.0000,30.0000,38.0000,29.0000,30.0000,38.0000,29.0000,30.0000,31,30,30,31,30,30,38,29,30,38,29,30,31,30,31,31,30,30,38,29,30,38,29,30,43.00,40.00,30.557,0.282,2.7976,sat down ~19:22Z from 45/46C
2234.33,2026-09-28T20:04:25Z,501,31.0000,30.0000,30.1317,31.0000,30.0000,30.0000,38.0000,29.0000,30.0000,38.0000,29.0000,30.0000,31,30,30,31,30,30,38,29,30,38,29,30,31,30,31,31,30,30,38,29,30,38,29,30,43.00,40.00,30.557,0.278,2.7976,sat down ~19:22Z from 45/46C
2235.33,2026-09-28T20:04:26Z,500,31.0000,30.0000,30.1560,31.0000,30.0000,30.0000,38.0000,29.0000,30.0000,38.0000,29.0000,30.0000,31,30,30,31,30,30,38,29,30,38,29,30,31,30,31,31,30,30,38,29,30,38,29,30,43.00,40.00,30.557,0.279,2.7976,sat down ~19:22Z from 45/46C
2236.34,2026-09-28T20:04:27Z,501,31.0000,30.0000,30.1816,31.0000,30.0000,30.0000,38.0000,29.0000,30.0000,38.0000,29.0000,30.0000,31,30,30,31,30,30,38,29,30,38,29,30,31,30,31,31,30,30,38,29,30,38,29,30,43.00,40.00,30.556,0.279,2.7976,sat down ~19:22Z from 45/46C
2237.34,2026-09-28T20:04:28Z,501,31.0000,30.0000,30.0978,31.0000,30.0000,30.0000,38.0000,29.0000,30.0000,38.0000,29.0000,30.0000,31,30,30,31,30,30,38,29,30,38,29,30,31,30,31,31,30,30,38,29,30,38,29,30,43.00,40.00,30.556,0.279,2.7976,sat down ~19:22Z from 45/46C
2238.34,2026-09-28T20:04:29Z,500,31.0000,30.0000,30.1540,31.0000,30.0000,30.0000,38.0000,29.0000,30.0000,38.0000,29.0000,30.0000,31,30,30,31,30,30,38,29,30,38,29,30,31,30,31,31,30,30,38,29,30,38,29,30,43.00,40.00,30.556,0.281,2.7976,sat down ~19:22Z from 45/46C
2239.34,2026-09-28T20:04:30Z,501,31.0000,30.0000,30.1417,31.0000,30.0000,30.0000,38.0000,29.0000,30.0000,38.0000,29.0000,30.0000,31,30,30,31,30,30,38,29,30,38,29,30,31,30,31,31,30,30,38,29,30,38,29,30,43.00,40.00,30.556,0.279,2.7976,sat down ~19:22Z from 45/46C
2240.34,2026-09-28T20:04:31Z,501,31.0000,30.0000,30.1078,31.0000,30.0000,30.0000,38.0000,29.0000,30.0000,38.0000,29.0000,30.0000,31,30,30,31,30,30,38,29,30,38,29,30,31,30,31,31,30,30,38,29,30,38,29,30,43.00,40.00,30.556,0.279,2.7976,sat down ~19:22Z from 45/46C
2241.34,2026-09-28T20:04:32Z,500,31.0000,30.0000,30.1100,31.0000,30.0000,30.0000,38.0000,29.0000,30.0000,38.0000,29.0000,30.0000,31,30,30,31,30,30,38,29,30,38,29,30,31,30,31,31,30,30,38,29,30,38,29,30,43.00,40.00,30.556,0.279,2.7976,sat down ~19:22Z from 45/46C
2242.34,2026-09-28T20:04:33Z,500,31.0000,30.0000,30.1540,31.0000,30.0000,30.0000,38.0000,29.0000,30.0000,38.0000,29.0000,30.0000,31,30,30,31,30,30,38,29,30,38,29,30,31,30,31,31,30,30,38,29,30,38,29,30,43.00,40.00,30.555,0.280,2.7976,sat down ~19:22Z from 45/46C
2243.34,2026-09-28T20:04:34Z,500,31.0000,30.0000,30.1340,31.0000,30.0000,30.0000,38.0000,29.0000,30.0000,38.0000,29.0000,30.0000,31,30,30,31,30,30,38,29,30,38,29,30,31,30,31,31,30,30,38,29,30,38,29,30,43.00,40.00,30.555,0.278,2.7976,sat down ~19:22Z from 45/46C
2244.34,2026-09-28T20:04:35Z,501,31.0000,30.0000,30.1417,31.0000,30.0000,30.0000,38.0000,29.0000,30.0000,38.0000,29.0000,30.0000,31,30,30,31,30,30,38,29,30,38,29,30,31,30,31,31,30,30,38,29,30,38,29,30,43.00,40.00,30.555,0.283,2.7976,sat down ~19:22Z from 45/46C
2245.35,2026-09-28T20:04:36Z,501,31.0000,30.0000,30.1497,31.0000,30.0000,30.0000,38.0000,29.0000,30.0000,38.0000,29.0000,30.0000,31,30,30,31,30,30,38,29,30,38,29,30,31,30,31,31,30,30,38,29,30,38,29,30,43.00,40.00,30.555,0.279,2.7976,sat down ~19:22Z from 45/46C
2246.35,2026-09-28T20:04:37Z,500,31.0000,30.0000,30.1440,31.0000,30.0000,30.0000,38.0000,29.0000,30.0000,38.0000,29.0000,30.0000,31,30,30,31,30,30,38,29,30,38,29,30,31,30,31,31,30,30,38,29,30,38,29,30,43.00,40.00,30.554,0.281,2.7976,sat down ~19:22Z from 45/46C
2247.35,2026-09-28T20:04:38Z,500,31.0000,30.0000,30.2120,31.0000,30.0000,30.0000,38.0000,29.0000,30.0000,38.0000,29.0000,30.0000,31,30,30,31,30,30,38,29,30,38,29,30,31,30,31,31,30,30,38,29,30,38,29,30,43.00,40.00,30.554,0.282,2.7976,sat down ~19:22Z from 45/46C
2248.35,2026-09-28T20:04:39Z,501,31.0000,30.0000,30.1896,31.0000,30.0000,30.0000,38.0000,29.0000,30.0000,38.0000,29.0000,30.0000,31,30,30,31,30,30,38,29,30,38,29,30,31,30,31,31,30,30,38,29,30,38,29,30,43.00,40.00,30.554,0.281,2.7976,sat down ~19:22Z from 45/46C
2249.35,2026-09-28T20:04:40Z,500,31.0000,30.0000,30.1580,31.0000,30.0000,30.0000,38.0000,29.0000,30.0000,38.0000,29.0000,30.0000,31,30,30,31,30,30,38,29,30,38,29,30,31,30,31,31,30,30,38,29,30,38,29,30,43.00,40.00,30.554,0.283,2.7976,sat down ~19:22Z from 45/46C
2250.35,2026-09-28T20:04:41Z,501,31.0000,30.0000,30.1577,31.0000,30.0000,30.0000,38.0000,29.0000,30.0000,38.0000,29.0000,30.0000,31,30,30,31,30,30,38,29,30,38,29,30,31,30,31,31,30,30,38,29,30,38,29,30,43.00,40.00,30.553,0.285,2.7976,sat down ~19:22Z from 45/46C
2251.35,2026-09-28T20:04:42Z,500,31.0000,30.0000,30.1760,31.0000,30.0000,30.0000,38.0000,29.0000,30.0000,38.0000,29.0000,30.0000,31,30,30,31,30,30,38,29,30,38,29,30,31,30,31,31,30,30,38,29,30,38,29,30,43.00,40.00,30.553,0.284,2.7976,sat down ~19:22Z from 45/46C
2252.35,2026-09-28T20:04:43Z,501,31.0000,30.0000,30.1397,31.0000,30.0000,30.0000,38.0000,29.0000,30.0000,38.0000,29.0000,30.0000,31,30,30,31,30,30,38,29,30,38,29,30,31,30,31,31,30,30,38,29,30,38,29,30,43.00,40.00,30.553,0.280,2.7976,sat down ~19:22Z from 45/46C
2253.35,2026-09-28T20:04:44Z,501,31.0000,30.0000,30.1477,31.0000,30.0000,30.0000,38.0000,29.0000,30.0000,38.0000,29.0000,30.0000,31,30,30,31,30,30,38,29,30,38,29,30,31,30,31,31,30,30,38,29,30,38,29,30,43.00,40.00,30.552,0.277,2.7976,sat down ~19:22Z from 45/46C
2254.35,2026-09-28T20:04:45Z,500,31.0000,30.0000,30.1540,31.0000,30.0000,30.0000,38.0000,29.0000,30.0000,38.0000,29.0000,30.0000,31,30,30,31,30,30,38,29,30,38,29,30,31,30,31,31,30,30,38,29,30,38,29,30,43.00,40.00,30.552,0.280,2.7976,sat down ~19:22Z from 45/46C
2255.36,2026-09-28T20:04:46Z,501,31.0000,30.0000,30.1397,31.0000,30.0000,30.0000,38.0000,29.0000,30.0000,38.0000,29.0000,30.0000,31,30,30,31,30,30,38,29,30,38,29,30,31,30,31,31,30,30,38,29,30,38,29,30,43.00,40.00,30.552,0.280,2.7976,sat down ~19:22Z from 45/46C
2256.36,2026-09-28T20:04:47Z,501,31.0000,30.0000,30.1657,31.0000,30.0000,30.0000,38.0000,29.0000,30.0000,38.0000,29.0000,30.0000,31,30,30,31,30,30,38,29,30,38,29,30,31,30,31,31,30,30,38,29,30,38,29,30,43.00,40.00,30.552,0.278,2.7976,sat down ~19:22Z from 45/46C
2257.36,2026-09-28T20:04:48Z,500,31.0000,30.0000,30.2000,31.0000,30.0000,30.0000,38.0000,29.0000,30.0000,38.0000,29.0000,30.0000,31,30,30,31,30,30,38,29,30,38,29,30,31,30,31,31,30,30,38,29,30,38,29,30,43.00,40.00,30.552,0.279,2.7976,sat down ~19:22Z from 45/46C
2258.36,2026-09-28T20:04:49Z,501,31.0000,30.0000,30.1657,31.0000,30.0000,30.0000,38.0000,29.0000,30.0000,38.0000,29.0000,30.0000,31,30,30,31,30,30,38,29,30,38,29,30,31,30,31,31,30,30,38,29,30,38,29,30,43.00,40.00,30.552,0.281,2.7976,sat down ~19:22Z from 45/46C
2259.36,2026-09-28T20:04:50Z,501,31.0000,30.0000,30.1437,31.0000,30.0000,30.0000,38.0000,29.0000,30.0000,38.0000,29.0000,30.0000,31,30,30,31,30,30,38,29,30,38,29,30,31,30,31,31,30,30,38,29,30,38,29,30,43.00,40.00,30.551,0.278,2.7976,sat down ~19:22Z from 45/46C
2260.36,2026-09-28T20:04:51Z,500,31.0000,30.0000,30.1760,31.0000,30.0000,30.0000,38.0000,29.0000,30.0000,38.0000,29.0000,30.0000,31,30,30,31,30,30,38,29,30,38,29,30,31,30,31,31,30,30,38,29,30,38,29,30,43.00,40.00,30.551,0.283,2.7976,sat down ~19:22Z from 45/46C
2261.36,2026-09-28T20:04:52Z,501,31.0000,30.0000,30.1158,31.0000,30.0000,30.0000,38.0000,29.0000,30.0000,38.0000,29.0000,30.0000,31,30,30,31,30,30,38,29,30,38,29,30,31,30,31,31,30,30,38,29,30,38,29,30,43.00,40.00,30.551,0.281,2.7976,sat down ~19:22Z from 45/46C
2262.37,2026-09-28T20:04:53Z,501,31.0000,30.0000,30.1437,31.0000,30.0000,30.0000,38.0000,29.0000,30.0000,38.0000,29.0000,30.0000,31,30,30,31,30,30,38,29,30,38,29,30,31,30,31,31,30,30,38,29,30,38,29,30,43.00,40.00,30.550,0.282,2.7976,sat down ~19:22Z from 45/46C
2263.37,2026-09-28T20:04:54Z,500,31.0000,30.0000,30.1800,31.0000,30.0000,30.0000,38.0000,29.0000,30.0000,38.0000,29.0000,30.0000,31,30,30,31,30,30,38,29,30,38,29,30,31,30,31,31,30,30,38,29,30,38,29,30,43.00,40.00,30.550,0.282,2.7976,sat down ~19:22Z from 45/46C
2264.37,2026-09-28T20:04:55Z,501,31.0000,30.0000,30.1956,31.0000,30.0000,30.0000,38.0000,29.0000,30.0000,38.0000,29.0000,30.0000,31,30,30,31,30,30,38,29,30,38,29,30,31,30,31,31,30,30,38,29,30,38,29,30,43.00,40.00,30.550,0.281,2.7976,sat down ~19:22Z from 45/46C
2265.37,2026-09-28T20:04:56Z,501,31.0000,30.0000,30.1158,31.0000,30.0000,30.0000,38.0000,29.0000,30.0000,38.0000,29.0000,30.0000,31,30,30,31,30,30,38,29,30,38,29,30,31,30,31,31,30,30,38,29,30,38,29,30,43.00,40.00,30.550,0.281,2.7976,sat down ~19:22Z from 45/46C
2266.37,2026-09-28T20:04:57Z,501,31.0000,30.0000,30.1277,31.0000,30.0000,30.0000,38.0000,29.0000,30.0000,38.0000,29.0000,30.0000,31,30,30,31,30,30,38,29,30,38,29,30,31,30,31,31,30,30,38,29,30,38,29,30,43.00,40.00,30.550,0.277,2.7976,sat down ~19:22Z from 45/46C
2267.37,2026-09-28T20:04:58Z,500,31.0000,30.0000,30.1240,31.0000,30.0000,30.0000,38.0000,29.0000,30.0000,38.0000,29.0000,30.0000,31,30,30,31,30,30,38,29,30,38,29,30,31,30,31,31,30,30,38,29,30,38,29,30,43.00,40.00,30.549,0.280,2.7976,sat down ~19:22Z from 45/46C
2268.37,2026-09-28T20:04:59Z,500,31.0000,30.0000,30.2060,31.0000,30.0000,30.0000,38.0000,29.0000,30.0000,38.0000,29.0000,30.0000,31,30,30,31,30,30,38,29,30,38,29,30,31,30,31,31,30,30,38,29,30,38,29,30,43.00,40.00,30.549,0.280,2.7976,sat down ~19:22Z from 45/46C
2269.37,2026-09-28T20:05:00Z,501,31.0000,30.0000,30.1856,31.0000,30.0000,30.0000,38.0000,29.0000,30.0000,38.0000,29.0000,30.0000,31,30,30,31,30,30,38,29,30,38,29,30,31,30,31,31,30,30,38,29,30,38,29,30,43.00,40.00,30.549,0.282,2.7976,sat down ~19:22Z from 45/46C
2270.38,2026-09-28T20:05:01Z,501,31.0000,30.0000,30.2076,31.0000,30.0000,30.0000,38.0000,29.0000,30.0000,38.0000,29.0000,30.0000,31,30,30,31,30,30,38,29,30,38,29,30,31,30,31,31,30,30,38,29,30,38,29,30,43.00,40.00,30.548,0.281,2.7976,sat down ~19:22Z from 45/46C
2271.38,2026-09-28T20:05:02Z,500,31.0000,30.0000,30.1840,31.0000,30.0000,30.0000,38.0000,29.0000,30.0000,38.0000,29.0000,30.0000,31,30,30,31,30,30,38,29,30,38,29,30,31,30,31,31,30,30,38,29,30,38,29,30,43.00,40.00,30.549,0.284,2.7976,sat down ~19:22Z from 45/46C
2272.38,2026-09-28T20:05:03Z,501,31.0000,30.0000,30.2076,31.0000,30.0000,30.0000,38.0000,29.0000,30.0000,38.0000,29.0000,30.0000,31,30,30,31,30,30,38,29,30,38,29,30,31,30,31,31,30,30,38,29,30,38,29,30,43.00,40.00,30.548,0.283,2.7976,sat down ~19:22Z from 45/46C
2273.38,2026-09-28T20:05:04Z,501,31.0000,30.0000,30.1836,31.0000,30.0000,30.0000,38.0000,29.0000,30.0000,38.0000,29.0000,30.0000,31,30,30,31,30,30,38,29,30,38,29,30,31,30,31,31,30,30,38,29,30,38,29,30,43.00,40.00,30.548,0.282,2.7976,sat down ~19:22Z from 45/46C
2274.38,2026-09-28T20:05:05Z,501,31.0000,30.0000,30.1756,31.0000,30.0000,30.0000,38.0000,29.0000,30.0000,38.0000,29.0000,30.0000,31,30,30,31,30,30,38,29,30,38,29,30,31,30,31,31,30,30,38,29,30,38,29,30,43.00,40.02,30.547,0.281,2.7976,sat down ~19:22Z from 45/46C
2275.38,2026-09-28T20:05:06Z,501,31.0000,30.0000,30.1697,31.0000,30.0000,30.0000,38.0000,29.0000,30.0000,38.0000,29.0000,30.0000,31,30,30,31,30,30,38,29,30,38,29,30,31,30,31,31,30,30,38,29,30,38,29,30,43.00,40.03,30.548,0.283,2.7976,sat down ~19:22Z from 45/46C
2276.38,2026-09-28T20:05:07Z,500,31.0000,30.0000,30.1120,31.0000,30.0000,30.0000,38.0000,29.0000,30.0000,38.0000,29.0000,30.0000,31,30,30,31,30,30,38,29,30,38,29,30,31,30,31,31,30,30,38,29,30,38,29,30,43.00,40.03,30.547,0.277,2.7976,sat down ~19:22Z from 45/46C
2277.38,2026-09-28T20:05:08Z,500,31.0000,30.0000,30.1840,31.0000,30.0000,30.0000,38.0000,29.0000,30.0000,38.0000,29.0000,30.0000,31,30,30,31,30,30,38,29,30,38,29,30,31,30,31,31,30,30,38,29,30,38,29,30,43.00,40.04,30.547,0.280,2.7976,sat down ~19:22Z from 45/46C
2278.39,2026-09-28T20:05:09Z,500,31.0000,30.0000,30.1800,31.0000,30.0000,30.0000,38.0000,29.0000,30.0000,38.0000,29.0000,30.0000,31,30,30,31,30,30,38,29,30,38,29,30,31,30,31,31,30,30,38,29,30,38,29,30,43.00,40.07,30.546,0.284,2.7976,sat down ~19:22Z from 45/46C
2279.39,2026-09-28T20:05:10Z,501,31.0000,30.0000,30.2176,31.0000,30.0000,30.0000,38.0000,29.0000,30.0000,38.0000,29.0000,30.0000,31,30,30,31,30,30,38,29,30,38,29,30,31,30,31,31,30,30,38,29,30,38,29,30,43.00,40.09,30.546,0.282,2.7976,sat down ~19:22Z from 45/46C
2280.39,2026-09-28T20:05:11Z,500,31.0000,30.0000,30.2240,31.0000,30.0000,30.0000,38.0000,29.0000,30.0000,38.0000,29.0000,30.0000,31,30,30,31,30,30,38,29,30,38,29,30,31,30,31,31,30,30,38,29,30,38,29,30,43.00,40.04,30.546,0.281,2.7976,sat down ~19:22Z from 45/46C
2281.39,2026-09-28T20:05:12Z,500,31.0000,30.0000,30.1980,31.0000,30.0000,30.0000,38.0000,29.0000,30.0000,38.0000,29.0000,30.0000,31,30,30,31,30,30,38,29,30,38,29,30,31,30,31,31,30,30,38,29,30,38,29,30,43.00,40.03,30.546,0.282,2.7976,sat down ~19:22Z from 45/46C
2282.39,2026-09-28T20:05:13Z,501,31.0000,30.0000,30.1896,31.0000,30.0000,30.0000,38.0000,29.0000,30.0000,38.0000,29.0000,30.0000,31,30,30,31,30,30,38,29,30,38,29,30,31,30,31,31,30,30,38,29,30,38,29,30,43.00,40.01,30.546,0.277,2.7976,sat down ~19:22Z from 45/46C
2283.39,2026-09-28T20:05:14Z,501,31.0000,30.0000,30.1896,31.0000,30.0000,30.0000,38.0000,29.0000,30.0000,38.0000,29.0000,30.0000,31,30,30,31,30,30,38,29,30,38,29,30,31,30,31,31,30,30,38,29,30,38,29,30,43.00,40.01,30.546,0.278,2.7976,sat down ~19:22Z from 45/46C
2284.39,2026-09-28T20:05:15Z,501,31.0000,30.0000,30.1637,31.0000,30.0000,30.0000,38.0000,29.0000,30.0000,37.9920,29.0000,30.0000,31,30,30,31,30,30,38,29,30,37,29,30,31,30,31,31,30,30,38,29,30,38,29,30,43.00,40.03,30.545,0.277,2.7976,sat down ~19:22Z from 45/46C
2285.39,2026-09-28T20:05:16Z,499,31.0000,30.0000,30.1784,31.0000,30.0000,30.0000,38.0000,29.0000,30.0000,37.9940,29.0000,30.0000,31,30,30,31,30,30,38,29,30,37,29,30,31,30,31,31,30,30,38,29,30,38,29,30,43.00,40.01,30.545,0.283,2.7976,sat down ~19:22Z from 45/46C
2286.39,2026-09-28T20:05:17Z,501,31.0000,30.0000,30.1756,31.0000,30.0000,30.0000,38.0000,29.0000,30.0000,38.0000,29.0000,30.0000,31,30,30,31,30,30,38,29,30,38,29,30,31,30,31,31,30,30,38,29,30,38,29,30,43.00,40.01,30.544,0.282,2.7976,sat down ~19:22Z from 45/46C
2287.39,2026-09-28T20:05:18Z,500,31.0000,30.0000,30.1900,31.0000,30.0000,30.0000,38.0000,29.0000,30.0000,37.9940,29.0000,30.0000,31,30,30,31,30,30,38,29,30,37,29,30,31,30,31,31,30,30,38,29,30,38,29,30,43.00,40.00,30.544,0.283,2.7976,sat down ~19:22Z from 45/46C
2288.40,2026-09-28T20:05:19Z,500,31.0000,30.0000,30.2660,31.0000,30.0000,30.0000,38.0000,29.0000,30.0000,37.9860,29.0000,30.0000,31,30,30,31,30,30,38,29,30,37,29,30,31,30,31,31,30,30,38,29,30,38,29,30,43.00,40.00,30.544,0.283,2.7976,sat down ~19:22Z from 45/46C
2289.40,2026-09-28T20:05:20Z,501,31.0000,30.0000,30.1916,31.0000,30.0000,30.0000,38.0000,29.0000,30.0000,38.0000,29.0000,30.0000,31,30,30,31,30,30,38,29,30,38,29,30,31,30,31,31,30,30,38,29,30,38,29,30,43.00,40.01,30.544,0.283,2.7976,sat down ~19:22Z from 45/46C
2290.40,2026-09-28T20:05:21Z,500,31.0000,30.0000,30.2060,31.0000,30.0000,30.0000,38.0000,29.0000,30.0000,38.0000,29.0000,30.0000,31,30,30,31,30,30,38,29,30,38,29,30,31,30,31,31,30,30,38,29,30,38,29,30,43.00,40.01,30.544,0.283,2.7976,sat down ~19:22Z from 45/46C
2291.40,2026-09-28T20:05:22Z,501,31.0000,30.0000,30.1657,31.0000,30.0000,30.0000,38.0000,29.0000,30.0000,37.9920,29.0000,30.0000,31,30,30,31,30,30,38,29,30,37,29,30,31,30,31,31,30,30,38,29,30,38,29,30,43.00,40.01,30.544,0.283,2.7976,sat down ~19:22Z from 45/46C
2292.40,2026-09-28T20:05:23Z,500,31.0000,30.0000,30.2180,31.0000,30.0000,30.0000,38.0000,29.0000,30.0000,37.9820,29.0000,30.0000,31,30,30,31,30,30,38,29,30,37,29,30,31,30,31,31,30,30,38,29,30,38,29,30,43.00,40.02,30.543,0.283,2.7976,sat down ~19:22Z from 45/46C
2293.40,2026-09-28T20:05:24Z,501,31.0000,30.0000,30.2355,31.0000,30.0000,30.0000,38.0000,29.0000,30.0000,37.9741,29.0000,30.0000,31,30,30,31,30,30,38,29,30,37,29,30,31,30,31,31,30,30,38,29,30,38,29,30,43.00,40.01,30.543,0.283,2.7976,sat down ~19:22Z from 45/46C
2294.40,2026-09-28T20:05:25Z,501,31.0000,30.0000,30.2595,31.0000,30.0000,30.0000,38.0000,29.0000,30.0000,37.9840,29.0000,30.0000,31,30,30,31,30,30,38,29,30,37,29,30,31,30,31,31,30,30,38,29,30,38,29,30,43.00,40.05,30.543,0.280,2.7976,sat down ~19:22Z from 45/46C
2295.40,2026-09-28T20:05:26Z,500,31.0000,30.0000,30.2680,31.0000,30.0000,30.0000,38.0000,29.0000,30.0000,37.9540,29.0000,30.0000,31,30,30,31,30,30,38,29,30,37,29,30,31,30,31,31,30,30,38,29,30,38,29,30,43.00,40.18,30.543,0.281,2.7976,sat down ~19:22Z from 45/46C
2296.40,2026-09-28T20:05:27Z,500,31.0000,30.0000,30.2480,31.0000,30.0000,30.0000,38.0000,29.0000,30.0000,37.9420,29.0000,30.0000,31,30,30,31,30,30,38,29,30,37,29,30,31,30,31,31,30,30,38,29,30,38,29,30,43.00,40.32,30.543,0.278,2.7976,sat down ~19:22Z from 45/46C
2297.41,2026-09-28T20:05:28Z,501,31.0000,30.0000,30.2275,31.0000,30.0000,30.0000,38.0000,29.0000,30.0000,37.9321,29.0000,30.0000,31,30,30,31,30,30,38,29,30,37,29,30,31,30,31,31,30,30,38,29,30,38,29,30,43.00,40.19,30.542,0.282,2.7976,sat down ~19:22Z from 45/46C
2298.41,2026-09-28T20:05:29Z,500,31.0000,30.0000,30.2000,31.0000,30.0000,30.0000,38.0000,29.0000,30.0000,37.9060,29.0000,30.0000,31,30,30,31,30,30,38,29,30,37,29,30,31,30,31,31,30,30,38,29,30,38,29,30,43.00,40.26,30.542,0.280,2.7976,sat down ~19:22Z from 45/46C
2299.41,2026-09-28T20:05:30Z,501,31.0000,30.0000,30.2415,31.0000,30.0000,30.0000,38.0000,29.0000,30.0000,37.8104,29.0000,30.0000,31,30,30,31,30,30,38,29,30,37,29,30,31,30,31,31,30,30,38,29,30,38,29,30,43.00,40.36,30.542,0.281,2.7976,sat down ~19:22Z from 45/46C
2300.41,2026-09-28T20:05:31Z,501,31.0000,30.0000,30.2595,31.0000,30.0000,30.0000,38.0000,29.0000,30.0000,37.8064,29.0000,30.0000,31,30,30,31,30,30,38,29,30,37,29,30,31,30,31,31,30,30,38,29,30,38,29,30,43.00,40.35,30.542,0.281,2.7976,sat down ~19:22Z from 45/46C
2301.41,2026-09-28T20:05:32Z,500,31.0000,30.0000,30.2540,31.0000,30.0000,30.0000,38.0000,29.0000,30.0000,37.7880,29.0000,30.0000,31,30,30,31,30,30,38,29,30,37,29,30,31,30,31,31,30,30,38,29,30,38,29,30,43.00,40.35,30.541,0.282,2.7976,sat down ~19:22Z from 45/46C
2302.41,2026-09-28T20:05:33Z,500,31.0000,30.0000,30.2120,31.0000,30.0000,30.0000,38.0000,29.0000,30.0000,37.7440,29.0000,30.0000,31,30,30,31,30,30,38,29,30,37,29,30,31,30,31,31,30,30,38,29,30,38,29,30,43.00,40.34,30.541,0.281,2.7976,sat down ~19:22Z from 45/46C
2303.41,2026-09-28T20:05:34Z,500,31.0000,30.0000,30.2780,31.0000,30.0000,30.0000,38.0000,29.0000,30.0000,37.6220,29.0000,30.0000,31,30,30,31,30,30,38,29,30,37,29,30,31,30,31,31,30,30,38,29,30,38,29,30,43.00,40.21,30.541,0.282,2.7976,sat down ~19:22Z from 45/46C
2304.41,2026-09-28T20:05:35Z,500,31.0000,30.0000,30.2880,31.0000,30.0000,30.0000,38.0000,29.0000,30.0000,37.5560,29.0000,30.0000,31,30,30,31,30,30,38,29,30,37,29,30,31,30,31,31,30,30,38,29,30,38,29,30,43.00,40.36,30.541,0.283,2.7976,sat down ~19:22Z from 45/46C
2305.41,2026-09-28T20:05:36Z,500,31.0000,30.0000,30.2740,31.0000,30.0000,30.0000,38.0000,29.0000,30.0000,37.5640,29.0000,30.0000,31,30,30,31,30,30,38,29,30,37,29,30,31,30,31,31,30,30,38,29,30,38,29,30,43.00,40.31,30.541,0.281,2.7976,sat down ~19:22Z from 45/46C
2306.41,2026-09-28T20:05:37Z,500,31.0000,30.0000,30.3280,31.0000,30.0000,30.0000,38.0000,29.0000,30.0000,37.4900,29.0000,30.0000,31,30,30,31,30,30,38,29,30,37,29,30,31,30,31,31,30,30,38,29,30,38,29,30,43.00,40.24,30.541,0.279,2.7976,sat down ~19:22Z from 45/46C
2307.41,2026-09-28T20:05:38Z,501,31.0000,30.0000,30.2814,31.0000,30.0000,30.0000,38.0000,29.0000,30.0000,37.4411,29.0000,30.0000,31,30,30,31,30,30,38,29,30,37,29,30,31,30,31,31,30,30,38,29,30,38,29,30,43.00,40.29,30.540,0.277,2.7976,sat down ~19:22Z from 45/46C
2308.41,2026-09-28T20:05:39Z,500,31.0000,30.0000,30.3000,31.0000,30.0000,30.0000,38.0000,29.0000,30.0000,37.2900,29.0000,30.0000,31,30,30,31,30,30,38,29,30,37,29,30,31,30,31,31,30,30,38,29,30,38,29,30,43.00,40.17,30.540,0.280,2.7976,sat down ~19:22Z from 45/46C
2309.42,2026-09-28T20:05:40Z,501,31.0000,30.0000,30.3014,31.0000,30.0000,30.0000,38.0000,29.0000,30.0000,37.1477,29.0000,30.0000,31,30,30,31,30,30,38,29,30,37,29,30,31,30,31,31,30,30,38,29,30,38,29,30,43.00,40.21,30.540,0.281,2.7976,sat down ~19:22Z from 45/46C
2310.42,2026-09-28T20:05:41Z,501,31.0000,30.0000,30.2555,31.0000,30.0000,30.0000,38.0000,29.0000,30.0000,37.1956,29.0000,30.0000,31,30,30,31,30,30,38,29,30,37,29,30,31,30,31,31,30,30,38,29,30,38,29,30,43.00,40.24,30.539,0.277,2.7976,sat down ~19:22Z from 45/46C
2311.42,2026-09-28T20:05:42Z,499,31.0000,30.0000,30.2665,31.0000,30.0000,30.0000,38.0000,29.0000,30.0000,37.1343,29.0000,30.0000,31,30,30,31,30,30,38,29,30,37,29,30,31,30,31,31,30,30,38,29,30,38,29,30,43.00,40.25,30.539,0.278,2.7976,sat down ~19:22Z from 45/46C
2312.42,2026-09-28T20:05:43Z,501,31.0000,30.0000,30.3154,31.0000,30.0000,30.0000,38.0000,29.0000,30.0000,37.1497,29.0000,30.0000,31,30,30,31,30,30,38,29,30,37,29,30,31,30,31,31,30,30,38,29,30,38,29,30,43.00,40.15,30.538,0.276,2.7976,sat down ~19:22Z from 45/46C
2313.42,2026-09-28T20:05:44Z,500,31.0000,30.0000,30.2420,31.0000,30.0000,30.0000,38.0000,29.0000,30.0000,37.0340,29.0000,30.0000,31,30,30,31,30,30,38,29,30,37,29,30,31,30,31,31,30,30,38,29,30,38,29,30,43.00,40.36,30.539,0.279,2.7976,sat down ~19:22Z from 45/46C
2314.42,2026-09-28T20:05:45Z,500,31.0000,30.0000,30.3340,31.0000,30.0000,30.0000,38.0000,29.0000,30.0000,37.0540,29.0000,30.0000,31,30,30,31,30,30,38,29,30,37,29,30,31,30,31,31,30,30,38,29,30,38,29,30,43.00,40.42,30.538,0.280,2.7976,sat down ~19:22Z from 45/46C
2315.42,2026-09-28T20:05:46Z,500,31.0000,30.0000,30.3220,31.0000,30.0000,30.0000,38.0000,29.0000,30.0000,37.0120,29.0000,30.0000,31,30,30,31,30,30,38,29,30,37,29,30,31,30,31,31,30,30,38,29,30,38,29,30,43.00,40.42,30.538,0.279,2.7976,sat down ~19:22Z from 45/46C
2316.42,2026-09-28T20:05:47Z,501,31.0000,30.0000,30.3074,31.0000,30.0000,30.0000,38.0000,29.0000,30.0000,37.0080,29.0000,30.0000,31,30,30,31,30,30,38,29,30,37,29,30,31,30,31,31,30,30,38,29,30,38,29,30,43.00,40.56,30.538,0.282,2.7976,sat down ~19:22Z from 45/46C
2317.42,2026-09-28T20:05:48Z,500,31.0000,30.0000,30.2160,31.0000,30.0000,30.0000,38.0000,29.0000,30.0000,37.0140,29.0000,30.0000,31,30,30,31,30,30,38,29,30,37,29,30,31,30,31,31,30,30,38,29,30,38,29,30,43.00,40.61,30.537,0.281,2.7976,sat down ~19:22Z from 45/46C
2318.42,2026-09-28T20:05:49Z,500,31.0000,30.0000,30.3020,31.0000,30.0000,30.0000,38.0000,29.0000,30.0000,37.0000,29.0000,30.0000,31,30,30,31,30,30,38,29,30,37,29,30,31,30,31,31,30,30,38,29,30,37,29,30,43.00,40.62,30.537,0.280,2.7976,sat down ~19:22Z from 45/46C
2319.42,2026-09-28T20:05:50Z,501,31.0000,30.0000,30.3513,31.0000,30.0000,30.0000,38.0000,29.0000,30.0000,37.0000,29.0000,30.0000,31,30,30,31,30,30,38,29,30,37,29,30,31,30,31,31,30,30,38,29,30,37,29,30,43.00,40.57,30.537,0.281,2.7976,sat down ~19:22Z from 45/46C
2320.43,2026-09-28T20:05:51Z,501,31.0000,30.0000,30.3453,31.0000,30.0000,30.0000,38.0000,29.0000,30.0000,37.0000,29.0000,30.0000,31,30,30,31,30,30,38,29,30,37,29,30,31,30,31,31,30,30,38,29,30,37,29,30,43.00,40.64,30.537,0.280,2.7976,sat down ~19:22Z from 45/46C
2321.43,2026-09-28T20:05:52Z,501,31.0000,30.0000,30.3533,31.0000,30.0000,30.0000,38.0000,29.0000,30.0000,37.0000,29.0000,30.0000,31,30,30,31,30,30,38,29,30,37,29,30,31,30,31,31,30,30,38,29,30,37,29,30,43.00,40.73,30.537,0.281,2.7976,sat down ~19:22Z from 45/46C
2322.43,2026-09-28T20:05:53Z,500,31.0060,30.0000,30.3100,31.0000,30.0000,30.0000,38.0000,29.0000,30.0000,37.0000,29.0000,30.0000,31,30,30,31,30,30,38,29,30,37,29,30,32,30,31,31,30,30,38,29,30,37,29,30,43.00,40.60,30.536,0.284,2.7976,sat down ~19:22Z from 45/46C
2323.43,2026-09-28T20:05:54Z,501,31.0080,30.0000,30.3114,31.0000,30.0000,30.0000,38.0000,29.0000,30.0000,37.0000,29.0000,30.0000,31,30,30,31,30,30,38,29,30,37,29,30,32,30,31,31,30,30,38,29,30,37,29,30,43.00,40.50,30.536,0.284,2.7976,sat down ~19:22Z from 45/46C
2324.43,2026-09-28T20:05:55Z,500,31.0000,30.0000,30.2640,31.0000,30.0000,30.0000,38.0000,29.0000,30.0000,37.0000,29.0000,30.0000,31,30,30,31,30,30,38,29,30,37,29,30,31,30,31,31,30,30,38,29,30,37,29,30,43.00,40.41,30.536,0.282,2.7976,sat down ~19:22Z from 45/46C
2325.43,2026-09-28T20:05:56Z,501,31.0060,30.0000,30.3373,31.0000,30.0000,30.0000,38.0000,29.0000,30.0000,37.0000,29.0000,30.0000,31,30,30,31,30,30,38,29,30,37,29,30,32,30,31,31,30,30,38,29,30,37,29,30,43.00,40.27,30.536,0.286,2.7976,sat down ~19:22Z from 45/46C
2326.43,2026-09-28T20:05:57Z,500,31.0180,30.0000,30.2900,31.0000,30.0000,30.0000,38.0000,29.0000,30.0000,37.0000,29.0000,30.0000,31,30,30,31,30,30,38,29,30,37,29,30,32,30,31,31,30,30,38,29,30,37,29,30,43.00,40.30,30.536,0.284,2.7976,sat down ~19:22Z from 45/46C
2327.43,2026-09-28T20:05:58Z,501,31.0060,30.0000,30.3553,31.0000,30.0000,30.0000,38.0000,29.0000,30.0000,37.0000,29.0000,30.0000,31,30,30,31,30,30,38,29,30,37,29,30,32,30,31,31,30,30,38,29,30,37,29,30,43.00,40.52,30.535,0.279,2.7976,sat down ~19:22Z from 45/46C
2328.44,2026-09-28T20:05:59Z,501,31.0160,30.0000,30.3373,31.0000,30.0000,30.0000,38.0000,29.0000,30.0000,37.0000,29.0000,30.0000,31,30,30,31,30,30,38,29,30,37,29,30,32,30,31,31,30,30,38,29,30,37,29,30,43.00,40.47,30.535,0.285,2.7976,sat down ~19:22Z from 45/46C
2329.44,2026-09-28T20:06:00Z,500,31.0220,30.0000,30.3220,31.0000,30.0000,30.0000,38.0000,29.0000,30.0000,37.0000,29.0000,30.0000,31,30,30,31,30,30,38,29,30,37,29,30,32,30,31,31,30,30,38,29,30,37,29,30,43.00,40.50,30.535,0.284,2.7976,sat down ~19:22Z from 45/46C
2330.44,2026-09-28T20:06:01Z,501,31.0160,30.0000,30.4371,31.0000,30.0000,30.0000,38.0000,29.0000,30.0000,37.0000,29.0000,30.0000,31,30,30,31,30,30,38,29,30,37,29,30,32,30,31,31,30,30,38,29,30,37,29,30,43.00,40.43,30.534,0.284,2.7976,sat down ~19:22Z from 45/46C
2331.44,2026-09-28T20:06:02Z,500,31.0200,30.0000,30.3380,31.0000,30.0000,30.0000,38.0000,29.0000,30.0000,37.0000,29.0000,30.0000,31,30,30,31,30,30,38,29,30,37,29,30,32,30,31,31,30,30,38,29,30,37,29,30,43.00,40.34,30.534,0.285,2.7976,sat down ~19:22Z from 45/46C
2332.44,2026-09-28T20:06:03Z,501,31.0100,30.0000,30.3772,31.0000,30.0000,30.0000,38.0000,29.0000,30.0000,37.0000,29.0000,30.0000,31,30,30,31,30,30,38,29,30,37,29,30,32,30,31,31,30,30,38,29,30,37,29,30,43.00,40.54,30.534,0.284,2.7976,sat down ~19:22Z from 45/46C
2333.44,2026-09-28T20:06:04Z,500,31.0360,30.0000,30.3780,31.0000,30.0000,30.0000,38.0000,29.0000,30.0000,37.0000,29.0000,30.0000,31,30,30,31,30,30,38,29,30,37,29,30,32,30,31,31,30,30,38,29,30,37,29,30,43.00,40.64,30.534,0.286,2.7976,sat down ~19:22Z from 45/46C
2334.44,2026-09-28T20:06:05Z,501,31.0479,30.0000,30.3852,31.0000,30.0000,30.0000,38.0000,29.0000,30.0000,37.0000,29.0000,30.0000,31,30,30,31,30,30,38,29,30,37,29,30,32,30,31,31,30,30,38,29,30,37,29,30,43.00,40.60,30.534,0.286,2.7976,sat down ~19:22Z from 45/46C
2335.45,2026-09-28T20:06:06Z,501,31.0200,30.0000,30.4391,31.0000,30.0000,30.0000,38.0000,29.0000,30.0000,37.0000,29.0000,30.0000,31,30,30,31,30,30,38,29,30,37,29,30,32,30,31,31,30,30,38,29,30,37,29,30,43.00,40.43,30.533,0.288,2.7976,sat down ~19:22Z from 45/46C
2336.45,2026-09-28T20:06:07Z,500,31.0220,30.0000,30.4780,31.0000,30.0000,30.0000,38.0000,29.0000,30.0000,37.0000,29.0000,30.0000,31,30,30,31,30,30,38,29,30,37,29,30,32,30,31,31,30,30,38,29,30,37,29,30,43.00,40.47,30.533,0.288,2.7976,sat down ~19:22Z from 45/46C
2337.45,2026-09-28T20:06:08Z,501,31.0339,30.0000,30.4072,31.0000,30.0000,30.0000,38.0000,29.0000,30.0000,37.0000,29.0000,30.0000,31,30,30,31,30,30,38,29,30,37,29,30,32,30,31,31,30,30,38,29,30,37,29,30,43.00,40.45,30.533,0.284,2.7976,sat down ~19:22Z from 45/46C
2338.45,2026-09-28T20:06:09Z,501,31.0519,30.0000,30.4232,31.0000,30.0000,30.0000,38.0000,29.0000,30.0000,37.0000,29.0000,30.0000,31,30,30,31,30,30,38,29,30,37,29,30,32,30,31,31,30,30,38,29,30,37,29,30,43.00,40.59,30.533,0.286,2.7976,sat down ~19:22Z from 45/46C
2339.45,2026-09-28T20:06:10Z,501,31.0339,30.0000,30.4731,31.0000,30.0000,30.0000,38.0000,29.0000,30.0000,37.0000,29.0000,30.0000,31,30,30,31,30,30,38,29,30,37,29,30,32,30,31,31,30,30,38,29,30,37,29,30,43.00,40.43,30.532,0.288,2.7976,sat down ~19:22Z from 45/46C
2340.45,2026-09-28T20:06:11Z,500,31.0520,30.0000,30.4680,31.0000,30.0000,30.0000,38.0000,29.0000,30.0000,37.0000,29.0000,30.0000,31,30,30,31,30,30,38,29,30,37,29,30,32,30,31,31,30,30,38,29,30,37,29,30,43.00,40.43,30.532,0.286,2.7976,sat down ~19:22Z from 45/46C
2341.45,2026-09-28T20:06:12Z,501,31.1078,30.0000,30.5309,31.0000,30.0000,30.0000,38.0000,29.0000,30.0000,37.0000,29.0000,30.0000,31,30,30,31,30,30,38,29,30,37,29,30,32,30,31,31,30,30,38,29,30,37,29,30,43.00,40.42,30.532,0.288,2.7976,sat down ~19:22Z from 45/46C
2342.45,2026-09-28T20:06:13Z,500,31.0560,30.0000,30.4040,31.0000,30.0000,30.0000,38.0000,29.0000,30.0000,37.0000,29.0000,30.0000,31,30,30,31,30,30,38,29,30,37,29,30,32,30,31,31,30,30,38,29,30,37,29,30,43.00,40.43,30.531,0.286,2.7976,sat down ~19:22Z from 45/46C
2343.45,2026-09-28T20:06:14Z,500,31.0460,30.0000,30.4160,31.0000,30.0000,30.0000,38.0000,29.0000,30.0000,37.0000,29.0000,30.0000,31,30,30,31,30,30,38,29,30,37,29,30,32,30,31,31,30,30,38,29,30,37,29,30,43.00,40.47,30.531,0.287,2.7976,sat down ~19:22Z from 45/46C
2344.46,2026-09-28T20:06:15Z,501,31.0599,30.0000,30.4471,31.0000,30.0000,30.0000,38.0000,29.0000,30.0000,37.0000,29.0000,30.0000,31,30,30,31,30,30,38,29,30,37,29,30,32,30,31,31,30,30,38,29,30,37,29,30,43.00,40.34,30.531,0.287,2.7976,sat down ~19:22Z from 45/46C
2345.46,2026-09-28T20:06:16Z,500,31.0700,30.0000,30.4820,31.0000,30.0000,30.0000,38.0000,29.0000,30.0000,37.0000,29.0000,30.0000,31,30,30,31,30,30,38,29,30,37,29,30,32,30,31,31,30,30,38,29,30,37,29,30,43.00,40.34,30.531,0.283,2.7976,sat down ~19:22Z from 45/46C
2346.46,2026-09-28T20:06:17Z,500,31.0640,30.0000,30.4680,31.0000,30.0000,30.0000,38.0000,29.0000,30.0000,37.0000,29.0000,30.0000,31,30,30,31,30,30,38,29,30,37,29,30,32,30,31,31,30,30,38,29,30,37,29,30,43.00,40.38,30.531,0.283,2.7976,sat down ~19:22Z from 45/46C
2347.46,2026-09-28T20:06:18Z,501,31.0719,30.0000,30.4990,31.0000,30.0000,30.0000,38.0000,29.0000,30.0000,37.0000,29.0000,30.0000,31,30,30,31,30,30,38,29,30,37,29,30,32,30,31,31,30,30,38,29,30,37,29,30,43.00,40.44,30.530,0.286,2.7976,sat down ~19:22Z from 45/46C
2348.46,2026-09-28T20:06:19Z,501,31.0998,30.0000,30.4251,31.0000,30.0000,30.0000,38.0000,29.0000,30.0000,37.0000,29.0000,30.0000,31,30,30,31,30,30,38,29,30,37,29,30,32,30,31,31,30,30,38,29,30,37,29,30,43.00,40.43,30.530,0.287,2.7976,sat down ~19:22Z from 45/46C
2349.46,2026-09-28T20:06:20Z,500,31.0840,30.0000,30.4160,31.0000,30.0000,30.0000,38.0000,29.0000,30.0000,37.0000,29.0000,30.0000,31,30,30,31,30,30,38,29,30,37,29,30,32,30,31,31,30,30,38,29,30,37,29,30,43.00,40.52,30.530,0.283,2.7976,sat down ~19:22Z from 45/46C
2350.46,2026-09-28T20:06:21Z,501,31.1337,30.0000,30.5250,31.0000,30.0000,30.0000,38.0000,29.0000,30.0000,37.0000,29.0000,30.0000,31,30,30,31,30,30,38,29,30,37,29,30,32,30,31,31,30,30,38,29,30,37,29,30,43.00,40.80,30.530,0.285,2.7976,sat down ~19:22Z from 45/46C
2351.46,2026-09-28T20:06:22Z,501,31.1297,30.0000,30.4910,31.0000,30.0000,30.0000,38.0000,29.0000,30.0000,37.0000,29.0000,30.0000,31,30,30,31,30,30,38,29,30,37,29,30,32,30,31,31,30,30,38,29,30,37,29,30,43.00,40.90,30.529,0.286,2.7976,sat down ~19:22Z from 45/46C
2352.47,2026-09-28T20:06:23Z,501,31.1417,30.0000,30.4291,31.0000,30.0000,30.0000,38.0000,29.0000,30.0000,37.0000,29.0000,30.0000,31,30,30,31,30,30,38,29,30,37,29,30,32,30,31,31,30,30,38,29,30,37,29,30,43.00,40.92,30.529,0.286,2.7976,sat down ~19:22Z from 45/46C
2353.47,2026-09-28T20:06:24Z,500,31.1580,30.0000,30.4740,31.0000,30.0000,30.0000,38.0000,29.0000,30.0000,37.0000,29.0000,30.0000,31,30,30,31,30,30,38,29,30,37,29,30,32,30,31,31,30,30,38,29,30,37,29,30,43.00,40.93,30.529,0.284,2.7976,sat down ~19:22Z from 45/46C
2354.47,2026-09-28T20:06:25Z,501,31.1776,30.0000,30.4870,31.0000,30.0000,30.0000,38.0000,29.0000,30.0000,37.0000,29.0000,30.0000,31,30,30,31,30,30,38,29,30,37,29,30,32,30,31,31,30,30,38,29,30,37,29,30,43.00,40.93,30.529,0.284,2.7976,sat down ~19:22Z from 45/46C
2355.47,2026-09-28T20:06:26Z,501,31.1876,30.0000,30.5489,31.0000,30.0000,30.0000,38.0000,29.0000,30.0000,37.0000,29.0000,30.0000,31,30,30,31,30,30,38,29,30,37,29,30,32,30,31,31,30,30,38,29,30,37,29,30,43.00,40.96,30.529,0.283,2.7976,sat down ~19:22Z from 45/46C
2356.47,2026-09-28T20:06:27Z,499,31.1363,30.0000,30.4970,31.0000,30.0000,30.0000,38.0000,29.0000,30.0000,37.0000,29.0000,30.0000,31,30,30,31,30,30,38,29,30,37,29,30,32,30,31,31,30,30,38,29,30,37,29,30,43.00,40.93,30.528,0.284,2.7976,sat down ~19:22Z from 45/46C
2357.47,2026-09-28T20:06:28Z,501,31.2475,30.0000,30.4631,31.0000,30.0000,30.0000,38.0000,29.0000,30.0000,37.0000,29.0000,30.0000,31,30,30,31,30,30,38,29,30,37,29,30,32,30,31,31,30,30,38,29,30,37,29,30,43.00,40.95,30.529,0.283,2.7976,sat down ~19:22Z from 45/46C
2358.47,2026-09-28T20:06:29Z,501,31.1976,30.0000,30.3852,31.0000,30.0000,30.0000,38.0000,29.0000,30.0000,37.0000,29.0000,30.0000,31,30,30,31,30,30,38,29,30,37,29,30,32,30,31,31,30,30,38,29,30,37,29,30,43.00,40.95,30.528,0.280,2.7976,sat down ~19:22Z from 45/46C
2359.48,2026-09-28T20:06:30Z,501,31.2834,30.0000,30.4830,31.0000,30.0000,30.0000,38.0000,29.0000,30.0000,37.0000,29.0000,30.0000,31,30,30,31,30,30,38,29,30,37,29,30,32,30,31,31,30,30,38,29,30,37,29,30,43.00,40.89,30.528,0.279,2.7976,sat down ~19:22Z from 45/46C
2360.48,2026-09-28T20:06:31Z,500,31.2100,30.0000,30.4500,31.0000,30.0000,30.0000,38.0000,29.0000,30.0000,37.0000,29.0000,30.0000,31,30,30,31,30,30,38,29,30,37,29,30,32,30,31,31,30,30,38,29,30,37,29,30,43.00,40.90,30.527,0.280,2.7976,sat down ~19:22Z from 45/46C
2361.48,2026-09-28T20:06:32Z,501,31.3393,30.0000,30.4810,31.0000,30.0000,30.0000,38.0000,29.0000,30.0000,37.0000,29.0000,30.0000,31,30,30,31,30,30,38,29,30,37,29,30,32,30,31,31,30,30,38,29,30,37,29,30,43.00,40.95,30.527,0.280,2.7976,sat down ~19:22Z from 45/46C
2362.48,2026-09-28T20:06:33Z,501,31.2954,30.0000,30.4551,31.0000,30.0000,30.0000,38.0000,29.0000,30.0000,37.0000,29.0000,30.0000,31,30,30,31,30,30,38,29,30,37,29,30,32,30,31,31,30,30,38,29,30,37,29,30,43.00,40.96,30.528,0.279,2.7976,sat down ~19:22Z from 45/46C
2363.48,2026-09-28T20:06:34Z,501,31.3872,30.0000,30.4990,31.0000,30.0000,30.0000,38.0000,29.0000,30.0000,37.0000,29.0000,30.0000,31,30,30,31,30,30,38,29,30,37,29,30,32,30,31,31,30,30,38,29,30,37,29,30,43.00,40.91,30.527,0.276,2.7976,sat down ~19:22Z from 45/46C
2364.48,2026-09-28T20:06:35Z,500,31.3420,30.0000,30.4060,31.0000,30.0000,30.0000,38.0000,29.0000,30.0000,37.0000,29.0000,30.0000,31,30,30,31,30,30,38,29,30,37,29,30,32,30,31,31,30,30,38,29,30,37,29,30,43.00,40.86,30.526,0.283,2.7976,sat down ~19:22Z from 45/46C
2365.49,2026-09-28T20:06:36Z,497,31.3763,30.0000,30.5010,31.0000,30.0000,30.0000,38.0000,29.0000,30.0000,37.0000,29.0000,30.0000,31,30,30,31,30,30,38,29,30,37,29,30,32,30,31,31,30,30,38,29,30,37,29,30,43.00,40.79,30.526,0.279,2.7976,sat down ~19:22Z from 45/46C
2366.49,2026-09-28T20:06:37Z,501,31.4371,30.0000,30.4731,31.0000,30.0000,30.0000,38.0000,29.0000,30.0000,37.0000,29.0000,30.0000,31,30,30,31,30,30,38,29,30,37,29,30,32,30,31,31,30,30,38,29,30,37,29,30,43.00,40.68,30.526,0.280,2.7976,sat down ~19:22Z from 45/46C
2367.49,2026-09-28T20:06:38Z,500,31.4260,30.0000,30.4460,31.0000,30.0000,30.0000,38.0000,29.0000,30.0000,37.0000,29.0000,30.0000,31,30,30,31,30,30,38,29,30,37,29,30,32,30,31,31,30,30,38,29,30,37,29,30,43.00,40.78,30.526,0.280,2.7976,sat down ~19:22Z from 45/46C
2368.49,2026-09-28T20:06:39Z,501,31.4830,30.0000,30.4012,31.0000,30.0000,30.0000,38.0000,29.0000,30.0000,37.0000,29.0000,30.0000,31,30,30,31,30,30,38,29,30,37,29,30,32,30,31,31,30,30,38,29,30,37,29,30,43.00,40.74,30.525,0.280,2.7976,sat down ~19:22Z from 45/46C
2369.49,2026-09-28T20:06:40Z,501,31.4810,30.0000,30.5269,31.0000,30.0000,30.0000,38.0000,29.0000,30.0000,37.0000,29.0000,30.0000,31,30,30,31,30,30,38,29,30,37,29,30,32,30,31,31,30,30,38,29,30,37,29,30,43.00,40.87,30.525,0.279,2.7976,sat down ~19:22Z from 45/46C
2370.49,2026-09-28T20:06:41Z,500,31.5260,30.0000,30.4580,31.0000,30.0000,30.0000,38.0000,29.0000,30.0000,37.0000,29.0000,30.0000,31,30,30,31,30,30,38,29,30,37,29,30,32,30,31,31,30,30,38,29,30,37,29,30,43.00,40.92,30.526,0.278,2.7976,sat down ~19:22Z from 45/46C
2371.49,2026-09-28T20:06:42Z,501,31.5130,30.0000,30.4411,31.0000,30.0000,30.0000,38.0000,29.0000,30.0000,37.0000,29.0000,30.0000,31,30,30,31,30,30,38,29,30,37,29,30,32,30,31,31,30,30,38,29,30,37,29,30,43.00,40.88,30.525,0.282,2.7976,sat down ~19:22Z from 45/46C
2372.49,2026-09-28T20:06:43Z,500,31.6140,30.0000,30.4820,31.0000,30.0000,30.0000,38.0000,29.0000,30.0000,37.0000,29.0000,30.0000,31,30,30,31,30,30,38,29,30,37,29,30,32,30,31,31,30,30,38,29,30,37,29,30,43.00,40.81,30.525,0.285,2.7976,sat down ~19:22Z from 45/46C
2373.49,2026-09-28T20:06:44Z,500,31.5280,30.0000,30.5240,31.0000,30.0000,30.0000,38.0000,29.0000,30.0000,37.0000,29.0000,30.0000,31,30,30,31,30,30,38,29,30,37,29,30,32,30,31,31,30,30,38,29,30,37,29,30,43.00,40.80,30.525,0.280,2.7976,sat down ~19:22Z from 45/46C
2374.50,2026-09-28T20:06:45Z,501,31.5988,30.0000,30.5549,31.0000,30.0000,30.0000,38.0000,29.0000,30.0000,37.0000,29.0000,30.0000,31,30,30,31,30,30,38,29,30,37,29,30,32,30,31,31,30,30,38,29,30,37,29,30,43.00,40.76,30.525,0.280,2.7976,sat down ~19:22Z from 45/46C
2375.50,2026-09-28T20:06:46Z,500,31.6160,30.0000,30.5520,31.0000,30.0000,30.0000,38.0000,29.0000,30.0000,37.0000,29.0000,30.0000,31,30,30,31,30,30,38,29,30,37,29,30,32,30,31,31,30,30,38,29,30,37,29,30,43.00,40.91,30.524,0.279,2.7976,sat down ~19:22Z from 45/46C
2376.50,2026-09-28T20:06:47Z,501,31.6228,30.0000,30.4890,31.0000,30.0000,30.0000,38.0000,29.0000,30.0000,37.0000,29.0000,30.0000,31,30,30,31,30,30,38,29,30,37,29,30,32,30,31,31,30,30,38,29,30,37,29,30,43.00,40.94,30.524,0.279,2.7976,sat down ~19:22Z from 45/46C
2377.50,2026-09-28T20:06:48Z,501,31.6447,30.0000,30.5050,31.0000,30.0000,30.0000,38.0000,29.0000,30.0000,37.0000,29.0000,30.0000,31,30,30,31,30,30,38,29,30,37,29,30,32,30,31,31,30,30,38,29,30,37,29,30,43.00,40.99,30.524,0.279,2.7976,sat down ~19:22Z from 45/46C
2378.50,2026-09-28T20:06:49Z,501,31.7505,30.0000,30.5669,31.0000,30.0000,30.0000,38.0000,29.0000,30.0000,37.0000,29.0000,30.0000,31,30,30,31,30,30,38,29,30,37,29,30,32,30,31,31,30,30,38,29,30,37,29,30,43.00,40.98,30.524,0.281,2.7976,sat down ~19:22Z from 45/46C
2379.50,2026-09-28T20:06:50Z,501,31.8044,30.0000,30.5549,31.0000,30.0000,30.0000,38.0000,29.0000,30.0000,37.0000,29.0000,30.0000,31,30,30,31,30,30,38,29,30,37,29,30,32,30,31,31,30,30,38,29,30,37,29,30,43.00,40.98,30.523,0.279,2.7976,sat down ~19:22Z from 45/46C
2380.51,2026-09-28T20:06:51Z,501,31.7345,30.0000,30.6128,31.0000,30.0000,30.0000,38.0000,29.0000,30.0000,37.0000,29.0000,30.0000,31,30,30,31,30,30,38,29,30,37,29,30,32,30,31,31,30,30,38,29,30,37,29,30,43.00,40.90,30.523,0.281,2.7976,sat down ~19:22Z from 45/46C
2381.51,2026-09-28T20:06:52Z,500,31.7120,30.0000,30.5640,31.0000,30.0000,30.0000,38.0000,29.0000,30.0000,37.0000,29.0000,30.0000,31,30,30,31,30,30,38,29,30,37,29,30,32,30,31,31,30,30,38,29,30,37,29,30,43.00,40.85,30.523,0.283,2.7976,sat down ~19:22Z from 45/46C
2382.51,2026-09-28T20:06:53Z,501,31.7146,30.0000,30.5269,31.0000,30.0000,30.0000,38.0000,29.0000,30.0000,37.0000,29.0000,30.0000,31,30,30,31,30,30,38,29,30,37,29,30,32,30,31,31,30,30,38,29,30,37,29,30,43.00,40.87,30.522,0.281,2.7976,sat down ~19:22Z from 45/46C
2383.51,2026-09-28T20:06:54Z,501,31.8124,30.0000,30.5409,31.0000,30.0000,30.0000,38.0000,29.0000,30.0000,37.0000,29.0000,30.0000,31,30,30,31,30,30,38,29,30,37,29,30,32,30,31,31,30,30,38,29,30,37,29,30,43.00,40.89,30.523,0.283,2.7976,sat down ~19:22Z from 45/46C
2384.51,2026-09-28T20:06:55Z,500,31.8080,30.0000,30.6040,31.0000,30.0000,30.0000,38.0000,29.0000,30.0000,37.0000,29.0000,30.0000,31,30,30,31,30,30,38,29,30,37,29,30,32,30,31,31,30,30,38,29,30,37,29,30,43.00,40.92,30.522,0.281,2.7976,sat down ~19:22Z from 45/46C
2385.51,2026-09-28T20:06:56Z,500,31.8460,30.0000,30.5580,31.0000,30.0000,30.0000,38.0000,29.0000,30.0000,37.0000,29.0000,30.0000,31,30,30,31,30,30,38,29,30,37,29,30,32,30,31,31,30,30,38,29,30,37,29,30,43.00,40.89,30.522,0.279,2.7976,sat down ~19:22Z from 45/46C
2386.51,2026-09-28T20:06:57Z,500,31.8360,30.0000,30.5820,31.0000,30.0000,30.0000,38.0000,29.0000,30.0000,37.0000,29.0000,30.0000,31,30,30,31,30,30,38,29,30,37,29,30,32,30,31,31,30,30,38,29,30,37,29,30,43.00,40.90,30.522,0.283,2.7976,sat down ~19:22Z from 45/46C
2387.51,2026-09-28T20:06:58Z,501,31.8603,30.0000,30.5369,31.0000,30.0000,30.0000,38.0000,29.0000,30.0000,37.0000,29.0000,30.0000,31,30,30,31,30,30,38,29,30,37,29,30,32,30,31,31,30,30,38,29,30,37,29,30,43.00,40.85,30.522,0.284,2.7976,sat down ~19:22Z from 45/46C
2388.52,2026-09-28T20:06:59Z,501,31.8543,30.0000,30.5908,31.0000,30.0000,30.0000,38.0000,29.0000,30.0000,37.0000,29.0000,30.0000,31,30,30,31,30,30,38,29,30,37,29,30,32,30,31,31,30,30,38,29,30,37,29,30,43.00,40.92,30.521,0.286,2.7976,sat down ~19:22Z from 45/46C
2389.52,2026-09-28T20:07:00Z,500,31.8800,30.0000,30.5200,31.0000,30.0000,30.0000,38.0000,29.0000,30.0000,37.0000,29.0000,30.0000,31,30,30,31,30,30,38,29,30,37,29,30,32,30,31,31,30,30,38,29,30,37,29,30,43.00,40.96,30.520,0.282,2.7976,sat down ~19:22Z from 45/46C
2390.52,2026-09-28T20:07:01Z,500,31.8500,30.0000,30.5380,31.0000,30.0000,30.0000,38.0000,29.0000,30.0000,37.0000,29.0000,30.0000,31,30,30,31,30,30,38,29,30,37,29,30,32,30,31,31,30,30,38,29,30,37,29,30,43.00,40.97,30.521,0.280,2.7976,sat down ~19:22Z from 45/46C
2391.52,2026-09-28T20:07:02Z,501,31.8902,30.0000,30.6527,31.0000,30.0000,30.0000,38.0000,29.0000,30.0000,37.0000,29.0000,30.0000,31,30,30,31,30,30,38,29,30,37,29,30,32,30,31,31,30,30,38,29,30,37,29,30,43.00,40.97,30.520,0.279,2.7976,sat down ~19:22Z from 45/46C
2392.52,2026-09-28T20:07:03Z,500,31.8600,30.0000,30.6260,31.0000,30.0000,30.0000,38.0000,29.0000,30.0000,37.0000,29.0000,30.0000,31,30,30,31,30,30,38,29,30,37,29,30,32,30,31,31,30,30,38,29,30,37,29,30,43.00,40.99,30.521,0.281,2.7976,sat down ~19:22Z from 45/46C
2393.52,2026-09-28T20:07:04Z,500,31.9400,30.0000,30.5620,31.0000,30.0000,30.0000,38.0000,29.0000,30.0000,37.0000,29.0000,30.0000,31,30,30,31,30,30,38,29,30,37,29,30,32,30,31,31,30,30,38,29,30,37,29,30,43.00,40.98,30.520,0.283,2.7976,sat down ~19:22Z from 45/46C
2394.52,2026-09-28T20:07:05Z,499,31.9519,30.0000,30.5872,31.0000,30.0000,30.0000,38.0000,29.0000,30.0000,37.0000,29.0000,30.0000,31,30,30,31,30,30,38,29,30,37,29,30,32,30,31,31,30,30,38,29,30,37,29,30,43.00,40.98,30.520,0.281,2.7976,sat down ~19:22Z from 45/46C
2395.52,2026-09-28T20:07:06Z,500,31.9540,30.0000,30.5760,31.0000,30.0000,30.0000,38.0000,29.0000,30.0000,37.0000,29.0000,30.0000,31,30,30,31,30,30,38,29,30,37,29,30,32,30,31,31,30,30,38,29,30,37,29,30,43.00,40.98,30.520,0.282,2.7976,sat down ~19:22Z from 45/46C
2396.52,2026-09-28T20:07:07Z,501,31.9461,30.0000,30.5729,31.0000,30.0000,30.0000,38.0000,29.0000,30.0000,37.0000,29.0000,30.0000,31,30,30,31,30,30,38,29,30,37,29,30,32,30,31,31,30,30,38,29,30,37,29,30,43.00,40.99,30.520,0.283,2.7976,sat down ~19:22Z from 45/46C
2397.52,2026-09-28T20:07:08Z,501,31.9122,30.0000,30.6307,31.0000,30.0000,30.0000,38.0000,29.0000,30.0000,37.0000,29.0000,30.0000,31,30,30,31,30,30,38,29,30,37,29,30,32,30,31,31,30,30,38,29,30,37,29,30,43.00,40.99,30.519,0.283,2.7976,sat down ~19:22Z from 45/46C
2398.53,2026-09-28T20:07:09Z,500,31.9620,30.0000,30.6200,31.0000,30.0000,30.0000,38.0000,29.0000,30.0000,37.0000,29.0000,30.0000,31,30,30,31,30,30,38,29,30,37,29,30,32,30,31,31,30,30,38,29,30,37,29,30,43.00,40.99,30.519,0.284,2.7976,sat down ~19:22Z from 45/46C
2399.53,2026-09-28T20:07:10Z,501,31.9581,30.0000,30.5928,31.0000,30.0000,30.0000,38.0000,29.0000,30.0000,37.0000,29.0000,30.0000,31,30,30,31,30,30,38,29,30,37,29,30,32,30,31,31,30,30,38,29,30,37,29,30,43.00,40.98,30.519,0.282,2.7976,sat down ~19:22Z from 45/46C
2400.53,2026-09-28T20:07:11Z,500,31.9600,30.0000,30.6480,31.0000,30.0000,30.0000,38.0000,29.0000,30.0000,37.0000,29.0000,30.0000,31,30,30,31,30,30,38,29,30,37,29,30,32,30,31,31,30,30,38,29,30,37,29,30,43.00,40.97,30.518,0.284,2.7976,sat down ~19:22Z from 45/46C
2401.53,2026-09-28T20:07:12Z,501,31.9741,30.0000,30.6048,31.0000,30.0000,30.0000,38.0000,29.0000,30.0000,37.0000,29.0000,30.0000,31,30,30,31,30,30,38,29,30,37,29,30,32,30,31,31,30,30,38,29,30,37,29,30,43.00,40.95,30.518,0.283,2.7976,sat down ~19:22Z from 45/46C
2402.53,2026-09-28T20:07:13Z,501,32.0000,30.0000,30.6447,31.0000,30.0000,30.0000,38.0000,29.0000,30.0000,37.0000,29.0000,30.0000,32,30,30,31,30,30,38,29,30,37,29,30,32,30,31,31,30,30,38,29,30,37,29,30,43.00,40.96,30.518,0.281,2.7976,sat down ~19:22Z from 45/46C
2403.53,2026-09-28T20:07:14Z,500,31.9720,30.0000,30.5880,31.0000,30.0000,30.0000,38.0000,29.0000,30.0000,37.0000,29.0000,30.0000,31,30,30,31,30,30,38,29,30,37,29,30,32,30,31,31,30,30,38,29,30,37,29,30,43.00,40.97,30.518,0.281,2.7976,sat down ~19:22Z from 45/46C
2404.53,2026-09-28T20:07:15Z,500,31.9880,30.0000,30.5020,31.0000,30.0000,30.0000,38.0000,29.0000,30.0000,37.0000,29.0000,30.0000,31,30,30,31,30,30,38,29,30,37,29,30,32,30,31,31,30,30,38,29,30,37,29,30,43.00,40.98,30.518,0.284,2.7976,sat down ~19:22Z from 45/46C
2405.53,2026-09-28T20:07:16Z,501,31.9840,30.0000,30.5409,31.0000,30.0000,30.0000,38.0000,29.0000,30.0000,37.0000,29.0000,30.0000,31,30,30,31,30,30,38,29,30,37,29,30,32,30,31,31,30,30,38,29,30,37,29,30,43.00,40.97,30.517,0.282,2.7976,sat down ~19:22Z from 45/46C
2406.53,2026-09-28T20:07:17Z,500,32.0000,30.0000,30.5820,31.0000,30.0000,30.0000,38.0000,29.0000,30.0000,37.0000,29.0000,30.0000,32,30,30,31,30,30,38,29,30,37,29,30,32,30,31,31,30,30,38,29,30,37,29,30,43.00,40.98,30.517,0.281,2.7976,sat down ~19:22Z from 45/46C
2407.53,2026-09-28T20:07:18Z,500,31.9800,30.0000,30.6120,31.0000,30.0000,30.0000,38.0000,29.0000,30.0000,37.0000,29.0000,30.0000,31,30,30,31,30,30,38,29,30,37,29,30,32,30,31,31,30,30,38,29,30,37,29,30,43.00,40.95,30.517,0.281,2.7976,sat down ~19:22Z from 45/46C
2408.53,2026-09-28T20:07:19Z,501,31.9820,30.0000,30.6527,31.0000,30.0000,30.0000,38.0000,29.0000,30.0000,37.0000,29.0000,30.0000,31,30,30,31,30,30,38,29,30,37,29,30,32,30,31,31,30,30,38,29,30,37,29,30,43.00,40.92,30.517,0.281,2.7976,sat down ~19:22Z from 45/46C
2409.54,2026-09-28T20:07:20Z,501,31.9840,30.0000,30.5429,31.0000,30.0000,30.0000,38.0000,29.0000,30.0000,37.0000,29.0000,30.0000,31,30,30,31,30,30,38,29,30,37,29,30,32,30,31,31,30,30,38,29,30,37,29,30,43.00,40.96,30.516,0.279,2.7976,sat down ~19:22Z from 45/46C
2410.54,2026-09-28T20:07:21Z,500,31.9880,30.0000,30.5580,31.0000,30.0000,30.0000,38.0000,29.0000,30.0000,37.0000,29.0000,30.0000,31,30,30,31,30,30,38,29,30,37,29,30,32,30,31,31,30,30,38,29,30,37,29,30,43.00,40.97,30.517,0.278,2.7976,sat down ~19:22Z from 45/46C
2411.54,2026-09-28T20:07:22Z,501,31.9721,30.0000,30.5449,31.0000,30.0000,30.0000,38.0000,29.0000,30.0000,37.0000,29.0000,30.0000,31,30,30,31,30,30,38,29,30,37,29,30,32,30,31,31,30,30,38,29,30,37,29,30,43.00,40.97,30.516,0.277,2.7976,sat down ~19:22Z from 45/46C
2412.54,2026-09-28T20:07:23Z,501,32.0000,30.0000,30.5090,31.0000,30.0000,30.0000,38.0000,29.0000,30.0000,37.0000,29.0000,30.0000,32,30,30,31,30,30,38,29,30,37,29,30,32,30,31,31,30,30,38,29,30,37,29,30,43.00,40.97,30.516,0.279,2.7976,sat down ~19:22Z from 45/46C
2413.54,2026-09-28T20:07:24Z,500,31.9920,30.0000,30.6140,31.0000,30.0000,30.0000,38.0000,29.0000,30.0000,37.0000,29.0000,30.0000,31,30,30,31,30,30,38,29,30,37,29,30,32,30,31,31,30,30,38,29,30,37,29,30,43.00,40.95,30.515,0.279,2.7976,sat down ~19:22Z from 45/46C
2414.54,2026-09-28T20:07:25Z,501,31.9920,30.0000,30.6068,31.0000,30.0000,30.0000,38.0000,29.0000,30.0000,37.0000,29.0000,30.0000,31,30,30,31,30,30,38,29,30,37,29,30,32,30,31,31,30,30,38,29,30,37,29,30,43.00,40.97,30.516,0.285,2.7976,sat down ~19:22Z from 45/46C
2415.54,2026-09-28T20:07:26Z,500,31.9840,30.0000,30.5420,31.0000,30.0000,30.0000,38.0000,29.0000,30.0000,37.0000,29.0000,30.0000,31,30,30,31,30,30,38,29,30,37,29,30,32,30,31,31,30,30,38,29,30,37,29,30,43.00,40.98,30.515,0.281,2.7976,sat down ~19:22Z from 45/46C
2416.54,2026-09-28T20:07:27Z,501,31.9860,30.0000,30.5808,31.0000,30.0000,30.0000,38.0000,29.0000,30.0000,37.0000,29.0000,30.0000,31,30,30,31,30,30,38,29,30,37,29,30,32,30,31,31,30,30,38,29,30,37,29,30,43.00,40.99,30.515,0.281,2.7976,sat down ~19:22Z from 45/46C
2417.55,2026-09-28T20:07:28Z,501,31.9760,30.0000,30.5509,31.0000,30.0000,30.0000,38.0000,29.0000,30.0000,37.0000,29.0000,30.0000,31,30,30,31,30,30,38,29,30,37,29,30,32,30,31,31,30,30,38,29,30,37,29,30,43.00,40.98,30.515,0.280,2.7976,sat down ~19:22Z from 45/46C
2418.55,2026-09-28T20:07:29Z,500,31.9940,30.0000,30.5940,31.0000,30.0000,30.0000,38.0000,29.0000,30.0000,37.0000,29.0000,30.0000,31,30,30,31,30,30,38,29,30,37,29,30,32,30,31,31,30,30,38,29,30,37,29,30,43.00,40.97,30.514,0.279,2.7976,sat down ~19:22Z from 45/46C
2419.55,2026-09-28T20:07:30Z,501,31.9721,30.0000,30.5629,31.0000,30.0000,30.0000,38.0000,29.0000,30.0000,37.0000,29.0000,30.0000,31,30,30,31,30,30,38,29,30,37,29,30,32,30,31,31,30,30,38,29,30,37,29,30,43.00,40.98,30.514,0.276,2.7976,sat down ~19:22Z from 45/46C
2420.55,2026-09-28T20:07:31Z,501,32.0000,30.0000,30.6747,31.0000,30.0000,30.0000,38.0000,29.0000,30.0000,37.0000,29.0000,30.0000,32,30,30,31,30,30,38,29,30,37,29,30,32,30,31,31,30,30,38,29,30,37,29,30,43.00,40.99,30.514,0.281,2.7976,sat down ~19:22Z from 45/46C
2421.55,2026-09-28T20:07:32Z,500,31.9760,30.0000,30.6260,31.0000,30.0000,30.0000,38.0000,29.0000,30.0000,37.0000,29.0000,30.0000,31,30,30,31,30,30,38,29,30,37,29,30,32,30,31,31,30,30,38,29,30,37,29,30,43.00,40.99,30.514,0.283,2.7976,sat down ~19:22Z from 45/46C
2422.55,2026-09-28T20:07:33Z,501,31.9920,30.0000,30.5230,31.0000,30.0000,30.0000,38.0000,29.0000,30.0000,37.0000,29.0000,30.0000,31,30,30,31,30,30,38,29,30,37,29,30,32,30,31,31,30,30,38,29,30,37,29,30,43.00,40.98,30.514,0.279,2.7976,sat down ~19:22Z from 45/46C
2423.55,2026-09-28T20:07:34Z,500,32.0000,30.0000,30.6460,31.0000,30.0000,30.0000,38.0000,29.0000,30.0000,37.0000,29.0000,30.0000,32,30,30,31,30,30,38,29,30,37,29,30,32,30,31,31,30,30,38,29,30,37,29,30,43.00,40.97,30.513,0.284,2.7976,sat down ~19:22Z from 45/46C
2424.55,2026-09-28T20:07:35Z,500,32.0000,30.0000,30.6160,31.0000,30.0000,30.0000,38.0000,29.0000,30.0000,37.0000,29.0000,30.0000,32,30,30,31,30,30,38,29,30,37,29,30,32,30,31,31,30,30,38,29,30,37,29,30,43.00,40.98,30.513,0.283,2.7976,sat down ~19:22Z from 45/46C
2425.55,2026-09-28T20:07:36Z,500,32.0000,30.0000,30.7640,31.0000,30.0000,30.0000,38.0000,29.0000,30.0000,37.0000,29.0000,30.0000,32,30,30,31,30,30,38,29,30,37,29,30,32,30,31,31,30,30,38,29,30,37,29,30,43.00,40.98,30.512,0.282,2.7976,sat down ~19:22Z from 45/46C
2426.56,2026-09-28T20:07:37Z,501,31.9920,30.0000,30.6487,31.0000,30.0000,30.0000,38.0000,29.0000,30.0000,37.0000,29.0000,30.0000,31,30,30,31,30,30,38,29,30,37,29,30,32,30,31,31,30,30,38,29,30,37,29,30,43.00,40.99,30.513,0.282,2.7976,sat down ~19:22Z from 45/46C
2427.56,2026-09-28T20:07:38Z,501,32.0000,30.0000,30.6926,31.0000,30.0000,30.0000,38.0000,29.0000,30.0000,37.0000,29.0000,30.0000,32,30,30,31,30,30,38,29,30,37,29,30,32,30,31,31,30,30,38,29,30,37,29,30,43.00,40.99,30.512,0.280,2.7976,sat down ~19:22Z from 45/46C
2428.56,2026-09-28T20:07:39Z,501,32.0000,30.0000,30.7445,31.0000,30.0000,30.0000,38.0000,29.0000,30.0000,37.0000,29.0000,30.0000,32,30,30,31,30,30,38,29,30,37,29,30,32,30,31,31,30,30,38,29,30,37,29,30,43.00,40.99,30.512,0.280,2.7976,sat down ~19:22Z from 45/46C
2429.56,2026-09-28T20:07:40Z,501,31.9940,30.0000,30.6826,31.0000,30.0000,30.0000,38.0000,29.0000,30.0000,37.0000,29.0000,30.0000,31,30,30,31,30,30,38,29,30,37,29,30,32,30,31,31,30,30,38,29,30,37,29,30,43.00,40.99,30.512,0.277,2.7976,sat down ~19:22Z from 45/46C
2430.56,2026-09-28T20:07:41Z,500,32.0000,30.0000,30.5920,31.0000,30.0000,30.0000,38.0000,29.0000,30.0000,37.0000,29.0000,30.0000,32,30,30,31,30,30,38,29,30,37,29,30,32,30,31,31,30,30,38,29,30,37,29,30,43.00,40.99,30.512,0.283,2.7976,sat down ~19:22Z from 45/46C
2431.56,2026-09-28T20:07:42Z,500,31.9860,30.0000,30.6700,31.0000,30.0000,30.0000,38.0000,29.0000,30.0000,37.0000,29.0000,30.0000,31,30,30,31,30,30,38,29,30,37,29,30,32,30,31,31,30,30,38,29,30,37,29,30,43.00,40.99,30.512,0.280,2.7976,sat down ~19:22Z from 45/46C
2432.56,2026-09-28T20:07:43Z,501,31.9780,30.0000,30.6667,31.0000,30.0000,30.0000,38.0000,29.0000,30.0000,37.0000,29.0000,30.0000,31,30,30,31,30,30,38,29,30,37,29,30,32,30,31,31,30,30,38,29,30,37,29,30,43.00,40.99,30.511,0.282,2.7976,sat down ~19:22Z from 45/46C
2433.57,2026-09-28T20:07:44Z,501,32.0000,30.0000,30.6048,31.0000,30.0000,30.0000,38.0000,29.0000,30.0000,37.0000,29.0000,30.0000,32,30,30,31,30,30,38,29,30,37,29,30,32,30,31,31,30,30,38,29,30,37,29,30,43.00,40.99,30.511,0.284,2.7976,sat down ~19:22Z from 45/46C
2434.57,2026-09-28T20:07:45Z,500,32.0000,30.0000,30.6880,31.0000,30.0000,30.0000,38.0000,29.0000,30.0000,37.0000,29.0000,30.0000,32,30,30,31,30,30,38,29,30,37,29,30,32,30,31,31,30,30,38,29,30,37,29,30,43.00,40.99,30.511,0.282,2.7976,sat down ~19:22Z from 45/46C
2435.57,2026-09-28T20:07:46Z,501,32.0000,30.0000,30.5828,31.0000,30.0000,30.0000,38.0000,29.0000,30.0000,37.0000,29.0000,30.0000,32,30,30,31,30,30,38,29,30,37,29,30,32,30,31,31,30,30,38,29,30,37,29,30,43.01,40.99,30.511,0.280,2.7976,sat down ~19:22Z from 45/46C
2436.57,2026-09-28T20:07:47Z,500,31.9940,30.0000,30.6860,31.0000,30.0000,30.0000,38.0000,29.0000,30.0000,37.0000,29.0000,30.0000,31,30,30,31,30,30,38,29,30,37,29,30,32,30,31,31,30,30,38,29,30,37,29,30,43.01,40.99,30.510,0.281,2.7976,sat down ~19:22Z from 45/46C
2437.57,2026-09-28T20:07:48Z,501,32.0000,30.0000,30.6906,31.0000,30.0000,30.0000,38.0000,29.0000,30.0000,37.0000,29.0000,30.0000,32,30,30,31,30,30,38,29,30,37,29,30,32,30,31,31,30,30,38,29,30,37,29,30,43.02,40.99,30.510,0.281,2.7976,sat down ~19:22Z from 45/46C
2438.57,2026-09-28T20:07:49Z,501,32.0000,30.0000,30.7146,31.0000,30.0000,30.0000,38.0000,29.0000,30.0000,37.0000,29.0000,30.0000,32,30,30,31,30,30,38,29,30,37,29,30,32,30,31,31,30,30,38,29,30,37,29,30,43.02,40.99,30.510,0.286,2.7976,sat down ~19:22Z from 45/46C
2439.57,2026-09-28T20:07:50Z,500,32.0000,30.0000,30.6640,31.0000,30.0000,30.0000,38.0000,29.0000,30.0000,37.0000,29.0000,30.0000,32,30,30,31,30,30,38,29,30,37,29,30,32,30,31,31,30,30,38,29,30,37,29,30,43.01,40.99,30.510,0.285,2.7976,sat down ~19:22Z from 45/46C
2440.57,2026-09-28T20:07:51Z,501,32.0000,30.0000,30.6687,31.0000,30.0000,30.0000,38.0000,29.0000,30.0000,37.0000,29.0000,30.0000,32,30,30,31,30,30,38,29,30,37,29,30,32,30,31,31,30,30,38,29,30,37,29,30,43.02,40.99,30.510,0.286,2.7976,sat down ~19:22Z from 45/46C
2441.57,2026-09-28T20:07:52Z,500,32.0000,30.0000,30.7200,31.0000,30.0000,30.0000,38.0000,29.0000,30.0000,37.0000,29.0000,30.0000,32,30,30,31,30,30,38,29,30,37,29,30,32,30,31,31,30,30,38,29,30,37,29,30,43.02,40.99,30.509,0.283,2.7976,sat down ~19:22Z from 45/46C
2442.57,2026-09-28T20:07:53Z,500,32.0000,30.0000,30.6020,31.0000,30.0000,30.0000,38.0000,29.0000,30.0000,37.0000,29.0000,30.0000,32,30,30,31,30,30,38,29,30,37,29,30,32,30,31,31,30,30,38,29,30,37,29,30,43.01,40.99,30.509,0.283,2.7976,sat down ~19:22Z from 45/46C
2443.58,2026-09-28T20:07:54Z,501,32.0000,30.0000,30.6667,31.0000,30.0000,30.0000,38.0000,29.0000,30.0000,37.0000,29.0000,30.0000,32,30,30,31,30,30,38,29,30,37,29,30,32,30,31,31,30,30,38,29,30,37,29,30,43.02,40.99,30.509,0.283,2.7976,sat down ~19:22Z from 45/46C
2444.58,2026-09-28T20:07:55Z,501,32.0000,30.0000,30.6806,31.0000,30.0000,30.0000,38.0000,29.0000,30.0000,37.0000,29.0000,30.0000,32,30,30,31,30,30,38,29,30,37,29,30,32,30,31,31,30,30,38,29,30,37,29,30,43.01,40.99,30.509,0.279,2.7976,sat down ~19:22Z from 45/46C
2445.58,2026-09-28T20:07:56Z,500,32.0000,30.0000,30.7360,31.0000,30.0000,30.0000,38.0000,29.0000,30.0000,37.0000,29.0000,30.0000,32,30,30,31,30,30,38,29,30,37,29,30,32,30,31,31,30,30,38,29,30,37,29,30,43.02,40.99,30.508,0.278,2.7976,sat down ~19:22Z from 45/46C
2446.58,2026-09-28T20:07:57Z,501,32.0000,30.0000,30.6906,31.0000,30.0000,30.0000,38.0000,29.0000,30.0000,37.0000,29.0000,30.0000,32,30,30,31,30,30,38,29,30,37,29,30,32,30,31,31,30,30,38,29,30,37,29,30,43.02,40.99,30.508,0.280,2.7976,sat down ~19:22Z from 45/46C
2447.58,2026-09-28T20:07:58Z,500,32.0000,30.0000,30.6460,31.0000,30.0000,30.0000,38.0000,29.0000,30.0000,37.0000,29.0000,30.0000,32,30,30,31,30,30,38,29,30,37,29,30,32,30,31,31,30,30,38,29,30,37,29,30,43.03,40.99,30.508,0.281,2.7976,sat down ~19:22Z from 45/46C
2448.58,2026-09-28T20:07:59Z,498,32.0000,30.0000,30.6928,31.0000,30.0000,30.0000,38.0000,29.0000,30.0000,37.0000,29.0000,30.0000,32,30,30,31,30,30,38,29,30,37,29,30,32,30,31,31,30,30,38,29,30,37,29,30,43.03,40.99,30.507,0.282,2.7976,sat down ~19:22Z from 45/46C
2449.58,2026-09-28T20:08:00Z,499,32.0000,30.0000,30.6914,31.0000,30.0000,30.0000,38.0000,29.0000,30.0000,37.0000,29.0000,30.0000,32,30,30,31,30,30,38,29,30,37,29,30,32,30,31,31,30,30,38,29,30,37,29,30,43.03,40.99,30.507,0.284,2.7976,sat down ~19:22Z from 45/46C
2450.58,2026-09-28T20:08:01Z,501,32.0000,30.0000,30.7485,31.0000,30.0000,30.0000,38.0000,29.0000,30.0000,37.0000,29.0000,30.0000,32,30,30,31,30,30,38,29,30,37,29,30,32,30,31,31,30,30,38,29,30,37,29,30,43.05,40.99,30.508,0.285,2.7976,sat down ~19:22Z from 45/46C
2451.58,2026-09-28T20:08:02Z,500,32.0000,30.0000,30.6900,31.0000,30.0000,30.0000,38.0000,29.0000,30.0000,37.0000,29.0000,30.0000,32,30,30,31,30,30,38,29,30,37,29,30,32,30,31,31,30,30,38,29,30,37,29,30,43.04,40.99,30.507,0.285,2.7976,sat down ~19:22Z from 45/46C
2452.59,2026-09-28T20:08:03Z,501,32.0000,30.0000,30.7545,31.0000,30.0000,30.0000,38.0000,29.0000,30.0000,37.0000,29.0000,30.0000,32,30,30,31,30,30,38,29,30,37,29,30,32,30,31,31,30,30,38,29,30,37,29,30,43.03,40.98,30.507,0.283,2.7976,sat down ~19:22Z from 45/46C
2453.59,2026-09-28T20:08:04Z,500,32.0000,30.0000,30.7240,31.0000,30.0000,30.0000,38.0000,29.0000,30.0000,37.0000,29.0000,30.0000,32,30,30,31,30,30,38,29,30,37,29,30,32,30,31,31,30,30,38,29,30,37,29,30,43.03,40.99,30.507,0.283,2.7976,sat down ~19:22Z from 45/46C
2454.59,2026-09-28T20:08:05Z,500,32.0000,30.0000,30.7340,31.0000,30.0000,30.0000,38.0000,29.0000,30.0000,37.0000,29.0000,30.0000,32,30,30,31,30,30,38,29,30,37,29,30,32,30,31,31,30,30,38,29,30,37,29,30,43.04,40.99,30.506,0.283,2.7976,sat down ~19:22Z from 45/46C
2455.59,2026-09-28T20:08:06Z,501,32.0000,30.0000,30.7345,31.0000,30.0000,30.0000,38.0000,29.0000,30.0000,37.0000,29.0000,30.0000,32,30,30,31,30,30,38,29,30,37,29,30,32,30,31,31,30,30,38,29,30,37,29,30,43.02,40.99,30.506,0.282,2.7976,sat down ~19:22Z from 45/46C
2456.59,2026-09-28T20:08:07Z,500,32.0000,30.0000,30.8020,31.0000,30.0000,30.0000,38.0000,29.0000,30.0000,37.0000,29.0000,30.0000,32,30,30,31,30,30,38,29,30,37,29,30,32,30,31,31,30,30,38,29,30,37,29,30,43.04,40.99,30.506,0.282,2.7976,sat down ~19:22Z from 45/46C
2457.59,2026-09-28T20:08:08Z,501,32.0000,30.0000,30.7625,31.0000,30.0000,30.0000,38.0000,29.0000,30.0000,37.0000,29.0000,30.0000,32,30,30,31,30,30,38,29,30,37,29,30,32,30,31,31,30,30,38,29,30,37,29,30,43.06,40.99,30.506,0.287,2.7976,sat down ~19:22Z from 45/46C
2458.59,2026-09-28T20:08:09Z,500,32.0000,30.0000,30.7660,31.0000,30.0000,30.0000,38.0000,29.0000,30.0000,37.0000,29.0000,30.0000,32,30,30,31,30,30,38,29,30,37,29,30,32,30,31,31,30,30,38,29,30,37,29,30,43.05,40.96,30.506,0.287,2.7976,sat down ~19:22Z from 45/46C
2459.59,2026-09-28T20:08:10Z,501,32.0000,30.0000,30.7764,31.0000,30.0000,30.0000,38.0000,29.0000,30.0000,37.0000,29.0000,30.0000,32,30,30,31,30,30,38,29,30,37,29,30,32,30,31,31,30,30,38,29,30,37,29,30,43.03,40.99,30.505,0.284,2.7976,sat down ~19:22Z from 45/46C
2460.59,2026-09-28T20:08:11Z,500,32.0000,30.0000,30.7180,31.0000,30.0000,30.0000,38.0000,29.0000,30.0000,37.0000,29.0000,30.0000,32,30,30,31,30,30,38,29,30,37,29,30,32,30,31,31,30,30,38,29,30,37,29,30,43.05,40.98,30.505,0.282,2.7976,sat down ~19:22Z from 45/46C
2461.59,2026-09-28T20:08:12Z,500,32.0000,30.0000,30.7420,31.0000,30.0000,30.0000,38.0000,29.0000,30.0000,37.0000,29.0000,30.0000,32,30,30,31,30,30,38,29,30,37,29,30,32,30,31,31,30,30,38,29,30,37,29,30,43.05,40.99,30.505,0.284,2.7976,sat down ~19:22Z from 45/46C
2462.59,2026-09-28T20:08:13Z,501,32.0000,30.0000,30.7485,31.0000,30.0000,30.0000,38.0000,29.0000,30.0000,37.0000,29.0000,30.0000,32,30,30,31,30,30,38,29,30,37,29,30,32,30,31,31,30,30,38,29,30,37,29,30,43.05,40.99,30.504,0.283,2.7976,sat down ~19:22Z from 45/46C
2463.59,2026-09-28T20:08:14Z,500,32.0000,30.0000,30.8320,31.0000,30.0000,30.0000,38.0000,29.0000,30.0000,37.0000,29.0000,30.0000,32,30,30,31,30,30,38,29,30,37,29,30,32,30,31,31,30,30,38,29,30,37,29,30,43.05,40.99,30.504,0.285,2.7976,sat down ~19:22Z from 45/46C
2464.60,2026-09-28T20:08:15Z,501,32.0000,30.0000,30.8403,31.0000,30.0000,30.0000,38.0000,29.0000,30.0000,37.0000,29.0000,30.0000,32,30,30,31,30,30,38,29,30,37,29,30,32,30,31,31,30,30,38,29,30,37,29,30,43.06,40.99,30.504,0.285,2.7976,sat down ~19:22Z from 45/46C
2465.60,2026-09-28T20:08:16Z,498,32.0000,30.0000,30.7691,31.0000,30.0000,30.0000,38.0000,29.0000,30.0000,37.0000,29.0000,30.0000,32,30,30,31,30,30,38,29,30,37,29,30,32,30,31,31,30,30,38,29,30,37,29,30,43.04,40.99,30.503,0.282,2.7976,sat down ~19:22Z from 45/46C
2466.60,2026-09-28T20:08:17Z,500,32.0000,30.0000,30.8060,31.0000,30.0000,30.0000,38.0000,29.0000,30.0000,37.0000,29.0000,30.0000,32,30,30,31,30,30,38,29,30,37,29,30,32,30,31,31,30,30,38,29,30,37,29,30,43.03,40.99,30.503,0.285,2.7976,sat down ~19:22Z from 45/46C
2467.60,2026-09-28T20:08:18Z,501,32.0000,30.0000,30.8124,31.0000,30.0000,30.0000,38.0000,29.0000,30.0000,37.0000,29.0000,30.0000,32,30,30,31,30,30,38,29,30,37,29,30,32,30,31,31,30,30,38,29,30,37,29,30,43.04,40.99,30.503,0.283,2.7976,sat down ~19:22Z from 45/46C
2468.60,2026-09-28T20:08:19Z,500,32.0000,30.0000,30.7820,31.0000,30.0000,30.0000,38.0000,29.0000,30.0000,37.0000,29.0000,30.0000,32,30,30,31,30,30,38,29,30,37,29,30,32,30,31,31,30,30,38,29,30,37,29,30,43.04,40.99,30.503,0.283,2.7976,sat down ~19:22Z from 45/46C
2469.60,2026-09-28T20:08:20Z,501,32.0000,30.0000,30.7585,31.0000,30.0000,30.0000,38.0000,29.0000,30.0000,37.0000,29.0000,30.0000,32,30,30,31,30,30,38,29,30,37,29,30,32,30,31,31,30,30,38,29,30,37,29,30,43.03,40.99,30.503,0.281,2.7976,sat down ~19:22Z from 45/46C
2470.60,2026-09-28T20:08:21Z,500,32.0000,30.0000,30.7440,31.0000,30.0000,30.0000,38.0000,29.0000,30.0000,37.0000,29.0000,30.0000,32,30,30,31,30,30,38,29,30,37,29,30,32,30,31,31,30,30,38,29,30,37,29,30,43.05,40.98,30.502,0.285,2.7976,sat down ~19:22Z from 45/46C
2471.60,2026-09-28T20:08:22Z,500,32.0000,30.0000,30.8400,31.0000,30.0000,30.0000,38.0000,29.0000,30.0000,37.0000,29.0000,30.0000,32,30,30,31,30,30,38,29,30,37,29,30,32,30,31,31,30,30,38,29,30,37,29,30,43.05,40.99,30.503,0.286,2.7976,sat down ~19:22Z from 45/46C
2472.60,2026-09-28T20:08:23Z,500,32.0000,30.0000,30.7900,31.0000,30.0000,30.0000,38.0000,29.0000,30.0000,37.0000,29.0000,30.0000,32,30,30,31,30,30,38,29,30,37,29,30,32,30,31,31,30,30,38,29,30,37,29,30,43.04,40.99,30.502,0.286,2.7976,sat down ~19:22Z from 45/46C
2473.61,2026-09-28T20:08:24Z,501,32.0000,30.0000,30.7745,31.0000,30.0000,30.0000,38.0000,29.0000,30.0000,37.0000,29.0000,30.0000,32,30,30,31,30,30,38,29,30,37,29,30,32,30,31,31,30,30,38,29,30,37,29,30,43.05,40.99,30.502,0.290,2.7976,sat down ~19:22Z from 45/46C
2474.61,2026-09-28T20:08:25Z,499,32.0000,30.0000,30.7916,31.0000,30.0000,30.0000,38.0000,29.0000,30.0000,37.0000,29.0000,30.0000,32,30,30,31,30,30,38,29,30,37,29,30,32,30,31,31,30,30,38,29,30,37,29,30,43.06,40.99,30.502,0.286,2.7976,sat down ~19:22Z from 45/46C
2475.61,2026-09-28T20:08:26Z,501,32.0000,30.0000,30.8144,31.0000,30.0000,30.0000,38.0000,29.0000,30.0000,37.0000,29.0000,30.0000,32,30,30,31,30,30,38,29,30,37,29,30,32,30,31,31,30,30,38,29,30,37,29,30,43.04,40.99,30.501,0.286,2.7976,sat down ~19:22Z from 45/46C
2476.61,2026-09-28T20:08:27Z,501,32.0000,30.0000,30.8044,31.0000,30.0000,30.0000,38.0000,29.0000,30.0000,37.0000,29.0000,30.0000,32,30,30,31,30,30,38,29,30,37,29,30,32,30,31,31,30,30,38,29,30,37,29,30,43.04,40.99,30.501,0.286,2.7976,sat down ~19:22Z from 45/46C
2477.61,2026-09-28T20:08:28Z,501,32.0000,30.0000,30.8703,31.0000,30.0000,30.0000,38.0000,29.0000,30.0000,37.0000,29.0000,30.0000,32,30,30,31,30,30,38,29,30,37,29,30,32,30,31,31,30,30,38,29,30,37,29,30,43.07,40.98,30.501,0.292,2.7976,sat down ~19:22Z from 45/46C
2478.62,2026-09-28T20:08:29Z,501,32.0000,30.0000,30.8922,31.0000,30.0000,30.0000,38.0000,29.0000,30.0000,37.0000,29.0000,30.0000,32,30,30,31,30,30,38,29,30,37,29,30,32,30,31,31,30,30,38,29,30,37,29,30,43.07,40.98,30.501,0.292,2.7976,sat down ~19:22Z from 45/46C
2479.62,2026-09-28T20:08:30Z,500,32.0000,30.0000,30.9080,31.0000,30.0000,30.0000,38.0000,29.0000,30.0000,37.0000,29.0000,30.0000,32,30,30,31,30,30,38,29,30,37,29,30,32,30,31,31,30,30,38,29,30,37,29,30,43.08,40.99,30.500,0.290,2.7976,sat down ~19:22Z from 45/46C
2480.62,2026-09-28T20:08:31Z,499,32.0000,30.0000,30.8517,31.0000,30.0000,30.0000,38.0000,29.0000,30.0000,37.0000,29.0000,30.0000,32,30,30,31,30,30,38,29,30,37,29,30,32,30,31,31,30,30,38,29,30,37,29,30,43.09,40.98,30.500,0.287,2.7976,sat down ~19:22Z from 45/46C
2481.62,2026-09-28T20:08:32Z,500,32.0000,30.0000,30.8680,31.0000,30.0000,30.0000,38.0000,29.0000,30.0000,37.0000,29.0000,30.0000,32,30,30,31,30,30,38,29,30,37,29,30,32,30,31,31,30,30,38,29,30,37,29,30,43.07,40.99,30.500,0.287,2.7976,sat down ~19:22Z from 45/46C
2482.62,2026-09-28T20:08:33Z,500,32.0000,30.0000,30.8400,31.0000,30.0000,30.0000,38.0000,29.0000,30.0000,37.0000,29.0000,30.0000,32,30,30,31,30,30,38,29,30,37,29,30,32,30,31,31,30,30,38,29,30,37,29,30,43.08,40.99,30.500,0.285,2.7976,sat down ~19:22Z from 45/46C
2483.62,2026-09-28T20:08:34Z,501,32.0000,30.0000,30.8822,31.0000,30.0000,30.0000,38.0000,29.0000,30.0000,37.0000,29.0000,30.0000,32,30,30,31,30,30,38,29,30,37,29,30,32,30,31,31,30,30,38,29,30,37,29,30,43.10,40.99,30.500,0.290,2.7976,sat down ~19:22Z from 45/46C
2484.62,2026-09-28T20:08:35Z,500,32.0000,30.0000,30.8460,31.0000,30.0000,30.0000,38.0000,29.0000,30.0000,37.0000,29.0000,30.0000,32,30,30,31,30,30,38,29,30,37,29,30,32,30,31,31,30,30,38,29,30,37,29,30,43.07,40.99,30.499,0.286,2.7976,sat down ~19:22Z from 45/46C
2485.62,2026-09-28T20:08:36Z,501,32.0000,30.0000,30.8443,31.0000,30.0000,30.0000,38.0000,29.0000,30.0000,37.0000,29.0000,30.0000,32,30,30,31,30,30,38,29,30,37,29,30,32,30,31,31,30,30,38,29,30,37,29,30,43.08,40.99,30.499,0.289,2.7976,sat down ~19:22Z from 45/46C
2486.62,2026-09-28T20:08:37Z,500,32.0000,30.0000,30.8460,31.0000,30.0000,30.0000,38.0000,29.0000,30.0000,37.0000,29.0000,30.0000,32,30,30,31,30,30,38,29,30,37,29,30,32,30,31,31,30,30,38,29,30,37,29,30,43.06,40.99,30.498,0.287,2.7976,sat down ~19:22Z from 45/46C
2487.62,2026-09-28T20:08:38Z,500,32.0000,30.0000,30.8860,31.0000,30.0000,30.0000,38.0000,29.0000,30.0000,37.0000,29.0000,30.0000,32,30,30,31,30,30,38,29,30,37,29,30,32,30,31,31,30,30,38,29,30,37,29,30,43.07,40.99,30.498,0.285,2.7976,sat down ~19:22Z from 45/46C
2488.62,2026-09-28T20:08:39Z,501,32.0000,30.0000,30.8623,31.0000,30.0000,30.0000,38.0000,29.0000,30.0000,37.0000,29.0000,30.0000,32,30,30,31,30,30,38,29,30,37,29,30,32,30,31,31,30,30,38,29,30,37,29,30,43.10,40.99,30.498,0.282,2.7976,sat down ~19:22Z from 45/46C
2489.63,2026-09-28T20:08:40Z,501,32.0000,30.0000,30.8842,31.0000,30.0000,30.0000,38.0000,29.0000,30.0000,37.0000,29.0000,30.0000,32,30,30,31,30,30,38,29,30,37,29,30,32,30,31,31,30,30,38,29,30,37,29,30,43.09,40.99,30.498,0.280,2.7976,sat down ~19:22Z from 45/46C
2490.63,2026-09-28T20:08:41Z,501,32.0000,30.0000,30.9142,31.0000,30.0000,30.0000,38.0000,29.0000,30.0000,37.0000,29.0000,30.0000,32,30,30,31,30,30,38,29,30,37,29,30,32,30,31,31,30,30,38,29,30,37,29,30,43.12,40.99,30.498,0.284,2.7976,sat down ~19:22Z from 45/46C
2491.63,2026-09-28T20:08:42Z,500,32.0000,30.0000,30.8920,31.0000,30.0000,30.0000,38.0000,29.0000,30.0000,37.0000,29.0000,30.0000,32,30,30,31,30,30,38,29,30,37,29,30,32,30,31,31,30,30,38,29,30,37,29,30,43.12,40.99,30.498,0.282,2.7976,sat down ~19:22Z from 45/46C
2492.63,2026-09-28T20:08:43Z,501,32.0000,30.0000,30.9222,31.0000,30.0000,30.0000,38.0000,29.0000,30.0000,37.0000,29.0000,30.0000,32,30,30,31,30,30,38,29,30,37,29,30,32,30,31,31,30,30,38,29,30,37,29,30,43.12,40.98,30.497,0.283,2.7976,sat down ~19:22Z from 45/46C
2493.63,2026-09-28T20:08:44Z,500,32.0000,30.0000,30.8400,31.0000,30.0000,30.0000,38.0000,29.0000,30.0000,37.0000,29.0000,30.0000,32,30,30,31,30,30,38,29,30,37,29,30,32,30,31,31,30,30,38,29,30,37,29,30,43.13,40.99,30.497,0.281,2.7976,sat down ~19:22Z from 45/46C
2494.63,2026-09-28T20:08:45Z,501,32.0000,30.0000,30.8982,31.0000,30.0000,30.0000,37.9940,29.0000,30.0000,37.0000,29.0000,30.0000,32,30,30,31,30,30,37,29,30,37,29,30,32,30,31,31,30,30,38,29,30,37,29,30,43.13,40.98,30.496,0.280,2.7976,sat down ~19:22Z from 45/46C
2495.63,2026-09-28T20:08:46Z,500,32.0000,30.0000,30.8860,31.0000,30.0000,30.0000,38.0000,29.0000,30.0000,37.0000,29.0000,30.0000,32,30,30,31,30,30,38,29,30,37,29,30,32,30,31,31,30,30,38,29,30,37,29,30,43.13,40.99,30.497,0.284,2.7976,sat down ~19:22Z from 45/46C
2496.63,2026-09-28T20:08:47Z,501,32.0000,30.0000,30.9361,31.0000,30.0000,30.0000,38.0000,29.0000,30.0000,37.0000,29.0000,30.0000,32,30,30,31,30,30,38,29,30,37,29,30,32,30,31,31,30,30,38,29,30,37,29,30,43.14,40.99,30.496,0.278,2.7976,sat down ~19:22Z from 45/46C
2497.63,2026-09-28T20:08:48Z,500,32.0000,30.0000,30.9340,31.0000,30.0000,30.0000,38.0000,29.0000,30.0000,37.0000,29.0000,30.0000,32,30,30,31,30,30,38,29,30,37,29,30,32,30,31,31,30,30,38,29,30,37,29,30,43.15,40.99,30.496,0.281,2.7976,sat down ~19:22Z from 45/46C
2498.64,2026-09-28T20:08:49Z,501,32.0000,30.0000,30.9042,31.0000,30.0000,30.0000,38.0000,29.0000,30.0000,37.0000,29.0000,30.0000,32,30,30,31,30,30,38,29,30,37,29,30,32,30,31,31,30,30,38,29,30,37,29,30,43.15,40.99,30.496,0.283,2.7976,sat down ~19:22Z from 45/46C
2499.64,2026-09-28T20:08:50Z,501,32.0000,30.0000,30.8982,31.0000,30.0000,30.0000,38.0000,29.0000,30.0000,37.0000,29.0000,30.0000,32,30,30,31,30,30,38,29,30,37,29,30,32,30,31,31,30,30,38,29,30,37,29,30,43.14,40.99,30.496,0.279,2.7976,sat down ~19:22Z from 45/46C
2500.64,2026-09-28T20:08:51Z,501,32.0000,30.0000,30.9122,31.0000,30.0000,30.0000,38.0000,29.0000,30.0000,37.0000,29.0000,30.0000,32,30,30,31,30,30,38,29,30,37,29,30,32,30,31,31,30,30,38,29,30,37,29,30,43.16,40.99,30.496,0.284,2.7976,sat down ~19:22Z from 45/46C
2501.64,2026-09-28T20:08:52Z,499,32.0000,30.0000,30.9118,31.0000,30.0000,30.0000,38.0000,29.0000,30.0000,37.0000,29.0000,30.0000,32,30,30,31,30,30,38,29,30,37,29,30,32,30,31,31,30,30,38,29,30,37,29,30,43.15,40.99,30.496,0.281,2.7976,sat down ~19:22Z from 45/46C
2502.64,2026-09-28T20:08:53Z,500,32.0000,30.0000,30.9440,31.0000,30.0000,30.0000,38.0000,29.0000,30.0000,37.0000,29.0000,30.0000,32,30,30,31,30,30,38,29,30,37,29,30,32,30,31,31,30,30,38,29,30,37,29,30,43.15,41.00,30.495,0.278,2.7976,sat down ~19:22Z from 45/46C
2503.64,2026-09-28T20:08:54Z,501,32.0000,30.0000,30.9421,31.0000,30.0000,30.0000,38.0000,29.0000,30.0000,37.0000,29.0000,30.0000,32,30,30,31,30,30,38,29,30,37,29,30,32,30,31,31,30,30,38,29,30,37,29,30,43.16,40.99,30.495,0.281,2.7976,sat down ~19:22Z from 45/46C
2504.64,2026-09-28T20:08:55Z,500,32.0000,30.0000,30.9160,31.0000,30.0000,30.0000,38.0000,29.0000,30.0000,37.0000,29.0000,30.0000,32,30,30,31,30,30,38,29,30,37,29,30,32,30,31,31,30,30,38,29,30,37,29,30,43.18,40.99,30.495,0.278,2.7976,sat down ~19:22Z from 45/46C
2505.64,2026-09-28T20:08:56Z,501,32.0000,30.0000,30.9281,31.0000,30.0000,30.0000,38.0000,29.0000,30.0000,37.0000,29.0000,30.0000,32,30,30,31,30,30,38,29,30,37,29,30,32,30,31,31,30,30,38,29,30,37,29,30,43.17,40.99,30.494,0.284,2.7976,sat down ~19:22Z from 45/46C
2506.64,2026-09-28T20:08:57Z,500,32.0000,30.0000,30.9220,31.0000,30.0000,30.0000,38.0000,29.0000,30.0000,37.0000,29.0000,30.0000,32,30,30,31,30,30,38,29,30,37,29,30,32,30,31,31,30,30,38,29,30,37,29,30,43.17,40.99,30.494,0.279,2.7976,sat down ~19:22Z from 45/46C
2507.65,2026-09-28T20:08:58Z,501,32.0000,30.0000,30.9222,31.0000,30.0000,30.0000,38.0000,29.0000,30.0000,37.0000,29.0000,30.0000,32,30,30,31,30,30,38,29,30,37,29,30,32,30,31,31,30,30,38,29,30,37,29,30,43.17,40.99,30.494,0.278,2.7976,sat down ~19:22Z from 45/46C
2508.65,2026-09-28T20:08:59Z,500,32.0000,30.0000,30.8860,31.0000,30.0000,30.0000,38.0000,29.0000,30.0000,37.0000,29.0000,30.0000,32,30,30,31,30,30,38,29,30,37,29,30,32,30,31,31,30,30,38,29,30,37,29,30,43.20,40.99,30.494,0.282,2.7976,sat down ~19:22Z from 45/46C
2509.65,2026-09-28T20:09:00Z,501,32.0000,30.0000,30.9461,31.0000,30.0000,30.0000,38.0000,29.0000,30.0000,37.0000,29.0000,30.0000,32,30,30,31,30,30,38,29,30,37,29,30,32,30,31,31,30,30,38,29,30,37,29,30,43.18,40.99,30.493,0.280,2.7976,sat down ~19:22Z from 45/46C
2510.65,2026-09-28T20:09:01Z,500,32.0000,30.0000,30.9320,31.0000,30.0000,30.0000,38.0000,29.0000,30.0000,37.0000,29.0000,30.0000,32,30,30,31,30,30,38,29,30,37,29,30,32,30,31,31,30,30,38,29,30,37,29,30,43.20,40.99,30.493,0.283,2.7976,sat down ~19:22Z from 45/46C
2511.65,2026-09-28T20:09:02Z,501,32.0000,30.0000,30.8982,31.0000,30.0000,30.0000,38.0000,29.0000,30.0000,37.0000,29.0000,30.0000,32,30,30,31,30,30,38,29,30,37,29,30,32,30,31,31,30,30,38,29,30,37,29,30,43.21,40.99,30.493,0.281,2.7976,sat down ~19:22Z from 45/46C
2512.65,2026-09-28T20:09:03Z,500,32.0000,30.0000,30.9500,31.0000,30.0000,30.0000,38.0000,29.0000,30.0000,37.0000,29.0000,30.0000,32,30,30,31,30,30,38,29,30,37,29,30,32,30,31,31,30,30,38,29,30,37,29,30,43.21,40.99,30.493,0.278,2.7976,sat down ~19:22Z from 45/46C
2513.65,2026-09-28T20:09:04Z,500,32.0000,30.0000,30.9640,31.0000,30.0000,30.0000,38.0000,29.0000,30.0000,37.0000,29.0000,30.0000,32,30,30,31,30,30,38,29,30,37,29,30,32,30,31,31,30,30,38,29,30,37,29,30,43.21,40.99,30.493,0.276,2.7976,sat down ~19:22Z from 45/46C
2514.65,2026-09-28T20:09:05Z,500,32.0000,30.0000,30.9560,31.0000,30.0000,30.0000,38.0000,29.0000,30.0000,37.0000,29.0000,30.0000,32,30,30,31,30,30,38,29,30,37,29,30,32,30,31,31,30,30,38,29,30,37,29,30,43.24,40.99,30.492,0.278,2.7976,sat down ~19:22Z from 45/46C
2515.66,2026-09-28T20:09:06Z,501,32.0000,30.0000,30.9741,31.0000,30.0000,30.0000,38.0000,29.0000,30.0000,37.0000,29.0000,30.0000,32,30,30,31,30,30,38,29,30,37,29,30,32,30,31,31,30,30,38,29,30,37,29,30,43.24,40.99,30.493,0.280,2.7976,sat down ~19:22Z from 45/46C
2516.66,2026-09-28T20:09:07Z,501,32.0000,30.0000,30.9461,31.0000,30.0000,30.0000,38.0000,29.0000,30.0000,37.0000,29.0000,30.0000,32,30,30,31,30,30,38,29,30,37,29,30,32,30,31,31,30,30,38,29,30,37,29,30,43.26,40.99,30.492,0.281,2.7976,sat down ~19:22Z from 45/46C
2517.66,2026-09-28T20:09:08Z,500,32.0000,30.0000,30.9340,31.0000,30.0000,30.0000,38.0000,29.0000,30.0000,37.0000,29.0000,30.0000,32,30,30,31,30,30,38,29,30,37,29,30,32,30,31,31,30,30,38,29,30,37,29,30,43.27,40.99,30.492,0.282,2.7976,sat down ~19:22Z from 45/46C
2518.66,2026-09-28T20:09:09Z,501,32.0000,30.0000,30.9561,31.0000,30.0000,30.0000,38.0000,29.0000,30.0000,37.0000,29.0000,30.0000,32,30,30,31,30,30,38,29,30,37,29,30,32,30,31,31,30,30,38,29,30,37,29,30,43.30,40.99,30.492,0.285,2.7976,sat down ~19:22Z from 45/46C
2519.66,2026-09-28T20:09:10Z,500,32.0000,30.0000,30.9580,31.0000,30.0000,30.0000,37.9900,29.0000,30.0000,37.0000,29.0000,30.0000,32,30,30,31,30,30,37,29,30,37,29,30,32,30,31,31,30,30,38,29,30,37,29,30,43.29,40.99,30.492,0.281,2.7976,sat down ~19:22Z from 45/46C
2520.66,2026-09-28T20:09:11Z,501,32.0000,30.0000,30.9541,31.0000,30.0000,30.0000,38.0000,29.0000,30.0000,37.0000,29.0000,30.0000,32,30,30,31,30,30,38,29,30,37,29,30,32,30,31,31,30,30,38,29,30,37,29,30,43.32,40.99,30.492,0.286,2.7976,sat down ~19:22Z from 45/46C
2521.66,2026-09-28T20:09:12Z,500,32.0000,30.0000,30.9740,31.0000,30.0000,30.0000,38.0000,29.0000,30.0000,37.0000,29.0000,30.0000,32,30,30,31,30,30,38,29,30,37,29,30,32,30,31,31,30,30,38,29,30,37,29,30,43.32,40.99,30.491,0.284,2.7976,sat down ~19:22Z from 45/46C
2522.66,2026-09-28T20:09:13Z,501,32.0000,30.0000,30.9780,31.0000,30.0000,30.0000,38.0000,29.0000,30.0000,37.0000,29.0000,30.0000,32,30,30,31,30,30,38,29,30,37,29,30,32,30,31,31,30,30,38,29,30,37,29,30,43.31,40.99,30.490,0.285,2.7976,sat down ~19:22Z from 45/46C
2523.66,2026-09-28T20:09:14Z,500,32.0000,30.0000,30.9760,31.0000,30.0000,30.0000,38.0000,29.0000,30.0000,37.0000,29.0000,30.0000,32,30,30,31,30,30,38,29,30,37,29,30,32,30,31,31,30,30,38,29,30,37,29,30,43.31,40.99,30.490,0.284,2.7976,sat down ~19:22Z from 45/46C
2524.66,2026-09-28T20:09:15Z,500,32.0000,30.0000,30.9820,31.0000,30.0000,30.0000,38.0000,29.0000,30.0000,37.0000,29.0000,30.0000,32,30,30,31,30,30,38,29,30,37,29,30,32,30,31,31,30,30,38,29,30,37,29,30,43.32,40.99,30.490,0.285,2.7976,sat down ~19:22Z from 45/46C
2525.67,2026-09-28T20:09:16Z,500,32.0000,30.0000,30.9680,31.0000,30.0000,30.0000,38.0000,29.0000,30.0000,37.0000,29.0000,30.0000,32,30,30,31,30,30,38,29,30,37,29,30,32,30,31,31,30,30,38,29,30,37,29,30,43.36,40.99,30.490,0.281,2.7976,sat down ~19:22Z from 45/46C
2526.67,2026-09-28T20:09:17Z,500,32.0000,30.0000,30.9420,31.0000,30.0000,30.0000,38.0000,29.0000,30.0000,37.0000,29.0000,30.0000,32,30,30,31,30,30,38,29,30,37,29,30,32,30,31,31,30,30,38,29,30,37,29,30,43.35,40.99,30.490,0.282,2.7976,sat down ~19:22Z from 45/46C
2527.67,2026-09-28T20:09:18Z,500,32.0000,30.0000,30.9480,31.0000,30.0000,30.0000,38.0000,29.0000,30.0000,37.0000,29.0000,30.0000,32,30,30,31,30,30,38,29,30,37,29,30,32,30,31,31,30,30,38,29,30,37,29,30,43.33,40.99,30.490,0.282,2.7976,sat down ~19:22Z from 45/46C
2528.67,2026-09-28T20:09:19Z,500,32.0000,30.0000,30.9820,31.0000,30.0000,30.0000,37.9920,29.0000,30.0000,37.0000,29.0000,30.0000,32,30,30,31,30,30,37,29,30,37,29,30,32,30,31,31,30,30,38,29,30,37,29,30,43.33,40.99,30.490,0.281,2.7976,sat down ~19:22Z from 45/46C
2529.67,2026-09-28T20:09:20Z,501,32.0000,30.0000,30.9760,31.0000,30.0000,30.0000,38.0000,29.0000,30.0000,37.0000,29.0000,30.0000,32,30,30,31,30,30,38,29,30,37,29,30,32,30,31,31,30,30,38,29,30,37,29,30,43.38,40.99,30.490,0.282,2.7976,sat down ~19:22Z from 45/46C
2530.67,2026-09-28T20:09:21Z,501,32.0000,30.0000,30.9760,31.0000,30.0000,30.0000,38.0000,29.0000,30.0000,37.0000,29.0000,30.0000,32,30,30,31,30,30,38,29,30,37,29,30,32,30,31,31,30,30,38,29,30,37,29,30,43.38,41.00,30.489,0.281,2.7976,sat down ~19:22Z from 45/46C
2531.67,2026-09-28T20:09:22Z,501,32.0000,30.0000,30.9920,31.0000,30.0000,30.0000,37.9940,29.0000,30.0000,37.0000,29.0000,30.0000,32,30,30,31,30,30,37,29,30,37,29,30,32,30,31,31,30,30,38,29,30,37,29,30,43.41,40.99,30.489,0.282,2.7976,sat down ~19:22Z from 45/46C
2532.67,2026-09-28T20:09:23Z,500,32.0000,30.0000,30.9800,31.0000,30.0000,30.0000,38.0000,29.0000,30.0000,37.0000,29.0000,30.0000,32,30,30,31,30,30,38,29,30,37,29,30,32,30,31,31,30,30,38,29,30,37,29,30,43.38,40.99,30.489,0.281,2.7976,sat down ~19:22Z from 45/46C
2533.67,2026-09-28T20:09:24Z,500,32.0000,30.0000,30.9820,31.0000,30.0000,30.0000,38.0000,29.0000,30.0000,37.0000,29.0000,30.0000,32,30,30,31,30,30,38,29,30,37,29,30,32,30,31,31,30,30,38,29,30,37,29,30,43.40,40.99,30.489,0.280,2.7976,sat down ~19:22Z from 45/46C
2534.67,2026-09-28T20:09:25Z,500,32.0000,30.0000,30.9740,31.0000,30.0000,30.0000,38.0000,29.0000,30.0000,37.0000,29.0000,30.0000,32,30,30,31,30,30,38,29,30,37,29,30,32,30,31,31,30,30,38,29,30,37,29,30,43.41,40.99,30.489,0.282,2.7976,sat down ~19:22Z from 45/46C
2535.68,2026-09-28T20:09:26Z,500,32.0000,30.0000,30.9600,31.0000,30.0000,30.0000,38.0000,29.0000,30.0000,37.0000,29.0000,30.0000,32,30,30,31,30,30,38,29,30,37,29,30,32,30,31,31,30,30,38,29,30,37,29,30,43.45,40.99,30.488,0.284,2.7976,sat down ~19:22Z from 45/46C
2536.68,2026-09-28T20:09:27Z,501,32.0000,30.0000,30.9860,31.0000,30.0000,30.0000,38.0000,29.0000,30.0000,37.0000,29.0000,30.0000,32,30,30,31,30,30,38,29,30,37,29,30,32,30,31,31,30,30,38,29,30,37,29,30,43.42,40.99,30.488,0.279,2.7976,sat down ~19:22Z from 45/46C
2537.68,2026-09-28T20:09:28Z,500,32.0000,30.0000,30.9760,31.0000,30.0000,30.0000,38.0000,29.0000,30.0000,37.0000,29.0000,30.0000,32,30,30,31,30,30,38,29,30,37,29,30,32,30,31,31,30,30,38,29,30,37,29,30,43.44,40.99,30.488,0.283,2.7976,sat down ~19:22Z from 45/46C
2538.68,2026-09-28T20:09:29Z,500,32.0000,30.0000,30.9720,31.0000,30.0000,30.0000,37.9940,29.0000,30.0000,37.0000,29.0000,30.0000,32,30,30,31,30,30,37,29,30,37,29,30,32,30,31,31,30,30,38,29,30,37,29,30,43.47,40.99,30.487,0.281,2.7976,sat down ~19:22Z from 45/46C
2539.68,2026-09-28T20:09:30Z,501,32.0000,30.0000,30.9760,31.0000,30.0000,30.0000,37.9860,29.0000,30.0000,37.0000,29.0000,30.0000,32,30,30,31,30,30,37,29,30,37,29,30,32,30,31,31,30,30,38,29,30,37,29,30,43.46,40.99,30.487,0.278,2.7976,sat down ~19:22Z from 45/46C
2540.68,2026-09-28T20:09:31Z,501,32.0000,30.0000,30.9940,31.0000,30.0000,30.0000,38.0000,29.0000,30.0000,37.0000,29.0000,30.0000,32,30,30,31,30,30,38,29,30,37,29,30,32,30,31,31,30,30,38,29,30,37,29,30,43.47,41.00,30.487,0.279,2.7976,sat down ~19:22Z from 45/46C
2541.68,2026-09-28T20:09:32Z,500,32.0000,30.0000,30.9840,31.0000,30.0000,30.0000,38.0000,29.0000,30.0000,37.0000,29.0000,30.0000,32,30,30,31,30,30,38,29,30,37,29,30,32,30,31,31,30,30,38,29,30,37,29,30,43.47,40.99,30.486,0.276,2.7976,sat down ~19:22Z from 45/46C
2542.68,2026-09-28T20:09:33Z,501,32.0000,30.0000,30.9920,31.0000,30.0000,30.0000,37.9920,29.0000,30.0000,37.0000,29.0000,30.0000,32,30,30,31,30,30,37,29,30,37,29,30,32,30,31,31,30,30,38,29,30,37,29,30,43.49,40.99,30.486,0.277,2.7976,sat down ~19:22Z from 45/46C
2543.68,2026-09-28T20:09:34Z,501,32.0000,30.0000,31.0000,31.0000,30.0000,30.0000,38.0000,29.0000,30.0000,37.0000,29.0000,30.0000,32,30,31,31,30,30,38,29,30,37,29,30,32,30,31,31,30,30,38,29,30,37,29,30,43.46,40.99,30.485,0.277,2.7976,sat down ~19:22Z from 45/46C
2544.68,2026-09-28T20:09:35Z,500,32.0000,30.0000,30.9640,31.0000,30.0000,30.0000,37.9920,29.0000,30.0000,37.0000,29.0000,30.0000,32,30,30,31,30,30,37,29,30,37,29,30,32,30,31,31,30,30,38,29,30,37,29,30,43.50,40.99,30.486,0.274,2.7976,sat down ~19:22Z from 45/46C
2545.69,2026-09-28T20:09:36Z,501,32.0000,30.0000,30.9860,31.0000,30.0000,30.0000,37.9780,29.0000,30.0000,37.0000,29.0000,30.0000,32,30,30,31,30,30,37,29,30,37,29,30,32,30,31,31,30,30,38,29,30,37,29,30,43.50,40.99,30.486,0.279,2.7976,sat down ~19:22Z from 45/46C
2546.69,2026-09-28T20:09:37Z,501,32.0000,30.0000,30.9940,31.0000,30.0000,30.0000,37.9760,29.0000,30.0000,37.0000,29.0000,30.0000,32,30,30,31,30,30,37,29,30,37,29,30,32,30,31,31,30,30,38,29,30,37,29,30,43.53,40.99,30.485,0.275,2.7976,sat down ~19:22Z from 45/46C
2547.69,2026-09-28T20:09:38Z,500,32.0000,30.0000,30.9940,31.0000,30.0000,30.0000,37.9800,29.0000,30.0000,37.0000,29.0000,30.0000,32,30,30,31,30,30,37,29,30,37,29,30,32,30,31,31,30,30,38,29,30,37,29,30,43.52,40.99,30.485,0.277,2.7976,sat down ~19:22Z from 45/46C
2548.69,2026-09-28T20:09:39Z,500,32.0000,30.0000,30.9680,31.0000,30.0000,30.0000,37.9780,29.0000,30.0000,37.0000,29.0000,30.0000,32,30,30,31,30,30,37,29,30,37,29,30,32,30,31,31,30,30,38,29,30,37,29,30,43.53,40.99,30.485,0.280,2.7976,sat down ~19:22Z from 45/46C
2549.69,2026-09-28T20:09:40Z,500,32.0000,30.0000,30.9660,31.0000,30.0000,30.0000,37.9260,29.0000,30.0000,37.0000,29.0000,30.0000,32,30,30,31,30,30,37,29,30,37,29,30,32,30,31,31,30,30,38,29,30,37,29,30,43.50,40.99,30.484,0.279,2.7976,sat down ~19:22Z from 45/46C
2550.69,2026-09-28T20:09:41Z,501,32.0000,30.0000,30.9920,31.0000,30.0000,30.0000,37.9721,29.0000,30.0000,37.0000,29.0000,30.0000,32,30,30,31,30,30,37,29,30,37,29,30,32,30,31,31,30,30,38,29,30,37,29,30,43.56,40.99,30.485,0.277,2.7976,sat down ~19:22Z from 45/46C
2551.69,2026-09-28T20:09:42Z,500,32.0000,30.0000,30.9840,31.0000,30.0000,30.0000,37.9600,29.0000,30.0000,37.0000,29.0000,30.0000,32,30,30,31,30,30,37,29,30,37,29,30,32,30,31,31,30,30,38,29,30,37,29,30,43.54,40.99,30.484,0.278,2.7976,sat down ~19:22Z from 45/46C
2552.69,2026-09-28T20:09:43Z,501,32.0000,30.0000,30.9860,31.0000,30.0000,30.0000,37.9441,29.0000,30.0000,37.0000,29.0000,30.0000,32,30,30,31,30,30,37,29,30,37,29,30,32,30,31,31,30,30,38,29,30,37,29,30,43.58,40.99,30.483,0.279,2.7976,sat down ~19:22Z from 45/46C
2553.70,2026-09-28T20:09:44Z,501,32.0000,30.0000,30.9780,31.0000,30.0000,30.0000,37.9281,29.0000,30.0000,37.0000,29.0000,30.0000,32,30,30,31,30,30,37,29,30,37,29,30,32,30,31,31,30,30,38,29,30,37,29,30,43.59,40.99,30.483,0.281,2.7976,sat down ~19:22Z from 45/46C
2554.70,2026-09-28T20:09:45Z,500,32.0000,30.0000,30.9660,31.0000,30.0000,30.0000,37.8860,29.0000,30.0000,37.0000,29.0000,30.0000,32,30,30,31,30,30,37,29,30,37,29,30,32,30,31,31,30,30,38,29,30,37,29,30,43.59,40.99,30.484,0.279,2.7976,sat down ~19:22Z from 45/46C
2555.70,2026-09-28T20:09:46Z,500,32.0000,30.0000,30.9860,31.0000,30.0000,30.0000,37.9460,29.0000,30.0000,37.0000,29.0000,30.0000,32,30,30,31,30,30,37,29,30,37,29,30,32,30,31,31,30,30,38,29,30,37,29,30,43.61,40.99,30.483,0.281,2.7976,sat down ~19:22Z from 45/46C
2556.70,2026-09-28T20:09:47Z,501,32.0000,30.0000,31.0000,31.0000,30.0000,30.0000,37.8503,29.0000,30.0000,37.0000,29.0000,30.0000,32,30,31,31,30,30,37,29,30,37,29,30,32,30,31,31,30,30,38,29,30,37,29,30,43.63,40.99,30.483,0.279,2.7976,sat down ~19:22Z from 45/46C
2557.70,2026-09-28T20:09:48Z,500,32.0000,30.0000,30.9920,31.0000,30.0000,30.0000,37.8840,29.0000,30.0000,37.0000,29.0000,30.0000,32,30,30,31,30,30,37,29,30,37,29,30,32,30,31,31,30,30,38,29,30,37,29,30,43.65,40.99,30.482,0.277,2.7976,sat down ~19:22Z from 45/46C
2558.70,2026-09-28T20:09:49Z,501,32.0000,30.0000,30.9920,31.0000,30.0000,30.0000,37.7645,29.0000,30.0000,37.0000,29.0000,30.0000,32,30,30,31,30,30,37,29,30,37,29,30,32,30,31,31,30,30,38,29,30,37,29,30,43.64,40.99,30.482,0.277,2.7976,sat down ~19:22Z from 45/46C
2559.70,2026-09-28T20:09:50Z,500,32.0000,30.0000,30.9920,31.0000,30.0000,30.0000,37.7620,29.0000,30.0000,37.0000,29.0000,30.0000,32,30,30,31,30,30,37,29,30,37,29,30,32,30,31,31,30,30,38,29,30,37,29,30,43.69,40.99,30.482,0.281,2.7976,sat down ~19:22Z from 45/46C
2560.70,2026-09-28T20:09:51Z,501,32.0000,30.0000,30.9860,31.0000,30.0000,30.0000,37.7425,29.0000,30.0000,37.0000,29.0000,30.0000,32,30,30,31,30,30,37,29,30,37,29,30,32,30,31,31,30,30,38,29,30,37,29,30,43.62,40.99,30.482,0.279,2.7976,sat down ~19:22Z from 45/46C
2561.70,2026-09-28T20:09:52Z,501,32.0000,30.0000,30.9780,31.0000,30.0000,30.0000,37.6826,29.0000,30.0000,37.0000,29.0000,30.0000,32,30,30,31,30,30,37,29,30,37,29,30,32,30,31,31,30,30,38,29,30,37,29,30,43.61,40.99,30.482,0.281,2.7976,sat down ~19:22Z from 45/46C
2562.70,2026-09-28T20:09:53Z,500,32.0000,30.0000,30.9880,31.0000,30.0000,30.0000,37.6460,29.0000,30.0000,37.0000,29.0000,30.0000,32,30,30,31,30,30,37,29,30,37,29,30,32,30,31,31,30,30,38,29,30,37,29,30,43.63,40.99,30.482,0.281,2.7976,sat down ~19:22Z from 45/46C
2563.71,2026-09-28T20:09:54Z,501,32.0000,30.0000,30.9940,31.0000,30.0000,30.0000,37.6128,29.0000,30.0000,37.0000,29.0000,30.0000,32,30,30,31,30,30,37,29,30,37,29,30,32,30,31,31,30,30,38,29,30,37,29,30,43.64,40.99,30.481,0.279,2.7976,sat down ~19:22Z from 45/46C
2564.71,2026-09-28T20:09:55Z,500,32.0000,30.0000,30.9860,31.0000,30.0000,30.0000,37.5400,29.0000,30.0000,37.0000,29.0000,30.0000,32,30,30,31,30,30,37,29,30,37,29,30,32,30,31,31,30,30,38,29,30,37,29,30,43.69,40.99,30.481,0.279,2.7976,sat down ~19:22Z from 45/46C
2565.71,2026-09-28T20:09:56Z,501,32.0000,30.0000,30.9860,31.0000,30.0000,30.0000,37.5250,29.0000,30.0000,37.0000,29.0000,30.0000,32,30,30,31,30,30,37,29,30,37,29,30,32,30,31,31,30,30,38,29,30,37,29,30,43.71,40.99,30.481,0.279,2.7976,sat down ~19:22Z from 45/46C
2566.71,2026-09-28T20:09:57Z,500,32.0000,30.0000,31.0000,31.0000,30.0000,30.0000,37.5620,29.0000,30.0000,37.0000,29.0000,30.0000,32,30,31,31,30,30,37,29,30,37,29,30,32,30,31,31,30,30,38,29,30,37,29,30,43.70,41.00,30.481,0.279,2.7976,sat down ~19:22Z from 45/46C
2567.71,2026-09-28T20:09:58Z,501,32.0000,30.0000,30.9840,31.0000,30.0000,30.0000,37.5888,29.0000,30.0000,37.0000,29.0000,30.0000,32,30,30,31,30,30,37,29,30,37,29,30,32,30,31,31,30,30,38,29,30,37,29,30,43.72,40.99,30.480,0.278,2.7976,sat down ~19:22Z from 45/46C
2568.71,2026-09-28T20:09:59Z,500,32.0000,30.0000,30.9920,31.0000,30.0000,30.0000,37.5240,29.0000,30.0000,37.0000,29.0000,30.0000,32,30,30,31,30,30,37,29,30,37,29,30,32,30,31,31,30,30,38,29,30,37,29,30,43.73,40.99,30.480,0.278,2.7976,sat down ~19:22Z from 45/46C
2569.71,2026-09-28T20:10:00Z,500,32.0000,30.0000,30.9880,31.0000,30.0000,30.0000,37.4000,29.0000,30.0000,37.0000,29.0000,30.0000,32,30,30,31,30,30,37,29,30,37,29,30,32,30,31,31,30,30,38,29,30,37,29,30,43.75,40.99,30.480,0.279,2.7976,sat down ~19:22Z from 45/46C
2570.71,2026-09-28T20:10:01Z,501,32.0000,30.0000,31.0000,31.0000,30.0000,30.0000,37.3932,29.0000,30.0000,37.0000,29.0000,30.0000,32,30,31,31,30,30,37,29,30,37,29,30,32,30,31,31,30,30,38,29,30,37,29,30,43.68,40.99,30.480,0.280,2.7976,sat down ~19:22Z from 45/46C
2571.71,2026-09-28T20:10:02Z,500,32.0000,30.0000,30.9940,31.0000,30.0000,30.0000,37.4300,29.0000,30.0000,37.0000,29.0000,30.0000,32,30,30,31,30,30,37,29,30,37,29,30,32,30,31,31,30,30,38,29,30,37,29,30,43.76,41.00,30.480,0.279,2.7976,sat down ~19:22Z from 45/46C
2572.71,2026-09-28T20:10:03Z,501,32.0000,30.0000,30.9940,31.0000,30.0000,30.0000,37.3174,29.0000,30.0000,37.0000,29.0000,30.0000,32,30,30,31,30,30,37,29,30,37,29,30,32,30,31,31,30,30,38,29,30,37,29,30,43.76,40.99,30.479,0.280,2.7976,sat down ~19:22Z from 45/46C
2573.72,2026-09-28T20:10:04Z,501,32.0000,30.0000,31.0000,31.0000,30.0000,30.0000,37.3353,29.0000,30.0000,37.0000,29.0000,30.0000,32,30,31,31,30,30,37,29,30,37,29,30,32,30,31,31,30,30,38,29,30,37,29,30,43.81,40.99,30.478,0.278,2.7976,sat down ~19:22Z from 45/46C
2574.72,2026-09-28T20:10:05Z,501,32.0000,30.0000,30.9860,31.0000,30.0000,30.0000,37.3653,29.0000,30.0000,37.0000,29.0000,30.0000,32,30,30,31,30,30,37,29,30,37,29,30,32,30,31,31,30,30,38,29,30,37,29,30,43.79,40.99,30.478,0.281,2.7976,sat down ~19:22Z from 45/46C
2575.72,2026-09-28T20:10:06Z,500,32.0000,30.0000,30.9940,31.0000,30.0000,30.0000,37.4100,29.0000,30.0000,37.0000,29.0000,30.0000,32,30,30,31,30,30,37,29,30,37,29,30,32,30,31,31,30,30,38,29,30,37,29,30,43.80,40.99,30.478,0.281,2.7976,sat down ~19:22Z from 45/46C
2576.72,2026-09-28T20:10:07Z,501,32.0000,30.0000,30.9920,31.0000,30.0000,30.0000,37.3653,29.0000,30.0000,37.0000,29.0000,30.0000,32,30,30,31,30,30,37,29,30,37,29,30,32,30,31,31,30,30,38,29,30,37,29,30,43.77,40.99,30.478,0.281,2.7976,sat down ~19:22Z from 45/46C
2577.72,2026-09-28T20:10:08Z,500,32.0000,30.0000,30.9840,31.0000,30.0000,30.0000,37.3000,29.0000,30.0000,37.0000,29.0000,30.0000,32,30,30,31,30,30,37,29,30,37,29,30,32,30,31,31,30,30,38,29,30,37,29,30,43.80,40.99,30.478,0.286,2.7976,sat down ~19:22Z from 45/46C
2578.72,2026-09-28T20:10:09Z,499,32.0000,30.0000,30.9920,31.0000,30.0000,30.0000,37.3367,29.0000,30.0000,37.0000,29.0000,30.0000,32,30,30,31,30,30,37,29,30,37,29,30,32,30,31,31,30,30,38,29,30,37,29,30,43.76,40.99,30.477,0.280,2.7976,sat down ~19:22Z from 45/46C
2579.72,2026-09-28T20:10:10Z,501,32.0000,30.0000,30.9940,31.0000,30.0000,30.0000,37.2535,29.0000,30.0000,37.0000,29.0000,30.0000,32,30,30,31,30,30,37,29,30,37,29,30,32,30,31,31,30,30,38,29,30,37,29,30,43.76,40.99,30.477,0.283,2.7976,sat down ~19:22Z from 45/46C
2580.72,2026-09-28T20:10:11Z,500,32.0000,30.0000,30.9780,31.0000,30.0000,30.0000,37.2920,29.0000,30.0000,37.0000,29.0000,30.0000,32,30,30,31,30,30,37,29,30,37,29,30,32,30,31,31,30,30,38,29,30,37,29,30,43.81,41.00,30.477,0.280,2.7976,sat down ~19:22Z from 45/46C
2581.73,2026-09-28T20:10:12Z,501,32.0000,30.0000,30.9780,31.0000,30.0000,30.0000,37.2515,29.0000,30.0000,37.0000,29.0000,30.0000,32,30,30,31,30,30,37,29,30,37,29,30,32,30,31,31,30,30,38,29,30,37,29,30,43.78,40.99,30.477,0.281,2.7976,sat down ~19:22Z from 45/46C
2582.73,2026-09-28T20:10:13Z,500,32.0000,30.0000,31.0000,31.0000,30.0000,30.0000,37.2660,29.0000,30.0000,37.0000,29.0000,30.0000,32,30,31,31,30,30,37,29,30,37,29,30,32,30,31,31,30,30,38,29,30,37,29,30,43.84,40.99,30.477,0.279,2.7976,sat down ~19:22Z from 45/46C
2583.73,2026-09-28T20:10:14Z,501,32.0000,30.0000,31.0000,31.0000,30.0000,30.0000,37.2635,29.0000,30.0000,37.0000,29.0000,30.0000,32,30,31,31,30,30,37,29,30,37,29,30,32,30,31,31,30,30,38,29,30,37,29,30,43.79,40.99,30.476,0.280,2.7976,sat down ~19:22Z from 45/46C
2584.73,2026-09-28T20:10:15Z,501,32.0000,30.0000,31.0000,31.0000,30.0000,30.0000,37.1936,29.0000,30.0000,37.0000,29.0000,30.0000,32,30,31,31,30,30,37,29,30,37,29,30,32,30,31,31,30,30,38,29,30,37,29,30,43.81,40.99,30.476,0.280,2.7976,sat down ~19:22Z from 45/46C
2585.73,2026-09-28T20:10:16Z,500,32.0000,30.0000,30.9920,31.0000,30.0000,30.0000,37.1900,29.0000,30.0000,37.0000,29.0000,30.0000,32,30,30,31,30,30,37,29,30,37,29,30,32,30,31,31,30,30,38,29,30,37,29,30,43.80,40.99,30.476,0.276,2.7976,sat down ~19:22Z from 45/46C
2586.73,2026-09-28T20:10:17Z,500,32.0000,30.0000,30.9940,31.0000,30.0000,30.0000,37.2080,29.0000,30.0000,37.0000,29.0000,30.0000,32,30,30,31,30,30,37,29,30,37,29,30,32,30,31,31,30,30,38,29,30,37,29,30,43.79,41.00,30.476,0.280,2.7976,sat down ~19:22Z from 45/46C
2587.73,2026-09-28T20:10:18Z,500,32.0000,30.0000,30.9920,31.0000,30.0000,30.0000,37.1560,29.0000,30.0000,37.0000,29.0000,30.0000,32,30,30,31,30,30,37,29,30,37,29,30,32,30,31,31,30,30,38,29,30,37,29,30,43.83,40.99,30.476,0.279,2.7976,sat down ~19:22Z from 45/46C
2588.73,2026-09-28T20:10:19Z,501,32.0000,30.0000,30.9860,31.0000,30.0000,30.0000,37.1357,29.0000,30.0000,37.0000,29.0000,30.0000,32,30,30,31,30,30,37,29,30,37,29,30,32,30,31,31,30,30,38,29,30,37,29,30,43.83,40.99,30.476,0.279,2.7976,sat down ~19:22Z from 45/46C
2589.74,2026-09-28T20:10:20Z,500,32.0000,30.0000,30.9940,31.0000,30.0000,30.0000,37.1500,29.0000,30.0000,37.0000,29.0000,30.0000,32,30,30,31,30,30,37,29,30,37,29,30,32,30,31,31,30,30,38,29,30,37,29,30,43.85,40.99,30.475,0.278,2.7976,sat down ~19:22Z from 45/46C
2590.74,2026-09-28T20:10:21Z,500,32.0000,30.0000,31.0000,31.0000,30.0000,30.0000,37.1160,29.0000,30.0000,37.0000,29.0000,30.0000,32,30,31,31,30,30,37,29,30,37,29,30,32,30,31,31,30,30,38,29,30,37,29,30,43.88,40.99,30.475,0.278,2.7976,sat down ~19:22Z from 45/46C
2591.74,2026-09-28T20:10:22Z,501,32.0000,30.0000,30.9920,31.0000,30.0000,30.0000,37.0739,29.0000,30.0000,37.0000,29.0000,30.0000,32,30,30,31,30,30,37,29,30,37,29,30,32,30,31,31,30,30,38,29,30,37,29,30,43.89,40.99,30.475,0.280,2.7976,sat down ~19:22Z from 45/46C
2592.74,2026-09-28T20:10:23Z,500,32.0000,30.0000,31.0000,31.0000,30.0000,30.0000,37.0880,29.0000,30.0000,37.0000,29.0000,30.0000,32,30,31,31,30,30,37,29,30,37,29,30,32,30,31,31,30,30,38,29,30,37,29,30,43.87,40.99,30.475,0.281,2.7976,sat down ~19:22Z from 45/46C
2593.74,2026-09-28T20:10:24Z,501,32.0000,30.0000,31.0000,31.0000,30.0000,30.0000,37.0699,29.0000,30.0000,37.0000,29.0000,30.0000,32,30,31,31,30,30,37,29,30,37,29,30,32,30,31,31,30,30,38,29,30,37,29,30,43.85,41.00,30.474,0.276,2.7976,sat down ~19:22Z from 45/46C
2594.74,2026-09-28T20:10:25Z,501,32.0000,30.0000,31.0000,31.0000,30.0000,30.0000,37.0439,29.0000,30.0000,37.0000,29.0000,30.0000,32,30,31,31,30,30,37,29,30,37,29,30,32,30,31,31,30,30,38,29,30,37,29,30,43.85,40.99,30.474,0.281,2.7976,sat down ~19:22Z from 45/46C
2595.74,2026-09-28T20:10:26Z,501,32.0000,30.0000,31.0000,31.0000,30.0000,30.0000,37.0379,29.0000,30.0000,37.0000,29.0000,30.0000,32,30,31,31,30,30,37,29,30,37,29,30,32,30,31,31,30,30,38,29,30,37,29,30,43.84,40.99,30.473,0.277,2.7976,sat down ~19:22Z from 45/46C
2596.74,2026-09-28T20:10:27Z,500,32.0000,30.0000,31.0000,31.0000,30.0000,30.0000,37.0640,29.0000,30.0000,37.0000,29.0000,30.0000,32,30,31,31,30,30,37,29,30,37,29,30,32,30,31,31,30,30,38,29,30,37,29,30,43.86,40.99,30.473,0.281,2.7976,sat down ~19:22Z from 45/46C
2597.74,2026-09-28T20:10:28Z,501,32.0000,30.0000,31.0000,31.0000,30.0000,30.0000,37.0279,29.0000,30.0000,37.0000,29.0000,30.0000,32,30,31,31,30,30,37,29,30,37,29,30,32,30,31,31,30,30,38,29,30,37,29,30,43.88,40.99,30.473,0.282,2.7976,sat down ~19:22Z from 45/46C
2598.74,2026-09-28T20:10:29Z,500,32.0000,30.0000,30.9920,31.0000,30.0000,30.0000,37.0360,29.0000,30.0000,37.0000,29.0000,30.0000,32,30,30,31,30,30,37,29,30,37,29,30,32,30,31,31,30,30,38,29,30,37,29,30,43.89,40.99,30.474,0.280,2.7976,sat down ~19:22Z from 45/46C
2599.75,2026-09-28T20:10:30Z,501,32.0000,30.0000,31.0000,31.0000,30.0000,30.0000,37.0220,29.0000,30.0000,37.0000,29.0000,30.0000,32,30,31,31,30,30,37,29,30,37,29,30,32,30,31,31,30,30,38,29,30,37,29,30,43.88,41.00,30.473,0.281,2.7976,sat down ~19:22Z from 45/46C
2600.75,2026-09-28T20:10:31Z,501,32.0000,30.0000,31.0000,31.0000,30.0000,30.0000,37.0180,29.0000,30.0000,37.0000,29.0000,30.0000,32,30,31,31,30,30,37,29,30,37,29,30,32,30,31,31,30,30,38,29,30,37,29,30,43.87,40.99,30.473,0.280,2.7976,sat down ~19:22Z from 45/46C
2601.75,2026-09-28T20:10:32Z,501,32.0000,30.0000,31.0000,31.0000,30.0000,30.0000,37.0060,29.0000,30.0000,37.0000,29.0000,30.0000,32,30,31,31,30,30,37,29,30,37,29,30,32,30,31,31,30,30,38,29,30,37,29,30,43.88,40.99,30.473,0.281,2.7976,sat down ~19:22Z from 45/46C
2602.75,2026-09-28T20:10:33Z,500,32.0000,30.0000,31.0000,31.0000,30.0000,30.0000,37.0080,29.0000,30.0000,37.0000,29.0000,30.0000,32,30,31,31,30,30,37,29,30,37,29,30,32,30,31,31,30,30,38,29,30,37,29,30,43.89,40.99,30.472,0.284,2.7976,sat down ~19:22Z from 45/46C
2603.75,2026-09-28T20:10:34Z,501,32.0000,30.0000,31.0000,31.0000,30.0000,30.0000,37.0160,29.0000,30.0000,37.0000,29.0000,30.0000,32,30,31,31,30,30,37,29,30,37,29,30,32,30,31,31,30,30,38,29,30,37,29,30,43.89,40.99,30.472,0.288,2.7976,sat down ~19:22Z from 45/46C
2604.75,2026-09-28T20:10:35Z,499,32.0000,30.0000,31.0000,31.0000,30.0000,30.0000,37.0080,29.0000,30.0000,37.0000,29.0000,30.0000,32,30,31,31,30,30,37,29,30,37,29,30,32,30,31,31,30,30,38,29,30,37,29,30,43.93,40.99,30.471,0.287,2.7976,sat down ~19:22Z from 45/46C
2605.75,2026-09-28T20:10:36Z,499,32.0000,30.0000,30.9920,31.0000,30.0000,30.0000,37.0000,29.0000,30.0000,37.0000,29.0000,30.0000,32,30,30,31,30,30,37,29,30,37,29,30,32,30,31,31,30,30,37,29,30,37,29,30,43.91,40.99,30.471,0.286,2.7976,sat down ~19:22Z from 45/46C
2606.75,2026-09-28T20:10:37Z,500,32.0000,30.0000,31.0000,31.0000,30.0000,30.0000,37.0000,29.0000,30.0000,37.0000,29.0000,30.0000,32,30,31,31,30,30,37,29,30,37,29,30,32,30,31,31,30,30,37,29,30,37,29,30,43.93,40.99,30.471,0.283,2.7976,sat down ~19:22Z from 45/46C
2607.75,2026-09-28T20:10:38Z,501,32.0000,30.0000,31.0000,31.0000,30.0000,30.0000,37.0000,29.0000,30.0000,37.0000,29.0000,30.0000,32,30,31,31,30,30,37,29,30,37,29,30,32,30,31,31,30,30,37,29,30,37,29,30,43.93,40.99,30.471,0.281,2.7976,sat down ~19:22Z from 45/46C
2608.75,2026-09-28T20:10:39Z,500,32.0000,30.0000,31.0000,31.0000,30.0000,30.0000,37.0000,29.0000,30.0000,37.0000,29.0000,30.0000,32,30,31,31,30,30,37,29,30,37,29,30,32,30,31,31,30,30,37,29,30,37,29,30,43.92,40.99,30.470,0.282,2.7976,sat down ~19:22Z from 45/46C
2609.76,2026-09-28T20:10:40Z,500,32.0000,30.0000,30.9940,31.0000,30.0000,30.0000,37.0000,29.0000,30.0000,37.0000,29.0000,30.0000,32,30,30,31,30,30,37,29,30,37,29,30,32,30,31,31,30,30,37,29,30,37,29,30,43.92,41.00,30.471,0.282,2.7976,sat down ~19:22Z from 45/46C
2610.76,2026-09-28T20:10:41Z,501,32.0000,30.0000,30.9920,31.0000,30.0000,30.0000,37.0000,29.0000,30.0000,37.0000,29.0000,30.0000,32,30,30,31,30,30,37,29,30,37,29,30,32,30,31,31,30,30,37,29,30,37,29,30,43.94,40.99,30.470,0.281,2.7976,sat down ~19:22Z from 45/46C
2611.76,2026-09-28T20:10:42Z,500,32.0000,30.0000,31.0000,31.0000,30.0000,30.0000,37.0000,29.0000,30.0000,37.0000,29.0000,30.0000,32,30,31,31,30,30,37,29,30,37,29,30,32,30,31,31,30,30,37,29,30,37,29,30,43.93,40.99,30.470,0.283,2.7976,sat down ~19:22Z from 45/46C
2612.76,2026-09-28T20:10:43Z,501,32.0000,30.0000,31.0000,31.0000,30.0000,30.0000,37.0000,29.0000,30.0000,37.0000,29.0000,30.0000,32,30,31,31,30,30,37,29,30,37,29,30,32,30,31,31,30,30,37,29,30,37,29,30,43.95,40.99,30.470,0.286,2.7976,sat down ~19:22Z from 45/46C
2613.76,2026-09-28T20:10:44Z,500,32.0000,30.0000,31.0000,31.0000,30.0000,30.0000,37.0000,29.0000,30.0000,37.0000,29.0000,30.0000,32,30,31,31,30,30,37,29,30,37,29,30,32,30,31,31,30,30,37,29,30,37,29,30,43.95,40.99,30.470,0.288,2.7976,sat down ~19:22Z from 45/46C
2614.76,2026-09-28T20:10:45Z,500,32.0000,30.0000,31.0000,31.0000,30.0000,30.0000,37.0000,29.0000,30.0000,37.0000,29.0000,30.0000,32,30,31,31,30,30,37,29,30,37,29,30,32,30,31,31,30,30,37,29,30,37,29,30,43.95,41.00,30.470,0.285,2.7976,sat down ~19:22Z from 45/46C
2615.76,2026-09-28T20:10:46Z,500,32.0000,30.0000,31.0000,31.0000,30.0000,30.0000,37.0000,29.0000,30.0000,37.0000,29.0000,30.0000,32,30,31,31,30,30,37,29,30,37,29,30,32,30,31,31,30,30,37,29,30,37,29,30,43.95,40.99,30.469,0.283,2.7976,sat down ~19:22Z from 45/46C
2616.76,2026-09-28T20:10:47Z,500,32.0000,30.0000,31.0000,31.0000,30.0000,30.0000,37.0000,29.0000,30.0000,37.0000,29.0000,30.0000,32,30,31,31,30,30,37,29,30,37,29,30,32,30,31,31,30,30,37,29,30,37,29,30,43.94,40.98,30.469,0.285,2.7976,sat down ~19:22Z from 45/46C
2617.76,2026-09-28T20:10:48Z,501,32.0000,30.0000,31.0000,31.0000,30.0000,30.0000,37.0000,29.0000,30.0000,37.0000,29.0000,30.0000,32,30,31,31,30,30,37,29,30,37,29,30,32,30,31,31,30,30,37,29,30,37,29,30,43.96,40.99,30.469,0.284,2.7976,sat down ~19:22Z from 45/46C
2618.76,2026-09-28T20:10:49Z,500,32.0000,30.0000,30.9940,31.0000,30.0000,30.0000,37.0000,29.0000,30.0000,37.0000,29.0000,30.0000,32,30,30,31,30,30,37,29,30,37,29,30,32,30,31,31,30,30,37,29,30,37,29,30,43.97,40.99,30.469,0.285,2.7976,sat down ~19:22Z from 45/46C
2619.76,2026-09-28T20:10:50Z,500,32.0000,30.0000,31.0000,31.0000,30.0000,30.0000,37.0000,29.0000,30.0000,37.0000,29.0000,30.0000,32,30,31,31,30,30,37,29,30,37,29,30,32,30,31,31,30,30,37,29,30,37,29,30,43.96,40.99,30.468,0.280,2.7976,sat down ~19:22Z from 45/46C
2620.76,2026-09-28T20:10:51Z,500,32.0000,30.0000,30.9920,31.0000,30.0000,30.0000,37.0000,29.0000,30.0000,37.0000,29.0000,30.0000,32,30,30,31,30,30,37,29,30,37,29,30,32,30,31,31,30,30,37,29,30,37,29,30,43.97,40.99,30.468,0.280,2.7976,sat down ~19:22Z from 45/46C
2621.77,2026-09-28T20:10:52Z,501,32.0000,30.0000,30.9920,31.0000,30.0000,30.0000,37.0000,29.0000,30.0000,37.0000,29.0000,30.0000,32,30,30,31,30,30,37,29,30,37,29,30,32,30,31,31,30,30,37,29,30,37,29,30,43.96,40.99,30.468,0.282,2.7976,sat down ~19:22Z from 45/46C
2622.77,2026-09-28T20:10:53Z,500,32.0000,30.0000,31.0000,31.0000,30.0000,30.0000,37.0000,29.0000,30.0000,37.0000,29.0000,30.0000,32,30,31,31,30,30,37,29,30,37,29,30,32,30,31,31,30,30,37,29,30,37,29,30,43.97,40.99,30.467,0.285,2.7976,sat down ~19:22Z from 45/46C
2623.77,2026-09-28T20:10:54Z,501,32.0000,30.0000,31.0000,31.0000,30.0000,30.0000,37.0000,29.0000,30.0000,37.0000,29.0000,30.0000,32,30,31,31,30,30,37,29,30,37,29,30,32,30,31,31,30,30,37,29,30,37,29,30,43.97,41.00,30.467,0.283,2.7976,sat down ~19:22Z from 45/46C
2624.77,2026-09-28T20:10:55Z,499,32.0000,30.0000,31.0000,31.0000,30.0000,30.0000,37.0000,29.0000,30.0000,37.0000,29.0000,30.0000,32,30,31,31,30,30,37,29,30,37,29,30,32,30,31,31,30,30,37,29,30,37,29,30,43.98,40.99,30.467,0.285,2.7976,sat down ~19:22Z from 45/46C
2625.77,2026-09-28T20:10:56Z,501,32.0000,30.0000,30.9860,31.0000,30.0000,30.0000,37.0000,29.0000,30.0000,37.0000,29.0000,30.0000,32,30,30,31,30,30,37,29,30,37,29,30,32,30,31,31,30,30,37,29,30,37,29,30,43.98,40.99,30.467,0.284,2.7976,sat down ~19:22Z from 45/46C
2626.77,2026-09-28T20:10:57Z,500,32.0000,30.0000,31.0000,31.0000,30.0000,30.0000,37.0000,29.0000,30.0000,37.0000,29.0000,30.0000,32,30,31,31,30,30,37,29,30,37,29,30,32,30,31,31,30,30,37,29,30,37,29,30,43.98,40.99,30.467,0.280,2.7976,sat down ~19:22Z from 45/46C
2627.77,2026-09-28T20:10:58Z,501,32.0000,30.0000,31.0000,31.0000,30.0000,30.0000,37.0000,29.0000,30.0000,37.0000,29.0000,30.0000,32,30,31,31,30,30,37,29,30,37,29,30,32,30,31,31,30,30,37,29,30,37,29,30,43.98,40.99,30.466,0.280,2.7976,sat down ~19:22Z from 45/46C
2628.77,2026-09-28T20:10:59Z,500,32.0000,30.0000,31.0000,31.0000,30.0000,30.0000,37.0000,29.0000,30.0000,37.0000,29.0000,30.0000,32,30,31,31,30,30,37,29,30,37,29,30,32,30,31,31,30,30,37,29,30,37,29,30,43.99,40.99,30.466,0.279,2.7976,sat down ~19:22Z from 45/46C
2629.77,2026-09-28T20:11:00Z,501,32.0000,30.0000,31.0000,31.0000,30.0000,30.0000,37.0000,29.0000,30.0000,37.0000,29.0000,30.0000,32,30,31,31,30,30,37,29,30,37,29,30,32,30,31,31,30,30,37,29,30,37,29,30,43.98,40.99,30.467,0.280,2.7976,sat down ~19:22Z from 45/46C
2630.77,2026-09-28T20:11:01Z,500,32.0000,30.0000,31.0000,31.0000,30.0000,30.0000,37.0000,29.0000,30.0000,37.0000,29.0000,30.0000,32,30,31,31,30,30,37,29,30,37,29,30,32,30,31,31,30,30,37,29,30,37,29,30,43.98,40.99,30.466,0.278,2.7976,sat down ~19:22Z from 45/46C
2631.77,2026-09-28T20:11:02Z,500,32.0000,30.0000,31.0000,31.0000,30.0000,30.0000,37.0000,29.0000,30.0000,37.0000,29.0000,30.0000,32,30,31,31,30,30,37,29,30,37,29,30,32,30,31,31,30,30,37,29,30,37,29,30,43.98,40.99,30.465,0.277,2.7976,sat down ~19:22Z from 45/46C
2632.77,2026-09-28T20:11:03Z,499,32.0000,30.0000,31.0000,31.0000,30.0000,30.0000,37.0000,29.0000,30.0000,37.0000,29.0000,30.0000,32,30,31,31,30,30,37,29,30,37,29,30,32,30,31,31,30,30,37,29,30,37,29,30,43.98,41.00,30.465,0.278,2.7976,sat down ~19:22Z from 45/46C
2633.78,2026-09-28T20:11:04Z,501,32.0000,30.0000,31.0000,31.0000,30.0000,30.0000,37.0000,29.0000,30.0000,37.0000,29.0000,30.0000,32,30,31,31,30,30,37,29,30,37,29,30,32,30,31,31,30,30,37,29,30,37,29,30,43.98,40.99,30.465,0.277,2.7976,sat down ~19:22Z from 45/46C
2634.78,2026-09-28T20:11:05Z,500,32.0000,30.0000,31.0000,31.0000,30.0000,30.0000,37.0000,29.0000,30.0000,37.0000,29.0000,30.0000,32,30,31,31,30,30,37,29,30,37,29,30,32,30,31,31,30,30,37,29,30,37,29,30,43.98,40.99,30.465,0.275,2.7976,sat down ~19:22Z from 45/46C
2635.78,2026-09-28T20:11:06Z,500,32.0000,30.0000,31.0000,31.0000,30.0000,30.0000,37.0000,29.0000,30.0000,37.0000,29.0000,30.0000,32,30,31,31,30,30,37,29,30,37,29,30,32,30,31,31,30,30,37,29,30,37,29,30,43.99,40.99,30.464,0.278,2.7976,sat down ~19:22Z from 45/46C
2636.78,2026-09-28T20:11:07Z,500,32.0000,30.0000,31.0000,31.0000,30.0000,30.0000,37.0000,29.0000,30.0000,37.0000,29.0000,30.0000,32,30,31,31,30,30,37,29,30,37,29,30,32,30,31,31,30,30,37,29,30,37,29,30,43.98,40.99,30.464,0.278,2.7976,sat down ~19:22Z from 45/46C
2637.78,2026-09-28T20:11:08Z,500,32.0000,30.0000,31.0000,31.0000,30.0000,30.0000,37.0000,29.0000,30.0000,37.0000,29.0000,30.0000,32,30,31,31,30,30,37,29,30,37,29,30,32,30,31,31,30,30,37,29,30,37,29,30,43.99,41.00,30.464,0.279,2.7976,sat down ~19:22Z from 45/46C
2638.78,2026-09-28T20:11:09Z,501,32.0000,30.0000,31.0000,31.0000,30.0000,30.0000,37.0000,29.0000,30.0000,37.0000,29.0000,30.0000,32,30,31,31,30,30,37,29,30,37,29,30,32,30,31,31,30,30,37,29,30,37,29,30,43.98,40.99,30.464,0.281,2.7976,sat down ~19:22Z from 45/46C
2639.78,2026-09-28T20:11:10Z,501,32.0000,30.0000,31.0000,31.0000,30.0000,30.0000,37.0000,29.0000,30.0000,37.0000,29.0000,30.0000,32,30,31,31,30,30,37,29,30,37,29,30,32,30,31,31,30,30,37,29,30,37,29,30,43.99,40.99,30.464,0.280,2.7976,sat down ~19:22Z from 45/46C
2640.78,2026-09-28T20:11:11Z,501,32.0000,30.0000,31.0000,31.0000,30.0000,30.0000,37.0000,29.0000,30.0000,37.0000,29.0000,30.0000,32,30,31,31,30,30,37,29,30,37,29,30,32,30,31,31,30,30,37,29,30,37,29,30,43.98,40.99,30.464,0.277,2.7976,sat down ~19:22Z from 45/46C
2641.79,2026-09-28T20:11:12Z,501,32.0000,30.0000,31.0000,31.0000,30.0000,30.0000,37.0000,29.0000,30.0000,37.0000,29.0000,30.0000,32,30,31,31,30,30,37,29,30,37,29,30,32,30,31,31,30,30,37,29,30,37,29,30,43.99,40.99,30.463,0.278,2.7976,sat down ~19:22Z from 45/46C
2642.79,2026-09-28T20:11:13Z,500,32.0000,30.0000,31.0000,31.0000,30.0000,30.0000,37.0000,29.0000,30.0000,37.0000,29.0060,30.0000,32,30,31,31,30,30,37,29,30,37,29,30,32,30,31,31,30,30,37,29,30,37,30,30,43.99,41.00,30.463,0.279,2.7976,sat down ~19:22Z from 45/46C
2643.79,2026-09-28T20:11:14Z,500,32.0000,30.0000,31.0000,31.0000,30.0000,30.0000,37.0000,29.0000,30.0000,37.0000,29.0080,30.0000,32,30,31,31,30,30,37,29,30,37,29,30,32,30,31,31,30,30,37,29,30,37,30,30,43.99,41.00,30.462,0.279,2.7976,sat down ~19:22Z from 45/46C
2644.79,2026-09-28T20:11:15Z,501,32.0000,30.0000,31.0000,31.0000,30.0000,30.0000,37.0000,29.0000,30.0000,37.0000,29.0000,30.0000,32,30,31,31,30,30,37,29,30,37,29,30,32,30,31,31,30,30,37,29,30,37,29,30,43.98,40.99,30.463,0.282,2.7976,sat down ~19:22Z from 45/46C
2645.79,2026-09-28T20:11:16Z,500,32.0000,30.0000,31.0000,31.0000,30.0000,30.0000,37.0000,29.0000,30.0000,37.0000,29.0140,30.0000,32,30,31,31,30,30,37,29,30,37,29,30,32,30,31,31,30,30,37,29,30,37,30,30,43.99,40.99,30.462,0.277,2.7976,sat down ~19:22Z from 45/46C
2646.79,2026-09-28T20:11:17Z,500,32.0000,30.0000,31.0000,31.0000,30.0000,30.0000,37.0000,29.0000,30.0000,37.0000,29.0060,30.0000,32,30,31,31,30,30,37,29,30,37,29,30,32,30,31,31,30,30,37,29,30,37,30,30,43.99,40.99,30.462,0.281,2.7976,sat down ~19:22Z from 45/46C
2647.79,2026-09-28T20:11:18Z,501,32.0000,30.0000,31.0000,31.0000,30.0000,30.0000,37.0000,29.0000,30.0000,37.0000,29.0719,30.0000,32,30,31,31,30,30,37,29,30,37,29,30,32,30,31,31,30,30,37,29,30,37,30,30,43.99,41.00,30.462,0.280,2.7976,sat down ~19:22Z from 45/46C
2648.79,2026-09-28T20:11:19Z,501,32.0000,30.0000,31.0000,31.0000,30.0000,30.0000,37.0000,29.0000,30.0000,37.0000,29.1277,30.0000,32,30,31,31,30,30,37,29,30,37,29,30,32,30,31,31,30,30,37,29,30,37,30,30,43.99,41.00,30.462,0.275,2.7976,sat down ~19:22Z from 45/46C
2649.79,2026-09-28T20:11:20Z,500,32.0000,30.0000,31.0000,31.0000,30.0000,30.0000,37.0000,29.0000,30.0000,37.0000,29.2940,30.0000,32,30,31,31,30,30,37,29,30,37,29,30,32,30,31,31,30,30,37,29,30,37,30,30,43.98,40.99,30.462,0.279,2.7976,sat down ~19:22Z from 45/46C
2650.79,2026-09-28T20:11:21Z,500,32.0000,30.0000,31.0000,31.0000,30.0000,30.0000,37.0000,29.0000,30.0000,37.0000,29.4540,30.0000,32,30,31,31,30,30,37,29,30,37,29,30,32,30,31,31,30,30,37,29,30,37,30,30,43.99,41.00,30.462,0.280,2.7976,sat down ~19:22Z from 45/46C
2651.79,2026-09-28T20:11:22Z,501,32.0000,30.0000,31.0000,31.0000,30.0000,30.0000,37.0000,29.0000,30.0000,37.0000,29.5968,30.0000,32,30,31,31,30,30,37,29,30,37,29,30,32,30,31,31,30,30,37,29,30,37,30,30,43.99,40.99,30.461,0.275,2.7976,sat down ~19:22Z from 45/46C
2652.79,2026-09-28T20:11:23Z,500,32.0000,30.0000,31.0000,31.0000,30.0000,30.0000,37.0000,29.0000,30.0000,37.0000,29.5840,30.0000,32,30,31,31,30,30,37,29,30,37,29,30,32,30,31,31,30,30,37,29,30,37,30,30,43.98,40.99,30.461,0.281,2.7976,sat down ~19:22Z from 45/46C
2653.79,2026-09-28T20:11:24Z,500,32.0000,30.0000,31.0000,31.0000,30.0000,30.0000,37.0000,29.0000,30.0000,37.0000,29.6280,30.0000,32,30,31,31,30,30,37,29,30,37,29,30,32,30,31,31,30,30,37,29,30,37,30,30,43.99,40.99,30.460,0.276,2.7976,sat down ~19:22Z from 45/46C
2654.80,2026-09-28T20:11:25Z,501,32.0000,30.0000,31.0000,31.0000,30.0000,30.0000,37.0000,29.0000,30.0000,37.0000,29.5729,30.0000,32,30,31,31,30,30,37,29,30,37,29,30,32,30,31,31,30,30,37,29,30,37,30,30,43.99,40.99,30.460,0.279,2.7976,sat down ~19:22Z from 45/46C
2655.80,2026-09-28T20:11:26Z,499,32.0000,30.0000,31.0000,31.0000,30.0000,30.0000,37.0000,29.0000,30.0000,37.0000,29.6493,30.0000,32,30,31,31,30,30,37,29,30,37,29,30,32,30,31,31,30,30,37,29,30,37,30,30,43.98,41.00,30.460,0.280,2.7976,sat down ~19:22Z from 45/46C
2656.80,2026-09-28T20:11:27Z,500,32.0000,30.0000,31.0000,31.0000,30.0000,30.0000,37.0000,29.0000,30.0000,37.0000,29.6000,30.0000,32,30,31,31,30,30,37,29,30,37,29,30,32,30,31,31,30,30,37,29,30,37,30,30,43.99,40.99,30.460,0.281,2.7976,sat down ~19:22Z from 45/46C
2657.80,2026-09-28T20:11:28Z,500,32.0000,30.0000,31.0000,31.0000,30.0000,30.0000,37.0000,29.0000,30.0000,37.0000,29.5580,30.0000,32,30,31,31,30,30,37,29,30,37,29,30,32,30,31,31,30,30,37,29,30,37,30,30,43.99,40.99,30.459,0.287,2.7976,sat down ~19:22Z from 45/46C
2658.80,2026-09-28T20:11:29Z,501,32.0000,30.0000,31.0000,31.0000,30.0000,30.0000,37.0000,29.0000,30.0000,37.0000,29.5090,30.0000,32,30,31,31,30,30,37,29,30,37,29,30,32,30,31,31,30,30,37,29,30,37,30,30,43.99,40.99,30.460,0.284,2.7976,sat down ~19:22Z from 45/46C
2659.80,2026-09-28T20:11:30Z,498,32.0000,30.0000,31.0000,31.0000,30.0000,30.0000,37.0000,29.0000,30.0000,37.0000,29.4578,30.0000,32,30,31,31,30,30,37,29,30,37,29,30,32,30,31,31,30,30,37,29,30,37,30,30,43.99,40.99,30.459,0.285,2.7976,sat down ~19:22Z from 45/46C
2660.80,2026-09-28T20:11:31Z,500,32.0000,30.0000,31.0000,31.0000,30.0000,30.0000,37.0000,29.0000,30.0000,37.0000,29.4620,30.0000,32,30,31,31,30,30,37,29,30,37,29,30,32,30,31,31,30,30,37,29,30,37,30,30,43.99,41.00,30.460,0.284,2.7976,sat down ~19:22Z from 45/46C
2661.80,2026-09-28T20:11:32Z,501,32.0000,30.0000,31.0000,31.0000,30.0000,30.0000,37.0000,29.0000,30.0000,37.0000,29.4491,30.0000,32,30,31,31,30,30,37,29,30,37,29,30,32,30,31,31,30,30,37,29,30,37,30,30,43.99,40.99,30.458,0.282,2.7976,sat down ~19:22Z from 45/46C
2662.80,2026-09-28T20:11:33Z,500,32.0000,30.0000,31.0000,31.0000,30.0000,30.0000,37.0000,29.0000,30.0000,37.0000,29.3160,30.0000,32,30,31,31,30,30,37,29,30,37,29,30,32,30,31,31,30,30,37,29,30,37,30,30,43.99,41.00,30.458,0.283,2.7976,sat down ~19:22Z from 45/46C
2663.81,2026-09-28T20:11:34Z,500,32.0000,30.0000,31.0000,31.0000,30.0000,30.0000,37.0000,29.0000,30.0000,37.0000,29.2600,30.0000,32,30,31,31,30,30,37,29,30,37,29,30,32,30,31,31,30,30,37,29,30,37,30,30,43.99,41.00,30.458,0.282,2.7976,sat down ~19:22Z from 45/46C
2664.81,2026-09-28T20:11:35Z,500,32.0000,30.0000,31.0000,31.0000,30.0000,30.0000,37.0000,29.0000,30.0000,37.0000,29.3080,30.0000,32,30,31,31,30,30,37,29,30,37,29,30,32,30,31,31,30,30,37,29,30,37,30,30,43.99,40.99,30.458,0.282,2.7976,sat down ~19:22Z from 45/46C
2665.81,2026-09-28T20:11:36Z,500,32.0000,30.0000,31.0000,31.0000,30.0000,30.0000,37.0000,29.0000,30.0000,37.0000,29.3840,30.0000,32,30,31,31,30,30,37,29,30,37,29,30,32,30,31,31,30,30,37,29,30,37,30,30,43.99,41.00,30.457,0.281,2.7976,sat down ~19:22Z from 45/46C
2666.81,2026-09-28T20:11:37Z,500,32.0000,30.0000,31.0000,31.0000,30.0000,30.0000,37.0000,29.0000,30.0000,37.0000,29.5420,30.0000,32,30,31,31,30,30,37,29,30,37,29,30,32,30,31,31,30,30,37,29,30,37,30,30,43.99,40.99,30.457,0.277,2.7976,sat down ~19:22Z from 45/46C
2667.81,2026-09-28T20:11:38Z,500,32.0000,30.0000,31.0000,31.0000,30.0000,30.0000,37.0000,29.0000,30.0000,37.0000,29.5520,30.0000,32,30,31,31,30,30,37,29,30,37,29,30,32,30,31,31,30,30,37,29,30,37,30,30,43.98,40.99,30.457,0.278,2.7976,sat down ~19:22Z from 45/46C
2668.81,2026-09-28T20:11:39Z,501,32.0000,30.0000,31.0000,31.0000,30.0000,30.0000,37.0000,29.0000,30.0000,37.0000,29.7505,30.0000,32,30,31,31,30,30,37,29,30,37,29,30,32,30,31,31,30,30,37,29,30,37,30,30,43.98,40.99,30.457,0.279,2.7976,sat down ~19:22Z from 45/46C
2669.81,2026-09-28T20:11:40Z,500,32.0000,30.0000,31.0000,31.0000,30.0000,30.0000,37.0000,29.0000,30.0000,37.0000,29.7540,30.0000,32,30,31,31,30,30,37,29,30,37,29,30,32,30,31,31,30,30,37,29,30,37,30,30,43.99,41.00,30.456,0.283,2.7976,sat down ~19:22Z from 45/46C
2670.81,2026-09-28T20:11:41Z,501,32.0000,30.0000,31.0000,31.0000,30.0000,30.0000,37.0000,29.0000,30.0000,37.0000,29.8263,30.0000,32,30,31,31,30,30,37,29,30,37,29,30,32,30,31,31,30,30,37,29,30,37,30,30,43.99,41.00,30.456,0.281,2.7976,sat down ~19:22Z from 45/46C
2671.81,2026-09-28T20:11:42Z,500,32.0000,30.0000,31.0000,31.0000,30.0000,30.0000,37.0000,29.0000,30.0000,37.0000,29.8520,30.0000,32,30,31,31,30,30,37,29,30,37,29,30,32,30,31,31,30,30,37,29,30,37,30,30,43.98,40.99,30.457,0.285,2.7976,sat down ~19:22Z from 45/46C
2672.81,2026-09-28T20:11:43Z,501,32.0000,30.0000,31.0000,31.0000,30.0000,30.0000,37.0000,29.0000,30.0000,37.0000,29.8563,30.0000,32,30,31,31,30,30,37,29,30,37,29,30,32,30,31,31,30,30,37,29,30,37,30,30,43.99,40.99,30.456,0.286,2.7976,sat down ~19:22Z from 45/46C
2673.81,2026-09-28T20:11:44Z,500,32.0000,30.0000,31.0000,31.0000,30.0000,30.0000,37.0000,29.0000,30.0000,37.0000,29.8640,30.0000,32,30,31,31,30,30,37,29,30,37,29,30,32,30,31,31,30,30,37,29,30,37,30,30,43.99,40.99,30.456,0.284,2.7976,sat down ~19:22Z from 45/46C
2674.81,2026-09-28T20:11:45Z,500,32.0000,30.0000,31.0000,31.0000,30.0000,30.0000,37.0000,29.0000,30.0000,37.0000,29.7780,30.0000,32,30,31,31,30,30,37,29,30,37,29,30,32,30,31,31,30,30,37,29,30,37,30,30,43.99,41.00,30.456,0.288,2.7976,sat down ~19:22Z from 45/46C
2675.81,2026-09-28T20:11:46Z,501,32.0000,30.0000,31.0000,31.0000,30.0000,30.0000,37.0000,29.0000,30.0000,37.0000,29.6627,30.0000,32,30,31,31,30,30,37,29,30,37,29,30,32,30,31,31,30,30,37,29,30,37,30,30,43.98,41.00,30.455,0.282,2.7976,sat down ~19:22Z from 45/46C
2676.82,2026-09-28T20:11:47Z,501,32.0000,30.0000,31.0000,31.0000,30.0000,30.0000,37.0000,29.0000,30.0000,37.0000,29.6407,30.0000,32,30,31,31,30,30,37,29,30,37,29,30,32,30,31,31,30,30,37,29,30,37,30,30,43.99,40.99,30.455,0.279,2.7976,sat down ~19:22Z from 45/46C
2677.82,2026-09-28T20:11:48Z,500,32.0000,30.0000,31.0000,31.0000,30.0000,30.0000,37.0000,29.0000,30.0000,37.0000,29.6180,30.0000,32,30,31,31,30,30,37,29,30,37,29,30,32,30,31,31,30,30,37,29,30,37,30,30,43.99,40.99,30.456,0.282,2.7976,sat down ~19:22Z from 45/46C
2678.82,2026-09-28T20:11:49Z,500,32.0000,30.0000,31.0000,31.0000,30.0000,30.0000,37.0000,29.0000,30.0000,37.0000,29.5520,30.0000,32,30,31,31,30,30,37,29,30,37,29,30,32,30,31,31,30,30,37,29,30,37,30,30,43.99,41.00,30.455,0.284,2.7976,sat down ~19:22Z from 45/46C
2679.82,2026-09-28T20:11:50Z,500,32.0000,30.0000,31.0000,31.0000,30.0000,30.0000,37.0000,29.0000,30.0000,37.0000,29.6400,30.0000,32,30,31,31,30,30,37,29,30,37,29,30,32,30,31,31,30,30,37,29,30,37,30,30,43.98,41.00,30.454,0.280,2.7976,sat down ~19:22Z from 45/46C
2680.82,2026-09-28T20:11:51Z,499,32.0000,30.0000,31.0000,31.0000,30.0000,30.0000,37.0000,29.0000,30.0000,37.0000,29.7114,30.0000,32,30,31,31,30,30,37,29,30,37,29,30,32,30,31,31,30,30,37,29,30,37,30,30,43.99,40.99,30.455,0.279,2.7976,sat down ~19:22Z from 45/46C
2681.82,2026-09-28T20:11:52Z,500,32.0000,30.0000,31.0000,31.0000,30.0000,30.0000,37.0000,29.0000,30.0000,37.0000,29.7300,30.0000,32,30,31,31,30,30,37,29,30,37,29,30,32,30,31,31,30,30,37,29,30,37,30,30,43.99,41.00,30.454,0.279,2.7976,sat down ~19:22Z from 45/46C
2682.82,2026-09-28T20:11:53Z,500,32.0000,30.0000,31.0000,31.0000,30.0000,30.0000,37.0000,29.0000,30.0000,37.0000,29.7960,30.0000,32,30,31,31,30,30,37,29,30,37,29,30,32,30,31,31,30,30,37,29,30,37,30,30,43.99,41.00,30.454,0.282,2.7976,sat down ~19:22Z from 45/46C
2683.82,2026-09-28T20:11:54Z,501,32.0000,30.0000,31.0000,31.0000,30.0000,30.0000,37.0000,29.0000,30.0000,37.0000,29.9222,30.0000,32,30,31,31,30,30,37,29,30,37,29,30,32,30,31,31,30,30,37,29,30,37,30,30,43.99,41.00,30.454,0.280,2.7976,sat down ~19:22Z from 45/46C
2684.82,2026-09-28T20:11:55Z,501,32.0000,30.0000,31.0000,31.0000,30.0000,30.0000,37.0000,29.0000,30.0000,37.0000,29.9421,30.0000,32,30,31,31,30,30,37,29,30,37,29,30,32,30,31,31,30,30,37,29,30,37,30,30,43.99,40.99,30.453,0.278,2.7976,sat down ~19:22Z from 45/46C
2685.82,2026-09-28T20:11:56Z,500,32.0000,30.0000,31.0000,31.0000,30.0000,30.0000,37.0000,29.0000,30.0000,37.0000,29.9420,30.0000,32,30,31,31,30,30,37,29,30,37,29,30,32,30,31,31,30,30,37,29,30,37,30,30,43.98,41.00,30.454,0.279,2.7976,sat down ~19:22Z from 45/46C
2686.82,2026-09-28T20:11:57Z,500,32.0000,30.0000,31.0000,31.0000,30.0000,30.0000,37.0000,29.0000,30.0000,37.0000,29.9660,30.0000,32,30,31,31,30,30,37,29,30,37,29,30,32,30,31,31,30,30,37,29,30,37,30,30,43.99,40.99,30.453,0.283,2.7976,sat down ~19:22Z from 45/46C
2687.82,2026-09-28T20:11:58Z,500,32.0000,30.0000,31.0000,31.0000,30.0000,30.0000,37.0000,29.0000,30.0000,37.0000,29.9720,30.0000,32,30,31,31,30,30,37,29,30,37,29,30,32,30,31,31,30,30,37,29,30,37,30,30,43.99,41.00,30.452,0.281,2.7976,sat down ~19:22Z from 45/46C
2688.82,2026-09-28T20:11:59Z,501,32.0000,30.0000,31.0000,31.0000,30.0000,30.0000,37.0000,29.0000,30.0000,37.0000,29.9441,30.0000,32,30,31,31,30,30,37,29,30,37,29,30,32,30,31,31,30,30,37,29,30,37,30,30,43.98,40.99,30.452,0.282,2.7976,sat down ~19:22Z from 45/46C
2689.82,2026-09-28T20:12:00Z,501,32.0000,30.0000,31.0000,31.0000,30.0000,30.0000,37.0000,29.0000,30.0000,37.0000,29.9721,30.0000,32,30,31,31,30,30,37,29,30,37,29,30,32,30,31,31,30,30,37,29,30,37,30,30,43.99,41.00,30.452,0.280,2.7976,sat down ~19:22Z from 45/46C
2690.83,2026-09-28T20:12:01Z,501,32.0000,30.0000,31.0000,31.0000,30.0000,30.0000,37.0000,29.0000,30.0000,37.0000,29.9920,30.0000,32,30,31,31,30,30,37,29,30,37,29,30,32,30,31,31,30,30,37,29,30,37,30,30,43.99,41.00,30.452,0.282,2.7976,sat down ~19:22Z from 45/46C
2691.83,2026-09-28T20:12:02Z,501,32.0000,30.0000,31.0000,31.0000,30.0000,30.0000,37.0000,29.0000,30.0000,37.0000,29.9760,30.0000,32,30,31,31,30,30,37,29,30,37,29,30,32,30,31,31,30,30,37,29,30,37,30,30,43.99,41.00,30.452,0.282,2.7976,sat down ~19:22Z from 45/46C
2692.83,2026-09-28T20:12:03Z,500,32.0000,30.0000,31.0000,31.0000,30.0000,30.0000,37.0000,29.0000,30.0000,37.0000,29.9820,30.0000,32,30,31,31,30,30,37,29,30,37,29,30,32,30,31,31,30,30,37,29,30,37,30,30,43.99,41.00,30.451,0.281,2.7976,sat down ~19:22Z from 45/46C
2693.83,2026-09-28T20:12:04Z,500,32.0000,30.0000,31.0000,31.0000,30.0000,30.0000,37.0000,29.0000,30.0000,37.0000,29.9840,30.0000,32,30,31,31,30,30,37,29,30,37,29,30,32,30,31,31,30,30,37,29,30,37,30,30,43.99,40.99,30.451,0.283,2.7976,sat down ~19:22Z from 45/46C
2694.83,2026-09-28T20:12:05Z,500,32.0000,30.0000,31.0000,31.0000,30.0000,30.0000,37.0000,29.0000,30.0000,37.0000,29.9940,30.0000,32,30,31,31,30,30,37,29,30,37,29,30,32,30,31,31,30,30,37,29,30,37,30,30,43.98,40.99,30.451,0.282,2.7976,sat down ~19:22Z from 45/46C
2695.83,2026-09-28T20:12:06Z,500,32.0000,30.0000,31.0000,31.0000,30.0000,30.0000,37.0000,29.0000,30.0000,37.0000,30.0000,30.0000,32,30,31,31,30,30,37,29,30,37,30,30,32,30,31,31,30,30,37,29,30,37,30,30,43.99,41.00,30.451,0.283,2.7976,sat down ~19:22Z from 45/46C
2696.83,2026-09-28T20:12:07Z,500,32.0000,30.0000,31.0000,31.0000,30.0000,30.0000,37.0000,29.0000,30.0000,37.0000,29.9920,30.0000,32,30,31,31,30,30,37,29,30,37,29,30,32,30,31,31,30,30,37,29,30,37,30,30,43.99,41.00,30.451,0.284,2.7976,sat down ~19:22Z from 45/46C
2697.83,2026-09-28T20:12:08Z,501,32.0000,30.0000,31.0000,31.0000,30.0000,30.0000,37.0000,29.0000,30.0000,37.0000,30.0000,30.0000,32,30,31,31,30,30,37,29,30,37,30,30,32,30,31,31,30,30,37,29,30,37,30,30,43.98,41.00,30.450,0.283,2.7976,sat down ~19:22Z from 45/46C
2698.83,2026-09-28T20:12:09Z,501,32.0000,30.0000,31.0000,31.0000,30.0000,30.0000,37.0000,29.0000,30.0000,37.0000,30.0000,30.0000,32,30,31,31,30,30,37,29,30,37,30,30,32,30,31,31,30,30,37,29,30,37,30,30,43.98,41.00,30.450,0.280,2.7976,sat down ~19:22Z from 45/46C
2699.83,2026-09-28T20:12:10Z,500,32.0000,30.0000,31.0000,31.0000,30.0000,30.0000,37.0000,29.0000,30.0000,37.0000,30.0000,30.0000,32,30,31,31,30,30,37,29,30,37,30,30,32,30,31,31,30,30,37,29,30,37,30,30,43.99,41.00,30.449,0.281,2.7976,sat down ~19:22Z from 45/46C
2700.83,2026-09-28T20:12:11Z,500,32.0000,30.0000,31.0000,31.0000,30.0000,30.0000,37.0000,29.0000,30.0000,37.0000,30.0000,30.0000,32,30,31,31,30,30,37,29,30,37,30,30,32,30,31,31,30,30,37,29,30,37,30,30,43.99,40.99,30.449,0.279,2.7976,sat down ~19:22Z from 45/46C
2701.84,2026-09-28T20:12:12Z,500,32.0000,30.0000,31.0000,31.0000,30.0000,30.0000,37.0000,29.0000,30.0000,37.0000,29.9940,30.0000,32,30,31,31,30,30,37,29,30,37,29,30,32,30,31,31,30,30,37,29,30,37,30,30,43.99,41.00,30.449,0.277,2.7976,sat down ~19:22Z from 45/46C
2702.84,2026-09-28T20:12:13Z,501,32.0000,30.0000,31.0000,31.0000,30.0000,30.0000,37.0000,29.0000,30.0000,37.0000,30.0000,30.0000,32,30,31,31,30,30,37,29,30,37,30,30,32,30,31,31,30,30,37,29,30,37,30,30,43.99,40.99,30.449,0.280,2.7976,sat down ~19:22Z from 45/46C
2703.84,2026-09-28T20:12:14Z,499,32.0000,30.0000,31.0000,31.0000,30.0000,30.0000,37.0000,29.0000,30.0000,37.0000,30.0000,30.0000,32,30,31,31,30,30,37,29,30,37,30,30,32,30,31,31,30,30,37,29,30,37,30,30,43.99,41.00,30.449,0.280,2.7976,sat down ~19:22Z from 45/46C
2704.84,2026-09-28T20:12:15Z,501,32.0000,30.0000,31.0000,31.0000,30.0000,30.0000,37.0000,29.0000,30.0000,37.0000,30.0000,30.0000,32,30,31,31,30,30,37,29,30,37,30,30,32,30,31,31,30,30,37,29,30,37,30,30,43.98,40.99,30.448,0.280,2.7976,sat down ~19:22Z from 45/46C
2705.84,2026-09-28T20:12:16Z,501,32.0000,30.0000,31.0000,31.0000,30.0000,30.0000,37.0000,29.0000,30.0000,37.0000,30.0000,30.0000,32,30,31,31,30,30,37,29,30,37,30,30,32,30,31,31,30,30,37,29,30,37,30,30,43.99,40.99,30.448,0.282,2.7976,sat down ~19:22Z from 45/46C
2706.84,2026-09-28T20:12:17Z,500,32.0000,30.0000,31.0000,31.0000,30.0000,30.0000,37.0000,29.0000,30.0000,37.0000,30.0000,30.0000,32,30,31,31,30,30,37,29,30,37,30,30,32,30,31,31,30,30,37,29,30,37,30,30,43.99,41.00,30.448,0.281,2.7976,sat down ~19:22Z from 45/46C
2707.84,2026-09-28T20:12:18Z,500,32.0000,30.0000,31.0000,31.0000,30.0000,30.0000,37.0000,29.0000,30.0000,37.0000,30.0000,30.0000,32,30,31,31,30,30,37,29,30,37,30,30,32,30,31,31,30,30,37,29,30,37,30,30,43.99,40.99,30.448,0.283,2.7976,sat down ~19:22Z from 45/46C
2708.84,2026-09-28T20:12:19Z,500,32.0000,30.0000,31.0000,31.0000,30.0000,30.0000,37.0000,29.0000,30.0000,37.0000,30.0000,30.0000,32,30,31,31,30,30,37,29,30,37,30,30,32,30,31,31,30,30,37,29,30,37,30,30,43.99,41.00,30.448,0.280,2.7976,sat down ~19:22Z from 45/46C
2709.84,2026-09-28T20:12:20Z,501,32.0000,30.0000,31.0000,31.0000,30.0000,30.0000,37.0000,29.0000,30.0000,37.0000,30.0000,30.0000,32,30,31,31,30,30,37,29,30,37,30,30,32,30,31,31,30,30,37,29,30,37,30,30,43.99,41.00,30.447,0.279,2.7976,sat down ~19:22Z from 45/46C
2710.84,2026-09-28T20:12:21Z,500,32.0000,30.0000,31.0000,31.0000,30.0000,30.0000,37.0000,29.0000,30.0000,37.0000,29.9880,30.0000,32,30,31,31,30,30,37,29,30,37,29,30,32,30,31,31,30,30,37,29,30,37,30,30,43.99,41.00,30.447,0.282,2.7976,sat down ~19:22Z from 45/46C
2711.85,2026-09-28T20:12:22Z,501,32.0000,30.0000,31.0000,31.0000,30.0000,30.0000,37.0000,29.0000,30.0000,37.0000,30.0000,30.0000,32,30,31,31,30,30,37,29,30,37,30,30,32,30,31,31,30,30,37,29,30,37,30,30,43.99,41.00,30.447,0.282,2.7976,sat down ~19:22Z from 45/46C
2712.85,2026-09-28T20:12:23Z,500,32.0000,30.0000,31.0000,31.0000,30.0000,30.0000,37.0000,29.0000,30.0000,37.0000,30.0000,30.0000,32,30,31,31,30,30,37,29,30,37,30,30,32,30,31,31,30,30,37,29,30,37,30,30,43.99,41.00,30.447,0.283,2.7976,sat down ~19:22Z from 45/46C
2713.85,2026-09-28T20:12:24Z,496,32.0000,30.0000,31.0000,31.0000,30.0000,30.0000,37.0000,29.0000,30.0000,37.0000,29.9919,30.0000,32,30,31,31,30,30,37,29,30,37,29,30,32,30,31,31,30,30,37,29,30,37,30,30,43.99,41.00,30.447,0.286,2.7976,sat down ~19:22Z from 45/46C
2714.85,2026-09-28T20:12:25Z,501,32.0000,30.0000,31.0000,31.0000,30.0000,30.0000,37.0000,29.0000,30.0000,37.0000,29.9940,30.0000,32,30,31,31,30,30,37,29,30,37,29,30,32,30,31,31,30,30,37,29,30,37,30,30,43.99,41.00,30.446,0.282,2.7976,sat down ~19:22Z from 45/46C
2715.85,2026-09-28T20:12:26Z,500,32.0000,30.0000,31.0000,31.0000,30.0000,30.0000,37.0000,29.0000,30.0000,37.0000,30.0000,30.0000,32,30,31,31,30,30,37,29,30,37,30,30,32,30,31,31,30,30,37,29,30,37,30,30,43.99,41.00,30.446,0.288,2.7976,sat down ~19:22Z from 45/46C
2716.85,2026-09-28T20:12:27Z,500,32.0000,30.0000,31.0000,31.0000,30.0000,30.0000,37.0000,29.0000,30.0000,37.0000,30.0000,30.0000,32,30,31,31,30,30,37,29,30,37,30,30,32,30,31,31,30,30,37,29,30,37,30,30,43.99,41.00,30.446,0.283,2.7976,sat down ~19:22Z from 45/46C
2717.85,2026-09-28T20:12:28Z,501,32.0000,30.0000,31.0000,31.0000,30.0000,30.0000,37.0000,29.0000,30.0000,37.0000,30.0000,30.0000,32,30,31,31,30,30,37,29,30,37,30,30,32,30,31,31,30,30,37,29,30,37,30,30,43.99,41.00,30.446,0.285,2.7976,sat down ~19:22Z from 45/46C
2718.85,2026-09-28T20:12:29Z,501,32.0000,30.0000,31.0000,31.0000,30.0000,30.0000,37.0000,29.0000,30.0000,37.0000,29.9940,30.0000,32,30,31,31,30,30,37,29,30,37,29,30,32,30,31,31,30,30,37,29,30,37,30,30,43.99,41.00,30.445,0.281,2.7976,sat down ~19:22Z from 45/46C
2719.85,2026-09-28T20:12:30Z,500,32.0000,30.0000,31.0000,31.0000,30.0000,30.0000,37.0000,29.0000,30.0000,37.0000,30.0000,30.0000,32,30,31,31,30,30,37,29,30,37,30,30,32,30,31,31,30,30,37,29,30,37,30,30,43.99,41.00,30.445,0.283,2.7976,sat down ~19:22Z from 45/46C
2720.85,2026-09-28T20:12:31Z,500,32.0000,30.0000,31.0000,31.0000,30.0000,30.0000,37.0000,29.0000,30.0000,37.0000,29.9940,30.0000,32,30,31,31,30,30,37,29,30,37,29,30,32,30,31,31,30,30,37,29,30,37,30,30,43.99,41.00,30.445,0.283,2.7976,sat down ~19:22Z from 45/46C
2721.85,2026-09-28T20:12:32Z,500,32.0000,30.0000,31.0000,31.0000,30.0000,30.0000,37.0000,29.0000,30.0000,37.0000,30.0000,30.0000,32,30,31,31,30,30,37,29,30,37,30,30,32,30,31,31,30,30,37,29,30,37,30,30,43.99,41.00,30.445,0.283,2.7976,sat down ~19:22Z from 45/46C
2722.86,2026-09-28T20:12:33Z,499,32.0000,30.0000,31.0000,31.0000,30.0000,30.0000,37.0000,29.0000,30.0000,37.0000,30.0000,30.0000,32,30,31,31,30,30,37,29,30,37,30,30,32,30,31,31,30,30,37,29,30,37,30,30,43.99,41.00,30.444,0.285,2.7976,sat down ~19:22Z from 45/46C
2723.86,2026-09-28T20:12:34Z,500,32.0000,30.0000,31.0000,31.0000,30.0000,30.0000,37.0000,29.0000,30.0000,37.0000,30.0000,30.0000,32,30,31,31,30,30,37,29,30,37,30,30,32,30,31,31,30,30,37,29,30,37,30,30,43.99,40.99,30.445,0.282,2.7976,sat down ~19:22Z from 45/46C
2724.86,2026-09-28T20:12:35Z,500,32.0000,30.0000,31.0000,31.0000,30.0000,30.0000,37.0000,29.0000,30.0000,37.0000,30.0000,30.0000,32,30,31,31,30,30,37,29,30,37,30,30,32,30,31,31,30,30,37,29,30,37,30,30,43.99,41.00,30.444,0.284,2.7976,sat down ~19:22Z from 45/46C
2725.86,2026-09-28T20:12:36Z,501,32.0000,30.0000,31.0000,31.0000,30.0000,30.0000,37.0000,29.0000,30.0000,37.0000,29.9940,30.0000,32,30,31,31,30,30,37,29,30,37,29,30,32,30,31,31,30,30,37,29,30,37,30,30,43.99,40.99,30.444,0.281,2.7976,sat down ~19:22Z from 45/46C
2726.86,2026-09-28T20:12:37Z,500,32.0000,30.0000,31.0000,31.0000,30.0000,30.0000,37.0000,29.0000,30.0000,37.0000,30.0000,30.0000,32,30,31,31,30,30,37,29,30,37,30,30,32,30,31,31,30,30,37,29,30,37,30,30,43.99,41.00,30.443,0.285,2.7976,sat down ~19:22Z from 45/46C
2727.86,2026-09-28T20:12:38Z,500,32.0000,30.0000,31.0000,31.0000,30.0000,30.0000,37.0000,29.0000,30.0000,37.0000,30.0000,30.0000,32,30,31,31,30,30,37,29,30,37,30,30,32,30,31,31,30,30,37,29,30,37,30,30,43.99,40.99,30.444,0.283,2.7976,sat down ~19:22Z from 45/46C
2728.86,2026-09-28T20:12:39Z,500,32.0000,30.0000,31.0000,31.0000,30.0000,30.0000,37.0000,29.0000,30.0000,37.0000,30.0000,30.0000,32,30,31,31,30,30,37,29,30,37,30,30,32,30,31,31,30,30,37,29,30,37,30,30,43.99,40.99,30.444,0.285,2.7976,sat down ~19:22Z from 45/46C
2729.86,2026-09-28T20:12:40Z,500,32.0000,30.0000,31.0000,31.0000,30.0000,30.0000,37.0000,29.0000,30.0000,37.0000,30.0000,30.0000,32,30,31,31,30,30,37,29,30,37,30,30,32,30,31,31,30,30,37,29,30,37,30,30,43.99,41.00,30.443,0.284,2.7976,sat down ~19:22Z from 45/46C
2730.86,2026-09-28T20:12:41Z,501,32.0000,30.0000,31.0000,31.0000,30.0000,30.0000,37.0000,29.0000,30.0000,37.0000,30.0000,30.0000,32,30,31,31,30,30,37,29,30,37,30,30,32,30,31,31,30,30,37,29,30,37,30,30,43.99,40.99,30.443,0.283,2.7976,sat down ~19:22Z from 45/46C
2731.86,2026-09-28T20:12:42Z,500,32.0000,30.0000,31.0000,31.0000,30.0000,30.0000,37.0000,29.0000,30.0000,37.0000,30.0000,30.0000,32,30,31,31,30,30,37,29,30,37,30,30,32,30,31,31,30,30,37,29,30,37,30,30,43.99,41.00,30.442,0.283,2.7976,sat down ~19:22Z from 45/46C
2732.86,2026-09-28T20:12:43Z,501,32.0000,30.0000,31.0000,31.0000,30.0000,30.0000,37.0000,29.0000,30.0000,37.0000,30.0000,30.0000,32,30,31,31,30,30,37,29,30,37,30,30,32,30,31,31,30,30,37,29,30,37,30,30,43.99,40.99,30.442,0.283,2.7976,sat down ~19:22Z from 45/46C
2733.86,2026-09-28T20:12:44Z,500,32.0000,30.0000,31.0000,31.0000,30.0000,30.0000,37.0000,29.0000,30.0000,37.0000,29.9920,30.0000,32,30,31,31,30,30,37,29,30,37,29,30,32,30,31,31,30,30,37,29,30,37,30,30,43.99,41.00,30.442,0.285,2.7976,sat down ~19:22Z from 45/46C
2734.87,2026-09-28T20:12:45Z,500,32.0000,30.0000,31.0000,31.0000,30.0000,30.0000,37.0000,29.0000,30.0000,37.0000,30.0000,30.0000,32,30,31,31,30,30,37,29,30,37,30,30,32,30,31,31,30,30,37,29,30,37,30,30,43.99,41.00,30.442,0.284,2.7976,sat down ~19:22Z from 45/46C
2735.87,2026-09-28T20:12:46Z,501,32.0000,30.0000,31.0000,31.0000,30.0000,30.0000,37.0000,29.0000,30.0000,37.0000,30.0000,30.0000,32,30,31,31,30,30,37,29,30,37,30,30,32,30,31,31,30,30,37,29,30,37,30,30,43.99,40.99,30.441,0.287,2.7976,sat down ~19:22Z from 45/46C
2736.87,2026-09-28T20:12:47Z,500,32.0000,30.0000,31.0000,31.0000,30.0000,30.0000,37.0000,29.0000,30.0000,37.0000,30.0000,30.0000,32,30,31,31,30,30,37,29,30,37,30,30,32,30,31,31,30,30,37,29,30,37,30,30,43.99,41.00,30.441,0.287,2.7976,sat down ~19:22Z from 45/46C
2737.87,2026-09-28T20:12:48Z,501,32.0000,30.0000,31.0000,31.0000,30.0000,30.0000,37.0000,29.0000,30.0000,37.0000,30.0000,30.0000,32,30,31,31,30,30,37,29,30,37,30,30,32,30,31,31,30,30,37,29,30,37,30,30,43.99,41.00,30.441,0.286,2.7976,sat down ~19:22Z from 45/46C
2738.87,2026-09-28T20:12:49Z,501,32.0000,30.0000,31.0000,31.0000,30.0000,30.0000,37.0000,29.0000,30.0000,37.0000,30.0000,30.0000,32,30,31,31,30,30,37,29,30,37,30,30,32,30,31,31,30,30,37,29,30,37,30,30,43.99,40.99,30.441,0.290,2.7976,sat down ~19:22Z from 45/46C
2739.87,2026-09-28T20:12:50Z,500,32.0000,30.0000,31.0000,31.0000,30.0000,30.0000,37.0000,29.0000,30.0000,37.0000,30.0000,30.0000,32,30,31,31,30,30,37,29,30,37,30,30,32,30,31,31,30,30,37,29,30,37,30,30,43.99,40.99,30.440,0.287,2.7976,sat down ~19:22Z from 45/46C
2740.88,2026-09-28T20:12:51Z,501,32.0000,30.0000,31.0000,31.0000,30.0000,30.0000,37.0000,29.0000,30.0000,37.0000,30.0000,30.0000,32,30,31,31,30,30,37,29,30,37,30,30,32,30,31,31,30,30,37,29,30,37,30,30,43.99,40.99,30.440,0.290,2.7976,sat down ~19:22Z from 45/46C
2741.88,2026-09-28T20:12:52Z,500,32.0000,30.0000,31.0000,31.0000,30.0000,30.0000,37.0000,29.0000,30.0000,37.0000,30.0000,30.0000,32,30,31,31,30,30,37,29,30,37,30,30,32,30,31,31,30,30,37,29,30,37,30,30,43.99,41.00,30.440,0.287,2.7976,sat down ~19:22Z from 45/46C
2742.88,2026-09-28T20:12:53Z,500,32.0000,30.0000,31.0000,31.0000,30.0000,30.0000,37.0000,29.0000,30.0000,37.0000,30.0000,30.0000,32,30,31,31,30,30,37,29,30,37,30,30,32,30,31,31,30,30,37,29,30,37,30,30,43.99,40.99,30.440,0.291,2.7976,sat down ~19:22Z from 45/46C
2743.88,2026-09-28T20:12:54Z,500,32.0000,30.0000,31.0000,31.0000,30.0000,30.0000,37.0000,29.0000,30.0000,37.0000,30.0000,30.0000,32,30,31,31,30,30,37,29,30,37,30,30,32,30,31,31,30,30,37,29,30,37,30,30,43.99,40.99,30.440,0.287,2.7976,sat down ~19:22Z from 45/46C
2744.88,2026-09-28T20:12:55Z,501,32.0000,30.0000,31.0000,31.0000,30.0000,30.0000,37.0000,29.0000,30.0000,37.0000,30.0000,30.0000,32,30,31,31,30,30,37,29,30,37,30,30,32,30,31,31,30,30,37,29,30,37,30,30,43.99,41.00,30.439,0.285,2.7976,sat down ~19:22Z from 45/46C
2745.88,2026-09-28T20:12:56Z,500,32.0000,30.0000,31.0000,31.0000,30.0000,30.0000,37.0000,29.0000,30.0000,37.0000,30.0000,30.0000,32,30,31,31,30,30,37,29,30,37,30,30,32,30,31,31,30,30,37,29,30,37,30,30,43.99,41.00,30.439,0.286,2.7976,sat down ~19:22Z from 45/46C
2746.88,2026-09-28T20:12:57Z,501,32.0000,30.0000,31.0000,31.0000,30.0000,30.0000,37.0000,29.0000,30.0000,37.0000,30.0000,30.0000,32,30,31,31,30,30,37,29,30,37,30,30,32,30,31,31,30,30,37,29,30,37,30,30,43.99,41.00,30.439,0.289,2.7976,sat down ~19:22Z from 45/46C
2747.88,2026-09-28T20:12:58Z,500,32.0000,30.0000,31.0000,31.0000,30.0000,30.0000,37.0000,29.0000,30.0000,37.0000,30.0000,30.0000,32,30,31,31,30,30,37,29,30,37,30,30,32,30,31,31,30,30,37,29,30,37,30,30,43.99,40.99,30.439,0.284,2.7976,sat down ~19:22Z from 45/46C
2748.88,2026-09-28T20:12:59Z,501,32.0000,30.0000,31.0000,31.0000,30.0000,30.0000,37.0000,29.0000,30.0000,37.0000,30.0000,30.0000,32,30,31,31,30,30,37,29,30,37,30,30,32,30,31,31,30,30,37,29,30,37,30,30,43.99,41.00,30.439,0.284,2.7976,sat down ~19:22Z from 45/46C
2749.88,2026-09-28T20:13:00Z,501,32.0000,30.0000,31.0000,31.0000,30.0000,30.0000,37.0000,29.0000,30.0000,37.0000,30.0000,30.0000,32,30,31,31,30,30,37,29,30,37,30,30,32,30,31,31,30,30,37,29,30,37,30,30,43.99,41.00,30.438,0.288,2.7976,sat down ~19:22Z from 45/46C
2750.88,2026-09-28T20:13:01Z,500,32.0000,30.0000,31.0000,31.0000,30.0000,30.0000,37.0000,29.0000,30.0000,37.0000,30.0000,30.0000,32,30,31,31,30,30,37,29,30,37,30,30,32,30,31,31,30,30,37,29,30,37,30,30,43.99,40.99,30.438,0.287,2.7976,sat down ~19:22Z from 45/46C
2751.88,2026-09-28T20:13:02Z,500,32.0000,30.0000,31.0000,31.0000,30.0000,30.0000,37.0000,29.0000,30.0000,37.0000,30.0000,30.0000,32,30,31,31,30,30,37,29,30,37,30,30,32,30,31,31,30,30,37,29,30,37,30,30,43.99,40.99,30.438,0.289,2.7976,sat down ~19:22Z from 45/46C
2752.89,2026-09-28T20:13:03Z,501,32.0000,30.0000,31.0000,31.0000,30.0000,30.0000,37.0000,29.0000,30.0000,37.0000,30.0000,30.0000,32,30,31,31,30,30,37,29,30,37,30,30,32,30,31,31,30,30,37,29,30,37,30,30,43.99,41.00,30.438,0.291,2.7976,sat down ~19:22Z from 45/46C
2753.89,2026-09-28T20:13:04Z,500,32.0000,30.0000,31.0000,31.0000,30.0000,30.0000,37.0000,29.0000,30.0000,37.0000,29.9940,30.0000,32,30,31,31,30,30,37,29,30,37,29,30,32,30,31,31,30,30,37,29,30,37,30,30,43.99,41.00,30.438,0.290,2.7976,sat down ~19:22Z from 45/46C
2754.89,2026-09-28T20:13:05Z,501,32.0000,30.0000,31.0000,31.0000,30.0000,30.0000,37.0000,29.0000,30.0000,37.0000,30.0000,30.0000,32,30,31,31,30,30,37,29,30,37,30,30,32,30,31,31,30,30,37,29,30,37,30,30,43.99,40.99,30.437,0.293,2.7976,sat down ~19:22Z from 45/46C
2755.89,2026-09-28T20:13:06Z,500,32.0000,30.0000,31.0000,31.0000,30.0000,30.0000,37.0000,29.0000,30.0000,37.0000,29.9860,30.0000,32,30,31,31,30,30,37,29,30,37,29,30,32,30,31,31,30,30,37,29,30,37,30,30,43.98,40.99,30.437,0.291,2.7976,sat down ~19:22Z from 45/46C
2756.89,2026-09-28T20:13:07Z,501,32.0000,30.0000,31.0000,31.0000,30.0000,30.0000,37.0000,29.0000,30.0000,37.0000,29.9940,30.0000,32,30,31,31,30,30,37,29,30,37,29,30,32,30,31,31,30,30,37,29,30,37,30,30,43.99,41.00,30.436,0.289,2.7976,sat down ~19:22Z from 45/46C
2757.89,2026-09-28T20:13:08Z,500,32.0000,30.0000,31.0000,31.0000,30.0000,30.0000,37.0000,29.0000,30.0000,37.0000,29.9940,30.0000,32,30,31,31,30,30,37,29,30,37,29,30,32,30,31,31,30,30,37,29,30,37,30,30,43.99,40.99,30.436,0.292,2.7976,sat down ~19:22Z from 45/46C
2758.89,2026-09-28T20:13:09Z,501,32.0000,30.0000,31.0000,31.0000,30.0000,30.0000,37.0000,29.0000,30.0000,37.0000,29.9860,30.0000,32,30,31,31,30,30,37,29,30,37,29,30,32,30,31,31,30,30,37,29,30,37,30,30,43.99,40.99,30.436,0.290,2.7976,sat down ~19:22Z from 45/46C
2759.89,2026-09-28T20:13:10Z,499,32.0000,30.0000,31.0000,31.0000,30.0000,30.0000,37.0000,29.0000,30.0000,37.0000,29.9860,30.0000,32,30,31,31,30,30,37,29,30,37,29,30,32,30,31,31,30,30,37,29,30,37,30,30,43.99,40.99,30.436,0.289,2.7976,sat down ~19:22Z from 45/46C
2760.89,2026-09-28T20:13:11Z,501,32.0000,30.0000,31.0000,31.0000,30.0000,30.0000,37.0000,29.0000,30.0000,37.0000,29.9920,30.0000,32,30,31,31,30,30,37,29,30,37,29,30,32,30,31,31,30,30,37,29,30,37,30,30,43.99,40.99,30.436,0.290,2.7976,sat down ~19:22Z from 45/46C
2761.90,2026-09-28T20:13:12Z,501,32.0000,30.0000,31.0000,31.0000,30.0000,30.0000,37.0000,29.0000,30.0000,37.0000,29.9920,30.0000,32,30,31,31,30,30,37,29,30,37,29,30,32,30,31,31,30,30,37,29,30,37,30,30,43.99,40.99,30.435,0.288,2.7976,sat down ~19:22Z from 45/46C
2762.90,2026-09-28T20:13:13Z,500,32.0000,30.0000,31.0000,31.0000,30.0000,30.0000,37.0000,29.0000,30.0000,37.0000,30.0000,30.0000,32,30,31,31,30,30,37,29,30,37,30,30,32,30,31,31,30,30,37,29,30,37,30,30,43.99,41.00,30.435,0.284,2.7976,sat down ~19:22Z from 45/46C
2763.90,2026-09-28T20:13:14Z,501,32.0000,30.0000,31.0000,31.0000,30.0000,30.0000,37.0000,29.0000,30.0000,37.0000,30.0000,30.0000,32,30,31,31,30,30,37,29,30,37,30,30,32,30,31,31,30,30,37,29,30,37,30,30,43.99,40.99,30.435,0.287,2.7976,sat down ~19:22Z from 45/46C
2764.90,2026-09-28T20:13:15Z,500,32.0000,30.0000,31.0000,31.0000,30.0000,30.0000,37.0000,29.0000,30.0000,37.0000,30.0000,30.0000,32,30,31,31,30,30,37,29,30,37,30,30,32,30,31,31,30,30,37,29,30,37,30,30,44.00,41.00,30.435,0.285,2.7976,sat down ~19:22Z from 45/46C
2765.90,2026-09-28T20:13:16Z,501,32.0000,30.0000,31.0000,31.0000,30.0000,30.0000,37.0000,29.0000,30.0000,37.0000,30.0000,30.0000,32,30,31,31,30,30,37,29,30,37,30,30,32,30,31,31,30,30,37,29,30,37,30,30,43.99,40.99,30.434,0.283,2.7976,sat down ~19:22Z from 45/46C
2766.90,2026-09-28T20:13:17Z,500,32.0000,30.0000,31.0000,31.0000,30.0000,30.0000,37.0000,29.0000,30.0000,37.0000,30.0000,30.0000,32,30,31,31,30,30,37,29,30,37,30,30,32,30,31,31,30,30,37,29,30,37,30,30,44.00,41.00,30.434,0.285,2.7976,sat down ~19:22Z from 45/46C
2767.90,2026-09-28T20:13:18Z,501,32.0000,30.0000,31.0000,31.0000,30.0000,30.0000,37.0000,29.0000,30.0000,37.0000,30.0000,30.0000,32,30,31,31,30,30,37,29,30,37,30,30,32,30,31,31,30,30,37,29,30,37,30,30,43.97,40.98,30.434,0.284,2.7976,sat down ~19:22Z from 45/46C
2768.90,2026-09-28T20:13:19Z,500,32.0000,30.0000,31.0000,31.0000,30.0000,30.0000,37.0000,29.0000,30.0000,37.0000,30.0000,30.0000,32,30,31,31,30,30,37,29,30,37,30,30,32,30,31,31,30,30,37,29,30,37,30,30,43.99,41.00,30.433,0.283,2.7976,sat down ~19:22Z from 45/46C
2769.90,2026-09-28T20:13:20Z,501,32.0000,30.0000,31.0000,31.0000,30.0000,30.0000,37.0000,29.0000,30.0000,37.0000,30.0000,30.0000,32,30,31,31,30,30,37,29,30,37,30,30,32,30,31,31,30,30,37,29,30,37,30,30,44.00,41.00,30.433,0.286,2.7976,sat down ~19:22Z from 45/46C
2770.90,2026-09-28T20:13:21Z,499,32.0000,30.0000,31.0000,31.0000,30.0000,30.0000,37.0000,29.0000,30.0000,37.0000,30.0000,30.0000,32,30,31,31,30,30,37,29,30,37,30,30,32,30,31,31,30,30,37,29,30,37,30,30,43.99,40.99,30.433,0.281,2.7976,sat down ~19:22Z from 45/46C
2771.90,2026-09-28T20:13:22Z,500,32.0000,30.0000,31.0000,31.0000,30.0000,30.0000,37.0000,29.0000,30.0000,37.0000,30.0000,30.0000,32,30,31,31,30,30,37,29,30,37,30,30,32,30,31,31,30,30,37,29,30,37,30,30,43.99,41.00,30.432,0.281,2.7976,sat down ~19:22Z from 45/46C
2772.91,2026-09-28T20:13:23Z,500,32.0000,30.0000,31.0000,31.0000,30.0000,30.0000,37.0000,29.0000,30.0000,37.0000,30.0000,30.0000,32,30,31,31,30,30,37,29,30,37,30,30,32,30,31,31,30,30,37,29,30,37,30,30,43.99,41.00,30.432,0.280,2.7976,sat down ~19:22Z from 45/46C
2773.91,2026-09-28T20:13:24Z,500,32.0000,30.0000,31.0000,31.0000,30.0000,30.0000,37.0000,29.0000,30.0000,37.0000,30.0000,30.0000,32,30,31,31,30,30,37,29,30,37,30,30,32,30,31,31,30,30,37,29,30,37,30,30,43.99,41.00,30.432,0.282,2.7976,sat down ~19:22Z from 45/46C
2774.91,2026-09-28T20:13:25Z,501,32.0000,30.0000,31.0000,31.0000,30.0000,30.0000,37.0000,29.0000,30.0000,37.0000,30.0000,30.0000,32,30,31,31,30,30,37,29,30,37,30,30,32,30,31,31,30,30,37,29,30,37,30,30,43.99,40.99,30.432,0.283,2.7976,sat down ~19:22Z from 45/46C
2775.91,2026-09-28T20:13:26Z,500,32.0000,30.0000,31.0000,31.0000,30.0000,30.0000,37.0000,29.0000,30.0000,37.0000,30.0000,30.0000,32,30,31,31,30,30,37,29,30,37,30,30,32,30,31,31,30,30,37,29,30,37,30,30,43.99,41.00,30.431,0.281,2.7976,sat down ~19:22Z from 45/46C
2776.91,2026-09-28T20:13:27Z,501,32.0000,30.0000,31.0000,31.0000,30.0000,30.0000,37.0000,29.0000,30.0000,37.0000,30.0000,30.0000,32,30,31,31,30,30,37,29,30,37,30,30,32,30,31,31,30,30,37,29,30,37,30,30,43.99,41.00,30.432,0.281,2.7976,sat down ~19:22Z from 45/46C
2777.91,2026-09-28T20:13:28Z,500,32.0000,30.0000,31.0000,31.0000,30.0000,30.0000,37.0000,29.0000,30.0000,37.0000,30.0000,30.0000,32,30,31,31,30,30,37,29,30,37,30,30,32,30,31,31,30,30,37,29,30,37,30,30,43.99,40.99,30.431,0.285,2.7976,sat down ~19:22Z from 45/46C
2778.91,2026-09-28T20:13:29Z,500,32.0000,30.0000,31.0000,31.0000,30.0000,30.0000,37.0000,29.0000,30.0000,37.0000,30.0000,30.0000,32,30,31,31,30,30,37,29,30,37,30,30,32,30,31,31,30,30,37,29,30,37,30,30,43.99,40.99,30.431,0.282,2.7976,sat down ~19:22Z from 45/46C
2779.91,2026-09-28T20:13:30Z,501,32.0000,30.0000,31.0000,31.0000,30.0000,30.0000,37.0000,29.0000,30.0000,37.0000,29.9920,30.0000,32,30,31,31,30,30,37,29,30,37,29,30,32,30,31,31,30,30,37,29,30,37,30,30,43.99,41.00,30.431,0.283,2.7976,sat down ~19:22Z from 45/46C
2780.91,2026-09-28T20:13:31Z,501,32.0000,30.0000,31.0000,31.0000,30.0000,30.0000,37.0000,29.0000,30.0000,37.0000,30.0000,30.0000,32,30,31,31,30,30,37,29,30,37,30,30,32,30,31,31,30,30,37,29,30,37,30,30,43.99,41.00,30.430,0.279,2.7976,sat down ~19:22Z from 45/46C
2781.91,2026-09-28T20:13:32Z,501,32.0000,30.0000,31.0000,31.0000,30.0000,30.0000,37.0000,29.0000,30.0000,37.0000,30.0000,30.0000,32,30,31,31,30,30,37,29,30,37,30,30,32,30,31,31,30,30,37,29,30,37,30,30,43.99,40.99,30.430,0.282,2.7976,sat down ~19:22Z from 45/46C
2782.92,2026-09-28T20:13:33Z,500,32.0000,30.0000,31.0000,31.0000,30.0000,30.0000,37.0000,29.0000,30.0000,37.0000,30.0000,30.0000,32,30,31,31,30,30,37,29,30,37,30,30,32,30,31,31,30,30,37,29,30,37,30,30,43.99,40.99,30.430,0.282,2.7976,sat down ~19:22Z from 45/46C
2783.92,2026-09-28T20:13:34Z,501,32.0000,30.0000,31.0000,31.0000,30.0000,30.0000,37.0000,29.0000,30.0000,37.0000,30.0000,30.0000,32,30,31,31,30,30,37,29,30,37,30,30,32,30,31,31,30,30,37,29,30,37,30,30,44.00,41.00,30.430,0.283,2.7976,sat down ~19:22Z from 45/46C
2784.92,2026-09-28T20:13:35Z,501,32.0000,30.0000,31.0000,31.0000,30.0000,30.0000,37.0000,29.0000,30.0000,37.0000,29.9940,30.0000,32,30,31,31,30,30,37,29,30,37,29,30,32,30,31,31,30,30,37,29,30,37,30,30,44.00,41.00,30.430,0.281,2.7976,sat down ~19:22Z from 45/46C
2785.92,2026-09-28T20:13:36Z,501,32.0000,30.0000,31.0000,31.0000,30.0000,30.0000,37.0000,29.0000,30.0000,37.0000,30.0000,30.0000,32,30,31,31,30,30,37,29,30,37,30,30,32,30,31,31,30,30,37,29,30,37,30,30,43.99,41.00,30.430,0.283,2.7976,sat down ~19:22Z from 45/46C
2786.92,2026-09-28T20:13:37Z,500,32.0000,30.0000,31.0000,31.0000,30.0000,30.0000,37.0000,29.0000,30.0000,37.0000,30.0000,30.0000,32,30,31,31,30,30,37,29,30,37,30,30,32,30,31,31,30,30,37,29,30,37,30,30,43.99,40.99,30.429,0.279,2.7976,sat down ~19:22Z from 45/46C
2787.92,2026-09-28T20:13:38Z,500,32.0000,30.0000,31.0000,31.0000,30.0000,30.0000,37.0000,29.0000,30.0000,37.0000,30.0000,30.0000,32,30,31,31,30,30,37,29,30,37,30,30,32,30,31,31,30,30,37,29,30,37,30,30,44.00,41.00,30.429,0.283,2.7976,sat down ~19:22Z from 45/46C
2788.92,2026-09-28T20:13:39Z,501,32.0000,30.0000,31.0000,31.0000,30.0000,30.0000,37.0000,29.0000,30.0000,37.0000,30.0000,30.0000,32,30,31,31,30,30,37,29,30,37,30,30,32,30,31,31,30,30,37,29,30,37,30,30,43.99,40.99,30.429,0.282,2.7976,sat down ~19:22Z from 45/46C
2789.93,2026-09-28T20:13:40Z,501,32.0000,30.0000,31.0000,31.0000,30.0000,30.0000,37.0000,29.0000,30.0000,37.0000,30.0000,30.0000,32,30,31,31,30,30,37,29,30,37,30,30,32,30,31,31,30,30,37,29,30,37,30,30,44.00,41.00,30.429,0.283,2.7976,sat down ~19:22Z from 45/46C
2790.93,2026-09-28T20:13:41Z,501,32.0000,30.0000,31.0000,31.0000,30.0000,30.0000,37.0000,29.0000,30.0000,37.0000,30.0000,30.0000,32,30,31,31,30,30,37,29,30,37,30,30,32,30,31,31,30,30,37,29,30,37,30,30,43.99,41.00,30.428,0.283,2.7976,sat down ~19:22Z from 45/46C
2791.93,2026-09-28T20:13:42Z,501,32.0000,30.0000,31.0000,31.0000,30.0000,30.0000,37.0000,29.0000,30.0000,37.0000,30.0000,30.0000,32,30,31,31,30,30,37,29,30,37,30,30,32,30,31,31,30,30,37,29,30,37,30,30,43.99,41.00,30.428,0.281,2.7976,sat down ~19:22Z from 45/46C
2792.93,2026-09-28T20:13:43Z,501,32.0000,30.0000,31.0000,31.0000,30.0000,30.0000,37.0000,29.0000,30.0000,37.0000,30.0000,30.0000,32,30,31,31,30,30,37,29,30,37,30,30,32,30,31,31,30,30,37,29,30,37,30,30,43.99,41.00,30.428,0.283,2.7976,sat down ~19:22Z from 45/46C
2793.93,2026-09-28T20:13:44Z,501,32.0000,30.0000,31.0000,31.0000,30.0000,30.0000,37.0000,29.0000,30.0000,37.0000,30.0000,30.0000,32,30,31,31,30,30,37,29,30,37,30,30,32,30,31,31,30,30,37,29,30,37,30,30,44.00,41.00,30.428,0.284,2.7976,sat down ~19:22Z from 45/46C
2794.93,2026-09-28T20:13:45Z,500,32.0000,30.0000,31.0000,31.0000,30.0000,30.0000,37.0000,29.0000,30.0000,37.0000,30.0000,30.0000,32,30,31,31,30,30,37,29,30,37,30,30,32,30,31,31,30,30,37,29,30,37,30,30,43.99,41.00,30.428,0.281,2.7976,sat down ~19:22Z from 45/46C
2795.94,2026-09-28T20:13:46Z,501,32.0000,30.0000,31.0000,31.0000,30.0000,30.0000,37.0000,29.0000,30.0000,37.0000,30.0000,30.0000,32,30,31,31,30,30,37,29,30,37,30,30,32,30,31,31,30,30,37,29,30,37,30,30,44.00,41.00,30.427,0.282,2.7976,sat down ~19:22Z from 45/46C
2796.94,2026-09-28T20:13:47Z,500,32.0000,30.0000,31.0000,31.0000,30.0000,30.0000,37.0000,29.0000,30.0000,37.0000,30.0000,30.0000,32,30,31,31,30,30,37,29,30,37,30,30,32,30,31,31,30,30,37,29,30,37,30,30,43.99,41.00,30.427,0.281,2.7976,sat down ~19:22Z from 45/46C
2797.94,2026-09-28T20:13:48Z,501,32.0000,30.0000,31.0000,31.0000,30.0000,30.0000,37.0000,29.0000,30.0000,37.0000,30.0000,30.0000,32,30,31,31,30,30,37,29,30,37,30,30,32,30,31,31,30,30,37,29,30,37,30,30,43.99,40.99,30.427,0.285,2.7976,sat down ~19:22Z from 45/46C
2798.94,2026-09-28T20:13:49Z,501,32.0000,30.0000,31.0000,31.0000,30.0000,30.0000,37.0000,29.0000,30.0000,37.0000,30.0000,30.0000,32,30,31,31,30,30,37,29,30,37,30,30,32,30,31,31,30,30,37,29,30,37,30,30,43.99,40.99,30.426,0.284,2.7976,sat down ~19:22Z from 45/46C
2799.94,2026-09-28T20:13:50Z,501,32.0000,30.0000,31.0000,31.0000,30.0000,30.0000,37.0000,29.0000,30.0000,37.0000,30.0000,30.0000,32,30,31,31,30,30,37,29,30,37,30,30,32,30,31,31,30,30,37,29,30,37,30,30,44.00,41.00,30.426,0.284,2.7976,sat down ~19:22Z from 45/46C
2800.94,2026-09-28T20:13:51Z,499,32.0000,30.0000,31.0000,31.0000,30.0000,30.0000,37.0000,29.0000,30.0000,37.0000,30.0000,30.0000,32,30,31,31,30,30,37,29,30,37,30,30,32,30,31,31,30,30,37,29,30,37,30,30,43.99,41.00,30.426,0.285,2.7976,sat down ~19:22Z from 45/46C
2801.94,2026-09-28T20:13:52Z,500,32.0000,30.0000,31.0000,31.0000,30.0000,30.0000,37.0000,29.0000,30.0000,37.0000,30.0000,30.0000,32,30,31,31,30,30,37,29,30,37,30,30,32,30,31,31,30,30,37,29,30,37,30,30,43.99,41.00,30.427,0.281,2.7976,sat down ~19:22Z from 45/46C
2802.94,2026-09-28T20:13:53Z,501,32.0000,30.0000,31.0000,31.0000,30.0000,30.0000,37.0000,29.0000,30.0000,37.0000,30.0000,30.0000,32,30,31,31,30,30,37,29,30,37,30,30,32,30,31,31,30,30,37,29,30,37,30,30,44.00,41.00,30.426,0.283,2.7976,sat down ~19:22Z from 45/46C
2803.95,2026-09-28T20:13:54Z,501,32.0000,30.0000,31.0000,31.0000,30.0000,30.0000,37.0000,29.0000,30.0000,37.0000,30.0000,30.0000,32,30,31,31,30,30,37,29,30,37,30,30,32,30,31,31,30,30,37,29,30,37,30,30,43.99,41.00,30.426,0.284,2.7976,sat down ~19:22Z from 45/46C
2804.95,2026-09-28T20:13:55Z,500,32.0000,30.0000,31.0000,31.0000,30.0000,30.0000,37.0000,29.0000,30.0000,37.0000,30.0000,30.0000,32,30,31,31,30,30,37,29,30,37,30,30,32,30,31,31,30,30,37,29,30,37,30,30,43.99,41.00,30.426,0.281,2.7976,sat down ~19:22Z from 45/46C
2805.95,2026-09-28T20:13:56Z,500,32.0000,30.0000,31.0000,31.0000,30.0000,30.0000,37.0000,29.0000,30.0000,37.0000,30.0000,30.0000,32,30,31,31,30,30,37,29,30,37,30,30,32,30,31,31,30,30,37,29,30,37,30,30,44.00,41.00,30.425,0.284,2.7976,sat down ~19:22Z from 45/46C
2806.95,2026-09-28T20:13:57Z,500,32.0000,30.0000,31.0000,31.0000,30.0000,30.0000,37.0000,29.0000,30.0000,37.0000,30.0000,30.0000,32,30,31,31,30,30,37,29,30,37,30,30,32,30,31,31,30,30,37,29,30,37,30,30,43.99,41.00,30.425,0.289,2.7976,sat down ~19:22Z from 45/46C
2807.95,2026-09-28T20:13:58Z,501,32.0000,30.0000,31.0000,31.0000,30.0000,30.0000,37.0000,29.0000,30.0000,37.0000,30.0000,30.0000,32,30,31,31,30,30,37,29,30,37,30,30,32,30,31,31,30,30,37,29,30,37,30,30,43.99,41.00,30.425,0.287,2.7976,sat down ~19:22Z from 45/46C
2808.95,2026-09-28T20:13:59Z,501,32.0000,30.0000,31.0000,31.0000,30.0000,30.0000,37.0000,29.0000,30.0000,37.0000,30.0000,30.0000,32,30,31,31,30,30,37,29,30,37,30,30,32,30,31,31,30,30,37,29,30,37,30,30,43.99,41.00,30.424,0.286,2.7976,sat down ~19:22Z from 45/46C
2809.95,2026-09-28T20:14:00Z,501,32.0000,30.0000,31.0000,31.0000,30.0000,30.0000,37.0000,29.0000,30.0000,37.0000,30.0000,30.0000,32,30,31,31,30,30,37,29,30,37,30,30,32,30,31,31,30,30,37,29,30,37,30,30,43.99,41.00,30.424,0.285,2.7976,sat down ~19:22Z from 45/46C
2810.95,2026-09-28T20:14:01Z,500,32.0000,30.0000,31.0000,31.0000,30.0000,30.0000,37.0000,29.0000,30.0000,37.0000,30.0000,30.0000,32,30,31,31,30,30,37,29,30,37,30,30,32,30,31,31,30,30,37,29,30,37,30,30,44.00,41.00,30.424,0.284,2.7976,sat down ~19:22Z from 45/46C
2811.95,2026-09-28T20:14:02Z,500,32.0000,30.0000,31.0000,31.0000,30.0000,30.0000,37.0000,29.0000,30.0000,37.0000,30.0000,30.0000,32,30,31,31,30,30,37,29,30,37,30,30,32,30,31,31,30,30,37,29,30,37,30,30,43.99,41.00,30.423,0.282,2.7976,sat down ~19:22Z from 45/46C
2812.95,2026-09-28T20:14:03Z,500,32.0000,30.0000,31.0000,31.0000,30.0000,30.0000,37.0000,29.0000,30.0000,37.0000,30.0000,30.0000,32,30,31,31,30,30,37,29,30,37,30,30,32,30,31,31,30,30,37,29,30,37,30,30,44.00,41.00,30.424,0.285,2.7976,sat down ~19:22Z from 45/46C
2813.95,2026-09-28T20:14:04Z,500,32.0000,30.0000,31.0000,31.0000,30.0000,30.0000,37.0000,29.0000,30.0000,37.0000,30.0000,30.0000,32,30,31,31,30,30,37,29,30,37,30,30,32,30,31,31,30,30,37,29,30,37,30,30,43.99,41.00,30.423,0.281,2.7976,sat down ~19:22Z from 45/46C
2814.95,2026-09-28T20:14:05Z,501,32.0000,30.0000,31.0000,31.0000,30.0000,30.0000,37.0000,29.0000,30.0000,37.0000,30.0000,30.0000,32,30,31,31,30,30,37,29,30,37,30,30,32,30,31,31,30,30,37,29,30,37,30,30,43.99,41.00,30.423,0.287,2.7976,sat down ~19:22Z from 45/46C
2815.96,2026-09-28T20:14:06Z,501,32.0000,30.0000,31.0000,31.0000,30.0000,30.0000,37.0000,29.0000,30.0000,37.0000,30.0000,30.0000,32,30,31,31,30,30,37,29,30,37,30,30,32,30,31,31,30,30,37,29,30,37,30,30,44.00,41.00,30.423,0.284,2.7976,sat down ~19:22Z from 45/46C
2816.96,2026-09-28T20:14:07Z,501,32.0000,30.0000,31.0000,31.0000,30.0000,30.0000,37.0000,29.0000,30.0000,37.0000,30.0000,30.0000,32,30,31,31,30,30,37,29,30,37,30,30,32,30,31,31,30,30,37,29,30,37,30,30,43.99,41.00,30.422,0.283,2.7976,sat down ~19:22Z from 45/46C
2817.96,2026-09-28T20:14:08Z,500,32.0000,30.0000,31.0000,31.0000,30.0000,30.0000,37.0000,29.0000,30.0000,37.0000,30.0000,30.0000,32,30,31,31,30,30,37,29,30,37,30,30,32,30,31,31,30,30,37,29,30,37,30,30,44.00,41.00,30.422,0.282,2.7976,sat down ~19:22Z from 45/46C
2818.96,2026-09-28T20:14:09Z,501,32.0000,30.0000,31.0000,31.0000,30.0000,30.0000,37.0000,29.0000,30.0000,37.0000,30.0000,30.0000,32,30,31,31,30,30,37,29,30,37,30,30,32,30,31,31,30,30,37,29,30,37,30,30,43.99,41.00,30.422,0.281,2.7976,sat down ~19:22Z from 45/46C
2819.96,2026-09-28T20:14:10Z,500,32.0000,30.0000,31.0000,31.0000,30.0000,30.0000,37.0000,29.0000,30.0000,37.0000,30.0000,30.0000,32,30,31,31,30,30,37,29,30,37,30,30,32,30,31,31,30,30,37,29,30,37,30,30,43.99,41.00,30.422,0.282,2.7976,sat down ~19:22Z from 45/46C
2820.96,2026-09-28T20:14:11Z,501,32.0000,30.0000,31.0000,31.0000,30.0000,30.0000,37.0000,29.0000,30.0000,37.0000,30.0000,30.0000,32,30,31,31,30,30,37,29,30,37,30,30,32,30,31,31,30,30,37,29,30,37,30,30,44.00,41.00,30.421,0.280,2.7976,sat down ~19:22Z from 45/46C
2821.96,2026-09-28T20:14:12Z,501,32.0000,30.0000,31.0000,31.0000,30.0000,30.0000,37.0000,29.0000,30.0000,37.0000,30.0000,30.0000,32,30,31,31,30,30,37,29,30,37,30,30,32,30,31,31,30,30,37,29,30,37,30,30,43.99,41.00,30.422,0.283,2.7976,sat down ~19:22Z from 45/46C
2822.96,2026-09-28T20:14:13Z,500,32.0000,30.0000,31.0000,31.0000,30.0000,30.0000,37.0000,29.0000,30.0000,37.0000,30.0000,30.0000,32,30,31,31,30,30,37,29,30,37,30,30,32,30,31,31,30,30,37,29,30,37,30,30,44.00,41.00,30.421,0.279,2.7976,sat down ~19:22Z from 45/46C
2823.97,2026-09-28T20:14:14Z,501,32.0000,30.0000,31.0000,31.0000,30.0000,30.0000,37.0000,29.0000,30.0000,37.0000,30.0000,30.0000,32,30,31,31,30,30,37,29,30,37,30,30,32,30,31,31,30,30,37,29,30,37,30,30,43.99,41.00,30.420,0.281,2.7976,sat down ~19:22Z from 45/46C
2824.97,2026-09-28T20:14:15Z,500,32.0000,30.0000,31.0000,31.0000,30.0000,30.0000,37.0000,29.0000,30.0000,37.0000,30.0000,30.0000,32,30,31,31,30,30,37,29,30,37,30,30,32,30,31,31,30,30,37,29,30,37,30,30,43.99,41.00,30.421,0.284,2.7976,sat down ~19:22Z from 45/46C
2825.97,2026-09-28T20:14:16Z,501,32.0000,30.0000,31.0000,31.0000,30.0000,30.0000,37.0000,29.0000,30.0000,37.0000,30.0000,30.0000,32,30,31,31,30,30,37,29,30,37,30,30,32,30,31,31,30,30,37,29,30,37,30,30,43.99,41.00,30.420,0.279,2.7976,sat down ~19:22Z from 45/46C
2826.97,2026-09-28T20:14:17Z,501,32.0000,30.0000,31.0000,31.0000,30.0000,30.0000,37.0000,29.0000,30.0000,37.0000,30.0000,30.0000,32,30,31,31,30,30,37,29,30,37,30,30,32,30,31,31,30,30,37,29,30,37,30,30,43.99,41.00,30.420,0.279,2.7976,sat down ~19:22Z from 45/46C
2827.97,2026-09-28T20:14:18Z,500,32.0000,30.0000,31.0000,31.0000,30.0000,30.0000,37.0000,29.0000,30.0000,37.0000,30.0000,30.0000,32,30,31,31,30,30,37,29,30,37,30,30,32,30,31,31,30,30,37,29,30,37,30,30,43.99,41.00,30.420,0.284,2.7976,sat down ~19:22Z from 45/46C
2828.97,2026-09-28T20:14:19Z,501,32.0000,30.0000,31.0000,31.0000,30.0000,30.0000,37.0000,29.0000,30.0000,37.0000,30.0000,30.0000,32,30,31,31,30,30,37,29,30,37,30,30,32,30,31,31,30,30,37,29,30,37,30,30,44.00,41.00,30.420,0.282,2.7976,sat down ~19:22Z from 45/46C
2829.97,2026-09-28T20:14:20Z,500,32.0000,30.0000,31.0000,31.0000,30.0000,30.0000,37.0000,29.0000,30.0000,37.0000,30.0000,30.0000,32,30,31,31,30,30,37,29,30,37,30,30,32,30,31,31,30,30,37,29,30,37,30,30,43.99,41.00,30.420,0.282,2.7976,sat down ~19:22Z from 45/46C
2830.97,2026-09-28T20:14:21Z,501,32.0000,30.0000,31.0000,31.0000,30.0000,30.0000,37.0000,29.0000,30.0000,37.0000,30.0000,30.0000,32,30,31,31,30,30,37,29,30,37,30,30,32,30,31,31,30,30,37,29,30,37,30,30,44.00,41.00,30.420,0.282,2.7976,sat down ~19:22Z from 45/46C
2831.98,2026-09-28T20:14:22Z,500,32.0000,30.0000,31.0000,31.0000,30.0000,30.0000,37.0000,29.0000,30.0000,37.0000,30.0000,30.0000,32,30,31,31,30,30,37,29,30,37,30,30,32,30,31,31,30,30,37,29,30,37,30,30,43.99,41.00,30.420,0.283,2.7976,sat down ~19:22Z from 45/46C
2832.98,2026-09-28T20:14:23Z,501,32.0000,30.0000,31.0000,31.0000,30.0000,30.0000,37.0000,29.0000,30.0000,37.0000,30.0000,30.0000,32,30,31,31,30,30,37,29,30,37,30,30,32,30,31,31,30,30,37,29,30,37,30,30,44.00,41.00,30.419,0.281,2.7976,sat down ~19:22Z from 45/46C
2833.98,2026-09-28T20:14:24Z,500,32.0000,30.0000,31.0000,31.0000,30.0000,30.0000,37.0000,29.0000,30.0000,37.0000,30.0000,30.0000,32,30,31,31,30,30,37,29,30,37,30,30,32,30,31,31,30,30,37,29,30,37,30,30,43.99,41.00,30.419,0.285,2.7976,sat down ~19:22Z from 45/46C
2834.98,2026-09-28T20:14:25Z,501,32.0000,30.0000,31.0000,31.0000,30.0000,30.0000,37.0000,29.0000,30.0000,37.0000,30.0000,30.0000,32,30,31,31,30,30,37,29,30,37,30,30,32,30,31,31,30,30,37,29,30,37,30,30,43.99,41.00,30.419,0.283,2.7976,sat down ~19:22Z from 45/46C
2835.98,2026-09-28T20:14:26Z,501,32.0000,30.0000,31.0000,31.0000,30.0000,30.0000,37.0000,29.0000,30.0000,37.0000,30.0000,30.0000,32,30,31,31,30,30,37,29,30,37,30,30,32,30,31,31,30,30,37,29,30,37,30,30,44.00,41.00,30.418,0.282,2.7976,sat down ~19:22Z from 45/46C
2836.98,2026-09-28T20:14:27Z,500,32.0000,30.0000,31.0000,31.0000,30.0000,30.0000,37.0000,29.0000,30.0000,37.0000,30.0000,30.0000,32,30,31,31,30,30,37,29,30,37,30,30,32,30,31,31,30,30,37,29,30,37,30,30,43.99,41.00,30.418,0.279,2.7976,sat down ~19:22Z from 45/46C
2837.98,2026-09-28T20:14:28Z,500,32.0000,30.0000,31.0000,31.0000,30.0000,30.0000,37.0000,29.0000,30.0000,37.0000,30.0000,30.0000,32,30,31,31,30,30,37,29,30,37,30,30,32,30,31,31,30,30,37,29,30,37,30,30,43.99,41.00,30.419,0.283,2.7976,sat down ~19:22Z from 45/46C
2838.98,2026-09-28T20:14:29Z,501,32.0000,30.0000,31.0000,31.0000,30.0000,30.0000,37.0000,29.0000,30.0000,37.0000,30.0000,30.0000,32,30,31,31,30,30,37,29,30,37,30,30,32,30,31,31,30,30,37,29,30,37,30,30,44.00,41.00,30.418,0.283,2.7976,sat down ~19:22Z from 45/46C
2839.98,2026-09-28T20:14:30Z,501,32.0000,30.0000,31.0000,31.0000,30.0000,30.0000,37.0000,29.0000,30.0000,37.0000,30.0000,30.0000,32,30,31,31,30,30,37,29,30,37,30,30,32,30,31,31,30,30,37,29,30,37,30,30,43.99,41.00,30.418,0.283,2.7976,sat down ~19:22Z from 45/46C
2840.99,2026-09-28T20:14:31Z,500,32.0000,30.0000,31.0000,31.0000,30.0000,30.0000,37.0000,29.0000,30.0000,37.0000,30.0000,30.0000,32,30,31,31,30,30,37,29,30,37,30,30,32,30,31,31,30,30,37,29,30,37,30,30,44.00,41.00,30.418,0.282,2.7976,sat down ~19:22Z from 45/46C
2841.99,2026-09-28T20:14:32Z,500,32.0000,30.0000,31.0000,31.0000,30.0000,30.0000,37.0000,29.0000,30.0000,37.0000,30.0000,30.0000,32,30,31,31,30,30,37,29,30,37,30,30,32,30,31,31,30,30,37,29,30,37,30,30,43.99,41.00,30.417,0.283,2.7976,sat down ~19:22Z from 45/46C
2842.99,2026-09-28T20:14:33Z,500,32.0000,30.0000,31.0000,31.0000,30.0000,30.0000,37.0000,29.0000,30.0000,37.0000,30.0000,30.0000,32,30,31,31,30,30,37,29,30,37,30,30,32,30,31,31,30,30,37,29,30,37,30,30,43.99,41.00,30.417,0.280,2.7976,sat down ~19:22Z from 45/46C
2843.99,2026-09-28T20:14:34Z,501,32.0000,30.0000,31.0000,31.0000,30.0000,30.0000,37.0000,29.0000,30.0000,37.0000,30.0000,30.0000,32,30,31,31,30,30,37,29,30,37,30,30,32,30,31,31,30,30,37,29,30,37,30,30,44.00,41.00,30.417,0.284,2.7976,sat down ~19:22Z from 45/46C
2844.99,2026-09-28T20:14:35Z,501,32.0000,30.0000,31.0000,31.0000,30.0000,30.0000,37.0000,29.0000,30.0000,37.0000,30.0000,30.0000,32,30,31,31,30,30,37,29,30,37,30,30,32,30,31,31,30,30,37,29,30,37,30,30,44.00,41.00,30.417,0.283,2.7976,sat down ~19:22Z from 45/46C
2845.99,2026-09-28T20:14:36Z,501,32.0000,30.0000,31.0000,31.0000,30.0000,30.0000,37.0000,29.0000,30.0000,37.0000,30.0000,30.0000,32,30,31,31,30,30,37,29,30,37,30,30,32,30,31,31,30,30,37,29,30,37,30,30,44.00,41.00,30.416,0.282,2.7976,sat down ~19:22Z from 45/46C
2846.99,2026-09-28T20:14:37Z,501,32.0000,30.0000,31.0000,31.0000,30.0000,30.0000,37.0000,29.0000,30.0000,37.0000,30.0000,30.0000,32,30,31,31,30,30,37,29,30,37,30,30,32,30,31,31,30,30,37,29,30,37,30,30,43.99,41.00,30.415,0.284,2.7976,sat down ~19:22Z from 45/46C
2848.00,2026-09-28T20:14:39Z,501,32.0000,30.0000,31.0000,31.0000,30.0000,30.0000,37.0000,29.0000,30.0000,37.0000,30.0000,30.0000,32,30,31,31,30,30,37,29,30,37,30,30,32,30,31,31,30,30,37,29,30,37,30,30,43.99,41.00,30.415,0.283,2.7976,sat down ~19:22Z from 45/46C
2849.00,2026-09-28T20:14:40Z,501,32.0000,30.0000,31.0000,31.0000,30.0000,30.0000,37.0000,29.0000,30.0000,37.0000,30.0000,30.0000,32,30,31,31,30,30,37,29,30,37,30,30,32,30,31,31,30,30,37,29,30,37,30,30,44.00,41.00,30.416,0.280,2.7976,sat down ~19:22Z from 45/46C
2850.00,2026-09-28T20:14:41Z,500,32.0000,30.0000,31.0000,31.0000,30.0000,30.0000,37.0000,29.0000,30.0000,37.0000,30.0000,30.0000,32,30,31,31,30,30,37,29,30,37,30,30,32,30,31,31,30,30,37,29,30,37,30,30,43.99,41.00,30.415,0.285,2.7976,sat down ~19:22Z from 45/46C
2851.00,2026-09-28T20:14:42Z,501,32.0000,30.0000,31.0000,31.0000,30.0000,30.0000,37.0000,29.0000,30.0000,37.0000,30.0000,30.0000,32,30,31,31,30,30,37,29,30,37,30,30,32,30,31,31,30,30,37,29,30,37,30,30,44.00,41.00,30.415,0.280,2.7976,sat down ~19:22Z from 45/46C
2852.00,2026-09-28T20:14:43Z,500,32.0000,30.0000,31.0000,31.0000,30.0000,30.0000,37.0000,29.0000,30.0000,37.0000,30.0000,30.0000,32,30,31,31,30,30,37,29,30,37,30,30,32,30,31,31,30,30,37,29,30,37,30,30,43.98,40.99,30.415,0.278,2.7976,sat down ~19:22Z from 45/46C
2853.00,2026-09-28T20:14:44Z,501,32.0000,30.0000,31.0000,31.0000,30.0000,30.0000,37.0000,29.0000,30.0000,37.0000,30.0000,30.0000,32,30,31,31,30,30,37,29,30,37,30,30,32,30,31,31,30,30,37,29,30,37,30,30,43.99,41.00,30.414,0.281,2.7976,sat down ~19:22Z from 45/46C
2854.00,2026-09-28T20:14:45Z,500,32.0000,30.0000,31.0000,31.0000,30.0000,30.0000,37.0000,29.0000,30.0000,37.0000,30.0000,30.0000,32,30,31,31,30,30,37,29,30,37,30,30,32,30,31,31,30,30,37,29,30,37,30,30,44.00,41.00,30.415,0.285,2.7976,sat down ~19:22Z from 45/46C
2855.00,2026-09-28T20:14:46Z,501,32.0000,30.0000,31.0000,31.0000,30.0000,30.0000,37.0000,29.0000,30.0000,37.0000,30.0000,30.0000,32,30,31,31,30,30,37,29,30,37,30,30,32,30,31,31,30,30,37,29,30,37,30,30,43.99,41.00,30.414,0.282,2.7976,sat down ~19:22Z from 45/46C
2856.00,2026-09-28T20:14:47Z,500,32.0000,30.0000,31.0000,31.0000,30.0000,30.0000,37.0000,29.0000,30.0000,37.0000,30.0000,30.0000,32,30,31,31,30,30,37,29,30,37,30,30,32,30,31,31,30,30,37,29,30,37,30,30,44.00,41.00,30.414,0.284,2.7976,sat down ~19:22Z from 45/46C
2857.01,2026-09-28T20:14:48Z,501,32.0000,30.0000,31.0000,31.0000,30.0000,30.0000,37.0000,29.0000,30.0000,37.0000,30.0000,30.0000,32,30,31,31,30,30,37,29,30,37,30,30,32,30,31,31,30,30,37,29,30,37,30,30,43.99,41.00,30.414,0.287,2.7976,sat down ~19:22Z from 45/46C
2858.01,2026-09-28T20:14:49Z,501,32.0000,30.0000,31.0000,31.0000,30.0000,30.0000,37.0000,29.0000,30.0000,37.0000,30.0000,30.0000,32,30,31,31,30,30,37,29,30,37,30,30,32,30,31,31,30,30,37,29,30,37,30,30,43.99,41.00,30.413,0.284,2.7976,sat down ~19:22Z from 45/46C
2859.01,2026-09-28T20:14:50Z,500,32.0000,30.0000,31.0000,31.0000,30.0000,30.0000,37.0000,29.0000,30.0000,37.0000,30.0000,30.0000,32,30,31,31,30,30,37,29,30,37,30,30,32,30,31,31,30,30,37,29,30,37,30,30,44.00,41.00,30.413,0.284,2.7976,sat down ~19:22Z from 45/46C
2860.01,2026-09-28T20:14:51Z,500,32.0000,30.0000,31.0000,31.0000,30.0000,30.0000,37.0000,29.0000,30.0000,37.0000,29.9920,30.0000,32,30,31,31,30,30,37,29,30,37,29,30,32,30,31,31,30,30,37,29,30,37,30,30,43.99,41.00,30.413,0.281,2.7976,sat down ~19:22Z from 45/46C
2861.01,2026-09-28T20:14:52Z,501,32.0000,30.0000,31.0000,31.0000,30.0000,30.0000,37.0000,29.0000,30.0000,37.0000,30.0000,30.0000,32,30,31,31,30,30,37,29,30,37,30,30,32,30,31,31,30,30,37,29,30,37,30,30,43.99,41.00,30.413,0.280,2.7976,sat down ~19:22Z from 45/46C
2862.01,2026-09-28T20:14:53Z,500,32.0000,30.0000,31.0000,31.0000,30.0000,30.0000,37.0000,29.0000,30.0000,37.0000,30.0000,30.0000,32,30,31,31,30,30,37,29,30,37,30,30,32,30,31,31,30,30,37,29,30,37,30,30,44.00,41.00,30.412,0.285,2.7976,sat down ~19:22Z from 45/46C
2863.01,2026-09-28T20:14:54Z,500,32.0000,30.0000,31.0000,31.0000,30.0000,30.0000,37.0000,29.0000,30.0000,37.0000,30.0000,30.0000,32,30,31,31,30,30,37,29,30,37,30,30,32,30,31,31,30,30,37,29,30,37,30,30,43.99,41.00,30.412,0.284,2.7976,sat down ~19:22Z from 45/46C
2864.01,2026-09-28T20:14:55Z,499,32.0000,30.0000,31.0000,31.0000,30.0000,30.0000,37.0000,29.0000,30.0000,37.0000,30.0000,30.0000,32,30,31,31,30,30,37,29,30,37,30,30,32,30,31,31,30,30,37,29,30,37,30,30,44.00,41.00,30.412,0.283,2.7976,sat down ~19:22Z from 45/46C
2865.01,2026-09-28T20:14:56Z,499,32.0000,30.0000,31.0000,31.0000,30.0000,30.0000,37.0000,29.0000,30.0000,37.0000,30.0000,30.0000,32,30,31,31,30,30,37,29,30,37,30,30,32,30,31,31,30,30,37,29,30,37,30,30,43.99,41.00,30.411,0.286,2.7976,sat down ~19:22Z from 45/46C
2866.01,2026-09-28T20:14:57Z,501,32.0000,30.0000,31.0000,31.0000,30.0000,30.0000,37.0000,29.0000,30.0000,37.0000,30.0000,30.0000,32,30,31,31,30,30,37,29,30,37,30,30,32,30,31,31,30,30,37,29,30,37,30,30,43.99,41.00,30.411,0.284,2.7976,sat down ~19:22Z from 45/46C
2867.01,2026-09-28T20:14:58Z,500,32.0000,30.0000,31.0000,31.0000,30.0000,30.0000,37.0000,29.0000,30.0000,37.0000,30.0000,30.0000,32,30,31,31,30,30,37,29,30,37,30,30,32,30,31,31,30,30,37,29,30,37,30,30,44.00,41.00,30.411,0.281,2.7976,sat down ~19:22Z from 45/46C
2868.02,2026-09-28T20:14:59Z,501,32.0000,30.0000,31.0000,31.0000,30.0000,30.0000,37.0000,29.0000,30.0000,37.0000,30.0000,30.0000,32,30,31,31,30,30,37,29,30,37,30,30,32,30,31,31,30,30,37,29,30,37,30,30,43.99,41.00,30.411,0.281,2.7976,sat down ~19:22Z from 45/46C
2869.02,2026-09-28T20:15:00Z,500,32.0000,30.0000,31.0000,31.0000,30.0000,30.0000,37.0000,29.0000,30.0000,37.0000,30.0000,30.0000,32,30,31,31,30,30,37,29,30,37,30,30,32,30,31,31,30,30,37,29,30,37,30,30,44.00,41.00,30.411,0.282,2.7976,sat down ~19:22Z from 45/46C
2870.02,2026-09-28T20:15:01Z,500,32.0000,30.0000,31.0000,31.0000,30.0000,30.0000,37.0000,29.0000,30.0000,37.0000,30.0000,30.0000,32,30,31,31,30,30,37,29,30,37,30,30,32,30,31,31,30,30,37,29,30,37,30,30,43.99,41.00,30.410,0.284,2.7976,sat down ~19:22Z from 45/46C
2871.02,2026-09-28T20:15:02Z,499,32.0000,30.0000,31.0000,31.0000,30.0000,30.0000,37.0000,29.0000,30.0000,37.0000,30.0000,30.0000,32,30,31,31,30,30,37,29,30,37,30,30,32,30,31,31,30,30,37,29,30,37,30,30,43.99,41.00,30.411,0.284,2.7976,sat down ~19:22Z from 45/46C
2872.02,2026-09-28T20:15:03Z,500,32.0000,30.0000,31.0000,31.0000,30.0000,30.0000,37.0000,29.0000,30.0000,37.0000,30.0000,30.0000,32,30,31,31,30,30,37,29,30,37,30,30,32,30,31,31,30,30,37,29,30,37,30,30,44.00,41.00,30.411,0.283,2.7976,sat down ~19:22Z from 45/46C
2873.02,2026-09-28T20:15:04Z,500,32.0000,30.0000,31.0000,31.0000,30.0000,30.0000,37.0000,29.0000,30.0000,37.0000,30.0000,30.0000,32,30,31,31,30,30,37,29,30,37,30,30,32,30,31,31,30,30,37,29,30,37,30,30,43.99,41.00,30.410,0.283,2.7976,sat down ~19:22Z from 45/46C
2874.02,2026-09-28T20:15:05Z,501,32.0000,30.0000,31.0000,31.0000,30.0000,30.0000,37.0000,29.0000,30.0000,37.0000,30.0000,30.0000,32,30,31,31,30,30,37,29,30,37,30,30,32,30,31,31,30,30,37,29,30,37,30,30,44.00,41.00,30.410,0.282,2.7976,sat down ~19:22Z from 45/46C
2875.02,2026-09-28T20:15:06Z,500,32.0000,30.0000,31.0000,31.0000,30.0000,30.0000,37.0000,29.0000,30.0000,37.0000,30.0000,30.0000,32,30,31,31,30,30,37,29,30,37,30,30,32,30,31,31,30,30,37,29,30,37,30,30,43.99,41.00,30.410,0.282,2.7976,sat down ~19:22Z from 45/46C
2876.02,2026-09-28T20:15:07Z,500,32.0000,30.0000,31.0000,31.0000,30.0000,30.0000,37.0000,29.0000,30.0000,37.0000,30.0000,30.0000,32,30,31,31,30,30,37,29,30,37,30,30,32,30,31,31,30,30,37,29,30,37,30,30,43.99,41.00,30.409,0.285,2.7976,sat down ~19:22Z from 45/46C
2877.02,2026-09-28T20:15:08Z,500,32.0000,30.0000,31.0000,31.0000,30.0000,30.0000,37.0000,29.0000,30.0000,37.0000,30.0000,30.0000,32,30,31,31,30,30,37,29,30,37,30,30,32,30,31,31,30,30,37,29,30,37,30,30,44.00,41.00,30.408,0.284,2.7976,sat down ~19:22Z from 45/46C
2878.02,2026-09-28T20:15:09Z,501,32.0000,30.0000,31.0000,31.0000,30.0000,30.0000,37.0000,29.0000,30.0000,37.0000,30.0000,30.0000,32,30,31,31,30,30,37,29,30,37,30,30,32,30,31,31,30,30,37,29,30,37,30,30,43.99,41.00,30.408,0.288,2.7976,sat down ~19:22Z from 45/46C
2879.02,2026-09-28T20:15:10Z,501,32.0000,30.0000,31.0000,31.0000,30.0000,30.0000,37.0000,29.0000,30.0000,37.0000,29.9920,30.0000,32,30,31,31,30,30,37,29,30,37,29,30,32,30,31,31,30,30,37,29,30,37,30,30,44.00,41.00,30.409,0.290,2.7976,sat down ~19:22Z from 45/46C
2880.02,2026-09-28T20:15:11Z,501,32.0000,30.0000,31.0000,31.0000,30.0000,30.0000,37.0000,29.0000,30.0000,37.0000,30.0000,30.0000,32,30,31,31,30,30,37,29,30,37,30,30,32,30,31,31,30,30,37,29,30,37,30,30,43.99,41.00,30.408,0.289,2.7976,sat down ~19:22Z from 45/46C
2881.03,2026-09-28T20:15:12Z,500,32.0000,30.0000,31.0000,31.0000,30.0000,30.0000,37.0000,29.0000,30.0000,37.0000,30.0000,30.0000,32,30,31,31,30,30,37,29,30,37,30,30,32,30,31,31,30,30,37,29,30,37,30,30,43.99,41.00,30.408,0.288,2.7976,sat down ~19:22Z from 45/46C
2882.03,2026-09-28T20:15:13Z,500,32.0000,30.0000,31.0000,31.0000,30.0000,30.0000,37.0000,29.0000,30.0000,37.0000,30.0000,30.0000,32,30,31,31,30,30,37,29,30,37,30,30,32,30,31,31,30,30,37,29,30,37,30,30,44.00,41.00,30.407,0.288,2.7976,sat down ~19:22Z from 45/46C
2883.03,2026-09-28T20:15:14Z,501,32.0000,30.0000,31.0000,31.0000,30.0000,30.0000,37.0000,29.0000,30.0000,37.0000,30.0000,30.0000,32,30,31,31,30,30,37,29,30,37,30,30,32,30,31,31,30,30,37,29,30,37,30,30,44.00,41.00,30.407,0.291,2.7976,sat down ~19:22Z from 45/46C
2884.03,2026-09-28T20:15:15Z,500,32.0000,30.0000,31.0000,31.0000,30.0000,30.0000,37.0000,29.0000,30.0000,37.0000,30.0000,30.0000,32,30,31,31,30,30,37,29,30,37,30,30,32,30,31,31,30,30,37,29,30,37,30,30,44.00,41.00,30.406,0.287,2.7976,sat down ~19:22Z from 45/46C
2885.03,2026-09-28T20:15:16Z,501,32.0000,30.0000,31.0000,31.0000,30.0000,30.0000,37.0000,29.0000,30.0000,37.0000,30.0000,30.0000,32,30,31,31,30,30,37,29,30,37,30,30,32,30,31,31,30,30,37,29,30,37,30,30,44.00,41.00,30.407,0.289,2.7976,sat down ~19:22Z from 45/46C
2886.03,2026-09-28T20:15:17Z,500,32.0000,30.0000,31.0000,31.0000,30.0000,30.0000,37.0000,29.0000,30.0000,37.0000,30.0000,30.0000,32,30,31,31,30,30,37,29,30,37,30,30,32,30,31,31,30,30,37,29,30,37,30,30,43.99,41.00,30.406,0.287,2.7976,sat down ~19:22Z from 45/46C
2887.03,2026-09-28T20:15:18Z,500,32.0000,30.0000,31.0000,31.0000,30.0000,30.0000,37.0000,29.0000,30.0000,37.0000,30.0000,30.0000,32,30,31,31,30,30,37,29,30,37,30,30,32,30,31,31,30,30,37,29,30,37,30,30,44.00,41.00,30.406,0.284,2.7976,sat down ~19:22Z from 45/46C
2888.03,2026-09-28T20:15:19Z,501,32.0000,30.0000,31.0000,31.0000,30.0000,30.0000,37.0000,29.0000,30.0000,37.0000,30.0000,30.0000,32,30,31,31,30,30,37,29,30,37,30,30,32,30,31,31,30,30,37,29,30,37,30,30,43.96,40.96,30.406,0.288,2.7976,sat down ~19:22Z from 45/46C
2889.03,2026-09-28T20:15:20Z,500,32.0000,30.0000,31.0000,31.0000,30.0000,30.0000,37.0000,29.0000,30.0000,37.0000,30.0000,30.0000,32,30,31,31,30,30,37,29,30,37,30,30,32,30,31,31,30,30,37,29,30,37,30,30,44.00,41.00,30.406,0.288,2.7976,sat down ~19:22Z from 45/46C
2890.03,2026-09-28T20:15:21Z,500,32.0000,30.0000,31.0000,31.0000,30.0000,30.0000,37.0000,29.0000,30.0000,37.0000,30.0000,30.0000,32,30,31,31,30,30,37,29,30,37,30,30,32,30,31,31,30,30,37,29,30,37,30,30,44.00,41.00,30.406,0.290,2.7976,sat down ~19:22Z from 45/46C
2891.03,2026-09-28T20:15:22Z,500,32.0000,30.0000,31.0000,31.0000,30.0000,30.0000,37.0000,29.0000,30.0000,37.0000,30.0000,30.0000,32,30,31,31,30,30,37,29,30,37,30,30,32,30,31,31,30,30,37,29,30,37,30,30,43.99,41.00,30.406,0.290,2.7976,sat down ~19:22Z from 45/46C
2892.03,2026-09-28T20:15:23Z,501,32.0000,30.0000,31.0000,31.0000,30.0000,30.0000,37.0000,29.0000,30.0000,37.0000,30.0000,30.0000,32,30,31,31,30,30,37,29,30,37,30,30,32,30,31,31,30,30,37,29,30,37,30,30,43.99,41.00,30.405,0.289,2.7976,sat down ~19:22Z from 45/46C
2893.04,2026-09-28T20:15:24Z,501,32.0000,30.0000,31.0000,31.0000,30.0000,30.0000,37.0000,29.0000,30.0000,37.0000,30.0000,30.0000,32,30,31,31,30,30,37,29,30,37,30,30,32,30,31,31,30,30,37,29,30,37,30,30,44.00,41.00,30.405,0.288,2.7976,sat down ~19:22Z from 45/46C
2894.04,2026-09-28T20:15:25Z,501,32.0000,30.0000,31.0000,31.0000,30.0000,30.0000,37.0000,29.0000,30.0000,37.0000,30.0000,30.0000,32,30,31,31,30,30,37,29,30,37,30,30,32,30,31,31,30,30,37,29,30,37,30,30,44.00,41.00,30.405,0.287,2.7976,sat down ~19:22Z from 45/46C
2895.04,2026-09-28T20:15:26Z,500,32.0000,30.0000,31.0000,31.0000,30.0000,30.0000,37.0000,29.0000,30.0000,37.0000,30.0000,30.0000,32,30,31,31,30,30,37,29,30,37,30,30,32,30,31,31,30,30,37,29,30,37,30,30,43.99,41.00,30.404,0.288,2.7976,sat down ~19:22Z from 45/46C
2896.04,2026-09-28T20:15:27Z,500,32.0000,30.0000,31.0000,31.0000,30.0000,30.0000,37.0000,29.0000,30.0000,37.0000,30.0000,30.0000,32,30,31,31,30,30,37,29,30,37,30,30,32,30,31,31,30,30,37,29,30,37,30,30,44.00,41.00,30.404,0.287,2.7976,sat down ~19:22Z from 45/46C
2897.04,2026-09-28T20:15:28Z,500,32.0000,30.0000,31.0000,31.0000,30.0000,30.0000,37.0000,29.0000,30.0000,37.0000,30.0000,30.0000,32,30,31,31,30,30,37,29,30,37,30,30,32,30,31,31,30,30,37,29,30,37,30,30,44.00,41.00,30.404,0.286,2.7976,sat down ~19:22Z from 45/46C
2898.04,2026-09-28T20:15:29Z,501,32.0000,30.0000,31.0000,31.0000,30.0000,30.0000,37.0000,29.0000,30.0000,37.0000,30.0000,30.0000,32,30,31,31,30,30,37,29,30,37,30,30,32,30,31,31,30,30,37,29,30,37,30,30,43.99,41.00,30.404,0.287,2.7976,sat down ~19:22Z from 45/46C
2899.04,2026-09-28T20:15:30Z,501,32.0000,30.0000,31.0000,31.0000,30.0000,30.0000,37.0000,29.0000,30.0000,37.0000,30.0000,30.0000,32,30,31,31,30,30,37,29,30,37,30,30,32,30,31,31,30,30,37,29,30,37,30,30,43.99,41.00,30.404,0.286,2.7976,sat down ~19:22Z from 45/46C
2900.04,2026-09-28T20:15:31Z,500,32.0000,30.0000,31.0000,31.0000,30.0000,30.0000,37.0000,29.0000,30.0000,37.0000,30.0000,30.0000,32,30,31,31,30,30,37,29,30,37,30,30,32,30,31,31,30,30,37,29,30,37,30,30,44.00,41.00,30.403,0.283,2.7976,sat down ~19:22Z from 45/46C
2901.04,2026-09-28T20:15:32Z,500,32.0000,30.0000,31.0000,31.0000,30.0000,30.0000,37.0000,29.0000,30.0000,37.0000,29.9920,30.0000,32,30,31,31,30,30,37,29,30,37,29,30,32,30,31,31,30,30,37,29,30,37,30,30,43.99,41.00,30.403,0.287,2.7976,sat down ~19:22Z from 45/46C
2902.04,2026-09-28T20:15:33Z,501,32.0000,30.0000,31.0000,31.0000,30.0000,30.0000,37.0000,29.0000,30.0000,37.0000,30.0000,30.0000,32,30,31,31,30,30,37,29,30,37,30,30,32,30,31,31,30,30,37,29,30,37,30,30,43.99,41.00,30.403,0.286,2.7976,sat down ~19:22Z from 45/46C
2903.04,2026-09-28T20:15:34Z,500,32.0000,30.0000,31.0000,31.0000,30.0000,30.0000,37.0000,29.0000,30.0000,37.0000,29.9940,30.0000,32,30,31,31,30,30,37,29,30,37,29,30,32,30,31,31,30,30,37,29,30,37,30,30,43.99,41.00,30.403,0.285,2.7976,sat down ~19:22Z from 45/46C
2904.05,2026-09-28T20:15:35Z,501,32.0000,30.0000,31.0000,31.0000,30.0000,30.0000,37.0000,29.0000,30.0000,37.0000,30.0000,30.0000,32,30,31,31,30,30,37,29,30,37,30,30,32,30,31,31,30,30,37,29,30,37,30,30,44.00,41.00,30.402,0.283,2.7976,sat down ~19:22Z from 45/46C
2905.05,2026-09-28T20:15:36Z,500,32.0000,30.0000,31.0000,31.0000,30.0000,30.0000,37.0000,29.0000,30.0000,37.0000,30.0000,30.0000,32,30,31,31,30,30,37,29,30,37,30,30,32,30,31,31,30,30,37,29,30,37,30,30,44.00,41.00,30.403,0.282,2.7976,sat down ~19:22Z from 45/46C
2906.05,2026-09-28T20:15:37Z,499,32.0000,30.0000,31.0000,31.0000,30.0000,30.0000,37.0000,29.0000,30.0000,37.0000,30.0000,30.0000,32,30,31,31,30,30,37,29,30,37,30,30,32,30,31,31,30,30,37,29,30,37,30,30,44.00,41.00,30.402,0.284,2.7976,sat down ~19:22Z from 45/46C
2907.05,2026-09-28T20:15:38Z,499,32.0000,30.0000,31.0000,31.0000,30.0000,30.0000,37.0000,29.0000,30.0000,37.0000,30.0000,30.0000,32,30,31,31,30,30,37,29,30,37,30,30,32,30,31,31,30,30,37,29,30,37,30,30,44.00,41.00,30.402,0.284,2.7976,sat down ~19:22Z from 45/46C
2908.05,2026-09-28T20:15:39Z,501,32.0000,30.0000,31.0000,31.0000,30.0000,30.0000,37.0000,29.0000,30.0000,37.0000,29.9920,30.0000,32,30,31,31,30,30,37,29,30,37,29,30,32,30,31,31,30,30,37,29,30,37,30,30,43.99,41.00,30.401,0.282,2.7976,sat down ~19:22Z from 45/46C
2909.05,2026-09-28T20:15:40Z,499,32.0000,30.0000,31.0000,31.0000,30.0000,30.0000,37.0000,29.0000,30.0000,37.0000,30.0000,30.0000,32,30,31,31,30,30,37,29,30,37,30,30,32,30,31,31,30,30,37,29,30,37,30,30,43.99,41.00,30.401,0.284,2.7976,sat down ~19:22Z from 45/46C
2910.05,2026-09-28T20:15:41Z,501,32.0000,30.0000,31.0000,31.0000,30.0000,30.0000,37.0000,29.0000,30.0000,37.0000,30.0000,30.0000,32,30,31,31,30,30,37,29,30,37,30,30,32,30,31,31,30,30,37,29,30,37,30,30,44.00,41.00,30.401,0.281,2.7976,sat down ~19:22Z from 45/46C
2911.05,2026-09-28T20:15:42Z,500,32.0000,30.0000,31.0000,31.0000,30.0000,30.0000,37.0000,29.0000,30.0000,37.0000,30.0000,30.0000,32,30,31,31,30,30,37,29,30,37,30,30,32,30,31,31,30,30,37,29,30,37,30,30,43.99,41.00,30.400,0.283,2.7976,sat down ~19:22Z from 45/46C
2912.05,2026-09-28T20:15:43Z,501,32.0000,30.0000,31.0000,31.0000,30.0000,30.0000,37.0000,29.0000,30.0000,37.0000,29.9880,30.0000,32,30,31,31,30,30,37,29,30,37,29,30,32,30,31,31,30,30,37,29,30,37,30,30,44.00,41.00,30.401,0.282,2.7976,sat down ~19:22Z from 45/46C
2913.05,2026-09-28T20:15:44Z,500,32.0000,30.0000,31.0000,31.0000,30.0000,30.0000,37.0000,29.0000,30.0000,37.0000,29.9840,30.0000,32,30,31,31,30,30,37,29,30,37,29,30,32,30,31,31,30,30,37,29,30,37,30,30,44.00,41.00,30.401,0.284,2.7976,sat down ~19:22Z from 45/46C
2914.05,2026-09-28T20:15:45Z,500,32.0000,30.0000,31.0000,31.0000,30.0000,30.0000,37.0000,29.0000,30.0000,37.0000,29.9860,30.0000,32,30,31,31,30,30,37,29,30,37,29,30,32,30,31,31,30,30,37,29,30,37,30,30,44.00,41.00,30.400,0.282,2.7976,sat down ~19:22Z from 45/46C
2915.06,2026-09-28T20:15:46Z,501,32.0000,30.0000,31.0000,31.0000,30.0000,30.0000,37.0000,29.0000,30.0000,37.0000,30.0000,30.0000,32,30,31,31,30,30,37,29,30,37,30,30,32,30,31,31,30,30,37,29,30,37,30,30,44.00,41.00,30.400,0.281,2.7976,sat down ~19:22Z from 45/46C
2916.06,2026-09-28T20:15:47Z,500,32.0000,30.0000,31.0000,31.0000,30.0000,30.0000,37.0000,29.0000,30.0000,37.0000,30.0000,30.0000,32,30,31,31,30,30,37,29,30,37,30,30,32,30,31,31,30,30,37,29,30,37,30,30,44.00,41.00,30.400,0.284,2.7976,sat down ~19:22Z from 45/46C
2917.06,2026-09-28T20:15:48Z,500,32.0000,30.0000,31.0000,31.0000,30.0000,30.0000,37.0000,29.0000,30.0000,37.0000,29.9940,30.0000,32,30,31,31,30,30,37,29,30,37,29,30,32,30,31,31,30,30,37,29,30,37,30,30,43.99,41.00,30.399,0.280,2.7976,sat down ~19:22Z from 45/46C
2918.06,2026-09-28T20:15:49Z,500,32.0000,30.0000,31.0000,31.0000,30.0000,30.0000,37.0000,29.0000,30.0000,37.0000,30.0000,30.0000,32,30,31,31,30,30,37,29,30,37,30,30,32,30,31,31,30,30,37,29,30,37,30,30,44.00,41.00,30.399,0.280,2.7976,sat down ~19:22Z from 45/46C
2919.06,2026-09-28T20:15:50Z,500,32.0000,30.0000,31.0000,31.0000,30.0000,30.0000,37.0000,29.0000,30.0000,37.0000,30.0000,30.0000,32,30,31,31,30,30,37,29,30,37,30,30,32,30,31,31,30,30,37,29,30,37,30,30,43.99,41.00,30.399,0.278,2.7976,sat down ~19:22Z from 45/46C
2920.06,2026-09-28T20:15:51Z,499,32.0000,30.0000,31.0000,31.0000,30.0000,30.0000,37.0000,29.0000,30.0000,37.0000,30.0000,30.0000,32,30,31,31,30,30,37,29,30,37,30,30,32,30,31,31,30,30,37,29,30,37,30,30,44.00,41.00,30.399,0.280,2.7976,sat down ~19:22Z from 45/46C
2921.06,2026-09-28T20:15:52Z,501,32.0000,30.0000,31.0000,31.0000,30.0000,30.0000,37.0000,29.0000,30.0000,37.0000,30.0000,30.0000,32,30,31,31,30,30,37,29,30,37,30,30,32,30,31,31,30,30,37,29,30,37,30,30,43.99,41.00,30.398,0.281,2.7976,sat down ~19:22Z from 45/46C
2922.06,2026-09-28T20:15:53Z,500,32.0000,30.0000,31.0000,31.0000,30.0000,30.0000,37.0000,29.0000,30.0000,37.0000,30.0000,30.0000,32,30,31,31,30,30,37,29,30,37,30,30,32,30,31,31,30,30,37,29,30,37,30,30,44.00,41.00,30.398,0.279,2.7976,sat down ~19:22Z from 45/46C
2923.06,2026-09-28T20:15:54Z,501,32.0000,30.0000,31.0000,31.0000,30.0000,30.0000,37.0000,29.0000,30.0000,37.0000,30.0000,30.0000,32,30,31,31,30,30,37,29,30,37,30,30,32,30,31,31,30,30,37,29,30,37,30,30,43.97,40.97,30.397,0.278,2.7976,sat down ~19:22Z from 45/46C
2924.06,2026-09-28T20:15:55Z,500,32.0000,30.0000,31.0000,31.0000,30.0000,30.0000,37.0000,29.0000,30.0000,37.0000,29.9920,30.0000,32,30,31,31,30,30,37,29,30,37,29,30,32,30,31,31,30,30,37,29,30,37,30,30,43.99,41.00,30.398,0.278,2.7976,sat down ~19:22Z from 45/46C
2925.06,2026-09-28T20:15:56Z,500,32.0000,30.0000,31.0000,31.0000,30.0000,30.0000,37.0000,29.0000,30.0000,37.0000,30.0000,30.0000,32,30,31,31,30,30,37,29,30,37,30,30,32,30,31,31,30,30,37,29,30,37,30,30,43.99,40.99,30.397,0.283,2.7976,sat down ~19:22Z from 45/46C
2926.06,2026-09-28T20:15:57Z,501,32.0000,30.0000,31.0000,31.0000,30.0000,30.0000,37.0000,29.0000,30.0000,37.0000,30.0000,30.0000,32,30,31,31,30,30,37,29,30,37,30,30,32,30,31,31,30,30,37,29,30,37,30,30,43.98,40.98,30.397,0.282,2.7976,sat down ~19:22Z from 45/46C
2927.07,2026-09-28T20:15:58Z,500,32.0000,30.0000,31.0000,31.0000,30.0000,30.0000,37.0000,29.0000,30.0000,37.0000,29.9920,30.0000,32,30,31,31,30,30,37,29,30,37,29,30,32,30,31,31,30,30,37,29,30,37,30,30,44.00,41.00,30.397,0.284,2.7976,sat down ~19:22Z from 45/46C
2928.07,2026-09-28T20:15:59Z,501,32.0000,30.0000,31.0000,31.0000,30.0000,30.0000,37.0000,29.0000,30.0000,37.0000,30.0000,30.0000,32,30,31,31,30,30,37,29,30,37,30,30,32,30,31,31,30,30,37,29,30,37,30,30,44.00,41.00,30.396,0.279,2.7976,sat down ~19:22Z from 45/46C
2929.07,2026-09-28T20:16:00Z,501,32.0000,30.0000,31.0000,31.0000,30.0000,30.0000,37.0000,29.0000,30.0000,37.0000,30.0000,30.0000,32,30,31,31,30,30,37,29,30,37,30,30,32,30,31,31,30,30,37,29,30,37,30,30,43.99,41.00,30.397,0.277,2.7976,sat down ~19:22Z from 45/46C
2930.07,2026-09-28T20:16:01Z,500,32.0000,30.0000,31.0000,31.0000,30.0000,30.0000,37.0000,29.0000,30.0000,37.0000,30.0000,30.0000,32,30,31,31,30,30,37,29,30,37,30,30,32,30,31,31,30,30,37,29,30,37,30,30,43.99,41.00,30.396,0.279,2.7976,sat down ~19:22Z from 45/46C
2931.07,2026-09-28T20:16:02Z,501,32.0000,30.0000,31.0000,31.0000,30.0000,30.0000,37.0000,29.0000,30.0000,37.0000,29.9860,30.0000,32,30,31,31,30,30,37,29,30,37,29,30,32,30,31,31,30,30,37,29,30,37,30,30,44.00,41.00,30.396,0.283,2.7976,sat down ~19:22Z from 45/46C
2932.07,2026-09-28T20:16:03Z,500,32.0000,30.0000,31.0000,31.0000,30.0000,30.0000,37.0000,29.0000,30.0000,37.0000,30.0000,30.0000,32,30,31,31,30,30,37,29,30,37,30,30,32,30,31,31,30,30,37,29,30,37,30,30,43.99,41.00,30.396,0.281,2.7976,sat down ~19:22Z from 45/46C
2933.07,2026-09-28T20:16:04Z,500,32.0000,30.0000,31.0000,31.0000,30.0000,30.0000,37.0000,29.0000,30.0000,37.0000,29.9760,30.0000,32,30,31,31,30,30,37,29,30,37,29,30,32,30,31,31,30,30,37,29,30,37,30,30,44.00,41.00,30.395,0.283,2.7976,sat down ~19:22Z from 45/46C
2934.08,2026-09-28T20:16:05Z,501,32.0000,30.0000,31.0000,31.0000,30.0000,30.0000,37.0000,29.0000,30.0000,37.0000,29.9701,30.0000,32,30,31,31,30,30,37,29,30,37,29,30,32,30,31,31,30,30,37,29,30,37,30,30,44.00,41.00,30.395,0.282,2.7976,sat down ~19:22Z from 45/46C
2935.08,2026-09-28T20:16:06Z,500,32.0000,30.0000,31.0000,31.0000,30.0000,30.0000,37.0000,29.0000,30.0000,37.0000,30.0000,30.0000,32,30,31,31,30,30,37,29,30,37,30,30,32,30,31,31,30,30,37,29,30,37,30,30,43.99,41.00,30.395,0.284,2.7976,sat down ~19:22Z from 45/46C
2936.08,2026-09-28T20:16:07Z,500,32.0000,30.0000,31.0000,31.0000,30.0000,30.0000,37.0000,29.0000,30.0000,37.0000,29.9920,30.0000,32,30,31,31,30,30,37,29,30,37,29,30,32,30,31,31,30,30,37,29,30,37,30,30,44.00,41.00,30.394,0.281,2.7976,sat down ~19:22Z from 45/46C
2937.08,2026-09-28T20:16:08Z,501,32.0000,30.0000,31.0000,31.0000,30.0000,30.0000,37.0000,29.0000,30.0000,37.0000,29.9940,30.0000,32,30,31,31,30,30,37,29,30,37,29,30,32,30,31,31,30,30,37,29,30,37,30,30,43.99,41.00,30.394,0.280,2.7976,sat down ~19:22Z from 45/46C
2938.08,2026-09-28T20:16:09Z,501,32.0000,30.0000,31.0000,31.0000,30.0000,30.0000,37.0000,29.0000,30.0000,37.0000,30.0000,30.0000,32,30,31,31,30,30,37,29,30,37,30,30,32,30,31,31,30,30,37,29,30,37,30,30,44.00,41.00,30.394,0.283,2.7976,sat down ~19:22Z from 45/46C
2939.08,2026-09-28T20:16:10Z,500,32.0000,30.0000,31.0000,31.0000,30.0000,30.0000,37.0000,29.0000,30.0000,37.0000,29.9940,30.0000,32,30,31,31,30,30,37,29,30,37,29,30,32,30,31,31,30,30,37,29,30,37,30,30,43.99,40.99,30.394,0.284,2.7976,sat down ~19:22Z from 45/46C
2940.08,2026-09-28T20:16:11Z,501,32.0000,30.0000,31.0000,31.0000,30.0000,30.0000,37.0000,29.0000,30.0000,37.0000,30.0000,30.0000,32,30,31,31,30,30,37,29,30,37,30,30,32,30,31,31,30,30,37,29,30,37,30,30,43.99,41.00,30.394,0.283,2.7976,sat down ~19:22Z from 45/46C
2941.08,2026-09-28T20:16:12Z,499,32.0000,30.0000,31.0000,31.0000,30.0000,30.0000,37.0000,29.0000,30.0000,37.0000,29.9940,30.0000,32,30,31,31,30,30,37,29,30,37,29,30,32,30,31,31,30,30,37,29,30,37,30,30,44.00,41.00,30.394,0.285,2.7976,sat down ~19:22Z from 45/46C
2942.08,2026-09-28T20:16:13Z,500,32.0000,30.0000,31.0000,31.0000,30.0000,30.0000,37.0000,29.0000,30.0000,37.0000,30.0000,30.0000,32,30,31,31,30,30,37,29,30,37,30,30,32,30,31,31,30,30,37,29,30,37,30,30,43.99,41.00,30.394,0.285,2.7976,sat down ~19:22Z from 45/46C
2943.08,2026-09-28T20:16:14Z,499,32.0000,30.0000,31.0000,31.0000,30.0000,30.0000,37.0000,29.0000,30.0000,37.0000,30.0000,30.0000,32,30,31,31,30,30,37,29,30,37,30,30,32,30,31,31,30,30,37,29,30,37,30,30,44.00,41.00,30.393,0.283,2.7976,sat down ~19:22Z from 45/46C
2944.08,2026-09-28T20:16:15Z,501,32.0000,30.0000,31.0000,31.0000,30.0000,30.0000,37.0000,29.0000,30.0000,37.0000,30.0000,30.0000,32,30,31,31,30,30,37,29,30,37,30,30,32,30,31,31,30,30,37,29,30,37,30,30,43.99,41.00,30.393,0.285,2.7976,sat down ~19:22Z from 45/46C
2945.09,2026-09-28T20:16:16Z,501,32.0000,30.0000,31.0000,31.0000,30.0000,30.0000,37.0000,29.0000,30.0000,37.0000,29.9800,30.0000,32,30,31,31,30,30,37,29,30,37,29,30,32,30,31,31,30,30,37,29,30,37,30,30,43.99,41.00,30.393,0.284,2.7976,sat down ~19:22Z from 45/46C
2946.09,2026-09-28T20:16:17Z,501,32.0000,30.0000,31.0000,31.0000,30.0000,30.0000,37.0000,29.0000,30.0000,37.0000,30.0000,30.0000,32,30,31,31,30,30,37,29,30,37,30,30,32,30,31,31,30,30,37,29,30,37,30,30,44.00,41.00,30.393,0.285,2.7976,sat down ~19:22Z from 45/46C
2947.09,2026-09-28T20:16:18Z,500,32.0000,30.0000,31.0000,31.0000,30.0000,30.0000,37.0000,29.0000,30.0000,37.0000,30.0000,30.0000,32,30,31,31,30,30,37,29,30,37,30,30,32,30,31,31,30,30,37,29,30,37,30,30,43.99,40.99,30.393,0.283,2.7976,sat down ~19:22Z from 45/46C
2948.09,2026-09-28T20:16:19Z,501,32.0000,30.0000,31.0000,31.0000,30.0000,30.0000,37.0000,29.0000,30.0000,37.0000,30.0000,30.0000,32,30,31,31,30,30,37,29,30,37,30,30,32,30,31,31,30,30,37,29,30,37,30,30,44.00,41.00,30.392,0.281,2.7976,sat down ~19:22Z from 45/46C
2949.09,2026-09-28T20:16:20Z,500,32.0000,30.0000,31.0000,31.0000,30.0000,30.0000,37.0000,29.0000,30.0000,37.0000,30.0000,30.0000,32,30,31,31,30,30,37,29,30,37,30,30,32,30,31,31,30,30,37,29,30,37,30,30,43.99,41.00,30.392,0.285,2.7976,sat down ~19:22Z from 45/46C
2950.09,2026-09-28T20:16:21Z,500,32.0000,30.0000,31.0000,31.0000,30.0000,30.0000,37.0000,29.0000,30.0000,37.0000,29.9940,30.0000,32,30,31,31,30,30,37,29,30,37,29,30,32,30,31,31,30,30,37,29,30,37,30,30,43.99,40.99,30.392,0.287,2.7976,sat down ~19:22Z from 45/46C
2951.09,2026-09-28T20:16:22Z,501,32.0000,30.0000,31.0000,31.0000,30.0000,30.0000,37.0000,29.0000,30.0000,37.0000,30.0000,30.0000,32,30,31,31,30,30,37,29,30,37,30,30,32,30,31,31,30,30,37,29,30,37,30,30,44.00,41.00,30.391,0.283,2.7976,sat down ~19:22Z from 45/46C
2952.09,2026-09-28T20:16:23Z,501,32.0000,30.0000,31.0000,31.0000,30.0000,30.0000,37.0000,29.0000,30.0000,37.0000,29.9940,30.0000,32,30,31,31,30,30,37,29,30,37,29,30,32,30,31,31,30,30,37,29,30,37,30,30,44.00,41.00,30.391,0.284,2.7976,sat down ~19:22Z from 45/46C
2953.09,2026-09-28T20:16:24Z,500,32.0000,30.0000,31.0000,31.0000,30.0000,30.0000,37.0000,29.0000,30.0000,37.0000,30.0000,30.0000,32,30,31,31,30,30,37,29,30,37,30,30,32,30,31,31,30,30,37,29,30,37,30,30,44.00,41.00,30.390,0.284,2.7976,sat down ~19:22Z from 45/46C
2954.10,2026-09-28T20:16:25Z,501,32.0000,30.0000,31.0000,31.0000,30.0000,30.0000,37.0000,29.0000,30.0000,37.0000,30.0000,30.0000,32,30,31,31,30,30,37,29,30,37,30,30,32,30,31,31,30,30,37,29,30,37,30,30,43.99,41.00,30.390,0.285,2.7976,sat down ~19:22Z from 45/46C
2955.10,2026-09-28T20:16:26Z,500,32.0000,30.0000,31.0000,31.0000,30.0000,30.0000,37.0000,29.0000,30.0000,37.0000,30.0000,30.0000,32,30,31,31,30,30,37,29,30,37,30,30,32,30,31,31,30,30,37,29,30,37,30,30,44.00,41.00,30.390,0.283,2.7976,sat down ~19:22Z from 45/46C
2956.10,2026-09-28T20:16:27Z,500,32.0000,30.0000,31.0000,31.0000,30.0000,30.0000,37.0000,29.0000,30.0000,37.0000,30.0000,30.0000,32,30,31,31,30,30,37,29,30,37,30,30,32,30,31,31,30,30,37,29,30,37,30,30,44.00,41.00,30.390,0.283,2.7976,sat down ~19:22Z from 45/46C
2957.10,2026-09-28T20:16:28Z,501,32.0000,30.0000,31.0000,31.0000,30.0000,30.0000,37.0000,29.0000,30.0000,37.0000,30.0000,30.0000,32,30,31,31,30,30,37,29,30,37,30,30,32,30,31,31,30,30,37,29,30,37,30,30,43.99,41.00,30.390,0.281,2.7976,sat down ~19:22Z from 45/46C
2958.10,2026-09-28T20:16:29Z,500,32.0000,30.0000,31.0000,31.0000,30.0000,30.0000,37.0000,29.0000,30.0000,37.0000,30.0000,30.0000,32,30,31,31,30,30,37,29,30,37,30,30,32,30,31,31,30,30,37,29,30,37,30,30,43.99,40.99,30.389,0.283,2.7976,sat down ~19:22Z from 45/46C
2959.10,2026-09-28T20:16:30Z,501,32.0000,30.0000,31.0000,31.0000,30.0000,30.0000,37.0000,29.0000,30.0000,37.0000,30.0000,30.0000,32,30,31,31,30,30,37,29,30,37,30,30,32,30,31,31,30,30,37,29,30,37,30,30,44.00,41.00,30.389,0.281,2.7976,sat down ~19:22Z from 45/46C
2960.10,2026-09-28T20:16:31Z,500,32.0000,30.0000,31.0000,31.0000,30.0000,30.0000,37.0000,29.0000,30.0000,37.0000,30.0000,30.0000,32,30,31,31,30,30,37,29,30,37,30,30,32,30,31,31,30,30,37,29,30,37,30,30,43.99,41.00,30.389,0.285,2.7976,sat down ~19:22Z from 45/46C
2961.10,2026-09-28T20:16:32Z,500,32.0000,30.0000,31.0000,31.0000,30.0000,30.0000,37.0000,29.0000,30.0000,37.0000,30.0000,30.0000,32,30,31,31,30,30,37,29,30,37,30,30,32,30,31,31,30,30,37,29,30,37,30,30,44.00,41.00,30.389,0.283,2.7976,sat down ~19:22Z from 45/46C
2962.10,2026-09-28T20:16:33Z,501,32.0000,30.0000,31.0000,31.0000,30.0000,30.0000,37.0000,29.0000,30.0000,37.0000,30.0000,30.0000,32,30,31,31,30,30,37,29,30,37,30,30,32,30,31,31,30,30,37,29,30,37,30,30,43.99,40.99,30.389,0.280,2.7976,sat down ~19:22Z from 45/46C
2963.10,2026-09-28T20:16:34Z,501,32.0000,30.0000,31.0000,31.0000,30.0000,30.0000,37.0000,29.0000,30.0000,37.0000,30.0000,30.0000,32,30,31,31,30,30,37,29,30,37,30,30,32,30,31,31,30,30,37,29,30,37,30,30,43.99,41.00,30.388,0.279,2.7976,sat down ~19:22Z from 45/46C
2964.11,2026-09-28T20:16:35Z,501,32.0000,30.0000,31.0000,31.0000,30.0000,30.0000,37.0000,29.0000,30.0000,37.0000,30.0000,30.0000,32,30,31,31,30,30,37,29,30,37,30,30,32,30,31,31,30,30,37,29,30,37,30,30,44.00,41.00,30.388,0.279,2.7976,sat down ~19:22Z from 45/46C
2965.11,2026-09-28T20:16:36Z,499,32.0000,30.0000,31.0000,31.0000,30.0000,30.0000,37.0000,29.0000,30.0000,37.0000,30.0000,30.0000,32,30,31,31,30,30,37,29,30,37,30,30,32,30,31,31,30,30,37,29,30,37,30,30,44.00,41.00,30.388,0.282,2.7976,sat down ~19:22Z from 45/46C
2966.11,2026-09-28T20:16:37Z,500,32.0000,30.0000,31.0000,31.0000,30.0000,30.0000,37.0000,29.0000,30.0000,37.0000,29.9920,30.0000,32,30,31,31,30,30,37,29,30,37,29,30,32,30,31,31,30,30,37,29,30,37,30,30,44.00,41.00,30.388,0.281,2.7976,sat down ~19:22Z from 45/46C
2967.11,2026-09-28T20:16:38Z,501,32.0000,30.0000,31.0000,31.0000,30.0000,30.0000,37.0000,29.0000,30.0000,37.0000,30.0000,30.0000,32,30,31,31,30,30,37,29,30,37,30,30,32,30,31,31,30,30,37,29,30,37,30,30,44.00,41.00,30.388,0.279,2.7976,sat down ~19:22Z from 45/46C
2968.11,2026-09-28T20:16:39Z,500,32.0000,30.0000,31.0000,31.0000,30.0000,30.0000,37.0000,29.0000,30.0000,37.0000,30.0000,30.0000,32,30,31,31,30,30,37,29,30,37,30,30,32,30,31,31,30,30,37,29,30,37,30,30,44.00,41.00,30.387,0.282,2.7976,sat down ~19:22Z from 45/46C
2969.11,2026-09-28T20:16:40Z,501,32.0000,30.0000,31.0000,31.0000,30.0000,30.0000,37.0000,29.0000,30.0000,37.0000,30.0000,30.0000,32,30,31,31,30,30,37,29,30,37,30,30,32,30,31,31,30,30,37,29,30,37,30,30,43.99,41.00,30.387,0.284,2.7976,sat down ~19:22Z from 45/46C
2970.11,2026-09-28T20:16:41Z,501,32.0000,30.0000,31.0000,31.0000,30.0000,30.0000,37.0000,29.0000,30.0000,37.0000,30.0000,30.0000,32,30,31,31,30,30,37,29,30,37,30,30,32,30,31,31,30,30,37,29,30,37,30,30,44.00,41.00,30.387,0.283,2.7976,sat down ~19:22Z from 45/46C
2971.11,2026-09-28T20:16:42Z,501,32.0000,30.0000,31.0000,31.0000,30.0000,30.0000,37.0000,29.0000,30.0000,37.0000,30.0000,30.0000,32,30,31,31,30,30,37,29,30,37,30,30,32,30,31,31,30,30,37,29,30,37,30,30,44.00,41.00,30.387,0.281,2.7976,sat down ~19:22Z from 45/46C
2972.12,2026-09-28T20:16:43Z,501,32.0000,30.0000,31.0000,31.0000,30.0000,30.0000,37.0000,29.0000,30.0000,37.0000,30.0000,30.0000,32,30,31,31,30,30,37,29,30,37,30,30,32,30,31,31,30,30,37,29,30,37,30,30,43.99,41.00,30.386,0.282,2.7976,sat down ~19:22Z from 45/46C
2973.12,2026-09-28T20:16:44Z,501,32.0000,30.0000,31.0000,31.0000,30.0000,30.0000,37.0000,29.0000,30.0000,37.0000,30.0000,30.0000,32,30,31,31,30,30,37,29,30,37,30,30,32,30,31,31,30,30,37,29,30,37,30,30,44.00,41.00,30.386,0.282,2.7976,sat down ~19:22Z from 45/46C
2974.12,2026-09-28T20:16:45Z,500,32.0000,30.0000,31.0000,31.0000,30.0000,30.0000,37.0000,29.0000,30.0000,37.0000,29.9940,30.0000,32,30,31,31,30,30,37,29,30,37,29,30,32,30,31,31,30,30,37,29,30,37,30,30,44.00,41.00,30.386,0.284,2.7976,sat down ~19:22Z from 45/46C
2975.12,2026-09-28T20:16:46Z,497,32.0000,30.0000,31.0000,31.0000,30.0000,30.0000,37.0000,29.0000,30.0000,37.0000,29.9920,30.0000,32,30,31,31,30,30,37,29,30,37,29,30,32,30,31,31,30,30,37,29,30,37,30,30,43.99,41.00,30.386,0.284,2.7976,sat down ~19:22Z from 45/46C
2976.12,2026-09-28T20:16:47Z,501,32.0000,30.0000,31.0000,31.0000,30.0000,30.0000,37.0000,29.0000,30.0000,37.0000,30.0000,30.0000,32,30,31,31,30,30,37,29,30,37,30,30,32,30,31,31,30,30,37,29,30,37,30,30,44.00,41.00,30.386,0.284,2.7976,sat down ~19:22Z from 45/46C
2977.12,2026-09-28T20:16:48Z,500,32.0000,30.0000,31.0000,31.0000,30.0000,30.0000,37.0000,29.0000,30.0000,37.0000,29.9800,30.0000,32,30,31,31,30,30,37,29,30,37,29,30,32,30,31,31,30,30,37,29,30,37,30,30,43.99,41.00,30.385,0.284,2.7976,sat down ~19:22Z from 45/46C
2978.12,2026-09-28T20:16:49Z,500,32.0000,30.0000,31.0000,31.0000,30.0000,30.0000,37.0000,29.0000,30.0000,37.0000,30.0000,30.0000,32,30,31,31,30,30,37,29,30,37,30,30,32,30,31,31,30,30,37,29,30,37,30,30,43.99,41.00,30.385,0.281,2.7976,sat down ~19:22Z from 45/46C
2979.12,2026-09-28T20:16:50Z,501,32.0000,30.0000,31.0000,31.0000,30.0000,30.0000,37.0000,29.0000,30.0000,37.0000,30.0000,30.0000,32,30,31,31,30,30,37,29,30,37,30,30,32,30,31,31,30,30,37,29,30,37,30,30,44.00,41.00,30.384,0.283,2.7976,sat down ~19:22Z from 45/46C
2980.12,2026-09-28T20:16:51Z,500,32.0000,30.0000,31.0000,31.0000,30.0000,30.0000,37.0000,29.0000,30.0000,37.0000,30.0000,30.0000,32,30,31,31,30,30,37,29,30,37,30,30,32,30,31,31,30,30,37,29,30,37,30,30,43.99,40.99,30.385,0.283,2.7976,sat down ~19:22Z from 45/46C
2981.12,2026-09-28T20:16:52Z,500,32.0000,30.0000,31.0000,31.0000,30.0000,30.0000,37.0000,29.0000,30.0000,37.0000,30.0000,30.0000,32,30,31,31,30,30,37,29,30,37,30,30,32,30,31,31,30,30,37,29,30,37,30,30,44.00,41.00,30.385,0.283,2.7976,sat down ~19:22Z from 45/46C
2982.13,2026-09-28T20:16:53Z,501,32.0000,30.0000,31.0000,31.0000,30.0000,30.0000,37.0000,29.0000,30.0000,37.0000,30.0000,30.0000,32,30,31,31,30,30,37,29,30,37,30,30,32,30,31,31,30,30,37,29,30,37,30,30,43.99,40.99,30.384,0.282,2.7976,sat down ~19:22Z from 45/46C
2983.13,2026-09-28T20:16:54Z,500,32.0000,30.0000,31.0000,31.0000,30.0000,30.0000,37.0000,29.0000,30.0000,37.0000,30.0000,30.0000,32,30,31,31,30,30,37,29,30,37,30,30,32,30,31,31,30,30,37,29,30,37,30,30,43.99,40.99,30.384,0.284,2.7976,sat down ~19:22Z from 45/46C
2984.13,2026-09-28T20:16:55Z,501,32.0000,30.0000,31.0000,31.0000,30.0000,30.0000,37.0000,29.0000,30.0000,37.0000,30.0000,30.0000,32,30,31,31,30,30,37,29,30,37,30,30,32,30,31,31,30,30,37,29,30,37,30,30,44.00,41.00,30.384,0.285,2.7976,sat down ~19:22Z from 45/46C
2985.13,2026-09-28T20:16:56Z,500,32.0000,30.0000,31.0000,31.0000,30.0000,30.0000,37.0000,29.0000,30.0000,37.0000,30.0000,30.0000,32,30,31,31,30,30,37,29,30,37,30,30,32,30,31,31,30,30,37,29,30,37,30,30,43.99,41.00,30.384,0.285,2.7976,sat down ~19:22Z from 45/46C
2986.13,2026-09-28T20:16:57Z,500,32.0000,30.0000,31.0000,31.0000,30.0000,30.0000,37.0000,29.0000,30.0000,37.0000,30.0000,30.0000,32,30,31,31,30,30,37,29,30,37,30,30,32,30,31,31,30,30,37,29,30,37,30,30,43.99,41.00,30.383,0.283,2.7976,sat down ~19:22Z from 45/46C
2987.13,2026-09-28T20:16:58Z,500,32.0000,30.0000,31.0000,31.0000,30.0000,30.0000,37.0000,29.0000,30.0000,37.0000,30.0000,30.0000,32,30,31,31,30,30,37,29,30,37,30,30,32,30,31,31,30,30,37,29,30,37,30,30,44.00,41.00,30.384,0.281,2.7976,sat down ~19:22Z from 45/46C
2988.13,2026-09-28T20:16:59Z,501,32.0000,30.0000,31.0000,31.0000,30.0000,30.0000,37.0000,29.0000,30.0000,37.0000,30.0000,30.0000,32,30,31,31,30,30,37,29,30,37,30,30,32,30,31,31,30,30,37,29,30,37,30,30,43.99,41.00,30.383,0.280,2.7976,sat down ~19:22Z from 45/46C
2989.13,2026-09-28T20:17:00Z,501,32.0000,30.0000,31.0000,31.0000,30.0000,30.0000,37.0000,29.0000,30.0000,37.0000,30.0000,30.0000,32,30,31,31,30,30,37,29,30,37,30,30,32,30,31,31,30,30,37,29,30,37,30,30,44.00,41.00,30.383,0.280,2.7976,sat down ~19:22Z from 45/46C
2990.13,2026-09-28T20:17:01Z,501,32.0000,30.0000,31.0000,31.0000,30.0000,30.0000,37.0000,29.0000,30.0000,37.0000,30.0000,30.0000,32,30,31,31,30,30,37,29,30,37,30,30,32,30,31,31,30,30,37,29,30,37,30,30,43.99,41.00,30.383,0.283,2.7976,sat down ~19:22Z from 45/46C
2991.13,2026-09-28T20:17:02Z,500,32.0000,30.0000,31.0000,31.0000,30.0000,30.0000,37.0000,29.0000,30.0000,37.0000,30.0000,30.0000,32,30,31,31,30,30,37,29,30,37,30,30,32,30,31,31,30,30,37,29,30,37,30,30,43.99,41.00,30.383,0.284,2.7976,sat down ~19:22Z from 45/46C
2992.13,2026-09-28T20:17:03Z,500,32.0000,30.0000,31.0000,31.0000,30.0000,30.0000,37.0000,29.0000,30.0000,37.0000,30.0000,30.0000,32,30,31,31,30,30,37,29,30,37,30,30,32,30,31,31,30,30,37,29,30,37,30,30,44.00,41.00,30.383,0.283,2.7976,sat down ~19:22Z from 45/46C
2993.14,2026-09-28T20:17:04Z,501,32.0000,30.0000,31.0000,31.0000,30.0000,30.0000,37.0000,29.0000,30.0000,37.0000,30.0000,30.0000,32,30,31,31,30,30,37,29,30,37,30,30,32,30,31,31,30,30,37,29,30,37,30,30,44.00,41.00,30.382,0.283,2.7976,sat down ~19:22Z from 45/46C
2994.14,2026-09-28T20:17:05Z,500,32.0000,30.0000,31.0000,31.0000,30.0000,30.0000,37.0000,29.0000,30.0000,37.0000,30.0000,30.0000,32,30,31,31,30,30,37,29,30,37,30,30,32,30,31,31,30,30,37,29,30,37,30,30,44.00,41.00,30.382,0.287,2.7976,sat down ~19:22Z from 45/46C
2995.14,2026-09-28T20:17:06Z,501,32.0000,30.0000,31.0000,31.0000,30.0000,30.0000,37.0000,29.0000,30.0000,37.0000,30.0000,30.0000,32,30,31,31,30,30,37,29,30,37,30,30,32,30,31,31,30,30,37,29,30,37,30,30,43.99,40.99,30.382,0.284,2.7976,sat down ~19:22Z from 45/46C
2996.14,2026-09-28T20:17:07Z,500,32.0000,30.0000,31.0000,31.0000,30.0000,30.0000,37.0000,29.0000,30.0000,37.0000,30.0000,30.0000,32,30,31,31,30,30,37,29,30,37,30,30,32,30,31,31,30,30,37,29,30,37,30,30,43.99,41.00,30.381,0.284,2.7976,sat down ~19:22Z from 45/46C
2997.14,2026-09-28T20:17:08Z,501,32.0000,30.0000,31.0000,31.0000,30.0000,30.0000,37.0000,29.0000,30.0000,37.0000,30.0000,30.0000,32,30,31,31,30,30,37,29,30,37,30,30,32,30,31,31,30,30,37,29,30,37,30,30,44.00,41.00,30.381,0.284,2.7976,sat down ~19:22Z from 45/46C
2998.14,2026-09-28T20:17:09Z,501,32.0000,30.0000,31.0000,31.0000,30.0000,30.0000,37.0000,29.0000,30.0000,37.0000,30.0000,30.0000,32,30,31,31,30,30,37,29,30,37,30,30,32,30,31,31,30,30,37,29,30,37,30,30,43.99,41.00,30.381,0.287,2.7976,sat down ~19:22Z from 45/46C
2999.14,2026-09-28T20:17:10Z,500,32.0000,30.0000,31.0000,31.0000,30.0000,30.0000,37.0000,29.0000,30.0000,37.0000,30.0000,30.0000,32,30,31,31,30,30,37,29,30,37,30,30,32,30,31,31,30,30,37,29,30,37,30,30,44.00,41.00,30.381,0.285,2.7976,sat down ~19:22Z from 45/46C
3000.14,2026-09-28T20:17:11Z,500,32.0000,30.0000,31.0000,31.0000,30.0000,30.0000,37.0000,29.0000,30.0000,37.0000,30.0000,30.0000,32,30,31,31,30,30,37,29,30,37,30,30,32,30,31,31,30,30,37,29,30,37,30,30,43.99,41.00,30.380,0.282,2.7976,sat down ~19:22Z from 45/46C
3001.14,2026-09-28T20:17:12Z,501,32.0000,30.0000,31.0000,31.0000,30.0000,30.0000,37.0000,29.0000,30.0000,37.0000,29.9820,30.0000,32,30,31,31,30,30,37,29,30,37,29,30,32,30,31,31,30,30,37,29,30,37,30,30,43.99,41.00,30.380,0.281,2.7976,sat down ~19:22Z from 45/46C
3002.15,2026-09-28T20:17:13Z,501,32.0000,30.0000,31.0000,31.0000,30.0000,30.0000,37.0000,29.0000,30.0000,37.0000,29.9940,30.0000,32,30,31,31,30,30,37,29,30,37,29,30,32,30,31,31,30,30,37,29,30,37,30,30,44.00,41.00,30.380,0.283,2.7976,sat down ~19:22Z from 45/46C
3003.15,2026-09-28T20:17:14Z,499,32.0000,30.0000,31.0000,31.0000,30.0000,30.0000,37.0000,29.0000,30.0000,37.0000,30.0000,30.0000,32,30,31,31,30,30,37,29,30,37,30,30,32,30,31,31,30,30,37,29,30,37,30,30,43.99,41.00,30.380,0.284,2.7976,sat down ~19:22Z from 45/46C
3004.15,2026-09-28T20:17:15Z,500,32.0000,30.0000,31.0000,31.0000,30.0000,30.0000,37.0000,29.0000,30.0000,37.0000,30.0000,30.0000,32,30,31,31,30,30,37,29,30,37,30,30,32,30,31,31,30,30,37,29,30,37,30,30,44.00,41.00,30.380,0.285,2.7976,sat down ~19:22Z from 45/46C
3005.15,2026-09-28T20:17:16Z,501,32.0000,30.0000,31.0000,31.0000,30.0000,30.0000,37.0000,29.0000,30.0000,37.0000,30.0000,30.0000,32,30,31,31,30,30,37,29,30,37,30,30,32,30,31,31,30,30,37,29,30,37,30,30,43.99,41.00,30.379,0.281,2.7976,sat down ~19:22Z from 45/46C
3006.15,2026-09-28T20:17:17Z,501,32.0000,30.0000,31.0000,31.0000,30.0000,30.0000,37.0000,29.0000,30.0000,37.0000,30.0000,30.0000,32,30,31,31,30,30,37,29,30,37,30,30,32,30,31,31,30,30,37,29,30,37,30,30,43.99,41.00,30.379,0.284,2.7976,sat down ~19:22Z from 45/46C
3007.15,2026-09-28T20:17:18Z,501,32.0000,30.0000,31.0000,31.0000,30.0000,30.0000,37.0000,29.0000,30.0000,37.0000,30.0000,30.0000,32,30,31,31,30,30,37,29,30,37,30,30,32,30,31,31,30,30,37,29,30,37,30,30,44.00,41.00,30.379,0.284,2.7976,sat down ~19:22Z from 45/46C
3008.15,2026-09-28T20:17:19Z,499,32.0000,30.0000,31.0000,31.0000,30.0000,30.0000,37.0000,29.0000,30.0000,37.0000,30.0000,30.0000,32,30,31,31,30,30,37,29,30,37,30,30,32,30,31,31,30,30,37,29,30,37,30,30,43.99,41.00,30.378,0.282,2.7976,sat down ~19:22Z from 45/46C
3009.15,2026-09-28T20:17:20Z,501,32.0000,30.0000,31.0000,31.0000,30.0000,30.0000,37.0000,29.0000,30.0000,37.0000,30.0000,30.0000,32,30,31,31,30,30,37,29,30,37,30,30,32,30,31,31,30,30,37,29,30,37,30,30,44.00,41.00,30.378,0.284,2.7976,sat down ~19:22Z from 45/46C
3010.16,2026-09-28T20:17:21Z,501,32.0000,30.0000,31.0000,31.0000,30.0000,30.0000,37.0000,29.0000,30.0000,37.0000,30.0000,30.0000,32,30,31,31,30,30,37,29,30,37,30,30,32,30,31,31,30,30,37,29,30,37,30,30,43.99,41.00,30.378,0.285,2.7976,sat down ~19:22Z from 45/46C
3011.16,2026-09-28T20:17:22Z,500,32.0000,30.0000,31.0000,31.0000,30.0000,30.0000,37.0000,29.0000,30.0000,37.0000,30.0000,30.0000,32,30,31,31,30,30,37,29,30,37,30,30,32,30,31,31,30,30,37,29,30,37,30,30,43.99,41.00,30.378,0.284,2.7976,sat down ~19:22Z from 45/46C
3012.16,2026-09-28T20:17:23Z,501,32.0000,30.0000,31.0000,31.0000,30.0000,30.0000,37.0000,29.0000,30.0000,37.0000,30.0000,30.0000,32,30,31,31,30,30,37,29,30,37,30,30,32,30,31,31,30,30,37,29,30,37,30,30,44.00,41.00,30.378,0.285,2.7976,sat down ~19:22Z from 45/46C
3013.16,2026-09-28T20:17:24Z,500,32.0000,30.0000,31.0000,31.0000,30.0000,30.0000,37.0000,29.0000,30.0000,37.0000,30.0000,30.0000,32,30,31,31,30,30,37,29,30,37,30,30,32,30,31,31,30,30,37,29,30,37,30,30,43.99,41.00,30.377,0.283,2.7976,sat down ~19:22Z from 45/46C
3014.16,2026-09-28T20:17:25Z,500,32.0000,30.0000,31.0000,31.0000,30.0000,30.0000,37.0000,29.0000,30.0000,37.0000,30.0000,30.0000,32,30,31,31,30,30,37,29,30,37,30,30,32,30,31,31,30,30,37,29,30,37,30,30,44.00,41.00,30.377,0.285,2.7976,sat down ~19:22Z from 45/46C
3015.16,2026-09-28T20:17:26Z,500,32.0000,30.0000,31.0000,31.0000,30.0000,30.0000,37.0000,29.0000,30.0000,37.0000,29.9940,30.0000,32,30,31,31,30,30,37,29,30,37,29,30,32,30,31,31,30,30,37,29,30,37,30,30,44.00,41.00,30.377,0.283,2.7976,sat down ~19:22Z from 45/46C
3016.16,2026-09-28T20:17:27Z,500,32.0000,30.0000,31.0000,31.0000,30.0000,30.0000,37.0000,29.0000,30.0000,37.0000,30.0000,30.0000,32,30,31,31,30,30,37,29,30,37,30,30,32,30,31,31,30,30,37,29,30,37,30,30,43.99,41.00,30.377,0.285,2.7976,sat down ~19:22Z from 45/46C
3017.16,2026-09-28T20:17:28Z,501,32.0000,30.0000,31.0000,31.0000,30.0000,30.0000,37.0000,29.0000,30.0000,37.0000,30.0000,30.0000,32,30,31,31,30,30,37,29,30,37,30,30,32,30,31,31,30,30,37,29,30,37,30,30,44.00,41.00,30.377,0.288,2.7976,sat down ~19:22Z from 45/46C
3018.16,2026-09-28T20:17:29Z,501,32.0000,30.0000,31.0000,31.0000,30.0000,30.0000,37.0000,29.0000,30.0000,37.0000,30.0000,30.0000,32,30,31,31,30,30,37,29,30,37,30,30,32,30,31,31,30,30,37,29,30,37,30,30,43.99,41.00,30.377,0.287,2.7976,sat down ~19:22Z from 45/46C
3019.16,2026-09-28T20:17:30Z,500,32.0000,30.0000,31.0000,31.0000,30.0000,30.0000,37.0000,29.0000,30.0000,37.0000,30.0000,30.0000,32,30,31,31,30,30,37,29,30,37,30,30,32,30,31,31,30,30,37,29,30,37,30,30,43.99,41.00,30.376,0.286,2.7976,sat down ~19:22Z from 45/46C
3020.16,2026-09-28T20:17:31Z,501,32.0000,30.0000,31.0000,31.0000,30.0000,30.0000,37.0000,29.0000,30.0000,37.0000,30.0000,30.0000,32,30,31,31,30,30,37,29,30,37,30,30,32,30,31,31,30,30,37,29,30,37,30,30,44.00,41.00,30.376,0.284,2.7976,sat down ~19:22Z from 45/46C
3021.17,2026-09-28T20:17:32Z,501,32.0000,30.0000,31.0000,31.0000,30.0000,30.0000,37.0000,29.0000,30.0000,37.0000,30.0000,30.0000,32,30,31,31,30,30,37,29,30,37,30,30,32,30,31,31,30,30,37,29,30,37,30,30,43.99,41.00,30.376,0.286,2.7976,sat down ~19:22Z from 45/46C
3022.17,2026-09-28T20:17:33Z,500,32.0000,30.0000,31.0000,31.0000,30.0000,30.0000,37.0000,29.0000,30.0000,37.0000,30.0000,30.0000,32,30,31,31,30,30,37,29,30,37,30,30,32,30,31,31,30,30,37,29,30,37,30,30,44.00,41.00,30.376,0.287,2.7976,sat down ~19:22Z from 45/46C
3023.17,2026-09-28T20:17:34Z,500,32.0000,30.0000,31.0000,31.0000,30.0000,30.0000,37.0000,29.0000,30.0000,37.0000,30.0000,30.0000,32,30,31,31,30,30,37,29,30,37,30,30,32,30,31,31,30,30,37,29,30,37,30,30,43.99,41.00,30.375,0.289,2.7976,sat down ~19:22Z from 45/46C
3024.17,2026-09-28T20:17:35Z,501,32.0000,30.0000,31.0000,31.0000,30.0000,30.0000,37.0000,29.0000,30.0000,37.0000,29.9800,30.0000,32,30,31,31,30,30,37,29,30,37,29,30,32,30,31,31,30,30,37,29,30,37,30,30,43.99,41.00,30.375,0.285,2.7976,sat down ~19:22Z from 45/46C
3025.17,2026-09-28T20:17:36Z,501,32.0000,30.0000,31.0000,31.0000,30.0000,30.0000,37.0000,29.0000,30.0000,37.0000,29.9860,30.0000,32,30,31,31,30,30,37,29,30,37,29,30,32,30,31,31,30,30,37,29,30,37,30,30,44.00,41.00,30.375,0.286,2.7976,sat down ~19:22Z from 45/46C
3026.17,2026-09-28T20:17:37Z,501,32.0000,30.0000,31.0000,31.0000,30.0000,30.0000,37.0000,29.0000,30.0000,37.0000,29.9860,30.0000,32,30,31,31,30,30,37,29,30,37,29,30,32,30,31,31,30,30,37,29,30,37,30,30,43.99,41.00,30.375,0.287,2.7976,sat down ~19:22Z from 45/46C
3027.17,2026-09-28T20:17:38Z,500,32.0000,30.0000,31.0000,31.0000,30.0000,30.0000,37.0000,29.0000,30.0000,37.0000,29.9560,30.0000,32,30,31,31,30,30,37,29,30,37,29,30,32,30,31,31,30,30,37,29,30,37,30,30,44.00,41.00,30.374,0.286,2.7976,sat down ~19:22Z from 45/46C
3028.17,2026-09-28T20:17:39Z,501,32.0000,30.0000,31.0000,31.0000,30.0000,30.0000,37.0000,29.0000,30.0000,37.0000,29.9281,30.0000,32,30,31,31,30,30,37,29,30,37,29,30,32,30,31,31,30,30,37,29,30,37,30,30,43.99,41.00,30.374,0.284,2.7976,sat down ~19:22Z from 45/46C
3029.17,2026-09-28T20:17:40Z,500,32.0000,30.0000,31.0000,31.0000,30.0000,30.0000,37.0000,29.0000,30.0000,37.0000,29.9060,30.0000,32,30,31,31,30,30,37,29,30,37,29,30,32,30,31,31,30,30,37,29,30,37,30,30,43.99,41.00,30.374,0.284,2.7976,sat down ~19:22Z from 45/46C
3030.18,2026-09-28T20:17:41Z,501,32.0000,30.0000,31.0000,31.0000,30.0000,30.0000,37.0000,29.0000,30.0000,37.0000,29.8224,30.0000,32,30,31,31,30,30,37,29,30,37,29,30,32,30,31,31,30,30,37,29,30,37,30,30,44.00,41.00,30.374,0.283,2.7976,sat down ~19:22Z from 45/46C
3031.18,2026-09-28T20:17:42Z,500,32.0000,30.0000,31.0000,31.0000,30.0000,30.0000,37.0000,29.0000,30.0000,37.0000,29.7580,30.0000,32,30,31,31,30,30,37,29,30,37,29,30,32,30,31,31,30,30,37,29,30,37,30,30,43.99,41.00,30.374,0.289,2.7976,sat down ~19:22Z from 45/46C
3032.18,2026-09-28T20:17:43Z,500,32.0000,30.0000,31.0000,31.0000,30.0000,30.0000,37.0000,29.0000,30.0000,37.0000,29.7580,30.0000,32,30,31,31,30,30,37,29,30,37,29,30,32,30,31,31,30,30,37,29,30,37,30,30,44.00,41.00,30.374,0.289,2.7976,sat down ~19:22Z from 45/46C
3033.18,2026-09-28T20:17:44Z,500,32.0000,30.0000,31.0000,31.0000,30.0000,30.0000,37.0000,29.0000,30.0000,37.0000,29.6840,30.0000,32,30,31,31,30,30,37,29,30,37,29,30,32,30,31,31,30,30,37,29,30,37,30,30,43.99,41.00,30.373,0.287,2.7976,sat down ~19:22Z from 45/46C
3034.18,2026-09-28T20:17:45Z,501,32.0000,30.0000,31.0000,31.0000,30.0000,30.0000,37.0000,29.0000,30.0000,37.0000,29.6607,30.0000,32,30,31,31,30,30,37,29,30,37,29,30,32,30,31,31,30,30,37,29,30,37,30,30,44.00,41.00,30.373,0.286,2.7976,sat down ~19:22Z from 45/46C
3035.18,2026-09-28T20:17:46Z,500,32.0000,30.0000,31.0000,31.0000,30.0000,30.0000,37.0000,29.0000,30.0000,37.0000,29.6840,30.0000,32,30,31,31,30,30,37,29,30,37,29,30,32,30,31,31,30,30,37,29,30,37,30,30,44.00,41.00,30.372,0.285,2.7976,sat down ~19:22Z from 45/46C
3036.18,2026-09-28T20:17:47Z,501,32.0000,30.0000,31.0000,31.0000,30.0000,30.0000,37.0000,29.0000,30.0000,37.0000,29.6587,30.0000,32,30,31,31,30,30,37,29,30,37,29,30,32,30,31,31,30,30,37,29,30,37,30,30,44.00,41.00,30.372,0.286,2.7976,sat down ~19:22Z from 45/46C
3037.18,2026-09-28T20:17:48Z,500,32.0000,30.0000,31.0000,31.0000,30.0000,30.0000,37.0000,29.0000,30.0000,37.0000,29.6280,30.0000,32,30,31,31,30,30,37,29,30,37,29,30,32,30,31,31,30,30,37,29,30,37,30,30,44.00,41.00,30.372,0.283,2.7976,sat down ~19:22Z from 45/46C
3038.18,2026-09-28T20:17:49Z,500,32.0000,30.0000,31.0000,31.0000,30.0000,30.0000,37.0000,29.0000,30.0000,37.0000,29.7600,30.0000,32,30,31,31,30,30,37,29,30,37,29,30,32,30,31,31,30,30,37,29,30,37,30,30,44.00,41.00,30.371,0.282,2.7976,sat down ~19:22Z from 45/46C
3039.18,2026-09-28T20:17:50Z,501,32.0000,30.0000,31.0000,31.0000,30.0000,30.0000,37.0000,29.0000,30.0000,37.0000,29.7565,30.0000,32,30,31,31,30,30,37,29,30,37,29,30,32,30,31,31,30,30,37,29,30,37,30,30,44.00,41.00,30.372,0.283,2.7976,sat down ~19:22Z from 45/46C
3040.18,2026-09-28T20:17:51Z,500,32.0000,30.0000,31.0000,31.0000,30.0000,30.0000,37.0000,29.0000,30.0000,37.0000,29.6900,30.0000,32,30,31,31,30,30,37,29,30,37,29,30,32,30,31,31,30,30,37,29,30,37,30,30,44.00,41.00,30.371,0.285,2.7976,sat down ~19:22Z from 45/46C
3041.19,2026-09-28T20:17:52Z,501,32.0000,30.0000,31.0000,31.0000,30.0000,30.0000,37.0000,29.0000,30.0000,37.0000,29.6088,30.0000,32,30,31,31,30,30,37,29,30,37,29,30,32,30,31,31,30,30,37,29,30,37,30,30,44.00,41.00,30.371,0.284,2.7976,sat down ~19:22Z from 45/46C
3042.19,2026-09-28T20:17:53Z,500,32.0000,30.0000,31.0000,31.0000,30.0000,30.0000,37.0000,29.0000,30.0000,37.0000,29.6480,30.0000,32,30,31,31,30,30,37,29,30,37,29,30,32,30,31,31,30,30,37,29,30,37,30,30,44.00,41.00,30.371,0.284,2.7976,sat down ~19:22Z from 45/46C
3043.19,2026-09-28T20:17:54Z,501,32.0000,30.0000,31.0000,31.0000,30.0000,30.0000,37.0000,29.0000,30.0000,37.0000,29.5908,30.0000,32,30,31,31,30,30,37,29,30,37,29,30,32,30,31,31,30,30,37,29,30,37,30,30,44.00,41.00,30.371,0.281,2.7976,sat down ~19:22Z from 45/46C
3044.19,2026-09-28T20:17:55Z,500,32.0000,30.0000,31.0000,31.0000,30.0000,30.0000,37.0000,29.0000,30.0000,37.0000,29.4560,30.0000,32,30,31,31,30,30,37,29,30,37,29,30,32,30,31,31,30,30,37,29,30,37,30,30,44.00,41.00,30.370,0.282,2.7976,sat down ~19:22Z from 45/46C
3045.19,2026-09-28T20:17:56Z,501,32.0000,30.0000,31.0000,31.0000,30.0000,30.0000,37.0000,29.0000,30.0000,37.0000,29.4651,30.0000,32,30,31,31,30,30,37,29,30,37,29,30,32,30,31,31,30,30,37,29,30,37,30,30,44.00,41.00,30.370,0.282,2.7976,sat down ~19:22Z from 45/46C
3046.19,2026-09-28T20:17:57Z,500,32.0000,30.0000,31.0000,31.0000,30.0000,30.0000,37.0000,29.0000,30.0000,37.0000,29.2800,30.0000,32,30,31,31,30,30,37,29,30,37,29,30,32,30,31,31,30,30,37,29,30,37,30,30,44.00,41.00,30.370,0.277,2.7976,sat down ~19:22Z from 45/46C
3047.19,2026-09-28T20:17:58Z,500,32.0000,30.0000,31.0000,31.0000,30.0000,30.0000,37.0000,29.0000,30.0000,37.0000,29.2620,30.0000,32,30,31,31,30,30,37,29,30,37,29,30,32,30,31,31,30,30,37,29,30,37,30,30,44.00,41.00,30.370,0.280,2.7976,sat down ~19:22Z from 45/46C
3048.19,2026-09-28T20:17:59Z,500,32.0000,30.0000,31.0000,31.0000,30.0000,30.0000,37.0000,29.0000,30.0000,37.0000,29.2060,30.0000,32,30,31,31,30,30,37,29,30,37,29,30,32,30,31,31,30,30,37,29,30,37,30,30,44.00,41.00,30.370,0.279,2.7976,sat down ~19:22Z from 45/46C
3049.19,2026-09-28T20:18:00Z,501,32.0000,30.0000,31.0000,31.0000,30.0000,30.0000,37.0000,29.0000,30.0000,37.0000,29.3433,30.0000,32,30,31,31,30,30,37,29,30,37,29,30,32,30,31,31,30,30,37,29,30,37,30,30,44.00,41.00,30.369,0.281,2.7976,sat down ~19:22Z from 45/46C
3050.19,2026-09-28T20:18:01Z,500,32.0000,30.0000,31.0000,31.0000,30.0000,30.0000,37.0000,29.0000,30.0000,37.0000,29.3140,30.0000,32,30,31,31,30,30,37,29,30,37,29,30,32,30,31,31,30,30,37,29,30,37,30,30,44.00,41.00,30.369,0.282,2.7976,sat down ~19:22Z from 45/46C
3051.19,2026-09-28T20:18:02Z,502,32.0000,30.0000,31.0000,31.0000,30.0000,30.0000,37.0000,29.0000,30.0000,37.0000,29.4163,30.0000,32,30,31,31,30,30,37,29,30,37,29,30,32,30,31,31,30,30,37,29,30,37,30,30,44.00,41.00,30.369,0.285,2.7976,sat down ~19:22Z from 45/46C
3052.20,2026-09-28T20:18:03Z,500,32.0000,30.0000,31.0000,31.0000,30.0000,30.0000,37.0000,29.0000,30.0000,37.0000,29.5300,30.0000,32,30,31,31,30,30,37,29,30,37,29,30,32,30,31,31,30,30,37,29,30,37,30,30,44.00,41.00,30.369,0.280,2.7976,sat down ~19:22Z from 45/46C
3053.20,2026-09-28T20:18:04Z,501,32.0000,30.0000,31.0000,31.0000,30.0000,30.0000,37.0000,29.0000,30.0000,37.0000,29.5669,30.0000,32,30,31,31,30,30,37,29,30,37,29,30,32,30,31,31,30,30,37,29,30,37,30,30,44.00,41.00,30.368,0.282,2.7976,sat down ~19:22Z from 45/46C
3054.20,2026-09-28T20:18:05Z,500,32.0000,30.0000,31.0000,31.0000,30.0000,30.0000,37.0000,29.0000,30.0000,37.0000,29.5400,30.0000,32,30,31,31,30,30,37,29,30,37,29,30,32,30,31,31,30,30,37,29,30,37,30,30,44.00,41.00,30.368,0.282,2.7976,sat down ~19:22Z from 45/46C
3055.20,2026-09-28T20:18:06Z,501,32.0000,30.0000,31.0000,31.0000,30.0000,30.0000,37.0000,29.0000,30.0000,37.0000,29.6527,30.0000,32,30,31,31,30,30,37,29,30,37,29,30,32,30,31,31,30,30,37,29,30,37,30,30,44.00,41.00,30.368,0.281,2.7976,sat down ~19:22Z from 45/46C
3056.20,2026-09-28T20:18:07Z,501,32.0000,30.0000,31.0000,31.0000,30.0000,30.0000,37.0000,29.0000,30.0000,37.0000,29.5609,30.0000,32,30,31,31,30,30,37,29,30,37,29,30,32,30,31,31,30,30,37,29,30,37,30,30,44.00,41.00,30.368,0.279,2.7976,sat down ~19:22Z from 45/46C
3057.20,2026-09-28T20:18:08Z,500,32.0000,30.0000,31.0000,31.0000,30.0000,30.0000,37.0000,29.0000,30.0000,37.0000,29.5360,30.0000,32,30,31,31,30,30,37,29,30,37,29,30,32,30,31,31,30,30,37,29,30,37,30,30,44.00,41.00,30.368,0.279,2.7976,sat down ~19:22Z from 45/46C
3058.20,2026-09-28T20:18:09Z,501,32.0000,30.0000,31.0000,31.0000,30.0000,30.0000,37.0000,29.0000,30.0000,37.0000,29.4571,30.0000,32,30,31,31,30,30,37,29,30,37,29,30,32,30,31,31,30,30,37,29,30,37,30,30,44.00,41.00,30.367,0.278,2.7976,sat down ~19:22Z from 45/46C
3059.21,2026-09-28T20:18:10Z,500,32.0000,30.0000,31.0000,31.0000,30.0000,30.0000,37.0000,29.0000,30.0000,37.0000,29.4600,30.0000,32,30,31,31,30,30,37,29,30,37,29,30,32,30,31,31,30,30,37,29,30,37,30,30,44.00,41.00,30.367,0.277,2.7976,sat down ~19:22Z from 45/46C
3060.21,2026-09-28T20:18:11Z,501,32.0000,30.0000,31.0000,31.0000,30.0000,30.0000,37.0000,29.0000,30.0000,37.0000,29.5150,30.0000,32,30,31,31,30,30,37,29,30,37,29,30,32,30,31,31,30,30,37,29,30,37,30,30,44.00,41.00,30.367,0.278,2.7976,sat down ~19:22Z from 45/46C
3061.21,2026-09-28T20:18:12Z,500,32.0000,30.0000,31.0000,31.0000,30.0000,30.0000,37.0000,29.0000,30.0000,37.0000,29.5300,30.0000,32,30,31,31,30,30,37,29,30,37,29,30,32,30,31,31,30,30,37,29,30,37,30,30,44.00,41.00,30.366,0.281,2.7976,sat down ~19:22Z from 45/46C
3062.21,2026-09-28T20:18:13Z,500,32.0000,30.0000,31.0000,31.0000,30.0000,30.0000,37.0000,29.0000,30.0000,37.0000,29.6680,30.0000,32,30,31,31,30,30,37,29,30,37,29,30,32,30,31,31,30,30,37,29,30,37,30,30,44.00,41.00,30.366,0.283,2.7976,sat down ~19:22Z from 45/46C
3063.21,2026-09-28T20:18:14Z,501,32.0000,30.0000,31.0000,31.0000,30.0000,30.0000,37.0000,29.0000,30.0000,37.0000,29.7385,30.0000,32,30,31,31,30,30,37,29,30,37,29,30,32,30,31,31,30,30,37,29,30,37,30,30,44.00,41.00,30.366,0.279,2.7976,sat down ~19:22Z from 45/46C
3064.21,2026-09-28T20:18:15Z,501,32.0000,30.0000,31.0000,31.0000,30.0000,30.0000,37.0000,29.0000,30.0000,37.0000,29.8184,30.0000,32,30,31,31,30,30,37,29,30,37,29,30,32,30,31,31,30,30,37,29,30,37,30,30,44.00,41.00,30.366,0.283,2.7976,sat down ~19:22Z from 45/46C
3065.21,2026-09-28T20:18:16Z,501,32.0000,30.0000,31.0000,31.0000,30.0000,30.0000,37.0000,29.0000,30.0000,37.0000,29.7904,30.0000,32,30,31,31,30,30,37,29,30,37,29,30,32,30,31,31,30,30,37,29,30,37,30,30,44.00,41.00,30.365,0.285,2.7976,sat down ~19:22Z from 45/46C
3066.21,2026-09-28T20:18:17Z,500,32.0000,30.0000,31.0000,31.0000,30.0000,30.0000,37.0000,29.0000,30.0000,37.0000,29.8480,30.0000,32,30,31,31,30,30,37,29,30,37,29,30,32,30,31,31,30,30,37,29,30,37,30,30,44.00,41.00,30.366,0.284,2.7976,sat down ~19:22Z from 45/46C
3067.21,2026-09-28T20:18:18Z,500,32.0000,30.0000,31.0000,31.0000,30.0000,30.0000,37.0000,29.0000,30.0000,37.0000,29.7860,30.0000,32,30,31,31,30,30,37,29,30,37,29,30,32,30,31,31,30,30,37,29,30,37,30,30,44.00,41.00,30.366,0.278,2.7976,sat down ~19:22Z from 45/46C
3068.22,2026-09-28T20:18:19Z,501,32.0000,30.0000,31.0000,31.0000,30.0000,30.0000,37.0000,29.0000,30.0000,37.0000,29.7804,30.0000,32,30,31,31,30,30,37,29,30,37,29,30,32,30,31,31,30,30,37,29,30,37,30,30,44.00,41.00,30.365,0.280,2.7976,sat down ~19:22Z from 45/46C
3069.22,2026-09-28T20:18:20Z,499,32.0000,30.0000,31.0000,31.0000,30.0000,30.0000,37.0000,29.0000,30.0000,37.0000,29.5731,30.0000,32,30,31,31,30,30,37,29,30,37,29,30,32,30,31,31,30,30,37,29,30,37,30,30,44.00,41.00,30.365,0.284,2.7976,sat down ~19:22Z from 45/46C
3070.22,2026-09-28T20:18:21Z,501,32.0000,30.0000,31.0000,31.0000,30.0000,30.0000,37.0000,29.0000,30.0000,37.0000,29.5409,30.0000,32,30,31,31,30,30,37,29,30,37,29,30,32,30,31,31,30,30,37,29,30,37,30,30,44.00,41.00,30.365,0.286,2.7976,sat down ~19:22Z from 45/46C
3071.22,2026-09-28T20:18:22Z,500,32.0000,30.0000,31.0000,31.0000,30.0000,30.0000,37.0000,29.0000,30.0000,37.0000,29.4040,30.0000,32,30,31,31,30,30,37,29,30,37,29,30,32,30,31,31,30,30,37,29,30,37,30,30,44.00,41.00,30.365,0.281,2.7976,sat down ~19:22Z from 45/46C
3072.22,2026-09-28T20:18:23Z,501,32.0000,30.0000,31.0000,31.0000,30.0000,30.0000,37.0000,29.0000,30.0000,37.0000,29.1717,30.0000,32,30,31,31,30,30,37,29,30,37,29,30,32,30,31,31,30,30,37,29,30,37,30,30,44.00,41.00,30.364,0.283,2.7976,sat down ~19:22Z from 45/46C
3073.22,2026-09-28T20:18:24Z,500,32.0000,30.0000,31.0000,31.0000,30.0000,30.0000,37.0000,29.0000,30.0000,37.0000,29.0580,30.0000,32,30,31,31,30,30,37,29,30,37,29,30,32,30,31,31,30,30,37,29,30,37,30,30,44.00,41.00,30.364,0.286,2.7976,sat down ~19:22Z from 45/46C
3074.22,2026-09-28T20:18:25Z,501,32.0000,30.0000,31.0000,31.0000,30.0000,30.0000,37.0000,29.0000,30.0000,37.0000,29.0080,30.0000,32,30,31,31,30,30,37,29,30,37,29,30,32,30,31,31,30,30,37,29,30,37,30,30,44.00,41.00,30.364,0.283,2.7976,sat down ~19:22Z from 45/46C
3075.22,2026-09-28T20:18:26Z,501,32.0000,30.0000,31.0000,31.0000,30.0000,30.0000,37.0000,29.0000,30.0000,37.0000,29.0000,30.0000,32,30,31,31,30,30,37,29,30,37,29,30,32,30,31,31,30,30,37,29,30,37,29,30,44.00,41.00,30.364,0.281,2.7976,sat down ~19:22Z from 45/46C
3076.22,2026-09-28T20:18:27Z,500,32.0000,30.0000,31.0000,31.0000,30.0000,30.0000,37.0000,29.0000,30.0000,37.0000,29.0000,30.0000,32,30,31,31,30,30,37,29,30,37,29,30,32,30,31,31,30,30,37,29,30,37,29,30,44.00,41.00,30.363,0.279,2.7976,sat down ~19:22Z from 45/46C
3077.23,2026-09-28T20:18:28Z,501,32.0000,30.0000,31.0000,31.0000,30.0000,30.0000,37.0000,29.0000,30.0000,37.0000,29.0000,30.0000,32,30,31,31,30,30,37,29,30,37,29,30,32,30,31,31,30,30,37,29,30,37,29,30,44.00,41.00,30.363,0.283,2.7976,sat down ~19:22Z from 45/46C
3078.23,2026-09-28T20:18:29Z,500,32.0000,30.0000,31.0000,31.0000,30.0000,30.0000,37.0000,29.0000,30.0000,37.0000,29.0000,30.0000,32,30,31,31,30,30,37,29,30,37,29,30,32,30,31,31,30,30,37,29,30,37,29,30,44.00,41.00,30.363,0.280,2.7976,sat down ~19:22Z from 45/46C
3079.23,2026-09-28T20:18:30Z,501,32.0000,30.0000,31.0000,31.0000,30.0000,30.0000,37.0000,29.0000,30.0000,37.0000,29.0000,30.0000,32,30,31,31,30,30,37,29,30,37,29,30,32,30,31,31,30,30,37,29,30,37,29,30,44.00,41.00,30.363,0.283,2.7976,sat down ~19:22Z from 45/46C
3080.23,2026-09-28T20:18:31Z,500,32.0000,30.0000,31.0000,31.0000,30.0000,30.0000,37.0000,29.0000,30.0000,37.0000,29.0000,30.0000,32,30,31,31,30,30,37,29,30,37,29,30,32,30,31,31,30,30,37,29,30,37,29,30,44.00,41.00,30.363,0.282,2.7976,sat down ~19:22Z from 45/46C
3081.23,2026-09-28T20:18:32Z,501,32.0000,30.0000,31.0000,31.0000,30.0000,30.0000,37.0000,29.0000,30.0000,37.0000,29.0000,30.0000,32,30,31,31,30,30,37,29,30,37,29,30,32,30,31,31,30,30,37,29,30,37,29,30,44.00,41.00,30.362,0.280,2.7976,sat down ~19:22Z from 45/46C
3082.23,2026-09-28T20:18:33Z,500,32.0000,30.0000,31.0000,31.0000,30.0000,30.0000,37.0000,29.0000,30.0000,37.0000,29.0000,30.0000,32,30,31,31,30,30,37,29,30,37,29,30,32,30,31,31,30,30,37,29,30,37,29,30,44.00,41.00,30.362,0.278,2.7976,sat down ~19:22Z from 45/46C
3083.23,2026-09-28T20:18:34Z,500,32.0000,30.0000,31.0000,31.0000,30.0000,30.0000,37.0000,29.0000,30.0000,37.0000,29.0000,30.0000,32,30,31,31,30,30,37,29,30,37,29,30,32,30,31,31,30,30,37,29,30,37,29,30,44.00,41.00,30.362,0.279,2.7976,sat down ~19:22Z from 45/46C
3084.23,2026-09-28T20:18:35Z,501,32.0000,30.0000,31.0000,31.0000,30.0000,30.0000,37.0000,29.0000,30.0000,37.0000,29.0000,30.0000,32,30,31,31,30,30,37,29,30,37,29,30,32,30,31,31,30,30,37,29,30,37,29,30,44.00,41.00,30.361,0.279,2.7976,sat down ~19:22Z from 45/46C
3085.24,2026-09-28T20:18:36Z,501,32.0000,30.0000,31.0000,31.0000,30.0000,30.0000,37.0000,29.0000,30.0000,37.0000,29.0000,30.0000,32,30,31,31,30,30,37,29,30,37,29,30,32,30,31,31,30,30,37,29,30,37,29,30,44.00,41.00,30.362,0.281,2.7976,sat down ~19:22Z from 45/46C
3086.24,2026-09-28T20:18:37Z,501,32.0000,30.0000,31.0000,31.0000,30.0000,30.0000,37.0000,29.0000,30.0000,37.0000,29.0000,30.0000,32,30,31,31,30,30,37,29,30,37,29,30,32,30,31,31,30,30,37,29,30,37,29,30,44.00,41.00,30.361,0.281,2.7976,sat down ~19:22Z from 45/46C
3087.24,2026-09-28T20:18:38Z,501,32.0000,30.0000,31.0000,31.0000,30.0000,30.0000,37.0000,29.0000,30.0000,37.0000,29.0000,30.0000,32,30,31,31,30,30,37,29,30,37,29,30,32,30,31,31,30,30,37,29,30,37,29,30,44.00,41.00,30.361,0.280,2.7976,sat down ~19:22Z from 45/46C
3088.24,2026-09-28T20:18:39Z,500,32.0000,30.0000,31.0000,31.0000,30.0000,30.0000,37.0000,29.0000,30.0000,37.0000,29.0000,30.0000,32,30,31,31,30,30,37,29,30,37,29,30,32,30,31,31,30,30,37,29,30,37,29,30,44.00,41.00,30.360,0.277,2.7976,sat down ~19:22Z from 45/46C
3089.24,2026-09-28T20:18:40Z,501,32.0000,30.0000,31.0000,31.0000,30.0000,30.0000,37.0000,29.0000,30.0000,37.0000,29.0000,30.0000,32,30,31,31,30,30,37,29,30,37,29,30,32,30,31,31,30,30,37,29,30,37,29,30,44.00,41.00,30.360,0.280,2.7976,sat down ~19:22Z from 45/46C
3090.24,2026-09-28T20:18:41Z,501,32.0000,30.0000,31.0000,31.0000,30.0000,30.0000,37.0000,29.0000,30.0000,37.0000,29.0000,30.0000,32,30,31,31,30,30,37,29,30,37,29,30,32,30,31,31,30,30,37,29,30,37,29,30,44.00,41.00,30.360,0.280,2.7976,sat down ~19:22Z from 45/46C
3091.25,2026-09-28T20:18:42Z,501,32.0000,30.0000,31.0000,31.0000,30.0000,30.0000,37.0000,29.0000,30.0000,37.0000,29.0000,30.0000,32,30,31,31,30,30,37,29,30,37,29,30,32,30,31,31,30,30,37,29,30,37,29,30,44.00,41.00,30.360,0.277,2.7976,sat down ~19:22Z from 45/46C
3092.25,2026-09-28T20:18:43Z,499,32.0000,30.0000,31.0000,31.0000,30.0000,30.0000,37.0000,29.0000,30.0000,37.0000,29.0000,30.0000,32,30,31,31,30,30,37,29,30,37,29,30,32,30,31,31,30,30,37,29,30,37,29,30,44.00,41.00,30.360,0.280,2.7976,sat down ~19:22Z from 45/46C
3093.25,2026-09-28T20:18:44Z,501,32.0000,30.0000,31.0000,31.0000,30.0000,30.0000,37.0000,29.0000,30.0000,37.0000,29.0000,30.0000,32,30,31,31,30,30,37,29,30,37,29,30,32,30,31,31,30,30,37,29,30,37,29,30,44.00,41.00,30.360,0.278,2.7976,sat down ~19:22Z from 45/46C
3094.25,2026-09-28T20:18:45Z,501,32.0000,30.0000,31.0000,31.0000,30.0000,30.0000,37.0000,29.0000,30.0000,37.0000,29.0000,30.0000,32,30,31,31,30,30,37,29,30,37,29,30,32,30,31,31,30,30,37,29,30,37,29,30,44.00,41.00,30.359,0.279,2.7976,sat down ~19:22Z from 45/46C
3095.25,2026-09-28T20:18:46Z,501,32.0000,30.0000,31.0000,31.0000,30.0000,30.0000,37.0000,29.0000,30.0000,37.0000,29.0000,30.0000,32,30,31,31,30,30,37,29,30,37,29,30,32,30,31,31,30,30,37,29,30,37,29,30,44.00,41.00,30.359,0.279,2.7976,sat down ~19:22Z from 45/46C
3096.26,2026-09-28T20:18:47Z,501,32.0000,30.0000,31.0000,31.0000,30.0000,30.0000,37.0000,29.0000,30.0000,37.0000,29.0000,30.0000,32,30,31,31,30,30,37,29,30,37,29,30,32,30,31,31,30,30,37,29,30,37,29,30,44.00,41.00,30.359,0.279,2.7976,sat down ~19:22Z from 45/46C
3097.26,2026-09-28T20:18:48Z,501,32.0000,30.0000,31.0000,31.0000,30.0000,30.0000,37.0000,29.0000,30.0000,37.0000,29.0000,30.0000,32,30,31,31,30,30,37,29,30,37,29,30,32,30,31,31,30,30,37,29,30,37,29,30,44.00,41.00,30.359,0.281,2.7976,sat down ~19:22Z from 45/46C
3098.26,2026-09-28T20:18:49Z,500,32.0000,30.0000,31.0000,31.0000,30.0000,30.0000,37.0000,29.0000,30.0000,37.0000,29.0000,30.0000,32,30,31,31,30,30,37,29,30,37,29,30,32,30,31,31,30,30,37,29,30,37,29,30,44.00,41.00,30.358,0.284,2.7976,sat down ~19:22Z from 45/46C
3099.26,2026-09-28T20:18:50Z,501,32.0000,30.0000,31.0000,31.0000,30.0000,30.0000,37.0000,29.0000,30.0000,37.0000,29.0000,30.0000,32,30,31,31,30,30,37,29,30,37,29,30,32,30,31,31,30,30,37,29,30,37,29,30,44.00,41.00,30.358,0.279,2.7976,sat down ~19:22Z from 45/46C
3100.26,2026-09-28T20:18:51Z,501,32.0000,30.0000,31.0000,31.0000,30.0000,30.0000,37.0000,29.0000,30.0000,37.0000,29.0000,30.0000,32,30,31,31,30,30,37,29,30,37,29,30,32,30,31,31,30,30,37,29,30,37,29,30,44.00,41.00,30.358,0.277,2.7976,sat down ~19:22Z from 45/46C
3101.26,2026-09-28T20:18:52Z,501,32.0000,30.0000,31.0000,31.0000,30.0000,30.0000,37.0000,29.0000,30.0000,37.0000,29.0000,30.0000,32,30,31,31,30,30,37,29,30,37,29,30,32,30,31,31,30,30,37,29,30,37,29,30,44.00,41.00,30.359,0.279,2.7976,sat down ~19:22Z from 45/46C
3102.26,2026-09-28T20:18:53Z,500,32.0000,30.0000,31.0000,31.0000,30.0000,30.0000,37.0000,29.0000,30.0000,37.0000,29.0000,30.0000,32,30,31,31,30,30,37,29,30,37,29,30,32,30,31,31,30,30,37,29,30,37,29,30,44.00,41.00,30.358,0.278,2.7976,sat down ~19:22Z from 45/46C
3103.26,2026-09-28T20:18:54Z,500,32.0000,30.0000,31.0000,31.0000,30.0000,30.0000,37.0000,29.0000,30.0000,37.0000,29.0000,30.0000,32,30,31,31,30,30,37,29,30,37,29,30,32,30,31,31,30,30,37,29,30,37,29,30,44.00,41.00,30.357,0.281,2.7976,sat down ~19:22Z from 45/46C
3104.27,2026-09-28T20:18:55Z,501,32.0000,30.0000,31.0000,31.0000,30.0000,30.0000,37.0000,29.0000,30.0000,37.0000,29.0000,30.0000,32,30,31,31,30,30,37,29,30,37,29,30,32,30,31,31,30,30,37,29,30,37,29,30,44.00,41.00,30.357,0.281,2.7976,sat down ~19:22Z from 45/46C
3105.27,2026-09-28T20:18:56Z,501,32.0000,30.0000,31.0000,31.0000,30.0000,30.0000,37.0000,29.0000,30.0000,37.0000,29.0000,30.0000,32,30,31,31,30,30,37,29,30,37,29,30,32,30,31,31,30,30,37,29,30,37,29,30,44.00,41.00,30.357,0.277,2.7976,sat down ~19:22Z from 45/46C
3106.27,2026-09-28T20:18:57Z,500,32.0000,30.0000,31.0000,31.0000,30.0000,30.0000,37.0000,29.0000,30.0000,37.0000,29.0000,30.0000,32,30,31,31,30,30,37,29,30,37,29,30,32,30,31,31,30,30,37,29,30,37,29,30,44.00,41.00,30.357,0.282,2.7976,sat down ~19:22Z from 45/46C
3107.27,2026-09-28T20:18:58Z,501,32.0000,30.0000,31.0000,31.0000,30.0000,30.0000,37.0000,29.0000,30.0000,37.0000,29.0000,30.0000,32,30,31,31,30,30,37,29,30,37,29,30,32,30,31,31,30,30,37,29,30,37,29,30,44.00,41.00,30.357,0.282,2.7976,sat down ~19:22Z from 45/46C
3108.27,2026-09-28T20:18:59Z,500,32.0000,30.0000,31.0000,31.0000,30.0000,30.0000,37.0000,29.0000,30.0000,37.0000,29.0000,30.0000,32,30,31,31,30,30,37,29,30,37,29,30,32,30,31,31,30,30,37,29,30,37,29,30,44.00,41.00,30.357,0.281,2.7976,sat down ~19:22Z from 45/46C
3109.27,2026-09-28T20:19:00Z,501,32.0000,30.0000,31.0000,31.0000,30.0000,30.0000,37.0000,29.0000,30.0000,37.0000,29.0000,30.0000,32,30,31,31,30,30,37,29,30,37,29,30,32,30,31,31,30,30,37,29,30,37,29,30,44.00,41.00,30.356,0.279,2.7976,sat down ~19:22Z from 45/46C
3110.27,2026-09-28T20:19:01Z,501,32.0000,30.0000,31.0000,31.0000,30.0000,30.0000,37.0000,29.0000,30.0000,37.0000,29.0000,30.0000,32,30,31,31,30,30,37,29,30,37,29,30,32,30,31,31,30,30,37,29,30,37,29,30,44.00,41.00,30.356,0.282,2.7976,sat down ~19:22Z from 45/46C
3111.27,2026-09-28T20:19:02Z,500,32.0000,30.0000,31.0000,31.0000,30.0000,30.0000,37.0000,29.0000,30.0000,37.0000,29.0000,30.0000,32,30,31,31,30,30,37,29,30,37,29,30,32,30,31,31,30,30,37,29,30,37,29,30,44.00,41.00,30.356,0.282,2.7976,sat down ~19:22Z from 45/46C
3112.28,2026-09-28T20:19:03Z,501,32.0000,30.0000,31.0000,31.0000,30.0000,30.0000,37.0000,29.0000,30.0000,37.0000,29.0000,30.0000,32,30,31,31,30,30,37,29,30,37,29,30,32,30,31,31,30,30,37,29,30,37,29,30,44.00,41.00,30.356,0.282,2.7976,sat down ~19:22Z from 45/46C
3113.28,2026-09-28T20:19:04Z,501,32.0000,30.0000,31.0000,31.0000,30.0000,30.0000,37.0000,29.0000,30.0000,37.0000,29.0000,30.0000,32,30,31,31,30,30,37,29,30,37,29,30,32,30,31,31,30,30,37,29,30,37,29,30,44.00,41.00,30.355,0.281,2.7976,sat down ~19:22Z from 45/46C
3114.28,2026-09-28T20:19:05Z,500,32.0000,30.0000,31.0000,31.0000,30.0000,30.0000,37.0000,29.0000,30.0000,37.0000,29.0000,30.0000,32,30,31,31,30,30,37,29,30,37,29,30,32,30,31,31,30,30,37,29,30,37,29,30,44.00,41.00,30.355,0.280,2.7976,sat down ~19:22Z from 45/46C
3115.28,2026-09-28T20:19:06Z,500,32.0000,30.0000,31.0000,31.0000,30.0000,30.0000,37.0000,29.0000,30.0000,37.0000,29.0000,30.0000,32,30,31,31,30,30,37,29,30,37,29,30,32,30,31,31,30,30,37,29,30,37,29,30,44.00,41.00,30.354,0.281,2.7976,sat down ~19:22Z from 45/46C
3116.28,2026-09-28T20:19:07Z,501,32.0000,30.0000,31.0000,31.0000,30.0000,30.0000,37.0000,29.0000,30.0000,37.0000,29.0000,30.0000,32,30,31,31,30,30,37,29,30,37,29,30,32,30,31,31,30,30,37,29,30,37,29,30,44.00,41.00,30.354,0.284,2.7976,sat down ~19:22Z from 45/46C
3117.28,2026-09-28T20:19:08Z,501,32.0000,30.0000,31.0000,31.0000,30.0000,30.0000,37.0000,29.0000,30.0000,37.0000,29.0000,30.0000,32,30,31,31,30,30,37,29,30,37,29,30,32,30,31,31,30,30,37,29,30,37,29,30,44.00,41.00,30.354,0.282,2.7976,sat down ~19:22Z from 45/46C
3118.28,2026-09-28T20:19:09Z,500,32.0000,30.0000,31.0000,31.0000,30.0000,30.0000,37.0000,29.0000,30.0000,37.0000,29.0000,30.0000,32,30,31,31,30,30,37,29,30,37,29,30,32,30,31,31,30,30,37,29,30,37,29,30,44.00,41.00,30.354,0.279,2.7976,sat down ~19:22Z from 45/46C
3119.28,2026-09-28T20:19:10Z,501,32.0000,30.0000,31.0000,31.0000,30.0000,30.0000,37.0000,29.0000,30.0000,37.0000,29.0000,30.0000,32,30,31,31,30,30,37,29,30,37,29,30,32,30,31,31,30,30,37,29,30,37,29,30,44.00,41.00,30.353,0.284,2.7976,sat down ~19:22Z from 45/46C
3120.28,2026-09-28T20:19:11Z,500,32.0000,30.0000,31.0000,31.0000,30.0000,30.0000,37.0000,29.0000,30.0000,37.0000,29.0000,30.0000,32,30,31,31,30,30,37,29,30,37,29,30,32,30,31,31,30,30,37,29,30,37,29,30,44.00,41.00,30.353,0.284,2.7976,sat down ~19:22Z from 45/46C
3121.28,2026-09-28T20:19:12Z,499,32.0000,30.0000,31.0000,31.0000,30.0000,30.0000,37.0000,29.0000,30.0000,37.0000,29.0000,30.0000,32,30,31,31,30,30,37,29,30,37,29,30,32,30,31,31,30,30,37,29,30,37,29,30,44.00,41.00,30.353,0.284,2.7976,sat down ~19:22Z from 45/46C
3122.29,2026-09-28T20:19:13Z,500,32.0000,30.0000,31.0000,31.0000,30.0000,30.0000,37.0000,29.0000,30.0000,37.0000,29.0000,30.0000,32,30,31,31,30,30,37,29,30,37,29,30,32,30,31,31,30,30,37,29,30,37,29,30,44.00,41.00,30.353,0.285,2.7976,sat down ~19:22Z from 45/46C
3123.29,2026-09-28T20:19:14Z,500,32.0000,30.0000,31.0000,31.0000,30.0000,30.0000,37.0000,29.0000,30.0000,37.0000,29.0000,30.0000,32,30,31,31,30,30,37,29,30,37,29,30,32,30,31,31,30,30,37,29,30,37,29,30,44.00,41.00,30.353,0.280,2.7976,sat down ~19:22Z from 45/46C
3124.29,2026-09-28T20:19:15Z,501,32.0000,30.0000,31.0000,31.0000,30.0000,30.0000,37.0000,29.0000,30.0000,37.0000,29.0000,30.0000,32,30,31,31,30,30,37,29,30,37,29,30,32,30,31,31,30,30,37,29,30,37,29,30,44.00,41.00,30.353,0.283,2.7976,sat down ~19:22Z from 45/46C
3125.29,2026-09-28T20:19:16Z,500,32.0000,30.0000,31.0000,31.0000,30.0000,30.0000,37.0000,29.0000,30.0000,37.0000,29.0000,30.0000,32,30,31,31,30,30,37,29,30,37,29,30,32,30,31,31,30,30,37,29,30,37,29,30,44.00,41.00,30.352,0.282,2.7976,sat down ~19:22Z from 45/46C
3126.29,2026-09-28T20:19:17Z,500,32.0000,30.0000,31.0000,31.0000,30.0000,30.0000,37.0000,29.0000,30.0000,37.0000,29.0000,30.0000,32,30,31,31,30,30,37,29,30,37,29,30,32,30,31,31,30,30,37,29,30,37,29,30,44.00,41.00,30.352,0.283,2.7976,sat down ~19:22Z from 45/46C
3127.29,2026-09-28T20:19:18Z,501,32.0000,30.0000,31.0000,31.0000,30.0000,30.0000,37.0000,29.0000,30.0000,37.0000,29.0000,30.0000,32,30,31,31,30,30,37,29,30,37,29,30,32,30,31,31,30,30,37,29,30,37,29,30,44.00,41.00,30.352,0.282,2.7976,sat down ~19:22Z from 45/46C
3128.29,2026-09-28T20:19:19Z,501,32.0000,30.0000,31.0000,31.0000,30.0000,30.0000,37.0000,29.0000,30.0000,37.0000,29.0000,30.0000,32,30,31,31,30,30,37,29,30,37,29,30,32,30,31,31,30,30,37,29,30,37,29,30,44.00,41.00,30.352,0.281,2.7976,sat down ~19:22Z from 45/46C
3129.29,2026-09-28T20:19:20Z,500,32.0000,30.0000,31.0000,31.0000,30.0000,30.0000,37.0000,29.0000,30.0000,37.0000,29.0000,30.0000,32,30,31,31,30,30,37,29,30,37,29,30,32,30,31,31,30,30,37,29,30,37,29,30,44.00,41.00,30.351,0.283,2.7976,sat down ~19:22Z from 45/46C
3130.30,2026-09-28T20:19:21Z,501,32.0000,30.0000,31.0000,31.0000,30.0000,30.0000,37.0000,29.0000,30.0000,37.0000,29.0080,30.0000,32,30,31,31,30,30,37,29,30,37,29,30,32,30,31,31,30,30,37,29,30,37,30,30,44.00,41.00,30.352,0.287,2.7976,sat down ~19:22Z from 45/46C
3131.30,2026-09-28T20:19:22Z,500,32.0000,30.0000,31.0000,31.0000,30.0000,30.0000,37.0000,29.0000,30.0000,37.0000,29.0320,30.0000,32,30,31,31,30,30,37,29,30,37,29,30,32,30,31,31,30,30,37,29,30,37,30,30,44.00,41.00,30.351,0.286,2.7976,sat down ~19:22Z from 45/46C
3132.30,2026-09-28T20:19:23Z,501,32.0000,30.0000,31.0000,31.0000,30.0000,30.0000,37.0000,29.0000,30.0000,37.0000,29.0060,30.0000,32,30,31,31,30,30,37,29,30,37,29,30,32,30,31,31,30,30,37,29,30,37,30,30,44.00,41.00,30.351,0.286,2.7976,sat down ~19:22Z from 45/46C
3133.30,2026-09-28T20:19:24Z,499,32.0000,30.0000,31.0000,31.0000,30.0000,30.0000,37.0000,29.0000,30.0000,37.0000,29.0060,30.0000,32,30,31,31,30,30,37,29,30,37,29,30,32,30,31,31,30,30,37,29,30,37,30,30,44.00,41.00,30.351,0.288,2.7976,sat down ~19:22Z from 45/46C
3134.30,2026-09-28T20:19:25Z,500,32.0000,30.0000,31.0000,31.0000,30.0000,30.0000,37.0000,29.0000,30.0000,37.0000,29.0000,30.0000,32,30,31,31,30,30,37,29,30,37,29,30,32,30,31,31,30,30,37,29,30,37,29,30,44.00,41.00,30.350,0.284,2.7976,sat down ~19:22Z from 45/46C
3135.30,2026-09-28T20:19:26Z,501,32.0000,30.0000,31.0000,31.0000,30.0000,30.0000,37.0000,29.0000,30.0000,37.0000,29.0000,30.0000,32,30,31,31,30,30,37,29,30,37,29,30,32,30,31,31,30,30,37,29,30,37,29,30,44.00,41.00,30.350,0.285,2.7976,sat down ~19:22Z from 45/46C
3136.30,2026-09-28T20:19:27Z,500,32.0000,30.0000,31.0000,31.0000,30.0000,30.0000,37.0000,29.0000,30.0000,37.0000,29.0060,30.0000,32,30,31,31,30,30,37,29,30,37,29,30,32,30,31,31,30,30,37,29,30,37,30,30,44.00,41.00,30.350,0.284,2.7976,sat down ~19:22Z from 45/46C
3137.30,2026-09-28T20:19:28Z,501,32.0000,30.0000,31.0000,31.0000,30.0000,30.0000,37.0000,29.0000,30.0000,37.0000,29.0000,30.0000,32,30,31,31,30,30,37,29,30,37,29,30,32,30,31,31,30,30,37,29,30,37,29,30,44.00,41.00,30.349,0.284,2.7976,sat down ~19:22Z from 45/46C
3138.31,2026-09-28T20:19:29Z,501,32.0000,30.0000,31.0000,31.0000,30.0000,30.0000,37.0000,29.0000,30.0000,37.0000,29.0000,30.0000,32,30,31,31,30,30,37,29,30,37,29,30,32,30,31,31,30,30,37,29,30,37,29,30,44.00,41.00,30.349,0.285,2.7976,sat down ~19:22Z from 45/46C
3139.31,2026-09-28T20:19:30Z,501,32.0000,30.0000,31.0000,31.0000,30.0000,30.0000,37.0000,29.0000,30.0000,37.0000,29.0000,30.0000,32,30,31,31,30,30,37,29,30,37,29,30,32,30,31,31,30,30,37,29,30,37,29,30,44.00,41.00,30.349,0.283,2.7976,sat down ~19:22Z from 45/46C
3140.31,2026-09-28T20:19:31Z,501,32.0000,30.0000,31.0000,31.0000,30.0000,30.0000,37.0000,29.0000,30.0000,37.0000,29.0100,30.0000,32,30,31,31,30,30,37,29,30,37,29,30,32,30,31,31,30,30,37,29,30,37,30,30,44.00,41.00,30.349,0.281,2.7976,sat down ~19:22Z from 45/46C
3141.31,2026-09-28T20:19:32Z,500,32.0000,30.0000,31.0000,31.0000,30.0000,30.0000,37.0000,29.0000,30.0000,37.0000,29.0220,30.0000,32,30,31,31,30,30,37,29,30,37,29,30,32,30,31,31,30,30,37,29,30,37,30,30,44.00,41.00,30.349,0.284,2.7976,sat down ~19:22Z from 45/46C
3142.31,2026-09-28T20:19:33Z,501,32.0000,30.0000,31.0000,31.0000,30.0000,30.0000,37.0000,29.0000,30.0000,37.0000,29.0000,30.0000,32,30,31,31,30,30,37,29,30,37,29,30,32,30,31,31,30,30,37,29,30,37,29,30,44.00,41.00,30.349,0.284,2.7976,sat down ~19:22Z from 45/46C
3143.31,2026-09-28T20:19:34Z,500,32.0000,30.0000,31.0000,31.0000,30.0000,30.0000,37.0000,29.0000,30.0000,37.0000,29.0000,30.0000,32,30,31,31,30,30,37,29,30,37,29,30,32,30,31,31,30,30,37,29,30,37,29,30,44.00,41.00,30.348,0.284,2.7976,sat down ~19:22Z from 45/46C
3144.31,2026-09-28T20:19:35Z,501,32.0000,30.0000,31.0000,31.0000,30.0000,30.0000,37.0000,29.0000,30.0000,37.0000,29.0000,30.0000,32,30,31,31,30,30,37,29,30,37,29,30,32,30,31,31,30,30,37,29,30,37,29,30,44.00,41.00,30.348,0.285,2.7976,sat down ~19:22Z from 45/46C
3145.32,2026-09-28T20:19:36Z,501,32.0000,30.0000,31.0000,31.0000,30.0000,30.0000,37.0000,29.0000,30.0000,37.0000,29.0000,30.0000,32,30,31,31,30,30,37,29,30,37,29,30,32,30,31,31,30,30,37,29,30,37,29,30,44.00,41.00,30.348,0.285,2.7976,sat down ~19:22Z from 45/46C
3146.32,2026-09-28T20:19:37Z,500,32.0000,30.0000,31.0000,31.0000,30.0000,30.0000,37.0000,29.0000,30.0000,37.0000,29.0000,30.0000,32,30,31,31,30,30,37,29,30,37,29,30,32,30,31,31,30,30,37,29,30,37,29,30,44.00,41.00,30.348,0.284,2.7976,sat down ~19:22Z from 45/46C
3147.32,2026-09-28T20:19:38Z,500,32.0000,30.0000,31.0000,31.0000,30.0000,30.0000,37.0000,29.0000,30.0000,37.0000,29.0000,30.0000,32,30,31,31,30,30,37,29,30,37,29,30,32,30,31,31,30,30,37,29,30,37,29,30,44.00,41.00,30.347,0.283,2.7976,sat down ~19:22Z from 45/46C
3148.32,2026-09-28T20:19:39Z,501,32.0000,30.0000,31.0000,31.0000,30.0000,30.0000,37.0000,29.0000,30.0000,37.0000,29.0000,30.0000,32,30,31,31,30,30,37,29,30,37,29,30,32,30,31,31,30,30,37,29,30,37,29,30,44.00,41.00,30.348,0.286,2.7976,sat down ~19:22Z from 45/46C
3149.32,2026-09-28T20:19:40Z,500,32.0000,30.0000,31.0000,31.0000,30.0000,30.0000,37.0000,29.0000,30.0000,37.0000,29.0000,30.0000,32,30,31,31,30,30,37,29,30,37,29,30,32,30,31,31,30,30,37,29,30,37,29,30,44.00,41.00,30.348,0.285,2.7976,sat down ~19:22Z from 45/46C
3150.32,2026-09-28T20:19:41Z,500,32.0000,30.0000,31.0000,31.0000,30.0000,30.0000,37.0000,29.0000,30.0000,37.0000,29.0060,30.0000,32,30,31,31,30,30,37,29,30,37,29,30,32,30,31,31,30,30,37,29,30,37,30,30,44.00,41.00,30.347,0.286,2.7976,sat down ~19:22Z from 45/46C
3151.32,2026-09-28T20:19:42Z,500,32.0000,30.0000,31.0000,31.0000,30.0000,30.0000,37.0000,29.0000,30.0000,37.0000,29.0000,30.0000,32,30,31,31,30,30,37,29,30,37,29,30,32,30,31,31,30,30,37,29,30,37,29,30,44.00,41.00,30.347,0.285,2.7976,sat down ~19:22Z from 45/46C
3152.32,2026-09-28T20:19:43Z,500,32.0000,30.0000,31.0000,31.0000,30.0000,30.0000,37.0000,29.0000,30.0000,37.0000,29.0000,30.0000,32,30,31,31,30,30,37,29,30,37,29,30,32,30,31,31,30,30,37,29,30,37,29,30,44.00,41.00,30.347,0.283,2.7976,sat down ~19:22Z from 45/46C
3153.32,2026-09-28T20:19:44Z,501,32.0000,30.0000,31.0000,31.0000,30.0000,30.0000,37.0000,29.0000,30.0000,37.0000,29.0060,30.0000,32,30,31,31,30,30,37,29,30,37,29,30,32,30,31,31,30,30,37,29,30,37,30,30,44.00,41.00,30.347,0.287,2.7976,sat down ~19:22Z from 45/46C
3154.32,2026-09-28T20:19:45Z,501,32.0000,30.0000,31.0000,31.0000,30.0000,30.0000,37.0000,29.0000,30.0000,37.0000,29.0000,30.0000,32,30,31,31,30,30,37,29,30,37,29,30,32,30,31,31,30,30,37,29,30,37,29,30,44.00,41.00,30.346,0.284,2.7976,sat down ~19:22Z from 45/46C
3155.32,2026-09-28T20:19:46Z,501,32.0000,30.0000,31.0000,31.0000,30.0000,30.0000,37.0000,29.0000,30.0000,37.0000,29.0000,30.0000,32,30,31,31,30,30,37,29,30,37,29,30,32,30,31,31,30,30,37,29,30,37,29,30,44.00,41.00,30.346,0.286,2.7976,sat down ~19:22Z from 45/46C
3156.32,2026-09-28T20:19:47Z,500,32.0000,30.0000,31.0000,31.0000,30.0000,30.0000,37.0000,29.0000,30.0000,37.0000,29.0000,30.0000,32,30,31,31,30,30,37,29,30,37,29,30,32,30,31,31,30,30,37,29,30,37,29,30,44.00,41.00,30.345,0.287,2.7976,sat down ~19:22Z from 45/46C
3157.33,2026-09-28T20:19:48Z,501,32.0000,30.0000,31.0000,31.0000,30.0000,30.0000,37.0000,29.0000,30.0000,37.0000,29.0000,30.0000,32,30,31,31,30,30,37,29,30,37,29,30,32,30,31,31,30,30,37,29,30,37,29,30,44.00,41.00,30.345,0.284,2.7976,sat down ~19:22Z from 45/46C
3158.33,2026-09-28T20:19:49Z,501,32.0000,30.0000,31.0000,31.0000,30.0000,30.0000,37.0000,29.0000,30.0000,37.0000,29.0000,30.0000,32,30,31,31,30,30,37,29,30,37,29,30,32,30,31,31,30,30,37,29,30,37,29,30,44.00,41.00,30.345,0.287,2.7976,sat down ~19:22Z from 45/46C
3159.33,2026-09-28T20:19:50Z,500,32.0000,30.0000,31.0000,31.0000,30.0000,30.0000,37.0000,29.0000,30.0000,37.0000,29.0000,30.0000,32,30,31,31,30,30,37,29,30,37,29,30,32,30,31,31,30,30,37,29,30,37,29,30,44.00,41.00,30.345,0.285,2.7976,sat down ~19:22Z from 45/46C
3160.33,2026-09-28T20:19:51Z,501,32.0000,30.0000,31.0000,31.0000,30.0000,30.0000,37.0000,29.0000,30.0000,37.0000,29.0000,30.0000,32,30,31,31,30,30,37,29,30,37,29,30,32,30,31,31,30,30,37,29,30,37,29,30,44.00,41.00,30.344,0.289,2.7976,sat down ~19:22Z from 45/46C
3161.33,2026-09-28T20:19:52Z,500,32.0000,30.0000,31.0000,31.0000,30.0000,30.0000,37.0000,29.0000,30.0000,37.0000,29.0000,30.0000,32,30,31,31,30,30,37,29,30,37,29,30,32,30,31,31,30,30,37,29,30,37,29,30,44.00,41.00,30.344,0.285,2.7976,sat down ~19:22Z from 45/46C
3162.33,2026-09-28T20:19:53Z,501,32.0000,30.0000,31.0000,31.0000,30.0000,30.0000,37.0000,29.0000,30.0000,37.0000,29.0000,30.0000,32,30,31,31,30,30,37,29,30,37,29,30,32,30,31,31,30,30,37,29,30,37,29,30,44.00,41.00,30.344,0.286,2.7976,sat down ~19:22Z from 45/46C
3163.33,2026-09-28T20:19:54Z,500,32.0000,30.0000,31.0000,31.0000,30.0000,30.0000,37.0000,29.0000,30.0000,37.0000,29.0000,30.0000,32,30,31,31,30,30,37,29,30,37,29,30,32,30,31,31,30,30,37,29,30,37,29,30,44.00,41.00,30.344,0.287,2.7976,sat down ~19:22Z from 45/46C
3164.33,2026-09-28T20:19:55Z,501,32.0000,30.0000,31.0000,31.0000,30.0000,30.0000,37.0000,29.0000,30.0000,37.0000,29.0000,30.0000,32,30,31,31,30,30,37,29,30,37,29,30,32,30,31,31,30,30,37,29,30,37,29,30,44.00,41.00,30.343,0.288,2.7976,sat down ~19:22Z from 45/46C
3165.34,2026-09-28T20:19:56Z,501,32.0000,30.0000,31.0000,31.0000,30.0000,30.0000,37.0000,29.0000,30.0000,37.0000,29.0000,30.0000,32,30,31,31,30,30,37,29,30,37,29,30,32,30,31,31,30,30,37,29,30,37,29,30,44.00,41.00,30.343,0.287,2.7976,sat down ~19:22Z from 45/46C
3166.34,2026-09-28T20:19:57Z,501,32.0000,30.0000,31.0000,31.0000,30.0000,30.0000,37.0000,29.0000,30.0000,37.0000,29.0000,30.0000,32,30,31,31,30,30,37,29,30,37,29,30,32,30,31,31,30,30,37,29,30,37,29,30,44.00,41.00,30.343,0.289,2.7976,sat down ~19:22Z from 45/46C
3167.34,2026-09-28T20:19:58Z,500,32.0000,30.0000,31.0000,31.0000,30.0000,30.0000,37.0000,29.0000,30.0000,37.0000,29.0000,30.0000,32,30,31,31,30,30,37,29,30,37,29,30,32,30,31,31,30,30,37,29,30,37,29,30,44.00,41.00,30.343,0.286,2.7976,sat down ~19:22Z from 45/46C
3168.34,2026-09-28T20:19:59Z,501,32.0000,30.0000,31.0000,31.0000,30.0000,30.0000,37.0000,29.0000,30.0000,37.0000,29.0000,30.0000,32,30,31,31,30,30,37,29,30,37,29,30,32,30,31,31,30,30,37,29,30,37,29,30,44.00,41.00,30.342,0.285,2.7976,sat down ~19:22Z from 45/46C
3169.34,2026-09-28T20:20:00Z,500,32.0000,30.0000,31.0000,31.0000,30.0000,30.0000,37.0000,29.0000,30.0000,37.0000,29.0000,30.0000,32,30,31,31,30,30,37,29,30,37,29,30,32,30,31,31,30,30,37,29,30,37,29,30,44.00,41.00,30.342,0.285,2.7976,sat down ~19:22Z from 45/46C
3170.34,2026-09-28T20:20:01Z,501,32.0000,30.0000,31.0000,31.0000,30.0000,30.0000,37.0000,29.0000,30.0000,37.0000,29.0000,30.0000,32,30,31,31,30,30,37,29,30,37,29,30,32,30,31,31,30,30,37,29,30,37,29,30,44.00,41.00,30.342,0.283,2.7976,sat down ~19:22Z from 45/46C
3171.34,2026-09-28T20:20:02Z,500,32.0000,30.0000,31.0000,31.0000,30.0000,30.0000,37.0000,29.0000,30.0000,37.0000,29.0000,30.0000,32,30,31,31,30,30,37,29,30,37,29,30,32,30,31,31,30,30,37,29,30,37,29,30,44.00,41.00,30.342,0.286,2.7976,sat down ~19:22Z from 45/46C
3172.34,2026-09-28T20:20:03Z,500,32.0000,30.0000,31.0000,31.0000,30.0000,30.0000,37.0000,29.0000,30.0000,37.0000,29.0000,30.0000,32,30,31,31,30,30,37,29,30,37,29,30,32,30,31,31,30,30,37,29,30,37,29,30,44.00,41.00,30.341,0.286,2.7976,sat down ~19:22Z from 45/46C
3173.34,2026-09-28T20:20:04Z,500,32.0000,30.0000,31.0000,31.0000,30.0000,30.0000,37.0000,29.0000,30.0000,37.0000,29.0000,30.0000,32,30,31,31,30,30,37,29,30,37,29,30,32,30,31,31,30,30,37,29,30,37,29,30,44.00,41.00,30.341,0.288,2.7976,sat down ~19:22Z from 45/46C
3174.35,2026-09-28T20:20:05Z,501,32.0000,30.0000,31.0000,31.0000,30.0000,30.0000,37.0000,29.0000,30.0000,37.0000,29.0000,30.0000,32,30,31,31,30,30,37,29,30,37,29,30,32,30,31,31,30,30,37,29,30,37,29,30,44.00,41.00,30.341,0.282,2.7976,sat down ~19:22Z from 45/46C
3175.35,2026-09-28T20:20:06Z,500,32.0000,30.0000,31.0000,31.0000,30.0000,30.0000,37.0000,29.0000,30.0000,37.0000,29.0000,30.0000,32,30,31,31,30,30,37,29,30,37,29,30,32,30,31,31,30,30,37,29,30,37,29,30,44.00,41.00,30.341,0.285,2.7976,sat down ~19:22Z from 45/46C
3176.35,2026-09-28T20:20:07Z,500,32.0000,30.0000,31.0000,31.0000,30.0000,30.0000,37.0000,29.0000,30.0000,37.0000,29.0000,30.0000,32,30,31,31,30,30,37,29,30,37,29,30,32,30,31,31,30,30,37,29,30,37,29,30,44.00,41.00,30.340,0.287,2.7976,sat down ~19:22Z from 45/46C
3177.35,2026-09-28T20:20:08Z,501,32.0000,30.0000,31.0000,31.0000,30.0000,30.0000,37.0000,29.0000,30.0000,37.0000,29.0000,30.0000,32,30,31,31,30,30,37,29,30,37,29,30,32,30,31,31,30,30,37,29,30,37,29,30,44.00,41.00,30.340,0.282,2.7976,sat down ~19:22Z from 45/46C
3178.35,2026-09-28T20:20:09Z,501,32.0000,30.0000,31.0000,31.0000,30.0000,30.0000,37.0000,29.0000,30.0000,37.0000,29.0000,30.0000,32,30,31,31,30,30,37,29,30,37,29,30,32,30,31,31,30,30,37,29,30,37,29,30,44.00,41.00,30.340,0.283,2.7976,sat down ~19:22Z from 45/46C
3179.35,2026-09-28T20:20:10Z,499,32.0000,30.0000,31.0000,31.0000,30.0000,30.0000,37.0000,29.0000,30.0000,37.0000,29.0000,30.0000,32,30,31,31,30,30,37,29,30,37,29,30,32,30,31,31,30,30,37,29,30,37,29,30,44.00,41.00,30.340,0.282,2.7976,sat down ~19:22Z from 45/46C
3180.35,2026-09-28T20:20:11Z,501,32.0000,30.0000,31.0000,31.0000,30.0000,30.0000,37.0000,29.0000,30.0000,37.0000,29.0000,30.0000,32,30,31,31,30,30,37,29,30,37,29,30,32,30,31,31,30,30,37,29,30,37,29,30,44.00,41.00,30.340,0.285,2.7976,sat down ~19:22Z from 45/46C
3181.35,2026-09-28T20:20:12Z,500,32.0000,30.0000,31.0000,31.0000,30.0000,30.0000,37.0000,29.0000,30.0000,37.0000,29.0000,30.0000,32,30,31,31,30,30,37,29,30,37,29,30,32,30,31,31,30,30,37,29,30,37,29,30,44.00,41.00,30.340,0.283,2.7976,sat down ~19:22Z from 45/46C
3182.35,2026-09-28T20:20:13Z,501,32.0000,30.0000,31.0000,31.0000,30.0000,30.0000,37.0000,29.0000,30.0000,37.0000,29.0000,30.0000,32,30,31,31,30,30,37,29,30,37,29,30,32,30,31,31,30,30,37,29,30,37,29,30,44.00,41.00,30.339,0.283,2.7976,sat down ~19:22Z from 45/46C
3183.36,2026-09-28T20:20:14Z,501,32.0000,30.0000,31.0000,31.0000,30.0000,30.0000,37.0000,29.0000,30.0000,37.0000,29.0000,30.0000,32,30,31,31,30,30,37,29,30,37,29,30,32,30,31,31,30,30,37,29,30,37,29,30,44.00,41.00,30.339,0.282,2.7976,sat down ~19:22Z from 45/46C
3184.36,2026-09-28T20:20:15Z,501,32.0000,30.0000,31.0000,31.0000,30.0000,30.0000,37.0000,29.0000,30.0000,37.0000,29.0000,30.0000,32,30,31,31,30,30,37,29,30,37,29,30,32,30,31,31,30,30,37,29,30,37,29,30,44.00,41.00,30.339,0.282,2.7976,sat down ~19:22Z from 45/46C
3185.36,2026-09-28T20:20:16Z,500,32.0000,30.0000,31.0000,31.0000,30.0000,30.0000,37.0000,29.0000,30.0000,37.0000,29.0000,30.0000,32,30,31,31,30,30,37,29,30,37,29,30,32,30,31,31,30,30,37,29,30,37,29,30,44.00,41.00,30.338,0.285,2.7976,sat down ~19:22Z from 45/46C
3186.36,2026-09-28T20:20:17Z,500,32.0000,30.0000,31.0000,31.0000,30.0000,30.0000,37.0000,29.0000,30.0000,37.0000,29.0000,30.0000,32,30,31,31,30,30,37,29,30,37,29,30,32,30,31,31,30,30,37,29,30,37,29,30,44.00,41.00,30.337,0.285,2.7976,sat down ~19:22Z from 45/46C
3187.36,2026-09-28T20:20:18Z,500,32.0000,30.0000,31.0000,31.0000,30.0000,30.0000,37.0000,29.0000,30.0000,37.0000,29.0000,30.0000,32,30,31,31,30,30,37,29,30,37,29,30,32,30,31,31,30,30,37,29,30,37,29,30,44.00,41.00,30.338,0.285,2.7976,sat down ~19:22Z from 45/46C
3188.36,2026-09-28T20:20:19Z,500,32.0000,30.0000,31.0000,31.0000,30.0000,30.0000,37.0000,29.0000,30.0000,37.0000,29.0000,30.0000,32,30,31,31,30,30,37,29,30,37,29,30,32,30,31,31,30,30,37,29,30,37,29,30,44.00,41.00,30.337,0.283,2.7976,sat down ~19:22Z from 45/46C
3189.36,2026-09-28T20:20:20Z,501,32.0000,30.0000,31.0000,31.0000,30.0000,30.0000,37.0000,29.0000,30.0000,37.0000,29.0000,30.0000,32,30,31,31,30,30,37,29,30,37,29,30,32,30,31,31,30,30,37,29,30,37,29,30,43.99,41.00,30.337,0.281,2.7976,sat down ~19:22Z from 45/46C
3190.36,2026-09-28T20:20:21Z,501,32.0000,30.0000,31.0000,31.0000,30.0000,30.0000,37.0000,29.0000,30.0000,37.0000,29.0000,30.0000,32,30,31,31,30,30,37,29,30,37,29,30,32,30,31,31,30,30,37,29,30,37,29,30,44.00,41.00,30.336,0.283,2.7976,sat down ~19:22Z from 45/46C
3191.36,2026-09-28T20:20:22Z,500,32.0000,30.0000,31.0000,31.0000,30.0000,30.0000,37.0000,29.0000,30.0000,37.0000,29.0000,30.0000,32,30,31,31,30,30,37,29,30,37,29,30,32,30,31,31,30,30,37,29,30,37,29,30,44.00,41.00,30.337,0.283,2.7976,sat down ~19:22Z from 45/46C
3192.37,2026-09-28T20:20:23Z,501,32.0000,30.0000,31.0000,31.0000,30.0000,30.0000,37.0000,29.0000,30.0000,37.0000,29.0000,30.0000,32,30,31,31,30,30,37,29,30,37,29,30,32,30,31,31,30,30,37,29,30,37,29,30,44.00,41.00,30.336,0.280,2.7976,sat down ~19:22Z from 45/46C
3193.37,2026-09-28T20:20:24Z,500,32.0000,30.0000,31.0000,31.0000,30.0000,30.0000,37.0000,29.0000,30.0000,37.0000,29.0000,30.0000,32,30,31,31,30,30,37,29,30,37,29,30,32,30,31,31,30,30,37,29,30,37,29,30,44.00,41.00,30.337,0.280,2.7976,sat down ~19:22Z from 45/46C
3194.37,2026-09-28T20:20:25Z,500,32.0000,30.0000,31.0000,31.0000,30.0000,30.0000,37.0000,29.0000,30.0000,37.0000,29.0000,30.0000,32,30,31,31,30,30,37,29,30,37,29,30,32,30,31,31,30,30,37,29,30,37,29,30,44.00,41.00,30.336,0.280,2.7976,sat down ~19:22Z from 45/46C
3195.37,2026-09-28T20:20:26Z,501,32.0000,30.0000,31.0000,31.0000,30.0000,30.0000,37.0000,29.0000,30.0000,37.0000,29.0000,30.0000,32,30,31,31,30,30,37,29,30,37,29,30,32,30,31,31,30,30,37,29,30,37,29,30,44.00,41.00,30.335,0.281,2.7976,sat down ~19:22Z from 45/46C
3196.37,2026-09-28T20:20:27Z,500,32.0000,30.0000,31.0000,31.0000,30.0000,30.0000,37.0000,29.0000,30.0000,37.0000,29.0000,30.0000,32,30,31,31,30,30,37,29,30,37,29,30,32,30,31,31,30,30,37,29,30,37,29,30,44.00,41.00,30.335,0.281,2.7976,sat down ~19:22Z from 45/46C
3197.37,2026-09-28T20:20:28Z,500,32.0000,30.0000,31.0000,31.0000,30.0000,30.0000,37.0000,29.0000,30.0000,37.0000,29.0000,30.0000,32,30,31,31,30,30,37,29,30,37,29,30,32,30,31,31,30,30,37,29,30,37,29,30,44.00,41.00,30.334,0.283,2.7976,sat down ~19:22Z from 45/46C
3198.37,2026-09-28T20:20:29Z,501,32.0000,30.0000,31.0000,31.0000,30.0000,30.0000,37.0000,29.0000,30.0000,37.0000,29.0000,30.0000,32,30,31,31,30,30,37,29,30,37,29,30,32,30,31,31,30,30,37,29,30,37,29,30,44.00,41.00,30.335,0.284,2.7976,sat down ~19:22Z from 45/46C
3199.37,2026-09-28T20:20:30Z,501,32.0000,30.0000,31.0000,31.0000,30.0000,30.0000,37.0000,29.0000,30.0000,37.0000,29.0000,30.0000,32,30,31,31,30,30,37,29,30,37,29,30,32,30,31,31,30,30,37,29,30,37,29,30,44.00,41.00,30.335,0.280,2.7976,sat down ~19:22Z from 45/46C
3200.37,2026-09-28T20:20:31Z,501,32.0000,30.0000,31.0000,31.0000,30.0000,30.0000,37.0000,29.0000,30.0000,37.0000,29.0000,30.0000,32,30,31,31,30,30,37,29,30,37,29,30,32,30,31,31,30,30,37,29,30,37,29,30,44.00,41.00,30.334,0.278,2.7976,sat down ~19:22Z from 45/46C
3201.38,2026-09-28T20:20:32Z,501,32.0000,30.0000,31.0000,31.0000,30.0000,30.0000,37.0000,29.0000,30.0000,37.0000,29.0000,30.0000,32,30,31,31,30,30,37,29,30,37,29,30,32,30,31,31,30,30,37,29,30,37,29,30,44.00,41.00,30.334,0.284,2.7976,sat down ~19:22Z from 45/46C
3202.38,2026-09-28T20:20:33Z,501,32.0000,30.0000,31.0000,31.0000,30.0000,30.0000,37.0000,29.0000,30.0000,37.0000,29.0000,30.0000,32,30,31,31,30,30,37,29,30,37,29,30,32,30,31,31,30,30,37,29,30,37,29,30,44.00,41.00,30.334,0.285,2.7976,sat down ~19:22Z from 45/46C
3203.38,2026-09-28T20:20:34Z,500,32.0000,30.0000,31.0000,31.0000,30.0000,30.0000,37.0000,29.0000,30.0000,37.0000,29.0000,30.0000,32,30,31,31,30,30,37,29,30,37,29,30,32,30,31,31,30,30,37,29,30,37,29,30,44.00,41.00,30.334,0.285,2.7976,sat down ~19:22Z from 45/46C
3204.38,2026-09-28T20:20:35Z,501,32.0000,30.0000,31.0000,31.0000,30.0000,30.0000,37.0000,29.0000,30.0000,37.0000,29.0000,30.0000,32,30,31,31,30,30,37,29,30,37,29,30,32,30,31,31,30,30,37,29,30,37,29,30,44.00,41.00,30.334,0.281,2.7976,sat down ~19:22Z from 45/46C
3205.38,2026-09-28T20:20:36Z,500,32.0000,30.0000,31.0000,31.0000,30.0000,30.0000,37.0000,29.0000,30.0000,37.0000,29.0000,30.0000,32,30,31,31,30,30,37,29,30,37,29,30,32,30,31,31,30,30,37,29,30,37,29,30,44.00,41.00,30.333,0.285,2.7976,sat down ~19:22Z from 45/46C
3206.38,2026-09-28T20:20:37Z,501,32.0000,30.0000,31.0000,31.0000,30.0000,30.0000,37.0000,29.0000,30.0000,37.0000,29.0000,30.0000,32,30,31,31,30,30,37,29,30,37,29,30,32,30,31,31,30,30,37,29,30,37,29,30,44.00,41.00,30.333,0.284,2.7976,sat down ~19:22Z from 45/46C
3207.38,2026-09-28T20:20:38Z,500,32.0000,30.0000,31.0000,31.0000,30.0000,30.0000,37.0000,29.0000,30.0000,37.0000,29.0000,30.0000,32,30,31,31,30,30,37,29,30,37,29,30,32,30,31,31,30,30,37,29,30,37,29,30,44.00,41.00,30.333,0.278,2.7976,sat down ~19:22Z from 45/46C
3208.38,2026-09-28T20:20:39Z,499,32.0000,30.0000,31.0000,31.0000,30.0000,30.0000,37.0000,29.0000,30.0000,37.0000,29.0000,30.0000,32,30,31,31,30,30,37,29,30,37,29,30,32,30,31,31,30,30,37,29,30,37,29,30,44.00,41.00,30.333,0.281,2.7976,sat down ~19:22Z from 45/46C
3209.39,2026-09-28T20:20:40Z,501,32.0000,30.0000,31.0000,31.0000,30.0000,30.0000,37.0000,29.0000,30.0000,37.0000,29.0000,30.0000,32,30,31,31,30,30,37,29,30,37,29,30,32,30,31,31,30,30,37,29,30,37,29,30,44.00,41.00,30.332,0.281,2.7976,sat down ~19:22Z from 45/46C
3210.39,2026-09-28T20:20:41Z,501,32.0000,30.0000,31.0000,31.0000,30.0000,30.0000,37.0000,29.0000,30.0000,37.0000,29.0000,30.0000,32,30,31,31,30,30,37,29,30,37,29,30,32,30,31,31,30,30,37,29,30,37,29,30,44.00,41.00,30.333,0.283,2.7976,sat down ~19:22Z from 45/46C
3211.39,2026-09-28T20:20:42Z,501,32.0000,30.0000,31.0000,31.0000,30.0000,30.0000,37.0000,29.0000,30.0000,37.0000,29.0000,30.0000,32,30,31,31,30,30,37,29,30,37,29,30,32,30,31,31,30,30,37,29,30,37,29,30,44.00,41.00,30.332,0.282,2.7976,sat down ~19:22Z from 45/46C
3212.39,2026-09-28T20:20:43Z,500,32.0000,30.0000,31.0000,31.0000,30.0000,30.0000,37.0000,29.0000,30.0000,37.0000,29.0000,30.0000,32,30,31,31,30,30,37,29,30,37,29,30,32,30,31,31,30,30,37,29,30,37,29,30,44.00,41.00,30.332,0.281,2.7976,sat down ~19:22Z from 45/46C
3213.39,2026-09-28T20:20:44Z,501,32.0000,30.0000,31.0000,31.0000,30.0000,30.0000,37.0000,29.0000,30.0000,37.0000,29.0000,30.0000,32,30,31,31,30,30,37,29,30,37,29,30,32,30,31,31,30,30,37,29,30,37,29,30,44.00,41.00,30.331,0.283,2.7976,sat down ~19:22Z from 45/46C
3214.39,2026-09-28T20:20:45Z,501,32.0000,30.0000,31.0000,31.0000,30.0000,30.0000,37.0000,29.0000,30.0000,37.0000,29.0000,30.0000,32,30,31,31,30,30,37,29,30,37,29,30,32,30,31,31,30,30,37,29,30,37,29,30,44.00,41.00,30.331,0.283,2.7976,sat down ~19:22Z from 45/46C
3215.39,2026-09-28T20:20:46Z,500,32.0000,30.0000,31.0000,31.0000,30.0000,30.0000,37.0000,29.0000,30.0000,37.0000,29.0000,30.0000,32,30,31,31,30,30,37,29,30,37,29,30,32,30,31,31,30,30,37,29,30,37,29,30,44.00,41.00,30.331,0.281,2.7976,sat down ~19:22Z from 45/46C
3216.39,2026-09-28T20:20:47Z,501,32.0000,30.0000,31.0000,31.0000,30.0000,30.0000,37.0000,29.0000,30.0000,37.0000,29.0000,30.0000,32,30,31,31,30,30,37,29,30,37,29,30,32,30,31,31,30,30,37,29,30,37,29,30,44.00,41.00,30.331,0.282,2.7976,sat down ~19:22Z from 45/46C
3217.40,2026-09-28T20:20:48Z,500,32.0000,30.0000,31.0000,31.0000,30.0000,30.0000,37.0000,29.0000,30.0000,37.0000,29.0000,30.0000,32,30,31,31,30,30,37,29,30,37,29,30,32,30,31,31,30,30,37,29,30,37,29,30,44.00,41.00,30.330,0.283,2.7976,sat down ~19:22Z from 45/46C
3218.40,2026-09-28T20:20:49Z,500,32.0000,30.0000,31.0000,31.0000,30.0000,30.0000,37.0000,29.0000,30.0000,37.0000,29.0000,30.0000,32,30,31,31,30,30,37,29,30,37,29,30,32,30,31,31,30,30,37,29,30,37,29,30,44.00,41.00,30.331,0.282,2.7976,sat down ~19:22Z from 45/46C
3219.40,2026-09-28T20:20:50Z,501,32.0000,30.0000,31.0000,31.0000,30.0000,30.0000,37.0000,29.0000,30.0000,37.0000,29.0000,30.0000,32,30,31,31,30,30,37,29,30,37,29,30,32,30,31,31,30,30,37,29,30,37,29,30,44.00,41.00,30.330,0.282,2.7976,sat down ~19:22Z from 45/46C
3220.40,2026-09-28T20:20:51Z,501,32.0000,30.0000,31.0000,31.0000,30.0000,30.0000,37.0000,29.0000,30.0000,37.0000,29.0000,30.0000,32,30,31,31,30,30,37,29,30,37,29,30,32,30,31,31,30,30,37,29,30,37,29,30,44.00,41.00,30.330,0.285,2.7976,sat down ~19:22Z from 45/46C
3221.40,2026-09-28T20:20:52Z,500,32.0000,30.0000,31.0000,31.0000,30.0000,30.0000,37.0000,29.0000,30.0000,37.0000,29.0000,30.0000,32,30,31,31,30,30,37,29,30,37,29,30,32,30,31,31,30,30,37,29,30,37,29,30,44.00,41.00,30.330,0.282,2.7976,sat down ~19:22Z from 45/46C
3222.40,2026-09-28T20:20:53Z,501,32.0000,30.0000,31.0000,31.0000,30.0000,30.0000,37.0000,29.0000,30.0000,37.0000,29.0000,30.0000,32,30,31,31,30,30,37,29,30,37,29,30,32,30,31,31,30,30,37,29,30,37,29,30,44.00,41.00,30.330,0.286,2.7976,sat down ~19:22Z from 45/46C
3223.40,2026-09-28T20:20:54Z,500,32.0000,30.0000,31.0000,31.0000,30.0000,30.0000,37.0000,29.0000,30.0000,36.9940,29.0000,30.0000,32,30,31,31,30,30,37,29,30,36,29,30,32,30,31,31,30,30,37,29,30,37,29,30,44.00,41.00,30.329,0.286,2.7976,sat down ~19:22Z from 45/46C
3224.41,2026-09-28T20:20:55Z,500,32.0000,30.0000,31.0000,31.0000,30.0000,30.0000,37.0000,29.0000,30.0000,37.0000,29.0000,30.0000,32,30,31,31,30,30,37,29,30,37,29,30,32,30,31,31,30,30,37,29,30,37,29,30,44.00,41.00,30.329,0.285,2.7976,sat down ~19:22Z from 45/46C
3225.41,2026-09-28T20:20:56Z,500,32.0000,30.0000,31.0000,31.0000,30.0000,30.0000,37.0000,29.0000,30.0000,37.0000,29.0000,30.0000,32,30,31,31,30,30,37,29,30,37,29,30,32,30,31,31,30,30,37,29,30,37,29,30,44.00,41.00,30.329,0.283,2.7976,sat down ~19:22Z from 45/46C
3226.41,2026-09-28T20:20:57Z,501,32.0000,30.0000,31.0000,31.0000,30.0000,30.0000,37.0000,29.0000,30.0000,37.0000,29.0000,30.0000,32,30,31,31,30,30,37,29,30,37,29,30,32,30,31,31,30,30,37,29,30,37,29,30,44.00,41.00,30.329,0.286,2.7976,sat down ~19:22Z from 45/46C
3227.41,2026-09-28T20:20:58Z,500,32.0000,30.0000,31.0000,31.0000,30.0000,30.0000,37.0000,29.0000,30.0000,37.0000,29.0000,30.0000,32,30,31,31,30,30,37,29,30,37,29,30,32,30,31,31,30,30,37,29,30,37,29,30,44.00,41.00,30.329,0.289,2.7976,sat down ~19:22Z from 45/46C
3228.41,2026-09-28T20:20:59Z,501,32.0000,30.0000,31.0000,31.0000,30.0000,30.0000,37.0000,29.0000,30.0000,37.0000,29.0000,30.0000,32,30,31,31,30,30,37,29,30,37,29,30,32,30,31,31,30,30,37,29,30,37,29,30,44.00,41.00,30.328,0.285,2.7976,sat down ~19:22Z from 45/46C
3229.41,2026-09-28T20:21:00Z,501,32.0000,30.0000,31.0000,31.0000,30.0000,30.0000,37.0000,29.0000,30.0000,36.9940,29.0000,30.0000,32,30,31,31,30,30,37,29,30,36,29,30,32,30,31,31,30,30,37,29,30,37,29,30,44.00,41.00,30.328,0.285,2.7976,sat down ~19:22Z from 45/46C
3230.41,2026-09-28T20:21:01Z,500,32.0000,30.0000,31.0000,31.0000,30.0000,30.0000,37.0000,29.0000,30.0000,36.9800,29.0000,30.0000,32,30,31,31,30,30,37,29,30,36,29,30,32,30,31,31,30,30,37,29,30,37,29,30,44.00,41.00,30.328,0.282,2.7976,sat down ~19:22Z from 45/46C
3231.41,2026-09-28T20:21:02Z,500,32.0000,30.0000,31.0000,31.0000,30.0000,30.0000,37.0000,29.0000,30.0000,36.9880,29.0000,30.0000,32,30,31,31,30,30,37,29,30,36,29,30,32,30,31,31,30,30,37,29,30,37,29,30,44.00,41.00,30.328,0.283,2.7976,sat down ~19:22Z from 45/46C
3232.42,2026-09-28T20:21:03Z,501,32.0000,30.0000,31.0000,31.0000,30.0000,30.0000,37.0000,29.0000,30.0000,36.9641,29.0000,30.0000,32,30,31,31,30,30,37,29,30,36,29,30,32,30,31,31,30,30,37,29,30,37,29,30,44.00,41.00,30.327,0.287,2.7976,sat down ~19:22Z from 45/46C
3233.42,2026-09-28T20:21:04Z,500,32.0000,30.0000,31.0000,31.0000,30.0000,30.0000,37.0000,29.0000,30.0000,36.9820,29.0000,30.0000,32,30,31,31,30,30,37,29,30,36,29,30,32,30,31,31,30,30,37,29,30,37,29,30,44.00,41.00,30.327,0.281,2.7976,sat down ~19:22Z from 45/46C
3234.42,2026-09-28T20:21:05Z,501,32.0000,30.0000,31.0000,31.0000,30.0000,30.0000,37.0000,29.0000,30.0000,36.9760,29.0000,30.0000,32,30,31,31,30,30,37,29,30,36,29,30,32,30,31,31,30,30,37,29,30,37,29,30,44.00,41.00,30.327,0.284,2.7976,sat down ~19:22Z from 45/46C
3235.42,2026-09-28T20:21:06Z,500,32.0000,30.0000,31.0000,31.0000,30.0000,30.0000,37.0000,29.0000,30.0000,36.9560,29.0000,30.0000,32,30,31,31,30,30,37,29,30,36,29,30,32,30,31,31,30,30,37,29,30,37,29,30,44.00,41.00,30.327,0.285,2.7976,sat down ~19:22Z from 45/46C
3236.42,2026-09-28T20:21:07Z,501,32.0000,30.0000,31.0000,31.0000,30.0000,30.0000,37.0000,29.0000,30.0000,36.9860,29.0000,30.0000,32,30,31,31,30,30,37,29,30,36,29,30,32,30,31,31,30,30,37,29,30,37,29,30,44.00,41.00,30.326,0.281,2.7976,sat down ~19:22Z from 45/46C
3237.42,2026-09-28T20:21:08Z,500,32.0000,30.0000,31.0000,31.0000,30.0000,30.0000,37.0000,29.0000,30.0000,36.9540,29.0000,30.0000,32,30,31,31,30,30,37,29,30,36,29,30,32,30,31,31,30,30,37,29,30,37,29,30,44.00,41.00,30.326,0.282,2.7976,sat down ~19:22Z from 45/46C
3238.42,2026-09-28T20:21:09Z,501,32.0000,30.0000,31.0000,31.0000,30.0000,30.0000,37.0000,29.0000,30.0000,36.9581,29.0000,30.0000,32,30,31,31,30,30,37,29,30,36,29,30,32,30,31,31,30,30,37,29,30,37,29,30,44.00,41.00,30.325,0.280,2.7976,sat down ~19:22Z from 45/46C
3239.42,2026-09-28T20:21:10Z,500,32.0000,30.0000,31.0000,31.0000,30.0000,30.0000,37.0000,29.0000,30.0000,36.9040,29.0000,30.0000,32,30,31,31,30,30,37,29,30,36,29,30,32,30,31,31,30,30,37,29,30,37,29,30,44.00,41.00,30.325,0.283,2.7976,sat down ~19:22Z from 45/46C
3240.42,2026-09-28T20:21:11Z,500,32.0000,30.0000,31.0000,31.0000,30.0000,30.0000,37.0000,29.0000,30.0000,36.9160,29.0000,30.0000,32,30,31,31,30,30,37,29,30,36,29,30,32,30,31,31,30,30,37,29,30,37,29,30,44.00,41.00,30.325,0.281,2.7976,sat down ~19:22Z from 45/46C
3241.43,2026-09-28T20:21:12Z,500,32.0000,30.0000,31.0000,31.0000,30.0000,30.0000,37.0000,29.0000,30.0000,36.9180,29.0000,30.0000,32,30,31,31,30,30,37,29,30,36,29,30,32,30,31,31,30,30,37,29,30,37,29,30,44.00,41.00,30.325,0.282,2.7976,sat down ~19:22Z from 45/46C
3242.43,2026-09-28T20:21:13Z,500,32.0000,30.0000,31.0000,31.0000,30.0000,30.0000,37.0000,29.0000,30.0000,36.9020,29.0000,30.0000,32,30,31,31,30,30,37,29,30,36,29,30,32,30,31,31,30,30,37,29,30,37,29,30,44.00,41.00,30.325,0.283,2.7976,sat down ~19:22Z from 45/46C
3243.43,2026-09-28T20:21:14Z,500,32.0000,30.0000,31.0000,31.0000,30.0000,30.0000,37.0000,29.0000,30.0000,36.8060,29.0000,30.0000,32,30,31,31,30,30,37,29,30,36,29,30,32,30,31,31,30,30,37,29,30,37,29,30,44.00,41.00,30.324,0.283,2.7976,sat down ~19:22Z from 45/46C
3244.43,2026-09-28T20:21:15Z,501,32.0000,30.0000,31.0000,31.0000,30.0000,30.0000,37.0000,29.0000,30.0000,36.8244,29.0000,30.0000,32,30,31,31,30,30,37,29,30,36,29,30,32,30,31,31,30,30,37,29,30,37,29,30,44.00,41.00,30.324,0.283,2.7976,sat down ~19:22Z from 45/46C
3245.43,2026-09-28T20:21:16Z,500,32.0000,30.0000,31.0000,31.0000,30.0000,30.0000,37.0000,29.0000,30.0000,36.8420,29.0000,30.0000,32,30,31,31,30,30,37,29,30,36,29,30,32,30,31,31,30,30,37,29,30,37,29,30,44.00,41.00,30.325,0.280,2.7976,sat down ~19:22Z from 45/46C
3246.43,2026-09-28T20:21:17Z,500,32.0000,30.0000,31.0000,31.0000,30.0000,30.0000,37.0000,29.0000,30.0000,36.8480,29.0000,30.0000,32,30,31,31,30,30,37,29,30,36,29,30,32,30,31,31,30,30,37,29,30,37,29,30,44.00,41.00,30.324,0.281,2.7976,sat down ~19:22Z from 45/46C
3247.43,2026-09-28T20:21:18Z,501,32.0000,30.0000,31.0000,31.0000,30.0000,30.0000,37.0000,29.0000,30.0000,36.7206,29.0000,30.0000,32,30,31,31,30,30,37,29,30,36,29,30,32,30,31,31,30,30,37,29,30,37,29,30,44.00,41.00,30.324,0.284,2.7976,sat down ~19:22Z from 45/46C
3248.43,2026-09-28T20:21:19Z,500,32.0000,30.0000,31.0000,31.0000,30.0000,30.0000,37.0000,29.0000,30.0000,36.7380,29.0000,30.0000,32,30,31,31,30,30,37,29,30,36,29,30,32,30,31,31,30,30,37,29,30,37,29,30,44.00,41.00,30.323,0.283,2.7976,sat down ~19:22Z from 45/46C
3249.43,2026-09-28T20:21:20Z,501,32.0000,30.0000,31.0000,31.0000,30.0000,30.0000,37.0000,29.0000,30.0000,36.7325,29.0000,30.0000,32,30,31,31,30,30,37,29,30,36,29,30,32,30,31,31,30,30,37,29,30,37,29,30,44.00,41.00,30.323,0.284,2.7976,sat down ~19:22Z from 45/46C
3250.43,2026-09-28T20:21:21Z,500,32.0000,30.0000,31.0000,31.0000,30.0000,30.0000,37.0000,29.0000,30.0000,36.6780,29.0000,30.0000,32,30,31,31,30,30,37,29,30,36,29,30,32,30,31,31,30,30,37,29,30,37,29,30,44.00,41.00,30.324,0.288,2.7976,sat down ~19:22Z from 45/46C
3251.43,2026-09-28T20:21:22Z,501,32.0000,30.0000,31.0000,31.0000,30.0000,30.0000,37.0000,29.0000,30.0000,36.7026,29.0000,30.0000,32,30,31,31,30,30,37,29,30,36,29,30,32,30,31,31,30,30,37,29,30,37,29,30,44.00,41.00,30.323,0.285,2.7976,sat down ~19:22Z from 45/46C
3252.44,2026-09-28T20:21:23Z,501,32.0000,30.0000,31.0000,31.0000,30.0000,30.0000,37.0000,29.0000,30.0000,36.6287,29.0000,30.0000,32,30,31,31,30,30,37,29,30,36,29,30,32,30,31,31,30,30,37,29,30,37,29,30,44.00,41.00,30.323,0.281,2.7976,sat down ~19:22Z from 45/46C
3253.44,2026-09-28T20:21:24Z,501,32.0000,30.0000,31.0000,31.0000,30.0000,30.0000,37.0000,29.0000,30.0000,36.6188,29.0000,30.0000,32,30,31,31,30,30,37,29,30,36,29,30,32,30,31,31,30,30,37,29,30,37,29,30,44.00,41.00,30.323,0.284,2.7976,sat down ~19:22Z from 45/46C
3254.44,2026-09-28T20:21:25Z,501,32.0000,30.0000,31.0000,31.0000,30.0000,30.0000,37.0000,29.0000,30.0000,36.7365,29.0000,30.0000,32,30,31,31,30,30,37,29,30,36,29,30,32,30,31,31,30,30,37,29,30,37,29,30,44.00,41.00,30.322,0.283,2.7976,sat down ~19:22Z from 45/46C
3255.44,2026-09-28T20:21:26Z,500,32.0000,30.0000,31.0000,31.0000,30.0000,30.0000,37.0000,29.0000,30.0000,36.7000,29.0000,30.0000,32,30,31,31,30,30,37,29,30,36,29,30,32,30,31,31,30,30,37,29,30,37,29,30,44.00,41.00,30.322,0.283,2.7976,sat down ~19:22Z from 45/46C
3256.44,2026-09-28T20:21:27Z,500,32.0000,30.0000,31.0000,31.0000,30.0000,30.0000,37.0000,29.0000,30.0000,36.6020,29.0000,30.0000,32,30,31,31,30,30,37,29,30,36,29,30,32,30,31,31,30,30,37,29,30,37,29,30,44.00,41.00,30.321,0.287,2.7976,sat down ~19:22Z from 45/46C
3257.44,2026-09-28T20:21:28Z,501,32.0000,30.0000,31.0000,31.0000,30.0000,30.0000,37.0000,29.0000,30.0000,36.5489,29.0000,30.0000,32,30,31,31,30,30,37,29,30,36,29,30,32,30,31,31,30,30,37,29,30,37,29,30,44.00,41.00,30.321,0.286,2.7976,sat down ~19:22Z from 45/46C
3258.45,2026-09-28T20:21:29Z,501,32.0000,30.0000,31.0000,31.0000,30.0000,30.0000,37.0000,29.0000,30.0000,36.5289,29.0000,30.0000,32,30,31,31,30,30,37,29,30,36,29,30,32,30,31,31,30,30,37,29,30,37,29,30,44.00,41.00,30.321,0.283,2.7976,sat down ~19:22Z from 45/46C
3259.45,2026-09-28T20:21:30Z,500,32.0000,30.0000,31.0000,31.0000,30.0000,30.0000,37.0000,29.0000,30.0000,36.4940,29.0000,30.0000,32,30,31,31,30,30,37,29,30,36,29,30,32,30,31,31,30,30,37,29,30,37,29,30,44.00,41.00,30.321,0.282,2.7976,sat down ~19:22Z from 45/46C
3260.45,2026-09-28T20:21:31Z,500,32.0000,30.0000,31.0000,31.0000,30.0000,30.0000,37.0000,29.0000,30.0000,36.5620,29.0000,30.0000,32,30,31,31,30,30,37,29,30,36,29,30,32,30,31,31,30,30,37,29,30,37,29,30,44.00,41.00,30.321,0.283,2.7976,sat down ~19:22Z from 45/46C
3261.45,2026-09-28T20:21:32Z,501,32.0000,30.0000,31.0000,31.0000,30.0000,30.0000,37.0000,29.0000,30.0000,36.4810,29.0000,30.0000,32,30,31,31,30,30,37,29,30,36,29,30,32,30,31,31,30,30,37,29,30,37,29,30,44.00,41.00,30.321,0.284,2.7976,sat down ~19:22Z from 45/46C
3262.45,2026-09-28T20:21:33Z,500,32.0000,30.0000,31.0000,31.0000,30.0000,30.0000,37.0000,29.0000,30.0000,36.3920,29.0000,30.0000,32,30,31,31,30,30,37,29,30,36,29,30,32,30,31,31,30,30,37,29,30,37,29,30,44.00,41.00,30.320,0.284,2.7976,sat down ~19:22Z from 45/46C
3263.45,2026-09-28T20:21:34Z,500,32.0000,30.0000,31.0000,31.0000,30.0000,30.0000,37.0000,29.0000,30.0000,36.4700,29.0000,30.0000,32,30,31,31,30,30,37,29,30,36,29,30,32,30,31,31,30,30,37,29,30,37,29,30,44.00,41.00,30.320,0.280,2.7976,sat down ~19:22Z from 45/46C
3264.45,2026-09-28T20:21:35Z,500,32.0000,30.0000,31.0000,31.0000,30.0000,30.0000,37.0000,29.0000,30.0000,36.4160,29.0000,30.0000,32,30,31,31,30,30,37,29,30,36,29,30,32,30,31,31,30,30,37,29,30,37,29,30,44.00,41.00,30.320,0.282,2.7976,sat down ~19:22Z from 45/46C
3265.45,2026-09-28T20:21:36Z,500,32.0000,30.0000,31.0000,31.0000,30.0000,30.0000,37.0000,29.0000,30.0000,36.4100,29.0000,30.0000,32,30,31,31,30,30,37,29,30,36,29,30,32,30,31,31,30,30,37,29,30,37,29,30,44.00,41.00,30.319,0.282,2.7976,sat down ~19:22Z from 45/46C
3266.45,2026-09-28T20:21:37Z,501,32.0000,30.0000,31.0000,31.0000,30.0000,30.0000,37.0000,29.0000,30.0000,36.3593,29.0000,30.0000,32,30,31,31,30,30,37,29,30,36,29,30,32,30,31,31,30,30,37,29,30,37,29,30,44.00,41.00,30.319,0.280,2.7976,sat down ~19:22Z from 45/46C
3267.45,2026-09-28T20:21:38Z,500,32.0000,30.0000,31.0000,31.0000,30.0000,30.0000,37.0000,29.0000,30.0000,36.2760,29.0000,30.0000,32,30,31,31,30,30,37,29,30,36,29,30,32,30,31,31,30,30,37,29,30,37,29,30,44.00,41.00,30.319,0.287,2.7976,sat down ~19:22Z from 45/46C
3268.46,2026-09-28T20:21:39Z,501,32.0000,30.0000,31.0000,31.0000,30.0000,30.0000,37.0000,29.0000,30.0000,36.2495,29.0000,30.0000,32,30,31,31,30,30,37,29,30,36,29,30,32,30,31,31,30,30,37,29,30,37,29,30,44.00,41.00,30.319,0.285,2.7976,sat down ~19:22Z from 45/46C
3269.46,2026-09-28T20:21:40Z,500,32.0000,30.0000,31.0000,31.0000,30.0000,30.0000,37.0000,29.0000,30.0000,36.2120,29.0000,30.0000,32,30,31,31,30,30,37,29,30,36,29,30,32,30,31,31,30,30,37,29,30,37,29,30,44.00,41.00,30.319,0.285,2.7976,sat down ~19:22Z from 45/46C
3270.46,2026-09-28T20:21:41Z,501,32.0000,30.0000,31.0000,31.0000,30.0000,30.0000,37.0000,29.0000,30.0000,36.2335,29.0000,30.0000,32,30,31,31,30,30,37,29,30,36,29,30,32,30,31,31,30,30,37,29,30,37,29,30,44.00,41.00,30.319,0.288,2.7976,sat down ~19:22Z from 45/46C
3271.46,2026-09-28T20:21:42Z,500,32.0000,30.0000,31.0000,31.0000,30.0000,30.0000,37.0000,29.0000,30.0000,36.1380,29.0000,30.0000,32,30,31,31,30,30,37,29,30,36,29,30,32,30,31,31,30,30,37,29,30,37,29,30,44.00,41.00,30.319,0.288,2.7976,sat down ~19:22Z from 45/46C
3272.46,2026-09-28T20:21:43Z,501,32.0000,30.0000,31.0000,31.0000,30.0000,30.0000,37.0000,29.0000,30.0000,36.1178,29.0000,30.0000,32,30,31,31,30,30,37,29,30,36,29,30,32,30,31,31,30,30,37,29,30,37,29,30,44.00,41.00,30.318,0.287,2.7976,sat down ~19:22Z from 45/46C
3273.46,2026-09-28T20:21:44Z,500,32.0000,30.0000,31.0000,31.0000,30.0000,30.0000,37.0000,29.0000,30.0000,36.1220,29.0000,30.0000,32,30,31,31,30,30,37,29,30,36,29,30,32,30,31,31,30,30,37,29,30,37,29,30,44.00,41.00,30.318,0.287,2.7976,sat down ~19:22Z from 45/46C
3274.46,2026-09-28T20:21:45Z,500,32.0000,30.0000,31.0000,31.0000,30.0000,30.0000,37.0000,29.0000,30.0000,36.0940,29.0000,30.0000,32,30,31,31,30,30,37,29,30,36,29,30,32,30,31,31,30,30,37,29,30,37,29,30,44.00,41.00,30.318,0.286,2.7976,sat down ~19:22Z from 45/46C
3275.46,2026-09-28T20:21:46Z,500,32.0000,30.0000,31.0000,31.0000,30.0000,30.0000,37.0000,29.0000,30.0000,36.0640,29.0000,30.0000,32,30,31,31,30,30,37,29,30,36,29,30,32,30,31,31,30,30,37,29,30,37,29,30,44.00,41.00,30.317,0.285,2.7976,sat down ~19:22Z from 45/46C
3276.46,2026-09-28T20:21:47Z,501,32.0000,30.0000,31.0000,31.0000,30.0000,30.0000,37.0000,29.0000,30.0000,36.0200,29.0000,30.0000,32,30,31,31,30,30,37,29,30,36,29,30,32,30,31,31,30,30,37,29,30,37,29,30,44.00,41.00,30.317,0.287,2.7976,sat down ~19:22Z from 45/46C
3277.46,2026-09-28T20:21:48Z,500,32.0000,30.0000,31.0000,31.0000,30.0000,30.0000,37.0000,29.0000,30.0000,36.0600,29.0000,30.0000,32,30,31,31,30,30,37,29,30,36,29,30,32,30,31,31,30,30,37,29,30,37,29,30,44.00,41.00,30.317,0.286,2.7976,sat down ~19:22Z from 45/46C
3278.46,2026-09-28T20:21:49Z,501,32.0000,30.0000,31.0000,31.0000,30.0000,30.0000,37.0000,29.0000,30.0000,36.0180,29.0000,30.0000,32,30,31,31,30,30,37,29,30,36,29,30,32,30,31,31,30,30,37,29,30,37,29,30,44.00,41.00,30.316,0.290,2.7976,sat down ~19:22Z from 45/46C
3279.46,2026-09-28T20:21:50Z,500,32.0000,30.0000,31.0000,31.0000,30.0000,30.0000,37.0000,29.0000,30.0000,36.0000,29.0000,30.0000,32,30,31,31,30,30,37,29,30,36,29,30,32,30,31,31,30,30,37,29,30,36,29,30,44.00,41.00,30.316,0.290,2.7976,sat down ~19:22Z from 45/46C
3280.46,2026-09-28T20:21:51Z,500,32.0000,30.0000,31.0000,31.0000,30.0000,30.0000,37.0000,29.0000,30.0000,36.0080,29.0000,30.0000,32,30,31,31,30,30,37,29,30,36,29,30,32,30,31,31,30,30,37,29,30,37,29,30,44.00,41.00,30.316,0.286,2.7976,sat down ~19:22Z from 45/46C
3281.47,2026-09-28T20:21:52Z,501,32.0000,30.0000,31.0000,31.0000,30.0000,30.0000,37.0000,29.0000,30.0000,36.0060,29.0000,30.0000,32,30,31,31,30,30,37,29,30,36,29,30,32,30,31,31,30,30,37,29,30,37,29,30,44.00,41.00,30.317,0.289,2.7976,sat down ~19:22Z from 45/46C
3282.47,2026-09-28T20:21:53Z,500,32.0000,30.0000,31.0000,31.0000,30.0000,30.0000,37.0000,29.0000,30.0000,36.0000,29.0000,30.0000,32,30,31,31,30,30,37,29,30,36,29,30,32,30,31,31,30,30,37,29,30,36,29,30,44.00,41.00,30.316,0.285,2.7976,sat down ~19:22Z from 45/46C
3283.47,2026-09-28T20:21:54Z,501,32.0000,30.0000,31.0000,31.0000,30.0000,30.0000,37.0000,29.0000,30.0000,36.0000,29.0000,30.0000,32,30,31,31,30,30,37,29,30,36,29,30,32,30,31,31,30,30,37,29,30,36,29,30,44.00,41.00,30.316,0.285,2.7976,sat down ~19:22Z from 45/46C
3284.47,2026-09-28T20:21:55Z,500,32.0000,30.0000,31.0000,31.0000,30.0000,30.0000,37.0000,29.0000,30.0000,36.0000,29.0000,30.0000,32,30,31,31,30,30,37,29,30,36,29,30,32,30,31,31,30,30,37,29,30,36,29,30,44.00,41.00,30.315,0.289,2.7976,sat down ~19:22Z from 45/46C
3285.47,2026-09-28T20:21:56Z,501,32.0000,30.0000,31.0000,31.0000,30.0000,30.0000,37.0000,29.0000,30.0000,36.0000,29.0000,30.0000,32,30,31,31,30,30,37,29,30,36,29,30,32,30,31,31,30,30,37,29,30,36,29,30,44.00,41.00,30.315,0.287,2.7976,sat down ~19:22Z from 45/46C
3286.47,2026-09-28T20:21:57Z,501,32.0000,30.0000,31.0000,31.0000,30.0000,30.0000,37.0000,29.0000,30.0000,36.0000,29.0000,30.0000,32,30,31,31,30,30,37,29,30,36,29,30,32,30,31,31,30,30,37,29,30,36,29,30,44.00,41.00,30.315,0.290,2.7976,sat down ~19:22Z from 45/46C
3287.47,2026-09-28T20:21:58Z,501,32.0000,30.0000,31.0000,31.0000,30.0000,30.0000,37.0000,29.0000,30.0000,36.0060,29.0000,30.0000,32,30,31,31,30,30,37,29,30,36,29,30,32,30,31,31,30,30,37,29,30,37,29,30,44.00,41.00,30.315,0.290,2.7976,sat down ~19:22Z from 45/46C
3288.47,2026-09-28T20:21:59Z,500,32.0000,30.0000,31.0000,31.0000,30.0000,30.0000,37.0000,29.0000,30.0000,36.0000,29.0000,30.0000,32,30,31,31,30,30,37,29,30,36,29,30,32,30,31,31,30,30,37,29,30,36,29,30,44.00,41.00,30.315,0.288,2.7976,sat down ~19:22Z from 45/46C
3289.47,2026-09-28T20:22:00Z,500,32.0000,30.0000,31.0000,31.0000,30.0000,30.0000,37.0000,29.0000,30.0000,36.0000,29.0000,30.0000,32,30,31,31,30,30,37,29,30,36,29,30,32,30,31,31,30,30,37,29,30,36,29,30,44.00,41.00,30.314,0.290,2.7976,sat down ~19:22Z from 45/46C
3290.47,2026-09-28T20:22:01Z,500,32.0000,30.0000,31.0000,31.0000,30.0000,30.0000,37.0000,29.0000,30.0000,36.0000,29.0000,30.0000,32,30,31,31,30,30,37,29,30,36,29,30,32,30,31,31,30,30,37,29,30,36,29,30,44.00,41.00,30.315,0.292,2.7976,sat down ~19:22Z from 45/46C
3291.48,2026-09-28T20:22:02Z,501,32.0000,30.0000,31.0000,31.0000,30.0000,30.0000,37.0000,29.0000,30.0000,36.0000,29.0000,30.0000,32,30,31,31,30,30,37,29,30,36,29,30,32,30,31,31,30,30,37,29,30,36,29,30,44.00,41.00,30.315,0.291,2.7976,sat down ~19:22Z from 45/46C
3292.48,2026-09-28T20:22:03Z,501,32.0000,30.0000,31.0000,31.0000,30.0000,30.0000,37.0000,29.0000,30.0000,36.0000,29.0000,30.0000,32,30,31,31,30,30,37,29,30,36,29,30,32,30,31,31,30,30,37,29,30,36,29,30,44.00,41.00,30.314,0.294,2.7976,sat down ~19:22Z from 45/46C
3293.48,2026-09-28T20:22:04Z,501,32.0000,30.0000,31.0000,31.0000,30.0000,30.0000,37.0000,29.0000,30.0000,36.0000,29.0000,30.0000,32,30,31,31,30,30,37,29,30,36,29,30,32,30,31,31,30,30,37,29,30,36,29,30,44.00,41.00,30.314,0.288,2.7976,sat down ~19:22Z from 45/46C
3294.48,2026-09-28T20:22:05Z,500,32.0000,30.0000,31.0000,31.0000,30.0000,30.0000,37.0000,29.0000,30.0000,36.0000,29.0000,30.0000,32,30,31,31,30,30,37,29,30,36,29,30,32,30,31,31,30,30,37,29,30,36,29,30,44.00,41.00,30.314,0.290,2.7976,sat down ~19:22Z from 45/46C
3295.48,2026-09-28T20:22:06Z,501,32.0000,30.0000,31.0000,31.0000,30.0000,30.0000,37.0000,29.0000,30.0000,36.0000,29.0000,30.0000,32,30,31,31,30,30,37,29,30,36,29,30,32,30,31,31,30,30,37,29,30,36,29,30,44.00,41.00,30.313,0.286,2.7976,sat down ~19:22Z from 45/46C
3296.48,2026-09-28T20:22:07Z,501,32.0000,30.0000,31.0000,31.0000,30.0000,30.0000,37.0000,29.0000,30.0000,36.0000,29.0000,30.0000,32,30,31,31,30,30,37,29,30,36,29,30,32,30,31,31,30,30,37,29,30,36,29,30,44.00,41.00,30.313,0.290,2.7976,sat down ~19:22Z from 45/46C
3297.49,2026-09-28T20:22:08Z,501,32.0000,30.0000,31.0000,31.0000,30.0000,30.0000,37.0000,29.0000,30.0000,36.0000,29.0000,30.0000,32,30,31,31,30,30,37,29,30,36,29,30,32,30,31,31,30,30,37,29,30,36,29,30,44.00,41.00,30.313,0.289,2.7976,sat down ~19:22Z from 45/46C
3298.49,2026-09-28T20:22:09Z,500,32.0000,30.0000,31.0000,31.0000,30.0000,30.0000,37.0000,29.0000,30.0000,36.0000,29.0000,30.0000,32,30,31,31,30,30,37,29,30,36,29,30,32,30,31,31,30,30,37,29,30,36,29,30,44.00,41.00,30.313,0.293,2.7976,sat down ~19:22Z from 45/46C
3299.49,2026-09-28T20:22:10Z,500,32.0000,30.0000,31.0000,31.0000,30.0000,30.0000,37.0000,29.0000,30.0000,36.0000,29.0000,30.0000,32,30,31,31,30,30,37,29,30,36,29,30,32,30,31,31,30,30,37,29,30,36,29,30,44.00,41.00,30.313,0.289,2.7976,sat down ~19:22Z from 45/46C
3300.49,2026-09-28T20:22:11Z,500,32.0000,30.0000,31.0000,31.0000,30.0000,30.0000,37.0000,29.0000,30.0000,36.0000,29.0000,30.0000,32,30,31,31,30,30,37,29,30,36,29,30,32,30,31,31,30,30,37,29,30,36,29,30,44.00,41.00,30.312,0.291,2.7976,sat down ~19:22Z from 45/46C
3301.49,2026-09-28T20:22:12Z,501,32.0000,30.0000,31.0000,31.0000,30.0000,30.0000,37.0000,29.0000,30.0000,36.0000,29.0000,30.0000,32,30,31,31,30,30,37,29,30,36,29,30,32,30,31,31,30,30,37,29,30,36,29,30,44.00,41.00,30.312,0.289,2.7976,sat down ~19:22Z from 45/46C
3302.49,2026-09-28T20:22:13Z,500,32.0000,30.0000,31.0000,31.0000,30.0000,30.0000,37.0000,29.0000,30.0000,36.0000,29.0000,30.0000,32,30,31,31,30,30,37,29,30,36,29,30,32,30,31,31,30,30,37,29,30,36,29,30,44.00,41.00,30.312,0.290,2.7976,sat down ~19:22Z from 45/46C
3303.49,2026-09-28T20:22:14Z,501,32.0000,30.0000,31.0000,31.0000,30.0000,30.0000,37.0000,29.0000,30.0000,36.0000,29.0000,30.0000,32,30,31,31,30,30,37,29,30,36,29,30,32,30,31,31,30,30,37,29,30,36,29,30,44.00,41.00,30.312,0.287,2.7976,sat down ~19:22Z from 45/46C
3304.49,2026-09-28T20:22:15Z,500,32.0000,30.0000,31.0000,31.0000,30.0000,30.0000,37.0000,29.0000,30.0000,36.0000,29.0000,30.0000,32,30,31,31,30,30,37,29,30,36,29,30,32,30,31,31,30,30,37,29,30,36,29,30,44.00,41.00,30.311,0.290,2.7976,sat down ~19:22Z from 45/46C
3305.49,2026-09-28T20:22:16Z,499,32.0000,30.0000,31.0000,31.0000,30.0000,30.0000,37.0000,29.0000,30.0000,36.0000,29.0000,30.0000,32,30,31,31,30,30,37,29,30,36,29,30,32,30,31,31,30,30,37,29,30,36,29,30,44.00,41.00,30.311,0.288,2.7976,sat down ~19:22Z from 45/46C
3306.49,2026-09-28T20:22:17Z,501,32.0000,30.0000,31.0000,31.0000,30.0000,30.0000,37.0000,29.0000,30.0000,36.0000,29.0000,30.0000,32,30,31,31,30,30,37,29,30,36,29,30,32,30,31,31,30,30,37,29,30,36,29,30,44.00,41.00,30.311,0.289,2.7976,sat down ~19:22Z from 45/46C
3307.49,2026-09-28T20:22:18Z,500,32.0000,30.0000,31.0000,31.0000,30.0000,30.0000,37.0000,29.0000,30.0000,36.0000,29.0000,30.0000,32,30,31,31,30,30,37,29,30,36,29,30,32,30,31,31,30,30,37,29,30,36,29,30,44.00,41.00,30.311,0.288,2.7976,sat down ~19:22Z from 45/46C
3308.49,2026-09-28T20:22:19Z,501,32.0000,30.0000,31.0000,31.0000,30.0000,30.0000,37.0000,29.0000,30.0000,36.0000,29.0000,30.0000,32,30,31,31,30,30,37,29,30,36,29,30,32,30,31,31,30,30,37,29,30,36,29,30,44.00,41.00,30.310,0.285,2.7976,sat down ~19:22Z from 45/46C
3309.50,2026-09-28T20:22:20Z,501,32.0000,30.0000,31.0000,31.0000,30.0000,30.0000,37.0000,29.0000,30.0000,36.0000,29.0000,30.0000,32,30,31,31,30,30,37,29,30,36,29,30,32,30,31,31,30,30,37,29,30,36,29,30,44.00,41.00,30.310,0.282,2.7976,sat down ~19:22Z from 45/46C
3310.50,2026-09-28T20:22:21Z,500,32.0000,30.0000,31.0000,31.0000,30.0000,30.0000,37.0000,29.0000,30.0000,36.0000,29.0000,30.0000,32,30,31,31,30,30,37,29,30,36,29,30,32,30,31,31,30,30,37,29,30,36,29,30,44.00,41.00,30.310,0.287,2.7976,sat down ~19:22Z from 45/46C
3311.50,2026-09-28T20:22:22Z,501,32.0000,30.0000,31.0000,31.0000,30.0000,30.0000,37.0000,29.0000,30.0000,36.0000,29.0000,30.0000,32,30,31,31,30,30,37,29,30,36,29,30,32,30,31,31,30,30,37,29,30,36,29,30,44.00,41.00,30.310,0.287,2.7976,sat down ~19:22Z from 45/46C
3312.50,2026-09-28T20:22:23Z,500,32.0000,30.0000,31.0000,31.0000,30.0000,30.0000,37.0000,29.0000,30.0000,36.0000,29.0000,30.0000,32,30,31,31,30,30,37,29,30,36,29,30,32,30,31,31,30,30,37,29,30,36,29,30,44.00,41.00,30.309,0.286,2.7976,sat down ~19:22Z from 45/46C
3313.50,2026-09-28T20:22:24Z,501,32.0000,30.0000,31.0000,31.0000,30.0000,30.0000,37.0000,29.0000,30.0000,36.0000,29.0000,30.0000,32,30,31,31,30,30,37,29,30,36,29,30,32,30,31,31,30,30,37,29,30,36,29,30,44.00,41.00,30.309,0.287,2.7976,sat down ~19:22Z from 45/46C
3314.50,2026-09-28T20:22:25Z,501,32.0000,30.0000,31.0000,31.0000,30.0000,30.0000,37.0000,29.0000,30.0000,36.0000,29.0000,30.0000,32,30,31,31,30,30,37,29,30,36,29,30,32,30,31,31,30,30,37,29,30,36,29,30,44.00,41.00,30.309,0.288,2.7976,sat down ~19:22Z from 45/46C
3315.50,2026-09-28T20:22:26Z,500,32.0000,30.0000,31.0000,31.0000,30.0000,30.0000,37.0000,29.0000,30.0000,36.0000,29.0000,30.0000,32,30,31,31,30,30,37,29,30,36,29,30,32,30,31,31,30,30,37,29,30,36,29,30,44.00,41.00,30.309,0.287,2.7976,sat down ~19:22Z from 45/46C
3316.50,2026-09-28T20:22:27Z,500,32.0000,30.0000,31.0000,31.0000,30.0000,30.0000,37.0000,29.0000,30.0000,36.0000,29.0000,30.0000,32,30,31,31,30,30,37,29,30,36,29,30,32,30,31,31,30,30,37,29,30,36,29,30,44.00,41.00,30.308,0.287,2.7976,sat down ~19:22Z from 45/46C
3317.50,2026-09-28T20:22:28Z,500,32.0000,30.0000,31.0000,31.0000,30.0000,30.0000,37.0000,29.0000,30.0000,36.0000,29.0000,30.0000,32,30,31,31,30,30,37,29,30,36,29,30,32,30,31,31,30,30,37,29,30,36,29,30,44.00,41.00,30.308,0.286,2.7976,sat down ~19:22Z from 45/46C
3318.51,2026-09-28T20:22:29Z,501,32.0000,30.0000,31.0000,31.0000,30.0000,30.0000,37.0000,29.0000,30.0000,36.0000,29.0000,30.0000,32,30,31,31,30,30,37,29,30,36,29,30,32,30,31,31,30,30,37,29,30,36,29,30,44.00,41.00,30.308,0.282,2.7976,sat down ~19:22Z from 45/46C
3319.51,2026-09-28T20:22:30Z,501,32.0000,30.0000,31.0000,31.0000,30.0000,30.0000,37.0000,29.0000,30.0000,36.0000,29.0000,30.0000,32,30,31,31,30,30,37,29,30,36,29,30,32,30,31,31,30,30,37,29,30,36,29,30,44.00,41.00,30.307,0.287,2.7976,sat down ~19:22Z from 45/46C
3320.51,2026-09-28T20:22:31Z,500,32.0000,30.0000,31.0000,31.0000,30.0000,30.0000,37.0000,29.0000,30.0000,36.0000,29.0000,30.0000,32,30,31,31,30,30,37,29,30,36,29,30,32,30,31,31,30,30,37,29,30,36,29,30,44.00,41.00,30.307,0.286,2.7976,sat down ~19:22Z from 45/46C
3321.51,2026-09-28T20:22:32Z,501,32.0000,30.0000,31.0000,31.0000,30.0000,30.0000,37.0000,29.0000,30.0000,36.0000,29.0000,30.0000,32,30,31,31,30,30,37,29,30,36,29,30,32,30,31,31,30,30,37,29,30,36,29,30,44.00,41.00,30.307,0.288,2.7976,sat down ~19:22Z from 45/46C
3322.51,2026-09-28T20:22:33Z,501,32.0000,30.0000,31.0000,31.0000,30.0000,30.0000,37.0000,29.0000,30.0000,36.0000,29.0000,30.0000,32,30,31,31,30,30,37,29,30,36,29,30,32,30,31,31,30,30,37,29,30,36,29,30,44.00,41.00,30.307,0.284,2.7976,sat down ~19:22Z from 45/46C
3323.51,2026-09-28T20:22:34Z,500,32.0000,30.0000,31.0000,31.0000,30.0000,30.0000,37.0000,29.0000,30.0000,36.0000,29.0000,30.0000,32,30,31,31,30,30,37,29,30,36,29,30,32,30,31,31,30,30,37,29,30,36,29,30,44.00,41.00,30.307,0.287,2.7976,sat down ~19:22Z from 45/46C
3324.51,2026-09-28T20:22:35Z,501,32.0000,30.0000,31.0000,31.0000,30.0000,30.0000,37.0000,29.0000,30.0000,36.0000,29.0000,30.0000,32,30,31,31,30,30,37,29,30,36,29,30,32,30,31,31,30,30,37,29,30,36,29,30,44.00,41.00,30.307,0.285,2.7976,sat down ~19:22Z from 45/46C
3325.52,2026-09-28T20:22:36Z,501,32.0000,30.0000,31.0000,31.0000,30.0000,30.0000,37.0000,29.0000,30.0000,36.0000,29.0000,30.0000,32,30,31,31,30,30,37,29,30,36,29,30,32,30,31,31,30,30,37,29,30,36,29,30,44.00,41.00,30.307,0.283,2.7976,sat down ~19:22Z from 45/46C
3326.52,2026-09-28T20:22:37Z,500,32.0000,30.0000,31.0000,31.0000,30.0000,30.0000,37.0000,29.0000,30.0000,36.0000,29.0000,30.0000,32,30,31,31,30,30,37,29,30,36,29,30,32,30,31,31,30,30,37,29,30,36,29,30,44.00,41.00,30.306,0.287,2.7976,sat down ~19:22Z from 45/46C
3327.52,2026-09-28T20:22:38Z,501,32.0000,30.0000,31.0000,31.0000,30.0000,30.0000,37.0000,29.0000,30.0000,36.0000,29.0000,30.0000,32,30,31,31,30,30,37,29,30,36,29,30,32,30,31,31,30,30,37,29,30,36,29,30,44.00,41.00,30.305,0.285,2.7976,sat down ~19:22Z from 45/46C
3328.52,2026-09-28T20:22:39Z,500,32.0000,30.0000,31.0000,31.0000,30.0000,30.0000,37.0000,29.0000,30.0000,36.0000,29.0000,30.0000,32,30,31,31,30,30,37,29,30,36,29,30,32,30,31,31,30,30,37,29,30,36,29,30,44.00,41.00,30.305,0.286,2.7976,sat down ~19:22Z from 45/46C
3329.52,2026-09-28T20:22:40Z,499,32.0000,30.0000,31.0000,31.0000,30.0000,30.0000,37.0000,29.0000,30.0000,36.0000,29.0000,30.0000,32,30,31,31,30,30,37,29,30,36,29,30,32,30,31,31,30,30,37,29,30,36,29,30,44.00,41.00,30.306,0.285,2.7976,sat down ~19:22Z from 45/46C
3330.52,2026-09-28T20:22:41Z,501,32.0000,30.0000,31.0000,31.0000,30.0000,30.0000,37.0000,29.0000,30.0000,36.0000,29.0000,30.0000,32,30,31,31,30,30,37,29,30,36,29,30,32,30,31,31,30,30,37,29,30,36,29,30,44.00,41.00,30.306,0.284,2.7976,sat down ~19:22Z from 45/46C
3331.52,2026-09-28T20:22:42Z,500,32.0000,30.0000,31.0000,31.0000,30.0000,30.0000,37.0000,29.0000,30.0000,36.0000,29.0000,30.0000,32,30,31,31,30,30,37,29,30,36,29,30,32,30,31,31,30,30,37,29,30,36,29,30,44.00,41.00,30.305,0.285,2.7976,sat down ~19:22Z from 45/46C
3332.52,2026-09-28T20:22:43Z,500,32.0000,30.0000,31.0000,31.0000,30.0000,30.0000,37.0000,29.0000,30.0000,36.0000,29.0000,30.0000,32,30,31,31,30,30,37,29,30,36,29,30,32,30,31,31,30,30,37,29,30,36,29,30,44.00,41.00,30.305,0.282,2.7976,sat down ~19:22Z from 45/46C
3333.52,2026-09-28T20:22:44Z,500,32.0000,30.0000,31.0000,31.0000,30.0000,30.0000,37.0000,29.0000,30.0000,36.0000,29.0000,30.0000,32,30,31,31,30,30,37,29,30,36,29,30,32,30,31,31,30,30,37,29,30,36,29,30,44.00,41.00,30.305,0.283,2.7976,sat down ~19:22Z from 45/46C
3334.52,2026-09-28T20:22:45Z,501,32.0000,30.0000,31.0000,31.0000,30.0000,30.0000,37.0000,29.0000,30.0000,36.0000,29.0000,30.0000,32,30,31,31,30,30,37,29,30,36,29,30,32,30,31,31,30,30,37,29,30,36,29,30,44.00,41.00,30.304,0.284,2.7976,sat down ~19:22Z from 45/46C
3335.53,2026-09-28T20:22:46Z,501,32.0000,30.0000,31.0000,31.0000,30.0000,30.0000,37.0000,29.0000,30.0000,36.0000,29.0000,30.0000,32,30,31,31,30,30,37,29,30,36,29,30,32,30,31,31,30,30,37,29,30,36,29,30,44.00,41.00,30.304,0.282,2.7976,sat down ~19:22Z from 45/46C
3336.53,2026-09-28T20:22:47Z,500,32.0000,30.0000,31.0000,31.0000,30.0000,30.0000,37.0000,29.0000,30.0000,36.0000,29.0000,30.0000,32,30,31,31,30,30,37,29,30,36,29,30,32,30,31,31,30,30,37,29,30,36,29,30,44.00,41.00,30.304,0.286,2.7976,sat down ~19:22Z from 45/46C
3337.53,2026-09-28T20:22:48Z,501,32.0000,30.0000,31.0000,31.0000,30.0000,30.0000,37.0000,29.0000,30.0000,36.0000,29.0000,30.0000,32,30,31,31,30,30,37,29,30,36,29,30,32,30,31,31,30,30,37,29,30,36,29,30,44.00,41.00,30.304,0.285,2.7976,sat down ~19:22Z from 45/46C
3338.53,2026-09-28T20:22:49Z,500,32.0000,30.0000,31.0000,31.0000,30.0000,30.0000,37.0000,29.0000,30.0000,36.0000,29.0000,30.0000,32,30,31,31,30,30,37,29,30,36,29,30,32,30,31,31,30,30,37,29,30,36,29,30,44.00,41.00,30.303,0.284,2.7976,sat down ~19:22Z from 45/46C
3339.53,2026-09-28T20:22:50Z,500,32.0000,30.0000,31.0000,31.0000,30.0000,30.0000,37.0000,29.0000,30.0000,36.0000,29.0000,30.0000,32,30,31,31,30,30,37,29,30,36,29,30,32,30,31,31,30,30,37,29,30,36,29,30,44.00,41.00,30.303,0.281,2.7976,sat down ~19:22Z from 45/46C
3340.53,2026-09-28T20:22:51Z,500,32.0000,30.0000,31.0000,31.0000,30.0000,30.0000,37.0000,29.0000,30.0000,36.0000,29.0000,30.0000,32,30,31,31,30,30,37,29,30,36,29,30,32,30,31,31,30,30,37,29,30,36,29,30,44.00,41.00,30.303,0.283,2.7976,sat down ~19:22Z from 45/46C
3341.53,2026-09-28T20:22:52Z,501,32.0000,30.0000,31.0000,31.0000,30.0000,30.0000,37.0000,29.0000,30.0000,36.0000,29.0000,30.0000,32,30,31,31,30,30,37,29,30,36,29,30,32,30,31,31,30,30,37,29,30,36,29,30,44.00,41.00,30.303,0.286,2.7976,sat down ~19:22Z from 45/46C
3342.53,2026-09-28T20:22:53Z,500,32.0000,30.0000,31.0000,31.0000,30.0000,30.0000,37.0000,29.0000,30.0000,36.0000,29.0000,30.0000,32,30,31,31,30,30,37,29,30,36,29,30,32,30,31,31,30,30,37,29,30,36,29,30,44.00,41.00,30.303,0.286,2.7976,sat down ~19:22Z from 45/46C
3343.53,2026-09-28T20:22:54Z,501,32.0000,30.0000,31.0000,31.0000,30.0000,30.0000,37.0000,29.0000,30.0000,36.0000,29.0000,30.0000,32,30,31,31,30,30,37,29,30,36,29,30,32,30,31,31,30,30,37,29,30,36,29,30,44.00,41.00,30.302,0.287,2.7976,sat down ~19:22Z from 45/46C
3344.53,2026-09-28T20:22:55Z,500,32.0000,30.0000,31.0000,31.0000,30.0000,30.0000,37.0000,29.0000,30.0000,36.0000,29.0000,30.0000,32,30,31,31,30,30,37,29,30,36,29,30,32,30,31,31,30,30,37,29,30,36,29,30,44.00,41.00,30.303,0.287,2.7976,sat down ~19:22Z from 45/46C
3345.53,2026-09-28T20:22:56Z,501,32.0000,30.0000,31.0000,31.0000,30.0000,30.0000,37.0000,29.0000,30.0000,36.0000,29.0000,30.0000,32,30,31,31,30,30,37,29,30,36,29,30,32,30,31,31,30,30,37,29,30,36,29,30,44.00,41.00,30.302,0.285,2.7976,sat down ~19:22Z from 45/46C
3346.53,2026-09-28T20:22:57Z,500,32.0000,30.0000,31.0000,31.0000,30.0000,30.0000,37.0000,29.0000,30.0000,36.0000,29.0000,30.0000,32,30,31,31,30,30,37,29,30,36,29,30,32,30,31,31,30,30,37,29,30,36,29,30,44.00,41.00,30.302,0.284,2.7976,sat down ~19:22Z from 45/46C
3347.54,2026-09-28T20:22:58Z,501,32.0000,30.0000,31.0000,31.0000,30.0000,30.0000,37.0000,29.0000,30.0000,36.0000,29.0000,30.0000,32,30,31,31,30,30,37,29,30,36,29,30,32,30,31,31,30,30,37,29,30,36,29,30,44.00,41.00,30.302,0.283,2.7976,sat down ~19:22Z from 45/46C
3348.54,2026-09-28T20:22:59Z,501,32.0000,30.0000,31.0000,31.0000,30.0000,30.0000,37.0000,29.0000,30.0000,36.0000,29.0000,30.0000,32,30,31,31,30,30,37,29,30,36,29,30,32,30,31,31,30,30,37,29,30,36,29,30,44.00,41.00,30.301,0.285,2.7976,sat down ~19:22Z from 45/46C
3349.54,2026-09-28T20:23:00Z,500,32.0000,30.0000,31.0000,31.0000,30.0000,30.0000,37.0000,29.0000,30.0000,36.0000,29.0000,30.0000,32,30,31,31,30,30,37,29,30,36,29,30,32,30,31,31,30,30,37,29,30,36,29,30,44.00,41.00,30.301,0.280,2.7976,sat down ~19:22Z from 45/46C
3350.54,2026-09-28T20:23:01Z,499,32.0000,30.0000,31.0000,31.0000,30.0000,30.0000,37.0000,29.0000,30.0000,36.0000,29.0000,30.0000,32,30,31,31,30,30,37,29,30,36,29,30,32,30,31,31,30,30,37,29,30,36,29,30,44.00,41.00,30.301,0.284,2.7976,sat down ~19:22Z from 45/46C
3351.54,2026-09-28T20:23:02Z,500,32.0000,30.0000,31.0000,31.0000,30.0000,30.0000,37.0000,29.0000,30.0000,36.0000,29.0000,30.0000,32,30,31,31,30,30,37,29,30,36,29,30,32,30,31,31,30,30,37,29,30,36,29,30,44.00,41.00,30.301,0.283,2.7976,sat down ~19:22Z from 45/46C
3352.54,2026-09-28T20:23:03Z,501,32.0000,30.0000,31.0000,31.0000,30.0000,30.0000,37.0000,29.0000,30.0000,36.0000,29.0000,30.0000,32,30,31,31,30,30,37,29,30,36,29,30,32,30,31,31,30,30,37,29,30,36,29,30,44.00,41.00,30.300,0.284,2.7976,sat down ~19:22Z from 45/46C
3353.54,2026-09-28T20:23:04Z,501,32.0000,30.0000,31.0000,31.0000,30.0000,30.0000,37.0000,29.0000,30.0000,36.0000,29.0000,30.0000,32,30,31,31,30,30,37,29,30,36,29,30,32,30,31,31,30,30,37,29,30,36,29,30,44.00,41.00,30.300,0.285,2.7976,sat down ~19:22Z from 45/46C
3354.54,2026-09-28T20:23:05Z,500,32.0000,30.0000,31.0000,31.0000,30.0000,30.0000,37.0000,29.0000,30.0000,36.0000,29.0000,30.0000,32,30,31,31,30,30,37,29,30,36,29,30,32,30,31,31,30,30,37,29,30,36,29,30,44.00,41.00,30.300,0.289,2.7976,sat down ~19:22Z from 45/46C
3355.54,2026-09-28T20:23:06Z,501,32.0000,30.0000,31.0000,31.0000,30.0000,30.0000,37.0000,29.0000,30.0000,36.0000,29.0000,30.0000,32,30,31,31,30,30,37,29,30,36,29,30,32,30,31,31,30,30,37,29,30,36,29,30,44.00,41.00,30.299,0.284,2.7976,sat down ~19:22Z from 45/46C
3356.55,2026-09-28T20:23:07Z,501,32.0000,30.0000,31.0000,31.0000,30.0000,30.0000,37.0000,29.0000,30.0000,36.0000,29.0000,30.0000,32,30,31,31,30,30,37,29,30,36,29,30,32,30,31,31,30,30,37,29,30,36,29,30,44.00,41.00,30.299,0.285,2.7976,sat down ~19:22Z from 45/46C
3357.55,2026-09-28T20:23:08Z,500,32.0000,30.0000,31.0000,31.0000,30.0000,30.0000,37.0000,29.0000,30.0000,36.0000,29.0000,30.0000,32,30,31,31,30,30,37,29,30,36,29,30,32,30,31,31,30,30,37,29,30,36,29,30,44.00,41.00,30.300,0.284,2.7976,sat down ~19:22Z from 45/46C
3358.55,2026-09-28T20:23:09Z,500,32.0000,30.0000,31.0000,31.0000,30.0000,30.0000,37.0000,29.0000,30.0000,36.0000,29.0000,30.0000,32,30,31,31,30,30,37,29,30,36,29,30,32,30,31,31,30,30,37,29,30,36,29,30,44.00,41.00,30.299,0.285,2.7976,sat down ~19:22Z from 45/46C
3359.55,2026-09-28T20:23:10Z,501,32.0000,30.0000,31.0000,31.0000,30.0000,30.0000,37.0000,29.0000,30.0000,36.0000,29.0000,30.0000,32,30,31,31,30,30,37,29,30,36,29,30,32,30,31,31,30,30,37,29,30,36,29,30,44.00,41.00,30.298,0.284,2.7976,sat down ~19:22Z from 45/46C
3360.55,2026-09-28T20:23:11Z,500,32.0000,30.0000,31.0000,31.0000,30.0000,30.0000,37.0000,29.0000,30.0000,36.0000,29.0000,30.0000,32,30,31,31,30,30,37,29,30,36,29,30,32,30,31,31,30,30,37,29,30,36,29,30,44.00,41.00,30.299,0.282,2.7976,sat down ~19:22Z from 45/46C
3361.55,2026-09-28T20:23:12Z,501,32.0000,30.0000,31.0000,31.0000,30.0000,30.0000,37.0000,29.0000,30.0000,36.0000,29.0000,30.0000,32,30,31,31,30,30,37,29,30,36,29,30,32,30,31,31,30,30,37,29,30,36,29,30,44.00,41.00,30.298,0.282,2.7976,sat down ~19:22Z from 45/46C
3362.55,2026-09-28T20:23:13Z,500,32.0000,30.0000,31.0000,31.0000,30.0000,30.0000,37.0000,29.0000,30.0000,36.0000,29.0000,30.0000,32,30,31,31,30,30,37,29,30,36,29,30,32,30,31,31,30,30,37,29,30,36,29,30,44.00,41.00,30.298,0.287,2.7976,sat down ~19:22Z from 45/46C
3363.55,2026-09-28T20:23:14Z,500,32.0000,30.0000,31.0000,31.0000,30.0000,30.0000,37.0000,29.0000,30.0000,36.0000,29.0000,30.0000,32,30,31,31,30,30,37,29,30,36,29,30,32,30,31,31,30,30,37,29,30,36,29,30,44.00,41.00,30.298,0.282,2.7976,sat down ~19:22Z from 45/46C
3364.55,2026-09-28T20:23:15Z,501,32.0000,30.0000,31.0000,31.0000,30.0000,30.0000,37.0000,29.0000,30.0000,36.0000,29.0000,30.0000,32,30,31,31,30,30,37,29,30,36,29,30,32,30,31,31,30,30,37,29,30,36,29,30,44.00,41.00,30.298,0.286,2.7976,sat down ~19:22Z from 45/46C
3365.55,2026-09-28T20:23:16Z,500,32.0000,30.0000,31.0000,31.0000,30.0000,30.0000,37.0000,29.0000,30.0000,36.0000,29.0000,30.0000,32,30,31,31,30,30,37,29,30,36,29,30,32,30,31,31,30,30,37,29,30,36,29,30,44.00,41.00,30.298,0.285,2.7976,sat down ~19:22Z from 45/46C
3366.55,2026-09-28T20:23:17Z,501,32.0000,30.0000,31.0000,31.0000,30.0000,30.0000,37.0000,29.0000,30.0000,36.0000,29.0000,30.0000,32,30,31,31,30,30,37,29,30,36,29,30,32,30,31,31,30,30,37,29,30,36,29,30,44.00,41.00,30.297,0.282,2.7976,sat down ~19:22Z from 45/46C
3367.56,2026-09-28T20:23:18Z,501,32.0000,30.0000,31.0000,31.0000,30.0000,30.0000,37.0000,29.0000,30.0000,36.0000,29.0000,30.0000,32,30,31,31,30,30,37,29,30,36,29,30,32,30,31,31,30,30,37,29,30,36,29,30,44.00,41.00,30.297,0.284,2.7976,sat down ~19:22Z from 45/46C
3368.56,2026-09-28T20:23:19Z,500,32.0000,30.0000,31.0000,31.0000,30.0000,30.0000,37.0000,29.0000,30.0000,36.0000,29.0000,30.0000,32,30,31,31,30,30,37,29,30,36,29,30,32,30,31,31,30,30,37,29,30,36,29,30,44.00,41.00,30.297,0.281,2.7976,sat down ~19:22Z from 45/46C
3369.56,2026-09-28T20:23:20Z,500,32.0000,30.0000,31.0000,31.0000,30.0000,30.0000,37.0000,29.0000,30.0000,36.0000,29.0000,30.0000,32,30,31,31,30,30,37,29,30,36,29,30,32,30,31,31,30,30,37,29,30,36,29,30,44.00,41.00,30.296,0.280,2.7976,sat down ~19:22Z from 45/46C
3370.56,2026-09-28T20:23:21Z,500,32.0000,30.0000,31.0000,31.0000,30.0000,30.0000,37.0000,29.0000,30.0000,36.0000,29.0000,30.0000,32,30,31,31,30,30,37,29,30,36,29,30,32,30,31,31,30,30,37,29,30,36,29,30,44.00,41.00,30.297,0.282,2.7976,sat down ~19:22Z from 45/46C
3371.56,2026-09-28T20:23:22Z,501,32.0000,30.0000,31.0000,31.0000,30.0000,30.0000,37.0000,29.0000,30.0000,36.0000,29.0000,30.0000,32,30,31,31,30,30,37,29,30,36,29,30,32,30,31,31,30,30,37,29,30,36,29,30,44.00,41.00,30.296,0.283,2.7976,sat down ~19:22Z from 45/46C
3372.56,2026-09-28T20:23:23Z,500,32.0000,30.0000,31.0000,31.0000,30.0000,30.0000,37.0000,29.0000,30.0000,36.0000,29.0000,30.0000,32,30,31,31,30,30,37,29,30,36,29,30,32,30,31,31,30,30,37,29,30,36,29,30,44.00,41.00,30.295,0.283,2.7976,sat down ~19:22Z from 45/46C
3373.56,2026-09-28T20:23:24Z,501,32.0000,30.0000,31.0000,31.0000,30.0000,30.0000,37.0000,29.0000,30.0000,36.0000,29.0000,30.0000,32,30,31,31,30,30,37,29,30,36,29,30,32,30,31,31,30,30,37,29,30,36,29,30,44.00,41.00,30.296,0.285,2.7976,sat down ~19:22Z from 45/46C
3374.56,2026-09-28T20:23:25Z,500,32.0000,30.0000,31.0000,31.0000,30.0000,30.0000,37.0000,29.0000,30.0000,36.0000,29.0000,30.0000,32,30,31,31,30,30,37,29,30,36,29,30,32,30,31,31,30,30,37,29,30,36,29,30,44.00,41.00,30.296,0.282,2.7976,sat down ~19:22Z from 45/46C
3375.56,2026-09-28T20:23:26Z,500,32.0000,30.0000,31.0000,31.0000,30.0000,30.0000,37.0000,29.0000,30.0000,36.0000,29.0000,30.0000,32,30,31,31,30,30,37,29,30,36,29,30,32,30,31,31,30,30,37,29,30,36,29,30,44.00,41.00,30.296,0.282,2.7976,sat down ~19:22Z from 45/46C
3376.56,2026-09-28T20:23:27Z,500,32.0000,30.0000,31.0000,31.0000,30.0000,30.0000,37.0000,29.0000,30.0000,36.0000,29.0000,30.0000,32,30,31,31,30,30,37,29,30,36,29,30,32,30,31,31,30,30,37,29,30,36,29,30,44.00,41.00,30.295,0.283,2.7976,sat down ~19:22Z from 45/46C
3377.56,2026-09-28T20:23:28Z,501,32.0000,30.0000,31.0000,31.0000,30.0000,30.0000,37.0000,29.0000,30.0000,36.0000,29.0000,30.0000,32,30,31,31,30,30,37,29,30,36,29,30,32,30,31,31,30,30,37,29,30,36,29,30,44.00,41.00,30.295,0.286,2.7976,sat down ~19:22Z from 45/46C
3378.56,2026-09-28T20:23:29Z,500,32.0000,30.0000,31.0000,31.0000,30.0000,30.0000,37.0000,29.0000,30.0000,36.0000,29.0000,30.0000,32,30,31,31,30,30,37,29,30,36,29,30,32,30,31,31,30,30,37,29,30,36,29,30,44.00,41.00,30.295,0.286,2.7976,sat down ~19:22Z from 45/46C
3379.56,2026-09-28T20:23:30Z,500,32.0000,30.0000,31.0000,31.0000,30.0000,30.0000,37.0000,29.0000,30.0000,36.0000,29.0000,30.0000,32,30,31,31,30,30,37,29,30,36,29,30,32,30,31,31,30,30,37,29,30,36,29,30,44.00,41.00,30.294,0.283,2.7976,sat down ~19:22Z from 45/46C
3380.56,2026-09-28T20:23:31Z,501,32.0000,30.0000,31.0000,31.0000,30.0000,30.0000,37.0000,29.0000,30.0000,36.0000,29.0000,30.0000,32,30,31,31,30,30,37,29,30,36,29,30,32,30,31,31,30,30,37,29,30,36,29,30,44.00,41.00,30.294,0.283,2.7976,sat down ~19:22Z from 45/46C
3381.57,2026-09-28T20:23:32Z,501,32.0000,30.0000,31.0000,31.0000,30.0000,30.0000,37.0000,29.0000,30.0000,36.0000,29.0000,30.0000,32,30,31,31,30,30,37,29,30,36,29,30,32,30,31,31,30,30,37,29,30,36,29,30,44.00,41.00,30.295,0.282,2.7976,sat down ~19:22Z from 45/46C
3382.57,2026-09-28T20:23:33Z,501,32.0000,30.0000,31.0000,31.0000,30.0000,30.0000,37.0000,29.0000,30.0000,36.0000,29.0000,30.0000,32,30,31,31,30,30,37,29,30,36,29,30,32,30,31,31,30,30,37,29,30,36,29,30,44.00,41.00,30.294,0.283,2.7976,sat down ~19:22Z from 45/46C
3383.57,2026-09-28T20:23:34Z,501,32.0000,30.0000,31.0000,31.0000,30.0000,30.0000,37.0000,29.0000,30.0000,36.0000,29.0000,30.0000,32,30,31,31,30,30,37,29,30,36,29,30,32,30,31,31,30,30,37,29,30,36,29,30,44.00,41.00,30.293,0.281,2.7976,sat down ~19:22Z from 45/46C
3384.57,2026-09-28T20:23:35Z,499,32.0000,30.0000,31.0000,31.0000,30.0000,30.0000,37.0000,29.0000,30.0000,36.0000,29.0000,30.0000,32,30,31,31,30,30,37,29,30,36,29,30,32,30,31,31,30,30,37,29,30,36,29,30,44.00,41.00,30.294,0.279,2.7976,sat down ~19:22Z from 45/46C
3385.57,2026-09-28T20:23:36Z,500,32.0000,30.0000,31.0000,31.0000,30.0000,30.0000,37.0000,29.0000,30.0000,36.0000,29.0000,30.0000,32,30,31,31,30,30,37,29,30,36,29,30,32,30,31,31,30,30,37,29,30,36,29,30,44.00,41.00,30.293,0.280,2.7976,sat down ~19:22Z from 45/46C
3386.57,2026-09-28T20:23:37Z,500,32.0000,30.0000,31.0000,31.0000,30.0000,30.0000,37.0000,29.0000,30.0000,36.0000,29.0120,30.0000,32,30,31,31,30,30,37,29,30,36,29,30,32,30,31,31,30,30,37,29,30,36,30,30,43.99,41.00,30.293,0.285,2.7976,sat down ~19:22Z from 45/46C
3387.57,2026-09-28T20:23:38Z,501,32.0000,30.0000,31.0000,31.0000,30.0000,30.0000,37.0000,29.0000,30.0000,36.0000,29.0299,30.0000,32,30,31,31,30,30,37,29,30,36,29,30,32,30,31,31,30,30,37,29,30,36,30,30,44.00,41.00,30.293,0.285,2.7976,sat down ~19:22Z from 45/46C
3388.57,2026-09-28T20:23:39Z,500,32.0000,30.0000,31.0000,31.0000,30.0000,30.0000,37.0000,29.0000,30.0000,36.0000,29.0640,30.0000,32,30,31,31,30,30,37,29,30,36,29,30,32,30,31,31,30,30,37,29,30,36,30,30,44.00,41.00,30.293,0.288,2.7976,sat down ~19:22Z from 45/46C
3389.57,2026-09-28T20:23:40Z,500,32.0000,30.0000,31.0000,31.0000,30.0000,30.0000,37.0000,29.0000,30.0000,36.0000,29.1800,30.0000,32,30,31,31,30,30,37,29,30,36,29,30,32,30,31,31,30,30,37,29,30,36,30,30,44.00,41.00,30.292,0.282,2.7976,sat down ~19:22Z from 45/46C
3390.58,2026-09-28T20:23:41Z,501,32.0000,30.0000,31.0000,31.0000,30.0000,30.0000,37.0000,29.0000,30.0000,36.0000,29.2735,30.0000,32,30,31,31,30,30,37,29,30,36,29,30,32,30,31,31,30,30,37,29,30,36,30,30,44.00,41.00,30.292,0.281,2.7976,sat down ~19:22Z from 45/46C
3391.58,2026-09-28T20:23:42Z,500,32.0000,30.0000,31.0000,31.0000,30.0000,30.0000,37.0000,29.0000,30.0000,36.0000,29.2600,30.0000,32,30,31,31,30,30,37,29,30,36,29,30,32,30,31,31,30,30,37,29,30,36,30,30,44.00,41.00,30.291,0.282,2.7976,sat down ~19:22Z from 45/46C
3392.58,2026-09-28T20:23:43Z,501,32.0000,30.0000,31.0000,31.0000,30.0000,30.0000,37.0000,29.0000,30.0000,36.0000,29.2315,30.0000,32,30,31,31,30,30,37,29,30,36,29,30,32,30,31,31,30,30,37,29,30,36,30,30,44.00,41.00,30.291,0.281,2.7976,sat down ~19:22Z from 45/46C
3393.58,2026-09-28T20:23:44Z,501,32.0000,30.0000,31.0000,31.0000,30.0000,30.0000,37.0000,29.0000,30.0000,36.0000,29.3992,30.0000,32,30,31,31,30,30,37,29,30,36,29,30,32,30,31,31,30,30,37,29,30,36,30,30,44.00,41.00,30.291,0.285,2.7976,sat down ~19:22Z from 45/46C
3394.58,2026-09-28T20:23:45Z,501,32.0000,30.0000,31.0000,31.0000,30.0000,30.0000,37.0000,29.0000,30.0000,36.0000,29.2236,30.0000,32,30,31,31,30,30,37,29,30,36,29,30,32,30,31,31,30,30,37,29,30,36,30,30,44.00,41.00,30.291,0.282,2.7976,sat down ~19:22Z from 45/46C
3395.58,2026-09-28T20:23:46Z,500,32.0000,30.0000,31.0000,31.0000,30.0000,30.0000,37.0000,29.0000,30.0000,36.0000,29.1640,30.0000,32,30,31,31,30,30,37,29,30,36,29,30,32,30,31,31,30,30,37,29,30,36,30,30,44.00,41.00,30.291,0.282,2.7976,sat down ~19:22Z from 45/46C
3396.58,2026-09-28T20:23:47Z,501,32.0000,30.0000,31.0000,31.0000,30.0000,30.0000,37.0000,29.0000,30.0000,36.0000,29.1756,30.0000,32,30,31,31,30,30,37,29,30,36,29,30,32,30,31,31,30,30,37,29,30,36,30,30,44.00,41.00,30.290,0.284,2.7976,sat down ~19:22Z from 45/46C
3397.58,2026-09-28T20:23:48Z,500,32.0000,30.0000,31.0000,31.0000,30.0000,30.0000,37.0000,29.0000,30.0000,36.0000,29.1580,30.0000,32,30,31,31,30,30,37,29,30,36,29,30,32,30,31,31,30,30,37,29,30,36,30,30,44.00,41.00,30.290,0.281,2.7976,sat down ~19:22Z from 45/46C
3398.58,2026-09-28T20:23:49Z,500,32.0000,30.0000,31.0000,31.0000,30.0000,30.0000,37.0000,29.0000,30.0000,36.0000,29.1260,30.0000,32,30,31,31,30,30,37,29,30,36,29,30,32,30,31,31,30,30,37,29,30,36,30,30,44.00,41.00,30.290,0.285,2.7976,sat down ~19:22Z from 45/46C
3399.59,2026-09-28T20:23:50Z,501,32.0000,30.0000,31.0000,31.0000,30.0000,30.0000,37.0000,29.0000,30.0000,36.0000,29.0719,30.0000,32,30,31,31,30,30,37,29,30,36,29,30,32,30,31,31,30,30,37,29,30,36,30,30,44.00,41.00,30.290,0.284,2.7976,sat down ~19:22Z from 45/46C
3400.59,2026-09-28T20:23:51Z,499,32.0000,30.0000,31.0000,31.0000,30.0000,30.0000,37.0000,29.0000,30.0000,36.0000,29.1683,30.0000,32,30,31,31,30,30,37,29,30,36,29,30,32,30,31,31,30,30,37,29,30,36,30,30,44.00,41.00,30.290,0.284,2.7976,sat down ~19:22Z from 45/46C
3401.59,2026-09-28T20:23:52Z,500,32.0000,30.0000,31.0000,31.0000,30.0000,30.0000,37.0000,29.0000,30.0000,36.0000,29.0900,30.0000,32,30,31,31,30,30,37,29,30,36,29,30,32,30,31,31,30,30,37,29,30,36,30,30,44.00,41.00,30.290,0.280,2.7976,sat down ~19:22Z from 45/46C
3402.59,2026-09-28T20:23:53Z,500,32.0000,30.0000,31.0000,31.0000,30.0000,30.0000,37.0000,29.0000,30.0000,36.0000,29.0420,30.0000,32,30,31,31,30,30,37,29,30,36,29,30,32,30,31,31,30,30,37,29,30,36,30,30,44.00,41.00,30.289,0.282,2.7976,sat down ~19:22Z from 45/46C
3403.59,2026-09-28T20:23:54Z,501,32.0000,30.0000,31.0000,31.0000,30.0000,30.0000,37.0000,29.0000,30.0000,36.0000,29.0220,30.0000,32,30,31,31,30,30,37,29,30,36,29,30,32,30,31,31,30,30,37,29,30,36,30,30,44.00,41.00,30.289,0.281,2.7976,sat down ~19:22Z from 45/46C
3404.59,2026-09-28T20:23:55Z,501,32.0000,30.0000,31.0000,31.0000,30.0000,30.0000,37.0000,29.0000,30.0000,36.0000,29.0060,30.0000,32,30,31,31,30,30,37,29,30,36,29,30,32,30,31,31,30,30,37,29,30,36,30,30,44.00,41.00,30.288,0.282,2.7976,sat down ~19:22Z from 45/46C
3405.59,2026-09-28T20:23:56Z,500,32.0000,30.0000,31.0000,31.0000,30.0000,30.0000,37.0000,29.0000,30.0000,36.0000,29.0120,30.0000,32,30,31,31,30,30,37,29,30,36,29,30,32,30,31,31,30,30,37,29,30,36,30,30,44.00,41.00,30.289,0.281,2.7976,sat down ~19:22Z from 45/46C
3406.59,2026-09-28T20:23:57Z,501,32.0000,30.0000,31.0000,31.0000,30.0000,30.0000,37.0000,29.0000,30.0000,36.0000,29.0439,30.0000,32,30,31,31,30,30,37,29,30,36,29,30,32,30,31,31,30,30,37,29,30,36,30,30,44.00,41.00,30.289,0.284,2.7976,sat down ~19:22Z from 45/46C
3407.59,2026-09-28T20:23:58Z,499,32.0000,30.0000,31.0000,31.0000,30.0000,30.0000,37.0000,29.0000,30.0000,36.0000,29.0120,30.0000,32,30,31,31,30,30,37,29,30,36,29,30,32,30,31,31,30,30,37,29,30,36,30,30,44.00,41.00,30.288,0.282,2.7976,sat down ~19:22Z from 45/46C
3408.59,2026-09-28T20:23:59Z,500,32.0000,30.0000,31.0000,31.0000,30.0000,30.0000,37.0000,29.0000,30.0000,36.0000,29.0220,30.0000,32,30,31,31,30,30,37,29,30,36,29,30,32,30,31,31,30,30,37,29,30,36,30,30,44.00,41.00,30.288,0.283,2.7976,sat down ~19:22Z from 45/46C
3409.60,2026-09-28T20:24:00Z,501,32.0000,30.0000,31.0000,31.0000,30.0000,30.0000,37.0000,29.0000,30.0000,36.0000,29.0319,30.0000,32,30,31,31,30,30,37,29,30,36,29,30,32,30,31,31,30,30,37,29,30,36,30,30,44.00,41.00,30.288,0.284,2.7976,sat down ~19:22Z from 45/46C
3410.60,2026-09-28T20:24:01Z,500,32.0000,30.0000,31.0000,31.0000,30.0000,30.0000,37.0000,29.0000,30.0000,36.0000,29.0560,30.0000,32,30,31,31,30,30,37,29,30,36,29,30,32,30,31,31,30,30,37,29,30,36,30,30,44.00,41.00,30.288,0.284,2.7976,sat down ~19:22Z from 45/46C
3411.60,2026-09-28T20:24:02Z,501,32.0000,30.0000,31.0000,31.0000,30.0000,30.0000,37.0000,29.0000,30.0000,36.0000,29.0559,30.0000,32,30,31,31,30,30,37,29,30,36,29,30,32,30,31,31,30,30,37,29,30,36,30,30,44.00,41.00,30.287,0.281,2.7976,sat down ~19:22Z from 45/46C
3412.60,2026-09-28T20:24:03Z,501,32.0000,30.0000,31.0000,31.0000,30.0000,30.0000,37.0000,29.0000,30.0000,36.0000,29.0519,30.0000,32,30,31,31,30,30,37,29,30,36,29,30,32,30,31,31,30,30,37,29,30,36,30,30,44.00,41.00,30.287,0.282,2.7976,sat down ~19:22Z from 45/46C
3413.60,2026-09-28T20:24:04Z,501,32.0000,30.0000,31.0000,31.0000,30.0000,30.0000,37.0000,29.0000,30.0000,36.0000,29.0938,30.0000,32,30,31,31,30,30,37,29,30,36,29,30,32,30,31,31,30,30,37,29,30,36,30,30,44.00,41.00,30.287,0.283,2.7976,sat down ~19:22Z from 45/46C
3414.60,2026-09-28T20:24:05Z,500,32.0000,30.0000,31.0000,31.0000,30.0000,30.0000,37.0000,29.0000,30.0000,36.0000,29.0880,30.0000,32,30,31,31,30,30,37,29,30,36,29,30,32,30,31,31,30,30,37,29,30,36,30,30,44.00,41.00,30.286,0.284,2.7976,sat down ~19:22Z from 45/46C
3415.60,2026-09-28T20:24:06Z,501,32.0000,30.0000,31.0000,31.0000,30.0000,30.0000,37.0000,29.0000,30.0000,36.0000,29.0639,30.0000,32,30,31,31,30,30,37,29,30,36,29,30,32,30,31,31,30,30,37,29,30,36,30,30,44.00,41.00,30.286,0.282,2.7976,sat down ~19:22Z from 45/46C
3416.60,2026-09-28T20:24:07Z,500,32.0000,30.0000,31.0000,31.0000,30.0000,30.0000,37.0000,29.0000,30.0000,36.0000,29.1040,30.0000,32,30,31,31,30,30,37,29,30,36,29,30,32,30,31,31,30,30,37,29,30,36,30,30,44.00,41.00,30.287,0.283,2.7976,sat down ~19:22Z from 45/46C
3417.61,2026-09-28T20:24:08Z,501,32.0000,30.0000,31.0000,31.0000,30.0000,30.0000,37.0000,29.0000,30.0000,36.0000,29.0559,30.0000,32,30,31,31,30,30,37,29,30,36,29,30,32,30,31,31,30,30,37,29,30,36,30,30,44.00,41.00,30.286,0.281,2.7976,sat down ~19:22Z from 45/46C
3418.61,2026-09-28T20:24:09Z,501,32.0000,30.0000,31.0000,31.0000,30.0000,30.0000,37.0000,29.0000,30.0000,36.0000,29.0758,30.0000,32,30,31,31,30,30,37,29,30,36,29,30,32,30,31,31,30,30,37,29,30,36,30,30,44.00,41.00,30.286,0.281,2.7976,sat down ~19:22Z from 45/46C
3419.61,2026-09-28T20:24:10Z,500,32.0000,30.0000,31.0000,31.0000,30.0000,30.0000,37.0000,29.0000,30.0000,36.0000,29.1020,30.0000,32,30,31,31,30,30,37,29,30,36,29,30,32,30,31,31,30,30,37,29,30,36,30,30,44.00,41.00,30.286,0.283,2.7976,sat down ~19:22Z from 45/46C
3420.61,2026-09-28T20:24:11Z,501,32.0000,30.0000,31.0000,31.0000,30.0000,30.0000,37.0000,29.0000,30.0000,36.0000,29.2116,30.0000,32,30,31,31,30,30,37,29,30,36,29,30,32,30,31,31,30,30,37,29,30,36,30,30,44.00,41.00,30.285,0.283,2.7976,sat down ~19:22Z from 45/46C
3421.61,2026-09-28T20:24:12Z,500,32.0000,30.0000,31.0000,31.0000,30.0000,30.0000,37.0000,29.0000,30.0000,36.0000,29.3620,30.0000,32,30,31,31,30,30,37,29,30,36,29,30,32,30,31,31,30,30,37,29,30,36,30,30,44.00,41.00,30.285,0.282,2.7976,sat down ~19:22Z from 45/46C
3422.61,2026-09-28T20:24:13Z,501,32.0000,30.0000,31.0000,31.0000,30.0000,30.0000,37.0000,29.0000,30.0000,36.0000,29.5309,30.0000,32,30,31,31,30,30,37,29,30,36,29,30,32,30,31,31,30,30,37,29,30,36,30,30,44.00,41.00,30.285,0.285,2.7976,sat down ~19:22Z from 45/46C
3423.61,2026-09-28T20:24:14Z,500,32.0000,30.0000,31.0000,31.0000,30.0000,30.0000,37.0000,29.0000,30.0000,36.0000,29.4900,30.0000,32,30,31,31,30,30,37,29,30,36,29,30,32,30,31,31,30,30,37,29,30,36,30,30,44.00,41.00,30.285,0.284,2.7976,sat down ~19:22Z from 45/46C
3424.61,2026-09-28T20:24:15Z,500,32.0000,30.0000,31.0000,31.0000,30.0000,30.0000,37.0000,29.0000,30.0000,36.0000,29.2680,30.0000,32,30,31,31,30,30,37,29,30,36,29,30,32,30,31,31,30,30,37,29,30,36,30,30,44.00,41.00,30.284,0.285,2.7976,sat down ~19:22Z from 45/46C
3425.61,2026-09-28T20:24:16Z,500,32.0000,30.0000,31.0000,31.0000,30.0000,30.0000,37.0000,29.0000,30.0000,36.0000,29.2660,30.0000,32,30,31,31,30,30,37,29,30,36,29,30,32,30,31,31,30,30,37,29,30,36,30,30,44.00,41.00,30.284,0.279,2.7976,sat down ~19:22Z from 45/46C
3426.61,2026-09-28T20:24:17Z,501,32.0000,30.0000,31.0000,31.0000,30.0000,30.0000,37.0000,29.0000,30.0000,36.0000,29.2495,30.0000,32,30,31,31,30,30,37,29,30,36,29,30,32,30,31,31,30,30,37,29,30,36,30,30,44.00,41.00,30.284,0.284,2.7976,sat down ~19:22Z from 45/46C
3427.62,2026-09-28T20:24:18Z,501,32.0000,30.0000,31.0000,31.0000,30.0000,30.0000,37.0000,29.0000,30.0000,36.0000,29.2295,30.0000,32,30,31,31,30,30,37,29,30,36,29,30,32,30,31,31,30,30,37,29,30,36,30,30,44.00,41.00,30.283,0.280,2.7976,sat down ~19:22Z from 45/46C
3428.62,2026-09-28T20:24:19Z,500,32.0000,30.0000,31.0000,31.0000,30.0000,30.0000,37.0000,29.0000,30.0000,36.0000,29.3220,30.0000,32,30,31,31,30,30,37,29,30,36,29,30,32,30,31,31,30,30,37,29,30,36,30,30,44.00,41.00,30.284,0.286,2.7976,sat down ~19:22Z from 45/46C
3429.62,2026-09-28T20:24:20Z,501,32.0000,30.0000,31.0000,31.0000,30.0000,30.0000,37.0000,29.0000,30.0000,36.0000,29.3393,30.0000,32,30,31,31,30,30,37,29,30,36,29,30,32,30,31,31,30,30,37,29,30,36,30,30,44.00,41.00,30.284,0.289,2.7976,sat down ~19:22Z from 45/46C
3430.62,2026-09-28T20:24:21Z,500,32.0000,30.0000,31.0000,31.0000,30.0000,30.0000,37.0000,29.0000,30.0000,36.0000,29.2680,30.0000,32,30,31,31,30,30,37,29,30,36,29,30,32,30,31,31,30,30,37,29,30,36,30,30,44.00,41.00,30.283,0.289,2.7976,sat down ~19:22Z from 45/46C
3431.62,2026-09-28T20:24:22Z,501,32.0000,30.0000,31.0000,31.0060,30.0000,30.0000,37.0000,29.0000,30.0000,36.0000,29.2096,30.0000,32,30,31,31,30,30,37,29,30,36,29,30,32,30,31,32,30,30,37,29,30,36,30,30,44.00,41.00,30.283,0.288,2.7976,sat down ~19:22Z from 45/46C
3432.62,2026-09-28T20:24:23Z,500,32.0000,30.0000,31.0000,31.0000,30.0000,30.0000,37.0000,29.0000,30.0000,36.0000,29.1860,30.0000,32,30,31,31,30,30,37,29,30,36,29,30,32,30,31,31,30,30,37,29,30,36,30,30,44.00,41.00,30.283,0.286,2.7976,sat down ~19:22Z from 45/46C
3433.62,2026-09-28T20:24:24Z,500,32.0000,30.0000,31.0000,31.0000,30.0000,30.0000,37.0000,29.0000,30.0000,36.0000,29.1360,30.0000,32,30,31,31,30,30,37,29,30,36,29,30,32,30,31,31,30,30,37,29,30,36,30,30,44.00,41.00,30.282,0.288,2.7976,sat down ~19:22Z from 45/46C
3434.62,2026-09-28T20:24:25Z,501,32.0000,30.0000,31.0000,31.0000,30.0000,30.0000,37.0000,29.0000,30.0000,36.0000,29.0878,30.0000,32,30,31,31,30,30,37,29,30,36,29,30,32,30,31,31,30,30,37,29,30,36,30,30,44.00,41.00,30.282,0.289,2.7976,sat down ~19:22Z from 45/46C
3435.62,2026-09-28T20:24:26Z,500,32.0000,30.0000,31.0000,31.0000,30.0000,30.0000,37.0000,29.0000,30.0000,36.0000,29.0820,30.0000,32,30,31,31,30,30,37,29,30,36,29,30,32,30,31,31,30,30,37,29,30,36,30,30,44.00,41.00,30.281,0.292,2.7976,sat down ~19:22Z from 45/46C
3436.62,2026-09-28T20:24:27Z,500,32.0000,30.0000,31.0000,31.0060,30.0000,30.0000,37.0000,29.0000,30.0000,36.0000,29.0160,30.0000,32,30,31,31,30,30,37,29,30,36,29,30,32,30,31,32,30,30,37,29,30,36,30,30,44.00,41.00,30.282,0.293,2.7976,sat down ~19:22Z from 45/46C
3437.63,2026-09-28T20:24:28Z,501,32.0000,30.0000,31.0000,31.0000,30.0000,30.0000,37.0000,29.0000,30.0000,36.0000,29.0140,30.0000,32,30,31,31,30,30,37,29,30,36,29,30,32,30,31,31,30,30,37,29,30,36,30,30,44.00,41.00,30.281,0.291,2.7976,sat down ~19:22Z from 45/46C
3438.63,2026-09-28T20:24:29Z,500,32.0000,30.0000,31.0000,31.0000,30.0000,30.0000,37.0000,29.0000,30.0000,36.0000,29.0080,30.0000,32,30,31,31,30,30,37,29,30,36,29,30,32,30,31,31,30,30,37,29,30,36,30,30,44.00,41.00,30.281,0.295,2.7976,sat down ~19:22Z from 45/46C
3439.63,2026-09-28T20:24:30Z,501,32.0000,30.0000,31.0000,31.0080,30.0000,30.0000,37.0000,29.0000,30.0000,36.0000,29.0000,30.0000,32,30,31,31,30,30,37,29,30,36,29,30,32,30,31,32,30,30,37,29,30,36,29,30,44.00,41.00,30.281,0.288,2.7976,sat down ~19:22Z from 45/46C
3440.63,2026-09-28T20:24:31Z,501,32.0000,30.0000,31.0000,31.0000,30.0000,30.0000,37.0000,29.0000,30.0000,36.0000,29.0000,30.0000,32,30,31,31,30,30,37,29,30,36,29,30,32,30,31,31,30,30,37,29,30,36,29,30,44.00,41.00,30.280,0.291,2.7976,sat down ~19:22Z from 45/46C
3441.63,2026-09-28T20:24:32Z,501,32.0000,30.0000,31.0000,31.0080,30.0000,30.0000,37.0000,29.0000,30.0000,36.0000,29.0000,30.0000,32,30,31,31,30,30,37,29,30,36,29,30,32,30,31,32,30,30,37,29,30,36,29,30,44.00,41.00,30.280,0.291,2.7976,sat down ~19:22Z from 45/46C
3442.63,2026-09-28T20:24:33Z,501,32.0000,30.0000,31.0000,31.0080,30.0000,30.0000,37.0000,29.0000,30.0000,36.0000,29.0000,30.0000,32,30,31,31,30,30,37,29,30,36,29,30,32,30,31,32,30,30,37,29,30,36,29,30,44.00,41.00,30.280,0.291,2.7976,sat down ~19:22Z from 45/46C
3443.63,2026-09-28T20:24:34Z,500,32.0000,30.0000,31.0000,31.0140,30.0000,30.0000,37.0000,29.0000,30.0000,36.0000,29.0000,30.0000,32,30,31,31,30,30,37,29,30,36,29,30,32,30,31,32,30,30,37,29,30,36,29,30,44.00,41.00,30.280,0.293,2.7976,sat down ~19:22Z from 45/46C
3444.64,2026-09-28T20:24:35Z,501,32.0000,30.0000,31.0000,31.0319,30.0000,30.0000,37.0000,29.0000,30.0000,36.0000,29.0000,30.0000,32,30,31,31,30,30,37,29,30,36,29,30,32,30,31,32,30,30,37,29,30,36,29,30,44.00,41.00,30.280,0.291,2.7976,sat down ~19:22Z from 45/46C
3445.64,2026-09-28T20:24:36Z,501,32.0000,30.0000,31.0000,31.0060,30.0000,30.0000,37.0000,29.0000,30.0000,36.0000,29.0000,30.0000,32,30,31,31,30,30,37,29,30,36,29,30,32,30,31,32,30,30,37,29,30,36,29,30,44.00,41.00,30.279,0.289,2.7976,sat down ~19:22Z from 45/46C
3446.64,2026-09-28T20:24:37Z,500,32.0000,30.0000,31.0000,31.0160,30.0000,30.0000,37.0000,29.0000,30.0000,36.0000,29.0080,30.0000,32,30,31,31,30,30,37,29,30,36,29,30,32,30,31,32,30,30,37,29,30,36,30,30,44.00,41.00,30.279,0.286,2.7976,sat down ~19:22Z from 45/46C
3447.64,2026-09-28T20:24:38Z,500,32.0000,30.0000,31.0000,31.0220,30.0000,30.0000,37.0000,29.0000,30.0000,36.0000,29.0000,30.0000,32,30,31,31,30,30,37,29,30,36,29,30,32,30,31,32,30,30,37,29,30,36,29,30,44.00,41.00,30.279,0.287,2.7976,sat down ~19:22Z from 45/46C
3448.64,2026-09-28T20:24:39Z,500,32.0000,30.0000,31.0000,31.0000,30.0000,30.0000,37.0000,29.0000,30.0000,36.0000,29.0080,30.0000,32,30,31,31,30,30,37,29,30,36,29,30,32,30,31,31,30,30,37,29,30,36,30,30,44.00,41.00,30.279,0.291,2.7976,sat down ~19:22Z from 45/46C
3449.64,2026-09-28T20:24:40Z,501,32.0000,30.0000,31.0000,31.0160,30.0000,30.0000,37.0000,29.0000,30.0000,36.0000,29.0060,30.0000,32,30,31,31,30,30,37,29,30,36,29,30,32,30,31,32,30,30,37,29,30,36,30,30,44.00,41.00,30.279,0.288,2.7976,sat down ~19:22Z from 45/46C
3450.64,2026-09-28T20:24:41Z,500,32.0000,30.0000,31.0000,31.0280,30.0000,30.0000,37.0000,29.0000,30.0000,36.0000,29.0000,30.0000,32,30,31,31,30,30,37,29,30,36,29,30,32,30,31,32,30,30,37,29,30,36,29,30,44.00,41.00,30.278,0.288,2.7976,sat down ~19:22Z from 45/46C
3451.64,2026-09-28T20:24:42Z,500,32.0000,30.0000,31.0000,31.0340,30.0000,30.0000,37.0000,29.0000,30.0000,36.0000,29.0000,30.0000,32,30,31,31,30,30,37,29,30,36,29,30,32,30,31,32,30,30,37,29,30,36,29,30,44.00,41.00,30.279,0.288,2.7976,sat down ~19:22Z from 45/46C
3452.64,2026-09-28T20:24:43Z,501,32.0000,30.0000,31.0000,31.0080,30.0000,30.0000,37.0000,29.0000,30.0000,36.0000,29.0000,30.0000,32,30,31,31,30,30,37,29,30,36,29,30,32,30,31,32,30,30,37,29,30,36,29,30,44.00,41.00,30.278,0.284,2.7976,sat down ~19:22Z from 45/46C
3453.64,2026-09-28T20:24:44Z,501,32.0000,30.0000,31.0000,31.0060,30.0000,30.0000,37.0000,29.0000,30.0000,36.0000,29.0060,30.0000,32,30,31,31,30,30,37,29,30,36,29,30,32,30,31,32,30,30,37,29,30,36,30,30,44.00,41.00,30.278,0.287,2.7976,sat down ~19:22Z from 45/46C
3454.64,2026-09-28T20:24:45Z,500,32.0000,30.0000,31.0000,31.0440,30.0000,30.0000,37.0000,29.0000,30.0000,36.0000,29.0160,30.0000,32,30,31,31,30,30,37,29,30,36,29,30,32,30,31,32,30,30,37,29,30,36,30,30,44.00,41.00,30.278,0.289,2.7976,sat down ~19:22Z from 45/46C
3455.64,2026-09-28T20:24:46Z,500,32.0000,30.0000,31.0000,31.0380,30.0000,30.0000,37.0000,29.0000,30.0000,36.0000,29.0540,30.0000,32,30,31,31,30,30,37,29,30,36,29,30,32,30,31,32,30,30,37,29,30,36,30,30,44.00,41.00,30.277,0.287,2.7976,sat down ~19:22Z from 45/46C
3456.65,2026-09-28T20:24:47Z,500,32.0000,30.0000,31.0000,31.0200,30.0000,30.0000,37.0000,29.0000,30.0000,36.0000,29.0820,30.0000,32,30,31,31,30,30,37,29,30,36,29,30,32,30,31,32,30,30,37,29,30,36,30,30,44.00,41.00,30.277,0.283,2.7976,sat down ~19:22Z from 45/46C
3457.65,2026-09-28T20:24:48Z,500,32.0000,30.0000,31.0000,31.0600,30.0000,30.0000,37.0000,29.0000,30.0000,36.0000,29.0700,30.0000,32,30,31,31,30,30,37,29,30,36,29,30,32,30,31,32,30,30,37,29,30,36,30,30,44.00,41.00,30.277,0.285,2.7976,sat down ~19:22Z from 45/46C
3458.65,2026-09-28T20:24:49Z,501,32.0000,30.0000,31.0000,31.0200,30.0000,30.0000,37.0000,29.0000,30.0000,36.0000,29.0319,30.0000,32,30,31,31,30,30,37,29,30,36,29,30,32,30,31,32,30,30,37,29,30,36,30,30,44.00,41.00,30.277,0.284,2.7976,sat down ~19:22Z from 45/46C
3459.65,2026-09-28T20:24:50Z,500,32.0000,30.0000,31.0000,31.0480,30.0000,30.0000,37.0000,29.0000,30.0000,36.0000,29.0160,30.0000,32,30,31,31,30,30,37,29,30,36,29,30,32,30,31,32,30,30,37,29,30,36,30,30,44.00,41.00,30.277,0.285,2.7976,sat down ~19:22Z from 45/46C
3460.65,2026-09-28T20:24:51Z,500,32.0000,30.0000,31.0000,31.0760,30.0000,30.0000,37.0000,29.0000,30.0000,36.0000,29.0400,30.0000,32,30,31,31,30,30,37,29,30,36,29,30,32,30,31,32,30,30,37,29,30,36,30,30,44.00,41.00,30.277,0.284,2.7976,sat down ~19:22Z from 45/46C
3461.65,2026-09-28T20:24:52Z,501,32.0000,30.0000,31.0000,31.0699,30.0000,30.0000,37.0000,29.0000,30.0000,36.0000,29.0419,30.0000,32,30,31,31,30,30,37,29,30,36,29,30,32,30,31,32,30,30,37,29,30,36,30,30,44.00,41.00,30.276,0.284,2.7976,sat down ~19:22Z from 45/46C
3462.65,2026-09-28T20:24:53Z,500,32.0000,30.0000,31.0000,31.0840,30.0000,30.0000,37.0000,29.0000,30.0000,36.0000,29.1200,30.0000,32,30,31,31,30,30,37,29,30,36,29,30,32,30,31,32,30,30,37,29,30,36,30,30,44.00,41.00,30.276,0.285,2.7976,sat down ~19:22Z from 45/46C
3463.65,2026-09-28T20:24:54Z,501,32.0000,30.0000,31.0000,31.0579,30.0000,30.0000,37.0000,29.0000,30.0000,36.0000,29.0838,30.0000,32,30,31,31,30,30,37,29,30,36,29,30,32,30,31,32,30,30,37,29,30,36,30,30,44.00,41.00,30.276,0.285,2.7976,sat down ~19:22Z from 45/46C
3464.65,2026-09-28T20:24:55Z,501,32.0000,30.0000,31.0000,31.0499,30.0000,30.0000,37.0000,29.0000,30.0000,36.0000,29.1717,30.0000,32,30,31,31,30,30,37,29,30,36,29,30,32,30,31,32,30,30,37,29,30,36,30,30,44.00,41.00,30.276,0.282,2.7976,sat down ~19:22Z from 45/46C
3465.65,2026-09-28T20:24:56Z,500,32.0000,30.0000,31.0000,31.0760,30.0000,30.0000,37.0000,29.0000,30.0000,36.0000,29.1680,30.0000,32,30,31,31,30,30,37,29,30,36,29,30,32,30,31,32,30,30,37,29,30,36,30,30,44.00,41.00,30.275,0.286,2.7976,sat down ~19:22Z from 45/46C
3466.66,2026-09-28T20:24:57Z,501,32.0000,30.0000,31.0000,31.0778,30.0000,30.0000,37.0000,29.0000,30.0000,36.0000,29.2475,30.0000,32,30,31,31,30,30,37,29,30,36,29,30,32,30,31,32,30,30,37,29,30,36,30,30,44.00,41.00,30.275,0.282,2.7976,sat down ~19:22Z from 45/46C
3467.66,2026-09-28T20:24:58Z,501,32.0000,30.0000,31.0000,31.0459,30.0000,30.0000,37.0000,29.0000,30.0000,36.0000,29.3772,30.0000,32,30,31,31,30,30,37,29,30,36,29,30,32,30,31,32,30,30,37,29,30,36,30,30,44.00,41.00,30.275,0.280,2.7976,sat down ~19:22Z from 45/46C
3468.66,2026-09-28T20:24:59Z,500,32.0000,30.0000,31.0000,31.0480,30.0000,30.0000,37.0000,29.0000,30.0000,36.0000,29.4280,30.0000,32,30,31,31,30,30,37,29,30,36,29,30,32,30,31,32,30,30,37,29,30,36,30,30,44.00,41.00,30.275,0.284,2.7976,sat down ~19:22Z from 45/46C
3469.66,2026-09-28T20:25:00Z,500,32.0000,30.0000,31.0000,31.0800,30.0000,30.0000,37.0000,29.0000,30.0000,36.0000,29.3780,30.0000,32,30,31,31,30,30,37,29,30,36,29,30,32,30,31,32,30,30,37,29,30,36,30,30,44.00,41.00,30.274,0.280,2.7976,sat down ~19:22Z from 45/46C
3470.66,2026-09-28T20:25:01Z,501,32.0000,30.0000,31.0000,31.0858,30.0000,30.0000,37.0000,29.0000,30.0000,36.0000,29.4172,30.0000,32,30,31,31,30,30,37,29,30,36,29,30,32,30,31,32,30,30,37,29,30,36,30,30,44.00,41.00,30.274,0.282,2.7976,sat down ~19:22Z from 45/46C
3471.66,2026-09-28T20:25:02Z,500,32.0000,30.0000,31.0000,31.0800,30.0000,30.0000,37.0000,29.0000,30.0000,36.0000,29.5560,30.0000,32,30,31,31,30,30,37,29,30,36,29,30,32,30,31,32,30,30,37,29,30,36,30,30,44.00,41.00,30.274,0.282,2.7976,sat down ~19:22Z from 45/46C
3472.66,2026-09-28T20:25:03Z,500,32.0000,30.0000,31.0000,31.0620,30.0000,30.0000,37.0000,29.0000,30.0000,36.0000,29.5440,30.0000,32,30,31,31,30,30,37,29,30,36,29,30,32,30,31,32,30,30,37,29,30,36,30,30,44.00,41.00,30.274,0.279,2.7976,sat down ~19:22Z from 45/46C
3473.66,2026-09-28T20:25:04Z,501,32.0000,30.0000,31.0000,31.1038,30.0000,30.0000,37.0000,29.0000,30.0000,36.0000,29.5709,30.0000,32,30,31,31,30,30,37,29,30,36,29,30,32,30,31,32,30,30,37,29,30,36,30,30,44.00,41.00,30.273,0.279,2.7976,sat down ~19:22Z from 45/46C
3474.66,2026-09-28T20:25:05Z,501,32.0000,30.0000,31.0000,31.0938,30.0000,30.0000,37.0000,29.0000,30.0000,36.0000,29.6647,30.0000,32,30,31,31,30,30,37,29,30,36,29,30,32,30,31,32,30,30,37,29,30,36,30,30,44.00,41.00,30.273,0.281,2.7976,sat down ~19:22Z from 45/46C
3475.66,2026-09-28T20:25:06Z,499,32.0000,30.0000,31.0000,31.1162,30.0000,30.0000,37.0000,29.0000,30.0000,36.0000,29.6212,30.0000,32,30,31,31,30,30,37,29,30,36,29,30,32,30,31,32,30,30,37,29,30,36,30,30,44.00,41.00,30.273,0.281,2.7976,sat down ~19:22Z from 45/46C
3476.67,2026-09-28T20:25:07Z,501,32.0000,30.0000,31.0000,31.0439,30.0000,30.0000,37.0000,29.0000,30.0000,36.0000,29.5469,30.0000,32,30,31,31,30,30,37,29,30,36,29,30,32,30,31,32,30,30,37,29,30,36,30,30,44.00,41.00,30.272,0.283,2.7976,sat down ~19:22Z from 45/46C
3477.67,2026-09-28T20:25:08Z,500,32.0000,30.0000,31.0000,31.1100,30.0000,30.0000,37.0000,29.0000,30.0000,36.0000,29.6260,30.0000,32,30,31,31,30,30,37,29,30,36,29,30,32,30,31,32,30,30,37,29,30,36,30,30,44.00,41.00,30.272,0.283,2.7976,sat down ~19:22Z from 45/46C
3478.67,2026-09-28T20:25:09Z,501,32.0000,30.0000,31.0000,31.0938,30.0000,30.0000,37.0000,29.0000,30.0000,36.0000,29.5828,30.0000,32,30,31,31,30,30,37,29,30,36,29,30,32,30,31,32,30,30,37,29,30,36,30,30,44.00,41.00,30.272,0.287,2.7976,sat down ~19:22Z from 45/46C
3479.67,2026-09-28T20:25:10Z,500,32.0000,30.0000,31.0000,31.0840,30.0000,30.0000,37.0000,29.0000,30.0000,36.0000,29.4880,30.0000,32,30,31,31,30,30,37,29,30,36,29,30,32,30,31,32,30,30,37,29,30,36,30,30,44.00,41.00,30.272,0.281,2.7976,sat down ~19:22Z from 45/46C
3480.67,2026-09-28T20:25:11Z,501,32.0000,30.0000,31.0000,31.1118,30.0000,30.0000,37.0000,29.0000,30.0000,36.0000,29.4990,30.0000,32,30,31,31,30,30,37,29,30,36,29,30,32,30,31,32,30,30,37,29,30,36,30,30,44.00,41.00,30.271,0.283,2.7976,sat down ~19:22Z from 45/46C
3481.67,2026-09-28T20:25:12Z,501,32.0000,30.0000,31.0000,31.0639,30.0000,30.0000,37.0000,29.0000,30.0000,36.0000,29.5389,30.0000,32,30,31,31,30,30,37,29,30,36,29,30,32,30,31,32,30,30,37,29,30,36,30,30,44.00,41.00,30.271,0.286,2.7976,sat down ~19:22Z from 45/46C
3482.67,2026-09-28T20:25:13Z,500,32.0000,30.0000,31.0000,31.0960,30.0000,30.0000,37.0000,29.0000,30.0000,36.0000,29.5480,30.0000,32,30,31,31,30,30,37,29,30,36,29,30,32,30,31,32,30,30,37,29,30,36,30,30,44.00,41.00,30.271,0.285,2.7976,sat down ~19:22Z from 45/46C
3483.67,2026-09-28T20:25:14Z,501,32.0000,30.0000,31.0000,31.1756,30.0000,30.0000,37.0000,29.0000,30.0000,36.0000,29.4731,30.0000,32,30,31,31,30,30,37,29,30,36,29,30,32,30,31,32,30,30,37,29,30,36,30,30,44.00,41.00,30.270,0.284,2.7976,sat down ~19:22Z from 45/46C
3484.67,2026-09-28T20:25:15Z,500,32.0000,30.0000,31.0000,31.1280,30.0000,30.0000,37.0000,29.0000,30.0000,36.0000,29.5860,30.0000,32,30,31,31,30,30,37,29,30,36,29,30,32,30,31,32,30,30,37,29,30,36,30,30,44.00,41.00,30.271,0.283,2.7976,sat down ~19:22Z from 45/46C
3485.68,2026-09-28T20:25:16Z,501,32.0000,30.0000,31.0000,31.1238,30.0000,30.0000,37.0000,29.0000,30.0000,36.0000,29.6188,30.0000,32,30,31,31,30,30,37,29,30,36,29,30,32,30,31,32,30,30,37,29,30,36,30,30,44.00,41.00,30.270,0.284,2.7976,sat down ~19:22Z from 45/46C
3486.68,2026-09-28T20:25:17Z,501,32.0000,30.0000,31.0000,31.1996,30.0000,30.0000,37.0000,29.0000,30.0000,36.0000,29.6248,30.0000,32,30,31,31,30,30,37,29,30,36,29,30,32,30,31,32,30,30,37,29,30,36,30,30,44.00,41.00,30.270,0.287,2.7976,sat down ~19:22Z from 45/46C
3487.68,2026-09-28T20:25:18Z,501,32.0000,30.0000,31.0000,31.1597,30.0000,30.0000,37.0000,29.0000,30.0000,36.0000,29.6447,30.0000,32,30,31,31,30,30,37,29,30,36,29,30,32,30,31,32,30,30,37,29,30,36,30,30,44.00,41.00,30.270,0.284,2.7976,sat down ~19:22Z from 45/46C
3488.68,2026-09-28T20:25:19Z,500,32.0000,30.0000,31.0000,31.1900,30.0000,30.0000,37.0000,29.0000,30.0000,36.0000,29.7340,30.0000,32,30,31,31,30,30,37,29,30,36,29,30,32,30,31,32,30,30,37,29,30,36,30,30,44.00,41.00,30.270,0.283,2.7976,sat down ~19:22Z from 45/46C
3489.68,2026-09-28T20:25:20Z,500,32.0000,30.0000,31.0000,31.1820,30.0000,30.0000,37.0000,29.0000,30.0000,36.0000,29.7320,30.0000,32,30,31,31,30,30,37,29,30,36,29,30,32,30,31,32,30,30,37,29,30,36,30,30,44.00,41.00,30.269,0.283,2.7976,sat down ~19:22Z from 45/46C
3490.68,2026-09-28T20:25:21Z,500,32.0000,30.0000,31.0000,31.2000,30.0000,30.0000,37.0000,29.0000,30.0000,36.0000,29.7060,30.0000,32,30,31,31,30,30,37,29,30,36,29,30,32,30,31,32,30,30,37,29,30,36,30,30,44.00,41.00,30.269,0.286,2.7976,sat down ~19:22Z from 45/46C
3491.68,2026-09-28T20:25:22Z,500,32.0000,30.0000,31.0000,31.1840,30.0000,30.0000,37.0000,29.0000,30.0000,36.0000,29.6820,30.0000,32,30,31,31,30,30,37,29,30,36,29,30,32,30,31,32,30,30,37,29,30,36,30,30,44.00,41.00,30.269,0.284,2.7976,sat down ~19:22Z from 45/46C
3492.68,2026-09-28T20:25:23Z,500,32.0000,30.0000,31.0000,31.1920,30.0000,30.0000,37.0000,29.0000,30.0000,36.0000,29.7880,30.0000,32,30,31,31,30,30,37,29,30,36,29,30,32,30,31,32,30,30,37,29,30,36,30,30,44.00,41.00,30.268,0.287,2.7976,sat down ~19:22Z from 45/46C
3493.68,2026-09-28T20:25:24Z,500,32.0000,30.0000,31.0000,31.2380,30.0000,30.0000,37.0000,29.0000,30.0000,36.0000,29.7760,30.0000,32,30,31,31,30,30,37,29,30,36,29,30,32,30,31,32,30,30,37,29,30,36,30,30,44.00,41.00,30.268,0.287,2.7976,sat down ~19:22Z from 45/46C
3494.68,2026-09-28T20:25:25Z,500,32.0000,30.0000,31.0000,31.2100,30.0000,30.0000,37.0000,29.0000,30.0000,36.0000,29.8280,30.0000,32,30,31,31,30,30,37,29,30,36,29,30,32,30,31,32,30,30,37,29,30,36,30,30,44.00,41.00,30.268,0.284,2.7976,sat down ~19:22Z from 45/46C
3495.68,2026-09-28T20:25:26Z,501,32.0000,30.0000,31.0000,31.2076,30.0000,30.0000,37.0000,29.0000,30.0000,36.0000,29.8403,30.0000,32,30,31,31,30,30,37,29,30,36,29,30,32,30,31,32,30,30,37,29,30,36,30,30,44.00,41.00,30.268,0.283,2.7976,sat down ~19:22Z from 45/46C
3496.69,2026-09-28T20:25:27Z,501,32.0000,30.0000,31.0000,31.3373,30.0000,30.0000,37.0000,29.0000,30.0000,36.0000,29.8663,30.0000,32,30,31,31,30,30,37,29,30,36,29,30,32,30,31,32,30,30,37,29,30,36,30,30,44.00,41.00,30.268,0.282,2.7976,sat down ~19:22Z from 45/46C
3497.69,2026-09-28T20:25:28Z,500,32.0000,30.0000,31.0000,31.2620,30.0000,30.0000,37.0000,29.0000,30.0000,36.0000,29.9360,30.0000,32,30,31,31,30,30,37,29,30,36,29,30,32,30,31,32,30,30,37,29,30,36,30,30,44.00,41.00,30.268,0.285,2.7976,sat down ~19:22Z from 45/46C
3498.69,2026-09-28T20:25:29Z,501,32.0000,30.0000,31.0000,31.2655,30.0000,30.0000,37.0000,29.0000,30.0000,36.0000,29.9601,30.0000,32,30,31,31,30,30,37,29,30,36,29,30,32,30,31,32,30,30,37,29,30,36,30,30,44.00,41.00,30.267,0.284,2.7976,sat down ~19:22Z from 45/46C
3499.69,2026-09-28T20:25:30Z,500,32.0000,30.0000,31.0000,31.2240,30.0000,30.0000,37.0000,29.0000,30.0000,36.0000,29.9580,30.0000,32,30,31,31,30,30,37,29,30,36,29,30,32,30,31,32,30,30,37,29,30,36,30,30,44.00,41.00,30.267,0.287,2.7976,sat down ~19:22Z from 45/46C
3500.69,2026-09-28T20:25:31Z,500,32.0000,30.0000,31.0000,31.2940,30.0000,30.0000,37.0000,29.0000,30.0000,36.0000,30.0000,30.0000,32,30,31,31,30,30,37,29,30,36,30,30,32,30,31,32,30,30,37,29,30,36,30,30,44.00,41.00,30.268,0.286,2.7976,sat down ~19:22Z from 45/46C
3501.69,2026-09-28T20:25:32Z,501,32.0000,30.0000,31.0000,31.2735,30.0000,30.0000,37.0000,29.0000,30.0000,36.0000,29.9581,30.0000,32,30,31,31,30,30,37,29,30,36,29,30,32,30,31,32,30,30,37,29,30,36,30,30,44.00,41.00,30.267,0.284,2.7976,sat down ~19:22Z from 45/46C
3502.69,2026-09-28T20:25:33Z,501,32.0000,30.0000,31.0000,31.3174,30.0000,30.0000,37.0000,29.0000,30.0000,36.0000,29.9780,30.0000,32,30,31,31,30,30,37,29,30,36,29,30,32,30,31,32,30,30,37,29,30,36,30,30,44.00,41.00,30.266,0.281,2.7976,sat down ~19:22Z from 45/46C
3503.69,2026-09-28T20:25:34Z,501,32.0000,30.0000,31.0000,31.3393,30.0000,30.0000,37.0000,29.0000,30.0000,36.0000,29.9741,30.0000,32,30,31,31,30,30,37,29,30,36,29,30,32,30,31,32,30,30,37,29,30,36,30,30,44.00,41.00,30.266,0.284,2.7976,sat down ~19:22Z from 45/46C
3504.69,2026-09-28T20:25:35Z,500,32.0000,30.0000,31.0000,31.3560,30.0000,30.0000,37.0000,29.0000,30.0000,36.0000,29.9760,30.0000,32,30,31,31,30,30,37,29,30,36,29,30,32,30,31,32,30,30,37,29,30,36,30,30,44.00,41.00,30.266,0.282,2.7976,sat down ~19:22Z from 45/46C
3505.69,2026-09-28T20:25:36Z,500,32.0000,30.0000,31.0000,31.3720,30.0000,30.0000,37.0000,29.0000,30.0000,36.0000,29.9380,30.0000,32,30,31,31,30,30,37,29,30,36,29,30,32,30,31,32,30,30,37,29,30,36,30,30,44.00,41.00,30.265,0.284,2.7976,sat down ~19:22Z from 45/46C
3506.70,2026-09-28T20:25:37Z,501,32.0000,30.0000,31.0000,31.3273,30.0000,30.0000,37.0000,29.0000,30.0000,36.0000,29.9501,30.0000,32,30,31,31,30,30,37,29,30,36,29,30,32,30,31,32,30,30,37,29,30,36,30,30,44.00,41.00,30.266,0.285,2.7976,sat down ~19:22Z from 45/46C
3507.70,2026-09-28T20:25:38Z,500,32.0000,30.0000,31.0000,31.3600,30.0000,30.0000,37.0000,29.0000,30.0000,36.0000,29.9500,30.0000,32,30,31,31,30,30,37,29,30,36,29,30,32,30,31,32,30,30,37,29,30,36,30,30,44.00,41.00,30.265,0.287,2.7976,sat down ~19:22Z from 45/46C
3508.70,2026-09-28T20:25:39Z,501,32.0000,30.0000,31.0000,31.4172,30.0000,30.0000,37.0000,29.0000,30.0000,36.0000,29.9261,30.0000,32,30,31,31,30,30,37,29,30,36,29,30,32,30,31,32,30,30,37,29,30,36,30,30,44.00,41.00,30.265,0.288,2.7976,sat down ~19:22Z from 45/46C
3509.70,2026-09-28T20:25:40Z,501,32.0000,30.0000,31.0000,31.4052,30.0000,30.0000,37.0000,29.0000,30.0000,36.0000,29.9501,30.0000,32,30,31,31,30,30,37,29,30,36,29,30,32,30,31,32,30,30,37,29,30,36,30,30,44.00,41.00,30.265,0.288,2.7976,sat down ~19:22Z from 45/46C
3510.70,2026-09-28T20:25:41Z,499,32.0000,30.0000,31.0000,31.5010,30.0000,30.0000,37.0000,29.0000,30.0000,36.0000,29.9739,30.0000,32,30,31,31,30,30,37,29,30,36,29,30,32,30,31,32,30,30,37,29,30,36,30,30,44.00,41.00,30.265,0.283,2.7976,sat down ~19:22Z from 45/46C
3511.70,2026-09-28T20:25:42Z,500,32.0000,30.0000,31.0000,31.4880,30.0000,30.0000,37.0000,29.0000,30.0000,36.0000,29.9800,30.0000,32,30,31,31,30,30,37,29,30,36,29,30,32,30,31,32,30,30,37,29,30,36,30,30,44.00,41.00,30.264,0.281,2.7976,sat down ~19:22Z from 45/46C
3512.70,2026-09-28T20:25:43Z,501,32.0000,30.0000,31.0000,31.4631,30.0000,30.0000,37.0000,29.0000,30.0000,36.0000,29.9561,30.0000,32,30,31,31,30,30,37,29,30,36,29,30,32,30,31,32,30,30,37,29,30,36,30,30,44.00,41.00,30.264,0.284,2.7976,sat down ~19:22Z from 45/46C
3513.70,2026-09-28T20:25:44Z,500,32.0000,30.0000,31.0000,31.4540,30.0000,30.0000,37.0000,29.0000,30.0000,36.0000,29.9660,30.0000,32,30,31,31,30,30,37,29,30,36,29,30,32,30,31,32,30,30,37,29,30,36,30,30,44.00,41.00,30.264,0.281,2.7976,sat down ~19:22Z from 45/46C
3514.70,2026-09-28T20:25:45Z,499,32.0000,30.0000,31.0000,31.5311,30.0000,30.0000,37.0000,29.0000,30.0000,36.0000,29.9760,30.0000,32,30,31,31,30,30,37,29,30,36,29,30,32,30,31,32,30,30,37,29,30,36,30,30,44.00,41.00,30.263,0.284,2.7976,sat down ~19:22Z from 45/46C
3515.70,2026-09-28T20:25:46Z,501,32.0000,30.0000,31.0000,31.4970,30.0000,30.0000,37.0000,29.0000,30.0000,36.0000,29.9800,30.0000,32,30,31,31,30,30,37,29,30,36,29,30,32,30,31,32,30,30,37,29,30,36,30,30,44.00,41.00,30.263,0.282,2.7976,sat down ~19:22Z from 45/46C
3516.70,2026-09-28T20:25:47Z,500,32.0000,30.0000,31.0000,31.6160,30.0000,30.0000,37.0000,29.0000,30.0000,36.0000,29.9860,30.0000,32,30,31,31,30,30,37,29,30,36,29,30,32,30,31,32,30,30,37,29,30,36,30,30,44.00,41.00,30.263,0.283,2.7976,sat down ~19:22Z from 45/46C
3517.71,2026-09-28T20:25:48Z,501,32.0000,30.0000,31.0000,31.5429,30.0000,30.0000,37.0000,29.0000,30.0000,36.0000,29.9820,30.0000,32,30,31,31,30,30,37,29,30,36,29,30,32,30,31,32,30,30,37,29,30,36,30,30,44.00,41.00,30.263,0.286,2.7976,sat down ~19:22Z from 45/46C
3518.71,2026-09-28T20:25:49Z,501,32.0000,30.0000,31.0000,31.5689,30.0000,30.0000,37.0000,29.0000,30.0000,36.0000,29.9880,30.0000,32,30,31,31,30,30,37,29,30,36,29,30,32,30,31,32,30,30,37,29,30,36,30,30,44.00,41.00,30.262,0.284,2.7976,sat down ~19:22Z from 45/46C
3519.71,2026-09-28T20:25:50Z,501,32.0000,30.0000,31.0000,31.6088,30.0000,30.0000,37.0000,29.0000,30.0000,36.0000,30.0000,30.0000,32,30,31,31,30,30,37,29,30,36,30,30,32,30,31,32,30,30,37,29,30,36,30,30,44.00,41.00,30.262,0.284,2.7976,sat down ~19:22Z from 45/46C
3520.71,2026-09-28T20:25:51Z,500,32.0000,30.0000,31.0000,31.6640,30.0000,30.0000,37.0000,29.0000,30.0000,36.0000,30.0000,30.0000,32,30,31,31,30,30,37,29,30,36,30,30,32,30,31,32,30,30,37,29,30,36,30,30,44.00,41.00,30.262,0.284,2.7976,sat down ~19:22Z from 45/46C
3521.71,2026-09-28T20:25:52Z,499,32.0000,30.0000,31.0000,31.6754,30.0000,30.0000,37.0000,29.0000,30.0000,36.0000,30.0000,30.0000,32,30,31,31,30,30,37,29,30,36,30,30,32,30,31,32,30,30,37,29,30,36,30,30,44.00,41.00,30.262,0.285,2.7976,sat down ~19:22Z from 45/46C
3522.71,2026-09-28T20:25:53Z,500,32.0000,30.0000,31.0000,31.6680,30.0000,30.0000,37.0000,29.0000,30.0000,36.0000,29.9860,30.0000,32,30,31,31,30,30,37,29,30,36,29,30,32,30,31,32,30,30,37,29,30,36,30,30,44.00,41.00,30.262,0.281,2.7976,sat down ~19:22Z from 45/46C
3523.71,2026-09-28T20:25:54Z,501,32.0000,30.0000,31.0000,31.6327,30.0000,30.0000,37.0000,29.0000,30.0000,36.0000,29.9940,30.0000,32,30,31,31,30,30,37,29,30,36,29,30,32,30,31,32,30,30,37,29,30,36,30,30,44.00,41.00,30.261,0.279,2.7976,sat down ~19:22Z from 45/46C
3524.71,2026-09-28T20:25:55Z,500,32.0000,30.0000,31.0000,31.7140,30.0000,30.0000,37.0000,29.0000,30.0000,36.0000,30.0000,30.0000,32,30,31,31,30,30,37,29,30,36,30,30,32,30,31,32,30,30,37,29,30,36,30,30,44.00,41.00,30.262,0.283,2.7976,sat down ~19:22Z from 45/46C
3525.72,2026-09-28T20:25:56Z,501,32.0000,30.0000,31.0000,31.6906,30.0000,30.0000,37.0000,29.0000,30.0000,36.0000,29.9920,30.0000,32,30,31,31,30,30,37,29,30,36,29,30,32,30,31,32,30,30,37,29,30,36,30,30,44.00,41.00,30.261,0.283,2.7976,sat down ~19:22Z from 45/46C
3526.72,2026-09-28T20:25:57Z,500,32.0000,30.0000,31.0000,31.7240,30.0000,30.0000,37.0000,29.0000,30.0000,36.0000,30.0000,30.0000,32,30,31,31,30,30,37,29,30,36,30,30,32,30,31,32,30,30,37,29,30,36,30,30,44.00,41.00,30.261,0.281,2.7976,sat down ~19:22Z from 45/46C
3527.72,2026-09-28T20:25:58Z,501,32.0000,30.0000,31.0000,31.7086,30.0000,30.0000,37.0000,29.0000,30.0000,36.0000,30.0000,30.0000,32,30,31,31,30,30,37,29,30,36,30,30,32,30,31,32,30,30,37,29,30,36,30,30,44.00,41.00,30.261,0.285,2.7976,sat down ~19:22Z from 45/46C
3528.72,2026-09-28T20:25:59Z,501,32.0000,30.0000,31.0000,31.7565,30.0000,30.0000,37.0000,29.0000,30.0000,36.0000,30.0000,30.0000,32,30,31,31,30,30,37,29,30,36,30,30,32,30,31,32,30,30,37,29,30,36,30,30,44.00,41.00,30.261,0.283,2.7976,sat down ~19:22Z from 45/46C
3529.72,2026-09-28T20:26:00Z,501,32.0000,30.0000,31.0000,31.7984,30.0000,30.0000,37.0000,29.0000,30.0000,36.0000,30.0000,30.0000,32,30,31,31,30,30,37,29,30,36,30,30,32,30,31,32,30,30,37,29,30,36,30,30,44.00,41.00,30.260,0.284,2.7976,sat down ~19:22Z from 45/46C
3530.72,2026-09-28T20:26:01Z,500,32.0000,30.0000,31.0000,31.7720,30.0000,30.0000,37.0000,29.0000,30.0000,36.0000,30.0000,30.0000,32,30,31,31,30,30,37,29,30,36,30,30,32,30,31,32,30,30,37,29,30,36,30,30,44.00,41.00,30.260,0.286,2.7976,sat down ~19:22Z from 45/46C
3531.72,2026-09-28T20:26:02Z,501,32.0000,30.0000,31.0000,31.8583,30.0000,30.0000,37.0000,29.0000,30.0000,36.0000,30.0000,30.0000,32,30,31,31,30,30,37,29,30,36,30,30,32,30,31,32,30,30,37,29,30,36,30,30,44.00,41.00,30.260,0.282,2.7976,sat down ~19:22Z from 45/46C
3532.73,2026-09-28T20:26:03Z,501,32.0000,30.0000,31.0000,31.8283,30.0000,30.0000,37.0000,29.0000,30.0000,36.0000,30.0000,30.0000,32,30,31,31,30,30,37,29,30,36,30,30,32,30,31,32,30,30,37,29,30,36,30,30,44.00,41.00,30.260,0.283,2.7976,sat down ~19:22Z from 45/46C
3533.73,2026-09-28T20:26:04Z,500,32.0000,30.0000,31.0000,31.9140,30.0000,30.0000,37.0000,29.0000,30.0000,36.0000,30.0000,30.0000,32,30,31,31,30,30,37,29,30,36,30,30,32,30,31,32,30,30,37,29,30,36,30,30,44.00,41.00,30.259,0.283,2.7976,sat down ~19:22Z from 45/46C
3534.73,2026-09-28T20:26:05Z,501,32.0000,30.0000,31.0000,31.8743,30.0000,30.0000,37.0000,29.0000,30.0000,36.0000,29.9940,30.0000,32,30,31,31,30,30,37,29,30,36,29,30,32,30,31,32,30,30,37,29,30,36,30,30,44.00,41.00,30.260,0.285,2.7976,sat down ~19:22Z from 45/46C
3535.73,2026-09-28T20:26:06Z,500,32.0000,30.0000,31.0000,31.8620,30.0000,30.0000,37.0000,29.0000,30.0000,36.0000,30.0000,30.0000,32,30,31,31,30,30,37,29,30,36,30,30,32,30,31,32,30,30,37,29,30,36,30,30,44.00,41.00,30.259,0.283,2.7976,sat down ~19:22Z from 45/46C
3536.73,2026-09-28T20:26:07Z,500,32.0000,30.0000,31.0000,31.8680,30.0000,30.0000,37.0000,29.0000,30.0000,36.0000,30.0000,30.0000,32,30,31,31,30,30,37,29,30,36,30,30,32,30,31,32,30,30,37,29,30,36,30,30,44.00,41.00,30.259,0.283,2.7976,sat down ~19:22Z from 45/46C
3537.73,2026-09-28T20:26:08Z,500,32.0000,30.0000,31.0000,31.9140,30.0000,30.0000,37.0000,29.0000,30.0000,36.0000,30.0000,30.0000,32,30,31,31,30,30,37,29,30,36,30,30,32,30,31,32,30,30,37,29,30,36,30,30,44.00,41.00,30.259,0.284,2.7976,sat down ~19:22Z from 45/46C
3538.73,2026-09-28T20:26:09Z,501,32.0000,30.0000,31.0000,31.8902,30.0000,30.0000,37.0000,29.0000,30.0000,36.0000,30.0000,30.0000,32,30,31,31,30,30,37,29,30,36,30,30,32,30,31,32,30,30,37,29,30,36,30,30,44.00,41.00,30.258,0.283,2.7976,sat down ~19:22Z from 45/46C
3539.73,2026-09-28T20:26:10Z,500,32.0000,30.0000,31.0000,31.8820,30.0000,30.0000,37.0000,29.0000,30.0000,36.0000,30.0000,30.0000,32,30,31,31,30,30,37,29,30,36,30,30,32,30,31,32,30,30,37,29,30,36,30,30,44.00,41.00,30.258,0.285,2.7976,sat down ~19:22Z from 45/46C
3540.73,2026-09-28T20:26:11Z,501,32.0000,30.0000,31.0000,31.9521,30.0000,30.0000,37.0000,29.0000,30.0000,36.0000,29.9920,30.0000,32,30,31,31,30,30,37,29,30,36,29,30,32,30,31,32,30,30,37,29,30,36,30,30,44.00,41.00,30.258,0.285,2.7976,sat down ~19:22Z from 45/46C
3541.73,2026-09-28T20:26:12Z,501,32.0000,30.0000,31.0000,31.9741,30.0000,30.0000,37.0000,29.0000,30.0000,36.0000,29.9920,30.0000,32,30,31,31,30,30,37,29,30,36,29,30,32,30,31,32,30,30,37,29,30,36,30,30,44.00,41.00,30.258,0.286,2.7976,sat down ~19:22Z from 45/46C
3542.73,2026-09-28T20:26:13Z,500,32.0000,30.0000,31.0000,31.9440,30.0000,30.0000,37.0000,29.0000,30.0000,36.0000,29.9940,30.0000,32,30,31,31,30,30,37,29,30,36,29,30,32,30,31,32,30,30,37,29,30,36,30,30,44.00,41.00,30.258,0.287,2.7976,sat down ~19:22Z from 45/46C
3543.74,2026-09-28T20:26:14Z,500,32.0000,30.0000,31.0000,31.9460,30.0000,30.0000,37.0000,29.0000,30.0000,36.0000,30.0000,30.0000,32,30,31,31,30,30,37,29,30,36,30,30,32,30,31,32,30,30,37,29,30,36,30,30,44.00,41.00,30.257,0.285,2.7976,sat down ~19:22Z from 45/46C
3544.74,2026-09-28T20:26:15Z,501,32.0000,30.0000,31.0000,31.9182,30.0000,30.0000,37.0000,29.0000,30.0000,36.0000,29.9960,30.0000,32,30,31,31,30,30,37,29,30,36,29,30,32,30,31,32,30,30,37,29,30,36,30,30,44.00,41.00,30.257,0.283,2.7976,sat down ~19:22Z from 45/46C
3545.74,2026-09-28T20:26:16Z,501,32.0000,30.0000,31.0000,31.9681,30.0000,30.0000,37.0000,29.0000,30.0000,36.0000,29.9940,30.0000,32,30,31,31,30,30,37,29,30,36,29,30,32,30,31,32,30,30,37,29,30,36,30,30,44.00,41.00,30.257,0.285,2.7976,sat down ~19:22Z from 45/46C
3546.74,2026-09-28T20:26:17Z,501,32.0000,30.0000,31.0000,31.9820,30.0000,30.0000,37.0000,29.0000,30.0000,36.0000,29.9940,30.0000,32,30,31,31,30,30,37,29,30,36,29,30,32,30,31,32,30,30,37,29,30,36,30,30,44.00,41.00,30.256,0.285,2.7976,sat down ~19:22Z from 45/46C
3547.74,2026-09-28T20:26:18Z,500,32.0000,30.0000,31.0000,31.9860,30.0000,30.0000,37.0000,29.0000,30.0000,36.0000,29.9920,30.0000,32,30,31,31,30,30,37,29,30,36,29,30,32,30,31,32,30,30,37,29,30,36,30,30,44.00,41.00,30.256,0.285,2.7976,sat down ~19:22Z from 45/46C
3548.74,2026-09-28T20:26:19Z,501,32.0000,30.0000,31.0000,32.0000,30.0000,30.0000,37.0000,29.0000,30.0000,36.0000,29.9920,30.0000,32,30,31,32,30,30,37,29,30,36,29,30,32,30,31,32,30,30,37,29,30,36,30,30,44.00,41.00,30.256,0.289,2.7976,sat down ~19:22Z from 45/46C
3549.74,2026-09-28T20:26:20Z,500,32.0000,30.0000,31.0000,31.9920,30.0000,30.0000,37.0000,29.0000,30.0000,36.0000,30.0000,30.0000,32,30,31,31,30,30,37,29,30,36,30,30,32,30,31,32,30,30,37,29,30,36,30,30,44.00,41.00,30.256,0.286,2.7976,sat down ~19:22Z from 45/46C
3550.74,2026-09-28T20:26:21Z,500,32.0000,30.0000,31.0000,31.9740,30.0000,30.0000,37.0000,29.0000,30.0000,36.0000,30.0000,30.0000,32,30,31,31,30,30,37,29,30,36,30,30,32,30,31,32,30,30,37,29,30,36,30,30,44.00,41.00,30.255,0.287,2.7976,sat down ~19:22Z from 45/46C
3551.75,2026-09-28T20:26:22Z,501,32.0000,30.0000,31.0000,31.9641,30.0000,30.0000,37.0000,29.0000,30.0000,36.0000,29.9940,30.0000,32,30,31,31,30,30,37,29,30,36,29,30,32,30,31,32,30,30,37,29,30,36,30,30,44.00,41.00,30.255,0.286,2.7976,sat down ~19:22Z from 45/46C
3552.75,2026-09-28T20:26:23Z,500,32.0000,30.0000,31.0000,31.9920,30.0000,30.0000,37.0000,29.0000,30.0000,36.0000,29.9920,30.0000,32,30,31,31,30,30,37,29,30,36,29,30,32,30,31,32,30,30,37,29,30,36,30,30,44.00,41.00,30.255,0.287,2.7976,sat down ~19:22Z from 45/46C
3553.75,2026-09-28T20:26:24Z,501,32.0000,30.0000,31.0000,31.9940,30.0000,30.0000,37.0000,29.0000,30.0000,36.0000,30.0000,30.0000,32,30,31,31,30,30,37,29,30,36,30,30,32,30,31,32,30,30,37,29,30,36,30,30,44.00,41.00,30.255,0.282,2.7976,sat down ~19:22Z from 45/46C
3554.75,2026-09-28T20:26:25Z,500,32.0000,30.0000,31.0000,31.9800,30.0000,30.0000,37.0000,29.0000,30.0000,36.0000,30.0000,30.0000,32,30,31,31,30,30,37,29,30,36,30,30,32,30,31,32,30,30,37,29,30,36,30,30,44.00,41.00,30.255,0.283,2.7976,sat down ~19:22Z from 45/46C
3555.75,2026-09-28T20:26:26Z,501,32.0000,30.0000,31.0000,31.9860,30.0000,30.0000,37.0000,29.0000,30.0000,36.0000,30.0000,30.0000,32,30,31,31,30,30,37,29,30,36,30,30,32,30,31,32,30,30,37,29,30,36,30,30,44.00,41.00,30.254,0.282,2.7976,sat down ~19:22Z from 45/46C
3556.75,2026-09-28T20:26:27Z,501,32.0000,30.0000,31.0000,32.0000,30.0000,30.0000,37.0000,29.0000,30.0000,36.0000,29.9840,30.0000,32,30,31,32,30,30,37,29,30,36,29,30,32,30,31,32,30,30,37,29,30,36,30,30,44.00,41.00,30.254,0.281,2.7976,sat down ~19:22Z from 45/46C
3557.75,2026-09-28T20:26:28Z,499,32.0000,30.0000,31.0000,32.0000,30.0000,30.0000,37.0000,29.0000,30.0000,36.0000,30.0000,30.0000,32,30,31,32,30,30,37,29,30,36,30,30,32,30,31,32,30,30,37,29,30,36,30,30,44.00,41.00,30.254,0.284,2.7976,sat down ~19:22Z from 45/46C
3558.75,2026-09-28T20:26:29Z,500,32.0000,30.0000,31.0000,31.9860,30.0000,30.0000,37.0000,29.0000,30.0000,36.0000,30.0000,30.0000,32,30,31,31,30,30,37,29,30,36,30,30,32,30,31,32,30,30,37,29,30,36,30,30,44.00,41.00,30.254,0.284,2.7976,sat down ~19:22Z from 45/46C
3559.75,2026-09-28T20:26:30Z,501,32.0000,30.0000,31.0000,32.0000,30.0000,30.0000,37.0000,29.0000,30.0000,36.0000,30.0000,30.0000,32,30,31,32,30,30,37,29,30,36,30,30,32,30,31,32,30,30,37,29,30,36,30,30,44.00,41.00,30.253,0.284,2.7976,sat down ~19:22Z from 45/46C
3560.76,2026-09-28T20:26:31Z,501,32.0000,30.0000,31.0000,31.9940,30.0000,30.0000,37.0000,29.0000,30.0000,36.0000,30.0000,30.0000,32,30,31,31,30,30,37,29,30,36,30,30,32,30,31,32,30,30,37,29,30,36,30,30,44.00,41.00,30.253,0.284,2.7976,sat down ~19:22Z from 45/46C
3561.76,2026-09-28T20:26:32Z,501,32.0000,30.0000,31.0000,31.9940,30.0000,30.0000,37.0000,29.0000,30.0000,36.0000,30.0000,30.0000,32,30,31,31,30,30,37,29,30,36,30,30,32,30,31,32,30,30,37,29,30,36,30,30,44.00,41.00,30.252,0.284,2.7976,sat down ~19:22Z from 45/46C
3562.76,2026-09-28T20:26:33Z,501,32.0000,30.0000,31.0000,32.0000,30.0000,30.0000,37.0000,29.0000,30.0000,36.0000,30.0000,30.0000,32,30,31,32,30,30,37,29,30,36,30,30,32,30,31,32,30,30,37,29,30,36,30,30,44.00,41.00,30.253,0.286,2.7976,sat down ~19:22Z from 45/46C
3563.76,2026-09-28T20:26:34Z,501,32.0000,30.0000,31.0000,32.0000,30.0000,30.0000,37.0000,29.0000,30.0000,36.0000,30.0000,30.0000,32,30,31,32,30,30,37,29,30,36,30,30,32,30,31,32,30,30,37,29,30,36,30,30,44.00,41.00,30.252,0.287,2.7976,sat down ~19:22Z from 45/46C
3564.76,2026-09-28T20:26:35Z,501,32.0000,30.0000,31.0000,32.0000,30.0000,30.0000,37.0000,29.0000,30.0000,36.0000,30.0000,30.0000,32,30,31,32,30,30,37,29,30,36,30,30,32,30,31,32,30,30,37,29,30,36,30,30,44.00,41.00,30.253,0.287,2.7976,sat down ~19:22Z from 45/46C
3565.77,2026-09-28T20:26:36Z,501,32.0000,30.0000,31.0000,31.9940,30.0000,30.0000,37.0000,29.0000,30.0000,36.0000,29.9920,30.0000,32,30,31,31,30,30,37,29,30,36,29,30,32,30,31,32,30,30,37,29,30,36,30,30,44.00,41.00,30.252,0.283,2.7976,sat down ~19:22Z from 45/46C
3566.77,2026-09-28T20:26:37Z,501,32.0000,30.0000,31.0000,31.9920,30.0000,30.0000,37.0000,29.0000,30.0000,36.0000,30.0000,30.0000,32,30,31,31,30,30,37,29,30,36,30,30,32,30,31,32,30,30,37,29,30,36,30,30,44.00,41.00,30.252,0.287,2.7976,sat down ~19:22Z from 45/46C
3567.77,2026-09-28T20:26:38Z,501,32.0000,30.0000,31.0000,32.0000,30.0000,30.0000,37.0000,29.0000,30.0000,36.0000,30.0000,30.0000,32,30,31,32,30,30,37,29,30,36,30,30,32,30,31,32,30,30,37,29,30,36,30,30,44.00,41.00,30.251,0.286,2.7976,sat down ~19:22Z from 45/46C
3568.77,2026-09-28T20:26:39Z,500,32.0000,30.0000,31.0000,31.9920,30.0000,30.0000,37.0000,29.0000,30.0000,36.0000,30.0000,30.0000,32,30,31,31,30,30,37,29,30,36,30,30,32,30,31,32,30,30,37,29,30,36,30,30,44.00,41.00,30.251,0.288,2.7976,sat down ~19:22Z from 45/46C
3569.77,2026-09-28T20:26:40Z,501,32.0000,30.0000,31.0000,31.9920,30.0000,30.0000,37.0000,29.0000,30.0000,36.0000,30.0000,30.0000,32,30,31,31,30,30,37,29,30,36,30,30,32,30,31,32,30,30,37,29,30,36,30,30,44.00,41.00,30.251,0.291,2.7976,sat down ~19:22Z from 45/46C
3570.77,2026-09-28T20:26:41Z,501,32.0000,30.0000,31.0000,32.0000,30.0000,30.0000,37.0000,29.0000,30.0000,36.0000,30.0000,30.0000,32,30,31,32,30,30,37,29,30,36,30,30,32,30,31,32,30,30,37,29,30,36,30,30,44.00,41.00,30.251,0.289,2.7976,sat down ~19:22Z from 45/46C
3571.77,2026-09-28T20:26:42Z,500,32.0000,30.0000,31.0000,32.0000,30.0000,30.0000,37.0000,29.0000,30.0000,36.0000,30.0000,30.0000,32,30,31,32,30,30,37,29,30,36,30,30,32,30,31,32,30,30,37,29,30,36,30,30,44.00,41.00,30.251,0.289,2.7976,sat down ~19:22Z from 45/46C
3572.78,2026-09-28T20:26:43Z,500,32.0000,30.0000,31.0000,31.9920,30.0000,30.0000,37.0000,29.0000,30.0000,36.0000,29.9960,30.0000,32,30,31,31,30,30,37,29,30,36,29,30,32,30,31,32,30,30,37,29,30,36,30,30,44.00,41.00,30.250,0.287,2.7976,sat down ~19:22Z from 45/46C
3573.78,2026-09-28T20:26:44Z,500,32.0000,30.0000,31.0000,31.9880,30.0000,30.0000,37.0000,29.0000,30.0000,36.0000,30.0000,30.0000,32,30,31,31,30,30,37,29,30,36,30,30,32,30,31,32,30,30,37,29,30,36,30,30,44.00,41.00,30.251,0.288,2.7976,sat down ~19:22Z from 45/46C
3574.78,2026-09-28T20:26:45Z,501,32.0000,30.0000,31.0000,32.0000,30.0000,30.0000,37.0000,29.0000,30.0000,36.0000,29.9780,30.0000,32,30,31,32,30,30,37,29,30,36,29,30,32,30,31,32,30,30,37,29,30,36,30,30,44.00,41.00,30.250,0.289,2.7976,sat down ~19:22Z from 45/46C
3575.78,2026-09-28T20:26:46Z,500,32.0000,30.0000,31.0000,32.0000,30.0000,30.0000,37.0000,29.0000,30.0000,36.0000,30.0000,30.0000,32,30,31,32,30,30,37,29,30,36,30,30,32,30,31,32,30,30,37,29,30,36,30,30,44.00,41.00,30.250,0.288,2.7976,sat down ~19:22Z from 45/46C
3576.78,2026-09-28T20:26:47Z,500,32.0000,30.0000,31.0000,31.9920,30.0000,30.0000,37.0000,29.0000,30.0000,36.0000,30.0000,30.0000,32,30,31,31,30,30,37,29,30,36,30,30,32,30,31,32,30,30,37,29,30,36,30,30,44.00,41.00,30.249,0.286,2.7976,sat down ~19:22Z from 45/46C
3577.78,2026-09-28T20:26:48Z,501,32.0000,30.0000,31.0000,31.9920,30.0000,30.0000,37.0000,29.0000,30.0000,36.0000,30.0000,30.0000,32,30,31,31,30,30,37,29,30,36,30,30,32,30,31,32,30,30,37,29,30,36,30,30,44.00,41.00,30.249,0.288,2.7976,sat down ~19:22Z from 45/46C
3578.78,2026-09-28T20:26:49Z,501,32.0000,30.0000,31.0000,31.9920,30.0000,30.0000,37.0000,29.0000,30.0000,36.0000,30.0000,30.0000,32,30,31,31,30,30,37,29,30,36,30,30,32,30,31,32,30,30,37,29,30,36,30,30,44.00,41.00,30.248,0.289,2.7976,sat down ~19:22Z from 45/46C
3579.78,2026-09-28T20:26:50Z,500,32.0000,30.0000,31.0000,31.9880,30.0000,30.0000,37.0000,29.0000,30.0000,36.0000,30.0000,30.0000,32,30,31,31,30,30,37,29,30,36,30,30,32,30,31,32,30,30,37,29,30,36,30,30,44.00,41.00,30.248,0.288,2.7976,sat down ~19:22Z from 45/46C
3580.78,2026-09-28T20:26:51Z,500,32.0000,30.0000,31.0000,31.9940,30.0000,30.0000,37.0000,29.0000,30.0000,36.0000,30.0000,30.0000,32,30,31,31,30,30,37,29,30,36,30,30,32,30,31,32,30,30,37,29,30,36,30,30,44.00,41.00,30.248,0.282,2.7976,sat down ~19:22Z from 45/46C
3581.84,2026-09-28T20:26:52Z,226,32.0000,30.0000,31.0000,32.0000,30.0000,30.0000,37.0000,29.0000,30.0000,36.0000,29.9823,30.0000,32,30,31,32,30,30,37,29,30,36,29,30,32,30,31,32,30,30,37,29,30,36,30,30,43.98,40.98,27.342,0.247,2.7976,sat down ~19:22Z from 45/46C
