t,q_FR_hip,q_FR_thigh,q_FR_calf,q_FL_hip,q_FL_thigh,q_FL_calf,q_RR_hip,q_RR_thigh,q_RR_calf,q_RL_hip,q_RL_thigh,q_RL_calf,temp_FR_hip,temp_FR_thigh,temp_FR_calf,temp_FL_hip,temp_FL_thigh,temp_FL_calf,temp_RR_hip,temp_RR_thigh,temp_RR_calf,temp_RL_hip,temp_RL_thigh,temp_RL_calf
1791409218.263242,-0.056445,1.244693,-2.771982,0.054386,1.246964,-2.798063,-0.359028,1.278235,-2.777021,0.353624,1.283473,-2.799469,26,26,27,26,25,27,27,25,27,27,26,27
1791409218.283321,-0.056445,1.244724,-2.771966,0.054386,1.246994,-2.798063,-0.359058,1.278205,-2.777037,0.353624,1.283473,-2.799485,26,26,27,26,25,27,27,25,27,27,26,27
1791409218.303321,-0.056445,1.244724,-2.771966,0.054356,1.246994,-2.798079,-0.359058,1.278205,-2.777037,0.353594,1.283473,-2.799485,26,26,27,26,25,27,27,25,27,27,26,27
1791409218.323270,-0.056414,1.244754,-2.771966,0.054356,1.246994,-2.798079,-0.359058,1.278205,-2.777037,0.353624,1.283473,-2.799469,26,26,27,26,25,27,27,25,27,27,26,27
1791409218.343241,-0.056445,1.244754,-2.771966,0.054356,1.246964,-2.798047,-0.358997,1.278205,-2.777021,0.353624,1.283473,-2.799485,26,26,27,26,25,27,27,25,27,27,26,27
1791409218.363262,-0.056414,1.244724,-2.771966,0.054325,1.246994,-2.798079,-0.359028,1.278205,-2.777006,0.353624,1.283473,-2.799485,26,26,27,26,25,27,27,25,27,27,26,27
1791409218.383272,-0.056475,1.244754,-2.771966,0.054386,1.246994,-2.798063,-0.359058,1.278205,-2.777037,0.353624,1.283473,-2.799485,26,26,27,26,25,27,27,25,27,27,26,27
1791409218.403270,-0.056445,1.244724,-2.771982,0.054386,1.246994,-2.798063,-0.359058,1.278205,-2.777021,0.353594,1.283443,-2.799469,26,26,27,26,25,27,27,25,27,27,26,27
1791409218.423294,-0.056445,1.244754,-2.771982,0.054386,1.246994,-2.798079,-0.359088,1.278205,-2.777021,0.353594,1.283473,-2.799485,26,26,27,26,25,27,27,25,27,27,26,27
1791409218.443300,-0.056475,1.244724,-2.771982,0.054386,1.246994,-2.798079,-0.359058,1.278205,-2.777037,0.353594,1.283473,-2.799485,26,26,27,26,25,27,27,25,27,27,26,27
1791409218.463307,-0.056445,1.244693,-2.771982,0.054386,1.246934,-2.798079,-0.359028,1.278235,-2.777037,0.353594,1.283473,-2.799485,26,26,27,26,25,27,27,25,27,27,26,27
1791409218.483346,-0.056414,1.244754,-2.771966,0.054356,1.246964,-2.798063,-0.359058,1.278205,-2.777037,0.353624,1.283473,-2.799485,26,26,27,26,25,27,27,25,27,27,26,27
1791409218.503282,-0.056414,1.244724,-2.771998,0.054325,1.246964,-2.798063,-0.359028,1.278205,-2.777021,0.353624,1.283504,-2.799469,26,26,27,26,25,27,27,25,27,27,26,27
1791409218.523306,-0.056445,1.244724,-2.771982,0.054386,1.246994,-2.798079,-0.359028,1.278205,-2.777037,0.353624,1.283473,-2.799469,26,26,27,26,25,27,27,25,27,27,26,27
1791409218.543298,-0.056445,1.244754,-2.771998,0.054356,1.246994,-2.798047,-0.359058,1.278235,-2.777037,0.353594,1.283443,-2.799485,26,26,27,26,25,27,27,25,27,27,26,27
1791409218.563326,-0.056414,1.244724,-2.771982,0.054325,1.246964,-2.798047,-0.359058,1.278235,-2.777037,0.353624,1.283473,-2.799485,26,26,27,26,25,27,27,25,27,27,26,27
1791409218.583342,-0.056414,1.244724,-2.771998,0.054325,1.246934,-2.798079,-0.359058,1.278205,-2.777037,0.353594,1.283473,-2.799485,26,26,27,26,25,27,27,25,27,27,26,27
1791409218.603415,-0.056414,1.244724,-2.771982,0.054386,1.246964,-2.798079,-0.359088,1.278205,-2.777021,0.353594,1.283473,-2.799469,26,26,27,26,25,27,27,25,27,27,26,27
1791409218.623446,-0.056445,1.244724,-2.771982,0.054416,1.246994,-2.798063,-0.359058,1.278235,-2.777021,0.353594,1.283473,-2.799469,26,26,27,26,25,27,27,25,27,27,26,27
1791409218.643340,-0.056445,1.244754,-2.771982,0.054386,1.246994,-2.798063,-0.359028,1.278235,-2.777021,0.353624,1.283473,-2.799453,26,26,27,26,25,27,27,25,27,27,26,27
1791409218.663350,-0.056445,1.244724,-2.771966,0.054325,1.246964,-2.798079,-0.359028,1.278175,-2.777021,0.353624,1.283473,-2.799469,26,26,27,26,25,27,27,25,27,27,26,27
1791409218.683356,-0.056414,1.244724,-2.771982,0.054386,1.246994,-2.798031,-0.359058,1.278175,-2.777021,0.353624,1.283473,-2.799469,26,26,27,26,25,27,27,25,27,27,26,27
1791409218.703440,-0.056414,1.244754,-2.771982,0.054386,1.246964,-2.798047,-0.359088,1.278205,-2.777037,0.353624,1.283473,-2.799469,26,26,27,26,25,27,27,25,27,27,26,27
1791409218.723418,-0.056445,1.244724,-2.771966,0.054356,1.246964,-2.798063,-0.359028,1.278205,-2.777021,0.353594,1.283473,-2.799485,26,26,27,26,25,27,27,25,27,27,26,27
1791409218.743430,-0.056445,1.244754,-2.771982,0.054386,1.246994,-2.798063,-0.358997,1.278205,-2.777037,0.353563,1.283473,-2.799469,26,26,27,26,25,27,27,25,27,27,26,27
1791409218.763531,-0.056414,1.244724,-2.771982,0.054356,1.247025,-2.798063,-0.359058,1.278205,-2.777021,0.353624,1.283473,-2.799485,26,26,27,26,25,27,27,25,27,27,26,27
1791409218.783524,-0.056414,1.244754,-2.771966,0.054356,1.246964,-2.798063,-0.359028,1.278205,-2.777037,0.353624,1.283473,-2.799485,26,26,27,26,25,27,27,25,27,27,26,27
1791409218.803576,-0.056445,1.244724,-2.771982,0.054356,1.246994,-2.798063,-0.359028,1.278235,-2.777021,0.353594,1.283473,-2.799485,26,26,27,26,25,27,27,25,27,27,26,27
1791409218.823433,-0.056445,1.244754,-2.771966,0.054356,1.246994,-2.798063,-0.359088,1.278205,-2.777021,0.353624,1.283443,-2.799469,26,26,27,26,25,27,27,25,27,27,26,27
1791409218.843395,-0.056445,1.244724,-2.771998,0.054386,1.246934,-2.798063,-0.359058,1.278205,-2.777037,0.353594,1.283473,-2.799469,26,26,27,26,25,27,27,25,27,27,26,27
1791409218.863400,-0.056445,1.244724,-2.771982,0.054356,1.246994,-2.798047,-0.359088,1.278205,-2.777021,0.353624,1.283443,-2.799469,26,26,27,26,25,27,27,25,27,27,26,27
1791409218.883419,-0.056445,1.244754,-2.771966,0.054386,1.246964,-2.798063,-0.359058,1.278235,-2.777021,0.353624,1.283443,-2.799485,26,26,27,26,25,27,27,25,27,27,26,27
1791409218.903550,-0.056445,1.244754,-2.771966,0.054386,1.246994,-2.798047,-0.359088,1.278205,-2.777021,0.353594,1.283504,-2.799485,26,26,27,26,25,27,27,25,27,27,26,27
1791409218.923499,-0.056445,1.244724,-2.771982,0.054386,1.246964,-2.798031,-0.359058,1.278205,-2.777037,0.353594,1.283443,-2.799485,26,26,27,26,25,27,27,25,27,27,26,27
1791409218.943709,-0.056445,1.244724,-2.771998,0.054356,1.246964,-2.798047,-0.359058,1.278205,-2.777021,0.353594,1.283473,-2.799485,26,26,27,26,25,27,27,25,27,27,26,27
1791409218.963618,-0.056414,1.244724,-2.771966,0.054386,1.246994,-2.798047,-0.359088,1.278205,-2.777021,0.353594,1.283443,-2.799469,26,26,27,26,25,27,27,25,27,27,26,27
1791409218.983525,-0.056445,1.244784,-2.771982,0.054356,1.246934,-2.798079,-0.359028,1.278205,-2.777037,0.353594,1.283473,-2.799469,26,26,27,26,25,27,27,25,27,27,26,27
1791409219.003552,-0.056414,1.244724,-2.771982,0.054356,1.246994,-2.798079,-0.359058,1.278205,-2.777021,0.353594,1.283443,-2.799469,26,26,27,26,25,27,27,25,27,27,26,27
1791409219.023617,-0.056445,1.244724,-2.771982,0.054386,1.246994,-2.798047,-0.359058,1.278205,-2.777021,0.353624,1.283473,-2.799485,26,26,27,26,25,27,27,25,27,27,26,27
1791409219.043527,-0.056414,1.244724,-2.771966,0.054356,1.246994,-2.798063,-0.359088,1.278205,-2.777021,0.353624,1.283473,-2.799485,26,26,27,26,25,27,27,25,27,27,26,27
1791409219.063492,-0.056414,1.244754,-2.771982,0.054416,1.246964,-2.798063,-0.359058,1.278205,-2.777021,0.353624,1.283443,-2.799469,26,26,27,26,25,27,27,25,27,27,26,27
1791409219.083621,-0.056414,1.244754,-2.771982,0.054386,1.246964,-2.798047,-0.359058,1.278205,-2.777037,0.353624,1.283473,-2.799485,26,26,27,26,25,27,27,25,27,27,26,27
1791409219.103514,-0.056445,1.244724,-2.771982,0.054356,1.246994,-2.798079,-0.359058,1.278205,-2.777021,0.353594,1.283473,-2.799453,26,26,27,26,25,27,27,25,27,27,26,27
1791409219.123531,-0.056445,1.244693,-2.771982,0.054386,1.246934,-2.798063,-0.359058,1.278235,-2.777021,0.353624,1.283473,-2.799485,26,26,27,26,25,27,27,25,27,27,26,27
1791409219.143503,-0.056445,1.244754,-2.771982,0.054386,1.246994,-2.798079,-0.359088,1.278235,-2.777021,0.353563,1.283443,-2.799485,26,26,27,26,25,27,27,25,27,27,26,27
1791409219.163573,-0.056414,1.244754,-2.771966,0.054386,1.246964,-2.798063,-0.359058,1.278235,-2.777037,0.353594,1.283443,-2.799453,26,26,27,26,25,27,27,25,27,27,26,27
1791409219.183554,-0.056445,1.244754,-2.771966,0.054386,1.246964,-2.798063,-0.359088,1.278175,-2.777021,0.353624,1.283473,-2.799469,26,26,27,26,25,27,27,25,27,27,26,27
1791409219.203634,-0.056414,1.244784,-2.771966,0.054386,1.246994,-2.798063,-0.359058,1.278205,-2.777037,0.353594,1.283443,-2.799469,26,26,27,26,25,27,27,25,27,27,26,27
1791409219.223660,-0.056414,1.244724,-2.771982,0.054386,1.246994,-2.798063,-0.359088,1.278175,-2.777021,0.353594,1.283473,-2.799469,26,26,27,26,25,27,27,25,27,27,26,27
1791409219.243836,-0.056445,1.244724,-2.771966,0.054416,1.246994,-2.798063,-0.359088,1.278205,-2.777037,0.353624,1.283473,-2.799469,26,26,27,26,25,27,27,25,27,27,26,27
1791409219.263693,-0.056414,1.244754,-2.771982,0.054386,1.246994,-2.798063,-0.359088,1.278205,-2.777021,0.353594,1.283473,-2.799469,26,26,27,26,25,27,27,25,27,27,26,27
1791409219.283658,-0.056445,1.244754,-2.771966,0.054386,1.246994,-2.798079,-0.359058,1.278205,-2.777021,0.353654,1.283473,-2.799485,26,26,27,26,25,27,27,25,27,27,26,27
1791409219.303678,-0.056414,1.244724,-2.771966,0.054356,1.246964,-2.798063,-0.359088,1.278205,-2.777037,0.353624,1.283473,-2.799469,26,26,27,26,25,27,27,25,27,27,26,27
1791409219.323693,-0.056445,1.244724,-2.771998,0.054416,1.246994,-2.798063,-0.359058,1.278175,-2.777021,0.353624,1.283473,-2.799485,26,26,27,26,25,27,27,25,27,27,26,27
1791409219.343817,-0.056414,1.244724,-2.771982,0.054386,1.246964,-2.798063,-0.359119,1.278235,-2.777037,0.353594,1.283443,-2.799485,26,26,27,26,25,27,27,25,27,27,26,27
1791409219.363613,-0.056414,1.244724,-2.771982,0.054416,1.246994,-2.798063,-0.359088,1.278205,-2.777021,0.353594,1.283473,-2.799469,26,26,27,26,25,27,27,25,27,27,26,27
1791409219.383591,-0.056445,1.244724,-2.771982,0.054386,1.246994,-2.798047,-0.359088,1.278205,-2.777021,0.353624,1.283473,-2.799469,26,26,27,26,25,27,27,25,27,27,26,27
1791409219.403732,-0.056445,1.244724,-2.771982,0.054416,1.246964,-2.798063,-0.359088,1.278205,-2.777021,0.353624,1.283473,-2.799485,26,26,27,26,25,27,27,25,27,27,26,27
1791409219.423885,-0.056414,1.244784,-2.771982,0.054386,1.246964,-2.798047,-0.359058,1.278235,-2.777037,0.353624,1.283473,-2.799469,26,26,27,26,25,27,27,25,27,27,26,27
1791409219.443729,-0.056445,1.244724,-2.771982,0.054386,1.246994,-2.798063,-0.359028,1.278175,-2.777021,0.353624,1.283473,-2.799485,26,26,27,26,25,27,27,25,27,27,26,27
1791409219.463709,-0.056414,1.244724,-2.771982,0.054356,1.246994,-2.798047,-0.359119,1.278235,-2.777021,0.353624,1.283443,-2.799469,26,26,27,26,25,27,27,25,27,27,26,27
1791409219.483844,-0.056414,1.244724,-2.771982,0.054356,1.246964,-2.798079,-0.359058,1.278175,-2.777037,0.353624,1.283443,-2.799469,26,26,27,26,25,27,27,25,27,27,26,27
1791409219.503793,-0.056445,1.244724,-2.771982,0.054416,1.246994,-2.798063,-0.359058,1.278205,-2.777021,0.353594,1.283443,-2.799485,26,26,27,26,25,27,27,25,27,27,26,27
1791409219.523716,-0.056475,1.244754,-2.771966,0.054386,1.246994,-2.798063,-0.359058,1.278175,-2.777037,0.353624,1.283443,-2.799469,26,26,27,26,25,27,27,25,27,27,26,27
1791409219.543753,-0.056414,1.244693,-2.771982,0.054386,1.246994,-2.798047,-0.359088,1.278205,-2.777021,0.353594,1.283473,-2.799469,26,26,27,26,25,27,27,25,27,27,26,27
1791409219.563951,-0.056414,1.244724,-2.771966,0.054356,1.246994,-2.798063,-0.359058,1.278235,-2.777021,0.353624,1.283473,-2.799469,26,26,27,26,25,27,27,25,27,27,26,27
1791409219.583699,-0.056414,1.244724,-2.771982,0.054356,1.246994,-2.798047,-0.359088,1.278205,-2.777021,0.353594,1.283473,-2.799485,26,26,27,26,25,27,27,25,27,27,26,27
1791409219.603816,-0.056445,1.244724,-2.771982,0.054416,1.246994,-2.798047,-0.359058,1.278235,-2.777037,0.353624,1.283473,-2.799469,26,26,27,26,25,27,27,25,27,27,26,27
1791409219.623818,-0.056445,1.244724,-2.771982,0.054356,1.246964,-2.798047,-0.359058,1.278205,-2.777021,0.353624,1.283473,-2.799485,26,26,27,26,25,27,27,25,27,27,26,27
1791409219.643717,-0.056445,1.244754,-2.771998,0.054356,1.246994,-2.798063,-0.359088,1.278205,-2.777037,0.353624,1.283443,-2.799453,26,26,27,26,25,27,27,25,27,27,26,27
1791409219.663836,-0.056445,1.244724,-2.771966,0.054386,1.246994,-2.798047,-0.359058,1.278235,-2.777037,0.353624,1.283473,-2.799485,26,26,27,26,25,27,27,25,27,27,26,27
1791409219.683907,-0.056445,1.244724,-2.771998,0.054325,1.246964,-2.798063,-0.359058,1.278205,-2.777021,0.353563,1.283473,-2.799485,26,26,27,26,25,27,27,25,27,27,26,27
1791409219.703750,-0.056445,1.244724,-2.771982,0.054386,1.246964,-2.798063,-0.359119,1.278205,-2.777021,0.353594,1.283473,-2.799485,26,26,27,26,25,27,27,25,27,27,26,27
1791409219.723821,-0.056414,1.244784,-2.771982,0.054356,1.246994,-2.798079,-0.359058,1.278235,-2.777021,0.353624,1.283473,-2.799469,26,26,27,26,25,27,27,25,27,27,26,27
1791409219.743906,-0.056414,1.244724,-2.771982,0.054386,1.246994,-2.798063,-0.359058,1.278235,-2.777053,0.353624,1.283473,-2.799469,26,26,27,26,25,27,27,25,27,27,26,27
1791409219.763894,-0.056445,1.244754,-2.771982,0.054386,1.247025,-2.798063,-0.359088,1.278205,-2.777021,0.353624,1.283473,-2.799485,26,26,27,26,25,27,27,25,27,27,26,27
1791409219.783864,-0.056414,1.244724,-2.771998,0.054356,1.246994,-2.798063,-0.359088,1.278205,-2.777021,0.353624,1.283443,-2.799469,26,26,27,26,25,27,27,25,27,27,26,27
1791409219.803882,-0.056445,1.244754,-2.771966,0.054386,1.246994,-2.798063,-0.359058,1.278205,-2.777021,0.353624,1.283473,-2.799469,26,26,27,26,25,27,27,25,27,27,26,27
1791409219.823873,-0.056445,1.244724,-2.771982,0.054386,1.246934,-2.798063,-0.359058,1.278205,-2.777037,0.353624,1.283443,-2.799469,26,26,27,26,25,27,27,25,27,27,26,27
1791409219.843893,-0.056445,1.244724,-2.771966,0.054386,1.246994,-2.798063,-0.359058,1.278235,-2.777037,0.353594,1.283473,-2.799469,26,26,27,26,25,27,27,25,27,27,26,27
1791409219.863843,-0.056445,1.244754,-2.771998,0.054356,1.246964,-2.798063,-0.359088,1.278205,-2.777037,0.353594,1.283443,-2.799485,26,26,27,26,25,27,27,25,27,27,26,27
1791409219.883852,-0.056414,1.244724,-2.771982,0.054386,1.246994,-2.798079,-0.359088,1.278205,-2.777021,0.353624,1.283443,-2.799469,26,26,27,26,25,27,27,25,27,27,26,27
1791409219.903880,-0.056445,1.244724,-2.771982,0.054386,1.246994,-2.798031,-0.359058,1.278205,-2.777037,0.353594,1.283443,-2.799485,26,26,27,26,25,27,27,25,27,27,26,27
1791409219.923877,-0.056414,1.244754,-2.771966,0.054386,1.246964,-2.798031,-0.359088,1.278205,-2.777037,0.353624,1.283473,-2.799485,26,26,27,26,25,27,27,25,27,27,26,27
1791409219.943945,-0.056384,1.244724,-2.771966,0.054386,1.246934,-2.798063,-0.359088,1.278266,-2.777021,0.353624,1.283473,-2.799469,26,26,27,26,25,27,27,25,27,27,26,27
1791409219.963943,-0.056445,1.244724,-2.771982,0.054386,1.246994,-2.798047,-0.359088,1.278205,-2.777037,0.353594,1.283443,-2.799500,26,26,27,26,25,27,27,25,27,27,26,27
1791409219.983913,-0.056445,1.244693,-2.771982,0.054325,1.246994,-2.798063,-0.359058,1.278205,-2.777037,0.353624,1.283473,-2.799469,26,26,27,26,25,27,27,25,27,27,26,27
1791409220.003963,-0.056414,1.244754,-2.771982,0.054386,1.246994,-2.798047,-0.359088,1.278205,-2.777021,0.353594,1.283443,-2.799485,26,26,27,26,25,27,27,25,27,27,26,27
1791409220.023905,-0.056414,1.244724,-2.771982,0.054386,1.246964,-2.798047,-0.359058,1.278205,-2.777021,0.353594,1.283473,-2.799469,26,26,27,26,25,27,27,25,27,27,26,27
1791409220.043985,-0.056414,1.244724,-2.771950,0.054416,1.246994,-2.798063,-0.359058,1.278205,-2.777037,0.353594,1.283473,-2.799485,26,26,27,26,25,27,27,25,27,27,26,27
1791409220.063943,-0.056475,1.244724,-2.771982,0.054416,1.246964,-2.798063,-0.359088,1.278235,-2.777021,0.353624,1.283473,-2.799469,26,26,27,26,25,27,27,25,27,27,26,27
1791409220.083924,-0.056445,1.244724,-2.771998,0.054386,1.246964,-2.798063,-0.359088,1.278205,-2.777037,0.353594,1.283473,-2.799485,26,26,27,26,25,27,27,25,27,27,26,27
1791409220.103945,-0.056414,1.244754,-2.771982,0.054386,1.246964,-2.798047,-0.359088,1.278205,-2.777037,0.353624,1.283473,-2.799485,26,26,27,26,25,27,27,25,27,27,26,27
1791409220.124152,-0.056445,1.244754,-2.771966,0.054356,1.246994,-2.798063,-0.359088,1.278235,-2.777021,0.353594,1.283473,-2.799469,26,26,27,26,25,27,27,25,27,27,26,27
1791409220.144042,-0.056445,1.244724,-2.771966,0.054356,1.246994,-2.798047,-0.359058,1.278235,-2.777021,0.353624,1.283473,-2.799469,26,26,27,26,25,27,27,25,27,27,26,27
1791409220.164048,-0.056445,1.244724,-2.771966,0.054386,1.246964,-2.798047,-0.359088,1.278235,-2.777037,0.353563,1.283473,-2.799485,26,26,27,26,25,27,27,25,27,27,26,27
1791409220.183932,-0.056445,1.244724,-2.771966,0.054416,1.246994,-2.798063,-0.359088,1.278235,-2.777021,0.353624,1.283473,-2.799485,26,26,27,26,25,27,27,25,27,27,26,27
1791409220.203990,-0.056445,1.244724,-2.771982,0.054356,1.246964,-2.798063,-0.359088,1.278205,-2.777021,0.353594,1.283473,-2.799500,26,26,27,26,25,27,27,25,27,27,26,27
1791409220.224004,-0.056414,1.244724,-2.771982,0.054356,1.246994,-2.798063,-0.359088,1.278205,-2.777037,0.353594,1.283473,-2.799485,26,26,27,26,25,27,27,25,27,27,26,27
1791409220.244032,-0.056445,1.244724,-2.771982,0.054386,1.246964,-2.798063,-0.359058,1.278175,-2.777021,0.353624,1.283443,-2.799469,26,26,27,26,25,27,27,25,27,27,26,27
1791409220.264020,-0.056414,1.244724,-2.771982,0.054386,1.246964,-2.798047,-0.359058,1.278205,-2.777037,0.353654,1.283473,-2.799453,26,26,27,26,25,27,27,25,27,27,26,27
1791409220.284021,-0.056445,1.244724,-2.771966,0.054356,1.246994,-2.798063,-0.359088,1.278205,-2.777021,0.353624,1.283473,-2.799469,26,26,27,26,25,27,27,25,27,27,26,27
1791409220.304055,-0.056414,1.244724,-2.771982,0.054356,1.246994,-2.798063,-0.359088,1.278205,-2.777037,0.353594,1.283473,-2.799485,26,26,27,26,25,27,27,25,27,27,26,27
1791409220.324037,-0.056414,1.244724,-2.771966,0.054356,1.246994,-2.798031,-0.359088,1.278205,-2.777021,0.353624,1.283473,-2.799485,26,26,27,26,25,27,27,25,27,27,26,27
1791409220.344167,-0.056414,1.244724,-2.771966,0.054356,1.247025,-2.798063,-0.359088,1.278205,-2.777021,0.353624,1.283473,-2.799469,26,26,27,26,25,27,27,25,27,27,26,27
1791409220.364290,-0.056414,1.244724,-2.771982,0.054386,1.246994,-2.798047,-0.359088,1.278235,-2.777037,0.353624,1.283473,-2.799485,26,26,27,26,25,27,27,25,27,27,26,27
1791409220.384323,-0.056445,1.244724,-2.771966,0.054356,1.246964,-2.798063,-0.359058,1.278205,-2.777037,0.353563,1.283504,-2.799485,26,26,27,26,25,27,27,25,27,27,26,27
1791409220.404233,-0.056445,1.244724,-2.771966,0.054386,1.246994,-2.798079,-0.359088,1.278205,-2.777021,0.353594,1.283443,-2.799453,26,26,27,26,25,27,27,25,27,27,26,27
1791409220.424187,-0.056445,1.244724,-2.771982,0.054386,1.246994,-2.798047,-0.359088,1.278205,-2.777021,0.353594,1.283413,-2.799469,26,26,27,26,25,27,27,25,27,27,26,27
1791409220.444348,-0.056445,1.244784,-2.771966,0.054386,1.246964,-2.798047,-0.359088,1.278205,-2.777037,0.353594,1.283473,-2.799485,26,26,27,26,25,27,27,25,27,27,26,27
1791409220.464165,-0.056414,1.244754,-2.771982,0.054356,1.246994,-2.798047,-0.359119,1.278205,-2.777053,0.353594,1.283473,-2.799469,26,26,27,26,25,27,27,25,27,27,26,27
1791409220.484333,-0.056414,1.244754,-2.771966,0.054416,1.246994,-2.798047,-0.359088,1.278205,-2.777037,0.353624,1.283443,-2.799500,26,26,27,26,25,27,27,25,27,27,26,27
1791409220.504322,-0.056445,1.244724,-2.771982,0.054386,1.246994,-2.798047,-0.359058,1.278205,-2.777053,0.353624,1.283473,-2.799485,26,26,27,26,25,27,27,25,27,27,26,27
1791409220.524218,-0.056414,1.244693,-2.771966,0.054386,1.246994,-2.798063,-0.359088,1.278205,-2.777021,0.353624,1.283473,-2.799453,26,26,27,26,25,27,27,25,27,27,26,27
1791409220.544395,-0.056445,1.244754,-2.771998,0.054386,1.246994,-2.798079,-0.359088,1.278175,-2.777021,0.353594,1.283443,-2.799485,26,26,27,26,25,27,27,25,27,27,26,27
1791409220.564304,-0.056384,1.244724,-2.771982,0.054416,1.246994,-2.798047,-0.359088,1.278205,-2.777021,0.353624,1.283473,-2.799485,26,26,27,26,25,27,27,25,27,27,26,27
1791409220.584343,-0.056414,1.244724,-2.771982,0.054356,1.246994,-2.798063,-0.359088,1.278205,-2.777021,0.353594,1.283443,-2.799469,26,26,27,26,25,27,27,25,27,27,26,27
1791409220.604390,-0.056414,1.244724,-2.771966,0.054386,1.246994,-2.798063,-0.359088,1.278235,-2.777037,0.353563,1.283473,-2.799485,26,26,27,26,25,27,27,25,27,27,26,27
1791409220.624336,-0.056445,1.244754,-2.771982,0.054356,1.246964,-2.798047,-0.359088,1.278205,-2.777037,0.353624,1.283473,-2.799469,26,26,27,26,25,27,27,25,27,27,26,27
1791409220.644516,-0.056445,1.244724,-2.771982,0.054325,1.246994,-2.798063,-0.359058,1.278205,-2.777021,0.353624,1.283473,-2.799469,26,26,27,26,25,27,27,25,27,27,26,27
1791409220.664425,-0.056445,1.244754,-2.771966,0.054356,1.246964,-2.798063,-0.359119,1.278205,-2.777037,0.353624,1.283473,-2.799485,26,26,27,26,25,27,27,25,27,27,26,27
1791409220.684317,-0.056414,1.244754,-2.771982,0.054386,1.246994,-2.798063,-0.359088,1.278205,-2.777037,0.353624,1.283473,-2.799469,26,26,27,26,25,27,27,25,27,27,26,27
1791409220.704335,-0.056414,1.244724,-2.771982,0.054325,1.246994,-2.798063,-0.359058,1.278235,-2.777021,0.353594,1.283473,-2.799485,26,26,27,26,25,27,27,25,27,27,26,27
1791409220.724325,-0.056445,1.244724,-2.771966,0.054386,1.246964,-2.798063,-0.359088,1.278235,-2.777021,0.353624,1.283473,-2.799469,26,26,27,26,25,27,27,25,27,27,26,27
1791409220.744378,-0.056414,1.244724,-2.771982,0.054386,1.246964,-2.798047,-0.359058,1.278235,-2.777021,0.353624,1.283473,-2.799500,26,26,27,26,25,27,27,25,27,27,26,27
1791409220.764263,-0.056445,1.244724,-2.771966,0.054386,1.246994,-2.798063,-0.359088,1.278205,-2.777037,0.353624,1.283473,-2.799469,26,26,27,26,25,27,27,25,27,27,26,27
1791409220.784561,-0.056445,1.244724,-2.771982,0.054416,1.246964,-2.798079,-0.359088,1.278205,-2.777021,0.353624,1.283473,-2.799469,26,26,27,26,25,27,27,25,27,27,26,27
1791409220.804395,-0.056445,1.244693,-2.771966,0.054386,1.246964,-2.798063,-0.359088,1.278205,-2.777053,0.353624,1.283473,-2.799469,26,26,27,26,25,27,27,25,27,27,26,27
1791409220.824421,-0.056414,1.244693,-2.771982,0.054356,1.246994,-2.798047,-0.359088,1.278205,-2.777037,0.353624,1.283443,-2.799469,26,26,27,26,25,27,27,25,27,27,26,27
1791409220.844388,-0.056445,1.244724,-2.771966,0.054386,1.246994,-2.798063,-0.359088,1.278205,-2.777021,0.353624,1.283473,-2.799485,26,26,27,26,25,27,27,25,27,27,26,27
1791409220.864398,-0.056445,1.244754,-2.771966,0.054416,1.246994,-2.798063,-0.359088,1.278144,-2.777037,0.353624,1.283473,-2.799469,26,26,27,26,25,27,27,25,27,27,26,27
1791409220.884404,-0.056445,1.244754,-2.771982,0.054386,1.246934,-2.798079,-0.359088,1.278235,-2.777006,0.353624,1.283473,-2.799485,26,26,27,26,25,27,27,25,27,27,26,27
1791409220.904435,-0.056414,1.244724,-2.771998,0.054356,1.246994,-2.798063,-0.359088,1.278205,-2.777021,0.353594,1.283473,-2.799469,26,26,27,26,25,27,27,25,27,27,26,27
1791409220.924395,-0.056475,1.244724,-2.771982,0.054356,1.246964,-2.798063,-0.359088,1.278205,-2.777021,0.353594,1.283473,-2.799485,26,26,27,26,25,27,27,25,27,27,26,27
1791409220.944324,-0.056445,1.244724,-2.771998,0.054356,1.246964,-2.798063,-0.359058,1.278205,-2.777021,0.353594,1.283443,-2.799453,26,26,27,26,25,27,27,25,27,27,26,27
1791409220.964417,-0.056445,1.244724,-2.771982,0.054356,1.246994,-2.798047,-0.359058,1.278205,-2.777037,0.353624,1.283473,-2.799469,26,26,27,26,25,27,27,25,27,27,26,27
1791409220.984435,-0.056414,1.244754,-2.771966,0.054386,1.246994,-2.798063,-0.359088,1.278205,-2.777037,0.353624,1.283473,-2.799469,26,26,27,26,25,27,27,25,27,27,26,27
1791409221.004413,-0.056445,1.244724,-2.771998,0.054386,1.246994,-2.798063,-0.359088,1.278235,-2.777021,0.353594,1.283473,-2.799469,26,26,27,26,25,27,27,25,27,27,26,27
1791409221.024540,-0.056445,1.244724,-2.771982,0.054386,1.247025,-2.798063,-0.359088,1.278205,-2.777037,0.353654,1.283473,-2.799485,26,26,27,26,25,27,27,25,27,27,26,27
1791409221.044436,-0.056414,1.244724,-2.771950,0.054386,1.246994,-2.798079,-0.359088,1.278235,-2.777037,0.353594,1.283443,-2.799485,26,26,27,26,25,27,27,25,27,27,26,27
1791409221.064430,-0.056414,1.244724,-2.771982,0.054386,1.246964,-2.798063,-0.359088,1.278205,-2.777021,0.353624,1.283473,-2.799485,26,26,27,26,25,27,27,25,27,27,26,27
1791409221.084664,-0.056445,1.244754,-2.771982,0.054386,1.246964,-2.798047,-0.359088,1.278205,-2.777037,0.353624,1.283473,-2.799469,26,26,27,26,25,27,27,25,27,27,26,27
1791409221.104262,-0.056445,1.244724,-2.771982,0.054386,1.246994,-2.798063,-0.359058,1.278235,-2.777037,0.353594,1.283443,-2.799485,26,26,27,26,25,27,27,25,27,27,26,27
1791409221.124514,-0.056445,1.244754,-2.771998,0.054356,1.246934,-2.798063,-0.359088,1.278205,-2.777037,0.353594,1.283473,-2.799469,26,26,27,26,25,27,27,25,27,27,26,27
1791409221.144487,-0.056445,1.244754,-2.771982,0.054356,1.246964,-2.798047,-0.359088,1.278235,-2.777021,0.353624,1.283473,-2.799485,26,26,27,26,25,27,27,25,27,27,26,27
1791409221.164499,-0.056445,1.244724,-2.771966,0.054356,1.246994,-2.798063,-0.359088,1.278205,-2.777037,0.353594,1.283473,-2.799500,26,26,27,26,25,27,27,25,27,27,26,27
1791409221.184698,-0.056475,1.244724,-2.771982,0.054416,1.246994,-2.798079,-0.359088,1.278205,-2.777037,0.353594,1.283473,-2.799485,26,26,27,26,25,27,27,25,27,27,26,27
1791409221.204447,-0.056445,1.244784,-2.771966,0.054356,1.246994,-2.798063,-0.359088,1.278205,-2.777037,0.353594,1.283473,-2.799485,26,26,27,26,25,27,27,25,27,27,26,27
1791409221.224480,-0.056445,1.244724,-2.771966,0.054356,1.246964,-2.798063,-0.359058,1.278205,-2.777021,0.353594,1.283473,-2.799469,26,26,27,26,25,27,27,25,27,27,26,27
1791409221.244733,-0.056384,1.244754,-2.771966,0.054386,1.246994,-2.798047,-0.359088,1.278205,-2.777021,0.353594,1.283443,-2.799469,26,26,27,26,25,27,27,25,27,27,26,27
1791409221.264491,-0.056414,1.244754,-2.771982,0.054386,1.246994,-2.798063,-0.359088,1.278205,-2.777021,0.353624,1.283473,-2.799469,26,26,27,26,25,27,27,25,27,27,26,27
1791409221.284544,-0.056445,1.244724,-2.771998,0.054386,1.246994,-2.798079,-0.359088,1.278235,-2.777021,0.353624,1.283443,-2.799485,26,26,27,26,25,27,27,25,27,27,26,27
1791409221.305093,-0.056445,1.244754,-2.771982,0.054386,1.246994,-2.798063,-0.359088,1.278175,-2.777021,0.353624,1.283443,-2.799485,26,26,27,26,25,27,27,25,27,27,26,27
1791409221.324407,-0.056445,1.244784,-2.771982,0.054416,1.246994,-2.798063,-0.359088,1.278235,-2.777021,0.353594,1.283473,-2.799469,26,26,27,26,25,27,27,25,27,27,26,27
1791409221.344478,-0.056414,1.244754,-2.771982,0.054386,1.246964,-2.798047,-0.359088,1.278205,-2.777037,0.353624,1.283443,-2.799485,26,26,27,26,25,27,27,25,27,27,26,27
1791409221.364574,-0.056414,1.244724,-2.771982,0.054386,1.246964,-2.798047,-0.359088,1.278235,-2.777037,0.353624,1.283504,-2.799469,26,26,27,26,25,27,27,25,27,27,26,27
1791409221.384577,-0.056414,1.244724,-2.771982,0.054356,1.246964,-2.798063,-0.359088,1.278205,-2.777037,0.353624,1.283473,-2.799485,26,26,27,26,25,27,27,25,27,27,26,27
1791409221.404557,-0.056414,1.244724,-2.771966,0.054386,1.246964,-2.798047,-0.359088,1.278205,-2.777037,0.353594,1.283473,-2.799469,26,26,27,26,25,27,27,25,27,27,26,27
1791409221.424633,-0.056445,1.244693,-2.771966,0.054386,1.246994,-2.798063,-0.359088,1.278205,-2.777021,0.353624,1.283473,-2.799469,26,26,27,26,25,27,27,25,27,27,26,27
1791409221.444615,-0.056445,1.244724,-2.771982,0.054356,1.246994,-2.798047,-0.359088,1.278205,-2.777037,0.353624,1.283473,-2.799469,26,26,27,26,25,27,27,25,27,27,26,27
1791409221.464654,-0.056414,1.244724,-2.771982,0.054386,1.246964,-2.798063,-0.359058,1.278205,-2.777021,0.353624,1.283473,-2.799469,26,26,27,26,25,27,27,25,27,27,26,27
1791409221.484735,-0.056414,1.244754,-2.771982,0.054386,1.246994,-2.798063,-0.359058,1.278205,-2.777037,0.353624,1.283504,-2.799469,26,26,27,26,25,27,27,25,27,27,26,27
1791409221.504574,-0.056445,1.244784,-2.771982,0.054386,1.246964,-2.798063,-0.359088,1.278235,-2.777021,0.353624,1.283473,-2.799485,26,26,27,26,25,27,27,25,27,27,26,27
1791409221.524642,-0.056445,1.244724,-2.771982,0.054356,1.246934,-2.798063,-0.359088,1.278235,-2.777021,0.353624,1.283473,-2.799469,26,26,27,26,25,27,27,25,27,27,26,27
1791409221.544512,-0.056414,1.244724,-2.771982,0.054386,1.246964,-2.798063,-0.359088,1.278205,-2.777021,0.353594,1.283473,-2.799453,26,26,27,26,25,27,27,25,27,27,26,27
1791409221.564642,-0.056445,1.244724,-2.771998,0.054386,1.246964,-2.798063,-0.359088,1.278205,-2.777021,0.353654,1.283473,-2.799485,26,26,27,26,25,27,27,25,27,27,26,27
1791409221.584737,-0.056445,1.244784,-2.771966,0.054386,1.246964,-2.798063,-0.359119,1.278205,-2.777021,0.353594,1.283473,-2.799469,26,26,27,26,25,27,27,25,27,27,26,27
1791409221.604567,-0.056414,1.244724,-2.771982,0.054386,1.246994,-2.798063,-0.359088,1.278205,-2.777037,0.353624,1.283443,-2.799485,26,26,27,26,25,27,27,25,27,27,26,27
1791409221.624560,-0.056445,1.244754,-2.771966,0.054356,1.246994,-2.798079,-0.359088,1.278235,-2.777006,0.353624,1.283473,-2.799469,26,26,27,26,25,27,27,25,27,27,26,27
1791409221.644619,-0.056445,1.244754,-2.771966,0.054356,1.246994,-2.798063,-0.359088,1.278205,-2.777037,0.353594,1.283473,-2.799469,26,26,27,26,25,27,27,25,27,27,26,27
1791409221.664732,-0.056445,1.244754,-2.771982,0.054386,1.246994,-2.798063,-0.359088,1.278235,-2.777037,0.353624,1.283473,-2.799469,26,26,27,26,25,27,27,25,27,27,26,27
1791409221.684628,-0.056414,1.244724,-2.771966,0.054386,1.246994,-2.798063,-0.359088,1.278205,-2.777037,0.353594,1.283473,-2.799469,26,26,27,26,25,27,27,25,27,27,26,27
1791409221.704594,-0.056445,1.244754,-2.771998,0.054386,1.246964,-2.798063,-0.359088,1.278235,-2.777021,0.353594,1.283473,-2.799469,26,26,27,26,25,27,27,25,27,27,26,27
1791409221.724560,-0.056445,1.244754,-2.771966,0.054386,1.246994,-2.798063,-0.359088,1.278205,-2.777021,0.353624,1.283443,-2.799500,26,26,27,26,25,27,27,25,27,27,26,27
1791409221.744592,-0.056414,1.244724,-2.771982,0.054356,1.246964,-2.798063,-0.359088,1.278205,-2.777037,0.353624,1.283443,-2.799485,26,26,27,26,25,27,27,25,27,27,26,27
1791409221.764614,-0.056414,1.244724,-2.771982,0.054356,1.246964,-2.798063,-0.359088,1.278205,-2.777021,0.353594,1.283443,-2.799485,26,26,27,26,25,27,27,25,27,27,26,27
1791409221.784594,-0.056445,1.244754,-2.771982,0.054386,1.246964,-2.798063,-0.359119,1.278205,-2.777021,0.353594,1.283473,-2.799469,26,26,27,26,25,27,27,25,27,27,26,27
1791409221.804625,-0.056414,1.244724,-2.771966,0.054386,1.246964,-2.798047,-0.359119,1.278205,-2.777021,0.353624,1.283473,-2.799485,26,26,27,26,25,27,27,25,27,27,26,27
1791409221.825150,-0.056445,1.244754,-2.771982,0.054386,1.246964,-2.798079,-0.359058,1.278205,-2.777037,0.353594,1.283473,-2.799469,26,26,27,26,25,27,27,25,27,27,26,27
1791409221.844630,-0.056414,1.244754,-2.771966,0.054386,1.246964,-2.798079,-0.359119,1.278235,-2.777021,0.353594,1.283443,-2.799485,26,26,27,26,25,27,27,25,27,27,26,27
1791409221.864708,-0.056414,1.244724,-2.771998,0.054386,1.246994,-2.798047,-0.359119,1.278235,-2.777037,0.353563,1.283443,-2.799453,26,26,27,26,25,27,27,25,27,27,26,27
1791409221.884758,-0.056445,1.244724,-2.771982,0.054386,1.246964,-2.798047,-0.359119,1.278235,-2.777021,0.353594,1.283473,-2.799469,26,26,27,26,25,27,27,25,27,27,26,27
1791409221.904644,-0.056414,1.244754,-2.771982,0.054386,1.246994,-2.798047,-0.359088,1.278205,-2.777021,0.353624,1.283473,-2.799453,26,26,27,26,25,27,27,25,27,27,26,27
1791409221.924740,-0.056445,1.244724,-2.771982,0.054356,1.246994,-2.798063,-0.359119,1.278205,-2.777037,0.353594,1.283473,-2.799485,26,26,27,26,25,27,27,25,27,27,26,27
1791409221.944678,-0.056414,1.244724,-2.771966,0.054386,1.246994,-2.798063,-0.359088,1.278235,-2.777037,0.353594,1.283443,-2.799469,26,26,27,26,25,27,27,25,27,27,26,27
1791409221.964846,-0.056414,1.244754,-2.771966,0.054416,1.246994,-2.798063,-0.359088,1.278205,-2.777037,0.353594,1.283473,-2.799485,26,26,27,26,25,27,27,25,27,27,26,27
1791409221.984738,-0.056445,1.244724,-2.771966,0.054386,1.246964,-2.798063,-0.359088,1.278235,-2.777037,0.353624,1.283473,-2.799485,26,26,27,26,25,27,27,25,27,27,26,27
1791409222.004745,-0.056445,1.244724,-2.771982,0.054386,1.246964,-2.798063,-0.359088,1.278235,-2.777021,0.353654,1.283443,-2.799469,26,26,27,26,25,27,27,25,27,27,26,27
1791409222.024688,-0.056445,1.244724,-2.771966,0.054386,1.246994,-2.798063,-0.359088,1.278235,-2.777021,0.353594,1.283473,-2.799469,26,26,27,26,25,27,27,25,27,27,26,27
1791409222.044807,-0.056475,1.244724,-2.771982,0.054356,1.246934,-2.798079,-0.359088,1.278205,-2.777021,0.353624,1.283443,-2.799469,26,26,27,26,25,27,27,25,27,27,26,27
1791409222.064874,-0.056414,1.244693,-2.771982,0.054386,1.246964,-2.798047,-0.359119,1.278205,-2.777021,0.353624,1.283443,-2.799469,26,26,27,26,25,27,27,25,27,27,26,27
1791409222.084789,-0.056445,1.244754,-2.771998,0.054356,1.246994,-2.798063,-0.359119,1.278235,-2.777037,0.353624,1.283473,-2.799485,26,26,27,26,25,27,27,25,27,27,26,27
1791409222.104854,-0.056414,1.244754,-2.771982,0.054386,1.246994,-2.798079,-0.359088,1.278235,-2.777037,0.353594,1.283443,-2.799453,26,26,27,26,25,27,27,25,27,27,26,27
1791409222.124726,-0.056445,1.244724,-2.771982,0.054356,1.246964,-2.798079,-0.359119,1.278205,-2.777037,0.353624,1.283443,-2.799485,26,26,27,26,25,27,27,25,27,27,26,27
1791409222.144723,-0.056414,1.244754,-2.771982,0.054356,1.246994,-2.798063,-0.359119,1.278205,-2.777037,0.353624,1.283473,-2.799485,26,26,27,26,25,27,27,25,27,27,26,27
1791409222.164891,-0.056445,1.244754,-2.771998,0.054386,1.246994,-2.798063,-0.359088,1.278205,-2.777021,0.353624,1.283443,-2.799485,26,26,27,26,25,27,27,25,27,27,26,27
1791409222.184726,-0.056414,1.244724,-2.771982,0.054356,1.246994,-2.798063,-0.359088,1.278205,-2.777037,0.353624,1.283443,-2.799469,26,26,27,26,25,27,27,25,27,27,26,27
1791409222.204908,-0.056445,1.244693,-2.771982,0.054386,1.246964,-2.798063,-0.359149,1.278205,-2.777021,0.353624,1.283473,-2.799485,26,26,27,26,25,27,27,25,27,27,26,27
1791409222.224783,-0.056445,1.244724,-2.771966,0.054356,1.246994,-2.798047,-0.359119,1.278205,-2.777037,0.353624,1.283473,-2.799485,26,26,27,26,25,27,27,25,27,27,26,27
1791409222.244831,-0.056445,1.244724,-2.771982,0.054356,1.247025,-2.798063,-0.359119,1.278205,-2.777021,0.353624,1.283473,-2.799485,26,26,27,26,25,27,27,25,27,27,26,27
1791409222.264850,-0.056384,1.244724,-2.771982,0.054416,1.246994,-2.798047,-0.359149,1.278175,-2.777116,0.353624,1.283473,-2.799485,26,26,27,26,25,27,27,25,27,27,26,27
1791409222.284906,-0.056384,1.244724,-2.771966,0.054356,1.246994,-2.798063,-0.359119,1.278205,-2.777101,0.353503,1.283504,-2.799469,26,26,27,26,25,27,27,25,27,27,26,27
1791409222.304855,-0.056354,1.244754,-2.771982,0.054386,1.247085,-2.798063,-0.359028,1.278235,-2.777116,0.353442,1.283504,-2.799469,26,26,27,26,25,27,27,25,27,27,26,27
1791409222.324860,-0.056354,1.244754,-2.772030,0.054356,1.247085,-2.798063,-0.358755,1.278266,-2.777132,0.353260,1.283534,-2.799469,26,26,27,26,25,27,27,25,27,27,26,27
1791409222.344944,-0.056293,1.244814,-2.772156,0.054325,1.247206,-2.798063,-0.358331,1.278387,-2.777132,0.352897,1.283564,-2.799485,26,26,27,26,25,27,27,25,27,27,26,27
1791409222.364928,-0.056233,1.244905,-2.772377,0.054295,1.247449,-2.798079,-0.357786,1.278538,-2.777148,0.352443,1.283625,-2.799485,26,26,27,26,25,27,27,25,27,27,26,27
1791409222.384924,-0.056142,1.245087,-2.772820,0.054234,1.247691,-2.798047,-0.357272,1.278659,-2.777211,0.351928,1.283685,-2.799469,26,26,27,26,25,27,27,25,27,27,26,27
1791409222.405019,-0.056021,1.245329,-2.773262,0.054204,1.247872,-2.798079,-0.356727,1.278811,-2.777243,0.351414,1.283837,-2.799500,26,26,27,26,25,27,27,25,27,27,26,27
1791409222.424917,-0.055930,1.245753,-2.773530,0.054083,1.247963,-2.798063,-0.356212,1.279022,-2.777448,0.350929,1.284049,-2.799485,26,26,27,26,25,27,27,25,27,27,26,27
1791409222.444871,-0.055809,1.246177,-2.773751,0.053901,1.248115,-2.798063,-0.355637,1.279204,-2.777732,0.350414,1.284261,-2.799485,26,26,27,26,25,27,27,25,27,27,26,27
1791409222.464988,-0.055718,1.246540,-2.774052,0.053720,1.248236,-2.798063,-0.355001,1.279537,-2.778033,0.349809,1.284654,-2.799469,26,26,27,26,25,27,27,25,27,27,26,27
1791409222.484977,-0.055627,1.246843,-2.774683,0.053568,1.248327,-2.798063,-0.354183,1.279779,-2.778333,0.349294,1.285108,-2.799500,26,26,27,26,25,27,27,25,27,27,26,27
1791409222.504878,-0.055506,1.247206,-2.775300,0.053296,1.248478,-2.798079,-0.353396,1.280203,-2.778696,0.348779,1.285774,-2.799548,26,26,27,26,25,27,27,25,27,27,26,27
1791409222.524958,-0.055385,1.247418,-2.775584,0.052963,1.248569,-2.798079,-0.352760,1.280688,-2.779517,0.348083,1.286380,-2.799595,26,26,27,26,25,27,27,25,27,27,26,27
1791409222.544991,-0.055264,1.247691,-2.775821,0.052509,1.248660,-2.798063,-0.352003,1.281293,-2.780086,0.347356,1.286864,-2.799659,26,26,27,26,25,27,27,25,27,27,26,27
1791409222.564915,-0.055112,1.247993,-2.776326,0.052085,1.248750,-2.798079,-0.351307,1.282020,-2.780292,0.346660,1.287258,-2.799722,26,26,27,26,25,27,27,25,27,27,26,27
1791409222.584898,-0.054991,1.248296,-2.777274,0.051721,1.248781,-2.798079,-0.350459,1.282565,-2.780513,0.346054,1.287773,-2.799753,26,26,27,26,25,27,27,25,27,27,26,27
1791409222.605247,-0.054870,1.248599,-2.777859,0.051449,1.248932,-2.798047,-0.349490,1.282898,-2.780797,0.345449,1.288166,-2.799816,26,26,27,26,25,27,27,25,27,27,26,27
1791409222.624926,-0.054689,1.249084,-2.778238,0.051267,1.249023,-2.798063,-0.348703,1.283352,-2.781476,0.344692,1.288681,-2.799895,26,26,27,26,25,27,27,25,27,27,26,27
1791409222.644900,-0.054567,1.249568,-2.778838,0.051086,1.249144,-2.798079,-0.347855,1.283746,-2.782108,0.343905,1.289165,-2.799990,26,26,27,26,25,27,27,25,27,27,26,27
1791409222.665025,-0.054386,1.250022,-2.779375,0.050843,1.249235,-2.798079,-0.346887,1.284170,-2.782329,0.343027,1.289589,-2.800101,26,26,27,26,25,27,27,25,27,27,26,27
1791409222.685022,-0.054144,1.250234,-2.779581,0.050692,1.249326,-2.798095,-0.345918,1.284715,-2.782566,0.342330,1.289892,-2.800180,26,26,27,26,25,27,27,25,27,27,26,27
1791409222.705371,-0.053871,1.250446,-2.779786,0.050510,1.249356,-2.798095,-0.344949,1.285351,-2.782851,0.341694,1.290104,-2.800259,26,26,27,26,25,27,27,25,27,27,26,27
1791409222.725037,-0.053538,1.250658,-2.779975,0.050268,1.249447,-2.798095,-0.344162,1.285986,-2.783435,0.340968,1.290346,-2.800338,26,26,27,26,25,27,27,25,27,27,26,27
1791409222.745070,-0.053266,1.250809,-2.780244,0.050086,1.249568,-2.798095,-0.343102,1.286562,-2.783909,0.340029,1.290589,-2.800432,26,26,27,26,25,27,27,25,27,27,26,27
1791409222.765029,-0.052872,1.250991,-2.780718,0.049844,1.249629,-2.798095,-0.342103,1.287016,-2.784193,0.339030,1.290800,-2.800527,26,26,27,26,25,27,27,25,27,27,26,27
1791409222.785029,-0.052357,1.251173,-2.781492,0.049572,1.249689,-2.798095,-0.341013,1.287379,-2.784351,0.337970,1.290982,-2.800638,26,26,27,26,25,27,27,25,27,27,26,27
1791409222.805140,-0.051873,1.251415,-2.781855,0.049329,1.249750,-2.798110,-0.340135,1.287833,-2.784525,0.336820,1.291134,-2.800828,26,26,27,26,25,27,27,25,27,27,26,27
1791409222.825139,-0.051479,1.251627,-2.782234,0.049057,1.249871,-2.798095,-0.339135,1.288318,-2.784715,0.335457,1.291376,-2.801175,26,26,27,26,25,27,27,25,27,27,26,27
1791409222.844944,-0.051146,1.251839,-2.782692,0.048784,1.249992,-2.798126,-0.337985,1.288954,-2.784983,0.334337,1.291618,-2.801570,26,26,27,26,25,27,27,25,27,27,26,27
1791409222.865201,-0.050722,1.252051,-2.783388,0.048512,1.250113,-2.798174,-0.336834,1.289589,-2.785489,0.333429,1.291921,-2.801807,26,26,27,26,25,27,27,25,27,27,26,27
1791409222.885070,-0.050722,1.249417,-2.778806,0.048573,1.247630,-2.795077,-0.337591,1.286834,-2.782377,0.333974,1.289892,-2.799943,26,26,27,26,25,27,27,25,27,27,26,27
1791409222.905024,-0.051540,1.244330,-2.767575,0.049693,1.243149,-2.788316,-0.338863,1.280991,-2.778570,0.334307,1.285017,-2.796262,26,26,27,26,25,27,27,25,27,27,26,27
1791409222.925076,-0.054810,1.238850,-2.757007,0.052539,1.238153,-2.779138,-0.338167,1.273149,-2.770292,0.333641,1.276994,-2.786895,26,26,27,26,25,27,27,25,27,27,26,27
1791409222.944987,-0.058049,1.231311,-2.748145,0.055779,1.230523,-2.769060,-0.335623,1.260674,-2.758602,0.330704,1.264974,-2.774399,26,26,27,26,25,27,27,25,27,27,26,27
1791409222.965054,-0.059806,1.219957,-2.736644,0.057504,1.218806,-2.756754,-0.330658,1.246202,-2.744559,0.325708,1.248957,-2.759724,26,26,27,26,25,27,27,25,27,27,26,27
1791409222.985007,-0.059563,1.203243,-2.720042,0.057747,1.201517,-2.737687,-0.323331,1.229943,-2.725618,0.319562,1.233394,-2.738350,26,26,27,26,25,27,27,25,27,27,26,27
1791409223.005138,-0.058413,1.186227,-2.694672,0.056354,1.182140,-2.712317,-0.314974,1.212230,-2.706441,0.311417,1.213926,-2.717514,26,26,27,26,25,27,27,25,27,27,26,27
1791409223.025073,-0.056021,1.163277,-2.663236,0.054840,1.160007,-2.682903,-0.305315,1.193943,-2.679317,0.301123,1.194457,-2.690975,26,26,27,26,25,27,27,25,27,27,26,27
1791409223.045081,-0.053054,1.141023,-2.630252,0.052993,1.138661,-2.645591,-0.295263,1.172748,-2.652162,0.291222,1.173899,-2.663094,26,26,27,26,25,27,27,25,27,27,26,27
1791409223.065419,-0.050450,1.120646,-2.588358,0.050389,1.118739,-2.602260,-0.284333,1.151100,-2.624423,0.278990,1.154552,-2.633806,26,26,27,26,25,27,27,25,27,27,26,27
1791409223.085176,-0.047906,1.100845,-2.546243,0.047785,1.099149,-2.559197,-0.272404,1.132631,-2.594772,0.267363,1.135265,-2.603745,26,26,27,26,25,27,27,25,27,27,26,27
1791409223.105199,-0.045817,1.080862,-2.500748,0.045545,1.078833,-2.512233,-0.259778,1.113344,-2.559387,0.255706,1.116220,-2.567111,26,26,27,26,25,27,27,25,27,27,26,27
1791409223.125445,-0.043910,1.058638,-2.455695,0.043244,1.058910,-2.465521,-0.248030,1.094935,-2.518852,0.243959,1.097781,-2.524633,26,26,27,26,25,27,27,25,27,27,26,27
1791409223.145028,-0.042063,1.038322,-2.407830,0.041457,1.037323,-2.416993,-0.236252,1.076163,-2.476405,0.232181,1.078555,-2.482092,26,26,27,26,25,27,27,25,27,27,26,27
1791409223.165149,-0.040367,1.018944,-2.360108,0.039822,1.018732,-2.368054,-0.223687,1.056543,-2.436281,0.220100,1.059662,-2.440514,26,26,27,26,25,27,27,25,27,27,26,27
1791409223.185072,-0.039156,0.998749,-2.316413,0.038581,0.999536,-2.323127,-0.211546,1.039073,-2.387721,0.208867,1.041798,-2.392065,26,26,27,26,25,27,27,25,27,27,26,27
1791409223.205098,-0.038097,0.981097,-2.268154,0.037642,0.982520,-2.277806,-0.200555,1.021240,-2.340504,0.198542,1.024419,-2.344500,26,26,27,26,25,27,27,25,27,27,26,27
1791409223.225201,-0.037188,0.963597,-2.227034,0.036643,0.966594,-2.232911,-0.191169,1.003497,-2.292639,0.188944,1.007191,-2.296272,26,26,27,26,25,27,27,25,27,27,26,27
1791409223.245172,-0.036673,0.948276,-2.183166,0.035735,0.950305,-2.188205,-0.181601,0.985845,-2.248218,0.179952,0.988994,-2.252056,26,26,27,26,25,27,27,25,27,27,26,27
1791409223.265268,-0.035826,0.932381,-2.139898,0.035008,0.934712,-2.145253,-0.172306,0.968526,-2.195251,0.170748,0.971887,-2.203212,26,26,27,26,25,27,27,25,27,27,26,27
1791409223.285145,-0.034917,0.916031,-2.096583,0.034494,0.918756,-2.102238,-0.162860,0.951420,-2.150372,0.161664,0.954962,-2.153167,26,26,27,26,25,27,27,25,27,27,26,27
1791409223.305205,-0.034463,0.900529,-2.055905,0.033222,0.903042,-2.061435,-0.154685,0.935463,-2.101195,0.154519,0.938885,-2.103107,26,26,27,26,25,27,27,25,27,27,26,27
1791409223.325271,-0.033979,0.885693,-2.013822,0.032102,0.888811,-2.019636,-0.146358,0.919235,-2.053931,0.146495,0.922959,-2.056237,26,26,27,26,25,27,27,25,27,27,26,27
1791409223.345247,-0.033585,0.871492,-1.970855,0.031435,0.874944,-1.976462,-0.139940,0.902067,-2.005703,0.139986,0.905822,-2.011516,26,26,27,26,25,27,27,25,27,27,26,27
1791409223.365238,-0.032889,0.855869,-1.927018,0.030709,0.859442,-1.932326,-0.133400,0.884627,-1.960460,0.133294,0.890198,-1.962735,26,26,27,26,25,27,27,25,27,27,26,27
1791409223.385278,-0.032041,0.841063,-1.885804,0.030194,0.845090,-1.890969,-0.128010,0.868005,-1.910874,0.128087,0.871911,-1.913148,26,26,27,26,25,27,27,25,27,27,26,27
1791409223.405151,-0.031224,0.825834,-1.843515,0.029377,0.829982,-1.849218,-0.122833,0.851140,-1.865599,0.122879,0.855077,-1.867069,26,26,27,26,25,27,27,25,27,27,26,27
1791409223.425176,-0.030467,0.810029,-1.799868,0.028589,0.814783,-1.807451,-0.117776,0.835578,-1.821289,0.117701,0.839817,-1.822568,26,26,27,26,25,27,27,25,27,27,26,27
1791409223.445282,-0.029952,0.795647,-1.760439,0.028014,0.800401,-1.765494,-0.113477,0.818895,-1.776425,0.113190,0.823103,-1.776852,26,26,27,26,25,27,27,25,27,27,26,27
1791409223.465286,-0.029346,0.779479,-1.716934,0.027651,0.784838,-1.721642,-0.109117,0.802242,-1.735654,0.108800,0.806360,-1.735006,26,26,27,26,25,27,27,25,27,27,26,27
1791409223.485322,-0.028468,0.764159,-1.675972,0.027227,0.769094,-1.679874,-0.105120,0.785711,-1.688958,0.104773,0.789768,-1.687899,26,26,27,26,25,27,27,25,27,27,26,27
1791409223.505197,-0.027742,0.746961,-1.633637,0.026985,0.751957,-1.637207,-0.101245,0.769179,-1.645326,0.101079,0.772601,-1.642862,26,26,27,26,25,27,27,25,27,27,26,27
1791409223.525322,-0.027106,0.730762,-1.588031,0.026591,0.736000,-1.591080,-0.097854,0.751073,-1.602264,0.096931,0.754464,-1.598362,26,26,27,26,25,27,27,25,27,27,26,27
1791409223.545199,-0.026076,0.714806,-1.545932,0.026167,0.719651,-1.548175,-0.094644,0.733997,-1.555884,0.093298,0.737388,-1.551271,26,26,27,26,25,27,27,25,27,27,26,27
1791409223.565225,-0.025017,0.697427,-1.501432,0.025986,0.702392,-1.502806,-0.091253,0.716224,-1.513943,0.089816,0.719282,-1.508730,26,26,27,26,25,27,27,25,27,27,26,27
1791409223.585278,-0.023927,0.681017,-1.461213,0.025713,0.686164,-1.462145,-0.088437,0.700207,-1.469680,0.087091,0.703689,-1.463156,26,26,27,26,25,27,27,25,27,27,26,27
1791409223.605359,-0.022382,0.669269,-1.427344,0.024865,0.674143,-1.426444,-0.086136,0.688580,-1.435369,0.084457,0.691184,-1.427913,26,26,27,26,25,27,27,25,27,27,26,27
1791409223.625199,-0.021171,0.662880,-1.400031,0.024502,0.667180,-1.398483,-0.084683,0.681041,-1.409367,0.082761,0.684160,-1.401010,26,26,27,26,25,27,27,25,27,27,26,27
1791409223.645338,-0.021111,0.659731,-1.382765,0.024593,0.664031,-1.380569,-0.084168,0.677166,-1.392038,0.082034,0.681011,-1.383539,26,26,27,26,25,27,27,25,27,27,26,27
1791409223.665288,-0.021202,0.659459,-1.373824,0.025107,0.664001,-1.371723,-0.083926,0.675167,-1.381707,0.081671,0.679104,-1.372860,26,26,27,26,25,27,27,25,27,27,26,27
1791409223.685354,-0.021262,0.660821,-1.370617,0.025501,0.665484,-1.368484,-0.083684,0.674320,-1.374582,0.081368,0.677983,-1.365546,26,26,27,26,25,27,27,25,27,27,26,27
1791409223.705285,-0.021292,0.663062,-1.369890,0.025804,0.666574,-1.367284,-0.083381,0.674259,-1.369464,0.081126,0.677529,-1.360317,26,26,27,26,25,27,27,25,27,27,26,27
1791409223.725288,-0.021232,0.664818,-1.369859,0.026016,0.667967,-1.367047,-0.083290,0.674411,-1.365594,0.080854,0.677862,-1.356558,26,26,27,26,25,27,27,25,27,27,26,27
1791409223.745286,-0.021292,0.665908,-1.369843,0.026167,0.669632,-1.367015,-0.083078,0.674562,-1.362703,0.080581,0.678286,-1.353193,26,26,27,26,25,27,27,25,27,27,26,27
1791409223.765356,-0.021292,0.666786,-1.369827,0.026137,0.670934,-1.367015,-0.082927,0.674774,-1.360365,0.080521,0.678619,-1.350697,26,26,27,26,25,27,27,25,27,27,26,27
1791409223.785408,-0.021353,0.667543,-1.369843,0.026076,0.671994,-1.366968,-0.082594,0.674986,-1.358801,0.080521,0.678740,-1.348580,26,26,27,26,25,27,27,25,27,27,26,27
1791409223.805301,-0.021474,0.667967,-1.369827,0.025986,0.672448,-1.366952,-0.082443,0.675046,-1.357964,0.080581,0.678680,-1.347317,26,26,27,26,25,27,27,25,27,27,26,27
1791409223.825345,-0.021535,0.668209,-1.369827,0.025986,0.672508,-1.366936,-0.082321,0.675016,-1.357458,0.080672,0.678528,-1.347127,26,26,27,26,25,27,27,25,27,27,26,27
1791409223.846269,-0.021444,0.668300,-1.369827,0.025925,0.672327,-1.366952,-0.082382,0.674804,-1.357442,0.080672,0.678165,-1.347127,26,26,27,26,25,27,27,25,27,27,26,27
1791409223.865485,-0.021414,0.668360,-1.369827,0.025986,0.671994,-1.366936,-0.082533,0.674320,-1.357411,0.080581,0.677378,-1.347159,26,26,27,26,25,27,27,25,27,27,26,27
1791409223.885237,-0.021262,0.668088,-1.369827,0.026046,0.671721,-1.366921,-0.082715,0.673442,-1.357442,0.080460,0.676500,-1.347159,26,26,27,26,25,27,27,25,27,27,26,27
1791409223.905459,-0.021111,0.666665,-1.369827,0.026046,0.671207,-1.366873,-0.082836,0.671988,-1.357427,0.080430,0.675894,-1.347143,26,26,27,26,25,27,27,25,27,27,26,27
1791409223.925348,-0.021050,0.664424,-1.369811,0.026016,0.669208,-1.366826,-0.082897,0.670414,-1.357442,0.080460,0.675379,-1.347159,26,26,27,26,25,27,27,25,27,27,26,27
1791409223.945421,-0.021111,0.662335,-1.369843,0.025895,0.666726,-1.366826,-0.082836,0.668597,-1.357458,0.080732,0.673563,-1.347206,26,26,27,26,25,27,27,25,27,27,26,27
1791409223.965328,-0.021050,0.659974,-1.369811,0.025713,0.664182,-1.366810,-0.082715,0.666659,-1.357458,0.080944,0.670989,-1.347253,26,26,27,26,25,27,27,25,27,27,26,27
1791409223.985426,-0.021111,0.657673,-1.369780,0.025562,0.661730,-1.366810,-0.082685,0.664813,-1.357458,0.081096,0.668385,-1.347269,26,26,27,26,25,27,27,25,27,27,26,27
1791409224.005359,-0.021111,0.655644,-1.369764,0.025501,0.659974,-1.366810,-0.082806,0.663056,-1.357458,0.081126,0.666357,-1.347301,26,26,27,26,25,27,27,25,27,27,26,27
1791409224.025479,-0.021050,0.653797,-1.369748,0.025501,0.658430,-1.366794,-0.082836,0.661573,-1.357458,0.081065,0.664903,-1.347317,26,26,27,26,25,27,27,25,27,27,26,27
1791409224.045371,-0.021020,0.652434,-1.369732,0.025531,0.657400,-1.366794,-0.082988,0.660241,-1.357474,0.080944,0.663874,-1.347301,26,26,27,26,25,27,27,25,27,27,26,27
1791409224.065500,-0.020990,0.651738,-1.369732,0.025562,0.656946,-1.366794,-0.083048,0.659575,-1.357458,0.080823,0.663299,-1.347332,26,26,27,26,25,27,27,25,27,27,26,27
1791409224.085471,-0.020990,0.651526,-1.369732,0.025592,0.656794,-1.366794,-0.083078,0.659302,-1.357474,0.080793,0.663147,-1.347317,26,26,27,26,25,27,27,25,27,27,26,27
1791409224.105587,-0.020959,0.651556,-1.369748,0.025592,0.656825,-1.366794,-0.083048,0.659363,-1.357474,0.080732,0.663087,-1.347285,26,26,27,26,25,27,27,25,27,27,26,27
1791409224.125333,-0.020929,0.651768,-1.369732,0.025622,0.657037,-1.366794,-0.082957,0.659544,-1.357474,0.080732,0.663208,-1.347269,26,26,27,26,25,27,27,25,27,27,26,27
1791409224.145442,-0.020959,0.652223,-1.369732,0.025683,0.657370,-1.366810,-0.082836,0.659847,-1.357442,0.080763,0.663450,-1.347253,26,26,27,26,25,27,27,25,27,27,26,27
1791409224.165475,-0.020959,0.652737,-1.369748,0.025683,0.657794,-1.366810,-0.082745,0.660241,-1.357442,0.080672,0.663813,-1.347253,26,26,27,26,25,27,27,25,27,27,26,27
1791409224.185389,-0.020990,0.653131,-1.369717,0.025683,0.658218,-1.366778,-0.082745,0.660543,-1.357458,0.080702,0.664146,-1.347237,26,26,27,26,25,27,27,25,27,27,26,27
1791409224.205750,-0.020990,0.653464,-1.369732,0.025713,0.658611,-1.366794,-0.082715,0.660876,-1.357427,0.080642,0.664449,-1.347237,26,26,27,26,25,27,27,25,27,27,26,27
1791409224.225585,-0.021050,0.653706,-1.369717,0.025713,0.658853,-1.366810,-0.082745,0.661119,-1.357442,0.080611,0.664661,-1.347237,26,26,27,26,25,27,27,25,27,27,26,27
1791409224.245507,-0.021111,0.653827,-1.369717,0.025652,0.658944,-1.366794,-0.082776,0.661300,-1.357474,0.080642,0.664752,-1.347253,26,26,27,26,25,27,27,25,27,27,26,27
1791409224.265552,-0.021111,0.653827,-1.369717,0.025683,0.658884,-1.366794,-0.082776,0.661331,-1.357458,0.080611,0.664782,-1.347237,26,26,27,26,25,27,27,25,27,27,26,27
1791409224.285451,-0.021050,0.653797,-1.369717,0.025683,0.658914,-1.366778,-0.082806,0.661270,-1.357458,0.080672,0.664782,-1.347253,26,26,27,26,25,27,27,25,27,27,26,27
1791409224.305544,-0.021050,0.653767,-1.369701,0.025683,0.658823,-1.366826,-0.082806,0.661240,-1.357458,0.080642,0.664752,-1.347237,26,26,27,26,25,27,27,25,27,27,26,27
1791409224.325609,-0.021050,0.653646,-1.369732,0.025652,0.658732,-1.366778,-0.082806,0.661088,-1.357474,0.080642,0.664691,-1.347285,26,26,27,26,25,27,27,25,27,27,26,27
1791409224.345571,-0.020990,0.653525,-1.369732,0.025683,0.658641,-1.366794,-0.082866,0.660998,-1.357427,0.080611,0.664691,-1.347253,26,26,27,26,25,27,27,25,27,27,26,27
1791409224.365674,-0.020959,0.653464,-1.369732,0.025713,0.658611,-1.366810,-0.082806,0.660967,-1.357442,0.080642,0.664661,-1.347269,26,26,27,26,25,27,27,25,27,27,26,27
1791409224.385471,-0.020959,0.653434,-1.369717,0.025683,0.658581,-1.366794,-0.082836,0.660876,-1.357458,0.080672,0.664601,-1.347269,26,26,27,26,25,27,27,25,27,27,26,27
1791409224.405482,-0.020959,0.653434,-1.369717,0.025713,0.658581,-1.366794,-0.082776,0.660937,-1.357474,0.080672,0.664570,-1.347269,26,26,27,26,25,27,27,25,27,27,26,27
1791409224.425649,-0.020959,0.653434,-1.369732,0.025683,0.658611,-1.366794,-0.082776,0.660967,-1.357474,0.080642,0.664601,-1.347269,26,26,27,26,25,27,27,25,27,27,26,27
1791409224.445668,-0.020990,0.653464,-1.369717,0.025652,0.658581,-1.366778,-0.082745,0.661028,-1.357458,0.080642,0.664570,-1.347269,26,26,27,26,25,27,27,25,27,27,26,27
1791409224.465874,-0.020990,0.653525,-1.369701,0.025622,0.658641,-1.366778,-0.082745,0.661058,-1.357442,0.080581,0.664570,-1.347253,26,26,27,26,25,27,27,25,27,27,26,27
1791409224.485654,-0.021020,0.653555,-1.369732,0.025683,0.658672,-1.366794,-0.082745,0.661058,-1.357474,0.080581,0.664570,-1.347253,26,26,27,26,25,27,27,25,27,27,26,27
1791409224.505591,-0.021020,0.653555,-1.369732,0.025652,0.658702,-1.366778,-0.082776,0.661058,-1.357427,0.080642,0.664661,-1.347269,26,26,27,26,25,27,27,25,27,27,26,27
1791409224.525915,-0.021020,0.653585,-1.369717,0.025683,0.658702,-1.366810,-0.082776,0.661058,-1.357458,0.080551,0.664631,-1.347253,26,26,27,26,25,27,27,25,27,27,26,27
1791409224.545691,-0.020990,0.653555,-1.369717,0.025683,0.658672,-1.366778,-0.082745,0.661058,-1.357442,0.080611,0.664691,-1.347269,26,26,27,26,25,27,27,25,27,27,26,27
1791409224.565634,-0.020959,0.653555,-1.369717,0.025683,0.658672,-1.366794,-0.082745,0.661028,-1.357458,0.080581,0.664631,-1.347253,26,26,27,26,25,27,27,25,27,27,26,27
1791409224.585484,-0.020929,0.653525,-1.369701,0.025743,0.658641,-1.366778,-0.082806,0.660998,-1.357458,0.080551,0.664601,-1.347253,26,26,27,26,25,27,27,25,27,27,26,27
1791409224.605698,-0.020959,0.653464,-1.369701,0.025713,0.658641,-1.366778,-0.082806,0.660998,-1.357458,0.080521,0.664631,-1.347269,26,26,27,26,25,27,27,25,27,27,26,27
1791409224.625807,-0.020929,0.653494,-1.369717,0.025683,0.658641,-1.366794,-0.082806,0.660967,-1.357442,0.080581,0.664631,-1.347253,26,26,27,26,25,27,27,25,27,27,26,27
1791409224.645585,-0.020959,0.653525,-1.369717,0.025652,0.658641,-1.366778,-0.082806,0.660998,-1.357458,0.080581,0.664601,-1.347269,26,26,27,26,25,27,27,25,27,27,26,27
1791409224.665665,-0.020959,0.653494,-1.369717,0.025622,0.658611,-1.366794,-0.082745,0.660998,-1.357458,0.080521,0.664601,-1.347253,26,26,27,26,25,27,27,25,27,27,26,27
1791409224.685809,-0.020959,0.653494,-1.369717,0.025652,0.658641,-1.366794,-0.082745,0.660998,-1.357442,0.080581,0.664570,-1.347285,26,26,27,26,25,27,27,25,27,27,26,27
1791409224.705578,-0.020959,0.653525,-1.369701,0.025622,0.658672,-1.366778,-0.082806,0.661028,-1.357442,0.080581,0.664570,-1.347253,26,26,27,26,25,27,27,25,27,27,26,27
1791409224.725595,-0.020990,0.653555,-1.369701,0.025652,0.658672,-1.366794,-0.082715,0.661058,-1.357458,0.080551,0.664601,-1.347253,26,26,27,26,25,27,27,25,27,27,26,27
1791409224.745571,-0.020959,0.653555,-1.369701,0.025652,0.658702,-1.366763,-0.082745,0.661028,-1.357442,0.080551,0.664631,-1.347237,26,26,27,26,25,27,27,25,27,27,26,27
1791409224.765572,-0.020990,0.653585,-1.369685,0.025683,0.658702,-1.366810,-0.082745,0.661028,-1.357442,0.080581,0.664570,-1.347237,26,26,27,26,25,27,27,25,27,27,26,27
1791409224.785830,-0.020959,0.653585,-1.369717,0.025683,0.658732,-1.366763,-0.082745,0.661028,-1.357442,0.080521,0.664631,-1.347253,26,26,27,26,25,27,27,25,27,27,26,27
1791409224.805778,-0.020929,0.653585,-1.369701,0.025683,0.658702,-1.366778,-0.082776,0.660998,-1.357474,0.080521,0.664661,-1.347253,26,26,27,26,25,27,27,25,27,27,26,27
1791409224.825608,-0.020929,0.653525,-1.369717,0.025683,0.658641,-1.366794,-0.082715,0.660998,-1.357427,0.080521,0.664601,-1.347237,26,26,27,26,25,27,27,25,27,27,26,27
1791409224.845605,-0.020929,0.653525,-1.369701,0.025683,0.658672,-1.366778,-0.082715,0.660998,-1.357458,0.080551,0.664631,-1.347253,26,26,27,26,25,27,27,25,27,27,26,27
1791409224.865679,-0.020929,0.653525,-1.369701,0.025652,0.658641,-1.366763,-0.082715,0.660998,-1.357458,0.080521,0.664601,-1.347253,26,26,27,26,25,27,27,25,27,27,26,27
1791409224.886445,-0.020959,0.653494,-1.369701,0.025652,0.658611,-1.366778,-0.082745,0.660998,-1.357442,0.080551,0.664601,-1.347269,26,26,27,26,25,27,27,25,27,27,26,27
1791409224.905703,-0.020990,0.653464,-1.369701,0.025652,0.658641,-1.366794,-0.082806,0.660998,-1.357442,0.080581,0.664570,-1.347269,26,26,27,26,25,27,27,25,27,27,26,27
1791409224.925665,-0.020959,0.653494,-1.369685,0.025652,0.658641,-1.366794,-0.082715,0.660998,-1.357442,0.080521,0.664601,-1.347269,26,26,27,26,25,27,27,25,27,27,26,27
1791409224.945810,-0.020959,0.653525,-1.369717,0.025652,0.658641,-1.366810,-0.082745,0.660998,-1.357442,0.080581,0.664570,-1.347253,26,26,27,26,25,27,27,25,27,27,26,27
1791409224.965792,-0.020929,0.653555,-1.369701,0.025652,0.658672,-1.366763,-0.082715,0.660998,-1.357442,0.080551,0.664631,-1.347253,26,26,27,26,25,27,27,25,27,27,26,27
1791409224.985666,-0.020929,0.653525,-1.369701,0.025652,0.658702,-1.366763,-0.082776,0.661058,-1.357458,0.080521,0.664631,-1.347253,26,26,27,26,25,27,27,25,27,27,26,27
1791409225.005745,-0.020929,0.653555,-1.369717,0.025683,0.658702,-1.366763,-0.082745,0.661028,-1.357427,0.080551,0.664631,-1.347253,26,26,27,26,25,27,27,25,27,27,26,27
1791409225.025801,-0.020929,0.653555,-1.369701,0.025713,0.658732,-1.366778,-0.082685,0.661028,-1.357458,0.080521,0.664661,-1.347253,26,26,27,26,25,27,27,25,27,27,26,27
1791409225.045691,-0.020899,0.653555,-1.369717,0.025713,0.658732,-1.366778,-0.082776,0.661028,-1.357458,0.080490,0.664601,-1.347253,26,26,27,26,25,27,27,25,27,27,26,27
1791409225.065649,-0.020959,0.653525,-1.369717,0.025652,0.658702,-1.366778,-0.082745,0.661028,-1.357458,0.080490,0.664631,-1.347253,26,26,27,26,25,27,27,25,27,27,26,27
1791409225.085787,-0.020959,0.653525,-1.369701,0.025652,0.658641,-1.366794,-0.082715,0.660967,-1.357458,0.080490,0.664570,-1.347269,26,26,27,26,25,27,27,25,27,27,26,27
1791409225.105812,-0.020929,0.653494,-1.369701,0.025683,0.658641,-1.366778,-0.082685,0.660967,-1.357442,0.080521,0.664601,-1.347269,26,26,27,26,25,27,27,25,27,27,26,27
1791409225.125768,-0.020990,0.653494,-1.369669,0.025652,0.658641,-1.366763,-0.082715,0.660967,-1.357458,0.080490,0.664570,-1.347253,26,26,27,26,25,27,27,25,27,27,26,27
1791409225.145973,-0.020929,0.653494,-1.369701,0.025652,0.658641,-1.366778,-0.082745,0.660967,-1.357458,0.080521,0.664570,-1.347269,26,26,27,26,25,27,27,25,27,27,26,27
1791409225.165851,-0.020959,0.653494,-1.369701,0.025622,0.658641,-1.366794,-0.082745,0.661028,-1.357458,0.080521,0.664570,-1.347269,26,26,27,26,25,27,27,25,27,27,26,27
1791409225.185672,-0.020990,0.653555,-1.369701,0.025652,0.658672,-1.366763,-0.082745,0.661028,-1.357427,0.080521,0.664570,-1.347269,26,26,27,26,25,27,27,25,27,27,26,27
1791409225.205848,-0.020929,0.653525,-1.369701,0.025622,0.658672,-1.366778,-0.082745,0.661028,-1.357474,0.080521,0.664601,-1.347269,26,26,27,26,25,27,27,25,27,27,26,27
1791409225.225799,-0.020899,0.653525,-1.369701,0.025683,0.658702,-1.366794,-0.082685,0.660998,-1.357442,0.080460,0.664601,-1.347253,26,26,27,26,25,27,27,25,27,27,26,27
1791409225.245747,-0.020899,0.653615,-1.369701,0.025683,0.658732,-1.366778,-0.082685,0.661028,-1.357458,0.080460,0.664631,-1.347253,26,26,27,26,25,27,27,25,27,27,26,27
1791409225.265921,-0.020899,0.653525,-1.369685,0.025683,0.658732,-1.366778,-0.082745,0.661058,-1.357442,0.080490,0.664601,-1.347253,26,26,27,26,25,27,27,25,27,27,26,27
1791409225.285720,-0.020929,0.653555,-1.369685,0.025652,0.658672,-1.366778,-0.082715,0.661028,-1.357458,0.080460,0.664631,-1.347253,26,26,27,26,25,27,27,25,27,27,26,27
1791409225.305803,-0.020899,0.653555,-1.369669,0.025652,0.658702,-1.366794,-0.082715,0.661028,-1.357474,0.080490,0.664601,-1.347269,26,26,27,26,25,27,27,25,27,27,26,27
1791409225.325884,-0.021474,0.650285,-1.370285,0.026076,0.658399,-1.369543,-0.084592,0.664268,-1.358453,0.083488,0.663935,-1.348248,26,26,27,26,25,27,27,25,27,27,26,27
1791409225.345857,-0.017901,0.629272,-1.368311,0.025471,0.663879,-1.400773,-0.076084,0.686007,-1.391358,0.092601,0.667477,-1.379700,26,26,27,26,25,27,27,25,27,27,26,27
1791409225.365806,-0.016690,0.630604,-1.359370,0.028832,0.658308,-1.397093,-0.063216,0.688913,-1.394755,0.098021,0.672987,-1.380380,26,26,27,26,25,27,27,25,27,27,26,27
1791409225.385866,-0.018749,0.637447,-1.367489,0.027863,0.657339,-1.397030,-0.064972,0.688399,-1.399936,0.097870,0.677408,-1.382307,26,26,27,26,25,27,27,25,27,27,26,27
1791409225.406082,-0.021111,0.637901,-1.371675,0.031405,0.654191,-1.400647,-0.062338,0.683585,-1.403759,0.096689,0.671504,-1.385245,26,26,27,26,25,27,27,25,27,27,26,27
1791409225.425907,-0.021565,0.643805,-1.371675,0.032435,0.659792,-1.410504,-0.059492,0.687945,-1.401137,0.100504,0.669839,-1.385593,26,26,27,26,25,27,27,25,27,27,26,27
1791409225.445910,-0.021353,0.640626,-1.372055,0.032949,0.659096,-1.424169,-0.056616,0.686673,-1.402859,0.104743,0.669051,-1.394565,26,26,27,26,25,27,27,25,27,27,26,27
1791409225.465833,-0.019869,0.638083,-1.377046,0.035432,0.657945,-1.436475,-0.051802,0.682404,-1.404802,0.109617,0.664449,-1.400442,26,26,27,26,25,27,27,25,27,27,26,27
1791409225.485799,-0.019203,0.637235,-1.383555,0.035250,0.657612,-1.445637,-0.050046,0.678225,-1.404960,0.112221,0.658606,-1.401247,26,26,27,26,25,27,27,25,27,27,26,27
1791409225.505819,-0.020021,0.636357,-1.387583,0.034524,0.656522,-1.451166,-0.048834,0.675470,-1.404976,0.113160,0.654004,-1.401216,26,26,27,26,25,27,27,25,27,27,26,27
1791409225.525828,-0.020808,0.635812,-1.388215,0.033676,0.656038,-1.454783,-0.047351,0.675137,-1.404976,0.114340,0.651369,-1.401311,26,26,27,26,25,27,27,25,27,27,26,27
1791409225.545778,-0.022019,0.636024,-1.388215,0.032495,0.656219,-1.457895,-0.046382,0.675591,-1.404960,0.114976,0.650310,-1.401389,26,26,27,26,25,27,27,25,27,27,26,27
1791409225.565933,-0.023957,0.636811,-1.388215,0.031435,0.657127,-1.461639,-0.045595,0.676348,-1.404944,0.115461,0.649432,-1.401469,26,26,27,26,25,27,27,25,27,27,26,27
1791409225.585860,-0.024139,0.638355,-1.388294,0.031375,0.658884,-1.465557,-0.043263,0.677741,-1.404976,0.117671,0.649129,-1.401595,26,26,27,26,25,27,27,25,27,27,26,27
1791409225.606086,-0.024139,0.640959,-1.388452,0.031496,0.661154,-1.468084,-0.041053,0.680072,-1.404991,0.120396,0.649099,-1.401674,26,26,27,26,25,27,27,25,27,27,26,27
1791409225.625786,-0.024169,0.643049,-1.388531,0.031496,0.662941,-1.469490,-0.038994,0.682676,-1.405054,0.122273,0.649977,-1.401690,26,26,27,26,25,27,27,25,27,27,26,27
1791409225.645843,-0.024290,0.645229,-1.388531,0.031526,0.664939,-1.470659,-0.037238,0.685220,-1.405086,0.123696,0.651036,-1.401721,26,26,27,26,25,27,27,25,27,27,26,27
1791409225.665850,-0.024290,0.647469,-1.388531,0.031678,0.666726,-1.471133,-0.035512,0.688096,-1.405149,0.125422,0.652217,-1.401769,26,26,27,26,25,27,27,25,27,27,26,27
1791409225.685888,-0.024260,0.649770,-1.388531,0.031647,0.668875,-1.472365,-0.034786,0.690851,-1.405181,0.126361,0.653761,-1.401784,26,26,27,26,25,27,27,25,27,27,26,27
1791409225.705873,-0.024260,0.652102,-1.388515,0.031708,0.670571,-1.473155,-0.033968,0.692728,-1.405213,0.127390,0.655093,-1.401832,26,26,27,26,25,27,27,25,27,27,26,27
1791409225.726075,-0.024229,0.653706,-1.388531,0.031678,0.672206,-1.474024,-0.033302,0.694848,-1.405291,0.128117,0.656032,-1.401848,26,26,27,26,25,27,27,25,27,27,26,27
1791409225.745922,-0.024199,0.655432,-1.388515,0.031738,0.673629,-1.474924,-0.032182,0.696301,-1.405291,0.129116,0.656638,-1.401879,26,26,27,26,25,27,27,25,27,27,26,27
1791409225.765899,-0.024169,0.656613,-1.388531,0.031708,0.674749,-1.475335,-0.031697,0.697482,-1.405276,0.129479,0.657334,-1.401879,26,26,27,26,25,27,27,25,27,27,26,27
1791409225.785848,-0.024229,0.657673,-1.388531,0.031647,0.675718,-1.475825,-0.031364,0.698602,-1.405291,0.129812,0.658061,-1.401879,26,26,27,26,25,27,27,25,27,27,26,27
1791409225.805808,-0.024351,0.658672,-1.388531,0.031526,0.676445,-1.476520,-0.030759,0.699662,-1.405276,0.130266,0.658212,-1.401895,26,26,27,26,25,27,27,25,27,27,26,27
1791409225.825977,-0.024441,0.659519,-1.388515,0.031435,0.676990,-1.477073,-0.030365,0.700298,-1.405291,0.130842,0.658303,-1.401895,26,26,27,26,25,27,27,25,27,27,26,27
1791409225.845957,-0.024562,0.659943,-1.388515,0.031405,0.677535,-1.477642,-0.030062,0.700782,-1.405307,0.131145,0.658575,-1.401895,26,26,27,26,25,27,27,25,27,27,26,27
1791409225.865952,-0.024532,0.660398,-1.388515,0.031314,0.677777,-1.478384,-0.029548,0.701418,-1.405276,0.131659,0.658575,-1.401895,26,26,27,26,25,27,27,25,27,27,26,27
1791409225.885880,-0.024532,0.660700,-1.388515,0.031284,0.678231,-1.478763,-0.029033,0.701842,-1.405291,0.132053,0.658697,-1.401879,26,26,27,26,25,27,27,25,27,27,26,27
1791409225.906024,-0.024532,0.661094,-1.388531,0.031284,0.678685,-1.478937,-0.028609,0.702387,-1.405307,0.132507,0.658818,-1.401879,26,26,27,26,25,27,27,25,27,27,26,27
1791409225.926015,-0.024532,0.661487,-1.388531,0.031345,0.679048,-1.479063,-0.028185,0.702962,-1.405291,0.132810,0.659030,-1.401848,26,26,27,26,25,27,27,25,27,27,26,27
1791409225.946007,-0.024502,0.662002,-1.388531,0.031375,0.679351,-1.479095,-0.027701,0.703568,-1.405276,0.133203,0.659211,-1.401848,26,26,27,26,25,27,27,25,27,27,26,27
1791409225.965924,-0.024472,0.662487,-1.388531,0.031314,0.679896,-1.479142,-0.027519,0.703871,-1.405276,0.133415,0.659544,-1.401848,26,26,27,26,25,27,27,25,27,27,26,27
1791409225.986009,-0.024441,0.663032,-1.388531,0.031345,0.680169,-1.479174,-0.027337,0.704325,-1.405276,0.133658,0.659605,-1.401848,26,26,27,26,25,27,27,25,27,27,26,27
1791409226.005847,-0.024472,0.663516,-1.388515,0.031345,0.680593,-1.479237,-0.027095,0.704930,-1.405307,0.133900,0.659908,-1.401848,26,26,27,26,25,27,27,25,27,27,26,27
1791409226.025985,-0.024502,0.663970,-1.388531,0.031375,0.681077,-1.479269,-0.026974,0.705475,-1.405307,0.134021,0.660180,-1.401863,26,26,27,26,25,27,27,25,27,27,26,27
1791409226.046096,-0.024441,0.664424,-1.388515,0.031314,0.681471,-1.479300,-0.026883,0.706020,-1.405307,0.134021,0.660513,-1.401863,26,26,27,26,25,27,27,25,27,27,26,27
1791409226.065929,-0.024472,0.664909,-1.388531,0.031284,0.681773,-1.479332,-0.026732,0.706565,-1.405307,0.134233,0.660725,-1.401879,26,26,27,26,25,27,27,25,27,27,26,27
1791409226.085838,-0.024532,0.665303,-1.388515,0.031284,0.682167,-1.479458,-0.026641,0.707110,-1.405291,0.134324,0.661210,-1.401879,26,26,27,26,25,27,27,25,27,27,26,27
1791409226.106064,-0.024562,0.665817,-1.388531,0.031284,0.682500,-1.479600,-0.026490,0.707595,-1.405291,0.134566,0.661452,-1.401863,26,26,27,26,25,27,27,25,27,27,26,27
1791409226.126063,-0.024562,0.666302,-1.388531,0.031254,0.683045,-1.479806,-0.026429,0.707928,-1.405307,0.134626,0.661906,-1.401879,26,26,27,26,25,27,27,25,27,27,26,27
1791409226.145892,-0.024593,0.666665,-1.388515,0.031254,0.683499,-1.479964,-0.026368,0.708140,-1.405307,0.134687,0.662330,-1.401895,26,26,27,26,25,27,27,25,27,27,26,27
1791409226.165890,-0.024562,0.667119,-1.388515,0.031133,0.683893,-1.480153,-0.026308,0.708564,-1.405323,0.134899,0.662572,-1.401863,26,26,27,26,25,27,27,25,27,27,26,27
1791409226.186196,-0.024532,0.667513,-1.388531,0.031163,0.684408,-1.480295,-0.026247,0.708927,-1.405307,0.134929,0.662966,-1.401879,26,26,27,26,25,27,27,25,27,27,26,27
1791409226.205994,-0.024502,0.667785,-1.388531,0.031193,0.684741,-1.480343,-0.026187,0.709169,-1.405323,0.135020,0.663208,-1.401895,26,26,27,26,25,27,27,25,27,27,26,27
1791409226.225955,-0.024532,0.668058,-1.388531,0.031224,0.685043,-1.480438,-0.026096,0.709623,-1.405355,0.135050,0.663541,-1.401879,26,26,27,26,25,27,27,25,27,27,26,27
1791409226.245981,-0.024593,0.668451,-1.388531,0.031193,0.685437,-1.480485,-0.025945,0.710077,-1.405323,0.135262,0.663723,-1.401895,26,26,27,26,25,27,27,25,27,27,26,27
1791409226.265892,-0.024532,0.668663,-1.388531,0.031224,0.685679,-1.480564,-0.025763,0.710501,-1.405339,0.135353,0.664025,-1.401895,26,26,27,26,25,27,27,25,27,27,26,27
1791409226.285973,-0.024593,0.668845,-1.388531,0.031193,0.686012,-1.480627,-0.025733,0.710713,-1.405339,0.135353,0.664328,-1.401879,26,26,27,26,25,27,27,25,27,27,26,27
1791409226.305972,-0.024593,0.669208,-1.388531,0.031193,0.686164,-1.480706,-0.025612,0.711137,-1.405339,0.135504,0.664358,-1.401895,26,26,27,26,25,27,27,25,27,27,26,27
1791409226.325942,-0.024593,0.669420,-1.388531,0.031163,0.686497,-1.480785,-0.025521,0.711379,-1.405355,0.135595,0.664510,-1.401879,26,26,27,26,25,27,27,25,27,27,26,27
1791409226.346071,-0.024593,0.669723,-1.388499,0.031133,0.686709,-1.480833,-0.025460,0.711652,-1.405355,0.135656,0.664691,-1.401927,26,26,27,26,25,27,27,25,27,27,26,27
1791409226.366022,-0.024593,0.669996,-1.388531,0.031193,0.687011,-1.480864,-0.025369,0.711834,-1.405355,0.135838,0.664964,-1.401911,26,26,27,26,25,27,27,25,27,27,26,27
1791409226.386642,-0.024562,0.670268,-1.388531,0.031193,0.687254,-1.480864,-0.025309,0.711894,-1.405339,0.135959,0.665206,-1.401911,26,26,27,26,25,27,27,25,27,27,26,27
1791409226.406160,-0.024502,0.670419,-1.388531,0.031133,0.687375,-1.480848,-0.025036,0.712167,-1.405355,0.136080,0.665297,-1.401879,26,26,27,26,25,27,27,25,27,27,26,27
1791409226.426162,-0.024502,0.670601,-1.388515,0.031163,0.687587,-1.480896,-0.024824,0.712318,-1.405339,0.136292,0.665479,-1.401911,26,26,27,26,25,27,27,25,27,27,26,27
1791409226.446069,-0.024441,0.670783,-1.388531,0.031193,0.687799,-1.480896,-0.024643,0.712439,-1.405339,0.136443,0.665751,-1.401927,26,26,27,26,25,27,27,25,27,27,26,27
1791409226.466055,-0.024441,0.670934,-1.388531,0.031133,0.687950,-1.480896,-0.024491,0.712651,-1.405339,0.136504,0.665842,-1.401911,26,26,27,26,25,27,27,25,27,27,26,27
1791409226.486239,-0.024411,0.671116,-1.388515,0.031163,0.688071,-1.480896,-0.024461,0.712863,-1.405370,0.136534,0.665963,-1.401911,26,26,27,26,25,27,27,25,27,27,26,27
1791409226.506220,-0.024441,0.671267,-1.388515,0.031133,0.688223,-1.480911,-0.024279,0.713257,-1.405355,0.136655,0.666054,-1.401895,26,26,27,26,25,27,27,25,27,27,26,27
1791409226.525985,-0.024472,0.671479,-1.388531,0.031163,0.688434,-1.480927,-0.024249,0.713499,-1.405339,0.136655,0.666326,-1.401895,26,26,27,26,25,27,27,25,27,27,26,27
1791409226.546071,-0.024472,0.671721,-1.388531,0.031133,0.688707,-1.480959,-0.024219,0.713741,-1.405339,0.136685,0.666599,-1.401895,26,26,27,26,25,27,27,25,27,27,26,27
1791409226.566026,-0.024472,0.672054,-1.388531,0.031163,0.688858,-1.480959,-0.024189,0.714256,-1.405370,0.136716,0.666750,-1.401879,26,26,27,26,25,27,27,25,27,27,26,27
1791409226.586032,-0.024532,0.672297,-1.388531,0.031163,0.689161,-1.480959,-0.024098,0.714649,-1.405339,0.136867,0.666932,-1.401911,26,26,27,26,25,27,27,25,27,27,26,27
1791409226.606027,-0.024472,0.672508,-1.388531,0.031163,0.689434,-1.480975,-0.024067,0.714770,-1.405355,0.136837,0.667295,-1.401927,26,26,27,26,25,27,27,25,27,27,26,27
1791409226.626061,-0.024472,0.672751,-1.388515,0.031133,0.689676,-1.480975,-0.024037,0.715073,-1.405339,0.136867,0.667507,-1.401942,26,26,27,26,25,27,27,25,27,27,26,27
1791409226.646211,-0.024472,0.673084,-1.388515,0.031163,0.689888,-1.480975,-0.023977,0.715225,-1.405355,0.136897,0.667780,-1.401927,26,26,27,26,25,27,27,25,27,27,26,27
1791409226.666152,-0.024441,0.673265,-1.388531,0.031133,0.689979,-1.480990,-0.023916,0.715497,-1.405370,0.137018,0.667901,-1.401927,26,26,27,26,25,27,27,25,27,27,26,27
1791409226.686414,-0.024411,0.673326,-1.388531,0.031163,0.690281,-1.480975,-0.023825,0.715588,-1.405339,0.137018,0.668264,-1.401895,26,26,27,26,25,27,27,25,27,27,26,27
1791409226.706292,-0.024381,0.673477,-1.388531,0.031163,0.690342,-1.480990,-0.023734,0.715649,-1.405355,0.137018,0.668325,-1.401895,26,26,27,26,25,27,27,25,27,27,26,27
1791409226.725991,-0.024411,0.673447,-1.388515,0.031193,0.690372,-1.480990,-0.023765,0.715679,-1.405355,0.136988,0.668385,-1.401911,26,26,27,26,25,27,27,25,27,27,26,27
1791409226.746143,-0.024381,0.673477,-1.388531,0.031163,0.690372,-1.481006,-0.023795,0.715709,-1.405355,0.137049,0.668385,-1.401927,26,26,27,26,25,27,27,25,27,27,26,27
1791409226.766261,-0.024441,0.673477,-1.388515,0.031133,0.690372,-1.480990,-0.023734,0.715800,-1.405355,0.137049,0.668355,-1.401911,26,26,27,26,25,27,27,25,27,27,26,27
1791409226.786195,-0.024441,0.673477,-1.388531,0.031163,0.690372,-1.480990,-0.023734,0.715830,-1.405355,0.137049,0.668385,-1.401927,26,26,27,26,25,27,27,25,27,27,26,27
1791409226.805986,-0.024411,0.673508,-1.388515,0.031133,0.690372,-1.481006,-0.023765,0.715800,-1.405339,0.137049,0.668294,-1.401927,26,26,27,26,25,27,27,25,27,27,26,27
1791409226.826262,-0.024441,0.673447,-1.388531,0.031163,0.690372,-1.481006,-0.023734,0.715830,-1.405339,0.137049,0.668385,-1.401911,26,26,27,26,25,27,27,25,27,27,26,27
1791409226.846021,-0.024441,0.673568,-1.388531,0.031133,0.690403,-1.481022,-0.023765,0.715800,-1.405370,0.137079,0.668355,-1.401895,26,26,27,26,25,27,27,25,27,27,26,27
1791409226.866169,-0.024411,0.673568,-1.388531,0.031102,0.690403,-1.481022,-0.023704,0.715830,-1.405370,0.137139,0.668355,-1.401927,26,26,27,26,25,27,27,25,27,27,26,27
1791409226.886233,-0.024351,0.673568,-1.388531,0.031163,0.690372,-1.481022,-0.023704,0.715800,-1.405355,0.137139,0.668416,-1.401911,26,26,27,26,25,27,27,25,27,27,26,27
1791409226.906367,-0.024351,0.673568,-1.388531,0.031163,0.690433,-1.481006,-0.023674,0.715800,-1.405355,0.137109,0.668416,-1.401895,26,26,27,26,25,27,27,25,27,27,26,27
1791409226.926172,-0.024381,0.673568,-1.388515,0.031193,0.690433,-1.481006,-0.023674,0.715800,-1.405370,0.137139,0.668446,-1.401895,26,26,27,26,25,27,27,25,27,27,26,27
1791409226.946239,-0.024351,0.673568,-1.388531,0.031193,0.690463,-1.481006,-0.023674,0.715800,-1.405355,0.137170,0.668416,-1.401911,26,26,27,26,25,27,27,25,27,27,26,27
1791409226.966302,-0.024411,0.673538,-1.388515,0.031133,0.690433,-1.481006,-0.023674,0.715830,-1.405370,0.137109,0.668416,-1.401911,26,26,27,26,25,27,27,25,27,27,26,27
1791409226.986242,-0.024472,0.673538,-1.388515,0.031133,0.690403,-1.481022,-0.023704,0.715800,-1.405370,0.137109,0.668416,-1.401895,26,26,27,26,25,27,27,25,27,27,26,27
1791409227.006191,-0.024441,0.673538,-1.388531,0.031133,0.690403,-1.481022,-0.023734,0.715800,-1.405339,0.137139,0.668416,-1.401879,26,26,27,26,25,27,27,25,27,27,26,27
1791409227.026303,-0.024441,0.673568,-1.388515,0.031133,0.690403,-1.481038,-0.023734,0.715860,-1.405355,0.137109,0.668385,-1.401911,26,26,27,26,25,27,27,25,27,27,26,27
1791409227.046099,-0.024411,0.673568,-1.388515,0.031102,0.690403,-1.481038,-0.023704,0.715800,-1.405339,0.137139,0.668325,-1.401927,26,26,27,26,25,27,27,25,27,27,26,27
1791409227.066189,-0.024441,0.673568,-1.388515,0.031133,0.690403,-1.481022,-0.023704,0.715830,-1.405370,0.137230,0.668355,-1.401942,26,26,27,26,25,27,27,25,27,27,26,27
1791409227.086319,-0.024381,0.673538,-1.388531,0.031102,0.690433,-1.481022,-0.023674,0.715860,-1.405370,0.137230,0.668385,-1.401911,26,26,27,26,25,27,27,25,27,27,26,27
1791409227.106186,-0.024381,0.673538,-1.388547,0.031102,0.690403,-1.481006,-0.023674,0.715830,-1.405370,0.137261,0.668416,-1.401927,26,26,27,26,25,27,27,25,27,27,26,27
1791409227.126225,-0.024381,0.673568,-1.388531,0.031102,0.690403,-1.481038,-0.023613,0.715830,-1.405355,0.137230,0.668416,-1.401927,26,26,27,26,25,27,27,25,27,27,26,27
1791409227.146230,-0.024351,0.673568,-1.388531,0.031133,0.690463,-1.481038,-0.023643,0.715800,-1.405370,0.137261,0.668446,-1.401911,26,26,27,26,25,27,27,25,27,27,26,27
1791409227.166459,-0.024320,0.673568,-1.388531,0.031133,0.690463,-1.481038,-0.023613,0.715800,-1.405370,0.137261,0.668446,-1.401911,26,26,27,26,25,27,27,25,27,27,26,27
1791409227.186293,-0.024381,0.673508,-1.388531,0.031133,0.690433,-1.481038,-0.023613,0.715830,-1.405370,0.137200,0.668446,-1.401911,26,26,27,26,25,27,27,25,27,27,26,27
1791409227.206389,-0.024381,0.673538,-1.388531,0.031133,0.690463,-1.481038,-0.023674,0.715860,-1.405355,0.137230,0.668385,-1.401927,26,26,27,26,25,27,27,25,27,27,26,27
1791409227.226619,-0.024411,0.673568,-1.388531,0.031072,0.690433,-1.481054,-0.023643,0.715891,-1.405355,0.137230,0.668416,-1.401958,26,26,27,26,25,27,27,25,27,27,26,27
1791409227.246335,-0.024472,0.673629,-1.388515,0.031133,0.690403,-1.481054,-0.023613,0.715982,-1.405355,0.137230,0.668355,-1.401942,26,26,27,26,25,27,27,25,27,27,26,27
1791409227.266381,-0.024441,0.673629,-1.388531,0.031102,0.690433,-1.481054,-0.023643,0.716012,-1.405386,0.137230,0.668385,-1.401927,26,26,27,26,25,27,27,25,27,27,26,27
1791409227.286517,-0.024472,0.673689,-1.388531,0.031072,0.690463,-1.481069,-0.023613,0.715982,-1.405355,0.137261,0.668385,-1.401927,26,26,27,26,25,27,27,25,27,27,26,27
1791409227.306417,-0.024441,0.673750,-1.388531,0.031072,0.690493,-1.481054,-0.023583,0.716012,-1.405370,0.137230,0.668416,-1.401895,26,26,27,26,25,27,27,25,27,27,26,27
1791409227.326276,-0.021262,0.675688,-1.390016,0.026167,0.697154,-1.481101,-0.023492,0.718676,-1.405102,0.135989,0.670535,-1.401879,26,26,27,26,25,27,27,25,27,27,26,27
1791409227.346299,-0.019688,0.680199,-1.396698,0.020354,0.701575,-1.482570,-0.024279,0.723672,-1.405133,0.135898,0.674865,-1.402511,26,26,27,26,25,27,27,25,27,27,26,27
1791409227.366369,-0.019718,0.682682,-1.400300,0.018749,0.704663,-1.482681,-0.026187,0.726215,-1.405355,0.134354,0.678407,-1.404517,26,26,27,26,25,27,27,25,27,27,26,27
1791409227.386342,-0.019869,0.686830,-1.405276,0.017932,0.708842,-1.483344,-0.027549,0.728759,-1.405386,0.133234,0.681889,-1.405339,26,26,27,26,25,27,27,25,27,27,26,27
1791409227.406363,-0.020081,0.691523,-1.410094,0.016539,0.714110,-1.483455,-0.029245,0.733240,-1.405418,0.131992,0.686340,-1.405734,26,26,27,26,25,27,27,25,27,27,26,27
1791409227.426523,-0.020324,0.692552,-1.414833,0.016024,0.719287,-1.483455,-0.031062,0.737630,-1.405655,0.130569,0.691154,-1.406824,26,26,27,26,25,27,27,25,27,27,26,27
1791409227.446326,-0.020505,0.696549,-1.420409,0.015843,0.726221,-1.483502,-0.032030,0.743352,-1.405781,0.129570,0.697391,-1.409620,26,26,27,26,25,27,27,25,27,27,26,27
1791409227.466367,-0.020536,0.702483,-1.425022,0.015964,0.733366,-1.483676,-0.033181,0.749317,-1.405955,0.129116,0.705082,-1.411500,26,26,27,26,25,27,27,25,27,27,26,27
1791409227.486545,-0.020233,0.710507,-1.428402,0.016176,0.741117,-1.484371,-0.034422,0.755766,-1.406318,0.128541,0.709230,-1.415180,26,26,27,26,25,27,27,25,27,27,26,27
1791409227.506453,-0.019779,0.718379,-1.431435,0.016418,0.748263,-1.484608,-0.035482,0.762760,-1.407092,0.127935,0.716224,-1.416886,26,26,27,26,25,27,27,25,27,27,26,27
1791409227.526303,-0.019779,0.725979,-1.435938,0.016418,0.755136,-1.484608,-0.037056,0.768664,-1.408340,0.126330,0.722522,-1.417645,26,26,27,26,25,27,27,25,27,27,26,27
1791409227.546633,-0.020051,0.732912,-1.439602,0.016448,0.761161,-1.484861,-0.038873,0.773327,-1.408546,0.125089,0.727850,-1.418387,26,26,27,26,25,27,27,25,27,27,26,27
1791409227.566321,-0.020021,0.739604,-1.442825,0.016690,0.766853,-1.485350,-0.040054,0.779050,-1.408688,0.124211,0.734845,-1.420472,26,26,27,26,25,27,27,25,27,27,26,27
1791409227.586500,-0.019930,0.746234,-1.445795,0.016721,0.772848,-1.485477,-0.041416,0.784409,-1.409162,0.123030,0.740779,-1.422684,26,26,27,26,25,27,27,25,27,27,26,27
1791409227.606487,-0.019991,0.751593,-1.447769,0.016781,0.777874,-1.485493,-0.042567,0.789586,-1.410978,0.122031,0.746653,-1.423774,26,26,27,26,25,27,27,25,27,27,26,27
1791409227.626435,-0.019930,0.756317,-1.449460,0.016993,0.783536,-1.485540,-0.043294,0.794461,-1.412195,0.121607,0.751558,-1.423932,26,26,27,26,25,27,27,25,27,27,26,27
1791409227.646379,-0.019900,0.760798,-1.450866,0.017114,0.788653,-1.485572,-0.044081,0.798336,-1.413032,0.121123,0.756069,-1.424343,26,26,27,26,25,27,27,25,27,27,26,27
1791409227.666399,-0.019627,0.764280,-1.451545,0.017447,0.793588,-1.485540,-0.044626,0.802061,-1.413822,0.120971,0.760732,-1.425780,26,26,27,26,25,27,27,25,27,27,26,27
1791409227.686564,-0.019355,0.768488,-1.452682,0.017599,0.797343,-1.485556,-0.045110,0.806330,-1.414928,0.120790,0.765637,-1.427597,26,26,27,26,25,27,27,25,27,27,26,27
1791409227.706423,-0.019203,0.771879,-1.453583,0.017841,0.801037,-1.485540,-0.045776,0.810538,-1.416997,0.120547,0.770360,-1.429303,26,26,27,26,25,27,27,25,27,27,26,27
1791409227.726377,-0.019294,0.775361,-1.455399,0.017811,0.804458,-1.485572,-0.046988,0.814505,-1.419288,0.119457,0.774236,-1.429761,26,26,27,26,25,27,27,25,27,27,26,27
1791409227.746373,-0.019536,0.778177,-1.456347,0.017629,0.807546,-1.485572,-0.047805,0.818289,-1.421404,0.118610,0.777808,-1.430345,26,26,27,26,26,27,27,25,27,27,26,27
1791409227.766390,-0.019627,0.780418,-1.456505,0.017538,0.810241,-1.485572,-0.048380,0.821741,-1.422968,0.117944,0.780685,-1.430946,26,26,27,26,25,27,27,25,27,27,26,27
1791409227.786354,-0.019597,0.782446,-1.456584,0.017599,0.812784,-1.485572,-0.049137,0.824072,-1.423363,0.117580,0.784167,-1.431973,26,26,27,26,25,27,27,25,27,27,26,27
1791409227.806333,-0.019567,0.784687,-1.456616,0.017599,0.815237,-1.485540,-0.049682,0.826525,-1.424753,0.117247,0.786982,-1.432494,26,26,27,26,25,27,27,25,27,27,26,27
1791409227.826315,-0.019567,0.786564,-1.456789,0.017629,0.817326,-1.485556,-0.050167,0.828977,-1.425496,0.116944,0.789859,-1.433584,26,26,27,26,25,27,27,25,27,27,26,27
1791409227.846413,-0.019506,0.788774,-1.457248,0.017780,0.819990,-1.485540,-0.050560,0.831278,-1.426633,0.116702,0.792886,-1.434184,26,26,27,26,25,27,27,25,27,27,26,27
1791409227.866627,-0.019476,0.791045,-1.458432,0.017780,0.822291,-1.485540,-0.051166,0.833398,-1.427123,0.116066,0.795460,-1.435511,26,26,27,26,25,27,27,25,27,27,26,27
1791409227.886498,-0.019446,0.793043,-1.458780,0.017901,0.824411,-1.485556,-0.051741,0.834881,-1.427281,0.115400,0.798215,-1.436870,26,26,27,26,25,27,27,25,27,27,26,27
1791409227.906517,-0.019476,0.794921,-1.459096,0.017901,0.826621,-1.485572,-0.052710,0.836637,-1.427455,0.114522,0.800971,-1.438133,26,26,27,26,25,27,27,25,27,27,26,27
1791409227.926499,-0.019476,0.797040,-1.459096,0.017901,0.828771,-1.485572,-0.053497,0.838394,-1.427802,0.113917,0.803756,-1.438512,26,26,27,26,25,27,27,25,27,27,26,27
1791409227.946585,-0.019506,0.798614,-1.459127,0.017932,0.831102,-1.485572,-0.054194,0.840150,-1.428102,0.113220,0.806602,-1.439839,26,26,27,26,25,27,27,25,27,27,26,27
1791409227.966441,-0.019476,0.800643,-1.459143,0.017962,0.833373,-1.485587,-0.054920,0.841876,-1.428213,0.112675,0.809872,-1.440882,26,26,27,26,25,27,27,25,27,27,26,27
1791409227.986639,-0.019446,0.802732,-1.459175,0.018053,0.835856,-1.485556,-0.055465,0.843965,-1.428276,0.112191,0.814050,-1.442714,26,26,27,26,25,27,27,25,27,27,26,27
1791409228.006623,-0.019415,0.805033,-1.459175,0.018113,0.838339,-1.485572,-0.056374,0.846054,-1.428560,0.111616,0.817169,-1.443710,26,26,27,26,25,27,27,25,27,27,26,27
1791409228.026445,-0.019446,0.806820,-1.459175,0.018144,0.840428,-1.485572,-0.057161,0.848325,-1.428687,0.110889,0.820379,-1.444326,26,26,27,26,25,27,27,25,27,27,26,27
1791409228.046387,-0.019536,0.808757,-1.459222,0.018144,0.842759,-1.485572,-0.057978,0.849929,-1.428718,0.110132,0.822801,-1.444499,26,26,27,26,25,27,27,25,27,27,26,27
1791409228.066573,-0.019506,0.810423,-1.459206,0.018204,0.844606,-1.485572,-0.058523,0.851383,-1.428766,0.109617,0.825041,-1.444721,26,26,27,26,25,27,27,25,27,27,26,27
1791409228.086418,-0.019536,0.812482,-1.459254,0.018265,0.846302,-1.485572,-0.058826,0.853290,-1.428766,0.109375,0.826918,-1.445021,26,26,27,26,25,27,27,25,27,27,26,27
1791409228.106512,-0.019506,0.814419,-1.459285,0.018416,0.848451,-1.485556,-0.059068,0.854865,-1.428797,0.109254,0.829068,-1.445289,26,26,27,26,25,27,27,25,27,27,26,27
1791409228.126487,-0.019506,0.816508,-1.459428,0.018628,0.849753,-1.485587,-0.059189,0.856712,-1.428813,0.109193,0.831278,-1.445826,26,26,27,26,25,27,27,25,27,27,26,27
1791409228.146446,-0.019446,0.818265,-1.460012,0.018779,0.851721,-1.485587,-0.059220,0.858316,-1.428876,0.109193,0.833337,-1.446127,26,26,27,26,25,27,27,25,27,27,26,27
1791409228.166511,-0.019446,0.820202,-1.460612,0.018870,0.852781,-1.485587,-0.059341,0.859921,-1.428892,0.109072,0.834639,-1.446111,26,26,27,26,25,27,27,25,27,27,26,27
1791409228.186601,-0.019385,0.821868,-1.460739,0.019022,0.854749,-1.485587,-0.059462,0.861193,-1.428892,0.109072,0.836335,-1.446190,26,26,27,26,25,27,27,25,27,27,26,27
1791409228.206697,-0.019294,0.823836,-1.460786,0.019082,0.856233,-1.485540,-0.059613,0.862949,-1.428876,0.109012,0.838303,-1.446379,26,26,27,26,25,27,27,25,27,27,26,27
1791409228.226604,-0.019234,0.825471,-1.460786,0.019052,0.857958,-1.485572,-0.059674,0.864584,-1.428892,0.109012,0.840210,-1.446474,26,26,27,26,25,27,27,25,27,27,26,27
1791409228.246534,-0.019173,0.827196,-1.460865,0.019143,0.859715,-1.485556,-0.059734,0.866219,-1.428892,0.109072,0.841997,-1.446648,26,26,27,26,25,27,27,25,27,27,26,27
1791409228.266731,-0.019143,0.828953,-1.461102,0.019203,0.861077,-1.485572,-0.059825,0.867884,-1.428908,0.109042,0.843662,-1.446758,26,26,27,26,25,27,27,25,27,27,26,27
1791409228.286499,-0.019173,0.830769,-1.461228,0.019234,0.863136,-1.485572,-0.059946,0.869337,-1.428924,0.108981,0.845660,-1.447153,26,26,27,26,25,27,27,25,27,27,26,27
1791409228.306738,-0.019082,0.832525,-1.461339,0.019385,0.864801,-1.485572,-0.060128,0.871154,-1.428924,0.108891,0.848264,-1.448180,26,26,27,26,25,27,27,25,27,27,26,27
1791409228.326631,-0.019688,0.833585,-1.460802,0.019476,0.862984,-1.485651,-0.059613,0.870700,-1.429034,0.109012,0.848930,-1.448417,26,26,27,26,25,27,27,25,27,27,26,27
1791409228.346487,-0.021777,0.832556,-1.458622,0.020626,0.859472,-1.485761,-0.058402,0.859951,-1.429350,0.108618,0.846902,-1.447959,26,26,27,26,25,27,27,25,27,27,26,27
1791409228.366699,-0.023472,0.832586,-1.458448,0.020778,0.858594,-1.486851,-0.058281,0.855500,-1.429319,0.107467,0.844722,-1.445147,26,26,27,26,25,27,27,25,27,27,26,27
1791409228.386672,-0.024623,0.832858,-1.458211,0.020596,0.857686,-1.487136,-0.058554,0.855319,-1.429350,0.107528,0.844116,-1.443536,26,26,27,26,25,27,27,25,27,27,26,27
1791409228.406603,-0.025441,0.832071,-1.458022,0.020687,0.855173,-1.487925,-0.058554,0.853442,-1.429366,0.107558,0.841876,-1.443015,26,26,27,26,25,27,27,25,27,27,26,27
1791409228.426566,-0.025622,0.829891,-1.457990,0.020717,0.851994,-1.489584,-0.058221,0.850898,-1.429350,0.107589,0.838969,-1.442083,26,26,27,26,25,27,27,25,27,27,26,27
1791409228.446543,-0.025743,0.827772,-1.457911,0.020869,0.849299,-1.489932,-0.058251,0.848385,-1.429350,0.107558,0.835971,-1.441577,26,26,27,26,25,27,27,25,27,27,26,27
1791409228.466549,-0.025864,0.825289,-1.457864,0.021141,0.845968,-1.490326,-0.058281,0.846811,-1.429350,0.107558,0.833125,-1.441435,26,26,27,26,25,27,27,25,27,27,26,27
1791409228.486558,-0.026349,0.823291,-1.457816,0.021232,0.842820,-1.490990,-0.058311,0.844177,-1.429319,0.107377,0.829886,-1.441403,26,26,27,26,25,27,27,25,27,27,26,27
1791409228.506515,-0.026773,0.819900,-1.457801,0.021353,0.839489,-1.491543,-0.058372,0.843299,-1.429334,0.107286,0.826101,-1.441293,26,26,27,26,25,27,27,25,27,27,26,27
1791409228.526772,-0.026803,0.816115,-1.457785,0.021504,0.836068,-1.491859,-0.058463,0.840089,-1.429319,0.107134,0.823285,-1.441198,26,26,27,26,25,27,27,25,27,27,26,27
1791409228.546535,-0.026833,0.812239,-1.457737,0.021595,0.832979,-1.492175,-0.058523,0.837576,-1.429303,0.107044,0.820681,-1.441103,26,26,27,26,25,27,27,25,27,27,26,27
1791409228.566746,-0.026803,0.808576,-1.457595,0.021716,0.829709,-1.492601,-0.058644,0.836002,-1.429303,0.106832,0.818683,-1.441072,26,26,27,26,25,27,27,25,27,27,26,27
1791409228.586681,-0.026803,0.805518,-1.457500,0.021868,0.826621,-1.493138,-0.058644,0.832399,-1.429303,0.106711,0.817381,-1.441024,26,26,27,26,25,27,27,25,27,27,26,27
1791409228.606513,-0.026833,0.802399,-1.457485,0.022110,0.823230,-1.493407,-0.058675,0.829220,-1.429319,0.106650,0.814807,-1.441008,26,26,27,26,25,27,27,25,27,27,26,27
1791409228.626796,-0.026803,0.799311,-1.457469,0.022352,0.819960,-1.493533,-0.058705,0.826192,-1.429303,0.106589,0.812143,-1.441008,26,26,27,26,25,27,27,25,27,27,26,27
1791409228.646713,-0.026803,0.796313,-1.457453,0.022594,0.816508,-1.493612,-0.058644,0.823346,-1.429303,0.106468,0.808540,-1.440961,26,26,27,26,25,27,27,25,27,27,26,27
1791409228.666584,-0.026803,0.793043,-1.457358,0.022776,0.813299,-1.493707,-0.058584,0.820772,-1.429287,0.106468,0.805088,-1.440929,26,26,27,26,25,27,27,25,27,27,26,27
1791409228.686754,-0.026803,0.789985,-1.457327,0.022958,0.810513,-1.493786,-0.058493,0.818471,-1.429271,0.106499,0.802333,-1.440787,26,26,27,26,25,27,27,25,27,27,26,27
1791409228.706873,-0.026773,0.787593,-1.457327,0.023139,0.807577,-1.493833,-0.058463,0.816170,-1.429271,0.106438,0.799941,-1.440661,26,26,27,26,25,27,27,25,27,27,26,27
1791409228.726686,-0.026712,0.784868,-1.457311,0.023351,0.804730,-1.493849,-0.058463,0.813324,-1.429271,0.106468,0.797489,-1.440598,26,26,27,26,25,27,27,25,27,27,26,27
1791409228.746656,-0.026621,0.782234,-1.457295,0.023503,0.802369,-1.493881,-0.058432,0.810720,-1.429287,0.106499,0.795188,-1.440582,26,26,27,26,25,27,27,25,27,27,26,27
1791409228.766662,-0.026652,0.780115,-1.457279,0.023745,0.799795,-1.493928,-0.058402,0.808661,-1.429271,0.106438,0.793432,-1.440598,26,26,27,26,25,27,27,25,27,27,26,27
1791409228.786631,-0.026591,0.777995,-1.457200,0.023866,0.797646,-1.493976,-0.058463,0.806057,-1.429271,0.106438,0.791100,-1.440598,26,26,27,26,25,27,27,25,27,27,26,27
1791409228.806686,-0.026561,0.776270,-1.457200,0.023896,0.795496,-1.494023,-0.058432,0.803847,-1.429271,0.106317,0.788920,-1.440566,26,26,27,26,25,27,27,25,27,27,26,27
1791409228.826760,-0.026591,0.774302,-1.457169,0.023987,0.793376,-1.494149,-0.058432,0.801697,-1.429271,0.106317,0.786528,-1.440550,26,26,27,26,25,27,27,25,27,27,26,27
1791409228.846833,-0.026591,0.772727,-1.457121,0.023957,0.791318,-1.494339,-0.058432,0.799457,-1.429271,0.106377,0.784590,-1.440503,26,26,27,26,25,27,27,25,27,27,26,27
1791409228.866519,-0.026591,0.770517,-1.457153,0.024017,0.789228,-1.494576,-0.058372,0.797428,-1.429255,0.106347,0.781956,-1.440455,26,26,27,26,25,27,27,25,27,27,26,27
1791409228.886695,-0.026591,0.768852,-1.457153,0.024078,0.787412,-1.494908,-0.058342,0.795581,-1.429255,0.106347,0.779867,-1.440424,26,26,27,26,25,27,27,25,27,27,26,27
1791409228.906680,-0.026561,0.766641,-1.457153,0.024169,0.785565,-1.495002,-0.058311,0.793765,-1.429271,0.106408,0.778202,-1.440408,26,26,27,26,25,27,27,25,27,27,26,27
1791409228.926742,-0.026530,0.764704,-1.457121,0.024290,0.783809,-1.495113,-0.058311,0.792039,-1.429255,0.106377,0.776688,-1.440424,26,26,27,26,25,27,27,25,27,27,26,27
1791409228.946718,-0.026500,0.762614,-1.457105,0.024351,0.782053,-1.495113,-0.058311,0.790192,-1.429287,0.106347,0.774902,-1.440392,26,26,27,26,25,27,27,25,27,27,26,27
1791409228.966763,-0.026500,0.761343,-1.457058,0.024441,0.780266,-1.495113,-0.058311,0.788678,-1.429255,0.106347,0.773327,-1.440392,26,26,27,26,25,27,27,25,27,27,26,27
1791409228.986831,-0.026440,0.758951,-1.457058,0.024653,0.778631,-1.495145,-0.058311,0.786680,-1.429255,0.106287,0.771874,-1.440376,26,26,27,26,25,27,27,25,27,27,26,27
1791409229.006694,-0.026409,0.757316,-1.457058,0.024744,0.776663,-1.495176,-0.058281,0.785347,-1.429255,0.106287,0.770390,-1.440313,26,26,27,26,25,27,27,25,27,27,26,27
1791409229.026837,-0.026349,0.755378,-1.457011,0.024744,0.775210,-1.495176,-0.058311,0.783712,-1.429255,0.106256,0.769300,-1.440329,26,26,27,26,25,27,27,25,27,27,26,27
1791409229.046973,-0.026349,0.754076,-1.456869,0.024805,0.773333,-1.495192,-0.058251,0.782380,-1.429255,0.106196,0.767786,-1.440297,26,26,27,26,25,27,27,25,27,27,26,27
1791409229.066704,-0.026349,0.752744,-1.456774,0.024835,0.771879,-1.495192,-0.058281,0.780987,-1.429255,0.106196,0.766424,-1.440282,26,26,27,26,25,27,27,25,27,27,26,27
1791409229.086640,-0.026319,0.751321,-1.456647,0.024835,0.770608,-1.495208,-0.058311,0.779474,-1.429240,0.106196,0.765395,-1.440266,26,26,27,26,25,27,27,25,27,27,26,27
1791409229.106705,-0.026258,0.750322,-1.456553,0.024926,0.769124,-1.495208,-0.058221,0.778323,-1.429255,0.106166,0.764093,-1.440297,26,26,27,26,25,27,27,25,27,27,26,27
1791409229.126960,-0.026319,0.749504,-1.456537,0.025017,0.768034,-1.495239,-0.058251,0.777384,-1.429255,0.106135,0.763093,-1.440282,26,26,27,26,25,27,27,25,27,27,26,27
1791409229.146927,-0.026228,0.748172,-1.456505,0.025047,0.767186,-1.495224,-0.058281,0.776082,-1.429271,0.106105,0.762185,-1.440250,26,26,27,26,25,27,27,25,27,27,26,27
1791409229.166749,-0.026137,0.747143,-1.456521,0.025168,0.765824,-1.495224,-0.058342,0.774720,-1.429255,0.106105,0.761065,-1.440266,26,26,27,26,25,27,27,25,27,27,26,27
1791409229.186737,-0.026016,0.746446,-1.456521,0.025350,0.764916,-1.495224,-0.058251,0.773902,-1.429271,0.106105,0.759975,-1.440266,26,26,27,26,25,27,27,25,27,27,26,27
1791409229.206840,-0.025925,0.745780,-1.456505,0.025562,0.764068,-1.495208,-0.058221,0.772964,-1.429255,0.106135,0.759157,-1.440250,26,26,27,26,25,27,27,25,27,27,26,27
1791409229.226756,-0.025713,0.744387,-1.456505,0.025804,0.763190,-1.495239,-0.058221,0.771662,-1.429255,0.106166,0.758279,-1.440250,26,26,27,26,25,27,27,25,27,27,26,27
1791409229.246850,-0.025683,0.743479,-1.456489,0.026046,0.762191,-1.495239,-0.058160,0.770784,-1.429255,0.106196,0.757310,-1.440266,26,26,27,26,25,27,27,25,27,27,26,27
1791409229.266741,-0.025531,0.742540,-1.456505,0.026137,0.761101,-1.495239,-0.058190,0.769876,-1.429255,0.106196,0.756251,-1.440250,26,26,27,26,25,27,27,25,27,27,26,27
1791409229.286765,-0.025441,0.742268,-1.456489,0.026228,0.760041,-1.495255,-0.058221,0.768664,-1.429271,0.106135,0.754888,-1.440250,26,26,27,26,25,27,27,25,27,27,26,27
1791409229.306894,-0.025441,0.741874,-1.456505,0.026349,0.758981,-1.495255,-0.058160,0.767665,-1.429255,0.106135,0.753859,-1.440171,26,26,27,26,25,27,27,25,27,27,26,27
1791409229.326769,-0.025380,0.741420,-1.456489,0.026440,0.757770,-1.495239,-0.058160,0.766696,-1.429255,0.106166,0.752557,-1.440187,26,26,27,26,25,27,27,25,27,27,26,27
1791409229.346771,-0.025319,0.740451,-1.456474,0.026470,0.756559,-1.495271,-0.058160,0.765455,-1.429255,0.106166,0.751164,-1.440155,26,26,27,26,25,27,27,25,27,27,26,27
1791409229.366828,-0.025289,0.738725,-1.456489,0.026470,0.755560,-1.495255,-0.058130,0.764214,-1.429255,0.106196,0.750104,-1.440108,26,26,27,26,25,27,27,25,27,27,26,27
1791409229.386873,-0.025198,0.738059,-1.456489,0.026621,0.754409,-1.495255,-0.058130,0.763003,-1.429255,0.106196,0.749105,-1.440108,26,26,27,26,25,27,27,25,27,27,26,27
1791409229.406860,-0.025017,0.737181,-1.456489,0.026803,0.753016,-1.495255,-0.058130,0.761852,-1.429255,0.106196,0.747652,-1.440076,26,26,27,26,25,27,27,25,27,27,26,27
1791409229.426826,-0.024926,0.735940,-1.456489,0.026954,0.751896,-1.495287,-0.058009,0.760611,-1.429255,0.106226,0.746471,-1.440045,26,26,27,26,25,27,27,25,27,27,26,27
1791409229.446751,-0.024623,0.734910,-1.456474,0.027227,0.750897,-1.495287,-0.058009,0.759309,-1.429240,0.106226,0.745351,-1.440045,26,26,27,26,25,27,27,25,27,27,26,27
1791409229.466781,-0.024502,0.734335,-1.456489,0.027409,0.749504,-1.495271,-0.058039,0.758188,-1.429240,0.106256,0.743958,-1.440045,26,26,27,26,25,27,27,25,27,27,26,27
1791409229.486810,-0.024381,0.733366,-1.456505,0.027499,0.748354,-1.495271,-0.057948,0.756947,-1.429255,0.106256,0.742868,-1.440029,26,26,27,26,25,27,27,25,27,27,26,27
1791409229.507079,-0.024351,0.732125,-1.456474,0.027560,0.747324,-1.495271,-0.057978,0.755796,-1.429224,0.106256,0.741839,-1.440029,26,26,27,26,25,27,27,25,27,27,26,27
1791409229.526845,-0.024260,0.730793,-1.456474,0.027590,0.746325,-1.495287,-0.058009,0.754646,-1.429224,0.106256,0.740961,-1.440029,26,26,27,26,25,27,27,25,27,27,26,27
1791409229.546767,-0.024229,0.730157,-1.456458,0.027651,0.745205,-1.495287,-0.058009,0.753798,-1.429208,0.106226,0.740022,-1.440013,26,26,27,26,25,27,27,25,27,27,26,27
1791409229.566834,-0.024199,0.729703,-1.456442,0.027711,0.744418,-1.495287,-0.058009,0.752860,-1.429208,0.106166,0.739235,-1.439981,26,26,27,26,25,27,27,25,27,27,26,27
1791409229.586789,-0.024108,0.728492,-1.456458,0.027893,0.743812,-1.495271,-0.058069,0.751709,-1.429224,0.106196,0.738659,-1.439997,26,26,27,26,25,27,27,25,27,27,26,27
1791409229.606922,-0.023987,0.728068,-1.456442,0.028044,0.743085,-1.495287,-0.058039,0.751043,-1.429208,0.106256,0.738024,-1.439997,26,26,27,26,25,27,27,25,27,27,26,27
1791409229.626844,-0.023836,0.727523,-1.456442,0.028165,0.742510,-1.495303,-0.057978,0.750437,-1.429224,0.106226,0.737600,-1.439997,26,26,27,26,25,27,27,25,27,27,26,27
1791409229.646874,-0.023775,0.727129,-1.456442,0.028287,0.741844,-1.495318,-0.058009,0.749711,-1.429208,0.106196,0.737055,-1.439997,26,26,27,26,25,27,27,25,27,27,26,27
1791409229.666924,-0.023594,0.726917,-1.456458,0.028499,0.741390,-1.495303,-0.058009,0.749045,-1.429240,0.106226,0.736540,-1.439997,26,26,27,26,25,27,27,25,27,27,26,27
1791409229.686920,-0.023503,0.726766,-1.456458,0.028589,0.740905,-1.495303,-0.057978,0.748409,-1.429224,0.106287,0.736086,-1.439997,26,26,27,26,25,27,27,25,27,27,26,27
1791409229.706863,-0.023382,0.726433,-1.456442,0.028620,0.740542,-1.495303,-0.057948,0.747773,-1.429224,0.106287,0.735601,-1.439997,26,26,27,26,25,27,27,25,27,27,26,27
1791409229.726946,-0.023321,0.725979,-1.456426,0.028680,0.740149,-1.495303,-0.057978,0.747349,-1.429224,0.106226,0.735208,-1.439997,26,26,27,26,25,27,27,25,27,27,26,27
1791409229.746806,-0.023321,0.725767,-1.456442,0.028710,0.739815,-1.495318,-0.057978,0.747077,-1.429192,0.106256,0.734784,-1.439997,26,26,27,26,25,27,27,25,27,27,26,27
1791409229.766970,-0.023261,0.725131,-1.456442,0.028771,0.739513,-1.495318,-0.058069,0.746622,-1.429240,0.106196,0.734572,-1.439997,26,26,27,26,25,27,27,25,27,27,26,27
1791409229.786880,-0.023230,0.724980,-1.456442,0.028741,0.738968,-1.495303,-0.057978,0.746289,-1.429224,0.106196,0.734057,-1.439997,26,26,27,26,25,27,27,25,27,27,26,27
1791409229.806990,-0.023230,0.724525,-1.456442,0.028771,0.738544,-1.495303,-0.058009,0.745896,-1.429240,0.106196,0.733785,-1.439997,26,26,27,26,26,27,27,25,27,27,26,27
1791409229.826986,-0.023230,0.724223,-1.456458,0.028771,0.738029,-1.495318,-0.058039,0.745532,-1.429240,0.106196,0.733270,-1.439997,26,26,27,26,26,27,27,25,27,27,26,27
1791409229.846942,-0.023230,0.724071,-1.456442,0.028832,0.737696,-1.495334,-0.057948,0.745169,-1.429224,0.106226,0.732876,-1.439997,26,26,27,26,25,27,27,25,27,27,26,27
1791409229.866971,-0.023200,0.723859,-1.456442,0.028862,0.737302,-1.495318,-0.058009,0.744836,-1.429224,0.106226,0.732604,-1.439981,26,26,27,26,25,27,27,25,27,27,26,27
1791409229.887034,-0.023139,0.723526,-1.456442,0.028953,0.736969,-1.495318,-0.057948,0.744291,-1.429224,0.106226,0.732241,-1.439997,26,26,27,26,25,27,27,25,27,27,26,27
1791409229.907027,-0.023109,0.723254,-1.456442,0.029044,0.736636,-1.495318,-0.057918,0.743776,-1.429208,0.106226,0.731786,-1.439981,26,26,27,26,25,27,27,25,27,27,26,27
1791409229.926944,-0.023109,0.723163,-1.456442,0.029074,0.736273,-1.495334,-0.057918,0.743564,-1.429240,0.106226,0.731393,-1.439950,26,26,27,26,25,27,27,25,27,27,26,27
1791409229.946982,-0.023049,0.723042,-1.456442,0.029104,0.736000,-1.495303,-0.057918,0.743201,-1.429208,0.106287,0.731120,-1.439966,26,26,27,26,25,27,27,25,27,27,26,27
1791409229.967030,-0.023049,0.722769,-1.456442,0.029104,0.735667,-1.495318,-0.057978,0.742868,-1.429224,0.106226,0.730818,-1.439950,26,26,27,26,25,27,27,25,27,27,26,27
1791409229.986967,-0.023018,0.722527,-1.456442,0.029104,0.735274,-1.495318,-0.057978,0.742595,-1.429224,0.106196,0.730454,-1.439950,26,26,27,26,25,27,27,25,27,27,26,27
1791409230.006902,-0.023018,0.722255,-1.456442,0.029104,0.734789,-1.495318,-0.057948,0.742262,-1.429255,0.106226,0.730212,-1.439950,26,26,27,26,25,27,27,25,27,27,26,27
1791409230.026898,-0.023018,0.722103,-1.456442,0.029074,0.734487,-1.495318,-0.057978,0.742172,-1.429224,0.106226,0.729940,-1.439950,26,26,27,26,25,27,27,25,27,27,26,27
1791409230.046907,-0.023018,0.722012,-1.456442,0.029104,0.734275,-1.495350,-0.057978,0.741929,-1.429240,0.106256,0.729849,-1.439934,26,26,27,26,25,27,27,25,27,27,26,27
1791409230.066938,-0.022958,0.721891,-1.456442,0.029165,0.734123,-1.495350,-0.057948,0.741717,-1.429240,0.106226,0.729758,-1.439934,26,26,27,26,25,27,27,25,27,27,26,27
1791409230.087122,-0.022897,0.721770,-1.456442,0.029225,0.733972,-1.495318,-0.057887,0.741596,-1.429224,0.106256,0.729697,-1.439934,26,26,27,26,25,27,27,25,27,27,26,27
1791409230.106976,-0.022655,0.721619,-1.456442,0.029377,0.733911,-1.495334,-0.057978,0.741172,-1.429224,0.106256,0.729637,-1.439934,26,26,27,26,25,27,27,25,27,27,26,27
1791409230.127044,-0.022504,0.721376,-1.456442,0.029528,0.733669,-1.495318,-0.057918,0.741021,-1.429224,0.106226,0.729485,-1.439934,26,26,27,26,25,27,27,25,27,27,26,27
1791409230.146996,-0.022473,0.721225,-1.456426,0.029649,0.733487,-1.495334,-0.057948,0.740870,-1.429224,0.106317,0.729304,-1.439934,26,26,27,26,25,27,27,25,27,27,26,27
1791409230.166970,-0.022443,0.720953,-1.456458,0.029710,0.733397,-1.495350,-0.057918,0.740718,-1.429224,0.106256,0.729183,-1.439934,26,26,27,26,25,27,27,25,27,27,26,27
1791409230.187007,-0.022352,0.720650,-1.456442,0.029770,0.733215,-1.495334,-0.057918,0.740325,-1.429240,0.106287,0.728971,-1.439934,26,26,27,26,26,27,27,25,27,27,26,27
1791409230.207056,-0.022382,0.720438,-1.456442,0.029710,0.732942,-1.495334,-0.057918,0.740083,-1.429240,0.106287,0.728547,-1.439934,26,26,27,26,25,27,27,25,27,27,26,27
1791409230.227052,-0.022352,0.720226,-1.456458,0.029770,0.732700,-1.495334,-0.057887,0.739840,-1.429224,0.106256,0.728305,-1.439934,26,26,27,26,25,27,27,25,27,27,26,27
1791409230.246976,-0.022352,0.719923,-1.456442,0.029800,0.732428,-1.495318,-0.057887,0.739628,-1.429208,0.106287,0.727911,-1.439934,26,26,27,26,25,27,27,25,27,27,26,27
1791409230.266871,-0.022261,0.719590,-1.456442,0.029861,0.732216,-1.495318,-0.057918,0.739204,-1.429224,0.106256,0.727638,-1.439934,26,26,27,26,26,27,27,25,27,27,26,27
1791409230.287025,-0.022231,0.719439,-1.456458,0.029952,0.731883,-1.495334,-0.057827,0.739114,-1.429224,0.106287,0.727245,-1.439918,26,26,27,26,25,27,27,25,27,27,26,27
1791409230.306906,-0.022231,0.719227,-1.456458,0.030012,0.731701,-1.495334,-0.057827,0.738993,-1.429224,0.106287,0.727124,-1.439903,26,26,27,26,25,27,27,25,27,27,26,27
1791409230.326850,-0.022171,0.719136,-1.456426,0.030194,0.731429,-1.495334,-0.057766,0.738811,-1.429224,0.106347,0.726912,-1.439918,26,26,27,26,26,27,27,25,27,27,26,27
1791409230.347191,-0.021989,0.718954,-1.456442,0.030406,0.731186,-1.495350,-0.057736,0.738538,-1.429240,0.106438,0.726760,-1.439903,26,26,27,26,25,27,27,25,27,27,26,27
1791409230.366954,-0.021898,0.718833,-1.456458,0.030557,0.731035,-1.495318,-0.057615,0.738447,-1.429224,0.106499,0.726548,-1.439918,26,26,27,26,25,27,27,25,27,27,26,27
1791409230.387151,-0.021807,0.718621,-1.456442,0.030648,0.730914,-1.495318,-0.057645,0.738236,-1.429224,0.106529,0.726458,-1.439903,26,26,27,26,25,27,27,25,27,27,26,27
1791409230.407117,-0.021807,0.718530,-1.456442,0.030679,0.730702,-1.495366,-0.057585,0.738054,-1.429240,0.106529,0.726246,-1.439918,26,26,27,26,25,27,27,25,27,27,26,27
1791409230.427086,-0.021747,0.718349,-1.456442,0.030769,0.730611,-1.495318,-0.057585,0.737903,-1.429224,0.106499,0.726185,-1.439903,26,26,27,26,25,27,27,25,27,27,26,27
1791409230.447194,-0.021686,0.718197,-1.456442,0.030830,0.730490,-1.495334,-0.057585,0.737721,-1.429208,0.106499,0.726064,-1.439918,26,26,27,26,26,27,27,25,27,27,26,27
1791409230.467161,-0.021565,0.718076,-1.456442,0.030890,0.730308,-1.495334,-0.057554,0.737569,-1.429224,0.106559,0.725913,-1.439903,26,26,27,26,25,27,27,25,27,27,26,27
1791409230.487075,-0.021595,0.717895,-1.456442,0.030921,0.730096,-1.495334,-0.057615,0.737388,-1.429208,0.106559,0.725610,-1.439918,26,26,27,26,25,27,27,25,27,27,26,27
1791409230.506979,-0.021535,0.717652,-1.456442,0.031012,0.729945,-1.495334,-0.057585,0.737085,-1.429224,0.106559,0.725519,-1.439903,26,26,27,26,25,27,27,25,27,27,26,27
1791409230.527174,-0.021353,0.717380,-1.456442,0.031102,0.729733,-1.495318,-0.057615,0.736661,-1.429224,0.106559,0.725307,-1.439887,26,26,27,26,25,27,27,25,27,27,26,27
1791409230.547100,-0.021232,0.717107,-1.456442,0.031314,0.729430,-1.495350,-0.057403,0.736479,-1.429224,0.106620,0.725004,-1.439903,26,26,27,26,25,27,27,25,27,27,26,27
1791409230.567092,-0.021171,0.716774,-1.456442,0.031496,0.729218,-1.495334,-0.057433,0.736237,-1.429224,0.106650,0.724792,-1.439887,26,26,27,26,25,27,27,25,27,27,26,27
1791409230.586981,-0.021020,0.716350,-1.456442,0.031557,0.729037,-1.495334,-0.057403,0.735874,-1.429208,0.106650,0.724459,-1.439903,26,26,27,26,25,27,27,25,27,27,26,27
1791409230.607183,-0.021020,0.716017,-1.456458,0.031617,0.728734,-1.495318,-0.057342,0.735511,-1.429192,0.106680,0.724066,-1.439871,26,26,27,26,25,27,27,25,27,27,26,27
1791409230.627021,-0.020990,0.715624,-1.456442,0.031678,0.728492,-1.495350,-0.057373,0.735268,-1.429208,0.106680,0.723733,-1.439887,26,26,27,26,25,27,27,25,27,27,26,27
1791409230.647055,-0.020990,0.715351,-1.456426,0.031678,0.728280,-1.495334,-0.057342,0.735026,-1.429224,0.106650,0.723400,-1.439871,26,26,27,26,26,27,27,25,27,27,26,27
1791409230.667096,-0.020990,0.715170,-1.456442,0.031678,0.728098,-1.495334,-0.057373,0.734754,-1.429208,0.106680,0.723127,-1.439903,26,26,27,26,25,27,27,25,27,27,26,27
1791409230.687030,-0.020990,0.715018,-1.456442,0.031738,0.727886,-1.495334,-0.057403,0.734572,-1.429192,0.106650,0.722976,-1.439887,26,26,27,26,25,27,27,25,27,27,26,27
1791409230.707186,-0.020990,0.714897,-1.456458,0.031708,0.727795,-1.495334,-0.057373,0.734481,-1.429208,0.106650,0.722794,-1.439871,26,26,27,26,25,27,27,25,27,27,26,27
1791409230.727086,-0.020990,0.714776,-1.456442,0.031708,0.727674,-1.495350,-0.057342,0.734421,-1.429208,0.106650,0.722703,-1.439871,26,26,27,26,25,27,27,25,27,27,26,27
1791409230.747059,-0.020990,0.714776,-1.456426,0.031769,0.727523,-1.495334,-0.057312,0.734421,-1.429208,0.106680,0.722612,-1.439887,26,26,27,26,25,27,27,25,27,27,26,27
1791409230.767159,-0.020959,0.714776,-1.456442,0.031829,0.727462,-1.495318,-0.057282,0.734360,-1.429240,0.106680,0.722703,-1.439887,26,26,27,26,25,27,27,25,27,27,26,27
1791409230.787008,-0.020838,0.714746,-1.456442,0.031950,0.727493,-1.495334,-0.057312,0.734330,-1.429208,0.106711,0.722643,-1.439887,26,26,27,26,25,27,27,25,27,27,26,27
1791409230.807130,-0.020747,0.714746,-1.456426,0.032041,0.727523,-1.495318,-0.057312,0.734269,-1.429224,0.106741,0.722643,-1.439887,26,26,27,26,25,27,27,25,27,27,26,27
1791409230.827029,-0.020747,0.714776,-1.456442,0.032071,0.727432,-1.495334,-0.057221,0.734299,-1.429208,0.106680,0.722643,-1.439887,26,26,27,26,25,27,27,25,27,27,26,27
1791409230.847296,-0.020657,0.714625,-1.456442,0.032071,0.727432,-1.495334,-0.057282,0.734088,-1.429208,0.106771,0.722643,-1.439887,26,26,27,26,25,27,27,25,27,27,26,27
1791409230.867241,-0.020626,0.714564,-1.456426,0.032132,0.727432,-1.495350,-0.057221,0.734088,-1.429208,0.106680,0.722643,-1.439871,26,26,27,26,25,27,27,25,27,27,26,27
1791409230.887077,-0.020626,0.714534,-1.456442,0.032132,0.727402,-1.495334,-0.057221,0.734027,-1.429224,0.106711,0.722612,-1.439871,26,26,27,26,25,27,27,25,27,27,26,27
1791409230.907212,-0.020657,0.714503,-1.456442,0.032102,0.727281,-1.495318,-0.057221,0.734027,-1.429208,0.106741,0.722522,-1.439871,26,26,27,26,25,27,27,25,27,27,26,27
1791409230.927248,-0.020626,0.714261,-1.456442,0.032132,0.727129,-1.495334,-0.057282,0.733724,-1.429208,0.106711,0.722400,-1.439871,26,26,27,26,25,27,27,25,27,27,26,27
1791409230.947179,-0.020657,0.714231,-1.456442,0.032102,0.727008,-1.495334,-0.057191,0.733694,-1.429208,0.106711,0.722188,-1.439887,26,26,27,26,25,27,27,25,27,27,26,27
1791409230.967064,-0.020657,0.714170,-1.456442,0.032102,0.726887,-1.495334,-0.057221,0.733633,-1.429224,0.106801,0.722158,-1.439903,26,26,27,26,26,27,27,25,27,27,26,27
1791409230.987202,-0.020566,0.713989,-1.456426,0.032162,0.726736,-1.495350,-0.057161,0.733512,-1.429208,0.106771,0.722158,-1.439887,26,26,27,26,26,27,27,25,27,27,26,27
1791409231.007262,-0.020566,0.713898,-1.456442,0.032192,0.726736,-1.495350,-0.057191,0.733391,-1.429240,0.106801,0.722188,-1.439887,26,26,27,26,25,27,27,25,27,27,26,27
1791409231.027334,-0.020536,0.713898,-1.456442,0.032283,0.726705,-1.495366,-0.057221,0.733300,-1.429208,0.106741,0.722158,-1.439871,26,26,27,26,25,27,27,25,27,27,26,27
1791409231.047127,-0.020505,0.713807,-1.456426,0.032253,0.726645,-1.495350,-0.057191,0.733300,-1.429224,0.106771,0.722128,-1.439855,26,26,27,26,26,27,27,25,27,27,26,27
1791409231.067306,-0.020475,0.713656,-1.456442,0.032314,0.726614,-1.495318,-0.057221,0.733088,-1.429224,0.106771,0.722098,-1.439855,26,26,27,26,25,27,27,25,27,27,26,27
1791409231.087245,-0.020505,0.713535,-1.456442,0.032344,0.726584,-1.495334,-0.057221,0.732998,-1.429208,0.106741,0.722037,-1.439855,26,26,27,26,25,27,27,25,27,27,26,27
1791409231.107239,-0.020566,0.713444,-1.456426,0.032344,0.726493,-1.495334,-0.057221,0.732967,-1.429224,0.106741,0.721946,-1.439855,26,26,27,26,25,27,27,25,27,27,26,27
1791409231.127347,-0.020475,0.713353,-1.456442,0.032314,0.726433,-1.495334,-0.057221,0.732907,-1.429224,0.106771,0.721855,-1.439855,26,26,27,26,25,27,27,25,27,27,26,27
1791409231.147213,-0.020475,0.713323,-1.456426,0.032314,0.726221,-1.495334,-0.057221,0.732816,-1.429208,0.106801,0.721674,-1.439855,26,26,27,26,25,27,27,25,27,27,26,27
1791409231.167164,-0.020536,0.713202,-1.456442,0.032314,0.726100,-1.495334,-0.057191,0.732664,-1.429208,0.106771,0.721553,-1.439855,26,26,27,26,25,27,27,25,27,27,26,27
1791409231.187236,-0.020505,0.713080,-1.456426,0.032374,0.725979,-1.495334,-0.057161,0.732574,-1.429224,0.106771,0.721492,-1.439855,26,26,27,26,25,27,27,25,27,27,26,27
1791409231.207166,-0.020505,0.712990,-1.456442,0.032344,0.725857,-1.495334,-0.057161,0.732453,-1.429208,0.106771,0.721371,-1.439871,26,26,27,26,26,27,27,25,27,27,26,27
1791409231.227227,-0.020475,0.712747,-1.456426,0.032374,0.725706,-1.495350,-0.057252,0.732180,-1.429224,0.106741,0.721280,-1.439855,26,26,27,26,25,27,27,25,27,27,26,27
1791409231.247286,-0.020475,0.712626,-1.456426,0.032404,0.725373,-1.495334,-0.057161,0.732120,-1.429208,0.106801,0.721038,-1.439839,26,26,27,26,26,27,27,25,27,27,26,27
1791409231.267192,-0.020414,0.712293,-1.456426,0.032465,0.725343,-1.495350,-0.057130,0.731908,-1.429224,0.106801,0.721008,-1.439839,26,26,27,26,25,27,27,25,27,27,26,27
1791409231.287210,-0.020354,0.712172,-1.456426,0.032435,0.725191,-1.495334,-0.057161,0.731817,-1.429208,0.106801,0.720796,-1.439855,26,26,27,26,25,27,27,25,27,27,26,27
1791409231.307240,-0.020384,0.711930,-1.456442,0.032465,0.725131,-1.495334,-0.057161,0.731635,-1.429224,0.106741,0.720554,-1.439855,26,26,27,26,25,27,27,25,27,27,26,27
1791409231.327533,-0.020414,0.711748,-1.456426,0.032465,0.724919,-1.495334,-0.057191,0.731544,-1.429224,0.106741,0.720372,-1.439855,26,26,27,26,26,27,27,25,27,27,26,27
1791409231.347442,-0.020414,0.711567,-1.456426,0.032465,0.724768,-1.495334,-0.057161,0.731332,-1.429224,0.106711,0.720069,-1.439855,26,26,27,26,25,27,27,25,27,27,26,27
1791409231.367271,-0.020445,0.711415,-1.456426,0.032465,0.724707,-1.495334,-0.057130,0.731272,-1.429208,0.106711,0.719857,-1.439839,26,26,27,26,25,27,27,25,27,27,26,27
1791409231.387331,-0.020475,0.711355,-1.456426,0.032465,0.724646,-1.495350,-0.057191,0.731272,-1.429208,0.106741,0.719766,-1.439839,26,26,27,26,25,27,27,25,27,27,26,27
1791409231.407153,-0.020414,0.711233,-1.456442,0.032465,0.724586,-1.495366,-0.057161,0.731181,-1.429208,0.106741,0.719736,-1.439855,26,26,27,26,25,27,27,25,27,27,26,27
1791409231.427327,-0.020445,0.711233,-1.456410,0.032465,0.724434,-1.495350,-0.057161,0.731120,-1.429192,0.106741,0.719585,-1.439824,26,26,27,26,25,27,27,25,27,27,26,27
1791409231.447211,-0.020384,0.711173,-1.456426,0.032495,0.724404,-1.495366,-0.057161,0.731030,-1.429224,0.106771,0.719554,-1.439839,26,26,27,26,25,27,27,25,27,27,26,27
1791409231.467340,-0.020384,0.711112,-1.456410,0.032556,0.724374,-1.495334,-0.057161,0.730908,-1.429224,0.106741,0.719585,-1.439839,26,26,27,26,26,27,27,25,27,27,26,27
1791409231.487278,-0.020354,0.711082,-1.456426,0.032586,0.724313,-1.495350,-0.057161,0.730908,-1.429208,0.106741,0.719554,-1.439824,26,26,27,26,25,27,27,25,27,27,26,27
1791409231.507285,-0.020293,0.711022,-1.456426,0.032616,0.724313,-1.495350,-0.057161,0.730848,-1.429208,0.106771,0.719554,-1.439824,26,26,27,26,25,27,27,25,27,27,26,27
1791409231.527199,-0.020324,0.710870,-1.456426,0.032647,0.724283,-1.495350,-0.057221,0.730727,-1.429224,0.106832,0.719554,-1.439839,26,26,27,26,25,27,27,25,27,27,26,27
1791409231.547353,-0.020324,0.710870,-1.456426,0.032616,0.724223,-1.495350,-0.057161,0.730757,-1.429208,0.106771,0.719403,-1.439808,26,26,27,26,25,27,27,25,27,27,26,27
1791409231.567359,-0.020354,0.710719,-1.456426,0.032616,0.724132,-1.495366,-0.057191,0.730666,-1.429208,0.106741,0.719312,-1.439824,26,26,27,26,26,27,27,25,27,27,26,27
1791409231.587423,-0.020414,0.710658,-1.456426,0.032616,0.724101,-1.495350,-0.057161,0.730636,-1.429208,0.106771,0.719221,-1.439824,26,26,27,26,26,27,27,25,27,27,26,27
1791409231.607335,-0.020354,0.710567,-1.456426,0.032647,0.724071,-1.495350,-0.057161,0.730575,-1.429208,0.106741,0.719221,-1.439808,26,26,27,26,26,27,27,25,27,27,26,27
1791409231.627334,-0.020354,0.710567,-1.456426,0.032616,0.724071,-1.495366,-0.057161,0.730575,-1.429224,0.106741,0.719191,-1.439808,26,26,27,26,26,27,27,25,27,27,26,27
1791409231.647595,-0.020324,0.710567,-1.456426,0.032677,0.724011,-1.495334,-0.057161,0.730575,-1.429224,0.106711,0.719161,-1.439808,26,26,27,26,26,27,27,25,27,27,26,27
1791409231.667321,-0.020354,0.710507,-1.456410,0.032707,0.723859,-1.495366,-0.057100,0.730545,-1.429192,0.106801,0.719130,-1.439792,26,26,27,26,25,27,27,25,27,27,26,27
1791409231.687361,-0.020354,0.710537,-1.456426,0.032798,0.723889,-1.495350,-0.057130,0.730545,-1.429224,0.106771,0.719191,-1.439792,26,26,27,26,26,27,27,25,27,27,26,27
1791409231.707420,-0.020324,0.710567,-1.456426,0.032768,0.723889,-1.495334,-0.057100,0.730575,-1.429224,0.106771,0.719161,-1.439808,26,26,27,26,25,27,27,25,27,27,26,27
1791409231.727371,-0.020324,0.710537,-1.456426,0.032798,0.723889,-1.495350,-0.057070,0.730545,-1.429192,0.106801,0.719161,-1.439808,26,26,27,26,25,27,27,25,27,27,26,27
1791409231.747501,-0.020263,0.710537,-1.456442,0.032798,0.723859,-1.495350,-0.057100,0.730545,-1.429192,0.106801,0.719130,-1.439808,26,26,27,26,25,27,27,25,27,27,26,27
1791409231.767388,-0.020324,0.710477,-1.456426,0.032828,0.723889,-1.495350,-0.057100,0.730454,-1.429208,0.106801,0.719130,-1.439808,26,26,27,26,25,27,27,25,27,27,26,27
1791409231.787400,-0.020263,0.710234,-1.456426,0.032828,0.723889,-1.495318,-0.057130,0.730333,-1.429224,0.106771,0.719100,-1.439808,26,26,27,26,25,27,27,25,27,27,26,27
1791409231.807358,-0.020293,0.710204,-1.456426,0.032798,0.723708,-1.495350,-0.057130,0.730242,-1.429224,0.106771,0.718979,-1.439808,26,26,27,26,26,27,27,25,27,27,26,27
1791409231.827405,-0.020293,0.710053,-1.456426,0.032768,0.723708,-1.495366,-0.057161,0.730273,-1.429192,0.106771,0.718919,-1.439808,26,26,27,26,25,27,27,25,27,27,26,27
1791409231.847311,-0.020324,0.710053,-1.456426,0.032798,0.723647,-1.495350,-0.057130,0.730151,-1.429208,0.106771,0.718888,-1.439808,26,26,27,26,26,27,27,25,27,27,26,27
1791409231.867605,-0.020293,0.709931,-1.456426,0.032798,0.723587,-1.495350,-0.057161,0.730091,-1.429208,0.106771,0.718767,-1.439808,26,26,27,26,26,27,27,25,27,27,26,27
1791409231.887351,-0.020293,0.709841,-1.456426,0.032859,0.723344,-1.495334,-0.057100,0.729940,-1.429208,0.106801,0.718707,-1.439839,26,26,27,26,25,27,27,25,27,27,26,27
1791409231.907426,-0.020202,0.709780,-1.456410,0.032889,0.723344,-1.495350,-0.057100,0.729818,-1.429224,0.106801,0.718707,-1.439776,26,26,27,26,26,27,27,25,27,27,26,27
1791409231.927280,-0.020172,0.709659,-1.456426,0.032919,0.723284,-1.495366,-0.057130,0.729788,-1.429192,0.106771,0.718707,-1.439792,26,26,27,26,25,27,27,25,27,27,26,27
1791409231.947280,-0.020142,0.709477,-1.456410,0.032980,0.723254,-1.495366,-0.057130,0.729697,-1.429208,0.106771,0.718676,-1.439808,26,26,27,26,26,27,27,25,27,27,26,27
1791409231.967340,-0.020172,0.709447,-1.456410,0.033010,0.723163,-1.495366,-0.057130,0.729637,-1.429192,0.106801,0.718646,-1.439792,26,26,27,26,25,27,27,25,27,27,26,27
1791409231.987340,-0.020172,0.709356,-1.456426,0.033010,0.723102,-1.495334,-0.057100,0.729576,-1.429192,0.106801,0.718555,-1.439808,26,26,27,26,26,27,27,25,27,27,26,27
1791409232.007388,-0.020172,0.709144,-1.456426,0.033010,0.723011,-1.495334,-0.057100,0.729394,-1.429208,0.106801,0.718464,-1.439808,26,26,27,26,26,27,27,25,27,27,26,27
1791409232.027433,-0.020172,0.708902,-1.456426,0.032980,0.722981,-1.495350,-0.057130,0.729334,-1.429192,0.106741,0.718434,-1.439808,26,26,27,26,25,27,27,25,27,27,26,27
1791409232.047380,-0.020202,0.708781,-1.456426,0.033010,0.722890,-1.495350,-0.057100,0.729273,-1.429208,0.106771,0.718252,-1.439808,26,26,27,26,26,27,27,25,27,27,26,27
1791409232.067376,-0.020172,0.708781,-1.456426,0.033010,0.722648,-1.495366,-0.057130,0.729183,-1.429192,0.106771,0.718101,-1.439808,26,26,27,26,25,27,27,25,27,27,26,27
1791409232.087363,-0.020172,0.708599,-1.456410,0.032980,0.722497,-1.495350,-0.057161,0.729001,-1.429192,0.106771,0.718040,-1.439824,26,26,27,26,26,27,27,25,27,27,26,27
1791409232.107307,-0.020202,0.708478,-1.456426,0.033010,0.722345,-1.495350,-0.057100,0.728880,-1.429192,0.106741,0.717919,-1.439808,26,26,27,26,25,27,27,25,27,27,26,27
1791409232.127322,-0.020172,0.708387,-1.456395,0.033010,0.722285,-1.495366,-0.057100,0.728728,-1.429192,0.106771,0.717919,-1.439792,26,26,27,26,25,27,27,25,27,27,26,27
1791409232.147368,-0.020142,0.708357,-1.456426,0.033070,0.722133,-1.495350,-0.057100,0.728638,-1.429192,0.106771,0.717889,-1.439808,26,26,27,26,25,27,27,25,27,27,26,27
1791409232.167413,-0.020142,0.708236,-1.456426,0.033131,0.722073,-1.495366,-0.057130,0.728426,-1.429208,0.106771,0.717859,-1.439792,26,26,27,26,25,27,27,25,27,27,26,27
1791409232.187616,-0.020051,0.707994,-1.456395,0.033192,0.721861,-1.495350,-0.057100,0.728214,-1.429192,0.106741,0.717707,-1.439808,26,26,27,26,25,27,27,25,27,27,26,27
1791409232.207416,-0.020051,0.707903,-1.456426,0.033252,0.721770,-1.495366,-0.057130,0.728062,-1.429208,0.106711,0.717526,-1.439808,26,26,27,26,25,27,27,25,27,27,26,27
1791409232.227355,-0.020051,0.707752,-1.456410,0.033222,0.721558,-1.495350,-0.057161,0.727911,-1.429208,0.106741,0.717344,-1.439808,26,26,27,26,25,27,27,25,27,27,26,27
1791409232.247378,-0.020081,0.707600,-1.456426,0.033252,0.721467,-1.495366,-0.057161,0.727790,-1.429208,0.106771,0.717102,-1.439792,26,26,27,26,26,27,27,25,27,27,26,27
1791409232.267631,-0.020051,0.707540,-1.456426,0.033252,0.721407,-1.495366,-0.057130,0.727669,-1.429208,0.106771,0.716981,-1.439792,26,26,27,26,26,27,27,25,27,27,26,27
1791409232.287518,-0.020112,0.707358,-1.456442,0.033252,0.721286,-1.495366,-0.057130,0.727608,-1.429208,0.106771,0.716829,-1.439792,26,26,27,26,26,27,27,25,27,27,26,27
1791409232.307580,-0.020081,0.707267,-1.456426,0.033252,0.721195,-1.495366,-0.057130,0.727517,-1.429192,0.106711,0.716648,-1.439776,26,26,27,26,26,27,27,25,27,27,26,27
1791409232.327419,-0.020112,0.707146,-1.456426,0.033282,0.721013,-1.495350,-0.057130,0.727487,-1.429192,0.106741,0.716496,-1.439792,26,26,27,26,25,27,27,25,27,27,26,27
1791409232.347410,-0.020112,0.707085,-1.456426,0.033343,0.721043,-1.495366,-0.057100,0.727426,-1.429176,0.106711,0.716496,-1.439792,26,26,27,26,26,27,27,25,27,27,26,27
1791409232.367498,-0.020081,0.707055,-1.456426,0.033373,0.720953,-1.495350,-0.057100,0.727336,-1.429224,0.106771,0.716375,-1.439808,26,26,27,26,25,27,27,25,27,27,26,27
1791409232.387381,-0.020021,0.706934,-1.456442,0.033434,0.720892,-1.495366,-0.057130,0.727154,-1.429208,0.106771,0.716375,-1.439808,26,26,27,26,25,27,27,25,27,27,26,27
1791409232.407484,-0.019991,0.706934,-1.456410,0.033464,0.720831,-1.495350,-0.057100,0.727124,-1.429208,0.106771,0.716345,-1.439792,26,26,27,26,26,27,27,25,27,27,26,27
1791409232.427558,-0.020021,0.706934,-1.456426,0.033464,0.720741,-1.495350,-0.057100,0.727093,-1.429192,0.106801,0.716284,-1.439776,26,26,27,26,25,27,27,25,27,27,26,27
1791409232.447407,-0.020021,0.706843,-1.456426,0.033464,0.720680,-1.495366,-0.057100,0.726972,-1.429208,0.106832,0.716224,-1.439792,26,26,27,26,26,27,27,25,27,27,26,27
1791409232.467404,-0.020021,0.706752,-1.456426,0.033434,0.720680,-1.495350,-0.057100,0.726882,-1.429192,0.106801,0.716103,-1.439792,26,26,27,26,25,27,27,25,27,27,26,27
1791409232.487618,-0.020051,0.706722,-1.456426,0.033434,0.720559,-1.495366,-0.057100,0.726882,-1.429208,0.106801,0.715982,-1.439792,26,26,27,26,25,27,27,25,27,27,26,27
1791409232.507583,-0.020051,0.706601,-1.456410,0.033434,0.720529,-1.495350,-0.057100,0.726851,-1.429176,0.106832,0.715830,-1.439808,26,26,27,26,25,27,27,25,27,27,26,27
1791409232.527467,-0.020081,0.706510,-1.456410,0.033434,0.720438,-1.495350,-0.057070,0.726760,-1.429192,0.106801,0.715770,-1.439792,26,26,27,26,25,27,27,25,27,27,26,27
1791409232.547564,-0.020081,0.706480,-1.456426,0.033434,0.720408,-1.495350,-0.057070,0.726791,-1.429208,0.106801,0.715739,-1.439776,26,26,27,26,26,27,27,25,27,27,26,27
1791409232.567488,-0.020051,0.706419,-1.456410,0.033464,0.720347,-1.495350,-0.057100,0.726730,-1.429192,0.106741,0.715709,-1.439776,26,26,27,26,25,27,27,25,27,27,26,27
1791409232.587481,-0.020051,0.706298,-1.456410,0.033494,0.720347,-1.495350,-0.057100,0.726609,-1.429192,0.106832,0.715770,-1.439792,26,26,27,26,25,27,27,25,27,27,26,27
1791409232.607466,-0.020021,0.706329,-1.456426,0.033646,0.720347,-1.495397,-0.057070,0.726609,-1.429192,0.106832,0.715770,-1.439776,26,26,27,26,25,27,27,25,27,27,26,27
1791409232.627759,-0.019930,0.706298,-1.456410,0.033706,0.720377,-1.495350,-0.057100,0.726518,-1.429192,0.106771,0.715770,-1.439776,26,26,27,26,25,27,27,25,27,27,26,27
1791409232.647429,-0.019869,0.706207,-1.456426,0.033737,0.720286,-1.495366,-0.057100,0.726397,-1.429192,0.106801,0.715770,-1.439792,26,26,27,26,26,27,27,25,27,27,26,27
1791409232.667469,-0.019809,0.706117,-1.456426,0.033827,0.720256,-1.495334,-0.057100,0.726276,-1.429208,0.106832,0.715770,-1.439808,26,26,27,26,25,27,27,25,27,27,26,27
1791409232.687603,-0.019839,0.705995,-1.456426,0.033827,0.720196,-1.495366,-0.057070,0.726246,-1.429192,0.106771,0.715588,-1.439792,26,26,27,26,25,27,27,25,27,27,26,27
1791409232.707593,-0.019839,0.705905,-1.456426,0.033827,0.720196,-1.495366,-0.057100,0.726215,-1.429208,0.106771,0.715588,-1.439792,26,26,27,26,26,27,27,25,27,27,26,27
1791409232.727398,-0.019869,0.705874,-1.456410,0.033827,0.720165,-1.495350,-0.057040,0.726155,-1.429208,0.106832,0.715527,-1.439776,26,26,27,26,25,27,27,25,27,27,26,27
1791409232.747465,-0.019809,0.705693,-1.456410,0.033827,0.720044,-1.495366,-0.057040,0.726003,-1.429224,0.106832,0.715437,-1.439792,26,26,27,26,25,27,27,25,27,27,26,27
1791409232.767515,-0.019900,0.705662,-1.456426,0.033827,0.720044,-1.495350,-0.057040,0.726034,-1.429208,0.106801,0.715315,-1.439792,26,26,27,26,26,27,27,25,27,27,26,27
1791409232.787507,-0.019869,0.705602,-1.456410,0.033858,0.719984,-1.495366,-0.057009,0.726003,-1.429176,0.106832,0.715315,-1.439776,26,26,27,26,26,27,27,25,27,27,26,27
1791409232.807602,-0.019839,0.705572,-1.456410,0.033918,0.719953,-1.495366,-0.057040,0.726003,-1.429208,0.106771,0.715315,-1.439792,26,26,27,26,26,27,27,25,27,27,26,27
1791409232.827639,-0.019839,0.705572,-1.456426,0.034009,0.719953,-1.495366,-0.057040,0.726003,-1.429208,0.106832,0.715315,-1.439776,26,26,27,26,25,27,27,25,27,27,26,27
1791409232.847559,-0.019809,0.705572,-1.456426,0.034039,0.719923,-1.495366,-0.057070,0.725973,-1.429208,0.106801,0.715346,-1.439792,26,26,27,26,25,27,27,25,27,27,26,27
1791409232.867569,-0.019809,0.705572,-1.456426,0.034100,0.719893,-1.495366,-0.057009,0.725913,-1.429192,0.106832,0.715346,-1.439776,26,26,27,26,25,27,27,25,27,27,26,27
1791409232.887730,-0.019779,0.705572,-1.456426,0.034130,0.719953,-1.495366,-0.057009,0.725913,-1.429208,0.106832,0.715346,-1.439776,26,26,27,26,25,27,27,25,27,27,26,27
1791409232.907476,-0.019779,0.705511,-1.456410,0.034191,0.719893,-1.495350,-0.057009,0.725882,-1.429208,0.106862,0.715315,-1.439776,26,26,27,26,26,27,27,25,27,27,26,27
1791409232.927516,-0.019809,0.705481,-1.456410,0.034130,0.719923,-1.495350,-0.056979,0.725882,-1.429192,0.106892,0.715315,-1.439792,26,26,27,26,25,27,27,25,27,27,26,27
1791409232.947669,-0.019809,0.705420,-1.456395,0.034130,0.719893,-1.495366,-0.057009,0.725822,-1.429208,0.106862,0.715225,-1.439776,26,26,27,26,25,27,27,25,27,27,26,27
1791409232.967441,-0.019779,0.705329,-1.456426,0.034160,0.719863,-1.495350,-0.057009,0.725731,-1.429208,0.106892,0.715134,-1.439776,26,26,27,26,26,27,27,25,27,27,26,27
1791409232.987780,-0.019779,0.705208,-1.456426,0.034130,0.719772,-1.495366,-0.057040,0.725670,-1.429208,0.106862,0.715134,-1.439776,26,26,27,26,25,27,27,25,27,27,26,27
1791409233.007704,-0.019779,0.705148,-1.456426,0.034160,0.719772,-1.495366,-0.057070,0.725549,-1.429208,0.106862,0.715104,-1.439776,26,26,27,26,25,27,27,25,27,27,26,27
1791409233.027689,-0.019779,0.705087,-1.456410,0.034191,0.719711,-1.495366,-0.057070,0.725458,-1.429176,0.106832,0.715073,-1.439776,26,26,27,26,26,27,27,25,27,27,26,27
1791409233.047529,-0.019779,0.704966,-1.456395,0.034282,0.719590,-1.495350,-0.056979,0.725398,-1.429192,0.106832,0.715013,-1.439776,26,26,27,26,25,27,27,25,27,27,26,27
1791409233.067693,-0.019748,0.704966,-1.456426,0.034403,0.719560,-1.495366,-0.056979,0.725368,-1.429192,0.106862,0.715043,-1.439776,26,26,27,26,25,27,27,25,27,27,26,27
1791409233.087650,-0.019748,0.704906,-1.456410,0.034494,0.719590,-1.495366,-0.056979,0.725277,-1.429192,0.106862,0.715073,-1.439792,26,26,27,26,25,27,27,25,27,27,26,27
1791409233.107705,-0.019657,0.704815,-1.456426,0.034494,0.719590,-1.495366,-0.057009,0.725125,-1.429176,0.106862,0.715043,-1.439760,26,26,27,26,25,27,27,25,27,27,26,27
1791409233.127614,-0.019597,0.704663,-1.456426,0.034524,0.719530,-1.495366,-0.057009,0.724944,-1.429192,0.106862,0.714982,-1.439776,26,26,27,26,25,27,27,25,27,27,26,27
1791409233.147762,-0.019567,0.704572,-1.456426,0.034554,0.719469,-1.495366,-0.057009,0.724792,-1.429192,0.106832,0.714952,-1.439776,26,26,27,26,25,27,27,25,27,27,26,27
1791409233.167511,-0.019597,0.704482,-1.456410,0.034584,0.719378,-1.495350,-0.056979,0.724671,-1.429192,0.106801,0.714861,-1.439776,26,26,27,26,26,27,27,25,27,27,26,27
1791409233.187660,-0.019567,0.704360,-1.456410,0.034554,0.719257,-1.495350,-0.057009,0.724580,-1.429192,0.106862,0.714770,-1.439808,26,26,27,26,25,27,27,25,27,27,26,27
1791409233.207887,-0.019597,0.704179,-1.456410,0.034554,0.719136,-1.495350,-0.057009,0.724429,-1.429192,0.106862,0.714619,-1.439792,26,26,27,26,25,27,27,25,27,27,26,27
1791409233.227735,-0.019597,0.704088,-1.456410,0.034554,0.718924,-1.495366,-0.057009,0.724338,-1.429192,0.106862,0.714407,-1.439776,26,26,27,26,26,27,27,25,27,27,26,27
1791409233.247672,-0.019567,0.704027,-1.456395,0.034584,0.718712,-1.495366,-0.057009,0.724217,-1.429208,0.106832,0.714316,-1.439776,26,26,27,26,25,27,27,25,27,27,26,27
1791409233.267673,-0.019567,0.703937,-1.456426,0.034584,0.718561,-1.495366,-0.057070,0.724035,-1.429192,0.106862,0.714286,-1.439776,26,26,27,26,25,27,27,25,27,27,26,27
1791409233.287540,-0.019536,0.703755,-1.456410,0.034645,0.718379,-1.495350,-0.056979,0.723884,-1.429192,0.106862,0.714256,-1.439760,26,26,27,26,25,27,27,25,27,27,26,27
1791409233.307734,-0.019476,0.703694,-1.456426,0.034796,0.718288,-1.495366,-0.057009,0.723763,-1.429192,0.106923,0.714165,-1.439792,26,26,27,26,25,27,27,25,27,27,26,27
1791409233.327691,-0.019597,0.703664,-1.459380,0.034948,0.718863,-1.497909,-0.059401,0.723097,-1.431009,0.109042,0.714074,-1.441972,26,26,27,26,25,27,27,25,27,27,26,27
1791409233.347600,-0.019627,0.704815,-1.468843,0.035069,0.721800,-1.507987,-0.063398,0.724429,-1.440708,0.111858,0.715891,-1.451008,26,26,27,26,26,27,27,25,27,27,26,27
1791409233.367631,-0.019991,0.707085,-1.480832,0.035190,0.726887,-1.520530,-0.065820,0.727396,-1.451671,0.113281,0.719221,-1.462318,26,26,27,26,26,27,27,25,27,27,26,27
1791409233.387678,-0.020445,0.712505,-1.498699,0.035553,0.733760,-1.538097,-0.067697,0.731514,-1.467168,0.114674,0.723218,-1.478479,26,26,27,26,25,27,27,25,27,27,26,27
1791409233.407648,-0.020747,0.718046,-1.515807,0.035674,0.739664,-1.554983,-0.069242,0.735571,-1.481765,0.115673,0.728123,-1.493407,26,26,27,26,26,27,27,25,27,27,26,27
1791409233.427640,-0.020929,0.722678,-1.531004,0.035674,0.744297,-1.570465,-0.070453,0.739386,-1.497483,0.116763,0.733119,-1.507150,26,26,27,26,26,27,27,25,27,27,26,27
1791409233.447602,-0.021050,0.727523,-1.545000,0.035705,0.748354,-1.584303,-0.071482,0.743383,-1.511716,0.118034,0.737691,-1.522947,26,26,27,26,25,27,27,25,27,27,26,27
1791409233.467741,-0.021141,0.731671,-1.558585,0.035826,0.751624,-1.598125,-0.072875,0.747682,-1.525854,0.119457,0.741717,-1.537417,26,26,27,26,25,27,27,25,27,27,26,27
1791409233.487627,-0.021202,0.736545,-1.571602,0.035886,0.755075,-1.611284,-0.074298,0.751437,-1.542062,0.121002,0.744927,-1.553720,26,26,27,26,25,27,27,25,27,27,26,27
1791409233.507668,-0.021232,0.739876,-1.584334,0.035947,0.758012,-1.624158,-0.075872,0.755070,-1.557211,0.122182,0.748167,-1.568869,26,26,27,26,26,27,27,25,27,27,26,27
1791409233.527671,-0.021323,0.742783,-1.598899,0.036007,0.760525,-1.637333,-0.077840,0.758824,-1.573513,0.123454,0.751618,-1.584808,26,26,27,26,25,27,27,25,27,27,26,27
1791409233.547581,-0.021414,0.745326,-1.611631,0.036038,0.763159,-1.650950,-0.079566,0.763093,-1.590464,0.124786,0.756009,-1.601679,26,26,27,26,26,27,27,25,27,27,26,27
1791409233.567673,-0.021474,0.747839,-1.624316,0.036098,0.765945,-1.663588,-0.081534,0.766969,-1.606024,0.125997,0.760278,-1.617824,26,26,27,26,26,27,27,25,27,27,26,27
1791409233.587818,-0.021535,0.750564,-1.638850,0.036159,0.768761,-1.677394,-0.083351,0.771087,-1.622089,0.127481,0.764668,-1.633873,26,26,27,26,25,27,27,25,27,27,26,27
1791409233.607609,-0.021747,0.753501,-1.651140,0.036189,0.771758,-1.689763,-0.085531,0.775689,-1.638376,0.129176,0.769179,-1.650397,26,26,27,26,25,27,27,25,27,27,26,27
1791409233.627691,-0.022019,0.756771,-1.664836,0.036189,0.775059,-1.702843,-0.087166,0.780594,-1.654125,0.130509,0.773600,-1.666194,26,26,27,26,25,27,27,25,27,27,26,27
1791409233.647662,-0.022534,0.760616,-1.678958,0.036189,0.778631,-1.716839,-0.089558,0.785408,-1.669101,0.132174,0.777990,-1.681122,26,26,27,26,25,27,27,25,27,27,26,27
1791409233.667683,-0.023049,0.764946,-1.693191,0.036219,0.782688,-1.729587,-0.091526,0.790797,-1.684076,0.133446,0.783349,-1.696161,26,26,27,26,26,27,27,25,27,27,26,27
1791409233.687706,-0.023503,0.769851,-1.707077,0.036250,0.787472,-1.743110,-0.093675,0.795551,-1.699463,0.134354,0.788375,-1.710805,26,26,27,26,26,27,27,25,27,27,26,27
1791409233.707748,-0.023775,0.775119,-1.721357,0.036219,0.792710,-1.755937,-0.095522,0.801485,-1.713648,0.135050,0.794612,-1.725496,26,26,27,26,25,27,27,25,27,27,26,27
1791409233.727821,-0.023957,0.780509,-1.734358,0.036310,0.798221,-1.768606,-0.097309,0.806905,-1.727976,0.136261,0.800274,-1.739934,26,26,27,26,25,27,27,25,27,27,26,27
1791409233.747702,-0.024108,0.786322,-1.748291,0.036371,0.803883,-1.781844,-0.098944,0.813112,-1.741862,0.137351,0.806572,-1.753488,26,26,27,26,26,27,27,25,27,27,26,27
1791409233.767723,-0.024199,0.792226,-1.762034,0.036462,0.809545,-1.794608,-0.100427,0.818865,-1.755084,0.138320,0.812839,-1.766695,26,26,27,26,25,27,27,25,27,27,26,27
1791409233.787706,-0.024290,0.798705,-1.775967,0.036583,0.815449,-1.806850,-0.102032,0.825041,-1.768859,0.139229,0.819531,-1.779553,26,26,27,26,26,27,27,25,27,27,26,27
1791409233.807770,-0.024411,0.805094,-1.789916,0.036673,0.821535,-1.819678,-0.103485,0.831672,-1.782097,0.139895,0.826252,-1.793186,26,26,27,26,26,27,27,25,27,27,26,27
1791409233.827907,-0.024593,0.811180,-1.802411,0.036825,0.827802,-1.832236,-0.105151,0.837546,-1.794782,0.141045,0.832217,-1.805144,26,26,27,26,25,27,27,25,27,27,26,27
1791409233.847666,-0.024684,0.818174,-1.817308,0.037037,0.834433,-1.846169,-0.106392,0.843904,-1.807530,0.142075,0.838333,-1.817893,26,26,27,26,26,27,27,25,27,27,26,27
1791409233.867728,-0.024865,0.824593,-1.830388,0.037188,0.840246,-1.858902,-0.107724,0.849808,-1.821273,0.142953,0.844964,-1.830024,26,26,27,26,26,27,27,25,27,27,26,27
1791409233.887784,-0.025047,0.831042,-1.843863,0.037430,0.846241,-1.871586,-0.109208,0.855985,-1.834416,0.144194,0.851474,-1.843247,26,26,27,26,25,27,27,25,27,27,26,27
1791409233.907726,-0.025350,0.837430,-1.856927,0.037582,0.852841,-1.884698,-0.110601,0.862373,-1.847749,0.145375,0.857347,-1.857464,26,26,27,26,26,27,27,25,27,27,26,27
1791409233.927860,-0.025683,0.843092,-1.871302,0.037794,0.858655,-1.898489,-0.112084,0.868823,-1.860434,0.146737,0.863070,-1.869975,26,26,27,26,26,27,27,25,27,27,26,27
1791409233.947670,-0.026258,0.849390,-1.885409,0.037915,0.864468,-1.912453,-0.113659,0.874757,-1.874256,0.148039,0.869791,-1.883955,26,26,27,26,25,27,27,25,27,27,26,27
1791409233.967744,-0.026561,0.855597,-1.899057,0.038127,0.870191,-1.925549,-0.114900,0.879965,-1.887778,0.149493,0.875302,-1.897336,26,26,27,26,26,27,27,25,27,27,26,27
1791409233.987713,-0.027015,0.860865,-1.912011,0.038248,0.875368,-1.937981,-0.116565,0.885778,-1.900669,0.150401,0.880903,-1.910542,26,26,27,26,25,27,27,25,27,27,26,27
1791409234.007738,-0.027378,0.866527,-1.926212,0.038278,0.881212,-1.951867,-0.118291,0.891500,-1.915486,0.151552,0.886020,-1.924822,26,26,27,26,26,27,27,25,27,27,26,27
1791409234.027802,-0.027590,0.871553,-1.939687,0.038369,0.886056,-1.965089,-0.119926,0.897193,-1.928803,0.152823,0.891833,-1.938392,26,26,27,26,26,27,27,25,27,27,26,27
1791409234.047666,-0.027772,0.877064,-1.953051,0.038490,0.890810,-1.977979,-0.121712,0.902582,-1.944079,0.154186,0.897435,-1.953462,26,26,27,26,26,27,27,25,27,27,26,27
1791409234.067700,-0.027863,0.882302,-1.968090,0.038672,0.895926,-1.991896,-0.123620,0.908002,-1.958628,0.155851,0.903339,-1.967885,26,26,27,26,26,27,27,25,27,27,26,27
1791409234.087625,-0.027984,0.887176,-1.981612,0.038914,0.900619,-2.004881,-0.125437,0.913815,-1.973508,0.157425,0.908819,-1.982829,26,26,27,26,26,27,27,25,27,27,26,27
1791409234.107724,-0.028044,0.891657,-1.995103,0.039065,0.905282,-2.017566,-0.127162,0.919901,-1.988026,0.158637,0.914390,-1.996920,26,26,27,26,25,27,27,25,27,27,26,27
1791409234.127689,-0.028196,0.896320,-2.009099,0.039247,0.909915,-2.030867,-0.129282,0.925078,-2.002496,0.160150,0.919447,-2.011421,26,26,27,26,26,27,27,25,27,27,26,27
1791409234.147769,-0.028226,0.900892,-2.022400,0.039429,0.914335,-2.043647,-0.131401,0.929832,-2.017598,0.161634,0.924624,-2.025196,26,26,27,26,25,27,27,25,27,27,26,27
1791409234.167780,-0.028377,0.905979,-2.036712,0.039580,0.919361,-2.057454,-0.133824,0.934646,-2.031088,0.163087,0.929832,-2.039950,26,26,27,26,25,27,27,25,27,27,26,27
1791409234.187706,-0.028468,0.910823,-2.049618,0.039732,0.924054,-2.069680,-0.135913,0.940308,-2.046001,0.164662,0.935494,-2.054263,26,26,27,26,25,27,27,25,27,27,26,27
1791409234.207708,-0.028559,0.916212,-2.062903,0.039853,0.928838,-2.082223,-0.138365,0.945849,-2.060708,0.165812,0.940883,-2.069048,26,26,27,26,25,27,27,25,27,27,26,27
1791409234.227858,-0.028741,0.920663,-2.075415,0.039974,0.934500,-2.094608,-0.140939,0.951571,-2.074357,0.167266,0.946575,-2.082745,26,26,27,26,26,27,27,25,27,27,26,27
1791409234.247750,-0.028862,0.926234,-2.090122,0.040065,0.939677,-2.107799,-0.143209,0.957082,-2.088605,0.168991,0.952540,-2.096393,26,26,27,26,26,27,27,25,27,27,26,27
1791409234.267955,-0.029074,0.931503,-2.103518,0.040307,0.944855,-2.121795,-0.145813,0.963228,-2.102617,0.170415,0.959231,-2.110974,26,26,27,26,25,27,27,25,27,27,26,27
1791409234.287862,-0.029286,0.936862,-2.117119,0.040428,0.950002,-2.135048,-0.148175,0.968708,-2.117261,0.172171,0.964530,-2.124638,26,26,27,26,25,27,27,25,27,27,26,27
1791409234.307860,-0.029528,0.942433,-2.130941,0.040519,0.955331,-2.148002,-0.150567,0.974461,-2.131510,0.173866,0.969707,-2.139203,26,26,27,26,26,27,27,25,27,27,26,27
1791409234.327871,-0.029952,0.947883,-2.143926,0.040610,0.960993,-2.161224,-0.152838,0.979608,-2.145680,0.175713,0.975218,-2.153752,26,26,27,26,25,27,27,25,27,27,26,27
1791409234.347894,-0.030345,0.953363,-2.158602,0.040761,0.966201,-2.174572,-0.154987,0.985119,-2.159281,0.177923,0.980637,-2.167227,26,26,27,26,25,27,27,25,27,27,26,27
1791409234.367847,-0.030800,0.959297,-2.171192,0.040821,0.971348,-2.187968,-0.157561,0.990932,-2.173309,0.179710,0.986360,-2.181349,26,26,27,26,26,27,27,25,27,27,26,27
1791409234.387718,-0.031224,0.965292,-2.185046,0.040852,0.976889,-2.201601,-0.159953,0.997108,-2.187810,0.181526,0.991870,-2.195203,26,26,27,26,25,27,27,25,27,27,26,27
1791409234.407896,-0.031647,0.970954,-2.199152,0.040882,0.982248,-2.214602,-0.162284,1.003043,-2.201791,0.183282,0.997714,-2.209405,26,26,27,26,26,27,27,25,27,27,26,27
1791409234.427859,-0.031980,0.976011,-2.212548,0.041064,0.987455,-2.228630,-0.164676,1.009280,-2.215281,0.185311,1.003800,-2.222895,26,26,27,26,26,27,27,25,27,27,26,27
1791409234.447780,-0.032192,0.981642,-2.225897,0.041336,0.993208,-2.241883,-0.167432,1.014791,-2.230273,0.187521,1.009674,-2.237760,26,26,27,26,26,27,27,25,27,27,26,27
1791409234.467777,-0.032314,0.986577,-2.239766,0.041790,0.997992,-2.255311,-0.170187,1.020059,-2.244411,0.189520,1.015336,-2.251867,26,26,27,26,26,27,27,25,27,27,26,27
1791409234.487843,-0.032586,0.992360,-2.254284,0.042093,1.003714,-2.268422,-0.173154,1.025418,-2.258486,0.191548,1.020816,-2.266052,26,26,27,26,25,27,27,25,27,27,26,27
1791409234.507959,-0.032798,0.997689,-2.267427,0.042426,1.008710,-2.282039,-0.176091,1.031110,-2.271771,0.193668,1.026538,-2.279449,26,26,27,26,25,27,27,25,27,27,26,27
1791409234.527842,-0.033010,1.002897,-2.280507,0.042638,1.014039,-2.294771,-0.179209,1.036439,-2.286336,0.196120,1.032018,-2.293982,26,26,27,26,26,27,27,25,27,27,26,27
1791409234.547855,-0.033343,1.007711,-2.293839,0.042850,1.018914,-2.308388,-0.181904,1.042282,-2.299906,0.198724,1.037680,-2.307220,26,26,27,26,25,27,27,25,27,27,26,27
1791409234.568095,-0.033676,1.013010,-2.306619,0.043183,1.023970,-2.320789,-0.185023,1.048066,-2.314865,0.201540,1.043130,-2.320426,26,26,27,26,26,27,27,25,27,27,26,27
1791409234.587908,-0.034130,1.018732,-2.319494,0.043213,1.029238,-2.334390,-0.188141,1.054272,-2.327992,0.204416,1.048853,-2.335196,26,26,27,26,26,27,27,25,27,27,26,27
1791409234.607929,-0.034524,1.023970,-2.331942,0.043456,1.034174,-2.346191,-0.191109,1.059844,-2.341689,0.206899,1.054272,-2.349129,26,26,27,26,25,27,27,25,27,27,26,27
1791409234.627927,-0.035038,1.028936,-2.344579,0.043577,1.038867,-2.359065,-0.194015,1.065415,-2.355227,0.209472,1.060176,-2.362477,26,26,27,26,26,27,27,25,27,27,26,27
1791409234.647845,-0.035523,1.033931,-2.357959,0.043728,1.044407,-2.372319,-0.197225,1.070925,-2.369096,0.212409,1.065808,-2.375810,26,26,27,26,26,27,27,25,27,27,26,27
1791409234.667911,-0.035826,1.039260,-2.371229,0.043940,1.050190,-2.385999,-0.200888,1.076405,-2.382287,0.214771,1.071621,-2.389032,26,26,27,26,26,27,27,25,27,27,26,27
1791409234.688047,-0.036159,1.045074,-2.384388,0.044122,1.055761,-2.398952,-0.204461,1.081855,-2.396283,0.217102,1.077071,-2.402712,26,26,27,26,26,27,27,25,27,27,26,27
1791409234.707887,-0.036401,1.051069,-2.397736,0.044273,1.061363,-2.411906,-0.207792,1.088032,-2.410042,0.219797,1.082976,-2.417419,26,26,27,26,26,27,27,25,27,27,26,27
1791409234.727859,-0.036734,1.057184,-2.411179,0.044394,1.067388,-2.425033,-0.211364,1.094087,-2.423738,0.222552,1.089122,-2.431226,26,26,27,26,26,27,27,25,27,27,26,27
1791409234.747860,-0.037218,1.062634,-2.425649,0.044546,1.073141,-2.439298,-0.214664,1.100506,-2.437687,0.225580,1.095238,-2.444669,26,26,27,26,25,27,27,25,27,27,26,27
1791409234.768009,-0.037703,1.068599,-2.438919,0.045030,1.078894,-2.452883,-0.218177,1.105926,-2.452204,0.228487,1.101324,-2.459123,26,26,27,26,25,27,27,25,27,27,26,27
1791409234.788060,-0.038248,1.074473,-2.452931,0.045393,1.084979,-2.466579,-0.221931,1.111860,-2.466105,0.231757,1.107076,-2.473419,26,26,27,26,26,27,27,25,27,27,26,27
1791409234.807888,-0.038702,1.080256,-2.466579,0.045696,1.090460,-2.480212,-0.226140,1.117674,-2.479975,0.235299,1.112799,-2.487194,26,26,27,26,25,27,27,25,27,27,26,27
1791409234.827874,-0.039156,1.085615,-2.481223,0.045878,1.095849,-2.494414,-0.230167,1.123759,-2.493734,0.238630,1.118430,-2.501127,26,26,27,26,25,27,27,25,27,27,26,27
1791409234.847954,-0.039520,1.090974,-2.494429,0.046211,1.101208,-2.507746,-0.234224,1.129270,-2.507999,0.242021,1.124304,-2.514286,26,26,27,26,26,27,27,25,27,27,26,27
1791409234.867995,-0.039792,1.096576,-2.508473,0.046756,1.106628,-2.521411,-0.238523,1.134902,-2.522058,0.245442,1.129633,-2.528093,26,26,27,26,26,27,27,25,27,27,26,27
1791409234.887906,-0.040276,1.102419,-2.521727,0.046968,1.112108,-2.534506,-0.242974,1.140563,-2.535897,0.248652,1.134962,-2.542705,26,26,27,26,26,27,27,25,27,27,26,27
1791409234.907901,-0.040519,1.107566,-2.535217,0.047210,1.117316,-2.547365,-0.246910,1.146316,-2.549577,0.252285,1.140745,-2.556385,26,26,27,26,26,27,27,25,27,27,26,27
1791409234.927928,-0.040973,1.113077,-2.548897,0.047392,1.122856,-2.560587,-0.250543,1.152462,-2.563130,0.255979,1.147103,-2.569591,26,26,27,26,26,27,27,25,27,27,26,27
1791409234.947835,-0.041397,1.118315,-2.562325,0.047695,1.128276,-2.572719,-0.254903,1.157852,-2.576874,0.260097,1.152977,-2.583382,26,26,27,26,26,27,27,25,27,27,26,27
1791409234.967880,-0.041790,1.123311,-2.574915,0.048239,1.134180,-2.586020,-0.259263,1.163453,-2.590159,0.263488,1.158579,-2.596367,26,26,27,26,25,27,27,25,27,27,26,27
1791409234.987996,-0.042033,1.128670,-2.587932,0.048875,1.139388,-2.599069,-0.263593,1.168388,-2.603397,0.266515,1.163302,-2.609400,26,26,27,26,25,27,27,25,27,27,26,27
1791409235.008132,-0.042578,1.134029,-2.600427,0.049208,1.144111,-2.611453,-0.267529,1.174535,-2.615861,0.270149,1.168267,-2.621927,26,26,27,26,25,27,27,25,27,27,26,27
1791409235.027852,-0.043001,1.139691,-2.613049,0.049390,1.149470,-2.623822,-0.271919,1.180590,-2.629573,0.274024,1.173414,-2.635481,26,26,27,26,25,27,27,25,27,27,26,27
1791409235.047952,-0.043546,1.144868,-2.625544,0.049541,1.155072,-2.636902,-0.276158,1.186827,-2.642242,0.277748,1.179349,-2.648165,26,26,27,26,25,27,27,25,27,27,26,27
1791409235.068134,-0.044061,1.150439,-2.638308,0.050117,1.160885,-2.650077,-0.281003,1.192308,-2.655874,0.281442,1.184738,-2.661577,26,26,27,26,26,27,27,25,27,27,26,27
1791409235.087932,-0.044758,1.156374,-2.651736,0.050631,1.166274,-2.662667,-0.285968,1.198575,-2.667770,0.285802,1.190854,-2.674215,26,26,27,26,26,27,27,25,27,27,26,27
1791409235.108102,-0.045272,1.162187,-2.664642,0.051116,1.171815,-2.675984,-0.290903,1.204600,-2.681450,0.290435,1.196637,-2.687389,26,26,27,26,25,27,27,25,27,27,26,27
1791409235.127950,-0.045999,1.168333,-2.677816,0.051479,1.177477,-2.688669,-0.295717,1.210535,-2.693882,0.295067,1.202996,-2.700058,26,26,27,26,26,27,27,25,27,27,26,27
1791409235.147854,-0.047725,1.177295,-2.690043,0.052145,1.183835,-2.702160,-0.299623,1.217014,-2.706298,0.300275,1.209414,-2.711306,26,26,27,26,26,27,27,25,27,27,26,27
1791409235.167985,-0.049087,1.187348,-2.700769,0.052509,1.190284,-2.714860,-0.302802,1.224826,-2.716077,0.305664,1.216863,-2.723217,26,26,27,26,26,27,27,25,27,27,26,27
1791409235.187943,-0.051146,1.196552,-2.712191,0.052357,1.197339,-2.728177,-0.305376,1.232335,-2.724639,0.309025,1.223494,-2.731589,26,26,27,26,25,27,27,25,27,27,26,27
1791409235.207931,-0.052478,1.204303,-2.723059,0.052630,1.205121,-2.741936,-0.307586,1.239904,-2.731826,0.311962,1.231063,-2.740625,26,26,27,26,25,27,27,25,27,27,26,27
1791409235.228036,-0.053720,1.212236,-2.734448,0.052842,1.212387,-2.754353,-0.310463,1.246898,-2.738840,0.314929,1.238208,-2.750972,26,26,27,26,26,27,27,25,27,27,26,27
1791409235.247890,-0.055234,1.219775,-2.745175,0.053387,1.221591,-2.767006,-0.313702,1.254316,-2.747165,0.317805,1.245566,-2.759582,26,26,27,26,26,27,27,25,27,27,26,27
1791409235.267846,-0.059715,1.224740,-2.756849,0.056172,1.228586,-2.782582,-0.325178,1.257949,-2.758887,0.329220,1.246928,-2.774810,26,26,27,26,25,27,27,25,27,27,26,27
1791409235.287949,-0.061774,1.231916,-2.766516,0.056929,1.237215,-2.795741,-0.338076,1.264126,-2.763705,0.339666,1.256647,-2.784477,26,26,27,26,26,27,27,25,27,27,26,27
1791409235.308027,-0.062591,1.235337,-2.768886,0.056233,1.240636,-2.797747,-0.347795,1.266276,-2.769265,0.347447,1.265761,-2.788522,26,26,27,26,25,27,27,25,27,27,26,27
1791409235.328080,-0.062682,1.239001,-2.768933,0.055960,1.243724,-2.797794,-0.359240,1.270908,-2.770687,0.356712,1.273573,-2.792913,26,26,27,26,25,27,27,25,27,27,26,27
1791409235.348031,-0.062712,1.240061,-2.768918,0.055779,1.245329,-2.797779,-0.365204,1.272089,-2.770782,0.359225,1.276903,-2.795662,26,26,27,26,25,27,27,25,27,27,26,27
1791409235.367985,-0.062561,1.240424,-2.768902,0.055688,1.245723,-2.797763,-0.366022,1.271665,-2.770797,0.358983,1.276964,-2.795646,26,26,27,26,26,27,27,25,27,27,26,27
1791409235.387962,-0.062561,1.240757,-2.768902,0.055657,1.245813,-2.797794,-0.366537,1.271877,-2.770797,0.359104,1.276964,-2.795646,26,26,27,26,25,27,27,25,27,27,26,27
1791409235.407970,-0.062561,1.240848,-2.768902,0.055597,1.245904,-2.797779,-0.366900,1.271786,-2.770766,0.359104,1.276964,-2.795646,26,26,27,26,26,27,27,25,27,27,26,27
1791409235.427993,-0.062561,1.240939,-2.768918,0.055567,1.245874,-2.797779,-0.367263,1.271816,-2.770797,0.359104,1.276964,-2.795662,26,26,27,26,26,27,27,25,27,27,26,27
1791409235.447820,-0.062561,1.240969,-2.768918,0.055567,1.245935,-2.797779,-0.367475,1.271816,-2.770797,0.359104,1.276994,-2.795662,26,26,27,26,25,27,27,25,27,27,26,27
1791409235.468028,-0.062561,1.241030,-2.768933,0.055536,1.245904,-2.797794,-0.367627,1.271786,-2.770797,0.359104,1.277024,-2.795646,26,26,27,26,26,27,27,25,27,27,26,27
1791409235.488041,-0.062500,1.241060,-2.768918,0.055506,1.245935,-2.797794,-0.367778,1.271786,-2.770797,0.359134,1.276933,-2.795646,26,26,27,26,25,27,27,25,27,27,26,27
1791409235.507999,-0.062561,1.241090,-2.768918,0.055506,1.245935,-2.797794,-0.367899,1.271786,-2.770797,0.359134,1.276964,-2.795646,26,26,27,26,25,27,27,25,27,27,26,27
1791409235.528174,-0.062500,1.241121,-2.768933,0.055506,1.245965,-2.797779,-0.367960,1.271786,-2.770797,0.359104,1.276964,-2.795662,26,26,27,26,25,27,27,25,27,27,26,27
1791409235.548113,-0.062530,1.241181,-2.768933,0.055506,1.245935,-2.797794,-0.368081,1.271786,-2.770813,0.359134,1.276964,-2.795646,26,26,27,26,25,27,27,25,27,27,26,27
1791409235.568159,-0.062561,1.241181,-2.768933,0.055506,1.245965,-2.797779,-0.368081,1.271786,-2.770797,0.359104,1.276994,-2.795662,26,26,27,26,26,27,27,25,27,27,26,27
1791409235.587861,-0.062530,1.241242,-2.768933,0.055506,1.245935,-2.797794,-0.368172,1.271816,-2.770782,0.359165,1.276964,-2.795662,26,26,27,26,26,27,27,25,27,27,26,27
1791409235.607929,-0.062530,1.241211,-2.768949,0.055506,1.245965,-2.797779,-0.368172,1.271786,-2.770813,0.359104,1.276994,-2.795662,26,26,27,26,26,27,27,25,27,27,26,27
1791409235.627948,-0.062561,1.241242,-2.768933,0.055506,1.245965,-2.797810,-0.368202,1.271756,-2.770813,0.359195,1.276964,-2.795662,26,26,27,26,25,27,27,25,27,27,26,27
1791409235.647959,-0.062530,1.241272,-2.768933,0.055506,1.245935,-2.797794,-0.368262,1.271786,-2.770813,0.359134,1.276994,-2.795662,26,26,27,26,26,27,27,25,27,27,26,27
1791409235.668117,-0.062530,1.241272,-2.768933,0.055506,1.245965,-2.797779,-0.368262,1.271816,-2.770813,0.359104,1.276964,-2.795662,26,26,27,26,25,27,27,25,27,27,26,27
1791409235.688099,-0.062561,1.241272,-2.768933,0.055506,1.245935,-2.797779,-0.368293,1.271786,-2.770813,0.359134,1.277024,-2.795662,26,26,27,26,26,27,27,25,27,27,26,27
1791409235.708193,-0.062530,1.241242,-2.768918,0.055506,1.245935,-2.797794,-0.368293,1.271816,-2.770797,0.359195,1.276994,-2.795662,26,26,27,26,26,27,27,25,27,27,26,27
1791409235.728001,-0.062530,1.241302,-2.768933,0.055506,1.245965,-2.797794,-0.368293,1.271816,-2.770797,0.359165,1.276994,-2.795662,26,26,27,26,26,27,27,25,27,27,26,27
1791409235.748144,-0.062530,1.241302,-2.768933,0.055506,1.245965,-2.797794,-0.368323,1.271786,-2.770782,0.359134,1.276994,-2.795678,26,26,27,26,26,27,27,25,27,27,26,27
1791409235.767992,-0.062561,1.241272,-2.768949,0.055506,1.245965,-2.797794,-0.368353,1.271847,-2.770782,0.359134,1.276994,-2.795662,26,26,27,26,25,27,27,25,27,27,26,27
1791409235.788157,-0.062561,1.241302,-2.768933,0.055476,1.245965,-2.797794,-0.368444,1.271786,-2.770813,0.359165,1.276994,-2.795662,26,26,27,26,26,27,27,25,27,27,26,27
1791409235.808162,-0.062561,1.241333,-2.768933,0.055506,1.245965,-2.797794,-0.368444,1.271816,-2.770813,0.359195,1.276994,-2.795662,26,26,27,26,26,27,27,25,27,27,26,27
1791409235.828057,-0.062500,1.241302,-2.768918,0.055476,1.245935,-2.797779,-0.368384,1.271816,-2.770813,0.359165,1.276964,-2.795662,26,26,27,26,25,27,27,25,27,27,26,27
1791409235.848089,-0.062530,1.241333,-2.768949,0.055506,1.245965,-2.797794,-0.368444,1.271786,-2.770813,0.359134,1.276964,-2.795662,26,26,27,26,25,27,27,25,27,27,26,27
1791409235.868055,-0.062561,1.241333,-2.768918,0.055446,1.245995,-2.797779,-0.368444,1.271816,-2.770797,0.359195,1.276964,-2.795662,26,26,27,26,26,27,27,25,27,27,26,27
1791409235.888102,-0.062530,1.241333,-2.768949,0.055506,1.245935,-2.797779,-0.368474,1.271816,-2.770813,0.359165,1.276964,-2.795662,26,26,27,26,26,27,27,25,27,27,26,27
1791409235.908172,-0.062561,1.241363,-2.768949,0.055506,1.245965,-2.797779,-0.368474,1.271786,-2.770813,0.359165,1.276994,-2.795662,26,26,27,26,26,27,27,25,27,27,26,27
1791409235.928136,-0.062561,1.241363,-2.768949,0.055476,1.245935,-2.797794,-0.368505,1.271816,-2.770813,0.359134,1.276994,-2.795662,26,26,27,26,26,27,27,25,27,27,26,27
1791409235.948177,-0.062530,1.241363,-2.768949,0.055446,1.245935,-2.797779,-0.368474,1.271816,-2.770813,0.359195,1.276994,-2.795662,26,26,27,26,26,27,27,25,27,27,26,27
1791409235.968132,-0.062530,1.241393,-2.768949,0.055476,1.245965,-2.797794,-0.368505,1.271786,-2.770813,0.359195,1.277024,-2.795662,26,26,27,26,25,27,27,25,27,27,26,27
1791409235.988080,-0.062530,1.241363,-2.768949,0.055476,1.245965,-2.797794,-0.368505,1.271786,-2.770813,0.359195,1.276994,-2.795662,26,26,27,26,25,27,27,25,27,27,26,27
1791409236.008188,-0.062530,1.241363,-2.768949,0.055446,1.245965,-2.797794,-0.368565,1.271816,-2.770813,0.359165,1.276994,-2.795662,26,26,27,26,25,27,27,25,27,27,26,27
1791409236.028313,-0.062530,1.241363,-2.768949,0.055446,1.245965,-2.797794,-0.368565,1.271816,-2.770797,0.359195,1.276994,-2.795678,26,26,27,26,26,27,27,25,27,27,26,27
1791409236.048251,-0.062500,1.241363,-2.768949,0.055476,1.245935,-2.797794,-0.368595,1.271786,-2.770813,0.359165,1.276994,-2.795662,26,26,27,26,26,27,27,25,27,27,26,27
1791409236.068192,-0.062561,1.241333,-2.768949,0.055476,1.245965,-2.797794,-0.368565,1.271786,-2.770813,0.359195,1.276994,-2.795662,26,26,27,26,26,27,27,25,27,27,26,27
1791409236.088105,-0.062561,1.241363,-2.768949,0.055446,1.245965,-2.797794,-0.368565,1.271786,-2.770797,0.359195,1.276964,-2.795662,26,26,27,26,25,27,27,25,27,27,26,27
1791409236.108022,-0.062561,1.241393,-2.768949,0.055476,1.245965,-2.797810,-0.368595,1.271786,-2.770813,0.359195,1.276994,-2.795662,26,26,27,26,25,27,27,25,27,27,26,27
1791409236.128083,-0.062530,1.241363,-2.768965,0.055446,1.245965,-2.797794,-0.368595,1.271816,-2.770813,0.359195,1.276964,-2.795662,26,26,27,26,26,27,27,25,27,27,26,27
1791409236.148207,-0.062530,1.241363,-2.768949,0.055446,1.245965,-2.797794,-0.368595,1.271786,-2.770813,0.359165,1.276994,-2.795662,26,26,27,26,26,27,27,25,27,27,26,27
1791409236.168070,-0.062530,1.241393,-2.768965,0.055446,1.245965,-2.797794,-0.368595,1.271816,-2.770797,0.359195,1.276994,-2.795662,26,26,27,26,26,27,27,25,27,27,26,27
1791409236.188159,-0.062530,1.241393,-2.768949,0.055506,1.245965,-2.797794,-0.368595,1.271786,-2.770829,0.359165,1.276994,-2.795662,26,26,27,26,25,27,27,25,27,27,26,27
1791409236.208314,-0.062530,1.241363,-2.768949,0.055446,1.245965,-2.797810,-0.368626,1.271786,-2.770813,0.359165,1.276994,-2.795662,26,26,27,26,26,27,27,25,27,27,26,27
1791409236.228048,-0.062561,1.241363,-2.768965,0.055476,1.245965,-2.797794,-0.368595,1.271786,-2.770813,0.359195,1.276964,-2.795662,26,26,27,26,25,27,27,25,27,27,26,27
1791409236.248859,-0.062561,1.241363,-2.768949,0.055446,1.245965,-2.797794,-0.368595,1.271786,-2.770797,0.359165,1.276994,-2.795678,26,26,27,26,26,27,27,25,27,27,26,27
1791409236.268059,-0.062561,1.241393,-2.768965,0.055446,1.245965,-2.797794,-0.368626,1.271816,-2.770813,0.359195,1.276994,-2.795662,26,26,27,26,25,27,27,25,27,27,26,27
1791409236.288198,-0.062561,1.241363,-2.768965,0.055476,1.245965,-2.797794,-0.368626,1.271816,-2.770813,0.359195,1.276994,-2.795662,26,26,27,26,26,27,27,25,27,27,26,27
1791409236.308154,-0.062530,1.241363,-2.768965,0.055446,1.245935,-2.797794,-0.368626,1.271816,-2.770813,0.359195,1.276994,-2.795662,26,26,27,26,26,27,27,25,27,27,26,27
1791409236.328204,-0.062561,1.241393,-2.768949,0.055446,1.245935,-2.797763,-0.368656,1.271816,-2.770813,0.359195,1.276994,-2.795678,26,26,27,26,25,27,27,25,27,27,26,27
1791409236.348111,-0.062530,1.241363,-2.768965,0.055446,1.245935,-2.797810,-0.368626,1.271786,-2.770813,0.359195,1.276994,-2.795678,26,26,27,26,26,27,27,25,27,27,26,27
1791409236.368178,-0.062530,1.241393,-2.768949,0.055446,1.245965,-2.797779,-0.368626,1.271816,-2.770813,0.359195,1.276964,-2.795678,26,26,27,26,26,27,27,25,27,27,26,27
1791409236.388191,-0.062530,1.241363,-2.768949,0.055446,1.245935,-2.797794,-0.368656,1.271786,-2.770797,0.359195,1.276964,-2.795662,26,26,27,26,26,27,27,25,27,27,26,27
1791409236.408220,-0.062530,1.241393,-2.768949,0.055415,1.245935,-2.797810,-0.368656,1.271816,-2.770813,0.359195,1.276994,-2.795662,26,26,27,26,26,27,27,25,27,27,26,27
1791409236.428313,-0.062561,1.241423,-2.768949,0.055446,1.245965,-2.797794,-0.368626,1.271786,-2.770829,0.359195,1.276964,-2.795678,26,26,27,26,26,27,27,25,27,27,26,27
1791409236.448165,-0.062561,1.241423,-2.768933,0.055446,1.245965,-2.797794,-0.368686,1.271816,-2.770829,0.359195,1.276964,-2.795678,26,26,27,26,25,27,27,25,27,27,26,27
1791409236.468191,-0.062561,1.241393,-2.768965,0.055415,1.245965,-2.797794,-0.368656,1.271786,-2.770797,0.359195,1.276994,-2.795678,26,26,27,26,25,27,27,25,27,27,26,27
1791409236.488223,-0.062561,1.241393,-2.768949,0.055446,1.245935,-2.797794,-0.368686,1.271816,-2.770813,0.359165,1.276994,-2.795662,26,26,27,26,25,27,27,25,27,27,26,27
1791409236.508339,-0.062561,1.241423,-2.768949,0.055446,1.245965,-2.797794,-0.368686,1.271786,-2.770813,0.359195,1.276994,-2.795662,26,26,27,26,26,27,27,25,27,27,26,27
1791409236.528188,-0.062530,1.241423,-2.768949,0.055446,1.245935,-2.797794,-0.368686,1.271816,-2.770797,0.359195,1.276994,-2.795662,26,26,27,26,26,27,27,25,27,27,26,27
1791409236.548054,-0.062530,1.241423,-2.768965,0.055446,1.245935,-2.797810,-0.368656,1.271816,-2.770813,0.359195,1.276994,-2.795662,26,26,27,26,26,27,27,25,27,27,26,27
1791409236.568319,-0.062530,1.241423,-2.768965,0.055446,1.245965,-2.797794,-0.368656,1.271786,-2.770813,0.359195,1.276964,-2.795662,26,26,27,26,26,27,27,25,27,27,26,27
1791409236.588336,-0.062530,1.241423,-2.768981,0.055446,1.245965,-2.797794,-0.368686,1.271816,-2.770813,0.359195,1.276994,-2.795662,26,26,27,26,26,27,27,25,27,27,26,27
1791409236.608199,-0.062530,1.241423,-2.768965,0.055415,1.245965,-2.797794,-0.368656,1.271816,-2.770797,0.359195,1.276994,-2.795662,26,26,27,26,26,27,27,25,27,27,26,27
1791409236.628299,-0.062561,1.241454,-2.768965,0.055415,1.245995,-2.797794,-0.368656,1.271786,-2.770797,0.359165,1.276964,-2.795662,26,26,27,26,25,27,27,25,27,27,26,27
1791409236.648159,-0.062530,1.241423,-2.768965,0.055415,1.245965,-2.797794,-0.368686,1.271786,-2.770813,0.359195,1.276994,-2.795662,26,26,27,26,26,27,27,25,27,27,26,27
1791409236.668213,-0.062530,1.241423,-2.768949,0.055446,1.245965,-2.797794,-0.368656,1.271786,-2.770813,0.359165,1.276994,-2.795662,26,26,27,26,26,27,27,25,27,27,26,27
1791409236.688196,-0.062561,1.241423,-2.768949,0.055446,1.245965,-2.797810,-0.368686,1.271786,-2.770797,0.359195,1.276994,-2.795662,26,26,27,26,26,27,27,25,27,27,26,27
1791409236.708303,-0.062561,1.241423,-2.768981,0.055415,1.245935,-2.797810,-0.368686,1.271786,-2.770813,0.359195,1.276964,-2.795662,26,26,27,26,26,27,27,25,27,27,26,27
1791409236.728235,-0.062561,1.241423,-2.768981,0.055415,1.245935,-2.797794,-0.368686,1.271816,-2.770813,0.359225,1.276994,-2.795678,26,26,27,26,25,27,27,25,27,27,26,27
1791409236.748207,-0.062530,1.241454,-2.768965,0.055415,1.245965,-2.797779,-0.368686,1.271786,-2.770813,0.359195,1.276964,-2.795646,26,26,27,26,26,27,27,25,27,27,26,27
1791409236.768234,-0.062561,1.241484,-2.768965,0.055446,1.245965,-2.797794,-0.368686,1.271786,-2.770813,0.359165,1.276994,-2.795662,26,26,27,26,25,27,27,25,27,27,26,27
1791409236.788139,-0.062561,1.241484,-2.768965,0.055446,1.245965,-2.797794,-0.368656,1.271816,-2.770813,0.359225,1.276964,-2.795646,26,26,27,26,26,27,27,25,27,27,26,27
1791409236.808301,-0.062500,1.241454,-2.768965,0.055415,1.245935,-2.797794,-0.368717,1.271756,-2.770813,0.359225,1.276994,-2.795662,26,26,27,26,26,27,27,25,27,27,26,27
1791409236.828245,-0.062561,1.241454,-2.768965,0.055415,1.245965,-2.797810,-0.368686,1.271786,-2.770813,0.359195,1.276994,-2.795678,26,26,27,26,26,27,27,25,27,27,26,27
1791409236.848313,-0.062561,1.241423,-2.768965,0.055446,1.245965,-2.797794,-0.368717,1.271816,-2.770797,0.359195,1.276964,-2.795678,26,26,27,26,26,27,27,25,27,27,26,27
1791409236.868523,-0.062561,1.241454,-2.768965,0.055446,1.245965,-2.797810,-0.368717,1.271786,-2.770813,0.359195,1.276964,-2.795662,26,26,27,26,26,27,27,25,27,27,26,27
1791409236.888396,-0.062530,1.241454,-2.768965,0.055415,1.245965,-2.797794,-0.368747,1.271756,-2.770813,0.359195,1.276964,-2.795662,26,26,27,26,26,27,27,25,27,27,26,27
1791409236.908272,-0.062561,1.241454,-2.768965,0.055415,1.245965,-2.797794,-0.368747,1.271816,-2.770813,0.359195,1.276933,-2.795662,26,26,27,26,25,27,27,25,27,27,26,27
1791409236.928282,-0.062530,1.241484,-2.768965,0.055446,1.245965,-2.797794,-0.368717,1.271786,-2.770813,0.359255,1.276994,-2.795678,26,26,27,26,25,27,27,25,27,27,26,27
