t,q_FR_hip,q_FR_thigh,q_FR_calf,q_FL_hip,q_FL_thigh,q_FL_calf,q_RR_hip,q_RR_thigh,q_RR_calf,q_RL_hip,q_RL_thigh,q_RL_calf,temp_FR_hip,temp_FR_thigh,temp_FR_calf,temp_FL_hip,temp_FL_thigh,temp_FL_calf,temp_RR_hip,temp_RR_thigh,temp_RR_calf,temp_RL_hip,temp_RL_thigh,temp_RL_calf
1791409359.084434,-0.062561,1.241575,-2.769028,0.055385,1.245965,-2.797794,-0.369231,1.271786,-2.770829,0.359377,1.276964,-2.795678,26,26,27,26,26,27,28,25,27,27,26,27
1791409359.104407,-0.062561,1.241575,-2.769028,0.055385,1.245965,-2.797794,-0.369201,1.271816,-2.770829,0.359346,1.276994,-2.795678,26,26,27,26,26,27,28,25,27,27,26,27
1791409359.124444,-0.062591,1.241575,-2.769044,0.055385,1.245965,-2.797810,-0.369231,1.271816,-2.770845,0.359407,1.276994,-2.795678,26,26,27,26,26,27,28,25,27,27,26,27
1791409359.144382,-0.062591,1.241575,-2.769044,0.055385,1.245995,-2.797794,-0.369231,1.271786,-2.770845,0.359377,1.276994,-2.795678,26,26,27,26,26,27,28,25,27,27,26,27
1791409359.164423,-0.062561,1.241575,-2.769028,0.055355,1.245995,-2.797810,-0.369201,1.271816,-2.770829,0.359407,1.276964,-2.795678,26,26,27,26,26,27,28,25,27,27,26,27
1791409359.184485,-0.062591,1.241544,-2.769028,0.055385,1.245965,-2.797810,-0.369231,1.271756,-2.770829,0.359407,1.276964,-2.795678,26,26,27,26,26,27,28,25,27,27,26,27
1791409359.204531,-0.062561,1.241575,-2.769060,0.055355,1.245965,-2.797810,-0.369201,1.271816,-2.770861,0.359377,1.276994,-2.795678,26,26,27,26,26,27,28,25,27,27,26,27
1791409359.224516,-0.062591,1.241544,-2.769028,0.055355,1.245965,-2.797794,-0.369201,1.271786,-2.770829,0.359377,1.276994,-2.795693,26,26,27,26,26,27,28,25,27,27,26,27
1791409359.244511,-0.062591,1.241575,-2.769028,0.055385,1.245995,-2.797794,-0.369231,1.271816,-2.770845,0.359346,1.276994,-2.795678,26,26,27,26,26,27,28,25,27,27,26,27
1791409359.264549,-0.062591,1.241605,-2.769044,0.055385,1.245965,-2.797810,-0.369231,1.271756,-2.770845,0.359377,1.276964,-2.795678,26,26,27,26,26,27,28,25,27,27,26,27
1791409359.284514,-0.062591,1.241575,-2.769028,0.055355,1.245965,-2.797810,-0.369231,1.271756,-2.770829,0.359377,1.276994,-2.795662,26,26,27,26,26,27,28,25,27,27,26,27
1791409359.304502,-0.062561,1.241575,-2.769044,0.055355,1.245995,-2.797810,-0.369231,1.271786,-2.770829,0.359377,1.276964,-2.795693,26,26,27,26,26,27,28,25,27,27,26,27
1791409359.324432,-0.062561,1.241544,-2.769028,0.055385,1.245995,-2.797794,-0.369201,1.271756,-2.770829,0.359346,1.276964,-2.795678,26,26,27,26,26,27,28,25,27,27,26,27
1791409359.344557,-0.062561,1.241575,-2.769044,0.055355,1.245995,-2.797810,-0.369201,1.271726,-2.770845,0.359346,1.276933,-2.795678,26,26,27,26,26,27,28,25,27,27,26,27
1791409359.364655,-0.062591,1.241544,-2.769044,0.055324,1.245995,-2.797794,-0.369231,1.271816,-2.770845,0.359407,1.276964,-2.795678,26,26,27,26,26,27,28,25,27,27,26,27
1791409359.384409,-0.062621,1.241544,-2.769044,0.055385,1.245965,-2.797794,-0.369231,1.271786,-2.770845,0.359346,1.276994,-2.795693,26,26,27,26,26,27,28,25,27,27,26,27
1791409359.404466,-0.062561,1.241575,-2.769028,0.055355,1.245935,-2.797810,-0.369201,1.271786,-2.770845,0.359346,1.276964,-2.795678,26,26,27,26,26,27,28,25,27,27,26,27
1791409359.424501,-0.062530,1.241575,-2.769044,0.055355,1.245965,-2.797794,-0.369201,1.271756,-2.770845,0.359377,1.276964,-2.795678,26,26,27,26,26,27,28,25,27,27,26,27
1791409359.444466,-0.062561,1.241544,-2.769028,0.055385,1.245965,-2.797794,-0.369201,1.271786,-2.770845,0.359346,1.276964,-2.795693,26,26,27,26,26,27,28,25,27,27,26,27
1791409359.464507,-0.062591,1.241575,-2.769044,0.055385,1.245965,-2.797794,-0.369231,1.271786,-2.770845,0.359316,1.276964,-2.795678,26,26,27,26,26,27,28,25,27,27,26,27
1791409359.484520,-0.062591,1.241575,-2.769044,0.055415,1.245965,-2.797794,-0.369231,1.271756,-2.770845,0.359346,1.276964,-2.795678,26,26,27,26,26,27,28,25,27,27,26,27
1791409359.504477,-0.062561,1.241605,-2.769028,0.055385,1.245965,-2.797810,-0.369201,1.271756,-2.770845,0.359346,1.276994,-2.795693,26,26,27,26,26,27,28,25,27,27,26,27
1791409359.524581,-0.062561,1.241575,-2.769028,0.055355,1.245965,-2.797810,-0.369201,1.271786,-2.770829,0.359407,1.276994,-2.795678,26,26,27,26,26,27,28,25,27,27,26,27
1791409359.544573,-0.062561,1.241575,-2.769044,0.055355,1.245965,-2.797794,-0.369231,1.271816,-2.770829,0.359377,1.276994,-2.795693,26,26,27,26,26,27,28,25,27,27,26,27
1791409359.564554,-0.062591,1.241575,-2.769044,0.055415,1.245995,-2.797794,-0.369231,1.271816,-2.770829,0.359377,1.276964,-2.795678,26,26,27,26,26,27,28,25,27,27,26,27
1791409359.584556,-0.062530,1.241575,-2.769044,0.055385,1.245965,-2.797810,-0.369262,1.271756,-2.770845,0.359407,1.276933,-2.795678,26,26,27,26,26,27,28,25,27,27,26,27
1791409359.604572,-0.062561,1.241575,-2.769044,0.055385,1.245965,-2.797810,-0.369231,1.271816,-2.770829,0.359346,1.276933,-2.795678,26,26,27,26,26,27,28,25,27,27,26,27
1791409359.624559,-0.062561,1.241544,-2.769044,0.055385,1.245965,-2.797810,-0.369231,1.271786,-2.770829,0.359407,1.276994,-2.795678,26,26,27,26,26,27,28,25,27,27,26,27
1791409359.644580,-0.062561,1.241575,-2.769028,0.055324,1.245965,-2.797794,-0.369231,1.271786,-2.770845,0.359377,1.276994,-2.795662,26,26,27,26,26,27,28,25,27,27,26,27
1791409359.664553,-0.062591,1.241575,-2.769044,0.055355,1.245995,-2.797810,-0.369201,1.271786,-2.770845,0.359377,1.276964,-2.795678,26,26,27,26,26,27,28,25,27,27,26,27
1791409359.684703,-0.062561,1.241544,-2.769044,0.055355,1.245995,-2.797810,-0.369262,1.271756,-2.770829,0.359377,1.276994,-2.795678,26,26,27,26,26,27,28,25,27,27,26,27
1791409359.704882,-0.062591,1.241575,-2.769028,0.055355,1.245995,-2.797810,-0.369201,1.271786,-2.770845,0.359407,1.276994,-2.795678,26,26,27,26,26,27,28,25,27,27,26,27
1791409359.724502,-0.062591,1.241575,-2.769044,0.055294,1.245965,-2.797810,-0.369231,1.271756,-2.770845,0.359346,1.276964,-2.795662,26,26,27,26,26,27,28,25,27,27,26,27
1791409359.744604,-0.062591,1.241575,-2.769044,0.055355,1.245965,-2.797794,-0.369201,1.271816,-2.770845,0.359346,1.276964,-2.795662,26,26,27,26,26,27,28,25,27,27,26,27
1791409359.764548,-0.062591,1.241575,-2.769028,0.055355,1.245965,-2.797810,-0.369171,1.271786,-2.770845,0.359407,1.276964,-2.795678,26,26,27,26,26,27,28,25,27,27,26,27
1791409359.784459,-0.062561,1.241575,-2.769028,0.055324,1.245965,-2.797794,-0.369231,1.271756,-2.770829,0.359377,1.276964,-2.795678,26,26,27,26,26,27,28,25,27,27,26,27
1791409359.804556,-0.062591,1.241575,-2.769044,0.055355,1.245965,-2.797810,-0.369231,1.271756,-2.770829,0.359346,1.276994,-2.795693,26,26,27,26,26,27,28,25,27,27,26,27
1791409359.824530,-0.062591,1.241544,-2.769044,0.055355,1.245965,-2.797794,-0.369231,1.271786,-2.770845,0.359346,1.276964,-2.795678,26,26,27,26,26,27,28,25,27,27,26,27
1791409359.844597,-0.062561,1.241544,-2.769044,0.055355,1.245965,-2.797794,-0.369231,1.271756,-2.770829,0.359377,1.277024,-2.795678,26,26,27,26,26,27,28,25,27,27,26,27
1791409359.864713,-0.062561,1.241544,-2.769044,0.055415,1.245965,-2.797794,-0.369231,1.271786,-2.770861,0.359377,1.277024,-2.795678,26,26,27,26,26,27,28,25,27,27,26,27
1791409359.884584,-0.062591,1.241544,-2.769044,0.055385,1.245995,-2.797810,-0.369201,1.271786,-2.770845,0.359377,1.276933,-2.795678,26,26,27,26,26,27,28,25,27,27,26,27
1791409359.904464,-0.062591,1.241575,-2.769028,0.055385,1.245995,-2.797794,-0.369262,1.271786,-2.770829,0.359377,1.276964,-2.795693,26,26,27,26,26,27,28,25,27,27,26,27
1791409359.924651,-0.062561,1.241544,-2.769028,0.055324,1.245995,-2.797810,-0.369231,1.271756,-2.770829,0.359346,1.276964,-2.795678,26,26,27,26,26,27,28,25,27,27,26,27
1791409359.944664,-0.062621,1.241544,-2.769044,0.055385,1.245995,-2.797810,-0.369201,1.271786,-2.770861,0.359377,1.276964,-2.795678,26,26,27,26,26,27,28,25,27,27,26,27
1791409359.964546,-0.062561,1.241575,-2.769044,0.055385,1.245965,-2.797810,-0.369231,1.271786,-2.770829,0.359377,1.276994,-2.795693,26,26,27,26,26,27,28,25,27,27,26,27
1791409359.984534,-0.062591,1.241575,-2.769028,0.055355,1.245935,-2.797810,-0.369231,1.271756,-2.770845,0.359377,1.276964,-2.795693,26,26,27,26,26,27,28,25,27,27,26,27
1791409360.004489,-0.062561,1.241544,-2.769028,0.055385,1.245965,-2.797810,-0.369201,1.271786,-2.770829,0.359377,1.276933,-2.795662,26,26,27,26,26,27,28,25,27,27,26,27
1791409360.024551,-0.062591,1.241575,-2.769044,0.055355,1.245995,-2.797810,-0.369201,1.271816,-2.770829,0.359377,1.276964,-2.795678,26,26,27,26,26,27,28,25,27,27,26,27
1791409360.044495,-0.062561,1.241544,-2.769044,0.055355,1.245965,-2.797794,-0.369231,1.271786,-2.770845,0.359377,1.276964,-2.795678,26,26,27,26,26,27,28,25,27,27,26,27
1791409360.064640,-0.062561,1.241544,-2.769044,0.055385,1.245965,-2.797794,-0.369231,1.271786,-2.770829,0.359407,1.276964,-2.795693,26,26,27,26,26,27,28,25,27,27,26,27
1791409360.084493,-0.062591,1.241575,-2.769060,0.055355,1.245965,-2.797810,-0.369231,1.271786,-2.770861,0.359377,1.276964,-2.795662,26,26,27,26,26,27,28,25,27,27,26,27
1791409360.104737,-0.062561,1.241575,-2.769028,0.055355,1.245995,-2.797810,-0.369262,1.271786,-2.770845,0.359316,1.276933,-2.795693,26,26,27,26,26,27,28,25,27,27,26,27
1791409360.124589,-0.062591,1.241575,-2.769044,0.055385,1.245995,-2.797794,-0.369201,1.271786,-2.770829,0.359377,1.276994,-2.795678,26,26,27,26,26,27,28,25,27,27,26,27
1791409360.144591,-0.062561,1.241575,-2.769044,0.055355,1.245995,-2.797810,-0.369231,1.271816,-2.770845,0.359377,1.276994,-2.795693,26,26,27,26,26,27,28,25,27,27,26,27
1791409360.164609,-0.062530,1.241575,-2.769044,0.055385,1.245965,-2.797810,-0.369262,1.271816,-2.770829,0.359437,1.276964,-2.795678,26,26,27,26,26,27,28,25,27,27,26,27
1791409360.184673,-0.062591,1.241544,-2.769028,0.055385,1.245965,-2.797794,-0.369231,1.271786,-2.770829,0.359346,1.276933,-2.795678,26,26,27,26,26,27,28,25,27,27,26,27
1791409360.204523,-0.062591,1.241575,-2.769028,0.055385,1.245965,-2.797794,-0.369231,1.271786,-2.770829,0.359377,1.276994,-2.795662,26,26,27,26,26,27,28,25,27,27,26,27
1791409360.224563,-0.062591,1.241575,-2.769044,0.055355,1.245965,-2.797810,-0.369201,1.271786,-2.770845,0.359377,1.276964,-2.795678,26,26,27,26,26,27,28,25,27,27,26,27
1791409360.244577,-0.062621,1.241575,-2.769028,0.055385,1.245965,-2.797794,-0.369231,1.271816,-2.770845,0.359377,1.276994,-2.795678,26,26,27,26,26,27,28,25,27,27,26,27
1791409360.264549,-0.062561,1.241544,-2.769044,0.055355,1.245965,-2.797794,-0.369201,1.271786,-2.770861,0.359377,1.276964,-2.795678,26,26,27,26,26,27,28,25,27,27,26,27
1791409360.284632,-0.062621,1.241544,-2.769028,0.055385,1.245995,-2.797810,-0.369262,1.271786,-2.770845,0.359377,1.276964,-2.795678,26,26,27,26,26,27,28,25,27,27,26,27
1791409360.304533,-0.062591,1.241575,-2.769028,0.055385,1.245965,-2.797810,-0.369201,1.271786,-2.770845,0.359346,1.277024,-2.795662,26,26,27,26,26,27,28,25,27,27,26,27
1791409360.324542,-0.062561,1.241544,-2.769044,0.055385,1.245965,-2.797810,-0.369231,1.271756,-2.770829,0.359377,1.276933,-2.795678,26,26,27,26,26,27,28,25,27,27,26,27
1791409360.344564,-0.062561,1.241575,-2.769028,0.055355,1.245995,-2.797794,-0.369262,1.271756,-2.770845,0.359377,1.276933,-2.795678,26,26,27,26,26,27,28,25,27,27,26,27
1791409360.364590,-0.062561,1.241575,-2.769028,0.055385,1.245965,-2.797810,-0.369231,1.271786,-2.770845,0.359377,1.276994,-2.795678,26,26,27,26,26,27,28,25,27,27,26,27
1791409360.384620,-0.062591,1.241544,-2.769044,0.055385,1.245965,-2.797779,-0.369231,1.271786,-2.770845,0.359346,1.276994,-2.795678,26,26,27,26,26,27,28,25,27,27,26,27
1791409360.404626,-0.062591,1.241544,-2.769044,0.055385,1.245935,-2.797810,-0.369231,1.271786,-2.770829,0.359377,1.276964,-2.795678,26,26,27,26,26,27,28,25,27,27,26,27
1791409360.424534,-0.062530,1.241575,-2.769028,0.055324,1.245995,-2.797810,-0.369262,1.271786,-2.770845,0.359346,1.276994,-2.795678,26,26,27,26,26,27,28,25,27,27,26,27
1791409360.444566,-0.062561,1.241575,-2.769044,0.055355,1.245965,-2.797794,-0.369201,1.271786,-2.770845,0.359377,1.276964,-2.795693,26,26,27,26,26,27,28,25,27,27,26,27
1791409360.464720,-0.062591,1.241544,-2.769028,0.055324,1.245995,-2.797810,-0.369231,1.271756,-2.770829,0.359377,1.276964,-2.795678,26,26,27,26,26,27,28,25,27,27,26,27
1791409360.484562,-0.062530,1.241544,-2.769028,0.055355,1.245965,-2.797794,-0.369231,1.271786,-2.770845,0.359377,1.276994,-2.795678,26,26,27,26,26,27,28,25,27,27,26,27
1791409360.504654,-0.062561,1.241575,-2.769044,0.055324,1.245995,-2.797810,-0.369262,1.271786,-2.770861,0.359377,1.276964,-2.795678,26,26,27,26,26,27,28,25,27,27,26,27
1791409360.524844,-0.062561,1.241575,-2.769044,0.055355,1.245965,-2.797810,-0.369231,1.271756,-2.770845,0.359346,1.276933,-2.795678,26,26,27,26,26,27,28,25,27,27,26,27
1791409360.544687,-0.062561,1.241514,-2.769044,0.055385,1.245965,-2.797794,-0.369231,1.271756,-2.770845,0.359407,1.276964,-2.795678,26,26,27,26,26,27,28,25,27,27,26,27
1791409360.564852,-0.062530,1.241575,-2.769028,0.055355,1.245935,-2.797794,-0.369231,1.271786,-2.770829,0.359346,1.276964,-2.795678,26,26,27,26,26,27,28,25,27,27,26,27
1791409360.584865,-0.062561,1.241544,-2.769028,0.055415,1.245965,-2.797810,-0.369201,1.271786,-2.770845,0.359377,1.276994,-2.795678,26,26,27,26,26,27,28,25,27,27,26,27
1791409360.604704,-0.062561,1.241544,-2.769028,0.055355,1.245965,-2.797826,-0.369231,1.271786,-2.770829,0.359407,1.276994,-2.795678,26,26,27,26,26,27,28,25,27,27,26,27
1791409360.624646,-0.062591,1.241544,-2.769028,0.055355,1.245965,-2.797810,-0.369262,1.271786,-2.770845,0.359377,1.276964,-2.795678,26,26,27,26,26,27,28,25,27,27,26,27
1791409360.644796,-0.062561,1.241605,-2.769044,0.055324,1.245965,-2.797810,-0.369231,1.271756,-2.770861,0.359346,1.276994,-2.795693,26,26,27,26,26,27,28,25,27,27,26,27
1791409360.664730,-0.062591,1.241544,-2.769028,0.055355,1.245965,-2.797810,-0.369231,1.271756,-2.770829,0.359346,1.276994,-2.795693,26,26,27,26,26,27,28,25,27,27,26,27
1791409360.684720,-0.062561,1.241575,-2.769028,0.055385,1.245965,-2.797810,-0.369231,1.271756,-2.770829,0.359377,1.276964,-2.795678,26,26,27,26,26,27,28,25,27,27,26,27
1791409360.704739,-0.062591,1.241544,-2.769044,0.055415,1.245965,-2.797810,-0.369231,1.271756,-2.770845,0.359377,1.276964,-2.795678,26,26,27,26,26,27,28,25,27,27,26,27
1791409360.724792,-0.062591,1.241575,-2.769044,0.055385,1.245965,-2.797810,-0.369231,1.271786,-2.770845,0.359377,1.276964,-2.795662,26,26,27,26,26,27,28,25,27,27,26,27
1791409360.744716,-0.062561,1.241575,-2.769028,0.055355,1.245995,-2.797794,-0.369262,1.271816,-2.770845,0.359377,1.276964,-2.795678,26,26,27,26,26,27,28,25,27,27,26,27
1791409360.764839,-0.062561,1.241575,-2.769044,0.055324,1.245965,-2.797794,-0.369201,1.271756,-2.770861,0.359377,1.276964,-2.795678,26,26,27,26,26,27,28,25,27,27,26,27
1791409360.784711,-0.062561,1.241575,-2.769044,0.055385,1.245965,-2.797794,-0.369201,1.271756,-2.770829,0.359377,1.276994,-2.795662,26,26,27,26,26,27,28,25,27,27,26,27
1791409360.804655,-0.062561,1.241575,-2.769028,0.055324,1.245965,-2.797826,-0.369231,1.271786,-2.770861,0.359377,1.276964,-2.795678,26,26,27,26,26,27,28,25,27,27,26,27
1791409360.824715,-0.062561,1.241575,-2.769028,0.055385,1.245995,-2.797810,-0.369201,1.271816,-2.770861,0.359407,1.276994,-2.795662,26,26,27,26,26,27,28,25,27,27,26,27
1791409360.844672,-0.062591,1.241544,-2.769028,0.055355,1.245965,-2.797810,-0.369201,1.271786,-2.770845,0.359377,1.276933,-2.795693,26,26,27,26,26,27,28,25,27,27,26,27
1791409360.864749,-0.062561,1.241575,-2.769044,0.055355,1.245965,-2.797794,-0.369231,1.271786,-2.770829,0.359377,1.276994,-2.795678,26,26,27,26,26,27,28,25,27,27,26,27
1791409360.884889,-0.062561,1.241575,-2.769028,0.055324,1.245965,-2.797794,-0.369231,1.271816,-2.770845,0.359377,1.276964,-2.795678,26,26,27,26,26,27,28,25,27,27,26,27
1791409360.904817,-0.062561,1.241544,-2.769028,0.055324,1.245965,-2.797794,-0.369231,1.271756,-2.770829,0.359377,1.276994,-2.795662,26,26,27,26,26,27,28,25,27,27,26,27
1791409360.924866,-0.062591,1.241544,-2.769044,0.055385,1.245965,-2.797794,-0.369231,1.271756,-2.770845,0.359346,1.276994,-2.795662,26,26,27,26,26,27,28,25,27,27,26,27
1791409360.944817,-0.062561,1.241544,-2.769044,0.055385,1.245965,-2.797810,-0.369231,1.271756,-2.770829,0.359377,1.276994,-2.795678,26,26,27,26,26,27,28,25,27,27,26,27
1791409360.964910,-0.062591,1.241575,-2.769028,0.055385,1.245965,-2.797810,-0.369231,1.271816,-2.770845,0.359377,1.276964,-2.795678,26,26,27,26,26,27,28,25,27,27,26,27
1791409360.984875,-0.062561,1.241544,-2.769028,0.055385,1.246025,-2.797794,-0.369231,1.271816,-2.770845,0.359346,1.276964,-2.795678,26,26,27,26,26,27,28,25,27,27,26,27
1791409361.004672,-0.062530,1.241544,-2.769044,0.055385,1.245965,-2.797810,-0.369231,1.271816,-2.770845,0.359377,1.276994,-2.795662,26,26,27,26,26,27,28,25,27,27,26,27
1791409361.024832,-0.062591,1.241544,-2.769028,0.055385,1.245995,-2.797794,-0.369231,1.271756,-2.770845,0.359377,1.276994,-2.795678,26,26,27,26,26,27,28,25,27,27,26,27
1791409361.045346,-0.062561,1.241575,-2.769028,0.055385,1.245965,-2.797810,-0.369171,1.271786,-2.770829,0.359377,1.276964,-2.795678,26,26,27,26,26,27,28,25,27,27,26,27
1791409361.064869,-0.062561,1.241575,-2.769012,0.055385,1.245965,-2.797810,-0.369201,1.271786,-2.770861,0.359377,1.276964,-2.795678,26,26,27,26,26,27,28,25,27,27,26,27
1791409361.084660,-0.062561,1.241575,-2.769028,0.055355,1.245995,-2.797810,-0.369231,1.271786,-2.770845,0.359377,1.276994,-2.795662,26,26,27,26,26,27,28,25,27,27,26,27
1791409361.104666,-0.062591,1.241575,-2.769044,0.055355,1.245965,-2.797779,-0.369231,1.271786,-2.770829,0.359346,1.276994,-2.795693,26,26,27,26,26,27,28,25,27,27,26,27
1791409361.124861,-0.062591,1.241544,-2.769012,0.055385,1.245965,-2.797794,-0.369231,1.271786,-2.770845,0.359377,1.276994,-2.795678,26,26,27,26,26,27,28,25,27,27,26,27
1791409361.144757,-0.062561,1.241575,-2.769044,0.055415,1.245965,-2.797794,-0.369201,1.271816,-2.770829,0.359377,1.276933,-2.795678,26,26,27,26,26,27,28,25,27,27,26,27
1791409361.165253,-0.062591,1.241575,-2.769044,0.055385,1.245995,-2.797794,-0.369262,1.271786,-2.770845,0.359407,1.276964,-2.795678,26,26,27,26,26,27,28,25,27,27,26,27
1791409361.184740,-0.062561,1.241544,-2.769028,0.055385,1.245965,-2.797794,-0.369231,1.271786,-2.770829,0.359377,1.276994,-2.795678,26,26,27,26,26,27,28,25,27,27,26,27
1791409361.204757,-0.062561,1.241575,-2.769028,0.055385,1.245995,-2.797810,-0.369262,1.271756,-2.770861,0.359346,1.276964,-2.795678,26,26,27,26,26,27,28,25,27,27,26,27
1791409361.224654,-0.062561,1.241575,-2.769028,0.055415,1.245995,-2.797810,-0.369231,1.271756,-2.770861,0.359377,1.276964,-2.795693,26,26,27,26,26,27,28,25,27,27,26,27
1791409361.244726,-0.062561,1.241575,-2.769044,0.055415,1.245965,-2.797810,-0.369231,1.271786,-2.770829,0.359377,1.276964,-2.795678,26,26,27,26,26,27,28,25,27,27,26,27
1791409361.264665,-0.062561,1.241575,-2.769044,0.055355,1.245965,-2.797794,-0.369231,1.271786,-2.770829,0.359377,1.276994,-2.795678,26,26,27,26,26,27,28,25,27,27,26,27
1791409361.284595,-0.062591,1.241575,-2.769028,0.055355,1.245965,-2.797810,-0.369231,1.271786,-2.770829,0.359377,1.276964,-2.795709,26,26,27,26,26,27,28,25,27,27,26,27
1791409361.304728,-0.062591,1.241544,-2.769028,0.055355,1.245965,-2.797794,-0.369201,1.271756,-2.770829,0.359377,1.276964,-2.795693,26,26,27,26,26,27,28,25,27,27,26,27
1791409361.324867,-0.062591,1.241575,-2.769028,0.055355,1.245995,-2.797810,-0.369231,1.271816,-2.770813,0.359346,1.276994,-2.795662,26,26,27,26,26,27,28,25,27,27,26,27
1791409361.344778,-0.062561,1.241575,-2.769028,0.055355,1.245965,-2.797810,-0.369231,1.271756,-2.770845,0.359377,1.276933,-2.795678,26,26,27,26,26,27,28,25,27,27,26,27
1791409361.364875,-0.062561,1.241575,-2.769044,0.055385,1.245995,-2.797810,-0.369231,1.271756,-2.770845,0.359346,1.276964,-2.795678,26,26,27,26,26,27,28,25,27,27,26,27
1791409361.384740,-0.062561,1.241544,-2.769044,0.055385,1.245935,-2.797810,-0.369231,1.271816,-2.770829,0.359346,1.276964,-2.795678,26,26,27,26,26,27,28,25,27,27,26,27
1791409361.404703,-0.062591,1.241575,-2.769028,0.055355,1.245995,-2.797810,-0.369231,1.271816,-2.770861,0.359346,1.276994,-2.795678,26,26,27,26,26,27,28,25,27,27,26,27
1791409361.424758,-0.062561,1.241514,-2.769028,0.055355,1.245965,-2.797810,-0.369231,1.271786,-2.770829,0.359377,1.276994,-2.795678,26,26,27,26,26,27,28,25,27,27,26,27
1791409361.444778,-0.062591,1.241575,-2.769044,0.055355,1.245965,-2.797794,-0.369231,1.271786,-2.770813,0.359377,1.276994,-2.795678,26,26,27,26,26,27,28,25,27,27,26,27
1791409361.464876,-0.062561,1.241575,-2.769028,0.055355,1.245995,-2.797794,-0.369231,1.271756,-2.770845,0.359377,1.276964,-2.795678,26,26,27,26,26,27,28,25,27,27,26,27
1791409361.484892,-0.062591,1.241575,-2.769028,0.055324,1.245965,-2.797810,-0.369262,1.271756,-2.770861,0.359346,1.276964,-2.795693,26,26,27,26,26,27,28,25,27,27,26,27
1791409361.504767,-0.062621,1.241575,-2.769044,0.055385,1.245965,-2.797794,-0.369231,1.271786,-2.770829,0.359377,1.276964,-2.795678,26,26,27,26,26,27,28,25,27,27,26,27
1791409361.525128,-0.062591,1.241575,-2.769028,0.055415,1.245965,-2.797810,-0.369231,1.271756,-2.770829,0.359346,1.276964,-2.795693,26,26,27,26,26,27,28,25,27,27,26,27
1791409361.544664,-0.062591,1.241575,-2.769028,0.055385,1.245965,-2.797794,-0.369262,1.271756,-2.770861,0.359377,1.276933,-2.795693,26,26,27,26,26,27,28,25,27,27,26,27
1791409361.564855,-0.062561,1.241575,-2.769044,0.055415,1.245995,-2.797794,-0.369231,1.271816,-2.770845,0.359346,1.276964,-2.795693,26,26,27,26,26,27,28,25,27,27,26,27
1791409361.584798,-0.062591,1.241575,-2.769044,0.055385,1.245965,-2.797810,-0.369231,1.271756,-2.770845,0.359407,1.276994,-2.795678,26,26,27,26,26,27,28,25,27,27,26,27
1791409361.604768,-0.062561,1.241544,-2.769044,0.055355,1.245995,-2.797794,-0.369231,1.271816,-2.770829,0.359377,1.276964,-2.795678,26,26,27,26,26,27,28,25,27,27,26,27
1791409361.624884,-0.062561,1.241575,-2.769044,0.055385,1.245995,-2.797810,-0.369231,1.271756,-2.770845,0.359377,1.276964,-2.795709,26,26,27,26,26,27,28,25,27,27,26,27
1791409361.644878,-0.062591,1.241544,-2.769028,0.055355,1.245995,-2.797810,-0.369231,1.271756,-2.770845,0.359377,1.276933,-2.795678,26,26,27,26,26,27,28,25,27,27,26,27
1791409361.664901,-0.062621,1.241575,-2.769044,0.055355,1.245965,-2.797794,-0.369201,1.271756,-2.770861,0.359377,1.276964,-2.795693,26,26,27,26,26,27,28,25,27,27,26,27
1791409361.684756,-0.062561,1.241575,-2.769028,0.055385,1.245965,-2.797810,-0.369201,1.271756,-2.770845,0.359377,1.276933,-2.795678,26,26,27,26,26,27,28,25,27,27,26,27
1791409361.704942,-0.062591,1.241575,-2.769044,0.055385,1.245965,-2.797810,-0.369231,1.271756,-2.770845,0.359377,1.276994,-2.795693,26,26,27,26,26,27,28,25,27,27,26,27
1791409361.724914,-0.062591,1.241514,-2.769028,0.055355,1.245965,-2.797794,-0.369231,1.271786,-2.770845,0.359377,1.276964,-2.795678,26,26,27,26,26,27,28,25,27,27,26,27
1791409361.744951,-0.062591,1.241544,-2.769028,0.055385,1.245965,-2.797810,-0.369231,1.271756,-2.770861,0.359377,1.276994,-2.795678,26,26,27,26,26,27,28,25,27,27,26,27
1791409361.764847,-0.062561,1.241575,-2.769028,0.055355,1.245965,-2.797810,-0.369231,1.271756,-2.770829,0.359377,1.276964,-2.795662,26,26,27,26,26,27,28,25,27,27,26,27
1791409361.784847,-0.062561,1.241575,-2.769028,0.055385,1.245965,-2.797794,-0.369231,1.271756,-2.770829,0.359377,1.276964,-2.795678,26,26,27,26,26,27,28,25,27,27,26,27
1791409361.804781,-0.062561,1.241605,-2.769028,0.055355,1.245965,-2.797810,-0.369231,1.271786,-2.770845,0.359377,1.276964,-2.795693,26,26,27,26,26,27,28,25,27,27,26,27
1791409361.824960,-0.062591,1.241575,-2.769012,0.055385,1.245965,-2.797826,-0.369201,1.271786,-2.770845,0.359377,1.276933,-2.795662,26,26,27,26,26,27,28,25,27,27,26,27
1791409361.844858,-0.062591,1.241544,-2.769028,0.055355,1.245995,-2.797794,-0.369262,1.271756,-2.770845,0.359346,1.276964,-2.795678,26,26,27,26,26,27,28,25,27,27,26,27
1791409361.864672,-0.062561,1.241575,-2.769028,0.055355,1.245995,-2.797794,-0.369201,1.271816,-2.770845,0.359377,1.276994,-2.795678,26,26,27,26,26,27,28,25,27,27,26,27
1791409361.884740,-0.062591,1.241544,-2.769044,0.055355,1.245995,-2.797810,-0.369231,1.271756,-2.770829,0.359377,1.276994,-2.795678,26,26,27,26,26,27,28,25,27,27,26,27
1791409361.904731,-0.062561,1.241575,-2.769044,0.055355,1.245965,-2.797810,-0.369231,1.271816,-2.770845,0.359377,1.276933,-2.795678,26,26,27,26,26,27,28,25,27,27,26,27
1791409361.924901,-0.062591,1.241544,-2.769044,0.055355,1.245995,-2.797794,-0.369231,1.271786,-2.770845,0.359377,1.276994,-2.795678,26,26,27,26,26,27,28,25,27,27,26,27
1791409361.945035,-0.062561,1.241544,-2.769028,0.055385,1.245965,-2.797794,-0.369231,1.271786,-2.770845,0.359346,1.276994,-2.795678,26,26,27,26,26,27,28,25,27,27,26,27
1791409361.964874,-0.062561,1.241544,-2.769028,0.055385,1.245965,-2.797810,-0.369262,1.271786,-2.770829,0.359377,1.276964,-2.795678,26,26,27,26,26,27,28,25,27,27,26,27
1791409361.984770,-0.062561,1.241544,-2.769044,0.055355,1.245995,-2.797810,-0.369201,1.271756,-2.770829,0.359346,1.276994,-2.795678,26,26,27,26,26,27,28,25,27,27,26,27
1791409362.004866,-0.062561,1.241575,-2.769060,0.055385,1.245995,-2.797794,-0.369201,1.271786,-2.770845,0.359377,1.276933,-2.795678,26,26,27,26,26,27,28,25,27,27,26,27
1791409362.024904,-0.062591,1.241575,-2.769044,0.055355,1.245995,-2.797810,-0.369231,1.271756,-2.770845,0.359377,1.276994,-2.795662,26,26,27,26,26,27,28,25,27,27,26,27
1791409362.044868,-0.062561,1.241575,-2.769028,0.055385,1.245965,-2.797794,-0.369231,1.271786,-2.770829,0.359377,1.276994,-2.795678,26,26,27,26,26,27,28,25,27,27,26,27
1791409362.065058,-0.062561,1.241544,-2.769044,0.055355,1.245995,-2.797810,-0.369231,1.271756,-2.770829,0.359346,1.276964,-2.795693,26,26,27,26,26,27,28,25,27,27,26,27
1791409362.085114,-0.062591,1.241544,-2.769028,0.055355,1.245995,-2.797810,-0.369231,1.271786,-2.770845,0.359377,1.276994,-2.795678,26,26,27,26,26,27,28,25,27,27,26,27
1791409362.104703,-0.062591,1.241544,-2.769044,0.055355,1.245995,-2.797810,-0.369201,1.271786,-2.770813,0.359377,1.276964,-2.795662,26,26,27,26,26,27,28,25,27,27,26,27
1791409362.124768,-0.062591,1.241575,-2.769028,0.055385,1.245995,-2.797810,-0.369231,1.271786,-2.770845,0.359377,1.276964,-2.795678,26,26,27,26,26,27,28,25,27,27,26,27
1791409362.144910,-0.062561,1.241544,-2.769044,0.055385,1.245995,-2.797810,-0.369231,1.271816,-2.770845,0.359377,1.276964,-2.795693,26,26,27,26,26,27,28,25,27,27,26,27
1791409362.164838,-0.062561,1.241544,-2.769044,0.055355,1.245995,-2.797810,-0.369231,1.271756,-2.770845,0.359377,1.276994,-2.795678,26,26,27,26,26,27,28,25,27,27,26,27
1791409362.184918,-0.062561,1.241544,-2.769044,0.055385,1.245965,-2.797794,-0.369231,1.271756,-2.770861,0.359407,1.276964,-2.795693,26,26,27,26,26,27,28,25,27,27,26,27
1791409362.204942,-0.062561,1.241575,-2.769012,0.055355,1.245965,-2.797794,-0.369231,1.271816,-2.770861,0.359346,1.276964,-2.795693,26,26,27,26,26,27,28,25,27,27,26,27
1791409362.224877,-0.062561,1.241575,-2.769028,0.055385,1.245995,-2.797810,-0.369231,1.271786,-2.770829,0.359377,1.276964,-2.795662,26,26,27,26,26,27,28,25,27,27,26,27
1791409362.244763,-0.062530,1.241514,-2.769044,0.055385,1.245995,-2.797810,-0.369201,1.271786,-2.770845,0.359377,1.276994,-2.795678,26,26,27,26,26,27,28,25,27,27,26,27
1791409362.264839,-0.062591,1.241575,-2.769044,0.055355,1.245965,-2.797794,-0.369231,1.271816,-2.770829,0.359346,1.276994,-2.795678,26,26,27,26,26,27,28,25,27,27,26,27
1791409362.284805,-0.062561,1.241544,-2.769028,0.055385,1.245965,-2.797794,-0.369231,1.271786,-2.770845,0.359377,1.276964,-2.795678,26,26,27,26,26,27,28,25,27,27,26,27
1791409362.304746,-0.062591,1.241575,-2.769028,0.055385,1.245965,-2.797810,-0.369231,1.271786,-2.770845,0.359407,1.276964,-2.795678,26,26,27,26,26,27,28,25,27,27,26,27
1791409362.324891,-0.062591,1.241575,-2.769028,0.055355,1.245965,-2.797810,-0.369231,1.271756,-2.770829,0.359346,1.276964,-2.795678,26,26,27,26,26,27,28,25,27,27,26,27
1791409362.344943,-0.062591,1.241575,-2.769028,0.055385,1.245995,-2.797794,-0.369231,1.271816,-2.770845,0.359377,1.276994,-2.795693,26,26,27,26,26,27,28,25,27,27,26,27
1791409362.365443,-0.062591,1.241575,-2.769028,0.055385,1.245995,-2.797810,-0.369201,1.271756,-2.770845,0.359346,1.276964,-2.795678,26,26,27,26,26,27,28,25,27,27,26,27
1791409362.384987,-0.062561,1.241575,-2.769044,0.055385,1.245935,-2.797794,-0.369231,1.271786,-2.770845,0.359346,1.276964,-2.795678,26,26,27,26,26,27,28,25,27,27,26,27
1791409362.404873,-0.062591,1.241575,-2.769044,0.055385,1.245965,-2.797810,-0.369231,1.271756,-2.770845,0.359346,1.276994,-2.795678,26,26,27,26,26,27,28,25,27,27,26,27
1791409362.424870,-0.062561,1.241544,-2.769044,0.055355,1.245965,-2.797810,-0.369201,1.271786,-2.770845,0.359316,1.276964,-2.795678,26,26,27,26,26,27,28,25,27,27,26,27
1791409362.444961,-0.062591,1.241575,-2.769012,0.055355,1.245995,-2.797794,-0.369262,1.271756,-2.770845,0.359346,1.276964,-2.795678,26,26,27,26,26,27,28,25,27,27,26,27
1791409362.464970,-0.062591,1.241544,-2.769044,0.055385,1.245965,-2.797810,-0.369231,1.271756,-2.770861,0.359346,1.276994,-2.795678,26,26,27,26,26,27,28,25,27,27,26,27
1791409362.484897,-0.062561,1.241575,-2.769028,0.055385,1.245965,-2.797794,-0.369201,1.271756,-2.770845,0.359377,1.276964,-2.795678,26,26,27,26,26,27,28,25,27,27,26,27
1791409362.504939,-0.062561,1.241575,-2.769044,0.055355,1.245995,-2.797794,-0.369231,1.271816,-2.770829,0.359377,1.276964,-2.795662,26,26,27,26,26,27,28,25,27,27,26,27
1791409362.524879,-0.062530,1.241544,-2.769028,0.055385,1.245965,-2.797810,-0.369201,1.271756,-2.770829,0.359377,1.276964,-2.795678,26,26,27,26,26,27,28,25,27,27,26,27
1791409362.544899,-0.062561,1.241575,-2.769012,0.055385,1.245995,-2.797794,-0.369231,1.271786,-2.770845,0.359377,1.276964,-2.795678,26,26,27,26,26,27,28,25,27,27,26,27
1791409362.564864,-0.062561,1.241575,-2.769012,0.055355,1.245965,-2.797794,-0.369201,1.271786,-2.770829,0.359377,1.277024,-2.795678,26,26,27,26,26,27,28,25,27,27,26,27
1791409362.584841,-0.062561,1.241575,-2.769044,0.055385,1.245965,-2.797794,-0.369231,1.271756,-2.770845,0.359346,1.276964,-2.795678,26,26,27,26,26,27,28,25,27,27,26,27
1791409362.604921,-0.062591,1.241544,-2.769044,0.055415,1.245965,-2.797794,-0.369171,1.271786,-2.770829,0.359377,1.276964,-2.795662,26,26,27,26,26,27,28,25,27,27,26,27
1791409362.624854,-0.062561,1.241544,-2.769028,0.055355,1.245995,-2.797810,-0.369231,1.271847,-2.770829,0.359316,1.276964,-2.795678,26,26,27,26,26,27,28,25,27,27,26,27
1791409362.644904,-0.062561,1.241544,-2.769044,0.055355,1.245995,-2.797810,-0.369201,1.271786,-2.770845,0.359407,1.276964,-2.795678,26,26,27,26,26,27,28,25,27,27,26,27
1791409362.664870,-0.062591,1.241544,-2.769028,0.055385,1.245965,-2.797794,-0.369231,1.271756,-2.770845,0.359346,1.276933,-2.795662,26,26,27,26,26,27,28,25,27,27,26,27
1791409362.684966,-0.062561,1.241575,-2.769044,0.055324,1.245965,-2.797794,-0.369231,1.271816,-2.770845,0.359407,1.276994,-2.795678,26,26,27,26,26,27,28,25,27,27,26,27
1791409362.704780,-0.062591,1.241544,-2.769044,0.055385,1.245995,-2.797794,-0.369201,1.271786,-2.770829,0.359377,1.276964,-2.795693,26,26,27,26,26,27,28,25,27,27,26,27
1791409362.724945,-0.062591,1.241575,-2.769028,0.055355,1.245995,-2.797810,-0.369231,1.271786,-2.770829,0.359377,1.276994,-2.795693,26,26,27,26,26,27,28,25,27,27,26,27
1791409362.744834,-0.062591,1.241575,-2.769044,0.055415,1.245995,-2.797794,-0.369201,1.271786,-2.770845,0.359377,1.276964,-2.795678,26,26,27,26,26,27,28,25,27,27,26,27
1791409362.764899,-0.062561,1.241544,-2.769028,0.055385,1.245965,-2.797810,-0.369231,1.271786,-2.770845,0.359377,1.276964,-2.795678,26,26,27,26,26,27,28,25,27,27,26,27
1791409362.784899,-0.062591,1.241544,-2.769044,0.055355,1.245965,-2.797810,-0.369231,1.271816,-2.770861,0.359377,1.276964,-2.795678,26,26,27,26,26,27,28,25,27,27,26,27
1791409362.804887,-0.062591,1.241544,-2.769028,0.055355,1.245965,-2.797794,-0.369231,1.271756,-2.770845,0.359346,1.276964,-2.795678,26,26,27,26,26,27,28,25,27,27,26,27
1791409362.824953,-0.062561,1.241575,-2.769028,0.055355,1.245965,-2.797810,-0.369231,1.271756,-2.770845,0.359346,1.276994,-2.795678,26,26,27,26,26,27,28,25,27,27,26,27
1791409362.844968,-0.062591,1.241575,-2.769028,0.055355,1.245935,-2.797810,-0.369231,1.271816,-2.770829,0.359377,1.276994,-2.795678,26,26,27,26,26,27,28,25,27,27,26,27
1791409362.865004,-0.062591,1.241544,-2.769028,0.055355,1.245995,-2.797810,-0.369262,1.271816,-2.770845,0.359407,1.276994,-2.795678,26,26,27,26,26,27,28,25,27,27,26,27
1791409362.884828,-0.062561,1.241544,-2.769044,0.055385,1.245965,-2.797810,-0.369231,1.271786,-2.770845,0.359346,1.276964,-2.795678,26,26,27,26,26,27,28,25,27,27,26,27
1791409362.904844,-0.062561,1.241544,-2.769044,0.055385,1.245995,-2.797810,-0.369231,1.271786,-2.770845,0.359346,1.276994,-2.795678,26,26,27,26,26,27,28,25,27,27,26,27
1791409362.924935,-0.062591,1.241544,-2.769028,0.055385,1.245965,-2.797794,-0.369231,1.271786,-2.770845,0.359407,1.276964,-2.795678,26,26,27,26,26,27,28,25,27,27,26,27
1791409362.944828,-0.062561,1.241575,-2.769028,0.055385,1.245965,-2.797810,-0.369201,1.271756,-2.770845,0.359346,1.276964,-2.795678,26,26,27,26,26,27,28,25,27,27,26,27
1791409362.964947,-0.062561,1.241575,-2.769044,0.055355,1.245995,-2.797794,-0.369231,1.271786,-2.770829,0.359377,1.276964,-2.795678,26,26,27,26,26,27,28,25,27,27,26,27
1791409362.984858,-0.062591,1.241544,-2.769028,0.055385,1.245965,-2.797810,-0.369201,1.271756,-2.770845,0.359407,1.276933,-2.795678,26,26,27,26,26,27,28,25,27,27,26,27
1791409363.004842,-0.062591,1.241575,-2.769044,0.055385,1.245965,-2.797810,-0.369231,1.271786,-2.770829,0.359377,1.276964,-2.795678,26,26,27,26,26,27,28,25,27,27,26,27
1791409363.024858,-0.062561,1.241575,-2.769028,0.055415,1.245965,-2.797794,-0.369231,1.271756,-2.770829,0.359346,1.276994,-2.795678,26,26,27,26,26,27,28,25,27,27,26,27
1791409363.044884,-0.062591,1.241544,-2.769044,0.055355,1.245995,-2.797810,-0.369201,1.271786,-2.770829,0.359377,1.276964,-2.795662,26,26,27,26,26,27,28,25,27,27,26,27
1791409363.064860,-0.062591,1.241544,-2.769044,0.055355,1.245965,-2.797794,-0.369262,1.271756,-2.770829,0.359377,1.276964,-2.795678,26,26,27,26,26,27,28,25,27,27,26,27
1791409363.084904,-0.062591,1.241544,-2.769028,0.055385,1.245995,-2.797794,-0.369231,1.271786,-2.770845,0.359377,1.276994,-2.795678,26,26,27,26,26,27,28,25,27,27,26,27
1791409363.104960,-0.062591,1.241575,-2.769060,0.055355,1.245965,-2.797794,-0.369262,1.271786,-2.770861,0.359377,1.277024,-2.795693,26,26,27,26,26,27,28,25,27,27,26,27
1791409363.124783,-0.062530,1.241605,-2.769060,0.055385,1.245995,-2.797794,-0.369171,1.271816,-2.770829,0.359255,1.277024,-2.795678,26,26,27,26,26,27,28,25,27,27,26,27
1791409363.144969,-0.062500,1.241575,-2.769060,0.055355,1.246056,-2.797810,-0.369019,1.271847,-2.770861,0.359134,1.277085,-2.795678,26,26,27,26,26,27,28,25,27,27,26,27
1791409363.164935,-0.062440,1.241726,-2.769091,0.055294,1.246147,-2.797810,-0.368595,1.271938,-2.770876,0.358832,1.277115,-2.795693,26,26,27,26,26,27,28,25,27,27,26,27
1791409363.185100,-0.062379,1.241999,-2.769155,0.055264,1.246298,-2.797794,-0.368202,1.272089,-2.770908,0.358529,1.277206,-2.795693,26,26,27,26,26,27,28,25,27,27,26,27
1791409363.204740,-0.062258,1.242301,-2.769281,0.055173,1.246449,-2.797810,-0.367596,1.272271,-2.770987,0.358165,1.277418,-2.795709,26,26,27,26,26,27,28,25,27,27,26,27
1791409363.224954,-0.062137,1.242634,-2.769407,0.055112,1.246631,-2.797810,-0.366779,1.272543,-2.771066,0.357590,1.277751,-2.795709,26,26,27,26,26,27,28,25,27,27,26,27
1791409363.244962,-0.061985,1.243088,-2.769613,0.055022,1.246752,-2.797810,-0.365992,1.272906,-2.771240,0.357197,1.278114,-2.795725,26,26,27,26,26,27,28,25,27,27,26,27
1791409363.265005,-0.061804,1.243452,-2.769944,0.054840,1.246964,-2.797810,-0.364962,1.273421,-2.771492,0.356440,1.278478,-2.795725,26,26,27,26,26,27,28,25,27,27,26,27
1791409363.284856,-0.061592,1.243876,-2.770782,0.054689,1.247115,-2.797810,-0.364205,1.274087,-2.771682,0.355652,1.278901,-2.795788,26,26,27,26,26,27,28,25,27,27,26,27
1791409363.304814,-0.061410,1.244390,-2.772014,0.054507,1.247267,-2.797810,-0.363418,1.274723,-2.771856,0.354986,1.279416,-2.795883,26,26,27,26,26,27,28,25,27,27,26,27
1791409363.324953,-0.061107,1.245026,-2.772930,0.054325,1.247388,-2.797810,-0.362510,1.275268,-2.772030,0.354260,1.279961,-2.795915,26,26,27,26,26,27,28,25,27,27,26,27
1791409363.345233,-0.060684,1.245723,-2.773593,0.054083,1.247570,-2.797810,-0.361299,1.275813,-2.772361,0.353624,1.280658,-2.795994,26,26,27,26,26,27,28,25,27,27,26,27
1791409363.364766,-0.060411,1.246389,-2.773846,0.053841,1.247691,-2.797810,-0.360330,1.276449,-2.772930,0.353018,1.281687,-2.796088,26,26,27,26,26,27,28,25,27,27,26,27
1791409363.384945,-0.060048,1.246904,-2.774209,0.053538,1.247872,-2.797826,-0.359149,1.277387,-2.774162,0.352170,1.282656,-2.796136,26,26,27,26,26,27,28,25,27,27,26,27
1791409363.405003,-0.059715,1.247176,-2.775110,0.053114,1.248024,-2.797810,-0.357817,1.278356,-2.775189,0.351383,1.283443,-2.796231,26,26,27,26,26,27,28,25,27,27,26,27
1791409363.424905,-0.059351,1.247449,-2.776042,0.052660,1.248175,-2.797826,-0.356515,1.279144,-2.776311,0.350717,1.283988,-2.796357,26,26,27,26,26,27,28,25,27,27,26,27
1791409363.445000,-0.059049,1.247721,-2.776879,0.052266,1.248327,-2.797810,-0.355455,1.279749,-2.777132,0.350081,1.284503,-2.796499,26,26,27,26,26,27,28,25,27,27,26,27
1791409363.464928,-0.058564,1.247993,-2.777416,0.051933,1.248478,-2.797810,-0.354092,1.280536,-2.778222,0.349324,1.285108,-2.796705,26,26,27,26,26,27,28,25,27,27,26,27
1791409363.484937,-0.058171,1.248266,-2.777653,0.051661,1.248629,-2.797826,-0.352821,1.281414,-2.778901,0.348537,1.285684,-2.797036,26,26,27,26,26,27,28,25,27,27,26,27
1791409363.504963,-0.057747,1.248538,-2.777874,0.051479,1.248811,-2.797826,-0.351580,1.282383,-2.779849,0.347568,1.286229,-2.797478,26,26,27,26,26,27,28,25,27,27,26,27
1791409363.524915,-0.057262,1.248872,-2.778190,0.051298,1.248932,-2.797826,-0.350156,1.283140,-2.780307,0.346539,1.286834,-2.797779,26,26,27,26,26,27,28,25,27,27,26,27
1791409363.544904,-0.056626,1.249174,-2.778680,0.051086,1.249053,-2.797826,-0.348945,1.283776,-2.780655,0.345691,1.287319,-2.797968,26,26,27,26,26,27,28,25,27,27,26,27
1791409363.564996,-0.055960,1.249538,-2.779280,0.050964,1.249205,-2.797842,-0.347825,1.284503,-2.781129,0.344571,1.287773,-2.798110,26,26,27,26,26,27,28,25,27,27,26,27
1791409363.585032,-0.055355,1.249901,-2.779628,0.050783,1.249265,-2.797826,-0.346584,1.285320,-2.781871,0.343451,1.288257,-2.798268,26,26,27,26,26,27,28,25,27,27,26,27
1791409363.605113,-0.054991,1.250264,-2.779960,0.050541,1.249386,-2.797842,-0.345282,1.286198,-2.782345,0.342482,1.288863,-2.798505,26,26,27,26,26,27,28,25,27,27,26,27
1791409363.625060,-0.054446,1.250567,-2.780354,0.050389,1.249477,-2.797858,-0.344162,1.286774,-2.782724,0.341543,1.289377,-2.798900,26,26,27,26,26,27,28,25,27,27,26,27
1791409363.644953,-0.053992,1.250809,-2.780971,0.050117,1.249629,-2.797858,-0.343071,1.287349,-2.783277,0.340393,1.289892,-2.799453,26,26,27,26,26,27,28,25,27,27,26,27
1791409363.664877,-0.053356,1.251112,-2.781697,0.049935,1.249780,-2.797889,-0.341921,1.287894,-2.783893,0.339000,1.290437,-2.799769,26,26,27,26,26,27,28,25,27,27,26,27
1791409363.685001,-0.052630,1.251475,-2.782140,0.049663,1.249840,-2.797889,-0.340710,1.288590,-2.784193,0.337758,1.290800,-2.799927,26,26,27,26,26,27,28,25,27,27,26,27
1791409363.704906,-0.051933,1.251748,-2.782724,0.049420,1.249931,-2.797905,-0.339650,1.289317,-2.784415,0.336547,1.291164,-2.800053,26,26,27,26,26,27,28,25,27,27,26,27
1791409363.725007,-0.052085,1.248357,-2.777322,0.049753,1.246994,-2.794035,-0.341770,1.285986,-2.779818,0.337698,1.288923,-2.797589,26,26,27,26,26,27,28,25,27,27,26,27
1791409363.744984,-0.053417,1.243331,-2.765490,0.050874,1.242483,-2.787116,-0.342739,1.279779,-2.776358,0.338394,1.283080,-2.793292,26,26,27,26,26,27,28,25,27,27,26,27
1791409363.765045,-0.057111,1.237972,-2.755032,0.054356,1.237245,-2.777543,-0.342315,1.271120,-2.766564,0.337970,1.274057,-2.784019,26,26,27,26,26,27,28,25,27,27,26,27
1791409363.784893,-0.060290,1.229585,-2.746407,0.057383,1.229312,-2.768175,-0.339711,1.258010,-2.754827,0.334731,1.260886,-2.770829,26,26,27,26,26,27,28,25,27,27,26,27
1791409363.804834,-0.062016,1.217655,-2.733611,0.059382,1.217141,-2.755917,-0.334806,1.244173,-2.739346,0.329674,1.246656,-2.754210,26,26,27,26,26,27,28,25,27,27,26,27
1791409363.824934,-0.062076,1.201457,-2.715666,0.059412,1.200428,-2.734322,-0.327963,1.226370,-2.720958,0.323255,1.228792,-2.733943,26,26,27,26,26,27,28,25,27,27,26,27
1791409363.845029,-0.060986,1.182988,-2.689838,0.058322,1.179869,-2.708431,-0.318789,1.208688,-2.699506,0.314869,1.210716,-2.710785,26,26,27,26,26,27,28,25,27,27,26,27
1791409363.865251,-0.058171,1.160794,-2.659839,0.056869,1.158614,-2.677153,-0.309312,1.188462,-2.671972,0.305240,1.188341,-2.685210,26,26,27,26,26,27,28,25,27,27,26,27
1791409363.884841,-0.054991,1.137995,-2.621911,0.054658,1.136724,-2.639920,-0.298473,1.167965,-2.646254,0.293462,1.168298,-2.655953,26,26,27,26,26,27,28,25,27,27,26,27
1791409363.904845,-0.052236,1.118103,-2.582829,0.051964,1.116922,-2.596399,-0.287906,1.147103,-2.615750,0.282623,1.148284,-2.626871,26,26,27,26,26,27,28,25,27,27,26,27
1791409363.924915,-0.049572,1.097878,-2.538345,0.049360,1.096576,-2.550825,-0.275734,1.128059,-2.584030,0.270451,1.129421,-2.591360,26,26,27,26,26,27,28,25,27,27,26,27
1791409363.945004,-0.047240,1.076683,-2.490654,0.046816,1.075472,-2.501254,-0.262382,1.108197,-2.551093,0.258250,1.109771,-2.557064,26,26,27,26,26,27,28,25,27,27,26,27
1791409363.965363,-0.045151,1.055186,-2.443895,0.044515,1.054793,-2.452473,-0.249211,1.089213,-2.511016,0.245472,1.091029,-2.514729,26,26,27,26,26,27,28,25,27,27,26,27
1791409363.984846,-0.043123,1.034809,-2.395145,0.042608,1.034961,-2.407056,-0.236858,1.071985,-2.467827,0.233301,1.073256,-2.471935,26,26,27,26,26,27,28,25,27,27,26,27
1791409364.004791,-0.041427,1.014705,-2.350677,0.041064,1.015644,-2.358670,-0.224929,1.053061,-2.423785,0.222673,1.054908,-2.426550,26,26,27,26,26,27,28,25,27,27,26,27
1791409364.025110,-0.040125,0.995751,-2.305324,0.039520,0.997205,-2.312922,-0.213241,1.034925,-2.377658,0.211804,1.036742,-2.381039,26,26,27,26,26,27,28,25,27,27,26,27
1791409364.044847,-0.039247,0.977857,-2.257190,0.038520,0.979947,-2.264173,-0.202251,1.017667,-2.330473,0.200843,1.019696,-2.334374,26,26,27,26,26,27,28,25,27,27,26,27
1791409364.064850,-0.038520,0.962083,-2.216182,0.037733,0.964808,-2.223085,-0.192925,1.000136,-2.287694,0.191306,1.002286,-2.291170,26,26,27,26,26,27,28,25,27,27,26,27
1791409364.084898,-0.037824,0.944037,-2.170386,0.036734,0.947065,-2.177021,-0.182389,0.981425,-2.235454,0.180618,0.985300,-2.239119,26,26,27,26,26,27,28,25,27,27,26,27
1791409364.104961,-0.037037,0.927627,-2.129140,0.035735,0.932381,-2.135964,-0.173305,0.965105,-2.184904,0.172110,0.967346,-2.188963,26,26,27,26,26,27,28,25,27,27,26,27
1791409364.124880,-0.036219,0.912761,-2.087957,0.034675,0.916273,-2.094750,-0.163889,0.948634,-2.138381,0.163632,0.951208,-2.141083,26,26,27,26,26,27,28,25,27,27,26,27
1791409364.144959,-0.035674,0.898409,-2.044990,0.034009,0.901952,-2.050898,-0.156108,0.931618,-2.094798,0.156123,0.934404,-2.096741,26,26,27,26,26,27,28,25,27,27,26,27
1791409364.164970,-0.035129,0.882907,-2.005339,0.033222,0.887055,-2.011721,-0.148417,0.915722,-2.044626,0.149190,0.919083,-2.047170,26,26,27,26,26,27,28,25,27,27,26,27
1791409364.184911,-0.034554,0.868283,-1.964615,0.032465,0.873188,-1.970570,-0.141847,0.899615,-1.998531,0.141742,0.902673,-2.000000,26,26,27,26,26,27,28,25,27,27,26,27
1791409364.205060,-0.034009,0.854234,-1.921157,0.031799,0.858655,-1.925675,-0.136034,0.881993,-1.952988,0.135474,0.886595,-1.954220,26,26,27,26,26,27,28,25,27,27,26,27
1791409364.225127,-0.033252,0.838974,-1.879564,0.031133,0.843789,-1.884382,-0.130190,0.865189,-1.907509,0.129721,0.868550,-1.908804,26,26,27,26,26,27,28,25,27,27,26,27
1791409364.244890,-0.032253,0.823472,-1.839108,0.030739,0.830194,-1.844431,-0.125104,0.849657,-1.859549,0.125028,0.852261,-1.860291,26,26,27,26,26,27,28,25,27,27,26,27
1791409364.265076,-0.031314,0.808939,-1.796488,0.030164,0.814419,-1.801021,-0.120017,0.832368,-1.818177,0.120154,0.835638,-1.818208,26,26,27,26,26,27,28,25,27,27,26,27
1791409364.285173,-0.030739,0.792922,-1.755763,0.029467,0.799371,-1.760012,-0.115657,0.816261,-1.770502,0.115673,0.819803,-1.770249,26,26,27,26,26,27,28,25,27,27,26,27
1791409364.305003,-0.030103,0.777511,-1.711531,0.028892,0.783233,-1.715433,-0.111055,0.799214,-1.728624,0.110889,0.803968,-1.727423,26,26,27,26,26,27,28,25,27,27,26,27
1791409364.325068,-0.029134,0.761585,-1.671613,0.028408,0.766853,-1.674661,-0.107028,0.783379,-1.683903,0.106589,0.786861,-1.682212,26,26,27,26,26,27,28,25,27,27,26,27
1791409364.345024,-0.028347,0.745296,-1.626796,0.028014,0.750927,-1.629134,-0.103637,0.765788,-1.643083,0.102775,0.768664,-1.640003,26,26,27,26,26,27,28,25,27,27,26,27
1791409364.364998,-0.027530,0.728583,-1.582818,0.027681,0.734547,-1.585219,-0.100094,0.748651,-1.597462,0.098778,0.752829,-1.592912,26,26,27,26,26,27,28,25,27,27,26,27
1791409364.384876,-0.026440,0.712566,-1.540972,0.027257,0.718258,-1.542978,-0.096824,0.731847,-1.551492,0.095235,0.734421,-1.545805,26,26,27,26,26,27,28,25,27,27,26,27
1791409364.404966,-0.025531,0.695005,-1.496914,0.027045,0.700969,-1.498225,-0.093645,0.714044,-1.509567,0.091753,0.716617,-1.503580,26,26,27,26,26,27,28,25,27,27,26,27
1791409364.425002,-0.024381,0.679200,-1.458780,0.026864,0.685225,-1.458622,-0.090769,0.698844,-1.467326,0.089028,0.701539,-1.460296,26,26,27,26,26,27,28,25,27,27,26,27
1791409364.445157,-0.022897,0.668542,-1.424343,0.026046,0.674113,-1.423158,-0.088589,0.686764,-1.436064,0.086485,0.689398,-1.428165,26,26,27,26,26,27,28,25,27,27,26,27
1791409364.464938,-0.021928,0.661911,-1.398356,0.025622,0.666968,-1.396572,-0.086924,0.679860,-1.410299,0.085002,0.683070,-1.401595,26,26,27,26,26,27,28,25,27,27,26,27
1791409364.484933,-0.021807,0.659005,-1.382007,0.025683,0.663970,-1.379811,-0.086348,0.676379,-1.392038,0.084396,0.680012,-1.383270,26,26,27,26,26,27,28,25,27,27,26,27
1791409364.505004,-0.022049,0.658884,-1.373287,0.026016,0.664061,-1.371186,-0.086015,0.674834,-1.381659,0.084002,0.678619,-1.372355,26,26,27,26,26,27,28,25,27,27,26,27
1791409364.525033,-0.022231,0.660307,-1.370506,0.026349,0.665424,-1.368374,-0.085743,0.673987,-1.374393,0.083639,0.677650,-1.365436,26,26,27,26,26,27,28,25,27,27,26,27
1791409364.545064,-0.022261,0.662578,-1.369796,0.026561,0.666514,-1.367252,-0.085591,0.673775,-1.369606,0.083245,0.676833,-1.360096,26,26,27,26,26,27,28,25,27,27,26,27
1791409364.565099,-0.022261,0.664515,-1.369780,0.026803,0.667876,-1.367015,-0.085561,0.673956,-1.365815,0.082943,0.676924,-1.356905,26,26,27,26,26,27,28,25,27,27,26,27
1791409364.585010,-0.022292,0.665726,-1.369764,0.026954,0.669632,-1.366984,-0.085501,0.674108,-1.363161,0.082549,0.677378,-1.353651,26,26,27,26,26,27,28,25,27,27,26,27
1791409364.605042,-0.022292,0.666544,-1.369796,0.027015,0.671116,-1.366952,-0.085440,0.674259,-1.360776,0.082337,0.677832,-1.351218,26,26,27,26,26,27,28,25,27,27,26,27
1791409364.625095,-0.022292,0.667361,-1.369764,0.026985,0.672236,-1.366889,-0.085349,0.674411,-1.359180,0.082277,0.678074,-1.349307,26,26,27,26,26,27,28,25,27,27,26,27
1791409364.645087,-0.022292,0.667846,-1.369764,0.026924,0.672690,-1.366842,-0.085137,0.674562,-1.358485,0.082367,0.678014,-1.347996,26,26,27,26,26,27,28,25,27,27,26,27
1791409364.665018,-0.022382,0.668149,-1.369764,0.026864,0.672690,-1.366826,-0.084956,0.674562,-1.358059,0.082428,0.677802,-1.347538,26,26,27,26,26,27,28,25,27,27,26,27
1791409364.685138,-0.022352,0.668179,-1.369748,0.026864,0.672508,-1.366857,-0.084925,0.674411,-1.357948,0.082519,0.677347,-1.347538,26,26,27,26,26,27,28,25,27,27,26,27
1791409364.705093,-0.022382,0.668330,-1.369732,0.026864,0.672145,-1.366826,-0.085016,0.673956,-1.357948,0.082458,0.676530,-1.347553,26,26,27,26,26,27,28,25,27,27,26,27
1791409364.725007,-0.022292,0.667755,-1.369732,0.026894,0.671873,-1.366842,-0.085107,0.673139,-1.357948,0.082367,0.675955,-1.347553,26,26,27,26,26,27,28,25,27,27,26,27
1791409364.745095,-0.022201,0.666362,-1.369748,0.026864,0.671358,-1.366810,-0.085198,0.671716,-1.357932,0.082367,0.675591,-1.347569,26,26,27,26,26,27,28,25,27,27,26,27
1791409364.765035,-0.022140,0.664152,-1.369748,0.026833,0.669451,-1.366794,-0.085258,0.670020,-1.357932,0.082519,0.674956,-1.347585,26,26,27,26,26,27,28,25,27,27,26,27
1791409364.785048,-0.022140,0.661942,-1.369732,0.026682,0.666968,-1.366794,-0.085228,0.668143,-1.357948,0.082640,0.672866,-1.347617,26,26,27,26,26,27,28,25,27,27,26,27
1791409364.805067,-0.022080,0.659792,-1.369732,0.026591,0.664485,-1.366810,-0.085228,0.666357,-1.357932,0.082731,0.670323,-1.347632,26,26,27,26,26,27,28,25,27,27,26,27
1791409364.824996,-0.022080,0.657309,-1.369732,0.026561,0.662275,-1.366778,-0.085319,0.664358,-1.357964,0.082791,0.667901,-1.347632,26,26,27,26,26,27,28,25,27,27,26,27
1791409364.844996,-0.022019,0.655341,-1.369717,0.026531,0.660640,-1.366778,-0.085379,0.662572,-1.357964,0.082852,0.666084,-1.347680,26,26,27,26,26,27,28,25,27,27,26,27
1791409364.865211,-0.021959,0.653585,-1.369717,0.026500,0.659126,-1.366763,-0.085440,0.661119,-1.357964,0.082791,0.664722,-1.347680,26,26,27,26,26,27,28,25,27,27,26,27
1791409364.885175,-0.021928,0.652404,-1.369717,0.026531,0.658096,-1.366763,-0.085501,0.659908,-1.357980,0.082700,0.663601,-1.347680,26,26,27,26,26,27,28,25,27,27,26,27
1791409364.904914,-0.021868,0.651768,-1.369701,0.026500,0.657582,-1.366763,-0.085622,0.659272,-1.357980,0.082640,0.663056,-1.347696,26,26,27,26,26,27,28,25,27,27,26,27
1791409364.925153,-0.021898,0.651496,-1.369717,0.026561,0.657370,-1.366778,-0.085531,0.659090,-1.357980,0.082670,0.662814,-1.347680,26,26,27,26,26,27,28,25,27,27,26,27
1791409364.945040,-0.021898,0.651526,-1.369717,0.026561,0.657400,-1.366778,-0.085561,0.659120,-1.357964,0.082670,0.662723,-1.347680,26,26,27,26,26,27,28,25,27,27,26,27
1791409364.964968,-0.021898,0.651799,-1.369701,0.026531,0.657612,-1.366778,-0.085501,0.659302,-1.357980,0.082700,0.662814,-1.347664,26,26,27,26,26,27,28,25,27,27,26,27
1791409364.985173,-0.021928,0.652132,-1.369701,0.026591,0.657915,-1.366763,-0.085379,0.659575,-1.357964,0.082549,0.663026,-1.347664,26,26,27,26,26,27,28,25,27,27,26,27
1791409365.005267,-0.021989,0.652586,-1.369701,0.026591,0.658369,-1.366763,-0.085349,0.659968,-1.357980,0.082610,0.663420,-1.347632,26,26,27,26,26,27,28,25,27,27,26,27
1791409365.024940,-0.021959,0.653040,-1.369701,0.026621,0.658853,-1.366763,-0.085289,0.660241,-1.357964,0.082519,0.663844,-1.347617,26,26,27,26,26,27,28,25,27,27,26,27
1791409365.044969,-0.021959,0.653403,-1.369701,0.026652,0.659307,-1.366747,-0.085319,0.660574,-1.357964,0.082458,0.664177,-1.347601,26,26,27,26,26,27,28,25,27,27,26,27
1791409365.065228,-0.021959,0.653615,-1.369685,0.026682,0.659519,-1.366747,-0.085319,0.660725,-1.357948,0.082489,0.664479,-1.347601,26,26,27,26,26,27,28,25,27,27,26,27
1791409365.085151,-0.021959,0.653736,-1.369701,0.026652,0.659701,-1.366747,-0.085349,0.660846,-1.357948,0.082489,0.664540,-1.347601,26,26,27,26,26,27,28,25,27,27,26,27
1791409365.104939,-0.021989,0.653767,-1.369701,0.026652,0.659731,-1.366747,-0.085289,0.660876,-1.357964,0.082489,0.664570,-1.347632,26,26,27,26,26,27,28,25,27,27,26,27
1791409365.125070,-0.021959,0.653736,-1.369685,0.026621,0.659641,-1.366763,-0.085319,0.660876,-1.357948,0.082519,0.664540,-1.347632,26,26,27,26,26,27,28,25,27,27,26,27
1791409365.145533,-0.021989,0.653646,-1.369685,0.026652,0.659550,-1.366747,-0.085319,0.660786,-1.357964,0.082519,0.664449,-1.347632,26,26,27,26,26,27,28,25,27,27,26,27
1791409365.164929,-0.021989,0.653525,-1.369685,0.026621,0.659429,-1.366747,-0.085349,0.660725,-1.357964,0.082549,0.664389,-1.347664,26,26,27,26,26,27,28,25,27,27,26,27
1791409365.185036,-0.021989,0.653403,-1.369685,0.026591,0.659368,-1.366763,-0.085349,0.660634,-1.357964,0.082549,0.664298,-1.347648,26,26,27,26,26,27,28,25,27,27,26,27
1791409365.205474,-0.021928,0.653373,-1.369669,0.026621,0.659307,-1.366763,-0.085349,0.660574,-1.357964,0.082458,0.664298,-1.347648,26,26,27,26,26,27,28,25,27,27,26,27
1791409365.225153,-0.021959,0.653313,-1.369685,0.026621,0.659277,-1.366747,-0.085319,0.660574,-1.357964,0.082489,0.664298,-1.347648,26,26,27,26,26,27,28,25,27,27,26,27
1791409365.245008,-0.021959,0.653373,-1.369685,0.026652,0.659307,-1.366731,-0.085349,0.660574,-1.357964,0.082458,0.664268,-1.347632,26,26,27,26,26,27,28,25,27,27,26,27
1791409365.265543,-0.021928,0.653373,-1.369685,0.026621,0.659338,-1.366731,-0.085289,0.660604,-1.357980,0.082489,0.664298,-1.347632,26,26,27,26,26,27,28,25,27,27,26,27
1791409365.285017,-0.021928,0.653434,-1.369669,0.026652,0.659368,-1.366763,-0.085289,0.660634,-1.357932,0.082458,0.664328,-1.347617,26,26,27,26,26,27,28,25,27,27,26,27
1791409365.305100,-0.021898,0.653464,-1.369701,0.026682,0.659459,-1.366747,-0.085289,0.660664,-1.357948,0.082489,0.664328,-1.347617,26,26,27,26,26,27,28,25,27,27,26,27
1791409365.325144,-0.021928,0.653494,-1.369685,0.026621,0.659459,-1.366747,-0.085349,0.660664,-1.357980,0.082458,0.664328,-1.347632,26,26,27,26,26,27,28,25,27,27,26,27
1791409365.345074,-0.021898,0.653464,-1.369685,0.026621,0.659429,-1.366747,-0.085319,0.660695,-1.357964,0.082398,0.664328,-1.347617,26,26,27,26,26,27,28,25,27,27,26,27
1791409365.365145,-0.021959,0.653464,-1.369685,0.026621,0.659429,-1.366747,-0.085349,0.660664,-1.357948,0.082458,0.664298,-1.347632,26,26,27,26,26,27,28,25,27,27,26,27
1791409365.385025,-0.021928,0.653434,-1.369685,0.026591,0.659398,-1.366747,-0.085289,0.660634,-1.357948,0.082519,0.664298,-1.347648,26,26,27,26,26,27,28,25,27,27,26,27
1791409365.404938,-0.021928,0.653434,-1.369669,0.026621,0.659368,-1.366747,-0.085349,0.660664,-1.357932,0.082519,0.664237,-1.347648,26,26,27,26,26,27,28,25,27,27,26,27
1791409365.425096,-0.021928,0.653403,-1.369669,0.026621,0.659398,-1.366747,-0.085349,0.660634,-1.357980,0.082458,0.664268,-1.347632,26,26,27,26,26,27,28,25,27,27,26,27
1791409365.444940,-0.021959,0.653373,-1.369685,0.026591,0.659398,-1.366747,-0.085319,0.660634,-1.357964,0.082489,0.664268,-1.347632,26,26,27,26,26,27,28,25,27,27,26,27
1791409365.465153,-0.021898,0.653403,-1.369669,0.026621,0.659368,-1.366731,-0.085289,0.660634,-1.357948,0.082458,0.664298,-1.347617,26,26,27,26,26,27,28,25,27,27,26,27
1791409365.485074,-0.021898,0.653434,-1.369701,0.026652,0.659398,-1.366747,-0.085289,0.660634,-1.357948,0.082489,0.664328,-1.347617,26,26,27,26,26,27,28,25,27,27,26,27
1791409365.504950,-0.021928,0.653464,-1.369685,0.026652,0.659429,-1.366731,-0.085289,0.660664,-1.357948,0.082428,0.664358,-1.347632,26,26,27,26,26,27,28,25,27,27,26,27
1791409365.525169,-0.021928,0.653464,-1.369653,0.026621,0.659429,-1.366731,-0.085349,0.660695,-1.357948,0.082458,0.664358,-1.347632,26,26,27,26,26,27,28,25,27,27,26,27
1791409365.544944,-0.021898,0.653464,-1.369701,0.026621,0.659398,-1.366731,-0.085228,0.660664,-1.357948,0.082428,0.664298,-1.347617,26,26,27,26,26,27,28,25,27,27,26,27
1791409365.565134,-0.021928,0.653464,-1.369685,0.026652,0.659459,-1.366715,-0.085319,0.660695,-1.357932,0.082428,0.664328,-1.347632,26,26,27,26,26,27,28,25,27,27,26,27
1791409365.585167,-0.021898,0.653464,-1.369685,0.026621,0.659429,-1.366747,-0.085228,0.660634,-1.357932,0.082398,0.664328,-1.347632,26,26,27,26,26,27,28,25,27,27,26,27
1791409365.605021,-0.021898,0.653494,-1.369669,0.026621,0.659398,-1.366747,-0.085349,0.660634,-1.357932,0.082458,0.664328,-1.347617,26,26,27,26,26,27,28,25,27,27,26,27
1791409365.625225,-0.021928,0.653403,-1.369669,0.026591,0.659368,-1.366763,-0.085289,0.660634,-1.357964,0.082458,0.664268,-1.347632,26,26,27,26,26,27,28,25,27,27,26,27
1791409365.645159,-0.021959,0.653434,-1.369669,0.026621,0.659338,-1.366747,-0.085289,0.660634,-1.357948,0.082428,0.664298,-1.347632,26,26,27,26,26,27,28,25,27,27,26,27
1791409365.665021,-0.021928,0.653403,-1.369669,0.026561,0.659398,-1.366747,-0.085258,0.660634,-1.357948,0.082398,0.664298,-1.347648,26,26,27,26,26,27,28,25,27,27,26,27
1791409365.685285,-0.021898,0.653434,-1.369685,0.026652,0.659398,-1.366747,-0.085258,0.660634,-1.357964,0.082428,0.664298,-1.347632,26,26,27,26,26,27,28,25,27,27,26,27
1791409365.704980,-0.021898,0.653464,-1.369669,0.026621,0.659459,-1.366731,-0.085258,0.660634,-1.357948,0.082458,0.664298,-1.347632,26,26,27,26,26,27,28,25,27,27,26,27
1791409365.725122,-0.021928,0.653494,-1.369669,0.026652,0.659459,-1.366747,-0.085289,0.660695,-1.357948,0.082367,0.664328,-1.347617,26,26,27,26,26,27,28,25,27,27,26,27
1791409365.745001,-0.021898,0.653525,-1.369685,0.026652,0.659459,-1.366731,-0.085289,0.660664,-1.357964,0.082398,0.664298,-1.347632,26,26,27,26,26,27,28,25,27,27,26,27
1791409365.765242,-0.021928,0.653464,-1.369685,0.026652,0.659459,-1.366747,-0.085258,0.660634,-1.357964,0.082458,0.664358,-1.347617,26,26,27,26,26,27,28,25,27,27,26,27
1791409365.785127,-0.021898,0.653434,-1.369685,0.026621,0.659459,-1.366763,-0.085258,0.660634,-1.357948,0.082458,0.664298,-1.347601,26,26,27,26,26,27,28,25,27,27,26,27
1791409365.805008,-0.021868,0.653434,-1.369653,0.026621,0.659398,-1.366747,-0.085319,0.660664,-1.357964,0.082428,0.664268,-1.347632,26,26,27,26,26,27,28,25,27,27,26,27
1791409365.825104,-0.021898,0.653434,-1.369685,0.026591,0.659368,-1.366731,-0.085319,0.660634,-1.357964,0.082458,0.664268,-1.347648,26,26,27,26,26,27,28,25,27,27,26,27
1791409365.845084,-0.021898,0.653434,-1.369653,0.026591,0.659368,-1.366747,-0.085289,0.660604,-1.357964,0.082458,0.664298,-1.347648,26,26,27,26,26,27,28,25,27,27,26,27
1791409365.864989,-0.021898,0.653403,-1.369685,0.026591,0.659368,-1.366763,-0.085258,0.660634,-1.357948,0.082428,0.664298,-1.347632,26,26,27,26,26,27,28,25,27,27,26,27
1791409365.885067,-0.021898,0.653464,-1.369669,0.026621,0.659368,-1.366715,-0.085289,0.660634,-1.357948,0.082367,0.664298,-1.347617,26,26,27,26,26,27,28,25,27,27,26,27
1791409365.905023,-0.021898,0.653434,-1.369669,0.026621,0.659368,-1.366731,-0.085319,0.660634,-1.357948,0.082398,0.664298,-1.347632,26,26,27,26,26,27,28,25,27,27,26,27
1791409365.925266,-0.021868,0.653434,-1.369669,0.026652,0.659429,-1.366731,-0.085258,0.660664,-1.357932,0.082398,0.664328,-1.347617,26,26,27,26,26,27,28,25,27,27,26,27
1791409365.945204,-0.021898,0.653464,-1.369669,0.026621,0.659489,-1.366747,-0.085289,0.660664,-1.357964,0.082458,0.664298,-1.347632,26,26,27,26,26,27,28,25,27,27,26,27
1791409365.965310,-0.021868,0.653525,-1.369669,0.026652,0.659459,-1.366731,-0.085228,0.660664,-1.357964,0.082398,0.664328,-1.347632,26,26,27,26,26,27,28,25,27,27,26,27
1791409365.985031,-0.021868,0.653525,-1.369669,0.026621,0.659429,-1.366715,-0.085258,0.660634,-1.357964,0.082398,0.664328,-1.347617,26,26,27,26,26,27,28,25,27,27,26,27
1791409366.004988,-0.021868,0.653464,-1.369685,0.026621,0.659429,-1.366763,-0.085258,0.660634,-1.357948,0.082428,0.664328,-1.347632,26,26,27,26,26,27,28,25,27,27,26,27
1791409366.025069,-0.021868,0.653434,-1.369685,0.026621,0.659368,-1.366731,-0.085258,0.660634,-1.357948,0.082458,0.664328,-1.347648,26,26,27,26,26,27,28,25,27,27,26,27
1791409366.045242,-0.021868,0.653434,-1.369669,0.026591,0.659398,-1.366715,-0.085228,0.660604,-1.357964,0.082458,0.664298,-1.347632,26,26,27,26,26,27,28,25,27,27,26,27
1791409366.065013,-0.021898,0.653403,-1.369685,0.026591,0.659398,-1.366731,-0.085289,0.660634,-1.357948,0.082398,0.664298,-1.347617,26,26,27,26,26,27,28,25,27,27,26,27
1791409366.085187,-0.021868,0.653434,-1.369669,0.026621,0.659368,-1.366747,-0.085258,0.660634,-1.357964,0.082367,0.664268,-1.347648,26,26,27,26,26,27,28,25,27,27,26,27
1791409366.105314,-0.021898,0.653403,-1.369669,0.026621,0.659398,-1.366731,-0.085289,0.660634,-1.357948,0.082398,0.664268,-1.347632,26,26,27,26,26,27,28,25,27,27,26,27
1791409366.125268,-0.021868,0.653434,-1.369653,0.026621,0.659429,-1.366715,-0.085228,0.660604,-1.357932,0.082428,0.664298,-1.347632,26,26,27,26,26,27,28,25,27,27,26,27
1791409366.145146,-0.022594,0.649195,-1.370111,0.026864,0.659247,-1.370033,-0.087650,0.662996,-1.359038,0.086243,0.663965,-1.348691,26,26,27,26,26,27,28,25,27,27,26,27
1791409366.165117,-0.018931,0.628303,-1.368469,0.026712,0.663244,-1.401626,-0.078688,0.684796,-1.391864,0.094055,0.666962,-1.381580,26,26,27,26,26,27,28,25,27,27,26,27
1791409366.185175,-0.016933,0.630816,-1.360428,0.031042,0.658399,-1.397630,-0.066153,0.687945,-1.394234,0.099232,0.673048,-1.382544,26,26,27,26,26,27,28,25,27,27,26,27
1791409366.205334,-0.018931,0.638628,-1.369337,0.030012,0.657975,-1.397709,-0.067788,0.687278,-1.400489,0.098899,0.677983,-1.384897,26,26,27,26,26,27,28,25,27,27,26,27
1791409366.225204,-0.021383,0.640384,-1.373618,0.033676,0.656916,-1.401674,-0.065548,0.685220,-1.403333,0.098112,0.672836,-1.386588,26,26,27,26,26,27,28,25,27,27,26,27
1791409366.245326,-0.021565,0.645198,-1.373903,0.035250,0.661821,-1.409809,-0.062550,0.687430,-1.401990,0.102472,0.671141,-1.387267,26,26,27,26,26,27,28,25,27,27,26,27
1791409366.265171,-0.021414,0.642140,-1.374298,0.036038,0.660731,-1.423426,-0.059038,0.686643,-1.402954,0.106499,0.670263,-1.395750,26,26,27,26,26,27,28,25,27,27,26,27
1791409366.285051,-0.019536,0.639294,-1.378026,0.036673,0.658823,-1.434642,-0.054315,0.682010,-1.404770,0.111434,0.664813,-1.400458,26,26,27,26,26,27,28,25,27,27,26,27
1791409366.307123,-0.018840,0.638355,-1.384534,0.036431,0.658399,-1.444168,-0.051620,0.678225,-1.404976,0.114462,0.658697,-1.400868,26,26,27,26,26,27,28,25,27,27,26,27
1791409366.327273,-0.019960,0.637568,-1.387188,0.036128,0.657370,-1.448907,-0.050712,0.676045,-1.404944,0.115249,0.654609,-1.400868,26,26,27,26,26,27,28,25,27,27,26,27
1791409366.347245,-0.020869,0.637356,-1.387299,0.035553,0.657188,-1.452398,-0.049319,0.676136,-1.404928,0.116763,0.652459,-1.400884,26,26,27,26,26,27,28,25,27,27,26,27
1791409366.367147,-0.021686,0.637629,-1.387283,0.035311,0.657430,-1.455336,-0.047775,0.676651,-1.404912,0.117944,0.651460,-1.401121,26,26,27,26,26,27,28,25,27,27,26,27
1791409366.387137,-0.022746,0.638658,-1.387283,0.034857,0.658551,-1.459412,-0.046443,0.677711,-1.404912,0.119064,0.650824,-1.401184,26,26,27,26,26,27,28,25,27,27,26,27
1791409366.407183,-0.023230,0.640566,-1.387314,0.034766,0.661094,-1.463519,-0.044535,0.679376,-1.404960,0.121274,0.650582,-1.401247,26,26,27,26,26,27,28,25,27,27,26,27
1791409366.427076,-0.023139,0.642473,-1.387472,0.034917,0.662911,-1.466189,-0.042295,0.681526,-1.404991,0.123333,0.650885,-1.401326,26,26,27,26,26,27,28,25,27,27,26,27
1791409366.447261,-0.023261,0.644835,-1.387741,0.034857,0.664939,-1.466773,-0.040569,0.684008,-1.405070,0.124968,0.651521,-1.401374,26,26,27,26,26,27,28,25,27,27,26,27
1791409366.467103,-0.023291,0.646773,-1.387757,0.034857,0.666332,-1.466979,-0.038994,0.686733,-1.405102,0.126391,0.652823,-1.401342,26,26,27,26,26,27,28,25,27,27,26,27
1791409366.487313,-0.023351,0.649528,-1.387709,0.034917,0.668421,-1.467437,-0.037844,0.689489,-1.405118,0.127753,0.654367,-1.401389,26,26,27,26,26,27,28,25,27,27,26,27
1791409366.507053,-0.023200,0.652041,-1.387741,0.035069,0.670328,-1.468764,-0.036693,0.692032,-1.405149,0.128995,0.655729,-1.401437,26,26,27,26,26,27,28,25,27,27,26,27
1791409366.527204,-0.023170,0.653525,-1.387725,0.035160,0.672054,-1.470043,-0.035633,0.693758,-1.405165,0.129903,0.656547,-1.401453,26,26,27,26,26,27,28,25,27,27,26,27
1791409366.547193,-0.023109,0.655250,-1.387757,0.035160,0.673508,-1.470770,-0.034937,0.695393,-1.405213,0.130690,0.657243,-1.401453,26,26,27,26,26,27,28,25,27,27,26,27
1791409366.567066,-0.023230,0.656734,-1.387741,0.035160,0.674598,-1.470865,-0.034695,0.696876,-1.405228,0.130963,0.658303,-1.401453,26,26,27,26,26,27,28,25,27,27,26,27
1791409366.587049,-0.023351,0.657975,-1.387741,0.035039,0.675627,-1.470959,-0.034332,0.698511,-1.405244,0.131235,0.658999,-1.401469,26,26,27,26,26,27,28,25,27,27,26,27
1791409366.607074,-0.023503,0.659126,-1.387741,0.034917,0.676535,-1.471117,-0.034241,0.699601,-1.405213,0.131478,0.659544,-1.401469,26,26,27,26,26,27,28,25,27,27,26,27
1791409366.627294,-0.023775,0.659943,-1.387741,0.034766,0.677353,-1.471702,-0.034210,0.700328,-1.405197,0.131538,0.659998,-1.401453,26,26,27,26,26,27,28,25,27,27,26,27
1791409366.647299,-0.023836,0.660488,-1.387741,0.034645,0.677989,-1.472713,-0.033877,0.700782,-1.405213,0.131841,0.660210,-1.401453,26,26,27,26,26,27,28,25,27,27,26,27
1791409366.667195,-0.023806,0.661033,-1.387741,0.034615,0.678534,-1.472950,-0.033393,0.701358,-1.405228,0.132356,0.660331,-1.401453,26,26,27,26,26,27,28,25,27,27,26,27
1791409366.687105,-0.023806,0.661487,-1.387741,0.034645,0.678988,-1.473139,-0.032969,0.702175,-1.405197,0.132689,0.660574,-1.401453,26,26,27,26,26,27,28,25,27,27,26,27
1791409366.707322,-0.023775,0.662002,-1.387741,0.034615,0.679321,-1.473266,-0.032333,0.702750,-1.405213,0.133203,0.660755,-1.401437,26,26,27,26,26,27,28,25,27,27,26,27
1791409366.727025,-0.023806,0.662517,-1.387757,0.034645,0.679836,-1.473645,-0.031909,0.703295,-1.405213,0.133597,0.660998,-1.401437,26,26,27,26,26,27,28,25,27,27,26,27
1791409366.747142,-0.023806,0.663001,-1.387725,0.034615,0.680472,-1.474861,-0.031364,0.703749,-1.405213,0.134112,0.661119,-1.401421,26,26,27,26,26,27,28,25,27,27,26,27
1791409366.767275,-0.023806,0.663728,-1.387741,0.034645,0.680895,-1.475193,-0.030728,0.704204,-1.405213,0.134869,0.661119,-1.401437,26,26,27,26,26,27,28,25,27,27,26,27
1791409366.787210,-0.023775,0.664182,-1.387741,0.034615,0.681350,-1.475572,-0.030517,0.704839,-1.405213,0.135141,0.661331,-1.401453,26,26,27,26,26,27,28,25,27,27,26,27
1791409366.807062,-0.023806,0.664667,-1.387757,0.034584,0.681834,-1.475857,-0.030062,0.705475,-1.405213,0.135444,0.661633,-1.401453,26,26,27,26,26,27,28,25,27,27,26,27
1791409366.827196,-0.023836,0.665212,-1.387757,0.034584,0.682440,-1.476536,-0.029911,0.706232,-1.405197,0.135777,0.662027,-1.401484,26,26,27,26,26,27,28,25,27,27,26,27
1791409366.847100,-0.023836,0.665878,-1.387741,0.034554,0.683045,-1.476931,-0.029517,0.706717,-1.405213,0.136261,0.662209,-1.401453,26,26,27,26,26,27,28,25,27,27,26,27
1791409366.867201,-0.023836,0.666423,-1.387757,0.034494,0.683590,-1.477136,-0.029124,0.707171,-1.405228,0.136534,0.662511,-1.401453,26,26,27,26,26,27,28,25,27,27,26,27
1791409366.887218,-0.023806,0.667028,-1.387741,0.034524,0.684135,-1.477168,-0.028639,0.707928,-1.405228,0.136867,0.662935,-1.401453,26,26,27,26,26,27,28,25,27,27,26,27
1791409366.907205,-0.023806,0.667694,-1.387741,0.034524,0.684589,-1.477310,-0.028185,0.708503,-1.405244,0.137230,0.663268,-1.401453,26,26,27,26,26,27,28,25,27,27,26,27
1791409366.927253,-0.023775,0.668088,-1.387757,0.034494,0.685074,-1.477484,-0.027973,0.708987,-1.405244,0.137442,0.663632,-1.401484,26,26,27,26,26,27,28,25,27,27,26,27
1791409366.947086,-0.023745,0.668663,-1.387757,0.034524,0.685407,-1.477673,-0.027549,0.709623,-1.405244,0.137745,0.663874,-1.401469,26,26,27,26,26,27,28,25,27,27,26,27
1791409366.967234,-0.023745,0.669057,-1.387757,0.034494,0.685740,-1.477863,-0.027247,0.710350,-1.405244,0.138018,0.664056,-1.401453,26,26,27,26,26,27,28,25,27,27,26,27
1791409366.987094,-0.023745,0.669420,-1.387757,0.034524,0.686224,-1.478068,-0.027125,0.710683,-1.405244,0.138018,0.664389,-1.401469,26,26,27,26,26,27,28,25,27,27,26,27
1791409367.007205,-0.023745,0.669723,-1.387757,0.034524,0.686648,-1.478337,-0.027065,0.710956,-1.405244,0.138169,0.664631,-1.401469,26,26,27,26,26,27,28,25,27,27,26,27
1791409367.027268,-0.023775,0.670147,-1.387757,0.034524,0.687223,-1.478732,-0.027035,0.711379,-1.405244,0.138169,0.664903,-1.401469,26,26,27,26,26,27,28,25,27,27,26,27
1791409367.047090,-0.023866,0.670540,-1.387788,0.034463,0.687738,-1.478921,-0.026974,0.711803,-1.405260,0.138260,0.665176,-1.401484,26,26,27,26,26,27,28,25,27,27,26,27
1791409367.067085,-0.023927,0.670995,-1.387757,0.034403,0.688253,-1.479063,-0.026974,0.712227,-1.405244,0.138290,0.665691,-1.401500,26,26,27,26,26,27,28,25,27,27,26,27
1791409367.087243,-0.023927,0.671358,-1.387757,0.034282,0.688616,-1.479095,-0.026914,0.712469,-1.405244,0.138290,0.666115,-1.401469,26,26,27,26,26,27,28,25,27,27,26,27
1791409367.107012,-0.023957,0.671691,-1.387757,0.034251,0.688828,-1.479111,-0.026944,0.712863,-1.405276,0.138320,0.666387,-1.401484,26,26,27,26,26,27,28,25,27,27,26,27
1791409367.127065,-0.023927,0.672145,-1.387773,0.034282,0.689222,-1.479126,-0.026853,0.713469,-1.405260,0.138472,0.666750,-1.401500,26,26,27,26,26,27,28,25,27,27,26,27
1791409367.147247,-0.023927,0.672418,-1.387773,0.034282,0.689615,-1.479126,-0.026823,0.713892,-1.405260,0.138472,0.667144,-1.401500,26,26,27,26,26,27,28,25,27,27,26,27
1791409367.167155,-0.023957,0.672720,-1.387757,0.034251,0.689797,-1.479142,-0.026762,0.714256,-1.405276,0.138563,0.667386,-1.401516,26,26,27,26,26,27,28,25,27,27,26,27
1791409367.187260,-0.023957,0.672872,-1.387757,0.034282,0.690039,-1.479126,-0.026702,0.714528,-1.405260,0.138532,0.667659,-1.401500,26,26,27,26,26,27,28,25,27,27,26,27
1791409367.207259,-0.023957,0.673235,-1.387757,0.034251,0.690221,-1.479158,-0.026641,0.714831,-1.405260,0.138593,0.667780,-1.401500,26,26,27,26,26,27,28,25,27,27,26,27
1791409367.227324,-0.023987,0.673387,-1.387757,0.034251,0.690372,-1.479174,-0.026611,0.715073,-1.405244,0.138563,0.667901,-1.401516,26,26,27,26,26,27,28,25,27,27,26,27
1791409367.247112,-0.024078,0.673629,-1.387757,0.034221,0.690614,-1.479174,-0.026550,0.715376,-1.405260,0.138563,0.668052,-1.401516,26,26,27,26,26,27,28,25,27,27,26,27
1791409367.267161,-0.024199,0.673810,-1.387757,0.034160,0.690826,-1.479205,-0.026550,0.715558,-1.405244,0.138593,0.668264,-1.401500,26,26,27,26,26,27,28,25,27,27,26,27
1791409367.287275,-0.024229,0.673962,-1.387757,0.033979,0.691008,-1.479205,-0.026550,0.715679,-1.405244,0.138623,0.668416,-1.401484,26,26,27,26,26,27,28,25,27,27,26,27
1791409367.307415,-0.024229,0.674053,-1.387757,0.033888,0.691099,-1.479237,-0.026580,0.715770,-1.405260,0.138563,0.668537,-1.401500,26,26,27,26,26,27,28,25,27,27,26,27
1791409367.327271,-0.024199,0.674234,-1.387757,0.033888,0.691159,-1.479205,-0.026550,0.715830,-1.405244,0.138563,0.668597,-1.401516,26,26,27,26,26,27,28,25,27,27,26,27
1791409367.347307,-0.024229,0.674386,-1.387757,0.033737,0.691250,-1.479237,-0.026550,0.715891,-1.405260,0.138684,0.668597,-1.401516,26,26,27,26,26,27,28,25,27,27,26,27
1791409367.367047,-0.024199,0.674477,-1.387757,0.033676,0.691311,-1.479221,-0.026490,0.715982,-1.405260,0.138805,0.668688,-1.401516,26,26,27,26,26,27,28,25,27,27,26,27
1791409367.387095,-0.024199,0.674507,-1.387757,0.033222,0.691371,-1.479237,-0.026429,0.716012,-1.405276,0.138835,0.668779,-1.401484,26,26,27,26,26,27,28,25,27,27,26,27
1791409367.407145,-0.024139,0.674507,-1.387757,0.033040,0.691432,-1.479237,-0.026399,0.716012,-1.405276,0.138835,0.668870,-1.401500,26,26,27,26,26,27,28,25,27,27,26,27
1791409367.427202,-0.024199,0.674567,-1.387757,0.032980,0.691462,-1.479237,-0.026429,0.716072,-1.405260,0.138805,0.668870,-1.401516,26,26,27,26,26,27,28,25,27,27,26,27
1791409367.447095,-0.024229,0.674567,-1.387773,0.032949,0.691462,-1.479237,-0.026399,0.716103,-1.405260,0.138835,0.668870,-1.401500,26,26,27,26,26,27,28,25,27,27,26,27
1791409367.467179,-0.024229,0.674658,-1.387788,0.032495,0.691523,-1.479237,-0.026429,0.716163,-1.405276,0.138805,0.668900,-1.401500,26,26,27,26,26,27,28,25,27,27,26,27
1791409367.487093,-0.024229,0.674688,-1.387741,0.032314,0.691644,-1.479237,-0.026490,0.716254,-1.405260,0.138835,0.668900,-1.401484,26,26,27,26,26,27,28,25,27,27,26,27
1791409367.507013,-0.024290,0.674779,-1.387773,0.032314,0.691644,-1.479253,-0.026459,0.716375,-1.405260,0.138774,0.668991,-1.401516,26,26,27,26,26,27,28,25,27,27,26,27
1791409367.527120,-0.024320,0.674870,-1.387757,0.032253,0.691704,-1.479284,-0.026399,0.716436,-1.405276,0.138835,0.669051,-1.401500,26,26,27,26,26,27,28,25,27,27,26,27
1791409367.547185,-0.024320,0.675052,-1.387757,0.032223,0.691826,-1.479269,-0.026429,0.716527,-1.405276,0.138835,0.669112,-1.401500,26,26,27,26,26,27,28,25,27,27,26,27
1791409367.567198,-0.024290,0.675173,-1.387757,0.032132,0.691916,-1.479269,-0.026429,0.716648,-1.405276,0.138835,0.669263,-1.401500,26,26,27,26,26,27,28,25,27,27,26,27
1791409367.587207,-0.024260,0.675264,-1.387773,0.032041,0.692159,-1.479269,-0.026429,0.716708,-1.405260,0.138865,0.669506,-1.401516,26,26,27,26,26,27,28,25,27,27,26,27
1791409367.607274,-0.024229,0.675415,-1.387757,0.031829,0.692280,-1.479269,-0.026429,0.716769,-1.405276,0.138865,0.669687,-1.401516,26,26,27,26,26,27,28,25,27,27,26,27
1791409367.627118,-0.024229,0.675506,-1.387757,0.031678,0.692401,-1.479284,-0.026429,0.717072,-1.405244,0.138865,0.669808,-1.401500,26,26,27,26,26,27,28,25,27,27,26,27
1791409367.647153,-0.024229,0.675536,-1.387757,0.031678,0.692582,-1.479253,-0.026399,0.717132,-1.405276,0.138865,0.670111,-1.401516,26,26,27,26,26,27,28,25,27,27,26,27
1791409367.667367,-0.024290,0.675718,-1.387788,0.031678,0.692643,-1.479269,-0.026429,0.717435,-1.405276,0.138865,0.670202,-1.401516,26,26,27,26,26,27,28,25,27,27,26,27
1791409367.687141,-0.024351,0.675960,-1.387773,0.031647,0.692794,-1.479300,-0.026429,0.717707,-1.405276,0.138896,0.670323,-1.401500,26,26,27,26,26,27,28,25,27,27,26,27
1791409367.707185,-0.024381,0.676112,-1.387773,0.031587,0.692916,-1.479284,-0.026429,0.717889,-1.405260,0.138835,0.670474,-1.401516,26,26,27,26,26,27,28,25,27,27,26,27
1791409367.727173,-0.024381,0.676263,-1.387741,0.031557,0.693037,-1.479300,-0.026429,0.718101,-1.405276,0.138865,0.670565,-1.401516,26,26,27,26,26,27,28,25,27,27,26,27
1791409367.747093,-0.024381,0.676505,-1.387757,0.031587,0.693158,-1.479284,-0.026429,0.718404,-1.405260,0.138865,0.670717,-1.401516,26,26,27,26,26,27,28,25,27,27,26,27
1791409367.767100,-0.024441,0.676657,-1.387757,0.031557,0.693279,-1.479284,-0.026429,0.718495,-1.405276,0.138835,0.670929,-1.401532,26,26,27,26,26,27,28,25,27,27,26,27
1791409367.787342,-0.024381,0.676838,-1.387757,0.031466,0.693430,-1.479300,-0.026429,0.718616,-1.405291,0.138835,0.671141,-1.401532,26,26,27,26,26,27,28,25,27,27,26,27
1791409367.807128,-0.024351,0.677020,-1.387788,0.031466,0.693582,-1.479284,-0.026399,0.718767,-1.405291,0.138956,0.671322,-1.401516,26,26,27,26,26,27,28,25,27,27,26,27
1791409367.827229,-0.024351,0.677020,-1.387788,0.031466,0.693673,-1.479316,-0.026399,0.718828,-1.405291,0.138926,0.671564,-1.401532,26,26,27,26,26,27,28,25,27,27,26,27
1791409367.847212,-0.024351,0.677232,-1.387773,0.031435,0.693794,-1.479300,-0.026368,0.719070,-1.405307,0.138926,0.671655,-1.401516,26,26,27,26,26,27,28,25,27,27,26,27
1791409367.867749,-0.024351,0.677323,-1.387757,0.031375,0.693915,-1.479316,-0.026368,0.719100,-1.405291,0.138926,0.671776,-1.401532,26,26,27,26,26,27,28,25,27,27,26,27
1791409367.887120,-0.024351,0.677353,-1.387788,0.031405,0.694066,-1.479284,-0.026368,0.719191,-1.405291,0.138956,0.671898,-1.401547,26,26,27,26,26,27,28,25,27,27,26,27
1791409367.907253,-0.024411,0.677535,-1.387757,0.031405,0.694127,-1.479300,-0.026368,0.719373,-1.405291,0.138926,0.671867,-1.401516,26,26,27,26,26,27,28,25,27,27,26,27
1791409367.927170,-0.024411,0.677625,-1.387788,0.031375,0.694127,-1.479284,-0.026399,0.719433,-1.405291,0.138896,0.671898,-1.401547,26,26,27,26,26,27,28,25,27,27,26,27
1791409367.947056,-0.024441,0.677686,-1.387757,0.031405,0.694248,-1.479284,-0.026399,0.719524,-1.405291,0.138896,0.671928,-1.401547,26,26,27,26,26,27,28,25,27,27,26,27
1791409367.967137,-0.024532,0.677807,-1.387773,0.031405,0.694278,-1.479316,-0.026368,0.719615,-1.405291,0.138896,0.671928,-1.401516,26,26,27,26,26,27,28,25,27,27,26,27
1791409367.987126,-0.024562,0.677928,-1.387788,0.031375,0.694339,-1.479300,-0.026368,0.719736,-1.405276,0.138926,0.671988,-1.401532,26,26,27,26,26,27,28,25,27,27,26,27
1791409368.007127,-0.024562,0.677958,-1.387757,0.031375,0.694460,-1.479284,-0.026399,0.719706,-1.405291,0.138896,0.672170,-1.401500,26,26,27,26,26,27,28,25,27,27,26,27
1791409368.027183,-0.024502,0.678170,-1.387773,0.031405,0.694520,-1.479316,-0.026368,0.719736,-1.405276,0.138986,0.672231,-1.401500,26,26,27,26,26,27,28,25,27,27,26,27
1791409368.047222,-0.024472,0.678231,-1.387773,0.031375,0.694551,-1.479316,-0.026308,0.719918,-1.405276,0.138986,0.672291,-1.401516,26,26,27,26,26,27,28,25,27,27,26,27
1791409368.067186,-0.024411,0.678231,-1.387773,0.031435,0.694853,-1.479316,-0.026368,0.719948,-1.405260,0.138926,0.672685,-1.401532,26,26,27,26,26,27,28,25,27,27,26,27
1791409368.087211,-0.024411,0.678382,-1.387773,0.031345,0.694884,-1.479300,-0.026368,0.719978,-1.405307,0.138926,0.672745,-1.401532,26,26,27,26,26,27,28,25,27,27,26,27
1791409368.107095,-0.024441,0.678564,-1.387773,0.031345,0.694944,-1.479316,-0.026368,0.720130,-1.405291,0.138926,0.672745,-1.401532,26,26,27,26,26,27,28,25,27,27,26,27
1791409368.127187,-0.024472,0.678655,-1.387757,0.031375,0.695217,-1.479316,-0.026308,0.720251,-1.405291,0.138926,0.672927,-1.401547,26,26,27,26,26,27,28,25,27,27,26,27
1791409368.147040,-0.024502,0.678806,-1.387788,0.031375,0.695307,-1.479332,-0.026368,0.720493,-1.405276,0.138926,0.673109,-1.401516,26,26,27,26,26,27,28,25,27,27,26,27
1791409368.167096,-0.021020,0.683560,-1.393538,0.023472,0.704270,-1.480943,-0.027277,0.725216,-1.405102,0.137230,0.677892,-1.401706,26,26,27,26,26,27,28,25,27,27,26,27
1791409368.187228,-0.020778,0.687405,-1.398751,0.020505,0.707873,-1.480927,-0.029003,0.729849,-1.405323,0.135838,0.681828,-1.403491,26,26,27,26,26,27,28,25,27,27,26,27
1791409368.207243,-0.020990,0.690372,-1.402811,0.019567,0.711627,-1.481433,-0.030426,0.731998,-1.405339,0.134536,0.684735,-1.404644,26,26,27,26,26,27,28,25,27,27,26,27
1791409368.227101,-0.021111,0.694520,-1.408198,0.018446,0.716714,-1.481733,-0.032333,0.735662,-1.405339,0.133113,0.688641,-1.405133,26,26,27,26,26,27,28,25,27,27,26,27
1791409368.247139,-0.021383,0.696034,-1.413221,0.017508,0.722769,-1.481812,-0.034392,0.740416,-1.405386,0.131599,0.693273,-1.405591,26,26,27,26,26,27,28,25,27,27,26,27
1791409368.267248,-0.021747,0.699001,-1.418498,0.016842,0.728643,-1.481812,-0.035785,0.744866,-1.405528,0.130085,0.698088,-1.407392,26,26,27,26,26,27,28,25,27,27,26,27
1791409368.287245,-0.021837,0.704572,-1.423790,0.016902,0.735577,-1.481875,-0.037329,0.750407,-1.405576,0.129025,0.706172,-1.409446,26,26,27,26,26,27,28,25,27,27,26,27
1791409368.307285,-0.021595,0.712445,-1.427534,0.017266,0.743267,-1.482002,-0.039055,0.756947,-1.406002,0.128268,0.712893,-1.412432,26,26,27,26,26,27,28,25,27,27,26,27
1791409368.327187,-0.020899,0.721195,-1.430677,0.017811,0.750382,-1.482049,-0.039751,0.763729,-1.407266,0.127905,0.717707,-1.416333,26,26,27,26,26,27,28,25,27,27,26,27
1791409368.347119,-0.020778,0.728219,-1.434626,0.017932,0.756892,-1.482033,-0.040902,0.770784,-1.409430,0.126815,0.724308,-1.417029,26,26,27,26,26,27,28,25,27,27,26,27
1791409368.367139,-0.020990,0.735728,-1.438386,0.017962,0.763220,-1.482096,-0.042870,0.776294,-1.410362,0.125271,0.731030,-1.418071,26,26,27,26,26,27,28,25,27,27,26,27
1791409368.387622,-0.020929,0.742995,-1.441988,0.018234,0.769397,-1.482681,-0.044020,0.781926,-1.410915,0.124483,0.737751,-1.420188,26,26,27,26,26,27,28,25,27,27,26,27
1791409368.407126,-0.020899,0.749535,-1.445179,0.018446,0.775240,-1.483155,-0.045050,0.788224,-1.412416,0.123848,0.744291,-1.421657,26,26,27,26,26,27,28,25,27,27,26,27
1791409368.427206,-0.021020,0.755530,-1.447785,0.018386,0.781386,-1.483281,-0.046564,0.793492,-1.413822,0.122667,0.749620,-1.422115,26,26,27,26,26,27,28,25,27,27,26,27
1791409368.447229,-0.021020,0.760283,-1.449633,0.018598,0.786473,-1.483613,-0.047260,0.798185,-1.414549,0.122122,0.754888,-1.423142,26,26,27,26,26,27,28,25,27,27,26,27
1791409368.467370,-0.020717,0.765158,-1.450913,0.018870,0.792317,-1.483644,-0.048108,0.802242,-1.414770,0.121758,0.760126,-1.424185,26,26,27,26,26,27,28,25,27,27,26,27
1791409368.487238,-0.020233,0.769578,-1.451892,0.019476,0.797010,-1.483660,-0.048865,0.806269,-1.415528,0.121395,0.765485,-1.424469,26,26,27,26,26,27,28,25,27,27,26,27
1791409368.507233,-0.019930,0.773514,-1.453188,0.019657,0.800582,-1.483660,-0.049531,0.810690,-1.417234,0.120971,0.769936,-1.425764,26,26,27,26,26,27,28,25,27,27,26,27
1791409368.527347,-0.019930,0.777450,-1.455020,0.019809,0.804821,-1.483660,-0.050379,0.814626,-1.418924,0.120396,0.774205,-1.426649,26,26,27,26,26,27,28,25,27,27,26,27
1791409368.547164,-0.020051,0.780841,-1.456474,0.019960,0.808939,-1.483676,-0.051317,0.818350,-1.420409,0.119578,0.778565,-1.428434,26,26,27,26,26,27,28,25,27,27,26,27
1791409368.567278,-0.020112,0.783718,-1.456742,0.019930,0.812027,-1.483676,-0.051953,0.822195,-1.423000,0.118852,0.782289,-1.429634,26,26,27,26,26,27,28,25,27,27,26,27
1791409368.587178,-0.020081,0.786503,-1.456805,0.019930,0.815085,-1.483676,-0.052226,0.826283,-1.424532,0.118700,0.786498,-1.430203,26,26,27,26,26,27,28,25,27,27,26,27
1791409368.607278,-0.020051,0.788835,-1.456979,0.019960,0.818386,-1.483644,-0.052892,0.829492,-1.425749,0.118277,0.790313,-1.431988,26,26,27,26,26,27,28,25,27,27,26,27
1791409368.627202,-0.020051,0.791227,-1.457690,0.020021,0.821111,-1.483644,-0.053285,0.832580,-1.427076,0.118125,0.793734,-1.433679,26,26,27,26,26,27,28,25,27,27,26,27
1791409368.647542,-0.019991,0.793952,-1.458669,0.020051,0.823866,-1.483644,-0.053830,0.834851,-1.427802,0.117853,0.796732,-1.434358,26,26,27,26,26,27,28,25,27,27,26,27
1791409368.667156,-0.020051,0.796041,-1.458954,0.020081,0.826046,-1.483660,-0.054617,0.837061,-1.428892,0.117156,0.798881,-1.435227,26,26,27,26,26,27,28,25,27,27,26,27
1791409368.687172,-0.019960,0.798100,-1.459333,0.020081,0.828226,-1.483629,-0.055041,0.838817,-1.428971,0.116854,0.801939,-1.436206,26,26,27,26,26,27,28,25,27,27,26,27
1791409368.707468,-0.019930,0.800249,-1.459743,0.020142,0.830527,-1.483676,-0.055707,0.840846,-1.429050,0.116187,0.804543,-1.436806,26,26,27,26,26,27,28,25,27,27,26,27
1791409368.727190,-0.019960,0.802520,-1.460518,0.020112,0.832525,-1.483660,-0.056888,0.842239,-1.429129,0.115037,0.807208,-1.438165,26,26,27,26,26,27,28,25,27,27,26,27
1791409368.747256,-0.020051,0.804609,-1.461070,0.020172,0.834736,-1.483676,-0.057857,0.843965,-1.429224,0.114219,0.810205,-1.438449,26,26,27,26,26,27,28,25,27,27,26,27
1791409368.767362,-0.020021,0.806638,-1.461434,0.020202,0.837097,-1.483708,-0.058463,0.845781,-1.429287,0.113614,0.813717,-1.439476,26,26,27,26,26,27,28,25,27,27,26,27
1791409368.787365,-0.019748,0.808757,-1.461450,0.020414,0.839792,-1.483660,-0.059098,0.847780,-1.429303,0.113039,0.817230,-1.441151,26,26,27,26,26,27,28,25,27,27,26,27
1791409368.807279,-0.019657,0.810604,-1.461465,0.020869,0.842032,-1.483660,-0.059825,0.849657,-1.429366,0.112494,0.821196,-1.442699,26,26,27,26,26,27,28,25,27,27,26,27
1791409368.827322,-0.019597,0.812905,-1.461465,0.021111,0.844243,-1.483676,-0.060491,0.851776,-1.429477,0.112039,0.823982,-1.443615,26,26,27,26,26,27,28,25,27,27,26,27
1791409368.847249,-0.019627,0.814904,-1.461497,0.021141,0.845181,-1.483676,-0.061278,0.853532,-1.429571,0.111313,0.826616,-1.444010,26,26,27,26,26,27,28,25,27,27,26,27
1791409368.867487,-0.019748,0.817023,-1.461560,0.021141,0.847846,-1.483676,-0.061884,0.855258,-1.429587,0.110677,0.829068,-1.444168,26,26,27,26,26,27,28,25,27,27,26,27
1791409368.887226,-0.019748,0.818900,-1.461592,0.021111,0.849844,-1.483660,-0.062126,0.857317,-1.429603,0.110495,0.831339,-1.444342,26,26,27,26,26,27,28,25,27,27,26,27
1791409368.907427,-0.019688,0.820989,-1.461639,0.021141,0.852054,-1.483692,-0.062520,0.859043,-1.429603,0.110162,0.833701,-1.444594,26,26,27,26,26,27,28,25,27,27,26,27
1791409368.927205,-0.019688,0.823139,-1.461845,0.021171,0.854143,-1.483660,-0.062702,0.860950,-1.429603,0.110132,0.835548,-1.444705,26,26,27,26,26,27,28,25,27,27,26,27
1791409368.947314,-0.019688,0.825349,-1.462271,0.021171,0.855839,-1.483676,-0.063004,0.862555,-1.429635,0.110071,0.837606,-1.445021,26,26,27,26,26,27,28,25,27,27,26,27
1791409368.967356,-0.019688,0.827529,-1.462540,0.021293,0.857474,-1.483660,-0.062974,0.864553,-1.429666,0.110041,0.839605,-1.445542,26,26,27,26,26,27,28,25,27,27,26,27
1791409368.987374,-0.019476,0.829528,-1.463014,0.021565,0.859715,-1.483676,-0.063247,0.866067,-1.429793,0.109981,0.842027,-1.446048,26,26,27,26,26,27,28,25,27,27,26,27
1791409369.007237,-0.019415,0.831466,-1.463266,0.021838,0.861561,-1.483676,-0.063307,0.868066,-1.429950,0.109950,0.844086,-1.446111,26,26,27,26,26,27,28,25,27,27,26,27
1791409369.027233,-0.019173,0.833222,-1.464277,0.022110,0.863529,-1.483660,-0.063670,0.869398,-1.430124,0.109799,0.846266,-1.446300,26,26,27,26,26,27,28,25,27,27,26,27
1791409369.047405,-0.019143,0.834917,-1.464609,0.022292,0.865497,-1.483660,-0.064034,0.871033,-1.430187,0.109496,0.848476,-1.446553,26,26,27,26,26,27,28,25,27,27,26,27
1791409369.067218,-0.019052,0.836643,-1.464688,0.022443,0.867556,-1.483676,-0.064337,0.872638,-1.430203,0.109345,0.850414,-1.447327,26,26,27,26,26,27,28,25,27,27,26,27
1791409369.087344,-0.018719,0.838006,-1.464688,0.022806,0.869343,-1.483660,-0.064700,0.873788,-1.430251,0.109042,0.852957,-1.448433,26,26,27,26,26,27,28,25,27,27,26,27
1791409369.107238,-0.018628,0.839489,-1.464735,0.022927,0.871099,-1.483644,-0.064912,0.875514,-1.430251,0.109012,0.854532,-1.448465,26,26,27,26,26,27,28,25,27,27,26,27
1791409369.127274,-0.018628,0.840761,-1.464814,0.023049,0.872613,-1.483676,-0.065215,0.876634,-1.430266,0.108800,0.856257,-1.448575,26,26,27,26,26,27,28,25,27,27,26,27
1791409369.147497,-0.018537,0.841820,-1.464877,0.023139,0.874460,-1.483629,-0.065548,0.877482,-1.430266,0.108497,0.857650,-1.448686,26,26,27,26,26,27,28,25,27,27,26,27
1791409369.167213,-0.018537,0.842699,-1.464957,0.023139,0.875610,-1.483676,-0.065638,0.878511,-1.430266,0.108406,0.858801,-1.448844,26,26,27,26,26,27,28,25,27,27,26,27
1791409369.187335,-0.018416,0.843849,-1.465130,0.023261,0.876852,-1.483644,-0.065760,0.879571,-1.430251,0.108346,0.860072,-1.449191,26,26,27,26,26,27,28,25,27,27,26,27
1791409369.207279,-0.018174,0.844757,-1.465351,0.023382,0.878517,-1.483644,-0.065850,0.880449,-1.430251,0.108315,0.861283,-1.450360,26,26,27,26,26,27,28,25,27,27,26,27
1791409369.227504,-0.017871,0.845484,-1.465588,0.023563,0.879213,-1.483660,-0.065911,0.881024,-1.430251,0.108346,0.862464,-1.450723,26,26,27,26,26,27,28,25,27,27,26,27
1791409369.247245,-0.017780,0.846180,-1.466299,0.023684,0.880031,-1.483629,-0.065971,0.881660,-1.430251,0.108224,0.863312,-1.450945,26,26,27,26,26,27,28,25,27,27,26,27
1791409369.267280,-0.017599,0.846937,-1.466773,0.023684,0.880757,-1.483644,-0.066183,0.882205,-1.430251,0.108073,0.864220,-1.451213,26,26,27,26,26,27,28,25,27,27,26,27
1791409369.287351,-0.017417,0.847785,-1.466915,0.023775,0.882059,-1.483644,-0.066305,0.883083,-1.430251,0.107982,0.865431,-1.452335,26,26,27,26,26,27,28,25,27,27,26,27
1791409369.307207,-0.017144,0.848512,-1.467042,0.023896,0.883089,-1.483644,-0.066517,0.883780,-1.430251,0.107952,0.866945,-1.452619,26,26,27,26,26,27,28,25,27,27,26,27
1791409369.327223,-0.016963,0.848966,-1.467089,0.024048,0.883664,-1.483629,-0.066547,0.884294,-1.430251,0.107952,0.868066,-1.453267,26,26,27,26,26,27,28,25,27,27,26,27
1791409369.347237,-0.016811,0.849753,-1.467137,0.024108,0.884481,-1.483660,-0.066517,0.885021,-1.430251,0.107952,0.869246,-1.454610,26,26,27,26,26,27,28,25,27,27,26,27
1791409369.367294,-0.016599,0.850510,-1.467168,0.024320,0.885844,-1.483644,-0.066668,0.885839,-1.430266,0.107861,0.870700,-1.454799,26,26,27,26,26,27,28,25,27,27,26,27
1791409369.387308,-0.016448,0.851388,-1.467231,0.024562,0.886813,-1.483629,-0.066940,0.886565,-1.430251,0.107740,0.872365,-1.456015,26,26,27,26,26,27,28,25,27,27,26,27
1791409369.407559,-0.016206,0.852357,-1.467247,0.024744,0.887691,-1.483644,-0.067062,0.887716,-1.430251,0.107558,0.874151,-1.457564,26,26,27,26,26,27,28,25,27,27,26,27
1791409369.427400,-0.016085,0.853205,-1.467342,0.024896,0.888902,-1.483613,-0.067243,0.888624,-1.430251,0.107467,0.875877,-1.458622,26,26,27,26,26,27,28,25,27,27,26,27
1791409369.447287,-0.015933,0.853931,-1.467689,0.025077,0.890174,-1.483613,-0.067728,0.889169,-1.430251,0.107195,0.877331,-1.458717,26,26,27,26,26,27,28,25,27,27,26,27
1791409369.467222,-0.015933,0.854991,-1.468527,0.025047,0.891021,-1.483597,-0.068121,0.889684,-1.430251,0.106832,0.878148,-1.458859,26,26,27,26,26,27,28,25,27,27,26,27
1791409369.487550,-0.015964,0.855960,-1.468843,0.025107,0.891899,-1.483613,-0.068454,0.890259,-1.430251,0.106499,0.879026,-1.459127,26,26,27,26,26,27,28,25,27,27,26,27
1791409369.507207,-0.015933,0.856808,-1.469001,0.025107,0.892717,-1.483629,-0.068999,0.891077,-1.430251,0.106287,0.880177,-1.460423,26,26,27,26,26,27,28,25,27,27,26,27
1791409369.527440,-0.015812,0.857535,-1.469048,0.025229,0.893746,-1.483613,-0.069211,0.891743,-1.430251,0.106196,0.881327,-1.460976,26,26,27,26,26,27,28,25,27,27,26,27
1791409369.547313,-0.015843,0.858170,-1.469285,0.025289,0.894291,-1.483613,-0.069181,0.892166,-1.430235,0.106166,0.881660,-1.461039,26,26,27,26,26,27,28,25,27,27,26,27
1791409369.567883,-0.015812,0.858836,-1.469743,0.025380,0.894776,-1.483613,-0.069242,0.892500,-1.430251,0.106075,0.882024,-1.461086,26,26,27,26,26,27,28,25,27,27,26,27
1791409369.587527,-0.015721,0.859563,-1.470470,0.025410,0.895139,-1.483613,-0.069423,0.892772,-1.430251,0.106044,0.882508,-1.461181,26,26,27,26,26,27,28,25,27,27,26,27
1791409369.607399,-0.015752,0.860108,-1.470707,0.025410,0.895533,-1.483613,-0.069484,0.893166,-1.430235,0.105984,0.882720,-1.461244,26,26,27,26,26,27,28,25,27,27,26,27
1791409369.627365,-0.015661,0.860381,-1.470849,0.025471,0.895957,-1.483613,-0.069544,0.893438,-1.430235,0.105923,0.883265,-1.461307,26,26,27,26,26,27,28,25,27,27,26,27
1791409369.647493,-0.015570,0.860593,-1.470912,0.025501,0.896290,-1.483597,-0.069514,0.893802,-1.430219,0.105954,0.883537,-1.461544,26,26,27,26,26,27,28,25,27,27,26,27
1791409369.667293,-0.017962,0.859200,-1.468258,0.025683,0.889417,-1.483629,-0.067485,0.886383,-1.430314,0.106226,0.880540,-1.461481,26,26,27,26,26,27,28,25,27,27,26,27
1791409369.687365,-0.019476,0.857444,-1.467942,0.026076,0.887237,-1.483692,-0.067304,0.875635,-1.430298,0.104773,0.876483,-1.460312,26,26,27,26,26,27,28,25,27,27,26,27
1791409369.707363,-0.020717,0.856505,-1.467800,0.025562,0.884451,-1.483834,-0.067183,0.872274,-1.430266,0.104107,0.873304,-1.456742,26,26,27,26,26,27,28,25,27,27,26,27
1791409369.727408,-0.021595,0.855688,-1.467263,0.025562,0.881696,-1.484055,-0.067001,0.871790,-1.430345,0.104712,0.870821,-1.450376,26,26,27,26,26,27,28,25,27,27,26,27
1791409369.747357,-0.022534,0.852630,-1.467137,0.025471,0.877518,-1.484987,-0.066910,0.868217,-1.430345,0.104621,0.866037,-1.449175,26,26,27,26,26,27,28,25,27,27,26,27
1791409369.767291,-0.022776,0.848784,-1.466963,0.025501,0.872431,-1.485429,-0.066244,0.864614,-1.430330,0.104743,0.859951,-1.445368,26,26,27,26,26,27,28,25,27,27,26,27
1791409369.787306,-0.023109,0.844394,-1.466836,0.025441,0.867708,-1.485477,-0.066123,0.861344,-1.430330,0.104561,0.854774,-1.443157,26,26,27,26,26,27,28,25,27,27,26,27
1791409369.807186,-0.023261,0.840852,-1.466789,0.025652,0.863196,-1.485524,-0.065941,0.859073,-1.430314,0.104531,0.850565,-1.442272,26,26,27,26,26,27,28,25,27,27,26,27
1791409369.827301,-0.023351,0.837127,-1.466757,0.025986,0.859018,-1.485682,-0.065881,0.857983,-1.430330,0.104652,0.847295,-1.442098,26,26,27,26,26,27,28,25,27,27,26,27
1791409369.847304,-0.023351,0.833858,-1.466757,0.026228,0.854416,-1.485777,-0.065790,0.855712,-1.430298,0.104652,0.843208,-1.441925,26,26,27,26,26,27,28,25,27,27,26,27
1791409369.867312,-0.023382,0.831284,-1.466710,0.026561,0.850026,-1.485856,-0.065669,0.852594,-1.430314,0.104440,0.839241,-1.441861,26,26,27,26,26,27,28,25,27,27,26,27
1791409369.887295,-0.023594,0.828014,-1.466647,0.027045,0.845484,-1.486125,-0.065820,0.848870,-1.430330,0.104440,0.834881,-1.441830,26,26,27,26,26,27,28,25,27,27,26,27
1791409369.907241,-0.023594,0.824381,-1.466647,0.027409,0.841699,-1.486804,-0.065820,0.844540,-1.430330,0.104349,0.830855,-1.441830,26,26,27,26,26,27,28,25,27,27,26,27
1791409369.927346,-0.023594,0.820384,-1.466631,0.027742,0.838157,-1.487451,-0.065699,0.840695,-1.430330,0.104379,0.826828,-1.441814,26,26,27,26,26,27,28,25,27,27,26,27
1791409369.947316,-0.023533,0.816296,-1.466631,0.027832,0.834826,-1.487846,-0.065669,0.837243,-1.430298,0.104349,0.823830,-1.441767,26,26,27,26,26,27,28,25,27,27,26,27
1791409369.967431,-0.023442,0.812451,-1.466615,0.027923,0.831466,-1.488510,-0.065729,0.833761,-1.430314,0.104349,0.821862,-1.441751,26,26,27,26,26,27,28,25,27,27,26,27
1791409369.987461,-0.023442,0.808818,-1.466631,0.028014,0.828105,-1.489126,-0.065669,0.830219,-1.430314,0.104288,0.821317,-1.441719,26,26,27,26,26,27,28,25,27,27,26,27
1791409370.007288,-0.023442,0.805851,-1.466631,0.028075,0.825138,-1.489426,-0.065669,0.827251,-1.430298,0.104198,0.818289,-1.441703,26,26,27,26,26,27,28,25,27,27,26,27
1791409370.027331,-0.023412,0.802793,-1.466631,0.028105,0.822080,-1.489600,-0.065699,0.824315,-1.430298,0.104198,0.815443,-1.441703,26,26,27,26,26,27,28,25,27,27,26,27
1791409370.047281,-0.023442,0.800068,-1.466599,0.028196,0.819082,-1.489774,-0.065638,0.821529,-1.430282,0.103955,0.812839,-1.441719,26,26,27,26,26,27,28,25,27,27,26,27
1791409370.067281,-0.023472,0.797312,-1.466584,0.028256,0.816145,-1.490105,-0.065608,0.819167,-1.430298,0.103955,0.809993,-1.441703,26,26,27,26,26,27,28,25,27,27,26,27
1791409370.087393,-0.023503,0.794587,-1.466584,0.028287,0.813481,-1.490627,-0.065487,0.816927,-1.430282,0.103986,0.806481,-1.441688,26,26,27,26,26,27,28,25,27,27,26,27
1791409370.107352,-0.023503,0.792044,-1.466584,0.028377,0.811089,-1.491116,-0.065336,0.814414,-1.430266,0.104046,0.804059,-1.441656,26,26,27,26,26,27,28,25,27,27,26,27
1791409370.127450,-0.023442,0.789531,-1.466568,0.028529,0.808545,-1.491243,-0.065275,0.812234,-1.430298,0.104046,0.800910,-1.441640,26,26,27,26,26,27,28,25,27,27,26,27
1791409370.147336,-0.023472,0.787018,-1.466568,0.028680,0.806275,-1.491306,-0.065154,0.809751,-1.430282,0.104076,0.798155,-1.441593,26,26,27,26,26,27,28,25,27,27,26,27
1791409370.167506,-0.023472,0.784899,-1.466568,0.028741,0.803852,-1.491338,-0.065094,0.807692,-1.430298,0.104107,0.797398,-1.441593,26,26,27,26,26,27,28,25,27,27,26,27
1791409370.187403,-0.023412,0.782446,-1.466568,0.028892,0.801794,-1.491385,-0.065063,0.805149,-1.430282,0.104107,0.795581,-1.441593,26,26,27,26,26,27,28,25,27,27,26,27
1791409370.207604,-0.023412,0.780539,-1.466552,0.028953,0.799553,-1.491432,-0.065094,0.802666,-1.430282,0.104107,0.793855,-1.441609,26,26,27,26,26,27,28,25,27,27,26,27
1791409370.227343,-0.023382,0.778571,-1.466536,0.029104,0.797494,-1.491511,-0.065033,0.800849,-1.430282,0.104076,0.791585,-1.441577,26,26,27,26,26,27,28,25,27,27,26,27
1791409370.247332,-0.023382,0.776996,-1.466536,0.029195,0.795344,-1.491559,-0.065003,0.798609,-1.430282,0.104076,0.789677,-1.441577,26,26,27,26,26,27,28,25,27,27,26,27
1791409370.267381,-0.023351,0.774877,-1.466520,0.029316,0.793376,-1.491606,-0.065063,0.796580,-1.430282,0.104046,0.787467,-1.441577,26,26,27,26,26,27,28,25,27,27,26,27
1791409370.287321,-0.023261,0.773424,-1.466536,0.029558,0.791439,-1.491685,-0.064972,0.794491,-1.430282,0.104107,0.785650,-1.441561,26,26,27,26,26,27,28,25,27,27,26,27
1791409370.307393,-0.023230,0.771698,-1.466520,0.029649,0.789561,-1.491701,-0.065033,0.792886,-1.430266,0.104076,0.783470,-1.441545,26,26,27,26,26,27,28,25,27,27,26,27
1791409370.327517,-0.023139,0.769942,-1.466505,0.029952,0.787684,-1.491717,-0.064851,0.791040,-1.430282,0.104046,0.781593,-1.441530,26,26,27,26,26,27,28,25,27,27,26,27
1791409370.347462,-0.023049,0.768700,-1.466520,0.030497,0.786201,-1.491717,-0.064700,0.789556,-1.430298,0.104167,0.779534,-1.441451,26,26,27,26,26,27,28,25,27,27,26,27
1791409370.367560,-0.022776,0.766732,-1.466536,0.030951,0.784566,-1.491748,-0.064579,0.787951,-1.430298,0.104288,0.778535,-1.441403,26,26,27,26,26,27,28,25,27,27,26,27
1791409370.387323,-0.022473,0.765128,-1.466520,0.031314,0.783052,-1.491764,-0.064367,0.786377,-1.430282,0.104349,0.777324,-1.441419,26,26,27,26,26,27,28,25,27,27,26,27
1791409370.407301,-0.022292,0.763129,-1.466520,0.031496,0.781508,-1.491796,-0.064246,0.785135,-1.430266,0.104500,0.775628,-1.441403,26,26,27,26,26,27,28,25,27,27,26,27
1791409370.427412,-0.022171,0.761706,-1.466520,0.031617,0.779903,-1.491859,-0.064094,0.783470,-1.430266,0.104500,0.774266,-1.441403,26,26,27,26,26,27,28,25,27,27,26,27
1791409370.447441,-0.022019,0.759768,-1.466505,0.031859,0.778540,-1.491875,-0.064034,0.782168,-1.430266,0.104531,0.773206,-1.441387,26,26,27,26,26,27,28,25,27,27,26,27
1791409370.467516,-0.021777,0.758497,-1.466489,0.031980,0.777178,-1.491906,-0.064003,0.780897,-1.430282,0.104500,0.771874,-1.441387,26,26,27,26,26,27,28,25,27,27,26,27
1791409370.487338,-0.021565,0.756983,-1.466505,0.032011,0.775634,-1.491938,-0.063943,0.779201,-1.430282,0.104591,0.770602,-1.441372,26,26,27,26,26,27,28,25,27,27,26,27
1791409370.507376,-0.021414,0.755560,-1.466520,0.032223,0.774271,-1.491985,-0.063822,0.777960,-1.430251,0.104621,0.769543,-1.441372,26,26,27,26,26,27,28,25,27,27,26,27
1791409370.527411,-0.021232,0.754349,-1.466489,0.032525,0.772909,-1.491985,-0.063640,0.776870,-1.430266,0.104743,0.768574,-1.441372,26,26,27,26,26,27,28,25,27,27,26,27
1791409370.547388,-0.021020,0.753289,-1.466489,0.032798,0.771789,-1.492001,-0.063670,0.775204,-1.430282,0.104712,0.767453,-1.441340,26,26,27,26,26,27,28,25,27,27,26,27
1791409370.567376,-0.020747,0.752138,-1.466489,0.033101,0.770729,-1.492017,-0.063580,0.773993,-1.430282,0.104743,0.766575,-1.441356,26,26,27,26,26,27,28,25,27,27,26,27
1791409370.587532,-0.020414,0.751079,-1.466489,0.033585,0.769366,-1.492033,-0.063519,0.772812,-1.430266,0.104894,0.765849,-1.441340,26,26,27,26,26,27,28,25,27,27,26,27
1791409370.607438,-0.020112,0.750049,-1.466473,0.034100,0.768216,-1.492048,-0.063428,0.770996,-1.430282,0.104954,0.764728,-1.441372,26,26,27,26,26,27,28,25,27,27,26,27
1791409370.627727,-0.019869,0.748778,-1.466489,0.034705,0.767247,-1.492017,-0.063186,0.769997,-1.430282,0.105136,0.763517,-1.441356,26,26,27,26,26,27,28,25,27,27,26,27
1791409370.647236,-0.019748,0.747597,-1.466505,0.035129,0.766036,-1.492033,-0.063095,0.768907,-1.430282,0.105257,0.762639,-1.441372,26,26,27,26,26,27,28,25,27,27,26,27
1791409370.667399,-0.019657,0.746840,-1.466489,0.035281,0.764885,-1.492017,-0.062944,0.767574,-1.430282,0.105287,0.761670,-1.441356,26,26,27,26,26,27,28,25,27,27,26,27
1791409370.687402,-0.019567,0.746386,-1.466489,0.035372,0.763856,-1.492048,-0.062823,0.766666,-1.430251,0.105348,0.760368,-1.441340,26,26,27,26,26,27,28,25,27,27,26,27
1791409370.707328,-0.019506,0.745568,-1.466473,0.035462,0.762887,-1.492048,-0.062792,0.765849,-1.430251,0.105378,0.759339,-1.441340,26,26,27,26,26,27,28,25,27,27,26,27
1791409370.727520,-0.019476,0.744054,-1.466473,0.035523,0.761646,-1.492064,-0.062792,0.764607,-1.430282,0.105439,0.758219,-1.441324,26,26,27,26,26,27,28,25,27,27,26,27
1791409370.747240,-0.019506,0.743146,-1.466489,0.035553,0.760495,-1.492080,-0.062671,0.763578,-1.430251,0.105439,0.757129,-1.441308,26,26,27,26,26,27,28,25,27,27,26,27
1791409370.767551,-0.019506,0.742964,-1.466489,0.035553,0.759647,-1.492096,-0.062580,0.762851,-1.430251,0.105409,0.756009,-1.441293,26,26,27,26,26,27,28,25,27,27,26,27
1791409370.787545,-0.019476,0.742601,-1.466457,0.035644,0.758739,-1.492127,-0.062611,0.762003,-1.430251,0.105409,0.755009,-1.441261,26,26,27,26,26,27,28,25,27,27,26,27
1791409370.807316,-0.019415,0.742419,-1.466457,0.035705,0.757407,-1.492096,-0.062580,0.760944,-1.430266,0.105469,0.753829,-1.441245,26,26,27,26,26,27,28,25,27,27,26,27
1791409370.827287,-0.019324,0.741693,-1.466473,0.035765,0.756377,-1.492112,-0.062580,0.759763,-1.430266,0.105409,0.752436,-1.441214,26,26,27,26,26,27,28,25,27,27,26,27
1791409370.847505,-0.019294,0.740149,-1.466489,0.035795,0.755469,-1.492112,-0.062490,0.758612,-1.430266,0.105439,0.751225,-1.441229,26,26,27,26,26,27,28,25,27,27,26,27
1791409370.867299,-0.019264,0.738392,-1.466489,0.035886,0.754470,-1.492159,-0.062550,0.757795,-1.430282,0.105499,0.750347,-1.441182,26,26,27,26,26,27,28,25,27,27,26,27
1791409370.887424,-0.019234,0.737999,-1.466473,0.035947,0.753471,-1.492175,-0.062520,0.756765,-1.430251,0.105469,0.749438,-1.441182,26,26,27,26,26,27,28,25,27,27,26,27
1791409370.907321,-0.019234,0.737787,-1.466473,0.036007,0.752290,-1.492191,-0.062520,0.755524,-1.430235,0.105469,0.748046,-1.441166,26,26,27,26,26,27,28,25,27,27,26,27
1791409370.927355,-0.019234,0.735667,-1.466473,0.035977,0.751382,-1.492238,-0.062550,0.754404,-1.430251,0.105499,0.746865,-1.441166,26,26,27,26,26,27,28,25,27,27,26,27
1791409370.947309,-0.019234,0.734668,-1.466473,0.036038,0.750322,-1.492285,-0.062490,0.753465,-1.430251,0.105530,0.745956,-1.441151,26,26,27,26,26,27,28,25,27,27,26,27
1791409370.967245,-0.019203,0.734335,-1.466457,0.036098,0.749080,-1.492348,-0.062490,0.752436,-1.430235,0.105469,0.744897,-1.441119,26,26,27,26,26,27,28,25,27,27,26,27
1791409370.987554,-0.019143,0.733366,-1.466489,0.036128,0.748293,-1.492522,-0.062459,0.751315,-1.430235,0.105469,0.743807,-1.441087,26,26,27,26,26,27,28,25,27,27,26,27
1791409371.007239,-0.019143,0.732307,-1.466457,0.036189,0.747657,-1.492728,-0.062459,0.750558,-1.430235,0.105499,0.743019,-1.441040,26,26,27,26,26,27,28,25,27,27,26,27
1791409371.027488,-0.019082,0.731610,-1.466473,0.036280,0.746688,-1.492838,-0.062459,0.749711,-1.430235,0.105560,0.742323,-1.441040,26,26,27,26,26,27,28,25,27,27,26,27
1791409371.047588,-0.019052,0.730793,-1.466473,0.036340,0.745932,-1.492901,-0.062399,0.748621,-1.430219,0.105530,0.741627,-1.441024,26,26,27,26,26,27,28,25,27,27,26,27
1791409371.067462,-0.018931,0.730066,-1.466457,0.036462,0.745144,-1.492917,-0.062399,0.747622,-1.430251,0.105560,0.740930,-1.440992,26,26,27,26,26,27,28,25,27,27,26,27
1791409371.087368,-0.018658,0.729339,-1.466489,0.036704,0.744660,-1.492933,-0.062429,0.746925,-1.430251,0.105530,0.740446,-1.441008,26,26,27,26,26,27,28,25,27,27,26,27
1791409371.107440,-0.018537,0.728461,-1.466473,0.036734,0.744145,-1.492965,-0.062459,0.746350,-1.430219,0.105560,0.739749,-1.441040,26,26,27,26,26,27,28,25,27,27,26,27
1791409371.127278,-0.018537,0.727916,-1.466473,0.036764,0.743570,-1.492996,-0.062429,0.745714,-1.430251,0.105530,0.739235,-1.441024,26,26,27,26,26,27,28,25,27,27,26,27
1791409371.147597,-0.018446,0.727402,-1.466457,0.036795,0.743085,-1.493028,-0.062490,0.745048,-1.430251,0.105499,0.738781,-1.441008,26,26,27,26,26,27,28,25,27,27,26,27
1791409371.167373,-0.018265,0.726887,-1.466457,0.036976,0.742692,-1.493059,-0.062399,0.744200,-1.430235,0.105530,0.738448,-1.441024,26,26,27,26,26,27,28,25,27,27,26,27
1791409371.187414,-0.018053,0.726675,-1.466457,0.037037,0.742056,-1.493075,-0.062429,0.743716,-1.430235,0.105530,0.738024,-1.441024,26,26,27,26,26,27,28,25,27,27,26,27
1791409371.207482,-0.017871,0.726614,-1.466457,0.037128,0.741632,-1.493075,-0.062399,0.743292,-1.430235,0.105530,0.737721,-1.441024,26,26,27,26,26,27,28,25,27,27,26,27
1791409371.227492,-0.017659,0.726403,-1.466457,0.037340,0.741299,-1.493107,-0.062399,0.742868,-1.430251,0.105530,0.737418,-1.441024,26,26,27,26,26,27,28,25,27,27,26,27
1791409371.247795,-0.017447,0.726342,-1.466473,0.037642,0.740905,-1.493107,-0.062338,0.742474,-1.430266,0.105590,0.737024,-1.441040,26,26,27,26,26,27,28,25,27,27,26,27
1791409371.267370,-0.017266,0.726312,-1.466441,0.037945,0.740603,-1.493107,-0.062217,0.742202,-1.430251,0.105742,0.736722,-1.441008,26,26,27,26,26,27,28,25,27,27,26,27
1791409371.287496,-0.017023,0.726191,-1.466489,0.038278,0.740391,-1.493107,-0.062126,0.741839,-1.430251,0.105833,0.736449,-1.441024,26,26,27,26,26,27,28,25,27,27,26,27
1791409371.307431,-0.016842,0.726130,-1.466457,0.038430,0.740118,-1.493123,-0.062035,0.741384,-1.430251,0.105863,0.736146,-1.441040,26,26,27,26,26,27,28,25,27,27,26,27
1791409371.327473,-0.016690,0.726039,-1.466473,0.038551,0.739785,-1.493138,-0.062035,0.740870,-1.430251,0.105923,0.735723,-1.441040,26,26,27,26,26,27,28,25,27,27,26,27
1791409371.347577,-0.016599,0.725736,-1.466457,0.038611,0.739482,-1.493138,-0.061945,0.740446,-1.430251,0.105954,0.735420,-1.441024,26,26,27,26,26,27,28,25,27,27,26,27
1791409371.367366,-0.016630,0.725403,-1.466473,0.038702,0.739028,-1.493107,-0.061975,0.740083,-1.430235,0.105984,0.735026,-1.441024,26,26,27,26,26,27,28,25,27,27,26,27
1791409371.387556,-0.016539,0.725101,-1.466457,0.038702,0.738665,-1.493123,-0.061975,0.739719,-1.430251,0.105954,0.734754,-1.441024,26,26,27,26,26,27,28,25,27,27,26,27
1791409371.407442,-0.016539,0.724768,-1.466457,0.038702,0.738483,-1.493138,-0.061945,0.739447,-1.430251,0.105984,0.734481,-1.441024,26,26,27,26,26,27,28,25,27,27,26,27
1791409371.427495,-0.016448,0.724525,-1.466473,0.038702,0.737999,-1.493138,-0.061945,0.739144,-1.430251,0.105984,0.734209,-1.441024,26,26,27,26,26,27,28,25,27,27,26,27
1791409371.449923,-0.016448,0.724313,-1.466457,0.038793,0.737605,-1.493138,-0.061884,0.738993,-1.430251,0.106014,0.733815,-1.441008,26,26,27,26,26,27,28,25,27,27,26,27
1791409371.469637,-0.016448,0.724101,-1.466473,0.038853,0.737333,-1.493138,-0.061854,0.738750,-1.430251,0.106044,0.733603,-1.440992,26,26,27,26,26,27,28,25,27,27,26,27
1791409371.489533,-0.016327,0.723859,-1.466473,0.038823,0.737090,-1.493154,-0.061884,0.738326,-1.430251,0.106044,0.733391,-1.441008,26,26,27,26,26,27,28,25,27,27,26,27
1791409371.509699,-0.016297,0.723738,-1.466457,0.038944,0.736757,-1.493138,-0.061854,0.738145,-1.430235,0.106044,0.733088,-1.440992,26,26,27,26,26,27,28,25,27,27,26,27
1791409371.529623,-0.016297,0.723526,-1.466457,0.038975,0.736576,-1.493138,-0.061793,0.737903,-1.430235,0.106014,0.732876,-1.440992,26,26,27,26,26,27,28,25,27,27,26,27
1791409371.549520,-0.016236,0.723435,-1.466473,0.039035,0.736394,-1.493138,-0.061763,0.737781,-1.430266,0.106075,0.732513,-1.440977,26,26,27,26,26,27,28,25,27,27,26,27
1791409371.569865,-0.016266,0.723344,-1.466457,0.039035,0.736243,-1.493154,-0.061733,0.737600,-1.430251,0.106105,0.732331,-1.440992,26,26,27,26,26,27,28,25,27,27,26,27
1791409371.589529,-0.016266,0.723163,-1.466457,0.039035,0.736152,-1.493154,-0.061763,0.737327,-1.430251,0.106075,0.732180,-1.440961,26,26,27,26,26,27,28,25,27,27,26,27
1791409371.609619,-0.016266,0.723042,-1.466473,0.039005,0.735940,-1.493154,-0.061763,0.737176,-1.430251,0.106075,0.731817,-1.440977,26,26,27,26,26,27,28,25,27,27,26,27
1791409371.629642,-0.016266,0.722981,-1.466457,0.039005,0.735728,-1.493154,-0.061733,0.736994,-1.430235,0.106075,0.731605,-1.440977,26,26,27,26,26,27,28,25,27,27,26,27
1791409371.649480,-0.016236,0.722890,-1.466457,0.039035,0.735577,-1.493170,-0.061733,0.736813,-1.430251,0.106135,0.731453,-1.440992,26,26,27,26,26,27,28,25,27,27,26,27
1791409371.669533,-0.016054,0.722769,-1.466457,0.039065,0.735456,-1.493170,-0.061733,0.736661,-1.430251,0.106135,0.731363,-1.440977,26,26,27,26,26,27,28,25,27,27,26,27
1791409371.689603,-0.010393,0.713323,-1.468700,0.036552,0.734699,-1.493091,-0.061733,0.734905,-1.431720,0.105499,0.729879,-1.442572,26,26,27,26,26,27,28,25,27,27,26,27
1791409371.709478,-0.009787,0.713868,-1.468937,0.036431,0.733427,-1.493075,-0.061581,0.733603,-1.432052,0.105318,0.728516,-1.442651,26,26,27,26,26,27,28,25,27,27,26,27
1791409371.729685,-0.009272,0.712929,-1.469790,0.036250,0.732004,-1.493028,-0.061581,0.732876,-1.432352,0.105378,0.724368,-1.442746,26,26,27,26,26,27,28,25,27,27,26,27
1791409371.749564,-0.008818,0.711839,-1.471196,0.036280,0.729945,-1.492996,-0.061460,0.731332,-1.432636,0.105469,0.721341,-1.442841,26,26,27,26,26,27,28,25,27,27,26,27
1791409371.769665,-0.008636,0.709810,-1.473124,0.036280,0.727614,-1.492933,-0.061430,0.729092,-1.432857,0.105499,0.721341,-1.442857,26,26,27,26,26,27,28,25,27,27,26,27
1791409371.789385,-0.008667,0.707903,-1.474403,0.036310,0.725434,-1.492917,-0.061460,0.726821,-1.433189,0.105590,0.720765,-1.442888,26,26,27,26,26,27,28,25,27,27,26,27
1791409371.809509,-0.008455,0.707146,-1.475509,0.036250,0.722769,-1.492917,-0.061460,0.724217,-1.433442,0.105772,0.718252,-1.443094,26,26,27,26,26,27,28,25,27,27,26,27
1791409371.829669,-0.008303,0.707116,-1.475999,0.036128,0.719620,-1.492901,-0.061430,0.721795,-1.434184,0.105772,0.715194,-1.443488,26,26,27,26,26,27,28,25,27,27,26,27
1791409371.849534,-0.008152,0.706419,-1.476915,0.036007,0.716471,-1.492901,-0.061218,0.719070,-1.434674,0.105742,0.712469,-1.443488,26,26,27,26,26,27,28,25,27,27,26,27
1791409371.869505,-0.007970,0.703513,-1.477341,0.036007,0.714897,-1.492838,-0.061339,0.716012,-1.434895,0.105711,0.710047,-1.443662,26,26,27,26,26,27,28,25,27,27,26,27
1791409371.889554,-0.007910,0.700697,-1.478021,0.036038,0.713262,-1.492838,-0.061460,0.712924,-1.434990,0.105590,0.707262,-1.443804,26,26,27,26,26,27,28,25,27,27,26,27
1791409371.909579,-0.007880,0.698366,-1.478716,0.035886,0.711233,-1.492822,-0.061490,0.710047,-1.434990,0.105590,0.703931,-1.443804,26,26,27,26,26,27,28,25,27,27,26,27
1791409371.929612,-0.007849,0.695792,-1.478921,0.035886,0.708630,-1.492807,-0.061490,0.706686,-1.435021,0.105530,0.701327,-1.443820,26,26,27,26,26,27,28,25,27,27,26,27
1791409371.949628,-0.007880,0.693461,-1.479079,0.035826,0.705844,-1.492791,-0.061521,0.703689,-1.435021,0.105530,0.697906,-1.443820,26,26,27,26,26,27,28,25,27,27,26,27
1791409371.969508,-0.007880,0.690766,-1.479237,0.035795,0.703119,-1.492791,-0.061551,0.700813,-1.435021,0.105530,0.694878,-1.443820,26,26,27,26,26,27,28,25,27,27,26,27
1791409371.989633,-0.007849,0.688253,-1.479300,0.035765,0.700515,-1.492791,-0.061521,0.698421,-1.435006,0.105499,0.692395,-1.443836,26,26,27,26,26,27,28,25,27,27,26,27
1791409372.009537,-0.007819,0.686255,-1.479506,0.035614,0.698154,-1.492759,-0.061490,0.695726,-1.435021,0.105590,0.689852,-1.443804,26,26,27,26,26,27,28,25,27,27,26,27
1791409372.029637,-0.007819,0.683863,-1.479916,0.035614,0.695913,-1.492775,-0.061521,0.693213,-1.435037,0.105560,0.687400,-1.443804,26,26,27,26,26,27,28,25,27,27,26,27
1791409372.049596,-0.007849,0.681440,-1.480722,0.035341,0.693673,-1.492759,-0.061521,0.690972,-1.435006,0.105560,0.685371,-1.443820,26,26,27,26,26,27,28,25,27,27,26,27
1791409372.069674,-0.007880,0.679624,-1.481164,0.035250,0.691644,-1.492759,-0.061551,0.688792,-1.435021,0.105499,0.683615,-1.443852,26,26,27,26,26,27,28,25,27,27,26,27
1791409372.089670,-0.007910,0.677868,-1.481512,0.035039,0.689585,-1.492759,-0.061551,0.686794,-1.434990,0.105499,0.682162,-1.443899,26,26,27,26,26,27,28,25,27,27,26,27
1791409372.109544,-0.007910,0.676142,-1.481796,0.034978,0.688011,-1.492728,-0.061551,0.684917,-1.434990,0.105469,0.680890,-1.443962,26,26,27,26,26,27,28,25,27,27,26,27
1791409372.129689,-0.007910,0.674961,-1.482823,0.034917,0.686285,-1.492712,-0.061642,0.683312,-1.434958,0.105378,0.679437,-1.444073,26,26,27,26,26,27,28,25,27,27,26,27
1791409372.149745,-0.007940,0.673932,-1.483834,0.034766,0.684862,-1.492712,-0.061702,0.681798,-1.434942,0.105378,0.678135,-1.444199,26,26,27,26,26,27,28,25,27,27,26,27
1791409372.169623,-0.007910,0.672993,-1.485224,0.034766,0.683408,-1.492696,-0.061702,0.680072,-1.434958,0.105378,0.676802,-1.444373,26,26,27,26,26,27,28,25,27,27,26,27
1791409372.189571,-0.007819,0.672236,-1.486646,0.034766,0.681683,-1.492712,-0.061914,0.678619,-1.434958,0.105197,0.675773,-1.444626,26,26,27,26,26,27,28,25,27,27,26,27
1791409372.209583,-0.007698,0.671903,-1.488857,0.034675,0.679654,-1.492712,-0.061884,0.677075,-1.434958,0.105227,0.674592,-1.445100,26,26,27,26,26,27,28,25,27,27,26,27
1791409372.229600,-0.007577,0.671631,-1.490911,0.034675,0.675627,-1.492712,-0.061975,0.675652,-1.434958,0.105166,0.673775,-1.446332,26,26,27,26,26,27,28,25,27,27,26,27
1791409372.249629,-0.007486,0.671449,-1.493170,0.034705,0.673659,-1.492696,-0.062187,0.674501,-1.434927,0.105076,0.673048,-1.446727,26,26,27,26,26,27,28,25,27,27,26,27
1791409372.269423,-0.007213,0.670995,-1.494671,0.034766,0.672811,-1.492664,-0.062490,0.672806,-1.434927,0.104833,0.672079,-1.447438,26,26,27,26,26,27,28,25,27,27,26,27
1791409372.290014,-0.007062,0.670480,-1.496361,0.034766,0.670904,-1.492664,-0.062671,0.671504,-1.434927,0.104621,0.671383,-1.448117,26,26,27,26,26,27,28,25,27,27,26,27
1791409372.309546,-0.006820,0.670117,-1.498083,0.034766,0.669723,-1.492649,-0.062762,0.670323,-1.434927,0.104591,0.670323,-1.448259,26,26,27,26,26,27,28,25,27,27,26,27
1791409372.329682,-0.006547,0.669269,-1.499631,0.034796,0.668694,-1.492649,-0.063004,0.668052,-1.434911,0.104409,0.669354,-1.448607,26,26,27,26,26,27,28,25,27,27,26,27
1791409372.349566,-0.006487,0.668572,-1.501211,0.034796,0.667210,-1.492633,-0.063368,0.666508,-1.434911,0.104228,0.668355,-1.449965,26,26,27,26,26,27,28,25,27,27,26,27
1791409372.369697,-0.005760,0.668512,-1.503643,0.034796,0.665696,-1.492633,-0.063549,0.664843,-1.434895,0.104016,0.668083,-1.452682,26,26,27,26,26,27,28,25,27,27,26,27
1791409372.389671,-0.004973,0.668572,-1.506392,0.035008,0.664757,-1.492649,-0.063822,0.662996,-1.434879,0.103683,0.668113,-1.454799,26,26,27,26,26,27,28,25,27,27,26,27
1791409372.409591,-0.003792,0.668724,-1.509504,0.034978,0.663728,-1.492633,-0.064791,0.661179,-1.434879,0.103047,0.667961,-1.456821,26,26,27,26,26,27,28,25,27,27,26,27
1791409372.429675,-0.002460,0.668875,-1.513121,0.034948,0.662366,-1.492633,-0.065729,0.658878,-1.434879,0.102320,0.667719,-1.458701,26,26,27,26,26,27,28,25,27,27,26,27
1791409372.449540,-0.000340,0.669814,-1.517876,0.034917,0.661154,-1.492649,-0.066668,0.656426,-1.434848,0.101473,0.667235,-1.459886,26,26,27,26,26,27,28,25,27,27,26,27
1791409372.469648,0.002778,0.672297,-1.522916,0.034736,0.659974,-1.492601,-0.067970,0.653913,-1.434832,0.100322,0.666781,-1.461860,26,26,27,26,26,27,28,25,27,27,26,27
1791409372.489726,0.005200,0.673750,-1.526881,0.034494,0.658460,-1.492617,-0.069332,0.651369,-1.434784,0.099202,0.666569,-1.464435,26,26,27,26,26,27,28,25,27,27,26,27
1791409372.509407,0.007138,0.675445,-1.531288,0.034130,0.657461,-1.492601,-0.070634,0.648856,-1.434769,0.098021,0.666659,-1.467847,26,26,27,26,26,27,28,25,27,27,26,27
1791409372.529732,0.007986,0.679927,-1.537180,0.033494,0.656885,-1.492570,-0.071936,0.646828,-1.434753,0.097173,0.666690,-1.469917,26,26,27,26,26,27,28,25,27,27,26,27
1791409372.549744,0.013073,0.687799,-1.543641,0.031314,0.656310,-1.492538,-0.074782,0.643921,-1.434737,0.094721,0.666115,-1.471449,26,26,27,26,26,27,28,25,27,27,26,27
1791409372.569632,0.018099,0.695671,-1.550624,0.028347,0.655008,-1.492475,-0.078476,0.640954,-1.434721,0.091572,0.664086,-1.472318,26,26,27,26,26,27,28,25,27,27,26,27
1791409372.589743,0.020309,0.698910,-1.556705,0.025743,0.653373,-1.492491,-0.082200,0.637896,-1.434705,0.087484,0.662390,-1.473313,26,26,27,26,26,27,28,25,27,27,26,27
1791409372.609730,0.020672,0.699849,-1.559501,0.022594,0.651011,-1.492507,-0.085864,0.634596,-1.434721,0.083851,0.660483,-1.475193,26,26,27,26,26,27,28,25,27,27,26,27
1791409372.629630,0.021096,0.699879,-1.561049,0.019748,0.648589,-1.492491,-0.088286,0.631871,-1.434705,0.081399,0.659272,-1.477010,26,26,27,26,26,27,28,25,27,27,26,27
1791409372.649686,0.021369,0.699849,-1.561176,0.017144,0.646106,-1.492491,-0.090708,0.629418,-1.434690,0.079128,0.657546,-1.477262,26,26,27,26,26,27,28,25,27,27,26,27
1791409372.669485,0.021611,0.699637,-1.561176,0.015176,0.643533,-1.492491,-0.093433,0.626390,-1.434642,0.076706,0.655336,-1.477373,26,26,27,26,26,27,28,25,27,27,26,27
1791409372.689656,0.021702,0.699455,-1.561176,0.012300,0.640868,-1.492475,-0.095613,0.623968,-1.434690,0.074586,0.652853,-1.477373,26,26,27,26,26,27,28,25,27,27,26,27
1791409372.709531,0.021611,0.698638,-1.561128,0.010029,0.638144,-1.492507,-0.098217,0.621092,-1.434674,0.072194,0.650219,-1.477294,26,26,27,26,26,27,28,25,27,27,26,27
1791409372.729798,0.021520,0.697669,-1.560955,0.007789,0.634964,-1.492522,-0.100215,0.618851,-1.434690,0.069984,0.647070,-1.477168,26,26,27,26,26,27,28,25,27,27,26,27
1791409372.749661,0.021883,0.696398,-1.560102,0.006033,0.632421,-1.492554,-0.101669,0.616459,-1.434705,0.068167,0.644103,-1.477025,26,26,27,26,26,27,28,25,27,27,26,27
1791409372.769686,0.022852,0.695580,-1.557906,0.004337,0.629817,-1.492570,-0.103425,0.614128,-1.434721,0.066199,0.641347,-1.476946,26,26,27,26,26,27,28,25,27,27,26,27
1791409372.789703,0.024396,0.694581,-1.557716,0.002732,0.627274,-1.492601,-0.104908,0.611887,-1.434705,0.064383,0.639137,-1.476773,26,26,27,26,26,27,28,25,27,27,26,27
1791409372.809746,0.024366,0.692794,-1.557163,0.001945,0.625427,-1.492696,-0.105817,0.610071,-1.434721,0.062990,0.636897,-1.476630,26,26,27,26,26,27,28,25,27,27,26,27
1791409372.829680,0.024336,0.690948,-1.556595,0.001794,0.623641,-1.492712,-0.106392,0.607951,-1.434721,0.061779,0.635292,-1.476362,26,26,27,26,26,27,28,25,27,27,26,27
1791409372.849720,0.024396,0.689161,-1.556374,0.001794,0.622006,-1.492743,-0.107028,0.606256,-1.434737,0.060780,0.633566,-1.475983,26,26,27,26,26,27,28,25,27,27,26,27
1791409372.869623,0.024366,0.687708,-1.556200,0.001854,0.620704,-1.492759,-0.107633,0.604106,-1.434769,0.059690,0.632234,-1.475541,26,26,27,26,26,27,28,25,27,27,26,27
1791409372.889503,0.024396,0.686557,-1.556073,0.002006,0.619583,-1.492870,-0.108239,0.602774,-1.434769,0.058872,0.631144,-1.475272,26,26,27,26,26,27,28,25,27,27,26,27
1791409372.909557,0.024820,0.685346,-1.555915,0.002460,0.618887,-1.492870,-0.108633,0.601381,-1.434784,0.058327,0.630599,-1.475209,26,26,27,26,26,27,28,25,27,27,26,27
1791409372.929572,0.025426,0.684135,-1.555789,0.003035,0.618312,-1.492901,-0.108935,0.600231,-1.434784,0.057964,0.629963,-1.475051,26,26,27,26,26,27,28,25,27,27,26,27
1791409372.949503,0.026001,0.683257,-1.555678,0.003641,0.617948,-1.492917,-0.109147,0.599413,-1.434784,0.057752,0.629570,-1.474924,26,26,27,26,26,27,28,25,27,27,26,27
1791409372.969605,0.026455,0.682470,-1.555584,0.004125,0.617767,-1.492886,-0.109268,0.598686,-1.434832,0.057358,0.629327,-1.474735,26,26,27,26,26,27,28,25,27,27,26,27
1791409372.989686,0.026879,0.681713,-1.555521,0.004731,0.617646,-1.492917,-0.109450,0.598051,-1.434832,0.057116,0.629176,-1.474687,26,26,27,26,26,27,28,25,27,27,26,27
1791409373.009701,0.027242,0.681077,-1.555394,0.005306,0.617676,-1.492917,-0.109753,0.597294,-1.434848,0.056541,0.629236,-1.474593,26,26,27,26,26,27,28,25,27,27,26,27
1791409373.029597,0.027424,0.680744,-1.555299,0.005730,0.617736,-1.492965,-0.109844,0.597082,-1.434848,0.056147,0.629176,-1.474482,26,26,27,26,26,27,28,25,27,27,26,27
1791409373.049501,0.027999,0.680562,-1.555205,0.006426,0.617888,-1.492980,-0.109904,0.596930,-1.434863,0.055996,0.629267,-1.474419,26,26,27,26,26,27,28,25,27,27,26,27
1791409373.069651,0.028726,0.680381,-1.555173,0.007304,0.618039,-1.493028,-0.109783,0.596658,-1.434832,0.055935,0.629448,-1.474387,26,26,27,26,26,27,28,25,27,27,26,27
1791409373.089576,0.029543,0.680320,-1.555157,0.007910,0.618221,-1.493012,-0.109783,0.596567,-1.434848,0.055996,0.629570,-1.474372,26,26,27,26,26,27,28,25,27,27,26,27
1791409373.109601,0.030179,0.680290,-1.555126,0.008303,0.618342,-1.493028,-0.109662,0.596476,-1.434848,0.055996,0.629691,-1.474324,26,26,27,26,26,27,28,25,27,27,26,27
1791409373.129622,0.030512,0.680199,-1.555110,0.008758,0.618342,-1.493028,-0.109632,0.596325,-1.434879,0.055996,0.629751,-1.474229,26,26,27,26,26,27,28,25,27,27,26,27
1791409373.149751,0.030936,0.680138,-1.555126,0.009181,0.618403,-1.492996,-0.109601,0.596113,-1.434863,0.055965,0.629812,-1.474056,26,26,27,26,26,27,28,25,27,27,26,27
1791409373.169684,0.031269,0.680017,-1.555110,0.009605,0.618433,-1.492996,-0.109601,0.595961,-1.434911,0.055935,0.629812,-1.473708,26,26,27,26,26,27,28,25,27,27,26,27
1791409373.189631,0.028484,0.682167,-1.550292,0.013663,0.622429,-1.493754,-0.106665,0.596961,-1.434769,0.058690,0.631750,-1.470707,26,26,27,26,26,27,28,25,27,27,26,27
1791409373.209675,0.027606,0.680956,-1.540229,0.019446,0.625185,-1.495303,-0.102274,0.600443,-1.434769,0.063565,0.635413,-1.470549,26,26,27,26,26,27,28,25,27,27,26,27
1791409373.229602,0.030088,0.680199,-1.531414,0.023351,0.627577,-1.495603,-0.098096,0.604015,-1.434769,0.067229,0.638532,-1.470485,26,26,27,26,26,27,28,25,27,27,26,27
1791409373.249620,0.033328,0.680623,-1.524337,0.027984,0.631089,-1.495776,-0.093585,0.608012,-1.434769,0.071528,0.641711,-1.470375,26,26,27,26,26,27,28,25,27,27,26,27
1791409373.269644,0.036295,0.682349,-1.519551,0.031829,0.634752,-1.496013,-0.089558,0.613159,-1.434848,0.075646,0.645435,-1.470312,26,26,27,26,26,27,28,25,27,27,26,27
1791409373.289818,0.041382,0.683772,-1.517276,0.036371,0.637841,-1.497009,-0.087741,0.617277,-1.434942,0.077947,0.648039,-1.470343,26,26,27,26,26,27,28,25,27,27,26,27
1791409373.309774,0.044107,0.683741,-1.516060,0.037733,0.641111,-1.499489,-0.085652,0.621758,-1.434911,0.079673,0.650582,-1.470343,26,26,27,26,26,27,28,25,27,27,26,27
1791409373.329769,0.045197,0.684650,-1.514733,0.039610,0.646258,-1.503849,-0.082866,0.626572,-1.434927,0.082700,0.654276,-1.470391,26,26,27,26,26,27,28,25,27,27,26,27
1791409373.349568,0.045712,0.688071,-1.514401,0.040428,0.650709,-1.508114,-0.081201,0.630569,-1.434942,0.084669,0.656607,-1.470454,26,26,27,26,26,27,28,25,27,27,26,27
1791409373.369624,0.045772,0.690766,-1.514417,0.041155,0.654736,-1.510736,-0.079384,0.633536,-1.434942,0.086303,0.658666,-1.470517,26,26,27,26,26,27,28,25,27,27,26,27
1791409373.389751,0.046014,0.693521,-1.514401,0.041488,0.658127,-1.512490,-0.077840,0.636927,-1.434942,0.088241,0.660816,-1.470564,26,26,27,26,26,27,28,25,27,27,26,27
1791409373.409580,0.045893,0.696186,-1.514401,0.041548,0.660882,-1.512679,-0.076417,0.640348,-1.434942,0.089755,0.663087,-1.470612,26,26,27,26,26,27,28,25,27,27,26,27
1791409373.429665,0.045712,0.698154,-1.514196,0.041548,0.662880,-1.512774,-0.075267,0.643406,-1.434958,0.090845,0.665115,-1.470644,26,26,27,26,26,27,28,25,27,27,26,27
1791409373.449664,0.045258,0.700122,-1.513943,0.041488,0.664546,-1.512885,-0.074268,0.646040,-1.434927,0.092026,0.666781,-1.470628,26,26,27,26,26,27,28,25,27,27,26,27
1791409373.469638,0.045076,0.701575,-1.513706,0.041609,0.665878,-1.512916,-0.073450,0.647978,-1.434927,0.093116,0.668143,-1.470691,26,26,27,26,26,27,28,25,27,27,26,27
1791409373.489758,0.044168,0.702665,-1.513627,0.041942,0.666453,-1.512932,-0.072481,0.649432,-1.434927,0.094055,0.668779,-1.470675,26,26,27,26,26,27,28,25,27,27,26,27
1791409373.509630,0.042139,0.703513,-1.513595,0.042971,0.666816,-1.512900,-0.070907,0.650219,-1.434911,0.095659,0.669142,-1.470659,26,26,27,26,26,27,28,25,27,27,26,27
1791409373.529773,0.042321,0.703846,-1.513564,0.043516,0.667119,-1.512900,-0.069484,0.650612,-1.434927,0.097355,0.669566,-1.470659,26,26,27,26,26,27,28,25,27,27,26,27
1791409373.549647,0.042502,0.703937,-1.513532,0.043668,0.667119,-1.512916,-0.068394,0.650885,-1.434942,0.098324,0.669596,-1.470628,26,26,27,26,26,27,28,25,27,27,26,27
1791409373.569698,0.042775,0.703967,-1.513516,0.043789,0.667059,-1.512885,-0.067364,0.650915,-1.434927,0.099383,0.669536,-1.470628,26,26,27,26,26,27,28,25,27,27,26,27
1791409373.589851,0.043108,0.704058,-1.513516,0.043880,0.666998,-1.512900,-0.066486,0.650915,-1.434927,0.100383,0.669566,-1.470644,26,26,27,26,26,27,28,25,27,27,26,27
1791409373.609741,0.043138,0.704239,-1.513516,0.044001,0.666937,-1.512900,-0.066183,0.650915,-1.434927,0.100776,0.669536,-1.470644,26,26,27,26,26,27,28,25,27,27,26,27
1791409373.629617,0.043108,0.704270,-1.513485,0.044091,0.666877,-1.512916,-0.066153,0.650945,-1.434911,0.100928,0.669475,-1.470644,26,26,27,26,26,27,28,25,27,27,26,27
1791409373.649765,0.043078,0.704239,-1.513406,0.044152,0.666907,-1.512900,-0.066153,0.650976,-1.434895,0.100867,0.669506,-1.470644,26,26,27,26,26,27,28,25,27,27,26,27
1791409373.669640,0.043047,0.704300,-1.513295,0.044213,0.666937,-1.512900,-0.066183,0.651067,-1.434895,0.100806,0.669506,-1.470628,26,26,27,26,26,27,28,25,27,27,26,27
1791409373.689643,0.042956,0.704391,-1.513106,0.044213,0.666998,-1.512916,-0.066153,0.651400,-1.434911,0.100746,0.669536,-1.470644,26,26,27,26,26,27,28,25,27,27,26,27
1791409373.709913,0.042835,0.704694,-1.512821,0.044243,0.667180,-1.512916,-0.066183,0.651763,-1.434895,0.100716,0.669687,-1.470628,26,26,27,26,26,27,28,25,27,27,26,27
1791409373.729612,0.042775,0.704845,-1.512142,0.044273,0.667573,-1.512916,-0.066153,0.652217,-1.434879,0.100716,0.670141,-1.470644,26,26,27,26,26,27,28,25,27,27,26,27
1791409373.749596,0.042744,0.705057,-1.511700,0.044364,0.667876,-1.512932,-0.066032,0.652853,-1.434911,0.100776,0.670565,-1.470612,26,26,27,26,26,27,28,25,27,27,26,27
1791409373.769619,0.042684,0.705329,-1.511447,0.044394,0.668149,-1.512900,-0.066032,0.653337,-1.434911,0.100928,0.670898,-1.470628,26,26,27,26,26,27,28,25,27,27,26,27
1791409373.789583,0.042654,0.705995,-1.511400,0.044364,0.668451,-1.512932,-0.065941,0.653792,-1.434911,0.100958,0.671171,-1.470628,26,26,27,26,26,27,28,25,27,27,26,27
1791409373.809679,0.042623,0.706419,-1.511368,0.044394,0.668784,-1.512900,-0.065850,0.654215,-1.434911,0.101049,0.671474,-1.470628,26,26,27,26,26,27,28,25,27,27,26,27
1791409373.829629,0.042654,0.706662,-1.511336,0.044364,0.669117,-1.512932,-0.065790,0.654548,-1.434911,0.101170,0.671746,-1.470644,26,26,27,26,26,27,28,25,27,27,26,27
1791409373.849820,0.042593,0.707055,-1.511352,0.044394,0.669360,-1.512916,-0.065790,0.654972,-1.434895,0.101230,0.672140,-1.470644,26,26,27,26,26,27,28,25,27,27,26,27
1791409373.869691,0.042593,0.707328,-1.511336,0.044364,0.669662,-1.512948,-0.065669,0.655366,-1.434911,0.101382,0.672412,-1.470628,26,26,27,26,26,27,28,25,27,27,26,27
1791409373.889633,0.042593,0.707479,-1.511305,0.044364,0.669905,-1.512932,-0.065638,0.655638,-1.434911,0.101382,0.672564,-1.470675,26,26,27,26,26,27,28,25,27,27,26,27
1791409373.909740,0.042533,0.707721,-1.511273,0.044394,0.670207,-1.512916,-0.065608,0.655911,-1.434911,0.101473,0.672866,-1.470659,26,26,27,26,26,27,28,25,27,27,26,27
1791409373.929628,0.042533,0.707812,-1.511257,0.044303,0.670298,-1.512932,-0.065608,0.656093,-1.434927,0.101473,0.673078,-1.470675,26,26,27,26,26,27,28,25,27,27,26,27
1791409373.949723,0.042472,0.707933,-1.511226,0.044364,0.670450,-1.512932,-0.065578,0.656214,-1.434911,0.101442,0.673230,-1.470659,26,26,27,26,26,27,28,25,27,27,26,27
1791409373.969642,0.042472,0.708054,-1.511178,0.044364,0.670601,-1.512932,-0.065578,0.656395,-1.434927,0.101503,0.673472,-1.470659,26,26,27,26,26,27,28,25,27,27,26,27
1791409373.989719,0.042472,0.708175,-1.511178,0.044334,0.670752,-1.512916,-0.065578,0.656486,-1.434911,0.101503,0.673714,-1.470659,26,26,27,26,26,27,28,25,27,27,26,27
1791409374.009655,0.042472,0.708327,-1.511163,0.044334,0.670813,-1.512932,-0.065487,0.656698,-1.434927,0.101503,0.673896,-1.470644,26,26,27,26,26,27,28,25,27,27,26,27
1791409374.029775,0.042472,0.708478,-1.511147,0.044364,0.670964,-1.512916,-0.065457,0.656759,-1.434911,0.101594,0.674108,-1.470659,26,26,27,26,26,27,28,25,27,27,26,27
1791409374.049809,0.042502,0.708630,-1.511163,0.044334,0.671085,-1.512932,-0.065457,0.656819,-1.434895,0.101624,0.674289,-1.470644,26,26,27,26,26,27,28,25,27,27,26,27
1791409374.069750,0.042502,0.708660,-1.511131,0.044364,0.671146,-1.512932,-0.065457,0.656880,-1.434927,0.101685,0.674380,-1.470675,26,26,27,26,26,27,28,25,27,27,26,27
1791409374.089849,0.042533,0.708811,-1.511131,0.044334,0.671267,-1.512916,-0.065427,0.657001,-1.434911,0.101775,0.674441,-1.470675,26,26,27,26,26,27,28,25,27,27,26,27
1791409374.109683,0.042502,0.708902,-1.511131,0.044334,0.671479,-1.512932,-0.065366,0.657122,-1.434927,0.101715,0.674683,-1.470659,26,26,27,26,26,27,28,25,27,27,26,27
1791409374.129806,0.042442,0.709054,-1.511115,0.044303,0.671600,-1.512948,-0.065427,0.657425,-1.434911,0.101715,0.674774,-1.470659,26,26,27,26,26,27,28,25,27,27,26,27
1791409374.149714,0.042411,0.709326,-1.511099,0.044334,0.671842,-1.512916,-0.065427,0.657758,-1.434911,0.101745,0.674956,-1.470659,26,26,27,26,26,27,28,25,27,27,26,27
1791409374.169753,0.042351,0.709477,-1.511068,0.044334,0.672085,-1.512916,-0.065396,0.658061,-1.434911,0.101745,0.675107,-1.470659,26,26,27,26,26,27,28,25,27,27,26,27
1791409374.189726,0.042351,0.709810,-1.511052,0.044334,0.672327,-1.512916,-0.065457,0.658394,-1.434895,0.101715,0.675319,-1.470659,26,26,27,26,26,27,28,25,27,27,26,27
1791409374.209658,0.042381,0.710204,-1.511052,0.044334,0.672660,-1.512916,-0.065457,0.658575,-1.434927,0.101715,0.675591,-1.470675,26,26,27,26,26,27,28,25,27,27,26,27
1791409374.229688,0.042411,0.710537,-1.511021,0.044334,0.672902,-1.512900,-0.065427,0.658727,-1.434911,0.101715,0.675834,-1.470659,26,26,27,26,26,27,28,25,27,27,26,27
1791409374.250334,0.042381,0.710870,-1.511036,0.044334,0.673114,-1.512932,-0.065427,0.658999,-1.434927,0.101806,0.676106,-1.470644,26,26,27,26,26,27,28,25,27,27,26,27
1791409374.269831,0.042442,0.710961,-1.511021,0.044303,0.673356,-1.512948,-0.065396,0.659090,-1.434927,0.101775,0.676409,-1.470675,26,26,27,26,26,27,28,25,27,27,26,27
1791409374.289778,0.042442,0.711324,-1.511036,0.044303,0.673538,-1.512916,-0.065275,0.659393,-1.434927,0.101866,0.676621,-1.470675,26,26,27,26,26,27,28,25,27,27,26,27
1791409374.310407,0.042442,0.711536,-1.511021,0.044303,0.673810,-1.512932,-0.065215,0.659635,-1.434927,0.101896,0.676984,-1.470691,26,26,27,26,26,27,28,25,27,27,26,27
1791409374.329714,0.042411,0.711779,-1.511036,0.044303,0.673901,-1.512916,-0.065305,0.659817,-1.434927,0.101896,0.677075,-1.470691,26,26,27,26,26,27,28,25,27,27,26,27
1791409374.349699,0.042411,0.711960,-1.511021,0.044303,0.674053,-1.512916,-0.065305,0.659998,-1.434911,0.101896,0.677196,-1.470675,26,26,27,26,26,27,28,25,27,27,26,27
1791409374.370035,0.042411,0.712021,-1.510989,0.044334,0.674234,-1.512900,-0.065336,0.660120,-1.434911,0.101866,0.677529,-1.470691,26,26,27,26,26,27,28,25,27,27,26,27
1791409374.389693,0.042381,0.712202,-1.510989,0.044334,0.674355,-1.512932,-0.065305,0.660301,-1.434911,0.101866,0.677590,-1.470675,26,26,27,26,26,27,28,25,27,27,26,27
1791409374.409682,0.042351,0.712384,-1.510973,0.044334,0.674507,-1.512916,-0.065275,0.660483,-1.434927,0.101866,0.677711,-1.470707,26,26,27,26,26,27,28,25,27,27,26,27
1791409374.429865,0.042351,0.712445,-1.510989,0.044273,0.674749,-1.512932,-0.065366,0.660543,-1.434927,0.101806,0.678014,-1.470707,26,26,27,26,26,27,28,25,27,27,26,27
1791409374.449834,0.042381,0.712566,-1.510973,0.044273,0.674810,-1.512916,-0.065366,0.660634,-1.434927,0.101836,0.678165,-1.470675,26,26,27,26,26,27,28,25,27,27,26,27
1791409374.469870,0.042351,0.712838,-1.510957,0.044303,0.674870,-1.512916,-0.065215,0.660786,-1.434911,0.101927,0.678226,-1.470659,26,26,27,26,26,27,28,25,27,27,26,27
1791409374.489869,0.042411,0.713171,-1.510973,0.044303,0.675082,-1.512916,-0.065154,0.660876,-1.434911,0.101987,0.678468,-1.470691,26,26,27,26,26,27,28,25,27,27,26,27
1791409374.509776,0.042411,0.713262,-1.510957,0.044334,0.675233,-1.512916,-0.065184,0.661028,-1.434927,0.101987,0.678649,-1.470675,26,26,27,26,26,27,28,25,27,27,26,27
1791409374.529657,0.042472,0.713383,-1.510973,0.044303,0.675415,-1.512932,-0.065124,0.661179,-1.434911,0.102018,0.678801,-1.470707,26,26,27,26,26,27,28,25,27,27,26,27
1791409374.549666,0.042472,0.713625,-1.510942,0.044364,0.675688,-1.512932,-0.065154,0.661391,-1.434895,0.102018,0.678982,-1.470691,26,26,27,26,26,27,28,25,27,27,26,27
1791409374.569646,0.042411,0.713989,-1.510973,0.044303,0.675869,-1.512932,-0.065184,0.661694,-1.434927,0.102048,0.679104,-1.470722,26,26,27,26,26,27,28,25,27,27,26,27
1791409374.589837,0.042321,0.714382,-1.510957,0.044303,0.676142,-1.512916,-0.065124,0.662088,-1.434911,0.102018,0.679376,-1.470691,26,26,27,26,26,27,28,25,27,27,26,27
1791409374.609732,0.042290,0.714685,-1.510926,0.044334,0.676535,-1.512932,-0.065184,0.662511,-1.434911,0.101957,0.679679,-1.470691,26,26,27,26,26,27,28,25,27,27,26,27
1791409374.630163,0.042230,0.715109,-1.510942,0.044303,0.676868,-1.512916,-0.065215,0.662966,-1.434927,0.101927,0.679951,-1.470691,26,26,27,26,26,27,28,25,27,27,26,27
1791409374.649625,0.042260,0.715503,-1.510910,0.044303,0.677292,-1.512932,-0.065184,0.663511,-1.434911,0.101896,0.680375,-1.470707,26,26,27,26,26,27,28,25,27,27,26,27
1791409374.669827,0.042260,0.715836,-1.510926,0.044273,0.677686,-1.512916,-0.065154,0.663874,-1.434911,0.101987,0.680739,-1.470707,26,26,27,26,26,27,28,25,27,27,26,27
1791409374.690042,0.042260,0.716229,-1.510894,0.044273,0.678110,-1.512916,-0.065154,0.664298,-1.434927,0.102018,0.681284,-1.470722,26,26,27,26,26,27,28,25,27,27,26,27
1791409374.709720,0.042321,0.716623,-1.510878,0.044273,0.678594,-1.512916,-0.065094,0.664631,-1.434927,0.102139,0.681738,-1.470738,26,26,27,26,26,27,28,25,27,27,26,27
1791409374.729801,0.042351,0.716926,-1.510878,0.044273,0.679018,-1.512916,-0.065094,0.664903,-1.434942,0.102199,0.682162,-1.470754,26,26,27,26,26,27,28,25,27,27,26,27
1791409374.749687,0.042351,0.717228,-1.510894,0.044273,0.679503,-1.512916,-0.065033,0.665146,-1.434927,0.102229,0.682555,-1.470754,26,26,27,26,26,27,28,25,27,27,26,27
1791409374.769870,0.042351,0.717501,-1.510878,0.044273,0.679836,-1.512900,-0.065063,0.665479,-1.434927,0.102260,0.682828,-1.470754,26,26,27,26,26,27,28,25,27,27,26,27
1791409374.789830,0.042381,0.717804,-1.510878,0.044213,0.680138,-1.512900,-0.065063,0.665691,-1.434927,0.102260,0.683009,-1.470770,26,26,27,26,26,27,28,25,27,27,26,27
1791409374.809834,0.042351,0.717925,-1.510894,0.044243,0.680320,-1.512900,-0.065003,0.665963,-1.434942,0.102260,0.683070,-1.470770,26,26,27,26,26,27,28,25,27,27,26,27
1791409374.829867,0.042199,0.718107,-1.510878,0.044213,0.680441,-1.512916,-0.065063,0.666236,-1.434927,0.102290,0.683221,-1.470754,26,26,27,26,26,27,28,25,27,27,26,27
1791409374.849776,0.042169,0.718318,-1.510878,0.044213,0.680653,-1.512900,-0.065094,0.666387,-1.434927,0.102290,0.683373,-1.470754,26,26,27,26,26,27,28,25,27,27,26,27
1791409374.869852,0.042199,0.718500,-1.510878,0.044182,0.680774,-1.512900,-0.065063,0.666659,-1.434927,0.102260,0.683403,-1.470754,26,26,27,26,26,27,28,25,27,27,26,27
1791409374.889837,0.042169,0.718652,-1.510862,0.044182,0.680926,-1.512916,-0.065063,0.666841,-1.434927,0.102260,0.683554,-1.470754,26,26,27,26,26,27,28,25,27,27,26,27
1791409374.909687,0.042139,0.719015,-1.510862,0.044213,0.681077,-1.512916,-0.065094,0.667023,-1.434927,0.102290,0.683675,-1.470754,26,26,27,26,26,27,28,25,27,27,26,27
1791409374.929695,0.042199,0.719015,-1.510847,0.044182,0.681198,-1.512916,-0.065124,0.667083,-1.434942,0.102260,0.683827,-1.470754,26,26,27,26,26,27,28,25,27,27,26,27
1791409374.949991,0.042199,0.719166,-1.510847,0.044182,0.681228,-1.512900,-0.065033,0.667174,-1.434927,0.102351,0.683918,-1.470738,26,26,27,26,26,27,28,25,27,27,26,27
1791409374.969906,0.042230,0.719287,-1.510847,0.044182,0.681410,-1.512916,-0.064972,0.667265,-1.434942,0.102351,0.684099,-1.470738,26,26,27,26,26,27,28,25,27,27,26,27
1791409374.989741,0.042230,0.719348,-1.510847,0.044182,0.681531,-1.512916,-0.064972,0.667326,-1.434942,0.102381,0.684220,-1.470770,26,26,27,26,26,27,28,25,27,27,26,27
1791409375.009839,0.042230,0.719318,-1.510847,0.044213,0.681592,-1.512932,-0.064972,0.667416,-1.434927,0.102381,0.684251,-1.470754,26,26,27,26,26,27,28,25,27,27,26,27
1791409375.029765,0.042199,0.719439,-1.510847,0.044182,0.681683,-1.512900,-0.064942,0.667538,-1.434942,0.102320,0.684432,-1.470754,26,26,27,26,26,27,28,25,27,27,26,27
1791409375.049852,0.042169,0.719741,-1.510847,0.044182,0.681743,-1.512916,-0.064972,0.667689,-1.434911,0.102351,0.684402,-1.470738,26,26,27,26,26,27,28,25,27,27,26,27
1791409375.069794,0.042109,0.719711,-1.510847,0.044213,0.681804,-1.512916,-0.065003,0.667749,-1.434911,0.102320,0.684493,-1.470770,26,26,27,26,26,27,28,25,27,27,26,27
1791409375.089831,0.042109,0.719741,-1.510847,0.044152,0.681895,-1.512932,-0.065003,0.667810,-1.434927,0.102260,0.684523,-1.470738,26,26,27,26,26,27,28,25,27,27,26,27
1791409375.109757,0.041988,0.719953,-1.510847,0.044182,0.681925,-1.512916,-0.064972,0.667992,-1.434911,0.102260,0.684554,-1.470738,26,26,27,26,26,27,28,25,27,27,26,27
1791409375.129813,0.041957,0.720014,-1.510799,0.044152,0.682046,-1.512900,-0.064972,0.668113,-1.434927,0.102290,0.684644,-1.470707,26,26,27,26,26,27,28,25,27,27,26,27
1791409375.149993,0.041988,0.720135,-1.510799,0.044213,0.682167,-1.512916,-0.064942,0.668234,-1.434927,0.102260,0.684796,-1.470707,26,26,27,26,26,27,28,26,27,27,26,27
1791409375.169790,0.042048,0.720286,-1.510815,0.044182,0.682288,-1.512900,-0.064942,0.668264,-1.434927,0.102351,0.684977,-1.470754,26,26,27,26,26,27,28,25,27,27,26,27
1791409375.189864,0.041049,0.727069,-1.510389,0.042033,0.682076,-1.512885,-0.061430,0.671231,-1.434911,0.106044,0.682343,-1.470770,26,26,27,26,26,27,28,25,27,27,26,27
1791409375.209927,0.041079,0.726130,-1.508951,0.041760,0.681955,-1.512790,-0.059250,0.672321,-1.434942,0.108436,0.681950,-1.470928,26,26,27,26,26,27,28,25,27,27,26,27
1791409375.229798,0.040565,0.723647,-1.507830,0.040610,0.681319,-1.512648,-0.057040,0.673321,-1.434942,0.110495,0.681435,-1.470959,26,26,27,26,26,27,28,25,27,27,26,27
1791409375.249822,0.039444,0.723435,-1.506976,0.039277,0.681017,-1.512600,-0.054284,0.675712,-1.434942,0.112887,0.680436,-1.470770,26,26,27,26,26,27,28,25,27,27,26,27
1791409375.269819,0.038142,0.723980,-1.505112,0.037642,0.680986,-1.512584,-0.051711,0.678468,-1.434942,0.115128,0.679649,-1.470564,26,26,27,26,26,27,28,25,27,27,26,27
1791409375.289890,0.036931,0.724798,-1.502948,0.035947,0.681017,-1.512616,-0.049924,0.680920,-1.434927,0.117277,0.679194,-1.470501,26,26,27,26,26,27,28,25,27,27,26,27
1791409375.309934,0.035599,0.725131,-1.499710,0.034372,0.681138,-1.512600,-0.048229,0.683645,-1.434942,0.118761,0.678982,-1.470470,26,26,27,26,26,27,28,25,27,27,26,27
1791409375.329780,0.034388,0.725191,-1.496345,0.032798,0.681350,-1.512616,-0.046533,0.685977,-1.434942,0.120305,0.678982,-1.470470,26,26,27,26,26,27,28,25,27,27,26,27
1791409375.349873,0.033116,0.725191,-1.493375,0.031224,0.681743,-1.512600,-0.044989,0.688308,-1.434942,0.121758,0.679073,-1.470470,26,26,27,26,26,27,28,25,27,27,26,27
1791409375.369884,0.031148,0.725252,-1.490785,0.029165,0.681955,-1.512600,-0.043657,0.691063,-1.434958,0.122758,0.679013,-1.470438,26,26,27,26,26,27,28,25,27,27,26,27
1791409375.389909,0.028817,0.725343,-1.488068,0.026773,0.682137,-1.512616,-0.042991,0.693395,-1.434958,0.123393,0.678952,-1.470407,26,26,27,26,26,27,28,25,27,27,26,27
1791409375.410022,0.026607,0.725676,-1.484955,0.024351,0.682318,-1.512663,-0.042083,0.696241,-1.434927,0.124483,0.678831,-1.470391,26,26,27,26,26,27,28,25,27,27,26,27
1791409375.429784,0.024941,0.725797,-1.480943,0.022594,0.682652,-1.512663,-0.040902,0.699026,-1.434942,0.125543,0.678831,-1.470359,26,26,27,26,26,27,28,25,27,27,26,27
1791409375.449876,0.023397,0.725918,-1.477326,0.020747,0.683015,-1.512663,-0.039327,0.701085,-1.434942,0.126785,0.678831,-1.470312,26,26,27,26,26,27,28,25,27,27,26,27
1791409375.469867,0.022156,0.726100,-1.474024,0.019173,0.683378,-1.512632,-0.038358,0.703749,-1.434958,0.127905,0.678801,-1.470217,26,26,27,26,26,27,28,25,27,27,26,27
1791409375.489884,0.020672,0.726191,-1.471117,0.017659,0.683741,-1.512679,-0.037147,0.705990,-1.434958,0.129055,0.678801,-1.470201,26,26,27,26,26,27,28,25,27,27,26,27
1791409375.509979,0.018644,0.726403,-1.468637,0.015691,0.684044,-1.512663,-0.036421,0.708200,-1.434958,0.129600,0.678771,-1.470138,26,26,27,26,26,27,28,25,27,27,26,27
1791409375.529835,0.017160,0.726584,-1.466789,0.013935,0.684347,-1.512695,-0.035603,0.710380,-1.434974,0.130206,0.678771,-1.470138,26,26,27,26,26,27,28,25,27,27,26,27
1791409375.549780,0.015313,0.726736,-1.463977,0.011846,0.684801,-1.512711,-0.035361,0.712318,-1.434974,0.130478,0.678831,-1.470138,26,26,27,26,26,27,28,25,27,27,26,27
1791409375.569823,0.014072,0.727190,-1.462050,0.009848,0.685255,-1.512711,-0.034907,0.714437,-1.434958,0.130811,0.678831,-1.470122,26,26,27,26,26,27,28,25,27,27,26,27
1791409375.589928,0.012497,0.727523,-1.459222,0.008001,0.685588,-1.512727,-0.034634,0.716012,-1.434958,0.131145,0.678831,-1.470075,26,26,27,26,26,27,28,25,27,27,26,27
1791409375.611826,0.011135,0.727826,-1.456458,0.006396,0.685982,-1.512742,-0.034029,0.718101,-1.434974,0.131629,0.678922,-1.469869,26,26,27,26,26,27,28,25,27,27,26,27
1791409375.631981,0.010226,0.728249,-1.454404,0.004852,0.686436,-1.512727,-0.032787,0.719857,-1.434990,0.132537,0.678831,-1.469538,26,26,27,26,26,27,28,25,27,27,26,27
1791409375.651915,0.009318,0.728461,-1.452366,0.003792,0.686709,-1.512742,-0.031909,0.721431,-1.434990,0.133234,0.678831,-1.468953,26,26,27,26,26,27,28,25,27,27,26,27
1791409375.672127,0.008137,0.728673,-1.450028,0.002308,0.686830,-1.512742,-0.031031,0.723127,-1.434990,0.134051,0.678619,-1.468511,26,26,27,26,26,27,28,25,27,27,26,27
1791409375.691921,0.007017,0.729158,-1.448559,0.000704,0.687011,-1.512742,-0.030426,0.724762,-1.434990,0.134596,0.678468,-1.468305,26,26,27,26,26,27,28,25,27,27,26,27
1791409375.711962,0.006109,0.729612,-1.446679,-0.000326,0.687254,-1.512742,-0.029608,0.726458,-1.434990,0.135262,0.678044,-1.467721,26,26,27,26,26,27,28,25,27,27,26,27
1791409375.731919,0.005352,0.730157,-1.445526,-0.001264,0.687496,-1.512774,-0.028488,0.727699,-1.435006,0.136261,0.677711,-1.466868,26,26,27,26,26,27,28,25,27,27,26,27
1791409375.751918,0.004443,0.730551,-1.444152,-0.002354,0.687587,-1.512790,-0.027640,0.729092,-1.435006,0.136746,0.677196,-1.466489,26,26,27,26,26,27,28,25,27,27,26,27
1791409375.771957,0.003353,0.731277,-1.443394,-0.003565,0.687950,-1.512869,-0.027065,0.730727,-1.435021,0.137200,0.676863,-1.466047,26,26,27,26,26,27,28,25,27,27,26,27
1791409375.791792,0.002596,0.731671,-1.441925,-0.004504,0.688162,-1.512900,-0.026550,0.731817,-1.435021,0.137624,0.676681,-1.465810,26,26,27,26,26,27,28,25,27,27,26,27
1791409375.811913,0.001870,0.732064,-1.441214,-0.005352,0.688404,-1.512964,-0.025945,0.732786,-1.435006,0.137927,0.676318,-1.465020,26,26,27,26,26,27,28,25,27,27,26,27
1791409375.831772,0.000689,0.732700,-1.440297,-0.006866,0.688525,-1.512964,-0.025551,0.733997,-1.435021,0.138048,0.675622,-1.463835,26,26,27,26,26,27,28,25,27,27,26,27
1791409375.851927,-0.000189,0.733427,-1.440013,-0.007986,0.688556,-1.512995,-0.025218,0.734905,-1.435021,0.138260,0.674956,-1.462461,26,26,27,26,26,27,28,25,27,27,26,27
1791409375.871906,-0.000704,0.734154,-1.439934,-0.008682,0.688677,-1.513011,-0.024612,0.735571,-1.435037,0.138411,0.674471,-1.462066,26,26,27,26,26,27,28,25,27,27,26,27
1791409375.891914,-0.001007,0.734910,-1.439934,-0.009136,0.688828,-1.513042,-0.023704,0.736479,-1.435021,0.139077,0.674108,-1.461450,26,26,27,26,26,27,28,25,27,27,26,27
1791409375.912161,-0.001188,0.735425,-1.439871,-0.009621,0.688949,-1.513090,-0.022887,0.737327,-1.435021,0.139804,0.673472,-1.460202,26,26,27,26,26,27,28,25,27,27,26,27
1791409375.931910,-0.001491,0.735667,-1.439713,-0.010136,0.688919,-1.513122,-0.022281,0.737842,-1.435021,0.140228,0.672352,-1.458812,26,26,27,26,26,27,28,25,27,27,26,27
1791409375.951774,-0.001975,0.736031,-1.439697,-0.010711,0.688858,-1.513137,-0.021585,0.738478,-1.435021,0.140531,0.671050,-1.457564,26,26,27,26,26,27,28,25,27,27,26,27
1791409375.971937,-0.002369,0.736485,-1.439681,-0.011195,0.688798,-1.513169,-0.020949,0.738902,-1.435021,0.140894,0.670263,-1.456221,26,26,27,26,26,27,28,25,27,27,26,27
1791409375.991958,-0.002732,0.736818,-1.439713,-0.011528,0.688798,-1.513201,-0.020343,0.739295,-1.435037,0.141197,0.669263,-1.455226,26,26,27,26,26,27,28,25,27,27,26,27
1791409376.011905,-0.003187,0.737424,-1.439713,-0.012104,0.688586,-1.513201,-0.019829,0.739568,-1.435021,0.141560,0.667780,-1.453061,26,26,27,26,26,27,28,25,27,27,26,27
1791409376.031944,-0.003732,0.737666,-1.439697,-0.012739,0.688313,-1.513216,-0.019435,0.739780,-1.435006,0.141832,0.666599,-1.451355,26,26,27,26,26,27,28,25,27,27,26,27
1791409376.051911,-0.004186,0.738150,-1.439697,-0.013345,0.688192,-1.513185,-0.018981,0.740204,-1.435021,0.142075,0.665570,-1.449649,26,26,27,26,26,27,28,25,27,27,26,27
1791409376.071954,-0.004610,0.738514,-1.439713,-0.014011,0.688071,-1.513216,-0.018587,0.740688,-1.435021,0.142256,0.664479,-1.448465,26,26,27,26,26,27,28,25,27,27,26,27
1791409376.091786,-0.005033,0.738968,-1.439713,-0.014647,0.687980,-1.513216,-0.018224,0.741203,-1.435021,0.142377,0.663511,-1.446932,26,26,27,26,26,27,28,25,27,27,26,27
1791409376.112375,-0.005336,0.739422,-1.439713,-0.015162,0.687829,-1.513232,-0.017770,0.741839,-1.435037,0.142741,0.662663,-1.445653,26,26,27,26,26,27,28,25,27,27,26,27
1791409376.131887,-0.005609,0.740027,-1.439713,-0.015495,0.687859,-1.513201,-0.016892,0.742414,-1.435021,0.143195,0.662088,-1.444800,26,26,27,26,26,27,28,25,27,27,26,27
1791409376.151879,-0.005700,0.740451,-1.439729,-0.015616,0.687889,-1.513216,-0.016256,0.742959,-1.435037,0.144012,0.661452,-1.443868,26,26,27,26,26,27,28,25,27,27,26,27
1791409376.171971,-0.005730,0.740936,-1.439745,-0.015737,0.687920,-1.513216,-0.015408,0.743443,-1.435021,0.144588,0.660998,-1.443331,26,26,27,26,26,27,28,25,27,27,26,27
1791409376.192230,-0.005851,0.741783,-1.439713,-0.015888,0.687950,-1.513201,-0.014802,0.743988,-1.435037,0.145163,0.660604,-1.442525,26,26,27,26,26,27,28,25,27,27,26,27
1791409376.211941,-0.006123,0.742147,-1.439745,-0.016282,0.687980,-1.513248,-0.014409,0.744685,-1.435021,0.145466,0.660180,-1.441988,26,26,27,26,26,27,28,25,27,27,26,27
1791409376.231899,-0.006578,0.742752,-1.439729,-0.016736,0.688041,-1.513232,-0.014015,0.745078,-1.435021,0.145708,0.659908,-1.441656,26,26,27,26,26,27,28,25,27,27,26,27
1791409376.251997,-0.006699,0.743025,-1.439713,-0.016918,0.688162,-1.513232,-0.013652,0.745744,-1.435021,0.145920,0.659786,-1.441451,26,26,27,26,26,27,28,25,27,27,26,27
1791409376.271970,-0.006880,0.743449,-1.439745,-0.017432,0.688223,-1.513232,-0.013379,0.746199,-1.435037,0.146192,0.659726,-1.441103,26,26,27,26,26,27,28,25,27,27,26,27
1791409376.291955,-0.007092,0.743630,-1.439713,-0.017644,0.688313,-1.513232,-0.013289,0.746441,-1.435053,0.146253,0.659635,-1.440645,26,26,27,26,26,27,28,25,27,27,26,27
1791409376.311888,-0.007335,0.743812,-1.439745,-0.017917,0.688313,-1.513232,-0.013046,0.746804,-1.435053,0.146283,0.659363,-1.439950,26,26,27,26,26,27,28,25,27,27,26,27
1791409376.331955,-0.007607,0.744175,-1.439760,-0.018311,0.688374,-1.513232,-0.012925,0.747016,-1.435053,0.146314,0.659151,-1.439587,26,26,27,26,26,27,28,25,27,27,26,27
1791409376.351983,-0.007758,0.744387,-1.439729,-0.018644,0.688465,-1.513248,-0.012865,0.747319,-1.435053,0.146374,0.659060,-1.439302,26,26,27,26,26,27,28,25,27,27,26,27
1791409376.371762,-0.008031,0.744842,-1.439745,-0.019037,0.688465,-1.513232,-0.012562,0.747591,-1.435053,0.146465,0.658878,-1.439097,26,26,27,26,26,27,28,25,27,27,26,27
1791409376.391871,-0.008182,0.744902,-1.439745,-0.019279,0.688495,-1.513248,-0.012501,0.747773,-1.435037,0.146526,0.658727,-1.438512,26,26,27,26,26,27,28,25,27,27,26,27
1791409376.411936,-0.008334,0.744993,-1.439713,-0.019522,0.688495,-1.513248,-0.012501,0.747924,-1.435037,0.146586,0.658454,-1.438181,26,26,27,26,26,27,28,25,27,27,26,27
1791409376.431777,-0.008576,0.745356,-1.439729,-0.019824,0.688434,-1.513279,-0.012320,0.748106,-1.435053,0.146647,0.658182,-1.438007,26,26,27,26,26,27,28,25,27,27,26,27
1791409376.451910,-0.008636,0.745598,-1.439729,-0.020036,0.688495,-1.513264,-0.012229,0.748348,-1.435053,0.146798,0.658061,-1.437944,26,26,27,26,26,27,28,25,27,27,26,27
1791409376.471824,-0.008697,0.745689,-1.439713,-0.020127,0.688465,-1.513264,-0.012078,0.748530,-1.435069,0.146889,0.658000,-1.437833,26,26,27,26,26,27,28,25,27,27,26,27
1791409376.491903,-0.008788,0.745992,-1.439713,-0.020248,0.688525,-1.513279,-0.011866,0.748772,-1.435085,0.146980,0.657940,-1.437754,26,26,27,26,26,27,28,25,27,27,26,27
1791409376.512063,-0.008788,0.746143,-1.439729,-0.020309,0.688586,-1.513279,-0.011866,0.749014,-1.435053,0.147161,0.657909,-1.437723,26,26,27,26,26,27,28,25,27,27,26,27
1791409376.531844,-0.008818,0.746295,-1.439729,-0.020400,0.688646,-1.513264,-0.011714,0.749287,-1.435037,0.147252,0.657940,-1.437596,26,26,27,26,26,27,28,25,27,27,26,27
1791409376.551851,-0.008848,0.746446,-1.439729,-0.020460,0.688737,-1.513295,-0.011623,0.749559,-1.435053,0.147252,0.657940,-1.437486,26,26,27,26,26,27,28,25,27,27,26,27
1791409376.571966,-0.008909,0.746688,-1.439745,-0.020672,0.688798,-1.513279,-0.011502,0.749802,-1.435100,0.147373,0.657909,-1.437359,26,26,27,26,26,27,28,25,27,27,26,27
1791409376.591793,-0.008939,0.746779,-1.439729,-0.020733,0.688919,-1.513279,-0.011533,0.749983,-1.435069,0.147404,0.657970,-1.437249,26,26,27,26,26,27,28,25,27,27,26,27
1791409376.611869,-0.009030,0.746870,-1.439713,-0.020824,0.688919,-1.513264,-0.011381,0.750256,-1.435085,0.147464,0.657909,-1.437138,26,26,27,26,26,27,28,25,27,27,26,27
1791409376.631843,-0.009091,0.747022,-1.439713,-0.020975,0.689040,-1.513279,-0.011381,0.750437,-1.435069,0.147525,0.657879,-1.436949,26,26,27,26,26,27,28,26,27,27,26,27
1791409376.651965,-0.009272,0.747143,-1.439697,-0.021157,0.689070,-1.513295,-0.011381,0.750649,-1.435069,0.147555,0.657909,-1.436617,26,26,27,26,26,27,28,25,27,27,26,27
1791409376.671872,-0.009454,0.747234,-1.439697,-0.021550,0.689131,-1.513295,-0.011381,0.750770,-1.435053,0.147525,0.657758,-1.436095,26,26,27,26,26,27,28,25,27,27,26,27
1791409376.691851,-0.009696,0.747385,-1.439681,-0.021944,0.689101,-1.513295,-0.011321,0.750922,-1.435100,0.147555,0.657425,-1.435701,26,26,27,26,26,27,28,25,27,27,26,27
1791409376.711935,-0.009393,0.745265,-1.439571,-0.019310,0.689585,-1.513548,-0.013470,0.749680,-1.435195,0.146768,0.659030,-1.435258,26,26,27,26,26,27,28,25,27,27,26,27
1791409376.731875,-0.009303,0.745175,-1.438860,-0.017977,0.689706,-1.514022,-0.014318,0.749590,-1.435274,0.146677,0.659241,-1.435037,26,26,27,26,26,27,28,25,27,27,26,27
1791409376.751884,-0.008970,0.744872,-1.438165,-0.015949,0.690100,-1.514369,-0.015014,0.749226,-1.435274,0.146435,0.659786,-1.434942,26,26,27,26,26,27,28,25,27,27,26,27
1791409376.772054,-0.008091,0.744236,-1.438054,-0.014253,0.690645,-1.514385,-0.016014,0.748227,-1.435258,0.145890,0.660634,-1.434942,26,26,27,26,26,27,28,25,27,27,26,27
1791409376.792022,-0.007304,0.743570,-1.438038,-0.012285,0.690887,-1.514417,-0.016831,0.747198,-1.435290,0.145314,0.661391,-1.434942,26,26,27,26,26,27,28,25,27,27,26,27
1791409376.811941,-0.006396,0.743116,-1.438038,-0.010620,0.691038,-1.514401,-0.017285,0.746410,-1.435321,0.145193,0.662148,-1.434942,26,26,27,26,26,27,28,25,27,27,26,27
1791409376.831917,-0.005548,0.742783,-1.438054,-0.009046,0.691159,-1.514464,-0.017497,0.745926,-1.435321,0.145163,0.662723,-1.434927,26,26,27,26,26,27,28,25,27,27,26,27
1791409376.851876,-0.004912,0.742692,-1.438070,-0.007774,0.691129,-1.514464,-0.017467,0.745654,-1.435321,0.145163,0.662966,-1.434942,26,26,27,26,26,27,28,25,27,27,26,27
1791409376.871800,-0.004428,0.742631,-1.438054,-0.007229,0.691129,-1.514464,-0.017527,0.745351,-1.435321,0.145163,0.663147,-1.434895,26,26,27,26,26,27,28,25,27,27,26,27
1791409376.891920,-0.004155,0.742571,-1.438038,-0.006714,0.691159,-1.514496,-0.017830,0.744775,-1.435306,0.145102,0.663329,-1.434879,26,26,27,26,26,27,28,25,27,27,26,27
1791409376.911862,-0.004095,0.742510,-1.438054,-0.006502,0.691159,-1.514496,-0.018072,0.744382,-1.435321,0.144891,0.663329,-1.434863,26,26,27,26,26,27,28,25,27,27,26,27
1791409376.931950,-0.004125,0.742329,-1.438038,-0.006048,0.691190,-1.514480,-0.018557,0.744079,-1.435337,0.144527,0.663480,-1.434863,26,26,27,26,26,27,28,25,27,27,26,27
1791409376.952519,-0.004216,0.742298,-1.438023,-0.004898,0.691129,-1.514512,-0.018951,0.743897,-1.435337,0.144012,0.663450,-1.434863,26,26,27,26,26,27,28,25,27,27,26,27
1791409376.973505,-0.004367,0.742268,-1.438054,-0.003323,0.691129,-1.514496,-0.019041,0.743897,-1.435321,0.143770,0.663480,-1.434847,26,26,27,26,26,27,28,25,27,27,26,27
1791409376.991793,-0.004367,0.742117,-1.438038,-0.003293,0.691129,-1.514512,-0.019223,0.743867,-1.435337,0.143589,0.663511,-1.434847,26,26,27,26,26,27,28,25,27,27,26,27
1791409377.011844,-0.004337,0.742026,-1.438038,-0.003232,0.691099,-1.514512,-0.019435,0.743716,-1.435337,0.143407,0.663480,-1.434847,26,26,27,26,26,27,28,25,27,27,26,27
1791409377.031982,-0.004337,0.741995,-1.438038,-0.003172,0.690978,-1.514512,-0.019495,0.743564,-1.435353,0.143346,0.663450,-1.434847,26,26,27,26,26,27,28,26,27,27,26,27
1791409377.051913,-0.004246,0.741965,-1.438023,-0.002930,0.690948,-1.514527,-0.019526,0.743352,-1.435337,0.143346,0.663480,-1.434847,26,26,27,26,26,27,28,25,27,27,26,27
1791409377.071913,-0.004155,0.741935,-1.438038,-0.002748,0.690917,-1.514527,-0.019526,0.743262,-1.435353,0.143346,0.663450,-1.434863,26,26,27,26,26,27,28,25,27,27,26,27
1791409377.092236,-0.004065,0.741935,-1.438023,-0.002596,0.690917,-1.514527,-0.019526,0.743201,-1.435353,0.143316,0.663480,-1.434863,26,26,27,26,26,27,28,25,27,27,26,27
1791409377.111847,-0.004034,0.741905,-1.438023,-0.002566,0.690887,-1.514527,-0.019495,0.743171,-1.435369,0.143316,0.663480,-1.434847,26,26,27,26,26,27,28,25,27,27,26,27
1791409377.131953,-0.004125,0.741905,-1.438054,-0.002445,0.690917,-1.514527,-0.019495,0.743019,-1.435353,0.143286,0.663450,-1.434847,26,26,27,26,26,27,28,25,27,27,26,27
1791409377.151901,-0.004065,0.741844,-1.438038,-0.002475,0.690887,-1.514527,-0.019617,0.742959,-1.435353,0.143256,0.663480,-1.434832,26,26,27,26,26,27,28,25,27,27,26,27
1791409377.171867,-0.004125,0.741814,-1.438023,-0.002475,0.690887,-1.514527,-0.019677,0.742959,-1.435353,0.143195,0.663480,-1.434832,26,26,27,26,26,27,28,25,27,27,26,27
1791409377.191949,-0.004095,0.741814,-1.438023,-0.002506,0.690948,-1.514543,-0.019647,0.742959,-1.435353,0.143134,0.663480,-1.434832,26,26,27,26,26,27,28,25,27,27,26,27
1791409377.212022,-0.004125,0.741814,-1.438038,-0.002506,0.690948,-1.514543,-0.019677,0.742959,-1.435353,0.143074,0.663480,-1.434847,26,26,27,26,26,27,28,26,27,27,26,27
1791409377.231869,-0.004125,0.741814,-1.438038,-0.002475,0.690948,-1.514543,-0.019738,0.743019,-1.435353,0.143013,0.663480,-1.434832,26,26,27,26,26,27,28,25,27,27,26,27
1791409377.251890,-0.004065,0.741783,-1.438038,-0.002445,0.690948,-1.514512,-0.019798,0.742929,-1.435353,0.142983,0.663541,-1.434816,26,26,27,26,26,27,28,25,27,27,26,27
1791409377.272178,-0.004065,0.741814,-1.438023,-0.002415,0.690948,-1.514527,-0.019798,0.742868,-1.435353,0.143013,0.663480,-1.434847,26,26,27,26,26,27,28,26,27,27,26,27
1791409377.292029,-0.004095,0.741753,-1.438023,-0.002415,0.690917,-1.514527,-0.019768,0.742898,-1.435353,0.142983,0.663480,-1.434816,26,26,27,26,26,27,28,26,27,27,26,27
1791409377.311911,-0.004004,0.741783,-1.438023,-0.002263,0.690917,-1.514543,-0.019798,0.742868,-1.435369,0.142953,0.663511,-1.434800,26,26,27,26,26,27,28,25,27,27,26,27
1791409377.331904,-0.004034,0.741753,-1.438023,-0.002263,0.690917,-1.514512,-0.019768,0.742777,-1.435353,0.142953,0.663511,-1.434832,26,26,27,26,26,27,28,25,27,27,26,27
1791409377.351917,-0.004095,0.741783,-1.438023,-0.002324,0.690917,-1.514527,-0.019798,0.742807,-1.435353,0.142983,0.663480,-1.434816,26,26,27,26,26,27,28,25,27,27,26,27
1791409377.371905,-0.004034,0.741753,-1.438023,-0.002324,0.690887,-1.514543,-0.019889,0.742807,-1.435353,0.142922,0.663480,-1.434816,26,26,27,26,26,27,28,25,27,27,26,27
1791409377.391872,-0.004095,0.741753,-1.438023,-0.002294,0.690857,-1.514543,-0.019889,0.742807,-1.435353,0.142922,0.663450,-1.434832,26,26,27,26,26,27,28,25,27,27,26,27
1791409377.411920,-0.004095,0.741693,-1.438023,-0.002263,0.690917,-1.514543,-0.019859,0.742807,-1.435369,0.142832,0.663480,-1.434800,26,26,27,26,26,27,28,25,27,27,26,27
1791409377.432003,-0.004095,0.741693,-1.438038,-0.002294,0.690917,-1.514543,-0.019919,0.742838,-1.435353,0.142832,0.663511,-1.434800,26,26,27,26,26,27,28,26,27,27,26,27
1791409377.452048,-0.004095,0.741723,-1.438023,-0.002263,0.690887,-1.514559,-0.019919,0.742807,-1.435369,0.142832,0.663511,-1.434832,26,26,27,26,26,27,28,25,27,27,26,27
1791409377.471936,-0.004034,0.741693,-1.438023,-0.002203,0.690917,-1.514543,-0.019889,0.742777,-1.435353,0.142832,0.663480,-1.434800,26,26,27,26,26,27,28,26,27,27,26,27
1791409377.492014,-0.004034,0.741693,-1.438007,-0.002142,0.690857,-1.514527,-0.019919,0.742777,-1.435369,0.142832,0.663511,-1.434816,26,26,27,26,26,27,28,26,27,27,26,27
1791409377.511894,-0.004004,0.741723,-1.438023,-0.002082,0.690857,-1.514527,-0.019889,0.742747,-1.435369,0.142832,0.663480,-1.434784,26,26,27,26,26,27,28,25,27,27,26,27
1791409377.531976,-0.004004,0.741693,-1.438007,-0.002021,0.690887,-1.514543,-0.019919,0.742777,-1.435353,0.142832,0.663511,-1.434769,26,26,27,26,26,27,28,25,27,27,26,27
1791409377.552019,-0.004004,0.741693,-1.438007,-0.002082,0.690857,-1.514559,-0.019889,0.742807,-1.435353,0.142832,0.663480,-1.434769,26,26,27,26,26,27,28,25,27,27,26,27
1791409377.571891,-0.004034,0.741662,-1.438007,-0.002021,0.690887,-1.514559,-0.019919,0.742747,-1.435369,0.142801,0.663480,-1.434784,26,26,27,26,26,27,28,25,27,27,26,27
1791409377.592012,-0.004095,0.741632,-1.438023,-0.002142,0.690917,-1.514543,-0.019889,0.742777,-1.435353,0.142801,0.663511,-1.434784,26,26,27,26,26,27,28,25,27,27,26,27
1791409377.611974,-0.004095,0.741662,-1.438038,-0.002082,0.690887,-1.514559,-0.019919,0.742807,-1.435369,0.142801,0.663480,-1.434784,26,26,27,26,26,27,28,25,27,27,26,27
1791409377.631978,-0.004095,0.741693,-1.438007,-0.002082,0.690917,-1.514559,-0.019889,0.742777,-1.435353,0.142771,0.663480,-1.434800,26,26,27,26,26,27,28,25,27,27,26,27
1791409377.651894,-0.004095,0.741662,-1.438023,-0.002112,0.690887,-1.514575,-0.019919,0.742807,-1.435369,0.142801,0.663511,-1.434800,26,26,27,26,26,27,28,25,27,27,26,27
1791409377.671907,-0.004065,0.741662,-1.438023,-0.002082,0.690948,-1.514575,-0.019889,0.742807,-1.435353,0.142741,0.663511,-1.434800,26,26,27,26,26,27,28,25,27,27,26,27
1791409377.691882,-0.004065,0.741693,-1.438007,-0.001991,0.690948,-1.514543,-0.019919,0.742807,-1.435353,0.142711,0.663571,-1.434769,26,26,27,26,26,27,28,25,27,27,26,27
1791409377.711915,-0.003943,0.741693,-1.438023,-0.001991,0.690917,-1.514575,-0.019950,0.742777,-1.435369,0.142711,0.663601,-1.434800,26,26,27,26,26,27,28,26,27,27,26,27
1791409377.731914,-0.003943,0.741723,-1.438007,-0.001870,0.690978,-1.514575,-0.019950,0.742747,-1.435353,0.142711,0.663632,-1.434784,26,26,27,26,26,27,28,25,27,27,26,27
1791409377.751914,-0.003974,0.741693,-1.438023,-0.001840,0.690917,-1.514543,-0.019950,0.742747,-1.435369,0.142711,0.663632,-1.434784,26,26,27,26,26,27,28,25,27,27,26,27
1791409377.771888,-0.003974,0.741662,-1.438023,-0.001840,0.690917,-1.514559,-0.020010,0.742686,-1.435369,0.142680,0.663632,-1.434769,26,26,27,26,26,27,28,25,27,27,26,27
1791409377.791874,-0.004004,0.741662,-1.438023,-0.001870,0.690948,-1.514559,-0.019950,0.742686,-1.435369,0.142711,0.663601,-1.434769,26,26,27,26,26,27,28,25,27,27,26,27
1791409377.811974,-0.004034,0.741602,-1.438023,-0.001900,0.690948,-1.514559,-0.019980,0.742686,-1.435385,0.142650,0.663632,-1.434769,26,26,27,26,26,27,28,25,27,27,26,27
1791409377.832039,-0.004065,0.741602,-1.438007,-0.001991,0.690948,-1.514559,-0.020010,0.742747,-1.435353,0.142650,0.663632,-1.434769,26,26,27,26,26,27,28,25,27,27,26,27
1791409377.852017,-0.004065,0.741602,-1.438023,-0.001930,0.690948,-1.514575,-0.020010,0.742777,-1.435353,0.142620,0.663601,-1.434753,26,26,27,26,26,27,28,26,27,27,26,27
1791409377.872317,-0.004034,0.741602,-1.438007,-0.001900,0.690978,-1.514559,-0.020071,0.742717,-1.435385,0.142620,0.663662,-1.434753,26,26,27,26,26,27,28,25,27,27,26,27
1791409377.892002,-0.004004,0.741662,-1.438023,-0.001840,0.691008,-1.514543,-0.020041,0.742717,-1.435353,0.142620,0.663662,-1.434769,26,26,27,26,26,27,28,25,27,27,26,27
1791409377.911986,-0.003943,0.741632,-1.438023,-0.001840,0.690948,-1.514575,-0.020010,0.742686,-1.435369,0.142650,0.663632,-1.434753,26,26,27,26,26,27,28,25,27,27,26,27
1791409377.931902,-0.004004,0.741602,-1.438038,-0.001809,0.690978,-1.514559,-0.020041,0.742626,-1.435369,0.142620,0.663662,-1.434769,26,26,27,26,26,27,28,26,27,27,26,27
1791409377.951894,-0.003883,0.741632,-1.438023,-0.001718,0.690978,-1.514559,-0.020041,0.742565,-1.435385,0.142650,0.663692,-1.434753,26,26,27,26,26,27,28,25,27,27,26,27
1791409377.971902,-0.003822,0.741572,-1.438023,-0.001628,0.690917,-1.514559,-0.020071,0.742474,-1.435353,0.142650,0.663662,-1.434769,26,26,27,26,26,27,28,25,27,27,26,27
1791409377.991968,-0.003913,0.741632,-1.438023,-0.001688,0.690948,-1.514559,-0.020041,0.742505,-1.435353,0.142620,0.663632,-1.434769,26,26,27,26,26,27,28,25,27,27,26,27
1791409378.011901,-0.003943,0.741572,-1.438038,-0.001688,0.690948,-1.514575,-0.020071,0.742535,-1.435353,0.142620,0.663662,-1.434769,26,26,27,26,26,27,28,25,27,27,26,27
1791409378.031891,-0.003913,0.741572,-1.438007,-0.001718,0.690917,-1.514559,-0.020071,0.742505,-1.435353,0.142589,0.663632,-1.434769,26,26,27,26,26,27,28,25,27,27,26,27
1791409378.051888,-0.003943,0.741511,-1.438023,-0.001779,0.690917,-1.514575,-0.020071,0.742535,-1.435369,0.142620,0.663662,-1.434753,26,26,27,26,26,27,28,25,27,27,26,27
1791409378.071899,-0.003943,0.741481,-1.438023,-0.001749,0.690887,-1.514543,-0.020041,0.742535,-1.435385,0.142650,0.663632,-1.434769,26,26,27,26,26,27,28,26,27,27,26,27
1791409378.091944,-0.004004,0.741450,-1.438007,-0.001688,0.690917,-1.514575,-0.020071,0.742535,-1.435353,0.142650,0.663601,-1.434769,26,26,27,26,26,27,28,25,27,27,26,27
1791409378.112004,-0.003913,0.741481,-1.438023,-0.001688,0.690887,-1.514575,-0.020101,0.742444,-1.435353,0.142650,0.663632,-1.434784,26,26,27,26,26,27,28,26,27,27,26,27
1791409378.132033,-0.003883,0.741511,-1.438007,-0.001688,0.690887,-1.514543,-0.020101,0.742444,-1.435369,0.142589,0.663632,-1.434753,26,26,27,26,26,27,28,26,27,27,26,27
1791409378.151995,-0.003883,0.741481,-1.438023,-0.001658,0.690887,-1.514559,-0.020101,0.742414,-1.435369,0.142589,0.663632,-1.434753,26,26,27,26,26,27,28,26,27,27,26,27
1791409378.171848,-0.003883,0.741481,-1.438007,-0.001567,0.690887,-1.514559,-0.020131,0.742414,-1.435385,0.142589,0.663632,-1.434769,26,26,27,26,26,27,28,25,27,27,26,27
1791409378.191917,-0.003792,0.741420,-1.438023,-0.001355,0.690917,-1.514559,-0.020101,0.742323,-1.435369,0.142589,0.663662,-1.434753,26,26,27,26,26,27,28,25,27,27,26,27
1791409378.212005,-0.003792,0.741390,-1.438007,-0.001355,0.690917,-1.514559,-0.020071,0.742353,-1.435369,0.142589,0.663662,-1.434737,26,26,27,26,26,27,28,25,27,27,26,27
1791409378.231933,-0.003853,0.741450,-1.438007,-0.001416,0.690887,-1.514575,-0.020101,0.742323,-1.435353,0.142589,0.663662,-1.434769,26,26,27,26,26,27,28,25,27,27,26,27
1791409378.251936,-0.003822,0.741420,-1.438007,-0.001476,0.690887,-1.514559,-0.020131,0.742353,-1.435369,0.142589,0.663662,-1.434753,26,26,27,26,26,27,28,25,27,27,26,27
1791409378.271963,-0.003853,0.741329,-1.438023,-0.001476,0.690887,-1.514559,-0.020101,0.742384,-1.435353,0.142620,0.663632,-1.434769,26,26,27,26,26,27,28,25,27,27,26,27
1791409378.291882,-0.003913,0.741329,-1.438023,-0.001537,0.690887,-1.514575,-0.020162,0.742384,-1.435385,0.142559,0.663601,-1.434753,26,26,27,26,26,27,28,25,27,27,26,27
1791409378.311923,-0.003943,0.741390,-1.438007,-0.001476,0.690857,-1.514575,-0.020101,0.742384,-1.435369,0.142620,0.663601,-1.434753,26,26,27,26,26,27,28,25,27,27,26,27
1791409378.332042,-0.003883,0.741329,-1.438023,-0.001416,0.690887,-1.514575,-0.020162,0.742384,-1.435369,0.142559,0.663692,-1.434753,26,26,27,26,26,27,28,26,27,27,26,27
1791409378.351885,-0.003822,0.741390,-1.438023,-0.001416,0.690917,-1.514575,-0.020131,0.742353,-1.435369,0.142559,0.663632,-1.434753,26,26,27,26,26,27,28,25,27,27,26,27
1791409378.371918,-0.003792,0.741360,-1.438007,-0.001355,0.690857,-1.514559,-0.020162,0.742323,-1.435369,0.142589,0.663632,-1.434753,26,26,27,26,26,27,28,26,27,27,26,27
1791409378.391983,-0.003792,0.741360,-1.438023,-0.001355,0.690887,-1.514575,-0.020131,0.742323,-1.435369,0.142559,0.663632,-1.434753,26,26,27,26,26,27,28,25,27,27,26,27
1791409378.412032,-0.003792,0.741360,-1.438007,-0.001204,0.690887,-1.514575,-0.020131,0.742323,-1.435369,0.142559,0.663632,-1.434737,26,26,27,26,26,27,28,26,27,27,26,27
1791409378.431970,-0.003762,0.741329,-1.438023,-0.001143,0.690917,-1.514559,-0.020162,0.742293,-1.435353,0.142589,0.663662,-1.434753,26,26,27,26,26,27,28,25,27,27,26,27
1791409378.452061,-0.003822,0.741329,-1.438007,-0.001234,0.690887,-1.514575,-0.020101,0.742353,-1.435369,0.142589,0.663632,-1.434753,26,26,27,26,26,27,28,25,27,27,26,27
1791409378.471970,-0.003822,0.741360,-1.438023,-0.001264,0.690887,-1.514575,-0.020131,0.742353,-1.435369,0.142559,0.663632,-1.434737,26,26,27,26,26,27,28,25,27,27,26,27
1791409378.492076,-0.003792,0.741329,-1.438007,-0.001264,0.690917,-1.514575,-0.020101,0.742353,-1.435369,0.142620,0.663632,-1.434769,26,26,27,26,26,27,28,25,27,27,26,27
1791409378.511992,-0.003883,0.741299,-1.438007,-0.001264,0.690917,-1.514575,-0.020131,0.742353,-1.435353,0.142529,0.663662,-1.434753,26,26,27,26,26,27,28,26,27,27,26,27
1791409378.532176,-0.003883,0.741299,-1.438007,-0.001204,0.690948,-1.514575,-0.020162,0.742384,-1.435369,0.142589,0.663601,-1.434753,26,26,27,26,26,27,28,26,27,27,26,27
1791409378.551891,-0.003883,0.741360,-1.438007,-0.001295,0.690948,-1.514591,-0.020131,0.742384,-1.435385,0.142559,0.663632,-1.434753,26,26,27,26,26,27,28,25,27,27,26,27
1791409378.571985,-0.003853,0.741360,-1.438023,-0.001204,0.690948,-1.514575,-0.020131,0.742414,-1.435369,0.142559,0.663662,-1.434753,26,26,27,26,26,27,28,25,27,27,26,27
1791409378.592080,-0.003853,0.741390,-1.438023,-0.001173,0.690978,-1.514575,-0.020101,0.742414,-1.435385,0.142529,0.663662,-1.434753,26,26,27,26,26,27,28,26,27,27,26,27
1791409378.611966,-0.003762,0.741390,-1.438007,-0.001052,0.690978,-1.514575,-0.020101,0.742384,-1.435353,0.142559,0.663662,-1.434753,26,26,27,26,26,27,28,25,27,27,26,27
1791409378.632105,-0.003762,0.741420,-1.438023,-0.001022,0.691008,-1.514575,-0.020162,0.742323,-1.435369,0.142559,0.663692,-1.434769,26,26,27,26,26,27,28,25,27,27,26,27
1791409378.652088,-0.003732,0.741390,-1.438038,-0.000961,0.691008,-1.514591,-0.020131,0.742353,-1.435353,0.142529,0.663753,-1.434753,26,26,27,26,26,27,28,26,27,27,26,27
1791409378.671943,-0.003792,0.741360,-1.438007,-0.000992,0.690978,-1.514575,-0.020131,0.742353,-1.435369,0.142559,0.663723,-1.434753,26,26,27,26,26,27,28,25,27,27,26,27
1791409378.692085,-0.003792,0.741299,-1.438007,-0.000992,0.690948,-1.514575,-0.020101,0.742323,-1.435369,0.142529,0.663692,-1.434753,26,26,27,26,26,27,28,25,27,27,26,27
1791409378.711954,0.003505,0.739119,-1.438038,0.000280,0.692461,-1.514591,-0.023401,0.737812,-1.435416,0.139319,0.667144,-1.434579,26,26,27,26,26,27,28,25,27,27,26,27
1791409378.732202,0.006078,0.739422,-1.437975,0.001218,0.692976,-1.515064,-0.024794,0.737327,-1.435432,0.137806,0.668537,-1.434453,26,26,27,26,26,27,28,25,27,27,26,27
1791409378.752043,0.007501,0.739725,-1.437754,0.003550,0.693339,-1.515997,-0.026247,0.736691,-1.435400,0.136594,0.669657,-1.434437,26,26,27,26,26,27,28,25,27,27,26,27
1791409378.771895,0.008803,0.739452,-1.437675,0.005851,0.693733,-1.516202,-0.028548,0.734511,-1.435416,0.134384,0.671231,-1.434484,26,26,27,26,26,27,28,25,27,27,26,27
1791409378.792666,0.010590,0.739089,-1.437707,0.008122,0.694096,-1.516281,-0.030880,0.732604,-1.435416,0.132507,0.672806,-1.434468,26,26,27,26,26,27,28,25,27,27,26,27
1791409378.811915,0.013073,0.738786,-1.437691,0.010756,0.694490,-1.516328,-0.031788,0.731060,-1.435416,0.131447,0.674744,-1.434484,26,26,27,26,26,27,28,25,27,27,26,27
1791409378.831841,0.015919,0.738544,-1.437723,0.013299,0.694974,-1.516328,-0.032061,0.729940,-1.435400,0.131175,0.676257,-1.434468,26,26,27,26,26,27,28,25,27,27,26,27
1791409378.852008,0.018462,0.738423,-1.437738,0.015600,0.695519,-1.516328,-0.032333,0.728850,-1.435385,0.130993,0.677832,-1.434453,26,26,27,26,26,27,28,25,27,27,26,27
1791409378.872010,0.020672,0.738362,-1.437754,0.017750,0.695641,-1.516328,-0.032333,0.728274,-1.435400,0.130963,0.679194,-1.434453,26,26,27,26,26,27,28,26,27,27,26,27
1791409378.891958,0.023367,0.738181,-1.437738,0.020081,0.695974,-1.516328,-0.032273,0.727487,-1.435400,0.131054,0.680436,-1.434453,26,26,27,26,26,27,28,25,27,27,26,27
1791409378.911995,0.025456,0.737969,-1.437754,0.021474,0.696337,-1.516297,-0.032333,0.726851,-1.435369,0.130933,0.681556,-1.434437,26,26,27,26,26,27,28,26,27,27,26,27
1791409378.931873,0.027182,0.737847,-1.437754,0.023139,0.696700,-1.516265,-0.032333,0.726336,-1.435353,0.130933,0.682797,-1.434453,26,26,27,26,26,27,28,25,27,27,26,27
1791409378.951918,0.028484,0.737666,-1.437786,0.024229,0.697154,-1.516249,-0.032606,0.725458,-1.435306,0.130751,0.683675,-1.434453,26,26,27,26,26,27,28,25,27,27,26,27
1791409378.971981,0.029574,0.737605,-1.437786,0.024896,0.697397,-1.516265,-0.032878,0.724217,-1.435243,0.130509,0.684160,-1.434453,26,26,27,26,26,27,28,25,27,27,26,27
1791409378.991973,0.030331,0.737545,-1.437786,0.025441,0.697730,-1.516233,-0.033211,0.723036,-1.435148,0.130236,0.684644,-1.434453,26,26,27,26,26,27,28,25,27,27,26,27
1791409379.012094,0.030633,0.737575,-1.437786,0.025592,0.698214,-1.516249,-0.033635,0.722188,-1.435053,0.129873,0.685371,-1.434421,26,26,27,26,26,27,28,25,27,27,26,27
1791409379.032095,0.030785,0.737605,-1.437786,0.025592,0.698487,-1.516233,-0.034210,0.720463,-1.435006,0.129449,0.685855,-1.434437,26,26,27,26,26,27,28,26,27,27,26,27
1791409379.052010,0.030967,0.737605,-1.437786,0.025592,0.698759,-1.516249,-0.034695,0.719463,-1.434942,0.129055,0.686128,-1.434453,26,26,27,26,26,27,28,26,27,27,26,27
1791409379.071901,0.031057,0.737575,-1.437786,0.025774,0.698789,-1.516249,-0.034755,0.719403,-1.434816,0.128843,0.686279,-1.434421,26,26,27,26,26,27,28,25,27,27,26,27
1791409379.092056,0.031360,0.737514,-1.437754,0.025986,0.698910,-1.516265,-0.035028,0.719070,-1.434769,0.128692,0.686582,-1.434437,26,26,27,26,26,27,28,26,27,27,26,27
1791409379.112475,0.031875,0.737302,-1.437786,0.026228,0.699062,-1.516265,-0.035119,0.718525,-1.434769,0.128541,0.686673,-1.434437,26,26,27,26,26,27,28,26,27,27,26,27
1791409379.132045,0.032117,0.737242,-1.437786,0.026621,0.698971,-1.516265,-0.035149,0.718495,-1.434769,0.128541,0.686643,-1.434437,26,26,27,26,26,27,28,26,27,27,26,27
1791409379.152009,0.032783,0.736969,-1.437786,0.027106,0.699062,-1.516249,-0.035149,0.718252,-1.434737,0.128571,0.686855,-1.434437,26,26,27,26,26,27,28,25,27,27,26,27
1791409379.172023,0.033328,0.736697,-1.437786,0.027499,0.699032,-1.516249,-0.035179,0.717980,-1.434737,0.128510,0.686885,-1.434421,26,26,27,26,26,27,28,26,27,27,26,27
1791409379.192065,0.033631,0.736576,-1.437786,0.027772,0.698941,-1.516265,-0.035179,0.717768,-1.434705,0.128480,0.686885,-1.434421,26,26,27,26,26,27,28,26,27,27,26,27
1791409379.211943,0.034025,0.736394,-1.437801,0.028075,0.698941,-1.516265,-0.035240,0.717253,-1.434721,0.128389,0.686945,-1.434405,26,26,27,26,26,27,28,26,27,27,26,27
1791409379.231962,0.034237,0.736152,-1.437817,0.028287,0.698910,-1.516249,-0.035270,0.716466,-1.434705,0.128359,0.686976,-1.434389,26,26,27,26,26,27,28,25,27,27,26,27
1791409379.252030,0.034539,0.735940,-1.437801,0.028620,0.698850,-1.516281,-0.035331,0.715951,-1.434721,0.128329,0.687006,-1.434374,26,26,27,26,26,27,28,25,27,27,26,27
1791409379.272120,0.034842,0.735789,-1.437801,0.028832,0.698850,-1.516265,-0.035391,0.715437,-1.434737,0.128208,0.687036,-1.434374,26,26,27,26,26,27,28,26,27,27,26,27
1791409379.291967,0.034933,0.735577,-1.437817,0.029044,0.698820,-1.516281,-0.035512,0.715225,-1.434705,0.128026,0.687067,-1.434358,26,26,27,26,26,27,28,25,27,27,26,27
1791409379.312328,0.035145,0.735546,-1.437817,0.029225,0.698759,-1.516265,-0.035573,0.715194,-1.434705,0.127935,0.687067,-1.434310,26,26,27,26,26,27,28,26,27,27,26,27
1791409379.331976,0.035266,0.735425,-1.437817,0.029346,0.698820,-1.516281,-0.035724,0.714892,-1.434690,0.127723,0.687218,-1.434295,26,26,27,26,26,27,28,26,27,27,26,27
1791409379.352168,0.035448,0.735244,-1.437801,0.029498,0.698759,-1.516297,-0.035906,0.714740,-1.434705,0.127541,0.687188,-1.434295,26,26,27,26,26,27,28,26,27,27,26,27
1791409379.372301,0.035569,0.735244,-1.437801,0.029528,0.698729,-1.516313,-0.036057,0.714589,-1.434690,0.127269,0.687248,-1.434279,26,26,27,26,26,27,28,26,27,27,26,27
1791409379.392123,0.035508,0.735183,-1.437801,0.029528,0.698729,-1.516344,-0.036300,0.714528,-1.434705,0.126997,0.687279,-1.434279,26,26,27,26,26,27,28,25,27,27,26,27
1791409379.411925,0.035569,0.735122,-1.437833,0.029528,0.698729,-1.516360,-0.036633,0.714377,-1.434705,0.126603,0.687369,-1.434263,26,26,27,26,26,27,28,26,27,27,26,27
1791409379.432006,0.035569,0.735001,-1.437833,0.029467,0.698759,-1.516407,-0.037147,0.714044,-1.434674,0.126118,0.687400,-1.434247,26,26,27,26,26,27,28,26,27,27,26,27
1791409379.451992,0.035508,0.735001,-1.437833,0.029407,0.698759,-1.516439,-0.037632,0.713650,-1.434690,0.125604,0.687521,-1.434216,26,26,27,26,26,27,28,26,27,27,26,27
1791409379.472056,0.035538,0.734910,-1.437817,0.029377,0.698759,-1.516455,-0.038298,0.713135,-1.434674,0.125028,0.687612,-1.434200,26,26,27,26,26,27,28,26,27,27,26,27
1791409379.492380,0.035508,0.734820,-1.437817,0.029437,0.698699,-1.516565,-0.038631,0.712469,-1.434642,0.124544,0.687702,-1.434184,26,26,27,26,26,27,28,26,27,27,26,27
1791409379.512053,0.035569,0.734608,-1.437801,0.029558,0.698729,-1.516644,-0.039055,0.712045,-1.434595,0.124060,0.687884,-1.434168,26,26,27,26,26,27,28,25,27,27,26,27
1791409379.532165,0.035599,0.734487,-1.437801,0.029589,0.698729,-1.516802,-0.039388,0.711773,-1.434532,0.123484,0.687975,-1.434168,26,26,27,26,26,27,28,25,27,27,26,27
1791409379.552070,0.035660,0.734396,-1.437817,0.029619,0.698729,-1.517087,-0.039781,0.711622,-1.434484,0.123000,0.688126,-1.434137,26,26,27,26,26,27,28,25,27,27,26,27
1791409379.572123,0.035902,0.734275,-1.437801,0.029649,0.698820,-1.517355,-0.040266,0.711077,-1.434484,0.122637,0.688187,-1.434121,26,26,27,26,26,27,28,25,27,27,26,27
1791409379.591998,0.036023,0.734002,-1.437833,0.029800,0.698820,-1.517497,-0.040569,0.710713,-1.434500,0.122273,0.688247,-1.434105,26,26,27,26,26,27,28,25,27,27,26,27
1791409379.612071,0.036386,0.733790,-1.437833,0.030224,0.698820,-1.517655,-0.040781,0.710410,-1.434469,0.122152,0.688217,-1.434073,26,26,27,26,26,27,28,25,27,27,26,27
1791409379.632174,0.036780,0.733518,-1.437786,0.030739,0.698820,-1.517782,-0.040932,0.709956,-1.434469,0.122061,0.688278,-1.434073,26,26,27,26,26,27,28,25,27,27,26,27
1791409379.652071,0.037234,0.733033,-1.437833,0.031647,0.698820,-1.517955,-0.040993,0.709048,-1.434437,0.121880,0.688308,-1.434073,26,26,27,26,26,27,28,25,27,27,26,27
1791409379.672137,0.037718,0.732791,-1.437817,0.033131,0.698820,-1.518082,-0.041114,0.707776,-1.434389,0.121758,0.688278,-1.434058,26,26,27,26,26,27,28,25,27,27,26,27
1791409379.692038,0.038263,0.732488,-1.437833,0.036068,0.698820,-1.518208,-0.041205,0.706929,-1.434374,0.121728,0.688247,-1.433994,26,26,27,26,26,27,28,25,27,27,26,27
1791409379.712197,0.038566,0.732095,-1.437865,0.040307,0.698850,-1.518255,-0.041507,0.705627,-1.434358,0.121547,0.688187,-1.434010,26,26,27,26,26,27,28,25,27,27,26,27
1791409379.732438,0.038536,0.731792,-1.437991,0.046695,0.699092,-1.518240,-0.041931,0.703871,-1.434326,0.121183,0.688066,-1.433979,26,26,27,26,26,27,28,25,27,27,26,27
1791409379.752167,0.038445,0.731489,-1.438102,0.052115,0.699879,-1.518224,-0.042506,0.702902,-1.434311,0.120547,0.687914,-1.433963,26,26,27,26,26,27,28,25,27,27,26,27
1791409379.772087,0.038173,0.731247,-1.438102,0.056445,0.701090,-1.518255,-0.043142,0.702145,-1.434279,0.119760,0.687854,-1.433947,26,26,27,26,26,27,28,26,27,27,26,27
1791409379.792041,0.037506,0.730732,-1.438118,0.059624,0.701514,-1.518255,-0.043808,0.701115,-1.434247,0.118700,0.687460,-1.433900,26,26,27,26,26,27,28,26,27,27,26,27
1791409379.812149,0.036931,0.730187,-1.438133,0.062561,0.701393,-1.518287,-0.044232,0.699571,-1.434232,0.117610,0.687097,-1.433900,26,26,27,26,26,27,28,26,27,27,26,27
1791409379.832170,0.036507,0.729582,-1.438118,0.065679,0.701333,-1.518303,-0.044565,0.698390,-1.434263,0.116642,0.686733,-1.433884,26,26,27,26,26,27,28,25,27,27,26,27
1791409379.852025,0.035750,0.728583,-1.438133,0.068283,0.701212,-1.518335,-0.045080,0.696180,-1.434326,0.114916,0.686431,-1.433836,26,26,27,26,26,27,28,25,27,27,26,27
1791409379.872044,0.034842,0.727644,-1.438133,0.070615,0.701060,-1.518445,-0.045534,0.694212,-1.434358,0.113129,0.686098,-1.433805,26,26,27,26,26,27,28,26,27,27,26,27
1791409379.892398,0.034358,0.726917,-1.438118,0.072976,0.700818,-1.519061,-0.045595,0.691881,-1.434389,0.111252,0.685946,-1.433773,26,26,27,26,26,27,28,26,27,27,26,27
1791409379.911932,0.033873,0.725888,-1.438118,0.074884,0.700455,-1.520593,-0.045928,0.689852,-1.434469,0.109193,0.685825,-1.433773,26,26,27,26,26,27,28,25,27,27,26,27
1791409379.932086,0.033328,0.724646,-1.438102,0.075943,0.700212,-1.522631,-0.046200,0.687188,-1.434563,0.106983,0.685674,-1.433742,26,26,27,26,26,27,28,25,27,27,26,27
1791409379.951973,0.033207,0.723587,-1.438118,0.076398,0.699789,-1.524985,-0.046109,0.685159,-1.434642,0.105106,0.685704,-1.433726,26,26,27,26,26,27,28,25,27,27,26,27
1791409379.972094,0.033207,0.722376,-1.438102,0.076912,0.699244,-1.527118,-0.045807,0.682707,-1.434737,0.103017,0.685734,-1.433726,26,26,27,26,26,27,28,25,27,27,26,27
1791409379.991953,0.033056,0.721346,-1.438118,0.077730,0.698577,-1.530798,-0.045867,0.680587,-1.434990,0.101109,0.685765,-1.433694,26,26,27,26,26,27,28,26,27,27,26,27
1791409380.012275,0.033237,0.719923,-1.438118,0.079183,0.698032,-1.536122,-0.045807,0.678801,-1.435243,0.099232,0.685886,-1.433694,26,26,27,26,26,27,28,25,27,27,26,27
1791409380.032238,0.033449,0.718803,-1.438118,0.080697,0.697881,-1.539029,-0.045988,0.676530,-1.436917,0.097294,0.685946,-1.433694,26,26,27,26,26,27,28,26,27,27,26,27
1791409380.051919,0.033540,0.717683,-1.438102,0.082665,0.697821,-1.539423,-0.045716,0.674653,-1.438986,0.095417,0.686098,-1.433631,26,26,27,26,26,27,28,26,27,27,26,27
1791409380.071959,0.033389,0.716229,-1.438086,0.084300,0.697851,-1.541051,-0.045897,0.673109,-1.440361,0.092843,0.686188,-1.433631,26,26,27,26,26,27,28,25,27,27,26,27
1791409380.092097,0.033843,0.714776,-1.438086,0.086934,0.697851,-1.544731,-0.046412,0.671746,-1.446427,0.091027,0.686279,-1.433568,26,26,27,26,26,27,28,26,27,27,26,27
1791409380.111876,0.033813,0.713292,-1.438086,0.089629,0.697851,-1.550703,-0.045383,0.671231,-1.457358,0.088484,0.686279,-1.433536,26,26,27,26,26,27,28,26,27,27,26,27
1791409380.131982,0.032783,0.712081,-1.438070,0.092687,0.697881,-1.557353,-0.037662,0.671474,-1.470091,0.084669,0.686219,-1.433489,26,26,27,26,26,27,28,25,27,27,26,27
1791409380.152380,0.030512,0.711506,-1.438102,0.095836,0.697609,-1.565962,-0.027489,0.672321,-1.484403,0.080611,0.686643,-1.433489,26,26,27,26,26,27,28,26,27,27,26,27
1791409380.171975,0.027424,0.710900,-1.438086,0.099954,0.696216,-1.572234,-0.016892,0.674229,-1.497277,0.075252,0.687279,-1.433521,26,26,27,26,26,27,28,25,27,27,26,27
1791409380.191895,0.024972,0.710204,-1.438102,0.103980,0.694551,-1.574682,-0.011502,0.676772,-1.501321,0.070862,0.688005,-1.433536,26,26,27,26,26,27,28,26,27,27,26,27
1791409380.212244,0.020733,0.711233,-1.438086,0.107220,0.691371,-1.574619,-0.009262,0.680254,-1.499078,0.069166,0.687430,-1.433694,26,26,27,26,26,27,28,26,27,27,26,27
1791409380.231949,0.017856,0.717501,-1.438118,0.108734,0.682742,-1.573719,-0.005507,0.682979,-1.492459,0.067683,0.686915,-1.433900,26,26,27,26,26,27,28,25,27,27,26,27
1791409380.252162,0.016706,0.714867,-1.438260,0.108795,0.676233,-1.564809,-0.004326,0.682252,-1.489616,0.069106,0.686188,-1.434168,26,26,27,26,26,27,28,26,27,27,26,27
1791409380.272062,0.016131,0.709810,-1.438576,0.105343,0.675264,-1.551255,-0.001238,0.682646,-1.489237,0.071649,0.684644,-1.434200,26,26,27,26,26,27,28,25,27,27,26,27
1791409380.292074,0.015858,0.710265,-1.439239,0.099590,0.678201,-1.532520,0.002486,0.683221,-1.489015,0.074828,0.683857,-1.434184,26,26,27,26,26,27,28,25,27,27,26,27
1791409380.312112,0.015646,0.711112,-1.440440,0.091082,0.686103,-1.509378,0.006604,0.684069,-1.488747,0.078704,0.682192,-1.434184,26,26,27,26,26,27,28,25,27,27,26,27
1791409380.332048,0.014889,0.711779,-1.441940,0.079365,0.693673,-1.484055,0.010843,0.684675,-1.488699,0.082731,0.679285,-1.434168,26,26,27,26,26,27,28,25,27,27,26,27
1791409380.352069,0.014193,0.712414,-1.445542,0.066436,0.696912,-1.461671,0.014658,0.684432,-1.488652,0.086455,0.675622,-1.434152,26,26,27,26,26,27,28,26,27,27,26,27
1791409380.372003,0.008077,0.714473,-1.448923,0.064196,0.696700,-1.464862,0.013265,0.685159,-1.488589,0.085880,0.672927,-1.434216,26,26,27,26,26,27,28,25,27,27,26,27
1791409380.392123,0.004746,0.715351,-1.449396,0.059715,0.696730,-1.464783,0.013356,0.687854,-1.488557,0.085759,0.671807,-1.434421,26,26,27,26,26,27,28,25,27,27,26,27
1791409380.412120,-0.000280,0.716805,-1.449381,0.055839,0.697457,-1.464893,0.013053,0.690276,-1.488478,0.084759,0.670717,-1.434579,26,26,27,26,26,27,28,26,27,27,26,27
1791409380.432028,-0.004519,0.718833,-1.449381,0.051721,0.698032,-1.465604,0.012326,0.692668,-1.488431,0.084002,0.670474,-1.434769,26,26,27,26,26,27,28,26,27,27,26,27
1791409380.451970,-0.007153,0.720286,-1.449396,0.049753,0.698638,-1.467705,0.012447,0.694757,-1.488415,0.084002,0.669899,-1.434958,26,26,27,26,26,27,28,25,27,27,26,27
1791409380.472131,-0.009060,0.721740,-1.449412,0.047785,0.699122,-1.469238,0.012720,0.695908,-1.488431,0.084184,0.669112,-1.434990,26,26,27,26,26,27,28,25,27,27,26,27
1791409380.492040,-0.010544,0.723102,-1.449396,0.046483,0.699819,-1.470312,0.013174,0.697603,-1.488415,0.084699,0.668839,-1.435053,26,26,27,26,26,27,28,25,27,27,26,27
1791409380.512083,-0.011937,0.723950,-1.449365,0.045515,0.699910,-1.470517,0.013991,0.699208,-1.488431,0.085425,0.668537,-1.435037,26,26,27,26,26,27,28,26,27,27,26,27
1791409380.532040,-0.012512,0.724677,-1.449365,0.044848,0.700152,-1.470691,0.014446,0.700086,-1.488431,0.085728,0.668446,-1.435053,26,26,27,26,26,27,28,26,27,27,26,27
1791409380.552003,-0.012936,0.725313,-1.449365,0.044515,0.700182,-1.470865,0.015081,0.700782,-1.488431,0.086122,0.668294,-1.435084,26,26,27,26,26,27,28,25,27,27,26,27
1791409380.572337,-0.013118,0.725797,-1.449381,0.044001,0.700212,-1.470944,0.015657,0.701569,-1.488431,0.086576,0.668294,-1.435084,26,26,27,26,26,27,28,26,27,27,26,27
1791409380.591997,-0.013511,0.726191,-1.449365,0.043758,0.700364,-1.471054,0.015869,0.702145,-1.488431,0.086727,0.668294,-1.435069,26,26,27,26,26,27,28,25,27,27,26,27
1791409380.612384,-0.013693,0.726312,-1.449381,0.043728,0.700455,-1.471102,0.015960,0.702478,-1.488399,0.086758,0.668325,-1.435084,26,26,27,26,26,27,28,25,27,27,26,27
1791409380.631981,-0.014056,0.726463,-1.449381,0.043698,0.700485,-1.471133,0.016050,0.702781,-1.488399,0.086788,0.668294,-1.435069,26,26,27,26,26,27,28,25,27,27,26,27
1791409380.652106,-0.014389,0.726584,-1.449365,0.043698,0.700576,-1.471212,0.015990,0.702932,-1.488399,0.086848,0.668355,-1.435100,26,26,27,26,26,27,28,26,27,27,26,27
1791409380.672462,-0.014631,0.726705,-1.449365,0.043668,0.700727,-1.471260,0.015899,0.703083,-1.488399,0.086788,0.668325,-1.435100,26,26,27,26,26,27,28,25,27,27,26,27
1791409380.692043,-0.015025,0.726826,-1.449349,0.043607,0.700788,-1.471291,0.015899,0.703265,-1.488399,0.086727,0.668355,-1.435116,26,26,27,26,26,27,28,26,27,27,26,27
1791409380.712147,-0.015298,0.726978,-1.449365,0.043486,0.700788,-1.471339,0.015899,0.703447,-1.488384,0.086758,0.668325,-1.435084,26,26,27,26,26,27,28,26,27,27,26,27
1791409380.732315,-0.015540,0.727008,-1.449349,0.043425,0.700788,-1.471418,0.015960,0.703568,-1.488384,0.086758,0.668294,-1.435100,26,26,27,26,26,27,28,25,27,27,26,27
1791409380.752182,-0.015661,0.727038,-1.449365,0.043304,0.700848,-1.471481,0.015990,0.703689,-1.488368,0.086758,0.668264,-1.435069,26,26,27,26,26,27,28,25,27,27,26,27
1791409380.772163,-0.015782,0.727129,-1.449349,0.043244,0.700969,-1.471560,0.015990,0.703840,-1.488384,0.086758,0.668325,-1.435100,26,26,27,26,26,27,28,25,27,27,26,27
1791409380.792187,-0.015903,0.727250,-1.449349,0.043153,0.701000,-1.471623,0.015990,0.703871,-1.488384,0.086758,0.668294,-1.435084,26,26,27,26,26,27,28,25,27,27,26,27
1791409380.812209,-0.016054,0.727311,-1.449365,0.043092,0.701000,-1.471702,0.015960,0.704022,-1.488399,0.086788,0.668234,-1.435116,26,26,27,26,26,27,28,25,27,27,26,27
1791409380.832099,-0.016145,0.727402,-1.449365,0.042971,0.701000,-1.471844,0.016020,0.704113,-1.488368,0.086758,0.668264,-1.435100,26,26,27,26,26,27,28,25,27,27,26,27
1791409380.852248,-0.016236,0.727432,-1.449349,0.042971,0.701030,-1.471986,0.016020,0.704173,-1.488368,0.086848,0.668325,-1.435100,26,26,27,26,26,27,28,26,27,27,26,27
1791409380.872278,-0.016206,0.727462,-1.449349,0.042911,0.701090,-1.472192,0.015990,0.704234,-1.488384,0.086818,0.668355,-1.435100,26,26,27,26,26,27,28,26,27,27,26,27
1791409380.892236,-0.016297,0.727583,-1.449349,0.042911,0.701121,-1.472302,0.016050,0.704355,-1.488384,0.086848,0.668355,-1.435100,26,26,27,26,26,27,28,26,27,27,26,27
1791409380.912048,-0.016297,0.727583,-1.449365,0.042880,0.701121,-1.472397,0.016111,0.704325,-1.488384,0.086879,0.668294,-1.435100,26,26,27,26,26,27,28,26,27,27,26,27
1791409380.932268,-0.016388,0.727644,-1.449349,0.042790,0.701090,-1.472476,0.016111,0.704385,-1.488384,0.086909,0.668294,-1.435116,26,26,27,26,26,27,28,25,27,27,26,27
1791409380.952156,-0.016388,0.727644,-1.449349,0.042759,0.701151,-1.472507,0.016111,0.704385,-1.488368,0.086939,0.668234,-1.435116,26,26,27,26,26,27,28,25,27,27,26,27
1791409380.972099,-0.016418,0.727644,-1.449365,0.042668,0.701121,-1.472507,0.016111,0.704385,-1.488384,0.086909,0.668234,-1.435116,26,26,27,26,26,27,28,26,27,27,26,27
1791409380.992194,-0.016448,0.727644,-1.449349,0.042578,0.701121,-1.472539,0.016141,0.704385,-1.488384,0.086939,0.668204,-1.435116,26,26,27,26,26,27,28,26,27,27,26,27
1791409381.012149,-0.016509,0.727583,-1.449365,0.042547,0.701121,-1.472523,0.016081,0.704385,-1.488399,0.086939,0.668143,-1.435116,26,26,27,26,26,27,28,25,27,27,26,27
1791409381.032265,-0.016539,0.727614,-1.449365,0.042426,0.701121,-1.472539,0.016111,0.704355,-1.488399,0.086909,0.668113,-1.435116,26,26,27,26,26,27,28,25,27,27,26,27
1791409381.052278,-0.016599,0.727614,-1.449365,0.042335,0.701121,-1.472555,0.016081,0.704385,-1.488384,0.086909,0.668052,-1.435116,26,26,27,26,26,27,28,26,27,27,26,27
1791409381.072100,-0.016599,0.727614,-1.449365,0.042305,0.701090,-1.472571,0.016081,0.704385,-1.488399,0.086909,0.668052,-1.435148,26,26,27,26,26,27,28,25,27,27,26,27
1791409381.092145,-0.016660,0.727614,-1.449349,0.042245,0.701121,-1.472602,0.016141,0.704446,-1.488368,0.086939,0.667992,-1.435132,26,26,27,26,26,27,28,26,27,27,26,27
1791409381.112092,-0.016690,0.727674,-1.449349,0.042245,0.701121,-1.472602,0.016141,0.704537,-1.488368,0.086939,0.668022,-1.435116,26,26,27,26,26,27,28,25,27,27,26,27
1791409381.132379,-0.016690,0.727735,-1.449365,0.042184,0.701090,-1.472618,0.016202,0.704597,-1.488384,0.086970,0.668052,-1.435116,26,26,27,26,26,27,28,26,27,27,26,27
1791409381.152237,-0.016690,0.727735,-1.449365,0.042214,0.701121,-1.472618,0.016171,0.704628,-1.488384,0.086939,0.668052,-1.435132,26,26,27,26,26,27,28,26,27,27,26,27
1791409381.172096,-0.016721,0.727826,-1.449365,0.042214,0.701121,-1.472618,0.016202,0.704658,-1.488384,0.086909,0.668022,-1.435132,26,26,27,26,26,27,28,25,27,27,26,27
1791409381.192208,-0.016721,0.727856,-1.449349,0.042214,0.701090,-1.472634,0.016262,0.704718,-1.488368,0.087030,0.668022,-1.435116,26,26,27,26,26,27,28,26,27,27,26,27
1791409381.212148,-0.016811,0.727916,-1.449349,0.042154,0.701151,-1.472650,0.016293,0.704870,-1.488384,0.087030,0.668022,-1.435116,26,26,27,26,26,27,28,25,27,27,26,27
1791409381.232204,-0.016811,0.727916,-1.449349,0.042184,0.701121,-1.472634,0.016232,0.704809,-1.488384,0.087000,0.668083,-1.435132,26,26,27,26,26,27,28,25,27,27,26,27
1791409381.252250,-0.016842,0.727916,-1.449365,0.042123,0.701121,-1.472650,0.016232,0.704870,-1.488368,0.087030,0.668022,-1.435116,26,26,27,26,26,27,28,25,27,27,26,27
1791409381.272089,-0.016933,0.727916,-1.449349,0.042002,0.701121,-1.472681,0.016262,0.704991,-1.488368,0.087030,0.668022,-1.435148,26,26,27,26,26,27,28,26,27,27,26,27
1791409381.292307,-0.017144,0.727916,-1.449349,0.042002,0.701212,-1.472697,0.016171,0.704991,-1.488368,0.086970,0.668052,-1.435116,26,26,27,26,26,27,28,26,27,27,26,27
1791409381.312178,-0.017114,0.727977,-1.449365,0.041911,0.701212,-1.472697,0.016141,0.705051,-1.488368,0.086939,0.668022,-1.435116,26,26,27,26,26,27,28,26,27,27,26,27
1791409381.332396,-0.017114,0.727977,-1.449365,0.041911,0.701181,-1.472681,0.016171,0.705142,-1.488384,0.087000,0.668022,-1.435116,26,26,27,26,26,27,28,26,27,27,26,27
1791409381.352272,-0.017114,0.728007,-1.449349,0.041911,0.701212,-1.472713,0.016262,0.705142,-1.488384,0.087000,0.668052,-1.435116,26,26,27,26,26,27,28,25,27,27,26,27
1791409381.372119,-0.017114,0.728037,-1.449349,0.041881,0.701212,-1.472681,0.016232,0.705142,-1.488384,0.086939,0.668052,-1.435116,26,26,27,26,26,27,28,26,27,27,26,27
1791409381.392292,-0.017175,0.728068,-1.449381,0.041881,0.701212,-1.472713,0.016323,0.705294,-1.488384,0.087030,0.668083,-1.435132,26,26,27,26,26,27,28,26,27,27,26,27
1791409381.412288,-0.017144,0.728098,-1.449349,0.041821,0.701212,-1.472697,0.016293,0.705294,-1.488368,0.087091,0.668052,-1.435148,26,26,27,26,26,27,28,26,27,27,26,27
1791409381.432070,-0.017144,0.728098,-1.449349,0.041821,0.701212,-1.472713,0.016293,0.705233,-1.488399,0.087060,0.668052,-1.435116,26,26,27,26,26,27,28,26,27,27,26,27
1791409381.452342,-0.017175,0.728098,-1.449365,0.041821,0.701181,-1.472713,0.016353,0.705354,-1.488384,0.087091,0.668052,-1.435100,26,26,27,26,26,27,28,25,27,27,26,27
1791409381.472147,-0.017205,0.728068,-1.449365,0.041790,0.701212,-1.472729,0.016202,0.705263,-1.488384,0.087060,0.668052,-1.435132,26,26,27,26,26,27,28,25,27,27,26,27
1791409381.492191,-0.017296,0.728068,-1.449349,0.041700,0.701181,-1.472729,0.016202,0.705324,-1.488368,0.087091,0.668022,-1.435116,26,26,27,26,26,27,28,26,27,27,26,27
1791409381.512321,-0.017387,0.728098,-1.449349,0.041518,0.701212,-1.472729,0.016202,0.705324,-1.488399,0.087060,0.667992,-1.435132,26,26,27,26,26,27,28,26,27,27,26,27
1791409381.532376,-0.017417,0.728098,-1.449349,0.041488,0.701212,-1.472729,0.016171,0.705324,-1.488384,0.086970,0.668052,-1.435132,26,26,27,26,26,27,28,26,27,27,26,27
1791409381.552076,-0.017568,0.728128,-1.449349,0.041336,0.701181,-1.472744,0.016171,0.705415,-1.488384,0.087000,0.667992,-1.435132,26,26,27,26,26,27,28,25,27,27,26,27
1791409381.572122,-0.017629,0.728159,-1.449365,0.041336,0.701212,-1.472760,0.016232,0.705566,-1.488384,0.087000,0.668022,-1.435116,26,26,27,26,26,27,28,25,27,27,26,27
1791409381.592151,-0.017629,0.728189,-1.449349,0.041336,0.701212,-1.472760,0.016202,0.705627,-1.488368,0.087000,0.668083,-1.435132,26,26,27,26,26,27,28,25,27,27,26,27
1791409381.612211,-0.017568,0.728249,-1.449349,0.041276,0.701212,-1.472760,0.016171,0.705627,-1.488399,0.087000,0.668052,-1.435116,26,26,27,26,26,27,28,25,27,27,26,27
1791409381.632087,-0.017568,0.728249,-1.449365,0.041336,0.701181,-1.472760,0.016232,0.705596,-1.488384,0.087000,0.668052,-1.435132,26,26,27,26,26,27,28,26,27,27,26,27
1791409381.652193,-0.017629,0.728249,-1.449365,0.041276,0.701181,-1.472776,0.016232,0.705627,-1.488384,0.087030,0.668052,-1.435116,26,26,27,26,26,27,28,25,27,27,26,27
1791409381.672197,-0.017568,0.728219,-1.449349,0.041245,0.701181,-1.472760,0.016171,0.705536,-1.488399,0.087030,0.668052,-1.435116,26,26,27,26,26,27,28,26,27,27,26,27
1791409381.692326,-0.017629,0.728189,-1.449349,0.041245,0.701212,-1.472776,0.016171,0.705536,-1.488384,0.087000,0.668052,-1.435116,26,26,27,26,26,27,28,26,27,27,26,27
1791409381.712287,-0.017629,0.728249,-1.449365,0.041245,0.701181,-1.472760,0.016202,0.705596,-1.488384,0.087000,0.668052,-1.435148,26,26,27,26,26,27,28,26,27,27,26,27
1791409381.732443,-0.017720,0.728189,-1.449333,0.041124,0.701181,-1.472776,0.016171,0.705596,-1.488384,0.087030,0.668022,-1.435132,26,26,27,26,26,27,28,25,27,27,26,27
1791409381.752044,-0.017901,0.728189,-1.449349,0.040912,0.701181,-1.472808,0.016111,0.705596,-1.488384,0.086970,0.667992,-1.435116,26,26,27,26,26,27,28,25,27,27,26,27
1791409381.772222,-0.018023,0.728189,-1.449349,0.040912,0.701151,-1.472823,0.016141,0.705627,-1.488368,0.086970,0.667961,-1.435116,26,26,27,26,26,27,28,26,27,27,26,27
1791409381.792127,-0.018053,0.728249,-1.449349,0.040852,0.701151,-1.472823,0.016141,0.705687,-1.488368,0.086939,0.667961,-1.435148,26,26,27,26,26,27,28,26,27,27,26,27
1791409381.812309,-0.018083,0.728249,-1.449333,0.040821,0.701151,-1.472823,0.016171,0.705687,-1.488399,0.086970,0.667961,-1.435132,26,26,27,26,26,27,28,26,27,27,26,27
1791409381.832285,-0.017992,0.728280,-1.449349,0.040791,0.701212,-1.472823,0.016111,0.705687,-1.488384,0.087030,0.667992,-1.435132,26,26,27,26,26,27,28,26,27,27,26,27
1791409381.852395,-0.018023,0.728280,-1.449365,0.040791,0.701181,-1.472808,0.016171,0.705718,-1.488399,0.087030,0.667992,-1.435132,26,26,27,26,26,27,28,26,27,27,26,27
1791409381.872302,-0.018053,0.728310,-1.449349,0.040791,0.701181,-1.472823,0.016171,0.705657,-1.488384,0.086970,0.667961,-1.435148,26,26,27,26,26,27,28,25,27,27,26,27
1791409381.892261,-0.018083,0.728280,-1.449365,0.040791,0.701151,-1.472808,0.016141,0.705687,-1.488384,0.087000,0.667992,-1.435148,26,26,27,26,26,27,28,25,27,27,26,27
1791409381.912443,-0.018053,0.728249,-1.449349,0.040791,0.701151,-1.472839,0.016111,0.705657,-1.488399,0.086939,0.667992,-1.435132,26,26,27,26,26,27,28,26,27,27,26,27
1791409381.932254,-0.018174,0.728219,-1.449349,0.040731,0.701181,-1.472839,0.016141,0.705718,-1.488368,0.086939,0.667961,-1.435148,26,26,27,26,26,27,28,26,27,27,26,27
1791409381.952220,-0.018295,0.728249,-1.449365,0.040700,0.701181,-1.472839,0.016141,0.705778,-1.488368,0.086939,0.667931,-1.435148,26,26,27,26,26,27,28,26,27,27,26,27
1791409381.972374,-0.018416,0.728249,-1.449365,0.040519,0.701181,-1.472855,0.016111,0.705808,-1.488399,0.086909,0.667931,-1.435132,26,26,27,26,26,27,28,26,27,27,26,27
1791409381.992253,-0.018416,0.728249,-1.449349,0.040458,0.701181,-1.472839,0.016111,0.705808,-1.488384,0.086909,0.667931,-1.435132,26,26,27,26,26,27,28,25,27,27,26,27
1791409382.012354,-0.018446,0.728280,-1.449349,0.040428,0.701121,-1.472839,0.016111,0.705869,-1.488384,0.086970,0.667931,-1.435148,26,26,27,26,26,27,28,26,27,27,26,27
1791409382.032577,-0.018477,0.728310,-1.449349,0.040398,0.701181,-1.472839,0.016141,0.705899,-1.488384,0.086879,0.667961,-1.435132,26,26,27,26,26,27,28,26,27,27,26,27
1791409382.052392,-0.018446,0.728340,-1.449318,0.040398,0.701151,-1.472839,0.016081,0.705899,-1.488368,0.086970,0.667931,-1.435148,26,26,27,26,26,27,28,26,27,27,26,27
1791409382.072393,-0.018446,0.728371,-1.449349,0.040428,0.701151,-1.472855,0.016111,0.705929,-1.488368,0.086939,0.667961,-1.435132,26,26,27,26,26,27,28,26,27,27,26,27
1791409382.092323,-0.018477,0.728371,-1.449349,0.040398,0.701151,-1.472871,0.016171,0.705929,-1.488399,0.086939,0.667961,-1.435148,26,26,27,26,26,27,28,26,27,27,26,27
1791409382.112289,-0.018416,0.728371,-1.449365,0.040398,0.701151,-1.472855,0.016111,0.705899,-1.488368,0.086939,0.667992,-1.435132,26,26,27,26,26,27,28,26,27,27,26,27
1791409382.132297,-0.018446,0.728401,-1.449349,0.040398,0.701151,-1.472871,0.016111,0.705929,-1.488384,0.086939,0.667961,-1.435132,26,26,27,26,26,27,28,26,27,27,26,27
1791409382.152193,-0.018477,0.728340,-1.449365,0.040398,0.701181,-1.472871,0.016081,0.705899,-1.488384,0.086909,0.667961,-1.435132,26,26,27,26,26,27,28,26,27,27,26,27
1791409382.172405,-0.018568,0.728371,-1.449349,0.040428,0.701181,-1.472855,0.016050,0.705929,-1.488384,0.086909,0.667931,-1.435132,26,26,27,26,26,27,28,25,27,27,26,27
1791409382.192345,-0.018628,0.728340,-1.449349,0.040367,0.701181,-1.472887,0.016081,0.705960,-1.488384,0.086939,0.667901,-1.435116,26,26,27,26,26,27,28,26,27,27,26,27
1791409382.212522,-0.018719,0.728371,-1.449349,0.040307,0.701181,-1.472871,0.016020,0.706051,-1.488384,0.086939,0.667901,-1.435148,26,26,27,26,26,27,28,26,27,27,26,27
1791409382.232548,-0.018870,0.728431,-1.449365,0.040307,0.701212,-1.472902,0.016050,0.706141,-1.488368,0.086879,0.667931,-1.435148,26,26,27,26,26,27,28,26,27,27,26,27
1791409382.252252,-0.018870,0.728461,-1.449349,0.040337,0.701181,-1.472902,0.016020,0.706172,-1.488384,0.086848,0.667961,-1.435148,26,26,27,26,26,27,28,26,27,27,26,27
1791409382.272500,-0.018840,0.728552,-1.449349,0.040276,0.701181,-1.472887,0.015990,0.706172,-1.488368,0.086879,0.667961,-1.435132,26,26,27,26,26,27,28,26,27,27,26,27
1791409382.292290,-0.018870,0.728583,-1.449365,0.040276,0.701181,-1.472887,0.016081,0.706232,-1.488368,0.086909,0.667961,-1.435148,26,26,27,26,26,27,28,26,27,27,26,27
1791409382.312388,-0.018870,0.728613,-1.449333,0.040307,0.701212,-1.472902,0.016111,0.706323,-1.488384,0.086909,0.667961,-1.435132,26,26,27,26,26,27,28,26,27,27,26,27
1791409382.332389,-0.018810,0.728643,-1.449349,0.040307,0.701212,-1.472918,0.016111,0.706323,-1.488368,0.086909,0.667992,-1.435148,26,26,27,26,26,27,28,26,27,27,26,27
1791409382.352278,-0.018870,0.728673,-1.449349,0.040276,0.701212,-1.472918,0.016111,0.706323,-1.488384,0.086879,0.668022,-1.435132,26,26,27,26,26,27,28,26,27,27,26,27
1791409382.372298,-0.018901,0.728673,-1.449333,0.040307,0.701212,-1.472902,0.016081,0.706353,-1.488368,0.086909,0.667992,-1.435132,26,26,27,26,26,27,28,26,27,27,26,27
1791409382.392254,-0.018901,0.728613,-1.449365,0.040276,0.701181,-1.472934,0.016020,0.706262,-1.488399,0.086879,0.668022,-1.435148,26,26,27,26,26,27,28,26,27,27,26,27
1791409382.412356,-0.018991,0.728643,-1.449349,0.040216,0.701181,-1.472934,0.015960,0.706384,-1.488384,0.086818,0.667961,-1.435148,26,26,27,26,26,27,28,26,27,27,26,27
1791409382.432600,-0.019113,0.728613,-1.449349,0.040186,0.701212,-1.472918,0.015990,0.706414,-1.488384,0.086818,0.667961,-1.435148,26,26,27,26,26,27,28,26,27,27,26,27
1791409382.452169,-0.019143,0.728643,-1.449333,0.040216,0.701242,-1.472950,0.015960,0.706444,-1.488352,0.086788,0.667961,-1.435132,26,26,27,26,26,27,28,26,27,27,26,27
1791409382.472168,-0.019143,0.728734,-1.449365,0.040186,0.701181,-1.472934,0.015929,0.706474,-1.488384,0.086788,0.667992,-1.435148,26,26,27,26,26,27,28,26,27,27,26,27
1791409382.492287,-0.019143,0.728794,-1.449349,0.040155,0.701181,-1.472966,0.016020,0.706474,-1.488399,0.086818,0.667992,-1.435132,26,26,27,26,26,27,28,26,27,27,26,27
1791409382.512261,-0.019143,0.728825,-1.449365,0.040186,0.701181,-1.472966,0.016111,0.706505,-1.488384,0.086909,0.667992,-1.435148,26,26,27,26,26,27,28,26,27,27,26,27
1791409382.532120,-0.019082,0.728855,-1.449333,0.040186,0.701212,-1.472934,0.016111,0.706565,-1.488384,0.086879,0.667992,-1.435132,26,26,27,26,26,27,28,26,27,27,26,27
1791409382.552229,-0.019143,0.728855,-1.449318,0.040186,0.701212,-1.472950,0.016081,0.706535,-1.488384,0.086909,0.667992,-1.435132,26,26,27,26,26,27,28,26,27,27,26,27
1791409382.572204,-0.019113,0.728916,-1.449349,0.040186,0.701212,-1.472966,0.016141,0.706565,-1.488384,0.086970,0.668022,-1.435132,26,26,27,26,26,27,28,26,27,27,26,27
1791409382.592252,-0.019143,0.728885,-1.449349,0.040186,0.701212,-1.472950,0.016111,0.706535,-1.488384,0.086909,0.667931,-1.435148,26,26,27,26,26,27,28,26,27,27,26,27
1791409382.612201,-0.019143,0.728825,-1.449349,0.040155,0.701181,-1.472950,0.016050,0.706535,-1.488368,0.086909,0.667992,-1.435132,26,26,27,26,26,27,28,26,27,27,26,27
1791409382.632324,-0.019143,0.728794,-1.449333,0.040125,0.701181,-1.472981,0.016050,0.706505,-1.488384,0.086939,0.667931,-1.435148,26,26,27,26,26,27,28,26,27,27,26,27
1791409382.652298,-0.019203,0.728794,-1.449333,0.040065,0.701212,-1.472950,0.016081,0.706565,-1.488368,0.086909,0.667992,-1.435148,26,26,27,26,26,27,28,26,27,27,26,27
1791409382.672239,-0.019264,0.728825,-1.449349,0.040065,0.701212,-1.472966,0.016020,0.706535,-1.488384,0.086879,0.667961,-1.435116,26,26,27,26,26,27,28,26,27,27,26,27
1791409382.692577,-0.019355,0.728885,-1.449333,0.040065,0.701181,-1.472966,0.016081,0.706717,-1.488384,0.086909,0.667931,-1.435116,26,26,27,26,26,27,28,26,27,27,26,27
1791409382.712155,-0.019355,0.728946,-1.449349,0.040065,0.701212,-1.472981,0.016081,0.706747,-1.488384,0.086909,0.667961,-1.435132,26,26,27,26,26,27,28,26,27,27,26,27
1791409382.732377,-0.019324,0.728976,-1.449333,0.040095,0.701212,-1.472966,0.016111,0.706747,-1.488384,0.086909,0.668022,-1.435132,26,26,27,26,26,27,28,26,27,27,26,27
1791409382.752436,-0.019294,0.729067,-1.449349,0.040065,0.701181,-1.472981,0.016111,0.706777,-1.488384,0.086909,0.668022,-1.435148,26,26,27,26,26,27,28,26,27,27,26,27
1791409382.772359,-0.019294,0.729067,-1.449349,0.040034,0.701212,-1.472981,0.016171,0.706747,-1.488384,0.086909,0.668052,-1.435116,26,26,27,26,26,27,28,26,27,27,26,27
1791409382.792400,-0.019264,0.729097,-1.449365,0.040065,0.701272,-1.472981,0.016111,0.706747,-1.488384,0.086909,0.667992,-1.435148,26,26,27,26,26,27,28,26,27,27,26,27
1791409382.812330,-0.019294,0.729067,-1.449349,0.040034,0.701212,-1.472966,0.016050,0.706717,-1.488399,0.086939,0.668052,-1.435132,26,26,27,26,26,27,28,26,27,27,26,27
1791409382.832411,-0.019324,0.729037,-1.449349,0.040034,0.701212,-1.472966,0.016111,0.706717,-1.488384,0.086909,0.668022,-1.435132,26,26,27,26,26,27,28,26,27,27,26,27
1791409382.852317,-0.019324,0.728976,-1.449349,0.040034,0.701212,-1.472997,0.016050,0.706717,-1.488384,0.086909,0.667992,-1.435116,26,26,27,26,26,27,28,26,27,27,26,27
1791409382.872361,-0.019355,0.729006,-1.449349,0.039943,0.701212,-1.472981,0.016081,0.706777,-1.488399,0.086939,0.667961,-1.435132,26,26,27,26,26,27,28,26,27,27,26,27
1791409382.892551,-0.019415,0.728976,-1.449349,0.039943,0.701181,-1.472981,0.016081,0.706777,-1.488368,0.086848,0.667961,-1.435116,26,26,27,26,26,27,28,25,27,27,26,27
1791409382.912354,-0.019415,0.729006,-1.449349,0.039943,0.701242,-1.472997,0.016081,0.706717,-1.488368,0.086848,0.667992,-1.435148,26,26,27,26,26,27,28,26,27,27,26,27
1791409382.932359,-0.019415,0.729067,-1.449349,0.039913,0.701181,-1.472981,0.016020,0.706777,-1.488384,0.086909,0.667961,-1.435148,26,26,27,26,26,27,28,25,27,27,26,27
1791409382.952417,-0.019415,0.729006,-1.449349,0.039943,0.701212,-1.472997,0.016141,0.706777,-1.488368,0.086939,0.667992,-1.435132,26,26,27,26,26,27,28,26,27,27,26,27
1791409382.972261,-0.019415,0.729158,-1.449349,0.039943,0.701181,-1.472997,0.016111,0.706868,-1.488368,0.086909,0.667992,-1.435148,26,26,27,26,26,27,28,26,27,27,26,27
1791409382.992374,-0.019355,0.729158,-1.449349,0.039913,0.701242,-1.472997,0.016111,0.706868,-1.488384,0.086909,0.668052,-1.435132,26,26,27,26,26,27,28,26,27,27,26,27
1791409383.012480,-0.019385,0.729158,-1.449349,0.039943,0.701181,-1.472997,0.016141,0.706868,-1.488368,0.086939,0.668022,-1.435132,26,26,27,26,26,27,28,26,27,27,26,27
1791409383.032409,-0.019415,0.729128,-1.449333,0.039913,0.701212,-1.472997,0.016111,0.706868,-1.488384,0.086909,0.668022,-1.435116,26,26,27,26,26,27,28,26,27,27,26,27
1791409383.052365,-0.019324,0.729128,-1.449349,0.039913,0.701181,-1.472981,0.016050,0.706838,-1.488368,0.086909,0.668022,-1.435148,26,26,27,26,26,27,28,26,27,27,26,27
1791409383.072235,-0.019415,0.729037,-1.449349,0.039883,0.701242,-1.473013,0.016020,0.706838,-1.488399,0.086879,0.667992,-1.435148,26,26,27,26,26,27,28,26,27,27,26,27
1791409383.092289,-0.019446,0.729097,-1.449333,0.039883,0.701181,-1.472997,0.016050,0.706807,-1.488384,0.086879,0.667931,-1.435148,26,26,27,26,26,27,28,26,27,27,26,27
1791409383.112305,-0.019476,0.729037,-1.449333,0.039822,0.701212,-1.472997,0.016020,0.706838,-1.488384,0.086879,0.667961,-1.435148,26,26,27,26,26,27,28,26,27,27,26,27
1791409383.132313,-0.019476,0.729006,-1.449333,0.039792,0.701181,-1.472997,0.015990,0.706838,-1.488384,0.086879,0.667931,-1.435132,26,26,27,26,26,27,28,26,27,27,26,27
1791409383.152449,-0.019506,0.729037,-1.449349,0.039792,0.701212,-1.473013,0.016081,0.706807,-1.488368,0.086909,0.667901,-1.435132,26,26,27,26,26,27,28,26,27,27,26,27
1791409383.172436,-0.019506,0.729037,-1.449333,0.039792,0.701181,-1.473013,0.016081,0.706838,-1.488384,0.086909,0.667961,-1.435132,26,26,27,26,26,27,28,26,27,27,26,27
1791409383.192467,-0.019446,0.729067,-1.449333,0.039822,0.701242,-1.473013,0.016111,0.706807,-1.488399,0.086939,0.667961,-1.435132,26,26,27,26,26,27,28,26,27,28,26,27
1791409383.214015,-0.019446,0.729128,-1.449349,0.039822,0.701181,-1.472997,0.016141,0.706807,-1.488399,0.086909,0.667992,-1.435132,26,26,27,26,26,27,28,26,27,27,26,27
1791409383.232312,-0.019355,0.731096,-1.455431,0.039883,0.702271,-1.478605,0.012447,0.705233,-1.495919,0.090845,0.667538,-1.442999,26,26,27,26,26,27,28,26,27,27,26,27
1791409383.252370,-0.019324,0.735365,-1.465430,0.039974,0.705662,-1.488036,0.011145,0.706959,-1.505223,0.092813,0.669324,-1.451798,26,26,27,26,26,27,28,26,27,28,26,27
1791409383.272490,-0.019688,0.741450,-1.479948,0.040186,0.711082,-1.502696,0.009480,0.710017,-1.517719,0.094448,0.673230,-1.465383,26,26,27,26,26,27,28,26,27,27,26,27
1791409383.292517,-0.019930,0.747990,-1.498130,0.040307,0.717016,-1.520467,0.007875,0.713378,-1.532694,0.096053,0.677741,-1.481259,26,26,27,26,26,27,28,26,27,27,26,27
1791409383.312421,-0.019991,0.753410,-1.515602,0.040367,0.722073,-1.537054,0.005907,0.717072,-1.546927,0.097415,0.681919,-1.497498,26,26,27,26,26,27,28,26,27,28,26,27
1791409383.332290,-0.019991,0.757286,-1.530024,0.040398,0.726221,-1.551619,0.003788,0.720947,-1.561855,0.098657,0.686007,-1.512632,26,26,27,26,26,27,28,26,27,28,26,27
1791409383.352317,-0.020021,0.760646,-1.543894,0.040428,0.729763,-1.564414,0.001790,0.724732,-1.577384,0.099959,0.689186,-1.527560,26,26,27,26,26,27,28,26,27,27,26,27
1791409383.372554,-0.020324,0.763735,-1.557037,0.040398,0.733820,-1.577984,-0.000027,0.728789,-1.592233,0.101200,0.692698,-1.542757,26,26,27,26,26,27,28,26,27,28,26,27
1791409383.392360,-0.020687,0.767217,-1.571318,0.040428,0.736697,-1.590621,-0.001601,0.732331,-1.608678,0.102472,0.696089,-1.559280,26,26,27,26,26,27,28,26,27,27,26,27
1791409383.412332,-0.021141,0.771425,-1.583766,0.040367,0.739422,-1.603780,-0.003448,0.735995,-1.625075,0.103501,0.699904,-1.575646,26,26,27,26,26,27,28,26,27,27,26,27
1791409383.432362,-0.021535,0.775815,-1.598472,0.040337,0.741814,-1.617066,-0.005083,0.739537,-1.640935,0.105166,0.704294,-1.592391,26,26,27,26,26,27,28,26,27,27,26,28
1791409383.452510,-0.021989,0.779963,-1.611568,0.040246,0.744418,-1.630683,-0.007051,0.743171,-1.656621,0.106650,0.708533,-1.609041,26,26,27,26,26,27,28,25,27,28,26,27
1791409383.472278,-0.022231,0.783264,-1.624917,0.040276,0.747203,-1.643273,-0.009050,0.746622,-1.673003,0.107467,0.713347,-1.626718,26,26,27,26,26,27,28,26,27,28,26,27
1791409383.492504,-0.022413,0.785928,-1.638423,0.040276,0.750110,-1.655847,-0.011351,0.749771,-1.688326,0.108224,0.717677,-1.641930,26,26,27,26,26,27,28,26,27,27,26,27
1791409383.512501,-0.022655,0.788895,-1.651803,0.040276,0.753107,-1.668422,-0.013561,0.753102,-1.703412,0.108709,0.722188,-1.660128,26,26,27,26,26,27,28,26,27,27,26,27
1791409383.532491,-0.022867,0.792317,-1.663935,0.040307,0.756650,-1.681043,-0.015650,0.756614,-1.716571,0.109224,0.726791,-1.674867,26,26,27,26,26,27,28,25,27,27,26,28
1791409383.552293,-0.023170,0.796495,-1.678453,0.040276,0.760677,-1.694408,-0.017406,0.760823,-1.732620,0.109678,0.732665,-1.691517,26,26,27,26,26,27,28,26,27,27,26,27
1791409383.572448,-0.023472,0.801188,-1.692275,0.040276,0.765158,-1.708009,-0.019193,0.765061,-1.745716,0.110374,0.738024,-1.707345,26,26,27,26,26,27,28,26,27,27,26,27
1791409383.592410,-0.023927,0.805942,-1.705734,0.040155,0.770032,-1.721799,-0.020676,0.769633,-1.759886,0.110798,0.742959,-1.722889,26,26,27,26,26,27,28,26,27,27,26,27
1791409383.612398,-0.024351,0.811452,-1.718972,0.040095,0.775422,-1.734864,-0.022069,0.774448,-1.774451,0.111343,0.747955,-1.738276,26,26,27,26,26,27,28,25,27,27,26,27
1791409383.632337,-0.024805,0.816932,-1.732747,0.040034,0.780751,-1.748560,-0.023583,0.780079,-1.786536,0.111949,0.754040,-1.751356,26,26,27,26,26,27,28,25,27,27,26,28
1791409383.652317,-0.025077,0.823169,-1.746427,0.040065,0.786897,-1.762003,-0.024885,0.785771,-1.800010,0.112584,0.760490,-1.765762,26,26,27,26,26,27,28,26,27,27,26,27
1791409383.672642,-0.025410,0.829558,-1.759507,0.040125,0.793467,-1.774877,-0.026399,0.791342,-1.813612,0.113190,0.767181,-1.780059,26,26,27,26,26,27,28,26,27,28,26,27
1791409383.692358,-0.025652,0.835704,-1.772966,0.040155,0.800280,-1.788400,-0.027761,0.797156,-1.826423,0.113584,0.773721,-1.792412,26,26,27,26,26,27,28,26,27,27,26,27
1791409383.712440,-0.025895,0.841851,-1.787183,0.040186,0.806971,-1.801290,-0.029305,0.803362,-1.838760,0.114068,0.779534,-1.805129,26,26,27,26,26,27,28,26,27,28,26,27
1791409383.732259,-0.026500,0.848118,-1.799900,0.040155,0.813905,-1.814070,-0.031152,0.809388,-1.851809,0.114189,0.786256,-1.818256,26,26,27,26,26,27,28,26,27,28,26,27
1791409383.752442,-0.026924,0.854416,-1.814101,0.040186,0.820959,-1.827687,-0.032575,0.815474,-1.864288,0.114704,0.792977,-1.830909,26,26,27,26,26,27,28,26,27,27,26,27
1791409383.772581,-0.027318,0.860653,-1.827228,0.040186,0.828226,-1.840846,-0.034271,0.822740,-1.876720,0.115188,0.800486,-1.843879,26,26,27,26,26,27,28,25,27,27,26,27
1791409383.792558,-0.027802,0.866618,-1.840877,0.040125,0.835220,-1.853767,-0.035664,0.829522,-1.889484,0.115915,0.807329,-1.856469,26,26,27,26,26,27,28,25,27,28,26,27
1791409383.812468,-0.028075,0.873370,-1.854715,0.040186,0.842184,-1.867226,-0.037268,0.836062,-1.902406,0.116702,0.814020,-1.869580,26,26,27,26,26,27,28,26,27,28,26,27
1791409383.832414,-0.028438,0.880667,-1.868285,0.040125,0.848784,-1.880085,-0.038903,0.842118,-1.915628,0.117308,0.821317,-1.883134,26,26,27,26,26,27,28,26,27,27,26,27
1791409383.852379,-0.028620,0.887176,-1.882012,0.040246,0.855718,-1.893655,-0.040448,0.848325,-1.928171,0.118065,0.827766,-1.896356,26,26,27,26,26,27,28,26,27,27,26,27
1791409383.872497,-0.028862,0.893807,-1.896751,0.040276,0.862561,-1.907619,-0.042476,0.854289,-1.940382,0.118579,0.834215,-1.909341,26,26,27,26,26,27,28,26,27,28,26,27
1791409383.892323,-0.029134,0.900226,-1.909862,0.040398,0.868586,-1.919988,-0.044051,0.859558,-1.953699,0.119306,0.840180,-1.923037,26,26,27,26,26,27,28,26,27,27,26,27
1791409383.912332,-0.029286,0.906402,-1.924253,0.040458,0.875095,-1.932500,-0.046200,0.864796,-1.966021,0.120124,0.846478,-1.936164,26,26,27,26,26,27,28,25,27,27,26,27
1791409383.932595,-0.029437,0.912730,-1.937760,0.040488,0.881242,-1.945453,-0.047956,0.870215,-1.979638,0.121062,0.852594,-1.949939,26,26,27,26,26,27,28,26,27,27,26,28
1791409383.952447,-0.029649,0.918574,-1.950208,0.040549,0.887146,-1.959086,-0.049985,0.875786,-1.993523,0.121940,0.858437,-1.964457,26,26,27,26,26,27,28,25,27,27,26,27
1791409383.972568,-0.029922,0.923751,-1.965183,0.040640,0.892414,-1.973319,-0.051923,0.880510,-2.006619,0.123000,0.863978,-1.978816,26,26,27,26,26,27,28,26,27,27,26,27
1791409383.992514,-0.030224,0.929111,-1.977995,0.040731,0.897259,-1.986462,-0.053891,0.885324,-2.020789,0.124090,0.870034,-1.993839,26,26,27,26,26,27,28,26,27,27,26,27
1791409384.012368,-0.030315,0.934318,-1.992433,0.040852,0.902618,-1.999084,-0.056162,0.889714,-2.033695,0.125483,0.875453,-2.008025,26,26,27,26,26,27,28,26,27,27,26,27
1791409384.032505,-0.030618,0.939223,-2.004834,0.040943,0.907492,-2.012811,-0.058372,0.894558,-2.047201,0.126361,0.880298,-2.021689,26,26,27,26,26,27,28,26,27,28,26,27
1791409384.052499,-0.030921,0.944431,-2.018388,0.040973,0.912821,-2.025717,-0.060946,0.899312,-2.062288,0.127451,0.886020,-2.037881,26,26,27,26,26,27,28,26,27,28,26,28
1791409384.072354,-0.031405,0.949669,-2.032400,0.040943,0.918332,-2.038939,-0.063610,0.904005,-2.075778,0.128843,0.891258,-2.052035,26,26,27,26,26,27,28,26,27,27,26,27
1791409384.092527,-0.031708,0.954786,-2.045400,0.041033,0.923328,-2.052809,-0.065881,0.908789,-2.089585,0.130055,0.896738,-2.066837,26,26,27,26,26,27,28,26,27,28,26,27
1791409384.112435,-0.031769,0.960327,-2.058259,0.041003,0.928596,-2.065589,-0.068242,0.913875,-2.102728,0.131296,0.903248,-2.081433,26,26,27,26,26,27,28,26,27,28,26,27
1791409384.132465,-0.032041,0.966049,-2.071007,0.041003,0.934349,-2.078353,-0.070513,0.919749,-2.118477,0.132446,0.909122,-2.096125,26,26,27,26,26,27,28,26,27,27,26,27
1791409384.152334,-0.032374,0.971560,-2.084450,0.041033,0.940071,-2.091622,-0.072784,0.925230,-2.132742,0.133718,0.914481,-2.111227,26,26,27,26,26,27,28,25,27,27,26,28
1791409384.172483,-0.032768,0.976586,-2.097704,0.041033,0.945491,-2.105239,-0.074964,0.930195,-2.146627,0.134869,0.920264,-2.125539,26,26,27,26,26,27,28,25,27,28,26,27
1791409384.192422,-0.033131,0.981824,-2.111590,0.041124,0.950638,-2.118225,-0.077235,0.934979,-2.159865,0.136140,0.925805,-2.139803,26,26,27,26,26,27,28,26,27,28,26,27
1791409384.212415,-0.033282,0.987546,-2.125207,0.041215,0.956360,-2.131873,-0.079596,0.940217,-2.173846,0.137654,0.931134,-2.154494,26,26,27,26,26,27,28,26,27,28,26,27
1791409384.232361,-0.033464,0.993783,-2.139029,0.041276,0.962416,-2.144858,-0.082352,0.945879,-2.188000,0.139077,0.937371,-2.168617,26,26,27,26,26,27,28,26,27,28,26,28
1791409384.252426,-0.033979,1.000081,-2.152725,0.041306,0.968562,-2.158491,-0.085622,0.951753,-2.202028,0.140652,0.943396,-2.183071,26,26,27,26,26,27,28,26,27,28,26,27
1791409384.272448,-0.034615,1.006016,-2.166468,0.041306,0.974285,-2.171444,-0.088559,0.957263,-2.216608,0.142287,0.949300,-2.198220,26,26,27,26,26,27,28,26,27,28,26,27
1791409384.292355,-0.035129,1.012132,-2.180322,0.041397,0.980159,-2.185314,-0.091617,0.962743,-2.230620,0.144134,0.955749,-2.212880,26,26,27,26,26,27,28,26,27,27,26,28
1791409384.312368,-0.035311,1.018460,-2.194003,0.041488,0.986426,-2.198852,-0.094614,0.968405,-2.244427,0.146435,0.962168,-2.225991,26,26,27,26,26,27,28,25,27,28,26,27
1791409384.332451,-0.035583,1.024394,-2.207351,0.041639,0.992693,-2.212074,-0.097672,0.973825,-2.257870,0.149220,0.968103,-2.241109,26,26,27,26,26,27,28,25,27,28,26,27
1791409384.352375,-0.035826,1.030147,-2.220304,0.041760,0.998840,-2.225170,-0.101063,0.978730,-2.270460,0.151430,0.973583,-2.254584,26,26,27,26,26,27,28,26,27,28,26,27
1791409384.372403,-0.035947,1.035112,-2.234711,0.041942,1.004350,-2.239482,-0.104182,0.983696,-2.282276,0.153610,0.979517,-2.268090,26,26,27,26,26,27,28,26,27,28,26,27
1791409384.392263,-0.036038,1.040592,-2.247602,0.042093,1.010042,-2.253052,-0.107633,0.988600,-2.295451,0.156123,0.985149,-2.282118,26,26,27,26,26,27,28,26,27,28,26,27
1791409384.412522,-0.036068,1.046587,-2.260966,0.042275,1.015916,-2.266289,-0.111721,0.993838,-2.309115,0.158576,0.990811,-2.295561,26,26,27,26,26,27,28,26,27,28,26,27
1791409384.432379,-0.036159,1.052915,-2.273319,0.042426,1.022123,-2.279006,-0.116656,0.999440,-2.321705,0.161331,0.996261,-2.310300,26,26,27,26,26,27,28,26,27,28,26,28
1791409384.452422,-0.036431,1.058608,-2.286668,0.042517,1.027482,-2.292434,-0.120653,1.005193,-2.334912,0.164177,1.001923,-2.324438,26,26,27,26,26,27,28,26,27,28,26,27
1791409384.472460,-0.036643,1.063755,-2.299432,0.042638,1.032993,-2.306098,-0.124619,1.010764,-2.347565,0.167266,1.007645,-2.339145,26,26,27,26,26,27,28,26,27,28,26,28
1791409384.492434,-0.036704,1.069568,-2.312433,0.042790,1.038473,-2.319494,-0.128828,1.016607,-2.360740,0.170838,1.013428,-2.353110,26,26,27,26,26,27,28,26,27,27,26,27
1791409384.512506,-0.036734,1.075957,-2.325149,0.043032,1.044528,-2.333269,-0.134157,1.022239,-2.373172,0.174744,1.018787,-2.366442,26,26,27,26,26,27,28,26,27,27,26,27
1791409384.532530,-0.036764,1.081709,-2.338798,0.043335,1.050493,-2.345654,-0.140030,1.027295,-2.386189,0.178620,1.023510,-2.380044,26,26,27,26,26,27,28,26,27,28,26,27
1791409384.552356,-0.036916,1.087553,-2.350961,0.043546,1.056185,-2.359191,-0.146086,1.032866,-2.398510,0.182162,1.028627,-2.393882,26,26,27,26,26,27,28,26,27,28,26,27
1791409384.572595,-0.037007,1.093396,-2.364973,0.043910,1.061302,-2.372098,-0.151990,1.039346,-2.411100,0.185826,1.034350,-2.408083,26,26,27,26,26,27,28,26,27,27,26,28
1791409384.592382,-0.037037,1.099785,-2.378290,0.044303,1.067055,-2.386631,-0.157955,1.045946,-2.425286,0.189762,1.039951,-2.423422,26,26,27,26,26,27,28,26,27,28,26,27
1791409384.612348,-0.037188,1.106567,-2.391765,0.044667,1.073353,-2.399600,-0.163526,1.052547,-2.439156,0.193607,1.045189,-2.437371,26,26,27,26,26,27,28,25,27,28,26,27
1791409384.632441,-0.037400,1.112350,-2.406266,0.044970,1.078833,-2.413028,-0.167825,1.058481,-2.453010,0.197240,1.050669,-2.450909,26,26,27,26,26,27,28,26,27,28,26,27
1791409384.652409,-0.037885,1.117831,-2.419331,0.045242,1.084525,-2.425871,-0.172548,1.063840,-2.467669,0.201237,1.056028,-2.465079,26,26,27,26,26,27,28,25,27,28,26,28
1791409384.672380,-0.038460,1.123250,-2.433959,0.045696,1.090066,-2.439914,-0.176999,1.069411,-2.481144,0.205113,1.062659,-2.479170,26,26,27,26,26,27,28,25,27,28,26,28
1791409384.692422,-0.038884,1.129608,-2.447749,0.046271,1.096333,-2.454021,-0.182116,1.074679,-2.495188,0.209049,1.068957,-2.493576,26,26,27,26,26,27,28,26,27,28,26,27
1791409384.712480,-0.039126,1.136057,-2.462172,0.046786,1.102692,-2.468333,-0.187263,1.079675,-2.509373,0.213106,1.074316,-2.509026,26,26,27,26,26,27,28,26,27,28,26,28
1791409384.732448,-0.039459,1.141629,-2.475710,0.047180,1.108384,-2.481792,-0.191987,1.085458,-2.522801,0.216618,1.080372,-2.522959,26,26,27,26,26,27,28,26,27,27,26,27
1791409384.752305,-0.040034,1.146897,-2.488695,0.047271,1.114015,-2.494714,-0.196952,1.090575,-2.536513,0.220130,1.085519,-2.536971,26,26,27,26,26,27,28,26,27,28,26,27
1791409384.772609,-0.040579,1.153195,-2.502470,0.047483,1.120010,-2.508963,-0.202251,1.096055,-2.548234,0.223885,1.091151,-2.550145,26,26,27,26,26,27,28,26,27,28,26,27
1791409384.792379,-0.040973,1.159492,-2.515360,0.047785,1.126369,-2.522390,-0.207489,1.101748,-2.560824,0.227578,1.097902,-2.563604,26,26,27,26,26,27,28,26,27,28,26,27
1791409384.812467,-0.041336,1.165396,-2.528914,0.048239,1.132848,-2.535881,-0.212818,1.107652,-2.573525,0.231817,1.103958,-2.577016,26,26,27,26,26,27,28,26,27,28,26,28
1791409384.832528,-0.041821,1.170301,-2.541552,0.048754,1.139025,-2.549134,-0.217934,1.112738,-2.585768,0.235723,1.109196,-2.589827,26,26,27,26,26,27,28,26,27,28,26,27
1791409384.852301,-0.042517,1.175570,-2.554079,0.049299,1.145020,-2.561503,-0.223566,1.119127,-2.597900,0.239538,1.114797,-2.602449,26,26,27,26,26,27,28,26,27,28,26,27
1791409384.872349,-0.042850,1.180838,-2.566590,0.050571,1.150712,-2.575910,-0.229712,1.127272,-2.608373,0.243565,1.120429,-2.614787,26,26,27,26,26,27,28,26,27,28,26,27
1791409384.892287,-0.043486,1.186803,-2.580807,0.051509,1.157040,-2.590380,-0.236040,1.135386,-2.617140,0.248440,1.127695,-2.625371,26,26,27,26,26,27,28,26,27,28,26,27
1791409384.912321,-0.044425,1.193615,-2.595088,0.052085,1.163489,-2.604882,-0.241854,1.142834,-2.627266,0.252527,1.134871,-2.635828,26,26,27,26,26,27,28,26,27,28,26,27
1791409384.932406,-0.045121,1.200246,-2.608768,0.052872,1.170816,-2.618531,-0.247152,1.150101,-2.636823,0.256948,1.142501,-2.645370,26,26,27,26,26,27,28,26,27,28,26,27
1791409384.952591,-0.046060,1.205817,-2.623712,0.053841,1.177962,-2.633790,-0.252118,1.157125,-2.646396,0.261429,1.150192,-2.655432,26,26,27,26,26,27,28,25,27,28,26,27
1791409384.972422,-0.046938,1.211812,-2.636397,0.054931,1.185137,-2.646918,-0.257144,1.164725,-2.656933,0.265395,1.157822,-2.665953,26,26,27,26,26,27,28,26,27,27,26,27
1791409384.992445,-0.048118,1.218412,-2.652273,0.055597,1.191435,-2.661119,-0.261443,1.172385,-2.666680,0.269634,1.165330,-2.675637,26,26,27,26,26,27,28,26,27,28,26,27
1791409385.012386,-0.048815,1.224619,-2.667248,0.056263,1.197854,-2.675415,-0.267075,1.180530,-2.676916,0.273631,1.173203,-2.686426,26,26,27,26,26,27,28,26,27,28,26,27
1791409385.032334,-0.049360,1.229978,-2.681718,0.057232,1.203879,-2.689427,-0.272525,1.188553,-2.686110,0.277203,1.180893,-2.695920,26,26,27,26,26,27,28,26,27,28,26,27
1791409385.052308,-0.050359,1.235065,-2.695730,0.058140,1.209935,-2.704261,-0.278247,1.196607,-2.696489,0.281624,1.188947,-2.706425,26,26,27,26,26,27,28,26,27,28,26,27
1791409385.072324,-0.051479,1.240333,-2.709647,0.058927,1.215899,-2.718731,-0.283334,1.204025,-2.706709,0.286499,1.197001,-2.716298,26,26,27,26,26,27,28,26,27,28,26,27
1791409385.092274,-0.052569,1.246116,-2.722948,0.059715,1.222106,-2.732584,-0.289238,1.211261,-2.716503,0.291373,1.205357,-2.727166,26,26,27,26,26,27,28,26,27,28,26,27
1791409385.112321,-0.053659,1.250900,-2.736470,0.060714,1.227677,-2.746691,-0.294597,1.218770,-2.726282,0.296611,1.213199,-2.737008,26,26,27,26,26,27,28,26,27,28,26,27
1791409385.132240,-0.054961,1.255048,-2.750261,0.061864,1.233006,-2.760419,-0.300077,1.226218,-2.736060,0.301425,1.220496,-2.747339,26,26,27,26,26,27,28,26,27,28,26,27
1791409385.152376,-0.056808,1.260468,-2.763926,0.064771,1.238032,-2.775047,-0.308010,1.229731,-2.745080,0.306663,1.224795,-2.757844,26,26,27,26,26,27,28,26,27,28,26,27
1791409385.172405,-0.058534,1.270823,-2.781792,0.069434,1.242120,-2.793987,-0.323785,1.226188,-2.750909,0.319955,1.223827,-2.772882,26,26,27,26,26,27,28,26,27,28,26,27
1791409385.192426,-0.055536,1.274123,-2.787637,0.068495,1.244633,-2.799864,-0.334049,1.227732,-2.750972,0.327403,1.230760,-2.775947,26,26,27,26,26,27,28,26,27,28,26,27
1791409385.212411,-0.055173,1.274395,-2.787590,0.068828,1.244724,-2.799974,-0.345373,1.228156,-2.750972,0.335881,1.236150,-2.776295,26,26,27,26,26,27,28,26,27,28,26,27
1791409385.232357,-0.054386,1.274062,-2.787590,0.068465,1.244451,-2.799959,-0.354940,1.229519,-2.750972,0.342482,1.239843,-2.777827,26,26,27,26,26,27,28,26,27,28,26,27
1791409385.252332,-0.053720,1.274093,-2.787590,0.068132,1.244451,-2.799927,-0.364054,1.232365,-2.751004,0.351292,1.241690,-2.777764,26,26,27,26,26,27,28,26,27,28,26,27
1791409385.272446,-0.052842,1.274153,-2.787574,0.067678,1.244481,-2.799927,-0.372622,1.235514,-2.750988,0.359952,1.245384,-2.777748,26,26,27,26,26,27,28,26,27,28,26,27
1791409385.292640,-0.051600,1.274002,-2.787542,0.067163,1.244360,-2.799927,-0.380585,1.237785,-2.751004,0.366855,1.248412,-2.777748,26,26,27,26,26,27,28,26,27,28,26,27
1791409385.312502,-0.050329,1.273941,-2.787526,0.066860,1.244330,-2.799911,-0.388518,1.240782,-2.750988,0.374273,1.251107,-2.777732,26,26,27,26,26,27,28,26,27,28,26,27
1791409385.332222,-0.048906,1.273548,-2.787542,0.066557,1.244330,-2.799896,-0.396754,1.244112,-2.750972,0.381570,1.254831,-2.777748,26,26,27,26,26,27,28,26,27,28,26,27
1791409385.352466,-0.047271,1.273094,-2.787542,0.066406,1.244360,-2.799896,-0.403203,1.246807,-2.750972,0.387171,1.257737,-2.777764,26,26,27,26,26,27,28,26,27,28,26,27
1791409385.372392,-0.046695,1.272609,-2.787542,0.066406,1.244360,-2.799911,-0.406079,1.247322,-2.750972,0.388897,1.258555,-2.777764,26,26,27,26,26,27,28,26,27,28,26,27
1791409385.392262,-0.046483,1.272458,-2.787558,0.066406,1.244421,-2.799911,-0.406442,1.247322,-2.750972,0.388927,1.258676,-2.777732,26,26,27,26,26,27,28,26,27,28,26,27
1791409385.412392,-0.046423,1.272276,-2.787526,0.066406,1.244421,-2.799911,-0.406775,1.247322,-2.750972,0.389049,1.258646,-2.777748,26,26,27,26,26,27,28,26,27,28,26,27
1791409385.432860,-0.046332,1.272094,-2.787558,0.066376,1.244390,-2.799896,-0.407018,1.247352,-2.750972,0.389079,1.258676,-2.777764,26,26,27,26,26,27,28,26,27,28,26,28
1791409385.452352,-0.046302,1.271943,-2.787542,0.066376,1.244360,-2.799911,-0.407230,1.247383,-2.750941,0.389139,1.258646,-2.777732,26,26,27,26,26,27,28,26,27,28,26,27
1791409385.472368,-0.046302,1.271852,-2.787542,0.066376,1.244421,-2.799911,-0.407290,1.247352,-2.750972,0.389139,1.258646,-2.777748,26,26,27,26,26,27,28,26,27,28,26,27
1791409385.492346,-0.046241,1.271761,-2.787542,0.066376,1.244390,-2.799911,-0.407411,1.247383,-2.750972,0.389139,1.258646,-2.777764,26,26,27,26,26,27,28,26,27,28,26,27
1791409385.512376,-0.046271,1.271640,-2.787542,0.066406,1.244390,-2.799896,-0.407441,1.247383,-2.750972,0.389200,1.258646,-2.777732,26,26,27,26,26,27,28,26,27,28,26,27
1791409385.532370,-0.046241,1.271640,-2.787558,0.066406,1.244421,-2.799911,-0.407441,1.247352,-2.750972,0.389170,1.258676,-2.777748,26,26,27,26,26,27,28,26,27,28,26,27
1791409385.552540,-0.046241,1.271580,-2.787542,0.066376,1.244360,-2.799896,-0.407441,1.247383,-2.750972,0.389230,1.258676,-2.777748,26,26,27,26,26,27,28,26,27,28,26,27
1791409385.572340,-0.046241,1.271519,-2.787542,0.066376,1.244421,-2.799896,-0.407472,1.247383,-2.750972,0.389200,1.258646,-2.777732,26,26,27,26,26,27,28,26,27,28,26,28
1791409385.592388,-0.046241,1.271459,-2.787542,0.066376,1.244421,-2.799927,-0.407472,1.247383,-2.750988,0.389230,1.258676,-2.777732,26,26,27,26,26,27,28,26,27,28,26,27
1791409385.612301,-0.046181,1.271428,-2.787542,0.066406,1.244390,-2.799911,-0.407502,1.247413,-2.750972,0.389260,1.258676,-2.777764,26,26,27,26,26,27,28,26,27,28,26,27
1791409385.632475,-0.046181,1.271398,-2.787542,0.066376,1.244390,-2.799896,-0.407502,1.247413,-2.750972,0.389260,1.258676,-2.777764,26,26,27,26,26,27,28,26,27,28,26,27
1791409385.652355,-0.046181,1.271368,-2.787558,0.066406,1.244421,-2.799896,-0.407532,1.247443,-2.750972,0.389260,1.258646,-2.777748,26,26,27,26,26,27,28,26,27,28,26,28
1791409385.672315,-0.046120,1.271338,-2.787542,0.066406,1.244421,-2.799927,-0.407563,1.247473,-2.750972,0.389291,1.258676,-2.777764,26,26,27,26,26,27,28,26,27,28,26,28
1791409385.692436,-0.046120,1.271307,-2.787558,0.066376,1.244421,-2.799911,-0.407563,1.247443,-2.750972,0.389291,1.258706,-2.777764,26,26,27,26,26,27,28,26,27,28,26,28
1791409385.712472,-0.046120,1.271307,-2.787542,0.066376,1.244421,-2.799911,-0.407623,1.247504,-2.750972,0.389291,1.258676,-2.777780,26,26,27,26,26,27,28,26,27,28,26,27
1791409385.732358,-0.046120,1.271277,-2.787542,0.066406,1.244421,-2.799911,-0.407593,1.247473,-2.750972,0.389260,1.258676,-2.777764,26,26,27,26,26,27,28,26,27,28,26,27
1791409385.752650,-0.046150,1.271247,-2.787542,0.066406,1.244421,-2.799896,-0.407623,1.247473,-2.750957,0.389321,1.258676,-2.777748,26,26,27,26,26,27,28,26,27,28,26,28
1791409385.772368,-0.046090,1.271216,-2.787558,0.066376,1.244421,-2.799911,-0.407623,1.247504,-2.750972,0.389351,1.258646,-2.777748,26,26,27,26,26,27,28,26,27,28,26,27
1791409385.792379,-0.046120,1.271216,-2.787526,0.066376,1.244360,-2.799911,-0.407653,1.247473,-2.750972,0.389291,1.258676,-2.777764,26,26,27,26,26,27,28,26,27,28,26,28
1791409385.812453,-0.046150,1.271216,-2.787542,0.066376,1.244451,-2.799911,-0.407653,1.247473,-2.750972,0.389351,1.258676,-2.777748,26,26,27,26,26,27,28,26,27,28,26,28
1791409385.832434,-0.046120,1.271186,-2.787542,0.066406,1.244390,-2.799911,-0.407653,1.247504,-2.750972,0.389321,1.258676,-2.777732,26,26,27,26,26,27,28,26,27,28,26,27
1791409385.852358,-0.046090,1.271156,-2.787542,0.066376,1.244390,-2.799911,-0.407623,1.247473,-2.750972,0.389351,1.258676,-2.777748,26,26,27,26,26,27,28,26,27,28,26,27
1791409385.872513,-0.046120,1.271156,-2.787542,0.066436,1.244390,-2.799911,-0.407653,1.247473,-2.750957,0.389351,1.258676,-2.777764,26,26,27,26,26,27,28,26,27,28,26,27
1791409385.892562,-0.046090,1.271156,-2.787526,0.066406,1.244421,-2.799911,-0.407684,1.247504,-2.750972,0.389321,1.258676,-2.777748,26,26,27,26,26,27,28,26,27,28,26,27
1791409385.912488,-0.046090,1.271186,-2.787542,0.066436,1.244390,-2.799896,-0.407653,1.247504,-2.750972,0.389382,1.258676,-2.777764,26,26,27,26,26,27,28,26,27,28,26,28
1791409385.932486,-0.046090,1.271126,-2.787542,0.066376,1.244390,-2.799911,-0.407714,1.247504,-2.750957,0.389351,1.258646,-2.777748,26,26,27,26,26,27,28,26,27,28,26,27
1791409385.952552,-0.046090,1.271126,-2.787526,0.066376,1.244390,-2.799911,-0.407714,1.247473,-2.750972,0.389321,1.258676,-2.777764,26,26,27,26,26,27,28,26,27,28,26,27
1791409385.972581,-0.046090,1.271126,-2.787526,0.066376,1.244390,-2.799896,-0.407684,1.247504,-2.750972,0.389351,1.258676,-2.777764,26,26,27,26,26,27,28,26,27,28,26,27
1791409385.992597,-0.046090,1.271126,-2.787542,0.066436,1.244390,-2.799911,-0.407684,1.247473,-2.750972,0.389351,1.258706,-2.777748,26,26,27,26,26,27,28,26,27,28,26,27
1791409386.012431,-0.046090,1.271095,-2.787526,0.066406,1.244390,-2.799911,-0.407714,1.247504,-2.750972,0.389351,1.258676,-2.777748,26,26,27,26,26,27,28,26,27,28,26,27
1791409386.032424,-0.046090,1.271126,-2.787558,0.066406,1.244451,-2.799896,-0.407714,1.247504,-2.750972,0.389351,1.258646,-2.777748,26,26,27,26,26,27,28,26,27,28,26,27
1791409386.052619,-0.046090,1.271095,-2.787558,0.066406,1.244390,-2.799911,-0.407744,1.247504,-2.750972,0.389382,1.258676,-2.777748,26,26,27,26,26,27,28,26,27,28,26,27
1791409386.072742,-0.046090,1.271065,-2.787542,0.066376,1.244421,-2.799911,-0.407714,1.247534,-2.750972,0.389382,1.258676,-2.777764,26,26,27,26,26,27,28,26,27,28,26,28
1791409386.092499,-0.046060,1.271065,-2.787542,0.066376,1.244421,-2.799896,-0.407744,1.247504,-2.750972,0.389412,1.258676,-2.777748,26,26,27,26,26,27,28,26,27,28,26,27
1791409386.112520,-0.046120,1.271065,-2.787526,0.066376,1.244390,-2.799911,-0.407744,1.247504,-2.750972,0.389412,1.258676,-2.777764,26,26,27,26,26,27,28,26,27,28,26,28
1791409386.132491,-0.046060,1.271065,-2.787542,0.066376,1.244421,-2.799896,-0.407775,1.247534,-2.750972,0.389382,1.258676,-2.777764,26,26,27,26,26,27,28,26,27,28,26,27
1791409386.152533,-0.046120,1.271035,-2.787558,0.066376,1.244390,-2.799896,-0.407744,1.247534,-2.750972,0.389382,1.258646,-2.777764,26,26,27,26,26,27,28,26,27,28,26,27
1791409386.172621,-0.046090,1.271035,-2.787542,0.066406,1.244390,-2.799911,-0.407805,1.247504,-2.750988,0.389412,1.258646,-2.777748,26,26,27,26,26,27,28,26,27,28,26,27
1791409386.192539,-0.046120,1.271035,-2.787542,0.066376,1.244390,-2.799911,-0.407805,1.247504,-2.750972,0.389382,1.258676,-2.777732,26,26,27,26,26,27,28,26,27,28,26,28
1791409386.212463,-0.046090,1.271065,-2.787542,0.066406,1.244360,-2.799896,-0.407835,1.247534,-2.750957,0.389382,1.258676,-2.777764,26,26,27,26,26,27,28,26,27,28,26,27
1791409386.232603,-0.046090,1.271004,-2.787542,0.066406,1.244390,-2.799911,-0.407805,1.247534,-2.750972,0.389412,1.258676,-2.777764,26,26,27,26,26,27,28,26,27,28,26,27
1791409386.252472,-0.046090,1.271035,-2.787542,0.066406,1.244390,-2.799911,-0.407805,1.247534,-2.750972,0.389442,1.258646,-2.777764,26,26,27,26,26,27,28,26,27,28,26,27
1791409386.272526,-0.046090,1.271004,-2.787558,0.066376,1.244360,-2.799911,-0.407775,1.247564,-2.750972,0.389382,1.258676,-2.777748,26,26,27,26,26,27,28,26,27,28,26,27
1791409386.292463,-0.046090,1.271004,-2.787542,0.066406,1.244360,-2.799896,-0.407835,1.247534,-2.750972,0.389382,1.258646,-2.777764,26,26,27,26,26,27,28,26,27,28,26,28
1791409386.312505,-0.046120,1.271004,-2.787542,0.066376,1.244390,-2.799911,-0.407775,1.247534,-2.750972,0.389472,1.258676,-2.777748,26,26,27,26,26,27,28,26,27,28,26,28
1791409386.332512,-0.046090,1.271004,-2.787542,0.066406,1.244390,-2.799911,-0.407805,1.247534,-2.750957,0.389412,1.258646,-2.777764,26,26,27,26,26,27,28,26,27,28,26,28
1791409386.352541,-0.046120,1.271035,-2.787542,0.066406,1.244390,-2.799927,-0.407835,1.247534,-2.750972,0.389412,1.258676,-2.777764,26,26,27,26,26,27,28,26,27,28,26,27
1791409386.372516,-0.046120,1.270974,-2.787526,0.066406,1.244360,-2.799911,-0.407835,1.247564,-2.750972,0.389412,1.258676,-2.777764,26,26,27,26,26,27,28,26,27,28,26,28
1791409386.392638,-0.046090,1.271004,-2.787558,0.066376,1.244390,-2.799911,-0.407835,1.247534,-2.750972,0.389382,1.258676,-2.777764,26,26,27,26,26,27,28,26,27,28,26,27
1791409386.412557,-0.046090,1.270974,-2.787542,0.066406,1.244360,-2.799911,-0.407835,1.247564,-2.750988,0.389412,1.258646,-2.777748,26,26,27,26,26,27,28,26,27,28,26,28
1791409386.432661,-0.046090,1.270974,-2.787526,0.066406,1.244390,-2.799896,-0.407865,1.247564,-2.750957,0.389442,1.258676,-2.777748,26,26,27,26,26,27,28,26,27,28,26,28
1791409386.452507,-0.046090,1.271004,-2.787526,0.066406,1.244390,-2.799911,-0.407865,1.247534,-2.750972,0.389442,1.258646,-2.777764,26,26,27,26,26,27,28,26,27,28,26,28
1791409386.472661,-0.046090,1.270974,-2.787526,0.066406,1.244421,-2.799911,-0.407835,1.247534,-2.750972,0.389412,1.258646,-2.777764,26,26,27,26,26,27,28,26,27,28,26,28
1791409386.492593,-0.046090,1.270974,-2.787542,0.066406,1.244421,-2.799896,-0.407865,1.247564,-2.750972,0.389442,1.258676,-2.777764,26,26,27,26,26,27,28,26,27,28,26,27
1791409386.512539,-0.046120,1.270974,-2.787542,0.066376,1.244421,-2.799911,-0.407865,1.247564,-2.750972,0.389412,1.258676,-2.777748,26,26,27,26,26,27,28,26,27,28,26,28
1791409386.532707,-0.046090,1.270974,-2.787558,0.066376,1.244390,-2.799911,-0.407865,1.247564,-2.750972,0.389442,1.258676,-2.777764,26,26,27,26,26,27,28,26,27,28,26,28
1791409386.552574,-0.046090,1.270974,-2.787542,0.066406,1.244390,-2.799896,-0.407835,1.247534,-2.750972,0.389412,1.258646,-2.777780,26,26,27,26,26,27,28,26,27,28,26,27
1791409386.572581,-0.046090,1.270974,-2.787542,0.066406,1.244390,-2.799911,-0.407865,1.247534,-2.750972,0.389442,1.258646,-2.777764,26,26,27,26,26,27,28,26,27,28,26,27
1791409386.592682,-0.046090,1.270974,-2.787526,0.066406,1.244390,-2.799911,-0.407865,1.247564,-2.750957,0.389442,1.258676,-2.777764,26,26,27,26,26,27,28,26,27,28,26,27
1791409386.612503,-0.046090,1.270974,-2.787526,0.066376,1.244360,-2.799911,-0.407865,1.247594,-2.750972,0.389472,1.258676,-2.777748,26,26,27,26,26,27,28,26,27,28,26,28
1791409386.632555,-0.046090,1.270974,-2.787542,0.066406,1.244421,-2.799896,-0.407835,1.247534,-2.750972,0.389472,1.258676,-2.777748,26,26,27,26,26,27,28,26,27,28,26,28
1791409386.652714,-0.046060,1.271004,-2.787542,0.066406,1.244421,-2.799927,-0.407835,1.247534,-2.750972,0.389442,1.258676,-2.777764,26,26,27,26,26,27,28,26,27,28,26,27
1791409386.672609,-0.046060,1.270974,-2.787542,0.066406,1.244421,-2.799911,-0.407835,1.247564,-2.750972,0.389442,1.258646,-2.777764,26,26,27,26,26,27,28,26,27,28,26,28
1791409386.692553,-0.046090,1.271004,-2.787526,0.066406,1.244390,-2.799927,-0.407835,1.247564,-2.750972,0.389442,1.258676,-2.777748,26,26,27,26,26,27,28,26,27,28,26,27
1791409386.712478,-0.046090,1.270974,-2.787542,0.066376,1.244390,-2.799911,-0.407865,1.247564,-2.750972,0.389472,1.258676,-2.777764,26,26,27,26,26,27,28,26,27,28,26,28
1791409386.732474,-0.046090,1.270974,-2.787542,0.066376,1.244390,-2.799911,-0.407896,1.247564,-2.750972,0.389472,1.258676,-2.777764,26,26,27,26,26,27,28,26,27,28,26,28
1791409386.752625,-0.046090,1.270944,-2.787542,0.066406,1.244390,-2.799911,-0.407865,1.247564,-2.750957,0.389472,1.258676,-2.777764,26,26,27,26,26,27,28,26,27,28,26,27
1791409386.772546,-0.046060,1.271004,-2.787542,0.066406,1.244421,-2.799911,-0.407835,1.247564,-2.750972,0.389442,1.258676,-2.777748,26,26,27,26,26,27,28,26,27,28,26,27
1791409386.792562,-0.046060,1.270944,-2.787542,0.066376,1.244390,-2.799896,-0.407896,1.247564,-2.750972,0.389472,1.258706,-2.777748,26,26,27,26,26,27,28,26,27,28,26,28
1791409386.812490,-0.046090,1.270974,-2.787542,0.066376,1.244390,-2.799896,-0.407865,1.247564,-2.750972,0.389442,1.258646,-2.777764,26,26,27,26,26,27,28,26,27,28,26,28
1791409386.832679,-0.046090,1.270944,-2.787542,0.066436,1.244421,-2.799911,-0.407865,1.247594,-2.750972,0.389472,1.258646,-2.777748,26,26,27,26,26,27,28,26,27,28,26,28
1791409386.852571,-0.046060,1.270974,-2.787542,0.066406,1.244421,-2.799911,-0.407835,1.247564,-2.750972,0.389472,1.258676,-2.777748,26,26,27,26,26,27,28,26,27,28,26,28
1791409386.872693,-0.046060,1.270974,-2.787542,0.066406,1.244390,-2.799911,-0.407896,1.247564,-2.750941,0.389472,1.258676,-2.777764,26,26,27,26,26,27,28,26,27,28,26,28
