t,mode,gait_type,error_code,body_height,px,py,pz,vx,vy,vz,yaw_speed,yaw
1791409359.083719,0,0,1001,0.07243,-0.01565,0.00581,0.05332,-0.00000,0.00000,-0.00000,-0.01172,-0.013161
1791409359.103746,0,0,1001,0.07244,-0.01565,0.00581,0.05332,-0.00000,-0.00000,-0.00000,-0.01172,-0.013159
1791409359.123819,0,0,1001,0.07244,-0.01565,0.00581,0.05332,0.00000,-0.00000,0.00000,-0.00107,-0.013102
1791409359.143688,0,0,1001,0.07244,-0.01565,0.00581,0.05332,0.00000,-0.00000,0.00000,-0.00107,-0.013108
1791409359.163747,0,0,1001,0.07243,-0.01564,0.00581,0.05332,0.00000,0.00000,0.00000,-0.00852,-0.013081
1791409359.183879,0,0,1001,0.07244,-0.01564,0.00581,0.05332,0.00000,-0.00000,0.00000,-0.00426,-0.013023
1791409359.203700,0,0,1001,0.07243,-0.01564,0.00581,0.05332,0.00000,-0.00000,0.00000,-0.01811,-0.012995
1791409359.224047,0,0,1001,0.07244,-0.01564,0.00582,0.05332,0.00000,-0.00000,0.00000,-0.00107,-0.013001
1791409359.243844,0,0,1001,0.07244,-0.01564,0.00582,0.05332,0.00000,0.00000,0.00000,-0.00107,-0.013003
1791409359.263802,0,0,1001,0.07243,-0.01564,0.00582,0.05332,0.00000,-0.00000,0.00000,-0.00639,-0.012983
1791409359.283768,0,0,1001,0.07244,-0.01564,0.00582,0.05332,0.00000,-0.00000,0.00000,-0.01172,-0.012950
1791409359.303882,0,0,1001,0.07243,-0.01564,0.00581,0.05332,0.00000,-0.00000,0.00000,0.00213,-0.012935
1791409359.323850,0,0,1001,0.07244,-0.01564,0.00581,0.05332,0.00000,-0.00000,0.00000,-0.00959,-0.012915
1791409359.343963,0,0,1001,0.07244,-0.01564,0.00581,0.05332,0.00000,0.00000,0.00000,-0.00959,-0.012939
1791409359.364070,0,0,1001,0.07244,-0.01564,0.00582,0.05332,0.00000,0.00000,0.00000,-0.00533,-0.012997
1791409359.383757,0,0,1001,0.07244,-0.01564,0.00582,0.05332,0.00000,0.00000,0.00000,-0.00533,-0.013011
1791409359.403727,0,0,1001,0.07244,-0.01564,0.00582,0.05332,0.00000,0.00000,0.00000,-0.01065,-0.013016
1791409359.423864,0,0,1001,0.07243,-0.01564,0.00582,0.05332,0.00000,0.00000,0.00000,-0.01491,-0.013059
1791409359.443728,0,0,1001,0.07244,-0.01564,0.00582,0.05332,-0.00000,0.00000,-0.00000,0.00000,-0.013070
1791409359.463882,0,0,1001,0.07244,-0.01564,0.00581,0.05332,-0.00000,0.00000,-0.00000,-0.01704,-0.013076
1791409359.483823,0,0,1001,0.07243,-0.01564,0.00581,0.05332,-0.00000,0.00000,-0.00000,-0.00426,-0.013067
1791409359.503837,0,0,1001,0.07243,-0.01564,0.00582,0.05332,-0.00000,0.00000,-0.00000,-0.01278,-0.013085
1791409359.523658,0,0,1001,0.07243,-0.01564,0.00581,0.05332,-0.00000,0.00000,-0.00000,-0.00852,-0.013085
1791409359.543814,0,0,1001,0.07244,-0.01564,0.00582,0.05332,-0.00000,0.00000,-0.00000,-0.00426,-0.013075
1791409359.564063,0,0,1001,0.07244,-0.01564,0.00581,0.05332,-0.00000,-0.00000,-0.00000,-0.00426,-0.013085
1791409359.583724,0,0,1001,0.07243,-0.01564,0.00582,0.05332,-0.00000,0.00000,-0.00000,-0.00320,-0.013068
1791409359.603806,0,0,1001,0.07244,-0.01564,0.00581,0.05332,-0.00000,-0.00000,-0.00000,-0.01065,-0.013042
1791409359.623751,0,0,1001,0.07244,-0.01564,0.00582,0.05332,0.00000,-0.00000,0.00000,-0.00639,-0.013056
1791409359.643892,0,0,1001,0.07244,-0.01564,0.00581,0.05332,-0.00000,0.00000,-0.00000,-0.00533,-0.013050
1791409359.664011,0,0,1001,0.07244,-0.01564,0.00581,0.05332,0.00000,0.00000,0.00000,-0.00746,-0.013029
1791409359.683706,0,0,1001,0.07244,-0.01564,0.00581,0.05332,0.00000,-0.00000,0.00000,-0.00320,-0.012987
1791409359.704503,0,0,1001,0.07244,-0.01564,0.00581,0.05332,0.00000,0.00000,0.00000,-0.00320,-0.012979
1791409359.723598,0,0,1001,0.07243,-0.01564,0.00581,0.05332,-0.00000,-0.00000,-0.00000,-0.01491,-0.013028
1791409359.743750,0,0,1001,0.07243,-0.01564,0.00581,0.05332,-0.00000,-0.00000,-0.00000,-0.01385,-0.012994
1791409359.764097,0,0,1001,0.07244,-0.01565,0.00581,0.05332,-0.00000,-0.00000,-0.00000,-0.01172,-0.012993
1791409359.783875,0,0,1001,0.07244,-0.01564,0.00581,0.05332,0.00000,-0.00000,0.00000,-0.01172,-0.013018
1791409359.803720,0,0,1001,0.07244,-0.01564,0.00581,0.05332,0.00000,-0.00000,0.00000,-0.01385,-0.013006
1791409359.823752,0,0,1001,0.07244,-0.01564,0.00581,0.05332,0.00000,-0.00000,0.00000,-0.01065,-0.012973
1791409359.843763,0,0,1001,0.07244,-0.01564,0.00581,0.05332,0.00000,-0.00000,0.00000,-0.01172,-0.012942
1791409359.864333,0,0,1001,0.07244,-0.01564,0.00581,0.05332,0.00000,-0.00000,0.00000,-0.01491,-0.012903
1791409359.884001,0,0,1001,0.07244,-0.01563,0.00581,0.05332,0.00000,-0.00000,0.00000,-0.00852,-0.012945
1791409359.903761,0,0,1001,0.07244,-0.01564,0.00581,0.05332,0.00000,-0.00000,0.00000,-0.00320,-0.012952
1791409359.923796,0,0,1001,0.07244,-0.01564,0.00581,0.05332,0.00000,-0.00000,0.00000,-0.00533,-0.012944
1791409359.943693,0,0,1001,0.07244,-0.01564,0.00581,0.05332,0.00000,-0.00000,0.00000,-0.00746,-0.012967
1791409359.963733,0,0,1001,0.07244,-0.01563,0.00581,0.05332,0.00000,-0.00000,0.00000,-0.00639,-0.012978
1791409359.983770,0,0,1001,0.07244,-0.01563,0.00581,0.05332,0.00000,-0.00000,0.00000,-0.01065,-0.012935
1791409360.003748,0,0,1001,0.07244,-0.01563,0.00581,0.05332,0.00000,-0.00000,0.00000,-0.01917,-0.013001
1791409360.023806,0,0,1001,0.07244,-0.01563,0.00581,0.05332,0.00000,-0.00000,0.00000,-0.01385,-0.013029
1791409360.043814,0,0,1001,0.07244,-0.01563,0.00581,0.05332,0.00000,0.00000,-0.00000,-0.00213,-0.013041
1791409360.063726,0,0,1001,0.07244,-0.01563,0.00581,0.05332,0.00000,-0.00000,0.00000,-0.01172,-0.013082
1791409360.083830,0,0,1001,0.07244,-0.01563,0.00581,0.05332,0.00000,0.00000,-0.00000,-0.00107,-0.013079
1791409360.103753,0,0,1001,0.07244,-0.01563,0.00581,0.05332,0.00000,-0.00000,0.00000,-0.01172,-0.013061
1791409360.123840,0,0,1001,0.07244,-0.01563,0.00580,0.05332,0.00000,-0.00000,0.00000,-0.01811,-0.013140
1791409360.143801,0,0,1001,0.07244,-0.01562,0.00581,0.05332,0.00000,-0.00000,0.00000,-0.00107,-0.013191
1791409360.163860,0,0,1001,0.07244,-0.01562,0.00580,0.05332,0.00000,0.00000,0.00000,-0.00746,-0.013191
1791409360.183840,0,0,1001,0.07243,-0.01563,0.00580,0.05332,0.00000,-0.00000,0.00000,-0.01065,-0.013270
1791409360.203802,0,0,1001,0.07244,-0.01563,0.00580,0.05332,0.00000,-0.00000,0.00000,-0.01278,-0.013285
1791409360.223704,0,0,1001,0.07244,-0.01563,0.00580,0.05332,0.00000,0.00000,0.00000,-0.00959,-0.013295
1791409360.243781,0,0,1001,0.07244,-0.01563,0.00580,0.05332,0.00000,-0.00000,0.00000,-0.00959,-0.013292
1791409360.263802,0,0,1001,0.07244,-0.01563,0.00580,0.05332,0.00000,-0.00000,0.00000,-0.02131,-0.013306
1791409360.283659,0,0,1001,0.07244,-0.01562,0.00580,0.05332,0.00000,-0.00000,0.00000,-0.01598,-0.013327
1791409360.303662,0,0,1001,0.07244,-0.01562,0.00580,0.05332,0.00000,0.00000,0.00000,-0.00320,-0.013335
1791409360.323562,0,0,1001,0.07244,-0.01562,0.00580,0.05333,0.00000,-0.00000,0.00000,-0.00852,-0.013375
1791409360.343734,0,0,1001,0.07243,-0.01562,0.00580,0.05333,0.00000,0.00000,0.00000,-0.01278,-0.013363
1791409360.363789,0,0,1001,0.07244,-0.01562,0.00580,0.05333,0.00000,-0.00000,0.00000,-0.01065,-0.013381
1791409360.383793,0,0,1001,0.07244,-0.01562,0.00580,0.05333,0.00000,-0.00000,0.00000,-0.01172,-0.013400
1791409360.403875,0,0,1001,0.07244,-0.01562,0.00580,0.05333,0.00000,-0.00000,0.00000,-0.01917,-0.013459
1791409360.423678,0,0,1001,0.07244,-0.01562,0.00580,0.05333,0.00000,0.00000,0.00000,-0.00107,-0.013418
1791409360.443838,0,0,1001,0.07244,-0.01562,0.00580,0.05333,-0.00000,-0.00000,-0.00000,-0.00852,-0.013432
1791409360.463766,0,0,1001,0.07244,-0.01562,0.00580,0.05333,-0.00000,0.00000,-0.00000,-0.00852,-0.013435
1791409360.483865,0,0,1001,0.07243,-0.01562,0.00580,0.05333,0.00000,-0.00000,0.00000,-0.00107,-0.013473
1791409360.503738,0,0,1001,0.07243,-0.01562,0.00580,0.05333,0.00000,0.00000,0.00000,-0.00426,-0.013497
1791409360.523661,0,0,1001,0.07243,-0.01562,0.00580,0.05333,0.00000,0.00000,0.00000,0.00107,-0.013504
1791409360.543797,0,0,1001,0.07244,-0.01561,0.00580,0.05333,0.00000,0.00000,0.00000,-0.00107,-0.013478
1791409360.563944,0,0,1001,0.07243,-0.01561,0.00580,0.05333,0.00000,0.00000,0.00000,-0.00959,-0.013492
1791409360.584166,0,0,1001,0.07244,-0.01562,0.00580,0.05333,0.00000,0.00000,0.00000,0.00107,-0.013513
1791409360.603731,0,0,1001,0.07244,-0.01562,0.00580,0.05333,-0.00000,0.00000,-0.00000,-0.01385,-0.013554
1791409360.623716,0,0,1001,0.07244,-0.01562,0.00580,0.05333,-0.00000,0.00000,-0.00000,-0.00639,-0.013562
1791409360.643880,0,0,1001,0.07244,-0.01562,0.00580,0.05333,-0.00000,0.00000,-0.00000,-0.02450,-0.013616
1791409360.664011,0,0,1001,0.07243,-0.01562,0.00580,0.05333,-0.00000,0.00000,-0.00000,-0.00533,-0.013622
1791409360.683728,0,0,1001,0.07244,-0.01562,0.00579,0.05333,-0.00000,0.00000,-0.00000,0.00533,-0.013578
1791409360.703723,0,0,1001,0.07244,-0.01562,0.00579,0.05332,-0.00000,-0.00000,-0.00000,-0.00852,-0.013584
1791409360.723819,0,0,1001,0.07244,-0.01562,0.00579,0.05333,0.00000,-0.00000,0.00000,-0.00959,-0.013630
1791409360.743697,0,0,1001,0.07244,-0.01562,0.00580,0.05333,-0.00000,-0.00000,-0.00000,0.00320,-0.013640
1791409360.763675,0,0,1001,0.07244,-0.01562,0.00580,0.05333,-0.00000,-0.00000,-0.00000,-0.00107,-0.013645
1791409360.783581,0,0,1001,0.07244,-0.01563,0.00580,0.05332,-0.00000,0.00000,-0.00000,-0.00533,-0.013657
1791409360.803784,0,0,1001,0.07243,-0.01563,0.00580,0.05332,-0.00000,0.00000,-0.00000,-0.01278,-0.013686
1791409360.823759,0,0,1001,0.07244,-0.01563,0.00580,0.05332,-0.00000,0.00000,-0.00000,-0.00959,-0.013714
1791409360.843739,0,0,1001,0.07243,-0.01563,0.00580,0.05332,-0.00000,0.00000,-0.00000,-0.00320,-0.013715
1791409360.864376,0,0,1001,0.07243,-0.01563,0.00580,0.05332,-0.00000,0.00000,-0.00000,-0.00426,-0.013746
1791409360.883922,0,0,1001,0.07244,-0.01563,0.00580,0.05332,-0.00000,-0.00000,-0.00000,0.00000,-0.013779
1791409360.904356,0,0,1001,0.07244,-0.01563,0.00580,0.05332,-0.00000,0.00000,-0.00000,-0.00639,-0.013738
1791409360.923686,0,0,1001,0.07244,-0.01563,0.00580,0.05332,-0.00000,-0.00000,-0.00000,-0.01917,-0.013735
1791409360.943766,0,0,1001,0.07243,-0.01563,0.00580,0.05332,-0.00000,0.00000,-0.00000,-0.00746,-0.013796
1791409360.964132,0,0,1001,0.07243,-0.01563,0.00580,0.05332,-0.00000,-0.00000,-0.00000,-0.00852,-0.013804
1791409360.983819,0,0,1001,0.07243,-0.01563,0.00580,0.05332,-0.00000,-0.00000,-0.00000,0.00000,-0.013764
1791409361.003544,0,0,1001,0.07244,-0.01563,0.00580,0.05332,-0.00000,0.00000,-0.00000,-0.00639,-0.013768
1791409361.023738,0,0,1001,0.07243,-0.01563,0.00580,0.05332,-0.00000,0.00000,-0.00000,-0.00213,-0.013791
1791409361.043834,0,0,1001,0.07244,-0.01564,0.00580,0.05332,-0.00000,0.00000,-0.00000,-0.01278,-0.013831
1791409361.064485,0,0,1001,0.07244,-0.01563,0.00580,0.05332,-0.00000,-0.00000,-0.00000,0.00852,-0.013789
1791409361.084143,0,0,1001,0.07244,-0.01563,0.00580,0.05332,-0.00000,0.00000,-0.00000,0.00000,-0.013789
1791409361.103621,0,0,1001,0.07244,-0.01563,0.00580,0.05332,-0.00000,-0.00000,-0.00000,-0.00320,-0.013801
1791409361.123585,0,0,1001,0.07244,-0.01564,0.00580,0.05332,-0.00000,0.00000,-0.00000,-0.01385,-0.013823
1791409361.143695,0,0,1001,0.07244,-0.01564,0.00580,0.05332,-0.00000,0.00000,-0.00000,-0.00320,-0.013813
1791409361.164462,0,0,1001,0.07243,-0.01564,0.00580,0.05332,-0.00000,0.00000,-0.00000,-0.00213,-0.013835
1791409361.183756,0,0,1001,0.07244,-0.01564,0.00580,0.05332,-0.00000,0.00000,-0.00000,-0.00320,-0.013832
1791409361.203693,0,0,1001,0.07244,-0.01564,0.00580,0.05332,-0.00000,0.00000,-0.00000,-0.00852,-0.013861
1791409361.223847,0,0,1001,0.07244,-0.01564,0.00580,0.05332,-0.00000,-0.00000,-0.00000,-0.00852,-0.013840
1791409361.243799,0,0,1001,0.07244,-0.01564,0.00580,0.05332,-0.00000,-0.00000,-0.00000,-0.02557,-0.013849
1791409361.264057,0,0,1001,0.07244,-0.01564,0.00580,0.05332,-0.00000,0.00000,-0.00000,-0.01065,-0.013828
1791409361.284035,0,0,1001,0.07244,-0.01564,0.00580,0.05332,-0.00000,0.00000,-0.00000,-0.01172,-0.013770
1791409361.303685,0,0,1001,0.07244,-0.01564,0.00580,0.05332,-0.00000,0.00000,-0.00000,-0.01065,-0.013829
1791409361.323856,0,0,1001,0.07244,-0.01564,0.00580,0.05332,-0.00000,-0.00000,-0.00000,-0.01278,-0.013819
1791409361.343740,0,0,1001,0.07244,-0.01564,0.00580,0.05332,0.00000,-0.00000,0.00000,-0.00107,-0.013764
1791409361.364011,0,0,1001,0.07244,-0.01564,0.00580,0.05332,-0.00000,0.00000,-0.00000,-0.01385,-0.013748
1791409361.383885,0,0,1001,0.07244,-0.01564,0.00580,0.05332,-0.00000,0.00000,-0.00000,0.00107,-0.013719
1791409361.403628,0,0,1001,0.07244,-0.01564,0.00580,0.05332,-0.00000,-0.00000,-0.00000,-0.00107,-0.013739
1791409361.423826,0,0,1001,0.07244,-0.01564,0.00580,0.05332,-0.00000,-0.00000,-0.00000,-0.00746,-0.013723
1791409361.443883,0,0,1001,0.07244,-0.01564,0.00580,0.05332,-0.00000,-0.00000,0.00000,-0.01491,-0.013759
1791409361.463768,0,0,1001,0.07244,-0.01564,0.00580,0.05332,-0.00000,-0.00000,-0.00000,-0.01385,-0.013781
1791409361.483884,0,0,1001,0.07243,-0.01564,0.00580,0.05332,-0.00000,0.00000,-0.00000,-0.00426,-0.013780
1791409361.503722,0,0,1001,0.07244,-0.01564,0.00580,0.05332,-0.00000,-0.00000,-0.00000,-0.01278,-0.013821
1791409361.523688,0,0,1001,0.07244,-0.01564,0.00580,0.05332,0.00000,0.00000,0.00000,0.00213,-0.013826
1791409361.543604,0,0,1001,0.07243,-0.01564,0.00580,0.05332,0.00000,0.00000,0.00000,-0.01704,-0.013821
1791409361.563722,0,0,1001,0.07244,-0.01564,0.00580,0.05332,0.00000,-0.00000,0.00000,-0.01491,-0.013803
1791409361.583707,0,0,1001,0.07243,-0.01564,0.00580,0.05332,0.00000,-0.00000,0.00000,-0.00107,-0.013829
1791409361.603687,0,0,1001,0.07244,-0.01564,0.00580,0.05332,0.00000,-0.00000,0.00000,-0.00107,-0.013839
1791409361.623814,0,0,1001,0.07244,-0.01564,0.00580,0.05332,0.00000,0.00000,0.00000,-0.01385,-0.013813
1791409361.643752,0,0,1001,0.07244,-0.01564,0.00581,0.05332,0.00000,0.00000,0.00000,-0.01065,-0.013818
1791409361.664121,0,0,1001,0.07244,-0.01564,0.00581,0.05332,0.00000,-0.00000,0.00000,-0.00746,-0.013826
1791409361.683903,0,0,1001,0.07243,-0.01564,0.00581,0.05332,0.00000,-0.00000,0.00000,-0.01598,-0.013828
1791409361.703734,0,0,1001,0.07244,-0.01564,0.00580,0.05332,-0.00000,0.00000,-0.00000,-0.01065,-0.013872
1791409361.723640,0,0,1001,0.07244,-0.01564,0.00581,0.05332,-0.00000,0.00000,-0.00000,-0.01172,-0.013888
1791409361.743927,0,0,1001,0.07243,-0.01564,0.00581,0.05332,-0.00000,0.00000,-0.00000,0.00959,-0.013896
1791409361.763698,0,0,1001,0.07244,-0.01564,0.00581,0.05332,-0.00000,-0.00000,-0.00000,-0.01491,-0.013871
1791409361.783845,0,0,1001,0.07244,-0.01564,0.00581,0.05332,-0.00000,-0.00000,-0.00000,-0.00639,-0.013928
1791409361.803821,0,0,1001,0.07243,-0.01564,0.00581,0.05332,0.00000,0.00000,0.00000,-0.00852,-0.013945
1791409361.823645,0,0,1001,0.07244,-0.01564,0.00581,0.05332,0.00000,0.00000,0.00000,-0.01172,-0.013974
1791409361.843839,0,0,1001,0.07243,-0.01564,0.00581,0.05332,-0.00000,-0.00000,-0.00000,-0.00959,-0.013947
1791409361.863788,0,0,1001,0.07244,-0.01564,0.00581,0.05332,-0.00000,0.00000,-0.00000,-0.00746,-0.013881
1791409361.883831,0,0,1001,0.07244,-0.01565,0.00581,0.05332,-0.00000,0.00000,-0.00000,-0.00852,-0.013892
1791409361.903890,0,0,1001,0.07244,-0.01565,0.00581,0.05332,-0.00000,0.00000,-0.00000,-0.02131,-0.013918
1791409361.923770,0,0,1001,0.07244,-0.01565,0.00581,0.05332,-0.00000,-0.00000,-0.00000,-0.01278,-0.013960
1791409361.943885,0,0,1001,0.07243,-0.01565,0.00581,0.05332,-0.00000,0.00000,-0.00000,-0.01491,-0.014025
1791409361.963718,0,0,1001,0.07243,-0.01565,0.00581,0.05332,-0.00000,0.00000,-0.00000,-0.02131,-0.014091
1791409361.983527,0,0,1001,0.07244,-0.01565,0.00581,0.05332,-0.00000,0.00000,-0.00000,0.00000,-0.014117
1791409362.003620,0,0,1001,0.07244,-0.01565,0.00581,0.05332,-0.00000,0.00000,-0.00000,-0.00852,-0.014078
1791409362.023728,0,0,1001,0.07244,-0.01565,0.00581,0.05332,-0.00000,0.00000,-0.00000,-0.00213,-0.014037
1791409362.043718,0,0,1001,0.07243,-0.01565,0.00581,0.05332,-0.00000,0.00000,-0.00000,-0.00959,-0.014048
1791409362.064183,0,0,1001,0.07244,-0.01565,0.00581,0.05332,-0.00000,0.00000,-0.00000,0.00320,-0.014096
1791409362.083798,0,0,1001,0.07243,-0.01565,0.00582,0.05332,-0.00000,0.00000,-0.00000,-0.00639,-0.014047
1791409362.103739,0,0,1001,0.07245,-0.01565,0.00581,0.05332,-0.00000,0.00000,-0.00000,0.00107,-0.014004
1791409362.123722,0,0,1001,0.07244,-0.01565,0.00581,0.05332,-0.00000,-0.00000,-0.00000,-0.00213,-0.013956
1791409362.143757,0,0,1001,0.07244,-0.01565,0.00582,0.05332,-0.00000,0.00000,0.00000,-0.00852,-0.013902
1791409362.164112,0,0,1001,0.07244,-0.01565,0.00581,0.05332,0.00000,-0.00000,0.00000,-0.00746,-0.013826
1791409362.183751,0,0,1001,0.07244,-0.01566,0.00582,0.05332,-0.00000,0.00000,-0.00000,-0.01065,-0.013834
1791409362.203808,0,0,1001,0.07244,-0.01566,0.00582,0.05332,-0.00000,0.00000,-0.00000,-0.01172,-0.013828
1791409362.223647,0,0,1001,0.07244,-0.01565,0.00581,0.05332,-0.00000,0.00000,-0.00000,-0.00852,-0.013792
1791409362.243697,0,0,1001,0.07244,-0.01566,0.00581,0.05332,0.00000,-0.00000,0.00000,-0.00959,-0.013844
1791409362.263783,0,0,1001,0.07244,-0.01566,0.00581,0.05332,-0.00000,0.00000,-0.00000,-0.00107,-0.013839
1791409362.283782,0,0,1001,0.07243,-0.01566,0.00581,0.05332,-0.00000,0.00000,-0.00000,-0.00959,-0.013765
1791409362.303670,0,0,1001,0.07244,-0.01566,0.00581,0.05332,-0.00000,-0.00000,-0.00000,0.00639,-0.013748
1791409362.323729,0,0,1001,0.07244,-0.01566,0.00581,0.05332,-0.00000,0.00000,-0.00000,-0.00639,-0.013752
1791409362.343761,0,0,1001,0.07244,-0.01566,0.00581,0.05332,-0.00000,-0.00000,-0.00000,-0.01065,-0.013711
1791409362.363823,0,0,1001,0.07244,-0.01566,0.00580,0.05332,-0.00000,-0.00000,-0.00000,-0.01385,-0.013622
1791409362.383590,0,0,1001,0.07243,-0.01566,0.00580,0.05332,-0.00000,0.00000,-0.00000,-0.00746,-0.013596
1791409362.403830,0,0,1001,0.07244,-0.01566,0.00580,0.05332,0.00000,0.00000,0.00000,-0.02131,-0.013594
1791409362.423811,0,0,1001,0.07243,-0.01566,0.00581,0.05332,0.00000,0.00000,0.00000,-0.00213,-0.013584
1791409362.443896,0,0,1001,0.07244,-0.01566,0.00581,0.05332,0.00000,0.00000,0.00000,-0.00320,-0.013571
1791409362.463778,0,0,1001,0.07244,-0.01566,0.00581,0.05332,0.00000,0.00000,0.00000,-0.00426,-0.013591
1791409362.483843,0,0,1001,0.07244,-0.01566,0.00581,0.05332,0.00000,-0.00000,0.00000,-0.01704,-0.013600
1791409362.503735,0,0,1001,0.07244,-0.01566,0.00581,0.05332,0.00000,-0.00000,0.00000,-0.00959,-0.013549
1791409362.523714,0,0,1001,0.07243,-0.01566,0.00581,0.05332,-0.00000,0.00000,-0.00000,-0.00426,-0.013532
1791409362.543707,0,0,1001,0.07244,-0.01566,0.00581,0.05332,0.00000,0.00000,0.00000,-0.00746,-0.013505
1791409362.564109,0,0,1001,0.07244,-0.01566,0.00582,0.05332,-0.00000,0.00000,-0.00000,-0.00852,-0.013475
1791409362.583701,0,0,1001,0.07244,-0.01566,0.00582,0.05332,-0.00000,0.00000,-0.00000,-0.01065,-0.013409
1791409362.603742,0,0,1001,0.07244,-0.01566,0.00581,0.05332,-0.00000,-0.00000,-0.00000,-0.00639,-0.013395
1791409362.623791,0,0,1001,0.07244,-0.01566,0.00582,0.05332,0.00000,0.00000,0.00000,-0.00639,-0.013383
1791409362.643974,0,0,1001,0.07244,-0.01566,0.00582,0.05332,0.00000,0.00000,0.00000,-0.00746,-0.013383
1791409362.663752,0,0,1001,0.07244,-0.01566,0.00582,0.05332,-0.00000,-0.00000,-0.00000,-0.00959,-0.013356
1791409362.683576,0,0,1001,0.07244,-0.01566,0.00582,0.05332,0.00000,0.00000,0.00000,-0.01598,-0.013352
1791409362.703699,0,0,1001,0.07244,-0.01566,0.00582,0.05332,-0.00000,0.00000,-0.00000,-0.00107,-0.013332
1791409362.723847,0,0,1001,0.07244,-0.01566,0.00581,0.05332,-0.00000,0.00000,-0.00000,-0.01278,-0.013282
1791409362.743860,0,0,1001,0.07244,-0.01566,0.00582,0.05332,0.00000,0.00000,0.00000,-0.00852,-0.013293
1791409362.763985,0,0,1001,0.07244,-0.01566,0.00582,0.05332,-0.00000,0.00000,-0.00000,-0.00959,-0.013295
1791409362.783542,0,0,1001,0.07244,-0.01566,0.00582,0.05332,-0.00000,0.00000,-0.00000,0.00213,-0.013261
1791409362.803723,0,0,1001,0.07244,-0.01566,0.00582,0.05332,-0.00000,-0.00000,-0.00000,-0.01917,-0.013290
1791409362.823572,0,0,1001,0.07244,-0.01566,0.00582,0.05332,0.00000,-0.00000,0.00000,-0.01385,-0.013296
1791409362.843916,0,0,1001,0.07244,-0.01566,0.00582,0.05332,0.00000,-0.00000,0.00000,-0.00107,-0.013274
1791409362.863581,0,0,1001,0.07243,-0.01566,0.00582,0.05332,-0.00000,0.00000,-0.00000,-0.00639,-0.013254
1791409362.883672,0,0,1001,0.07244,-0.01566,0.00582,0.05332,0.00000,-0.00000,0.00000,-0.00639,-0.013227
1791409362.903709,0,0,1001,0.07244,-0.01566,0.00582,0.05332,0.00000,0.00000,0.00000,-0.00107,-0.013211
1791409362.923762,0,0,1001,0.07244,-0.01566,0.00582,0.05332,-0.00000,0.00000,-0.00000,-0.00746,-0.013183
1791409362.943626,0,0,1001,0.07244,-0.01566,0.00582,0.05332,-0.00000,-0.00000,-0.00000,-0.01598,-0.013160
1791409362.963572,0,0,1001,0.07244,-0.01566,0.00582,0.05332,-0.00000,-0.00000,-0.00000,-0.00107,-0.013158
1791409362.983721,0,0,1001,0.07243,-0.01566,0.00582,0.05332,-0.00000,-0.00000,-0.00000,0.00426,-0.013107
1791409363.003743,0,0,1001,0.07244,-0.01566,0.00582,0.05332,-0.00000,0.00000,-0.00000,-0.01598,-0.013141
1791409363.023715,0,0,1001,0.07244,-0.01566,0.00582,0.05332,-0.00000,0.00000,-0.00000,-0.00852,-0.013149
1791409363.044055,0,0,1001,0.07244,-0.01567,0.00582,0.05332,-0.00000,0.00000,-0.00000,-0.00320,-0.013129
1791409363.063786,0,0,1001,0.07244,-0.01567,0.00582,0.05331,-0.00000,0.00000,-0.00000,-0.01491,-0.013107
1791409363.083823,0,0,1002,0.07244,-0.01567,0.00582,0.05331,-0.00000,0.00000,-0.00000,-0.00746,-0.013077
1791409363.103668,0,0,1002,0.07244,-0.01567,0.00582,0.05331,-0.00000,0.00000,-0.00000,-0.01065,-0.013081
1791409363.123691,0,0,1002,0.07244,-0.01567,0.00582,0.05332,0.00000,-0.00000,0.00000,-0.00746,-0.013008
1791409363.143677,0,0,1002,0.07244,-0.01567,0.00582,0.05332,0.00000,-0.00000,0.00000,-0.01491,-0.012982
1791409363.163653,0,0,1002,0.07243,-0.01566,0.00582,0.05333,0.00000,-0.00000,0.00001,0.00533,-0.012966
1791409363.183841,0,0,1002,0.07244,-0.01565,0.00582,0.05334,0.00000,-0.00000,0.00001,-0.00852,-0.012902
1791409363.203709,0,0,1002,0.07242,-0.01564,0.00581,0.05336,0.00000,-0.00000,0.00002,-0.00852,-0.012935
1791409363.223492,0,0,1002,0.07242,-0.01562,0.00581,0.05339,0.00000,-0.00000,0.00002,-0.00213,-0.012959
1791409363.244132,0,0,1002,0.07239,-0.01560,0.00580,0.05341,0.00000,-0.00000,0.00003,-0.01385,-0.013028
1791409363.263515,0,0,1002,0.07235,-0.01557,0.00579,0.05344,0.00000,-0.00000,0.00003,-0.00639,-0.013003
1791409363.283658,0,0,1002,0.07222,-0.01554,0.00578,0.05346,0.00000,-0.00000,0.00003,-0.00639,-0.013060
1791409363.303532,0,0,1002,0.07198,-0.01551,0.00578,0.05346,0.00000,-0.00000,0.00003,-0.00320,-0.013056
1791409363.323558,0,0,1002,0.07181,-0.01547,0.00577,0.05346,0.00000,-0.00000,0.00002,-0.00746,-0.013063
1791409363.344751,0,0,1002,0.07170,-0.01543,0.00576,0.05346,0.00000,-0.00000,0.00001,-0.01385,-0.013101
1791409363.363574,0,0,1002,0.07167,-0.01539,0.00574,0.05348,0.00000,-0.00000,0.00002,-0.01065,-0.013092
1791409363.383636,0,0,1002,0.07164,-0.01534,0.00572,0.05349,0.00000,-0.00000,0.00002,-0.00746,-0.013067
1791409363.403861,0,0,1002,0.07152,-0.01530,0.00569,0.05349,0.00000,-0.00000,0.00001,-0.01172,-0.013058
1791409363.423714,0,0,1002,0.07135,-0.01527,0.00566,0.05347,0.00000,-0.00000,0.00000,-0.00107,-0.013077
1791409363.443879,0,0,1002,0.07119,-0.01525,0.00564,0.05345,-0.00000,0.00000,-0.00001,-0.00320,-0.013044
1791409363.463481,0,0,1002,0.07110,-0.01522,0.00561,0.05343,-0.00000,0.00000,-0.00001,-0.01065,-0.013033
1791409363.483569,0,0,1002,0.07109,-0.01519,0.00559,0.05343,-0.00000,0.00000,-0.00001,-0.00213,-0.012988
1791409363.503995,0,0,1002,0.07108,-0.01515,0.00557,0.05342,-0.00000,0.00000,-0.00001,-0.01065,-0.013031
1791409363.523596,0,0,1002,0.07106,-0.01512,0.00556,0.05343,-0.00000,0.00000,-0.00000,-0.00426,-0.013084
1791409363.543499,0,0,1002,0.07103,-0.01510,0.00554,0.05345,0.00000,-0.00000,0.00001,-0.01704,-0.013180
1791409363.563476,0,0,1002,0.07097,-0.01507,0.00552,0.05348,0.00000,-0.00000,0.00001,-0.02237,-0.013260
1791409363.590080,0,0,1002,0.07095,-0.01503,0.00549,0.05350,0.00000,-0.00000,0.00002,-0.02344,-0.013305
1791409363.610329,0,0,1002,0.07092,-0.01500,0.00548,0.05353,0.00000,-0.00000,0.00003,-0.01491,-0.013346
1791409363.630327,0,0,1002,0.07087,-0.01497,0.00547,0.05355,0.00000,-0.00000,0.00003,0.01065,-0.013317
1791409363.650278,0,0,1002,0.07077,-0.01495,0.00546,0.05356,0.00000,-0.00000,0.00003,-0.02024,-0.013424
1791409363.670552,0,0,1002,0.07070,-0.01492,0.00545,0.05357,0.00000,-0.00000,0.00002,-0.01385,-0.013534
1791409363.690448,0,0,1002,0.07068,-0.01489,0.00543,0.05359,0.00000,-0.00000,0.00003,-0.01917,-0.013563
1791409363.713539,0,0,1002,0.07060,-0.01486,0.00542,0.05363,0.00000,-0.00000,0.00004,-0.00852,-0.013509
1791409363.733708,0,0,1002,0.07233,-0.01520,0.00546,0.05396,0.00002,-0.00000,0.00018,-0.01172,-0.013516
1791409363.753438,0,0,1002,0.07461,-0.01567,0.00546,0.05472,0.00004,-0.00000,0.00047,0.00426,-0.013398
1791409363.773562,0,0,1002,0.07625,-0.01617,0.00503,0.05591,-0.02469,-0.00653,0.03049,0.00000,-0.013275
1791409363.794737,0,0,1002,0.07792,-0.01700,0.00470,0.05886,-0.02778,-0.00009,0.09356,0.00959,-0.012913
1791409363.813545,0,0,1002,0.08033,-0.01796,0.00448,0.06134,0.00696,-0.00001,0.08622,0.03089,-0.012327
1791409363.840256,0,0,1002,0.08597,-0.01992,0.00429,0.06428,0.00531,0.00004,0.06770,-0.03409,-0.012144
1791409363.860484,0,0,1002,0.09196,-0.02199,0.00419,0.06936,0.00418,0.00002,0.05297,-0.06924,-0.013183
1791409363.880516,0,0,1002,0.09906,-0.02437,0.00408,0.07482,0.00345,0.00006,0.04212,-0.03728,-0.014217
1791409363.900158,0,0,1002,0.10804,-0.02727,0.00396,0.08043,0.00306,0.00008,0.03501,-0.01704,-0.014595
1791409363.920251,0,0,1002,0.11593,-0.02951,0.00393,0.08749,0.00268,0.00007,0.02932,-0.02024,-0.014685
1791409363.940310,0,0,1002,0.12589,-0.03208,0.00385,0.09515,0.00240,0.00007,0.02531,-0.00852,-0.014847
1791409363.960681,0,0,1002,0.13525,-0.03447,0.00378,0.10335,0.00219,0.00008,0.02251,-0.01385,-0.015075
1791409363.980100,0,0,1002,0.14510,-0.03658,0.00374,0.11196,0.00201,0.00008,0.02058,-0.02344,-0.015273
1791409364.000458,0,0,1002,0.15433,-0.03832,0.00379,0.12108,0.00187,0.00006,0.01933,-0.00746,-0.015346
1791409364.020448,0,0,1002,0.16350,-0.03982,0.00375,0.13042,0.00175,0.00006,0.01848,-0.01385,-0.015364
1791409364.043549,0,0,1002,0.17422,-0.04092,0.00376,0.14168,0.00160,0.00005,0.01775,-0.00959,-0.015503
1791409364.063970,0,0,1002,0.18310,-0.04132,0.00388,0.15116,0.00148,0.00004,0.01734,-0.01704,-0.015650
1791409364.083635,0,0,1002,0.19103,-0.04147,0.00403,0.16060,0.00137,0.00002,0.01702,0.00639,-0.015556
1791409364.103464,0,0,1002,0.19982,-0.04124,0.00411,0.16692,0.00130,0.00001,0.01719,0.00107,-0.015293
1791409364.123592,0,0,1002,0.20772,-0.04073,0.00407,0.17782,0.00123,0.00001,0.01752,-0.02450,-0.015183
1791409364.143502,0,0,1002,0.21539,-0.04022,0.00404,0.18762,0.00114,0.00001,0.01729,-0.03196,-0.015454
1791409364.163491,0,0,1002,0.22233,-0.03935,0.00407,0.19606,0.00105,0.00001,0.01698,-0.02237,-0.015702
1791409364.183665,0,0,1002,0.23040,-0.03834,0.00407,0.20537,0.00095,0.00001,0.01668,-0.01917,-0.016086
1791409364.203494,0,0,1002,0.23770,-0.03700,0.00407,0.21430,0.00086,0.00001,0.01630,-0.02131,-0.016270
1791409364.224015,0,0,1002,0.24498,-0.03614,0.00406,0.22284,0.00078,0.00001,0.01585,-0.00213,-0.016329
1791409364.243506,0,0,1002,0.25252,-0.03484,0.00408,0.23112,0.00071,0.00000,0.01540,-0.01598,-0.016457
1791409364.263511,0,0,1002,0.26007,-0.03373,0.00408,0.23928,0.00065,0.00000,0.01502,-0.03089,-0.016656
1791409364.286569,0,0,1002,0.26775,-0.03267,0.00404,0.24793,0.00060,0.00000,0.01457,-0.02450,-0.016997
1791409364.303346,0,0,1002,0.27387,-0.03132,0.00399,0.25481,0.00056,0.00000,0.01421,-0.02770,-0.017233
1791409364.323627,0,0,1002,0.28102,-0.03036,0.00399,0.26235,0.00052,0.00000,0.01386,-0.02983,-0.017629
1791409364.343615,0,0,1002,0.28806,-0.02904,0.00391,0.26977,0.00049,0.00001,0.01355,-0.02344,-0.018123
1791409364.363526,0,0,1002,0.29449,-0.02798,0.00385,0.27702,0.00046,0.00001,0.01324,-0.04900,-0.018697
1791409364.383523,0,0,1002,0.30120,-0.02687,0.00374,0.28415,0.00044,0.00001,0.01296,-0.02983,-0.019277
1791409364.403465,0,0,1002,0.30775,-0.02568,0.00363,0.29114,0.00041,0.00001,0.01269,-0.03728,-0.019769
1791409364.423477,0,0,1002,0.31408,-0.02414,0.00360,0.29790,0.00039,0.00001,0.01239,-0.03515,-0.020201
1791409364.443690,0,0,1002,0.31920,-0.02308,0.00350,0.30403,0.00037,0.00001,0.01189,-0.03089,-0.020648
1791409364.463484,0,0,1002,0.32326,-0.02152,0.00332,0.30933,0.09561,0.00084,-0.03203,-0.01704,-0.020885
1791409364.483698,0,0,1002,0.32580,-0.01994,0.00318,0.31319,0.10732,0.00849,-0.07528,-0.00426,-0.021073
1791409364.503349,0,0,1002,0.32714,-0.01808,0.00311,0.31583,0.09164,0.00034,-0.09132,-0.01598,-0.021187
1791409364.523524,0,0,1002,0.32764,-0.01644,0.00304,0.31770,0.00048,0.00018,-0.07670,-0.01917,-0.021343
1791409364.543654,0,0,1002,0.32780,-0.01515,0.00299,0.31888,-0.00148,-0.00009,-0.05657,-0.02770,-0.021604
1791409364.563450,0,0,1002,0.32782,-0.01399,0.00296,0.31965,-0.00109,-0.00007,-0.04452,-0.04794,-0.022088
1791409364.583649,0,0,1002,0.32783,-0.01289,0.00289,0.32041,-0.00075,-0.00006,-0.03308,-0.03089,-0.022477
1791409364.603562,0,0,1002,0.32784,-0.01196,0.00288,0.32099,-0.00052,-0.00005,-0.02462,-0.00852,-0.022609
1791409364.623486,0,0,1002,0.32784,-0.01159,0.00287,0.32124,-0.00044,-0.00004,-0.02124,0.00107,-0.022540
1791409364.643472,0,0,1002,0.32784,-0.01082,0.00284,0.32163,-0.00032,-0.00003,-0.01628,0.00959,-0.022045
1791409364.663486,0,0,1002,0.32783,-0.01060,0.00283,0.32193,-0.00023,-0.00002,-0.01213,0.00320,-0.021743
1791409364.683625,0,0,1002,0.32784,-0.01057,0.00284,0.32213,-0.00017,-0.00002,-0.00905,-0.00746,-0.021608
1791409364.703485,0,0,1002,0.32784,-0.01064,0.00286,0.32226,-0.00013,-0.00001,-0.00676,-0.02344,-0.021755
1791409364.723448,0,0,1002,0.32785,-0.01071,0.00286,0.32236,-0.00009,-0.00001,-0.00506,-0.02450,-0.022065
1791409364.743670,0,0,1002,0.32785,-0.01097,0.00287,0.32242,-0.00007,-0.00001,-0.00378,-0.00959,-0.022277
1791409364.763439,0,0,1002,0.32784,-0.01148,0.00289,0.32246,-0.00005,-0.00000,-0.00283,0.01172,-0.022060
1791409364.783447,0,0,1002,0.32783,-0.01227,0.00291,0.32248,-0.00004,-0.00000,-0.00213,0.00746,-0.021681
1791409364.803990,0,0,1002,0.32782,-0.01312,0.00291,0.32249,-0.00003,-0.00000,-0.00160,0.00000,-0.021496
1791409364.823446,0,0,1002,0.32781,-0.01394,0.00295,0.32248,-0.00002,-0.00000,-0.00121,-0.01704,-0.021433
1791409364.843633,0,0,1002,0.32780,-0.01467,0.00297,0.32248,-0.00002,-0.00000,-0.00091,-0.00959,-0.021569
1791409364.863534,0,0,1002,0.32780,-0.01526,0.00300,0.32247,-0.00001,-0.00000,-0.00069,-0.00533,-0.021730
1791409364.883487,0,0,1002,0.32778,-0.01572,0.00303,0.32245,-0.00001,-0.00000,-0.00053,-0.03302,-0.021933
1791409364.903356,0,0,1002,0.32778,-0.01599,0.00304,0.32245,-0.00001,-0.00000,-0.00040,-0.01172,-0.022040
1791409364.923522,0,0,1002,0.32777,-0.01615,0.00307,0.32244,-0.00001,-0.00000,-0.00030,-0.00746,-0.021971
1791409364.944062,0,0,1002,0.32777,-0.01618,0.00305,0.32244,-0.00000,-0.00000,-0.00023,0.00213,-0.021783
1791409364.963382,0,0,1002,0.32778,-0.01613,0.00306,0.32244,-0.00000,-0.00000,-0.00017,-0.00533,-0.021682
1791409364.983484,0,0,1002,0.32778,-0.01601,0.00305,0.32244,-0.00000,-0.00000,-0.00013,-0.00213,-0.021637
1791409365.004048,0,0,1002,0.32778,-0.01585,0.00302,0.32245,-0.00000,-0.00000,-0.00009,-0.01065,-0.021715
1791409365.023482,0,0,1002,0.32778,-0.01568,0.00299,0.32245,-0.00000,-0.00000,-0.00007,-0.02237,-0.021844
1791409365.043694,0,0,1002,0.32778,-0.01551,0.00296,0.32246,-0.00000,-0.00000,-0.00005,0.00000,-0.021865
1791409365.063545,0,0,1002,0.32778,-0.01537,0.00294,0.32247,-0.00000,-0.00000,-0.00003,0.00000,-0.021804
1791409365.086792,0,0,1002,0.32779,-0.01529,0.00294,0.32247,-0.00000,-0.00000,-0.00002,-0.00213,-0.021821
1791409365.106963,0,0,1002,0.32779,-0.01527,0.00297,0.32248,-0.00000,-0.00000,-0.00002,-0.00746,-0.021696
1791409365.126930,0,0,1002,0.32779,-0.01527,0.00300,0.32248,-0.00000,-0.00000,-0.00001,-0.00426,-0.021586
1791409365.156739,0,0,1002,0.32778,-0.01536,0.00301,0.32248,-0.00000,-0.00000,-0.00001,-0.00320,-0.021508
1791409365.176871,0,0,1002,0.32779,-0.01538,0.00302,0.32248,-0.00000,-0.00000,-0.00001,-0.01172,-0.021471
1791409365.196993,0,0,1002,0.32779,-0.01543,0.00301,0.32247,-0.00000,-0.00000,-0.00001,-0.01704,-0.021533
1791409365.216676,0,0,1002,0.32779,-0.01545,0.00300,0.32247,-0.00000,0.00000,-0.00000,-0.01172,-0.021584
1791409365.236832,0,0,1002,0.32778,-0.01545,0.00299,0.32247,-0.00000,-0.00000,-0.00000,-0.01065,-0.021631
1791409365.256816,0,0,1002,0.32779,-0.01544,0.00298,0.32247,-0.00000,0.00000,-0.00000,0.00320,-0.021673
1791409365.286751,0,0,1002,0.32778,-0.01541,0.00296,0.32248,-0.00000,-0.00000,-0.00000,-0.01278,-0.021683
1791409365.306873,0,0,1002,0.32778,-0.01539,0.00295,0.32248,-0.00000,-0.00000,-0.00000,-0.00959,-0.021642
1791409365.327109,0,0,1002,0.32779,-0.01536,0.00298,0.32248,0.00000,0.00000,0.00000,0.00639,-0.021522
1791409365.346810,0,0,1002,0.32779,-0.01535,0.00300,0.32248,0.00000,0.00000,0.00000,0.00107,-0.021425
1791409365.367001,0,0,1002,0.32779,-0.01534,0.00304,0.32248,0.00000,0.00000,0.00000,-0.01172,-0.021399
1791409365.387036,0,0,1002,0.32779,-0.01535,0.00306,0.32248,0.00000,0.00000,0.00000,-0.00213,-0.021350
1791409365.406827,0,0,1002,0.32779,-0.01535,0.00308,0.32248,0.00000,0.00000,0.00000,-0.01385,-0.021356
1791409365.426853,0,0,1002,0.32779,-0.01534,0.00308,0.32248,0.00000,-0.00000,0.00000,-0.00852,-0.021382
1791409365.447277,0,0,1002,0.32779,-0.01536,0.00307,0.32248,0.00000,0.00000,0.00000,0.00213,-0.021461
1791409365.466839,0,0,1002,0.32779,-0.01536,0.00305,0.32248,0.00000,-0.00000,0.00000,-0.00639,-0.021531
1791409365.486902,0,0,1002,0.32778,-0.01537,0.00303,0.32248,0.00000,-0.00000,0.00000,-0.01065,-0.021584
1791409365.506756,0,0,1002,0.32779,-0.01535,0.00302,0.32248,0.00000,-0.00000,0.00000,-0.00852,-0.021587
1791409365.527124,0,0,1002,0.32779,-0.01533,0.00303,0.32248,0.00000,0.00000,0.00000,-0.00320,-0.021544
1791409365.547159,0,0,1002,0.32779,-0.01533,0.00301,0.32248,0.00000,-0.00000,0.00000,-0.00639,-0.021500
1791409365.566837,0,0,1002,0.32779,-0.01533,0.00302,0.32248,0.00000,0.00000,0.00000,-0.01278,-0.021434
1791409365.586975,0,0,1002,0.32779,-0.01535,0.00303,0.32248,0.00000,-0.00000,0.00000,-0.01065,-0.021419
1791409365.606908,0,0,1002,0.32779,-0.01536,0.00304,0.32248,0.00000,-0.00000,0.00000,-0.01278,-0.021400
1791409365.626858,0,0,1002,0.32779,-0.01537,0.00305,0.32248,-0.00000,-0.00000,-0.00000,-0.00107,-0.021437
1791409365.646975,0,0,1002,0.32779,-0.01537,0.00306,0.32248,-0.00000,0.00000,-0.00000,-0.00426,-0.021464
1791409365.666706,0,0,1002,0.32779,-0.01537,0.00306,0.32248,-0.00000,0.00000,0.00000,-0.00746,-0.021501
1791409365.686908,0,0,1002,0.32778,-0.01537,0.00302,0.32248,0.00000,-0.00000,0.00000,-0.01491,-0.021618
1791409365.707440,0,0,1002,0.32779,-0.01535,0.00300,0.32248,0.00000,-0.00000,0.00000,0.00000,-0.021675
1791409365.726848,0,0,1002,0.32778,-0.01532,0.00300,0.32248,0.00000,0.00000,0.00000,-0.00533,-0.021703
1791409365.746850,0,0,1002,0.32779,-0.01532,0.00300,0.32248,0.00000,0.00000,0.00000,-0.00107,-0.021690
1791409365.766804,0,0,1002,0.32778,-0.01530,0.00299,0.32248,0.00000,-0.00000,0.00000,-0.00746,-0.021606
1791409365.787098,0,0,1002,0.32778,-0.01532,0.00302,0.32248,0.00000,0.00000,0.00000,-0.00426,-0.021501
1791409365.806667,0,0,1002,0.32779,-0.01532,0.00304,0.32248,0.00000,0.00000,0.00000,-0.00852,-0.021416
1791409365.827158,0,0,1002,0.32779,-0.01533,0.00305,0.32248,0.00000,-0.00000,0.00000,-0.01172,-0.021359
1791409365.851699,0,0,1002,0.32779,-0.01533,0.00307,0.32248,0.00000,0.00000,0.00000,-0.00639,-0.021339
1791409365.870209,0,0,1002,0.32779,-0.01533,0.00307,0.32248,-0.00000,-0.00000,0.00000,-0.02131,-0.021340
1791409365.890217,0,0,1002,0.32779,-0.01532,0.00306,0.32248,0.00000,-0.00000,0.00000,-0.01278,-0.021371
1791409365.910249,0,0,1002,0.32779,-0.01530,0.00306,0.32248,0.00000,-0.00000,0.00000,-0.01491,-0.021435
1791409365.940133,0,0,1002,0.32779,-0.01529,0.00303,0.32249,0.00000,0.00000,0.00000,-0.01172,-0.021507
1791409365.960210,0,0,1002,0.32779,-0.01527,0.00302,0.32249,0.00000,0.00000,0.00000,-0.00852,-0.021527
1791409365.980416,0,0,1002,0.32778,-0.01527,0.00300,0.32249,0.00000,0.00000,0.00000,-0.00959,-0.021535
1791409366.000291,0,0,1002,0.32779,-0.01528,0.00301,0.32249,0.00000,0.00000,0.00000,-0.00746,-0.021489
1791409366.020172,0,0,1002,0.32779,-0.01529,0.00303,0.32249,0.00000,0.00000,0.00000,0.00000,-0.021373
1791409366.040228,0,0,1002,0.32779,-0.01528,0.00305,0.32249,0.00000,0.00000,0.00000,-0.00107,-0.021303
1791409366.060246,0,0,1002,0.32779,-0.01529,0.00307,0.32249,-0.00000,0.00000,0.00000,-0.00213,-0.021248
1791409366.080284,0,0,1002,0.32779,-0.01529,0.00308,0.32249,0.00000,0.00000,0.00000,-0.00107,-0.021207
1791409366.100185,0,0,1002,0.32779,-0.01529,0.00308,0.32249,0.00000,0.00000,0.00000,-0.01278,-0.021259
1791409366.120293,0,0,1002,0.32779,-0.01528,0.00309,0.32249,0.00000,-0.00000,0.00000,-0.01811,-0.021319
1791409366.140117,0,0,100,0.32779,-0.01526,0.00308,0.32249,0.00000,0.00000,0.00000,-0.00746,-0.021363
1791409366.160310,0,0,100,0.32741,-0.02156,0.00381,0.32191,-0.21017,0.03023,-0.03923,0.07350,-0.021049
1791409366.180284,0,0,100,0.32911,-0.02367,0.00487,0.32008,0.01810,0.14270,-0.13017,0.08522,-0.019771
1791409366.200258,0,0,100,0.32838,-0.02148,0.00506,0.31793,-0.10611,-0.01128,-0.06097,0.15446,-0.016825
1791409366.220234,0,0,100,0.32712,-0.02272,0.00512,0.31799,-0.05676,0.06054,-0.02375,0.17577,-0.013312
1791409366.240885,0,0,100,0.32716,-0.02232,0.00609,0.31798,-0.08753,-0.00697,-0.07484,0.14061,-0.010211
1791409366.260242,0,0,100,0.32710,-0.02387,0.00644,0.31722,-0.06054,0.01748,-0.10598,0.12037,-0.007580
1791409366.280400,0,0,100,0.32696,-0.02528,0.00696,0.31630,-0.04438,0.00997,-0.10382,0.11398,-0.004968
1791409366.300291,0,0,100,0.32616,-0.02619,0.00726,0.31586,-0.03761,0.02163,-0.08151,0.12996,-0.002380
1791409366.320185,0,0,100,0.32546,-0.02712,0.00774,0.31567,-0.04649,0.02153,-0.05952,0.09694,0.000374
1791409366.340232,0,0,100,0.32517,-0.02763,0.00823,0.31568,-0.01413,0.01684,-0.05053,0.09481,0.002638
1791409366.360232,0,0,100,0.32511,-0.02782,0.00862,0.31573,0.00726,0.00141,-0.04853,0.08735,0.004543
1791409366.380182,0,0,100,0.32501,-0.02771,0.00900,0.31575,0.02106,0.00572,-0.05030,0.07776,0.006246
1791409366.400045,0,0,100,0.32495,-0.02731,0.00922,0.31565,0.05126,0.00560,-0.05464,0.07350,0.007911
1791409366.420296,0,0,100,0.32499,-0.02680,0.00935,0.31555,0.04569,0.01504,-0.05209,0.08842,0.009709
1791409366.440336,0,0,100,0.32497,-0.02616,0.00945,0.31551,0.05650,0.01170,-0.04575,0.08842,0.011650
1791409366.460176,0,0,100,0.32498,-0.02557,0.00945,0.31553,0.04489,-0.01745,-0.04519,0.07137,0.013289
1791409366.480228,0,0,100,0.32502,-0.02478,0.00944,0.31556,0.03725,0.00510,-0.04526,0.04794,0.014506
1791409366.500668,0,0,100,0.32505,-0.02408,0.00944,0.31552,0.04129,0.01057,-0.04836,0.02557,0.015166
1791409366.520159,0,0,100,0.32510,-0.02345,0.00933,0.31546,0.03309,-0.01874,-0.04944,0.01704,0.015679
1791409366.540299,0,0,100,0.32512,-0.02290,0.00932,0.31539,0.02185,-0.00370,-0.04807,0.03089,0.016153
1791409366.560382,0,0,100,0.32515,-0.02247,0.00937,0.31534,0.02528,0.00462,-0.04773,0.03089,0.016803
1791409366.590031,0,0,100,0.32514,-0.02187,0.00952,0.31533,0.02322,0.00082,-0.04628,0.02131,0.017787
1791409366.610136,0,0,100,0.32514,-0.02159,0.00960,0.31532,0.02126,-0.00331,-0.04847,0.00426,0.018239
1791409366.630249,0,0,100,0.32513,-0.02139,0.00965,0.31530,0.01671,0.00183,-0.04694,-0.00426,0.018468
1791409366.650018,0,0,100,0.32513,-0.02120,0.00967,0.31528,0.01736,-0.01301,-0.04827,0.00213,0.018635
1791409366.670101,0,0,100,0.32513,-0.02106,0.00964,0.31524,0.01554,-0.00926,-0.04842,0.01065,0.018828
1791409366.690261,0,0,100,0.32514,-0.02088,0.00964,0.31524,0.01494,-0.00225,-0.04559,0.02557,0.019213
1791409366.710132,0,0,100,0.32515,-0.02073,0.00966,0.31527,0.00290,-0.00555,-0.04510,0.00639,0.019730
1791409366.730095,0,0,100,0.32515,-0.02059,0.00970,0.31527,0.01434,0.00657,-0.04559,0.00959,0.020254
1791409366.750145,0,0,100,0.32516,-0.02046,0.00970,0.31526,0.01950,-0.00514,-0.04645,0.00533,0.020590
1791409366.770081,0,0,100,0.32516,-0.02032,0.00968,0.31521,0.00438,-0.00908,-0.04693,0.01491,0.020984
1791409366.790217,0,0,100,0.32517,-0.02020,0.00977,0.31521,0.02155,-0.00360,-0.04394,0.01172,0.021445
1791409366.810143,0,0,100,0.32517,-0.02001,0.00983,0.31523,0.01469,-0.00760,-0.04532,0.01172,0.021914
1791409366.830282,0,0,100,0.32517,-0.01982,0.00988,0.31521,0.01178,-0.00659,-0.04714,-0.00107,0.022187
1791409366.850072,0,0,100,0.32518,-0.01964,0.00990,0.31517,0.01139,-0.00077,-0.04598,0.00746,0.022467
1791409366.870008,0,0,100,0.32518,-0.01949,0.00992,0.31515,0.01962,-0.00277,-0.04514,-0.00107,0.022722
1791409366.890140,0,0,100,0.32519,-0.01931,0.00991,0.31516,0.02222,-0.00769,-0.04614,0.01172,0.022992
1791409366.910138,0,0,100,0.32520,-0.01915,0.00988,0.31515,0.01337,-0.00552,-0.04699,-0.00213,0.023277
1791409366.930024,0,0,100,0.32520,-0.01901,0.00986,0.31514,0.01965,-0.01356,-0.04682,0.00107,0.023469
1791409366.950244,0,0,100,0.32521,-0.01887,0.00982,0.31514,0.00639,-0.00816,-0.04562,-0.01065,0.023613
1791409366.970106,0,0,100,0.32521,-0.01872,0.00981,0.31514,0.00664,0.00882,-0.04613,-0.00107,0.023827
1791409366.990166,0,0,100,0.32522,-0.01856,0.00986,0.31513,0.01573,0.00281,-0.04633,0.00320,0.024104
1791409367.010078,0,0,100,0.32522,-0.01846,0.00989,0.31511,0.01165,-0.00409,-0.04684,0.00000,0.024329
1791409367.030061,0,0,100,0.32522,-0.01832,0.00990,0.31509,0.00579,0.00666,-0.04696,-0.00533,0.024377
1791409367.050149,0,0,100,0.32521,-0.01819,0.00993,0.31506,0.01348,-0.00137,-0.04761,-0.00320,0.024441
1791409367.070157,0,0,100,0.32521,-0.01804,0.00997,0.31506,0.00866,-0.00475,-0.04704,-0.00107,0.024534
1791409367.090208,0,0,100,0.32521,-0.01793,0.00997,0.31508,0.01042,-0.00405,-0.04580,-0.00746,0.024563
1791409367.110067,0,0,100,0.32521,-0.01781,0.00997,0.31507,0.01630,-0.00208,-0.04624,-0.01704,0.024543
1791409367.130072,0,0,100,0.32522,-0.01765,0.00992,0.31507,0.00634,-0.00794,-0.04659,-0.01491,0.024482
1791409367.150172,0,0,100,0.32522,-0.01750,0.00990,0.31507,0.01436,0.00689,-0.04535,-0.00107,0.024580
1791409367.170126,0,0,100,0.32522,-0.01740,0.00988,0.31505,0.00792,0.00702,-0.04619,-0.00852,0.024576
1791409367.190217,0,0,100,0.32522,-0.01729,0.00988,0.31505,0.01175,0.01266,-0.04600,0.00213,0.024645
1791409367.210086,0,0,100,0.32522,-0.01721,0.00990,0.31505,0.00188,0.00691,-0.04573,-0.00213,0.024678
1791409367.230057,0,0,100,0.32522,-0.01716,0.00991,0.31505,-0.00296,0.01008,-0.04584,-0.00426,0.024770
1791409367.250222,0,0,100,0.32522,-0.01707,0.00997,0.31505,0.01662,0.00803,-0.04592,0.00107,0.024955
1791409367.270087,0,0,100,0.32521,-0.01701,0.00999,0.31506,0.00481,-0.00034,-0.04537,-0.00107,0.025082
1791409367.293378,0,0,100,0.32520,-0.01694,0.01002,0.31506,0.00141,0.00842,-0.04497,-0.01278,0.025196
1791409367.313495,0,0,100,0.32521,-0.01692,0.01002,0.31507,0.01303,-0.00306,-0.04566,-0.00746,0.025188
1791409367.333399,0,0,100,0.32520,-0.01690,0.01002,0.31505,0.01065,-0.00257,-0.04635,-0.02024,0.025064
1791409367.353673,0,0,100,0.32520,-0.01688,0.01000,0.31504,-0.00123,0.00013,-0.04679,-0.01704,0.025030
1791409367.374115,0,0,100,0.32521,-0.01685,0.00994,0.31503,-0.00110,-0.00732,-0.04629,-0.00533,0.024995
1791409367.393340,0,0,100,0.32522,-0.01680,0.00995,0.31502,0.00814,-0.00696,-0.04710,-0.00107,0.025096
1791409367.413644,0,0,100,0.32521,-0.01680,0.00996,0.31501,-0.00894,-0.00500,-0.04666,-0.00213,0.025218
1791409367.433288,0,0,100,0.32521,-0.01678,0.00999,0.31501,0.00188,0.00383,-0.04595,-0.01385,0.025332
1791409367.453394,0,0,100,0.32521,-0.01677,0.01000,0.31501,0.00998,0.01275,-0.04599,0.00320,0.025304
1791409367.473698,0,0,100,0.32521,-0.01677,0.01002,0.31502,-0.00404,0.00242,-0.04595,0.00320,0.025332
1791409367.493430,0,0,100,0.32520,-0.01674,0.01006,0.31501,0.00114,0.00556,-0.04640,0.00213,0.025456
1791409367.513501,0,0,100,0.32520,-0.01672,0.01008,0.31499,0.00825,0.00850,-0.04651,0.00533,0.025598
1791409367.533363,0,0,100,0.32520,-0.01669,0.01010,0.31499,0.01134,-0.00367,-0.04704,-0.01598,0.025633
1791409367.553311,0,0,100,0.32520,-0.01666,0.01008,0.31500,0.00155,0.00072,-0.04679,-0.02024,0.025502
1791409367.573385,0,0,100,0.32520,-0.01662,0.01004,0.31501,0.00363,-0.00703,-0.04654,-0.01385,0.025360
1791409367.593416,0,0,100,0.32521,-0.01657,0.01001,0.31502,0.01123,-0.00020,-0.04619,-0.01065,0.025219
1791409367.613442,0,0,100,0.32521,-0.01652,0.01000,0.31502,0.01341,-0.00422,-0.04656,-0.02237,0.025142
1791409367.633363,0,0,100,0.32521,-0.01643,0.01000,0.31501,0.01307,-0.00237,-0.04590,-0.00320,0.025288
1791409367.653377,0,0,100,0.32521,-0.01637,0.01003,0.31501,0.00675,0.01318,-0.04520,-0.01278,0.025429
1791409367.673497,0,0,100,0.32521,-0.01631,0.01003,0.31502,0.00887,0.00557,-0.04554,-0.00107,0.025572
1791409367.693474,0,0,100,0.32521,-0.01626,0.01006,0.31502,0.01421,0.00114,-0.04538,-0.00533,0.025699
1791409367.713362,0,0,100,0.32521,-0.01622,0.01009,0.31503,0.00554,-0.00535,-0.04567,-0.00107,0.025809
1791409367.733608,0,0,100,0.32520,-0.01616,0.01011,0.31502,0.00032,0.00297,-0.04578,-0.00107,0.025872
1791409367.753314,0,0,100,0.32520,-0.01611,0.01010,0.31502,-0.00089,0.00036,-0.04544,-0.01172,0.025823
1791409367.773386,0,0,100,0.32520,-0.01603,0.01008,0.31502,0.00730,-0.01871,-0.04698,-0.00639,0.025759
1791409367.793530,0,0,100,0.32521,-0.01597,0.01006,0.31501,0.00780,-0.00142,-0.04629,-0.01065,0.025670
1791409367.813338,0,0,100,0.32521,-0.01592,0.01002,0.31501,0.00841,-0.00087,-0.04607,-0.01385,0.025580
1791409367.833410,0,0,100,0.32521,-0.01587,0.00997,0.31501,0.00978,-0.00986,-0.04644,-0.00533,0.025489
1791409367.853330,0,0,100,0.32521,-0.01582,0.00995,0.31501,0.00868,-0.00687,-0.04628,-0.00852,0.025520
1791409367.873446,0,0,100,0.32521,-0.01577,0.00998,0.31501,0.01046,-0.00469,-0.04631,0.00000,0.025667
1791409367.893406,0,0,100,0.32521,-0.01574,0.01001,0.31499,0.01152,-0.00840,-0.04681,-0.00320,0.025816
1791409367.913357,0,0,100,0.32521,-0.01573,0.01004,0.31501,0.01033,-0.00553,-0.04645,0.00320,0.025970
1791409367.933531,0,0,100,0.32520,-0.01571,0.01007,0.31500,0.00362,-0.00279,-0.04659,-0.00107,0.026079
1791409367.953404,0,0,100,0.32520,-0.01569,0.01010,0.31499,0.00617,0.00087,-0.04615,-0.00533,0.026096
1791409367.973374,0,0,100,0.32519,-0.01568,0.01008,0.31500,0.00399,-0.01012,-0.04644,-0.01172,0.026072
1791409367.993596,0,0,100,0.32520,-0.01564,0.01007,0.31500,0.01073,0.00175,-0.04629,-0.01491,0.026025
1791409368.013360,0,0,100,0.32520,-0.01561,0.01004,0.31500,0.00149,-0.00650,-0.04610,-0.01917,0.025914
1791409368.033423,0,0,100,0.32520,-0.01561,0.01001,0.31500,0.00185,0.00385,-0.04584,-0.02344,0.025760
1791409368.053411,0,0,100,0.32520,-0.01557,0.00999,0.31501,0.00138,-0.00228,-0.04587,-0.01065,0.025729
1791409368.073371,0,0,100,0.32521,-0.01551,0.00998,0.31502,0.00101,0.00202,-0.04529,-0.01598,0.025702
1791409368.093653,0,0,100,0.32521,-0.01548,0.00997,0.31502,0.00095,-0.00734,-0.04623,-0.00959,0.025689
1791409368.113406,0,0,100,0.32520,-0.01544,0.00998,0.31501,0.00677,-0.00120,-0.04590,-0.01065,0.025743
1791409368.133500,0,0,100,0.32520,-0.01540,0.01001,0.31501,0.00127,-0.00988,-0.04573,-0.00213,0.025877
1791409368.153342,0,0,100,0.32526,-0.01490,0.01019,0.31502,0.12538,0.03258,-0.04528,0.00959,0.026123
1791409368.173468,0,0,100,0.32457,-0.01397,0.01030,0.31513,0.08789,-0.01001,-0.05517,-0.03941,0.025895
1791409368.193547,0,0,100,0.32400,-0.01310,0.01023,0.31510,0.04967,-0.00051,-0.05368,-0.05646,0.025109
1791409368.213442,0,0,100,0.32332,-0.01212,0.01013,0.31495,0.06209,-0.02465,-0.05487,-0.06924,0.023996
1791409368.233435,0,0,100,0.32262,-0.01074,0.00995,0.31455,0.07474,0.00024,-0.04818,-0.07457,0.022614
1791409368.254044,0,0,100,0.32191,-0.00892,0.00987,0.31391,0.09221,-0.00445,-0.04655,-0.07137,0.021143
1791409368.273330,0,0,100,0.32138,-0.00693,0.00961,0.31343,0.11196,-0.01157,-0.04872,-0.07244,0.019877
1791409368.293312,0,0,100,0.32113,-0.00457,0.00937,0.31300,0.12597,-0.00153,-0.05713,-0.07989,0.018671
1791409368.313478,0,0,100,0.32079,-0.00244,0.00918,0.31261,0.12097,-0.00770,-0.05664,-0.09800,0.017082
1791409368.333462,0,0,100,0.32039,-0.00032,0.00891,0.31231,0.12098,-0.02404,-0.05477,-0.11079,0.015149
1791409368.353377,0,0,100,0.31985,0.00184,0.00862,0.31200,0.10180,-0.00736,-0.05551,-0.06392,0.013622
1791409368.373548,0,0,100,0.31946,0.00392,0.00844,0.31170,0.10022,0.00467,-0.05686,-0.06179,0.012510
1791409368.393370,0,0,100,0.31912,0.00587,0.00826,0.31141,0.10147,-0.00856,-0.05710,-0.05007,0.011544
1791409368.413423,0,0,100,0.31862,0.00772,0.00808,0.31112,0.09911,-0.00600,-0.05827,-0.05220,0.010647
1791409368.433423,0,0,100,0.31819,0.00947,0.00790,0.31085,0.08177,-0.01176,-0.05668,-0.05646,0.009753
1791409368.453568,0,0,100,0.31792,0.01106,0.00773,0.31063,0.06964,-0.00122,-0.05179,-0.05539,0.008772
1791409368.473691,0,0,100,0.31768,0.01265,0.00758,0.31047,0.05919,-0.01176,-0.05097,-0.06818,0.007834
1791409368.493487,0,0,100,0.31736,0.01393,0.00746,0.31029,0.04714,0.00415,-0.05139,-0.04581,0.006922
1791409368.513544,0,0,100,0.31692,0.01495,0.00733,0.31005,0.04499,0.00049,-0.05662,-0.03835,0.006118
1791409368.543535,0,0,100,0.31630,0.01670,0.00721,0.30963,0.06343,0.00627,-0.05535,-0.03089,0.005318
1791409368.563471,0,0,100,0.31584,0.01760,0.00713,0.30938,0.04880,-0.01292,-0.05323,-0.03728,0.004858
1791409368.583591,0,0,100,0.31555,0.01842,0.00706,0.30916,0.05140,0.00547,-0.05382,-0.02876,0.004341
1791409368.603537,0,0,100,0.31549,0.01922,0.00705,0.30894,0.05779,0.00572,-0.05275,-0.02450,0.003952
1791409368.623572,0,0,100,0.31538,0.01987,0.00702,0.30875,0.04067,-0.00375,-0.05392,-0.02663,0.003585
1791409368.643618,0,0,100,0.31519,0.02057,0.00700,0.30856,0.03786,0.00036,-0.05310,-0.02663,0.003139
1791409368.663450,0,0,100,0.31509,0.02111,0.00695,0.30843,0.03286,-0.00915,-0.04913,-0.04794,0.002576
1791409368.683565,0,0,100,0.31500,0.02167,0.00697,0.30833,0.02562,-0.00102,-0.04813,-0.03515,0.002036
1791409368.703409,0,0,100,0.31492,0.02230,0.00701,0.30823,0.03741,0.01295,-0.04798,-0.03728,0.001559
1791409368.723439,0,0,100,0.31476,0.02285,0.00702,0.30812,0.03132,0.01501,-0.04986,-0.03622,0.001047
1791409368.743488,0,0,100,0.31463,0.02341,0.00702,0.30798,0.03148,0.01070,-0.04999,-0.05539,0.000270
1791409368.763437,0,0,100,0.31452,0.02408,0.00702,0.30788,0.02371,-0.00736,-0.04740,-0.05646,-0.000790
1791409368.783424,0,0,100,0.31448,0.02470,0.00708,0.30779,0.04253,0.01041,-0.04811,-0.04687,-0.001783
1791409368.803732,0,0,100,0.31444,0.02532,0.00716,0.30765,0.02984,-0.00832,-0.05089,-0.04261,-0.002551
1791409368.823449,0,0,100,0.31439,0.02592,0.00725,0.30733,0.01620,0.01137,-0.04995,-0.04687,-0.003200
1791409368.843589,0,0,100,0.31434,0.02612,0.00735,0.30680,0.00272,0.02945,-0.04946,-0.03515,-0.003711
1791409368.863811,0,0,100,0.31427,0.02682,0.00738,0.30640,0.04780,0.01710,-0.05194,-0.02344,-0.004086
1791409368.883623,0,0,100,0.31420,0.02738,0.00743,0.30607,0.03324,0.01490,-0.05595,-0.02024,-0.004474
1791409368.903814,0,0,100,0.31415,0.02797,0.00749,0.30581,0.04834,0.01774,-0.05536,-0.00426,-0.004664
1791409368.923406,0,0,100,0.31408,0.02858,0.00748,0.30562,0.01590,0.01365,-0.05569,-0.01385,-0.004807
1791409368.943601,0,0,100,0.31395,0.02924,0.00744,0.30545,0.02161,0.00596,-0.05783,-0.00959,-0.004886
1791409368.963579,0,0,100,0.31385,0.02976,0.00737,0.30530,0.04198,0.01045,-0.05909,-0.01917,-0.005036
1791409368.983487,0,0,100,0.31375,0.03034,0.00729,0.30513,0.02690,0.00303,-0.05925,-0.02770,-0.005185
1791409369.003617,0,0,100,0.31366,0.03091,0.00721,0.30501,0.03680,0.01099,-0.05910,-0.02131,-0.005490
1791409369.023552,0,0,100,0.31352,0.03149,0.00718,0.30490,0.02884,0.01292,-0.05895,-0.03196,-0.005858
1791409369.043423,0,0,100,0.31341,0.03208,0.00715,0.30479,0.02624,0.02518,-0.05970,-0.03728,-0.006314
1791409369.063418,0,0,100,0.31334,0.03264,0.00715,0.30467,0.01585,0.00848,-0.05925,-0.03515,-0.006776
1791409369.083494,0,0,100,0.31331,0.03310,0.00721,0.30457,0.04070,0.02269,-0.05888,-0.03835,-0.007175
1791409369.103975,0,0,100,0.31328,0.03365,0.00722,0.30448,0.01730,0.02127,-0.06005,-0.02663,-0.007598
1791409369.123618,0,0,100,0.31322,0.03409,0.00726,0.30440,0.01257,0.01239,-0.05795,-0.00746,-0.007928
1791409369.143657,0,0,100,0.31319,0.03454,0.00730,0.30436,0.02382,0.01995,-0.05752,-0.02557,-0.008137
1791409369.163579,0,0,100,0.31315,0.03502,0.00730,0.30429,0.02180,0.01528,-0.05866,-0.03302,-0.008388
1791409369.183449,0,0,100,0.31310,0.03535,0.00732,0.30424,0.00814,0.01048,-0.05784,-0.02876,-0.008667
1791409369.203555,0,0,100,0.31306,0.03570,0.00733,0.30417,0.02686,0.01829,-0.05882,-0.01385,-0.008843
1791409369.223593,0,0,100,0.31304,0.03606,0.00734,0.30411,0.00747,0.01358,-0.05876,-0.01065,-0.009008
1791409369.243593,0,0,100,0.31296,0.03627,0.00732,0.30408,0.00885,0.01457,-0.05593,-0.02024,-0.009183
1791409369.263413,0,0,100,0.31286,0.03646,0.00734,0.30407,-0.00152,0.02397,-0.05569,-0.01811,-0.009514
1791409369.283493,0,0,100,0.31282,0.03671,0.00738,0.30404,0.02045,0.02580,-0.05695,-0.01491,-0.009748
1791409369.303550,0,0,100,0.31280,0.03696,0.00742,0.30397,0.00663,0.01944,-0.05805,-0.01065,-0.009921
1791409369.323650,0,0,100,0.31279,0.03712,0.00744,0.30392,-0.00310,0.01807,-0.05542,-0.02024,-0.010102
1791409369.343471,0,0,100,0.31278,0.03727,0.00750,0.30391,0.01221,0.01641,-0.05582,-0.03089,-0.010429
1791409369.363676,0,0,100,0.31276,0.03752,0.00757,0.30422,0.01747,0.00445,-0.05576,-0.01065,-0.010739
1791409369.383672,0,0,100,0.31275,0.03781,0.00760,0.30474,0.01788,0.01133,-0.04993,-0.01704,-0.010996
1791409369.403615,0,0,100,0.31273,0.03799,0.00763,0.30497,0.00486,0.00977,-0.04813,-0.02237,-0.011307
1791409369.424062,0,0,100,0.31270,0.03819,0.00767,0.30505,0.02325,0.00649,-0.04775,-0.02770,-0.011588
1791409369.443713,0,0,100,0.31266,0.03852,0.00772,0.30506,0.01983,0.01106,-0.04571,-0.01917,-0.011972
1791409369.463489,0,0,100,0.31252,0.03879,0.00774,0.30506,0.02681,-0.00890,-0.04530,-0.03728,-0.012359
1791409369.483687,0,0,100,0.31243,0.03906,0.00774,0.30503,0.01596,0.00636,-0.04595,-0.04048,-0.012806
1791409369.503558,0,0,100,0.31237,0.03931,0.00778,0.30499,0.01902,0.00389,-0.04470,-0.01811,-0.013092
1791409369.523639,0,0,100,0.31234,0.03955,0.00778,0.30495,0.01130,-0.00049,-0.04388,-0.01385,-0.013220
1791409369.543362,0,0,100,0.31230,0.03978,0.00774,0.30491,0.01421,-0.00840,-0.04309,-0.01917,-0.013327
1791409369.563644,0,0,100,0.31224,0.03997,0.00771,0.30489,0.01357,0.01068,-0.04262,-0.01704,-0.013389
1791409369.583484,0,0,100,0.31211,0.04010,0.00767,0.30486,0.01680,-0.00436,-0.04421,-0.00639,-0.013528
1791409369.603652,0,0,100,0.31206,0.04026,0.00765,0.30482,0.02602,-0.00535,-0.04348,-0.01491,-0.013657
1791409369.623422,0,0,100,0.31202,0.04041,0.00763,0.30480,0.00489,0.00543,-0.04217,-0.02237,-0.013779
1791409369.643523,0,0,100,0.31202,0.04052,0.00762,0.30478,0.00780,-0.00450,-0.04226,-0.01598,-0.013845
1791409369.663649,0,0,100,0.31208,0.03937,0.00756,0.30470,-0.27740,-0.01358,-0.03941,-0.01598,-0.013924
1791409369.683715,0,0,100,0.31217,0.03869,0.00730,0.30459,0.01880,-0.04358,-0.02519,0.07244,-0.012932
1791409369.703515,0,0,100,0.31209,0.03850,0.00687,0.30465,-0.03338,-0.01497,-0.03788,0.08416,-0.011134
1791409369.723497,0,0,100,0.31207,0.03787,0.00649,0.30452,-0.04877,-0.00012,-0.05304,0.04474,-0.009582
1791409369.743567,0,0,100,0.31210,0.03688,0.00616,0.30456,-0.05618,-0.00058,-0.03588,0.03409,-0.008606
1791409369.763558,0,0,100,0.31223,0.03582,0.00600,0.30484,-0.06227,-0.00479,-0.02423,-0.00320,-0.008318
1791409369.783605,0,0,100,0.31236,0.03453,0.00585,0.30510,-0.06863,-0.00004,-0.02781,0.00746,-0.008142
1791409369.803564,0,0,100,0.31248,0.03335,0.00574,0.30526,-0.06813,0.00298,-0.03568,0.00000,-0.007975
1791409369.823707,0,0,100,0.31260,0.03210,0.00562,0.30533,-0.06767,-0.00013,-0.03643,-0.00213,-0.007715
1791409369.843445,0,0,100,0.31271,0.03081,0.00556,0.30544,-0.06684,0.00938,-0.03171,-0.00746,-0.007765
1791409369.863513,0,0,100,0.31282,0.02963,0.00554,0.30558,-0.04887,0.01558,-0.03292,-0.02876,-0.008041
1791409369.883492,0,0,100,0.31288,0.02863,0.00565,0.30566,-0.06084,0.01332,-0.03704,-0.02663,-0.008373
1791409369.903462,0,0,100,0.31299,0.02742,0.00569,0.30573,-0.05742,0.02482,-0.03566,-0.02557,-0.008694
1791409369.923618,0,0,100,0.31310,0.02623,0.00580,0.30583,-0.05247,0.02138,-0.03492,-0.01065,-0.008916
1791409369.943605,0,0,100,0.31323,0.02502,0.00586,0.30590,-0.04848,0.00879,-0.03717,-0.01598,-0.008998
1791409369.963463,0,0,100,0.31333,0.02383,0.00591,0.30594,-0.06356,0.00316,-0.03746,-0.00213,-0.008980
1791409369.983598,0,0,100,0.31343,0.02280,0.00596,0.30641,-0.04614,0.00583,-0.03429,-0.00852,-0.008952
1791409370.003919,0,0,100,0.31350,0.02188,0.00600,0.30668,-0.04578,0.00334,-0.03481,-0.01172,-0.008970
1791409370.023526,0,0,100,0.31356,0.02083,0.00606,0.30688,-0.04315,0.00606,-0.03195,-0.01065,-0.008954
1791409370.043470,0,0,100,0.31364,0.01987,0.00608,0.30703,-0.03998,0.00065,-0.03081,-0.00852,-0.008952
1791409370.063646,0,0,100,0.31369,0.01904,0.00611,0.30708,-0.04362,0.01883,-0.03412,0.00213,-0.008947
1791409370.083303,0,0,100,0.31374,0.01829,0.00613,0.30702,-0.04115,0.00177,-0.03678,-0.01278,-0.008861
1791409370.103560,0,0,100,0.31379,0.01757,0.00615,0.30714,-0.02961,0.01189,-0.03616,-0.01385,-0.008781
1791409370.123450,0,0,100,0.31384,0.01679,0.00615,0.30723,-0.04508,0.00229,-0.03546,-0.01172,-0.008697
1791409370.143398,0,0,100,0.31388,0.01607,0.00616,0.30731,-0.03421,0.00816,-0.03261,-0.00639,-0.008648
1791409370.163617,0,0,100,0.31393,0.01533,0.00616,0.30738,-0.03915,0.00877,-0.03282,-0.01704,-0.008695
1791409370.183637,0,0,100,0.31397,0.01462,0.00622,0.30741,-0.03732,0.01296,-0.03453,-0.00959,-0.008689
1791409370.203751,0,0,100,0.31400,0.01393,0.00628,0.30732,-0.02464,0.00395,-0.03748,-0.01278,-0.008740
1791409370.223621,0,0,100,0.31404,0.01326,0.00634,0.30760,-0.03040,-0.00040,-0.03519,-0.01278,-0.008827
1791409370.243465,0,0,100,0.31410,0.01262,0.00635,0.30776,-0.02893,-0.00008,-0.03529,-0.00320,-0.008915
1791409370.263353,0,0,100,0.31415,0.01205,0.00637,0.30787,-0.03007,-0.00021,-0.03601,-0.00533,-0.008903
1791409370.283545,0,0,100,0.31421,0.01144,0.00637,0.30795,-0.03120,0.00306,-0.03565,-0.02237,-0.008870
1791409370.303565,0,0,100,0.31425,0.01092,0.00636,0.30802,-0.03357,-0.00623,-0.03580,-0.01491,-0.008960
1791409370.323583,0,0,100,0.31430,0.01029,0.00635,0.30807,-0.00953,0.00113,-0.03606,-0.02024,-0.009080
1791409370.343634,0,0,100,0.31434,0.01007,0.00634,0.30810,-0.01251,0.00699,-0.03596,-0.01278,-0.009174
1791409370.363473,0,0,100,0.31441,0.00931,0.00635,0.30813,-0.02778,0.00193,-0.03662,-0.01704,-0.009392
1791409370.383384,0,0,100,0.31448,0.00887,0.00634,0.30817,-0.00949,0.00314,-0.03577,-0.00959,-0.009459
1791409370.405020,0,0,100,0.31451,0.00848,0.00634,0.30821,-0.02588,0.00687,-0.03631,-0.02024,-0.009593
1791409370.423482,0,0,100,0.31457,0.00790,0.00635,0.30824,-0.02454,0.00319,-0.03636,-0.01385,-0.009809
1791409370.443480,0,0,100,0.31461,0.00749,0.00637,0.30825,-0.01428,0.01227,-0.03719,0.00639,-0.009809
1791409370.465441,0,0,100,0.31464,0.00706,0.00637,0.30827,-0.03535,-0.00733,-0.03664,-0.01385,-0.009792
1791409370.483242,0,0,100,0.31468,0.00656,0.00637,0.30830,-0.02208,-0.01177,-0.03682,-0.02344,-0.009820
1791409370.503555,0,0,100,0.31472,0.00617,0.00638,0.30832,-0.01277,0.00301,-0.03763,-0.01704,-0.009902
1791409370.523587,0,0,100,0.31476,0.00581,0.00638,0.30833,-0.01464,0.01012,-0.03753,-0.01172,-0.010085
1791409370.543598,0,0,100,0.31480,0.00544,0.00638,0.30835,-0.01431,0.00896,-0.03776,-0.00107,-0.010224
1791409370.563562,0,0,100,0.31483,0.00508,0.00635,0.30838,-0.00643,0.00051,-0.03750,-0.02024,-0.010432
1791409370.583633,0,0,100,0.31485,0.00473,0.00633,0.30840,-0.01371,0.00451,-0.03773,-0.01704,-0.010671
1791409370.613267,0,0,100,0.31491,0.00426,0.00631,0.30842,-0.00014,0.01102,-0.03709,-0.01704,-0.011052
1791409370.633355,0,0,100,0.31496,0.00390,0.00631,0.30843,-0.00870,0.00820,-0.03812,-0.01491,-0.011269
1791409370.653439,0,0,100,0.31499,0.00354,0.00631,0.30844,-0.01509,0.00757,-0.03745,-0.01704,-0.011450
1791409370.673349,0,0,100,0.31502,0.00326,0.00629,0.30847,-0.00596,0.00490,-0.03672,-0.00639,-0.011512
1791409370.693368,0,0,100,0.31505,0.00299,0.00630,0.30849,-0.00898,0.00880,-0.03793,-0.00639,-0.011511
1791409370.713630,0,0,100,0.31507,0.00267,0.00632,0.30850,0.00066,0.00186,-0.03752,0.00426,-0.011386
1791409370.733658,0,0,100,0.31508,0.00227,0.00633,0.30852,-0.02024,0.00506,-0.03622,-0.01811,-0.011321
1791409370.753550,0,0,100,0.31512,0.00201,0.00634,0.30852,-0.00900,0.00671,-0.03734,-0.00639,-0.011337
1791409370.773628,0,0,100,0.31514,0.00178,0.00635,0.30853,-0.00631,0.00139,-0.03791,-0.00852,-0.011386
1791409370.793374,0,0,100,0.31515,0.00155,0.00635,0.30855,0.00395,0.01024,-0.03686,-0.00852,-0.011427
1791409370.813405,0,0,100,0.31517,0.00131,0.00633,0.30855,-0.00192,-0.00544,-0.03752,-0.01704,-0.011430
1791409370.833379,0,0,100,0.31519,0.00098,0.00634,0.30856,-0.01577,-0.00024,-0.03744,0.00000,-0.011375
1791409370.853690,0,0,100,0.31520,0.00059,0.00634,0.30856,-0.00612,0.00485,-0.03810,-0.00320,-0.011302
1791409370.873607,0,0,100,0.31521,0.00023,0.00636,0.30856,-0.02153,-0.00456,-0.03790,-0.01278,-0.011310
1791409370.893362,0,0,100,0.31523,-0.00001,0.00636,0.30858,-0.01322,0.00437,-0.03667,-0.02024,-0.011383
1791409370.913396,0,0,100,0.31525,-0.00028,0.00637,0.30859,-0.01706,0.00754,-0.03724,-0.00639,-0.011438
1791409370.933444,0,0,100,0.31526,-0.00076,0.00639,0.30858,-0.02199,0.00150,-0.03825,0.00000,-0.011534
1791409370.953648,0,0,100,0.31528,-0.00106,0.00640,0.30858,-0.00493,0.01047,-0.03772,-0.01065,-0.011520
1791409370.973578,0,0,100,0.31529,-0.00131,0.00641,0.30859,-0.01072,0.00596,-0.03773,-0.00533,-0.011498
1791409370.993708,0,0,100,0.31530,-0.00146,0.00641,0.30860,-0.01997,0.00439,-0.03734,-0.00639,-0.011512
1791409371.013304,0,0,100,0.31531,-0.00192,0.00643,0.30861,-0.02354,0.00011,-0.03842,-0.02237,-0.011583
1791409371.033334,0,0,100,0.31533,-0.00214,0.00642,0.30862,-0.00993,0.00432,-0.03721,-0.01385,-0.011703
1791409371.053494,0,0,100,0.31535,-0.00239,0.00642,0.30864,-0.00965,0.00588,-0.03667,-0.00959,-0.011809
1791409371.073380,0,0,100,0.31536,-0.00264,0.00640,0.30865,-0.01003,-0.00775,-0.03779,-0.01598,-0.011936
1791409371.093430,0,0,100,0.31535,-0.00288,0.00641,0.30865,-0.01007,0.00780,-0.03788,-0.02024,-0.012040
1791409371.113779,0,0,100,0.31537,-0.00309,0.00642,0.30866,-0.00841,0.00311,-0.03722,-0.02344,-0.012163
1791409371.133558,0,0,100,0.31537,-0.00326,0.00643,0.30866,-0.00698,-0.00155,-0.03765,-0.01385,-0.012203
1791409371.153634,0,0,100,0.31537,-0.00344,0.00643,0.30867,-0.00237,-0.00596,-0.03762,-0.01278,-0.012202
1791409371.173351,0,0,100,0.31538,-0.00359,0.00645,0.30868,0.00470,0.01179,-0.03733,-0.01065,-0.012185
1791409371.193274,0,0,100,0.31539,-0.00369,0.00643,0.30868,0.00118,0.00929,-0.03758,-0.01811,-0.012343
1791409371.213293,0,0,100,0.31540,-0.00379,0.00639,0.30869,-0.00262,-0.00476,-0.03744,-0.02450,-0.012580
1791409371.233513,0,0,100,0.31540,-0.00386,0.00639,0.30870,0.00800,-0.00170,-0.03773,-0.00959,-0.012727
1791409371.263252,0,0,100,0.31542,-0.00397,0.00638,0.30871,-0.00691,-0.00242,-0.03719,-0.01278,-0.012912
1791409371.283283,0,0,100,0.31543,-0.00405,0.00639,0.30871,-0.01003,-0.00185,-0.03761,-0.01811,-0.012920
1791409371.303260,0,0,100,0.31545,-0.00413,0.00637,0.30872,-0.00656,-0.00006,-0.03696,-0.01598,-0.012927
1791409371.323360,0,0,100,0.31546,-0.00422,0.00636,0.30872,-0.00348,0.00046,-0.03717,-0.01172,-0.012995
1791409371.343402,0,0,100,0.31546,-0.00434,0.00636,0.30871,-0.01078,-0.00343,-0.03813,-0.01385,-0.013103
1791409371.363359,0,0,100,0.31547,-0.00443,0.00638,0.30871,-0.00940,0.00380,-0.03741,-0.01065,-0.013155
1791409371.383398,0,0,100,0.31547,-0.00452,0.00639,0.30871,-0.01162,0.00772,-0.03766,-0.00533,-0.013085
1791409371.403625,0,0,100,0.31547,-0.00464,0.00639,0.30871,0.00142,0.00022,-0.03766,-0.00533,-0.013078
1791409371.423270,0,0,100,0.31547,-0.00473,0.00639,0.30871,0.00331,0.00475,-0.03742,-0.00213,-0.013037
1791409371.443522,0,0,100,0.31548,-0.00481,0.00638,0.30872,-0.01279,-0.01273,-0.03799,-0.00959,-0.013102
1791409371.463286,0,0,100,0.31549,-0.00488,0.00637,0.30872,-0.00378,-0.00197,-0.03802,-0.00213,-0.013162
1791409371.483393,0,0,100,0.31549,-0.00496,0.00636,0.30873,-0.00147,0.00156,-0.03704,-0.01598,-0.013184
1791409371.505278,0,0,100,0.31550,-0.00503,0.00634,0.30873,0.01141,-0.00642,-0.03787,-0.01278,-0.013256
1791409371.526469,0,0,100,0.31550,-0.00511,0.00633,0.30873,-0.00017,0.00693,-0.03729,-0.00852,-0.013316
1791409371.546645,0,0,100,0.31550,-0.00519,0.00631,0.30874,-0.00374,0.00816,-0.03761,0.00107,-0.013259
1791409371.567063,0,0,100,0.31551,-0.00524,0.00632,0.30874,-0.00516,0.00053,-0.03794,0.00000,-0.013126
1791409371.586645,0,0,100,0.31551,-0.00529,0.00635,0.30873,0.00757,0.00961,-0.03764,0.00959,-0.012922
1791409371.606727,0,0,100,0.31551,-0.00536,0.00638,0.30873,0.00193,0.00693,-0.03778,-0.01172,-0.012823
1791409371.626716,0,0,100,0.31551,-0.00540,0.00640,0.30873,0.00184,-0.00228,-0.03818,-0.01385,-0.012873
1791409371.656600,0,0,100,0.31552,-0.00548,0.00639,0.30872,-0.00818,0.00611,-0.03834,-0.01704,-0.012963
1791409371.676564,0,0,100,0.31548,-0.00573,0.00629,0.30871,-0.00010,-0.00008,-0.03594,0.00426,-0.012929
1791409371.697076,0,0,100,0.31534,-0.00696,0.00597,0.30872,-0.00016,0.00057,-0.02631,-0.04048,-0.013211
1791409371.716693,0,0,100,0.31531,-0.00716,0.00619,0.30836,-0.05675,0.03810,-0.03244,-0.05326,-0.014079
1791409371.736717,0,0,100,0.31527,-0.00778,0.00633,0.30784,-0.02820,0.01861,-0.03660,-0.01491,-0.014741
1791409371.756794,0,0,100,0.31525,-0.00826,0.00628,0.30745,-0.03963,0.00077,-0.04052,-0.00107,-0.014808
1791409371.776669,0,0,100,0.31525,-0.00852,0.00621,0.30728,-0.03842,0.01057,-0.04334,0.01598,-0.014615
1791409371.796955,0,0,100,0.31520,-0.00940,0.00591,0.30697,-0.06163,0.01157,-0.04704,-0.01704,-0.013949
1791409371.816591,0,0,100,0.31515,-0.01030,0.00583,0.30670,-0.06866,0.01713,-0.04735,-0.03409,-0.014058
1791409371.840026,0,0,100,0.31507,-0.01147,0.00584,0.30716,-0.03669,-0.00276,-0.04482,-0.03196,-0.014630
1791409371.860114,0,0,100,0.31501,-0.01244,0.00586,0.30744,-0.03337,0.00524,-0.04672,-0.01811,-0.014962
1791409371.880062,0,0,100,0.31497,-0.01321,0.00590,0.30758,-0.02410,0.00021,-0.04396,-0.00320,-0.014987
1791409371.900244,0,0,100,0.31496,-0.01397,0.00589,0.30769,-0.02889,0.00448,-0.04033,-0.02344,-0.014988
1791409371.919814,0,0,100,0.31494,-0.01476,0.00591,0.30776,-0.05470,0.01034,-0.04103,-0.01172,-0.014954
1791409371.939906,0,0,100,0.31493,-0.01563,0.00594,0.30778,-0.02569,0.00876,-0.04206,0.00107,-0.014960
1791409371.960057,0,0,100,0.31492,-0.01659,0.00594,0.30779,-0.04258,0.00265,-0.03948,0.00746,-0.014882
1791409371.979852,0,0,100,0.31490,-0.01744,0.00593,0.30780,-0.04928,-0.00132,-0.04070,-0.00426,-0.014775
1791409371.999868,0,0,100,0.31489,-0.01820,0.00594,0.30779,-0.03114,0.00561,-0.04150,-0.01172,-0.014724
1791409372.020073,0,0,100,0.31487,-0.01899,0.00592,0.30777,-0.02838,0.00395,-0.04053,-0.00107,-0.014588
1791409372.039916,0,0,100,0.31485,-0.01974,0.00593,0.30776,-0.04201,0.02001,-0.04089,0.00639,-0.014497
1791409372.059991,0,0,100,0.31483,-0.02042,0.00592,0.30772,-0.03329,-0.00038,-0.04195,-0.00746,-0.014479
1791409372.079887,0,0,100,0.31481,-0.02107,0.00593,0.30769,-0.04499,0.00014,-0.04167,-0.00213,-0.014540
1791409372.103256,0,0,100,0.31479,-0.02177,0.00593,0.30767,-0.02675,0.00124,-0.04101,-0.01385,-0.014590
1791409372.123279,0,0,100,0.31477,-0.02233,0.00590,0.30766,-0.02814,-0.00089,-0.04172,-0.01385,-0.014612
1791409372.143264,0,0,100,0.31475,-0.02276,0.00586,0.30764,-0.01581,-0.00115,-0.04362,-0.01172,-0.014656
1791409372.176590,0,0,100,0.31471,-0.02343,0.00577,0.30761,-0.02055,-0.01307,-0.04054,-0.01491,-0.014735
1791409372.196664,0,0,100,0.31467,-0.02385,0.00571,0.30760,-0.01680,0.00474,-0.04194,-0.01385,-0.014893
1791409372.216890,0,0,100,0.31465,-0.02436,0.00560,0.30756,-0.02595,0.00490,-0.04372,-0.01917,-0.015066
1791409372.236484,0,0,100,0.31462,-0.02513,0.00554,0.30751,-0.02381,0.00690,-0.04489,-0.03302,-0.015246
1791409372.256809,0,0,100,0.31458,-0.02554,0.00545,0.30745,0.00377,0.01459,-0.04315,-0.00959,-0.015477
1791409372.276754,0,0,100,0.31453,-0.02589,0.00540,0.30745,-0.01788,-0.00406,-0.04038,-0.01704,-0.015781
1791409372.296678,0,0,100,0.31449,-0.02634,0.00533,0.30745,-0.01051,-0.01050,-0.04208,-0.03089,-0.016262
1791409372.316684,0,0,100,0.31446,-0.02667,0.00526,0.30742,-0.01022,0.00257,-0.04129,-0.01598,-0.016576
1791409372.336712,0,0,100,0.31440,-0.02710,0.00524,0.30740,-0.01553,0.01211,-0.04070,-0.03089,-0.016776
1791409372.357175,0,0,100,0.31434,-0.02752,0.00522,0.30735,-0.02673,0.02284,-0.04347,-0.03728,-0.017131
1791409372.376622,0,0,100,0.31430,-0.02800,0.00520,0.30728,-0.00497,0.00384,-0.04603,-0.02237,-0.017502
1791409372.396692,0,0,100,0.31423,-0.02843,0.00519,0.30720,-0.02039,0.02054,-0.04607,-0.04048,-0.018103
1791409372.418679,0,0,100,0.31407,-0.02891,0.00522,0.30712,-0.04017,0.01918,-0.04490,-0.06498,-0.018989
1791409372.436749,0,0,100,0.31394,-0.02949,0.00528,0.30705,-0.02822,0.02430,-0.04348,-0.05859,-0.020031
1791409372.456696,0,0,100,0.31379,-0.03008,0.00536,0.30699,-0.03364,0.02401,-0.04330,-0.05965,-0.021090
1791409372.476702,0,0,100,0.31359,-0.03064,0.00549,0.30691,-0.02844,0.00288,-0.04606,-0.05646,-0.022033
1791409372.496660,0,0,100,0.31341,-0.03136,0.00571,0.30678,-0.03542,0.00320,-0.04630,-0.05220,-0.022916
1791409372.516773,0,0,100,0.31321,-0.03205,0.00600,0.30667,-0.03114,0.01163,-0.04543,-0.04794,-0.023678
1791409372.536731,0,0,100,0.31301,-0.03261,0.00637,0.30659,-0.02763,0.02061,-0.04303,-0.03941,-0.024360
1791409372.556507,0,0,100,0.31257,-0.03325,0.00672,0.30652,-0.03185,0.02113,-0.04318,-0.01704,-0.024830
1791409372.576596,0,0,100,0.31211,-0.03399,0.00716,0.30644,-0.03133,0.02532,-0.04368,-0.01917,-0.025235
1791409372.596706,0,0,100,0.31159,-0.03477,0.00764,0.30631,-0.04300,0.03653,-0.04630,-0.03089,-0.025567
1791409372.616704,0,0,100,0.31113,-0.03577,0.00815,0.30617,-0.04038,0.03108,-0.04507,-0.03835,-0.026083
1791409372.636653,0,0,100,0.31075,-0.03676,0.00874,0.30607,-0.04875,0.04430,-0.04435,-0.02024,-0.026634
1791409372.656591,0,0,100,0.31042,-0.03776,0.00928,0.30598,-0.03858,0.02222,-0.04173,-0.01385,-0.026883
1791409372.676713,0,0,100,0.31002,-0.03877,0.00975,0.30588,-0.04717,0.02987,-0.04281,0.00639,-0.026716
1791409372.696653,0,0,100,0.30997,-0.03974,0.01023,0.30577,-0.02763,0.02843,-0.04485,0.01278,-0.026368
1791409372.716727,0,0,100,0.31008,-0.04076,0.01062,0.30563,-0.02780,0.01289,-0.04415,0.01065,-0.025955
1791409372.736642,0,0,100,0.31017,-0.04158,0.01093,0.30552,-0.02925,0.02556,-0.04365,0.00320,-0.025723
1791409372.756688,0,0,100,0.31025,-0.04244,0.01120,0.30543,-0.03274,0.01823,-0.04373,0.00320,-0.025514
1791409372.776675,0,0,100,0.31030,-0.04323,0.01134,0.30531,-0.03343,0.01512,-0.04586,0.00639,-0.025367
1791409372.796701,0,0,100,0.31032,-0.04395,0.01150,0.30527,-0.03190,0.00182,-0.04430,-0.01491,-0.025327
1791409372.816686,0,0,100,0.31029,-0.04459,0.01160,0.30524,-0.02849,0.00763,-0.03946,-0.03302,-0.025490
1791409372.836577,0,0,100,0.31023,-0.04518,0.01163,0.30523,-0.02309,-0.00327,-0.03586,-0.04900,-0.025930
1791409372.856584,0,0,100,0.31017,-0.04571,0.01164,0.30519,-0.02004,0.00941,-0.03740,-0.05433,-0.026666
1791409372.876652,0,0,100,0.31010,-0.04614,0.01160,0.30513,-0.01868,-0.00206,-0.03787,-0.04474,-0.027468
1791409372.896553,0,0,100,0.31004,-0.04651,0.01155,0.30507,-0.01672,0.00003,-0.03707,-0.04900,-0.028223
1791409372.916518,0,0,100,0.30996,-0.04682,0.01151,0.30503,-0.01067,0.00904,-0.03483,-0.02876,-0.028809
1791409372.936740,0,0,100,0.30988,-0.04705,0.01143,0.30499,-0.00644,-0.00411,-0.03578,-0.04155,-0.029392
1791409372.956548,0,0,100,0.30982,-0.04723,0.01138,0.30494,-0.01054,-0.00274,-0.03605,-0.03835,-0.030016
1791409372.976767,0,0,100,0.30976,-0.04736,0.01134,0.30493,-0.01188,-0.00246,-0.03353,-0.03835,-0.030605
1791409372.996601,0,0,100,0.30971,-0.04744,0.01129,0.30492,-0.00466,-0.00481,-0.03369,-0.03835,-0.031119
1791409373.016690,0,0,100,0.30966,-0.04750,0.01129,0.30489,-0.00761,0.00598,-0.03430,-0.02237,-0.031592
1791409373.037377,0,0,100,0.30960,-0.04749,0.01120,0.30488,-0.00592,-0.01324,-0.03468,-0.05326,-0.032311
1791409373.056691,0,0,100,0.30956,-0.04747,0.01118,0.30485,0.00345,0.00700,-0.03439,-0.03728,-0.032763
1791409373.076593,0,0,100,0.30948,-0.04744,0.01112,0.30484,-0.01205,-0.00511,-0.03422,-0.02663,-0.033087
1791409373.096781,0,0,100,0.30944,-0.04742,0.01104,0.30481,0.00363,-0.00568,-0.03600,-0.02663,-0.033467
1791409373.116704,0,0,100,0.30940,-0.04741,0.01096,0.30479,-0.00788,-0.00318,-0.03469,-0.01917,-0.033872
1791409373.136666,0,0,100,0.30936,-0.04739,0.01090,0.30479,0.00429,-0.00419,-0.03458,-0.01811,-0.034150
1791409373.156694,0,0,100,0.30932,-0.04737,0.01085,0.30478,0.01110,-0.00948,-0.03508,-0.02024,-0.034330
1791409373.176738,0,0,100,0.30929,-0.04736,0.01081,0.30479,0.01280,-0.00820,-0.03397,-0.01491,-0.034513
1791409373.196876,0,0,100,0.30888,-0.04663,0.01052,0.30490,-0.00403,0.01409,-0.03605,-0.01704,-0.034689
1791409373.216727,0,0,100,0.30830,-0.04621,0.01060,0.30510,0.02515,0.01500,-0.01120,0.01704,-0.034640
1791409373.236789,0,0,100,0.30893,-0.04565,0.01069,0.30552,0.04426,0.01888,-0.00492,0.07031,-0.033715
1791409373.256781,0,0,100,0.31015,-0.04489,0.01080,0.30585,0.05965,0.01446,-0.02199,0.08203,-0.032105
1791409373.276518,0,0,100,0.31106,-0.04388,0.01085,0.30602,0.07734,0.00618,-0.02770,0.09374,-0.030073
1791409373.296621,0,0,100,0.31183,-0.04307,0.01048,0.30620,0.04914,-0.02597,-0.02345,0.07883,-0.028142
1791409373.316499,0,0,100,0.31216,-0.04214,0.01055,0.30633,0.04988,0.00140,-0.03050,0.04261,-0.026709
1791409373.337711,0,0,100,0.31248,-0.04086,0.01073,0.30632,0.08230,0.01954,-0.03749,0.04794,-0.025541
1791409373.356522,0,0,100,0.31257,-0.03969,0.01085,0.30628,0.07553,0.01654,-0.03717,0.05007,-0.024609
1791409373.376692,0,0,100,0.31263,-0.03856,0.01101,0.30624,0.06504,0.00954,-0.03646,0.07137,-0.023374
1791409373.399983,0,0,100,0.31271,-0.03740,0.01113,0.30622,0.05447,0.00632,-0.03405,0.06285,-0.021701
1791409373.419934,0,0,100,0.31277,-0.03660,0.01119,0.30623,0.04598,0.00091,-0.03492,0.05752,-0.020386
1791409373.440156,0,0,100,0.31283,-0.03586,0.01124,0.30622,0.03363,0.00790,-0.03700,0.03089,-0.019408
1791409373.459953,0,0,100,0.31284,-0.03531,0.01124,0.30619,0.03316,-0.00222,-0.03915,0.01278,-0.018900
1791409373.479875,0,0,100,0.31292,-0.03482,0.01122,0.30616,0.02127,0.00208,-0.03942,-0.00639,-0.018399
1791409373.499881,0,0,100,0.31311,-0.03448,0.01134,0.30614,0.01773,0.00864,-0.03891,0.00639,-0.018103
1791409373.522252,0,0,100,0.31329,-0.03428,0.01144,0.30607,0.01331,-0.00231,-0.04138,0.00000,-0.017888
1791409373.540264,0,0,100,0.31342,-0.03418,0.01139,0.30600,0.00075,-0.00741,-0.04160,0.00000,-0.017718
1791409373.560136,0,0,100,0.31354,-0.03414,0.01133,0.30598,0.00223,0.00463,-0.03957,-0.01704,-0.017630
1791409373.580065,0,0,100,0.31366,-0.03415,0.01124,0.30597,0.00779,0.00357,-0.03972,-0.00213,-0.017560
1791409373.599920,0,0,100,0.31373,-0.03417,0.01119,0.30595,0.00640,-0.00718,-0.03971,-0.01491,-0.017527
1791409373.620168,0,0,100,0.31376,-0.03419,0.01116,0.30595,0.00073,0.00547,-0.03814,-0.00852,-0.017457
1791409373.640085,0,0,100,0.31376,-0.03422,0.01117,0.30597,0.00725,0.00844,-0.03745,-0.00320,-0.017313
1791409373.659837,0,0,100,0.31376,-0.03423,0.01120,0.30598,0.01568,0.00125,-0.03660,0.00426,-0.017146
1791409373.680088,0,0,100,0.31376,-0.03422,0.01124,0.30600,0.00193,-0.00030,-0.03691,-0.00107,-0.017036
1791409373.699969,0,0,100,0.31376,-0.03418,0.01130,0.30601,0.01354,0.00501,-0.03722,-0.00959,-0.016860
1791409373.720045,0,0,100,0.31378,-0.03407,0.01135,0.30603,0.01143,0.01643,-0.03604,0.01385,-0.016555
1791409373.739886,0,0,100,0.31379,-0.03398,0.01139,0.30607,0.00909,0.00531,-0.03615,0.01278,-0.016217
1791409373.759893,0,0,100,0.31382,-0.03390,0.01139,0.30610,0.00981,-0.00086,-0.03654,-0.00426,-0.016028
1791409373.780146,0,0,100,0.31383,-0.03376,0.01138,0.30611,0.01738,0.00321,-0.03790,-0.00959,-0.015955
1791409373.799906,0,0,100,0.31385,-0.03363,0.01138,0.30612,0.00197,-0.00190,-0.03766,-0.02237,-0.016013
1791409373.819968,0,0,100,0.31387,-0.03352,0.01138,0.30614,0.00519,0.00133,-0.03612,-0.01278,-0.016042
1791409373.839909,0,0,100,0.31388,-0.03341,0.01137,0.30615,0.01368,-0.00134,-0.03709,-0.01278,-0.016045
1791409373.860001,0,0,100,0.31389,-0.03330,0.01136,0.30616,0.01249,0.00324,-0.03731,-0.00426,-0.015910
1791409373.879972,0,0,100,0.31391,-0.03321,0.01135,0.30616,0.01606,-0.00237,-0.03661,-0.00213,-0.015783
1791409373.899963,0,0,100,0.31391,-0.03313,0.01137,0.30616,0.01562,0.01077,-0.03729,0.00000,-0.015649
1791409373.919948,0,0,100,0.31391,-0.03305,0.01138,0.30614,0.01542,0.01480,-0.03809,-0.00746,-0.015614
1791409373.940140,0,0,100,0.31392,-0.03302,0.01137,0.30615,0.00794,0.00635,-0.03715,-0.01278,-0.015659
1791409373.960167,0,0,100,0.31392,-0.03296,0.01138,0.30615,0.01110,-0.00502,-0.03803,-0.02237,-0.015773
1791409373.980318,0,0,100,0.31394,-0.03290,0.01139,0.30615,0.01394,0.01265,-0.03775,-0.00426,-0.015839
1791409373.999866,0,0,100,0.31394,-0.03287,0.01138,0.30615,-0.00001,-0.00614,-0.03823,-0.01704,-0.015864
1791409374.019954,0,0,100,0.31395,-0.03282,0.01138,0.30615,0.00447,0.00044,-0.03789,-0.01172,-0.015863
1791409374.040155,0,0,100,0.31395,-0.03278,0.01136,0.30616,0.01360,0.00432,-0.03776,-0.00107,-0.015933
1791409374.060070,0,0,100,0.31395,-0.03277,0.01135,0.30616,0.00372,0.00275,-0.03796,-0.01491,-0.015975
1791409374.079932,0,0,100,0.31395,-0.03274,0.01135,0.30617,0.00836,-0.00079,-0.03782,-0.01278,-0.016018
1791409374.109954,0,0,100,0.31395,-0.03268,0.01138,0.30616,0.00028,0.00572,-0.03769,-0.00426,-0.015986
1791409374.130007,0,0,100,0.31397,-0.03263,0.01139,0.30619,0.01165,-0.00040,-0.03683,0.00107,-0.015878
1791409374.150114,0,0,100,0.31398,-0.03257,0.01141,0.30619,0.01383,-0.00328,-0.03708,0.00320,-0.015744
1791409374.170021,0,0,100,0.31398,-0.03249,0.01144,0.30620,0.01258,0.00629,-0.03661,-0.00533,-0.015584
1791409374.189923,0,0,100,0.31398,-0.03242,0.01143,0.30620,0.00476,-0.00468,-0.03688,-0.00533,-0.015530
1791409374.209853,0,0,100,0.31399,-0.03233,0.01145,0.30621,0.00603,-0.00350,-0.03684,-0.02024,-0.015543
1791409374.230096,0,0,100,0.31399,-0.03223,0.01142,0.30621,0.01118,-0.00645,-0.03726,-0.01172,-0.015635
1791409374.259842,0,0,100,0.31399,-0.03209,0.01138,0.30622,0.01182,-0.00601,-0.03701,-0.01172,-0.015830
1791409374.280093,0,0,100,0.31401,-0.03201,0.01137,0.30622,0.01541,0.00095,-0.03699,-0.01811,-0.015914
1791409374.300250,0,0,100,0.31402,-0.03192,0.01136,0.30622,0.00721,0.00521,-0.03740,-0.00107,-0.015887
1791409374.319981,0,0,100,0.31403,-0.03187,0.01135,0.30622,0.01742,-0.00229,-0.03754,-0.00533,-0.015840
1791409374.339862,0,0,100,0.31403,-0.03182,0.01135,0.30622,0.01472,-0.00353,-0.03725,-0.00213,-0.015782
1791409374.359965,0,0,100,0.31403,-0.03178,0.01136,0.30623,0.01275,-0.00264,-0.03731,-0.00320,-0.015627
1791409374.379980,0,0,100,0.31403,-0.03175,0.01137,0.30624,0.00625,0.00064,-0.03700,-0.01065,-0.015627
1791409374.399881,0,0,100,0.31404,-0.03170,0.01139,0.30623,0.01069,-0.00422,-0.03775,-0.01065,-0.015689
1791409374.420087,0,0,100,0.31403,-0.03163,0.01142,0.30622,0.00644,0.00796,-0.03774,0.00320,-0.015705
1791409374.439950,0,0,100,0.31403,-0.03158,0.01142,0.30622,0.00607,0.01040,-0.03800,-0.00959,-0.015702
1791409374.460073,0,0,100,0.31404,-0.03156,0.01137,0.30623,-0.00333,-0.01125,-0.03785,-0.02450,-0.015839
1791409374.480052,0,0,100,0.31405,-0.03148,0.01137,0.30623,0.01088,0.00881,-0.03798,-0.02131,-0.015957
1791409374.500184,0,0,100,0.31406,-0.03143,0.01136,0.30623,0.00769,-0.00310,-0.03799,-0.01172,-0.016004
1791409374.519950,0,0,100,0.31406,-0.03138,0.01134,0.30624,0.00813,-0.00307,-0.03748,-0.01278,-0.015972
1791409374.540039,0,0,100,0.31407,-0.03133,0.01134,0.30624,0.00434,-0.00040,-0.03779,-0.00320,-0.015949
1791409374.560126,0,0,100,0.31407,-0.03126,0.01134,0.30625,0.00083,0.00056,-0.03751,-0.01811,-0.015927
1791409374.579854,0,0,100,0.31408,-0.03117,0.01135,0.30626,0.01197,-0.00055,-0.03766,0.00000,-0.015886
1791409374.600011,0,0,100,0.31408,-0.03110,0.01140,0.30626,-0.00037,0.01797,-0.03658,0.00426,-0.015683
1791409374.620077,0,0,100,0.31408,-0.03099,0.01139,0.30627,0.00885,0.00432,-0.03655,0.00639,-0.015531
1791409374.639944,0,0,100,0.31409,-0.03087,0.01140,0.30628,0.00708,0.00181,-0.03693,-0.00320,-0.015335
1791409374.660099,0,0,100,0.31411,-0.03075,0.01138,0.30629,0.01039,0.00307,-0.03724,-0.00107,-0.015306
1791409374.680274,0,0,100,0.31411,-0.03060,0.01136,0.30630,0.01322,-0.00082,-0.03703,-0.01811,-0.015353
1791409374.700036,0,0,100,0.31412,-0.03043,0.01133,0.30630,0.01668,-0.00259,-0.03788,-0.02450,-0.015569
1791409374.720211,0,0,100,0.31413,-0.03029,0.01130,0.30630,0.00843,0.00864,-0.03702,-0.03196,-0.015785
1791409374.740027,0,0,100,0.31414,-0.03018,0.01126,0.30630,0.01017,0.00168,-0.03748,-0.01278,-0.015927
1791409374.760318,0,0,100,0.31415,-0.03005,0.01123,0.30631,0.01076,0.00502,-0.03759,-0.01491,-0.016066
1791409374.779863,0,0,100,0.31415,-0.02996,0.01123,0.30632,0.01139,0.00006,-0.03685,-0.01065,-0.016078
1791409374.799894,0,0,100,0.31415,-0.02992,0.01123,0.30632,0.00315,0.00131,-0.03656,-0.00213,-0.016012
1791409374.820130,0,0,100,0.31416,-0.02987,0.01126,0.30632,0.00960,-0.00287,-0.03754,-0.00320,-0.015860
1791409374.839916,0,0,100,0.31416,-0.02982,0.01128,0.30632,0.01132,0.01225,-0.03668,0.00000,-0.015651
1791409374.859865,0,0,100,0.31416,-0.02977,0.01129,0.30633,0.01659,0.00699,-0.03723,-0.00320,-0.015493
1791409374.879903,0,0,100,0.31417,-0.02972,0.01131,0.30633,0.01507,0.00261,-0.03674,-0.01065,-0.015378
1791409374.899896,0,0,100,0.31417,-0.02968,0.01133,0.30633,0.00514,0.00521,-0.03720,-0.01385,-0.015415
1791409374.920005,0,0,100,0.31417,-0.02964,0.01130,0.30633,0.00431,0.00056,-0.03770,-0.01278,-0.015463
1791409374.940058,0,0,100,0.31417,-0.02960,0.01128,0.30633,0.00579,0.00274,-0.03745,-0.01172,-0.015578
1791409374.960088,0,0,100,0.31418,-0.02954,0.01125,0.30633,0.01184,0.00193,-0.03777,-0.01598,-0.015674
1791409374.980057,0,0,100,0.31419,-0.02949,0.01124,0.30633,0.00791,0.00600,-0.03763,-0.02024,-0.015781
1791409374.999956,0,0,100,0.31419,-0.02946,0.01121,0.30633,0.00490,-0.00574,-0.03779,-0.01385,-0.015839
1791409375.020138,0,0,100,0.31419,-0.02942,0.01121,0.30633,0.01055,0.00111,-0.03765,0.00000,-0.015759
1791409375.039901,0,0,100,0.31419,-0.02942,0.01121,0.30634,0.00666,0.00073,-0.03724,-0.00213,-0.015645
1791409375.060034,0,0,100,0.31419,-0.02942,0.01125,0.30634,-0.00104,-0.00450,-0.03733,0.01278,-0.015504
1791409375.080332,0,0,100,0.31420,-0.02939,0.01128,0.30634,0.00885,0.00178,-0.03758,0.00320,-0.015363
1791409375.100394,0,0,100,0.31420,-0.02935,0.01131,0.30634,0.02005,0.01071,-0.03718,-0.00746,-0.015281
1791409375.120159,0,0,100,0.31420,-0.02935,0.01131,0.30634,-0.00178,0.00101,-0.03767,-0.01598,-0.015317
1791409375.140024,0,0,100,0.31421,-0.02929,0.01131,0.30634,0.01502,-0.00190,-0.03770,-0.01278,-0.015332
1791409375.160000,0,0,100,0.31420,-0.02925,0.01130,0.30635,0.00207,0.00087,-0.03679,-0.01491,-0.015402
1791409375.180047,0,0,100,0.31432,-0.02915,0.01119,0.30635,0.03778,-0.01509,-0.03817,-0.01917,-0.015495
1791409375.199948,0,0,100,0.31473,-0.02851,0.01122,0.30633,-0.02474,0.01172,-0.03690,0.10120,-0.014568
1791409375.220048,0,0,100,0.31498,-0.02871,0.01122,0.30622,-0.01047,0.00436,-0.02889,0.17683,-0.011613
1791409375.239899,0,0,100,0.31528,-0.02894,0.01128,0.30622,-0.00026,0.00079,-0.02211,0.19814,-0.007751
1791409375.259950,0,0,100,0.31557,-0.02891,0.01136,0.30629,-0.00020,0.00061,-0.01644,0.15659,-0.004033
1791409375.280104,0,0,100,0.31586,-0.02878,0.01152,0.30641,-0.00015,0.00047,-0.01225,0.11824,-0.000958
1791409375.299818,0,0,100,0.31605,-0.02866,0.01177,0.30654,-0.00012,0.00036,-0.00914,0.09800,0.001439
1791409375.320045,0,0,100,0.31626,-0.02858,0.01208,0.30669,-0.00010,0.00027,-0.00680,0.10759,0.003664
1791409375.340263,0,0,100,0.31645,-0.02842,0.01243,0.30685,-0.00007,0.00021,-0.00505,0.12144,0.006004
1791409375.360041,0,0,100,0.31662,-0.02828,0.01284,0.30700,-0.00006,0.00016,-0.00374,0.12996,0.008770
1791409375.380013,0,0,100,0.31675,-0.02812,0.01322,0.30713,-0.00004,0.00012,-0.00276,0.12996,0.011735
1791409375.400051,0,0,100,0.31686,-0.02793,0.01357,0.30726,-0.00003,0.00009,-0.00202,0.13955,0.014651
1791409375.420027,0,0,100,0.31696,-0.02776,0.01389,0.30738,-0.00002,0.00007,-0.00147,0.12464,0.017325
1791409375.440114,0,0,100,0.31714,-0.02759,0.01420,0.30754,-0.00130,0.02322,-0.00067,0.10759,0.019823
1791409375.460113,0,0,100,0.31727,-0.02734,0.01457,0.30806,0.01885,0.02371,-0.00806,0.10866,0.022240
1791409375.480123,0,0,100,0.31742,-0.02715,0.01490,0.30838,0.00657,0.01820,-0.01520,0.11611,0.024669
1791409375.500105,0,0,100,0.31766,-0.02692,0.01527,0.30858,0.01314,0.00891,-0.01854,0.10972,0.027058
1791409375.520122,0,0,100,0.31785,-0.02675,0.01562,0.30875,0.01447,0.01770,-0.01910,0.09587,0.029458
1791409375.540110,0,0,100,0.31805,-0.02651,0.01597,0.30886,0.02001,0.01703,-0.02371,0.09055,0.031627
1791409375.560024,0,0,100,0.31823,-0.02632,0.01628,0.30893,0.00711,0.00778,-0.02576,0.07244,0.033535
1791409375.580191,0,0,100,0.31847,-0.02614,0.01657,0.30902,0.00794,0.01714,-0.02483,0.07244,0.035143
1791409375.600008,0,0,100,0.31867,-0.02601,0.01678,0.30909,0.00708,0.01792,-0.02615,0.06072,0.036491
1791409375.620095,0,0,100,0.31899,-0.02575,0.01703,0.30917,0.02401,0.01282,-0.02816,0.06924,0.038276
1791409375.640114,0,0,100,0.31919,-0.02559,0.01725,0.30926,0.00864,0.01483,-0.02748,0.08203,0.040112
1791409375.660139,0,0,100,0.31938,-0.02536,0.01748,0.30935,0.01635,0.02357,-0.02765,0.09055,0.042080
1791409375.680192,0,0,100,0.31958,-0.02523,0.01767,0.30943,-0.00040,0.01477,-0.02841,0.08629,0.043984
1791409375.700016,0,0,100,0.31974,-0.02506,0.01785,0.30951,0.01896,0.01416,-0.02947,0.06605,0.045817
1791409375.720124,0,0,100,0.31990,-0.02488,0.01800,0.30957,0.00915,0.00331,-0.03177,0.06818,0.047423
1791409375.740188,0,0,100,0.31998,-0.02473,0.01814,0.30965,0.01498,0.02627,-0.02848,0.07776,0.048892
1791409375.760051,0,0,100,0.32007,-0.02457,0.01828,0.30972,0.01370,0.01440,-0.03105,0.04474,0.050298
1791409375.779788,0,0,100,0.32010,-0.02440,0.01839,0.30977,0.00483,0.02293,-0.03217,0.06498,0.051753
1791409375.799985,0,0,100,0.32024,-0.02422,0.01850,0.30982,0.01743,0.01435,-0.03107,0.05965,0.053194
1791409375.820020,0,0,100,0.32023,-0.02402,0.01855,0.30989,0.00587,-0.00804,-0.03111,0.03835,0.054262
1791409375.840055,0,0,100,0.32026,-0.02384,0.01857,0.30997,0.00901,0.01085,-0.03072,0.04155,0.055151
1791409375.860194,0,0,100,0.32021,-0.02368,0.01858,0.31004,0.00889,0.01516,-0.03052,0.04155,0.056222
1791409375.879972,0,0,100,0.32017,-0.02353,0.01856,0.31007,0.01318,-0.00401,-0.03512,0.04155,0.057295
1791409375.899946,0,0,100,0.32015,-0.02332,0.01855,0.31009,0.01792,0.00200,-0.03473,0.04368,0.058345
1791409375.920078,0,0,100,0.32014,-0.02317,0.01850,0.31015,0.00676,-0.00056,-0.03157,0.02876,0.059217
1791409375.940248,0,0,100,0.32013,-0.02303,0.01844,0.31022,-0.00021,-0.00211,-0.03215,0.03728,0.060020
1791409375.959982,0,0,100,0.32009,-0.02291,0.01836,0.31027,0.01210,-0.00363,-0.03407,0.03835,0.060825
1791409375.980104,0,0,100,0.32006,-0.02279,0.01828,0.31030,0.01166,-0.00380,-0.03504,0.02876,0.061669
1791409376.000059,0,0,100,0.32001,-0.02268,0.01819,0.31036,0.00575,0.00403,-0.03255,0.02344,0.062408
1791409376.020020,0,0,100,0.31996,-0.02258,0.01807,0.31045,0.00270,-0.00323,-0.03004,0.03728,0.063190
1791409376.040039,0,0,100,0.31992,-0.02248,0.01797,0.31053,0.00956,-0.01698,-0.03305,0.02876,0.063909
1791409376.060272,0,0,100,0.31988,-0.02241,0.01787,0.31057,0.00461,-0.00630,-0.03349,0.02557,0.064673
1791409376.079829,0,0,100,0.31984,-0.02228,0.01778,0.31062,0.01041,-0.00154,-0.03255,0.03089,0.065502
1791409376.100078,0,0,100,0.31980,-0.02213,0.01771,0.31068,0.00788,-0.00025,-0.03215,0.03941,0.066349
1791409376.120132,0,0,100,0.31977,-0.02200,0.01762,0.31072,0.00231,-0.00086,-0.03319,0.03196,0.067135
1791409376.139853,0,0,100,0.31974,-0.02185,0.01752,0.31076,0.00046,-0.00362,-0.03466,0.04368,0.067907
1791409376.160191,0,0,100,0.31973,-0.02173,0.01745,0.31079,-0.00374,0.00047,-0.03261,0.03089,0.068757
1791409376.180064,0,0,100,0.31972,-0.02161,0.01741,0.31082,0.00991,0.00131,-0.03433,0.03302,0.069538
1791409376.200079,0,0,100,0.31971,-0.02148,0.01737,0.31084,0.01087,-0.00508,-0.03506,0.02450,0.070202
1791409376.219990,0,0,100,0.31966,-0.02136,0.01734,0.31087,0.00905,-0.00668,-0.03406,0.03089,0.070795
1791409376.240082,0,0,100,0.31963,-0.02125,0.01730,0.31090,0.02080,-0.00893,-0.03531,0.00533,0.071278
1791409376.260122,0,0,100,0.31962,-0.02114,0.01728,0.31091,0.00953,0.00313,-0.03466,0.01491,0.071714
1791409376.279796,0,0,100,0.31963,-0.02104,0.01725,0.31091,-0.00067,-0.00021,-0.03430,0.01704,0.072096
1791409376.300113,0,0,100,0.31963,-0.02094,0.01726,0.31094,0.00923,0.00102,-0.03404,0.00107,0.072421
1791409376.320181,0,0,100,0.31965,-0.02085,0.01723,0.31098,0.00219,-0.00277,-0.03387,0.00107,0.072727
1791409376.340103,0,0,100,0.31966,-0.02079,0.01723,0.31100,0.00943,-0.00428,-0.03461,0.00320,0.073029
1791409376.360099,0,0,100,0.31966,-0.02074,0.01722,0.31100,-0.00186,-0.00102,-0.03549,0.00746,0.073372
1791409376.380198,0,0,100,0.31968,-0.02070,0.01722,0.31101,-0.00029,0.01236,-0.03351,0.01065,0.073770
1791409376.400007,0,0,100,0.31969,-0.02062,0.01723,0.31104,0.00789,0.00266,-0.03391,0.01172,0.074235
1791409376.420048,0,0,100,0.31969,-0.02059,0.01724,0.31106,-0.00088,0.00567,-0.03412,-0.00213,0.074573
1791409376.440108,0,0,100,0.31970,-0.02055,0.01725,0.31107,0.00122,0.00977,-0.03386,-0.00107,0.074738
1791409376.460085,0,0,100,0.31972,-0.02052,0.01724,0.31107,0.00911,0.00239,-0.03457,0.00213,0.074935
1791409376.480144,0,0,100,0.31972,-0.02048,0.01723,0.31108,0.01474,0.00084,-0.03441,0.00959,0.075205
1791409376.500024,0,0,100,0.31974,-0.02047,0.01723,0.31109,-0.01062,0.00542,-0.03405,-0.00639,0.075388
1791409376.520089,0,0,100,0.31974,-0.02041,0.01722,0.31107,0.01018,-0.00564,-0.03617,0.00746,0.075627
1791409376.540172,0,0,100,0.31975,-0.02035,0.01723,0.31107,0.00085,0.01305,-0.03470,-0.00959,0.075727
1791409376.560155,0,0,100,0.31975,-0.02033,0.01722,0.31108,0.00006,0.00382,-0.03527,-0.01385,0.075760
1791409376.580103,0,0,100,0.31976,-0.02026,0.01721,0.31109,0.00203,0.00435,-0.03548,0.00000,0.075881
1791409376.600036,0,0,100,0.31976,-0.02024,0.01720,0.31109,-0.00095,0.01012,-0.03476,0.00746,0.076115
1791409376.619704,0,0,100,0.31977,-0.02017,0.01721,0.31109,-0.00048,0.00078,-0.03589,-0.00107,0.076373
1791409376.640082,0,0,100,0.31976,-0.02013,0.01722,0.31110,0.00723,0.00947,-0.03455,0.01065,0.076554
1791409376.660100,0,0,100,0.31976,-0.02008,0.01725,0.31113,0.01190,0.00378,-0.03452,-0.00213,0.076728
1791409376.680054,0,0,100,0.31976,-0.02002,0.01726,0.31117,0.00606,0.00368,-0.03383,0.00426,0.076892
1791409376.700045,0,0,100,0.31976,-0.01999,0.01727,0.31119,0.01326,0.01083,-0.03368,0.00959,0.077161
1791409376.719998,0,0,100,0.31957,-0.01988,0.01723,0.31111,0.00442,0.00257,-0.03863,-0.04687,0.076967
1791409376.740082,0,0,100,0.31954,-0.01985,0.01703,0.31099,-0.00108,-0.01245,-0.04024,-0.12890,0.075022
1791409376.759914,0,0,100,0.31964,-0.01988,0.01688,0.31093,0.00036,-0.00792,-0.03673,-0.13529,0.072411
1791409376.780068,0,0,100,0.31974,-0.01995,0.01674,0.31091,0.00345,0.00141,-0.03600,-0.10653,0.070144
1791409376.799749,0,0,100,0.31982,-0.01992,0.01656,0.31054,0.00704,-0.00087,-0.03801,-0.06711,0.068650
1791409376.819824,0,0,100,0.31991,-0.01991,0.01640,0.31019,-0.00055,0.00151,-0.03164,-0.04261,0.067808
1791409376.840093,0,0,100,0.31997,-0.01990,0.01625,0.31006,-0.00041,0.00113,-0.02357,-0.04474,0.067229
1791409376.860069,0,0,100,0.32003,-0.01991,0.01610,0.31003,-0.00030,0.00084,-0.01762,-0.03196,0.066712
1791409376.880064,0,0,100,0.32007,-0.01991,0.01603,0.31006,-0.00023,0.00063,-0.01320,-0.02770,0.066207
1791409376.900285,0,0,100,0.32009,-0.01992,0.01600,0.31009,-0.00017,0.00047,-0.00990,-0.03302,0.065765
1791409376.920079,0,0,100,0.32009,-0.01993,0.01603,0.31013,-0.00013,0.00036,-0.00743,-0.02131,0.065517
1791409376.939839,0,0,100,0.32009,-0.01998,0.01601,0.31016,-0.00010,0.00027,-0.00558,-0.02237,0.065436
1791409376.959789,0,0,100,0.32008,-0.01996,0.01596,0.31018,-0.00007,0.00020,-0.00419,-0.00639,0.065448
1791409376.980131,0,0,100,0.32007,-0.01998,0.01591,0.31019,-0.00005,0.00015,-0.00315,-0.01278,0.065523
1791409376.999938,0,0,100,0.32007,-0.01998,0.01595,0.31021,-0.00004,0.00012,-0.00244,-0.01704,0.065505
1791409377.019979,0,0,100,0.32008,-0.01999,0.01596,0.31022,-0.00003,0.00009,-0.00183,-0.02663,0.065403
1791409377.040112,0,0,100,0.32008,-0.02002,0.01593,0.31023,-0.00002,0.00007,-0.00137,-0.01385,0.065184
1791409377.060134,0,0,100,0.32009,-0.02003,0.01590,0.31024,-0.00002,0.00005,-0.00103,-0.01172,0.064964
1791409377.080062,0,0,100,0.32009,-0.02004,0.01587,0.31025,-0.00001,0.00004,-0.00077,-0.02131,0.064769
1791409377.109791,0,0,100,0.32010,-0.02004,0.01585,0.31026,-0.00001,0.00002,-0.00050,-0.00959,0.064678
1791409377.129927,0,0,100,0.32011,-0.02005,0.01584,0.31026,-0.00001,0.00002,-0.00038,-0.00959,0.064735
1791409377.150094,0,0,100,0.32010,-0.02007,0.01584,0.31026,-0.00000,0.00001,-0.00028,-0.00746,0.064801
1791409377.170054,0,0,100,0.32010,-0.02007,0.01587,0.31026,-0.00000,0.00001,-0.00021,-0.00426,0.064793
1791409377.190066,0,0,100,0.32010,-0.02006,0.01589,0.31027,-0.00000,0.00001,-0.00016,-0.01278,0.064810
1791409377.209856,0,0,100,0.32010,-0.02006,0.01591,0.31027,-0.00000,0.00001,-0.00012,-0.00746,0.064769
1791409377.229806,0,0,100,0.32010,-0.02003,0.01593,0.31027,-0.00000,0.00000,-0.00009,-0.00320,0.064741
1791409377.249731,0,0,100,0.32010,-0.02005,0.01592,0.31027,-0.00000,0.00000,-0.00007,-0.00959,0.064691
1791409377.269834,0,0,100,0.32010,-0.02006,0.01590,0.31027,-0.00000,0.00000,-0.00005,-0.01598,0.064641
1791409377.289929,0,0,100,0.32010,-0.02006,0.01589,0.31027,-0.00000,0.00000,-0.00004,-0.01172,0.064524
1791409377.309901,0,0,100,0.32011,-0.02003,0.01588,0.31027,-0.00000,0.00000,-0.00003,-0.00639,0.064513
1791409377.330152,0,0,100,0.32011,-0.02005,0.01590,0.31027,-0.00000,0.00000,-0.00002,-0.00959,0.064531
1791409377.350129,0,0,100,0.32010,-0.02006,0.01592,0.31027,-0.00000,0.00000,-0.00002,-0.01065,0.064581
1791409377.376354,0,0,100,0.32010,-0.02007,0.01592,0.31027,-0.00000,0.00000,-0.00001,0.00320,0.064659
1791409377.396427,0,0,100,0.32010,-0.02005,0.01594,0.31027,-0.00000,0.00000,-0.00001,-0.00426,0.064704
1791409377.416501,0,0,100,0.32010,-0.02003,0.01594,0.31027,-0.00000,0.00000,-0.00001,-0.00426,0.064667
1791409377.436380,0,0,100,0.32010,-0.02002,0.01593,0.31027,-0.00000,0.00000,-0.00001,-0.01065,0.064579
1791409377.456641,0,0,100,0.32010,-0.02004,0.01591,0.31027,-0.00000,0.00000,-0.00000,-0.01917,0.064462
1791409377.476413,0,0,100,0.32011,-0.02004,0.01590,0.31027,-0.00000,0.00000,-0.00000,-0.02344,0.064389
1791409377.496355,0,0,100,0.32011,-0.02003,0.01590,0.31028,-0.00000,0.00000,-0.00000,-0.00746,0.064381
1791409377.516548,0,0,100,0.32011,-0.02003,0.01587,0.31028,-0.00000,0.00000,-0.00000,-0.00426,0.064364
1791409377.536474,0,0,100,0.32011,-0.02004,0.01587,0.31027,-0.00000,0.00000,-0.00000,-0.00213,0.064380
1791409377.557151,0,0,100,0.32011,-0.02006,0.01587,0.31027,-0.00000,0.00000,-0.00000,-0.00426,0.064429
1791409377.576378,0,0,100,0.32011,-0.02006,0.01589,0.31027,-0.00000,0.00000,-0.00000,0.00107,0.064509
1791409377.596444,0,0,100,0.32010,-0.02005,0.01591,0.31027,-0.00000,0.00000,-0.00000,-0.00426,0.064603
1791409377.616451,0,0,100,0.32010,-0.02005,0.01592,0.31027,-0.00000,0.00000,-0.00000,0.00320,0.064674
1791409377.646459,0,0,100,0.32011,-0.02004,0.01592,0.31027,-0.00000,0.00000,-0.00000,-0.02344,0.064649
1791409377.666502,0,0,100,0.32010,-0.02002,0.01590,0.31027,0.00000,-0.00000,-0.00000,-0.01278,0.064529
1791409377.686472,0,0,100,0.32011,-0.02000,0.01589,0.31028,0.00000,-0.00000,0.00000,-0.01278,0.064461
1791409377.706390,0,0,100,0.32011,-0.01998,0.01588,0.31028,0.00000,-0.00000,0.00000,-0.01491,0.064331
1791409377.726464,0,0,100,0.32011,-0.01996,0.01586,0.31028,0.00000,-0.00000,0.00000,-0.00959,0.064274
1791409377.746566,0,0,100,0.32011,-0.01997,0.01585,0.31028,0.00000,-0.00000,0.00000,0.00107,0.064311
1791409377.766268,0,0,100,0.32011,-0.01997,0.01585,0.31028,0.00000,-0.00000,0.00000,-0.00959,0.064384
1791409377.786477,0,0,100,0.32011,-0.01999,0.01587,0.31028,0.00000,0.00000,0.00000,0.00213,0.064434
1791409377.806656,0,0,100,0.32011,-0.01999,0.01588,0.31028,-0.00000,0.00000,-0.00000,0.00533,0.064637
1791409377.826424,0,0,100,0.32011,-0.01999,0.01592,0.31028,-0.00000,0.00000,-0.00000,0.00000,0.064719
1791409377.846424,0,0,100,0.32010,-0.01999,0.01592,0.31028,-0.00000,0.00000,-0.00000,-0.00320,0.064729
1791409377.866400,0,0,100,0.32011,-0.01997,0.01594,0.31028,-0.00000,0.00000,-0.00000,-0.01704,0.064640
1791409377.896351,0,0,100,0.32011,-0.01996,0.01593,0.31028,-0.00000,0.00000,-0.00000,-0.01917,0.064504
1791409377.916604,0,0,100,0.32011,-0.01996,0.01588,0.31028,-0.00000,-0.00000,0.00000,-0.02344,0.064350
1791409377.936388,0,0,100,0.32012,-0.01997,0.01586,0.31028,0.00000,-0.00000,0.00000,-0.01172,0.064292
1791409377.959739,0,0,100,0.32012,-0.01996,0.01584,0.31028,0.00000,-0.00000,0.00000,-0.01704,0.064293
1791409377.980137,0,0,100,0.32012,-0.01997,0.01587,0.31028,0.00000,-0.00000,0.00000,-0.00746,0.064313
1791409377.999838,0,0,100,0.32012,-0.01997,0.01588,0.31028,0.00000,0.00000,-0.00000,0.00746,0.064401
1791409378.019781,0,0,100,0.32012,-0.01998,0.01593,0.31027,-0.00000,0.00000,-0.00000,0.00426,0.064561
1791409378.040027,0,0,100,0.32012,-0.01999,0.01596,0.31027,-0.00000,0.00000,-0.00000,0.00852,0.064714
1791409378.060073,0,0,100,0.32012,-0.02003,0.01598,0.31027,-0.00000,0.00000,-0.00000,-0.01172,0.064740
1791409378.080194,0,0,100,0.32012,-0.02001,0.01599,0.31027,-0.00000,0.00000,-0.00000,-0.01065,0.064708
1791409378.100098,0,0,100,0.32012,-0.02002,0.01597,0.31027,-0.00000,0.00000,-0.00000,-0.01811,0.064562
1791409378.119732,0,0,100,0.32012,-0.02004,0.01594,0.31027,-0.00000,0.00000,-0.00000,-0.01917,0.064416
1791409378.139867,0,0,100,0.32012,-0.02005,0.01591,0.31027,-0.00000,0.00000,-0.00000,-0.00746,0.064249
1791409378.160098,0,0,100,0.32012,-0.02005,0.01588,0.31027,-0.00000,0.00000,-0.00000,-0.00639,0.064119
1791409378.179759,0,0,100,0.32012,-0.02004,0.01585,0.31027,-0.00000,0.00000,-0.00000,-0.01598,0.064119
1791409378.200156,0,0,100,0.32013,-0.02007,0.01582,0.31027,-0.00000,0.00000,-0.00000,-0.00320,0.064139
1791409378.219827,0,0,100,0.32013,-0.02008,0.01583,0.31027,-0.00000,0.00000,-0.00000,-0.00426,0.064192
1791409378.239770,0,0,100,0.32013,-0.02009,0.01583,0.31027,-0.00000,0.00000,-0.00000,-0.00639,0.064273
1791409378.259777,0,0,100,0.32013,-0.02008,0.01586,0.31027,0.00000,0.00000,-0.00000,0.00639,0.064372
1791409378.279819,0,0,100,0.32012,-0.02010,0.01588,0.31027,-0.00000,0.00000,-0.00000,-0.00852,0.064452
1791409378.299821,0,0,100,0.32012,-0.02007,0.01588,0.31027,-0.00000,0.00000,-0.00000,-0.00213,0.064555
1791409378.319768,0,0,100,0.32012,-0.02006,0.01590,0.31027,-0.00000,0.00000,-0.00000,-0.01172,0.064552
1791409378.340077,0,0,100,0.32012,-0.02005,0.01589,0.31027,-0.00000,0.00000,-0.00000,-0.02024,0.064432
1791409378.359771,0,0,100,0.32012,-0.02005,0.01587,0.31027,-0.00000,0.00000,-0.00000,-0.02557,0.064245
1791409378.379803,0,0,100,0.32013,-0.02006,0.01585,0.31027,-0.00000,-0.00000,0.00000,-0.01385,0.064139
1791409378.399780,0,0,100,0.32013,-0.02006,0.01585,0.31027,0.00000,-0.00000,0.00000,-0.01172,0.064111
1791409378.419863,0,0,100,0.32014,-0.02005,0.01584,0.31027,-0.00000,0.00000,-0.00000,0.00426,0.064189
1791409378.439772,0,0,100,0.32014,-0.02006,0.01588,0.31027,-0.00000,0.00000,-0.00000,-0.00426,0.064282
1791409378.459918,0,0,100,0.32014,-0.02007,0.01591,0.31027,-0.00000,0.00000,-0.00000,-0.01065,0.064343
1791409378.479865,0,0,100,0.32013,-0.02008,0.01593,0.31027,-0.00000,0.00000,-0.00000,0.00320,0.064462
1791409378.500170,0,0,100,0.32013,-0.02009,0.01597,0.31027,-0.00000,0.00000,-0.00000,-0.00639,0.064558
1791409378.519871,0,0,100,0.32012,-0.02009,0.01599,0.31026,-0.00000,0.00000,-0.00000,-0.01065,0.064635
1791409378.539764,0,0,100,0.32013,-0.02008,0.01599,0.31026,-0.00000,0.00000,-0.00000,0.00320,0.064647
1791409378.559751,0,0,100,0.32013,-0.02008,0.01595,0.31026,-0.00000,0.00000,-0.00000,-0.02024,0.064646
1791409378.579787,0,0,100,0.32013,-0.02008,0.01594,0.31026,-0.00000,0.00000,-0.00000,-0.01491,0.064578
1791409378.603077,0,0,100,0.32013,-0.02007,0.01591,0.31026,-0.00000,0.00000,-0.00000,-0.01385,0.064420
1791409378.623118,0,0,100,0.32014,-0.02008,0.01589,0.31026,0.00000,-0.00000,-0.00000,-0.01491,0.064322
1791409378.643474,0,0,100,0.32014,-0.02005,0.01588,0.31026,0.00000,0.00000,-0.00000,-0.01172,0.064329
1791409378.672984,0,0,100,0.32014,-0.02007,0.01589,0.31026,-0.00000,0.00000,-0.00000,-0.00426,0.064369
1791409378.693130,0,0,100,0.32013,-0.02008,0.01589,0.31026,-0.00000,0.00000,-0.00000,-0.00959,0.064494
1791409378.713092,0,0,100,0.32073,-0.02020,0.01547,0.31031,0.00000,-0.00000,0.00002,-0.06285,0.064302
1791409378.733088,0,0,100,0.32101,-0.02009,0.01519,0.31059,0.02905,0.00238,-0.00565,-0.18642,0.061865
1791409378.753121,0,0,100,0.32116,-0.01971,0.01515,0.31077,0.03392,0.00802,-0.01118,-0.20666,0.058065
1791409378.773133,0,0,100,0.32129,-0.01945,0.01521,0.31082,0.01626,-0.01347,-0.01822,-0.19707,0.054240
1791409378.793510,0,0,100,0.32143,-0.01922,0.01512,0.31082,0.00175,-0.00363,-0.02222,-0.16725,0.050904
1791409378.813094,0,0,100,0.32162,-0.01891,0.01491,0.31086,0.02409,-0.01449,-0.02553,-0.13422,0.048204
1791409378.833222,0,0,100,0.32187,-0.01872,0.01457,0.31094,0.00680,-0.00345,-0.02798,-0.10866,0.046064
1791409378.853296,0,0,100,0.32208,-0.01852,0.01422,0.31103,0.00306,-0.00399,-0.03061,-0.11292,0.044079
1791409378.873094,0,0,100,0.32226,-0.01837,0.01389,0.31109,-0.00029,-0.02253,-0.03356,-0.09694,0.042223
1791409378.893087,0,0,100,0.32248,-0.01823,0.01356,0.31117,0.00604,-0.00476,-0.03403,-0.08735,0.040493
1791409378.913181,0,0,100,0.32265,-0.01810,0.01329,0.31126,0.00275,-0.00512,-0.03533,-0.08416,0.038838
1791409378.933376,0,0,100,0.32279,-0.01796,0.01312,0.31133,0.01800,0.00054,-0.03699,-0.06285,0.037442
1791409378.953084,0,0,100,0.32289,-0.01782,0.01304,0.31140,0.02184,-0.00012,-0.03797,-0.06179,0.036301
1791409378.973119,0,0,100,0.32298,-0.01774,0.01296,0.31145,0.00363,-0.00244,-0.03832,-0.05220,0.035358
1791409378.993279,0,0,100,0.32305,-0.01763,0.01294,0.31151,0.00027,0.00382,-0.03874,-0.03728,0.034705
1791409379.013324,0,0,100,0.32307,-0.01749,0.01299,0.31154,0.01035,0.00536,-0.04131,-0.03196,0.034270
1791409379.033084,0,0,100,0.32309,-0.01742,0.01301,0.31155,0.00403,-0.00284,-0.04218,-0.02131,0.033898
1791409379.053126,0,0,100,0.32309,-0.01732,0.01302,0.31158,-0.00134,-0.00285,-0.04116,-0.04155,0.033547
1791409379.073038,0,0,100,0.32310,-0.01729,0.01303,0.31159,0.01201,0.00358,-0.04248,-0.03728,0.033142
1791409379.093149,0,0,100,0.32313,-0.01725,0.01301,0.31160,-0.00875,0.00219,-0.04362,-0.01598,0.032808
1791409379.113326,0,0,100,0.32317,-0.01725,0.01298,0.31162,0.00658,0.00215,-0.04326,-0.03835,0.032518
1791409379.133519,0,0,100,0.32318,-0.01725,0.01295,0.31163,0.00747,0.00095,-0.04362,-0.01598,0.032230
1791409379.153145,0,0,100,0.32323,-0.01728,0.01290,0.31164,0.01350,0.00527,-0.04427,-0.02344,0.031918
1791409379.173153,0,0,100,0.32328,-0.01732,0.01282,0.31167,-0.00624,-0.00913,-0.04405,-0.02557,0.031621
1791409379.193221,0,0,100,0.32331,-0.01735,0.01279,0.31169,-0.00753,0.01068,-0.04307,-0.03409,0.031182
1791409379.213339,0,0,100,0.32333,-0.01739,0.01276,0.31171,0.01007,0.01499,-0.04318,-0.02770,0.030789
1791409379.233540,0,0,100,0.32335,-0.01741,0.01274,0.31173,0.00055,0.00996,-0.04347,-0.02024,0.030487
1791409379.253500,0,0,100,0.32338,-0.01745,0.01270,0.31174,-0.00428,-0.00124,-0.04362,-0.01917,0.030262
1791409379.273270,0,0,100,0.32340,-0.01747,0.01268,0.31176,-0.00057,0.00142,-0.04370,-0.02131,0.029997
1791409379.293135,0,0,100,0.32341,-0.01748,0.01268,0.31177,0.00631,0.00842,-0.04444,-0.02770,0.029708
1791409379.313199,0,0,100,0.32343,-0.01751,0.01265,0.31178,0.00802,0.01428,-0.04419,-0.01811,0.029430
1791409379.333039,0,0,100,0.32344,-0.01753,0.01264,0.31179,0.00242,-0.00607,-0.04590,-0.02131,0.029239
1791409379.353162,0,0,100,0.32345,-0.01758,0.01263,0.31180,0.00268,0.01348,-0.04442,-0.01385,0.029006
1791409379.373336,0,0,100,0.32346,-0.01758,0.01262,0.31182,0.01088,0.00392,-0.04410,-0.01811,0.028854
1791409379.393165,0,0,100,0.32346,-0.01760,0.01264,0.31185,-0.00033,0.00549,-0.04399,-0.02237,0.028629
1791409379.413135,0,0,100,0.32346,-0.01761,0.01266,0.31188,-0.00182,0.01061,-0.04309,-0.01811,0.028455
1791409379.433137,0,0,100,0.32347,-0.01759,0.01269,0.31190,0.00348,0.00866,-0.04355,-0.01811,0.028219
1791409379.453039,0,0,100,0.32346,-0.01758,0.01272,0.31193,-0.00089,0.01151,-0.04330,-0.03409,0.027937
1791409379.473138,0,0,100,0.32346,-0.01755,0.01276,0.31199,0.01150,0.01501,-0.04247,-0.02770,0.027574
1791409379.493301,0,0,100,0.32346,-0.01751,0.01279,0.31200,-0.00632,-0.00456,-0.04370,-0.03835,0.027112
1791409379.513165,0,0,100,0.32346,-0.01752,0.01281,0.31204,-0.00445,-0.00860,-0.04407,-0.03409,0.026670
1791409379.533339,0,0,100,0.32347,-0.01751,0.01284,0.31206,-0.00224,0.00700,-0.04284,-0.02770,0.026271
1791409379.553232,0,0,100,0.32347,-0.01751,0.01286,0.31209,0.00167,0.01264,-0.04347,-0.02876,0.025941
1791409379.573156,0,0,100,0.32349,-0.01755,0.01286,0.31211,-0.00588,0.00359,-0.04412,-0.01917,0.025650
1791409379.593076,0,0,100,0.32350,-0.01756,0.01284,0.31214,0.00431,-0.00735,-0.04427,-0.01704,0.025394
1791409379.613162,0,0,100,0.32352,-0.01761,0.01284,0.31216,0.00003,0.01082,-0.04377,-0.03196,0.025017
1791409379.638326,0,0,100,0.32355,-0.01765,0.01285,0.31218,0.00544,0.00759,-0.04421,-0.02770,0.024635
1791409379.656433,0,0,100,0.32360,-0.01770,0.01283,0.31220,-0.00566,0.00780,-0.04435,-0.02344,0.024197
1791409379.676434,0,0,100,0.32364,-0.01770,0.01283,0.31222,-0.00257,0.00886,-0.04421,-0.02237,0.023748
1791409379.696750,0,0,100,0.32368,-0.01769,0.01282,0.31226,0.00582,0.00872,-0.04519,-0.02663,0.023247
1791409379.726256,0,0,100,0.32369,-0.01768,0.01274,0.31228,0.00084,0.00594,-0.04553,-0.02344,0.022761
1791409379.746304,0,0,100,0.32366,-0.01769,0.01274,0.31231,-0.00215,0.00280,-0.04358,-0.00213,0.022710
1791409379.769673,0,0,100,0.32364,-0.01773,0.01276,0.31235,0.01060,0.00844,-0.04281,-0.00533,0.022764
1791409379.789745,0,0,100,0.32359,-0.01782,0.01293,0.31239,-0.01210,0.01831,-0.04234,-0.02450,0.022773
1791409379.809783,0,0,100,0.32355,-0.01790,0.01309,0.31243,-0.00857,-0.00004,-0.04455,-0.02131,0.022598
1791409379.841786,0,0,100,0.32349,-0.01802,0.01337,0.31247,0.00188,0.02297,-0.04213,-0.02131,0.021862
1791409379.859678,0,0,100,0.32344,-0.01818,0.01353,0.31253,0.00109,0.00643,-0.04081,-0.04368,0.021288
1791409379.879748,0,0,100,0.32338,-0.01831,0.01368,0.31261,0.00072,0.01709,-0.03997,-0.06392,0.020418
1791409379.899769,0,0,100,0.32335,-0.01846,0.01388,0.31269,-0.00744,0.02957,-0.03944,-0.06818,0.019278
1791409379.919787,0,0,100,0.32331,-0.01858,0.01408,0.31276,0.00269,0.01177,-0.04140,-0.07670,0.018083
1791409379.940219,0,0,100,0.32328,-0.01875,0.01430,0.31287,-0.00847,0.01502,-0.03859,-0.09161,0.016381
1791409379.960391,0,0,100,0.32328,-0.01892,0.01447,0.31298,-0.00115,0.01483,-0.03866,-0.09694,0.014751
1791409379.979832,0,0,100,0.32327,-0.01905,0.01465,0.31309,-0.00395,-0.00340,-0.03989,-0.10546,0.013028
1791409379.999749,0,0,100,0.32327,-0.01918,0.01476,0.31318,-0.00639,-0.00069,-0.04012,-0.09800,0.011432
1791409380.020350,0,0,100,0.32329,-0.01939,0.01490,0.31329,0.01039,0.01582,-0.03882,-0.09055,0.009469
1791409380.039674,0,0,100,0.32330,-0.01959,0.01497,0.31339,-0.01555,0.00850,-0.03925,-0.09481,0.007786
1791409380.059624,0,0,100,0.32330,-0.01979,0.01502,0.31349,-0.00428,0.00502,-0.03980,-0.09481,0.006051
1791409380.079732,0,0,100,0.32330,-0.02007,0.01503,0.31359,-0.01502,0.01547,-0.03903,-0.09161,0.004375
1791409380.099603,0,0,100,0.32333,-0.02041,0.01510,0.31370,-0.01756,0.00433,-0.03904,-0.11611,0.002200
1791409380.119742,0,0,100,0.32331,-0.02070,0.01500,0.31381,-0.01562,0.01975,-0.03836,-0.12037,0.000142
1791409380.139727,0,0,100,0.32321,-0.02104,0.01485,0.31391,-0.01347,0.00849,-0.04222,-0.13422,-0.001979
1791409380.159697,0,0,100,0.32299,-0.02166,0.01453,0.31396,-0.02195,0.00415,-0.04378,-0.14381,-0.004984
1791409380.179641,0,0,100,0.32275,-0.02210,0.01435,0.31406,-0.02913,-0.02295,-0.04013,-0.14061,-0.007627
1791409380.199635,0,0,100,0.32257,-0.02249,0.01418,0.31417,-0.02335,-0.02643,-0.04145,-0.13316,-0.010124
1791409380.219664,0,0,100,0.32216,-0.02263,0.01403,0.31412,0.05824,-0.00101,-0.04812,-0.07670,-0.011896
1791409380.239634,0,0,100,0.32201,-0.02237,0.01401,0.31399,-0.03587,0.00801,-0.05311,0.06072,-0.011441
1791409380.259698,0,0,100,0.32192,-0.02310,0.01385,0.31379,-0.05524,-0.00320,-0.05010,0.17257,-0.008735
1791409380.279868,0,0,100,0.32182,-0.02386,0.01367,0.31355,0.01064,-0.00663,-0.04947,0.19814,-0.005282
1791409380.299695,0,0,100,0.32168,-0.02374,0.01359,0.31317,0.01052,0.00270,-0.05263,0.20240,0.000028
1791409380.319645,0,0,100,0.32148,-0.02376,0.01375,0.31282,0.02055,0.00687,-0.05750,0.19707,0.003840
1791409380.339766,0,0,100,0.32117,-0.02378,0.01402,0.31240,-0.00119,0.01306,-0.05748,0.18962,0.007899
1791409380.359624,0,0,100,0.32049,-0.02356,0.01459,0.31215,0.00818,0.03776,-0.05929,0.20773,0.012218
1791409380.379728,0,0,100,0.31952,-0.02392,0.01496,0.31165,0.00006,0.02619,-0.04443,0.16938,0.015895
1791409380.399737,0,0,100,0.31926,-0.02373,0.01549,0.31150,0.01088,0.03452,-0.03195,0.14168,0.019086
1791409380.419689,0,0,100,0.31879,-0.02350,0.01605,0.31143,0.01965,0.02860,-0.03808,0.12464,0.021989
1791409380.439672,0,0,100,0.31848,-0.02317,0.01648,0.31125,0.02933,0.01957,-0.04584,0.12251,0.024532
1791409380.459733,0,0,100,0.31824,-0.02281,0.01684,0.31108,0.01936,0.01068,-0.04434,0.09587,0.026806
1791409380.480118,0,0,100,0.31809,-0.02256,0.01698,0.31098,0.01773,0.00609,-0.04089,0.08416,0.028570
1791409380.499690,0,0,100,0.31794,-0.02225,0.01708,0.31094,0.01693,0.00106,-0.04084,0.05646,0.030538
1791409380.519639,0,0,100,0.31787,-0.02209,0.01708,0.31089,0.01777,-0.00074,-0.04114,0.04155,0.031634
1791409380.540006,0,0,100,0.31781,-0.02193,0.01708,0.31085,0.00955,0.00949,-0.03998,0.02131,0.032511
1791409380.559612,0,0,100,0.31777,-0.02178,0.01705,0.31083,0.01891,0.00200,-0.04013,0.00426,0.033057
1791409380.579579,0,0,100,0.31776,-0.02168,0.01708,0.31081,0.01030,0.01039,-0.04002,0.00320,0.033283
1791409380.599596,0,0,100,0.31772,-0.02158,0.01708,0.31080,0.00589,0.01594,-0.03970,0.00213,0.033487
1791409380.619714,0,0,100,0.31772,-0.02157,0.01707,0.31080,0.00169,0.00114,-0.03973,0.00426,0.033535
1791409380.639577,0,0,100,0.31767,-0.02150,0.01708,0.31079,0.00532,0.00097,-0.03939,0.00639,0.033926
1791409380.659692,0,0,100,0.31765,-0.02149,0.01712,0.31079,-0.00265,0.00637,-0.03900,0.00107,0.034171
1791409380.683167,0,0,100,0.31761,-0.02147,0.01717,0.31078,0.00187,0.00342,-0.03916,-0.00426,0.034439
1791409380.703125,0,0,100,0.31757,-0.02146,0.01719,0.31078,-0.00029,-0.00326,-0.03856,-0.00639,0.034548
1791409380.723121,0,0,100,0.31755,-0.02143,0.01722,0.31077,0.00800,-0.00284,-0.03907,-0.00213,0.034723
1791409380.743111,0,0,100,0.31754,-0.02143,0.01727,0.31077,-0.00043,0.01798,-0.03805,0.01065,0.034932
1791409380.763022,0,0,100,0.31753,-0.02143,0.01729,0.31078,0.00867,-0.00105,-0.03817,-0.01065,0.035150
1791409380.783232,0,0,100,0.31752,-0.02140,0.01731,0.31077,0.00128,0.00365,-0.03853,-0.00533,0.035275
1791409380.803303,0,0,100,0.31751,-0.02138,0.01731,0.31078,0.01064,-0.00731,-0.03779,-0.00426,0.035381
1791409380.823304,0,0,100,0.31750,-0.02136,0.01736,0.31077,-0.00376,0.01197,-0.03787,-0.01065,0.035451
1791409380.843221,0,0,100,0.31748,-0.02134,0.01735,0.31076,0.00762,0.00105,-0.03828,-0.00639,0.035471
1791409380.863259,0,0,100,0.31748,-0.02131,0.01736,0.31077,-0.00365,-0.00079,-0.03784,-0.00533,0.035551
1791409380.893025,0,0,100,0.31747,-0.02128,0.01734,0.31077,-0.00611,-0.00544,-0.03816,-0.01172,0.035534
1791409380.913201,0,0,100,0.31747,-0.02125,0.01735,0.31076,0.01144,0.01238,-0.03747,0.00213,0.035583
1791409380.933281,0,0,100,0.31747,-0.02124,0.01737,0.31077,0.00503,0.00321,-0.03752,0.01172,0.035671
1791409380.953109,0,0,100,0.31746,-0.02122,0.01736,0.31076,0.01012,0.00018,-0.03761,-0.01065,0.035687
1791409380.973016,0,0,100,0.31746,-0.02122,0.01735,0.31076,0.01827,0.00806,-0.03748,-0.00852,0.035747
1791409380.993233,0,0,100,0.31746,-0.02125,0.01737,0.31076,-0.00091,0.00414,-0.03762,-0.00426,0.035815
1791409381.013017,0,0,100,0.31746,-0.02125,0.01738,0.31076,0.00733,-0.00229,-0.03752,-0.00426,0.035941
1791409381.033073,0,0,100,0.31745,-0.02126,0.01741,0.31075,0.01184,0.00576,-0.03825,0.00213,0.036066
1791409381.053143,0,0,100,0.31745,-0.02126,0.01742,0.31074,-0.00029,-0.00403,-0.03793,-0.00426,0.036120
1791409381.073099,0,0,100,0.31744,-0.02130,0.01742,0.31074,-0.00802,-0.00934,-0.03757,-0.01065,0.036185
1791409381.093261,0,0,100,0.31744,-0.02128,0.01743,0.31073,0.01610,0.01243,-0.03817,-0.00959,0.036187
1791409381.113130,0,0,100,0.31744,-0.02126,0.01740,0.31073,0.00199,-0.00059,-0.03874,-0.01172,0.036155
1791409381.133161,0,0,100,0.31743,-0.02124,0.01741,0.31073,0.00520,-0.00152,-0.03833,-0.01704,0.036127
1791409381.153079,0,0,100,0.31744,-0.02125,0.01740,0.31074,0.00705,-0.00432,-0.03824,-0.01172,0.036101
1791409381.173131,0,0,100,0.31744,-0.02122,0.01740,0.31074,0.01591,0.01056,-0.03783,-0.01172,0.036086
1791409381.193506,0,0,100,0.31743,-0.02124,0.01739,0.31074,0.00276,0.00664,-0.03745,-0.00426,0.036151
1791409381.213048,0,0,100,0.31742,-0.02124,0.01740,0.31075,0.00624,0.00377,-0.03738,-0.01065,0.036315
1791409381.233086,0,0,100,0.31742,-0.02122,0.01741,0.31076,0.01803,0.01124,-0.03695,-0.00213,0.036435
1791409381.253282,0,0,100,0.31743,-0.02123,0.01743,0.31075,0.00201,0.00490,-0.03761,0.00000,0.036489
1791409381.273264,0,0,100,0.31741,-0.02124,0.01746,0.31074,0.00256,0.00824,-0.03775,-0.00320,0.036506
1791409381.293181,0,0,100,0.31739,-0.02121,0.01750,0.31074,0.01891,0.00407,-0.03808,0.00533,0.036601
1791409381.313252,0,0,100,0.31739,-0.02121,0.01751,0.31073,-0.00348,0.00744,-0.03789,-0.00533,0.036657
1791409381.333130,0,0,100,0.31740,-0.02118,0.01750,0.31073,0.00843,-0.00888,-0.03725,-0.00213,0.036660
1791409381.353054,0,0,100,0.31740,-0.02116,0.01750,0.31073,0.00291,0.00431,-0.03753,-0.00639,0.036625
1791409381.373118,0,0,100,0.31740,-0.02117,0.01747,0.31073,0.00534,0.00381,-0.03766,-0.00107,0.036566
1791409381.393112,0,0,100,0.31739,-0.02116,0.01747,0.31073,0.00924,0.01463,-0.03781,-0.01811,0.036525
1791409381.413007,0,0,100,0.31740,-0.02116,0.01747,0.31073,0.00377,0.01176,-0.03789,-0.00426,0.036602
1791409381.433188,0,0,100,0.31740,-0.02115,0.01747,0.31073,0.01229,-0.00735,-0.03821,-0.01385,0.036706
1791409381.453317,0,0,100,0.31739,-0.02113,0.01750,0.31072,0.01661,0.00541,-0.03818,0.00426,0.036868
1791409381.473090,0,0,100,0.31738,-0.02115,0.01752,0.31071,0.01038,0.01281,-0.03851,0.00639,0.036993
1791409381.493214,0,0,100,0.31738,-0.02116,0.01753,0.31069,0.00015,0.00616,-0.03860,-0.01065,0.037075
1791409381.513947,0,0,100,0.31738,-0.02116,0.01753,0.31071,0.00435,0.00333,-0.03796,-0.00852,0.037121
1791409381.532944,0,0,100,0.31737,-0.02115,0.01755,0.31070,0.01828,0.00740,-0.03835,-0.00320,0.037181
1791409381.553116,0,0,100,0.31735,-0.02112,0.01756,0.31069,0.00427,-0.01822,-0.03937,-0.01172,0.037189
1791409381.573159,0,0,100,0.31735,-0.02110,0.01757,0.31069,0.00117,-0.00812,-0.03905,-0.00959,0.037220
1791409381.593105,0,0,100,0.31735,-0.02108,0.01755,0.31069,0.00155,-0.00753,-0.03831,-0.02237,0.037200
1791409381.613170,0,0,100,0.31735,-0.02108,0.01752,0.31069,0.00150,-0.00637,-0.03862,-0.00746,0.037188
1791409381.633132,0,0,100,0.31736,-0.02106,0.01751,0.31068,0.00790,0.00288,-0.03925,-0.01065,0.037166
1791409381.653437,0,0,100,0.31735,-0.02106,0.01752,0.31068,-0.00149,0.01088,-0.03881,-0.00213,0.037147
1791409381.673078,0,0,100,0.31735,-0.02108,0.01752,0.31069,0.00422,0.01211,-0.03867,-0.00426,0.037128
1791409381.693138,0,0,100,0.31735,-0.02109,0.01752,0.31069,0.00482,0.00499,-0.03849,-0.00746,0.037195
1791409381.713116,0,0,100,0.31735,-0.02110,0.01753,0.31070,0.00245,-0.00557,-0.03805,-0.00746,0.037325
1791409381.733198,0,0,100,0.31734,-0.02113,0.01756,0.31069,0.00324,-0.00286,-0.03853,-0.00426,0.037424
1791409381.753097,0,0,100,0.31733,-0.02112,0.01756,0.31070,0.01265,-0.00116,-0.03806,-0.00746,0.037453
1791409381.773072,0,0,100,0.31731,-0.02112,0.01757,0.31071,-0.00784,0.00209,-0.03735,-0.00852,0.037484
1791409381.792875,0,0,100,0.31732,-0.02109,0.01756,0.31071,0.00756,-0.00889,-0.03778,-0.00639,0.037494
1791409381.813082,0,0,100,0.31731,-0.02108,0.01756,0.31070,0.00909,0.00765,-0.03736,-0.01491,0.037380
1791409381.833206,0,0,100,0.31731,-0.02106,0.01755,0.31071,0.00437,0.00335,-0.03807,-0.00639,0.037341
1791409381.852919,0,0,100,0.31731,-0.02106,0.01753,0.31069,-0.00215,-0.00784,-0.03854,-0.01917,0.037312
1791409381.872942,0,0,100,0.31731,-0.02106,0.01755,0.31070,0.01045,0.00799,-0.03762,-0.00533,0.037355
1791409381.893207,0,0,100,0.31731,-0.02106,0.01755,0.31071,0.01349,0.01907,-0.03720,-0.00852,0.037385
1791409381.913172,0,0,100,0.31731,-0.02108,0.01756,0.31071,-0.00982,0.00282,-0.03691,-0.00852,0.037459
1791409381.932975,0,0,100,0.31730,-0.02108,0.01758,0.31070,0.00563,0.00541,-0.03749,0.00107,0.037627
1791409381.953027,0,0,100,0.31729,-0.02107,0.01762,0.31070,0.01448,0.00949,-0.03780,-0.00213,0.037697
1791409381.973231,0,0,100,0.31728,-0.02109,0.01765,0.31069,-0.00652,0.00233,-0.03735,0.00107,0.037817
1791409381.993092,0,0,100,0.31727,-0.02109,0.01764,0.31068,0.00782,0.00198,-0.03866,-0.01065,0.037892
1791409382.013063,0,0,100,0.31727,-0.02107,0.01764,0.31068,0.01309,0.00279,-0.03804,-0.00639,0.037870
1791409382.033102,0,0,100,0.31727,-0.02107,0.01764,0.31068,0.00375,0.00919,-0.03808,-0.01917,0.037800
1791409382.052933,0,0,100,0.31728,-0.02103,0.01761,0.31067,0.00782,-0.00197,-0.03806,-0.02024,0.037743
1791409382.073146,0,0,100,0.31728,-0.02100,0.01759,0.31067,0.00868,0.00607,-0.03831,0.00213,0.037691
1791409382.093266,0,0,100,0.31728,-0.02101,0.01758,0.31068,0.00754,-0.00098,-0.03811,-0.01065,0.037632
1791409382.112959,0,0,100,0.31727,-0.02101,0.01758,0.31066,0.00641,0.00059,-0.03878,-0.01065,0.037713
1791409382.133087,0,0,100,0.31728,-0.02101,0.01758,0.31066,0.00323,-0.00083,-0.03850,-0.00320,0.037825
1791409382.152979,0,0,100,0.31727,-0.02102,0.01760,0.31066,0.00240,0.00888,-0.03874,-0.01385,0.037935
1791409382.172957,0,0,100,0.31726,-0.02103,0.01761,0.31066,0.00524,0.01325,-0.03845,-0.00852,0.038018
1791409382.193106,0,0,100,0.31726,-0.02104,0.01763,0.31066,0.00446,0.00954,-0.03787,-0.00746,0.038090
1791409382.212962,0,0,100,0.31725,-0.02102,0.01764,0.31066,0.00769,0.00789,-0.03830,-0.00852,0.038082
1791409382.233162,0,0,100,0.31723,-0.02101,0.01763,0.31066,0.00283,0.01076,-0.03757,-0.02344,0.038111
1791409382.253024,0,0,100,0.31723,-0.02100,0.01763,0.31067,0.00814,-0.00002,-0.03818,-0.00852,0.038071
1791409382.273098,0,0,100,0.31724,-0.02096,0.01760,0.31067,0.01342,0.00137,-0.03852,-0.01065,0.038030
1791409382.293114,0,0,100,0.31724,-0.02094,0.01759,0.31068,0.02323,0.00948,-0.03750,-0.01065,0.037932
1791409382.313064,0,0,100,0.31723,-0.02095,0.01757,0.31067,0.00009,0.00257,-0.03798,-0.01704,0.037836
1791409382.332976,0,0,100,0.31724,-0.02095,0.01754,0.31067,-0.00385,0.00980,-0.03816,-0.00959,0.037859
1791409382.353151,0,0,100,0.31723,-0.02097,0.01755,0.31067,0.01220,0.01189,-0.03794,0.00213,0.038010
1791409382.373168,0,0,100,0.31723,-0.02098,0.01755,0.31068,0.00414,0.00105,-0.03827,-0.00213,0.038076
1791409382.393142,0,0,100,0.31723,-0.02097,0.01758,0.31068,0.01456,0.01162,-0.03759,-0.00746,0.038241
1791409382.412983,0,0,100,0.31722,-0.02098,0.01762,0.31067,0.01586,0.00437,-0.03857,0.00213,0.038364
1791409382.433016,0,0,100,0.31721,-0.02098,0.01765,0.31066,0.00623,-0.00162,-0.03899,-0.01278,0.038336
1791409382.452915,0,0,100,0.31720,-0.02098,0.01764,0.31066,0.00776,0.01377,-0.03788,-0.01278,0.038349
1791409382.472962,0,0,100,0.31721,-0.02096,0.01762,0.31068,0.00569,0.00388,-0.03776,-0.01172,0.038371
1791409382.493170,0,0,100,0.31721,-0.02095,0.01759,0.31068,0.00370,-0.00714,-0.03778,-0.01917,0.038368
1791409382.512986,0,0,100,0.31721,-0.02093,0.01755,0.31069,-0.00239,0.00497,-0.03743,-0.01598,0.038306
1791409382.532932,0,0,100,0.31720,-0.02091,0.01755,0.31068,0.00266,0.00107,-0.03800,-0.01172,0.038305
1791409382.553019,0,0,100,0.31721,-0.02090,0.01753,0.31069,0.01313,-0.00020,-0.03757,-0.00639,0.038241
1791409382.572782,0,0,100,0.31721,-0.02090,0.01754,0.31069,0.00161,0.00922,-0.03781,-0.00746,0.038260
1791409382.593147,0,0,100,0.31721,-0.02090,0.01755,0.31069,0.00823,0.00715,-0.03751,-0.00107,0.038339
1791409382.613003,0,0,100,0.31721,-0.02091,0.01757,0.31069,0.01202,0.00034,-0.03816,-0.00426,0.038471
1791409382.636503,0,0,100,0.31720,-0.02095,0.01760,0.31068,0.00134,0.00484,-0.03820,-0.01278,0.038564
1791409382.656484,0,0,100,0.31720,-0.02094,0.01764,0.31067,0.00790,0.00844,-0.03840,0.00639,0.038604
1791409382.676429,0,0,100,0.31720,-0.02095,0.01762,0.31067,0.01330,0.00595,-0.03827,-0.00213,0.038568
1791409382.696345,0,0,100,0.31719,-0.02092,0.01763,0.31067,0.00578,0.00291,-0.03867,-0.01491,0.038532
1791409382.716362,0,0,100,0.31719,-0.02089,0.01761,0.31066,0.00352,0.00742,-0.03807,-0.00852,0.038525
1791409382.736568,0,0,100,0.31719,-0.02087,0.01757,0.31067,0.00373,-0.01028,-0.03810,0.00107,0.038472
1791409382.756758,0,0,100,0.31719,-0.02085,0.01756,0.31067,-0.00120,0.01580,-0.03796,-0.00533,0.038424
1791409382.776628,0,0,100,0.31719,-0.02083,0.01755,0.31067,0.00751,-0.00049,-0.03766,-0.01385,0.038371
1791409382.796671,0,0,100,0.31719,-0.02083,0.01752,0.31067,-0.00046,0.00541,-0.03822,-0.00533,0.038357
1791409382.816551,0,0,100,0.31719,-0.02082,0.01752,0.31066,0.00886,0.01282,-0.03825,0.00000,0.038413
1791409382.836610,0,0,100,0.31719,-0.02084,0.01754,0.31067,0.00392,0.01508,-0.03806,-0.00746,0.038488
1791409382.856554,0,0,100,0.31719,-0.02086,0.01754,0.31067,0.00471,-0.00242,-0.03866,-0.00639,0.038656
1791409382.876338,0,0,100,0.31719,-0.02087,0.01754,0.31067,0.00633,0.00192,-0.03844,-0.02024,0.038723
1791409382.896469,0,0,100,0.31718,-0.02087,0.01756,0.31067,0.00719,0.00458,-0.03836,-0.00746,0.038748
1791409382.916526,0,0,100,0.31718,-0.02088,0.01753,0.31067,0.00685,0.00583,-0.03780,-0.01172,0.038701
1791409382.936562,0,0,100,0.31718,-0.02084,0.01753,0.31067,0.01437,0.00604,-0.03830,-0.01278,0.038613
1791409382.956574,0,0,100,0.31718,-0.02083,0.01748,0.31066,0.00185,-0.00301,-0.03880,-0.00746,0.038458
1791409382.976419,0,0,100,0.31718,-0.02081,0.01743,0.31067,-0.00110,-0.00650,-0.03855,-0.01598,0.038337
1791409382.996524,0,0,100,0.31718,-0.02079,0.01741,0.31067,0.00857,0.00446,-0.03810,-0.00320,0.038324
1791409383.016562,0,0,100,0.31719,-0.02078,0.01740,0.31068,0.01823,0.00702,-0.03859,-0.00320,0.038363
1791409383.036380,0,0,100,0.31718,-0.02080,0.01741,0.31068,0.00370,0.01372,-0.03762,-0.00533,0.038453
1791409383.056263,0,0,100,0.31719,-0.02081,0.01743,0.31069,0.00217,0.00645,-0.03751,-0.00746,0.038593
1791409383.076449,0,0,100,0.31718,-0.02083,0.01744,0.31070,0.00812,-0.00157,-0.03746,-0.00107,0.038643
1791409383.106399,0,0,100,0.31718,-0.02087,0.01746,0.31069,-0.00900,0.00680,-0.03817,-0.00639,0.038738
1791409383.126527,0,0,100,0.31718,-0.02090,0.01747,0.31068,0.00642,0.00744,-0.03854,-0.00107,0.038852
1791409383.148023,0,0,100,0.31718,-0.02091,0.01748,0.31068,0.00399,-0.00979,-0.03890,-0.01491,0.038848
1791409383.166452,0,0,100,0.31718,-0.02087,0.01746,0.31067,0.00706,0.00282,-0.03871,-0.01278,0.038741
1791409383.186530,0,0,100,0.31718,-0.02089,0.01745,0.31068,-0.00619,0.00065,-0.03852,-0.00533,0.038673
1791409383.206681,0,0,100,0.31718,-0.02084,0.01744,0.31068,0.01025,0.00052,-0.03844,-0.00107,0.038584
1791409383.226513,0,0,2006,0.31689,-0.02118,0.01736,0.31055,-0.00040,0.00057,-0.03479,-0.02344,0.038524
1791409383.246481,0,0,2006,0.31552,-0.02228,0.01720,0.30968,-0.00032,0.00043,-0.02593,-0.02450,0.038294
1791409383.266512,0,0,2006,0.31378,-0.02265,0.01718,0.30850,-0.00023,0.00033,-0.01978,-0.02237,0.038046
1791409383.287345,0,0,2006,0.31133,-0.02296,0.01732,0.30684,-0.00016,0.00026,-0.01551,-0.00639,0.037953
1791409383.306558,0,0,2006,0.30860,-0.02347,0.01742,0.30479,-0.00011,0.00022,-0.01252,0.00320,0.038009
1791409383.326529,0,0,2006,0.30633,-0.02438,0.01753,0.30262,-0.00009,0.00018,-0.01033,-0.00852,0.038080
1791409383.346618,0,0,2006,0.30436,-0.02553,0.01771,0.30043,-0.00008,0.00015,-0.00870,-0.00959,0.038220
1791409383.366638,0,0,2006,0.30235,-0.02677,0.01761,0.29823,-0.00008,0.00013,-0.00748,0.00213,0.038421
1791409383.386514,0,0,2006,0.30010,-0.02818,0.01755,0.29599,-0.00008,0.00011,-0.00657,0.00107,0.038798
1791409383.406593,0,0,2006,0.29811,-0.02965,0.01752,0.29369,-0.00008,0.00010,-0.00592,0.00426,0.038991
1791409383.426587,0,0,2006,0.29588,-0.03110,0.01748,0.29133,-0.00009,0.00009,-0.00545,-0.02024,0.038924
1791409383.446541,0,0,2006,0.29383,-0.03254,0.01697,0.28985,-0.07712,-0.02314,-0.02282,-0.05113,0.038301
1791409383.466501,0,0,2006,0.29165,-0.03403,0.01665,0.28732,-0.05855,0.00070,-0.04628,-0.06498,0.037134
1791409383.486287,0,0,2006,0.28965,-0.03562,0.01653,0.28438,-0.07237,0.00592,-0.06826,-0.06711,0.035674
1791409383.506305,0,0,2006,0.28732,-0.03705,0.01643,0.28140,-0.04868,0.01482,-0.08271,-0.06072,0.034345
1791409383.526225,0,0,2006,0.28535,-0.03826,0.01651,0.27847,-0.04100,0.01355,-0.10130,-0.05646,0.033284
1791409383.546880,0,0,2006,0.28338,-0.03921,0.01656,0.27590,-0.04299,0.00794,-0.11189,-0.03515,0.032674
1791409383.566604,0,0,2006,0.28103,-0.04015,0.01680,0.27278,-0.03070,0.01607,-0.12551,-0.01811,0.032311
1791409383.586490,0,0,2006,0.27876,-0.04088,0.01691,0.27005,-0.02270,0.00725,-0.12800,-0.01704,0.032128
1791409383.606511,0,0,2006,0.27639,-0.04145,0.01709,0.26743,-0.00655,0.00402,-0.13559,-0.01278,0.031964
1791409383.626531,0,0,2006,0.27429,-0.04163,0.01719,0.26489,0.01203,0.00967,-0.13976,-0.02983,0.031693
1791409383.646557,0,0,2006,0.27202,-0.04167,0.01727,0.26243,0.02178,-0.00670,-0.14094,-0.03622,0.031325
1791409383.666443,0,0,2006,0.26976,-0.04151,0.01735,0.26005,0.01324,0.01359,-0.14371,-0.02557,0.030863
1791409383.686802,0,0,2006,0.26756,-0.04146,0.01735,0.25769,0.01572,-0.00242,-0.14350,-0.04474,0.030244
1791409383.706293,0,0,2006,0.26547,-0.04118,0.01742,0.25567,0.02941,-0.00002,-0.14685,-0.03941,0.029637
1791409383.726606,0,0,2006,0.26302,-0.04078,0.01738,0.25311,0.02333,-0.00067,-0.15188,-0.03835,0.029034
1791409383.746552,0,0,2006,0.26069,-0.04036,0.01747,0.25081,0.01661,0.00720,-0.15388,-0.01172,0.028666
1791409383.766279,0,0,2006,0.25833,-0.03989,0.01752,0.24849,0.01852,0.00123,-0.15593,-0.01385,0.028490
1791409383.786537,0,0,2006,0.25603,-0.03941,0.01757,0.24618,0.03285,0.00090,-0.15612,-0.01385,0.028293
1791409383.806617,0,0,2006,0.25363,-0.03888,0.01762,0.24389,0.03712,0.01079,-0.15892,-0.02024,0.028180
1791409383.826482,0,0,2006,0.25129,-0.03844,0.01762,0.24153,0.02262,0.00366,-0.16212,-0.03622,0.027874
1791409383.846268,0,0,2006,0.24882,-0.03805,0.01764,0.23912,0.02786,-0.00399,-0.16665,-0.04368,0.027276
1791409383.866265,0,0,2006,0.24634,-0.03773,0.01765,0.23669,0.02379,0.00586,-0.16770,-0.03835,0.026600
1791409383.886555,0,0,2006,0.24407,-0.03748,0.01767,0.23428,0.00710,0.00283,-0.16696,-0.04261,0.026055
1791409383.906666,0,0,2006,0.24152,-0.03736,0.01773,0.23188,0.00659,-0.00466,-0.16553,-0.02344,0.025616
1791409383.926647,0,0,2006,0.23921,-0.03729,0.01777,0.22945,0.00090,0.00453,-0.17024,-0.02557,0.025152
1791409383.946645,0,0,2006,0.23684,-0.03729,0.01780,0.22696,-0.00540,0.00376,-0.17526,-0.03089,0.024678
1791409383.966605,0,0,2006,0.23436,-0.03739,0.01789,0.22439,-0.00048,0.01030,-0.17945,-0.02344,0.024288
1791409383.986476,0,0,2006,0.23216,-0.03752,0.01793,0.22182,-0.02188,-0.00449,-0.17832,-0.02983,0.023958
1791409384.006509,0,0,2006,0.22946,-0.03776,0.01802,0.21923,-0.01842,-0.00154,-0.17717,-0.03302,0.023454
1791409384.026554,0,0,2006,0.22696,-0.03812,0.01805,0.21663,-0.01652,0.00174,-0.17935,-0.03728,0.022898
1791409384.046627,0,0,2006,0.22466,-0.03835,0.01815,0.21402,-0.02115,0.01091,-0.18285,-0.03302,0.022417
1791409384.066341,0,0,2006,0.22221,-0.03860,0.01826,0.21136,-0.00757,-0.00279,-0.18466,-0.01704,0.022051
1791409384.086756,0,0,2006,0.21965,-0.03884,0.01834,0.20871,-0.00947,0.00519,-0.18125,-0.03728,0.021707
1791409384.106201,0,0,2006,0.21728,-0.03905,0.01846,0.20612,-0.00757,0.00664,-0.18110,-0.03302,0.021293
1791409384.126300,0,0,2006,0.21488,-0.03917,0.01853,0.20351,-0.00290,-0.00154,-0.18359,-0.02557,0.020766
1791409384.146579,0,0,2006,0.21252,-0.03931,0.01848,0.20086,-0.00953,0.00408,-0.18501,-0.03196,0.020287
1791409384.166257,0,0,2006,0.20997,-0.03936,0.01859,0.19821,-0.00301,-0.00133,-0.18280,-0.02131,0.019959
1791409384.186409,0,0,2006,0.20737,-0.03940,0.01863,0.19556,-0.00194,0.00418,-0.18124,-0.01598,0.019720
1791409384.206316,0,0,2006,0.20485,-0.03941,0.01867,0.19292,0.00246,-0.00105,-0.18081,-0.02663,0.019329
1791409384.226300,0,0,2006,0.20220,-0.03934,0.01869,0.19028,0.00340,-0.00195,-0.18373,-0.03089,0.018810
1791409384.247221,0,0,2006,0.19975,-0.03925,0.01874,0.18755,0.00506,0.01092,-0.18859,-0.02450,0.018510
1791409384.266612,0,0,2006,0.19696,-0.03910,0.01878,0.18480,0.00603,0.00075,-0.18749,-0.01917,0.018262
1791409384.286272,0,0,2006,0.19436,-0.03893,0.01890,0.18201,0.00973,-0.00046,-0.18740,-0.02024,0.018036
1791409384.306265,0,0,2006,0.19151,-0.03880,0.01896,0.17927,0.00232,0.00366,-0.18596,-0.02237,0.017654
1791409384.326178,0,0,2006,0.18912,-0.03862,0.01892,0.17653,-0.00129,-0.00589,-0.18782,-0.02450,0.017091
1791409384.346308,0,0,2006,0.18645,-0.03842,0.01896,0.17378,-0.00219,-0.00155,-0.18662,-0.03409,0.016632
1791409384.366561,0,0,2006,0.18386,-0.03824,0.01905,0.17110,0.00302,0.00672,-0.18310,-0.01917,0.016285
1791409384.386311,0,0,2006,0.18132,-0.03807,0.01921,0.16840,-0.00316,0.00297,-0.18409,-0.03089,0.015939
1791409384.406313,0,0,2006,0.17882,-0.03791,0.01932,0.16570,0.00151,0.00019,-0.18593,-0.03941,0.015431
1791409384.426564,0,0,2006,0.17615,-0.03776,0.01948,0.16297,0.00232,0.00303,-0.18898,-0.02024,0.015138
1791409384.446308,0,0,2006,0.17363,-0.03757,0.01973,0.16020,-0.00018,0.01298,-0.19080,0.01598,0.015204
1791409384.466358,0,0,2006,0.17124,-0.03734,0.01998,0.15742,-0.00151,0.00922,-0.18983,0.01172,0.015557
1791409384.486315,0,0,2006,0.16867,-0.03709,0.02023,0.15468,-0.00294,0.00585,-0.18936,-0.00852,0.015743
1791409384.506464,0,0,2006,0.16612,-0.03686,0.02042,0.15187,-0.00058,0.01451,-0.19248,-0.00426,0.015744
1791409384.526605,0,0,2006,0.16357,-0.03665,0.02063,0.14909,-0.00372,0.00721,-0.19068,-0.01278,0.015605
1791409384.547327,0,0,2006,0.16122,-0.03645,0.02083,0.14649,-0.00105,0.01598,-0.19465,0.00000,0.015616
1791409384.567908,0,0,2006,0.15833,-0.03614,0.02111,0.14329,0.00367,0.00954,-0.19634,0.00107,0.015780
1791409384.586546,0,0,2006,0.15577,-0.03583,0.02137,0.14036,0.00048,0.00548,-0.19855,-0.01065,0.015868
1791409384.606539,0,0,2006,0.15309,-0.03556,0.02150,0.13739,-0.00232,-0.00090,-0.19902,0.00000,0.015971
1791409384.626677,0,0,2006,0.15034,-0.03529,0.02154,0.13450,-0.00226,-0.00009,-0.19661,-0.01278,0.015920
1791409384.646330,0,0,2006,0.14749,-0.03499,0.02151,0.13158,0.00024,-0.00851,-0.19863,-0.01598,0.015791
1791409384.666370,0,0,2006,0.14471,-0.03466,0.02148,0.12862,0.00065,0.00116,-0.19893,-0.01811,0.015553
1791409384.686695,0,0,2006,0.14189,-0.03429,0.02144,0.12563,-0.00349,0.00025,-0.20138,-0.02663,0.015146
1791409384.706278,0,0,2006,0.13896,-0.03394,0.02145,0.12265,-0.00097,0.00187,-0.19926,-0.02876,0.014701
1791409384.726363,0,0,2006,0.13621,-0.03357,0.02150,0.11972,0.00394,0.00290,-0.19751,-0.01704,0.014372
1791409384.746538,0,0,2006,0.13343,-0.03317,0.02155,0.11685,0.00405,0.00032,-0.19343,-0.01811,0.014256
1791409384.766324,0,0,2006,0.13072,-0.03271,0.02166,0.11401,0.00759,0.00583,-0.19126,-0.01491,0.014188
1791409384.786912,0,0,2006,0.12798,-0.03221,0.02175,0.11121,0.01276,0.00636,-0.19105,-0.01811,0.013942
1791409384.806355,0,0,2006,0.12533,-0.03170,0.02180,0.10844,0.00588,0.00159,-0.18952,-0.03409,0.013606
1791409384.826636,0,0,2006,0.12257,-0.03115,0.02186,0.10569,0.00814,0.00011,-0.18787,-0.00639,0.013400
1791409384.846636,0,0,2006,0.11983,-0.03059,0.02188,0.10298,0.01315,-0.00095,-0.18670,-0.00746,0.013292
1791409384.866581,0,0,2006,0.11713,-0.02985,0.02210,0.10024,0.03296,0.01675,-0.18263,-0.00320,0.013325
1791409384.886352,0,0,2006,0.11447,-0.02894,0.02238,0.09758,0.03445,0.01175,-0.18081,-0.00213,0.013509
1791409384.906272,0,0,2006,0.11168,-0.02797,0.02242,0.09460,0.02981,0.00124,-0.17658,-0.01491,0.013526
1791409384.926221,0,0,2006,0.10843,-0.02702,0.02244,0.09159,0.02874,-0.00102,-0.17739,-0.01811,0.013258
1791409384.946238,0,0,2006,0.10564,-0.02610,0.02245,0.08872,0.02397,0.00232,-0.17783,-0.03409,0.012996
1791409384.966244,0,0,2006,0.10255,-0.02507,0.02241,0.08618,0.03348,-0.00282,-0.18306,-0.01704,0.012757
1791409384.986161,0,0,2006,0.09963,-0.02416,0.02234,0.08344,0.02656,-0.00349,-0.18443,-0.01917,0.012623
1791409385.006566,0,0,2006,0.09634,-0.02336,0.02250,0.08004,0.01707,0.00117,-0.18217,-0.02770,0.012256
1791409385.026214,0,0,2006,0.09323,-0.02262,0.02265,0.07695,0.02045,0.01026,-0.17931,0.00107,0.012063
1791409385.046478,0,0,2006,0.09025,-0.02180,0.02289,0.07389,0.02085,0.00748,-0.18323,0.00107,0.012179
1791409385.066257,0,0,2006,0.08733,-0.02123,0.02285,0.07043,0.01856,0.00821,-0.18257,-0.00746,0.012297
1791409385.086485,0,0,2006,0.08434,-0.02057,0.02295,0.06724,0.01548,0.00823,-0.18697,-0.00533,0.012376
1791409385.106222,0,0,2006,0.08128,-0.01993,0.02308,0.06389,0.01504,0.00918,-0.18823,-0.00639,0.012340
1791409385.126257,0,0,2006,0.07852,-0.01936,0.02316,0.06078,0.01327,0.00657,-0.18476,-0.02344,0.012275
1791409385.146625,0,0,1001,0.07578,-0.01884,0.02325,0.05784,0.01233,0.01403,-0.18709,-0.03515,0.012102
1791409385.166526,0,0,1001,0.07156,-0.01832,0.02331,0.05827,-0.00789,0.00012,-0.12602,-0.04687,0.011710
1791409385.186199,0,0,1001,0.06949,-0.01823,0.02352,0.05659,-0.00601,0.00026,-0.08882,-0.00852,0.011269
1791409385.206506,0,0,1001,0.06950,-0.01824,0.02364,0.05554,-0.00458,0.00030,-0.06471,-0.03941,0.011035
1791409385.226148,0,0,1001,0.06959,-0.01832,0.02370,0.05492,-0.00357,0.00021,-0.04791,-0.03196,0.010401
1791409385.246285,0,0,1001,0.06960,-0.01836,0.02367,0.05447,-0.00277,0.00011,-0.03582,-0.00107,0.010189
1791409385.266151,0,0,1001,0.06970,-0.01839,0.02368,0.05409,-0.00217,0.00009,-0.02694,-0.01065,0.010384
1791409385.286518,0,0,1001,0.06980,-0.01841,0.02370,0.05376,-0.00170,0.00008,-0.02034,-0.01385,0.010324
1791409385.306093,0,0,1001,0.06991,-0.01842,0.02368,0.05344,-0.00133,0.00005,-0.01541,0.00107,0.010200
1791409385.326190,0,0,1001,0.07003,-0.01842,0.02366,0.05312,-0.00105,0.00004,-0.01172,-0.01598,0.010235
1791409385.346179,0,0,1001,0.07019,-0.01842,0.02365,0.05280,-0.00082,0.00003,-0.00896,-0.01598,0.010149
1791409385.366211,0,0,1001,0.07027,-0.01840,0.02364,0.05253,-0.00064,0.00002,-0.00685,-0.01598,0.010076
1791409385.386210,0,0,1001,0.07029,-0.01841,0.02363,0.05239,-0.00049,0.00001,-0.00522,-0.00852,0.010079
1791409385.406194,0,0,1001,0.07030,-0.01841,0.02364,0.05232,-0.00037,0.00001,-0.00395,-0.01385,0.010108
1791409385.426134,0,0,1001,0.07030,-0.01841,0.02364,0.05229,-0.00028,0.00001,-0.00299,-0.01704,0.010063
1791409385.446129,0,0,1001,0.07031,-0.01842,0.02364,0.05228,-0.00021,0.00001,-0.00225,-0.01917,0.010066
1791409385.466197,0,0,1001,0.07031,-0.01842,0.02363,0.05228,-0.00016,0.00000,-0.00170,-0.00959,0.010100
1791409385.486217,0,0,1001,0.07031,-0.01843,0.02363,0.05227,-0.00012,0.00000,-0.00128,-0.00852,0.010077
1791409385.506169,0,0,1001,0.07031,-0.01843,0.02363,0.05228,-0.00009,0.00000,-0.00096,-0.01704,0.010056
1791409385.526181,0,0,1001,0.07031,-0.01842,0.02364,0.05228,-0.00007,0.00000,-0.00072,-0.00639,0.010055
1791409385.546435,0,0,1001,0.07031,-0.01842,0.02364,0.05228,-0.00005,0.00000,-0.00054,0.00213,0.010104
1791409385.566236,0,0,1001,0.07031,-0.01843,0.02364,0.05228,-0.00004,0.00000,-0.00041,-0.00533,0.010142
1791409385.586213,0,0,1001,0.07032,-0.01843,0.02364,0.05229,-0.00003,0.00000,-0.00031,-0.00959,0.010146
1791409385.606316,0,0,1001,0.07031,-0.01843,0.02364,0.05229,-0.00002,0.00000,-0.00023,-0.00107,0.010163
1791409385.626215,0,0,1001,0.07031,-0.01843,0.02364,0.05229,-0.00002,0.00000,-0.00017,-0.00213,0.010159
1791409385.646237,0,0,1001,0.07032,-0.01843,0.02364,0.05229,-0.00001,0.00000,-0.00013,-0.00746,0.010191
1791409385.666295,0,0,1001,0.07032,-0.01844,0.02363,0.05229,-0.00001,0.00000,-0.00010,-0.01491,0.010184
1791409385.686295,0,0,1001,0.07032,-0.01843,0.02363,0.05229,-0.00001,0.00000,-0.00007,-0.00426,0.010178
1791409385.706309,0,0,1001,0.07032,-0.01844,0.02363,0.05229,-0.00001,0.00000,-0.00006,-0.01172,0.010216
1791409385.726219,0,0,1001,0.07032,-0.01844,0.02363,0.05229,-0.00000,0.00000,-0.00004,-0.00959,0.010188
1791409385.746607,0,0,1001,0.07032,-0.01845,0.02363,0.05229,-0.00000,0.00000,-0.00003,0.00000,0.010173
1791409385.766525,0,0,1001,0.07032,-0.01845,0.02363,0.05229,-0.00000,0.00000,-0.00002,-0.00213,0.010227
1791409385.786669,0,0,1001,0.07032,-0.01845,0.02363,0.05229,-0.00000,0.00000,-0.00002,-0.01917,0.010184
1791409385.806336,0,0,1001,0.07032,-0.01845,0.02363,0.05229,-0.00000,0.00000,-0.00001,-0.00320,0.010208
1791409385.826699,0,0,1001,0.07033,-0.01845,0.02363,0.05228,-0.00000,0.00000,-0.00001,-0.00639,0.010206
1791409385.846226,0,0,1001,0.07032,-0.01845,0.02363,0.05228,-0.00000,0.00000,-0.00001,-0.00426,0.010206
1791409385.866228,0,0,1001,0.07032,-0.01845,0.02363,0.05228,-0.00000,0.00000,-0.00001,-0.00959,0.010166
1791409385.886358,0,0,1001,0.07032,-0.01845,0.02363,0.05228,-0.00000,0.00000,-0.00000,0.00959,0.010139
1791409385.906247,0,0,1001,0.07032,-0.01845,0.02363,0.05228,-0.00000,0.00000,-0.00000,-0.02131,0.010128
1791409385.926271,0,0,1001,0.07032,-0.01845,0.02363,0.05228,-0.00000,0.00000,-0.00000,0.00320,0.010177
1791409385.946252,0,0,1001,0.07032,-0.01845,0.02363,0.05228,-0.00000,0.00000,-0.00000,-0.01172,0.010227
1791409385.966228,0,0,1001,0.07032,-0.01845,0.02363,0.05228,-0.00000,0.00000,-0.00000,-0.00639,0.010253
1791409385.986227,0,0,1001,0.07032,-0.01845,0.02363,0.05228,-0.00000,0.00000,-0.00000,-0.00959,0.010309
1791409386.006275,0,0,1001,0.07032,-0.01845,0.02363,0.05228,-0.00000,0.00000,-0.00000,-0.00107,0.010381
1791409386.026338,0,0,1001,0.07032,-0.01845,0.02363,0.05228,-0.00000,0.00000,-0.00000,-0.00639,0.010365
1791409386.046260,0,0,1001,0.07032,-0.01846,0.02363,0.05228,-0.00000,0.00000,-0.00000,-0.00746,0.010406
1791409386.066359,0,0,1001,0.07032,-0.01846,0.02363,0.05228,-0.00000,0.00000,-0.00000,-0.00639,0.010437
1791409386.086245,0,0,1001,0.07033,-0.01846,0.02363,0.05228,-0.00000,0.00000,-0.00000,-0.01598,0.010416
1791409386.106208,0,0,1001,0.07033,-0.01846,0.02363,0.05228,-0.00000,0.00000,-0.00000,-0.00426,0.010451
1791409386.126230,0,0,1001,0.07032,-0.01846,0.02363,0.05228,-0.00000,0.00000,-0.00000,-0.00320,0.010448
1791409386.146224,0,0,1001,0.07032,-0.01846,0.02364,0.05228,-0.00000,0.00000,-0.00000,-0.00213,0.010466
1791409386.166383,0,0,1001,0.07032,-0.01846,0.02364,0.05228,-0.00000,0.00000,-0.00000,-0.00959,0.010476
1791409386.186361,0,0,1001,0.07032,-0.01847,0.02364,0.05228,-0.00000,0.00000,-0.00000,0.00000,0.010470
1791409386.206274,0,0,1001,0.07032,-0.01846,0.02364,0.05228,-0.00000,0.00000,-0.00000,0.00107,0.010496
1791409386.226316,0,0,1001,0.07032,-0.01846,0.02364,0.05228,-0.00000,0.00000,-0.00000,-0.01172,0.010529
1791409386.246415,0,0,1001,0.07032,-0.01846,0.02364,0.05228,-0.00000,0.00000,-0.00000,-0.01065,0.010499
1791409386.266382,0,0,1001,0.07032,-0.01846,0.02364,0.05228,-0.00000,0.00000,-0.00000,-0.00107,0.010539
1791409386.286361,0,0,1001,0.07032,-0.01846,0.02364,0.05228,-0.00000,0.00000,-0.00000,-0.00426,0.010624
1791409386.306300,0,0,1001,0.07032,-0.01846,0.02364,0.05227,-0.00000,0.00000,-0.00000,-0.00213,0.010600
1791409386.326330,0,0,1001,0.07032,-0.01847,0.02364,0.05227,-0.00000,0.00000,-0.00000,-0.00533,0.010598
1791409386.346332,0,0,1001,0.07032,-0.01846,0.02364,0.05228,-0.00000,0.00000,-0.00000,-0.00852,0.010658
1791409386.366730,0,0,1001,0.07032,-0.01846,0.02364,0.05227,-0.00000,-0.00000,-0.00000,-0.01491,0.010680
1791409386.386291,0,0,1001,0.07032,-0.01847,0.02364,0.05227,-0.00000,0.00000,-0.00000,-0.00852,0.010725
1791409386.406397,0,0,1001,0.07032,-0.01847,0.02364,0.05227,-0.00000,0.00000,-0.00000,-0.00213,0.010706
1791409386.426661,0,0,1001,0.07032,-0.01847,0.02364,0.05227,-0.00000,0.00000,-0.00000,-0.00639,0.010698
1791409386.446727,0,0,1001,0.07032,-0.01847,0.02364,0.05227,-0.00000,0.00000,-0.00000,-0.01811,0.010705
1791409386.466311,0,0,1001,0.07032,-0.01847,0.02364,0.05227,-0.00000,0.00000,-0.00000,-0.01172,0.010741
1791409386.486392,0,0,1001,0.07032,-0.01847,0.02364,0.05227,-0.00000,0.00000,-0.00000,-0.00959,0.010773
1791409386.506314,0,0,1001,0.07032,-0.01847,0.02364,0.05227,-0.00000,0.00000,-0.00000,-0.00852,0.010814
1791409386.526417,0,0,1001,0.07032,-0.01848,0.02364,0.05227,-0.00000,0.00000,-0.00000,-0.01065,0.010849
1791409386.546247,0,0,1001,0.07032,-0.01848,0.02364,0.05227,-0.00000,0.00000,-0.00000,-0.00852,0.010848
1791409386.566769,0,0,1001,0.07033,-0.01847,0.02364,0.05227,-0.00000,0.00000,-0.00000,-0.00746,0.010879
1791409386.586467,0,0,1001,0.07032,-0.01847,0.02364,0.05227,-0.00000,0.00000,-0.00000,-0.00533,0.010810
1791409386.606404,0,0,1001,0.07033,-0.01847,0.02363,0.05227,-0.00000,-0.00000,-0.00000,-0.00639,0.010818
1791409386.626154,0,0,1001,0.07032,-0.01848,0.02363,0.05227,-0.00000,0.00000,-0.00000,-0.00533,0.010840
1791409386.646248,0,0,1001,0.07032,-0.01848,0.02363,0.05227,-0.00000,0.00000,-0.00000,-0.00639,0.010834
1791409386.666312,0,0,1001,0.07032,-0.01848,0.02363,0.05227,-0.00000,0.00000,-0.00000,-0.01491,0.010896
1791409386.686232,0,0,1001,0.07032,-0.01848,0.02363,0.05227,-0.00000,0.00000,-0.00000,-0.00426,0.010908
1791409386.706314,0,0,1001,0.07033,-0.01848,0.02363,0.05227,-0.00000,0.00000,-0.00000,-0.00639,0.010896
1791409386.726329,0,0,1001,0.07032,-0.01848,0.02363,0.05227,-0.00000,0.00000,-0.00000,-0.00426,0.010926
1791409386.746356,0,0,1001,0.07032,-0.01848,0.02363,0.05227,-0.00000,0.00000,-0.00000,-0.01172,0.010913
1791409386.766526,0,0,1001,0.07032,-0.01848,0.02363,0.05227,-0.00000,0.00000,-0.00000,-0.01172,0.010871
1791409386.786357,0,0,1001,0.07033,-0.01848,0.02363,0.05227,-0.00000,0.00000,-0.00000,-0.01598,0.010854
1791409386.806219,0,0,1001,0.07032,-0.01848,0.02363,0.05227,-0.00000,0.00000,-0.00000,-0.01065,0.010842
1791409386.826336,0,0,1001,0.07033,-0.01848,0.02363,0.05227,-0.00000,-0.00000,-0.00000,-0.01598,0.010865
1791409386.846396,0,0,1001,0.07033,-0.01848,0.02363,0.05227,-0.00000,-0.00000,-0.00000,-0.01917,0.010803
1791409386.866352,0,0,1001,0.07033,-0.01848,0.02362,0.05227,-0.00000,-0.00000,-0.00000,-0.01278,0.010828
