t,q_FR_hip,q_FR_thigh,q_FR_calf,q_FL_hip,q_FL_thigh,q_FL_calf,q_RR_hip,q_RR_thigh,q_RR_calf,q_RL_hip,q_RL_thigh,q_RL_calf,temp_FR_hip,temp_FR_thigh,temp_FR_calf,temp_FL_hip,temp_FL_thigh,temp_FL_calf,temp_RR_hip,temp_RR_thigh,temp_RR_calf,temp_RL_hip,temp_RL_thigh,temp_RL_calf
1791409928.464935,-0.110248,1.223196,-2.756138,0.109551,1.331832,-2.775537,-0.326086,1.211201,-2.792692,0.334216,1.207568,-2.801159,28,27,28,28,27,28,31,27,28,31,27,29
1791409928.484850,-0.110248,1.223136,-2.756122,0.109521,1.331862,-2.775552,-0.326116,1.211201,-2.792708,0.334186,1.207598,-2.801159,28,27,28,28,27,28,31,27,28,31,27,29
1791409928.504923,-0.110278,1.223196,-2.756138,0.109551,1.331862,-2.775552,-0.326056,1.211231,-2.792708,0.334216,1.207568,-2.801159,28,27,28,28,27,28,32,27,28,31,28,29
1791409928.524945,-0.110248,1.223166,-2.756138,0.109551,1.331892,-2.775568,-0.326116,1.211231,-2.792708,0.334186,1.207568,-2.801159,28,27,28,28,27,28,31,27,28,31,27,29
1791409928.544852,-0.110218,1.223196,-2.756122,0.109521,1.331862,-2.775552,-0.326116,1.211201,-2.792724,0.334186,1.207598,-2.801159,28,27,28,28,27,28,32,27,28,31,27,29
1791409928.564792,-0.110218,1.223196,-2.756122,0.109551,1.331802,-2.775568,-0.326116,1.211201,-2.792724,0.334216,1.207568,-2.801159,28,27,28,28,27,28,32,27,28,31,28,29
1791409928.584897,-0.110248,1.223166,-2.756138,0.109582,1.331862,-2.775568,-0.326116,1.211231,-2.792692,0.334186,1.207598,-2.801159,28,27,28,28,27,28,31,27,28,31,28,29
1791409928.605185,-0.110278,1.223166,-2.756138,0.109551,1.331862,-2.775537,-0.326056,1.211231,-2.792708,0.334186,1.207598,-2.801175,28,27,28,28,27,28,31,27,28,31,27,29
1791409928.624901,-0.110248,1.223196,-2.756122,0.109521,1.331832,-2.775552,-0.326116,1.211201,-2.792692,0.334216,1.207598,-2.801143,28,27,28,28,27,28,31,27,28,31,28,29
1791409928.644876,-0.110248,1.223166,-2.756122,0.109551,1.331832,-2.775568,-0.326116,1.211231,-2.792708,0.334186,1.207568,-2.801159,28,27,28,28,27,28,31,27,28,31,27,29
1791409928.664879,-0.110248,1.223196,-2.756138,0.109551,1.331862,-2.775537,-0.326056,1.211201,-2.792708,0.334216,1.207537,-2.801159,28,27,28,28,28,28,31,27,28,31,28,29
1791409928.684886,-0.110278,1.223136,-2.756138,0.109551,1.331862,-2.775552,-0.326116,1.211201,-2.792739,0.334186,1.207568,-2.801159,28,27,28,28,27,28,31,27,28,31,27,29
1791409928.704931,-0.110248,1.223166,-2.756122,0.109551,1.331832,-2.775552,-0.326116,1.211201,-2.792724,0.334216,1.207598,-2.801159,28,27,28,28,27,28,31,27,28,31,27,29
1791409928.724834,-0.110278,1.223196,-2.756122,0.109551,1.331862,-2.775552,-0.326086,1.211231,-2.792708,0.334186,1.207568,-2.801159,28,27,28,28,27,28,31,27,28,31,28,29
1791409928.744918,-0.110248,1.223196,-2.756138,0.109551,1.331832,-2.775568,-0.326116,1.211231,-2.792708,0.334186,1.207598,-2.801143,28,27,28,28,27,28,31,27,28,31,28,29
1791409928.765017,-0.110248,1.223166,-2.756138,0.109551,1.331832,-2.775552,-0.326086,1.211201,-2.792724,0.334216,1.207598,-2.801159,28,27,28,28,27,28,31,27,28,31,27,29
1791409928.784966,-0.110278,1.223136,-2.756122,0.109551,1.331862,-2.775552,-0.326086,1.211201,-2.792708,0.334216,1.207568,-2.801159,28,27,28,28,27,28,31,27,28,31,28,29
1791409928.804943,-0.110248,1.223196,-2.756122,0.109551,1.331862,-2.775552,-0.326116,1.211201,-2.792724,0.334216,1.207598,-2.801159,28,27,28,28,27,28,32,27,28,31,28,29
1791409928.824904,-0.110278,1.223166,-2.756122,0.109551,1.331832,-2.775568,-0.326116,1.211231,-2.792708,0.334186,1.207568,-2.801175,28,27,28,28,27,28,31,27,28,31,27,29
1791409928.844921,-0.110278,1.223196,-2.756122,0.109551,1.331862,-2.775537,-0.326086,1.211201,-2.792708,0.334216,1.207598,-2.801143,28,27,28,28,27,28,31,27,28,31,28,29
1791409928.865016,-0.110278,1.223196,-2.756122,0.109521,1.331862,-2.775552,-0.326116,1.211201,-2.792708,0.334186,1.207568,-2.801159,28,27,28,28,27,28,31,27,28,31,28,29
1791409928.885014,-0.110278,1.223196,-2.756122,0.109521,1.331832,-2.775568,-0.326116,1.211231,-2.792708,0.334216,1.207568,-2.801159,28,27,28,28,27,28,32,27,28,31,27,29
1791409928.905077,-0.110278,1.223196,-2.756122,0.109551,1.331832,-2.775552,-0.326086,1.211201,-2.792708,0.334216,1.207598,-2.801175,28,27,28,28,27,28,32,27,28,31,27,29
1791409928.925069,-0.110278,1.223196,-2.756122,0.109582,1.331862,-2.775552,-0.326116,1.211201,-2.792708,0.334216,1.207568,-2.801159,28,27,28,28,27,28,31,27,28,31,27,29
1791409928.944909,-0.110248,1.223196,-2.756138,0.109551,1.331892,-2.775552,-0.326086,1.211201,-2.792724,0.334186,1.207568,-2.801159,28,27,28,28,27,28,31,27,28,31,27,29
1791409928.964990,-0.110308,1.223196,-2.756138,0.109551,1.331802,-2.775552,-0.326086,1.211231,-2.792692,0.334186,1.207568,-2.801159,28,27,28,28,28,28,32,27,28,31,27,29
1791409928.984986,-0.110278,1.223166,-2.756122,0.109551,1.331862,-2.775537,-0.326116,1.211201,-2.792708,0.334216,1.207568,-2.801159,28,27,28,28,27,28,31,27,28,31,27,29
1791409929.005044,-0.110218,1.223227,-2.756138,0.109551,1.331862,-2.775552,-0.326116,1.211201,-2.792692,0.334216,1.207598,-2.801143,28,27,28,28,27,28,31,27,28,31,28,29
1791409929.024935,-0.110278,1.223196,-2.756106,0.109521,1.331832,-2.775537,-0.326116,1.211231,-2.792692,0.334216,1.207568,-2.801175,28,27,28,28,27,28,31,27,28,31,28,29
1791409929.045072,-0.110248,1.223196,-2.756122,0.109551,1.331892,-2.775568,-0.326116,1.211171,-2.792692,0.334186,1.207568,-2.801175,28,27,28,28,27,28,31,27,28,31,28,29
1791409929.064891,-0.110248,1.223196,-2.756122,0.109551,1.331802,-2.775552,-0.326116,1.211231,-2.792692,0.334186,1.207598,-2.801175,28,27,28,28,27,28,31,27,28,31,28,29
1791409929.084877,-0.110278,1.223136,-2.756122,0.109551,1.331862,-2.775568,-0.326116,1.211231,-2.792708,0.334216,1.207568,-2.801143,28,27,28,28,27,28,32,27,28,31,27,29
1791409929.105080,-0.110248,1.223196,-2.756122,0.109551,1.331832,-2.775568,-0.326086,1.211201,-2.792708,0.334186,1.207598,-2.801175,28,27,28,28,27,28,32,27,28,31,27,29
1791409929.125019,-0.110248,1.223196,-2.756138,0.109521,1.331862,-2.775552,-0.326116,1.211231,-2.792708,0.334186,1.207568,-2.801159,28,27,28,28,27,28,31,27,28,31,28,29
1791409929.145043,-0.110278,1.223136,-2.756138,0.109551,1.331802,-2.775537,-0.326086,1.211231,-2.792724,0.334216,1.207598,-2.801159,28,27,28,28,27,28,31,27,28,31,28,29
1791409929.164933,-0.110278,1.223166,-2.756122,0.109521,1.331832,-2.775552,-0.326116,1.211231,-2.792708,0.334216,1.207568,-2.801175,28,27,28,28,27,28,31,27,28,31,27,29
1791409929.184941,-0.110248,1.223196,-2.756122,0.109551,1.331832,-2.775552,-0.326086,1.211231,-2.792692,0.334186,1.207568,-2.801159,28,27,28,28,27,28,31,27,28,31,28,29
1791409929.204868,-0.110278,1.223196,-2.756106,0.109551,1.331832,-2.775552,-0.326116,1.211201,-2.792708,0.334216,1.207598,-2.801159,28,27,28,28,27,28,31,27,28,31,27,29
1791409929.224933,-0.110278,1.223196,-2.756122,0.109551,1.331832,-2.775552,-0.326116,1.211201,-2.792692,0.334186,1.207598,-2.801159,28,27,28,28,27,28,31,27,28,31,27,29
1791409929.244936,-0.110308,1.223227,-2.756122,0.109551,1.331832,-2.775552,-0.326086,1.211231,-2.792708,0.334216,1.207568,-2.801159,28,27,28,28,27,28,32,27,28,31,28,29
1791409929.264984,-0.110248,1.223196,-2.756138,0.109551,1.331862,-2.775568,-0.326116,1.211171,-2.792708,0.334216,1.207568,-2.801159,28,27,28,28,27,28,31,27,28,31,27,29
1791409929.284960,-0.110248,1.223196,-2.756138,0.109551,1.331862,-2.775537,-0.326146,1.211231,-2.792708,0.334186,1.207598,-2.801175,28,27,28,28,28,28,31,27,28,31,28,29
1791409929.304980,-0.110248,1.223196,-2.756138,0.109551,1.331862,-2.775568,-0.326086,1.211201,-2.792708,0.334216,1.207568,-2.801159,28,27,28,28,27,28,31,27,28,31,28,29
1791409929.324929,-0.110248,1.223227,-2.756138,0.109521,1.331862,-2.775552,-0.326116,1.211231,-2.792724,0.334186,1.207568,-2.801159,28,27,28,28,27,28,31,27,28,31,28,29
1791409929.345081,-0.110278,1.223227,-2.756138,0.109551,1.331862,-2.775552,-0.326116,1.211201,-2.792724,0.334216,1.207598,-2.801159,28,27,28,28,27,28,31,27,28,31,28,29
1791409929.364962,-0.110278,1.223196,-2.756122,0.109551,1.331862,-2.775568,-0.326086,1.211201,-2.792692,0.334246,1.207568,-2.801159,28,27,28,28,27,28,31,27,28,31,28,29
1791409929.384979,-0.110278,1.223227,-2.756138,0.109551,1.331862,-2.775537,-0.326116,1.211201,-2.792708,0.334186,1.207568,-2.801159,28,27,28,28,27,28,31,27,28,31,27,29
1791409929.405006,-0.110248,1.223196,-2.756138,0.109551,1.331862,-2.775568,-0.326086,1.211201,-2.792708,0.334216,1.207568,-2.801143,28,27,28,28,27,28,31,27,28,31,28,29
1791409929.424922,-0.110278,1.223196,-2.756122,0.109551,1.331862,-2.775552,-0.326086,1.211201,-2.792708,0.334216,1.207598,-2.801159,28,27,28,28,27,28,31,27,28,31,27,29
1791409929.444901,-0.110278,1.223196,-2.756138,0.109521,1.331832,-2.775552,-0.326116,1.211201,-2.792708,0.334186,1.207568,-2.801175,28,27,28,28,28,28,31,27,28,31,27,29
1791409929.464897,-0.110248,1.223227,-2.756138,0.109551,1.331832,-2.775568,-0.326177,1.211231,-2.792708,0.334216,1.207598,-2.801175,28,27,28,28,27,28,31,27,28,31,28,29
1791409929.484913,-0.110278,1.223196,-2.756138,0.109551,1.331832,-2.775568,-0.326116,1.211201,-2.792708,0.334186,1.207568,-2.801159,28,27,28,28,27,28,31,27,28,31,27,29
1791409929.504965,-0.110308,1.223196,-2.756106,0.109582,1.331862,-2.775568,-0.326086,1.211231,-2.792708,0.334186,1.207537,-2.801159,28,27,28,28,27,28,32,27,28,31,28,29
1791409929.525019,-0.110278,1.223166,-2.756122,0.109521,1.331862,-2.775552,-0.326116,1.211201,-2.792692,0.334216,1.207568,-2.801175,28,27,28,28,27,28,31,27,28,31,28,29
1791409929.545084,-0.110248,1.223196,-2.756122,0.109521,1.331832,-2.775552,-0.326086,1.211201,-2.792708,0.334216,1.207568,-2.801159,28,27,28,28,27,28,31,27,28,31,27,29
1791409929.564994,-0.110248,1.223196,-2.756138,0.109551,1.331802,-2.775552,-0.326116,1.211201,-2.792708,0.334186,1.207598,-2.801159,28,27,28,28,27,28,32,27,28,31,28,29
1791409929.584910,-0.110278,1.223196,-2.756138,0.109551,1.331832,-2.775537,-0.326116,1.211201,-2.792692,0.334186,1.207568,-2.801175,28,27,28,28,27,28,32,27,28,31,28,29
1791409929.604916,-0.110248,1.223136,-2.756138,0.109551,1.331862,-2.775552,-0.326056,1.211231,-2.792692,0.334216,1.207568,-2.801159,28,27,28,28,27,28,31,27,28,31,27,29
1791409929.624927,-0.110248,1.223196,-2.756106,0.109582,1.331832,-2.775552,-0.326116,1.211231,-2.792724,0.334216,1.207568,-2.801143,28,27,28,28,27,28,31,27,28,31,27,29
1791409929.645007,-0.110278,1.223196,-2.756138,0.109551,1.331862,-2.775552,-0.326086,1.211201,-2.792708,0.334216,1.207568,-2.801175,28,27,28,28,27,28,31,27,28,31,28,29
1791409929.664996,-0.110248,1.223166,-2.756138,0.109521,1.331862,-2.775552,-0.326086,1.211201,-2.792692,0.334216,1.207568,-2.801175,28,27,28,28,27,28,31,27,28,31,28,29
1791409929.684977,-0.110278,1.223166,-2.756138,0.109551,1.331832,-2.775552,-0.326116,1.211201,-2.792708,0.334155,1.207568,-2.801175,28,27,28,28,28,28,31,27,28,31,28,29
1791409929.704970,-0.110278,1.223136,-2.756106,0.109551,1.331802,-2.775552,-0.326146,1.211201,-2.792724,0.334216,1.207568,-2.801159,28,27,28,28,27,28,31,27,28,31,27,29
1791409929.725016,-0.110248,1.223136,-2.756106,0.109551,1.331862,-2.775537,-0.326116,1.211201,-2.792708,0.334216,1.207568,-2.801159,28,27,28,28,27,28,32,27,28,31,27,29
1791409929.745025,-0.110248,1.223166,-2.756122,0.109551,1.331862,-2.775552,-0.326086,1.211201,-2.792692,0.334186,1.207568,-2.801159,28,27,28,28,28,28,32,27,28,31,28,29
1791409929.764902,-0.110278,1.223196,-2.756122,0.109551,1.331862,-2.775552,-0.326116,1.211201,-2.792708,0.334216,1.207568,-2.801159,28,27,28,28,27,28,31,27,28,31,27,29
1791409929.785045,-0.110278,1.223166,-2.756122,0.109551,1.331862,-2.775552,-0.326056,1.211201,-2.792708,0.334216,1.207568,-2.801159,28,27,28,28,27,28,31,27,28,31,28,29
1791409929.805042,-0.110248,1.223196,-2.756122,0.109582,1.331862,-2.775568,-0.326116,1.211201,-2.792708,0.334186,1.207598,-2.801159,28,27,28,28,27,28,31,27,28,31,28,29
1791409929.825027,-0.110248,1.223196,-2.756138,0.109551,1.331862,-2.775552,-0.326116,1.211231,-2.792708,0.334216,1.207598,-2.801143,28,27,28,28,27,28,32,27,28,31,28,29
1791409929.845056,-0.110308,1.223196,-2.756138,0.109551,1.331862,-2.775568,-0.326116,1.211231,-2.792724,0.334216,1.207598,-2.801175,28,27,28,28,28,28,31,27,28,31,28,29
1791409929.865023,-0.110278,1.223166,-2.756122,0.109551,1.331892,-2.775552,-0.326146,1.211201,-2.792692,0.334186,1.207568,-2.801159,28,27,28,28,27,28,31,27,28,31,28,29
1791409929.885041,-0.110308,1.223196,-2.756138,0.109551,1.331862,-2.775552,-0.326116,1.211201,-2.792692,0.334186,1.207568,-2.801159,28,27,28,28,27,28,31,27,28,31,27,29
1791409929.905007,-0.110248,1.223196,-2.756122,0.109551,1.331862,-2.775568,-0.326086,1.211201,-2.792692,0.334216,1.207568,-2.801159,28,27,28,28,27,28,31,27,28,31,27,29
1791409929.924972,-0.110248,1.223196,-2.756122,0.109551,1.331832,-2.775552,-0.326146,1.211171,-2.792708,0.334216,1.207598,-2.801175,28,27,28,28,27,28,31,27,28,31,28,29
1791409929.945006,-0.110278,1.223196,-2.756138,0.109551,1.331802,-2.775552,-0.326086,1.211231,-2.792692,0.334186,1.207568,-2.801159,28,27,28,28,27,28,31,27,28,31,28,29
1791409929.965008,-0.110278,1.223196,-2.756122,0.109551,1.331862,-2.775552,-0.326116,1.211201,-2.792724,0.334186,1.207598,-2.801159,28,27,28,28,28,28,32,27,28,31,27,29
1791409929.984912,-0.110308,1.223196,-2.756106,0.109551,1.331832,-2.775537,-0.326116,1.211231,-2.792692,0.334216,1.207568,-2.801159,28,27,28,28,28,28,31,27,28,31,27,29
1791409930.005033,-0.110308,1.223196,-2.756138,0.109551,1.331832,-2.775552,-0.326116,1.211231,-2.792708,0.334216,1.207568,-2.801159,28,27,28,28,27,28,31,27,28,31,28,29
1791409930.024950,-0.110278,1.223196,-2.756106,0.109521,1.331862,-2.775568,-0.326116,1.211231,-2.792708,0.334216,1.207568,-2.801159,28,27,28,28,27,28,31,27,28,31,28,29
1791409930.045024,-0.110248,1.223196,-2.756122,0.109551,1.331862,-2.775552,-0.326116,1.211201,-2.792708,0.334216,1.207537,-2.801159,28,27,28,28,27,28,31,27,28,31,27,29
1791409930.064967,-0.110248,1.223166,-2.756122,0.109521,1.331862,-2.775552,-0.326116,1.211231,-2.792708,0.334216,1.207598,-2.801159,28,27,28,28,27,28,31,27,28,31,28,29
1791409930.085036,-0.110278,1.223196,-2.756138,0.109551,1.331802,-2.775552,-0.326116,1.211201,-2.792708,0.334186,1.207568,-2.801159,28,27,28,28,27,28,32,27,28,31,27,29
1791409930.105057,-0.110278,1.223166,-2.756122,0.109551,1.331832,-2.775552,-0.326086,1.211201,-2.792708,0.334186,1.207568,-2.801159,28,27,28,28,27,28,32,27,28,31,27,29
1791409930.124969,-0.110278,1.223196,-2.756122,0.109551,1.331862,-2.775552,-0.326086,1.211201,-2.792692,0.334186,1.207598,-2.801159,28,27,28,28,27,28,31,27,28,31,28,29
1791409930.144975,-0.110248,1.223196,-2.756138,0.109521,1.331832,-2.775552,-0.326116,1.211231,-2.792708,0.334216,1.207568,-2.801143,28,27,28,28,27,28,31,27,28,31,27,29
1791409930.165001,-0.110248,1.223166,-2.756122,0.109521,1.331832,-2.775568,-0.326116,1.211201,-2.792692,0.334186,1.207598,-2.801159,28,27,28,28,27,28,31,27,28,31,28,29
1791409930.185034,-0.110218,1.223166,-2.756138,0.109551,1.331832,-2.775552,-0.326177,1.211201,-2.792708,0.334216,1.207568,-2.801159,28,27,28,28,28,28,31,27,28,31,27,29
1791409930.204986,-0.110248,1.223196,-2.756122,0.109551,1.331862,-2.775568,-0.326116,1.211201,-2.792708,0.334216,1.207598,-2.801159,28,27,28,28,27,28,31,27,28,31,28,29
1791409930.224877,-0.110218,1.223196,-2.756138,0.109521,1.331862,-2.775552,-0.326146,1.211201,-2.792692,0.334216,1.207568,-2.801159,28,27,28,28,28,28,31,27,28,31,27,29
1791409930.244947,-0.110278,1.223196,-2.756122,0.109521,1.331832,-2.775568,-0.326116,1.211201,-2.792708,0.334216,1.207598,-2.801159,28,27,28,28,27,28,31,27,28,31,28,29
1791409930.265007,-0.110308,1.223196,-2.756122,0.109551,1.331832,-2.775552,-0.326116,1.211201,-2.792708,0.334216,1.207568,-2.801175,28,27,28,28,28,28,31,27,28,31,27,29
1791409930.285002,-0.110308,1.223196,-2.756122,0.109551,1.331862,-2.775568,-0.326116,1.211231,-2.792724,0.334246,1.207568,-2.801159,28,27,28,28,27,28,32,27,28,31,28,29
1791409930.304950,-0.110248,1.223166,-2.756122,0.109551,1.331862,-2.775552,-0.326086,1.211201,-2.792692,0.334186,1.207598,-2.801159,28,27,28,28,27,28,32,27,28,31,28,29
1791409930.324950,-0.110248,1.223196,-2.756122,0.109582,1.331832,-2.775552,-0.326116,1.211201,-2.792708,0.334216,1.207568,-2.801159,28,27,28,28,28,28,31,27,28,31,27,29
1791409930.345054,-0.110278,1.223166,-2.756122,0.109551,1.331832,-2.775568,-0.326116,1.211201,-2.792708,0.334186,1.207568,-2.801175,28,27,28,28,27,28,32,27,28,31,28,29
1791409930.365096,-0.110278,1.223196,-2.756138,0.109551,1.331862,-2.775537,-0.326116,1.211231,-2.792708,0.334246,1.207568,-2.801159,28,27,28,28,27,28,31,27,28,31,28,29
1791409930.385100,-0.110308,1.223196,-2.756122,0.109551,1.331862,-2.775568,-0.326116,1.211201,-2.792708,0.334186,1.207568,-2.801159,28,27,28,28,28,28,31,27,28,31,28,29
1791409930.404994,-0.110278,1.223166,-2.756138,0.109551,1.331862,-2.775552,-0.326086,1.211201,-2.792708,0.334216,1.207598,-2.801175,28,27,28,28,27,28,31,27,28,31,27,29
1791409930.424943,-0.110308,1.223196,-2.756138,0.109521,1.331802,-2.775568,-0.326116,1.211201,-2.792708,0.334216,1.207598,-2.801175,28,27,28,28,27,28,32,27,28,31,27,29
1791409930.444923,-0.110218,1.223196,-2.756122,0.109551,1.331832,-2.775552,-0.326116,1.211201,-2.792708,0.334216,1.207628,-2.801159,28,27,28,28,27,28,32,27,28,31,28,29
1791409930.464936,-0.110248,1.223166,-2.756138,0.109551,1.331832,-2.775552,-0.326116,1.211201,-2.792708,0.334216,1.207568,-2.801159,28,27,28,28,27,28,31,27,28,31,28,29
1791409930.484981,-0.110278,1.223196,-2.756138,0.109551,1.331832,-2.775568,-0.326146,1.211201,-2.792724,0.334186,1.207598,-2.801175,28,27,28,28,27,28,31,27,28,31,27,29
1791409930.505107,-0.110278,1.223257,-2.756122,0.109551,1.331832,-2.775552,-0.326086,1.211231,-2.792708,0.334216,1.207598,-2.801159,28,27,28,28,28,28,31,27,28,31,28,29
1791409930.524986,-0.110248,1.223196,-2.756122,0.109551,1.331802,-2.775568,-0.326146,1.211231,-2.792708,0.334216,1.207598,-2.801175,28,27,28,28,27,28,31,27,28,31,28,29
1791409930.545060,-0.110248,1.223227,-2.756138,0.109551,1.331832,-2.775568,-0.326086,1.211201,-2.792708,0.334216,1.207568,-2.801159,28,27,28,28,27,28,32,27,28,31,27,29
1791409930.564987,-0.110248,1.223196,-2.756138,0.109551,1.331862,-2.775568,-0.326086,1.211201,-2.792708,0.334246,1.207568,-2.801143,28,27,28,28,27,28,31,27,28,31,28,29
1791409930.584991,-0.110248,1.223196,-2.756138,0.109582,1.331832,-2.775552,-0.326116,1.211201,-2.792708,0.334246,1.207568,-2.801143,28,27,28,28,27,28,31,27,28,31,28,29
1791409930.605016,-0.110248,1.223196,-2.756138,0.109551,1.331892,-2.775568,-0.326146,1.211231,-2.792708,0.334155,1.207537,-2.801175,28,27,28,28,28,28,31,27,28,31,27,29
1791409930.625064,-0.110278,1.223196,-2.756122,0.109582,1.331832,-2.775552,-0.326116,1.211201,-2.792708,0.334216,1.207568,-2.801159,28,27,28,28,27,28,31,27,28,31,28,29
1791409930.645081,-0.110278,1.223166,-2.756138,0.109521,1.331862,-2.775568,-0.326116,1.211231,-2.792708,0.334246,1.207598,-2.801159,28,27,28,28,27,28,31,27,28,31,28,29
1791409930.665147,-0.110278,1.223227,-2.756138,0.109521,1.331832,-2.775552,-0.326116,1.211201,-2.792692,0.334246,1.207568,-2.801143,28,27,28,28,27,28,31,27,28,31,28,29
1791409930.684949,-0.110278,1.223196,-2.756138,0.109551,1.331802,-2.775552,-0.326086,1.211231,-2.792708,0.334216,1.207598,-2.801159,28,27,28,28,28,28,31,27,28,31,28,29
1791409930.705150,-0.110248,1.223196,-2.756122,0.109551,1.331832,-2.775552,-0.326116,1.211171,-2.792692,0.334216,1.207568,-2.801159,28,27,28,28,27,28,31,27,28,31,27,29
1791409930.725072,-0.110248,1.223227,-2.756122,0.109551,1.331832,-2.775552,-0.326116,1.211201,-2.792692,0.334216,1.207598,-2.801175,28,27,28,28,27,28,31,27,28,31,28,29
1791409930.745029,-0.110308,1.223196,-2.756138,0.109551,1.331832,-2.775552,-0.326116,1.211201,-2.792724,0.334246,1.207568,-2.801159,28,27,28,28,28,28,31,27,28,31,28,29
1791409930.765049,-0.110248,1.223196,-2.756138,0.109551,1.331862,-2.775552,-0.326086,1.211201,-2.792692,0.334216,1.207537,-2.801175,28,27,28,28,27,28,31,27,28,31,27,29
1791409930.784984,-0.110248,1.223196,-2.756122,0.109491,1.331862,-2.775552,-0.326116,1.211231,-2.792708,0.334216,1.207568,-2.801159,28,27,28,28,27,28,31,27,28,31,28,29
1791409930.805112,-0.110248,1.223227,-2.756122,0.109551,1.331802,-2.775568,-0.326086,1.211231,-2.792724,0.334216,1.207598,-2.801175,28,27,28,28,28,28,31,27,28,31,28,29
1791409930.825047,-0.110278,1.223196,-2.756138,0.109551,1.331802,-2.775552,-0.326116,1.211201,-2.792708,0.334216,1.207568,-2.801159,28,27,28,28,28,28,31,27,28,31,28,29
1791409930.844990,-0.110248,1.223227,-2.756122,0.109582,1.331862,-2.775568,-0.326116,1.211201,-2.792708,0.334246,1.207568,-2.801159,28,27,28,28,27,28,31,27,28,31,28,29
1791409930.864918,-0.110278,1.223196,-2.756122,0.109551,1.331862,-2.775552,-0.326116,1.211201,-2.792708,0.334246,1.207568,-2.801143,28,27,28,28,27,28,31,27,28,31,27,29
1791409930.884956,-0.110278,1.223196,-2.756122,0.109582,1.331802,-2.775552,-0.326116,1.211231,-2.792708,0.334216,1.207598,-2.801143,28,27,28,28,27,28,31,27,28,31,28,29
1791409930.904959,-0.110308,1.223166,-2.756122,0.109551,1.331832,-2.775552,-0.326116,1.211201,-2.792708,0.334246,1.207568,-2.801159,28,27,28,28,28,28,31,27,28,31,27,29
1791409930.925014,-0.110278,1.223166,-2.756122,0.109551,1.331862,-2.775568,-0.326116,1.211201,-2.792708,0.334216,1.207568,-2.801143,28,27,28,28,27,28,31,27,28,31,28,29
1791409930.945038,-0.110278,1.223166,-2.756154,0.109551,1.331862,-2.775568,-0.326116,1.211231,-2.792708,0.334216,1.207568,-2.801159,28,27,28,28,27,28,31,27,28,31,28,29
1791409930.964987,-0.110308,1.223227,-2.756122,0.109521,1.331832,-2.775568,-0.326116,1.211201,-2.792708,0.334216,1.207568,-2.801159,28,27,28,28,27,28,31,27,28,31,28,29
1791409930.985052,-0.110248,1.223166,-2.756138,0.109551,1.331832,-2.775552,-0.326146,1.211201,-2.792708,0.334216,1.207568,-2.801159,28,27,28,28,27,28,31,27,28,31,27,29
1791409931.005120,-0.110278,1.223196,-2.756138,0.109551,1.331832,-2.775552,-0.326146,1.211201,-2.792692,0.334246,1.207568,-2.801159,28,27,28,28,27,28,31,27,28,31,27,29
1791409931.024999,-0.110278,1.223196,-2.756122,0.109551,1.331862,-2.775537,-0.326116,1.211231,-2.792708,0.334246,1.207598,-2.801159,28,27,28,28,27,28,32,27,28,31,28,29
1791409931.044940,-0.110248,1.223196,-2.756138,0.109521,1.331832,-2.775568,-0.326146,1.211201,-2.792708,0.334216,1.207568,-2.801143,28,27,28,28,27,28,32,27,28,31,27,29
1791409931.064966,-0.110278,1.223136,-2.756138,0.109521,1.331832,-2.775568,-0.326146,1.211231,-2.792739,0.334216,1.207598,-2.801143,28,27,28,28,28,28,32,27,28,31,28,29
1791409931.084980,-0.110278,1.223196,-2.756138,0.109551,1.331832,-2.775537,-0.326086,1.211201,-2.792724,0.334216,1.207568,-2.801143,28,27,28,28,27,28,31,27,28,31,28,29
1791409931.104903,-0.110248,1.223166,-2.756138,0.109551,1.331832,-2.775568,-0.326116,1.211231,-2.792708,0.334246,1.207598,-2.801143,28,27,28,28,27,28,32,27,28,31,28,29
1791409931.125024,-0.110278,1.223196,-2.756138,0.109551,1.331832,-2.775568,-0.326146,1.211201,-2.792708,0.334216,1.207568,-2.801159,28,27,28,28,28,28,31,27,28,31,27,29
1791409931.144984,-0.110248,1.223166,-2.756122,0.109551,1.331802,-2.775568,-0.326146,1.211201,-2.792708,0.334216,1.207568,-2.801175,28,27,28,28,27,28,32,27,28,31,28,29
1791409931.164952,-0.110278,1.223196,-2.756122,0.109551,1.331862,-2.775568,-0.326146,1.211201,-2.792708,0.334216,1.207568,-2.801159,28,27,28,28,27,28,31,27,28,31,28,29
1791409931.184940,-0.110218,1.223196,-2.756122,0.109551,1.331832,-2.775537,-0.326116,1.211201,-2.792708,0.334216,1.207568,-2.801175,28,27,28,28,27,28,31,27,28,31,28,29
1791409931.205018,-0.110278,1.223166,-2.756122,0.109551,1.331832,-2.775552,-0.326116,1.211201,-2.792708,0.334216,1.207598,-2.801159,28,27,28,28,28,28,31,27,28,31,27,29
1791409931.224956,-0.110278,1.223196,-2.756138,0.109551,1.331832,-2.775537,-0.326116,1.211201,-2.792708,0.334186,1.207568,-2.801159,28,27,28,28,27,28,31,27,28,31,28,29
1791409931.245023,-0.110248,1.223196,-2.756138,0.109521,1.331862,-2.775552,-0.326086,1.211231,-2.792708,0.334216,1.207568,-2.801159,28,27,28,28,27,28,32,27,28,31,28,29
1791409931.265004,-0.110278,1.223166,-2.756122,0.109521,1.331862,-2.775537,-0.326116,1.211231,-2.792692,0.334216,1.207537,-2.801159,28,27,28,28,28,28,31,27,28,31,28,29
1791409931.285266,-0.110278,1.223166,-2.756138,0.109551,1.331832,-2.775568,-0.326116,1.211201,-2.792708,0.334216,1.207568,-2.801159,28,27,28,28,27,28,32,27,28,31,28,29
1791409931.305059,-0.110248,1.223196,-2.756122,0.109551,1.331892,-2.775552,-0.326146,1.211231,-2.792724,0.334246,1.207598,-2.801159,28,27,28,28,27,28,31,27,28,31,27,29
1791409931.324978,-0.110248,1.223196,-2.756154,0.109582,1.331832,-2.775552,-0.326116,1.211231,-2.792708,0.334186,1.207598,-2.801159,28,27,28,28,27,28,32,27,28,31,27,29
1791409931.345028,-0.110308,1.223196,-2.756122,0.109551,1.331862,-2.775552,-0.326116,1.211231,-2.792692,0.334186,1.207598,-2.801159,28,27,28,28,27,28,32,27,28,31,28,29
1791409931.365199,-0.110278,1.223196,-2.756138,0.109551,1.331862,-2.775568,-0.326116,1.211201,-2.792692,0.334216,1.207568,-2.801159,28,27,28,28,27,28,31,27,28,31,28,29
1791409931.385039,-0.110248,1.223196,-2.756138,0.109582,1.331892,-2.775568,-0.326116,1.211201,-2.792692,0.334216,1.207568,-2.801159,28,27,28,28,28,28,31,27,28,31,28,29
1791409931.405077,-0.110248,1.223196,-2.756138,0.109551,1.331832,-2.775552,-0.326146,1.211201,-2.792708,0.334216,1.207568,-2.801159,28,27,28,28,27,28,31,27,28,31,28,29
1791409931.425049,-0.110278,1.223196,-2.756138,0.109582,1.331862,-2.775552,-0.326086,1.211231,-2.792708,0.334216,1.207568,-2.801159,28,27,28,28,27,28,32,27,28,31,28,29
1791409931.445353,-0.110248,1.223136,-2.756138,0.109551,1.331832,-2.775568,-0.326116,1.211201,-2.792692,0.334216,1.207598,-2.801175,28,27,28,28,28,28,31,27,28,31,28,29
1791409931.464955,-0.110278,1.223136,-2.756122,0.109582,1.331862,-2.775537,-0.326116,1.211231,-2.792724,0.334186,1.207568,-2.801143,28,27,28,28,27,28,32,27,28,31,28,29
1791409931.485104,-0.110308,1.223196,-2.756122,0.109551,1.331892,-2.775568,-0.326116,1.211201,-2.792708,0.334246,1.207568,-2.801159,28,27,28,28,27,28,31,27,28,31,27,29
1791409931.505034,-0.110248,1.223196,-2.756138,0.109582,1.331862,-2.775568,-0.326146,1.211201,-2.792708,0.334246,1.207568,-2.801175,28,27,28,28,27,28,31,27,28,31,28,29
1791409931.524920,-0.110218,1.223136,-2.756138,0.109551,1.331862,-2.775552,-0.326116,1.211201,-2.792708,0.334216,1.207568,-2.801159,28,27,28,28,27,28,31,27,28,31,28,29
1791409931.544949,-0.110218,1.223196,-2.756138,0.109582,1.331862,-2.775552,-0.326116,1.211201,-2.792724,0.334246,1.207568,-2.801159,28,27,28,28,27,28,31,27,28,31,27,29
1791409931.564929,-0.110248,1.223166,-2.756138,0.109551,1.331832,-2.775552,-0.326086,1.211231,-2.792708,0.334276,1.207568,-2.801175,28,27,28,28,28,28,31,27,28,31,28,29
1791409931.584865,-0.110248,1.223166,-2.756138,0.109551,1.331832,-2.775537,-0.326146,1.211231,-2.792692,0.334216,1.207568,-2.801143,28,27,28,28,27,28,31,27,28,31,28,29
1791409931.605050,-0.110278,1.223196,-2.756122,0.109551,1.331832,-2.775552,-0.326086,1.211201,-2.792708,0.334216,1.207568,-2.801159,28,27,28,28,28,28,31,27,28,31,28,29
1791409931.624996,-0.110248,1.223196,-2.756138,0.109521,1.331862,-2.775552,-0.326146,1.211201,-2.792708,0.334216,1.207568,-2.801159,28,27,28,28,27,28,32,27,28,31,28,29
1791409931.644953,-0.110248,1.223196,-2.756122,0.109551,1.331832,-2.775552,-0.326116,1.211201,-2.792708,0.334216,1.207568,-2.801143,28,27,28,28,27,28,31,27,28,31,27,29
1791409931.664958,-0.110308,1.223136,-2.756138,0.109582,1.331832,-2.775552,-0.326116,1.211201,-2.792708,0.334246,1.207568,-2.801143,28,27,28,28,27,28,31,27,28,31,27,29
1791409931.684983,-0.110308,1.223196,-2.756122,0.109582,1.331862,-2.775552,-0.326146,1.211231,-2.792692,0.334216,1.207568,-2.801159,28,27,28,28,27,28,31,27,28,31,28,29
1791409931.704966,-0.110278,1.223166,-2.756122,0.109551,1.331802,-2.775568,-0.326146,1.211201,-2.792692,0.334216,1.207568,-2.801175,28,27,28,28,28,28,31,27,28,31,28,29
1791409931.724988,-0.110278,1.223227,-2.756122,0.109582,1.331832,-2.775568,-0.326177,1.211231,-2.792708,0.334246,1.207598,-2.801159,28,27,28,28,28,28,31,27,28,31,28,29
1791409931.744939,-0.110308,1.223227,-2.756138,0.109551,1.331862,-2.775568,-0.326146,1.211231,-2.792708,0.334246,1.207598,-2.801159,28,27,28,28,28,28,32,27,28,31,28,29
1791409931.764984,-0.110278,1.223166,-2.756138,0.109551,1.331862,-2.775568,-0.326116,1.211201,-2.792708,0.334216,1.207568,-2.801175,28,27,28,28,27,28,31,27,28,31,27,29
1791409931.784941,-0.110278,1.223166,-2.756122,0.109521,1.331802,-2.775568,-0.326146,1.211261,-2.792708,0.334246,1.207598,-2.801159,28,27,28,28,28,28,31,27,28,31,28,29
1791409931.804997,-0.110278,1.223136,-2.756122,0.109521,1.331832,-2.775552,-0.326116,1.211201,-2.792708,0.334246,1.207568,-2.801159,28,27,28,28,28,28,31,27,28,31,28,29
1791409931.825020,-0.110248,1.223196,-2.756138,0.109521,1.331832,-2.775552,-0.326177,1.211201,-2.792692,0.334216,1.207598,-2.801159,28,27,28,28,28,28,32,27,28,31,27,29
1791409931.845147,-0.110248,1.223166,-2.756122,0.109551,1.331862,-2.775568,-0.326146,1.211231,-2.792724,0.334276,1.207598,-2.801175,28,27,28,28,28,28,31,27,28,31,28,29
1791409931.865245,-0.110278,1.223196,-2.756122,0.109551,1.331862,-2.775537,-0.326146,1.211231,-2.792708,0.334276,1.207598,-2.801159,28,27,28,28,27,28,31,27,28,31,28,29
1791409931.885182,-0.110308,1.223166,-2.756122,0.109551,1.331862,-2.775552,-0.326146,1.211231,-2.792724,0.334276,1.207568,-2.801159,28,27,28,28,28,28,31,27,28,31,28,29
1791409931.905093,-0.110248,1.223196,-2.756138,0.109551,1.331862,-2.775552,-0.326116,1.211201,-2.792708,0.334246,1.207568,-2.801143,28,27,28,28,27,28,31,27,28,31,28,29
1791409931.925071,-0.110278,1.223196,-2.756138,0.109521,1.331862,-2.775568,-0.326146,1.211171,-2.792692,0.334216,1.207537,-2.801159,28,27,28,28,27,28,31,27,28,31,27,29
1791409931.945138,-0.110248,1.223196,-2.756122,0.109551,1.331832,-2.775568,-0.326116,1.211201,-2.792692,0.334216,1.207568,-2.801159,28,27,28,28,28,28,32,27,28,31,28,29
1791409931.965093,-0.110218,1.223196,-2.756138,0.109582,1.331862,-2.775552,-0.326146,1.211201,-2.792692,0.334216,1.207598,-2.801143,28,27,28,28,27,28,31,27,28,31,28,29
1791409931.985031,-0.110248,1.223166,-2.756122,0.109582,1.331862,-2.775568,-0.326146,1.211171,-2.792708,0.334246,1.207598,-2.801159,28,27,28,28,28,28,31,27,28,31,27,29
1791409932.005129,-0.110248,1.223196,-2.756138,0.109551,1.331862,-2.775552,-0.326146,1.211201,-2.792708,0.334216,1.207568,-2.801159,28,27,28,28,28,28,32,27,28,31,28,29
1791409932.025109,-0.110278,1.223196,-2.756138,0.109551,1.331832,-2.775552,-0.326116,1.211231,-2.792708,0.334216,1.207568,-2.801175,28,27,28,28,28,28,31,27,28,31,28,29
1791409932.045099,-0.110248,1.223227,-2.756138,0.109521,1.331862,-2.775568,-0.326146,1.211231,-2.792708,0.334186,1.207568,-2.801159,28,27,28,28,27,28,31,27,28,31,28,29
1791409932.065106,-0.110278,1.223196,-2.756122,0.109551,1.331862,-2.775568,-0.326116,1.211231,-2.792708,0.334276,1.207568,-2.801159,28,27,28,28,27,28,31,27,28,31,27,29
1791409932.084996,-0.110278,1.223196,-2.756138,0.109521,1.331892,-2.775568,-0.326177,1.211201,-2.792724,0.334276,1.207568,-2.801159,28,27,28,28,27,28,32,27,28,31,27,29
1791409932.105056,-0.110278,1.223196,-2.756122,0.109521,1.331862,-2.775552,-0.326177,1.211201,-2.792708,0.334246,1.207537,-2.801159,28,27,28,28,27,28,31,27,28,31,27,29
1791409932.125160,-0.110248,1.223196,-2.756122,0.109551,1.331862,-2.775537,-0.326146,1.211201,-2.792708,0.334216,1.207598,-2.801143,28,27,28,28,28,28,31,27,28,31,28,29
1791409932.145093,-0.110278,1.223196,-2.756138,0.109582,1.331832,-2.775552,-0.326146,1.211231,-2.792708,0.334186,1.207598,-2.801143,28,27,28,28,27,28,31,27,28,31,28,29
1791409932.165099,-0.110278,1.223166,-2.756138,0.109551,1.331832,-2.775568,-0.326086,1.211201,-2.792708,0.334186,1.207568,-2.801159,28,27,28,28,28,28,31,27,28,31,28,29
1791409932.185044,-0.110278,1.223196,-2.756122,0.109551,1.331862,-2.775552,-0.326116,1.211201,-2.792708,0.334216,1.207568,-2.801159,28,27,28,28,27,28,31,27,28,31,28,29
1791409932.205110,-0.110308,1.223196,-2.756122,0.109521,1.331862,-2.775568,-0.326146,1.211201,-2.792692,0.334216,1.207598,-2.801175,28,27,28,28,27,28,31,27,28,31,27,29
1791409932.225113,-0.110278,1.223166,-2.756138,0.109521,1.331832,-2.775568,-0.326116,1.211201,-2.792708,0.334216,1.207568,-2.801159,28,27,28,28,28,28,32,27,28,31,28,29
1791409932.245121,-0.110248,1.223166,-2.756154,0.109551,1.331832,-2.775552,-0.326116,1.211231,-2.792692,0.334246,1.207568,-2.801175,28,27,28,28,27,28,32,27,28,31,28,29
1791409932.265093,-0.110308,1.223166,-2.756122,0.109551,1.331862,-2.775537,-0.326116,1.211231,-2.792708,0.334246,1.207568,-2.801159,28,27,28,28,28,28,31,27,28,31,27,29
1791409932.285218,-0.110278,1.223196,-2.756122,0.109551,1.331862,-2.775568,-0.326116,1.211231,-2.792708,0.334246,1.207568,-2.801159,28,27,28,28,28,28,31,27,28,31,28,29
1791409932.305068,-0.110278,1.223166,-2.756122,0.109551,1.331862,-2.775537,-0.326146,1.211201,-2.792708,0.334246,1.207568,-2.801159,28,27,28,28,27,28,31,27,28,31,28,29
1791409932.325109,-0.110308,1.223196,-2.756138,0.109551,1.331802,-2.775568,-0.326146,1.211201,-2.792708,0.334216,1.207568,-2.801159,28,27,28,28,28,28,32,27,28,31,28,29
1791409932.345080,-0.110278,1.223196,-2.756122,0.109551,1.331832,-2.775537,-0.326116,1.211201,-2.792708,0.334246,1.207568,-2.801159,28,27,28,28,28,28,32,27,28,31,28,29
1791409932.365301,-0.110278,1.223166,-2.756138,0.109551,1.331892,-2.775552,-0.326116,1.211201,-2.792708,0.334246,1.207598,-2.801159,28,27,28,28,28,28,32,27,28,31,27,29
1791409932.385623,-0.110278,1.223105,-2.756122,0.109521,1.331832,-2.775537,-0.326146,1.211201,-2.792708,0.334276,1.207598,-2.801159,28,27,28,28,28,28,31,27,28,31,27,29
1791409932.405425,-0.110248,1.223166,-2.756122,0.109582,1.331832,-2.775568,-0.326116,1.211201,-2.792692,0.334246,1.207568,-2.801175,28,27,28,28,27,28,32,27,28,31,28,29
1791409932.425062,-0.110278,1.223196,-2.756138,0.109582,1.331862,-2.775537,-0.326146,1.211231,-2.792708,0.334246,1.207568,-2.801143,28,27,28,28,28,28,31,27,28,31,27,29
1791409932.445229,-0.110278,1.223166,-2.756138,0.109551,1.331862,-2.775568,-0.326116,1.211231,-2.792692,0.334246,1.207598,-2.801143,28,27,28,28,28,28,31,27,28,31,28,29
1791409932.465291,-0.110278,1.223166,-2.756138,0.109551,1.331862,-2.775552,-0.326177,1.211201,-2.792692,0.334246,1.207568,-2.801159,28,27,28,28,27,28,32,27,28,31,27,29
1791409932.485223,-0.110218,1.223196,-2.756138,0.109521,1.331771,-2.775568,-0.326177,1.211292,-2.792692,0.334186,1.207719,-2.801143,28,27,28,28,28,28,31,27,28,31,28,29
1791409932.505200,-0.110096,1.223257,-2.756138,0.109461,1.331590,-2.775568,-0.326177,1.211564,-2.792708,0.334155,1.208143,-2.801143,28,27,28,28,27,28,32,27,28,31,28,29
1791409932.525148,-0.109824,1.223348,-2.756185,0.109188,1.331287,-2.775568,-0.326146,1.212109,-2.792708,0.334095,1.208991,-2.801159,28,27,28,28,27,28,31,27,28,31,28,29
1791409932.545049,-0.109370,1.223590,-2.756296,0.108764,1.330833,-2.775584,-0.326116,1.213078,-2.792724,0.334065,1.210535,-2.801159,28,27,28,28,27,28,31,27,28,31,27,29
1791409932.565059,-0.108795,1.223893,-2.756469,0.108038,1.330076,-2.775631,-0.326025,1.214562,-2.792724,0.333913,1.211594,-2.801159,28,27,28,28,28,28,31,27,28,31,28,29
1791409932.585320,-0.108068,1.224165,-2.756738,0.107190,1.329289,-2.775679,-0.325995,1.216348,-2.792708,0.333671,1.212745,-2.801159,28,27,28,28,28,28,32,27,28,31,27,29
1791409932.605223,-0.107160,1.224619,-2.757086,0.106312,1.328471,-2.775837,-0.325934,1.218346,-2.792724,0.333429,1.214017,-2.801159,28,27,28,28,28,28,31,27,28,31,28,29
1791409932.625150,-0.106221,1.225195,-2.757907,0.105464,1.327684,-2.776137,-0.325844,1.220163,-2.792739,0.333096,1.215258,-2.801159,28,27,28,28,28,28,31,27,28,31,28,29
1791409932.645202,-0.105434,1.226163,-2.759139,0.104435,1.326745,-2.776579,-0.325692,1.221949,-2.792739,0.332611,1.216378,-2.801143,28,27,28,28,27,28,32,27,28,31,27,29
1791409932.665110,-0.104404,1.227344,-2.759550,0.103224,1.325625,-2.776974,-0.325511,1.223857,-2.792755,0.332157,1.217559,-2.801159,28,27,28,28,27,28,31,27,28,31,28,29
1791409932.685163,-0.102830,1.228374,-2.760403,0.101952,1.324505,-2.777306,-0.325299,1.225462,-2.792755,0.331582,1.218649,-2.801159,28,27,28,28,27,28,32,27,28,31,28,29
1791409932.705041,-0.101346,1.229676,-2.761398,0.101013,1.323536,-2.777669,-0.325087,1.227187,-2.792771,0.331006,1.219618,-2.801191,28,27,28,28,27,28,32,27,28,31,27,29
1791409932.724958,-0.099863,1.231220,-2.762725,0.099893,1.322476,-2.778222,-0.324905,1.228580,-2.792787,0.330552,1.220678,-2.801191,28,27,28,28,28,28,32,27,28,31,27,29
1791409932.745187,-0.098076,1.232401,-2.763689,0.098621,1.321023,-2.778901,-0.324723,1.229852,-2.792850,0.330098,1.221919,-2.801222,28,27,28,28,27,28,32,27,28,31,28,29
1791409932.765193,-0.096350,1.233854,-2.765016,0.097410,1.319751,-2.779217,-0.324511,1.231214,-2.792882,0.329583,1.223221,-2.801270,28,27,28,28,27,28,31,27,28,31,27,29
1791409932.785209,-0.094292,1.235580,-2.765932,0.096229,1.317935,-2.779470,-0.324299,1.232335,-2.792882,0.329038,1.224493,-2.801396,28,27,28,28,28,28,32,27,28,31,27,29
1791409932.805163,-0.092657,1.237336,-2.767354,0.094806,1.316088,-2.779770,-0.324088,1.233546,-2.792945,0.328251,1.225946,-2.801538,28,27,28,28,28,28,32,27,28,31,27,29
1791409932.825129,-0.090477,1.239274,-2.768775,0.093444,1.314210,-2.780402,-0.323785,1.234969,-2.792961,0.327585,1.227672,-2.801681,28,27,28,28,27,28,32,27,28,31,28,29
1791409932.845305,-0.088448,1.240727,-2.769928,0.091900,1.311364,-2.781366,-0.323482,1.235938,-2.792976,0.326980,1.229367,-2.801775,28,27,28,28,28,28,32,27,28,31,28,29
1791409932.865189,-0.086117,1.242392,-2.771571,0.089780,1.308004,-2.782487,-0.323149,1.236907,-2.793040,0.326556,1.231426,-2.801854,28,27,28,28,28,28,32,27,28,31,28,29
1791409932.885234,-0.083543,1.243845,-2.773151,0.087570,1.305097,-2.783782,-0.322755,1.238148,-2.793040,0.326192,1.233243,-2.802012,28,27,28,28,27,28,31,27,28,31,28,29
1791409932.905224,-0.081151,1.245026,-2.774194,0.085299,1.302523,-2.785094,-0.322301,1.239783,-2.793087,0.325829,1.235393,-2.802107,28,27,28,28,28,28,31,27,28,31,28,29
1791409932.925130,-0.079001,1.246328,-2.775521,0.082907,1.299980,-2.785883,-0.321877,1.241085,-2.793213,0.325557,1.237452,-2.802154,28,27,28,28,28,28,31,27,28,31,28,29
1791409932.945248,-0.076428,1.247358,-2.776800,0.080848,1.297406,-2.787037,-0.321453,1.242750,-2.793387,0.325224,1.239329,-2.802217,28,27,28,28,28,28,32,27,28,31,28,29
1791409932.965282,-0.073975,1.248115,-2.778001,0.078668,1.294651,-2.787890,-0.321090,1.244324,-2.793656,0.324860,1.240964,-2.802297,28,27,28,28,28,28,31,27,28,31,28,29
1791409932.985279,-0.071705,1.248993,-2.779107,0.076428,1.291442,-2.789011,-0.320727,1.245929,-2.793972,0.324406,1.242720,-2.802391,28,27,28,28,28,28,31,27,28,31,27,29
1791409933.005537,-0.069555,1.249962,-2.780102,0.073854,1.288141,-2.789722,-0.320485,1.247655,-2.794130,0.323952,1.245021,-2.802565,28,27,28,28,28,28,31,27,28,31,28,29
1791409933.025275,-0.067102,1.250749,-2.781271,0.071826,1.284872,-2.790449,-0.320273,1.249623,-2.794224,0.323467,1.247201,-2.802865,28,27,28,28,27,28,32,27,28,31,28,29
1791409933.045186,-0.065013,1.251536,-2.782377,0.069948,1.282116,-2.791523,-0.320030,1.251864,-2.794272,0.323104,1.249320,-2.803323,28,27,28,28,28,28,32,27,28,31,28,29
1791409933.065400,-0.062621,1.252293,-2.783782,0.068071,1.279634,-2.792234,-0.319728,1.253680,-2.794382,0.322680,1.251652,-2.803718,28,27,28,28,27,28,32,27,28,31,28,29
1791409933.085458,-0.060744,1.252959,-2.784651,0.066618,1.277635,-2.792724,-0.319516,1.255194,-2.794367,0.322347,1.253922,-2.803782,28,27,28,28,27,28,32,27,28,31,28,29
1791409933.105289,-0.062440,1.247872,-2.775126,0.069706,1.275879,-2.787369,-0.319334,1.243779,-2.791886,0.322589,1.242508,-2.801538,28,27,28,28,27,28,31,27,28,31,28,29
1791409933.125342,-0.064650,1.242816,-2.762362,0.072038,1.270369,-2.776595,-0.317760,1.234242,-2.785994,0.322075,1.234151,-2.793640,28,27,28,28,28,28,32,27,28,31,28,29
1791409933.145347,-0.067920,1.236034,-2.748650,0.075247,1.262163,-2.764605,-0.316760,1.223161,-2.777543,0.321318,1.223191,-2.784098,28,27,28,28,27,28,31,27,28,31,27,29
1791409933.165201,-0.072250,1.225588,-2.734717,0.076973,1.249689,-2.752015,-0.313945,1.211110,-2.763626,0.319895,1.209445,-2.769881,28,27,28,28,27,28,31,27,28,31,27,29
1791409933.185221,-0.075368,1.211509,-2.718652,0.077730,1.233460,-2.737118,-0.307950,1.194730,-2.747023,0.314869,1.191672,-2.754005,28,27,28,28,28,28,31,27,28,31,27,29
1791409933.205277,-0.076004,1.192949,-2.696915,0.077457,1.214719,-2.717704,-0.300229,1.177896,-2.725128,0.307269,1.173687,-2.732932,28,27,28,28,27,28,31,27,28,31,27,29
1791409933.225240,-0.075005,1.175025,-2.668149,0.076186,1.197703,-2.690012,-0.292357,1.158003,-2.700359,0.298822,1.154007,-2.708447,28,27,28,28,27,28,31,27,28,31,28,29
1791409933.245211,-0.072038,1.152498,-2.636081,0.074127,1.176478,-2.653742,-0.283092,1.137142,-2.673962,0.287831,1.136991,-2.681955,28,27,28,28,27,28,32,27,28,31,27,29
1791409933.265400,-0.068435,1.131637,-2.597062,0.071311,1.156041,-2.614439,-0.273282,1.118188,-2.644248,0.275901,1.117855,-2.652115,28,27,28,28,28,28,32,27,28,31,27,29
1791409933.285212,-0.063984,1.109534,-2.557096,0.068677,1.134180,-2.568154,-0.261413,1.098599,-2.613333,0.263367,1.099568,-2.617519,28,27,28,28,28,28,31,27,28,31,27,29
1791409933.305397,-0.060139,1.088825,-2.512074,0.065861,1.112138,-2.518978,-0.249363,1.081159,-2.578532,0.251013,1.084610,-2.579354,28,27,28,28,27,28,31,27,28,31,27,29
1791409933.325304,-0.056717,1.067873,-2.463973,0.062591,1.090490,-2.472898,-0.237675,1.065021,-2.539546,0.239023,1.067080,-2.538455,28,27,28,28,27,28,31,27,28,31,28,29
1791409933.345321,-0.053780,1.047738,-2.414465,0.059261,1.070053,-2.421400,-0.226866,1.047218,-2.496736,0.227881,1.049216,-2.496941,28,27,28,28,28,28,31,27,28,31,27,29
1791409933.365093,-0.051086,1.026786,-2.367122,0.056263,1.048888,-2.372208,-0.214907,1.029990,-2.451809,0.216618,1.032018,-2.451272,28,27,28,28,28,28,31,27,28,31,27,29
1791409933.385169,-0.049148,1.007287,-2.322148,0.053901,1.027543,-2.325844,-0.204128,1.013367,-2.407515,0.206112,1.015124,-2.401843,28,27,28,28,28,28,31,27,28,31,28,29
1791409933.405347,-0.047301,0.987395,-2.278027,0.052176,1.008862,-2.276953,-0.192986,0.997290,-2.361340,0.194455,0.999682,-2.355068,28,27,28,28,28,28,31,27,28,31,28,29
1791409933.425115,-0.046271,0.969198,-2.233732,0.050631,0.990483,-2.232200,-0.183055,0.980849,-2.313475,0.184372,0.983453,-2.307693,28,27,28,28,28,28,31,27,28,31,27,29
1791409933.445237,-0.045515,0.953000,-2.192170,0.049208,0.973770,-2.189232,-0.174456,0.964106,-2.267111,0.175743,0.966498,-2.261313,28,27,28,28,28,28,31,27,28,31,28,29
1791409933.465309,-0.044364,0.937861,-2.148175,0.047816,0.956875,-2.148444,-0.165585,0.949421,-2.216734,0.166600,0.951783,-2.212074,28,27,28,28,27,28,31,27,28,31,27,29
1791409933.485263,-0.043365,0.920996,-2.107088,0.046968,0.941161,-2.104149,-0.157167,0.932587,-2.170560,0.158243,0.935040,-2.164984,28,27,28,28,28,28,32,27,28,31,27,29
1791409933.505191,-0.042517,0.906221,-2.064957,0.045636,0.925719,-2.062777,-0.148781,0.917267,-2.122837,0.150462,0.919780,-2.117908,28,27,28,28,28,28,31,27,28,31,27,29
1791409933.525248,-0.041972,0.891415,-2.023601,0.044091,0.910520,-2.021405,-0.140697,0.902370,-2.075810,0.142741,0.904611,-2.070691,28,27,28,28,27,28,32,27,28,31,27,29
1791409933.545082,-0.041639,0.876579,-1.981059,0.043032,0.895018,-1.981912,-0.133400,0.887776,-2.028419,0.135747,0.890017,-2.023774,28,27,28,28,28,28,31,27,28,31,27,29
1791409933.565339,-0.041064,0.862409,-1.939213,0.042093,0.880969,-1.940019,-0.127647,0.871669,-1.980380,0.130085,0.873909,-1.976810,28,27,28,28,28,28,32,27,28,31,27,29
1791409933.585309,-0.040155,0.846604,-1.898852,0.041276,0.864801,-1.896482,-0.121682,0.856076,-1.934348,0.124241,0.858437,-1.931315,28,27,28,28,28,28,31,27,28,31,27,29
1791409933.605285,-0.039277,0.831587,-1.854936,0.040186,0.849572,-1.855711,-0.116868,0.839332,-1.886673,0.118973,0.841966,-1.887383,28,27,28,28,28,28,31,27,28,31,27,29
1791409933.625535,-0.038430,0.815812,-1.814370,0.039308,0.833222,-1.811605,-0.111691,0.823013,-1.841825,0.113311,0.825526,-1.839724,28,27,28,28,28,28,31,27,28,31,27,29
1791409933.645107,-0.037491,0.800461,-1.770170,0.038369,0.816811,-1.770533,-0.107149,0.807783,-1.795003,0.108406,0.810447,-1.792586,28,27,28,28,27,28,31,27,28,31,27,29
1791409933.665230,-0.036583,0.783445,-1.727123,0.037430,0.800613,-1.726712,-0.103395,0.792130,-1.751451,0.104228,0.794340,-1.748022,28,27,28,28,28,28,31,27,28,31,27,29
1791409933.685215,-0.035947,0.768276,-1.682133,0.036462,0.784868,-1.680996,-0.099913,0.775235,-1.708119,0.100201,0.777324,-1.705007,28,27,28,28,27,28,32,27,28,31,27,29
1791409933.705249,-0.035160,0.752138,-1.639023,0.035735,0.766914,-1.637602,-0.096370,0.759157,-1.661108,0.096325,0.761640,-1.656542,28,27,28,28,28,28,32,27,28,31,27,29
1791409933.725437,-0.034342,0.735667,-1.594792,0.035008,0.749807,-1.593133,-0.092585,0.742595,-1.616702,0.092662,0.744564,-1.610541,28,27,28,28,27,28,31,27,28,31,27,29
1791409933.745261,-0.033434,0.719166,-1.550955,0.034191,0.733972,-1.548854,-0.089225,0.725822,-1.571728,0.088968,0.727820,-1.565267,28,27,28,28,27,28,32,27,28,31,27,29
1791409933.765347,-0.032495,0.702211,-1.509472,0.033343,0.716411,-1.503722,-0.085834,0.708957,-1.529598,0.085365,0.710774,-1.521683,28,27,28,28,27,28,31,27,28,31,27,29
1791409933.785211,-0.031738,0.686224,-1.466410,0.032344,0.699667,-1.460217,-0.082806,0.692668,-1.486204,0.082246,0.694273,-1.477515,28,27,28,28,28,28,31,27,28,31,27,29
1791409933.805224,-0.030618,0.674325,-1.429556,0.031254,0.687708,-1.425306,-0.080656,0.680769,-1.448259,0.080278,0.682737,-1.438971,28,27,28,28,27,28,32,27,28,31,27,29
1791409933.825307,-0.029558,0.666816,-1.401010,0.030436,0.679412,-1.396240,-0.078840,0.673199,-1.422510,0.078643,0.675894,-1.412858,28,27,28,28,27,28,31,27,28,31,27,29
1791409933.845406,-0.029195,0.663334,-1.381612,0.030315,0.675294,-1.376478,-0.077992,0.669687,-1.401232,0.077947,0.672412,-1.392938,28,27,28,28,27,28,32,27,28,31,27,29
1791409933.865418,-0.029316,0.662578,-1.370949,0.030557,0.673901,-1.365325,-0.077689,0.667810,-1.388752,0.077584,0.670747,-1.378626,28,27,28,28,28,28,32,27,28,31,27,29
1791409933.885547,-0.029467,0.663910,-1.367726,0.031042,0.673629,-1.362608,-0.077416,0.667386,-1.380000,0.077341,0.670353,-1.369859,28,27,28,28,27,28,32,27,28,31,27,29
1791409933.905180,-0.029558,0.665424,-1.367663,0.031526,0.674840,-1.362339,-0.077265,0.667447,-1.374266,0.076887,0.670535,-1.363966,28,27,28,28,27,28,32,27,28,31,27,29
1791409933.925404,-0.029679,0.666453,-1.367679,0.031769,0.677383,-1.362324,-0.077204,0.667901,-1.369480,0.076433,0.670717,-1.359812,28,27,28,28,28,28,32,27,28,31,27,29
1791409933.945454,-0.029589,0.668542,-1.367663,0.031890,0.680138,-1.362292,-0.077083,0.668234,-1.365641,0.076161,0.670777,-1.356431,28,27,28,28,28,28,32,27,28,31,27,29
1791409933.965463,-0.029589,0.670571,-1.367647,0.031829,0.682076,-1.362166,-0.076932,0.668658,-1.362845,0.075827,0.670959,-1.353714,28,27,28,28,27,28,31,27,28,31,27,29
1791409933.985480,-0.029619,0.672176,-1.367647,0.031829,0.683832,-1.362055,-0.076811,0.668930,-1.360412,0.075585,0.670989,-1.351266,28,27,28,28,28,28,31,27,28,31,27,29
1791409934.005256,-0.029679,0.673144,-1.367647,0.031829,0.685074,-1.362039,-0.076690,0.669203,-1.358785,0.075494,0.671050,-1.349639,28,27,28,28,28,28,32,27,28,31,27,29
1791409934.025259,-0.029679,0.673659,-1.367616,0.031829,0.685588,-1.362023,-0.076690,0.669415,-1.358043,0.075434,0.671080,-1.348643,28,27,28,28,27,28,31,27,28,31,27,29
1791409934.045210,-0.029619,0.673599,-1.367631,0.031799,0.685619,-1.362023,-0.076781,0.669354,-1.357521,0.075404,0.671050,-1.348075,28,27,28,28,28,28,31,27,28,31,27,29
1791409934.065219,-0.029619,0.673114,-1.367616,0.031769,0.685195,-1.362023,-0.076781,0.669021,-1.357458,0.075404,0.670989,-1.347885,28,27,28,28,28,28,31,27,28,31,27,29
1791409934.085615,-0.029589,0.672297,-1.367631,0.031738,0.684256,-1.362023,-0.076781,0.668416,-1.357458,0.075464,0.670989,-1.347901,28,27,28,28,28,28,32,27,28,31,27,29
1791409934.105363,-0.029558,0.671691,-1.367631,0.031708,0.682833,-1.362023,-0.076871,0.667326,-1.357458,0.075555,0.670929,-1.347901,28,27,28,28,28,28,32,27,28,31,27,29
1791409934.125319,-0.029528,0.671328,-1.367631,0.031678,0.680895,-1.362008,-0.076841,0.665660,-1.357474,0.075616,0.669839,-1.347917,28,27,28,28,28,28,31,27,28,31,28,29
1791409934.145713,-0.029467,0.670450,-1.367616,0.031617,0.679230,-1.361992,-0.076932,0.663571,-1.357490,0.075676,0.667659,-1.347948,28,27,28,28,28,28,31,27,28,31,27,29
1791409934.165365,-0.029377,0.668542,-1.367616,0.031557,0.677262,-1.361945,-0.077083,0.661300,-1.357474,0.075706,0.665479,-1.347996,28,27,28,28,28,28,32,27,28,31,27,29
1791409934.185366,-0.029346,0.666635,-1.367600,0.031496,0.675748,-1.361945,-0.077144,0.659030,-1.357474,0.075737,0.663178,-1.347996,28,27,28,28,27,28,32,27,28,31,27,29
1791409934.205157,-0.029316,0.664364,-1.367600,0.031435,0.674598,-1.361913,-0.077235,0.656910,-1.357506,0.075706,0.661088,-1.348043,28,27,28,28,28,28,31,27,28,31,27,29
1791409934.225190,-0.029286,0.662547,-1.367584,0.031345,0.673477,-1.361850,-0.077295,0.655184,-1.357490,0.075706,0.659272,-1.348027,28,27,28,28,28,28,31,27,28,31,27,29
1791409934.245292,-0.029316,0.661064,-1.367552,0.031254,0.672599,-1.361802,-0.077204,0.653701,-1.357506,0.075797,0.657818,-1.348059,28,27,28,28,27,28,32,27,28,31,27,29
1791409934.265361,-0.029346,0.660004,-1.367537,0.031224,0.671752,-1.361771,-0.077204,0.652550,-1.357506,0.075888,0.656729,-1.348075,28,27,28,28,28,28,32,27,28,31,27,29
1791409934.285267,-0.029316,0.659338,-1.367521,0.031254,0.670904,-1.361771,-0.077144,0.651823,-1.357506,0.075858,0.656002,-1.348091,28,27,28,28,28,28,32,27,28,31,27,29
1791409934.305411,-0.029255,0.658944,-1.367537,0.031284,0.670510,-1.361723,-0.077204,0.651460,-1.357521,0.075858,0.655760,-1.348075,28,27,28,28,27,28,31,27,28,31,27,29
1791409934.325250,-0.029255,0.658884,-1.367521,0.031284,0.670510,-1.361629,-0.077235,0.651400,-1.357506,0.075858,0.655760,-1.348059,28,27,28,28,28,28,31,27,28,31,27,29
1791409934.345353,-0.029255,0.659065,-1.367537,0.031375,0.670571,-1.361565,-0.077144,0.651460,-1.357506,0.075737,0.655881,-1.348043,28,27,28,28,28,28,32,27,28,31,27,29
1791409934.365279,-0.029255,0.659429,-1.367521,0.031405,0.670692,-1.361534,-0.077083,0.651702,-1.357506,0.075706,0.656183,-1.348027,28,27,28,28,28,28,32,27,28,31,27,29
1791409934.385383,-0.029316,0.659943,-1.367537,0.031405,0.670692,-1.361534,-0.077114,0.652157,-1.357490,0.075646,0.656607,-1.348011,28,27,28,28,28,28,32,27,28,31,27,29
1791409934.405800,-0.029286,0.660519,-1.367537,0.031405,0.670692,-1.361534,-0.077083,0.652671,-1.357506,0.075616,0.657213,-1.348011,28,27,28,28,27,28,32,27,28,31,27,29
1791409934.425264,-0.029286,0.661064,-1.367521,0.031405,0.670692,-1.361534,-0.077053,0.653216,-1.357490,0.075585,0.657788,-1.348011,28,27,28,28,28,28,31,27,28,31,27,29
1791409934.445275,-0.029316,0.661487,-1.367521,0.031435,0.670752,-1.361534,-0.077053,0.653792,-1.357506,0.075525,0.658333,-1.348011,28,27,28,28,28,28,32,27,28,31,27,29
1791409934.465283,-0.029316,0.661911,-1.367521,0.031405,0.670813,-1.361534,-0.077053,0.654337,-1.357506,0.075494,0.658818,-1.348011,28,27,28,28,27,28,31,27,28,31,27,29
1791409934.485311,-0.029316,0.662275,-1.367505,0.031405,0.670874,-1.361518,-0.077023,0.654791,-1.357490,0.075434,0.659181,-1.348011,28,27,28,28,28,28,32,27,28,31,27,29
1791409934.505208,-0.029316,0.662638,-1.367521,0.031405,0.670964,-1.361518,-0.077083,0.655093,-1.357490,0.075404,0.659363,-1.347996,28,27,28,28,28,28,32,27,28,31,27,29
1791409934.525334,-0.029316,0.662820,-1.367521,0.031435,0.670964,-1.361534,-0.077053,0.655245,-1.357490,0.075404,0.659484,-1.347996,28,27,28,28,28,28,32,27,28,31,27,29
1791409934.545433,-0.029286,0.662880,-1.367521,0.031435,0.670964,-1.361534,-0.077023,0.655275,-1.357490,0.075404,0.659514,-1.348011,28,27,28,28,28,28,31,27,28,31,27,29
1791409934.565367,-0.029286,0.662941,-1.367537,0.031435,0.670964,-1.361502,-0.077023,0.655305,-1.357506,0.075494,0.659514,-1.348011,28,27,28,28,28,28,31,27,28,31,27,29
1791409934.585838,-0.029286,0.662880,-1.367521,0.031405,0.670934,-1.361502,-0.077023,0.655275,-1.357490,0.075464,0.659514,-1.347996,28,27,28,28,28,28,32,27,28,31,27,29
1791409934.605377,-0.029225,0.662789,-1.367537,0.031405,0.670934,-1.361502,-0.077083,0.655184,-1.357506,0.075404,0.659453,-1.347996,28,27,28,28,28,28,31,27,28,31,27,29
1791409934.625362,-0.029255,0.662668,-1.367505,0.031435,0.670904,-1.361502,-0.077053,0.655093,-1.357506,0.075494,0.659393,-1.347996,28,27,28,28,28,28,32,27,28,31,27,29
1791409934.645389,-0.029316,0.662547,-1.367505,0.031405,0.670904,-1.361486,-0.077053,0.655063,-1.357490,0.075464,0.659272,-1.348011,28,27,28,28,28,28,32,27,28,31,27,29
1791409934.665615,-0.029316,0.662456,-1.367521,0.031405,0.670874,-1.361486,-0.076993,0.654972,-1.357490,0.075494,0.659211,-1.348011,28,27,28,28,28,28,31,27,28,31,27,29
1791409934.685219,-0.029316,0.662366,-1.367521,0.031375,0.670813,-1.361534,-0.077053,0.654912,-1.357490,0.075525,0.659120,-1.348011,28,27,28,28,27,28,32,27,28,31,27,29
1791409934.705366,-0.029316,0.662335,-1.367521,0.031375,0.670874,-1.361502,-0.077023,0.654912,-1.357506,0.075525,0.659151,-1.348027,28,27,28,28,28,28,31,27,28,31,27,29
1791409934.725220,-0.029286,0.662396,-1.367521,0.031345,0.670843,-1.361486,-0.077053,0.654912,-1.357506,0.075494,0.659151,-1.348011,28,27,28,28,28,28,32,27,28,31,27,29
1791409934.745269,-0.029286,0.662396,-1.367521,0.031405,0.670874,-1.361486,-0.077083,0.654882,-1.357490,0.075464,0.659151,-1.348027,28,27,28,28,28,28,32,27,28,31,27,29
1791409934.765356,-0.029286,0.662487,-1.367505,0.031405,0.670904,-1.361486,-0.077083,0.654942,-1.357506,0.075434,0.659181,-1.348027,28,27,28,28,27,28,32,27,28,31,27,29
1791409934.785430,-0.029255,0.662547,-1.367521,0.031435,0.670904,-1.361502,-0.077023,0.655003,-1.357506,0.075434,0.659272,-1.348011,28,27,28,28,28,28,31,27,28,31,27,29
1791409934.805463,-0.029255,0.662608,-1.367505,0.031466,0.670904,-1.361502,-0.077023,0.655063,-1.357490,0.075464,0.659332,-1.347980,28,27,28,28,28,28,32,27,28,31,27,29
1791409934.825198,-0.029286,0.662668,-1.367505,0.031466,0.670934,-1.361486,-0.076962,0.655093,-1.357506,0.075434,0.659332,-1.347996,28,27,28,28,28,28,32,27,28,31,27,29
1791409934.845401,-0.029286,0.662638,-1.367505,0.031435,0.670904,-1.361486,-0.077023,0.655093,-1.357521,0.075404,0.659363,-1.347996,28,27,28,28,27,28,32,27,28,31,27,29
1791409934.865690,-0.029286,0.662668,-1.367505,0.031435,0.670934,-1.361486,-0.076962,0.655093,-1.357506,0.075464,0.659363,-1.348011,28,27,28,28,27,28,31,27,28,31,27,29
1791409934.885310,-0.029255,0.662638,-1.367489,0.031405,0.670904,-1.361471,-0.076962,0.655093,-1.357506,0.075464,0.659332,-1.347996,28,27,28,28,27,28,32,27,28,31,27,29
1791409934.905373,-0.029346,0.662638,-1.367489,0.031375,0.670904,-1.361486,-0.077023,0.655093,-1.357506,0.075464,0.659302,-1.348027,28,27,28,28,28,28,32,27,28,31,27,29
1791409934.925466,-0.029286,0.662578,-1.367505,0.031345,0.670874,-1.361471,-0.076962,0.655093,-1.357506,0.075434,0.659272,-1.348027,28,27,28,28,28,28,31,27,28,31,27,29
1791409934.945198,-0.029255,0.662547,-1.367489,0.031375,0.670874,-1.361486,-0.077023,0.655003,-1.357490,0.075434,0.659272,-1.348027,28,27,28,28,28,28,31,27,28,31,27,29
1791409934.965272,-0.029316,0.662547,-1.367505,0.031435,0.670904,-1.361471,-0.076962,0.655033,-1.357506,0.075434,0.659272,-1.348011,28,27,28,28,27,28,31,27,28,31,27,29
1791409934.985505,-0.029286,0.662578,-1.367521,0.031375,0.670904,-1.361486,-0.076962,0.655003,-1.357506,0.075464,0.659241,-1.348011,28,27,28,28,28,28,31,27,28,31,27,29
1791409935.005309,-0.029255,0.662578,-1.367489,0.031435,0.670904,-1.361486,-0.076962,0.655063,-1.357506,0.075404,0.659272,-1.348011,28,27,28,28,27,28,31,27,28,31,27,29
1791409935.025292,-0.029286,0.662578,-1.367505,0.031435,0.670904,-1.361518,-0.076993,0.655063,-1.357490,0.075404,0.659272,-1.348011,28,27,28,28,27,28,31,27,28,31,27,29
1791409935.045241,-0.029255,0.662608,-1.367505,0.031466,0.670904,-1.361502,-0.076962,0.655033,-1.357490,0.075404,0.659302,-1.347996,28,27,28,28,28,28,31,27,28,31,27,29
1791409935.065411,-0.029255,0.662608,-1.367473,0.031435,0.670904,-1.361486,-0.076993,0.655093,-1.357506,0.075404,0.659302,-1.348011,28,27,28,28,28,28,32,27,28,31,27,29
1791409935.085523,-0.029225,0.662638,-1.367505,0.031435,0.670934,-1.361486,-0.076932,0.655093,-1.357490,0.075404,0.659302,-1.347996,28,27,28,28,28,28,32,27,28,31,27,29
1791409935.105918,-0.029286,0.662608,-1.367505,0.031405,0.670904,-1.361486,-0.076932,0.655124,-1.357506,0.075434,0.659302,-1.348011,28,27,28,28,28,28,31,27,28,31,27,29
1791409935.125567,-0.029286,0.662547,-1.367505,0.031375,0.670874,-1.361471,-0.076902,0.655093,-1.357490,0.075464,0.659302,-1.348011,28,27,28,28,28,28,31,27,28,31,27,29
1791409935.145241,-0.029316,0.662547,-1.367489,0.031375,0.670874,-1.361486,-0.076932,0.655093,-1.357506,0.075404,0.659302,-1.348027,28,27,28,28,28,28,32,27,28,31,27,29
1791409935.165431,-0.029316,0.662578,-1.367505,0.031375,0.670874,-1.361471,-0.076962,0.655093,-1.357490,0.075404,0.659272,-1.348027,28,27,28,28,28,28,31,27,28,31,27,29
1791409935.185512,-0.029286,0.662547,-1.367521,0.031345,0.670874,-1.361486,-0.076932,0.655093,-1.357506,0.075404,0.659272,-1.348011,28,27,28,28,27,28,31,27,28,31,27,29
1791409935.205229,-0.029225,0.662547,-1.367521,0.031405,0.670874,-1.361471,-0.076932,0.655063,-1.357490,0.075404,0.659272,-1.348011,28,27,28,28,28,28,32,27,28,31,27,29
1791409935.225401,-0.029255,0.662547,-1.367473,0.031435,0.670904,-1.361471,-0.076932,0.655093,-1.357490,0.075373,0.659272,-1.347996,28,27,28,28,28,28,31,27,28,31,27,29
1791409935.245397,-0.029255,0.662608,-1.367489,0.031435,0.670904,-1.361486,-0.076993,0.655063,-1.357490,0.075373,0.659302,-1.347996,28,27,28,28,28,28,32,27,28,31,27,29
1791409935.265624,-0.029255,0.662638,-1.367505,0.031466,0.670904,-1.361502,-0.076962,0.655063,-1.357490,0.075404,0.659332,-1.347980,28,27,28,28,28,28,31,27,28,31,27,29
1791409935.285193,-0.029225,0.662638,-1.367505,0.031405,0.670904,-1.361471,-0.076932,0.655093,-1.357506,0.075404,0.659332,-1.347996,28,27,28,28,28,28,31,27,28,31,27,29
1791409935.305384,-0.029286,0.662638,-1.367505,0.031405,0.670904,-1.361486,-0.076932,0.655093,-1.357506,0.075404,0.659302,-1.348011,28,27,28,28,28,28,32,27,28,31,27,29
1791409935.325314,-0.029286,0.662638,-1.367489,0.031375,0.670904,-1.361486,-0.076932,0.655063,-1.357490,0.075373,0.659332,-1.348011,28,27,28,28,28,28,32,27,28,31,27,29
1791409935.345223,-0.029286,0.662578,-1.367489,0.031405,0.670904,-1.361471,-0.076871,0.655063,-1.357490,0.075404,0.659272,-1.348011,28,27,28,28,27,28,32,27,28,31,27,29
1791409935.365382,-0.029286,0.662547,-1.367489,0.031375,0.670904,-1.361471,-0.076932,0.655063,-1.357506,0.075404,0.659272,-1.348011,28,27,28,28,27,28,32,27,28,31,27,29
1791409935.385404,-0.029316,0.662578,-1.367489,0.031375,0.670874,-1.361471,-0.076871,0.655093,-1.357490,0.075404,0.659272,-1.348011,28,27,28,28,28,28,32,27,28,31,27,29
1791409935.405439,-0.029255,0.662547,-1.367489,0.031375,0.670904,-1.361471,-0.076932,0.655063,-1.357506,0.075373,0.659272,-1.347996,28,27,28,28,27,28,31,27,28,31,27,29
1791409935.425284,-0.029255,0.662578,-1.367489,0.031375,0.670934,-1.361471,-0.076962,0.655063,-1.357490,0.075373,0.659272,-1.348011,28,27,28,28,28,28,32,27,28,31,27,29
1791409935.445380,-0.029255,0.662578,-1.367489,0.031405,0.670904,-1.361486,-0.076962,0.655063,-1.357474,0.075404,0.659272,-1.348011,28,27,28,28,28,28,32,27,28,31,27,29
1791409935.465313,-0.029255,0.662578,-1.367489,0.031435,0.670904,-1.361471,-0.076902,0.655063,-1.357490,0.075404,0.659302,-1.347996,28,27,28,28,27,28,32,27,28,31,27,29
1791409935.485486,-0.029225,0.662608,-1.367521,0.031466,0.670904,-1.361486,-0.076932,0.655093,-1.357506,0.075373,0.659332,-1.347996,28,27,28,28,27,28,32,27,28,31,27,29
1791409935.505318,-0.029255,0.662638,-1.367473,0.031405,0.670904,-1.361471,-0.076902,0.655093,-1.357506,0.075373,0.659332,-1.347996,28,27,28,28,28,28,31,27,28,31,27,29
1791409935.525351,-0.029255,0.662668,-1.367489,0.031405,0.670964,-1.361471,-0.076932,0.655093,-1.357490,0.075373,0.659302,-1.348011,28,27,28,28,28,28,32,27,28,31,27,29
1791409935.545346,-0.030164,0.645531,-1.368453,0.033373,0.671661,-1.369622,-0.080111,0.660967,-1.363208,0.084880,0.657879,-1.354125,28,27,28,28,28,28,31,27,28,31,27,29
1791409935.565352,-0.026954,0.636145,-1.364093,0.033161,0.676445,-1.400363,-0.066910,0.679255,-1.399984,0.086788,0.664510,-1.388420,28,27,28,28,28,28,32,27,28,31,27,29
1791409935.585317,-0.026379,0.642201,-1.356779,0.040155,0.673508,-1.392148,-0.056222,0.682676,-1.399620,0.089997,0.667507,-1.384676,28,27,28,28,28,28,31,27,28,31,27,29
1791409935.605464,-0.029467,0.646379,-1.368042,0.040034,0.672720,-1.394865,-0.057797,0.681435,-1.405592,0.090028,0.669930,-1.388989,28,27,28,28,28,28,31,27,28,31,27,29
1791409935.625307,-0.032314,0.649286,-1.374393,0.041518,0.675718,-1.401074,-0.055405,0.683191,-1.410457,0.088423,0.668234,-1.393491,28,27,28,28,27,28,32,27,28,31,27,29
1791409935.645389,-0.032859,0.654493,-1.374282,0.041578,0.679079,-1.413285,-0.054072,0.683887,-1.408925,0.091875,0.664813,-1.394139,28,27,28,28,28,28,31,27,28,31,27,29
1791409935.665453,-0.032344,0.650618,-1.374503,0.040821,0.677868,-1.424832,-0.050742,0.681374,-1.410599,0.095932,0.662663,-1.403001,28,27,28,28,28,28,32,27,28,31,27,29
1791409935.685333,-0.030890,0.647772,-1.377741,0.040821,0.676899,-1.434532,-0.046079,0.677378,-1.413269,0.100806,0.658424,-1.408277,28,27,28,28,28,28,32,27,28,31,27,29
1791409935.705322,-0.030618,0.646500,-1.383760,0.040761,0.676414,-1.443488,-0.043596,0.674622,-1.414011,0.103108,0.653489,-1.409778,28,27,28,28,28,28,32,27,28,31,27,29
1791409935.725224,-0.031254,0.644774,-1.385245,0.040791,0.674719,-1.448101,-0.042234,0.672140,-1.414138,0.104954,0.648796,-1.409857,28,27,28,28,28,28,32,27,28,31,27,29
1791409935.745502,-0.032132,0.643624,-1.385387,0.040852,0.673780,-1.451892,-0.040811,0.671231,-1.414138,0.106044,0.645919,-1.409873,28,27,28,28,27,28,32,27,28,31,27,29
1791409935.765854,-0.033252,0.643503,-1.385356,0.040882,0.673114,-1.453804,-0.039933,0.671322,-1.414138,0.106680,0.643830,-1.409983,28,27,28,28,28,28,32,27,28,31,27,29
1791409935.785335,-0.035069,0.643775,-1.385340,0.040367,0.673205,-1.456853,-0.039206,0.671625,-1.414122,0.107165,0.642589,-1.410157,28,27,28,28,28,28,32,27,28,31,27,29
1791409935.805240,-0.035977,0.644562,-1.385340,0.039913,0.673841,-1.460881,-0.037995,0.672109,-1.414122,0.108376,0.641438,-1.410188,28,27,28,28,28,28,32,27,28,31,27,29
1791409935.825631,-0.035977,0.645713,-1.385387,0.039792,0.675203,-1.465162,-0.035603,0.673230,-1.414169,0.110556,0.640833,-1.410252,28,27,28,28,28,28,32,27,28,31,27,29
1791409935.845505,-0.036038,0.647378,-1.385545,0.039822,0.677262,-1.467168,-0.033847,0.675046,-1.414201,0.112372,0.640893,-1.410283,28,27,28,28,27,28,31,27,28,31,27,29
1791409935.865401,-0.036219,0.649437,-1.385624,0.039822,0.678655,-1.467705,-0.032121,0.677287,-1.414248,0.113765,0.641590,-1.410346,28,27,28,28,28,28,31,27,28,31,27,29
1791409935.885554,-0.036340,0.651496,-1.385593,0.039762,0.680562,-1.468700,-0.030728,0.679649,-1.414280,0.114855,0.642680,-1.410425,28,27,28,28,28,28,31,27,28,31,27,29
1791409935.905407,-0.036825,0.653313,-1.385593,0.039701,0.682016,-1.469364,-0.029881,0.681889,-1.414296,0.115703,0.643649,-1.410425,28,27,28,28,28,28,32,27,28,31,27,29
1791409935.925299,-0.036946,0.655765,-1.385593,0.039732,0.683257,-1.471512,-0.028397,0.684130,-1.414312,0.117277,0.644405,-1.410504,28,27,28,28,28,28,31,27,28,31,27,29
1791409935.945337,-0.036673,0.657521,-1.385608,0.039732,0.685407,-1.473013,-0.027095,0.685522,-1.414359,0.118700,0.645314,-1.410536,28,27,28,28,28,28,31,27,28,31,27,29
1791409935.965388,-0.036643,0.659429,-1.385640,0.039762,0.686436,-1.474103,-0.026308,0.687248,-1.414391,0.119578,0.646374,-1.410583,28,27,28,28,28,28,31,27,28,31,27,29
1791409935.985217,-0.036552,0.660943,-1.385593,0.039762,0.687829,-1.474814,-0.025188,0.688823,-1.414406,0.120790,0.647342,-1.410599,28,27,28,28,28,28,32,27,28,31,27,29
1791409936.005521,-0.036492,0.662154,-1.385624,0.039762,0.688919,-1.475130,-0.024067,0.690246,-1.414406,0.121637,0.647797,-1.410583,28,27,28,28,28,28,31,27,28,31,27,29
1791409936.025287,-0.036552,0.663607,-1.385608,0.039732,0.689646,-1.475857,-0.023492,0.691638,-1.414422,0.122122,0.648160,-1.410615,28,27,28,28,28,28,32,27,28,31,27,29
1791409936.045215,-0.036643,0.664606,-1.385593,0.039762,0.690342,-1.476836,-0.022977,0.692577,-1.414422,0.122606,0.648614,-1.410631,28,27,28,28,28,28,31,27,28,31,27,29
1791409936.065487,-0.036885,0.665303,-1.385593,0.039732,0.690736,-1.477199,-0.022523,0.693516,-1.414406,0.122970,0.648796,-1.410615,28,27,28,28,28,28,31,27,28,31,27,29
1791409936.085562,-0.037007,0.666180,-1.385593,0.039701,0.691583,-1.477973,-0.022190,0.694666,-1.414422,0.123303,0.649129,-1.410599,28,27,28,28,28,28,32,27,28,31,27,29
1791409936.105387,-0.037158,0.666968,-1.385577,0.039610,0.693097,-1.478763,-0.021948,0.695363,-1.414422,0.123636,0.649492,-1.410599,28,27,28,28,28,28,31,27,28,31,27,29
1791409936.125273,-0.037279,0.667543,-1.385593,0.039520,0.693551,-1.479000,-0.021645,0.695817,-1.414422,0.123969,0.649674,-1.410631,28,27,28,28,27,28,31,27,28,31,27,29
1791409936.145381,-0.037430,0.668149,-1.385593,0.039398,0.693642,-1.479237,-0.021221,0.696543,-1.414438,0.124423,0.649795,-1.410615,28,27,28,28,28,28,32,27,28,31,27,29
1791409936.165371,-0.037461,0.668572,-1.385593,0.039368,0.693884,-1.479363,-0.020919,0.697240,-1.414438,0.124635,0.650219,-1.410615,28,27,28,28,28,28,31,27,28,31,27,29
1791409936.185386,-0.037521,0.668996,-1.385608,0.039368,0.694187,-1.479458,-0.020646,0.697815,-1.414422,0.124817,0.650612,-1.410615,28,27,28,28,28,28,31,27,28,31,27,29
1791409936.205510,-0.037521,0.669632,-1.385593,0.039338,0.694520,-1.479553,-0.020434,0.698451,-1.414422,0.125028,0.651006,-1.410599,28,27,28,28,28,28,31,27,28,31,27,29
1791409936.225395,-0.037491,0.670056,-1.385577,0.039338,0.694823,-1.479743,-0.020131,0.699056,-1.414454,0.125271,0.651309,-1.410631,28,27,28,28,28,28,32,27,28,31,27,29
1791409936.245240,-0.037521,0.670510,-1.385593,0.039338,0.695277,-1.479885,-0.019919,0.699359,-1.414438,0.125422,0.651551,-1.410631,28,27,28,28,28,28,31,27,28,31,27,29
1791409936.265526,-0.037491,0.670934,-1.385624,0.039338,0.695762,-1.479980,-0.019829,0.699753,-1.414438,0.125543,0.651945,-1.410615,28,27,28,28,28,28,32,27,28,31,27,29
1791409936.285260,-0.037521,0.671388,-1.385624,0.039338,0.696458,-1.480153,-0.019707,0.700116,-1.414454,0.125664,0.652278,-1.410631,28,27,28,28,28,28,31,27,28,31,27,29
1791409936.305327,-0.037491,0.671752,-1.385608,0.039308,0.696670,-1.480390,-0.019556,0.700510,-1.414469,0.125816,0.652611,-1.410615,28,27,28,28,28,28,32,27,28,31,27,29
1791409936.325370,-0.037521,0.672085,-1.385608,0.039187,0.696852,-1.480501,-0.019556,0.700752,-1.414454,0.125846,0.652792,-1.410631,28,27,28,28,27,28,32,27,28,31,27,29
1791409936.345346,-0.037552,0.672387,-1.385593,0.039156,0.696973,-1.480627,-0.019465,0.701206,-1.414454,0.125967,0.653065,-1.410631,28,27,28,28,28,28,32,27,28,31,27,29
1791409936.365227,-0.037582,0.672720,-1.385608,0.039126,0.697154,-1.480690,-0.019435,0.701600,-1.414454,0.126058,0.653458,-1.410647,28,27,28,28,28,28,31,27,28,31,27,29
1791409936.385157,-0.037582,0.672963,-1.385593,0.039096,0.697215,-1.480754,-0.019435,0.701993,-1.414469,0.126058,0.653701,-1.410662,28,27,28,28,28,28,32,27,28,31,27,29
1791409936.405558,-0.037703,0.673265,-1.385608,0.039065,0.697306,-1.480769,-0.019374,0.702448,-1.414469,0.126088,0.654125,-1.410647,28,27,28,28,28,28,31,27,28,31,27,29
1791409936.425333,-0.037733,0.673538,-1.385593,0.039096,0.697669,-1.480817,-0.019314,0.702811,-1.414469,0.126058,0.654518,-1.410647,28,27,28,28,27,28,32,27,28,31,27,29
1791409936.445501,-0.037763,0.673841,-1.385593,0.039065,0.697821,-1.480833,-0.019314,0.703114,-1.414438,0.126149,0.654791,-1.410647,28,27,28,28,28,28,31,27,28,31,27,29
1791409936.465362,-0.037733,0.674144,-1.385593,0.039035,0.697942,-1.480833,-0.019284,0.703356,-1.414454,0.126179,0.655033,-1.410647,28,27,28,28,28,28,31,27,28,31,27,29
1791409936.485580,-0.037733,0.674477,-1.385593,0.039035,0.698123,-1.480833,-0.019253,0.703628,-1.414454,0.126209,0.655245,-1.410662,28,27,28,28,28,28,31,27,28,31,27,29
1791409936.505330,-0.037733,0.674749,-1.385593,0.039035,0.698244,-1.480833,-0.019223,0.703780,-1.414454,0.126149,0.655487,-1.410662,28,27,28,28,28,28,31,27,28,31,27,29
1791409936.525557,-0.037794,0.674991,-1.385608,0.039005,0.698335,-1.480833,-0.019253,0.703992,-1.414454,0.126179,0.655608,-1.410678,28,27,28,28,28,28,32,27,28,31,27,29
1791409936.545548,-0.037794,0.675355,-1.385593,0.039005,0.698517,-1.480833,-0.019223,0.704294,-1.414438,0.126270,0.655729,-1.410678,28,27,28,28,28,28,32,27,28,31,27,29
1791409936.565252,-0.037824,0.675476,-1.385608,0.039005,0.698789,-1.480864,-0.019223,0.704446,-1.414454,0.126179,0.656002,-1.410678,28,27,28,28,28,28,31,27,28,31,27,29
1791409936.585371,-0.037885,0.675688,-1.385577,0.038975,0.699062,-1.480864,-0.019253,0.704718,-1.414438,0.126209,0.656183,-1.410662,28,27,28,28,28,28,32,27,28,31,27,29
1791409936.605325,-0.037975,0.675990,-1.385624,0.038975,0.699304,-1.480896,-0.019253,0.705082,-1.414454,0.126240,0.656335,-1.410678,28,27,28,28,28,28,31,27,28,31,27,29
1791409936.625370,-0.038006,0.676081,-1.385593,0.038944,0.699395,-1.480880,-0.019253,0.705263,-1.414469,0.126209,0.656486,-1.410694,28,27,28,28,28,28,31,27,28,31,27,29
1791409936.645359,-0.038097,0.676324,-1.385593,0.038944,0.699516,-1.480896,-0.019223,0.705506,-1.414438,0.126209,0.656638,-1.410678,28,27,28,28,28,28,31,27,28,31,27,29
1791409936.665291,-0.038097,0.676657,-1.385577,0.038853,0.699698,-1.480896,-0.019193,0.705990,-1.414438,0.126300,0.656729,-1.410662,28,27,28,28,28,28,32,27,28,31,27,29
1791409936.685395,-0.038127,0.676778,-1.385593,0.038884,0.700001,-1.480911,-0.019193,0.706172,-1.414469,0.126270,0.657001,-1.410662,28,27,28,28,28,28,31,27,28,31,27,29
1791409936.705313,-0.038127,0.676899,-1.385608,0.038884,0.700182,-1.480911,-0.019102,0.706353,-1.414469,0.126300,0.657213,-1.410647,28,27,28,28,28,28,32,27,28,31,27,29
1791409936.725429,-0.038218,0.677171,-1.385593,0.038914,0.700273,-1.480911,-0.019162,0.706596,-1.414469,0.126330,0.657304,-1.410662,28,27,28,28,28,28,32,27,28,31,27,29
1791409936.745627,-0.038278,0.677413,-1.385593,0.038763,0.700273,-1.480927,-0.019132,0.706807,-1.414469,0.126361,0.657395,-1.410678,28,27,28,28,28,28,32,27,28,31,27,29
1791409936.765860,-0.038490,0.677595,-1.385608,0.038763,0.700515,-1.480911,-0.019102,0.707050,-1.414469,0.126330,0.657546,-1.410678,28,27,28,28,28,28,31,27,28,31,27,29
1791409936.785364,-0.038551,0.678019,-1.385593,0.038611,0.700697,-1.480927,-0.019041,0.707413,-1.414438,0.126361,0.657758,-1.410678,28,27,28,28,28,28,31,27,28,31,27,29
1791409936.805570,-0.038672,0.678352,-1.385593,0.038611,0.700969,-1.480959,-0.019102,0.707716,-1.414469,0.126330,0.658091,-1.410662,28,27,28,28,28,28,32,27,28,31,27,29
1791409936.825370,-0.038642,0.678655,-1.385593,0.038490,0.700969,-1.480943,-0.019102,0.707807,-1.414469,0.126330,0.658303,-1.410694,28,27,28,28,28,28,31,27,28,31,27,29
1791409936.845386,-0.038702,0.679018,-1.385593,0.038430,0.701090,-1.480959,-0.019072,0.708109,-1.414454,0.126391,0.658485,-1.410694,28,27,28,28,27,28,31,27,28,31,27,29
1791409936.865537,-0.038702,0.679291,-1.385593,0.038460,0.701302,-1.480943,-0.019041,0.708442,-1.414454,0.126391,0.658727,-1.410678,28,27,28,28,28,28,32,27,28,31,27,29
1791409936.885267,-0.038732,0.679503,-1.385593,0.038430,0.701545,-1.480959,-0.019041,0.708715,-1.414454,0.126361,0.659060,-1.410678,28,27,28,28,28,28,31,27,28,31,27,29
1791409936.905486,-0.038702,0.679866,-1.385593,0.038369,0.701666,-1.480959,-0.019011,0.709018,-1.414454,0.126421,0.659272,-1.410694,28,27,28,28,28,28,31,27,28,31,27,29
1791409936.925421,-0.038763,0.680017,-1.385593,0.038278,0.701817,-1.480975,-0.018981,0.709230,-1.414454,0.126451,0.659484,-1.410694,28,27,28,28,28,28,31,27,28,31,27,29
1791409936.945451,-0.038763,0.680169,-1.385608,0.038308,0.701878,-1.480959,-0.018951,0.709442,-1.414469,0.126451,0.659605,-1.410678,28,27,28,28,28,28,32,27,28,31,27,29
1791409936.965405,-0.038853,0.680290,-1.385593,0.038278,0.702059,-1.480959,-0.019011,0.709654,-1.414469,0.126451,0.659756,-1.410678,28,27,28,28,28,28,31,27,28,31,27,29
1791409936.985577,-0.038884,0.680381,-1.385593,0.038218,0.702059,-1.480959,-0.018981,0.709775,-1.414469,0.126421,0.659817,-1.410678,28,27,28,28,28,28,31,27,28,31,27,29
1791409937.005653,-0.038944,0.680502,-1.385593,0.038187,0.702120,-1.480975,-0.019011,0.709896,-1.414454,0.126451,0.659817,-1.410678,28,27,28,28,28,28,32,27,28,31,27,29
1791409937.025339,-0.038975,0.680562,-1.385593,0.038097,0.702120,-1.480959,-0.018981,0.710077,-1.414469,0.126421,0.659817,-1.410662,28,27,28,28,28,28,31,27,28,31,27,29
1791409937.045318,-0.039005,0.680623,-1.385593,0.038006,0.702150,-1.480959,-0.018981,0.710138,-1.414469,0.126451,0.659847,-1.410710,28,27,28,28,28,28,31,27,28,31,27,29
1791409937.065365,-0.039035,0.680623,-1.385593,0.037915,0.702120,-1.480975,-0.019011,0.710168,-1.414485,0.126512,0.659908,-1.410694,28,27,28,28,28,28,32,27,28,31,27,29
1791409937.085422,-0.039096,0.680683,-1.385593,0.037794,0.702181,-1.480990,-0.018981,0.710289,-1.414485,0.126512,0.659908,-1.410678,28,27,28,28,28,28,31,27,28,31,27,29
1791409937.105530,-0.039035,0.680744,-1.385608,0.037642,0.702181,-1.480975,-0.018951,0.710289,-1.414469,0.126512,0.659938,-1.410678,28,27,28,28,28,28,32,27,28,31,27,29
1791409937.125529,-0.039065,0.680714,-1.385593,0.037370,0.702150,-1.480990,-0.018951,0.710259,-1.414454,0.126573,0.659968,-1.410710,28,27,28,28,28,28,31,27,28,31,27,29
1791409937.145642,-0.039005,0.680714,-1.385577,0.037128,0.702211,-1.480975,-0.018920,0.710199,-1.414469,0.126542,0.659998,-1.410710,28,27,28,28,28,28,31,27,28,31,27,29
1791409937.165268,-0.039065,0.680714,-1.385593,0.036976,0.702211,-1.480990,-0.018890,0.710229,-1.414469,0.126573,0.659998,-1.410710,28,27,28,28,28,28,31,27,28,31,27,29
1791409937.185515,-0.039035,0.680683,-1.385608,0.036764,0.702181,-1.480990,-0.018951,0.710229,-1.414469,0.126573,0.659968,-1.410694,28,27,28,28,28,28,31,27,28,31,27,29
1791409937.205510,-0.039096,0.680714,-1.385593,0.036734,0.702181,-1.480990,-0.018920,0.710229,-1.414469,0.126512,0.659968,-1.410694,28,27,28,28,28,28,31,27,28,31,27,29
1791409937.225450,-0.039156,0.680683,-1.385593,0.036704,0.702241,-1.481006,-0.018951,0.710289,-1.414454,0.126512,0.659968,-1.410694,28,27,28,28,28,28,32,27,28,31,27,29
1791409937.245392,-0.039126,0.680714,-1.385624,0.036613,0.702211,-1.480990,-0.018981,0.710289,-1.414501,0.126512,0.659968,-1.410710,28,27,28,28,28,28,31,27,28,31,27,29
1791409937.265367,-0.039126,0.680744,-1.385577,0.036522,0.702211,-1.480990,-0.018951,0.710289,-1.414485,0.126573,0.659968,-1.410678,28,27,28,28,28,28,32,27,28,31,27,29
1791409937.285417,-0.039156,0.680714,-1.385593,0.036431,0.702241,-1.481006,-0.018951,0.710289,-1.414501,0.126542,0.659968,-1.410725,28,27,28,28,28,28,31,27,28,31,27,29
1791409937.305312,-0.039096,0.680744,-1.385593,0.036371,0.702181,-1.480990,-0.018981,0.710320,-1.414454,0.126573,0.659968,-1.410725,28,27,28,28,28,28,32,27,28,31,27,29
1791409937.325447,-0.039126,0.680774,-1.385593,0.036310,0.702211,-1.480990,-0.018981,0.710380,-1.414485,0.126573,0.659998,-1.410694,28,27,28,28,28,28,31,27,28,31,27,29
1791409937.345448,-0.039096,0.680805,-1.385608,0.036189,0.702211,-1.480990,-0.018920,0.710320,-1.414485,0.126633,0.660029,-1.410694,28,27,28,28,28,28,32,27,28,31,27,29
1791409937.365686,-0.039065,0.680805,-1.385593,0.036068,0.702211,-1.480990,-0.018951,0.710289,-1.414501,0.126694,0.659998,-1.410741,28,27,28,28,28,28,32,27,28,31,27,29
1791409937.385326,-0.039096,0.680774,-1.385608,0.036038,0.702181,-1.481006,-0.018920,0.710350,-1.414501,0.126694,0.659998,-1.410694,28,27,28,28,28,28,31,27,28,31,27,29
1791409937.405502,-0.039126,0.680744,-1.385608,0.036038,0.702241,-1.480975,-0.018920,0.710350,-1.414485,0.126694,0.659998,-1.410694,28,27,28,28,28,28,31,27,28,31,27,29
1791409937.425397,-0.039156,0.680774,-1.385593,0.036038,0.702241,-1.480990,-0.018920,0.710350,-1.414485,0.126663,0.659998,-1.410678,28,27,28,28,28,28,31,27,28,31,27,29
1791409937.445405,-0.039217,0.680805,-1.385608,0.036007,0.702241,-1.481006,-0.018920,0.710471,-1.414485,0.126633,0.659998,-1.410678,28,27,28,28,28,28,32,27,28,31,27,29
1791409937.465426,-0.039247,0.680835,-1.385608,0.036007,0.702241,-1.480990,-0.018951,0.710501,-1.414501,0.126603,0.659998,-1.410710,28,27,28,28,28,28,32,27,28,31,27,29
1791409937.485474,-0.039277,0.680865,-1.385593,0.036068,0.702241,-1.481006,-0.018981,0.710501,-1.414501,0.126633,0.659968,-1.410710,28,27,28,28,28,28,32,27,28,31,27,29
1791409937.505492,-0.039338,0.680956,-1.385577,0.036007,0.702211,-1.480990,-0.018920,0.710532,-1.414485,0.126663,0.659938,-1.410694,28,27,28,28,28,28,32,27,28,31,27,29
1791409937.525435,-0.039368,0.680986,-1.385593,0.036007,0.702271,-1.480990,-0.018890,0.710622,-1.414485,0.126633,0.659938,-1.410725,28,27,28,28,28,28,32,27,28,31,27,29
1791409937.545331,-0.043456,0.688980,-1.382686,0.021444,0.700515,-1.480722,-0.007748,0.716405,-1.414517,0.138048,0.640197,-1.406745,28,27,28,28,28,28,32,27,28,31,27,29
1791409937.565288,-0.048270,0.691099,-1.382765,0.016902,0.700788,-1.480611,-0.000723,0.720069,-1.414469,0.139198,0.634384,-1.403585,28,27,28,28,28,28,32,27,28,31,27,29
1791409937.585658,-0.047573,0.690948,-1.385435,0.010120,0.700001,-1.480611,0.006695,0.723067,-1.414469,0.140924,0.630205,-1.402369,28,27,28,28,28,28,32,27,28,31,27,29
1791409937.605361,-0.051600,0.691916,-1.390553,0.002430,0.694914,-1.481133,0.017019,0.725852,-1.414533,0.143225,0.628843,-1.402890,28,27,28,28,28,28,32,27,28,31,27,29
1791409937.625519,-0.052599,0.698093,-1.404580,-0.005079,0.690948,-1.484671,0.027556,0.730000,-1.414706,0.142468,0.623242,-1.406934,28,27,28,28,28,28,31,27,28,31,27,29
1791409937.645385,-0.043183,0.704906,-1.427928,-0.012951,0.687163,-1.489284,0.038062,0.733331,-1.414754,0.136322,0.618488,-1.417123,28,27,28,28,28,28,31,27,28,31,27,29
1791409937.665476,-0.023321,0.712475,-1.455905,-0.021399,0.681561,-1.491116,0.046116,0.736298,-1.414738,0.119215,0.617792,-1.434990,28,27,28,28,28,28,32,27,28,31,27,29
1791409937.685534,0.005382,0.716865,-1.487752,-0.030028,0.677202,-1.491938,0.055169,0.739689,-1.414722,0.092420,0.625179,-1.458164,28,27,28,28,28,28,32,27,28,31,27,29
1791409937.705849,0.032178,0.714261,-1.514543,-0.039081,0.672327,-1.492775,0.061618,0.740658,-1.414722,0.065866,0.637078,-1.484766,28,27,28,28,28,28,32,27,28,31,27,29
1791409937.725568,0.052040,0.704270,-1.534210,-0.046347,0.667422,-1.494023,0.072003,0.742172,-1.414754,0.042855,0.650522,-1.513327,28,27,28,28,28,28,31,27,28,31,27,29
1791409937.745420,0.061971,0.690736,-1.543025,-0.054280,0.662941,-1.495682,0.082933,0.746441,-1.414754,0.021752,0.668839,-1.533610,28,27,28,28,28,28,32,27,28,31,27,29
1791409937.765432,0.067178,0.680744,-1.545110,-0.061819,0.658339,-1.495966,0.092955,0.752436,-1.414785,0.002283,0.685916,-1.540166,28,27,28,28,28,28,32,27,28,31,27,29
1791409937.785554,0.070660,0.675203,-1.545110,-0.070206,0.653827,-1.495982,0.103007,0.759309,-1.414943,-0.008617,0.694939,-1.537844,28,27,28,28,28,28,32,27,28,31,27,29
1791409937.805310,0.076171,0.672569,-1.545095,-0.078260,0.649286,-1.495998,0.115118,0.765455,-1.415844,-0.013188,0.696422,-1.529234,28,27,28,28,28,28,32,27,28,31,27,29
1791409937.825529,0.082317,0.674749,-1.545063,-0.086798,0.645198,-1.496029,0.125594,0.772025,-1.416823,-0.015066,0.692486,-1.513422,28,27,28,28,28,28,31,27,28,31,27,29
1791409937.845579,0.088675,0.679684,-1.544952,-0.097607,0.641444,-1.496013,0.132982,0.779019,-1.419904,-0.012553,0.685401,-1.503817,28,27,28,28,28,28,32,27,28,31,27,29
1791409937.865652,0.094913,0.686860,-1.544147,-0.109870,0.638810,-1.496061,0.139129,0.786740,-1.423711,-0.008859,0.678377,-1.495761,28,27,28,28,28,28,32,27,28,31,27,29
1791409937.886105,0.098183,0.693279,-1.542772,-0.117651,0.637629,-1.496156,0.142550,0.792553,-1.425654,-0.006649,0.673896,-1.491622,28,27,28,28,28,28,32,27,28,31,27,29
1791409937.905570,0.098576,0.704906,-1.528255,-0.134213,0.635691,-1.497767,0.150180,0.802606,-1.429508,-0.001804,0.666387,-1.487530,28,27,28,28,27,28,32,27,28,31,27,29
1791409937.925586,0.093702,0.707146,-1.504717,-0.146960,0.634874,-1.500752,0.155630,0.809479,-1.432067,0.001103,0.660998,-1.484845,28,27,28,28,28,28,32,27,28,31,27,29
1791409937.945556,0.085345,0.707207,-1.484324,-0.158647,0.634298,-1.501985,0.161564,0.817290,-1.436143,0.004433,0.655941,-1.479569,28,27,28,28,28,28,32,27,28,31,27,29
1791409937.965383,0.075747,0.712293,-1.478131,-0.170273,0.634450,-1.503264,0.168589,0.827373,-1.441151,0.009399,0.651733,-1.473124,28,27,28,28,28,28,31,27,28,31,27,29
1791409937.985525,0.066967,0.719227,-1.475288,-0.180901,0.634692,-1.503327,0.175552,0.836637,-1.444421,0.013970,0.648220,-1.468716,28,27,28,28,28,28,32,27,28,31,27,29
1791409938.005486,0.058186,0.724556,-1.469917,-0.193012,0.634874,-1.503422,0.181305,0.845539,-1.448022,0.017331,0.643800,-1.464182,28,27,28,28,28,28,32,27,28,31,27,29
1791409938.025290,0.049345,0.729249,-1.464261,-0.205486,0.634964,-1.503722,0.186089,0.854168,-1.451624,0.019178,0.638986,-1.459033,28,27,28,28,28,28,32,27,28,31,27,29
1791409938.045591,0.039989,0.733669,-1.456616,-0.218748,0.635358,-1.505081,0.191872,0.862373,-1.454420,0.020934,0.634565,-1.455747,28,27,28,28,28,28,32,27,28,31,27,29
1791409938.065389,0.029301,0.737908,-1.448164,-0.230405,0.636751,-1.507751,0.199835,0.870276,-1.456600,0.024992,0.631083,-1.452019,28,27,28,28,28,28,32,27,28,31,27,29
1791409938.085420,0.019189,0.744024,-1.442114,-0.241516,0.637810,-1.508414,0.206859,0.878754,-1.459222,0.028473,0.627390,-1.447864,28,27,28,28,28,28,32,27,28,31,27,29
1791409938.105380,0.009379,0.750958,-1.437975,-0.256595,0.639082,-1.508493,0.212218,0.887897,-1.463282,0.030139,0.623575,-1.443662,28,27,28,28,28,28,31,27,28,31,27,29
1791409938.125396,-0.001854,0.756862,-1.433141,-0.269190,0.640747,-1.508698,0.217517,0.897253,-1.466742,0.030986,0.620153,-1.440519,28,27,28,28,27,28,32,27,28,31,27,29
1791409938.145321,-0.012784,0.763220,-1.427060,-0.283572,0.642867,-1.509583,0.222361,0.906003,-1.470407,0.032470,0.617247,-1.437975,28,27,28,28,28,28,32,27,28,31,27,29
1791409938.165445,-0.024290,0.771183,-1.420693,-0.296228,0.645077,-1.509836,0.226540,0.916237,-1.474640,0.033197,0.613734,-1.435116,28,27,28,28,28,28,31,27,28,31,27,29
1791409938.185514,-0.038793,0.778813,-1.413838,-0.311942,0.646985,-1.510073,0.230022,0.924715,-1.478510,0.033015,0.609768,-1.429587,28,27,28,28,28,28,32,27,28,31,27,29
1791409938.205321,-0.052721,0.782719,-1.405102,-0.327232,0.648559,-1.510373,0.232928,0.932436,-1.481480,0.031774,0.604197,-1.424200,28,27,28,28,28,28,32,27,28,31,27,29
1791409938.225485,-0.065407,0.784354,-1.396413,-0.342431,0.650073,-1.511115,0.235986,0.939066,-1.483155,0.031774,0.598838,-1.418055,28,27,28,28,28,28,32,27,28,31,27,29
1791409938.245567,-0.078154,0.788714,-1.387472,-0.355875,0.652525,-1.512569,0.238257,0.946182,-1.486014,0.032016,0.592207,-1.410884,28,27,28,28,28,28,31,27,28,31,27,29
1791409938.265289,-0.090840,0.792771,-1.375340,-0.369015,0.656280,-1.517434,0.239498,0.954780,-1.491511,0.032591,0.582942,-1.400963,28,27,28,28,28,28,31,27,28,31,27,29
1791409938.285333,-0.102436,0.796041,-1.362308,-0.378492,0.664364,-1.530419,0.242768,0.963167,-1.501922,0.034832,0.570740,-1.388973,28,27,28,28,28,28,32,27,28,31,27,29
1791409938.305543,-0.110702,0.798009,-1.348722,-0.380369,0.678564,-1.562487,0.248370,0.970828,-1.529598,0.040070,0.551484,-1.375009,28,27,28,28,28,28,32,27,28,31,27,29
1791409938.325301,-0.115546,0.802006,-1.343699,-0.346337,0.710840,-1.630477,0.244646,0.980486,-1.579895,0.049002,0.531773,-1.360602,28,27,28,28,28,28,32,27,28,31,27,29
1791409938.345230,-0.119573,0.806063,-1.345042,-0.279636,0.761040,-1.708878,0.233352,0.977186,-1.650650,0.054240,0.519874,-1.348154,28,27,28,28,28,28,32,27,28,31,27,29
1791409938.365196,-0.123752,0.803792,-1.348233,-0.185836,0.809575,-1.761150,0.212521,0.968859,-1.715576,0.057873,0.506673,-1.341440,28,27,28,28,28,28,32,27,28,31,27,29
1791409938.385462,-0.129565,0.809272,-1.348770,-0.094913,0.842335,-1.763425,0.177642,0.943245,-1.754515,0.064110,0.494138,-1.338249,28,27,28,28,28,28,32,27,28,31,27,29
1791409938.405587,-0.136983,0.816236,-1.348959,-0.022004,0.861894,-1.736491,0.137645,0.896042,-1.769206,0.070983,0.486478,-1.336954,28,27,28,28,28,28,32,27,28,31,27,29
1791409938.425541,-0.147701,0.823624,-1.349212,0.014208,0.859200,-1.677268,0.107791,0.841149,-1.761418,0.077644,0.477364,-1.337127,28,27,28,28,28,28,32,27,28,31,27,29
1791409938.445474,-0.158480,0.829316,-1.349259,0.021323,0.833010,-1.593607,0.099314,0.791342,-1.733221,0.086848,0.465768,-1.337428,28,27,28,28,28,28,32,27,28,31,27,29
1791409938.465377,-0.173377,0.835371,-1.349370,0.014208,0.823200,-1.578189,0.107004,0.771268,-1.677805,0.089089,0.457896,-1.338107,28,27,28,28,28,28,32,27,28,31,27,29
1791409938.485480,-0.191876,0.843637,-1.342024,-0.015888,0.822170,-1.586309,0.131256,0.771601,-1.602659,0.084154,0.454535,-1.340650,28,27,28,28,28,28,31,27,28,31,27,29
1791409938.505221,-0.208710,0.849178,-1.317744,-0.037476,0.821413,-1.585693,0.168437,0.771268,-1.516613,0.084184,0.450750,-1.344773,28,27,28,28,28,28,32,27,28,31,27,29
1791409938.525423,-0.207681,0.850238,-1.304791,-0.042169,0.818961,-1.585219,0.179912,0.767817,-1.516044,0.090724,0.452446,-1.349686,28,27,28,28,28,28,31,27,28,31,27,29
1791409938.545619,-0.209740,0.854476,-1.306876,-0.053977,0.812966,-1.584808,0.192417,0.767968,-1.512774,0.089574,0.455322,-1.363414,28,27,28,28,28,28,32,27,28,31,27,29
1791409938.565506,-0.209316,0.861440,-1.320825,-0.059579,0.810604,-1.584887,0.205043,0.768483,-1.510120,0.069590,0.481089,-1.408072,28,27,28,28,28,28,32,27,28,31,27,29
1791409938.585510,-0.190514,0.867647,-1.355878,-0.062758,0.809030,-1.585014,0.217790,0.769482,-1.510215,0.045610,0.527201,-1.477642,28,27,28,28,28,28,31,27,28,31,27,29
1791409938.605639,-0.161205,0.868677,-1.420267,-0.066270,0.808212,-1.585408,0.230294,0.769028,-1.510262,0.006795,0.576160,-1.548380,28,27,28,28,28,28,32,27,28,31,27,29
1791409938.625707,-0.121118,0.854749,-1.499378,-0.072961,0.807455,-1.585788,0.239862,0.771389,-1.510104,-0.027056,0.620426,-1.609009,28,27,28,28,28,28,32,27,28,31,27,29
1791409938.645452,-0.075186,0.826137,-1.549992,-0.083619,0.802823,-1.586546,0.247613,0.773963,-1.509931,-0.061814,0.659241,-1.641867,28,27,28,28,28,28,32,27,28,31,27,29
1791409938.665450,-0.046302,0.798584,-1.539502,-0.096427,0.796434,-1.589310,0.250156,0.776052,-1.509946,-0.088519,0.690670,-1.648486,28,27,28,28,28,28,32,27,28,31,27,29
1791409938.685264,-0.056384,0.802490,-1.514749,-0.100423,0.793861,-1.598141,0.262297,0.780079,-1.509899,-0.097421,0.722673,-1.645437,28,27,28,28,28,28,32,27,28,31,27,29
1791409938.705397,-0.056778,0.806335,-1.501621,-0.102391,0.791015,-1.597493,0.275862,0.788012,-1.510025,-0.109410,0.747410,-1.642641,28,27,28,28,28,28,32,27,28,31,27,29
1791409938.725412,-0.059715,0.809545,-1.488194,-0.107084,0.788048,-1.593734,0.288790,0.794945,-1.510183,-0.123974,0.766878,-1.631315,28,27,28,28,28,28,32,27,28,31,27,29
1791409938.745287,-0.062894,0.813117,-1.477278,-0.111959,0.784990,-1.593734,0.303566,0.800214,-1.510404,-0.134753,0.772722,-1.606592,28,27,28,28,28,28,32,27,28,31,27,29
1791409938.765445,-0.066012,0.817114,-1.469127,-0.117893,0.782961,-1.593939,0.317342,0.805906,-1.510626,-0.139688,0.774478,-1.574888,28,27,28,28,28,28,32,27,28,31,27,29
1791409938.785259,-0.072280,0.821020,-1.456537,-0.127915,0.780690,-1.594255,0.327697,0.811659,-1.511732,-0.132754,0.767756,-1.549834,28,27,28,28,28,28,32,27,28,31,27,29
1791409938.805381,-0.084239,0.823412,-1.443362,-0.142691,0.775573,-1.594602,0.333510,0.814293,-1.513185,-0.127274,0.763487,-1.546374,28,27,28,28,28,28,32,27,28,31,27,29
1791409938.825516,-0.092869,0.826349,-1.428939,-0.153802,0.771577,-1.594602,0.340414,0.817442,-1.513801,-0.119917,0.756039,-1.537923,28,27,28,28,28,28,32,27,28,31,27,29
1791409938.845382,-0.101558,0.828983,-1.412511,-0.165035,0.768004,-1.594713,0.348225,0.821045,-1.515617,-0.112408,0.748015,-1.528065,28,27,28,28,28,28,32,27,28,31,27,29
1791409938.865292,-0.111186,0.831435,-1.399131,-0.176723,0.762342,-1.595029,0.353615,0.825223,-1.520056,-0.104869,0.738084,-1.518018,28,27,28,28,28,28,31,27,28,31,27,29
1791409938.885596,-0.122238,0.834069,-1.387551,-0.188803,0.758557,-1.595724,0.357551,0.830279,-1.531272,-0.099389,0.725701,-1.507482,28,27,28,28,28,28,32,27,28,31,27,29
1791409938.905442,-0.133834,0.836098,-1.375340,-0.201913,0.754712,-1.596735,0.360639,0.833246,-1.553388,-0.095362,0.710622,-1.496345,28,27,28,28,28,28,32,27,28,31,27,29
1791409938.925317,-0.144764,0.837279,-1.366936,-0.210603,0.751836,-1.599957,0.347408,0.830461,-1.589595,-0.091214,0.697240,-1.483139,28,27,28,28,28,28,31,27,28,31,27,29
1791409938.945637,-0.149094,0.837672,-1.358864,-0.217597,0.750261,-1.607208,0.316282,0.812537,-1.635485,-0.084008,0.686885,-1.476172,28,27,28,28,28,28,32,27,28,31,27,29
1791409938.965390,-0.150638,0.837461,-1.347364,-0.221745,0.751200,-1.616481,0.276952,0.775023,-1.675799,-0.078739,0.677953,-1.474277,28,27,28,28,27,28,32,27,28,31,27,29
1791409938.985312,-0.151213,0.839247,-1.341898,-0.225348,0.750594,-1.620241,0.231081,0.747440,-1.694660,-0.068717,0.671383,-1.474150,28,27,28,28,28,28,32,27,28,31,27,29
1791409939.005407,-0.154877,0.840942,-1.335042,-0.232675,0.748596,-1.621125,0.186695,0.728607,-1.692954,-0.058393,0.671171,-1.474182,28,27,28,28,28,28,32,27,28,31,27,29
1791409939.025563,-0.159025,0.841427,-1.327349,-0.241850,0.747627,-1.621963,0.150119,0.723157,-1.678658,-0.047675,0.668052,-1.474261,28,27,28,28,28,28,32,27,28,31,27,29
1791409939.045752,-0.163688,0.844212,-1.315944,-0.253143,0.746931,-1.621836,0.130166,0.730515,-1.651314,-0.036775,0.664237,-1.474277,28,27,28,28,28,28,32,27,28,31,27,29
1791409939.065416,-0.168865,0.848603,-1.304349,-0.263831,0.746446,-1.621220,0.124716,0.751800,-1.612832,-0.026844,0.660695,-1.474387,28,27,28,28,28,28,32,27,28,31,27,29
1791409939.085704,-0.174981,0.855021,-1.296656,-0.277849,0.745205,-1.619309,0.128229,0.774659,-1.568474,-0.018154,0.657970,-1.474766,28,27,28,28,28,28,32,27,28,31,27,29
1791409939.105363,-0.181309,0.862046,-1.294128,-0.292625,0.741935,-1.616007,0.134466,0.779050,-1.550782,-0.011069,0.654246,-1.475272,28,27,28,28,28,28,32,27,28,31,27,29
1791409939.125317,-0.183065,0.867889,-1.293559,-0.305341,0.736606,-1.613243,0.147879,0.783410,-1.551255,-0.001592,0.648342,-1.475193,28,27,28,28,28,28,32,27,28,31,27,29
1791409939.145435,-0.184488,0.875065,-1.295945,-0.315000,0.733276,-1.610210,0.161988,0.786256,-1.551082,0.006492,0.640197,-1.470786,28,27,28,28,28,28,32,27,28,31,27,29
1791409939.165586,-0.182218,0.887025,-1.316228,-0.322236,0.731489,-1.607682,0.177763,0.788829,-1.551082,0.017392,0.633233,-1.466852,28,27,28,28,28,28,32,27,28,31,27,29
1791409939.185478,-0.155059,0.904011,-1.369559,-0.330987,0.729824,-1.605992,0.189359,0.790222,-1.551050,0.024235,0.628389,-1.466094,28,27,28,28,28,28,32,27,28,31,27,29
1791409939.205421,-0.101286,0.913790,-1.449096,-0.342734,0.726160,-1.601837,0.195869,0.792947,-1.551113,0.025022,0.622363,-1.462366,28,27,28,28,28,28,32,27,28,31,27,29
1791409939.225336,-0.046665,0.915546,-1.523958,-0.353755,0.723193,-1.600005,0.201379,0.795369,-1.551129,0.026324,0.614219,-1.456758,28,27,28,28,28,28,32,27,28,31,27,29
1791409939.245381,0.006775,0.912700,-1.564051,-0.364110,0.720922,-1.600100,0.208525,0.798094,-1.551082,0.025718,0.610646,-1.454373,28,27,28,28,28,28,32,27,28,31,27,29
1791409939.265589,0.023518,0.907371,-1.561508,-0.373375,0.719953,-1.600874,0.215791,0.799578,-1.551050,0.022509,0.612251,-1.455194,28,27,28,28,28,28,31,27,28,31,27,29
1791409939.285727,0.014980,0.907099,-1.545442,-0.381187,0.720286,-1.601490,0.226721,0.803484,-1.551098,0.025203,0.615218,-1.457706,28,27,28,28,28,28,32,27,28,31,27,29
1791409939.305381,0.001991,0.909521,-1.530103,-0.392874,0.721376,-1.599168,0.234291,0.811023,-1.551492,0.026778,0.618730,-1.457706,28,27,28,28,28,28,32,27,28,31,27,29
1791409939.325788,-0.000340,0.912942,-1.519393,-0.400050,0.720559,-1.587130,0.240134,0.818138,-1.551903,0.026172,0.620940,-1.455873,28,27,28,28,28,28,32,27,28,31,27,29
1791409939.345587,-0.003580,0.917635,-1.511368,-0.408194,0.720801,-1.579927,0.245191,0.827796,-1.552266,0.028383,0.617216,-1.447627,28,27,28,28,28,28,32,27,28,31,27,29
1791409939.365316,-0.008939,0.920421,-1.502316,-0.420245,0.721558,-1.575614,0.251761,0.835033,-1.552551,0.035013,0.608799,-1.434847,28,27,28,28,28,28,32,27,28,31,27,29
1791409939.385467,-0.014177,0.922964,-1.495729,-0.430085,0.722315,-1.574809,0.257847,0.839998,-1.552551,0.040887,0.599383,-1.424232,28,27,28,28,28,28,32,27,28,31,27,29
1791409939.405461,-0.019234,0.926628,-1.491574,-0.439259,0.723980,-1.574825,0.263932,0.843722,-1.552551,0.046367,0.590602,-1.416792,28,27,28,28,28,28,32,27,28,31,27,29
1791409939.425399,-0.025804,0.931169,-1.486851,-0.448615,0.725555,-1.574951,0.267990,0.848234,-1.552614,0.050697,0.583154,-1.411484,28,27,28,28,28,28,32,27,28,31,27,29
1791409939.445581,-0.033464,0.935772,-1.479806,-0.457002,0.726614,-1.575014,0.271199,0.852564,-1.552835,0.055087,0.577280,-1.406824,28,27,28,28,28,28,32,27,28,31,27,29
1791409939.465374,-0.041306,0.939738,-1.471291,-0.468174,0.728855,-1.575077,0.276074,0.857711,-1.553420,0.058842,0.570377,-1.399778,28,27,28,28,28,28,32,27,28,31,27,29
1791409939.485509,-0.048451,0.943129,-1.463250,-0.478075,0.729915,-1.575014,0.281736,0.861950,-1.554099,0.063111,0.562323,-1.392622,28,27,28,28,28,28,32,27,28,31,27,29
1791409939.505484,-0.054416,0.945491,-1.453914,-0.486795,0.730974,-1.575030,0.288366,0.866461,-1.555679,0.069136,0.547941,-1.381185,28,27,28,28,28,28,32,27,28,31,27,29
1791409939.525515,-0.060411,0.947186,-1.443330,-0.495666,0.734396,-1.575172,0.295330,0.871578,-1.561318,0.075585,0.532530,-1.367126,28,27,28,28,28,28,32,27,28,31,27,29
1791409939.545563,-0.068495,0.948276,-1.431957,-0.503387,0.737393,-1.576862,0.300144,0.875272,-1.576088,0.079461,0.514000,-1.350397,28,27,28,28,28,28,32,27,28,31,27,29
1791409939.565449,-0.072219,0.941706,-1.425906,-0.493486,0.738877,-1.593323,0.281493,0.871941,-1.609594,0.066805,0.524628,-1.344094,28,27,28,28,28,28,32,27,28,31,27,29
1791409939.585446,-0.071583,0.942342,-1.415322,-0.476440,0.764310,-1.634774,0.205194,0.873334,-1.654141,0.073799,0.518693,-1.343588,28,27,28,28,28,28,32,27,28,31,27,29
1791409939.605720,-0.072552,0.942554,-1.408640,-0.423394,0.823714,-1.709115,0.123566,0.877119,-1.703507,0.079037,0.517876,-1.343541,28,27,28,28,28,28,32,27,28,31,27,29
1791409939.625360,-0.079183,0.943795,-1.409288,-0.360265,0.902042,-1.780517,0.066402,0.893347,-1.731625,0.072588,0.517997,-1.343083,28,27,28,28,28,28,31,27,28,31,27,29
1791409939.645490,-0.074066,0.947307,-1.419588,-0.265193,0.946248,-1.807530,0.027737,0.889048,-1.739650,0.073769,0.518935,-1.342451,28,27,28,28,28,28,32,27,28,31,27,29
1791409939.665490,-0.074127,0.948064,-1.419730,-0.166095,0.943735,-1.799852,-0.008777,0.866824,-1.739239,0.074737,0.517815,-1.342151,28,27,28,28,28,28,32,27,28,31,27,29
1791409939.685512,-0.075156,0.949820,-1.420409,-0.089887,0.911731,-1.770359,-0.038237,0.831157,-1.736001,0.077341,0.517845,-1.342546,28,27,28,28,28,28,32,27,28,31,27,29
1791409939.705383,-0.080273,0.951183,-1.421136,-0.041503,0.866042,-1.729003,-0.046745,0.795611,-1.718956,0.076978,0.518027,-1.343162,28,27,28,28,28,28,32,27,28,31,27,29
1791409939.725780,-0.084482,0.951607,-1.421389,-0.011831,0.821807,-1.675151,-0.041780,0.762125,-1.689037,0.076221,0.517936,-1.343462,28,27,28,28,28,28,32,27,28,31,27,29
1791409939.745585,-0.087721,0.952364,-1.421625,-0.002021,0.782053,-1.614601,-0.022372,0.735299,-1.646606,0.076342,0.517089,-1.343999,28,27,28,28,28,28,32,27,28,31,27,29
1791409939.765349,-0.092657,0.954120,-1.422131,-0.001628,0.765945,-1.587683,-0.009171,0.712924,-1.610952,0.074737,0.516907,-1.345705,28,27,28,28,28,28,32,27,28,31,27,29
1791409939.785412,-0.099378,0.955089,-1.422068,-0.009258,0.764461,-1.587020,0.003970,0.699087,-1.577921,0.071104,0.518512,-1.347253,28,27,28,28,28,28,32,27,28,31,27,29
1791409939.805555,-0.103587,0.954513,-1.419272,-0.012739,0.764310,-1.583560,0.028767,0.692365,-1.535569,0.069530,0.519602,-1.348359,28,27,28,28,28,28,32,27,28,31,27,29
1791409939.825690,-0.105888,0.953878,-1.417076,-0.015797,0.764583,-1.581538,0.043270,0.689277,-1.508146,0.069984,0.520419,-1.349923,28,27,28,28,28,28,32,27,28,31,27,29
1791409939.845542,-0.100499,0.951455,-1.417092,-0.015676,0.763462,-1.581412,0.051384,0.689216,-1.508272,0.074737,0.521176,-1.355341,28,27,28,28,28,28,32,27,28,31,27,29
1791409939.865498,-0.098864,0.950941,-1.417234,-0.015101,0.763704,-1.581191,0.054412,0.689398,-1.508209,0.075434,0.522720,-1.357742,28,27,28,28,28,28,32,27,28,31,27,29
1791409939.885484,-0.097138,0.951365,-1.417202,-0.013920,0.763826,-1.580322,0.056774,0.690881,-1.508256,0.077947,0.525596,-1.362103,28,27,28,28,28,28,32,27,28,31,27,29
1791409939.905762,-0.094171,0.951334,-1.417297,-0.011347,0.763614,-1.580085,0.060891,0.691003,-1.508272,0.080793,0.527231,-1.367189,28,27,28,28,28,28,32,27,28,31,27,29
1791409939.925699,-0.091991,0.950971,-1.417297,-0.009591,0.763765,-1.580101,0.063192,0.690821,-1.508288,0.082640,0.528685,-1.371012,28,27,28,28,28,28,32,27,28,31,27,29
1791409939.945321,-0.090901,0.950577,-1.417281,-0.008924,0.763432,-1.580069,0.064615,0.690912,-1.508319,0.083912,0.529351,-1.374171,28,27,28,28,28,28,32,27,28,31,27,29
1791409939.965382,-0.090567,0.949215,-1.417281,-0.008531,0.762887,-1.580085,0.065433,0.690155,-1.508335,0.084426,0.529472,-1.376604,28,27,28,28,28,28,32,27,28,31,27,29
1791409939.985460,-0.090416,0.947701,-1.417265,-0.008561,0.762251,-1.580069,0.065705,0.688853,-1.508335,0.084759,0.529442,-1.378816,28,27,28,28,28,28,32,27,28,31,27,29
1791409940.005362,-0.090356,0.946369,-1.417234,-0.008591,0.762009,-1.580085,0.065766,0.687854,-1.508335,0.084638,0.529654,-1.381312,28,27,28,28,28,28,32,27,28,31,27,29
1791409940.025409,-0.090386,0.944915,-1.417123,-0.008682,0.762039,-1.580053,0.065705,0.687036,-1.508304,0.084366,0.530380,-1.384408,28,27,28,28,28,28,32,27,28,31,27,29
1791409940.045342,-0.090416,0.943583,-1.416792,-0.008803,0.762251,-1.580069,0.065524,0.686370,-1.508304,0.084154,0.531168,-1.386730,28,27,28,28,28,28,32,27,28,31,27,29
1791409940.065940,-0.090537,0.942100,-1.415828,-0.009015,0.762191,-1.580069,0.065130,0.685492,-1.508304,0.084033,0.531289,-1.388373,28,27,28,28,28,28,32,27,28,31,27,29
1791409940.085448,-0.090598,0.939950,-1.414343,-0.009076,0.761827,-1.580085,0.065160,0.684402,-1.508288,0.084002,0.531470,-1.390758,28,27,28,28,28,28,32,27,28,31,27,29
1791409940.105406,-0.090628,0.938133,-1.412400,-0.009076,0.761070,-1.580085,0.065191,0.683766,-1.508304,0.084093,0.531440,-1.391358,28,27,28,28,28,28,32,27,28,31,27,29
1791409940.125284,-0.090658,0.936680,-1.410978,-0.009197,0.760313,-1.580085,0.065372,0.683282,-1.508288,0.084154,0.531379,-1.392685,28,27,28,28,28,28,32,27,28,31,27,29
1791409940.145538,-0.090598,0.935529,-1.410252,-0.009136,0.759829,-1.580085,0.065494,0.682797,-1.508288,0.084396,0.531198,-1.393317,28,27,28,28,28,28,32,27,28,31,27,29
1791409940.165333,-0.090598,0.934742,-1.409209,-0.009106,0.759526,-1.580101,0.065403,0.682313,-1.508288,0.084396,0.531137,-1.394549,28,27,28,28,28,28,32,27,28,31,27,29
1791409940.185435,-0.090567,0.934137,-1.408893,-0.009076,0.758921,-1.580069,0.065463,0.682040,-1.508304,0.084547,0.531107,-1.395181,28,27,28,28,28,28,32,27,28,31,27,29
1791409940.205521,-0.090537,0.933289,-1.408324,-0.009076,0.758133,-1.580069,0.065494,0.681465,-1.508304,0.084638,0.530804,-1.395545,28,27,28,28,28,28,32,27,28,31,27,29
1791409940.225461,-0.090598,0.932381,-1.407440,-0.009076,0.757316,-1.580069,0.065494,0.680890,-1.508288,0.084638,0.530623,-1.396176,28,27,28,28,28,28,32,27,28,31,27,29
1791409940.245523,-0.090567,0.931866,-1.407124,-0.009076,0.757074,-1.580101,0.065554,0.680769,-1.508288,0.084729,0.530562,-1.396650,28,27,28,28,28,28,32,27,28,31,27,29
1791409940.265679,-0.090598,0.931381,-1.406903,-0.009076,0.757013,-1.580069,0.065524,0.680436,-1.508288,0.084638,0.530592,-1.396872,28,27,28,28,28,28,32,27,28,31,27,29
1791409940.285340,-0.090658,0.931139,-1.406855,-0.009076,0.756862,-1.580085,0.065433,0.680194,-1.508288,0.084608,0.530501,-1.397014,28,27,28,28,28,28,32,27,28,31,27,29
1791409940.305549,-0.090628,0.930836,-1.406760,-0.009106,0.756892,-1.580085,0.065372,0.680072,-1.508256,0.084638,0.530562,-1.397314,28,27,28,28,28,28,32,27,28,31,27,29
1791409940.325449,-0.090598,0.930503,-1.406429,-0.009106,0.756650,-1.580085,0.065372,0.679860,-1.508288,0.084578,0.530532,-1.397867,28,27,28,28,28,28,32,27,28,31,27,29
1791409940.345491,-0.090658,0.930201,-1.406223,-0.009046,0.756468,-1.580085,0.065433,0.679800,-1.508288,0.084608,0.530592,-1.398846,28,27,28,28,28,28,32,27,28,31,27,29
1791409940.365383,-0.090628,0.930019,-1.406081,-0.009046,0.756377,-1.580101,0.065433,0.679649,-1.508304,0.084608,0.530623,-1.398973,28,27,28,28,28,28,32,27,28,31,27,29
1791409940.385580,-0.090658,0.929746,-1.406034,-0.009076,0.756196,-1.580085,0.065403,0.679437,-1.508288,0.084638,0.530592,-1.399067,28,27,28,28,28,28,32,27,28,31,27,29
1791409940.405623,-0.090628,0.929383,-1.405923,-0.009106,0.755953,-1.580085,0.065463,0.679285,-1.508272,0.084638,0.530532,-1.399178,28,27,28,28,28,28,32,27,28,31,27,29
1791409940.425559,-0.090628,0.928989,-1.405623,-0.009076,0.755772,-1.580101,0.065433,0.679043,-1.508288,0.084699,0.530471,-1.399336,28,27,28,28,28,28,32,27,28,31,27,29
1791409940.445446,-0.090628,0.928566,-1.405370,-0.009076,0.755620,-1.580069,0.065403,0.678680,-1.508288,0.084699,0.530411,-1.399557,28,27,28,28,28,28,32,27,28,31,27,29
1791409940.465580,-0.090658,0.928233,-1.405102,-0.009106,0.755348,-1.580069,0.065524,0.678528,-1.508288,0.084759,0.530259,-1.399810,28,27,28,28,28,28,32,27,28,31,27,29
1791409940.485479,-0.090658,0.927778,-1.404896,-0.009106,0.755257,-1.580085,0.065494,0.678286,-1.508272,0.084759,0.530259,-1.400631,28,27,28,28,28,28,32,27,28,31,27,29
1791409940.505629,-0.090628,0.927597,-1.404723,-0.009136,0.755166,-1.580085,0.065494,0.678074,-1.508288,0.084759,0.530229,-1.400916,28,27,28,28,28,28,32,27,28,31,27,29
1791409940.525494,-0.090628,0.927294,-1.404644,-0.009076,0.755075,-1.580069,0.065463,0.677802,-1.508272,0.084759,0.530229,-1.400995,28,27,28,28,28,28,32,27,28,31,27,29
1791409940.545334,-0.090628,0.926931,-1.404438,-0.009076,0.754924,-1.580069,0.065372,0.677529,-1.508272,0.084669,0.530229,-1.401184,28,27,28,28,28,28,32,27,28,31,27,29
1791409940.565752,-0.090598,0.926658,-1.404028,-0.009136,0.754530,-1.580101,0.065403,0.677317,-1.508288,0.084759,0.530168,-1.401311,28,27,28,28,28,28,31,27,28,31,27,29
1791409940.585744,-0.090628,0.926295,-1.403522,-0.009106,0.754228,-1.580085,0.065433,0.677075,-1.508288,0.084759,0.530078,-1.401374,28,27,28,28,28,28,32,27,28,31,27,29
1791409940.605489,-0.090598,0.926083,-1.403443,-0.009076,0.754137,-1.580069,0.065494,0.676893,-1.508304,0.084790,0.530017,-1.401437,28,27,28,28,28,28,32,27,28,31,27,29
1791409940.625484,-0.090628,0.925841,-1.403348,-0.009106,0.753985,-1.580085,0.065463,0.676802,-1.508272,0.084820,0.529926,-1.401532,28,27,28,28,28,28,32,27,28,31,27,29
1791409940.645478,-0.090598,0.925629,-1.403254,-0.009106,0.753713,-1.580069,0.065524,0.676681,-1.508288,0.084790,0.529775,-1.401674,28,27,28,28,28,28,32,27,28,31,27,29
1791409940.665559,-0.090628,0.925508,-1.403159,-0.009106,0.753440,-1.580085,0.065494,0.676591,-1.508272,0.084941,0.529623,-1.401784,28,27,28,28,28,28,32,27,28,31,27,29
1791409940.685401,-0.090598,0.925205,-1.403032,-0.009136,0.753319,-1.580085,0.065554,0.676439,-1.508288,0.084941,0.529593,-1.401942,28,27,28,28,28,28,32,27,28,31,27,29
1791409940.705662,-0.090658,0.925053,-1.402969,-0.009136,0.753228,-1.580069,0.065554,0.676257,-1.508288,0.084880,0.529563,-1.402148,28,27,28,28,28,28,32,27,28,31,27,29
1791409940.725423,-0.090658,0.924872,-1.402969,-0.009167,0.753168,-1.580069,0.065554,0.676257,-1.508288,0.084971,0.529533,-1.402306,28,27,28,28,28,28,32,27,28,31,27,29
1791409940.745574,-0.090628,0.924720,-1.402953,-0.009136,0.753107,-1.580069,0.065494,0.676167,-1.508272,0.084971,0.529563,-1.402527,28,27,28,28,28,28,32,27,28,31,27,29
1791409940.765601,-0.090658,0.924630,-1.402906,-0.009136,0.753047,-1.580085,0.065494,0.676015,-1.508288,0.084911,0.529593,-1.402811,28,27,28,28,28,28,32,27,28,31,27,29
1791409940.785777,-0.090658,0.924478,-1.402859,-0.009136,0.752956,-1.580069,0.065524,0.675894,-1.508288,0.084911,0.529533,-1.402890,28,27,28,28,28,28,32,27,28,31,27,29
1791409940.805365,-0.090567,0.924418,-1.402859,-0.009076,0.752895,-1.580085,0.065433,0.675773,-1.508272,0.084880,0.529533,-1.402969,28,27,28,28,28,28,31,27,28,31,27,29
1791409940.825340,-0.090598,0.924145,-1.402843,-0.009076,0.752805,-1.580085,0.065433,0.675622,-1.508256,0.084880,0.529563,-1.403096,28,27,28,28,28,28,32,27,28,31,27,29
1791409940.845592,-0.090628,0.924085,-1.402859,-0.009046,0.752593,-1.580069,0.065403,0.675531,-1.508272,0.084911,0.529472,-1.403159,28,27,28,28,28,28,32,27,28,31,27,29
1791409940.865427,-0.090628,0.923994,-1.402827,-0.009046,0.752441,-1.580069,0.065433,0.675440,-1.508288,0.084941,0.529411,-1.403206,28,27,28,28,28,28,32,27,28,31,27,29
1791409940.885405,-0.090598,0.923873,-1.402811,-0.009046,0.752441,-1.580085,0.065433,0.675349,-1.508288,0.084880,0.529411,-1.403254,28,27,28,28,28,28,32,27,28,31,27,29
1791409940.905426,-0.090628,0.923782,-1.402795,-0.009106,0.752350,-1.580085,0.065433,0.675349,-1.508288,0.084911,0.529381,-1.403348,28,27,28,28,28,28,32,27,28,31,27,29
1791409940.925582,-0.090598,0.923691,-1.402764,-0.009106,0.752320,-1.580069,0.065463,0.675289,-1.508288,0.084941,0.529321,-1.403475,28,27,28,28,28,28,32,27,28,31,27,29
1791409940.945407,-0.090628,0.923630,-1.402716,-0.009076,0.752290,-1.580101,0.065433,0.675289,-1.508288,0.084880,0.529321,-1.403506,28,27,28,28,28,28,32,27,28,31,27,29
1791409940.965482,-0.090689,0.923600,-1.402716,-0.009076,0.752259,-1.580085,0.065463,0.675228,-1.508272,0.084880,0.529260,-1.403506,28,27,28,28,28,28,32,27,28,31,27,29
1791409940.985678,-0.090628,0.923509,-1.402685,-0.009076,0.752290,-1.580085,0.065403,0.675198,-1.508272,0.084911,0.529290,-1.403569,28,27,28,28,28,28,32,27,28,31,27,29
1791409941.005280,-0.090567,0.923449,-1.402685,-0.009046,0.752259,-1.580085,0.065342,0.675137,-1.508288,0.084911,0.529351,-1.403680,28,27,28,28,28,28,32,27,28,31,27,29
1791409941.025633,-0.090598,0.923418,-1.402669,-0.009076,0.752108,-1.580085,0.065433,0.675077,-1.508272,0.084911,0.529260,-1.403791,28,27,28,28,28,28,32,27,28,31,27,29
1791409941.045655,-0.090567,0.923388,-1.402685,-0.009015,0.752108,-1.580101,0.065403,0.674986,-1.508288,0.084941,0.529290,-1.403885,28,27,28,28,28,28,32,27,28,31,27,29
1791409941.065336,-0.090567,0.923388,-1.402669,-0.009015,0.752078,-1.580085,0.065403,0.674986,-1.508288,0.084911,0.529290,-1.403980,28,27,28,28,28,28,32,27,28,31,27,29
1791409941.085495,-0.090537,0.923328,-1.402669,-0.009015,0.752048,-1.580085,0.065403,0.675016,-1.508256,0.084911,0.529290,-1.404122,28,27,28,28,28,28,32,27,28,31,27,29
1791409941.105585,-0.090598,0.923267,-1.402669,-0.009046,0.752078,-1.580069,0.065433,0.674955,-1.508272,0.084880,0.529321,-1.404296,28,27,28,28,28,28,32,27,28,31,27,29
1791409941.125527,-0.090598,0.923267,-1.402669,-0.009015,0.752048,-1.580085,0.065403,0.674925,-1.508272,0.084880,0.529321,-1.404423,28,27,28,28,28,28,32,27,28,31,27,29
1791409941.145751,-0.090567,0.923176,-1.402669,-0.009076,0.752048,-1.580085,0.065372,0.674925,-1.508288,0.084850,0.529321,-1.404533,28,27,28,28,28,28,32,27,28,31,27,29
1791409941.165698,-0.090598,0.923116,-1.402653,-0.009046,0.752048,-1.580085,0.065342,0.674865,-1.508272,0.084850,0.529290,-1.404644,28,27,28,28,28,28,32,27,28,31,27,29
1791409941.185463,-0.090567,0.923055,-1.402637,-0.009076,0.752048,-1.580085,0.065342,0.674774,-1.508272,0.084820,0.529321,-1.404723,28,27,28,28,28,28,32,27,28,31,27,29
1791409941.205426,-0.090567,0.922995,-1.402590,-0.009076,0.752017,-1.580069,0.065372,0.674744,-1.508272,0.084850,0.529321,-1.404786,28,27,28,28,28,28,32,27,28,31,27,29
1791409941.225528,-0.090628,0.922904,-1.402574,-0.009015,0.752017,-1.580085,0.065403,0.674774,-1.508272,0.084850,0.529321,-1.404849,28,27,28,28,28,28,32,27,28,31,27,29
1791409941.245424,-0.090598,0.922964,-1.402558,-0.009046,0.751987,-1.580085,0.065403,0.674744,-1.508288,0.084880,0.529290,-1.404833,28,27,28,28,28,28,32,27,28,31,27,29
1791409941.265600,-0.090567,0.922934,-1.402543,-0.009015,0.751987,-1.580069,0.065403,0.674774,-1.508272,0.084941,0.529290,-1.404849,28,27,28,28,28,28,32,27,28,31,27,29
1791409941.285519,-0.090598,0.922934,-1.402558,-0.009015,0.752017,-1.580101,0.065403,0.674744,-1.508304,0.084941,0.529351,-1.404896,28,27,28,28,28,28,32,27,28,31,27,29
1791409941.307332,-0.090598,0.922934,-1.402558,-0.009015,0.751987,-1.580085,0.065403,0.674744,-1.508288,0.084911,0.529290,-1.404865,28,27,28,28,28,28,32,27,28,31,27,29
1791409941.325391,-0.090567,0.922934,-1.402543,-0.009015,0.751926,-1.580069,0.065342,0.674744,-1.508288,0.084850,0.529290,-1.404928,28,27,28,28,28,28,32,27,28,31,27,29
1791409941.345505,-0.090598,0.922873,-1.402558,-0.008985,0.751866,-1.580085,0.065403,0.674653,-1.508304,0.084880,0.529321,-1.404928,28,27,28,28,28,28,32,27,28,31,27,29
1791409941.365517,-0.090598,0.922904,-1.402558,-0.009015,0.751896,-1.580069,0.065372,0.674744,-1.508288,0.084880,0.529290,-1.404881,28,27,28,28,28,28,32,27,28,31,27,29
1791409941.385460,-0.090598,0.922934,-1.402558,-0.009015,0.751896,-1.580085,0.065372,0.674744,-1.508256,0.084850,0.529321,-1.404912,28,27,28,28,28,28,32,27,28,31,27,29
1791409941.405483,-0.090598,0.922873,-1.402558,-0.009046,0.751926,-1.580085,0.065342,0.674744,-1.508304,0.084850,0.529321,-1.404928,28,27,28,28,28,28,32,27,28,31,27,29
1791409941.425579,-0.090567,0.922843,-1.402543,-0.009046,0.751896,-1.580085,0.065372,0.674713,-1.508304,0.084880,0.529290,-1.404928,28,27,28,28,28,28,32,27,28,31,27,29
1791409941.445406,-0.090598,0.922783,-1.402511,-0.009046,0.751866,-1.580101,0.065372,0.674653,-1.508288,0.084880,0.529321,-1.405007,28,27,28,28,28,28,32,27,28,31,27,29
1791409941.465536,-0.090598,0.922661,-1.402527,-0.009015,0.751896,-1.580085,0.065282,0.674562,-1.508304,0.084850,0.529321,-1.405102,28,27,28,28,28,28,32,27,28,31,27,29
1791409941.485491,-0.090567,0.922752,-1.402495,-0.008985,0.751654,-1.580085,0.065342,0.674501,-1.508288,0.084880,0.529290,-1.405118,28,27,28,28,28,28,32,27,28,31,27,29
1791409941.505834,-0.090628,0.922722,-1.402511,-0.008985,0.751684,-1.580069,0.065342,0.674441,-1.508272,0.084880,0.529290,-1.405102,28,27,28,28,28,28,32,27,28,31,27,29
1791409941.525578,-0.090567,0.922631,-1.402543,-0.008955,0.751593,-1.580069,0.065342,0.674411,-1.508288,0.084911,0.529290,-1.405102,28,27,28,28,28,28,32,27,28,31,27,29
1791409941.545512,-0.090598,0.922601,-1.402527,-0.008985,0.751563,-1.580069,0.065403,0.674441,-1.508304,0.084911,0.529260,-1.405086,28,27,28,28,28,28,32,27,28,31,27,29
1791409941.565648,-0.090598,0.922601,-1.402543,-0.009015,0.751593,-1.580069,0.065403,0.674441,-1.508304,0.084850,0.529260,-1.405086,28,27,28,28,28,28,32,27,28,31,27,29
1791409941.585425,-0.081212,0.920966,-1.402859,0.010605,0.765642,-1.576846,0.043633,0.647221,-1.505981,0.074495,0.543824,-1.409762,28,27,28,28,28,28,32,27,28,31,27,29
1791409941.605718,-0.075671,0.919513,-1.402764,0.015873,0.766399,-1.575456,0.042301,0.648342,-1.504386,0.072134,0.552544,-1.412226,28,27,28,28,28,28,32,27,28,31,27,29
1791409941.625616,-0.072795,0.914880,-1.402464,0.020414,0.762947,-1.575709,0.043997,0.659060,-1.504259,0.067743,0.557539,-1.413490,28,27,28,28,28,28,32,27,28,31,27,29
1791409941.645450,-0.067193,0.908643,-1.402400,0.026137,0.761494,-1.575725,0.041332,0.655669,-1.503549,0.063444,0.563928,-1.415038,28,27,28,28,28,28,32,27,28,31,27,29
1791409941.665626,-0.058776,0.901467,-1.403017,0.037007,0.763795,-1.574114,0.038758,0.655275,-1.502190,0.057933,0.571588,-1.417803,28,27,28,28,28,28,32,27,28,31,27,29
1791409941.685382,-0.053508,0.895079,-1.404707,0.044697,0.764583,-1.569248,0.038637,0.652762,-1.502032,0.049819,0.576705,-1.417502,28,27,28,28,28,28,32,27,28,31,27,29
1791409941.705386,-0.049693,0.890234,-1.407566,0.049208,0.764885,-1.563577,0.034156,0.647403,-1.502711,0.040887,0.581882,-1.417344,28,27,28,28,28,28,32,27,28,31,27,29
1791409941.725449,-0.047876,0.884270,-1.408609,0.052539,0.765037,-1.563024,0.023771,0.641045,-1.505887,0.029927,0.586515,-1.417297,28,27,28,28,28,28,32,27,28,31,27,29
1791409941.745623,-0.046574,0.878456,-1.410978,0.055446,0.765037,-1.563087,0.013325,0.636957,-1.517640,0.020359,0.590875,-1.417218,28,27,28,28,28,28,32,27,28,31,27,29
1791409941.765588,-0.044727,0.871402,-1.412400,0.056959,0.762796,-1.563040,0.003515,0.636624,-1.530956,0.008793,0.594448,-1.417123,28,27,28,28,28,28,32,27,28,31,27,29
1791409941.785480,-0.042456,0.865013,-1.414833,0.056959,0.751836,-1.563040,-0.005719,0.637078,-1.545964,-0.000805,0.597899,-1.417013,28,27,28,28,28,28,32,27,28,31,27,29
1791409941.805534,-0.040216,0.858958,-1.417850,0.056202,0.742177,-1.562961,-0.013894,0.637805,-1.559881,-0.010191,0.600866,-1.416997,28,27,28,28,28,28,32,27,28,31,27,29
1791409941.825880,-0.038611,0.851994,-1.421152,0.056354,0.738937,-1.562598,-0.017558,0.638047,-1.571570,-0.020092,0.603137,-1.416934,28,27,28,28,28,28,32,27,28,31,27,29
1791409941.845459,-0.037491,0.844667,-1.424706,0.058352,0.740270,-1.562076,-0.017921,0.638320,-1.578963,-0.030659,0.605045,-1.416618,28,27,28,28,28,28,32,27,28,31,27,29
1791409941.865862,-0.035674,0.838641,-1.428560,0.060956,0.743358,-1.557938,-0.016710,0.638683,-1.580006,-0.041195,0.607376,-1.416460,28,27,28,28,28,28,32,27,28,31,27,29
1791409941.885582,-0.034463,0.832344,-1.432336,0.063499,0.746295,-1.544510,-0.014530,0.638622,-1.580022,-0.051096,0.609253,-1.416523,28,27,28,28,28,28,32,27,28,31,27,29
1791409941.905553,-0.034312,0.826621,-1.436917,0.065134,0.747627,-1.537196,-0.012804,0.638441,-1.580022,-0.062480,0.611252,-1.416586,28,27,28,28,28,28,32,27,28,31,27,29
1791409941.925418,-0.034312,0.820051,-1.439255,0.066588,0.750958,-1.535569,-0.008929,0.637896,-1.579990,-0.073350,0.613129,-1.416760,28,27,28,28,28,28,32,27,28,31,27,29
1791409941.945387,-0.033797,0.812451,-1.440787,0.069101,0.754167,-1.531083,-0.002419,0.637260,-1.579959,-0.084553,0.615067,-1.416839,28,27,28,28,28,28,32,27,28,31,27,29
1791409941.965388,-0.032314,0.806365,-1.442714,0.072310,0.756498,-1.524969,0.006755,0.637502,-1.579880,-0.094817,0.617610,-1.416902,28,27,28,28,28,28,32,27,28,31,27,29
1791409941.985505,-0.029861,0.799765,-1.444168,0.076246,0.759284,-1.519124,0.018018,0.637775,-1.579722,-0.104536,0.621001,-1.416934,28,27,28,28,28,28,32,27,28,31,27,29
1791409942.005572,-0.027893,0.792983,-1.444484,0.079607,0.762493,-1.514132,0.030372,0.638047,-1.579422,-0.114830,0.624241,-1.417029,28,27,28,28,28,28,32,27,28,31,27,29
1791409942.025416,-0.024169,0.786443,-1.444926,0.083937,0.765945,-1.508951,0.043724,0.639319,-1.579137,-0.124216,0.627783,-1.417044,28,27,28,28,28,28,32,27,28,31,27,29
1791409942.045573,-0.019113,0.781053,-1.446048,0.089023,0.769427,-1.504939,0.056683,0.640954,-1.578837,-0.133814,0.630841,-1.417092,28,27,28,28,28,28,32,27,28,31,27,29
1791409942.065579,-0.014117,0.775604,-1.446806,0.094685,0.772788,-1.500042,0.068824,0.642740,-1.578521,-0.142201,0.632809,-1.417139,28,27,28,28,28,28,32,27,28,31,27,29
1791409942.085680,-0.010241,0.770244,-1.449618,0.099197,0.775210,-1.494134,0.078452,0.644587,-1.577937,-0.151466,0.635322,-1.417202,28,27,28,28,28,28,32,27,28,31,27,29
1791409942.105289,-0.006517,0.765006,-1.452303,0.102618,0.778238,-1.489458,0.086052,0.645889,-1.575820,-0.161821,0.637987,-1.417234,28,27,28,28,28,28,32,27,28,31,27,29
1791409942.125500,-0.002611,0.759920,-1.454262,0.106039,0.782143,-1.485350,0.094287,0.648342,-1.574208,-0.171056,0.640742,-1.417250,28,27,28,28,28,28,32,27,28,31,27,29
1791409942.145550,0.002415,0.755408,-1.457011,0.110308,0.785716,-1.480833,0.102493,0.651490,-1.571523,-0.180502,0.643346,-1.417265,28,27,28,28,28,28,32,27,28,31,27,29
1791409942.165526,0.007047,0.751563,-1.459965,0.114275,0.789016,-1.476046,0.109214,0.654851,-1.567700,-0.190221,0.645738,-1.417265,28,27,28,28,28,28,32,27,28,31,27,29
1791409942.185733,0.011226,0.747324,-1.463156,0.117999,0.792044,-1.470012,0.114846,0.657485,-1.563814,-0.199123,0.648220,-1.417265,28,27,28,28,28,28,32,27,28,31,27,29
1791409942.205394,0.015434,0.743509,-1.466441,0.121451,0.795193,-1.464103,0.119509,0.659514,-1.561160,-0.208448,0.650431,-1.417329,28,27,28,28,28,28,32,27,28,31,27,29
1791409942.225470,0.019401,0.739634,-1.469222,0.124327,0.798796,-1.459222,0.124838,0.662481,-1.560355,-0.218107,0.652883,-1.417392,28,27,28,28,28,28,32,27,28,31,27,29
1791409942.245578,0.023821,0.735334,-1.471275,0.127324,0.802157,-1.451940,0.129228,0.665751,-1.560149,-0.227917,0.655699,-1.417471,28,27,28,28,28,28,32,27,28,31,27,29
1791409942.265598,0.028060,0.731277,-1.473582,0.130292,0.805215,-1.444105,0.131710,0.668961,-1.560023,-0.238514,0.658454,-1.417534,28,27,28,28,28,28,32,27,28,31,27,29
1791409942.285400,0.032359,0.727311,-1.474972,0.132744,0.808485,-1.436838,0.133315,0.671504,-1.559802,-0.249989,0.661028,-1.417518,28,27,28,28,28,28,32,27,28,31,27,29
1791409942.305624,0.036538,0.723799,-1.476362,0.135166,0.811876,-1.430187,0.136373,0.674138,-1.559580,-0.260283,0.663874,-1.417534,28,27,28,28,28,28,32,27,28,31,27,29
1791409942.325428,0.041019,0.721952,-1.478131,0.137679,0.815207,-1.420693,0.139795,0.677438,-1.559280,-0.270578,0.666690,-1.417566,28,27,28,28,28,28,32,27,28,31,27,29
1791409942.345783,0.044107,0.720226,-1.480311,0.138678,0.818991,-1.414311,0.143882,0.680194,-1.558411,-0.282204,0.669415,-1.417645,28,27,28,28,28,28,32,27,28,31,27,29
1791409942.365379,0.047952,0.718016,-1.482728,0.139768,0.823200,-1.406761,0.149635,0.681314,-1.557400,-0.293316,0.672049,-1.417660,28,27,28,28,28,28,32,27,28,31,27,29
1791409942.385525,0.051858,0.715048,-1.485003,0.141434,0.827560,-1.399715,0.154933,0.681374,-1.556990,-0.304307,0.674986,-1.417771,28,27,28,28,28,28,32,27,28,31,27,29
1791409942.406232,0.055945,0.714443,-1.488431,0.142675,0.831526,-1.392133,0.159475,0.681859,-1.555963,-0.313420,0.677469,-1.417882,28,27,28,28,28,28,32,27,28,31,27,29
1791409942.425501,0.059760,0.712838,-1.491638,0.144007,0.836431,-1.386698,0.164198,0.684008,-1.554968,-0.323352,0.680103,-1.417976,28,27,28,28,28,28,32,27,28,31,27,29
1791409942.445556,0.064635,0.709689,-1.494055,0.145975,0.841003,-1.380174,0.170133,0.686370,-1.553198,-0.335220,0.681950,-1.418071,28,27,28,28,28,28,32,27,28,31,27,29
1791409942.465518,0.069873,0.706752,-1.497356,0.148276,0.845635,-1.373855,0.173917,0.688550,-1.551698,-0.346423,0.683554,-1.418103,28,27,28,28,28,28,32,27,28,31,27,29
1791409942.485521,0.076443,0.703997,-1.500752,0.151213,0.850450,-1.366905,0.177006,0.689549,-1.551429,-0.356566,0.684947,-1.418134,28,27,28,28,28,28,32,27,28,31,27,29
1791409942.505402,0.083286,0.701242,-1.504512,0.154544,0.855203,-1.361344,0.179973,0.690851,-1.551382,-0.366588,0.685795,-1.418150,28,27,28,28,28,28,32,27,28,31,27,29
1791409942.525431,0.090129,0.698396,-1.508193,0.158268,0.860623,-1.354488,0.183606,0.693152,-1.551335,-0.376489,0.686340,-1.418166,28,27,28,28,28,28,32,27,28,31,27,29
1791409942.545435,0.097395,0.695883,-1.512458,0.161477,0.865346,-1.347585,0.187088,0.695484,-1.550971,-0.387722,0.686855,-1.418213,28,27,28,28,28,28,32,27,28,31,27,29
1791409942.565491,0.105570,0.693884,-1.516455,0.164263,0.870554,-1.341314,0.190388,0.696998,-1.548538,-0.397683,0.687521,-1.418355,28,27,28,28,28,28,32,27,28,31,27,29
1791409942.585550,0.113836,0.691311,-1.519266,0.168108,0.876276,-1.335437,0.194930,0.697633,-1.543246,-0.407281,0.687945,-1.418671,28,27,28,28,28,28,32,27,28,31,27,29
1791409942.605421,0.123283,0.688374,-1.522410,0.172165,0.881696,-1.328645,0.198624,0.698027,-1.536011,-0.417908,0.688368,-1.419351,28,27,28,28,28,28,32,27,28,31,27,29
1791409942.625524,0.132487,0.686043,-1.526122,0.175678,0.885662,-1.319103,0.199986,0.697209,-1.524132,-0.427870,0.688611,-1.420141,28,27,28,28,28,28,32,27,28,31,27,29
1791409942.645470,0.141086,0.683469,-1.529092,0.178100,0.890567,-1.310525,0.199320,0.694908,-1.509046,-0.439526,0.689216,-1.421894,28,27,28,28,28,28,32,27,28,31,27,29
1791409942.666195,0.151108,0.680502,-1.532552,0.181885,0.895048,-1.300178,0.193840,0.688247,-1.491211,-0.449579,0.689792,-1.426507,28,27,28,28,28,28,32,27,28,31,27,29
1791409942.685573,0.164157,0.676596,-1.535616,0.189091,0.898984,-1.291474,0.184969,0.679497,-1.484150,-0.455816,0.689458,-1.435021,28,27,28,28,28,28,32,27,28,31,27,29
1791409942.705487,0.176238,0.671933,-1.542409,0.194541,0.902073,-1.281901,0.175764,0.666357,-1.472839,-0.461478,0.687914,-1.449349,28,27,28,28,28,28,32,27,28,31,27,29
1791409942.725444,0.189681,0.667240,-1.549944,0.201232,0.904858,-1.271744,0.166378,0.650007,-1.457516,-0.467170,0.689428,-1.480327,28,27,28,28,28,28,32,27,28,31,27,29
1791409942.745504,0.204881,0.661730,-1.556326,0.210164,0.907977,-1.267652,0.162472,0.636049,-1.448354,-0.457330,0.694787,-1.528302,28,27,28,28,28,28,32,27,28,31,27,29
1791409942.765374,0.215720,0.655190,-1.559359,0.213615,0.910823,-1.262992,0.156478,0.628479,-1.447201,-0.411489,0.697906,-1.587225,28,27,28,28,28,28,32,27,28,31,27,29
1791409942.785564,0.220171,0.650345,-1.561365,0.213676,0.912216,-1.255204,0.149968,0.622818,-1.447201,-0.351752,0.697785,-1.652530,28,27,28,28,28,28,32,27,28,31,27,29
1791409942.805648,0.223744,0.645985,-1.562155,0.212677,0.912185,-1.245284,0.140582,0.616490,-1.447217,-0.284566,0.694666,-1.692259,28,27,28,28,28,28,32,27,28,31,27,29
1791409942.825401,0.225924,0.642443,-1.563308,0.208256,0.911762,-1.234890,0.125928,0.610252,-1.447232,-0.223012,0.689913,-1.709604,28,27,28,28,28,28,32,27,28,31,27,29
1791409942.845459,0.226590,0.639445,-1.563609,0.202110,0.911095,-1.223342,0.108185,0.603501,-1.447280,-0.169148,0.687460,-1.705734,28,27,28,28,28,28,32,27,28,31,27,29
1791409942.865705,0.229194,0.636539,-1.563988,0.195782,0.911610,-1.213658,0.090442,0.597142,-1.447311,-0.134844,0.690003,-1.690790,28,27,28,28,28,28,32,27,28,31,27,29
1791409942.885441,0.232161,0.633541,-1.564651,0.189393,0.913790,-1.205997,0.071640,0.590602,-1.447359,-0.116677,0.697240,-1.655263,28,27,28,28,28,28,32,27,28,31,27,29
1791409942.905522,0.238125,0.631301,-1.564778,0.186729,0.918090,-1.202253,0.057228,0.585364,-1.447533,-0.116495,0.714982,-1.591648,28,27,28,28,28,28,32,27,28,31,27,29
1791409942.925681,0.247269,0.628485,-1.564730,0.186547,0.924024,-1.202711,0.044935,0.582306,-1.447943,-0.126124,0.718313,-1.539108,28,27,28,28,28,28,32,27,28,31,27,29
1791409942.945419,0.251084,0.621037,-1.564509,0.180673,0.924932,-1.208445,0.030402,0.576735,-1.449318,-0.147621,0.718676,-1.537765,28,27,28,28,28,28,32,27,28,31,27,29
1791409942.965500,0.254324,0.615466,-1.564130,0.172589,0.933198,-1.226422,0.016111,0.569166,-1.448891,-0.167271,0.721462,-1.533658,28,27,28,28,28,28,32,27,28,31,27,29
1791409942.985752,0.259592,0.612892,-1.562929,0.152667,0.941615,-1.278821,0.002365,0.566380,-1.449412,-0.183681,0.725489,-1.529313,28,27,28,28,28,28,32,27,28,31,27,29
1791409943.005592,0.267737,0.609471,-1.559723,0.121239,0.946853,-1.399099,-0.006113,0.563988,-1.451624,-0.194551,0.729455,-1.527876,28,27,28,28,28,28,32,27,28,31,27,29
1791409943.025293,0.279666,0.606292,-1.556279,0.084966,0.939920,-1.538665,-0.002389,0.571437,-1.468574,-0.199880,0.730999,-1.527828,28,27,28,28,28,28,32,27,28,31,27,29
1791409943.045473,0.291717,0.602144,-1.555773,0.052388,0.916121,-1.635880,0.019563,0.601684,-1.508098,-0.206813,0.730848,-1.527402,28,27,28,28,28,28,32,27,28,31,27,29
1791409943.065605,0.301284,0.599176,-1.555726,0.025410,0.879425,-1.669306,0.057319,0.645738,-1.563719,-0.214595,0.728365,-1.522205,28,27,28,28,28,28,32,27,28,31,27,29
1791409943.085544,0.308248,0.597935,-1.555789,0.003065,0.842668,-1.656068,0.096528,0.697270,-1.619672,-0.223072,0.726367,-1.516218,28,27,28,28,28,28,32,27,28,31,27,29
1791409943.105527,0.315454,0.596421,-1.555789,-0.017493,0.813057,-1.628029,0.136010,0.737297,-1.656195,-0.233367,0.727608,-1.513580,28,27,28,28,28,28,32,27,28,31,27,29
1791409943.125720,0.319966,0.595301,-1.555758,-0.036447,0.793921,-1.597698,0.166439,0.762851,-1.666558,-0.243873,0.728728,-1.512648,28,27,28,28,28,28,32,27,28,31,27,29
1791409943.145641,0.326990,0.595210,-1.555773,-0.043986,0.785171,-1.577068,0.185544,0.775295,-1.661597,-0.258315,0.733543,-1.512316,28,27,28,28,28,28,32,27,28,31,27,29
1791409943.165505,0.331229,0.596027,-1.555805,-0.046226,0.789743,-1.572471,0.191872,0.778505,-1.643368,-0.276452,0.739961,-1.512411,28,27,28,28,28,28,32,27,28,31,27,29
1791409943.185661,0.338374,0.596542,-1.555821,-0.046408,0.795223,-1.559833,0.192084,0.768998,-1.598125,-0.294951,0.747228,-1.512932,28,27,28,28,28,28,32,27,28,31,27,29
1791409943.205501,0.345126,0.596270,-1.555852,-0.045893,0.797646,-1.545490,0.174917,0.743685,-1.553357,-0.313148,0.757492,-1.516233,28,27,28,28,28,28,32,27,28,31,27,29
1791409943.225488,0.358115,0.589094,-1.555678,-0.036507,0.797888,-1.534400,0.161988,0.725368,-1.541493,-0.323200,0.756977,-1.519519,28,27,28,28,28,28,32,27,28,31,27,29
1791409943.245485,0.370347,0.584310,-1.555868,-0.028877,0.800825,-1.518540,0.148575,0.707686,-1.522379,-0.333192,0.753284,-1.521383,28,27,28,28,28,28,32,27,28,31,27,29
1791409943.265497,0.380702,0.579163,-1.555884,-0.020188,0.801400,-1.500911,0.135344,0.689216,-1.509536,-0.340458,0.749135,-1.535316,28,27,28,28,28,28,32,27,28,31,27,29
1791409943.285690,0.392117,0.574016,-1.554699,-0.011528,0.803035,-1.489758,0.125019,0.675228,-1.502664,-0.335584,0.747985,-1.579263,28,27,28,28,28,28,32,27,28,31,27,29
1791409943.305594,0.399747,0.573228,-1.555220,-0.006381,0.805760,-1.478779,0.118479,0.666357,-1.498525,-0.308394,0.744987,-1.640271,28,27,28,28,28,28,32,27,28,31,27,29
1791409943.325616,0.403925,0.576105,-1.559122,-0.001173,0.808273,-1.467958,0.110698,0.660664,-1.498509,-0.268004,0.737993,-1.703965,28,27,28,28,28,28,32,27,28,31,27,29
1791409943.345583,0.407468,0.582463,-1.569912,0.003550,0.810453,-1.459586,0.099677,0.654639,-1.498146,-0.226040,0.740446,-1.749097,28,27,28,28,28,28,32,27,28,31,27,29
1791409943.365948,0.404410,0.599176,-1.599768,0.005457,0.810786,-1.449223,0.085295,0.648009,-1.496898,-0.186437,0.744594,-1.768953,28,27,28,28,28,28,32,27,28,31,27,29
1791409943.385754,0.371558,0.643472,-1.664599,0.007486,0.811573,-1.443583,0.071458,0.639440,-1.495318,-0.148287,0.750982,-1.770186,28,27,28,28,28,28,32,27,28,31,27,29
1791409943.405469,0.308793,0.713202,-1.746869,0.011240,0.814964,-1.443646,0.062284,0.634808,-1.489995,-0.117162,0.758915,-1.769696,28,27,28,28,28,28,32,27,28,31,27,29
1791409943.425644,0.236793,0.781417,-1.810373,0.018325,0.816599,-1.444563,0.057076,0.628903,-1.484940,-0.096573,0.761458,-1.767421,28,27,28,28,28,28,32,27,28,31,27,29
1791409943.445847,0.155165,0.837491,-1.816676,0.026621,0.821201,-1.445337,0.050082,0.620850,-1.479253,-0.078437,0.757613,-1.762208,28,27,28,28,28,28,32,27,28,31,27,29
1791409943.465572,0.100665,0.856959,-1.770533,0.037521,0.828438,-1.445937,0.044420,0.612644,-1.476346,-0.068172,0.742172,-1.752383,28,27,28,28,28,28,32,27,28,31,27,29
1791409943.485445,0.074778,0.838793,-1.670222,0.050329,0.833646,-1.446711,0.038395,0.606740,-1.474751,-0.064327,0.717707,-1.731546,28,27,28,28,28,28,32,27,28,31,27,29
1791409943.505676,0.083104,0.833979,-1.660555,0.063227,0.838611,-1.445052,0.037487,0.608799,-1.474782,-0.059271,0.697391,-1.698278,28,27,28,28,28,28,32,27,28,31,27,29
1791409943.525598,0.103390,0.833797,-1.659212,0.079577,0.843062,-1.428181,0.038123,0.612463,-1.475225,-0.062783,0.683161,-1.653225,28,27,28,28,28,28,32,27,29,31,27,29
1791409943.545694,0.126250,0.833948,-1.652735,0.092021,0.846907,-1.409446,0.035125,0.614128,-1.475304,-0.082100,0.683221,-1.592106,28,27,28,28,28,28,32,27,28,31,27,29
1791409943.565552,0.146384,0.833858,-1.646969,0.104889,0.855506,-1.403475,0.030917,0.615672,-1.475288,-0.108381,0.696846,-1.524369,28,27,28,28,28,28,32,27,28,31,27,29
1791409943.585400,0.163037,0.834372,-1.639497,0.116576,0.865195,-1.402764,0.026738,0.615642,-1.475477,-0.129424,0.702326,-1.481606,28,27,28,28,28,28,32,27,28,31,27,29
1791409943.605534,0.138936,0.833979,-1.638218,0.118181,0.856505,-1.407582,0.034974,0.626966,-1.476330,-0.117071,0.702538,-1.491464,28,27,28,28,28,28,32,27,28,31,27,29
1791409943.625392,0.143326,0.825440,-1.636796,0.122359,0.858715,-1.412637,0.031643,0.623211,-1.476599,-0.118554,0.704052,-1.491132,28,27,28,28,28,28,32,27,28,31,27,29
1791409943.645574,0.147202,0.822261,-1.636338,0.125477,0.859381,-1.409114,0.032733,0.620940,-1.475920,-0.117646,0.706626,-1.490721,28,27,28,28,28,28,32,27,28,31,27,29
1791409943.665524,0.146384,0.821807,-1.636369,0.123994,0.862076,-1.396398,0.031613,0.621455,-1.475367,-0.119281,0.707928,-1.490058,28,27,28,28,28,28,32,27,28,31,27,29
1791409943.685570,0.150896,0.821777,-1.636322,0.121178,0.860471,-1.396745,0.027556,0.622454,-1.475288,-0.123156,0.708231,-1.490279,28,27,28,28,28,28,32,27,28,31,27,29
1791409943.705540,0.145052,0.821141,-1.631930,0.114002,0.860320,-1.401769,0.024134,0.625785,-1.475003,-0.125730,0.707776,-1.491416,28,27,28,28,28,28,32,27,28,31,27,29
1791409943.725559,0.139511,0.818204,-1.622279,0.110097,0.859200,-1.406097,0.024377,0.627662,-1.474988,-0.124610,0.706232,-1.491527,28,27,28,28,28,28,32,27,28,31,27,29
1791409943.745514,0.134667,0.816236,-1.615660,0.106312,0.857080,-1.406350,0.025194,0.629146,-1.475035,-0.123278,0.705475,-1.491527,28,27,28,28,28,28,32,27,29,31,27,29
1791409943.765596,0.129126,0.813420,-1.611679,0.101831,0.854900,-1.406255,0.026526,0.630205,-1.475051,-0.122248,0.703961,-1.491527,28,27,28,28,28,28,32,27,28,31,27,29
1791409943.785560,0.125765,0.811361,-1.608440,0.100044,0.853053,-1.406271,0.026859,0.630236,-1.475067,-0.121915,0.702024,-1.491480,28,27,28,28,28,28,32,27,28,31,27,29
1791409943.805416,0.121829,0.809726,-1.605376,0.097652,0.851630,-1.406776,0.027495,0.630871,-1.475067,-0.121249,0.700207,-1.491448,28,27,28,28,28,28,32,27,29,31,27,29
1791409943.825638,0.117833,0.807970,-1.601790,0.095049,0.850268,-1.407282,0.027647,0.631628,-1.475051,-0.120916,0.699026,-1.491432,28,27,28,28,28,28,32,27,28,31,27,29
1791409943.845514,0.112383,0.805911,-1.597130,0.093323,0.848542,-1.407661,0.028464,0.632355,-1.475035,-0.120038,0.697785,-1.491448,28,27,28,28,28,28,32,27,28,31,27,29
1791409943.865541,0.106933,0.804155,-1.592817,0.092596,0.846756,-1.407693,0.029827,0.632870,-1.475051,-0.118312,0.696332,-1.491448,28,27,28,28,28,28,32,27,28,31,27,29
1791409943.885446,0.104723,0.802581,-1.590953,0.091173,0.844667,-1.407693,0.030856,0.633142,-1.475083,-0.117404,0.694969,-1.491416,28,27,28,28,28,28,32,27,28,31,27,29
1791409943.905680,0.102724,0.801279,-1.589468,0.090144,0.842729,-1.407961,0.031431,0.633142,-1.475067,-0.116677,0.693152,-1.491401,28,27,28,28,28,28,32,27,28,31,27,29
1791409943.925446,0.100605,0.800431,-1.588236,0.089205,0.841336,-1.409304,0.032309,0.633173,-1.475067,-0.115224,0.691487,-1.491416,28,27,28,28,28,28,32,27,28,31,27,29
1791409943.945540,0.099121,0.799311,-1.586909,0.088690,0.840095,-1.411121,0.033006,0.633142,-1.475067,-0.113952,0.689973,-1.491416,28,27,28,28,28,28,32,27,28,31,27,29
1791409943.965856,0.097759,0.798130,-1.585519,0.087964,0.839035,-1.412827,0.033732,0.632930,-1.475035,-0.113104,0.688368,-1.491416,28,27,28,28,28,28,32,27,29,31,27,29
1791409943.985445,0.097123,0.797373,-1.584777,0.087691,0.837854,-1.413996,0.034671,0.632688,-1.475083,-0.111742,0.686945,-1.491448,28,27,28,28,28,28,32,27,28,31,27,29
1791409944.005872,0.096669,0.796434,-1.583592,0.087691,0.837127,-1.415433,0.035912,0.632446,-1.475083,-0.110410,0.685916,-1.491432,28,27,28,28,28,28,32,27,28,31,27,29
1791409944.025642,0.096245,0.795496,-1.583149,0.087600,0.836401,-1.416744,0.036669,0.632204,-1.475098,-0.109743,0.684856,-1.491432,28,27,28,28,28,28,32,27,28,31,27,29
1791409944.045466,0.095064,0.794739,-1.582913,0.087086,0.835674,-1.417329,0.037305,0.631901,-1.475098,-0.109077,0.683675,-1.491432,28,27,28,28,28,28,32,27,29,31,27,29
1791409944.065435,0.093853,0.794103,-1.582375,0.086389,0.835402,-1.418387,0.037366,0.631810,-1.475114,-0.108926,0.683070,-1.491432,28,27,28,28,28,28,32,27,28,31,27,29
1791409944.085397,0.093005,0.793316,-1.581064,0.085965,0.835341,-1.419272,0.037668,0.631749,-1.475114,-0.108563,0.682555,-1.491432,28,27,28,28,28,28,32,27,28,31,27,29
1791409944.105551,0.091824,0.792710,-1.579722,0.085360,0.835008,-1.419777,0.038213,0.631840,-1.475130,-0.108260,0.682010,-1.491448,28,27,28,28,28,28,32,27,28,31,27,29
1791409944.125442,0.090553,0.791802,-1.578552,0.084451,0.834947,-1.420488,0.038304,0.631931,-1.475146,-0.108199,0.681738,-1.491448,28,27,28,28,28,28,32,27,28,31,27,29
1791409944.145580,0.089251,0.791227,-1.577131,0.083210,0.834766,-1.420915,0.038213,0.632083,-1.475114,-0.108230,0.681253,-1.491432,28,27,28,28,28,28,32,27,28,31,27,29
1791409944.165511,0.088554,0.790773,-1.576278,0.082635,0.834766,-1.421499,0.038183,0.632325,-1.475130,-0.108169,0.680890,-1.491432,28,27,28,28,28,28,32,27,28,31,27,29
1791409944.185536,0.087343,0.790167,-1.575093,0.081908,0.834584,-1.421894,0.038183,0.632446,-1.475146,-0.108199,0.680557,-1.491448,28,27,28,28,28,28,32,27,28,31,27,29
1791409944.205605,0.086041,0.789985,-1.574603,0.081030,0.834342,-1.422510,0.038244,0.632628,-1.475146,-0.108169,0.679951,-1.491448,28,27,28,28,28,28,32,27,28,31,27,29
1791409944.225658,0.085163,0.789652,-1.573924,0.080213,0.834100,-1.423031,0.038213,0.632718,-1.475130,-0.108169,0.679618,-1.491432,28,27,28,28,28,28,32,27,28,31,27,29
1791409944.245530,0.084497,0.789531,-1.573466,0.079789,0.833797,-1.423363,0.038183,0.632809,-1.475130,-0.108048,0.679255,-1.491432,28,27,28,28,28,28,32,27,28,31,27,29
1791409944.265500,0.084013,0.789168,-1.573182,0.079365,0.833282,-1.423505,0.038244,0.632779,-1.475114,-0.108048,0.678861,-1.491432,28,27,28,28,28,28,32,27,28,31,27,29
1791409944.285526,0.083074,0.788926,-1.572850,0.079001,0.832677,-1.423711,0.038456,0.632809,-1.475130,-0.107836,0.678347,-1.491416,28,27,28,28,28,28,32,27,29,31,27,29
1791409944.305680,0.082771,0.788532,-1.572139,0.078820,0.832313,-1.424058,0.038577,0.632839,-1.475146,-0.107594,0.677983,-1.491448,28,27,28,28,28,28,32,27,28,31,27,29
1791409944.325450,0.082620,0.788078,-1.571507,0.078820,0.831980,-1.424943,0.039001,0.632779,-1.475130,-0.107049,0.677469,-1.491448,28,27,28,28,28,28,32,27,28,31,27,29
1791409944.345726,0.082559,0.787654,-1.571365,0.078820,0.831617,-1.425354,0.039697,0.632658,-1.475130,-0.106443,0.676772,-1.491432,28,27,28,28,28,28,32,27,28,31,27,29
1791409944.365839,0.082378,0.787351,-1.571302,0.078759,0.831223,-1.425559,0.039879,0.632446,-1.475130,-0.106171,0.676136,-1.491432,28,27,28,28,28,28,32,27,28,31,27,29
1791409944.385518,0.082075,0.787079,-1.571191,0.078638,0.830799,-1.426128,0.040242,0.632446,-1.475130,-0.105838,0.675652,-1.491416,28,27,28,28,28,28,32,27,28,31,27,29
1791409944.405584,0.081833,0.786776,-1.571081,0.078547,0.830709,-1.427423,0.040696,0.632325,-1.475146,-0.105384,0.675107,-1.491432,28,27,28,28,28,28,32,27,28,31,27,29
1791409944.425669,0.081591,0.786443,-1.571033,0.078487,0.830497,-1.427881,0.040878,0.632113,-1.475146,-0.105081,0.674592,-1.491416,28,27,28,28,28,28,32,27,28,31,27,29
1791409944.445632,0.081439,0.786261,-1.571002,0.078305,0.830436,-1.429240,0.041029,0.631992,-1.475146,-0.104869,0.674138,-1.491432,28,27,28,28,28,28,32,27,28,31,27,29
1791409944.465624,0.081318,0.785958,-1.571002,0.078275,0.830406,-1.429903,0.041332,0.631628,-1.475161,-0.104475,0.673321,-1.491416,28,27,28,28,28,28,32,27,28,31,27,29
1791409944.485558,0.080894,0.785777,-1.571002,0.078093,0.830345,-1.431293,0.041514,0.631568,-1.475146,-0.104172,0.672624,-1.491432,28,27,28,28,28,28,32,27,28,31,27,29
1791409944.505603,0.080682,0.785565,-1.571017,0.078093,0.830285,-1.432257,0.042180,0.631386,-1.475161,-0.103355,0.671988,-1.491416,28,27,28,28,28,28,32,27,28,31,27,29
1791409944.525874,0.080652,0.785292,-1.571002,0.078033,0.830345,-1.433947,0.042907,0.631235,-1.475130,-0.102780,0.671474,-1.491401,28,27,28,28,28,28,32,27,28,31,27,29
1791409944.545686,0.080531,0.785141,-1.571002,0.078033,0.830285,-1.434942,0.043694,0.631174,-1.475146,-0.102083,0.670868,-1.491401,28,27,28,28,28,28,32,27,29,31,27,29
1791409944.565468,0.080349,0.785141,-1.570986,0.078033,0.830254,-1.436064,0.044360,0.631174,-1.475130,-0.101387,0.670263,-1.491385,28,27,28,28,28,28,32,27,28,31,27,29
1791409944.585459,0.080016,0.784990,-1.570986,0.077881,0.830194,-1.437375,0.044663,0.631144,-1.475161,-0.100781,0.669536,-1.491416,28,27,28,28,28,28,32,27,28,31,27,29
1791409944.605474,0.079471,0.784929,-1.571002,0.077790,0.830012,-1.437944,0.045238,0.631144,-1.475146,-0.099903,0.668658,-1.491385,28,27,28,28,28,28,32,27,28,31,27,29
1791409944.625938,0.079168,0.784868,-1.570970,0.077730,0.829770,-1.438402,0.045692,0.631174,-1.475161,-0.099328,0.668143,-1.491385,28,27,28,28,28,28,32,27,28,31,27,29
1791409944.645670,0.079078,0.784747,-1.570938,0.077669,0.829619,-1.439271,0.046298,0.631144,-1.475161,-0.098753,0.667810,-1.491385,28,27,28,28,28,28,32,27,28,31,27,29
1791409944.665501,0.078805,0.784596,-1.570907,0.077700,0.829376,-1.439618,0.046964,0.631114,-1.475146,-0.098329,0.667295,-1.491401,28,27,28,28,28,28,32,27,29,31,27,29
1791409944.685604,0.078684,0.784505,-1.570891,0.077700,0.829164,-1.440045,0.047388,0.631144,-1.475177,-0.097875,0.666932,-1.491385,28,27,28,28,28,28,32,27,28,31,27,29
1791409944.705558,0.078502,0.784475,-1.570875,0.077700,0.828862,-1.440424,0.047902,0.631144,-1.475177,-0.097481,0.666659,-1.491385,28,27,28,28,28,28,32,27,28,31,27,29
1791409944.725696,0.078472,0.784384,-1.570844,0.077730,0.828680,-1.441072,0.048266,0.631114,-1.475146,-0.097088,0.666296,-1.491385,28,27,28,28,28,28,32,27,28,31,27,29
1791409944.745620,0.078502,0.784323,-1.570844,0.077760,0.828498,-1.441372,0.048538,0.631083,-1.475161,-0.096633,0.665993,-1.491385,28,27,28,28,28,28,32,27,28,31,27,29
1791409944.765517,0.078442,0.784293,-1.570828,0.077760,0.828226,-1.441545,0.048811,0.631083,-1.475161,-0.096179,0.665479,-1.491385,28,27,28,28,28,28,32,27,28,31,27,29
1791409944.785638,0.078442,0.784081,-1.570812,0.077760,0.827953,-1.441624,0.049113,0.631023,-1.475161,-0.095786,0.665115,-1.491353,28,27,28,28,28,28,32,27,29,31,27,29
1791409944.805536,0.078411,0.783869,-1.570780,0.077760,0.827802,-1.441688,0.049295,0.630993,-1.475161,-0.095543,0.664782,-1.491369,28,27,28,28,28,28,32,27,28,31,27,29
1791409944.825644,0.078199,0.783839,-1.570670,0.077730,0.827651,-1.441798,0.049598,0.630993,-1.475146,-0.095301,0.664479,-1.491401,28,27,28,28,28,28,32,27,28,31,27,29
1791409944.845688,0.078169,0.783718,-1.570591,0.077790,0.827529,-1.442004,0.049931,0.630962,-1.475146,-0.095029,0.664328,-1.491401,28,27,28,28,28,28,32,27,29,31,27,29
1791409944.865787,0.078139,0.783566,-1.570496,0.077790,0.827469,-1.442130,0.050022,0.630871,-1.475161,-0.094938,0.664177,-1.491385,28,27,28,28,28,28,32,27,28,31,27,29
1791409944.885675,0.078109,0.783415,-1.570385,0.077760,0.827287,-1.442146,0.050143,0.630811,-1.475193,-0.094786,0.663995,-1.491385,28,27,28,28,28,28,32,27,28,31,27,29
1791409944.905862,0.078078,0.783264,-1.570291,0.077790,0.826984,-1.442146,0.050536,0.630720,-1.475193,-0.094605,0.663753,-1.491401,28,27,28,28,28,28,32,27,28,31,27,29
1791409944.925581,0.078139,0.783052,-1.570212,0.077851,0.826803,-1.442146,0.050748,0.630629,-1.475193,-0.094362,0.663571,-1.491385,28,27,28,28,28,28,32,27,29,31,27,29
1791409944.946027,0.078169,0.782991,-1.570101,0.077881,0.826742,-1.442162,0.050991,0.630538,-1.475177,-0.094211,0.663390,-1.491401,28,27,28,28,28,28,32,27,28,31,27,29
1791409944.965500,0.078139,0.782840,-1.569975,0.077942,0.826500,-1.442193,0.051233,0.630569,-1.475193,-0.094060,0.663268,-1.491385,28,27,28,28,28,28,32,27,28,31,27,29
1791409944.985682,0.078169,0.782688,-1.569801,0.077942,0.826318,-1.442256,0.051354,0.630508,-1.475177,-0.093908,0.663178,-1.491385,28,27,28,28,28,28,32,27,28,31,27,29
1791409945.005979,0.078139,0.782628,-1.569611,0.077942,0.826076,-1.442288,0.051384,0.630508,-1.475193,-0.093757,0.662996,-1.491385,28,27,28,28,28,28,32,27,28,31,27,29
1791409945.025437,0.078109,0.782477,-1.569469,0.077972,0.825804,-1.442288,0.051626,0.630448,-1.475193,-0.093454,0.662784,-1.491353,28,27,28,28,28,28,32,27,28,31,27,29
1791409945.045681,0.078048,0.782325,-1.569311,0.078002,0.825561,-1.442288,0.051838,0.630417,-1.475177,-0.093182,0.662572,-1.491385,28,27,28,28,28,28,32,27,28,31,27,29
1791409945.065592,0.078048,0.782143,-1.569201,0.077972,0.825410,-1.442320,0.051959,0.630357,-1.475177,-0.093061,0.662390,-1.491385,28,27,28,28,28,28,32,27,29,31,27,29
1791409945.085690,0.077988,0.782083,-1.569122,0.077942,0.825168,-1.442320,0.052141,0.630357,-1.475193,-0.093000,0.662209,-1.491369,28,27,28,28,28,28,32,27,29,31,27,29
1791409945.105537,0.077927,0.782053,-1.569043,0.077942,0.825047,-1.442320,0.052293,0.630266,-1.475193,-0.092728,0.662118,-1.491385,28,27,28,28,28,28,32,27,28,31,27,29
1791409945.125682,0.077897,0.781992,-1.569011,0.077972,0.824956,-1.442335,0.052323,0.630296,-1.475193,-0.092637,0.661966,-1.491401,28,27,28,28,28,28,32,27,28,31,27,29
1791409945.145605,0.077866,0.781932,-1.568964,0.077972,0.824926,-1.442398,0.052414,0.630296,-1.475193,-0.092546,0.661845,-1.491385,28,27,28,28,28,28,32,27,28,31,27,29
1791409945.165671,0.077897,0.781932,-1.568932,0.077942,0.824835,-1.442509,0.052444,0.630236,-1.475193,-0.092516,0.661845,-1.491385,28,27,28,28,28,28,32,27,28,31,27,29
1791409945.185601,0.077866,0.781841,-1.568901,0.077972,0.824683,-1.442572,0.052474,0.630205,-1.475177,-0.092364,0.661694,-1.491385,28,27,28,28,28,28,32,27,28,31,27,29
1791409945.205871,0.077927,0.781810,-1.568869,0.078002,0.824593,-1.442762,0.052565,0.630145,-1.475193,-0.092183,0.661543,-1.491401,28,27,28,28,28,28,32,27,28,31,27,29
1791409945.225683,0.077866,0.781780,-1.568853,0.078002,0.824441,-1.442936,0.052747,0.630114,-1.475193,-0.091971,0.661421,-1.491385,28,27,28,28,28,28,32,27,29,31,27,29
1791409945.245372,0.077927,0.781689,-1.568853,0.078033,0.824350,-1.443015,0.052928,0.630054,-1.475193,-0.091850,0.661210,-1.491385,28,27,28,28,28,28,32,27,28,31,27,29
1791409945.265689,0.077836,0.781659,-1.568837,0.078002,0.824260,-1.443236,0.053110,0.630054,-1.475193,-0.091728,0.660998,-1.491369,28,27,28,28,28,28,32,27,28,31,27,29
1791409945.285624,0.077836,0.781629,-1.568822,0.078033,0.824169,-1.443488,0.053413,0.630054,-1.475177,-0.091486,0.660816,-1.491353,28,27,28,28,28,28,32,27,28,31,27,29
1791409945.305539,0.077745,0.781568,-1.568822,0.078033,0.824138,-1.443662,0.053504,0.630024,-1.475177,-0.091335,0.660634,-1.491369,28,27,28,28,28,28,32,27,28,31,27,29
1791409945.325486,0.077715,0.781538,-1.568806,0.078002,0.824078,-1.443725,0.053504,0.629963,-1.475177,-0.091244,0.660513,-1.491338,28,27,28,28,28,28,32,27,29,31,27,29
1791409945.345607,0.077594,0.781508,-1.568806,0.078002,0.824017,-1.443804,0.053716,0.629933,-1.475177,-0.091183,0.660422,-1.491353,28,27,28,28,28,28,32,27,29,31,27,29
1791409945.365477,0.077594,0.781508,-1.568790,0.078033,0.823987,-1.443852,0.053806,0.629933,-1.475177,-0.091123,0.660362,-1.491338,28,27,28,28,28,28,32,27,29,31,27,29
1791409945.385624,0.077624,0.781447,-1.568774,0.078033,0.823957,-1.443931,0.053837,0.629933,-1.475193,-0.091123,0.660331,-1.491353,28,27,28,28,28,28,32,27,28,31,27,29
1791409945.405816,0.077594,0.781417,-1.568774,0.078033,0.823836,-1.443994,0.053867,0.629933,-1.475193,-0.091002,0.660241,-1.491353,28,27,28,28,28,28,32,27,28,31,27,29
1791409945.425909,0.077685,0.781356,-1.568758,0.078093,0.823775,-1.444041,0.053988,0.629903,-1.475193,-0.090881,0.660150,-1.491369,28,27,28,28,28,28,32,27,28,31,27,29
1791409945.445605,0.077624,0.781326,-1.568758,0.078093,0.823684,-1.444057,0.054109,0.629812,-1.475177,-0.090850,0.660059,-1.491353,28,27,28,28,28,28,32,27,28,31,27,29
1791409945.465863,0.077564,0.781356,-1.568743,0.078033,0.823533,-1.444073,0.054200,0.629812,-1.475177,-0.090729,0.659908,-1.491353,28,27,28,28,28,28,32,27,28,31,27,29
1791409945.485466,0.077594,0.781296,-1.568758,0.078093,0.823412,-1.444120,0.054473,0.629812,-1.475193,-0.090578,0.659786,-1.491353,28,27,28,28,28,28,32,27,29,31,27,29
1791409945.505851,0.077564,0.781296,-1.568727,0.078123,0.823381,-1.444136,0.054684,0.629842,-1.475177,-0.090487,0.659756,-1.491338,28,27,28,28,28,28,32,27,29,31,27,29
1791409945.525586,0.077533,0.781296,-1.568727,0.078123,0.823381,-1.444247,0.054866,0.629872,-1.475193,-0.090366,0.659726,-1.491353,28,27,28,28,28,28,32,27,28,31,27,29
1791409945.545490,0.077564,0.781296,-1.568695,0.078123,0.823351,-1.444452,0.054987,0.629872,-1.475193,-0.090245,0.659696,-1.491353,28,27,28,28,28,28,32,27,28,31,27,29
1791409945.565870,0.077473,0.781265,-1.568679,0.078093,0.823291,-1.444863,0.055108,0.629842,-1.475177,-0.090033,0.659514,-1.491369,28,27,28,28,28,28,32,27,28,31,27,29
1791409945.585689,0.077503,0.781205,-1.568664,0.078154,0.823351,-1.445589,0.055441,0.629751,-1.475193,-0.089881,0.659423,-1.491353,28,27,28,28,28,28,32,27,29,31,27,29
1791409945.605569,0.077503,0.781144,-1.568679,0.078154,0.823321,-1.445684,0.055472,0.629691,-1.475193,-0.089821,0.659211,-1.491353,28,27,28,28,28,28,32,27,28,31,27,29
1791409945.625652,0.077443,0.781114,-1.568664,0.078154,0.823291,-1.445716,0.055532,0.629721,-1.475193,-0.089791,0.659151,-1.491353,28,27,28,28,28,28,32,27,28,31,27,29
1791409945.645787,0.077412,0.781114,-1.568679,0.078154,0.823260,-1.445732,0.055774,0.629721,-1.475193,-0.089609,0.659090,-1.491353,28,27,28,28,28,28,32,27,29,31,27,29
1791409945.665689,0.077382,0.781114,-1.568664,0.078154,0.823230,-1.445842,0.055835,0.629751,-1.475193,-0.089458,0.658969,-1.491369,28,27,28,28,28,28,32,27,28,31,27,29
1791409945.685789,0.077382,0.781053,-1.568632,0.078214,0.823109,-1.445969,0.055926,0.629691,-1.475177,-0.089306,0.658848,-1.491369,28,27,28,28,28,28,32,27,28,31,27,29
1791409945.705669,0.077321,0.780963,-1.568632,0.078184,0.823018,-1.446032,0.055956,0.629660,-1.475193,-0.089215,0.658727,-1.491353,28,27,28,28,28,28,32,27,29,31,27,29
1791409945.725580,0.077291,0.780902,-1.568632,0.078123,0.822927,-1.446079,0.056077,0.629691,-1.475193,-0.089185,0.658575,-1.491353,28,27,28,28,28,28,32,27,29,31,27,29
1791409945.745639,0.077291,0.780872,-1.568616,0.078123,0.822836,-1.446095,0.056138,0.629630,-1.475177,-0.089064,0.658485,-1.491338,28,27,28,28,28,28,32,27,29,31,27,29
1791409945.765565,0.077261,0.780841,-1.568585,0.078123,0.822806,-1.446111,0.056168,0.629600,-1.475177,-0.089094,0.658424,-1.491353,28,27,28,28,28,28,32,27,29,31,27,29
1791409945.785588,0.077261,0.780841,-1.568600,0.078154,0.822715,-1.446127,0.056168,0.629630,-1.475193,-0.089003,0.658363,-1.491353,28,27,28,28,28,28,32,27,28,31,27,29
1791409945.805510,0.077261,0.780781,-1.568600,0.078154,0.822685,-1.446111,0.056198,0.629509,-1.475209,-0.088882,0.658333,-1.491353,28,27,28,28,28,28,32,27,29,31,27,29
1791409945.825537,0.077261,0.780720,-1.568569,0.078214,0.822685,-1.446111,0.056259,0.629448,-1.475193,-0.088882,0.658242,-1.491353,28,27,28,28,28,28,32,27,29,31,27,29
1791409945.845464,0.077261,0.780690,-1.568585,0.078214,0.822625,-1.446127,0.056259,0.629388,-1.475225,-0.088882,0.658212,-1.491369,28,27,28,28,28,28,32,27,28,31,27,29
1791409945.865560,0.077291,0.780690,-1.568569,0.078245,0.822594,-1.446127,0.056289,0.629327,-1.475209,-0.088791,0.658182,-1.491369,28,27,28,28,28,28,32,27,28,31,27,29
1791409945.885554,0.077321,0.780509,-1.568569,0.078245,0.822443,-1.446127,0.056350,0.629297,-1.475193,-0.088791,0.658091,-1.491353,28,27,28,28,28,28,32,27,29,31,27,29
1791409945.905682,0.077321,0.780478,-1.568569,0.078214,0.822322,-1.446127,0.056471,0.629297,-1.475209,-0.088640,0.657970,-1.491369,28,27,28,28,28,28,32,27,28,31,27,29
1791409945.925954,0.077321,0.780448,-1.568569,0.078184,0.822201,-1.446127,0.056501,0.629267,-1.475193,-0.088580,0.657940,-1.491369,28,27,28,28,28,28,32,27,28,31,27,29
1791409945.945658,0.077231,0.780387,-1.568553,0.078214,0.822019,-1.446142,0.056562,0.629206,-1.475209,-0.088489,0.657728,-1.491369,28,27,28,28,28,28,32,27,28,31,27,29
1791409945.965695,0.077170,0.780236,-1.568537,0.078214,0.821807,-1.446190,0.056592,0.629085,-1.475209,-0.088458,0.657455,-1.491369,28,27,28,28,28,28,32,27,28,31,27,29
1791409945.985979,0.077200,0.779963,-1.568537,0.078214,0.821686,-1.446158,0.056592,0.628934,-1.475209,-0.088428,0.657334,-1.491353,28,27,28,28,28,28,32,27,28,31,27,29
1791409946.005621,0.077200,0.779842,-1.568537,0.078154,0.821504,-1.446174,0.056592,0.628813,-1.475177,-0.088458,0.657183,-1.491338,28,27,28,28,28,28,32,27,28,31,27,29
1791409946.025498,0.077231,0.779842,-1.568521,0.078184,0.821383,-1.446174,0.056622,0.628722,-1.475209,-0.088398,0.657062,-1.491353,28,27,28,28,28,28,32,27,28,31,27,29
1791409946.045568,0.077200,0.779752,-1.568521,0.078214,0.821232,-1.446190,0.056683,0.628570,-1.475209,-0.088398,0.656940,-1.491353,28,27,28,28,28,28,32,27,29,31,27,29
1791409946.065616,0.077170,0.779479,-1.568521,0.078245,0.821111,-1.446158,0.056683,0.628419,-1.475193,-0.088368,0.656819,-1.491338,28,27,28,28,28,28,32,27,28,31,27,29
1791409946.085826,0.077200,0.779418,-1.568521,0.078214,0.820989,-1.446190,0.056804,0.628328,-1.475193,-0.088337,0.656729,-1.491322,28,27,28,28,28,28,32,27,29,31,27,29
1791409946.105639,0.077200,0.779297,-1.568521,0.078214,0.820747,-1.446190,0.056774,0.628207,-1.475209,-0.088337,0.656517,-1.491322,28,27,28,28,28,28,32,27,29,31,27,29
1791409946.125706,0.077140,0.779207,-1.568490,0.078245,0.820535,-1.446190,0.056986,0.628177,-1.475209,-0.088216,0.656305,-1.491322,28,27,28,28,28,28,32,27,29,31,27,29
1791409946.145646,0.077109,0.779176,-1.568490,0.078245,0.820323,-1.446205,0.057107,0.628116,-1.475193,-0.088004,0.656153,-1.491322,28,27,28,28,28,28,32,27,28,31,27,29
1791409946.165614,0.077200,0.779085,-1.568490,0.078245,0.820202,-1.446190,0.057198,0.628116,-1.475209,-0.087974,0.656093,-1.491322,28,27,28,28,28,28,32,27,28,31,27,29
1791409946.185616,0.077140,0.779025,-1.568458,0.078214,0.820081,-1.446205,0.057319,0.628086,-1.475209,-0.087913,0.655972,-1.491322,28,27,28,28,28,28,32,27,29,31,27,29
1791409946.205569,0.077140,0.779025,-1.568427,0.078214,0.820021,-1.446205,0.057319,0.628116,-1.475209,-0.087792,0.655911,-1.491338,28,27,28,28,28,28,32,27,28,31,27,29
1791409946.225706,0.077109,0.778964,-1.568379,0.078214,0.819930,-1.446221,0.057349,0.628146,-1.475193,-0.087732,0.655881,-1.491338,28,27,28,28,28,28,32,27,29,31,27,29
1791409946.245585,0.077049,0.778934,-1.568348,0.078214,0.819930,-1.446221,0.057440,0.628086,-1.475193,-0.087701,0.655850,-1.491322,28,27,28,28,28,28,32,27,28,31,27,29
1791409946.265633,0.077140,0.778904,-1.568300,0.078245,0.819930,-1.446237,0.057440,0.628116,-1.475225,-0.087732,0.655850,-1.491353,28,27,28,28,28,28,32,27,29,31,27,29
1791409946.285582,0.077140,0.778873,-1.568253,0.078275,0.819930,-1.446237,0.057379,0.628086,-1.475209,-0.087732,0.655820,-1.491353,28,27,28,28,28,28,32,27,28,31,27,29
1791409946.305722,0.077109,0.778813,-1.568205,0.078245,0.819930,-1.446253,0.057349,0.628056,-1.475193,-0.087701,0.655820,-1.491338,28,27,28,28,28,28,32,27,28,31,27,29
1791409946.325677,0.077109,0.778813,-1.568190,0.078245,0.819900,-1.446237,0.057379,0.628056,-1.475209,-0.087701,0.655820,-1.491353,28,27,28,28,28,28,32,27,28,31,27,29
1791409946.345559,0.077049,0.778843,-1.568190,0.078305,0.819900,-1.446269,0.057440,0.628025,-1.475193,-0.087701,0.655820,-1.491338,28,27,28,28,28,28,32,27,29,31,27,29
1791409946.365672,0.077140,0.778813,-1.568174,0.078305,0.819839,-1.446237,0.057409,0.628025,-1.475209,-0.087701,0.655790,-1.491322,28,27,28,28,28,28,32,27,29,31,27,29
1791409946.385706,0.077140,0.778843,-1.568174,0.078275,0.819839,-1.446285,0.057440,0.628025,-1.475193,-0.087732,0.655790,-1.491338,28,27,28,28,28,28,32,27,28,31,27,29
1791409946.405473,0.077109,0.778813,-1.568158,0.078245,0.819839,-1.446285,0.057470,0.628025,-1.475209,-0.087671,0.655820,-1.491322,28,27,28,28,28,28,32,27,28,31,27,29
1791409946.425526,0.077049,0.778813,-1.568079,0.078245,0.819778,-1.446285,0.057440,0.628086,-1.475209,-0.087611,0.655790,-1.491322,28,27,28,28,28,28,32,27,28,31,27,29
1791409946.445669,0.077079,0.778722,-1.568032,0.078245,0.819778,-1.446285,0.057440,0.628086,-1.475209,-0.087580,0.655760,-1.491322,28,27,28,28,28,28,32,27,28,31,27,29
1791409946.465547,0.076928,0.778722,-1.567905,0.078245,0.819748,-1.446285,0.057440,0.628086,-1.475209,-0.087580,0.655729,-1.491338,28,27,28,28,28,28,32,27,29,31,27,29
1791409946.485751,0.076928,0.778692,-1.567858,0.078245,0.819748,-1.446269,0.057500,0.628056,-1.475193,-0.087580,0.655729,-1.491338,28,27,28,28,28,28,32,27,29,31,27,29
1791409946.505537,0.076898,0.778722,-1.567795,0.078275,0.819809,-1.446300,0.057561,0.628056,-1.475209,-0.087580,0.655699,-1.491322,28,27,28,28,28,28,32,27,28,31,27,29
1791409946.525439,0.076928,0.778661,-1.567779,0.078245,0.819748,-1.446269,0.057531,0.628056,-1.475209,-0.087520,0.655729,-1.491338,28,27,28,28,28,28,32,27,29,31,27,29
1791409946.545648,0.076898,0.778661,-1.567732,0.078245,0.819657,-1.446285,0.057621,0.628025,-1.475240,-0.087368,0.655638,-1.491353,28,27,28,28,28,28,32,27,28,31,27,29
1791409946.565976,0.076898,0.778571,-1.567716,0.078214,0.819627,-1.446285,0.057773,0.628025,-1.475225,-0.087338,0.655578,-1.491353,28,27,28,28,28,28,32,27,28,31,27,29
1791409946.585716,0.076958,0.778601,-1.567684,0.078275,0.819566,-1.446300,0.057864,0.628025,-1.475209,-0.087247,0.655578,-1.491338,28,27,28,28,28,28,32,27,28,31,27,29
1791409946.605707,0.079078,0.782749,-1.576499,0.079274,0.825743,-1.453251,0.056713,0.626633,-1.487120,-0.088246,0.654730,-1.501669,28,27,28,28,28,28,32,27,29,31,27,29
1791409946.625799,0.079532,0.787048,-1.586878,0.079940,0.831102,-1.464056,0.055290,0.628873,-1.496882,-0.088156,0.657062,-1.510973,28,27,28,28,28,28,32,27,28,31,27,29
1791409946.645670,0.079713,0.793346,-1.601774,0.081121,0.838127,-1.479095,0.052989,0.632264,-1.509867,-0.087762,0.660604,-1.523279,28,27,28,28,28,28,32,27,28,31,27,29
1791409946.665625,0.079895,0.800249,-1.618187,0.082211,0.845151,-1.496408,0.051021,0.635746,-1.525364,-0.087701,0.664419,-1.538286,28,27,28,28,28,28,32,27,28,31,27,29
1791409946.685751,0.080440,0.805518,-1.634379,0.082635,0.851449,-1.511178,0.049204,0.639622,-1.540087,-0.087913,0.668779,-1.552677,28,27,28,28,28,28,32,27,28,31,27,29
1791409946.705681,0.080894,0.810211,-1.649339,0.082786,0.856202,-1.524969,0.047963,0.643739,-1.554731,-0.088095,0.673472,-1.566910,28,27,28,28,28,28,32,27,28,31,27,29
1791409946.725692,0.081076,0.814268,-1.662482,0.082726,0.860441,-1.538049,0.046933,0.648069,-1.569817,-0.088065,0.678104,-1.580432,28,27,28,28,28,28,32,27,29,31,27,29
1791409946.745649,0.081136,0.818446,-1.674867,0.082665,0.864407,-1.550118,0.046146,0.652520,-1.584334,-0.088035,0.682434,-1.594239,28,27,28,28,28,28,32,27,29,31,27,29
1791409946.765742,0.081046,0.822382,-1.688073,0.082544,0.867980,-1.563830,0.045601,0.657395,-1.599436,-0.087671,0.686249,-1.608219,28,27,28,28,28,28,32,27,28,31,27,29
1791409946.785612,0.080803,0.826500,-1.700521,0.082362,0.871492,-1.576641,0.045208,0.662390,-1.616465,-0.087247,0.689337,-1.622642,28,27,28,28,28,28,32,27,28,31,27,29
1791409946.805535,0.080440,0.830497,-1.713222,0.082029,0.875126,-1.589974,0.045056,0.667326,-1.632626,-0.086642,0.692426,-1.638581,28,27,28,28,28,28,32,27,29,31,27,29
1791409946.825514,0.079804,0.834130,-1.725212,0.081605,0.878759,-1.602959,0.044844,0.672321,-1.648881,-0.086127,0.695635,-1.653256,28,27,28,28,28,28,32,27,28,31,27,29
1791409946.845533,0.079138,0.837339,-1.737107,0.081151,0.882362,-1.616450,0.044814,0.677469,-1.664836,-0.085431,0.699087,-1.668185,28,27,28,28,28,28,32,27,28,31,27,29
1791409946.865822,0.078442,0.840579,-1.748860,0.080576,0.885935,-1.629893,0.044663,0.682616,-1.680996,-0.084734,0.703144,-1.683602,28,27,28,28,28,28,32,27,28,31,27,29
1791409946.885631,0.077897,0.844273,-1.760139,0.080061,0.889598,-1.644031,0.044541,0.687823,-1.696746,-0.084008,0.707080,-1.698847,28,27,28,28,28,28,32,27,28,31,27,29
1791409946.905787,0.077291,0.847725,-1.771718,0.079486,0.893625,-1.656542,0.044269,0.692759,-1.712574,-0.083402,0.711198,-1.714280,28,27,28,28,28,28,32,27,28,31,27,29
1791409946.925662,0.076716,0.851903,-1.783218,0.079001,0.897682,-1.670033,0.043966,0.697876,-1.727913,-0.082978,0.715225,-1.729619,28,27,28,28,28,28,32,27,29,31,27,29
1791409946.945677,0.075808,0.855930,-1.794260,0.078456,0.901831,-1.683476,0.043361,0.702659,-1.742336,-0.082615,0.719040,-1.744294,28,27,28,28,28,28,32,27,29,31,27,29
1791409946.965603,0.074808,0.860108,-1.805239,0.077911,0.906281,-1.697409,0.042876,0.707534,-1.756869,-0.082221,0.723067,-1.758843,28,27,28,28,28,28,32,27,29,31,27,29
1791409946.985955,0.073809,0.864347,-1.816771,0.077306,0.911277,-1.711595,0.042301,0.712712,-1.770675,-0.081767,0.727699,-1.772144,28,27,28,28,28,28,32,27,28,31,27,29
1791409947.005381,0.072598,0.868707,-1.827260,0.076337,0.916515,-1.725148,0.041544,0.718313,-1.784877,-0.081222,0.732634,-1.786867,28,27,28,28,28,28,32,27,29,31,27,29
1791409947.025727,0.071387,0.873279,-1.838934,0.075520,0.921753,-1.738623,0.040878,0.723672,-1.798352,-0.079950,0.737721,-1.799884,28,27,28,28,28,28,32,27,28,31,27,29
1791409947.045777,0.069631,0.878426,-1.849676,0.074702,0.927143,-1.751987,0.039576,0.728668,-1.812285,-0.077195,0.742717,-1.812901,28,27,28,28,28,28,32,27,28,31,27,29
1791409947.065506,0.067148,0.883180,-1.861824,0.074006,0.932623,-1.764720,0.037275,0.733966,-1.826044,-0.071624,0.749408,-1.823927,28,27,28,28,28,28,32,27,29,31,27,29
1791409947.085654,0.064060,0.888660,-1.874493,0.072492,0.938133,-1.778669,0.033823,0.739416,-1.839724,-0.063207,0.758885,-1.833405,28,27,28,28,28,28,32,27,28,31,27,29
1791409947.105692,0.060487,0.893837,-1.887462,0.070100,0.944401,-1.791906,0.028797,0.744503,-1.854289,-0.051883,0.770360,-1.840861,28,27,28,28,28,28,32,27,29,31,27,29
1791409947.125553,0.057035,0.899227,-1.900511,0.067617,0.951940,-1.805287,0.022378,0.749105,-1.870291,-0.038349,0.782411,-1.846564,28,27,28,28,28,28,32,27,28,31,27,29
1791409947.145657,0.054250,0.904101,-1.914286,0.065346,0.960599,-1.819062,0.014930,0.753647,-1.885835,-0.024512,0.795642,-1.850450,28,27,28,28,28,28,32,27,28,31,27,29
1791409947.165660,0.052736,0.908915,-1.927745,0.063590,0.970318,-1.833121,0.006028,0.757432,-1.902296,-0.011856,0.808903,-1.855284,28,27,28,28,28,28,32,27,28,31,27,29
1791409947.185711,0.052161,0.913064,-1.940730,0.062924,0.980582,-1.847054,-0.003267,0.761035,-1.919846,-0.003621,0.820197,-1.863230,28,27,28,28,28,28,32,27,28,31,27,29
1791409947.205673,0.052706,0.916818,-1.953130,0.063318,0.990180,-1.861840,-0.011139,0.762185,-1.936844,-0.003924,0.828130,-1.882186,28,27,28,28,28,28,32,27,28,31,27,29
1791409947.225559,0.053402,0.918786,-1.964157,0.063409,0.996841,-1.877052,-0.016619,0.761761,-1.949750,-0.005619,0.834548,-1.905202,28,27,28,28,28,28,32,27,28,31,27,29
1791409947.246107,0.053190,0.919664,-1.973208,0.062742,1.001413,-1.891996,-0.020252,0.761913,-1.961661,-0.006588,0.839908,-1.924996,28,27,28,28,28,28,32,27,28,31,27,29
1791409947.265664,0.051555,0.921208,-1.982260,0.061107,1.003866,-1.906750,-0.021403,0.764062,-1.975610,-0.006043,0.844237,-1.944237,28,27,28,28,28,28,32,27,29,31,27,29
1791409947.285714,0.048649,0.923933,-1.991201,0.058201,1.005561,-1.920905,-0.021706,0.768059,-1.990032,-0.004226,0.847477,-1.961708,28,27,28,28,28,28,32,27,28,31,27,29
1791409947.305686,0.045288,0.927355,-2.000047,0.055082,1.007045,-1.935390,-0.021554,0.772631,-2.005023,-0.001320,0.849808,-1.978263,28,27,28,28,28,28,32,27,28,31,27,29
1791409947.325469,0.042230,0.930988,-2.010094,0.052388,1.009134,-1.949781,-0.021282,0.778232,-2.021437,0.001436,0.851655,-1.994487,28,27,28,28,28,28,32,27,29,31,27,29
1791409947.345716,0.039929,0.935560,-2.020236,0.050298,1.011708,-1.963272,-0.021221,0.783682,-2.036728,0.004554,0.853835,-2.009336,28,27,28,28,28,28,32,27,28,31,27,29
1791409947.365573,0.038021,0.939889,-2.031152,0.048784,1.015765,-1.976478,-0.021252,0.789162,-2.053346,0.007249,0.857105,-2.024201,28,27,28,28,28,28,32,27,29,31,27,29
1791409947.385911,0.036719,0.944825,-2.042241,0.047816,1.020064,-1.989606,-0.021706,0.794491,-2.068053,0.009641,0.861253,-2.037534,28,27,28,28,28,28,32,27,28,31,27,29
1791409947.405709,0.035932,0.949639,-2.054484,0.047513,1.024939,-2.001674,-0.022432,0.798942,-2.082760,0.011730,0.865674,-2.051087,28,27,28,28,28,28,32,27,28,31,27,29
1791409947.425750,0.035569,0.955180,-2.067327,0.047331,1.030026,-2.013759,-0.023371,0.803635,-2.096836,0.013516,0.870669,-2.064199,28,27,28,28,28,28,32,27,29,31,27,29
1791409947.445798,0.035357,0.961477,-2.080027,0.047361,1.036111,-2.024580,-0.024370,0.808146,-2.111858,0.015484,0.876392,-2.076568,28,27,28,28,28,28,32,27,28,31,27,29
1791409947.465606,0.035024,0.967836,-2.093407,0.047180,1.042621,-2.036586,-0.025521,0.814172,-2.126328,0.016877,0.882084,-2.088637,28,27,28,28,28,28,32,27,29,31,27,29
1791409947.485831,0.034630,0.973861,-2.105903,0.046998,1.049978,-2.048102,-0.026732,0.820257,-2.140245,0.018785,0.887685,-2.099947,28,27,28,28,28,28,32,27,29,31,27,29
1791409947.505816,0.034115,0.980219,-2.119725,0.046756,1.056912,-2.060692,-0.027882,0.826949,-2.153547,0.020753,0.893892,-2.112016,28,27,28,28,28,28,32,27,29,31,27,29
1791409947.525783,0.033358,0.986426,-2.133295,0.046241,1.064148,-2.072745,-0.029245,0.834003,-2.166800,0.023235,0.900190,-2.123611,28,27,28,28,28,28,32,27,29,31,27,29
1791409947.545912,0.032268,0.992360,-2.146501,0.045575,1.071687,-2.085414,-0.030698,0.840695,-2.180686,0.025960,0.906548,-2.135585,28,27,28,28,28,28,32,27,28,31,27,29
1791409947.565633,0.030633,0.999233,-2.160055,0.044485,1.078349,-2.097767,-0.032575,0.847810,-2.193939,0.029775,0.912876,-2.146327,28,27,28,28,28,28,32,27,29,31,27,29
1791409947.585611,0.028998,1.005289,-2.173229,0.043213,1.086221,-2.111100,-0.035512,0.854441,-2.206151,0.034105,0.919568,-2.156753,28,27,28,28,28,28,32,27,28,31,27,29
1791409947.606055,0.027333,1.011889,-2.186404,0.042335,1.094426,-2.124338,-0.038843,0.860678,-2.219894,0.039040,0.926925,-2.168396,28,27,28,28,28,28,32,27,28,31,27,29
1791409947.625760,0.025819,1.018732,-2.198884,0.041124,1.102147,-2.137797,-0.042234,0.866249,-2.231915,0.044218,0.934161,-2.180780,28,27,28,28,28,28,32,27,28,31,27,29
1791409947.645695,0.024275,1.024818,-2.211695,0.040155,1.109322,-2.151224,-0.045988,0.871002,-2.244569,0.048517,0.940641,-2.192581,28,27,28,28,28,28,32,27,29,31,27,29
1791409947.665733,0.022973,1.030298,-2.222864,0.039398,1.116680,-2.165299,-0.049803,0.876029,-2.257317,0.052756,0.946969,-2.206245,28,27,28,28,28,28,32,27,28,31,27,29
1791409947.685659,0.021459,1.035475,-2.234206,0.038490,1.123220,-2.178759,-0.054072,0.880994,-2.269528,0.058600,0.954841,-2.218962,28,27,28,28,28,28,32,27,29,31,27,29
1791409947.705566,0.019189,1.041077,-2.245643,0.037007,1.129608,-2.192407,-0.059129,0.884991,-2.282308,0.066563,0.962077,-2.231884,28,27,28,28,28,28,32,27,28,31,27,29
1791409947.725721,0.017221,1.046406,-2.257001,0.035674,1.135210,-2.205771,-0.064579,0.888654,-2.295230,0.073163,0.968648,-2.244600,28,27,28,28,28,28,32,27,29,31,27,29
1791409947.745742,0.015525,1.051341,-2.268296,0.035674,1.138843,-2.219104,-0.069877,0.892681,-2.307504,0.078643,0.975733,-2.259118,28,27,28,28,28,28,32,27,28,31,27,29
1791409947.765728,0.013799,1.055822,-2.279985,0.035977,1.140872,-2.232263,-0.074601,0.896860,-2.322006,0.083548,0.982060,-2.274378,28,27,28,28,28,28,32,27,29,31,27,29
1791409947.785738,0.011801,1.060576,-2.291154,0.036340,1.143657,-2.246196,-0.079869,0.901553,-2.335701,0.087878,0.988146,-2.290159,28,27,28,28,28,28,32,27,28,31,27,29
1791409947.805804,0.010075,1.065814,-2.302275,0.036552,1.147745,-2.261329,-0.085531,0.907093,-2.348639,0.091451,0.993082,-2.306445,28,27,28,28,28,28,32,27,29,31,27,29
1791409947.825789,0.008591,1.070840,-2.313712,0.036583,1.152377,-2.276810,-0.092434,0.914693,-2.361103,0.096810,0.997078,-2.321753,28,27,28,28,28,28,32,27,29,31,27,29
1791409947.845629,0.007441,1.076320,-2.324154,0.036522,1.156646,-2.292765,-0.099277,0.924019,-2.371908,0.102805,1.000863,-2.336539,28,27,28,28,28,28,32,27,28,31,27,29
1791409947.865826,0.006533,1.081800,-2.335765,0.036552,1.160431,-2.307156,-0.105817,0.931376,-2.385083,0.109012,1.004466,-2.350772,28,27,28,28,28,28,32,27,29,31,27,29
1791409947.885683,0.005412,1.087129,-2.346475,0.036552,1.164942,-2.322195,-0.112599,0.940096,-2.397768,0.114522,1.009129,-2.364326,28,27,28,28,28,28,32,27,29,31,27,29
1791409947.905645,0.004413,1.092428,-2.358733,0.036855,1.168939,-2.335844,-0.118654,0.947695,-2.411606,0.119790,1.013307,-2.379048,28,27,28,28,28,28,32,27,29,31,27,29
1791409947.925624,0.003565,1.098998,-2.370392,0.037612,1.171967,-2.348750,-0.124892,0.954750,-2.425270,0.125483,1.017576,-2.393108,28,27,28,28,28,28,32,27,28,31,27,29
1791409947.945806,0.002869,1.105447,-2.383187,0.038975,1.173844,-2.362288,-0.130977,0.962895,-2.439251,0.130448,1.021906,-2.407657,28,27,28,28,28,28,32,27,29,31,27,29
1791409947.965672,0.001961,1.111321,-2.396378,0.040246,1.175903,-2.375067,-0.136730,0.969738,-2.452741,0.134869,1.026357,-2.420737,28,27,28,28,28,28,32,27,28,31,27,29
1791409947.985725,0.000477,1.116529,-2.409758,0.041245,1.178325,-2.388637,-0.143512,0.977791,-2.468396,0.139077,1.031776,-2.434827,28,27,28,28,28,28,32,27,29,31,27,29
1791409948.005699,-0.000825,1.120767,-2.422300,0.042638,1.181988,-2.402696,-0.150476,0.985724,-2.480591,0.144043,1.036923,-2.448855,28,27,28,28,28,28,32,27,28,31,27,29
1791409948.025540,-0.001975,1.126248,-2.435601,0.043789,1.186046,-2.416661,-0.156865,0.993869,-2.494350,0.149614,1.042343,-2.463009,28,27,28,28,28,28,32,27,29,31,27,29
1791409948.045743,-0.003247,1.132182,-2.448255,0.044909,1.189588,-2.430578,-0.162890,1.001529,-2.507367,0.154791,1.047369,-2.477606,28,27,28,28,28,28,32,27,28,31,27,29
1791409948.065783,-0.004277,1.138207,-2.461793,0.046332,1.192192,-2.444732,-0.168945,1.008947,-2.519989,0.160605,1.053273,-2.490717,28,27,28,28,28,28,32,27,28,31,27,29
1791409948.085637,-0.005851,1.143930,-2.474367,0.047150,1.195856,-2.459155,-0.174789,1.016547,-2.532611,0.166327,1.060419,-2.503639,28,27,28,28,28,28,32,27,28,31,27,29
1791409948.105611,-0.007758,1.149289,-2.487179,0.047785,1.198671,-2.473609,-0.181844,1.024267,-2.544695,0.172685,1.067655,-2.515976,28,27,28,28,28,28,32,27,29,31,27,29
1791409948.125820,-0.009212,1.154466,-2.499137,0.048512,1.200246,-2.488822,-0.188929,1.034017,-2.555880,0.178650,1.073711,-2.528772,28,27,28,28,28,28,32,27,28,31,27,29
1791409948.145786,-0.010695,1.159038,-2.512264,0.049208,1.203728,-2.504366,-0.195287,1.043827,-2.566227,0.184160,1.080129,-2.542326,28,27,28,28,28,28,32,27,29,31,27,29
1791409948.165547,-0.012149,1.164004,-2.525281,0.050329,1.207694,-2.520273,-0.202069,1.054151,-2.577174,0.189368,1.086064,-2.555595,28,27,28,28,28,28,32,27,28,31,27,29
1791409948.185681,-0.013329,1.167788,-2.538171,0.051388,1.211691,-2.534854,-0.208367,1.063053,-2.588832,0.194425,1.092664,-2.568407,28,27,28,28,28,28,32,27,29,31,27,29
1791409948.205669,-0.014964,1.172724,-2.550809,0.052236,1.217110,-2.550177,-0.214059,1.072621,-2.600143,0.199663,1.098902,-2.580965,28,27,28,28,28,28,32,27,28,31,27,29
1791409948.225706,-0.016751,1.176084,-2.563320,0.052993,1.223075,-2.566132,-0.219539,1.082854,-2.611169,0.205234,1.104624,-2.593066,28,27,28,28,28,28,32,27,29,31,27,29
1791409948.245748,-0.018779,1.180535,-2.576305,0.053720,1.228707,-2.581107,-0.225292,1.092664,-2.621437,0.210774,1.110831,-2.604471,28,27,28,28,28,28,32,27,28,31,27,29
1791409948.265718,-0.020384,1.186227,-2.588579,0.054779,1.233763,-2.595704,-0.231711,1.101748,-2.633111,0.216709,1.116917,-2.616461,28,27,28,28,28,28,32,27,28,31,27,29
1791409948.285850,-0.022019,1.192192,-2.602970,0.055536,1.236761,-2.609289,-0.238069,1.111739,-2.643885,0.222673,1.125909,-2.627234,28,27,28,28,28,28,32,27,29,31,27,29
1791409948.305789,-0.024260,1.198369,-2.616098,0.056233,1.239849,-2.622385,-0.243882,1.120065,-2.655164,0.228668,1.133660,-2.637503,28,27,28,28,28,28,32,27,28,31,27,29
1791409948.325817,-0.026076,1.203455,-2.630062,0.056778,1.243906,-2.637345,-0.250271,1.128392,-2.665463,0.234724,1.141775,-2.647834,28,27,28,28,28,28,32,27,29,31,27,29
1791409948.345625,-0.028075,1.208300,-2.643095,0.057686,1.247872,-2.651609,-0.256357,1.137414,-2.675984,0.240931,1.150525,-2.658118,28,27,28,28,28,28,32,27,28,31,27,29
1791409948.365671,-0.030043,1.213568,-2.657344,0.058322,1.252141,-2.665827,-0.262382,1.145801,-2.686584,0.246956,1.158033,-2.668496,28,27,28,28,28,28,32,27,29,31,27,29
1791409948.385663,-0.032314,1.218806,-2.671040,0.058685,1.256411,-2.680470,-0.268013,1.153795,-2.697042,0.252588,1.165542,-2.678575,28,27,28,28,28,28,32,27,29,31,27,29
1791409948.405657,-0.034403,1.223136,-2.684704,0.059230,1.260619,-2.694530,-0.273252,1.161788,-2.708004,0.258885,1.173445,-2.688606,28,27,28,28,28,28,32,27,29,31,27,29
1791409948.425691,-0.036946,1.227041,-2.697436,0.059382,1.264404,-2.709189,-0.278671,1.170084,-2.718099,0.265577,1.182074,-2.699522,28,27,28,28,28,28,32,27,29,31,27,29
1791409948.445482,-0.039308,1.231159,-2.709426,0.059563,1.267553,-2.723770,-0.284333,1.178592,-2.728193,0.272571,1.190370,-2.709584,28,27,28,28,28,28,32,27,28,31,27,29
1791409948.465678,-0.041457,1.235216,-2.721337,0.059624,1.270611,-2.738729,-0.289904,1.187463,-2.737687,0.278263,1.199605,-2.719394,28,27,28,28,28,28,32,27,28,31,27,29
1791409948.485662,-0.043698,1.239607,-2.734986,0.059715,1.273396,-2.752505,-0.295869,1.195396,-2.747908,0.283743,1.208415,-2.730831,28,27,28,28,28,28,32,27,28,31,27,29
1791409948.505661,-0.045363,1.243997,-2.747086,0.059806,1.276454,-2.765932,-0.302197,1.203904,-2.757686,0.290162,1.216651,-2.740767,28,27,28,28,28,28,32,27,29,31,27,29
1791409948.525552,-0.047937,1.248720,-2.759392,0.060593,1.283358,-2.783593,-0.313460,1.200089,-2.769818,0.300729,1.217256,-2.751936,28,27,28,28,28,28,32,27,28,31,27,29
1791409948.545818,-0.047906,1.252656,-2.770561,0.059079,1.293380,-2.798505,-0.329689,1.198666,-2.779359,0.308722,1.217105,-2.756754,28,27,28,28,28,28,32,27,29,31,27,29
1791409948.565751,-0.047604,1.253565,-2.773436,0.057837,1.298769,-2.800275,-0.335109,1.198363,-2.779249,0.308510,1.217075,-2.756485,28,27,28,28,28,28,32,27,28,31,27,29
1791409948.585568,-0.047452,1.253777,-2.773578,0.057202,1.300737,-2.800290,-0.340498,1.198424,-2.779265,0.309328,1.217105,-2.756517,28,27,28,28,28,28,32,27,28,31,27,29
1791409948.605605,-0.047361,1.254291,-2.774194,0.056354,1.301676,-2.800685,-0.342648,1.198454,-2.779249,0.310751,1.217075,-2.756517,28,27,28,28,28,28,32,27,29,31,27,29
1791409948.625880,-0.047301,1.254352,-2.774541,0.055839,1.302402,-2.800922,-0.343102,1.198121,-2.779249,0.310842,1.217044,-2.756501,28,27,28,28,28,28,32,27,28,31,27,29
1791409948.645633,-0.047271,1.254473,-2.774683,0.055476,1.302826,-2.800970,-0.344495,1.198242,-2.779249,0.311326,1.217044,-2.756501,28,27,28,28,28,28,32,27,28,31,27,29
1791409948.665565,-0.047271,1.254594,-2.775015,0.055355,1.303371,-2.801096,-0.344616,1.198182,-2.779265,0.311326,1.217044,-2.756517,28,27,28,28,28,28,32,27,28,31,27,29
1791409948.685791,-0.047271,1.254564,-2.775141,0.055234,1.303916,-2.801159,-0.344828,1.198151,-2.779249,0.311387,1.217044,-2.756501,28,27,28,28,28,28,32,27,28,31,27,29
1791409948.705704,-0.047301,1.254594,-2.775173,0.055173,1.304249,-2.801207,-0.344888,1.198182,-2.779249,0.311356,1.217075,-2.756517,28,27,28,28,28,28,32,27,28,31,27,29
1791409948.725540,-0.047301,1.254655,-2.775252,0.055082,1.304491,-2.801254,-0.344949,1.198182,-2.779249,0.311417,1.217044,-2.756517,28,27,28,28,28,28,32,27,28,31,27,29
1791409948.745820,-0.047301,1.254655,-2.775284,0.055082,1.304643,-2.801301,-0.345040,1.198212,-2.779249,0.311387,1.217044,-2.756517,28,27,28,28,28,28,32,27,29,31,27,29
1791409948.765636,-0.047301,1.254685,-2.775315,0.055052,1.304764,-2.801301,-0.345100,1.198182,-2.779265,0.311447,1.217075,-2.756533,28,27,28,28,28,28,32,27,29,31,27,29
1791409948.785736,-0.047271,1.254655,-2.775331,0.055052,1.304824,-2.801333,-0.345191,1.198121,-2.779265,0.311447,1.217075,-2.756501,28,27,28,28,28,28,32,27,29,31,27,29
1791409948.805665,-0.047301,1.254685,-2.775363,0.055022,1.304915,-2.801349,-0.345221,1.198121,-2.779265,0.311447,1.217044,-2.756501,28,27,28,28,28,28,32,27,28,31,27,29
1791409948.825829,-0.047271,1.254715,-2.775363,0.054991,1.304976,-2.801396,-0.345251,1.198182,-2.779249,0.311477,1.217075,-2.756517,28,27,28,28,28,28,32,27,28,31,27,29
1791409948.846445,-0.047271,1.254715,-2.775378,0.054961,1.305036,-2.801412,-0.345312,1.198151,-2.779265,0.311477,1.217044,-2.756501,28,27,28,28,28,28,32,27,28,31,27,29
1791409948.865645,-0.047240,1.254715,-2.775394,0.054961,1.305127,-2.801428,-0.345373,1.198121,-2.779265,0.311477,1.217044,-2.756517,28,27,28,28,28,28,32,27,28,31,27,29
1791409948.885598,-0.047240,1.254745,-2.775410,0.054991,1.305127,-2.801428,-0.345373,1.198091,-2.779265,0.311477,1.217044,-2.756517,28,27,28,28,28,28,32,27,29,31,27,29
1791409948.905889,-0.047240,1.254715,-2.775426,0.054961,1.305188,-2.801444,-0.345463,1.198091,-2.779265,0.311477,1.217075,-2.756533,28,27,28,28,28,28,32,27,28,31,27,29
1791409948.925494,-0.047271,1.254715,-2.775442,0.054931,1.305188,-2.801444,-0.345463,1.198091,-2.779265,0.311508,1.217044,-2.756517,28,27,28,28,28,28,32,27,28,31,27,29
1791409948.945589,-0.047240,1.254745,-2.775457,0.054961,1.305188,-2.801459,-0.345463,1.198091,-2.779265,0.311477,1.217075,-2.756501,28,27,28,28,28,28,32,27,28,31,27,29
1791409948.965997,-0.047240,1.254745,-2.775457,0.054961,1.305279,-2.801475,-0.345524,1.198091,-2.779265,0.311508,1.217044,-2.756501,28,27,28,28,28,28,32,27,28,31,27,29
1791409948.985806,-0.047301,1.254715,-2.775473,0.054961,1.305248,-2.801507,-0.345554,1.198091,-2.779249,0.311508,1.217075,-2.756517,28,27,28,28,28,28,32,27,29,31,27,29
1791409949.005818,-0.047240,1.254715,-2.775473,0.054931,1.305279,-2.801491,-0.345585,1.198060,-2.779265,0.311477,1.217044,-2.756517,28,27,28,28,28,28,32,27,29,31,27,29
1791409949.025763,-0.047240,1.254715,-2.775489,0.054931,1.305309,-2.801491,-0.345615,1.198091,-2.779265,0.311508,1.217075,-2.756517,28,27,28,28,28,28,32,27,29,31,27,29
1791409949.045587,-0.047210,1.254685,-2.775521,0.054961,1.305339,-2.801507,-0.345645,1.198060,-2.779265,0.311508,1.217075,-2.756533,28,27,28,28,28,28,32,27,29,31,27,29
1791409949.065579,-0.047240,1.254715,-2.775505,0.054961,1.305339,-2.801507,-0.345706,1.198091,-2.779249,0.311508,1.217044,-2.756517,28,27,28,28,28,28,32,27,29,31,27,29
1791409949.085698,-0.047271,1.254715,-2.775521,0.054931,1.305339,-2.801522,-0.345736,1.198091,-2.779265,0.311538,1.217075,-2.756533,28,27,28,28,28,28,32,27,28,31,27,29
1791409949.105744,-0.047240,1.254745,-2.775521,0.054931,1.305400,-2.801522,-0.345736,1.198091,-2.779249,0.311538,1.217075,-2.756517,28,27,28,28,28,28,32,27,29,31,28,29
1791409949.125644,-0.047271,1.254685,-2.775537,0.054931,1.305400,-2.801538,-0.345827,1.198030,-2.779249,0.311538,1.217075,-2.756533,28,27,28,28,28,28,32,27,28,31,27,29
1791409949.145677,-0.047240,1.254745,-2.775552,0.054931,1.305400,-2.801538,-0.345827,1.198060,-2.779280,0.311568,1.217044,-2.756501,28,27,28,28,28,28,32,27,29,31,27,29
1791409949.165677,-0.047240,1.254745,-2.775537,0.054901,1.305400,-2.801554,-0.345887,1.198030,-2.779265,0.311568,1.217044,-2.756517,28,27,28,28,28,28,32,27,28,31,27,29
1791409949.185686,-0.047240,1.254715,-2.775552,0.054901,1.305430,-2.801554,-0.345918,1.198030,-2.779265,0.311568,1.217075,-2.756517,28,27,28,28,28,28,32,27,28,31,27,29
1791409949.205840,-0.047240,1.254715,-2.775552,0.054901,1.305430,-2.801554,-0.345978,1.198060,-2.779249,0.311599,1.217044,-2.756517,28,27,28,28,28,28,32,27,28,31,27,29
1791409949.225988,-0.047240,1.254745,-2.775552,0.054870,1.305460,-2.801554,-0.346039,1.198000,-2.779280,0.311508,1.217044,-2.756517,28,27,28,28,28,28,32,27,29,31,27,29
1791409949.245855,-0.047240,1.254715,-2.775568,0.054931,1.305430,-2.801570,-0.346069,1.198060,-2.779265,0.311538,1.217044,-2.756517,28,27,28,28,28,28,32,27,28,31,27,29
1791409949.265705,-0.047301,1.254745,-2.775584,0.054870,1.305460,-2.801554,-0.346130,1.198060,-2.779265,0.311568,1.217044,-2.756501,28,27,28,28,28,28,32,27,29,31,27,29
1791409949.285726,-0.047240,1.254776,-2.775584,0.054870,1.305430,-2.801554,-0.346160,1.198030,-2.779265,0.311599,1.217075,-2.756517,28,27,28,28,28,28,32,27,29,31,27,29
1791409949.306038,-0.047240,1.254715,-2.775600,0.054870,1.305430,-2.801570,-0.346281,1.198030,-2.779280,0.311599,1.217044,-2.756533,28,27,28,28,28,28,32,27,29,31,27,29
1791409949.325704,-0.047240,1.254715,-2.775584,0.054870,1.305460,-2.801570,-0.346311,1.198030,-2.779265,0.311599,1.217075,-2.756533,28,27,28,28,28,28,32,27,28,31,27,29
1791409949.345717,-0.047271,1.254745,-2.775584,0.054870,1.305521,-2.801570,-0.346372,1.198030,-2.779265,0.311599,1.217014,-2.756501,28,27,28,28,28,28,32,27,29,31,27,29
1791409949.365635,-0.047271,1.254715,-2.775600,0.054931,1.305460,-2.801570,-0.346463,1.198030,-2.779265,0.311599,1.217044,-2.756517,28,27,28,28,28,28,32,27,29,31,27,29
1791409949.385642,-0.047240,1.254715,-2.775615,0.054870,1.305521,-2.801586,-0.346493,1.198030,-2.779280,0.311568,1.217044,-2.756517,28,27,28,28,28,28,32,27,28,31,27,29
1791409949.405700,-0.047271,1.254745,-2.775615,0.054870,1.305521,-2.801570,-0.346553,1.198091,-2.779280,0.311629,1.217044,-2.756517,28,27,28,28,28,28,32,27,28,31,27,29
1791409949.425771,-0.047240,1.254745,-2.775615,0.054870,1.305521,-2.801586,-0.346614,1.198030,-2.779265,0.311599,1.217075,-2.756517,28,27,28,28,28,28,32,27,28,31,27,29
1791409949.445638,-0.047271,1.254776,-2.775631,0.054870,1.305521,-2.801570,-0.346705,1.198060,-2.779265,0.311568,1.217075,-2.756517,28,27,28,28,28,28,32,27,29,31,27,29
1791409949.465790,-0.047240,1.254745,-2.775631,0.054901,1.305551,-2.801601,-0.346796,1.198030,-2.779249,0.311599,1.217044,-2.756517,28,27,28,28,28,28,32,27,29,31,27,29
1791409949.485725,-0.047210,1.254776,-2.775631,0.054870,1.305521,-2.801601,-0.346977,1.198060,-2.779265,0.311599,1.217075,-2.756533,28,27,28,28,28,28,32,27,28,31,27,29
1791409949.505785,-0.047271,1.254745,-2.775647,0.054870,1.305551,-2.801601,-0.347098,1.198030,-2.779265,0.311629,1.217044,-2.756517,28,27,28,28,28,28,32,27,29,31,27,29
1791409949.525620,-0.047240,1.254745,-2.775647,0.054870,1.305551,-2.801601,-0.347220,1.198060,-2.779265,0.311629,1.217044,-2.756517,28,27,28,28,28,28,32,27,29,31,28,29
1791409949.545640,-0.047240,1.254776,-2.775663,0.054840,1.305521,-2.801601,-0.347341,1.198030,-2.779265,0.311599,1.217044,-2.756501,28,27,28,28,28,28,32,27,29,31,28,29
1791409949.565872,-0.047240,1.254715,-2.775663,0.054870,1.305521,-2.801601,-0.347522,1.198060,-2.779265,0.311599,1.217044,-2.756517,28,27,28,28,28,28,32,27,29,31,27,29
1791409949.585769,-0.047271,1.254745,-2.775663,0.054840,1.305551,-2.801601,-0.347613,1.198030,-2.779280,0.311629,1.217075,-2.756517,28,27,28,28,28,28,32,27,29,31,28,29
1791409949.605855,-0.047240,1.254745,-2.775663,0.054779,1.305521,-2.801617,-0.347704,1.198060,-2.779265,0.311659,1.217044,-2.756517,28,27,28,28,28,28,32,27,28,31,27,29
1791409949.625601,-0.047240,1.254715,-2.775663,0.054870,1.305521,-2.801601,-0.347795,1.198060,-2.779280,0.311599,1.217075,-2.756517,28,27,28,28,28,28,32,27,29,31,28,29
1791409949.645674,-0.047271,1.254745,-2.775663,0.054810,1.305551,-2.801601,-0.347886,1.198030,-2.779280,0.311629,1.217014,-2.756501,28,27,28,28,28,28,32,27,28,31,27,29
1791409949.665716,-0.047240,1.254745,-2.775679,0.054779,1.305581,-2.801601,-0.347886,1.198030,-2.779265,0.311629,1.217044,-2.756533,28,27,28,28,28,28,32,27,29,31,28,29
1791409949.685671,-0.047271,1.254745,-2.775694,0.054779,1.305581,-2.801601,-0.348007,1.198060,-2.779265,0.311629,1.217044,-2.756517,28,27,28,28,28,28,32,27,29,31,28,29
1791409949.705875,-0.047240,1.254745,-2.775663,0.054779,1.305551,-2.801601,-0.348037,1.198060,-2.779280,0.311599,1.217075,-2.756517,28,27,28,28,28,28,32,27,29,31,27,29
1791409949.725795,-0.047240,1.254776,-2.775679,0.054810,1.305581,-2.801601,-0.348128,1.198060,-2.779265,0.311659,1.217044,-2.756533,28,27,28,28,28,28,32,27,29,31,27,29
1791409949.745662,-0.047271,1.254715,-2.775694,0.054810,1.305612,-2.801601,-0.348219,1.198060,-2.779265,0.311599,1.217044,-2.756533,28,27,28,28,28,28,32,27,29,31,28,29
1791409949.765651,-0.047240,1.254745,-2.775694,0.054779,1.305612,-2.801617,-0.348219,1.198091,-2.779280,0.311629,1.217044,-2.756517,28,27,28,28,28,28,32,27,29,31,27,29
1791409949.785762,-0.047240,1.254776,-2.775710,0.054810,1.305581,-2.801617,-0.348219,1.198091,-2.779280,0.311629,1.217044,-2.756517,28,27,28,28,28,28,32,27,29,31,27,29
1791409949.805707,-0.047271,1.254776,-2.775710,0.054779,1.305612,-2.801617,-0.348340,1.198091,-2.779280,0.311629,1.217044,-2.756533,28,27,28,28,28,28,32,27,28,31,28,29
1791409949.825846,-0.047240,1.254806,-2.775710,0.054749,1.305612,-2.801633,-0.348279,1.198060,-2.779265,0.311599,1.217075,-2.756533,28,27,28,28,28,28,32,27,29,31,28,29
1791409949.845850,-0.047210,1.254745,-2.775710,0.054779,1.305612,-2.801601,-0.348370,1.198060,-2.779265,0.311629,1.217044,-2.756517,28,27,28,28,28,28,32,27,29,31,27,29
1791409949.865678,-0.047240,1.254806,-2.775726,0.054779,1.305612,-2.801633,-0.348370,1.198060,-2.779265,0.311629,1.217075,-2.756517,28,27,28,28,28,28,32,27,28,31,27,29
1791409949.885803,-0.047240,1.254806,-2.775726,0.054749,1.305642,-2.801617,-0.348370,1.198060,-2.779265,0.311629,1.217075,-2.756517,28,27,28,28,28,28,32,27,28,31,28,29
1791409949.905742,-0.047271,1.254776,-2.775710,0.054779,1.305642,-2.801617,-0.348370,1.198091,-2.779265,0.311629,1.217075,-2.756533,28,27,28,28,28,28,32,27,29,31,28,29
1791409949.925685,-0.047271,1.254776,-2.775726,0.054749,1.305672,-2.801617,-0.348431,1.198030,-2.779249,0.311659,1.217044,-2.756517,28,27,28,28,28,28,32,27,28,31,28,29
1791409949.945762,-0.047210,1.254745,-2.775742,0.054749,1.305642,-2.801633,-0.348461,1.198091,-2.779265,0.311659,1.217044,-2.756517,28,27,28,28,28,28,32,27,29,31,28,29
1791409949.965735,-0.047240,1.254745,-2.775726,0.054779,1.305642,-2.801633,-0.348491,1.198060,-2.779280,0.311629,1.217044,-2.756501,28,27,28,28,28,28,32,27,29,31,27,29
1791409949.985738,-0.047240,1.254806,-2.775742,0.054779,1.305612,-2.801633,-0.348552,1.198091,-2.779265,0.311659,1.217044,-2.756517,28,27,28,28,28,28,32,27,28,31,28,29
1791409950.005827,-0.047210,1.254806,-2.775742,0.054719,1.305672,-2.801633,-0.348521,1.198060,-2.779265,0.311659,1.217075,-2.756501,28,27,28,28,28,28,32,27,29,31,27,29
1791409950.025638,-0.047271,1.254745,-2.775742,0.054749,1.305642,-2.801617,-0.348552,1.198060,-2.779280,0.311689,1.217075,-2.756501,28,27,28,28,28,28,32,27,28,31,27,29
1791409950.045653,-0.047271,1.254745,-2.775742,0.054779,1.305672,-2.801601,-0.348521,1.198060,-2.779265,0.311659,1.217075,-2.756517,28,27,28,28,28,28,32,27,28,31,28,29
1791409950.065732,-0.047271,1.254745,-2.775742,0.054779,1.305672,-2.801617,-0.348491,1.198091,-2.779280,0.311659,1.217014,-2.756533,28,27,28,28,28,28,32,27,29,31,28,29
1791409950.085989,-0.047240,1.254745,-2.775726,0.054719,1.305702,-2.801617,-0.348552,1.198091,-2.779233,0.311689,1.217044,-2.756517,28,27,28,28,28,28,32,27,28,31,27,29
1791409950.105642,-0.047240,1.254776,-2.775758,0.054749,1.305642,-2.801617,-0.348582,1.198060,-2.779280,0.311659,1.217044,-2.756533,28,27,28,28,28,28,32,27,28,31,27,29
1791409950.125929,-0.047271,1.254745,-2.775742,0.054749,1.305642,-2.801617,-0.348582,1.198091,-2.779265,0.311659,1.217044,-2.756517,28,27,28,28,28,28,32,27,28,31,27,29
1791409950.145773,-0.047240,1.254806,-2.775742,0.054749,1.305672,-2.801633,-0.348582,1.198091,-2.779265,0.311689,1.217044,-2.756517,28,27,28,28,28,28,32,27,28,31,27,29
1791409950.165826,-0.047240,1.254776,-2.775726,0.054779,1.305672,-2.801633,-0.348643,1.198091,-2.779280,0.311659,1.217044,-2.756517,28,27,28,28,28,28,32,27,29,31,28,29
1791409950.185786,-0.047240,1.254776,-2.775758,0.054749,1.305642,-2.801633,-0.348612,1.198091,-2.779249,0.311689,1.217044,-2.756517,28,27,28,28,28,28,32,27,28,31,27,29
1791409950.206051,-0.047240,1.254715,-2.775758,0.054749,1.305672,-2.801633,-0.348643,1.198091,-2.779265,0.311689,1.217044,-2.756501,28,27,28,28,28,28,32,27,28,31,28,29
1791409950.225830,-0.047271,1.254745,-2.775758,0.054719,1.305642,-2.801617,-0.348673,1.198060,-2.779265,0.311659,1.217044,-2.756517,28,27,28,28,28,28,32,27,29,31,28,29
