t,mode,gait_type,error_code,body_height,px,py,pz,vx,vy,vz,yaw_speed,yaw
1791409928.467802,0,0,1001,0.07045,0.58647,0.19420,0.05312,0.00000,0.00000,0.00000,0.00320,0.343131
1791409928.487947,0,0,1001,0.07045,0.58647,0.19420,0.05312,0.00000,0.00000,0.00000,-0.00320,0.343152
1791409928.507926,0,0,1001,0.07044,0.58647,0.19420,0.05312,-0.00000,0.00000,-0.00000,-0.00639,0.343172
1791409928.527948,0,0,1001,0.07045,0.58647,0.19420,0.05312,-0.00000,-0.00000,-0.00000,-0.01704,0.343171
1791409928.548018,0,0,1001,0.07045,0.58647,0.19420,0.05312,0.00000,-0.00000,0.00000,-0.00746,0.343103
1791409928.568214,0,0,1001,0.07045,0.58647,0.19420,0.05312,-0.00000,-0.00000,-0.00000,-0.01598,0.343051
1791409928.587825,0,0,1001,0.07045,0.58647,0.19420,0.05312,0.00000,0.00000,0.00000,-0.01385,0.343031
1791409928.608145,0,0,1001,0.07044,0.58647,0.19420,0.05312,0.00000,-0.00000,0.00000,-0.01172,0.343064
1791409928.627893,0,0,1001,0.07045,0.58647,0.19420,0.05312,0.00000,0.00000,0.00000,-0.00852,0.343065
1791409928.647900,0,0,1001,0.07045,0.58647,0.19420,0.05312,0.00000,-0.00000,0.00000,-0.00639,0.343084
1791409928.667920,0,0,1001,0.07045,0.58648,0.19420,0.05312,0.00000,-0.00000,0.00000,-0.00852,0.343086
1791409928.687882,0,0,1001,0.07044,0.58648,0.19420,0.05312,0.00000,0.00000,0.00000,-0.01491,0.343102
1791409928.707913,0,0,1001,0.07045,0.58648,0.19420,0.05312,0.00000,-0.00000,0.00000,-0.02024,0.343122
1791409928.727795,0,0,1001,0.07045,0.58648,0.19420,0.05312,0.00000,0.00000,0.00000,-0.02024,0.343154
1791409928.747839,0,0,1001,0.07045,0.58648,0.19420,0.05312,0.00000,0.00000,0.00000,-0.00959,0.343187
1791409928.767838,0,0,1001,0.07045,0.58648,0.19420,0.05312,0.00000,-0.00000,0.00000,-0.01065,0.343206
1791409928.787953,0,0,1001,0.07045,0.58648,0.19420,0.05312,0.00000,0.00000,0.00000,-0.00852,0.343231
1791409928.808112,0,0,1001,0.07045,0.58648,0.19420,0.05313,0.00000,-0.00000,0.00000,-0.00639,0.343237
1791409928.827783,0,0,1001,0.07045,0.58648,0.19420,0.05313,0.00000,0.00000,0.00000,-0.01704,0.343251
1791409928.847792,0,0,1001,0.07045,0.58648,0.19420,0.05313,0.00000,-0.00000,0.00000,-0.00533,0.343262
1791409928.867889,0,0,1001,0.07045,0.58648,0.19420,0.05313,0.00000,0.00000,0.00000,-0.00213,0.343272
1791409928.887869,0,0,1001,0.07045,0.58648,0.19420,0.05312,0.00000,0.00000,0.00000,-0.01385,0.343284
1791409928.908146,0,0,1001,0.07045,0.58648,0.19420,0.05313,0.00000,0.00000,0.00000,-0.01278,0.343315
1791409928.927802,0,0,1001,0.07045,0.58648,0.19420,0.05313,0.00000,-0.00000,0.00000,-0.00746,0.343311
1791409928.947790,0,0,1001,0.07045,0.58648,0.19420,0.05313,0.00000,-0.00000,0.00000,-0.01065,0.343306
1791409928.967933,0,0,1001,0.07044,0.58649,0.19420,0.05313,0.00000,0.00000,0.00000,-0.00746,0.343282
1791409928.987877,0,0,1001,0.07045,0.58648,0.19420,0.05313,0.00000,-0.00000,0.00000,-0.00959,0.343246
1791409929.007780,0,0,1001,0.07045,0.58649,0.19420,0.05313,0.00000,-0.00000,0.00000,-0.00533,0.343235
1791409929.027810,0,0,1001,0.07045,0.58649,0.19420,0.05313,0.00000,0.00000,0.00000,0.00746,0.343323
1791409929.048138,0,0,1001,0.07045,0.58648,0.19420,0.05313,0.00000,0.00000,0.00000,-0.01278,0.343321
1791409929.067940,0,0,1001,0.07045,0.58648,0.19420,0.05313,0.00000,-0.00000,0.00000,-0.01811,0.343283
1791409929.087934,0,0,1001,0.07045,0.58648,0.19420,0.05313,-0.00000,-0.00000,-0.00000,-0.00426,0.343245
1791409929.107738,0,0,1001,0.07045,0.58648,0.19420,0.05313,-0.00000,-0.00000,-0.00000,-0.00107,0.343276
1791409929.127861,0,0,1001,0.07045,0.58648,0.19420,0.05313,-0.00000,-0.00000,-0.00000,-0.01065,0.343275
1791409929.147898,0,0,1001,0.07044,0.58648,0.19420,0.05312,-0.00000,-0.00000,-0.00000,-0.00639,0.343272
1791409929.167967,0,0,1001,0.07045,0.58648,0.19420,0.05312,-0.00000,0.00000,-0.00000,-0.00852,0.343226
1791409929.187844,0,0,1001,0.07045,0.58648,0.19420,0.05312,-0.00000,-0.00000,-0.00000,-0.01172,0.343241
1791409929.207977,0,0,1001,0.07045,0.58648,0.19420,0.05312,-0.00000,0.00000,-0.00000,0.00107,0.343261
1791409929.228019,0,0,1001,0.07045,0.58648,0.19420,0.05312,-0.00000,0.00000,-0.00000,-0.00746,0.343272
1791409929.247954,0,0,1001,0.07044,0.58648,0.19420,0.05312,-0.00000,-0.00000,-0.00000,-0.01917,0.343239
1791409929.267908,0,0,1001,0.07045,0.58648,0.19419,0.05312,-0.00000,-0.00000,-0.00000,-0.01598,0.343205
1791409929.287933,0,0,1001,0.07045,0.58648,0.19419,0.05312,-0.00000,-0.00000,-0.00000,-0.01598,0.343240
1791409929.307981,0,0,1001,0.07045,0.58648,0.19419,0.05312,-0.00000,-0.00000,-0.00000,-0.00107,0.343224
1791409929.328092,0,0,1001,0.07045,0.58648,0.19419,0.05312,-0.00000,-0.00000,-0.00000,-0.01172,0.343212
1791409929.348057,0,0,1001,0.07044,0.58647,0.19419,0.05312,-0.00000,-0.00000,-0.00000,-0.00107,0.343200
1791409929.367723,0,0,1001,0.07045,0.58647,0.19419,0.05312,-0.00000,-0.00000,-0.00000,-0.00746,0.343223
1791409929.387808,0,0,1001,0.07044,0.58647,0.19419,0.05312,-0.00000,-0.00000,-0.00000,-0.01065,0.343243
1791409929.407816,0,0,1001,0.07045,0.58646,0.19419,0.05312,-0.00000,-0.00000,-0.00000,-0.00533,0.343217
1791409929.427898,0,0,1001,0.07045,0.58647,0.19419,0.05312,-0.00000,-0.00000,-0.00000,-0.00426,0.343192
1791409929.447811,0,0,1001,0.07044,0.58647,0.19419,0.05312,-0.00000,-0.00000,-0.00000,-0.00746,0.343192
1791409929.467694,0,0,1001,0.07045,0.58647,0.19419,0.05312,-0.00000,-0.00000,-0.00000,-0.00959,0.343165
1791409929.487838,0,0,1001,0.07044,0.58647,0.19419,0.05312,-0.00000,0.00000,-0.00000,-0.00533,0.343129
1791409929.507915,0,0,1001,0.07045,0.58647,0.19419,0.05312,-0.00000,-0.00000,-0.00000,-0.00746,0.343109
1791409929.527993,0,0,1001,0.07045,0.58647,0.19419,0.05312,-0.00000,-0.00000,-0.00000,-0.02450,0.343064
1791409929.547963,0,0,1001,0.07045,0.58647,0.19419,0.05312,-0.00000,0.00000,-0.00000,-0.00852,0.343042
1791409929.567871,0,0,1001,0.07045,0.58647,0.19419,0.05312,-0.00000,0.00000,0.00000,0.00000,0.343064
1791409929.587716,0,0,1001,0.07044,0.58647,0.19420,0.05312,-0.00000,0.00000,-0.00000,-0.01172,0.343021
1791409929.607830,0,0,1001,0.07045,0.58647,0.19420,0.05312,0.00000,0.00000,0.00000,0.00107,0.343034
1791409929.627712,0,0,1001,0.07045,0.58647,0.19419,0.05312,-0.00000,-0.00000,-0.00000,-0.00959,0.342991
1791409929.647871,0,0,1001,0.07044,0.58647,0.19419,0.05312,-0.00000,0.00000,-0.00000,-0.00320,0.342997
1791409929.667778,0,0,1001,0.07045,0.58647,0.19419,0.05312,0.00000,-0.00000,0.00000,-0.00852,0.342998
1791409929.687950,0,0,1001,0.07044,0.58646,0.19419,0.05312,0.00000,0.00000,0.00000,-0.01811,0.342985
1791409929.707776,0,0,1001,0.07045,0.58646,0.19419,0.05312,-0.00000,-0.00000,-0.00000,-0.00639,0.342990
1791409929.727849,0,0,1001,0.07045,0.58647,0.19419,0.05312,0.00000,-0.00000,0.00000,-0.00213,0.343031
1791409929.748026,0,0,1001,0.07045,0.58647,0.19420,0.05312,0.00000,0.00000,0.00000,0.00107,0.343031
1791409929.768003,0,0,1001,0.07045,0.58647,0.19420,0.05312,0.00000,0.00000,0.00000,-0.00746,0.343026
1791409929.788095,0,0,1001,0.07045,0.58647,0.19419,0.05312,-0.00000,-0.00000,-0.00000,-0.01172,0.343016
1791409929.807735,0,0,1001,0.07045,0.58647,0.19420,0.05312,0.00000,0.00000,0.00000,-0.00320,0.343059
1791409929.827845,0,0,1001,0.07045,0.58647,0.19420,0.05312,0.00000,-0.00000,0.00000,-0.00959,0.343046
1791409929.847819,0,0,1001,0.07044,0.58647,0.19420,0.05312,-0.00000,-0.00000,-0.00000,-0.00852,0.343047
1791409929.867847,0,0,1001,0.07045,0.58647,0.19420,0.05312,-0.00000,0.00000,-0.00000,-0.00426,0.343016
1791409929.887887,0,0,1001,0.07044,0.58646,0.19420,0.05312,-0.00000,0.00000,-0.00000,-0.00746,0.342982
1791409929.907879,0,0,1001,0.07045,0.58646,0.19420,0.05312,-0.00000,0.00000,-0.00000,-0.01065,0.342992
1791409929.927971,0,0,1001,0.07045,0.58646,0.19419,0.05312,-0.00000,-0.00000,-0.00000,-0.00852,0.343027
1791409929.947887,0,0,1001,0.07044,0.58646,0.19420,0.05312,-0.00000,0.00000,-0.00000,0.00852,0.343036
1791409929.967885,0,0,1001,0.07045,0.58646,0.19419,0.05312,-0.00000,-0.00000,-0.00000,0.00000,0.343105
1791409929.987952,0,0,1001,0.07045,0.58646,0.19419,0.05312,-0.00000,0.00000,-0.00000,-0.01917,0.343115
1791409930.011178,0,0,1001,0.07044,0.58646,0.19419,0.05312,-0.00000,-0.00000,-0.00000,-0.00639,0.343145
1791409930.027819,0,0,1001,0.07045,0.58646,0.19419,0.05312,-0.00000,0.00000,-0.00000,-0.00639,0.343158
1791409930.047888,0,0,1001,0.07045,0.58646,0.19419,0.05312,-0.00000,-0.00000,-0.00000,-0.01172,0.343205
1791409930.067946,0,0,1001,0.07045,0.58647,0.19419,0.05312,0.00000,0.00000,0.00000,0.00213,0.343239
1791409930.087917,0,0,1001,0.07044,0.58647,0.19419,0.05312,0.00000,0.00000,0.00000,-0.00320,0.343217
1791409930.107915,0,0,1001,0.07045,0.58646,0.19419,0.05312,0.00000,0.00000,0.00000,-0.01598,0.343197
1791409930.128097,0,0,1001,0.07045,0.58647,0.19419,0.05312,0.00000,-0.00000,0.00000,-0.00852,0.343198
1791409930.147799,0,0,1001,0.07045,0.58646,0.19419,0.05312,-0.00000,-0.00000,-0.00000,0.00959,0.343235
1791409930.167781,0,0,1001,0.07045,0.58646,0.19419,0.05312,-0.00000,0.00000,-0.00000,0.00320,0.343242
1791409930.187996,0,0,1001,0.07045,0.58647,0.19419,0.05312,-0.00000,-0.00000,-0.00000,-0.01172,0.343253
1791409930.207827,0,0,1001,0.07045,0.58647,0.19419,0.05312,0.00000,-0.00000,0.00000,-0.00746,0.343292
1791409930.227783,0,0,1001,0.07045,0.58647,0.19419,0.05312,0.00000,0.00000,0.00000,-0.00213,0.343293
1791409930.247807,0,0,1001,0.07045,0.58647,0.19419,0.05312,0.00000,0.00000,0.00000,-0.00533,0.343319
1791409930.267817,0,0,1001,0.07044,0.58646,0.19419,0.05312,0.00000,0.00000,0.00000,0.00107,0.343339
1791409930.287758,0,0,1001,0.07044,0.58647,0.19420,0.05312,-0.00000,0.00000,-0.00000,-0.01065,0.343385
1791409930.307752,0,0,1001,0.07045,0.58647,0.19419,0.05312,0.00000,-0.00000,0.00000,-0.01065,0.343393
1791409930.327770,0,0,1001,0.07045,0.58646,0.19419,0.05312,-0.00000,-0.00000,-0.00000,0.00000,0.343436
1791409930.347857,0,0,1001,0.07045,0.58646,0.19419,0.05312,-0.00000,0.00000,-0.00000,-0.01811,0.343397
1791409930.367906,0,0,1001,0.07044,0.58646,0.19419,0.05312,-0.00000,-0.00000,-0.00000,-0.00426,0.343416
1791409930.387845,0,0,1001,0.07044,0.58646,0.19419,0.05312,-0.00000,0.00000,-0.00000,-0.00320,0.343474
1791409930.407724,0,0,1001,0.07044,0.58646,0.19419,0.05312,-0.00000,-0.00000,-0.00000,-0.00746,0.343458
1791409930.427960,0,0,1001,0.07044,0.58646,0.19419,0.05312,-0.00000,0.00000,-0.00000,-0.00852,0.343496
1791409930.447742,0,0,1001,0.07045,0.58646,0.19419,0.05312,-0.00000,-0.00000,-0.00000,-0.00639,0.343483
1791409930.467837,0,0,1001,0.07045,0.58646,0.19419,0.05312,-0.00000,0.00000,-0.00000,-0.00533,0.343488
1791409930.487825,0,0,1001,0.07044,0.58646,0.19419,0.05312,-0.00000,-0.00000,-0.00000,-0.00533,0.343479
1791409930.507729,0,0,1001,0.07045,0.58646,0.19419,0.05312,-0.00000,0.00000,-0.00000,-0.01704,0.343470
1791409930.527695,0,0,1001,0.07045,0.58646,0.19420,0.05312,-0.00000,0.00000,-0.00000,-0.00639,0.343511
1791409930.548266,0,0,1001,0.07045,0.58646,0.19420,0.05312,-0.00000,-0.00000,-0.00000,-0.00426,0.343531
1791409930.567673,0,0,1001,0.07045,0.58646,0.19420,0.05312,-0.00000,-0.00000,-0.00000,-0.00107,0.343526
1791409930.587842,0,0,1001,0.07045,0.58646,0.19420,0.05312,-0.00000,-0.00000,-0.00000,-0.00533,0.343543
1791409930.607812,0,0,1001,0.07045,0.58646,0.19420,0.05312,0.00000,0.00000,-0.00000,-0.00320,0.343545
1791409930.627798,0,0,1001,0.07045,0.58646,0.19420,0.05312,-0.00000,-0.00000,-0.00000,-0.00959,0.343536
1791409930.647740,0,0,1001,0.07044,0.58645,0.19420,0.05312,-0.00000,-0.00000,-0.00000,-0.00746,0.343521
1791409930.667703,0,0,1001,0.07044,0.58645,0.19420,0.05312,-0.00000,-0.00000,-0.00000,-0.01385,0.343526
1791409930.687725,0,0,1001,0.07044,0.58645,0.19421,0.05312,-0.00000,-0.00000,-0.00000,-0.00746,0.343540
1791409930.707652,0,0,1001,0.07045,0.58645,0.19420,0.05312,-0.00000,-0.00000,-0.00000,-0.01385,0.343518
1791409930.727665,0,0,1001,0.07045,0.58645,0.19420,0.05312,-0.00000,-0.00000,-0.00000,-0.00959,0.343477
1791409930.747651,0,0,1001,0.07044,0.58645,0.19420,0.05312,-0.00000,-0.00000,-0.00000,-0.00959,0.343480
1791409930.767766,0,0,1001,0.07045,0.58645,0.19420,0.05312,-0.00000,-0.00000,0.00000,-0.01598,0.343471
1791409930.787696,0,0,1001,0.07045,0.58645,0.19420,0.05312,-0.00000,-0.00000,-0.00000,-0.00426,0.343526
1791409930.808035,0,0,1001,0.07045,0.58645,0.19420,0.05312,-0.00000,-0.00000,-0.00000,-0.01598,0.343524
1791409930.827850,0,0,1001,0.07044,0.58645,0.19420,0.05312,-0.00000,-0.00000,-0.00000,-0.00746,0.343512
1791409930.847779,0,0,1001,0.07045,0.58645,0.19420,0.05312,-0.00000,0.00000,-0.00000,-0.00533,0.343505
1791409930.867698,0,0,1001,0.07045,0.58645,0.19420,0.05312,0.00000,0.00000,0.00000,-0.00213,0.343517
1791409930.887847,0,0,1001,0.07045,0.58645,0.19420,0.05312,0.00000,-0.00000,0.00000,-0.00426,0.343541
1791409930.907700,0,0,1001,0.07044,0.58645,0.19420,0.05312,-0.00000,-0.00000,-0.00000,-0.01385,0.343581
1791409930.927719,0,0,1001,0.07045,0.58645,0.19420,0.05312,0.00000,-0.00000,0.00000,-0.01172,0.343594
1791409930.947654,0,0,1001,0.07044,0.58645,0.19420,0.05312,0.00000,-0.00000,0.00000,-0.00320,0.343603
1791409930.967738,0,0,1001,0.07044,0.58645,0.19420,0.05312,0.00000,0.00000,0.00000,-0.00746,0.343567
1791409930.987711,0,0,1001,0.07045,0.58645,0.19419,0.05312,0.00000,0.00000,0.00000,0.00000,0.343568
1791409931.007723,0,0,1001,0.07044,0.58645,0.19420,0.05312,0.00000,-0.00000,0.00000,0.01172,0.343563
1791409931.027754,0,0,1001,0.07045,0.58646,0.19420,0.05312,0.00000,0.00000,0.00000,-0.01172,0.343536
1791409931.047790,0,0,1001,0.07045,0.58646,0.19420,0.05312,0.00000,0.00000,0.00000,-0.01385,0.343526
1791409931.067702,0,0,1001,0.07044,0.58646,0.19420,0.05312,0.00000,0.00000,0.00000,-0.00320,0.343463
1791409931.087902,0,0,1001,0.07044,0.58646,0.19420,0.05312,0.00000,0.00000,0.00000,-0.00533,0.343459
1791409931.107797,0,0,1001,0.07045,0.58646,0.19420,0.05312,-0.00000,-0.00000,-0.00000,-0.01704,0.343443
1791409931.127716,0,0,1001,0.07044,0.58646,0.19420,0.05312,-0.00000,-0.00000,-0.00000,-0.01172,0.343418
1791409931.147860,0,0,1001,0.07045,0.58645,0.19420,0.05312,0.00000,0.00000,0.00000,-0.01172,0.343393
1791409931.167799,0,0,1001,0.07045,0.58646,0.19420,0.05312,-0.00000,-0.00000,-0.00000,-0.00959,0.343411
1791409931.187730,0,0,1001,0.07045,0.58646,0.19420,0.05312,0.00000,-0.00000,0.00000,-0.00639,0.343478
1791409931.207813,0,0,1001,0.07045,0.58646,0.19421,0.05312,0.00000,0.00000,0.00000,-0.00852,0.343516
1791409931.227728,0,0,1001,0.07044,0.58646,0.19420,0.05312,0.00000,0.00000,0.00000,-0.00746,0.343548
1791409931.247727,0,0,1001,0.07045,0.58646,0.19421,0.05312,0.00000,0.00000,0.00000,-0.00959,0.343567
1791409931.267751,0,0,1001,0.07045,0.58646,0.19421,0.05312,0.00000,0.00000,0.00000,0.00000,0.343590
1791409931.287560,0,0,1001,0.07044,0.58646,0.19421,0.05312,-0.00000,-0.00000,-0.00000,-0.01917,0.343578
1791409931.307810,0,0,1001,0.07045,0.58646,0.19421,0.05312,-0.00000,-0.00000,-0.00000,-0.00107,0.343597
1791409931.327634,0,0,1001,0.07044,0.58646,0.19421,0.05312,0.00000,0.00000,0.00000,0.00213,0.343617
1791409931.347777,0,0,1001,0.07044,0.58646,0.19421,0.05312,0.00000,0.00000,0.00000,-0.00639,0.343620
1791409931.367704,0,0,1001,0.07044,0.58646,0.19421,0.05312,0.00000,0.00000,0.00000,-0.00426,0.343652
1791409931.387614,0,0,1001,0.07045,0.58646,0.19421,0.05312,0.00000,-0.00000,0.00000,0.00320,0.343633
1791409931.407691,0,0,1001,0.07045,0.58646,0.19421,0.05312,0.00000,-0.00000,0.00000,-0.01811,0.343641
1791409931.427761,0,0,1001,0.07044,0.58646,0.19421,0.05312,0.00000,0.00000,0.00000,-0.00746,0.343611
1791409931.447784,0,0,1001,0.07045,0.58646,0.19421,0.05312,0.00000,0.00000,0.00000,-0.00639,0.343607
1791409931.467595,0,0,1001,0.07045,0.58646,0.19421,0.05312,0.00000,0.00000,0.00000,-0.00959,0.343645
1791409931.487714,0,0,1001,0.07044,0.58646,0.19421,0.05312,0.00000,0.00000,0.00000,-0.01811,0.343626
1791409931.507560,0,0,1001,0.07045,0.58646,0.19421,0.05312,-0.00000,-0.00000,-0.00000,-0.01172,0.343592
1791409931.527629,0,0,1001,0.07045,0.58646,0.19421,0.05312,-0.00000,-0.00000,-0.00000,-0.01598,0.343600
1791409931.547595,0,0,1001,0.07045,0.58646,0.19421,0.05312,-0.00000,-0.00000,-0.00000,-0.00959,0.343623
1791409931.567663,0,0,1001,0.07045,0.58646,0.19421,0.05312,-0.00000,-0.00000,-0.00000,-0.01704,0.343622
1791409931.587645,0,0,1001,0.07045,0.58646,0.19421,0.05312,-0.00000,-0.00000,-0.00000,0.00107,0.343687
1791409931.607813,0,0,1001,0.07045,0.58646,0.19421,0.05312,0.00000,0.00000,0.00000,-0.01172,0.343682
1791409931.627700,0,0,1001,0.07045,0.58646,0.19422,0.05312,0.00000,-0.00000,0.00000,0.00533,0.343744
1791409931.647728,0,0,1001,0.07045,0.58646,0.19422,0.05312,0.00000,-0.00000,0.00000,-0.00852,0.343726
1791409931.667757,0,0,1001,0.07044,0.58646,0.19422,0.05312,0.00000,0.00000,0.00000,-0.00213,0.343745
1791409931.687643,0,0,1001,0.07044,0.58646,0.19422,0.05312,0.00000,-0.00000,0.00000,-0.00959,0.343765
1791409931.707729,0,0,1001,0.07045,0.58646,0.19422,0.05312,0.00000,0.00000,0.00000,-0.01917,0.343762
1791409931.727700,0,0,1001,0.07045,0.58646,0.19422,0.05312,-0.00000,-0.00000,-0.00000,0.00107,0.343775
1791409931.747583,0,0,1001,0.07044,0.58646,0.19422,0.05312,-0.00000,-0.00000,-0.00000,-0.01278,0.343781
1791409931.767552,0,0,1001,0.07044,0.58646,0.19422,0.05312,-0.00000,-0.00000,-0.00000,-0.00533,0.343828
1791409931.787515,0,0,1001,0.07045,0.58646,0.19422,0.05312,0.00000,0.00000,0.00000,-0.00746,0.343852
1791409931.807686,0,0,1001,0.07045,0.58646,0.19422,0.05312,-0.00000,0.00000,-0.00000,-0.01917,0.343835
1791409931.827875,0,0,1001,0.07045,0.58646,0.19422,0.05312,-0.00000,-0.00000,-0.00000,-0.00639,0.343812
1791409931.847908,0,0,1001,0.07045,0.58646,0.19421,0.05312,-0.00000,-0.00000,-0.00000,-0.00746,0.343842
1791409931.867849,0,0,1001,0.07045,0.58646,0.19421,0.05312,-0.00000,0.00000,-0.00000,-0.00107,0.343832
1791409931.887709,0,0,1001,0.07044,0.58646,0.19422,0.05312,-0.00000,0.00000,-0.00000,-0.00213,0.343850
1791409931.907629,0,0,1001,0.07045,0.58646,0.19421,0.05312,-0.00000,-0.00000,-0.00000,-0.00320,0.343839
1791409931.927838,0,0,1001,0.07044,0.58645,0.19421,0.05312,-0.00000,0.00000,-0.00000,-0.01278,0.343811
1791409931.947693,0,0,1001,0.07045,0.58646,0.19421,0.05312,-0.00000,-0.00000,-0.00000,-0.00426,0.343785
1791409931.967651,0,0,1001,0.07045,0.58646,0.19421,0.05312,-0.00000,-0.00000,-0.00000,0.00000,0.343814
1791409931.987755,0,0,1001,0.07045,0.58646,0.19421,0.05312,-0.00000,-0.00000,-0.00000,-0.00320,0.343803
1791409932.007624,0,0,1001,0.07045,0.58645,0.19421,0.05312,-0.00000,0.00000,-0.00000,-0.00320,0.343855
1791409932.027712,0,0,1001,0.07044,0.58645,0.19421,0.05312,-0.00000,-0.00000,-0.00000,-0.00746,0.343907
1791409932.047531,0,0,1001,0.07045,0.58645,0.19421,0.05312,-0.00000,-0.00000,-0.00000,0.01278,0.343933
1791409932.067609,0,0,1001,0.07045,0.58645,0.19421,0.05312,-0.00000,-0.00000,-0.00000,-0.00426,0.343951
1791409932.087600,0,0,1001,0.07044,0.58646,0.19421,0.05312,-0.00000,-0.00000,-0.00000,-0.00852,0.343932
1791409932.107675,0,0,1001,0.07045,0.58646,0.19421,0.05312,-0.00000,0.00000,-0.00000,-0.00213,0.343923
1791409932.127513,0,0,1001,0.07045,0.58646,0.19421,0.05312,0.00000,0.00000,0.00000,0.00213,0.343966
1791409932.147651,0,0,1001,0.07044,0.58646,0.19420,0.05312,0.00000,-0.00000,0.00000,-0.00639,0.343886
1791409932.167597,0,0,1001,0.07044,0.58646,0.19420,0.05312,0.00000,0.00000,0.00000,0.00107,0.343858
1791409932.187645,0,0,1001,0.07045,0.58646,0.19420,0.05312,0.00000,0.00000,0.00000,-0.00320,0.343842
1791409932.207443,0,0,1001,0.07044,0.58646,0.19420,0.05312,0.00000,0.00000,0.00000,-0.01278,0.343857
1791409932.227454,0,0,1001,0.07044,0.58645,0.19420,0.05312,-0.00000,0.00000,0.00000,-0.00639,0.343792
1791409932.247652,0,0,1001,0.07044,0.58646,0.19420,0.05312,-0.00000,-0.00000,-0.00000,-0.00426,0.343789
1791409932.267601,0,0,1001,0.07044,0.58646,0.19421,0.05312,0.00000,-0.00000,0.00000,-0.00746,0.343779
1791409932.287584,0,0,1001,0.07045,0.58645,0.19421,0.05312,-0.00000,0.00000,-0.00000,-0.01598,0.343796
1791409932.307472,0,0,1001,0.07045,0.58645,0.19421,0.05312,0.00000,0.00000,0.00000,-0.00107,0.343785
1791409932.327726,0,0,1001,0.07044,0.58645,0.19421,0.05312,-0.00000,0.00000,-0.00000,-0.00533,0.343770
1791409932.347624,0,0,1001,0.07045,0.58645,0.19420,0.05312,-0.00000,-0.00000,-0.00000,-0.00852,0.343778
1791409932.367672,0,0,1001,0.07044,0.58645,0.19420,0.05312,-0.00000,-0.00000,-0.00000,0.00107,0.343774
1791409932.387566,0,0,1001,0.07045,0.58645,0.19420,0.05312,-0.00000,0.00000,-0.00000,-0.00959,0.343738
1791409932.407650,0,0,1001,0.07045,0.58645,0.19420,0.05312,-0.00000,-0.00000,-0.00000,-0.01917,0.343733
1791409932.427886,0,0,1001,0.07044,0.58646,0.19420,0.05312,-0.00000,-0.00000,-0.00000,-0.00213,0.343732
1791409932.447815,0,0,1001,0.07044,0.58645,0.19420,0.05312,0.00000,0.00000,0.00000,-0.01385,0.343700
1791409932.467865,0,0,1002,0.07044,0.58646,0.19420,0.05312,-0.00000,0.00000,-0.00000,-0.00959,0.343674
1791409932.487651,0,0,1002,0.07045,0.58646,0.19420,0.05312,0.00000,0.00000,0.00000,-0.00852,0.343649
1791409932.507603,0,0,1002,0.07046,0.58647,0.19420,0.05312,0.00000,0.00000,0.00000,-0.00426,0.343636
1791409932.527691,0,0,1002,0.07048,0.58648,0.19421,0.05313,0.00000,0.00000,0.00000,-0.00320,0.343657
1791409932.547571,0,0,1002,0.07050,0.58652,0.19421,0.05314,0.00000,0.00000,0.00001,-0.01598,0.343654
1791409932.567554,0,0,1002,0.07052,0.58655,0.19422,0.05317,0.00000,0.00000,0.00002,-0.00746,0.343671
1791409932.587719,0,0,1002,0.07054,0.58658,0.19423,0.05320,0.00000,0.00000,0.00003,0.00746,0.343728
1791409932.607627,0,0,1002,0.07056,0.58663,0.19425,0.05323,0.00000,0.00000,0.00003,-0.00852,0.343821
1791409932.627645,0,0,1002,0.07048,0.58667,0.19426,0.05326,0.00000,0.00000,0.00004,-0.00533,0.343880
1791409932.647537,0,0,1002,0.07031,0.58672,0.19428,0.05326,0.00000,0.00000,0.00003,-0.01491,0.343874
1791409932.667485,0,0,1002,0.07034,0.58676,0.19430,0.05328,0.00000,0.00000,0.00003,-0.01917,0.343849
1791409932.687551,0,0,1002,0.07032,0.58679,0.19430,0.05331,0.00000,0.00000,0.00003,-0.01065,0.343854
1791409932.707578,0,0,1002,0.07027,0.58684,0.19430,0.05334,0.00000,0.00000,0.00004,0.00107,0.343843
1791409932.727427,0,0,1002,0.07015,0.58689,0.19431,0.05335,0.00000,0.00000,0.00003,-0.00213,0.343902
1791409932.747603,0,0,1002,0.07013,0.58692,0.19431,0.05335,0.00000,0.00000,0.00003,-0.00959,0.343888
1791409932.767612,0,0,1002,0.07003,0.58695,0.19432,0.05337,0.00000,0.00000,0.00002,-0.00107,0.343995
1791409932.787447,0,0,1002,0.07005,0.58699,0.19432,0.05338,0.00000,0.00000,0.00003,-0.00213,0.344097
1791409932.807429,0,0,1002,0.06992,0.58702,0.19432,0.05340,0.00000,0.00000,0.00003,-0.01172,0.344135
1791409932.827712,0,0,1002,0.06985,0.58707,0.19432,0.05342,0.00000,0.00000,0.00003,0.00107,0.344103
1791409932.848174,0,0,1002,0.06981,0.58709,0.19431,0.05342,0.00000,0.00000,0.00002,-0.01491,0.344061
1791409932.867635,0,0,1002,0.06971,0.58711,0.19431,0.05343,0.00000,0.00000,0.00002,-0.01811,0.343927
1791409932.887460,0,0,1002,0.06963,0.58713,0.19431,0.05342,0.00000,0.00000,0.00001,0.00426,0.344029
1791409932.910406,0,0,1002,0.06964,0.58717,0.19432,0.05342,0.00000,0.00000,0.00001,-0.01065,0.344117
1791409932.927711,0,0,1002,0.06958,0.58720,0.19432,0.05342,0.00000,0.00000,0.00001,-0.01385,0.344136
1791409932.947673,0,0,1002,0.06956,0.58723,0.19431,0.05343,0.00000,0.00000,0.00001,-0.01491,0.344227
1791409932.967552,0,0,1002,0.06954,0.58725,0.19431,0.05344,0.00000,0.00000,0.00001,-0.00639,0.344264
1791409932.990896,0,0,1002,0.06950,0.58727,0.19430,0.05344,0.00000,0.00000,0.00001,-0.01917,0.344166
1791409933.010862,0,0,1002,0.06956,0.58728,0.19431,0.05346,0.00000,0.00000,0.00001,0.00639,0.344200
1791409933.030900,0,0,1002,0.06950,0.58732,0.19433,0.05347,0.00000,0.00000,0.00002,-0.00426,0.344365
1791409933.050872,0,0,1002,0.06948,0.58734,0.19434,0.05347,0.00000,0.00000,0.00001,-0.00959,0.344492
1791409933.070927,0,0,1002,0.06942,0.58739,0.19435,0.05346,0.00000,0.00000,0.00001,-0.00426,0.344474
1791409933.090967,0,0,1002,0.06967,0.58729,0.19431,0.05349,0.00000,0.00000,0.00002,-0.00852,0.344470
1791409933.117431,0,0,1002,0.07247,0.58661,0.19402,0.05414,0.00002,0.00000,0.00029,-0.01598,0.344561
1791409933.137589,0,0,1002,0.07521,0.58562,0.19394,0.05533,-0.04412,-0.00636,0.01204,0.01811,0.344835
1791409933.157635,0,0,1002,0.07757,0.58461,0.19390,0.05759,-0.04285,0.00369,0.06787,0.07563,0.346354
1791409933.177712,0,0,1002,0.08014,0.58354,0.19379,0.06041,-0.00141,0.00066,0.11488,0.04900,0.347694
1791409933.197536,0,0,1002,0.08394,0.58210,0.19355,0.06350,0.00640,-0.00017,0.08628,-0.01704,0.348111
1791409933.217573,0,0,1002,0.08855,0.58045,0.19314,0.06713,0.00487,-0.00020,0.06612,-0.04474,0.347740
1791409933.247480,0,0,1002,0.09847,0.57738,0.19201,0.07419,0.00352,-0.00008,0.04585,-0.08522,0.345862
1791409933.268371,0,0,1002,0.10668,0.57514,0.19109,0.08008,0.00297,0.00000,0.03698,-0.07563,0.344304
1791409933.287671,0,0,1002,0.11511,0.57275,0.18996,0.08688,0.00260,0.00005,0.03070,-0.02663,0.343443
1791409933.307786,0,0,1002,0.12452,0.57050,0.18890,0.09437,0.00234,0.00008,0.02627,-0.02663,0.342925
1791409933.327521,0,0,1002,0.13447,0.56834,0.18788,0.10269,0.00214,0.00011,0.02329,-0.01278,0.342679
1791409933.347629,0,0,1002,0.14462,0.56643,0.18711,0.11149,0.00196,0.00011,0.02124,-0.03089,0.342357
1791409933.377386,0,0,1002,0.15883,0.56415,0.18588,0.12544,0.00174,0.00013,0.01938,-0.02876,0.341979
1791409933.397534,0,0,1002,0.16799,0.56315,0.18543,0.13490,0.00161,0.00013,0.01857,-0.04261,0.341581
1791409933.417454,0,0,1002,0.17671,0.56252,0.18519,0.14443,0.00148,0.00012,0.01799,-0.02237,0.341167
1791409933.437403,0,0,1002,0.18534,0.56221,0.18502,0.15395,0.00136,0.00012,0.01754,-0.01598,0.340956
1791409933.457616,0,0,1002,0.19378,0.56223,0.18508,0.16333,0.00124,0.00011,0.01715,-0.01598,0.340998
1791409933.477577,0,0,1002,0.20170,0.56265,0.18537,0.17270,0.00113,0.00009,0.01685,-0.00639,0.341226
1791409933.497522,0,0,1002,0.20924,0.56315,0.18567,0.18188,0.00103,0.00007,0.01654,0.01065,0.341620
1791409933.517467,0,0,1002,0.21730,0.56387,0.18596,0.19093,0.00093,0.00006,0.01625,0.00213,0.342071
1791409933.537440,0,0,1002,0.22521,0.56476,0.18633,0.19978,0.00085,0.00006,0.01595,-0.03196,0.342165
1791409933.557656,0,0,1002,0.23234,0.56582,0.18679,0.20845,0.00076,0.00005,0.01565,-0.02344,0.341901
1791409933.577587,0,0,1002,0.24012,0.56688,0.18730,0.21696,0.00067,0.00004,0.01536,-0.02663,0.341655
1791409933.597672,0,0,1002,0.24720,0.56805,0.18788,0.22534,0.00061,0.00003,0.01508,-0.02557,0.341364
1791409933.617539,0,0,1002,0.25485,0.56908,0.18836,0.23356,0.00055,0.00002,0.01480,-0.01811,0.341071
1791409933.637586,0,0,1002,0.26193,0.57044,0.18897,0.24170,0.00050,0.00002,0.01456,-0.01917,0.340837
1791409933.657533,0,0,1002,0.26943,0.57158,0.18945,0.24967,0.00046,0.00002,0.01431,-0.02770,0.340605
1791409933.677468,0,0,1002,0.27684,0.57279,0.18989,0.25745,0.00043,0.00002,0.01404,-0.01917,0.340342
1791409933.697487,0,0,1002,0.28419,0.57367,0.19025,0.26505,0.00040,0.00002,0.01376,-0.02450,0.340011
1791409933.717427,0,0,1002,0.29105,0.57511,0.19076,0.27257,0.00038,0.00002,0.01351,-0.02344,0.339907
1791409933.737519,0,0,1002,0.29793,0.57658,0.19125,0.27991,0.00035,0.00002,0.01326,-0.01278,0.339749
1791409933.757833,0,0,1002,0.30464,0.57778,0.19168,0.28711,0.00033,0.00002,0.01300,-0.01491,0.339667
1791409933.777438,0,0,1002,0.31130,0.57911,0.19206,0.29405,0.00030,0.00002,0.01270,-0.01704,0.339608
1791409933.797803,0,0,1002,0.31695,0.58045,0.19250,0.30064,0.00028,0.00002,0.01232,-0.00533,0.339536
1791409933.817612,0,0,1002,0.32151,0.58235,0.19306,0.30644,0.10199,0.01173,-0.01268,-0.00107,0.339532
1791409933.837724,0,0,1002,0.32490,0.58407,0.19363,0.30998,0.11308,-0.00134,-0.07474,-0.01704,0.339411
1791409933.857621,0,0,1002,0.32714,0.58600,0.19422,0.31258,0.10055,-0.00796,-0.12023,-0.02131,0.339216
1791409933.878144,0,0,1002,0.32792,0.58805,0.19493,0.31524,0.11039,0.00012,-0.12441,-0.01704,0.338990
1791409933.897443,0,0,1002,0.32800,0.58993,0.19556,0.31763,0.07472,0.00458,-0.10261,-0.02983,0.338557
1791409933.918890,0,0,1002,0.32798,0.59156,0.19612,0.31892,-0.00100,-0.00013,-0.07480,-0.03409,0.338096
1791409933.938047,0,0,1002,0.32796,0.59283,0.19659,0.31989,-0.00062,-0.00009,-0.05512,-0.02770,0.337797
1791409933.957552,0,0,1002,0.32797,0.59393,0.19700,0.32065,-0.00040,-0.00007,-0.04086,0.00213,0.337700
1791409933.977867,0,0,1002,0.32800,0.59496,0.19737,0.32126,-0.00025,-0.00005,-0.03038,-0.01491,0.337655
1791409933.997491,0,0,1002,0.32800,0.59579,0.19768,0.32174,-0.00015,-0.00004,-0.02262,-0.01278,0.337634
1791409934.017671,0,0,1002,0.32800,0.59628,0.19788,0.32211,-0.00010,-0.00003,-0.01686,-0.01065,0.337613
1791409934.037416,0,0,1002,0.32800,0.59655,0.19798,0.32237,-0.00007,-0.00002,-0.01258,-0.00746,0.337601
1791409934.057744,0,0,1002,0.32801,0.59664,0.19800,0.32257,-0.00005,-0.00002,-0.00939,-0.01385,0.337553
1791409934.077878,0,0,1002,0.32801,0.59655,0.19796,0.32270,-0.00003,-0.00001,-0.00702,-0.00213,0.337511
1791409934.098449,0,0,1002,0.32802,0.59635,0.19788,0.32279,-0.00002,-0.00001,-0.00525,0.00000,0.337588
1791409934.118150,0,0,1002,0.32802,0.59604,0.19775,0.32285,-0.00002,-0.00001,-0.00393,0.00533,0.337744
1791409934.137760,0,0,1002,0.32802,0.59549,0.19755,0.32289,-0.00001,-0.00001,-0.00294,-0.00639,0.337846
1791409934.157843,0,0,1002,0.32804,0.59477,0.19728,0.32292,-0.00001,-0.00000,-0.00220,-0.01172,0.337847
1791409934.177994,0,0,1002,0.32804,0.59401,0.19703,0.32294,-0.00001,-0.00000,-0.00165,0.00000,0.337822
1791409934.197589,0,0,1002,0.32805,0.59331,0.19681,0.32295,-0.00001,-0.00000,-0.00124,-0.01065,0.337842
1791409934.217999,0,0,1002,0.32807,0.59265,0.19662,0.32296,-0.00001,-0.00000,-0.00093,0.00639,0.337959
1791409934.237557,0,0,1002,0.32807,0.59208,0.19640,0.32296,-0.00000,-0.00000,-0.00070,0.00746,0.338177
1791409934.257340,0,0,1002,0.32809,0.59162,0.19623,0.32296,-0.00000,-0.00000,-0.00053,0.00000,0.338386
1791409934.277548,0,0,1002,0.32809,0.59128,0.19610,0.32296,-0.00000,-0.00000,-0.00040,-0.01065,0.338435
1791409934.297708,0,0,1002,0.32808,0.59108,0.19600,0.32296,-0.00000,-0.00000,-0.00030,-0.01704,0.338322
1791409934.317684,0,0,1002,0.32809,0.59098,0.19593,0.32296,-0.00000,-0.00000,-0.00023,-0.02024,0.338171
1791409934.337613,0,0,1002,0.32810,0.59100,0.19590,0.32296,-0.00000,-0.00000,-0.00017,-0.02237,0.338000
1791409934.357718,0,0,1002,0.32810,0.59112,0.19591,0.32296,-0.00000,-0.00000,-0.00013,-0.01385,0.337888
1791409934.377656,0,0,1002,0.32810,0.59121,0.19595,0.32297,-0.00000,-0.00000,-0.00009,-0.00639,0.337815
1791409934.397591,0,0,1002,0.32810,0.59137,0.19601,0.32298,-0.00000,-0.00000,-0.00007,-0.01385,0.337790
1791409934.417622,0,0,1002,0.32809,0.59155,0.19609,0.32298,-0.00000,-0.00000,-0.00005,-0.00213,0.337789
1791409934.437611,0,0,1002,0.32810,0.59169,0.19616,0.32299,-0.00000,-0.00000,-0.00003,-0.01065,0.337746
1791409934.457682,0,0,1002,0.32809,0.59183,0.19623,0.32299,-0.00000,-0.00000,-0.00002,-0.00746,0.337708
1791409934.477629,0,0,1002,0.32810,0.59197,0.19631,0.32300,-0.00000,-0.00000,-0.00002,-0.01065,0.337651
1791409934.497643,0,0,1002,0.32810,0.59207,0.19637,0.32300,-0.00000,-0.00000,-0.00001,-0.01065,0.337584
1791409934.517504,0,0,1002,0.32810,0.59216,0.19636,0.32300,-0.00000,-0.00000,-0.00001,-0.01172,0.337572
1791409934.537585,0,0,1002,0.32810,0.59221,0.19633,0.32301,-0.00000,-0.00000,-0.00000,-0.00213,0.337591
1791409934.557476,0,0,1002,0.32809,0.59225,0.19631,0.32301,-0.00000,-0.00000,-0.00000,-0.00852,0.337579
1791409934.577510,0,0,1002,0.32810,0.59228,0.19628,0.32301,-0.00000,-0.00000,-0.00000,-0.01172,0.337580
1791409934.597610,0,0,1002,0.32810,0.59224,0.19626,0.32301,-0.00000,0.00000,-0.00000,-0.00639,0.337552
1791409934.617564,0,0,1002,0.32809,0.59223,0.19624,0.32301,-0.00000,-0.00000,-0.00000,-0.00746,0.337577
1791409934.637481,0,0,1002,0.32810,0.59218,0.19625,0.32301,-0.00000,-0.00000,-0.00000,-0.00107,0.337661
1791409934.657468,0,0,1002,0.32811,0.59214,0.19627,0.32301,-0.00000,0.00000,-0.00000,0.00213,0.337785
1791409934.677487,0,0,1002,0.32811,0.59210,0.19627,0.32301,-0.00000,-0.00000,-0.00000,0.00426,0.337877
1791409934.697700,0,0,1002,0.32811,0.59209,0.19629,0.32301,0.00000,0.00000,-0.00000,0.00320,0.337928
1791409934.717352,0,0,1002,0.32811,0.59209,0.19629,0.32301,-0.00000,-0.00000,-0.00000,-0.00959,0.337839
1791409934.737528,0,0,1002,0.32811,0.59212,0.19629,0.32301,0.00000,-0.00000,-0.00000,0.00213,0.337636
1791409934.757657,0,0,1002,0.32810,0.59216,0.19628,0.32301,0.00000,-0.00000,0.00000,0.00533,0.337504
1791409934.777574,0,0,1002,0.32810,0.59220,0.19627,0.32301,0.00000,-0.00000,0.00000,-0.01811,0.337391
1791409934.797758,0,0,1002,0.32810,0.59222,0.19626,0.32301,0.00000,0.00000,0.00000,0.00107,0.337334
1791409934.817681,0,0,1002,0.32810,0.59227,0.19625,0.32301,0.00000,0.00000,0.00000,-0.00213,0.337374
1791409934.837540,0,0,1002,0.32810,0.59228,0.19625,0.32301,0.00000,0.00000,0.00000,-0.00959,0.337409
1791409934.857436,0,0,1002,0.32810,0.59228,0.19624,0.32301,0.00000,-0.00000,0.00000,-0.00639,0.337519
1791409934.877638,0,0,1002,0.32810,0.59226,0.19626,0.32301,0.00000,0.00000,0.00000,0.01065,0.337618
1791409934.898003,0,0,1002,0.32811,0.59223,0.19626,0.32301,-0.00000,0.00000,0.00000,0.00639,0.337626
1791409934.917867,0,0,1002,0.32811,0.59220,0.19627,0.32301,-0.00000,0.00000,0.00000,-0.01491,0.337630
1791409934.937855,0,0,1002,0.32811,0.59222,0.19626,0.32301,0.00000,-0.00000,0.00000,-0.01172,0.337585
1791409934.957546,0,0,1002,0.32811,0.59220,0.19626,0.32301,0.00000,-0.00000,0.00000,-0.01172,0.337546
1791409934.977629,0,0,1002,0.32810,0.59222,0.19624,0.32301,0.00000,-0.00000,0.00000,-0.01385,0.337500
1791409935.001186,0,0,1002,0.32810,0.59224,0.19621,0.32301,0.00000,-0.00000,0.00000,-0.01278,0.337389
1791409935.020913,0,0,1002,0.32810,0.59224,0.19619,0.32301,-0.00000,-0.00000,0.00000,-0.01278,0.337342
1791409935.040640,0,0,1002,0.32810,0.59228,0.19618,0.32301,0.00000,-0.00000,0.00000,-0.00320,0.337322
1791409935.060972,0,0,1002,0.32810,0.59228,0.19620,0.32301,-0.00000,0.00000,0.00000,-0.01598,0.337339
1791409935.080705,0,0,1002,0.32810,0.59228,0.19622,0.32301,-0.00000,0.00000,0.00000,0.00320,0.337437
1791409935.101218,0,0,1002,0.32811,0.59228,0.19625,0.32301,0.00000,0.00000,0.00000,-0.01172,0.337536
1791409935.120789,0,0,1002,0.32811,0.59228,0.19628,0.32301,0.00000,0.00000,0.00000,0.00213,0.337654
1791409935.140825,0,0,1002,0.32811,0.59226,0.19629,0.32301,-0.00000,0.00000,0.00000,-0.00746,0.337703
1791409935.160894,0,0,1002,0.32811,0.59225,0.19630,0.32301,-0.00000,-0.00000,0.00000,-0.00852,0.337705
1791409935.180852,0,0,1002,0.32811,0.59223,0.19629,0.32301,0.00000,0.00000,0.00000,-0.01491,0.337628
1791409935.200798,0,0,1002,0.32811,0.59224,0.19628,0.32301,0.00000,-0.00000,0.00000,-0.01172,0.337531
1791409935.220925,0,0,1002,0.32811,0.59226,0.19626,0.32302,0.00000,-0.00000,0.00000,-0.02131,0.337456
1791409935.240835,0,0,1002,0.32810,0.59227,0.19623,0.32302,0.00000,0.00000,0.00000,-0.00639,0.337368
1791409935.260792,0,0,1002,0.32810,0.59229,0.19622,0.32302,0.00000,-0.00000,0.00000,-0.00746,0.337353
1791409935.280858,0,0,1002,0.32811,0.59230,0.19621,0.32302,0.00000,0.00000,0.00000,-0.00639,0.337325
1791409935.300991,0,0,1002,0.32810,0.59232,0.19622,0.32302,0.00000,-0.00000,0.00000,-0.00852,0.337393
1791409935.330685,0,0,1002,0.32811,0.59231,0.19625,0.32302,-0.00000,-0.00000,0.00000,-0.00959,0.337527
1791409935.350851,0,0,1002,0.32811,0.59231,0.19628,0.32302,0.00000,0.00000,0.00000,-0.00639,0.337601
1791409935.370885,0,0,1002,0.32811,0.59227,0.19630,0.32302,0.00000,0.00000,0.00000,0.00213,0.337644
1791409935.390718,0,0,1002,0.32811,0.59227,0.19631,0.32302,0.00000,0.00000,0.00000,-0.00639,0.337645
1791409935.410923,0,0,1002,0.32811,0.59225,0.19628,0.32302,-0.00000,-0.00000,0.00000,-0.00320,0.337577
1791409935.430685,0,0,1002,0.32810,0.59227,0.19628,0.32302,0.00000,-0.00000,0.00000,-0.00533,0.337541
1791409935.460652,0,0,1002,0.32811,0.59230,0.19625,0.32302,0.00000,-0.00000,0.00000,-0.01065,0.337483
1791409935.480767,0,0,1002,0.32810,0.59234,0.19623,0.32302,-0.00000,-0.00000,0.00000,-0.01065,0.337452
1791409935.500830,0,0,1002,0.32810,0.59236,0.19623,0.32302,0.00000,-0.00000,0.00000,0.00213,0.337442
1791409935.520684,0,0,1002,0.32810,0.59235,0.19622,0.32302,-0.00000,-0.00000,0.00000,0.00746,0.337463
1791409935.541003,0,0,100,0.32811,0.59235,0.19624,0.32302,0.00000,-0.00000,0.00000,0.00000,0.337456
1791409935.560765,0,0,100,0.32718,0.58582,0.19472,0.32204,-0.00004,0.00001,-0.00287,0.03728,0.337956
1791409935.590657,0,0,100,0.32874,0.58613,0.19595,0.32061,0.19004,-0.00095,-0.01602,0.14488,0.341407
1791409935.610764,0,0,100,0.32716,0.58512,0.19572,0.32025,-0.08419,0.02467,0.04655,0.18216,0.345120
1791409935.630859,0,0,100,0.32606,0.58540,0.19701,0.32049,0.10098,0.04124,0.03043,0.12357,0.348342
1791409935.650681,0,0,100,0.32608,0.58360,0.19690,0.31983,-0.09153,0.01714,-0.03038,0.09268,0.350747
1791409935.670707,0,0,100,0.32604,0.58172,0.19675,0.31799,-0.08953,0.03259,-0.05504,0.10653,0.353080
1791409935.690818,0,0,100,0.32556,0.58031,0.19669,0.31636,-0.05499,0.02730,-0.04191,0.12677,0.355725
1791409935.710784,0,0,100,0.32481,0.57923,0.19673,0.31544,-0.03023,0.01354,-0.02868,0.11718,0.358138
1791409935.730658,0,0,100,0.32454,0.57815,0.19683,0.31493,-0.02058,0.01158,-0.02091,0.11505,0.360389
1791409935.750679,0,0,100,0.32442,0.57741,0.19702,0.31471,-0.00872,0.00907,-0.01780,0.09800,0.362638
1791409935.770706,0,0,100,0.32431,0.57695,0.19725,0.31454,-0.00823,0.02742,-0.02439,0.10546,0.364641
1791409935.791125,0,0,100,0.32414,0.57682,0.19755,0.31432,0.01514,0.00648,-0.03263,0.07350,0.366514
1791409935.810918,0,0,100,0.32407,0.57694,0.19779,0.31403,0.02943,0.00823,-0.03909,0.07137,0.368030
1791409935.830790,0,0,100,0.32408,0.57732,0.19803,0.31374,0.03470,0.00572,-0.04047,0.07883,0.369482
1791409935.850745,0,0,100,0.32407,0.57776,0.19828,0.31352,0.01843,0.00243,-0.03867,0.07670,0.371192
1791409935.870772,0,0,100,0.32407,0.57823,0.19854,0.31342,0.04211,-0.00701,-0.03562,0.07670,0.372860
1791409935.890783,0,0,100,0.32409,0.57882,0.19891,0.31336,0.05219,-0.00046,-0.03896,0.05326,0.374288
1791409935.910858,0,0,100,0.32407,0.57937,0.19916,0.31324,0.03283,-0.01255,-0.04470,0.03409,0.375301
1791409935.930746,0,0,100,0.32410,0.57993,0.19934,0.31309,0.02013,-0.00082,-0.04571,0.02983,0.375955
1791409935.950819,0,0,100,0.32414,0.58046,0.19949,0.31298,0.02898,0.00383,-0.04433,0.03302,0.376648
1791409935.970780,0,0,100,0.32416,0.58092,0.19968,0.31290,0.03096,-0.00780,-0.04332,0.02770,0.377437
1791409935.991683,0,0,100,0.32420,0.58140,0.19984,0.31285,0.03380,-0.00239,-0.04368,0.03409,0.378332
1791409936.010825,0,0,100,0.32421,0.58171,0.19999,0.31280,0.02837,-0.00210,-0.04377,0.02450,0.379049
1791409936.030873,0,0,100,0.32422,0.58201,0.20017,0.31276,0.02103,-0.00015,-0.04400,0.02450,0.379767
1791409936.051880,0,0,100,0.32422,0.58227,0.20036,0.31271,0.01038,0.01010,-0.04484,0.04048,0.380607
1791409936.070890,0,0,100,0.32420,0.58246,0.20048,0.31265,0.02702,-0.00895,-0.04531,0.01704,0.381083
1791409936.091017,0,0,100,0.32419,0.58267,0.20065,0.31264,0.02192,0.00520,-0.04340,0.01385,0.381575
1791409936.110743,0,0,100,0.32419,0.58281,0.20078,0.31264,0.01320,-0.00937,-0.04429,0.01065,0.381975
1791409936.130705,0,0,100,0.32417,0.58296,0.20089,0.31260,0.00789,-0.00775,-0.04406,-0.00107,0.382279
1791409936.150678,0,0,100,0.32417,0.58307,0.20096,0.31259,0.02268,0.00096,-0.04303,0.01065,0.382579
1791409936.170674,0,0,100,0.32416,0.58326,0.20105,0.31259,0.01591,-0.00309,-0.04228,0.01172,0.382885
1791409936.190694,0,0,100,0.32417,0.58342,0.20112,0.31258,0.01254,-0.00517,-0.04411,-0.00533,0.383147
1791409936.210783,0,0,100,0.32417,0.58358,0.20114,0.31256,0.02339,-0.00804,-0.04509,-0.00746,0.383266
1791409936.230833,0,0,100,0.32418,0.58375,0.20118,0.31255,0.00820,-0.00203,-0.04323,-0.00533,0.383438
1791409936.250713,0,0,100,0.32418,0.58384,0.20121,0.31256,0.00178,-0.00119,-0.04283,-0.01065,0.383567
1791409936.270884,0,0,100,0.32418,0.58398,0.20125,0.31256,0.01804,0.00162,-0.04334,-0.01065,0.383663
1791409936.291030,0,0,100,0.32419,0.58411,0.20128,0.31254,0.00792,-0.00490,-0.04363,-0.00959,0.383694
1791409936.310813,0,0,100,0.32419,0.58420,0.20133,0.31253,0.00668,0.00625,-0.04382,-0.00320,0.383767
1791409936.330706,0,0,100,0.32419,0.58430,0.20140,0.31249,0.00998,-0.00283,-0.04472,0.00213,0.383917
1791409936.350912,0,0,100,0.32419,0.58443,0.20149,0.31249,0.01305,-0.00135,-0.04446,-0.00426,0.384040
1791409936.370643,0,0,100,0.32418,0.58453,0.20153,0.31248,0.00774,0.00194,-0.04457,0.00000,0.384086
1791409936.390654,0,0,100,0.32419,0.58462,0.20157,0.31247,-0.00194,-0.00189,-0.04474,0.00107,0.384118
1791409936.410829,0,0,100,0.32418,0.58475,0.20163,0.31247,0.01471,0.00491,-0.04414,-0.01065,0.384138
1791409936.430689,0,0,100,0.32418,0.58486,0.20165,0.31249,0.00284,-0.00022,-0.04459,-0.00639,0.384119
1791409936.450976,0,0,100,0.32418,0.58497,0.20167,0.31248,0.00960,-0.01204,-0.04503,-0.00320,0.384134
1791409936.471005,0,0,100,0.32418,0.58506,0.20168,0.31247,-0.00109,-0.00577,-0.04507,-0.00533,0.384099
1791409936.490693,0,0,100,0.32418,0.58515,0.20173,0.31246,0.00412,0.00420,-0.04409,0.00213,0.384155
1791409936.510715,0,0,100,0.32418,0.58523,0.20178,0.31245,0.00945,0.00045,-0.04448,-0.00320,0.384241
1791409936.530792,0,0,100,0.32419,0.58531,0.20181,0.31244,0.01221,-0.00182,-0.04459,-0.01065,0.384263
1791409936.550997,0,0,100,0.32418,0.58537,0.20185,0.31244,0.01238,-0.00449,-0.04395,-0.00107,0.384281
1791409936.570727,0,0,100,0.32418,0.58544,0.20188,0.31245,0.00122,-0.00550,-0.04338,-0.00213,0.384390
1791409936.590678,0,0,100,0.32417,0.58552,0.20190,0.31245,0.01175,-0.00674,-0.04354,-0.00426,0.384415
1791409936.610814,0,0,100,0.32417,0.58559,0.20194,0.31246,0.01609,0.00448,-0.04229,-0.00533,0.384415
1791409936.630676,0,0,100,0.32417,0.58565,0.20194,0.31247,-0.00986,-0.00523,-0.04283,-0.01278,0.384336
1791409936.650878,0,0,100,0.32416,0.58572,0.20193,0.31246,-0.00094,-0.01151,-0.04318,-0.00746,0.384335
1791409936.670783,0,0,100,0.32416,0.58579,0.20195,0.31247,0.01591,-0.00017,-0.04232,0.00107,0.384410
1791409936.690616,0,0,100,0.32416,0.58588,0.20199,0.31246,-0.00464,0.00216,-0.04263,-0.01065,0.384558
1791409936.710839,0,0,100,0.32415,0.58595,0.20201,0.31245,0.00262,-0.00147,-0.04281,-0.01065,0.384676
1791409936.730600,0,0,100,0.32415,0.58600,0.20205,0.31244,0.00760,0.00211,-0.04353,-0.00959,0.384674
1791409936.750741,0,0,100,0.32414,0.58604,0.20209,0.31242,0.00807,0.00855,-0.04318,0.00320,0.384735
1791409936.770825,0,0,100,0.32413,0.58610,0.20214,0.31242,0.00384,0.00747,-0.04306,0.00959,0.384820
1791409936.790818,0,0,100,0.32412,0.58620,0.20221,0.31241,0.01334,0.00044,-0.04438,0.01065,0.384960
1791409936.811050,0,0,100,0.32411,0.58627,0.20228,0.31240,-0.01032,0.00678,-0.04359,0.00320,0.385062
1791409936.830883,0,0,100,0.32411,0.58636,0.20230,0.31239,-0.00314,-0.01520,-0.04479,-0.01385,0.385166
1791409936.850909,0,0,100,0.32411,0.58644,0.20229,0.31238,0.01101,-0.01101,-0.04523,-0.00533,0.385083
1791409936.870965,0,0,100,0.32411,0.58657,0.20230,0.31238,0.01395,-0.00417,-0.04399,-0.00852,0.384979
1791409936.890951,0,0,100,0.32411,0.58667,0.20227,0.31237,-0.00428,-0.00646,-0.04468,-0.00746,0.384883
1791409936.910845,0,0,100,0.32412,0.58676,0.20230,0.31237,0.01414,0.00086,-0.04462,-0.01065,0.384890
1791409936.930725,0,0,100,0.32411,0.58682,0.20234,0.31236,0.01098,0.00016,-0.04374,-0.01172,0.385017
1791409936.950826,0,0,100,0.32411,0.58689,0.20239,0.31237,-0.01269,-0.00186,-0.04356,-0.00107,0.385135
1791409936.970768,0,0,100,0.32410,0.58693,0.20246,0.31236,0.00642,0.00901,-0.04293,0.00533,0.385283
1791409936.990770,0,0,100,0.32410,0.58697,0.20251,0.31236,0.00700,0.00949,-0.04312,-0.00320,0.385370
1791409937.010876,0,0,100,0.32409,0.58700,0.20252,0.31236,0.00142,-0.00785,-0.04381,-0.01278,0.385425
1791409937.030585,0,0,100,0.32409,0.58702,0.20255,0.31235,-0.00080,-0.01162,-0.04368,-0.00959,0.385444
1791409937.050668,0,0,100,0.32409,0.58703,0.20256,0.31235,0.00673,0.00794,-0.04335,-0.01491,0.385472
1791409937.071488,0,0,100,0.32408,0.58704,0.20257,0.31234,-0.00870,-0.00686,-0.04416,-0.00320,0.385470
1791409937.090760,0,0,100,0.32408,0.58709,0.20256,0.31231,0.00105,-0.00066,-0.04453,-0.01491,0.385386
1791409937.110616,0,0,100,0.32408,0.58711,0.20254,0.31230,-0.00123,-0.00149,-0.04451,-0.01811,0.385364
1791409937.130831,0,0,100,0.32408,0.58714,0.20253,0.31229,-0.00067,0.02007,-0.04364,-0.00746,0.385296
1791409937.150715,0,0,100,0.32408,0.58714,0.20251,0.31229,-0.00404,0.00256,-0.04401,-0.00639,0.385293
1791409937.170769,0,0,100,0.32408,0.58715,0.20254,0.31228,0.01142,0.00474,-0.04414,0.00107,0.385401
1791409937.190622,0,0,100,0.32408,0.58714,0.20257,0.31228,0.01858,-0.01106,-0.04430,-0.00107,0.385536
1791409937.210796,0,0,100,0.32408,0.58712,0.20262,0.31229,0.01128,-0.00293,-0.04448,-0.00426,0.385674
1791409937.230599,0,0,100,0.32407,0.58710,0.20265,0.31229,0.00347,-0.00264,-0.04380,-0.01491,0.385738
1791409937.250756,0,0,100,0.32407,0.58711,0.20270,0.31227,0.00136,0.00002,-0.04424,0.00000,0.385805
1791409937.270884,0,0,100,0.32407,0.58711,0.20270,0.31226,-0.00445,-0.01070,-0.04475,-0.01704,0.385725
1791409937.290581,0,0,100,0.32407,0.58713,0.20268,0.31225,0.00235,0.00196,-0.04437,-0.02344,0.385603
1791409937.310760,0,0,100,0.32407,0.58716,0.20265,0.31224,-0.00191,-0.00280,-0.04468,-0.01491,0.385498
1791409937.330708,0,0,100,0.32407,0.58720,0.20261,0.31224,-0.00076,-0.00517,-0.04514,-0.00426,0.385404
1791409937.350626,0,0,100,0.32408,0.58721,0.20257,0.31224,-0.00257,-0.02165,-0.04515,-0.01385,0.385372
1791409937.370842,0,0,100,0.32407,0.58720,0.20257,0.31224,0.01089,-0.00682,-0.04439,-0.00320,0.385404
1791409937.390702,0,0,100,0.32408,0.58720,0.20257,0.31224,0.01648,0.01329,-0.04359,0.00959,0.385460
1791409937.410655,0,0,100,0.32407,0.58720,0.20259,0.31224,-0.00033,-0.00391,-0.04402,-0.00320,0.385580
1791409937.431767,0,0,100,0.32407,0.58718,0.20261,0.31224,0.00387,-0.01457,-0.04507,-0.01172,0.385628
1791409937.450654,0,0,100,0.32407,0.58719,0.20265,0.31225,0.00364,-0.00232,-0.04402,-0.00213,0.385711
1791409937.470979,0,0,100,0.32406,0.58720,0.20269,0.31225,0.00318,0.00276,-0.04334,-0.01278,0.385793
1791409937.490894,0,0,100,0.32406,0.58722,0.20270,0.31224,0.00862,0.00324,-0.04425,-0.00213,0.385857
1791409937.510772,0,0,100,0.32405,0.58724,0.20269,0.31223,0.00800,-0.00627,-0.04450,-0.01065,0.385784
1791409937.532152,0,0,100,0.32409,0.58735,0.20231,0.31223,-0.11340,-0.26023,-0.05451,-0.02450,0.385684
1791409937.550996,0,0,100,0.32402,0.58607,0.19966,0.31239,0.01172,-0.00976,-0.03122,0.24714,0.387537
1791409937.570564,0,0,100,0.32381,0.58622,0.19974,0.31332,0.03389,-0.02186,-0.00843,0.67431,0.397655
1791409937.590864,0,0,100,0.32451,0.58727,0.19979,0.31408,0.02262,0.01908,-0.01512,0.84049,0.413263
1791409937.611011,0,0,100,0.32533,0.58701,0.19959,0.31481,0.01140,-0.00757,-0.02336,0.75740,0.430974
1791409937.630487,0,0,100,0.32608,0.58689,0.19932,0.31534,0.01094,-0.00608,-0.01870,0.70840,0.444929
1791409937.650764,0,0,100,0.32684,0.58676,0.19907,0.31596,0.00834,-0.00377,-0.01066,0.70094,0.458226
1791409937.670705,0,0,100,0.32750,0.58680,0.19896,0.31657,0.00269,-0.01166,-0.01007,0.72225,0.472429
1791409937.690765,0,0,100,0.32802,0.58681,0.19870,0.31716,-0.02288,0.00352,-0.01442,0.75421,0.487344
1791409937.710484,0,0,100,0.32847,0.58623,0.19842,0.31765,-0.01661,0.01606,-0.01363,0.79043,0.503134
1791409937.730489,0,0,100,0.32914,0.58582,0.19815,0.31815,0.00032,-0.00153,-0.01133,0.80960,0.519514
1791409937.750669,0,0,100,0.32982,0.58570,0.19820,0.31867,0.00400,-0.00237,-0.01025,0.80001,0.535656
1791409937.770614,0,0,100,0.33031,0.58569,0.19855,0.31913,0.00574,0.01901,-0.01408,0.79895,0.551866
1791409937.790509,0,0,100,0.33074,0.58561,0.19857,0.31958,0.00555,0.01532,-0.01102,0.77232,0.567818
1791409937.810618,0,0,100,0.33113,0.58556,0.19857,0.32005,0.00363,0.02217,-0.01090,0.74888,0.583173
1791409937.830542,0,0,100,0.33132,0.58539,0.19870,0.32040,0.00150,0.01875,-0.01905,0.73716,0.598233
1791409937.850655,0,0,100,0.33113,0.58532,0.19872,0.32057,0.01276,0.02443,-0.02088,0.71053,0.611719
1791409937.870858,0,0,100,0.33068,0.58542,0.19901,0.32062,0.01409,0.03699,-0.03711,0.68923,0.627321
1791409937.890597,0,0,100,0.33029,0.58578,0.19942,0.32053,0.03295,0.00857,-0.04684,0.68603,0.641261
1791409937.910863,0,0,100,0.33005,0.58569,0.20015,0.31985,0.02544,0.02498,-0.04223,0.67005,0.655071
1791409937.940594,0,0,100,0.32949,0.58585,0.20117,0.31987,0.04407,0.03189,-0.04599,0.66046,0.675346
1791409937.960817,0,0,100,0.32881,0.58597,0.20180,0.31976,0.03448,0.03636,-0.04505,0.65407,0.688737
1791409937.980805,0,0,100,0.32825,0.58614,0.20239,0.31971,0.04365,0.02848,-0.04049,0.68603,0.702369
1791409938.001103,0,0,100,0.32777,0.58635,0.20303,0.31916,0.06500,0.04065,-0.04010,0.69775,0.714913
1791409938.020561,0,0,100,0.32708,0.58666,0.20379,0.31877,0.03906,0.00062,-0.04714,0.68603,0.730345
1791409938.041505,0,0,100,0.32651,0.58718,0.20442,0.31844,0.04090,0.01503,-0.04488,0.68603,0.744392
1791409938.060735,0,0,100,0.32609,0.58752,0.20529,0.31816,0.04982,0.02033,-0.04227,0.68710,0.758384
1791409938.080561,0,0,100,0.32563,0.58816,0.20603,0.31757,0.04935,0.00717,-0.04579,0.69349,0.772413
1791409938.100556,0,0,100,0.32497,0.58863,0.20687,0.31714,0.03989,0.04784,-0.04755,0.69455,0.786550
1791409938.122555,0,0,100,0.32421,0.58915,0.20778,0.31668,0.03476,0.03248,-0.05487,0.68710,0.800566
1791409938.140350,0,0,100,0.32346,0.58957,0.20882,0.31631,0.04675,0.05495,-0.05681,0.68710,0.814504
1791409938.160677,0,0,100,0.32256,0.58997,0.20977,0.31594,0.05275,0.01157,-0.05640,0.68816,0.828291
1791409938.180556,0,0,100,0.32164,0.59030,0.21083,0.31563,0.06314,0.04275,-0.05531,0.68496,0.842040
1791409938.200452,0,0,100,0.32087,0.59069,0.21175,0.31540,0.04875,0.03899,-0.04565,0.70840,0.856116
1791409938.220425,0,0,100,0.32031,0.59076,0.21276,0.31535,0.03494,0.04869,-0.03802,0.70840,0.870596
1791409938.240804,0,0,100,0.31976,0.59098,0.21383,0.31533,0.05460,0.04745,-0.03716,0.72331,0.885115
1791409938.260679,0,0,100,0.31982,0.59080,0.21528,0.31524,0.03034,0.05279,-0.04074,0.70734,0.899529
1791409938.280476,0,0,100,0.32104,0.59054,0.21641,0.31525,0.01895,0.08179,-0.04498,0.70307,0.913734
1791409938.300640,0,0,100,0.32194,0.58997,0.21742,0.31550,0.01386,0.09784,-0.04247,0.69988,0.928326
1791409938.330592,0,0,100,0.32279,0.58967,0.21871,0.31592,0.09977,0.03605,-0.03296,0.75740,0.948563
1791409938.350592,0,0,100,0.32371,0.59066,0.22093,0.31601,0.04166,0.08117,-0.02839,0.97046,0.966725
1791409938.371286,0,0,100,0.32348,0.59017,0.22124,0.31588,0.03405,0.05774,-0.03721,1.03863,0.987937
1791409938.390506,0,0,100,0.32265,0.58949,0.22247,0.31517,0.06212,0.04887,-0.06742,1.03011,1.009073
1791409938.410674,0,0,100,0.32164,0.58875,0.22442,0.31394,0.07534,0.08381,-0.09410,0.98643,1.029332
1791409938.430545,0,0,100,0.32028,0.58761,0.22590,0.31224,0.05600,0.09289,-0.12460,0.97685,1.048938
1791409938.453782,0,0,100,0.31802,0.58600,0.22761,0.30992,0.06468,0.09311,-0.13108,1.04183,1.073179
1791409938.473879,0,0,100,0.31795,0.58613,0.22964,0.30840,0.07420,0.07454,-0.05641,0.94915,1.093455
1791409938.493841,0,0,100,0.31765,0.58594,0.23076,0.30757,0.02780,0.03777,-0.04405,0.86286,1.111352
1791409938.513814,0,0,100,0.32005,0.58488,0.23102,0.30648,0.02938,-0.03859,-0.05980,0.78723,1.127912
1791409938.533703,0,0,100,0.32050,0.58493,0.23227,0.30675,-0.02483,-0.02226,0.01933,0.82345,1.144149
1791409938.553864,0,0,100,0.32126,0.58481,0.23305,0.30782,0.01827,-0.03158,-0.01474,0.80747,1.160401
1791409938.573690,0,0,100,0.32170,0.58517,0.23331,0.30822,-0.00632,-0.03110,-0.04690,0.80427,1.177408
1791409938.593696,0,0,100,0.32193,0.58557,0.23246,0.30832,-0.02882,-0.04061,-0.05842,0.82238,1.193041
1791409938.613752,0,0,100,0.32211,0.58602,0.23166,0.30848,0.01586,-0.03945,-0.04291,0.86286,1.210214
1791409938.633925,0,0,100,0.32225,0.58735,0.23166,0.30888,0.03866,-0.05352,-0.01601,0.88204,1.227962
1791409938.653736,0,0,100,0.32231,0.58901,0.23177,0.30938,0.02437,-0.07518,-0.01261,0.87565,1.245889
1791409938.673904,0,0,100,0.32234,0.58970,0.23260,0.30943,0.02210,-0.02585,-0.02654,0.80534,1.263259
1791409938.693974,0,0,100,0.32238,0.58943,0.23261,0.30940,0.00272,0.00146,-0.01000,0.87671,1.280226
1791409938.713743,0,0,100,0.32229,0.59004,0.23166,0.30948,0.02342,-0.03200,-0.01902,0.89376,1.297943
1791409938.733730,0,0,100,0.32216,0.59061,0.23149,0.30960,-0.00035,-0.01993,-0.03110,0.89376,1.315805
1791409938.753941,0,0,100,0.32196,0.59112,0.23152,0.30959,-0.00036,-0.00664,-0.03900,0.84689,1.333298
1791409938.773855,0,0,100,0.32166,0.59133,0.23157,0.30954,0.00627,0.00818,-0.04068,0.83091,1.350234
1791409938.793665,0,0,100,0.32119,0.59139,0.23150,0.30965,0.01287,0.01703,-0.00847,0.81067,1.367028
1791409938.813722,0,0,100,0.32098,0.59123,0.23152,0.31019,0.02284,0.01227,0.00368,0.78936,1.383011
1791409938.833813,0,0,100,0.32066,0.59150,0.23174,0.31012,0.03257,0.01703,-0.01619,0.77338,1.398846
1791409938.853807,0,0,100,0.32007,0.59137,0.23170,0.30983,-0.02259,0.02360,-0.02790,0.76486,1.414438
1791409938.874082,0,0,100,0.31906,0.59116,0.23164,0.30980,-0.01200,0.01215,-0.02548,0.77125,1.430048
1791409938.893909,0,0,100,0.31793,0.59085,0.23119,0.30997,-0.04314,0.03311,-0.02398,0.76699,1.445624
1791409938.913694,0,0,100,0.31965,0.59018,0.23125,0.31052,0.00292,0.03098,-0.01851,0.77551,1.461004
1791409938.933749,0,0,100,0.32076,0.58901,0.23045,0.31108,-0.01261,0.03060,-0.02077,0.73610,1.476082
1791409938.953899,0,0,100,0.32103,0.58738,0.22987,0.31139,0.00269,0.08843,-0.03209,0.79895,1.491752
1791409938.973799,0,0,100,0.32062,0.58539,0.22997,0.31147,-0.03602,0.05841,-0.04433,0.85541,1.508954
1791409938.993846,0,0,100,0.31984,0.58473,0.22959,0.31114,0.01201,0.01848,-0.05761,0.87032,1.526656
1791409939.013782,0,0,100,0.31909,0.58460,0.22942,0.31050,-0.02506,-0.00738,-0.05728,0.86926,1.544071
1791409939.033832,0,0,100,0.31828,0.58484,0.22872,0.30980,-0.01818,0.00249,-0.04771,0.83943,1.561160
1791409939.054068,0,0,100,0.31734,0.58512,0.22855,0.30937,-0.00300,-0.00915,-0.04551,0.84475,1.578032
1791409939.073887,0,0,100,0.31647,0.58577,0.22834,0.30887,-0.01351,-0.02487,-0.05456,0.85008,1.595088
1791409939.093843,0,0,100,0.31566,0.58641,0.22802,0.30815,0.00282,-0.03232,-0.07285,0.85967,1.612162
1791409939.113921,0,0,100,0.31485,0.58631,0.22802,0.30747,0.02644,-0.00102,-0.03915,0.82238,1.628803
1791409939.134001,0,0,100,0.31403,0.58631,0.22831,0.30745,-0.00053,-0.04195,-0.02845,0.77977,1.644949
1791409939.154002,0,0,100,0.31459,0.58738,0.22849,0.30775,-0.01023,-0.04428,-0.04070,0.75101,1.660207
1791409939.174284,0,0,100,0.31504,0.58804,0.22826,0.30788,0.00095,-0.01806,-0.03776,0.77658,1.675519
1791409939.194075,0,0,100,0.31533,0.58873,0.22777,0.30799,-0.00293,-0.00898,-0.03098,0.79362,1.691273
1791409939.214012,0,0,100,0.31548,0.58955,0.22794,0.30813,0.01275,-0.01164,-0.03162,0.77977,1.707079
1791409939.233751,0,0,100,0.31564,0.59120,0.22777,0.30826,0.00622,-0.00358,-0.03254,0.74142,1.722526
1791409939.253903,0,0,100,0.31578,0.59141,0.22860,0.30836,0.03363,-0.00309,-0.04205,0.71905,1.737451
1791409939.273889,0,0,100,0.31596,0.59094,0.22935,0.30830,0.03420,0.00989,-0.04535,0.72012,1.752044
1791409939.293752,0,0,100,0.31610,0.59035,0.22925,0.30834,0.00390,0.05924,-0.02931,0.72864,1.766630
1791409939.313910,0,0,100,0.31603,0.58982,0.22936,0.30861,0.03616,0.01906,-0.01655,0.71692,1.781175
1791409939.333745,0,0,100,0.31594,0.58944,0.23022,0.30919,0.07492,0.03164,-0.01468,0.69668,1.795517
1791409939.353915,0,0,100,0.31582,0.58849,0.23103,0.30962,0.06757,0.05155,-0.02301,0.66046,1.809268
1791409939.373582,0,0,100,0.31595,0.58717,0.23179,0.30990,0.07366,0.04446,-0.02602,0.65727,1.822475
1791409939.394049,0,0,100,0.31659,0.58601,0.23278,0.30995,0.07038,0.03531,-0.03515,0.65940,1.835766
1791409939.413989,0,0,100,0.31693,0.58481,0.23374,0.30977,0.06982,0.04525,-0.04874,0.67644,1.850183
1791409939.433648,0,0,100,0.31697,0.58424,0.23457,0.30918,0.03887,0.01961,-0.05434,0.69775,1.863476
1791409939.453886,0,0,100,0.31711,0.58382,0.23539,0.30852,0.06442,0.01849,-0.05159,0.71799,1.877848
1791409939.474014,0,0,100,0.31741,0.58328,0.23612,0.30813,0.04013,0.01318,-0.04264,0.71586,1.892437
1791409939.505089,0,0,100,0.31801,0.58302,0.23678,0.30786,0.01187,-0.00602,-0.04714,0.70201,1.914125
1791409939.523849,0,0,100,0.31883,0.58302,0.23711,0.30776,0.02423,-0.01654,-0.04227,0.71053,1.928413
1791409939.543863,0,0,100,0.31958,0.58340,0.23746,0.30779,0.01284,-0.01816,-0.03818,0.73184,1.940128
1791409939.563847,0,0,100,0.32323,0.58130,0.23872,0.30869,0.10181,0.06642,-0.00482,0.49002,1.957227
1791409939.583798,0,0,100,0.32233,0.57943,0.23838,0.30917,0.00887,0.04155,-0.06198,-0.03515,1.960783
1791409939.604109,0,0,100,0.32143,0.57911,0.23924,0.30926,0.06611,-0.01610,-0.05971,-0.06605,1.959581
1791409939.623585,0,0,100,0.32217,0.57959,0.24094,0.30925,0.07478,0.00637,-0.04189,0.13848,1.960468
1791409939.643749,0,0,100,0.32231,0.58060,0.24238,0.30947,0.00688,-0.01950,-0.03094,0.11718,1.964287
1791409939.663951,0,0,100,0.32225,0.58052,0.24258,0.30937,0.05320,0.01708,-0.05993,0.02557,1.966188
1791409939.683830,0,0,100,0.32189,0.58062,0.24254,0.30908,0.04265,0.02839,-0.06514,0.03196,1.966796
1791409939.703637,0,0,100,0.32178,0.57987,0.24273,0.30869,0.03650,0.02489,-0.05685,0.09161,1.968082
1791409939.723702,0,0,100,0.32186,0.57881,0.24319,0.30846,0.04439,0.04558,-0.04951,0.16085,1.970833
1791409939.743912,0,0,100,0.32177,0.57742,0.24404,0.30824,0.05568,0.03903,-0.05586,0.14914,1.974096
1791409939.763629,0,0,100,0.32160,0.57643,0.24440,0.30783,0.01458,0.00573,-0.05946,0.09694,1.976886
1791409939.783602,0,0,100,0.32191,0.57590,0.24477,0.30782,-0.03077,-0.03302,-0.02117,-0.02024,1.977989
1791409939.803978,0,0,100,0.32194,0.57556,0.24517,0.30653,0.00643,0.00317,-0.02644,-0.01917,1.978325
1791409939.823850,0,0,100,0.32185,0.57537,0.24502,0.30561,-0.03804,0.00681,-0.05593,-0.10759,1.977732
1791409939.843751,0,0,100,0.32059,0.57392,0.24445,0.30496,-0.01030,0.11882,-0.03624,-0.06179,1.976257
1791409939.863678,0,0,100,0.32006,0.57335,0.24408,0.30458,-0.00175,-0.00357,-0.04891,-0.03941,1.975517
1791409939.893639,0,0,100,0.31901,0.57351,0.24376,0.30424,-0.00244,-0.02011,-0.05083,0.03409,1.975874
1791409939.913866,0,0,100,0.31790,0.57383,0.24357,0.30407,-0.01545,-0.00099,-0.04505,0.04474,1.976959
1791409939.933996,0,0,100,0.31718,0.57403,0.24328,0.30402,-0.01131,0.01074,-0.04099,0.01704,1.977554
1791409939.953835,0,0,100,0.31659,0.57414,0.24279,0.30400,-0.01840,0.01679,-0.03905,-0.01491,1.977718
1791409939.973583,0,0,100,0.31617,0.57416,0.24232,0.30401,-0.02357,0.01836,-0.03797,-0.02131,1.977525
1791409939.993851,0,0,100,0.31581,0.57404,0.24178,0.30403,-0.01663,0.02989,-0.03695,-0.02663,1.977133
1791409940.023672,0,0,100,0.31520,0.57361,0.24097,0.30405,-0.01180,0.02766,-0.03783,-0.01598,1.976760
1791409940.043598,0,0,100,0.31488,0.57327,0.24046,0.30404,-0.01968,0.03662,-0.03995,-0.01811,1.976713
1791409940.063957,0,0,100,0.31484,0.57294,0.23992,0.30404,-0.01146,0.03276,-0.03730,0.00000,1.976718
1791409940.083651,0,0,100,0.31482,0.57265,0.23939,0.30408,-0.00043,0.02798,-0.03413,-0.00852,1.976801
1791409940.103696,0,0,100,0.31480,0.57247,0.23885,0.30470,-0.03169,0.02987,-0.03227,-0.01278,1.976782
1791409940.123699,0,0,100,0.31480,0.57238,0.23834,0.30499,-0.02200,0.00563,-0.03001,-0.02344,1.976684
1791409940.143917,0,0,100,0.31480,0.57231,0.23793,0.30509,-0.01743,0.00284,-0.03147,0.00533,1.976741
1791409940.163591,0,0,100,0.31479,0.57226,0.23761,0.30520,-0.00405,0.01422,-0.03165,0.00746,1.976990
1791409940.183809,0,0,100,0.31479,0.57224,0.23731,0.30526,-0.00764,0.00537,-0.03055,-0.00213,1.977192
1791409940.203714,0,0,100,0.31477,0.57228,0.23706,0.30531,0.00486,0.00140,-0.02884,0.00426,1.977281
1791409940.223734,0,0,100,0.31476,0.57231,0.23682,0.30534,-0.01003,-0.00718,-0.02891,-0.02237,1.977258
1791409940.243741,0,0,100,0.31476,0.57229,0.23664,0.30535,-0.00337,0.00226,-0.03037,-0.00959,1.977137
1791409940.263725,0,0,100,0.31475,0.57226,0.23655,0.30534,-0.00678,0.01251,-0.03257,-0.01704,1.977042
1791409940.283581,0,0,100,0.31474,0.57216,0.23652,0.30533,0.00743,0.01132,-0.03227,0.00107,1.976973
1791409940.303695,0,0,100,0.31473,0.57210,0.23646,0.30531,0.00289,0.00482,-0.03238,-0.01491,1.976959
1791409940.328174,0,0,100,0.31472,0.57208,0.23635,0.30510,-0.01261,0.01425,-0.03429,-0.00639,1.977001
1791409940.346981,0,0,100,0.31473,0.57206,0.23628,0.30473,0.00323,-0.00081,-0.03690,-0.02024,1.976988
1791409940.367073,0,0,100,0.31473,0.57206,0.23624,0.30449,-0.00080,-0.00059,-0.03852,-0.00639,1.976982
1791409940.387139,0,0,100,0.31472,0.57206,0.23618,0.30432,0.00144,-0.00291,-0.03735,0.00533,1.977008
1791409940.406889,0,0,100,0.31472,0.57205,0.23605,0.30459,-0.00014,0.01436,-0.03561,-0.00639,1.977010
1791409940.427173,0,0,100,0.31471,0.57204,0.23593,0.30485,-0.00453,0.00396,-0.03490,-0.00852,1.976957
1791409940.447126,0,0,100,0.31470,0.57203,0.23582,0.30502,-0.00049,-0.00375,-0.03323,-0.01598,1.976934
1791409940.467089,0,0,100,0.31470,0.57200,0.23571,0.30510,-0.01437,0.00934,-0.03280,-0.00852,1.976972
1791409940.486951,0,0,100,0.31470,0.57195,0.23558,0.30515,-0.00233,-0.00419,-0.03322,-0.00852,1.977058
1791409940.506977,0,0,100,0.31469,0.57187,0.23549,0.30517,0.00032,-0.00348,-0.03388,0.00639,1.977161
1791409940.527063,0,0,100,0.31469,0.57185,0.23545,0.30519,-0.00725,0.01327,-0.03354,-0.01278,1.977180
1791409940.547093,0,0,100,0.31467,0.57180,0.23534,0.30520,-0.01035,0.00183,-0.03278,-0.02131,1.977084
1791409940.566993,0,0,100,0.31467,0.57180,0.23523,0.30522,0.00247,0.01231,-0.03256,-0.02557,1.976903
1791409940.587175,0,0,100,0.31467,0.57181,0.23515,0.30523,0.00354,0.00338,-0.03228,-0.01598,1.976882
1791409940.607148,0,0,100,0.31466,0.57182,0.23511,0.30522,-0.00480,0.00672,-0.03310,-0.00213,1.977019
1791409940.626976,0,0,100,0.31466,0.57182,0.23506,0.30523,-0.00310,-0.00158,-0.03297,-0.00746,1.977129
1791409940.647134,0,0,100,0.31466,0.57180,0.23499,0.30523,-0.00408,0.00775,-0.03298,-0.00639,1.977221
1791409940.667107,0,0,100,0.31466,0.57180,0.23495,0.30524,0.00513,-0.00730,-0.03099,-0.00639,1.977261
1791409940.687061,0,0,100,0.31465,0.57178,0.23488,0.30523,-0.00051,-0.00297,-0.03258,-0.00959,1.977250
1791409940.707074,0,0,100,0.31465,0.57173,0.23484,0.30524,0.00287,0.00924,-0.03163,-0.00639,1.977214
1791409940.727076,0,0,100,0.31465,0.57168,0.23480,0.30525,0.00687,0.00489,-0.03118,-0.00213,1.977208
1791409940.747131,0,0,100,0.31465,0.57168,0.23478,0.30524,-0.00302,-0.00845,-0.03213,-0.01491,1.977190
1791409940.767021,0,0,100,0.31464,0.57164,0.23474,0.30524,-0.00655,0.01142,-0.03199,-0.02024,1.977120
1791409940.787144,0,0,100,0.31464,0.57164,0.23473,0.30523,0.00347,-0.00080,-0.03200,-0.00213,1.977033
1791409940.806919,0,0,100,0.31463,0.57164,0.23471,0.30521,-0.00295,0.00051,-0.03242,-0.01385,1.976975
1791409940.826991,0,0,100,0.31463,0.57165,0.23468,0.30520,-0.00318,-0.00252,-0.03197,-0.01065,1.976966
1791409940.847167,0,0,100,0.31463,0.57165,0.23465,0.30520,0.00146,-0.00109,-0.03234,-0.00746,1.976961
1791409940.867012,0,0,100,0.31463,0.57166,0.23461,0.30519,-0.00222,-0.00092,-0.03215,-0.00426,1.976915
1791409940.886971,0,0,100,0.31462,0.57164,0.23459,0.30520,-0.00635,-0.00408,-0.03113,-0.00320,1.977005
1791409940.907115,0,0,100,0.31462,0.57159,0.23458,0.30520,0.00738,0.00804,-0.03161,0.00213,1.977101
1791409940.927056,0,0,100,0.31462,0.57156,0.23456,0.30520,0.01476,0.00141,-0.03124,0.00533,1.977123
1791409940.947008,0,0,100,0.31462,0.57155,0.23453,0.30521,0.00524,0.00347,-0.03083,-0.01065,1.977135
1791409940.967118,0,0,100,0.31462,0.57150,0.23453,0.30521,0.01418,0.00654,-0.03160,-0.00959,1.977117
1791409940.987001,0,0,100,0.31462,0.57151,0.23451,0.30520,0.00577,-0.00071,-0.03149,-0.00639,1.977014
1791409941.007076,0,0,100,0.31461,0.57150,0.23452,0.30520,0.01389,0.00526,-0.03077,-0.00213,1.976994
1791409941.026942,0,0,100,0.31461,0.57154,0.23451,0.30519,-0.00979,-0.00608,-0.03207,0.00107,1.976940
1791409941.047068,0,0,100,0.31461,0.57155,0.23451,0.30517,-0.00082,-0.00781,-0.03209,0.00000,1.976943
1791409941.066937,0,0,100,0.31461,0.57155,0.23453,0.30516,0.00172,-0.00155,-0.03236,-0.02024,1.977003
1791409941.086991,0,0,100,0.31462,0.57155,0.23454,0.30515,0.00024,-0.00335,-0.03236,-0.01278,1.976995
1791409941.106984,0,0,100,0.31461,0.57153,0.23452,0.30514,0.00231,0.00089,-0.03274,-0.00320,1.976981
1791409941.127080,0,0,100,0.31461,0.57151,0.23450,0.30514,-0.00177,0.01115,-0.03268,-0.00533,1.977030
1791409941.147230,0,0,100,0.31461,0.57146,0.23448,0.30513,0.00208,0.00181,-0.03222,-0.00213,1.977083
1791409941.167001,0,0,100,0.31461,0.57141,0.23447,0.30513,0.00125,0.00426,-0.03235,-0.00852,1.977093
1791409941.186895,0,0,100,0.31460,0.57138,0.23446,0.30512,-0.00002,-0.00292,-0.03308,-0.02344,1.977071
1791409941.207042,0,0,100,0.31460,0.57137,0.23446,0.30512,-0.00718,0.00243,-0.03195,-0.01491,1.977022
1791409941.226836,0,0,100,0.31461,0.57137,0.23446,0.30512,-0.00192,-0.00111,-0.03242,-0.01811,1.976956
1791409941.247077,0,0,100,0.31461,0.57139,0.23450,0.30512,0.00936,0.00355,-0.03210,-0.01491,1.976916
1791409941.266953,0,0,100,0.31460,0.57141,0.23451,0.30511,-0.00438,0.00684,-0.03256,0.01491,1.976933
1791409941.286815,0,0,100,0.31461,0.57143,0.23455,0.30509,0.00988,0.00474,-0.03270,0.00000,1.976989
1791409941.306947,0,0,100,0.31461,0.57145,0.23457,0.30508,-0.00049,0.00184,-0.03304,-0.01065,1.976991
1791409941.326879,0,0,100,0.31460,0.57145,0.23460,0.30508,0.00386,0.00341,-0.03238,-0.00213,1.976982
1791409941.347019,0,0,100,0.31461,0.57144,0.23462,0.30507,-0.00436,0.00303,-0.03295,-0.01065,1.976961
1791409941.367191,0,0,100,0.31461,0.57141,0.23464,0.30509,0.01281,0.01146,-0.03163,-0.00213,1.976991
1791409941.387047,0,0,100,0.31460,0.57136,0.23466,0.30508,0.00755,0.01215,-0.03222,0.00746,1.977094
1791409941.406989,0,0,100,0.31461,0.57136,0.23469,0.30507,-0.00409,-0.00169,-0.03275,-0.00852,1.977197
1791409941.426908,0,0,100,0.31460,0.57134,0.23467,0.30508,-0.00605,-0.00243,-0.03219,-0.01278,1.977131
1791409941.446942,0,0,100,0.31459,0.57132,0.23469,0.30507,0.00573,0.00930,-0.03243,-0.00852,1.977073
1791409941.466924,0,0,100,0.31459,0.57135,0.23471,0.30505,0.00140,-0.00165,-0.03304,-0.01917,1.976970
1791409941.487076,0,0,100,0.31460,0.57141,0.23470,0.30505,0.00043,0.00417,-0.03219,-0.02450,1.976819
1791409941.506935,0,0,100,0.31459,0.57142,0.23473,0.30504,0.00282,0.00564,-0.03292,-0.01491,1.976807
1791409941.526932,0,0,100,0.31459,0.57142,0.23476,0.30503,0.00567,-0.00467,-0.03242,0.00639,1.976897
1791409941.547108,0,0,100,0.31459,0.57140,0.23477,0.30503,0.00494,0.00332,-0.03293,-0.00533,1.977034
1791409941.566969,0,0,100,0.31459,0.57138,0.23475,0.30503,-0.00513,0.00823,-0.03307,-0.00320,1.977111
1791409941.587087,0,0,100,0.31308,0.57028,0.23426,0.30474,-0.07498,0.03369,-0.05357,-0.30254,1.974919
1791409941.606897,0,0,100,0.31308,0.57049,0.23407,0.30463,0.00602,-0.00635,-0.03205,-0.77232,1.963852
1791409941.626999,0,0,100,0.31355,0.57100,0.23632,0.30537,0.11306,-0.07621,0.00005,-0.88950,1.946717
1791409941.647055,0,0,100,0.31417,0.57157,0.23553,0.30610,0.02404,-0.00126,-0.01441,-0.80321,1.929873
1791409941.667582,0,0,100,0.31466,0.57097,0.23588,0.30745,0.02711,0.03046,-0.00263,-0.69029,1.915424
1791409941.686935,0,0,100,0.31569,0.57046,0.23614,0.30900,0.00648,0.03078,-0.00008,-0.66153,1.902191
1791409941.707010,0,0,100,0.31686,0.57001,0.23627,0.30953,0.02431,0.02656,-0.00288,-0.67538,1.888907
1791409941.727176,0,0,100,0.31814,0.56910,0.23619,0.31080,0.01127,0.05332,-0.00526,-0.68923,1.875297
1791409941.747162,0,0,100,0.31935,0.56840,0.23619,0.31191,0.00855,0.03869,-0.00220,-0.68390,1.860440
1791409941.766836,0,0,100,0.32049,0.56738,0.23596,0.31276,0.00031,0.06089,-0.00316,-0.70094,1.848294
1791409941.787059,0,0,100,0.32149,0.56628,0.23577,0.31356,-0.00705,0.06832,-0.00830,-0.69562,1.834538
1791409941.806989,0,0,100,0.32242,0.56523,0.23562,0.31418,0.00815,0.06188,-0.01349,-0.71266,1.820418
1791409941.833850,0,0,100,0.32370,0.56344,0.23553,0.31491,0.00162,0.07923,-0.01497,-0.71160,1.800577
1791409941.853797,0,0,100,0.32463,0.56204,0.23563,0.31538,0.00558,0.07701,-0.01727,-0.69242,1.786702
1791409941.873842,0,0,100,0.32547,0.56053,0.23566,0.31575,0.00880,0.07570,-0.02249,-0.69562,1.773000
1791409941.893708,0,0,100,0.32627,0.55889,0.23563,0.31603,0.02288,0.08435,-0.02466,-0.68283,1.759386
1791409941.913645,0,0,100,0.32716,0.55734,0.23546,0.31631,0.01838,0.09058,-0.02186,-0.70947,1.745617
1791409941.933898,0,0,100,0.32784,0.55575,0.23522,0.31664,0.00303,0.09016,-0.02184,-0.72118,1.731288
1791409941.953728,0,0,100,0.32860,0.55403,0.23519,0.31700,0.01942,0.07952,-0.02016,-0.73077,1.716906
1791409941.973665,0,0,100,0.32925,0.55247,0.23524,0.31733,0.02988,0.08876,-0.01998,-0.73716,1.702340
1791409941.993772,0,0,100,0.32989,0.55088,0.23528,0.31771,0.02777,0.08571,-0.02055,-0.75101,1.687508
1791409942.013663,0,0,100,0.33047,0.54944,0.23535,0.31809,0.00369,0.07800,-0.02403,-0.76060,1.672503
1791409942.033763,0,0,100,0.33099,0.54817,0.23550,0.31847,0.01120,0.05651,-0.02422,-0.76060,1.657435
1791409942.053836,0,0,100,0.33146,0.54682,0.23580,0.31883,0.02578,0.07288,-0.02300,-0.74462,1.642455
1791409942.073643,0,0,100,0.33186,0.54570,0.23621,0.31915,0.01983,0.06802,-0.02555,-0.74142,1.627625
1791409942.093688,0,0,100,0.33229,0.54456,0.23637,0.31938,0.01025,0.03896,-0.02980,-0.73716,1.612962
1791409942.113615,0,0,100,0.33272,0.54353,0.23646,0.31958,0.00687,0.04311,-0.03458,-0.73503,1.598330
1791409942.133577,0,0,100,0.33307,0.54266,0.23662,0.31974,0.01263,0.05516,-0.03653,-0.72225,1.583805
1791409942.153614,0,0,100,0.33338,0.54179,0.23693,0.31988,0.00043,0.05134,-0.03713,-0.72438,1.569409
1791409942.173535,0,0,100,0.33371,0.54095,0.23725,0.32001,0.00767,0.04833,-0.03578,-0.72331,1.555102
1791409942.193796,0,0,100,0.33395,0.54015,0.23738,0.32013,0.01232,0.05485,-0.03692,-0.73929,1.540637
1791409942.213931,0,0,100,0.33418,0.53933,0.23759,0.32020,0.02055,0.04564,-0.03903,-0.73290,1.526001
1791409942.233593,0,0,100,0.33437,0.53863,0.23782,0.32027,0.01794,0.04705,-0.04017,-0.73716,1.511397
1791409942.253644,0,0,100,0.33454,0.53781,0.23800,0.32036,0.00929,0.04939,-0.03881,-0.74142,1.496881
1791409942.273776,0,0,100,0.33469,0.53690,0.23815,0.32049,0.01713,0.08061,-0.03255,-0.74675,1.482195
1791409942.293563,0,0,100,0.33480,0.53611,0.23841,0.32065,0.02164,0.04856,-0.03344,-0.74249,1.467449
1791409942.313676,0,0,100,0.33486,0.53530,0.23883,0.32072,0.01935,0.04939,-0.04033,-0.74675,1.452659
1791409942.333702,0,0,100,0.33488,0.53443,0.23944,0.32071,0.02512,0.07586,-0.04068,-0.73610,1.437948
1791409942.353789,0,0,100,0.33486,0.53372,0.23988,0.32069,0.00685,0.03581,-0.04394,-0.74462,1.423266
1791409942.373697,0,0,100,0.33478,0.53295,0.24031,0.32062,0.00947,0.06096,-0.04834,-0.74462,1.408561
1791409942.393424,0,0,100,0.33466,0.53209,0.24071,0.32050,0.02693,0.05308,-0.04848,-0.78723,1.393532
1791409942.413556,0,0,100,0.33453,0.53177,0.24124,0.32036,0.02664,0.03017,-0.04997,-0.77764,1.378182
1791409942.433599,0,0,100,0.33434,0.53115,0.24170,0.32019,0.00555,0.06801,-0.05465,-0.79149,1.362630
1791409942.454271,0,0,100,0.33409,0.53024,0.24212,0.31999,-0.00424,0.05951,-0.05470,-0.79256,1.346953
1791409942.473793,0,0,100,0.33383,0.52948,0.24241,0.31979,0.00853,0.05220,-0.05197,-0.79575,1.331196
1791409942.493748,0,0,100,0.33352,0.52848,0.24269,0.31957,-0.00222,0.05478,-0.05285,-0.81919,1.315196
1791409942.513516,0,0,100,0.33320,0.52756,0.24305,0.31929,0.01142,0.05990,-0.05712,-0.80854,1.299080
1791409942.533610,0,0,100,0.33281,0.52664,0.24347,0.31892,0.00786,0.06948,-0.06027,-0.80641,1.283036
1791409942.553671,0,0,100,0.33235,0.52579,0.24371,0.31853,-0.00997,0.03717,-0.06216,-0.83197,1.266798
1791409942.573727,0,0,100,0.33193,0.52517,0.24394,0.31816,0.00832,0.04289,-0.06235,-0.83943,1.250329
1791409942.593629,0,0,100,0.33138,0.52442,0.24426,0.31778,0.00691,0.03924,-0.06186,-0.83304,1.233687
1791409942.613652,0,0,100,0.33079,0.52379,0.24443,0.31739,-0.00042,0.04961,-0.06242,-0.85008,1.216947
1791409942.633549,0,0,100,0.33010,0.52316,0.24442,0.31695,-0.01635,0.02859,-0.06407,-0.87245,1.199834
1791409942.653699,0,0,100,0.32921,0.52258,0.24438,0.31649,-0.02507,0.02330,-0.06794,-0.86180,1.182585
1791409942.673432,0,0,100,0.32787,0.52148,0.24429,0.31576,-0.00784,0.06352,-0.07282,-0.87778,1.165196
1791409942.693853,0,0,100,0.32627,0.52035,0.24411,0.31489,0.00231,0.00287,-0.05575,-0.84582,1.147921
1791409942.713724,0,0,100,0.32599,0.51960,0.24334,0.31425,-0.04054,0.02803,-0.04157,-0.83410,1.131461
1791409942.733728,0,0,100,0.32738,0.51904,0.24293,0.31398,-0.04180,0.00954,-0.03147,-0.84049,1.114850
1791409942.753668,0,0,100,0.32792,0.51943,0.24164,0.31375,-0.02845,-0.01781,-0.04368,-0.79362,1.098594
1791409942.773488,0,0,100,0.32753,0.51983,0.24030,0.31330,-0.03361,-0.04151,-0.05420,-0.83197,1.081396
1791409942.793663,0,0,100,0.32709,0.52199,0.23844,0.31282,-0.00678,-0.04651,-0.03985,-0.87884,1.065097
1791409942.814489,0,0,100,0.32636,0.52279,0.23775,0.31276,-0.00278,0.02777,-0.01896,-0.88310,1.047829
1791409942.833519,0,0,100,0.32544,0.52261,0.23736,0.31284,-0.02043,0.03013,-0.02092,-0.84689,1.030834
1791409942.853719,0,0,100,0.32420,0.52170,0.23711,0.31282,-0.04761,0.04032,-0.03606,-0.79682,1.014788
1791409942.873710,0,0,100,0.32290,0.52065,0.23703,0.31260,-0.02177,0.07217,-0.04471,-0.77764,0.999275
1791409942.893640,0,0,100,0.32148,0.51946,0.23738,0.31229,-0.01746,0.07349,-0.05517,-0.81599,0.983459
1791409942.913728,0,0,100,0.32036,0.51829,0.23804,0.31175,-0.01386,0.09688,-0.07026,-0.84689,0.967078
1791409942.933429,0,0,100,0.31904,0.51683,0.23810,0.31106,-0.00333,0.04313,-0.04554,-0.80534,0.950707
1791409942.953550,0,0,100,0.31744,0.51620,0.23890,0.31099,-0.00608,0.06344,-0.01193,-0.84262,0.933442
1791409942.973589,0,0,100,0.31740,0.51519,0.23935,0.31075,0.02446,0.06226,-0.04338,-0.78510,0.918341
1791409942.993757,0,0,100,0.31842,0.51333,0.23947,0.31062,-0.00244,0.09754,-0.05964,-0.79682,0.902794
1791409943.013533,0,0,100,0.31872,0.51099,0.23868,0.31089,-0.04818,0.04857,-0.05189,-0.85541,0.886217
1791409943.033424,0,0,100,0.31886,0.51078,0.23970,0.31144,0.02845,0.04056,-0.02614,-0.86606,0.869058
1791409943.053534,0,0,100,0.31913,0.51106,0.24094,0.31210,0.03822,0.04653,-0.01372,-0.90334,0.851420
1791409943.073740,0,0,100,0.32027,0.51179,0.24181,0.31273,0.02757,0.00358,-0.01623,-0.95554,0.832145
1791409943.093601,0,0,100,0.32112,0.51228,0.24284,0.31340,0.00361,-0.02662,-0.01110,-0.96193,0.814248
1791409943.113961,0,0,100,0.32165,0.51246,0.24317,0.31387,-0.01377,-0.00728,-0.01877,-1.00028,0.795046
1791409943.133729,0,0,100,0.32175,0.51198,0.24347,0.31405,0.00618,0.02817,-0.03532,-0.97472,0.785277
1791409943.153385,0,0,100,0.32206,0.51301,0.24397,0.31392,0.03267,-0.02795,-0.05371,-0.98111,0.755861
1791409943.173762,0,0,100,0.32203,0.51342,0.24431,0.31373,0.02074,-0.02893,-0.05026,-0.95874,0.736777
1791409943.196851,0,0,100,0.32169,0.51436,0.24416,0.31350,0.05018,-0.04093,-0.05109,-0.91932,0.716481
1791409943.216908,0,0,100,0.32103,0.51411,0.24462,0.31322,-0.00707,0.03088,-0.00985,-0.92678,0.697962
1791409943.236907,0,0,100,0.32051,0.51415,0.24461,0.31301,0.01077,0.01029,-0.00721,-0.90547,0.679896
1791409943.257722,0,0,100,0.32009,0.51332,0.24454,0.31320,-0.03279,0.02469,-0.02483,-0.86926,0.663911
1791409943.276673,0,0,100,0.31872,0.51244,0.24391,0.31357,-0.06869,0.01142,-0.02737,-0.89269,0.644404
1791409943.296983,0,0,100,0.31917,0.51231,0.24272,0.31358,0.00261,-0.06266,-0.03936,-0.81067,0.627514
1791409943.316888,0,0,100,0.31890,0.51332,0.24093,0.31297,0.00511,-0.12180,-0.05029,-0.86819,0.610686
1791409943.336834,0,0,100,0.31822,0.51399,0.23984,0.31240,-0.01780,-0.07032,-0.05769,-0.89269,0.593272
1791409943.356737,0,0,100,0.31739,0.51445,0.23952,0.31198,0.00830,-0.02904,-0.05341,-0.85967,0.576091
1791409943.376828,0,0,100,0.31767,0.51529,0.23960,0.31173,0.02871,-0.02647,-0.05732,-0.79256,0.559983
1791409943.396795,0,0,100,0.31765,0.51605,0.24115,0.31155,0.06687,0.01276,-0.06065,-0.82984,0.544333
1791409943.416770,0,0,100,0.31696,0.51746,0.24143,0.31105,0.08209,-0.00454,-0.04818,-0.88097,0.527673
1791409943.436718,0,0,100,0.31633,0.51842,0.24138,0.31068,0.02360,-0.03557,-0.04581,-0.90228,0.510083
1791409943.456828,0,0,100,0.31647,0.51952,0.24102,0.31021,0.02926,-0.00329,-0.05080,-0.89908,0.492342
1791409943.476804,0,0,100,0.31626,0.52074,0.24047,0.30949,0.04141,-0.04187,-0.05394,-0.89802,0.473482
1791409943.497006,0,0,100,0.31565,0.52146,0.23937,0.30842,-0.01638,-0.01970,-0.07364,-0.86606,0.456187
1791409943.517804,0,0,100,0.31592,0.52204,0.23879,0.30774,-0.03688,-0.02412,-0.03145,-0.76912,0.439537
1791409943.536634,0,0,100,0.31590,0.52378,0.23874,0.30733,0.06560,-0.02946,-0.02578,-0.74782,0.424209
1791409943.556837,0,0,100,0.31571,0.52574,0.23843,0.30718,0.07225,-0.02188,-0.03542,-0.75740,0.409074
1791409943.577132,0,0,100,0.31979,0.52673,0.23986,0.30676,0.05596,0.07101,-0.06321,-0.75634,0.394105
1791409943.596895,0,0,100,0.32233,0.52732,0.24053,0.30614,0.29101,0.08160,-0.03570,-0.71692,0.379937
1791409943.616802,0,0,100,0.32086,0.52904,0.24319,0.30628,-0.08836,0.01729,-0.02817,-0.30786,0.369687
1791409943.637128,0,0,100,0.32092,0.52788,0.24389,0.30622,-0.05115,0.04324,-0.04085,0.07350,0.367110
1791409943.657030,0,0,100,0.32100,0.52665,0.24441,0.30583,-0.02985,0.05232,-0.06179,0.28762,0.370735
1791409943.676990,0,0,100,0.32116,0.52578,0.24483,0.30531,-0.05099,0.05066,-0.07679,0.35473,0.377662
1791409943.697265,0,0,100,0.32139,0.52469,0.24447,0.30538,0.00320,0.05406,-0.04264,0.28443,0.384254
1791409943.716955,0,0,100,0.32127,0.52392,0.24524,0.30589,-0.01050,0.06084,-0.01974,0.20879,0.388898
1791409943.736737,0,0,100,0.32118,0.52317,0.24579,0.30649,-0.02135,0.02982,-0.01483,0.18109,0.392570
1791409943.756895,0,0,100,0.32107,0.52244,0.24563,0.30697,-0.03003,0.00667,-0.02017,0.18003,0.396087
1791409943.778137,0,0,100,0.32104,0.52165,0.24576,0.30721,-0.00514,0.03556,-0.02927,0.17683,0.399542
1791409943.796609,0,0,100,0.32100,0.52070,0.24625,0.30734,-0.02725,0.03664,-0.03361,0.16192,0.403191
1791409943.816811,0,0,100,0.32096,0.51990,0.24655,0.30751,-0.00883,0.02813,-0.02594,0.13529,0.406143
1791409943.837020,0,0,100,0.32092,0.51911,0.24688,0.30776,-0.01876,0.02257,-0.02168,0.12570,0.408847
1791409943.857500,0,0,100,0.32083,0.51826,0.24744,0.30800,-0.02405,0.05205,-0.02406,0.11931,0.411376
1791409943.876753,0,0,100,0.32074,0.51752,0.24769,0.30817,-0.01657,0.01620,-0.02765,0.13209,0.413957
1791409943.897008,0,0,100,0.32068,0.51692,0.24761,0.30827,-0.01571,0.01512,-0.03082,0.12890,0.416709
1791409943.917030,0,0,100,0.32060,0.51638,0.24756,0.30831,-0.01669,0.01113,-0.03478,0.11185,0.419453
1791409943.936990,0,0,100,0.32048,0.51595,0.24743,0.30835,-0.02157,0.00778,-0.03494,0.10227,0.421611
1791409943.956729,0,0,100,0.32040,0.51556,0.24733,0.30840,-0.00588,-0.00244,-0.03241,0.08309,0.423503
1791409943.976875,0,0,100,0.32034,0.51527,0.24718,0.30847,-0.00136,0.00676,-0.03284,0.06818,0.425033
1791409943.997090,0,0,100,0.32023,0.51500,0.24693,0.30850,-0.01071,0.00379,-0.03514,0.05539,0.426508
1791409944.017134,0,0,100,0.32015,0.51470,0.24685,0.30854,-0.00134,0.00948,-0.03333,0.05752,0.427881
1791409944.036987,0,0,100,0.32010,0.51439,0.24681,0.30857,-0.00409,0.01689,-0.03340,0.05752,0.429178
1791409944.057080,0,0,100,0.32006,0.51410,0.24679,0.30857,-0.00032,0.00867,-0.03571,0.04794,0.430336
1791409944.076665,0,0,100,0.32004,0.51383,0.24689,0.30858,-0.00773,0.02651,-0.03530,0.03089,0.431375
1791409944.096757,0,0,100,0.32000,0.51357,0.24700,0.30862,-0.00266,0.01276,-0.03263,0.02983,0.432205
1791409944.116780,0,0,100,0.31998,0.51328,0.24713,0.30871,-0.00297,0.03172,-0.02958,0.03622,0.433077
1791409944.136942,0,0,100,0.31998,0.51297,0.24726,0.30878,0.00201,0.01750,-0.03170,0.03302,0.433935
1791409944.156762,0,0,100,0.31997,0.51273,0.24745,0.30880,0.00093,0.01072,-0.03434,0.04581,0.434994
1791409944.177159,0,0,100,0.31996,0.51252,0.24762,0.30882,0.00491,0.01843,-0.03321,0.04048,0.436010
1791409944.196851,0,0,100,0.31995,0.51228,0.24774,0.30886,0.00214,0.00814,-0.03202,0.02876,0.436911
1791409944.216791,0,0,100,0.31994,0.51211,0.24783,0.30888,0.00933,0.00146,-0.03421,0.02876,0.437642
1791409944.236959,0,0,100,0.31993,0.51196,0.24791,0.30888,0.00247,0.01286,-0.03685,0.03302,0.438365
1791409944.256942,0,0,100,0.31992,0.51182,0.24792,0.30888,0.00156,-0.00315,-0.03438,0.01917,0.439101
1791409944.276736,0,0,100,0.31990,0.51169,0.24789,0.30893,0.00698,0.00245,-0.03136,0.01811,0.439681
1791409944.309935,0,0,100,0.31986,0.51150,0.24779,0.30896,0.00590,0.00171,-0.03378,0.01917,0.440593
1791409944.330027,0,0,100,0.31982,0.51140,0.24771,0.30900,0.00358,0.00346,-0.03313,0.02237,0.441211
1791409944.350120,0,0,100,0.31978,0.51128,0.24763,0.30902,0.00320,-0.00075,-0.03434,0.03196,0.441939
1791409944.370073,0,0,100,0.31975,0.51115,0.24758,0.30901,0.00822,-0.00018,-0.03506,0.02237,0.442645
1791409944.390076,0,0,100,0.31972,0.51101,0.24753,0.30902,-0.00605,0.00516,-0.03460,0.00639,0.443174
1791409944.410089,0,0,100,0.31968,0.51092,0.24752,0.30901,0.00274,0.00432,-0.03689,0.00533,0.443623
1791409944.430026,0,0,100,0.31966,0.51079,0.24753,0.30897,0.00273,0.00825,-0.03762,0.00959,0.444075
1791409944.451246,0,0,100,0.31964,0.51065,0.24755,0.30897,0.00878,0.01454,-0.03345,0.01704,0.444505
1791409944.470542,0,0,100,0.31959,0.51051,0.24756,0.30896,0.00340,0.00432,-0.03553,0.01172,0.445004
1791409944.490131,0,0,100,0.31956,0.51037,0.24757,0.30894,0.00059,0.00186,-0.03652,0.00746,0.445496
1791409944.510155,0,0,100,0.31950,0.51030,0.24758,0.30890,-0.00027,0.00253,-0.03706,0.03515,0.446210
1791409944.530097,0,0,100,0.31946,0.51016,0.24762,0.30886,0.00532,0.00529,-0.03635,0.04048,0.447097
1791409944.550183,0,0,100,0.31941,0.51003,0.24763,0.30885,0.00974,0.00089,-0.03455,0.03835,0.448197
1791409944.570058,0,0,100,0.31935,0.50990,0.24765,0.30884,-0.00355,0.00397,-0.03607,0.04261,0.449177
1791409944.589964,0,0,100,0.31930,0.50978,0.24768,0.30881,0.00341,0.00260,-0.03630,0.03515,0.450146
1791409944.610052,0,0,100,0.31923,0.50970,0.24768,0.30877,0.00195,0.00939,-0.03656,0.02770,0.450942
1791409944.630195,0,0,100,0.31920,0.50962,0.24766,0.30875,0.00135,0.00397,-0.03552,0.02663,0.451535
1791409944.650037,0,0,100,0.31915,0.50953,0.24768,0.30874,0.01472,0.00502,-0.03403,0.01917,0.452307
1791409944.669975,0,0,100,0.31911,0.50949,0.24765,0.30873,-0.00183,0.00248,-0.03649,0.00639,0.452820
1791409944.690032,0,0,100,0.31908,0.50945,0.24761,0.30870,0.00492,0.00255,-0.03605,0.02131,0.453336
1791409944.710032,0,0,100,0.31905,0.50941,0.24756,0.30871,0.00307,0.01154,-0.03432,0.01704,0.453786
1791409944.729920,0,0,100,0.31902,0.50937,0.24751,0.30872,-0.00144,0.00144,-0.03527,0.00639,0.454221
1791409944.750110,0,0,100,0.31899,0.50935,0.24746,0.30870,0.01252,0.01146,-0.03583,0.02557,0.454744
1791409944.769953,0,0,100,0.31895,0.50927,0.24738,0.30869,-0.00596,0.00658,-0.03444,0.01172,0.455142
1791409944.790133,0,0,100,0.31891,0.50921,0.24731,0.30871,0.01598,0.00858,-0.03284,0.01598,0.455522
1791409944.809991,0,0,100,0.31890,0.50914,0.24728,0.30871,0.00960,0.01391,-0.03440,0.00959,0.455900
1791409944.830139,0,0,100,0.31887,0.50909,0.24722,0.30871,0.01591,-0.00343,-0.03468,-0.00959,0.456144
1791409944.850104,0,0,100,0.31885,0.50907,0.24721,0.30871,0.00759,0.00411,-0.03495,0.00852,0.456297
1791409944.870002,0,0,100,0.31884,0.50899,0.24720,0.30871,-0.00339,0.00651,-0.03442,-0.00426,0.456493
1791409944.893303,0,0,100,0.31883,0.50894,0.24718,0.30871,0.01422,0.01516,-0.03451,-0.01278,0.456665
1791409944.913369,0,0,100,0.31881,0.50892,0.24712,0.30870,-0.00077,-0.00052,-0.03593,0.00000,0.456738
1791409944.933453,0,0,100,0.31879,0.50888,0.24709,0.30871,0.00345,-0.00275,-0.03565,0.00426,0.456895
1791409944.954552,0,0,100,0.31879,0.50887,0.24706,0.30871,0.00266,0.00184,-0.03549,0.01065,0.456979
1791409944.973365,0,0,100,0.31877,0.50884,0.24698,0.30872,-0.00121,0.00292,-0.03486,0.01065,0.457355
1791409944.993496,0,0,100,0.31876,0.50878,0.24694,0.30875,0.00294,0.00401,-0.03382,0.00746,0.457605
1791409945.013362,0,0,100,0.31875,0.50875,0.24690,0.30877,-0.00106,0.00437,-0.03379,0.00320,0.457811
1791409945.033365,0,0,100,0.31871,0.50870,0.24684,0.30879,-0.00140,-0.00125,-0.03351,-0.00426,0.458039
1791409945.053477,0,0,100,0.31870,0.50865,0.24681,0.30881,0.00486,0.01355,-0.03370,0.00959,0.458262
1791409945.073553,0,0,100,0.31869,0.50859,0.24678,0.30880,0.00298,-0.00300,-0.03416,0.00213,0.458506
1791409945.093407,0,0,100,0.31867,0.50857,0.24676,0.30881,0.00775,0.00091,-0.03465,0.00426,0.458641
1791409945.113290,0,0,100,0.31866,0.50853,0.24674,0.30881,0.00186,-0.00478,-0.03531,0.00320,0.458789
1791409945.133367,0,0,100,0.31866,0.50850,0.24672,0.30881,0.00600,-0.00189,-0.03448,-0.00320,0.458865
1791409945.153355,0,0,100,0.31865,0.50850,0.24669,0.30881,0.01015,-0.00087,-0.03512,0.00213,0.458891
1791409945.173330,0,0,100,0.31864,0.50848,0.24666,0.30881,0.00585,-0.00255,-0.03496,-0.00959,0.458917
1791409945.193244,0,0,100,0.31862,0.50848,0.24663,0.30881,0.01321,-0.00956,-0.03419,0.00746,0.459085
1791409945.213507,0,0,100,0.31861,0.50848,0.24658,0.30882,0.00783,-0.00118,-0.03454,-0.00320,0.459217
1791409945.233328,0,0,100,0.31859,0.50846,0.24654,0.30882,0.00291,0.00255,-0.03439,0.01491,0.459466
1791409945.253374,0,0,100,0.31858,0.50842,0.24652,0.30883,0.00308,0.00063,-0.03444,0.00426,0.459796
1791409945.274040,0,0,100,0.31857,0.50842,0.24650,0.30881,0.00517,0.00192,-0.03458,0.00107,0.460016
1791409945.293789,0,0,100,0.31856,0.50842,0.24650,0.30882,0.01697,0.00446,-0.03380,0.00533,0.460184
1791409945.313704,0,0,100,0.31854,0.50837,0.24650,0.30881,0.00194,0.01002,-0.03468,0.01491,0.460396
1791409945.333560,0,0,100,0.31855,0.50836,0.24650,0.30881,0.01297,0.00599,-0.03383,0.00000,0.460527
1791409945.353351,0,0,100,0.31853,0.50833,0.24647,0.30882,0.01338,0.00424,-0.03345,-0.01704,0.460570
1791409945.373302,0,0,100,0.31853,0.50833,0.24646,0.30882,0.00586,0.00918,-0.03502,-0.00320,0.460558
1791409945.393443,0,0,100,0.31852,0.50833,0.24643,0.30881,-0.00308,-0.00264,-0.03508,-0.00320,0.460608
1791409945.413255,0,0,100,0.31851,0.50834,0.24638,0.30881,0.01039,-0.01672,-0.03369,-0.00533,0.460649
1791409945.433675,0,0,100,0.31851,0.50833,0.24636,0.30881,0.00553,0.00440,-0.03454,-0.00107,0.460768
1791409945.453393,0,0,100,0.31850,0.50832,0.24632,0.30881,0.01070,-0.00278,-0.03443,0.00107,0.460931
1791409945.473408,0,0,100,0.31848,0.50833,0.24627,0.30881,0.00688,0.00699,-0.03459,0.00000,0.461008
1791409945.493335,0,0,100,0.31848,0.50832,0.24624,0.30882,0.01246,0.00943,-0.03400,0.00107,0.461114
1791409945.513374,0,0,100,0.31847,0.50830,0.24620,0.30883,-0.00070,0.01101,-0.03406,0.00746,0.461289
1791409945.533584,0,0,100,0.31846,0.50829,0.24617,0.30884,0.01390,0.00006,-0.03420,-0.00533,0.461389
1791409945.553408,0,0,100,0.31846,0.50828,0.24618,0.30884,0.01601,0.00774,-0.03379,0.00639,0.461451
1791409945.573404,0,0,100,0.31843,0.50827,0.24617,0.30883,0.00336,-0.00057,-0.03438,0.00746,0.461485
1791409945.593480,0,0,100,0.31843,0.50827,0.24617,0.30882,-0.00270,-0.00126,-0.03575,0.00213,0.461640
1791409945.613275,0,0,100,0.31842,0.50825,0.24617,0.30881,0.00461,0.00337,-0.03468,0.01065,0.461926
1791409945.633413,0,0,100,0.31841,0.50823,0.24616,0.30882,0.00789,0.00428,-0.03323,-0.00213,0.462150
1791409945.653413,0,0,100,0.31840,0.50820,0.24614,0.30883,-0.00179,-0.00398,-0.03497,-0.00213,0.462301
1791409945.673311,0,0,100,0.31839,0.50817,0.24613,0.30881,-0.00177,-0.00253,-0.03587,-0.00746,0.462372
1791409945.693246,0,0,100,0.31837,0.50816,0.24611,0.30880,0.01160,0.00104,-0.03478,-0.00320,0.462424
1791409945.713300,0,0,100,0.31837,0.50811,0.24608,0.30881,0.00545,0.00041,-0.03407,0.00533,0.462607
1791409945.733347,0,0,100,0.31836,0.50807,0.24604,0.30882,-0.00606,-0.00166,-0.03442,0.00852,0.462838
1791409945.753316,0,0,100,0.31835,0.50803,0.24605,0.30882,0.01495,0.00022,-0.03471,-0.00213,0.463030
1791409945.773442,0,0,100,0.31836,0.50803,0.24604,0.30882,0.00804,0.00016,-0.03435,0.00320,0.463146
1791409945.793349,0,0,100,0.31834,0.50804,0.24602,0.30883,0.00696,-0.00785,-0.03411,-0.02131,0.463083
1791409945.813378,0,0,100,0.31834,0.50804,0.24600,0.30882,0.00965,-0.00092,-0.03459,-0.02450,0.462994
1791409945.833427,0,0,100,0.31834,0.50806,0.24599,0.30882,0.00754,0.01239,-0.03434,-0.00213,0.462934
1791409945.853336,0,0,100,0.31833,0.50807,0.24595,0.30881,-0.00024,-0.00238,-0.03543,-0.00639,0.462908
1791409945.873322,0,0,100,0.31833,0.50805,0.24592,0.30881,-0.00035,0.00475,-0.03575,-0.00533,0.462986
1791409945.893277,0,0,100,0.31833,0.50804,0.24590,0.30881,0.01972,0.00351,-0.03461,0.00107,0.463133
1791409945.913393,0,0,100,0.31832,0.50801,0.24586,0.30881,0.00379,-0.00288,-0.03591,0.00852,0.463317
1791409945.933310,0,0,100,0.31831,0.50796,0.24585,0.30881,0.00354,-0.00016,-0.03467,-0.00959,0.463447
1791409945.953363,0,0,100,0.31830,0.50794,0.24583,0.30882,-0.00008,0.00302,-0.03533,0.00426,0.463534
1791409945.973177,0,0,100,0.31828,0.50791,0.24582,0.30881,0.01111,0.00128,-0.03523,-0.00107,0.463637
1791409945.993505,0,0,100,0.31829,0.50786,0.24579,0.30881,0.00472,0.00536,-0.03523,0.00000,0.463672
1791409946.013137,0,0,100,0.31828,0.50781,0.24575,0.30881,0.00623,0.00969,-0.03516,-0.01278,0.463630
1791409946.033417,0,0,100,0.31828,0.50778,0.24570,0.30881,0.01012,-0.00175,-0.03534,-0.01065,0.463525
1791409946.053878,0,0,100,0.31827,0.50775,0.24566,0.30881,0.01004,0.00523,-0.03459,0.00746,0.463469
1791409946.073283,0,0,100,0.31827,0.50773,0.24560,0.30883,0.00916,-0.00534,-0.03468,-0.01172,0.463444
1791409946.093354,0,0,100,0.31826,0.50769,0.24556,0.30883,-0.00240,0.00447,-0.03510,-0.00213,0.463524
1791409946.113523,0,0,100,0.31826,0.50766,0.24551,0.30885,0.00564,-0.00020,-0.03434,0.00852,0.463647
1791409946.133212,0,0,100,0.31824,0.50763,0.24546,0.30884,0.00513,-0.00974,-0.03526,0.00959,0.463867
1791409946.153450,0,0,100,0.31823,0.50760,0.24544,0.30883,-0.00117,0.00141,-0.03557,0.00533,0.464099
1791409946.173273,0,0,100,0.31823,0.50753,0.24543,0.30884,0.00627,0.00589,-0.03558,0.00639,0.464403
1791409946.193219,0,0,100,0.31821,0.50750,0.24541,0.30884,-0.00292,-0.00198,-0.03558,-0.00959,0.464551
1791409946.213359,0,0,100,0.31821,0.50749,0.24541,0.30884,0.00614,0.00678,-0.03469,-0.02237,0.464496
1791409946.234921,0,0,100,0.31820,0.50750,0.24540,0.30884,0.01685,0.00121,-0.03527,0.00107,0.464440
1791409946.263146,0,0,100,0.31820,0.50750,0.24538,0.30884,-0.00431,-0.01136,-0.03561,-0.01172,0.464403
1791409946.283269,0,0,100,0.31820,0.50751,0.24539,0.30884,0.01525,0.00694,-0.03434,0.00533,0.464443
1791409946.303272,0,0,100,0.31821,0.50753,0.24538,0.30885,0.00968,0.01426,-0.03450,-0.00213,0.464504
1791409946.323252,0,0,100,0.31820,0.50756,0.24535,0.30887,0.00331,-0.00026,-0.03433,-0.01172,0.464476
1791409946.343312,0,0,100,0.31820,0.50757,0.24535,0.30887,-0.00284,0.00542,-0.03533,-0.01065,0.464487
1791409946.363358,0,0,100,0.31820,0.50756,0.24533,0.30887,0.00538,0.00756,-0.03425,-0.00426,0.464579
1791409946.383294,0,0,100,0.31820,0.50754,0.24530,0.30887,-0.00407,0.00213,-0.03477,0.00426,0.464660
1791409946.403034,0,0,100,0.31820,0.50754,0.24529,0.30889,0.00347,0.00061,-0.03452,-0.00639,0.464682
1791409946.423294,0,0,100,0.31820,0.50753,0.24531,0.30889,0.01622,0.00339,-0.03332,-0.00746,0.464748
1791409946.443443,0,0,100,0.31820,0.50751,0.24534,0.30889,0.01192,-0.00030,-0.03360,0.00533,0.464839
1791409946.463190,0,0,100,0.31819,0.50749,0.24537,0.30889,0.01300,0.01226,-0.03362,-0.00426,0.464841
1791409946.483320,0,0,100,0.31819,0.50749,0.24538,0.30889,0.00795,-0.00013,-0.03418,-0.00639,0.464822
1791409946.503272,0,0,100,0.31819,0.50748,0.24537,0.30889,0.01383,0.00842,-0.03438,-0.00426,0.464798
1791409946.529840,0,0,100,0.31818,0.50750,0.24534,0.30890,0.00415,-0.00100,-0.03391,0.00959,0.464834
1791409946.550050,0,0,100,0.31817,0.50750,0.24529,0.30891,0.00716,-0.00537,-0.03364,-0.00959,0.464846
1791409946.570200,0,0,100,0.31817,0.50749,0.24524,0.30891,0.00131,-0.00898,-0.03446,0.00320,0.464936
1791409946.590034,0,0,2006,0.31811,0.50748,0.24519,0.30891,0.03586,-0.01770,-0.03331,-0.01278,0.465039
1791409946.610036,0,0,2006,0.31648,0.50689,0.24473,0.30898,0.00096,0.00013,-0.02513,-0.01385,0.465012
1791409946.629860,0,0,2006,0.31488,0.50663,0.24463,0.30826,0.00073,0.00010,-0.01891,-0.03728,0.464757
1791409946.649956,0,0,2006,0.31291,0.50646,0.24463,0.30697,0.00059,0.00007,-0.01468,-0.04261,0.464178
1791409946.670041,0,0,2006,0.31077,0.50616,0.24446,0.30520,0.00048,0.00005,-0.01177,-0.04687,0.463477
1791409946.690071,0,0,2006,0.30857,0.50564,0.24413,0.30319,0.00040,0.00004,-0.00970,-0.04687,0.462771
1791409946.710000,0,0,2006,0.30640,0.50496,0.24360,0.30116,0.00034,0.00002,-0.00816,-0.01278,0.462469
1791409946.729944,0,0,2006,0.30430,0.50416,0.24295,0.29915,0.00028,0.00001,-0.00699,0.01598,0.462581
1791409946.750206,0,0,2006,0.30213,0.50333,0.24226,0.29712,0.00024,0.00000,-0.00611,0.03196,0.463225
1791409946.770076,0,0,2006,0.29989,0.50224,0.24145,0.29507,0.00020,-0.00000,-0.00547,0.05007,0.464231
1791409946.790042,0,0,2006,0.29732,0.50118,0.24063,0.29297,0.00018,-0.00001,-0.00500,0.05859,0.465573
1791409946.809954,0,0,2006,0.29487,0.50004,0.23981,0.29082,0.00016,-0.00001,-0.00467,0.07776,0.467109
1791409946.830173,0,0,2006,0.29238,0.49871,0.23938,0.28894,-0.03291,0.00134,-0.01639,0.06498,0.468803
1791409946.849897,0,0,2006,0.28988,0.49734,0.23896,0.28683,-0.05144,0.01395,-0.03377,0.08096,0.470536
1791409946.869938,0,0,2006,0.28729,0.49605,0.23854,0.28420,-0.05318,-0.00246,-0.05068,0.06392,0.472047
1791409946.889934,0,0,2006,0.28471,0.49478,0.23824,0.28131,-0.05238,0.01975,-0.06594,0.05007,0.473444
1791409946.910093,0,0,2006,0.28205,0.49349,0.23786,0.27793,-0.05238,0.00147,-0.07969,0.05646,0.474661
1791409946.930001,0,0,2006,0.27944,0.49234,0.23757,0.27485,-0.04491,-0.00577,-0.09445,0.05113,0.475882
1791409946.949917,0,0,2006,0.27694,0.49131,0.23730,0.27205,-0.04109,-0.00232,-0.10538,0.04368,0.477099
1791409946.969788,0,0,2006,0.27443,0.49037,0.23714,0.26942,-0.03723,0.01154,-0.11293,0.05326,0.478310
1791409946.989874,0,0,2006,0.27193,0.48950,0.23695,0.26690,-0.01636,0.00636,-0.12048,0.06392,0.479613
1791409947.009867,0,0,2006,0.26968,0.48886,0.23693,0.26451,-0.00422,0.00606,-0.12561,0.07776,0.480959
1791409947.029796,0,0,2006,0.26719,0.48825,0.23680,0.26218,-0.02536,-0.00989,-0.13005,0.07350,0.482364
1791409947.049907,0,0,2006,0.26498,0.48814,0.23653,0.25987,-0.00484,-0.03922,-0.13102,0.06818,0.483729
1791409947.069979,0,0,2006,0.26285,0.48838,0.23596,0.25762,0.01964,-0.04713,-0.13608,0.05326,0.484829
1791409947.090211,0,0,2006,0.26081,0.48742,0.23658,0.25493,-0.01165,0.00286,-0.14896,-0.00746,0.485234
1791409947.110035,0,0,2006,0.25905,0.48696,0.23683,0.25209,-0.00541,0.01563,-0.16831,-0.08948,0.484276
1791409947.130089,0,0,2006,0.25756,0.48655,0.23713,0.24908,-0.00493,0.03706,-0.18460,-0.18962,0.481466
1791409947.149900,0,0,2006,0.25619,0.48587,0.23749,0.24596,-0.01457,0.02817,-0.20082,-0.28443,0.476506
1791409947.169972,0,0,2006,0.25460,0.48471,0.23803,0.24268,-0.03747,0.05266,-0.21614,-0.35473,0.469815
1791409947.190043,0,0,2006,0.25266,0.48322,0.23879,0.23917,-0.04355,0.06218,-0.22420,-0.40267,0.462178
1791409947.210069,0,0,2006,0.24904,0.48143,0.23984,0.23571,-0.06867,0.07149,-0.20344,-0.29508,0.454859
1791409947.229867,0,0,2006,0.24540,0.47947,0.24060,0.23275,-0.07916,0.05444,-0.18458,-0.06498,0.451312
1791409947.249994,0,0,2006,0.24259,0.47716,0.24124,0.23183,-0.09043,0.06790,-0.17681,0.14168,0.452338
1791409947.269885,0,0,2006,0.24030,0.47507,0.24172,0.23101,-0.07882,0.04995,-0.17119,0.26312,0.456320
1791409947.289938,0,0,2006,0.23807,0.47317,0.24195,0.22944,-0.07257,0.03674,-0.17144,0.30360,0.462417
1791409947.309794,0,0,2006,0.23591,0.47160,0.24203,0.22748,-0.06294,0.02453,-0.17325,0.26738,0.468298
1791409947.329923,0,0,2006,0.23374,0.47037,0.24189,0.22531,-0.05730,0.00143,-0.17122,0.21199,0.472969
1791409947.349870,0,0,2006,0.23158,0.46941,0.24161,0.22304,-0.05785,-0.01026,-0.16996,0.13955,0.476603
1791409947.370005,0,0,2006,0.22943,0.46874,0.24117,0.22066,-0.03499,-0.01736,-0.17277,0.08842,0.478980
1791409947.389920,0,0,2006,0.22731,0.46842,0.24076,0.21832,-0.02868,-0.02028,-0.16574,0.03622,0.480272
1791409947.410077,0,0,2006,0.22518,0.46831,0.24036,0.21603,-0.01799,-0.02461,-0.16138,-0.00213,0.480726
1791409947.430059,0,0,2006,0.22307,0.46847,0.23994,0.21375,0.00349,-0.03001,-0.16226,-0.01704,0.480747
1791409947.450055,0,0,2006,0.22095,0.46876,0.23965,0.21141,0.00889,-0.02087,-0.15994,-0.01491,0.480631
1791409947.469972,0,0,2006,0.21894,0.46920,0.23935,0.20910,0.00793,-0.02340,-0.16195,0.00533,0.480695
1791409947.490020,0,0,2006,0.21666,0.46972,0.23928,0.20676,0.02816,-0.02126,-0.15994,0.03089,0.481118
1791409947.510022,0,0,2006,0.21442,0.47036,0.23932,0.20443,0.02427,-0.00722,-0.15954,0.04794,0.481934
1791409947.529942,0,0,2006,0.21228,0.47083,0.23986,0.20111,0.01691,0.00072,-0.16152,0.04048,0.482931
1791409947.550004,0,0,2006,0.21016,0.47132,0.24023,0.19852,0.03703,-0.01503,-0.16404,0.04048,0.483871
1791409947.570071,0,0,2006,0.20800,0.47190,0.24062,0.19538,0.03525,0.01820,-0.17037,0.02557,0.484579
1791409947.590027,0,0,2006,0.20563,0.47233,0.24120,0.19212,0.02603,0.01764,-0.17832,0.00959,0.485126
1791409947.610077,0,0,2006,0.20325,0.47264,0.24189,0.18896,0.01214,0.02055,-0.18326,0.00426,0.485400
1791409947.630030,0,0,2006,0.20085,0.47288,0.24248,0.18595,0.01186,0.01998,-0.18776,-0.01065,0.485474
1791409947.649881,0,0,2006,0.19843,0.47299,0.24316,0.18298,0.00868,0.01813,-0.18626,-0.01811,0.485255
1791409947.669842,0,0,2006,0.19585,0.47308,0.24390,0.18010,0.01629,0.03641,-0.19236,0.00426,0.485198
1791409947.689845,0,0,2006,0.19341,0.47295,0.24457,0.17725,-0.00365,0.03412,-0.19518,0.00639,0.485456
1791409947.709990,0,0,2006,0.19098,0.47275,0.24520,0.17444,-0.00737,0.03078,-0.19849,-0.01385,0.485451
1791409947.729923,0,0,2006,0.18858,0.47241,0.24584,0.17162,-0.00398,0.03936,-0.20253,-0.02557,0.485084
1791409947.749922,0,0,2006,0.18605,0.47198,0.24650,0.16919,-0.00541,0.00750,-0.20479,-0.00639,0.484889
1791409947.770120,0,0,2006,0.18352,0.47174,0.24695,0.16817,-0.01079,0.00822,-0.20344,0.02663,0.485257
1791409947.789858,0,0,2006,0.18062,0.47146,0.24759,0.16615,0.00050,0.03201,-0.20192,0.06498,0.486261
1791409947.810145,0,0,2006,0.17772,0.47108,0.24847,0.16376,0.00186,0.05128,-0.19509,0.10120,0.487981
1791409947.830014,0,0,2006,0.17472,0.47087,0.24958,0.16122,0.00875,0.04353,-0.19135,0.12677,0.490348
1791409947.849891,0,0,2006,0.17185,0.47074,0.25072,0.15861,0.00873,0.04593,-0.18999,0.13316,0.493121
1791409947.869966,0,0,2006,0.16889,0.47064,0.25163,0.15592,0.00712,0.02902,-0.19009,0.10759,0.495825
1791409947.889925,0,0,2006,0.16613,0.47073,0.25234,0.15315,0.01031,0.02625,-0.19378,0.06818,0.497522
1791409947.909849,0,0,2006,0.16330,0.47083,0.25290,0.15034,0.00614,0.01245,-0.19230,0.05965,0.498855
1791409947.929796,0,0,2006,0.16068,0.47098,0.25328,0.14748,0.00605,-0.00357,-0.19311,0.05433,0.500149
1791409947.950037,0,0,2006,0.15805,0.47119,0.25376,0.14454,0.00832,0.01720,-0.19632,0.06179,0.501513
1791409947.969822,0,0,2006,0.15538,0.47146,0.25421,0.14158,0.01585,0.00435,-0.19663,0.04474,0.502825
1791409947.990062,0,0,2006,0.15262,0.47185,0.25476,0.13859,0.02193,0.01664,-0.20115,0.04794,0.504083
1791409948.009849,0,0,2006,0.14967,0.47228,0.25538,0.13557,0.02205,0.01044,-0.20040,0.04581,0.505088
1791409948.029809,0,0,2006,0.14679,0.47281,0.25592,0.13256,0.01950,0.01202,-0.19862,0.04794,0.506066
1791409948.050042,0,0,2006,0.14386,0.47330,0.25653,0.12960,0.02241,0.01573,-0.19505,0.05113,0.507183
1791409948.069927,0,0,2006,0.14090,0.47388,0.25712,0.12668,0.02724,0.00319,-0.19330,0.04687,0.508298
1791409948.089841,0,0,2006,0.13814,0.47458,0.25772,0.12380,0.03456,0.00341,-0.19527,0.04155,0.509521
1791409948.109823,0,0,2006,0.13537,0.47526,0.25835,0.12090,0.03352,0.01050,-0.19535,0.04261,0.510495
1791409948.130086,0,0,2006,0.13283,0.47596,0.25924,0.11796,0.04005,0.02627,-0.19516,0.04474,0.511498
1791409948.149843,0,0,2006,0.13004,0.47660,0.26022,0.11502,0.04307,0.02322,-0.19704,0.06072,0.512869
1791409948.169824,0,0,2006,0.12713,0.47731,0.26107,0.11132,0.01961,0.01557,-0.19361,0.07563,0.514475
1791409948.189809,0,0,2006,0.12457,0.47795,0.26175,0.10791,0.02537,0.00950,-0.19128,0.04581,0.515842
1791409948.209845,0,0,2006,0.12182,0.47866,0.26242,0.10476,0.02076,0.01118,-0.18704,0.04900,0.517054
1791409948.229983,0,0,2006,0.11912,0.47935,0.26304,0.10174,0.03131,0.00628,-0.18724,0.05646,0.518282
1791409948.249944,0,0,2006,0.11619,0.48002,0.26362,0.09881,0.02589,0.00920,-0.18545,0.04687,0.519547
1791409948.269920,0,0,2006,0.11338,0.48069,0.26411,0.09589,0.02222,0.00299,-0.18660,0.03941,0.520432
1791409948.289916,0,0,2006,0.11044,0.48145,0.26445,0.09302,0.03075,-0.00795,-0.18230,0.01704,0.520991
1791409948.309788,0,0,2006,0.10759,0.48223,0.26474,0.09023,0.01978,-0.00208,-0.18474,0.00426,0.521376
1791409948.329857,0,0,2006,0.10456,0.48296,0.26512,0.08742,0.02908,0.00152,-0.18367,0.01172,0.521612
1791409948.349861,0,0,2006,0.10139,0.48345,0.26537,0.08386,0.02270,0.00126,-0.18371,0.02450,0.522192
1791409948.370000,0,0,2006,0.09825,0.48409,0.26565,0.08019,0.02016,-0.00062,-0.18066,0.04794,0.523088
1791409948.390025,0,0,2006,0.09524,0.48468,0.26594,0.07685,0.01754,0.00222,-0.17982,0.04048,0.523989
1791409948.409972,0,0,2006,0.09242,0.48524,0.26622,0.07371,0.01587,-0.00070,-0.18193,0.05220,0.525178
1791409948.429906,0,0,2006,0.08959,0.48580,0.26651,0.07067,0.01908,0.00374,-0.18332,0.04474,0.526406
1791409948.449806,0,0,2006,0.08691,0.48635,0.26682,0.06773,0.02172,0.00144,-0.18263,0.04368,0.527600
1791409948.469974,0,0,2006,0.08390,0.48689,0.26708,0.06489,0.01628,-0.00018,-0.18048,0.02876,0.528558
1791409948.490013,0,0,2006,0.08116,0.48713,0.26723,0.06189,0.00377,0.00531,-0.17974,0.03196,0.529275
1791409948.509956,0,0,2006,0.07845,0.48741,0.26739,0.05873,0.00333,0.00653,-0.17964,0.02663,0.529992
1791409948.529826,0,0,1001,0.07541,0.48771,0.26752,0.05846,-0.01013,0.00138,-0.13907,-0.00852,0.530587
1791409948.549946,0,0,1001,0.07348,0.48811,0.26779,0.05716,-0.00719,0.00082,-0.09755,-0.03622,0.530027
1791409948.569935,0,0,1001,0.07301,0.48817,0.26788,0.05640,-0.00532,0.00049,-0.07080,-0.00959,0.529688
1791409948.590054,0,0,1001,0.07299,0.48819,0.26792,0.05613,-0.00397,0.00032,-0.05221,-0.02344,0.529508
1791409948.609819,0,0,1001,0.07287,0.48823,0.26796,0.05606,-0.00295,0.00024,-0.03885,-0.00852,0.529491
1791409948.629813,0,0,1001,0.07281,0.48822,0.26797,0.05608,-0.00221,0.00018,-0.02903,-0.01065,0.529563
1791409948.650121,0,0,1001,0.07278,0.48823,0.26798,0.05614,-0.00166,0.00013,-0.02175,0.00213,0.529558
1791409948.669761,0,0,1001,0.07271,0.48824,0.26799,0.05621,-0.00124,0.00010,-0.01631,-0.00959,0.529548
1791409948.689975,0,0,1001,0.07269,0.48824,0.26799,0.05628,-0.00093,0.00007,-0.01223,-0.00746,0.529560
1791409948.709852,0,0,1001,0.07268,0.48825,0.26800,0.05635,-0.00070,0.00005,-0.00918,-0.01172,0.529539
1791409948.729716,0,0,1001,0.07266,0.48825,0.26800,0.05640,-0.00053,0.00004,-0.00689,-0.00959,0.529481
1791409948.749928,0,0,1001,0.07266,0.48826,0.26800,0.05645,-0.00039,0.00003,-0.00517,-0.01598,0.529419
1791409948.769940,0,0,1001,0.07265,0.48826,0.26800,0.05648,-0.00030,0.00002,-0.00388,-0.01065,0.529436
1791409948.789930,0,0,1001,0.07265,0.48826,0.26800,0.05651,-0.00022,0.00002,-0.00291,-0.01278,0.529386
1791409948.809927,0,0,1001,0.07265,0.48826,0.26800,0.05653,-0.00017,0.00001,-0.00218,-0.01491,0.529355
1791409948.830326,0,0,1001,0.07264,0.48826,0.26800,0.05655,-0.00012,0.00001,-0.00164,-0.00107,0.529362
1791409948.849868,0,0,1001,0.07264,0.48826,0.26800,0.05656,-0.00009,0.00001,-0.00123,-0.01491,0.529329
1791409948.870057,0,0,1001,0.07263,0.48826,0.26800,0.05657,-0.00007,0.00001,-0.00092,-0.01172,0.529345
1791409948.889771,0,0,1001,0.07264,0.48826,0.26800,0.05657,-0.00005,0.00000,-0.00069,-0.01065,0.529362
1791409948.910221,0,0,1001,0.07264,0.48826,0.26800,0.05657,-0.00004,0.00000,-0.00052,-0.00213,0.529371
1791409948.929944,0,0,1001,0.07263,0.48826,0.26800,0.05658,-0.00003,0.00000,-0.00039,-0.01385,0.529381
1791409948.949978,0,0,1001,0.07263,0.48826,0.26801,0.05658,-0.00002,0.00000,-0.00029,-0.01065,0.529371
1791409948.970069,0,0,1001,0.07263,0.48826,0.26800,0.05658,-0.00002,0.00000,-0.00022,-0.01385,0.529353
1791409948.990072,0,0,1001,0.07262,0.48826,0.26800,0.05658,-0.00001,0.00000,-0.00017,-0.01704,0.529372
1791409949.010535,0,0,1001,0.07262,0.48826,0.26800,0.05658,-0.00001,0.00000,-0.00012,0.00533,0.529377
1791409949.029782,0,0,1001,0.07262,0.48827,0.26800,0.05658,-0.00001,0.00000,-0.00009,-0.00426,0.529332
1791409949.049893,0,0,1001,0.07262,0.48827,0.26799,0.05658,-0.00001,0.00000,-0.00007,-0.00213,0.529350
1791409949.069892,0,0,1001,0.07261,0.48827,0.26799,0.05658,-0.00000,0.00000,-0.00005,-0.01172,0.529355
1791409949.090111,0,0,1001,0.07261,0.48827,0.26799,0.05657,-0.00000,0.00000,-0.00004,-0.01385,0.529351
1791409949.109956,0,0,1001,0.07261,0.48827,0.26799,0.05657,-0.00000,0.00000,-0.00003,-0.00533,0.529349
1791409949.130318,0,0,1001,0.07261,0.48827,0.26799,0.05657,-0.00000,0.00000,-0.00003,-0.00320,0.529345
1791409949.150235,0,0,1001,0.07261,0.48827,0.26799,0.05657,-0.00000,0.00000,-0.00002,-0.00639,0.529331
1791409949.170246,0,0,1001,0.07261,0.48827,0.26798,0.05657,-0.00000,0.00000,-0.00002,-0.01385,0.529283
1791409949.189881,0,0,1001,0.07261,0.48827,0.26799,0.05657,-0.00000,0.00000,-0.00001,-0.00426,0.529317
1791409949.210071,0,0,1001,0.07261,0.48827,0.26799,0.05656,-0.00000,0.00000,-0.00001,-0.00746,0.529301
1791409949.230199,0,0,1001,0.07261,0.48827,0.26799,0.05656,-0.00000,0.00000,-0.00001,-0.01917,0.529332
1791409949.250206,0,0,1001,0.07260,0.48827,0.26799,0.05656,-0.00000,0.00000,-0.00001,-0.00746,0.529322
1791409949.269872,0,0,1001,0.07260,0.48827,0.26799,0.05656,-0.00000,0.00000,-0.00001,0.00213,0.529370
1791409949.289710,0,0,1001,0.07260,0.48827,0.26799,0.05656,-0.00000,0.00000,-0.00001,-0.00746,0.529357
1791409949.309799,0,0,1001,0.07260,0.48827,0.26799,0.05655,-0.00000,0.00000,-0.00000,-0.02983,0.529337
1791409949.329801,0,0,1001,0.07259,0.48827,0.26799,0.05655,-0.00000,0.00000,-0.00000,-0.01065,0.529313
1791409949.349914,0,0,1001,0.07259,0.48827,0.26799,0.05655,-0.00000,0.00000,-0.00000,0.00852,0.529379
1791409949.369773,0,0,1001,0.07260,0.48827,0.26799,0.05655,-0.00000,0.00000,-0.00000,-0.00213,0.529419
1791409949.389855,0,0,1001,0.07260,0.48827,0.26799,0.05655,-0.00000,0.00000,-0.00000,-0.00533,0.529430
1791409949.409874,0,0,1001,0.07260,0.48827,0.26799,0.05654,-0.00000,0.00000,-0.00000,-0.01491,0.529428
1791409949.430018,0,0,1001,0.07259,0.48827,0.26799,0.05654,-0.00000,0.00000,-0.00000,-0.00426,0.529438
1791409949.450003,0,0,1001,0.07259,0.48827,0.26799,0.05654,-0.00000,0.00000,-0.00000,-0.00213,0.529498
1791409949.470006,0,0,1001,0.07259,0.48827,0.26799,0.05654,-0.00000,0.00000,-0.00000,-0.01598,0.529528
1791409949.489899,0,0,1001,0.07259,0.48827,0.26799,0.05653,-0.00000,0.00000,-0.00000,-0.00639,0.529538
1791409949.510225,0,0,1001,0.07258,0.48827,0.26799,0.05653,-0.00000,0.00000,-0.00001,-0.01172,0.529544
1791409949.529749,0,0,1001,0.07259,0.48827,0.26799,0.05653,-0.00000,0.00000,-0.00001,-0.00746,0.529597
1791409949.549829,0,0,1001,0.07258,0.48827,0.26799,0.05652,-0.00000,0.00000,-0.00001,0.00426,0.529584
1791409949.569829,0,0,1001,0.07258,0.48827,0.26799,0.05652,-0.00000,0.00000,-0.00001,-0.02131,0.529583
1791409949.590002,0,0,1001,0.07258,0.48827,0.26798,0.05651,-0.00000,0.00000,-0.00001,-0.01065,0.529616
1791409949.609944,0,0,1001,0.07258,0.48827,0.26799,0.05651,-0.00000,0.00000,-0.00001,-0.00959,0.529574
1791409949.629718,0,0,1001,0.07258,0.48826,0.26799,0.05651,-0.00000,0.00000,-0.00001,0.00107,0.529620
1791409949.649914,0,0,1001,0.07258,0.48827,0.26799,0.05650,-0.00000,0.00000,-0.00001,-0.01491,0.529612
1791409949.669988,0,0,1001,0.07258,0.48827,0.26799,0.05650,-0.00000,0.00000,-0.00000,-0.01811,0.529544
1791409949.690062,0,0,1001,0.07258,0.48826,0.26799,0.05650,-0.00000,0.00000,-0.00000,-0.02131,0.529500
1791409949.709894,0,0,1001,0.07258,0.48826,0.26798,0.05650,-0.00000,0.00000,-0.00000,-0.01811,0.529528
1791409949.729822,0,0,1001,0.07257,0.48827,0.26798,0.05650,-0.00000,0.00000,-0.00000,-0.00213,0.529544
1791409949.749645,0,0,1001,0.07258,0.48827,0.26798,0.05649,-0.00000,0.00000,-0.00000,0.00639,0.529605
1791409949.769746,0,0,1001,0.07258,0.48827,0.26798,0.05649,-0.00000,0.00000,-0.00000,-0.00107,0.529678
1791409949.789571,0,0,1001,0.07257,0.48827,0.26798,0.05649,-0.00000,0.00000,-0.00000,-0.00746,0.529732
1791409949.809890,0,0,1001,0.07258,0.48827,0.26798,0.05649,-0.00000,0.00000,-0.00000,-0.00213,0.529723
1791409949.829915,0,0,1001,0.07257,0.48827,0.26798,0.05649,-0.00000,0.00000,-0.00000,-0.00213,0.529726
1791409949.849703,0,0,1001,0.07257,0.48827,0.26798,0.05649,-0.00000,0.00000,-0.00000,-0.01385,0.529657
1791409949.869886,0,0,1001,0.07257,0.48827,0.26798,0.05649,-0.00000,0.00000,-0.00000,-0.00533,0.529657
1791409949.889851,0,0,1001,0.07257,0.48827,0.26798,0.05649,-0.00000,0.00000,-0.00000,0.00213,0.529657
1791409949.909820,0,0,1001,0.07257,0.48827,0.26798,0.05648,-0.00000,0.00000,-0.00000,-0.00639,0.529643
1791409949.929553,0,0,1001,0.07257,0.48827,0.26797,0.05648,-0.00000,0.00000,-0.00000,-0.01598,0.529649
1791409949.949657,0,0,1001,0.07257,0.48827,0.26797,0.05648,-0.00000,0.00000,-0.00000,-0.00213,0.529679
1791409949.969604,0,0,1001,0.07257,0.48827,0.26797,0.05648,-0.00000,0.00000,-0.00000,-0.01065,0.529659
1791409949.989908,0,0,1001,0.07257,0.48827,0.26797,0.05648,-0.00000,0.00000,-0.00000,-0.00639,0.529682
1791409950.009661,0,0,1001,0.07256,0.48827,0.26797,0.05648,-0.00000,0.00000,-0.00000,-0.00639,0.529680
1791409950.029805,0,0,1001,0.07257,0.48827,0.26797,0.05648,-0.00000,0.00000,-0.00000,-0.00852,0.529681
1791409950.049825,0,0,1001,0.07256,0.48827,0.26797,0.05648,-0.00000,0.00000,-0.00000,-0.00320,0.529694
1791409950.069722,0,0,1001,0.07257,0.48827,0.26797,0.05648,-0.00000,0.00000,-0.00000,-0.00426,0.529722
1791409950.089643,0,0,1001,0.07256,0.48827,0.26796,0.05648,-0.00000,0.00000,-0.00000,-0.01278,0.529694
1791409950.109672,0,0,1001,0.07256,0.48827,0.26796,0.05648,-0.00000,0.00000,-0.00000,-0.01917,0.529668
1791409950.130130,0,0,1001,0.07256,0.48827,0.26796,0.05647,-0.00000,0.00000,-0.00000,-0.01491,0.529652
1791409950.149806,0,0,1001,0.07256,0.48827,0.26796,0.05647,-0.00000,0.00000,-0.00000,-0.00426,0.529637
1791409950.169836,0,0,1001,0.07256,0.48827,0.26796,0.05647,-0.00000,0.00000,-0.00000,-0.01172,0.529679
1791409950.189893,0,0,1001,0.07256,0.48827,0.26796,0.05647,-0.00000,0.00000,-0.00000,-0.00852,0.529688
1791409950.210117,0,0,1001,0.07256,0.48827,0.26796,0.05647,-0.00000,0.00000,-0.00000,-0.00639,0.529721
1791409950.229857,0,0,1001,0.07256,0.48827,0.26795,0.05647,-0.00000,0.00000,-0.00000,-0.00746,0.529708
