t,q_FR_hip,q_FR_thigh,q_FR_calf,q_FL_hip,q_FL_thigh,q_FL_calf,q_RR_hip,q_RR_thigh,q_RR_calf,q_RL_hip,q_RL_thigh,q_RL_calf,temp_FR_hip,temp_FR_thigh,temp_FR_calf,temp_FL_hip,temp_FL_thigh,temp_FL_calf,temp_RR_hip,temp_RR_thigh,temp_RR_calf,temp_RL_hip,temp_RL_thigh,temp_RL_calf
1791408778.013087,-0.050208,1.248266,-2.777890,0.048270,1.249356,-2.799959,-0.341982,1.282807,-2.785441,0.323619,1.294525,-2.814049,25,25,26,24,24,25,25,24,26,25,25,26
1791408778.033266,-0.050238,1.248266,-2.777906,0.048239,1.249326,-2.799974,-0.341982,1.282807,-2.785441,0.323649,1.294525,-2.814034,25,25,26,24,24,25,25,24,26,25,25,26
1791408778.053146,-0.050208,1.248266,-2.777906,0.048209,1.249326,-2.799974,-0.341951,1.282807,-2.785441,0.323619,1.294494,-2.814034,25,24,26,24,24,25,25,24,26,25,25,26
1791408778.073221,-0.050238,1.248266,-2.777890,0.048209,1.249356,-2.799959,-0.341951,1.282807,-2.785425,0.323619,1.294464,-2.814049,25,25,26,24,24,25,25,24,26,25,25,26
1791408778.093259,-0.050208,1.248296,-2.777874,0.048209,1.249295,-2.799974,-0.341982,1.282807,-2.785441,0.323649,1.294494,-2.814049,25,25,26,24,24,25,25,24,26,25,25,26
1791408778.113264,-0.050208,1.248296,-2.777890,0.048209,1.249326,-2.799974,-0.341951,1.282807,-2.785425,0.323619,1.294494,-2.814049,25,25,26,24,24,25,25,24,26,25,25,26
1791408778.133329,-0.050238,1.248266,-2.777874,0.048209,1.249326,-2.799974,-0.341951,1.282807,-2.785425,0.323619,1.294494,-2.814049,25,25,26,24,24,25,25,24,26,25,25,26
1791408778.153144,-0.050238,1.248266,-2.777890,0.048209,1.249326,-2.799943,-0.341982,1.282807,-2.785441,0.323619,1.294494,-2.814018,25,25,26,24,24,25,25,24,26,25,25,26
1791408778.173178,-0.050238,1.248296,-2.777890,0.048209,1.249326,-2.799990,-0.341982,1.282807,-2.785441,0.323619,1.294525,-2.814065,25,25,26,24,24,25,25,24,26,25,25,26
1791408778.193146,-0.050208,1.248296,-2.777890,0.048239,1.249326,-2.799974,-0.341982,1.282807,-2.785457,0.323619,1.294494,-2.814049,25,24,26,24,24,25,25,24,26,25,25,26
1791408778.213233,-0.050238,1.248236,-2.777906,0.048239,1.249326,-2.799974,-0.341951,1.282777,-2.785441,0.323649,1.294494,-2.814065,25,25,26,24,24,25,25,24,26,25,25,26
1791408778.233212,-0.050208,1.248266,-2.777890,0.048239,1.249356,-2.799974,-0.341982,1.282838,-2.785441,0.323649,1.294494,-2.814049,25,25,26,24,24,25,25,24,26,25,25,26
1791408778.253254,-0.050208,1.248266,-2.777874,0.048239,1.249356,-2.799959,-0.341982,1.282807,-2.785441,0.323619,1.294464,-2.814049,25,25,26,24,24,25,25,24,26,25,25,26
1791408778.273298,-0.050208,1.248296,-2.777890,0.048239,1.249326,-2.799959,-0.342012,1.282807,-2.785441,0.323649,1.294525,-2.814065,25,25,26,24,24,25,25,24,26,25,25,26
1791408778.293229,-0.050208,1.248266,-2.777906,0.048209,1.249326,-2.799974,-0.341982,1.282807,-2.785441,0.323619,1.294494,-2.814065,25,25,26,24,24,25,25,24,26,25,25,26
1791408778.313204,-0.050238,1.248266,-2.777874,0.048209,1.249326,-2.799943,-0.341982,1.282807,-2.785441,0.323649,1.294494,-2.814049,25,24,26,24,24,25,25,24,26,25,25,26
1791408778.333225,-0.050208,1.248266,-2.777890,0.048209,1.249326,-2.799974,-0.341982,1.282838,-2.785441,0.323649,1.294494,-2.814081,25,25,26,24,24,25,25,24,26,25,25,26
1791408778.353319,-0.050208,1.248266,-2.777890,0.048239,1.249356,-2.799959,-0.341982,1.282777,-2.785441,0.323649,1.294494,-2.814049,25,25,26,24,24,25,25,24,26,25,25,26
1791408778.373212,-0.050238,1.248296,-2.777890,0.048209,1.249326,-2.799959,-0.341982,1.282807,-2.785441,0.323619,1.294494,-2.814049,25,25,26,24,24,25,25,24,26,25,25,26
1791408778.393248,-0.050208,1.248296,-2.777890,0.048179,1.249326,-2.799974,-0.341951,1.282807,-2.785425,0.323649,1.294494,-2.814049,25,25,26,24,24,25,25,24,26,25,25,26
1791408778.413221,-0.050238,1.248266,-2.777874,0.048209,1.249326,-2.799974,-0.341982,1.282807,-2.785441,0.323649,1.294494,-2.814049,25,25,26,24,24,25,25,24,26,25,25,26
1791408778.433306,-0.050208,1.248327,-2.777890,0.048239,1.249326,-2.799974,-0.342012,1.282807,-2.785441,0.323619,1.294464,-2.814049,25,25,26,24,24,25,25,24,26,25,25,26
1791408778.453387,-0.050238,1.248296,-2.777890,0.048239,1.249295,-2.799959,-0.341982,1.282807,-2.785441,0.323588,1.294525,-2.814049,25,24,26,24,24,25,25,24,26,25,25,26
1791408778.473170,-0.050208,1.248266,-2.777890,0.048209,1.249356,-2.799959,-0.341982,1.282807,-2.785441,0.323649,1.294525,-2.814049,25,24,26,24,24,25,25,24,26,25,25,26
1791408778.493208,-0.050238,1.248296,-2.777890,0.048239,1.249326,-2.799974,-0.341951,1.282777,-2.785441,0.323619,1.294494,-2.814049,25,25,26,24,24,25,25,24,26,25,25,26
1791408778.513136,-0.050208,1.248296,-2.777890,0.048209,1.249326,-2.799959,-0.341982,1.282807,-2.785441,0.323619,1.294494,-2.814049,25,25,26,24,24,25,25,24,26,25,25,26
1791408778.533182,-0.050208,1.248266,-2.777890,0.048239,1.249295,-2.799959,-0.341951,1.282838,-2.785425,0.323619,1.294494,-2.814049,25,25,26,24,24,25,25,24,26,25,25,26
1791408778.553190,-0.050238,1.248296,-2.777906,0.048179,1.249326,-2.799974,-0.341982,1.282807,-2.785441,0.323619,1.294494,-2.814065,25,25,26,24,24,25,25,24,26,25,25,26
1791408778.573115,-0.050268,1.248266,-2.777890,0.048209,1.249356,-2.799959,-0.341982,1.282807,-2.785441,0.323619,1.294525,-2.814065,25,25,26,24,24,25,25,24,26,25,25,26
1791408778.593284,-0.050208,1.248266,-2.777874,0.048209,1.249326,-2.799959,-0.342012,1.282777,-2.785441,0.323649,1.294494,-2.814049,25,25,26,24,24,25,25,24,26,25,25,26
1791408778.613248,-0.050208,1.248266,-2.777874,0.048209,1.249326,-2.799974,-0.341982,1.282807,-2.785457,0.323679,1.294464,-2.814049,25,24,26,24,24,25,25,24,26,25,25,26
1791408778.633227,-0.050238,1.248266,-2.777874,0.048209,1.249295,-2.799959,-0.341982,1.282777,-2.785425,0.323588,1.294464,-2.814065,25,25,26,24,24,25,25,24,26,25,25,26
1791408778.653252,-0.050208,1.248296,-2.777890,0.048209,1.249356,-2.799974,-0.341982,1.282807,-2.785441,0.323649,1.294494,-2.814065,25,25,26,24,24,25,25,24,26,25,25,26
1791408778.673224,-0.050238,1.248296,-2.777890,0.048209,1.249326,-2.799974,-0.341982,1.282838,-2.785441,0.323649,1.294494,-2.814049,25,25,26,24,24,25,25,24,26,25,25,26
1791408778.693273,-0.050238,1.248296,-2.777890,0.048209,1.249326,-2.799959,-0.342012,1.282777,-2.785441,0.323649,1.294494,-2.814049,25,25,26,24,24,25,25,24,26,25,25,26
1791408778.713265,-0.050238,1.248266,-2.777874,0.048209,1.249326,-2.799959,-0.341982,1.282807,-2.785441,0.323649,1.294494,-2.814049,25,25,26,24,24,25,25,24,26,25,25,26
1791408778.733354,-0.050208,1.248266,-2.777890,0.048239,1.249356,-2.799959,-0.342012,1.282807,-2.785441,0.323649,1.294464,-2.814049,25,25,26,24,24,25,25,24,26,25,25,26
1791408778.753249,-0.050268,1.248266,-2.777890,0.048270,1.249326,-2.799974,-0.341982,1.282807,-2.785441,0.323649,1.294494,-2.814049,25,25,26,24,24,25,25,24,26,25,25,26
1791408778.773177,-0.050238,1.248296,-2.777890,0.048239,1.249326,-2.799959,-0.342012,1.282747,-2.785441,0.323649,1.294525,-2.814065,25,25,26,24,24,25,25,24,26,25,25,26
1791408778.793289,-0.050208,1.248266,-2.777890,0.048239,1.249295,-2.799974,-0.341951,1.282807,-2.785457,0.323649,1.294494,-2.814049,25,25,26,24,24,25,25,24,26,25,25,26
1791408778.813299,-0.050238,1.248296,-2.777890,0.048209,1.249326,-2.799974,-0.341982,1.282807,-2.785457,0.323649,1.294464,-2.814065,25,25,26,24,24,25,25,24,26,25,25,26
1791408778.833189,-0.050208,1.248266,-2.777890,0.048239,1.249326,-2.799943,-0.341982,1.282807,-2.785441,0.323649,1.294525,-2.814049,25,25,26,24,24,25,25,24,26,25,25,26
1791408778.853188,-0.050208,1.248266,-2.777906,0.048239,1.249356,-2.799974,-0.341982,1.282807,-2.785441,0.323619,1.294494,-2.814034,25,25,26,24,24,25,25,24,26,25,25,26
1791408778.873279,-0.050238,1.248296,-2.777890,0.048209,1.249326,-2.799974,-0.341982,1.282807,-2.785457,0.323649,1.294525,-2.814049,25,25,26,24,24,25,25,24,26,25,25,26
1791408778.893270,-0.050208,1.248296,-2.777890,0.048209,1.249326,-2.799959,-0.341982,1.282807,-2.785425,0.323679,1.294494,-2.814065,25,25,26,24,24,25,25,24,26,25,25,26
1791408778.913277,-0.050208,1.248296,-2.777890,0.048239,1.249326,-2.799974,-0.341982,1.282807,-2.785441,0.323649,1.294494,-2.814049,25,25,26,24,24,25,25,24,26,25,25,26
1791408778.933244,-0.050208,1.248266,-2.777874,0.048209,1.249295,-2.799959,-0.341982,1.282807,-2.785441,0.323649,1.294494,-2.814034,25,25,26,24,24,25,25,24,26,25,25,26
1791408778.953269,-0.050238,1.248236,-2.777906,0.048209,1.249326,-2.799943,-0.341982,1.282807,-2.785441,0.323619,1.294494,-2.814049,25,25,26,24,24,25,25,24,26,25,25,26
1791408778.973303,-0.050238,1.248296,-2.777906,0.048209,1.249326,-2.799959,-0.341982,1.282807,-2.785441,0.323619,1.294494,-2.814049,25,25,26,24,24,25,25,24,26,25,25,26
1791408778.993244,-0.050268,1.248296,-2.777890,0.048209,1.249356,-2.799959,-0.341982,1.282807,-2.785441,0.323619,1.294464,-2.814049,25,25,26,24,24,25,25,24,26,25,25,26
1791408779.013143,-0.050238,1.248266,-2.777890,0.048209,1.249326,-2.799959,-0.341982,1.282807,-2.785441,0.323649,1.294494,-2.814049,25,25,26,24,24,25,25,24,26,25,25,26
1791408779.033288,-0.050268,1.248266,-2.777890,0.048209,1.249295,-2.799959,-0.341982,1.282807,-2.785425,0.323649,1.294494,-2.814049,25,25,26,24,24,25,25,24,26,25,25,26
1791408779.053248,-0.050238,1.248296,-2.777874,0.048179,1.249326,-2.799974,-0.342012,1.282807,-2.785441,0.323649,1.294525,-2.814049,25,25,26,24,24,25,25,24,26,25,25,26
1791408779.073244,-0.050208,1.248296,-2.777890,0.048209,1.249326,-2.799974,-0.342012,1.282838,-2.785441,0.323619,1.294494,-2.814049,25,25,26,24,24,25,25,24,26,25,25,26
1791408779.093247,-0.050208,1.248266,-2.777890,0.048239,1.249326,-2.799943,-0.341982,1.282807,-2.785457,0.323649,1.294464,-2.814049,25,25,26,24,24,25,25,24,26,25,25,26
1791408779.113218,-0.050238,1.248296,-2.777890,0.048239,1.249326,-2.799959,-0.342012,1.282807,-2.785441,0.323649,1.294494,-2.814081,25,25,26,24,24,25,25,24,26,25,25,26
1791408779.133295,-0.050208,1.248327,-2.777906,0.048209,1.249356,-2.799974,-0.341982,1.282777,-2.785457,0.323649,1.294464,-2.814049,25,25,26,24,24,25,25,24,26,25,25,26
1791408779.153216,-0.050298,1.248296,-2.777890,0.048179,1.249356,-2.799959,-0.341982,1.282807,-2.785441,0.323619,1.294494,-2.814065,25,25,26,24,24,25,25,24,26,25,25,26
1791408779.173189,-0.050238,1.248296,-2.777890,0.048239,1.249356,-2.799974,-0.341951,1.282807,-2.785441,0.323619,1.294494,-2.814049,25,24,26,24,24,25,25,24,26,25,25,26
1791408779.193191,-0.050208,1.248266,-2.777890,0.048179,1.249295,-2.799974,-0.341951,1.282807,-2.785441,0.323649,1.294434,-2.814049,25,25,26,24,24,25,25,24,26,25,25,26
1791408779.213190,-0.050238,1.248296,-2.777890,0.048209,1.249326,-2.799974,-0.341982,1.282807,-2.785457,0.323649,1.294494,-2.814049,25,25,26,24,24,25,25,24,26,25,25,26
1791408779.233217,-0.050268,1.248296,-2.777890,0.048239,1.249356,-2.799959,-0.341982,1.282807,-2.785441,0.323619,1.294464,-2.814034,25,24,26,24,24,25,25,24,26,25,25,26
1791408779.253228,-0.050208,1.248236,-2.777906,0.048239,1.249326,-2.799974,-0.342012,1.282807,-2.785441,0.323649,1.294464,-2.814049,25,25,26,24,24,25,25,24,26,25,25,26
1791408779.273271,-0.050208,1.248266,-2.777890,0.048209,1.249326,-2.799959,-0.341951,1.282807,-2.785441,0.323649,1.294494,-2.814049,25,25,26,24,24,25,25,24,26,25,25,26
1791408779.293348,-0.050208,1.248266,-2.777890,0.048209,1.249295,-2.799943,-0.341982,1.282807,-2.785425,0.323619,1.294494,-2.814049,25,25,26,24,24,25,25,24,26,25,25,26
1791408779.313259,-0.050268,1.248296,-2.777874,0.048209,1.249326,-2.799974,-0.341982,1.282807,-2.785441,0.323649,1.294494,-2.814049,25,25,26,24,24,25,25,24,26,25,25,26
1791408779.333322,-0.050238,1.248327,-2.777890,0.048209,1.249326,-2.799959,-0.341982,1.282807,-2.785425,0.323649,1.294525,-2.814049,25,25,26,24,24,25,25,24,26,25,25,26
1791408779.353315,-0.050208,1.248296,-2.777906,0.048270,1.249356,-2.799959,-0.341982,1.282807,-2.785441,0.323649,1.294494,-2.814049,25,25,26,24,24,25,25,24,26,25,25,26
1791408779.373367,-0.050208,1.248296,-2.777906,0.048239,1.249326,-2.799959,-0.341982,1.282807,-2.785457,0.323619,1.294494,-2.814065,25,25,26,24,24,25,25,24,26,25,25,26
1791408779.393514,-0.050208,1.248296,-2.777890,0.048209,1.249326,-2.799959,-0.341982,1.282807,-2.785441,0.323619,1.294464,-2.814049,25,25,26,24,24,25,25,24,26,25,25,26
1791408779.413496,-0.050208,1.248266,-2.777874,0.048209,1.249356,-2.799974,-0.342012,1.282807,-2.785441,0.323619,1.294494,-2.814065,25,25,26,24,24,25,25,24,26,25,25,26
1791408779.433401,-0.050238,1.248266,-2.777906,0.048239,1.249326,-2.799959,-0.341982,1.282807,-2.785441,0.323619,1.294494,-2.814049,25,25,26,24,24,25,25,24,26,25,25,26
1791408779.453313,-0.050208,1.248266,-2.777874,0.048239,1.249295,-2.799959,-0.341951,1.282777,-2.785441,0.323619,1.294494,-2.814049,25,25,26,24,24,25,25,24,26,25,25,26
1791408779.473306,-0.050208,1.248327,-2.777890,0.048239,1.249326,-2.799959,-0.341982,1.282838,-2.785425,0.323649,1.294494,-2.814049,25,25,26,24,24,25,25,24,26,25,25,26
1791408779.493297,-0.050238,1.248296,-2.777890,0.048209,1.249356,-2.799943,-0.341982,1.282807,-2.785441,0.323649,1.294494,-2.814018,25,25,26,24,24,25,25,24,26,25,25,26
1791408779.513242,-0.050208,1.248296,-2.777906,0.048239,1.249326,-2.799943,-0.341982,1.282807,-2.785441,0.323649,1.294525,-2.814065,25,25,26,24,24,25,25,24,26,25,25,26
1791408779.533340,-0.050208,1.248296,-2.777906,0.048239,1.249326,-2.799959,-0.341982,1.282807,-2.785425,0.323649,1.294464,-2.814049,25,25,26,24,24,25,25,24,26,25,25,26
1791408779.553261,-0.050238,1.248296,-2.777890,0.048239,1.249326,-2.799974,-0.341982,1.282747,-2.785425,0.323649,1.294494,-2.814049,25,25,26,24,24,25,25,24,26,25,25,26
1791408779.573257,-0.050238,1.248266,-2.777890,0.048239,1.249356,-2.799959,-0.341982,1.282807,-2.785441,0.323649,1.294494,-2.814049,25,25,26,24,24,25,25,24,26,25,25,26
1791408779.593395,-0.050238,1.248296,-2.777906,0.048239,1.249326,-2.799959,-0.341982,1.282807,-2.785441,0.323619,1.294494,-2.814049,25,25,26,24,24,25,25,24,26,25,25,26
1791408779.613281,-0.050208,1.248296,-2.777890,0.048209,1.249326,-2.799959,-0.341982,1.282807,-2.785441,0.323619,1.294494,-2.814049,25,25,26,24,24,25,25,24,26,25,25,26
1791408779.633358,-0.050208,1.248296,-2.777890,0.048209,1.249326,-2.799974,-0.342012,1.282807,-2.785441,0.323619,1.294494,-2.814034,25,25,26,24,24,25,25,24,26,25,25,26
1791408779.653344,-0.050208,1.248266,-2.777906,0.048239,1.249326,-2.799974,-0.342012,1.282807,-2.785441,0.323619,1.294525,-2.814034,25,25,26,24,24,25,25,24,26,25,25,26
1791408779.673283,-0.050238,1.248327,-2.777890,0.048239,1.249356,-2.799959,-0.342012,1.282807,-2.785441,0.323649,1.294494,-2.814049,25,25,26,24,24,25,25,24,26,25,25,26
1791408779.693294,-0.050238,1.248296,-2.777890,0.048239,1.249326,-2.799974,-0.341982,1.282807,-2.785457,0.323619,1.294494,-2.814049,25,24,26,24,24,25,25,24,26,25,25,26
1791408779.713227,-0.050208,1.248266,-2.777890,0.048209,1.249326,-2.799990,-0.341982,1.282777,-2.785425,0.323649,1.294494,-2.814049,25,25,26,24,24,25,25,24,26,25,25,26
1791408779.733339,-0.050208,1.248266,-2.777890,0.048239,1.249356,-2.799974,-0.341982,1.282838,-2.785441,0.323619,1.294525,-2.814065,25,25,26,24,24,25,25,24,26,25,25,26
1791408779.753287,-0.050208,1.248266,-2.777874,0.048239,1.249326,-2.799959,-0.341982,1.282807,-2.785457,0.323619,1.294464,-2.814065,25,25,26,24,24,25,25,24,26,25,25,26
1791408779.773268,-0.050238,1.248296,-2.777906,0.048209,1.249356,-2.799959,-0.341982,1.282807,-2.785425,0.323649,1.294494,-2.814065,25,25,26,24,24,25,25,24,26,25,25,26
1791408779.793221,-0.050208,1.248296,-2.777890,0.048209,1.249356,-2.799974,-0.342012,1.282777,-2.785425,0.323619,1.294464,-2.814065,25,25,26,24,24,25,25,24,26,25,25,26
1791408779.813594,-0.050238,1.248296,-2.777874,0.048209,1.249326,-2.799974,-0.341982,1.282807,-2.785441,0.323649,1.294525,-2.814049,25,25,26,24,24,25,25,24,26,25,25,26
1791408779.833461,-0.050208,1.248296,-2.777890,0.048239,1.249326,-2.799974,-0.341951,1.282807,-2.785441,0.323649,1.294494,-2.814065,25,25,26,24,24,25,25,24,26,25,25,26
1791408779.853465,-0.050208,1.248266,-2.777890,0.048209,1.249356,-2.799959,-0.342012,1.282807,-2.785441,0.323649,1.294494,-2.814081,25,25,26,24,24,25,25,24,26,25,25,26
1791408779.873259,-0.050208,1.248266,-2.777890,0.048209,1.249326,-2.799959,-0.342012,1.282777,-2.785441,0.323649,1.294494,-2.814049,25,25,26,24,24,25,25,24,26,25,25,26
1791408779.893219,-0.050208,1.248296,-2.777890,0.048209,1.249326,-2.799959,-0.342012,1.282838,-2.785441,0.323649,1.294464,-2.814049,25,25,26,24,24,25,25,24,26,25,25,26
1791408779.913356,-0.050208,1.248266,-2.777890,0.048209,1.249326,-2.799959,-0.342012,1.282807,-2.785441,0.323619,1.294464,-2.814049,25,25,26,24,24,25,25,24,26,25,25,26
1791408779.933714,-0.050208,1.248296,-2.777890,0.048239,1.249356,-2.799974,-0.341982,1.282807,-2.785441,0.323679,1.294494,-2.814049,25,25,26,24,24,25,25,24,26,25,25,26
1791408779.953252,-0.050208,1.248296,-2.777874,0.048209,1.249356,-2.799959,-0.341982,1.282807,-2.785425,0.323649,1.294494,-2.814049,25,25,26,24,24,25,25,24,26,25,25,26
1791408779.973311,-0.050208,1.248296,-2.777890,0.048209,1.249326,-2.799974,-0.341951,1.282807,-2.785441,0.323649,1.294525,-2.814049,25,25,26,24,24,25,25,24,26,25,25,26
1791408779.993277,-0.050208,1.248296,-2.777906,0.048209,1.249326,-2.799974,-0.341982,1.282807,-2.785425,0.323649,1.294464,-2.814049,25,25,26,24,24,25,25,24,26,25,25,26
1791408780.013181,-0.050238,1.248296,-2.777890,0.048239,1.249356,-2.799959,-0.342012,1.282838,-2.785441,0.323649,1.294464,-2.814065,25,24,26,24,24,25,25,24,26,25,25,26
1791408780.033307,-0.050208,1.248296,-2.777890,0.048179,1.249356,-2.799974,-0.341982,1.282807,-2.785441,0.323649,1.294464,-2.814034,25,25,26,24,24,25,25,24,26,25,25,26
1791408780.053201,-0.050208,1.248266,-2.777906,0.048209,1.249326,-2.799974,-0.341951,1.282807,-2.785425,0.323619,1.294464,-2.814049,25,25,26,24,24,25,25,24,26,25,25,26
1791408780.073210,-0.050298,1.248296,-2.777890,0.048239,1.249356,-2.799959,-0.341982,1.282868,-2.785425,0.323619,1.294494,-2.814049,25,25,26,24,24,25,25,24,26,25,25,26
1791408780.093225,-0.050208,1.248296,-2.777906,0.048239,1.249326,-2.799974,-0.341982,1.282807,-2.785441,0.323649,1.294494,-2.814049,25,25,26,24,24,25,25,24,26,25,25,26
1791408780.113177,-0.050238,1.248296,-2.777890,0.048209,1.249326,-2.799959,-0.342012,1.282777,-2.785425,0.323649,1.294494,-2.814049,25,25,26,24,24,25,25,24,26,25,25,26
1791408780.133162,-0.050238,1.248266,-2.777890,0.048209,1.249326,-2.799959,-0.342012,1.282807,-2.785457,0.323619,1.294525,-2.814049,25,25,26,24,24,25,25,24,26,25,25,26
1791408780.153425,-0.050238,1.248296,-2.777890,0.048239,1.249326,-2.799959,-0.341982,1.282807,-2.785441,0.323649,1.294464,-2.814065,25,25,26,24,24,25,25,24,26,25,25,26
1791408780.173267,-0.050238,1.248266,-2.777890,0.048239,1.249326,-2.799959,-0.341982,1.282807,-2.785425,0.323649,1.294464,-2.814049,25,25,26,24,24,25,25,24,26,25,25,26
1791408780.193188,-0.050268,1.248296,-2.777890,0.048209,1.249326,-2.799974,-0.342012,1.282807,-2.785425,0.323619,1.294494,-2.814065,25,25,26,24,24,25,25,24,26,25,25,26
1791408780.213304,-0.050238,1.248296,-2.777890,0.048209,1.249326,-2.799943,-0.342012,1.282807,-2.785441,0.323649,1.294494,-2.814049,25,25,26,24,24,25,25,24,26,25,25,26
1791408780.233371,-0.050238,1.248296,-2.777890,0.048209,1.249326,-2.799974,-0.342012,1.282777,-2.785457,0.323649,1.294494,-2.814065,25,25,26,24,24,25,25,24,26,25,25,26
1791408780.253297,-0.050208,1.248266,-2.777906,0.048239,1.249356,-2.799959,-0.342012,1.282807,-2.785441,0.323649,1.294494,-2.814049,25,25,26,24,24,25,25,24,26,25,25,26
1791408780.273430,-0.050208,1.248296,-2.777906,0.048209,1.249356,-2.799959,-0.341982,1.282838,-2.785425,0.323649,1.294494,-2.814065,25,25,26,24,24,25,25,24,26,25,25,26
1791408780.293233,-0.050268,1.248296,-2.777890,0.048209,1.249356,-2.799974,-0.341982,1.282807,-2.785441,0.323649,1.294494,-2.814049,25,25,26,24,24,25,25,24,26,25,25,26
1791408780.313416,-0.050208,1.248296,-2.777890,0.048209,1.249295,-2.799974,-0.342012,1.282807,-2.785457,0.323649,1.294494,-2.814065,25,25,26,24,24,25,25,24,26,25,25,26
1791408780.333301,-0.050208,1.248266,-2.777890,0.048239,1.249326,-2.799959,-0.342042,1.282807,-2.785457,0.323619,1.294525,-2.814065,25,25,26,24,24,25,25,24,26,25,25,26
1791408780.353304,-0.050208,1.248266,-2.777906,0.048209,1.249326,-2.799959,-0.341982,1.282807,-2.785425,0.323619,1.294464,-2.814049,25,24,26,24,24,25,25,24,26,25,25,26
1791408780.373281,-0.050208,1.248296,-2.777890,0.048209,1.249356,-2.799959,-0.342012,1.282807,-2.785441,0.323649,1.294494,-2.814034,25,25,26,24,24,25,25,24,26,25,25,26
1791408780.393360,-0.050208,1.248296,-2.777890,0.048209,1.249356,-2.799990,-0.341982,1.282838,-2.785441,0.323649,1.294525,-2.814034,25,25,26,24,24,25,25,24,26,25,25,26
1791408780.413368,-0.050208,1.248296,-2.777890,0.048209,1.249295,-2.799974,-0.341982,1.282838,-2.785425,0.323679,1.294494,-2.814049,25,25,26,25,24,25,25,24,26,25,25,26
1791408780.433428,-0.050177,1.248266,-2.777890,0.048239,1.249356,-2.799943,-0.342012,1.282838,-2.785425,0.323649,1.294525,-2.814065,25,25,26,24,24,25,25,24,26,25,25,26
1791408780.453290,-0.050208,1.248296,-2.777890,0.048239,1.249326,-2.799959,-0.342012,1.282807,-2.785441,0.323649,1.294525,-2.814049,25,25,26,25,24,25,25,24,26,25,25,26
1791408780.473350,-0.050208,1.248236,-2.777890,0.048270,1.249326,-2.799974,-0.342012,1.282807,-2.785457,0.323649,1.294494,-2.814049,25,25,26,24,24,25,25,24,26,25,25,26
1791408780.493370,-0.050238,1.248266,-2.777890,0.048209,1.249326,-2.799959,-0.341982,1.282807,-2.785457,0.323649,1.294494,-2.814049,25,25,26,24,24,25,25,24,26,25,25,26
1791408780.513245,-0.050208,1.248266,-2.777890,0.048209,1.249356,-2.799974,-0.342012,1.282807,-2.785441,0.323649,1.294494,-2.814049,25,25,26,24,24,25,25,24,26,25,25,26
1791408780.533419,-0.050238,1.248296,-2.777890,0.048209,1.249326,-2.799959,-0.342012,1.282807,-2.785441,0.323649,1.294525,-2.814034,25,25,26,24,24,25,25,24,26,25,25,26
1791408780.553318,-0.050208,1.248296,-2.777890,0.048209,1.249326,-2.799959,-0.341982,1.282838,-2.785441,0.323649,1.294494,-2.814065,25,25,26,24,24,25,25,24,26,25,25,26
1791408780.573331,-0.050208,1.248296,-2.777890,0.048239,1.249326,-2.799974,-0.342012,1.282777,-2.785441,0.323679,1.294494,-2.814049,25,25,26,24,24,25,25,24,26,25,25,26
1791408780.593370,-0.050238,1.248266,-2.777890,0.048239,1.249326,-2.799959,-0.342042,1.282807,-2.785425,0.323649,1.294525,-2.814065,25,25,26,24,24,25,25,24,26,25,25,26
1791408780.613595,-0.050238,1.248296,-2.777890,0.048239,1.249326,-2.799959,-0.341982,1.282807,-2.785441,0.323649,1.294494,-2.814049,25,25,26,24,24,25,25,24,26,25,25,26
1791408780.633356,-0.050238,1.248266,-2.777890,0.048239,1.249326,-2.799959,-0.342042,1.282807,-2.785425,0.323679,1.294494,-2.814065,25,25,26,24,24,25,25,24,26,25,25,26
1791408780.653297,-0.050238,1.248266,-2.777906,0.048239,1.249326,-2.799959,-0.341982,1.282777,-2.785441,0.323649,1.294494,-2.814049,25,25,26,24,24,25,25,24,26,25,25,26
1791408780.673331,-0.050208,1.248266,-2.777890,0.048209,1.249326,-2.799959,-0.342012,1.282807,-2.785441,0.323649,1.294494,-2.814065,25,25,26,24,24,25,25,24,26,25,25,26
1791408780.693403,-0.050238,1.248296,-2.777906,0.048209,1.249326,-2.799974,-0.342042,1.282838,-2.785441,0.323649,1.294525,-2.814049,25,25,26,24,24,25,25,24,26,25,25,26
1791408780.713280,-0.050238,1.248327,-2.777906,0.048209,1.249356,-2.799990,-0.341982,1.282807,-2.785441,0.323649,1.294464,-2.814049,25,25,26,24,24,25,25,24,26,25,25,26
1791408780.733342,-0.050208,1.248327,-2.777906,0.048239,1.249326,-2.799959,-0.341982,1.282807,-2.785441,0.323619,1.294464,-2.814065,25,25,26,24,24,25,25,24,26,25,25,26
1791408780.753417,-0.050177,1.248296,-2.777874,0.048209,1.249295,-2.799959,-0.342012,1.282838,-2.785425,0.323649,1.294494,-2.814049,25,25,26,24,24,25,25,24,26,25,25,26
1791408780.773273,-0.050208,1.248296,-2.777906,0.048239,1.249356,-2.799974,-0.341982,1.282807,-2.785441,0.323649,1.294464,-2.814049,25,25,26,24,24,25,25,24,26,25,25,26
1791408780.793295,-0.050208,1.248296,-2.777890,0.048239,1.249295,-2.799959,-0.341982,1.282838,-2.785441,0.323679,1.294494,-2.814049,25,25,26,24,24,25,25,24,26,25,25,26
1791408780.813378,-0.050208,1.248266,-2.777874,0.048270,1.249356,-2.799974,-0.342012,1.282838,-2.785441,0.323679,1.294464,-2.814065,25,25,26,24,24,25,25,24,26,25,25,26
1791408780.833301,-0.050208,1.248296,-2.777890,0.048209,1.249326,-2.799974,-0.342012,1.282838,-2.785441,0.323619,1.294494,-2.814049,25,25,26,24,24,25,25,24,26,25,25,26
1791408780.853425,-0.050177,1.248236,-2.777890,0.048239,1.249326,-2.799974,-0.341982,1.282807,-2.785425,0.323649,1.294494,-2.814049,25,25,26,24,24,25,25,24,26,25,25,26
1791408780.873343,-0.050238,1.248266,-2.777890,0.048179,1.249326,-2.799959,-0.342042,1.282807,-2.785441,0.323649,1.294494,-2.814049,25,25,26,24,24,25,25,24,26,25,25,26
1791408780.893277,-0.050238,1.248296,-2.777890,0.048209,1.249326,-2.799959,-0.342012,1.282807,-2.785425,0.323649,1.294464,-2.814049,25,25,26,24,24,25,25,24,26,25,25,26
1791408780.913440,-0.050208,1.248296,-2.777874,0.048209,1.249326,-2.799974,-0.342012,1.282807,-2.785457,0.323679,1.294525,-2.814049,25,25,26,24,24,25,25,24,26,25,25,26
1791408780.933240,-0.050208,1.248296,-2.777906,0.048239,1.249326,-2.799974,-0.342012,1.282838,-2.785441,0.323649,1.294464,-2.814065,25,25,26,24,24,25,25,24,26,25,25,26
1791408780.953474,-0.050268,1.248296,-2.777890,0.048239,1.249326,-2.799990,-0.342012,1.282807,-2.785441,0.323619,1.294464,-2.814049,25,25,26,24,24,25,25,24,26,25,25,26
1791408780.973642,-0.050238,1.248266,-2.777906,0.048209,1.249326,-2.799959,-0.341982,1.282807,-2.785425,0.323679,1.294464,-2.814081,25,25,26,24,24,25,25,24,26,25,25,26
1791408780.993404,-0.050238,1.248296,-2.777906,0.048209,1.249356,-2.799974,-0.342012,1.282807,-2.785441,0.323649,1.294464,-2.814065,25,25,26,24,24,25,25,24,26,25,25,26
1791408781.013523,-0.050208,1.248296,-2.777906,0.048209,1.249326,-2.799959,-0.342012,1.282838,-2.785441,0.323649,1.294494,-2.814049,25,25,26,24,24,25,25,24,26,25,25,26
1791408781.033468,-0.050208,1.248296,-2.777890,0.048209,1.249356,-2.799974,-0.342042,1.282807,-2.785441,0.323649,1.294494,-2.814065,25,25,26,24,24,25,25,24,26,25,25,26
1791408781.053429,-0.050238,1.248266,-2.777890,0.048209,1.249326,-2.799959,-0.342012,1.282838,-2.785425,0.323649,1.294494,-2.814065,25,25,26,25,24,25,25,24,26,25,25,26
1791408781.073320,-0.050238,1.248296,-2.777890,0.048209,1.249326,-2.799974,-0.341982,1.282807,-2.785425,0.323679,1.294494,-2.814049,25,25,26,24,24,25,25,24,26,25,25,26
1791408781.093302,-0.050238,1.248296,-2.777890,0.048209,1.249326,-2.799959,-0.341982,1.282838,-2.785425,0.323649,1.294464,-2.814049,25,25,26,25,24,25,25,24,26,25,25,26
1791408781.113276,-0.050268,1.248296,-2.777874,0.048209,1.249326,-2.799959,-0.342012,1.282838,-2.785441,0.323649,1.294464,-2.814049,25,25,26,24,24,25,25,24,26,25,25,26
1791408781.133400,-0.050238,1.248327,-2.777890,0.048239,1.249326,-2.799974,-0.341982,1.282807,-2.785457,0.323679,1.294494,-2.814065,25,25,26,24,24,25,25,24,26,25,25,26
1791408781.153512,-0.050238,1.248296,-2.777890,0.048239,1.249326,-2.799943,-0.342012,1.282838,-2.785425,0.323679,1.294494,-2.814049,25,25,26,24,24,25,25,24,26,25,25,26
1791408781.173339,-0.050208,1.248296,-2.777890,0.048209,1.249295,-2.799959,-0.342012,1.282807,-2.785425,0.323649,1.294494,-2.814049,25,25,26,24,24,25,25,24,26,25,25,26
1791408781.193486,-0.050238,1.248296,-2.777906,0.048239,1.249356,-2.799959,-0.342012,1.282838,-2.785425,0.323679,1.294464,-2.814049,25,25,26,24,24,25,25,24,26,25,25,26
1791408781.213478,-0.050238,1.248266,-2.777890,0.048270,1.249356,-2.799974,-0.342042,1.282807,-2.785457,0.323679,1.294494,-2.814049,25,25,26,24,24,25,25,24,26,25,25,26
1791408781.233430,-0.050238,1.248266,-2.777906,0.048209,1.249356,-2.799959,-0.341982,1.282807,-2.785441,0.323649,1.294494,-2.814065,25,25,26,24,24,25,25,24,26,25,25,26
1791408781.253329,-0.050238,1.248296,-2.777890,0.048239,1.249326,-2.799959,-0.341982,1.282807,-2.785457,0.323649,1.294494,-2.814065,25,25,26,24,24,25,25,24,26,25,25,26
1791408781.273584,-0.050268,1.248266,-2.777906,0.048209,1.249326,-2.799974,-0.342012,1.282807,-2.785425,0.323710,1.294525,-2.814049,25,25,26,25,24,25,25,24,26,25,25,26
1791408781.293389,-0.050238,1.248296,-2.777874,0.048179,1.249326,-2.799959,-0.342012,1.282838,-2.785441,0.323649,1.294494,-2.814049,25,25,26,24,24,25,25,24,26,25,25,26
1791408781.313412,-0.050238,1.248296,-2.777890,0.048239,1.249326,-2.799974,-0.342012,1.282838,-2.785425,0.323679,1.294494,-2.814049,25,25,26,25,24,25,25,24,26,25,25,26
1791408781.333422,-0.050208,1.248236,-2.777874,0.048239,1.249265,-2.799974,-0.342012,1.282838,-2.785441,0.323679,1.294494,-2.814049,25,25,26,24,24,25,25,24,26,25,25,26
1791408781.353436,-0.050208,1.248266,-2.777890,0.048209,1.249326,-2.799943,-0.342042,1.282838,-2.785425,0.323679,1.294494,-2.814065,25,25,26,24,24,25,25,24,26,25,25,26
1791408781.373450,-0.050268,1.248266,-2.777890,0.048209,1.249356,-2.799974,-0.342042,1.282777,-2.785457,0.323649,1.294464,-2.814034,25,25,26,25,24,25,25,24,26,25,25,26
1791408781.393376,-0.050208,1.248296,-2.777874,0.048209,1.249356,-2.799974,-0.341982,1.282807,-2.785441,0.323679,1.294494,-2.814049,25,25,26,24,24,25,25,24,26,25,25,26
1791408781.413406,-0.050208,1.248296,-2.777906,0.048209,1.249326,-2.799959,-0.342012,1.282838,-2.785441,0.323649,1.294494,-2.814065,25,25,26,24,24,25,25,24,26,25,25,26
1791408781.433331,-0.050238,1.248296,-2.777890,0.048239,1.249326,-2.799959,-0.341982,1.282838,-2.785441,0.323649,1.294494,-2.814049,25,25,26,24,24,25,25,24,26,25,25,26
1791408781.453286,-0.050208,1.248266,-2.777890,0.048179,1.249326,-2.799943,-0.342042,1.282807,-2.785457,0.323710,1.294464,-2.814049,25,25,26,24,24,25,25,24,26,25,25,26
1791408781.473320,-0.050238,1.248296,-2.777890,0.048209,1.249326,-2.799959,-0.342012,1.282838,-2.785425,0.323649,1.294525,-2.814049,25,25,26,24,24,25,25,24,26,25,25,26
1791408781.493415,-0.050238,1.248296,-2.777874,0.048209,1.249295,-2.799974,-0.342012,1.282838,-2.785425,0.323710,1.294464,-2.814049,25,25,26,25,24,25,25,24,26,25,25,26
1791408781.513369,-0.050208,1.248296,-2.777890,0.048239,1.249326,-2.799959,-0.341982,1.282807,-2.785441,0.323679,1.294494,-2.814065,25,25,26,24,24,25,25,24,26,25,25,26
1791408781.533479,-0.050238,1.248296,-2.777890,0.048239,1.249326,-2.799959,-0.342042,1.282807,-2.785441,0.323679,1.294464,-2.814049,25,25,26,24,24,25,25,24,26,25,25,26
1791408781.553499,-0.050238,1.248266,-2.777890,0.048209,1.249326,-2.799959,-0.342012,1.282807,-2.785441,0.323679,1.294494,-2.814049,25,25,26,24,24,25,25,24,26,25,25,26
1791408781.573608,-0.050238,1.248296,-2.777890,0.048209,1.249326,-2.799974,-0.341982,1.282807,-2.785441,0.323649,1.294494,-2.814065,25,25,26,24,24,25,25,24,26,25,25,26
1791408781.593400,-0.050238,1.248296,-2.777906,0.048209,1.249326,-2.799974,-0.341982,1.282807,-2.785441,0.323649,1.294494,-2.814065,25,25,26,24,24,25,25,24,26,25,25,26
1791408781.613412,-0.050177,1.248296,-2.777890,0.048209,1.249356,-2.799959,-0.341982,1.282838,-2.785441,0.323710,1.294464,-2.814049,25,25,26,24,24,25,25,24,26,25,25,26
1791408781.633508,-0.050238,1.248296,-2.777890,0.048209,1.249326,-2.799990,-0.342042,1.282807,-2.785425,0.323649,1.294494,-2.814065,25,25,26,24,24,25,25,24,26,25,25,26
1791408781.653338,-0.050268,1.248296,-2.777906,0.048209,1.249326,-2.799974,-0.342042,1.282838,-2.785425,0.323619,1.294494,-2.814049,25,25,26,24,24,25,25,24,26,25,25,26
1791408781.673404,-0.050208,1.248296,-2.777906,0.048239,1.249326,-2.799959,-0.341982,1.282807,-2.785441,0.323679,1.294525,-2.814034,25,25,26,24,24,25,25,24,26,25,25,26
1791408781.693371,-0.050238,1.248266,-2.777890,0.048209,1.249326,-2.799974,-0.342042,1.282838,-2.785441,0.323619,1.294464,-2.814049,25,25,26,24,24,25,25,24,26,25,25,26
1791408781.713484,-0.050238,1.248296,-2.777890,0.048179,1.249295,-2.799959,-0.342042,1.282807,-2.785441,0.323649,1.294464,-2.814049,25,25,26,25,24,25,25,24,26,25,25,26
1791408781.733616,-0.050238,1.248266,-2.777890,0.048209,1.249295,-2.799974,-0.342042,1.282807,-2.785457,0.323649,1.294525,-2.814065,25,25,26,24,24,25,25,24,26,25,25,26
1791408781.753413,-0.050238,1.248266,-2.777890,0.048209,1.249356,-2.799959,-0.342042,1.282838,-2.785425,0.323649,1.294494,-2.814034,25,25,26,24,24,25,25,24,26,25,25,26
1791408781.773409,-0.050208,1.248327,-2.777890,0.048209,1.249356,-2.799974,-0.341982,1.282838,-2.785441,0.323649,1.294525,-2.814049,25,25,26,25,24,25,25,24,26,25,25,26
1791408781.793513,-0.050238,1.248266,-2.777890,0.048209,1.249326,-2.799959,-0.341982,1.282807,-2.785425,0.323619,1.294494,-2.814049,25,25,26,24,24,25,25,24,26,25,25,26
1791408781.813414,-0.050208,1.248236,-2.777890,0.048209,1.249295,-2.799974,-0.342012,1.282777,-2.785441,0.323679,1.294494,-2.814049,25,25,26,24,24,25,25,24,26,25,25,26
1791408781.833374,-0.050208,1.248296,-2.777890,0.048239,1.249326,-2.799974,-0.342042,1.282807,-2.785425,0.323679,1.294494,-2.814065,25,25,26,24,24,25,25,24,26,25,25,26
1791408781.853518,-0.050208,1.248266,-2.777906,0.048239,1.249326,-2.799959,-0.342042,1.282807,-2.785457,0.323619,1.294525,-2.814065,25,25,26,24,24,25,25,24,26,25,25,26
1791408781.873499,-0.050238,1.248296,-2.777906,0.048209,1.249326,-2.799974,-0.342012,1.282838,-2.785441,0.323649,1.294494,-2.814034,25,25,26,24,24,25,25,24,26,25,25,26
1791408781.893520,-0.050238,1.248296,-2.777906,0.048209,1.249295,-2.799974,-0.342012,1.282807,-2.785425,0.323649,1.294494,-2.814049,25,25,26,25,24,25,25,24,26,25,25,26
1791408781.913446,-0.050177,1.248296,-2.777890,0.048179,1.249326,-2.799959,-0.342042,1.282807,-2.785441,0.323679,1.294494,-2.814065,25,25,26,24,24,25,25,24,26,25,25,26
1791408781.933381,-0.050208,1.248296,-2.777906,0.048239,1.249356,-2.799974,-0.342042,1.282807,-2.785441,0.323649,1.294464,-2.814049,25,25,26,25,24,25,25,24,26,25,25,26
1791408781.953711,-0.050238,1.248266,-2.777906,0.048270,1.249326,-2.799974,-0.341982,1.282777,-2.785425,0.323649,1.294494,-2.814065,25,25,26,24,24,25,25,24,26,25,25,26
1791408781.973515,-0.050177,1.248296,-2.777890,0.048209,1.249326,-2.799974,-0.342012,1.282807,-2.785441,0.323679,1.294494,-2.814065,25,25,26,24,24,25,25,24,26,25,25,26
1791408781.993459,-0.050208,1.248296,-2.777906,0.048209,1.249295,-2.799959,-0.342012,1.282807,-2.785441,0.323679,1.294464,-2.814049,25,25,26,24,24,25,25,24,26,25,25,26
1791408782.013350,-0.050208,1.248296,-2.777890,0.048209,1.249326,-2.799959,-0.342042,1.282838,-2.785441,0.323649,1.294494,-2.814049,25,25,26,25,24,25,25,24,26,25,25,26
1791408782.033648,-0.050208,1.248266,-2.777906,0.048209,1.249326,-2.799959,-0.342042,1.282807,-2.785441,0.323679,1.294494,-2.814065,25,25,26,24,24,25,25,24,26,25,25,26
1791408782.053500,-0.050268,1.248296,-2.777906,0.048239,1.249326,-2.799959,-0.342012,1.282777,-2.785457,0.323649,1.294464,-2.814081,25,25,26,24,24,25,25,24,26,25,25,26
1791408782.073374,-0.050238,1.248266,-2.777906,0.048239,1.249326,-2.799959,-0.341982,1.282838,-2.785441,0.323679,1.294494,-2.814049,25,25,26,24,24,25,25,24,26,25,25,26
1791408782.093431,-0.050238,1.248266,-2.777890,0.048209,1.249356,-2.799974,-0.342012,1.282838,-2.785425,0.323679,1.294494,-2.814049,25,25,26,24,24,25,25,24,26,25,25,26
1791408782.113444,-0.050238,1.248327,-2.777874,0.048239,1.249326,-2.799943,-0.342042,1.282838,-2.785441,0.323679,1.294464,-2.814034,25,25,26,25,24,25,25,24,26,25,25,26
1791408782.133368,-0.050208,1.248266,-2.777890,0.048209,1.249326,-2.799959,-0.342042,1.282807,-2.785441,0.323679,1.294494,-2.814049,25,25,26,24,24,25,25,24,26,25,25,26
1791408782.153586,-0.050208,1.248296,-2.777890,0.048239,1.249326,-2.799974,-0.342012,1.282807,-2.785441,0.323679,1.294525,-2.814049,25,25,26,24,24,25,25,24,26,25,25,26
1791408782.173476,-0.050208,1.248266,-2.777890,0.048209,1.249326,-2.799959,-0.342042,1.282838,-2.785441,0.323649,1.294464,-2.814049,25,25,26,24,24,25,25,24,26,25,25,26
1791408782.193400,-0.050208,1.248296,-2.777890,0.048239,1.249326,-2.799974,-0.342042,1.282838,-2.785441,0.323649,1.294494,-2.814049,25,25,26,24,24,25,25,24,26,25,25,26
1791408782.213327,-0.050238,1.248266,-2.777890,0.048209,1.249326,-2.799959,-0.342042,1.282838,-2.785425,0.323679,1.294464,-2.814049,25,25,26,24,24,25,25,24,26,25,25,26
1791408782.233412,-0.050208,1.248296,-2.777890,0.048209,1.249326,-2.799959,-0.342042,1.282807,-2.785457,0.323649,1.294494,-2.814034,25,25,26,24,24,25,25,24,26,25,25,26
1791408782.253429,-0.050208,1.248296,-2.777890,0.048239,1.249295,-2.799974,-0.342042,1.282807,-2.785457,0.323649,1.294464,-2.814049,25,25,26,24,24,25,25,24,26,25,25,26
1791408782.273440,-0.050208,1.248266,-2.777890,0.048209,1.249326,-2.799959,-0.342042,1.282838,-2.785457,0.323679,1.294494,-2.814049,25,25,26,24,24,25,25,24,26,25,25,26
1791408782.293346,-0.050208,1.248296,-2.777890,0.048209,1.249326,-2.799959,-0.342042,1.282807,-2.785425,0.323649,1.294494,-2.814065,25,25,26,24,24,25,25,24,26,25,25,26
1791408782.313424,-0.050208,1.248327,-2.777874,0.048209,1.249295,-2.799974,-0.342012,1.282807,-2.785441,0.323679,1.294494,-2.814065,25,25,26,25,24,25,25,24,26,25,25,26
1791408782.333472,-0.050208,1.248296,-2.777890,0.048209,1.249326,-2.799959,-0.342042,1.282807,-2.785441,0.323679,1.294494,-2.814081,25,25,26,24,24,25,25,24,26,25,25,26
1791408782.353366,-0.050238,1.248296,-2.777890,0.048239,1.249356,-2.799990,-0.341982,1.282838,-2.785441,0.323649,1.294494,-2.814049,25,25,26,24,24,25,25,24,26,25,25,26
1791408782.373334,-0.050208,1.248296,-2.777906,0.048209,1.249356,-2.799974,-0.342042,1.282807,-2.785457,0.323649,1.294525,-2.814049,25,25,26,24,24,25,25,24,26,25,25,26
1791408782.393250,-0.050238,1.248296,-2.777890,0.048209,1.249356,-2.799959,-0.342042,1.282838,-2.785441,0.323649,1.294464,-2.814049,25,25,26,24,24,25,25,24,26,25,25,26
1791408782.413470,-0.050238,1.248266,-2.777906,0.048239,1.249356,-2.799959,-0.342012,1.282807,-2.785441,0.323649,1.294494,-2.814065,25,25,26,24,25,25,25,24,26,25,25,26
1791408782.433503,-0.050208,1.248296,-2.777890,0.048209,1.249326,-2.799974,-0.342042,1.282807,-2.785441,0.323679,1.294494,-2.814049,25,25,26,25,24,25,25,24,26,25,25,26
1791408782.453525,-0.050238,1.248296,-2.777874,0.048209,1.249326,-2.799974,-0.342042,1.282868,-2.785425,0.323649,1.294464,-2.814049,25,25,26,24,24,25,25,24,26,25,25,26
1791408782.473447,-0.050208,1.248266,-2.777890,0.048239,1.249295,-2.799959,-0.342012,1.282807,-2.785457,0.323679,1.294494,-2.814049,25,25,26,24,24,25,25,24,26,25,25,26
1791408782.493345,-0.050208,1.248296,-2.777906,0.048239,1.249356,-2.799959,-0.342012,1.282807,-2.785441,0.323649,1.294494,-2.814065,25,25,26,25,24,25,25,24,26,25,25,26
1791408782.513519,-0.050208,1.248296,-2.777906,0.048239,1.249356,-2.799959,-0.342012,1.282838,-2.785425,0.323649,1.294494,-2.814065,25,25,26,25,24,25,25,24,26,25,25,26
1791408782.533293,-0.050238,1.248296,-2.777874,0.048209,1.249326,-2.799974,-0.342012,1.282807,-2.785441,0.323679,1.294525,-2.814065,25,25,26,24,24,25,25,24,26,25,25,26
1791408782.553383,-0.050238,1.248296,-2.777874,0.048209,1.249326,-2.799974,-0.342012,1.282777,-2.785441,0.323649,1.294494,-2.814049,25,25,26,24,24,25,25,24,26,25,25,26
1791408782.573479,-0.050208,1.248296,-2.777874,0.048209,1.249326,-2.799959,-0.342042,1.282807,-2.785441,0.323649,1.294525,-2.814049,25,25,26,24,24,25,25,24,26,25,25,26
1791408782.593357,-0.050208,1.248266,-2.777890,0.048239,1.249326,-2.799959,-0.342012,1.282838,-2.785457,0.323679,1.294494,-2.814049,25,25,26,25,24,25,25,24,26,25,25,26
1791408782.613461,-0.050208,1.248296,-2.777890,0.048239,1.249356,-2.799974,-0.341982,1.282807,-2.785441,0.323710,1.294464,-2.814065,25,25,26,25,24,25,25,24,26,25,25,26
1791408782.633353,-0.050238,1.248296,-2.777906,0.048239,1.249326,-2.799959,-0.342012,1.282838,-2.785425,0.323679,1.294494,-2.814065,25,25,26,24,24,25,25,24,26,25,25,26
1791408782.653278,-0.050208,1.248266,-2.777890,0.048209,1.249265,-2.799974,-0.341982,1.282807,-2.785441,0.323679,1.294464,-2.814049,25,25,26,24,24,25,25,24,26,25,25,26
1791408782.673344,-0.050208,1.248266,-2.777906,0.048209,1.249326,-2.799959,-0.342012,1.282807,-2.785425,0.323649,1.294464,-2.814049,25,25,26,25,24,25,25,24,26,25,25,26
1791408782.693247,-0.050238,1.248296,-2.777890,0.048179,1.249356,-2.799959,-0.342042,1.282807,-2.785457,0.323649,1.294494,-2.814049,25,25,26,24,24,25,25,24,26,25,25,26
1791408782.713267,-0.050208,1.248296,-2.777906,0.048209,1.249356,-2.799974,-0.342012,1.282838,-2.785425,0.323649,1.294494,-2.814049,25,25,26,24,24,25,25,24,26,25,25,26
1791408782.733219,-0.050238,1.248296,-2.777890,0.048209,1.249326,-2.799959,-0.342012,1.282807,-2.785457,0.323649,1.294494,-2.814049,25,25,26,24,24,25,25,24,26,25,25,26
1791408782.753258,-0.050238,1.248296,-2.777906,0.048239,1.249295,-2.799974,-0.342012,1.282838,-2.785441,0.323649,1.294464,-2.814065,25,25,26,25,24,25,25,24,26,25,25,26
1791408782.773379,-0.050208,1.248296,-2.777906,0.048209,1.249326,-2.799943,-0.342042,1.282807,-2.785457,0.323649,1.294494,-2.814065,25,25,26,25,24,25,25,24,26,25,25,26
1791408782.793394,-0.050208,1.248266,-2.777906,0.048209,1.249326,-2.799974,-0.342042,1.282838,-2.785441,0.323649,1.294494,-2.814049,25,25,26,24,24,25,25,24,26,25,25,26
1791408782.813437,-0.050238,1.248296,-2.777874,0.048179,1.249326,-2.799974,-0.342042,1.282838,-2.785441,0.323679,1.294494,-2.814049,25,25,26,25,24,25,25,24,26,25,25,26
1791408782.833485,-0.050208,1.248296,-2.777906,0.048239,1.249326,-2.799959,-0.342012,1.282777,-2.785441,0.323679,1.294494,-2.814049,25,25,26,24,24,25,25,24,26,25,25,26
1791408782.853443,-0.050208,1.248236,-2.777890,0.048209,1.249326,-2.799959,-0.342012,1.282777,-2.785457,0.323649,1.294494,-2.814049,25,25,26,24,24,25,25,24,26,25,25,26
1791408782.873385,-0.050238,1.248296,-2.777906,0.048239,1.249356,-2.799974,-0.342042,1.282838,-2.785441,0.323710,1.294464,-2.814065,25,25,26,24,24,25,25,24,26,25,25,26
1791408782.893460,-0.050208,1.248296,-2.777890,0.048209,1.249356,-2.799974,-0.342042,1.282838,-2.785457,0.323649,1.294494,-2.814049,25,25,26,25,25,25,25,24,26,25,25,26
1791408782.913344,-0.050208,1.248296,-2.777906,0.048209,1.249326,-2.799959,-0.342042,1.282807,-2.785441,0.323679,1.294464,-2.814065,25,25,26,24,24,25,25,24,26,25,25,26
1791408782.933440,-0.050208,1.248296,-2.777890,0.048209,1.249326,-2.799959,-0.342042,1.282807,-2.785441,0.323679,1.294464,-2.814049,25,25,26,24,24,25,25,24,26,25,25,26
1791408782.953360,-0.050238,1.248266,-2.777874,0.048270,1.249356,-2.799959,-0.342042,1.282838,-2.785441,0.323679,1.294494,-2.814049,25,25,26,24,24,25,25,24,26,25,25,26
1791408782.973357,-0.050208,1.248296,-2.777906,0.048209,1.249326,-2.799959,-0.342042,1.282777,-2.785425,0.323649,1.294464,-2.814034,25,25,26,25,24,25,25,24,26,25,25,26
1791408782.993262,-0.050208,1.248296,-2.777890,0.048239,1.249356,-2.799959,-0.341982,1.282807,-2.785441,0.323649,1.294494,-2.814049,25,25,26,24,24,25,25,24,26,25,25,26
1791408783.013396,-0.050208,1.248296,-2.777890,0.048179,1.249356,-2.799974,-0.341982,1.282838,-2.785441,0.323649,1.294464,-2.814049,25,25,26,25,24,25,25,24,26,25,25,26
1791408783.033423,-0.050238,1.248296,-2.777874,0.048179,1.249326,-2.799959,-0.342042,1.282807,-2.785441,0.323710,1.294494,-2.814049,25,25,26,25,24,25,25,24,26,25,25,26
1791408783.053424,-0.050268,1.248327,-2.777874,0.048239,1.249356,-2.799959,-0.342042,1.282838,-2.785441,0.323710,1.294494,-2.814034,25,25,26,24,24,25,25,24,26,25,25,26
1791408783.073290,-0.050238,1.248266,-2.777890,0.048209,1.249326,-2.799959,-0.341982,1.282838,-2.785425,0.323679,1.294494,-2.814049,25,25,26,24,24,25,25,24,26,25,25,26
1791408783.093550,-0.050238,1.248266,-2.777890,0.048209,1.249326,-2.799959,-0.341982,1.282868,-2.785441,0.323679,1.294494,-2.814049,25,25,26,25,24,25,25,24,26,25,25,26
1791408783.113222,-0.050208,1.248266,-2.777890,0.048239,1.249326,-2.799990,-0.342042,1.282868,-2.785441,0.323649,1.294494,-2.814065,25,25,26,25,24,25,25,24,26,25,25,26
1791408783.133202,-0.050238,1.248266,-2.777906,0.048270,1.249326,-2.799959,-0.342012,1.282807,-2.785441,0.323679,1.294494,-2.814049,25,25,26,25,24,25,25,24,26,25,25,26
1791408783.153300,-0.050208,1.248266,-2.777906,0.048239,1.249326,-2.799959,-0.342012,1.282807,-2.785441,0.323679,1.294464,-2.814049,25,25,26,24,25,25,25,24,26,25,25,26
1791408783.173422,-0.050238,1.248266,-2.777874,0.048209,1.249326,-2.799974,-0.342042,1.282807,-2.785441,0.323649,1.294494,-2.814049,25,25,26,25,24,25,25,24,26,25,25,26
1791408783.193439,-0.050208,1.248266,-2.777890,0.048239,1.249356,-2.799974,-0.342012,1.282807,-2.785457,0.323649,1.294464,-2.814049,25,25,26,25,24,25,25,24,26,25,25,26
1791408783.213388,-0.050238,1.248296,-2.777874,0.048239,1.249326,-2.799959,-0.342042,1.282807,-2.785457,0.323649,1.294494,-2.814049,25,25,26,25,24,25,25,24,26,25,25,26
1791408783.233410,-0.050238,1.248296,-2.777906,0.048239,1.249326,-2.799943,-0.342042,1.282838,-2.785441,0.323649,1.294525,-2.814049,25,25,26,25,24,25,25,24,26,25,25,26
1791408783.253356,-0.050208,1.248296,-2.777890,0.048239,1.249265,-2.799943,-0.342012,1.282807,-2.785441,0.323649,1.294494,-2.814065,25,25,26,25,24,25,25,24,26,25,25,26
1791408783.273428,-0.050238,1.248296,-2.777906,0.048209,1.249326,-2.799959,-0.342042,1.282807,-2.785425,0.323710,1.294464,-2.814049,25,25,26,24,24,25,25,24,26,25,25,26
1791408783.293548,-0.050208,1.248327,-2.777890,0.048239,1.249265,-2.799974,-0.342042,1.282807,-2.785441,0.323679,1.294494,-2.814049,25,25,26,25,24,25,25,24,26,25,25,26
1791408783.313356,-0.050208,1.248296,-2.777890,0.048209,1.249326,-2.799974,-0.342042,1.282807,-2.785441,0.323710,1.294494,-2.814049,25,25,26,24,24,25,25,24,26,25,25,26
1791408783.333419,-0.050238,1.248296,-2.777874,0.048239,1.249326,-2.799974,-0.341982,1.282807,-2.785425,0.323679,1.294494,-2.814049,25,25,26,25,24,25,25,24,26,25,25,26
1791408783.353699,-0.050208,1.248327,-2.777874,0.048239,1.249326,-2.799959,-0.342042,1.282838,-2.785425,0.323710,1.294494,-2.814049,25,25,26,24,24,25,25,24,26,25,25,26
1791408783.373515,-0.050208,1.248266,-2.777890,0.048239,1.249326,-2.799959,-0.342012,1.282807,-2.785425,0.323710,1.294494,-2.814049,25,25,26,25,24,25,25,24,26,25,25,26
1791408783.393499,-0.050238,1.248327,-2.777890,0.048209,1.249326,-2.799943,-0.342012,1.282838,-2.785425,0.323649,1.294494,-2.814034,25,25,26,24,25,25,25,24,26,25,25,26
1791408783.413357,-0.050208,1.248296,-2.777890,0.048209,1.249326,-2.799974,-0.342042,1.282807,-2.785441,0.323710,1.294494,-2.814065,25,25,26,25,24,25,25,24,26,25,25,26
1791408783.433435,-0.050238,1.248266,-2.777906,0.048209,1.249326,-2.799959,-0.342042,1.282838,-2.785441,0.323710,1.294494,-2.814065,25,25,26,25,24,25,25,24,26,25,25,26
1791408783.453280,-0.050238,1.248266,-2.777906,0.048209,1.249356,-2.799959,-0.342012,1.282868,-2.785441,0.323710,1.294494,-2.814049,25,25,26,25,24,25,25,24,26,25,25,26
1791408783.473450,-0.050238,1.248296,-2.777890,0.048209,1.249326,-2.799959,-0.342072,1.282807,-2.785457,0.323679,1.294464,-2.814049,25,25,26,25,24,25,25,24,26,25,25,26
1791408783.493381,-0.050238,1.248296,-2.777890,0.048239,1.249356,-2.799959,-0.342042,1.282838,-2.785425,0.323679,1.294494,-2.814049,25,25,26,25,24,25,25,24,26,25,25,26
1791408783.513355,-0.050268,1.248296,-2.777874,0.048239,1.249326,-2.799974,-0.342042,1.282807,-2.785457,0.323679,1.294494,-2.814065,25,25,26,25,24,25,25,24,26,25,25,26
1791408783.533321,-0.050238,1.248266,-2.777874,0.048209,1.249326,-2.799959,-0.342012,1.282807,-2.785425,0.323710,1.294494,-2.814034,25,25,26,25,24,25,25,24,26,25,25,26
1791408783.553425,-0.050208,1.248296,-2.777906,0.048209,1.249326,-2.799959,-0.342042,1.282838,-2.785457,0.323679,1.294464,-2.814049,25,25,26,25,24,25,25,24,26,25,25,26
1791408783.573420,-0.050268,1.248296,-2.777890,0.048179,1.249326,-2.799974,-0.342042,1.282807,-2.785425,0.323679,1.294494,-2.814049,25,25,26,24,24,25,25,24,26,25,25,26
1791408783.593380,-0.050208,1.248296,-2.777890,0.048209,1.249326,-2.799974,-0.342042,1.282838,-2.785441,0.323710,1.294464,-2.814049,25,25,26,24,24,25,25,24,26,25,25,26
1791408783.613463,-0.050238,1.248296,-2.777890,0.048209,1.249326,-2.799974,-0.342042,1.282807,-2.785457,0.323710,1.294464,-2.814049,25,25,26,25,25,25,25,24,26,25,25,26
1791408783.633488,-0.050238,1.248296,-2.777874,0.048209,1.249295,-2.799974,-0.342072,1.282807,-2.785441,0.323679,1.294494,-2.814065,25,25,26,24,24,25,25,24,26,25,25,26
1791408783.653646,-0.050208,1.248296,-2.777890,0.048209,1.249326,-2.799974,-0.342042,1.282838,-2.785441,0.323710,1.294494,-2.814049,25,25,26,25,24,25,25,24,26,25,25,26
1791408783.673336,-0.050238,1.248296,-2.777906,0.048209,1.249326,-2.799943,-0.342012,1.282838,-2.785457,0.323710,1.294525,-2.814049,25,25,26,25,24,25,25,24,26,25,25,26
1791408783.693524,-0.050238,1.248296,-2.777874,0.048239,1.249326,-2.799959,-0.342042,1.282807,-2.785441,0.323649,1.294494,-2.814065,25,25,26,24,24,25,25,24,26,25,25,26
1791408783.713294,-0.050238,1.248296,-2.777906,0.048209,1.249326,-2.799974,-0.342042,1.282838,-2.785441,0.323710,1.294494,-2.814049,25,25,26,25,25,25,25,24,26,25,25,26
1791408783.733556,-0.050208,1.248296,-2.777890,0.048209,1.249326,-2.799959,-0.342042,1.282807,-2.785441,0.323710,1.294464,-2.814065,25,25,26,24,25,25,25,24,26,25,25,26
1791408783.753518,-0.050208,1.248236,-2.777890,0.048209,1.249326,-2.799943,-0.342012,1.282807,-2.785441,0.323649,1.294494,-2.814049,25,25,26,25,24,25,25,24,26,25,25,26
1791408783.773407,-0.050208,1.248296,-2.777890,0.048239,1.249326,-2.799959,-0.342072,1.282777,-2.785457,0.323710,1.294494,-2.814065,25,25,26,24,25,25,25,24,26,25,25,26
1791408783.793562,-0.050238,1.248296,-2.777890,0.048239,1.249326,-2.799959,-0.342042,1.282807,-2.785441,0.323679,1.294494,-2.814065,25,25,26,24,24,25,25,24,26,25,25,26
1791408783.813350,-0.050238,1.248296,-2.777890,0.048209,1.249356,-2.799974,-0.342042,1.282838,-2.785441,0.323679,1.294494,-2.814065,25,25,26,25,24,25,25,24,26,25,25,26
1791408783.833469,-0.050238,1.248296,-2.777890,0.048209,1.249356,-2.799959,-0.342042,1.282838,-2.785441,0.323649,1.294494,-2.814049,25,25,26,24,24,25,25,24,26,25,25,26
1791408783.853286,-0.050238,1.248296,-2.777874,0.048209,1.249326,-2.799974,-0.342012,1.282838,-2.785441,0.323710,1.294494,-2.814049,25,25,26,24,25,25,25,24,26,25,25,26
1791408783.873489,-0.050208,1.248266,-2.777890,0.048209,1.249326,-2.799974,-0.342042,1.282838,-2.785457,0.323679,1.294494,-2.814065,25,25,26,25,24,25,25,24,26,25,25,26
1791408783.893436,-0.050177,1.248296,-2.777890,0.048209,1.249356,-2.799974,-0.342012,1.282807,-2.785457,0.323649,1.294494,-2.814049,25,25,26,25,24,25,25,24,26,25,25,26
1791408783.913321,-0.050238,1.248266,-2.777890,0.048239,1.249356,-2.799959,-0.342042,1.282838,-2.785441,0.323710,1.294525,-2.814065,25,25,26,25,24,25,25,24,26,25,25,26
1791408783.933379,-0.050238,1.248266,-2.777890,0.048209,1.249356,-2.799974,-0.342012,1.282807,-2.785457,0.323710,1.294464,-2.814049,25,25,26,25,25,25,25,24,26,25,25,26
1791408783.953328,-0.050238,1.248266,-2.777874,0.048239,1.249326,-2.799959,-0.342042,1.282838,-2.785441,0.323649,1.294494,-2.814049,25,25,26,25,24,25,25,24,26,25,25,26
1791408783.973370,-0.050208,1.248296,-2.777890,0.048209,1.249326,-2.799959,-0.342012,1.282868,-2.785441,0.323679,1.294464,-2.814049,25,25,26,24,25,25,25,24,26,25,25,26
1791408783.993534,-0.050238,1.248266,-2.777890,0.048209,1.249326,-2.799974,-0.342042,1.282838,-2.785457,0.323710,1.294494,-2.814049,25,25,26,25,25,25,25,24,26,25,25,26
1791408784.013507,-0.050238,1.248296,-2.777874,0.048239,1.249326,-2.799974,-0.342072,1.282868,-2.785441,0.323710,1.294494,-2.814034,25,25,26,25,25,25,25,24,26,25,25,26
1791408784.033463,-0.050208,1.248296,-2.777874,0.048239,1.249356,-2.799959,-0.342042,1.282838,-2.785441,0.323679,1.294494,-2.814034,25,25,26,25,24,25,25,24,26,25,25,26
1791408784.053665,-0.050208,1.248266,-2.777906,0.048209,1.249326,-2.799959,-0.342072,1.282807,-2.785441,0.323679,1.294494,-2.814065,25,25,26,25,24,25,25,24,26,25,25,26
1791408784.073386,-0.050208,1.248296,-2.777890,0.048239,1.249356,-2.799974,-0.342072,1.282807,-2.785457,0.323710,1.294494,-2.814049,25,25,26,25,25,25,25,24,26,25,25,26
1791408784.093409,-0.050208,1.248266,-2.777890,0.048179,1.249356,-2.799974,-0.342012,1.282838,-2.785441,0.323679,1.294525,-2.814049,25,25,26,25,24,25,25,24,26,25,25,26
1791408784.113520,-0.050238,1.248296,-2.777874,0.048209,1.249326,-2.799974,-0.342042,1.282807,-2.785425,0.323710,1.294464,-2.814049,25,25,26,24,24,25,25,24,26,25,25,26
1791408784.133336,-0.050208,1.248266,-2.777890,0.048239,1.249326,-2.799959,-0.342042,1.282807,-2.785457,0.323710,1.294494,-2.814049,25,25,26,25,24,25,25,24,26,25,25,26
1791408784.153262,-0.050208,1.248296,-2.777890,0.048209,1.249326,-2.799974,-0.342012,1.282777,-2.785425,0.323710,1.294494,-2.814049,25,25,26,25,24,25,25,24,26,25,25,26
1791408784.173290,-0.050208,1.248266,-2.777890,0.048209,1.249356,-2.799959,-0.342042,1.282807,-2.785457,0.323649,1.294464,-2.814049,25,25,26,25,24,25,25,24,26,25,25,26
1791408784.193983,-0.050208,1.248296,-2.777890,0.048209,1.249356,-2.799943,-0.342042,1.282838,-2.785441,0.323710,1.294494,-2.814034,25,25,26,25,24,25,25,24,26,25,25,26
1791408784.213460,-0.050208,1.248296,-2.777890,0.048209,1.249326,-2.799959,-0.342042,1.282807,-2.785457,0.323710,1.294525,-2.814065,25,25,26,25,25,25,25,24,26,25,25,26
1791408784.233413,-0.050208,1.248266,-2.777890,0.048270,1.249326,-2.799959,-0.342042,1.282807,-2.785425,0.323710,1.294494,-2.814065,25,25,26,25,24,25,25,24,26,25,25,26
1791408784.253413,-0.050268,1.248296,-2.777890,0.048209,1.249356,-2.799974,-0.342042,1.282807,-2.785441,0.323710,1.294494,-2.814049,25,25,26,25,24,25,25,24,26,25,25,26
1791408784.273527,-0.050208,1.248266,-2.777890,0.048239,1.249356,-2.799943,-0.342042,1.282838,-2.785441,0.323649,1.294525,-2.814065,25,25,26,25,24,25,25,24,26,25,25,26
1791408784.293286,-0.050208,1.248296,-2.777890,0.048209,1.249326,-2.799943,-0.342012,1.282838,-2.785473,0.323710,1.294494,-2.814049,25,25,26,25,24,25,25,24,26,25,25,26
1791408784.313596,-0.050238,1.248327,-2.777890,0.048239,1.249326,-2.799974,-0.342042,1.282838,-2.785425,0.323649,1.294464,-2.814065,25,25,26,25,24,25,25,24,26,25,25,26
1791408784.333436,-0.050238,1.248296,-2.777890,0.048209,1.249356,-2.799959,-0.342042,1.282807,-2.785457,0.323710,1.294464,-2.814049,25,25,26,25,25,25,25,24,26,25,25,26
1791408784.353503,-0.050238,1.248296,-2.777874,0.048239,1.249295,-2.799974,-0.342012,1.282838,-2.785457,0.323679,1.294494,-2.814049,25,25,26,25,25,25,25,24,26,25,25,26
1791408784.373537,-0.050268,1.248266,-2.777890,0.048209,1.249295,-2.799959,-0.342012,1.282807,-2.785425,0.323679,1.294494,-2.814049,25,25,26,25,24,25,25,24,26,25,25,26
1791408784.393395,-0.050208,1.248266,-2.777890,0.048239,1.249356,-2.799959,-0.342042,1.282838,-2.785457,0.323679,1.294494,-2.814065,25,25,26,25,25,25,25,24,26,25,25,26
1791408784.413547,-0.050238,1.248296,-2.777890,0.048209,1.249326,-2.799959,-0.342072,1.282807,-2.785441,0.323710,1.294494,-2.814034,25,25,26,25,24,25,25,24,26,25,25,26
1791408784.433529,-0.050238,1.248296,-2.777890,0.048239,1.249295,-2.799959,-0.342072,1.282807,-2.785425,0.323710,1.294494,-2.814065,25,25,26,25,24,25,25,24,26,25,25,26
1791408784.453374,-0.050208,1.248296,-2.777906,0.048209,1.249326,-2.799959,-0.342042,1.282838,-2.785457,0.323710,1.294464,-2.814065,25,25,26,25,25,25,25,24,26,25,25,26
1791408784.473440,-0.050208,1.248296,-2.777906,0.048209,1.249356,-2.799959,-0.342042,1.282838,-2.785441,0.323710,1.294494,-2.814034,25,25,26,25,24,25,25,24,26,25,25,26
1791408784.493372,-0.050208,1.248296,-2.777890,0.048209,1.249326,-2.799959,-0.342042,1.282807,-2.785441,0.323649,1.294494,-2.814034,25,25,26,25,24,25,25,24,26,25,25,26
1791408784.513508,-0.050208,1.248266,-2.777890,0.048209,1.249326,-2.799959,-0.342072,1.282838,-2.785441,0.323649,1.294494,-2.814049,25,25,26,25,25,25,25,24,26,25,25,26
1791408784.533411,-0.050208,1.248296,-2.777874,0.048209,1.249295,-2.799959,-0.342042,1.282838,-2.785441,0.323679,1.294494,-2.814049,25,25,26,25,24,25,25,24,26,25,25,26
1791408784.553451,-0.050238,1.248296,-2.777890,0.048239,1.249326,-2.799974,-0.342042,1.282807,-2.785441,0.323679,1.294494,-2.814034,25,25,26,25,25,25,25,24,26,25,25,26
1791408784.573346,-0.050208,1.248296,-2.777890,0.048209,1.249356,-2.799990,-0.342072,1.282838,-2.785441,0.323679,1.294494,-2.814049,25,25,26,24,25,25,25,24,26,25,25,26
1791408784.593356,-0.050177,1.248266,-2.777906,0.048239,1.249356,-2.799959,-0.342042,1.282838,-2.785441,0.323649,1.294494,-2.814034,25,25,26,25,24,25,25,24,26,25,25,26
1791408784.613424,-0.050177,1.248296,-2.777906,0.048209,1.249356,-2.799974,-0.342072,1.282838,-2.785441,0.323679,1.294464,-2.814081,25,25,26,25,25,25,25,24,26,25,25,26
1791408784.633500,-0.050208,1.248296,-2.777874,0.048239,1.249295,-2.799959,-0.342012,1.282838,-2.785425,0.323679,1.294494,-2.814049,25,25,26,25,25,25,25,24,26,25,25,26
1791408784.653474,-0.050208,1.248266,-2.777890,0.048209,1.249326,-2.799943,-0.342072,1.282777,-2.785441,0.323710,1.294464,-2.814065,25,25,26,25,24,25,25,24,26,25,25,26
1791408784.673405,-0.050208,1.248266,-2.777890,0.048239,1.249356,-2.799974,-0.342072,1.282807,-2.785441,0.323710,1.294494,-2.814049,25,25,26,25,24,25,25,24,26,25,25,26
1791408784.693394,-0.050208,1.248296,-2.777890,0.048209,1.249356,-2.799959,-0.342042,1.282838,-2.785441,0.323679,1.294464,-2.814065,25,25,26,25,25,25,25,24,26,25,25,26
1791408784.713441,-0.050208,1.248296,-2.777874,0.048209,1.249326,-2.799959,-0.342072,1.282807,-2.785441,0.323710,1.294494,-2.814049,25,25,26,25,25,25,25,24,26,25,25,26
1791408784.733569,-0.050238,1.248296,-2.777890,0.048209,1.249356,-2.799974,-0.342042,1.282868,-2.785441,0.323710,1.294494,-2.814065,25,25,26,25,25,25,25,24,26,25,25,26
1791408784.753382,-0.050208,1.248266,-2.777906,0.048209,1.249356,-2.799974,-0.342042,1.282838,-2.785441,0.323679,1.294494,-2.814049,25,25,26,25,24,25,25,24,26,25,25,26
1791408784.773355,-0.050208,1.248296,-2.777890,0.048239,1.249356,-2.799974,-0.342042,1.282838,-2.785441,0.323679,1.294494,-2.814065,25,25,26,24,25,25,25,24,26,25,25,26
1791408784.793535,-0.050208,1.248296,-2.777906,0.048209,1.249326,-2.799974,-0.342072,1.282807,-2.785457,0.323649,1.294525,-2.814065,25,25,26,25,25,25,25,24,26,25,25,26
1791408784.813378,-0.050208,1.248266,-2.777890,0.048239,1.249356,-2.799959,-0.342042,1.282838,-2.785441,0.323710,1.294494,-2.814049,25,25,26,25,24,25,25,24,26,25,25,26
1791408784.833458,-0.050238,1.248327,-2.777906,0.048209,1.249326,-2.799974,-0.342042,1.282807,-2.785441,0.323710,1.294494,-2.814034,25,25,26,25,24,25,25,24,26,25,25,26
1791408784.853404,-0.050208,1.248296,-2.777890,0.048270,1.249326,-2.799974,-0.342042,1.282807,-2.785441,0.323710,1.294494,-2.814034,25,25,26,25,24,25,25,24,26,25,25,26
1791408784.873451,-0.050208,1.248296,-2.777890,0.048239,1.249326,-2.799974,-0.342042,1.282777,-2.785441,0.323679,1.294464,-2.814049,25,25,26,25,25,25,25,24,26,25,25,26
1791408784.893389,-0.050208,1.248296,-2.777890,0.048209,1.249326,-2.799974,-0.342042,1.282807,-2.785441,0.323679,1.294525,-2.814049,25,25,26,25,24,25,25,24,26,25,25,26
1791408784.913557,-0.050208,1.248296,-2.777874,0.048209,1.249326,-2.799959,-0.342042,1.282807,-2.785441,0.323740,1.294525,-2.814049,25,25,26,25,25,25,25,24,26,25,25,26
1791408784.933457,-0.050208,1.248327,-2.777906,0.048239,1.249326,-2.799974,-0.342103,1.282807,-2.785441,0.323740,1.294494,-2.814081,25,25,26,25,25,25,25,24,26,25,25,26
1791408784.953482,-0.050208,1.248296,-2.777890,0.048209,1.249326,-2.799959,-0.342072,1.282807,-2.785425,0.323679,1.294494,-2.814065,25,25,26,25,25,25,25,24,26,25,25,26
1791408784.973572,-0.050208,1.248266,-2.777890,0.048209,1.249326,-2.799959,-0.342042,1.282807,-2.785457,0.323679,1.294494,-2.814034,25,25,26,25,25,25,25,24,26,25,25,26
1791408784.993464,-0.050238,1.248296,-2.777906,0.048209,1.249386,-2.799959,-0.342042,1.282838,-2.785425,0.323710,1.294494,-2.814034,25,25,26,25,25,25,25,24,26,25,25,26
1791408785.013480,-0.050208,1.248296,-2.777890,0.048209,1.249326,-2.799974,-0.342042,1.282777,-2.785425,0.323710,1.294494,-2.814049,25,25,26,25,25,25,25,24,26,25,25,26
1791408785.033467,-0.050238,1.248327,-2.777906,0.048239,1.249356,-2.799974,-0.342072,1.282838,-2.785441,0.323679,1.294464,-2.814049,25,25,26,25,24,25,25,24,26,25,25,26
1791408785.053480,-0.050208,1.248296,-2.777890,0.048239,1.249326,-2.799959,-0.342042,1.282807,-2.785441,0.323710,1.294464,-2.814065,25,25,26,25,25,25,25,24,26,25,25,26
1791408785.073489,-0.050268,1.248296,-2.777874,0.048209,1.249326,-2.799959,-0.342072,1.282807,-2.785441,0.323710,1.294494,-2.814049,25,25,26,25,24,25,25,24,26,25,25,26
1791408785.093602,-0.050208,1.248266,-2.777890,0.048239,1.249326,-2.799959,-0.342042,1.282838,-2.785425,0.323649,1.294494,-2.814049,25,25,26,25,25,25,25,24,26,25,25,26
1791408785.113320,-0.050208,1.248296,-2.777890,0.048209,1.249295,-2.799959,-0.342042,1.282838,-2.785425,0.323679,1.294464,-2.814049,25,25,26,25,25,25,25,24,26,25,25,26
1791408785.133603,-0.050268,1.248296,-2.777874,0.048209,1.249326,-2.799959,-0.342072,1.282807,-2.785441,0.323649,1.294494,-2.814049,25,25,26,25,24,25,25,24,26,25,25,26
1791408785.153487,-0.050238,1.248266,-2.777890,0.048209,1.249356,-2.799959,-0.342072,1.282838,-2.785441,0.323679,1.294494,-2.814049,25,25,26,25,24,25,25,24,26,25,25,26
1791408785.173545,-0.050238,1.248296,-2.777890,0.048209,1.249326,-2.799959,-0.342072,1.282807,-2.785425,0.323649,1.294494,-2.814065,25,25,26,25,25,25,25,24,26,25,25,26
1791408785.193527,-0.050238,1.248296,-2.777890,0.048239,1.249326,-2.799959,-0.342072,1.282838,-2.785441,0.323679,1.294494,-2.814049,25,25,26,25,25,25,25,24,26,25,25,26
1791408785.213416,-0.050208,1.248296,-2.777890,0.048209,1.249326,-2.799959,-0.342042,1.282807,-2.785441,0.323740,1.294464,-2.814065,25,25,26,25,24,25,25,24,26,25,25,26
1791408785.233383,-0.050208,1.248296,-2.777874,0.048209,1.249295,-2.799959,-0.342072,1.282777,-2.785457,0.323710,1.294494,-2.814065,25,25,26,25,25,25,25,24,26,25,25,26
1791408785.253491,-0.050238,1.248266,-2.777890,0.048209,1.249326,-2.799959,-0.342042,1.282807,-2.785441,0.323649,1.294464,-2.814049,25,25,26,25,24,25,25,24,26,25,25,26
1791408785.273360,-0.050208,1.248296,-2.777906,0.048209,1.249356,-2.799959,-0.342042,1.282868,-2.785441,0.323710,1.294525,-2.814049,25,25,26,25,25,25,25,24,26,25,25,26
1791408785.293421,-0.050177,1.248266,-2.777906,0.048209,1.249326,-2.799959,-0.342072,1.282777,-2.785441,0.323679,1.294464,-2.814065,25,25,26,25,24,25,25,24,26,25,25,26
1791408785.313396,-0.050208,1.248266,-2.777890,0.048179,1.249326,-2.799943,-0.342072,1.282868,-2.785425,0.323679,1.294494,-2.814049,25,25,26,25,24,25,25,24,26,25,25,26
1791408785.333436,-0.050208,1.248327,-2.777890,0.048239,1.249356,-2.799959,-0.342072,1.282838,-2.785441,0.323710,1.294464,-2.814049,25,25,26,25,24,25,25,24,26,25,25,26
1791408785.353506,-0.050208,1.248296,-2.777890,0.048209,1.249295,-2.799974,-0.342042,1.282838,-2.785457,0.323740,1.294525,-2.814065,25,25,26,25,24,25,25,24,26,25,25,26
1791408785.373517,-0.050238,1.248296,-2.777890,0.048209,1.249295,-2.799959,-0.342072,1.282807,-2.785441,0.323679,1.294525,-2.814049,25,25,26,25,25,25,25,24,26,25,25,26
1791408785.393404,-0.050238,1.248266,-2.777874,0.048209,1.249356,-2.799974,-0.342072,1.282807,-2.785441,0.323710,1.294525,-2.814049,25,25,26,25,24,25,25,24,26,25,25,26
1791408785.413368,-0.050238,1.248296,-2.777906,0.048239,1.249356,-2.799990,-0.342042,1.282807,-2.785425,0.323679,1.294464,-2.814049,25,25,26,25,25,25,25,24,26,25,25,26
1791408785.433386,-0.050208,1.248296,-2.777906,0.048209,1.249326,-2.799959,-0.342072,1.282807,-2.785441,0.323649,1.294464,-2.814034,25,25,26,25,24,25,25,24,26,25,25,26
1791408785.453399,-0.050208,1.248266,-2.777890,0.048209,1.249295,-2.799959,-0.342042,1.282807,-2.785441,0.323710,1.294494,-2.814065,25,25,26,25,25,25,25,24,26,25,25,26
1791408785.473469,-0.050208,1.248296,-2.777874,0.048239,1.249326,-2.799974,-0.342072,1.282838,-2.785425,0.323710,1.294525,-2.814049,25,25,26,25,24,25,25,24,26,25,25,26
1791408785.493547,-0.050238,1.248266,-2.777890,0.048209,1.249356,-2.799974,-0.342072,1.282807,-2.785457,0.323710,1.294494,-2.814034,25,25,26,25,25,25,25,24,26,25,25,26
1791408785.513222,-0.050238,1.248266,-2.777890,0.048270,1.249326,-2.799959,-0.342072,1.282807,-2.785441,0.323679,1.294494,-2.814065,25,25,26,25,25,25,25,24,26,25,25,26
1791408785.533526,-0.050208,1.248296,-2.777890,0.048239,1.249356,-2.799974,-0.342072,1.282838,-2.785425,0.323679,1.294494,-2.814065,25,25,26,25,25,25,25,24,26,25,25,26
1791408785.553263,-0.050238,1.248296,-2.777906,0.048209,1.249326,-2.799943,-0.342072,1.282807,-2.785425,0.323710,1.294464,-2.814049,25,25,26,25,25,25,25,24,26,25,25,26
1791408785.573263,-0.050208,1.248296,-2.777890,0.048239,1.249326,-2.799943,-0.342072,1.282838,-2.785457,0.323649,1.294494,-2.814065,25,25,26,25,25,25,25,24,26,25,25,26
1791408785.593284,-0.050208,1.248296,-2.777890,0.048239,1.249356,-2.799959,-0.342072,1.282807,-2.785441,0.323710,1.294464,-2.814049,25,25,26,25,25,25,25,24,26,25,25,26
1791408785.613458,-0.050208,1.248327,-2.777874,0.048209,1.249356,-2.799990,-0.342072,1.282807,-2.785410,0.323710,1.294464,-2.814049,25,25,26,25,25,25,25,24,26,25,25,26
1791408785.633410,-0.050208,1.248296,-2.777890,0.048239,1.249326,-2.799959,-0.342103,1.282838,-2.785441,0.323710,1.294494,-2.814049,25,25,26,25,25,25,25,24,26,25,25,26
1791408785.653279,-0.050208,1.248296,-2.777890,0.048209,1.249326,-2.799959,-0.342072,1.282807,-2.785441,0.323679,1.294494,-2.814049,25,25,26,25,25,25,25,24,26,25,25,26
1791408785.673222,-0.050208,1.248327,-2.777890,0.048239,1.249356,-2.799974,-0.342103,1.282838,-2.785425,0.323679,1.294494,-2.814049,25,25,26,25,25,25,25,24,26,25,25,26
1791408785.693384,-0.050238,1.248296,-2.777890,0.048239,1.249356,-2.799959,-0.342042,1.282838,-2.785441,0.323710,1.294494,-2.814049,25,25,26,25,25,25,25,24,26,25,25,26
1791408785.713372,-0.050238,1.248296,-2.777874,0.048209,1.249326,-2.799959,-0.342042,1.282807,-2.785425,0.323679,1.294494,-2.814049,25,25,26,25,24,25,25,24,26,25,25,26
1791408785.733450,-0.050238,1.248266,-2.777890,0.048239,1.249326,-2.799974,-0.342042,1.282807,-2.785425,0.323710,1.294464,-2.814049,25,25,26,25,25,25,25,24,26,25,25,26
1791408785.753473,-0.050238,1.248296,-2.777906,0.048209,1.249326,-2.799974,-0.342042,1.282807,-2.785441,0.323649,1.294525,-2.814065,25,25,26,25,24,25,25,24,26,25,25,26
1791408785.773442,-0.050238,1.248327,-2.777890,0.048209,1.249326,-2.799959,-0.342072,1.282807,-2.785425,0.323710,1.294525,-2.814049,25,25,26,25,25,25,25,24,26,25,25,26
1791408785.793321,-0.050208,1.248296,-2.777890,0.048209,1.249326,-2.799959,-0.342072,1.282838,-2.785441,0.323710,1.294494,-2.814049,25,25,26,25,24,25,25,24,26,25,25,26
1791408785.813420,-0.050208,1.248266,-2.777906,0.048239,1.249356,-2.799974,-0.342042,1.282807,-2.785441,0.323679,1.294464,-2.814049,25,25,26,25,24,25,25,24,26,25,25,26
1791408785.833423,-0.050208,1.248266,-2.777890,0.048239,1.249356,-2.799959,-0.342103,1.282838,-2.785441,0.323710,1.294464,-2.814049,25,25,26,25,25,25,25,24,26,25,25,26
1791408785.853357,-0.050268,1.248327,-2.777906,0.048179,1.249326,-2.799943,-0.342072,1.282838,-2.785441,0.323710,1.294464,-2.814065,25,25,26,25,25,25,25,24,26,25,25,26
1791408785.873330,-0.050238,1.248266,-2.777890,0.048239,1.249326,-2.799974,-0.342042,1.282838,-2.785457,0.323710,1.294464,-2.814049,25,25,26,24,25,25,25,24,26,25,25,26
1791408785.893406,-0.050268,1.248266,-2.777890,0.048239,1.249326,-2.799959,-0.342072,1.282807,-2.785441,0.323710,1.294464,-2.814049,25,25,26,25,25,25,25,24,26,25,25,26
1791408785.913458,-0.050238,1.248296,-2.777906,0.048239,1.249326,-2.799959,-0.342042,1.282838,-2.785441,0.323710,1.294464,-2.814049,25,25,26,25,25,25,25,24,26,25,25,26
1791408785.933363,-0.050238,1.248296,-2.777906,0.048209,1.249356,-2.799974,-0.342042,1.282838,-2.785441,0.323710,1.294494,-2.814049,25,25,26,25,25,25,25,24,26,25,25,26
1791408785.953300,-0.050208,1.248266,-2.777906,0.048209,1.249295,-2.799959,-0.342072,1.282777,-2.785441,0.323710,1.294464,-2.814049,25,25,26,25,25,25,25,24,26,25,25,26
1791408785.973360,-0.050238,1.248266,-2.777906,0.048209,1.249326,-2.799959,-0.342042,1.282838,-2.785425,0.323710,1.294494,-2.814049,25,25,26,25,24,25,25,24,26,25,25,26
1791408785.993355,-0.050208,1.248327,-2.777890,0.048239,1.249326,-2.799943,-0.342072,1.282838,-2.785457,0.323710,1.294494,-2.814065,25,25,26,25,25,25,25,24,26,25,25,26
1791408786.013392,-0.050238,1.248266,-2.777890,0.048209,1.249326,-2.799959,-0.342072,1.282807,-2.785441,0.323679,1.294464,-2.814049,25,25,26,25,25,25,25,24,26,25,25,26
1791408786.033540,-0.050238,1.248296,-2.777890,0.048209,1.249356,-2.799959,-0.342042,1.282838,-2.785457,0.323710,1.294494,-2.814049,25,25,26,25,24,25,25,24,26,25,25,26
1791408786.053249,-0.050238,1.248266,-2.777890,0.048209,1.249265,-2.799974,-0.342072,1.282838,-2.785441,0.323710,1.294464,-2.814049,25,25,26,25,24,25,25,24,26,25,25,26
1791408786.073439,-0.050238,1.248296,-2.777890,0.048209,1.249326,-2.799974,-0.342072,1.282807,-2.785441,0.323710,1.294494,-2.814065,25,25,26,25,25,25,25,24,26,25,25,26
1791408786.093435,-0.050268,1.248296,-2.777890,0.048239,1.249326,-2.799959,-0.342072,1.282807,-2.785425,0.323679,1.294464,-2.814049,25,25,26,25,25,25,25,24,26,25,25,26
1791408786.113324,-0.050238,1.248327,-2.777906,0.048239,1.249356,-2.799959,-0.342042,1.282807,-2.785441,0.323679,1.294525,-2.814049,25,25,26,25,25,25,25,24,26,25,25,26
1791408786.133306,-0.050238,1.248327,-2.777890,0.048209,1.249326,-2.799959,-0.342072,1.282807,-2.785457,0.323679,1.294494,-2.814049,25,25,26,25,25,25,25,24,26,25,25,26
1791408786.153259,-0.050238,1.248266,-2.777906,0.048239,1.249326,-2.799974,-0.342072,1.282838,-2.785441,0.323710,1.294494,-2.814065,25,25,26,25,25,25,25,24,26,25,25,26
1791408786.173364,-0.050208,1.248296,-2.777890,0.048209,1.249356,-2.799974,-0.342072,1.282838,-2.785441,0.323740,1.294494,-2.814065,25,25,26,25,24,25,25,24,26,25,25,26
1791408786.193523,-0.050208,1.248266,-2.777874,0.048209,1.249326,-2.799959,-0.342072,1.282838,-2.785441,0.323710,1.294494,-2.814065,25,25,26,25,24,25,25,24,26,25,25,26
1791408786.213346,-0.050208,1.248266,-2.777890,0.048239,1.249326,-2.799959,-0.342072,1.282838,-2.785441,0.323649,1.294494,-2.814065,25,25,26,25,24,25,25,24,26,25,25,26
1791408786.233308,-0.050238,1.248296,-2.777874,0.048209,1.249326,-2.799959,-0.342042,1.282807,-2.785457,0.323679,1.294494,-2.814049,25,25,26,25,25,25,25,24,26,25,25,26
1791408786.253357,-0.050208,1.248327,-2.777890,0.048239,1.249356,-2.799959,-0.342072,1.282838,-2.785457,0.323679,1.294434,-2.814049,25,25,26,25,24,25,25,24,26,25,25,26
1791408786.273819,-0.050268,1.248296,-2.777874,0.048209,1.249356,-2.799959,-0.342072,1.282838,-2.785425,0.323710,1.294464,-2.814065,25,25,26,25,25,25,25,24,26,25,25,26
1791408786.293382,-0.050238,1.248296,-2.777890,0.048209,1.249326,-2.799959,-0.342042,1.282807,-2.785441,0.323710,1.294494,-2.814065,25,25,26,25,25,25,25,24,26,25,25,26
1791408786.313451,-0.050208,1.248296,-2.777906,0.048209,1.249326,-2.799943,-0.342072,1.282807,-2.785457,0.323649,1.294494,-2.814065,25,25,26,25,25,25,25,24,26,25,25,26
1791408786.333516,-0.050238,1.248296,-2.777906,0.048239,1.249326,-2.799959,-0.342072,1.282807,-2.785457,0.323710,1.294494,-2.814049,25,25,26,25,25,25,25,24,26,25,25,26
1791408786.353471,-0.050238,1.248296,-2.777874,0.048209,1.249326,-2.799959,-0.342072,1.282838,-2.785441,0.323710,1.294494,-2.814065,25,25,26,25,25,25,25,24,26,25,25,26
1791408786.373732,-0.050208,1.248296,-2.777874,0.048209,1.249326,-2.799959,-0.342072,1.282807,-2.785457,0.323710,1.294464,-2.814049,25,25,26,25,25,25,25,24,26,25,25,26
1791408786.393437,-0.050208,1.248296,-2.777890,0.048209,1.249295,-2.799959,-0.342072,1.282807,-2.785457,0.323710,1.294494,-2.814049,25,25,26,25,25,25,25,24,26,25,25,26
1791408786.413246,-0.050268,1.248296,-2.777890,0.048209,1.249326,-2.799959,-0.342072,1.282838,-2.785441,0.323679,1.294494,-2.814065,25,25,26,25,25,25,25,24,26,25,25,26
1791408786.433391,-0.050208,1.248266,-2.777890,0.048239,1.249326,-2.799959,-0.342072,1.282838,-2.785457,0.323679,1.294464,-2.814034,25,25,26,25,25,25,25,24,26,25,25,26
1791408786.453486,-0.050238,1.248296,-2.777890,0.048270,1.249326,-2.799959,-0.342012,1.282838,-2.785441,0.323679,1.294464,-2.814049,25,25,26,25,25,25,25,24,26,25,25,26
1791408786.473289,-0.050208,1.248266,-2.777890,0.048239,1.249326,-2.799959,-0.342072,1.282807,-2.785441,0.323710,1.294464,-2.814049,25,25,26,25,25,25,25,24,26,25,25,26
1791408786.493301,-0.050208,1.248296,-2.777906,0.048239,1.249326,-2.799974,-0.342072,1.282838,-2.785441,0.323710,1.294464,-2.814049,25,25,26,25,25,25,25,24,26,25,25,26
1791408786.513452,-0.050208,1.248327,-2.777906,0.048209,1.249326,-2.799959,-0.342072,1.282868,-2.785425,0.323679,1.294494,-2.814049,25,25,26,25,25,25,25,24,26,25,25,26
1791408786.533434,-0.050238,1.248296,-2.777890,0.048239,1.249356,-2.799959,-0.342042,1.282838,-2.785425,0.323710,1.294494,-2.814049,25,25,26,25,24,25,25,24,26,25,25,26
1791408786.553304,-0.050238,1.248296,-2.777906,0.048239,1.249295,-2.799959,-0.342072,1.282838,-2.785441,0.323710,1.294494,-2.814034,25,25,26,25,25,25,25,24,26,25,25,26
1791408786.573360,-0.050238,1.248296,-2.777906,0.048209,1.249295,-2.799959,-0.342103,1.282807,-2.785441,0.323679,1.294464,-2.814049,25,25,26,25,24,25,25,24,26,25,25,26
1791408786.593437,-0.050268,1.248266,-2.777890,0.048209,1.249326,-2.799943,-0.342012,1.282807,-2.785441,0.323710,1.294494,-2.814049,25,25,26,25,25,25,25,24,26,25,25,26
1791408786.613448,-0.050238,1.248296,-2.777890,0.048209,1.249326,-2.799959,-0.342072,1.282777,-2.785457,0.323710,1.294464,-2.814049,25,25,26,25,25,25,25,24,26,25,25,26
1791408786.633395,-0.050208,1.248296,-2.777874,0.048239,1.249326,-2.799959,-0.342103,1.282838,-2.785457,0.323649,1.294494,-2.814049,25,25,26,25,25,25,25,24,26,25,25,26
1791408786.653446,-0.050208,1.248296,-2.777890,0.048209,1.249326,-2.799959,-0.342072,1.282807,-2.785441,0.323710,1.294464,-2.814065,25,25,26,25,25,25,25,24,26,25,25,26
1791408786.673493,-0.050208,1.248236,-2.777890,0.048239,1.249326,-2.799959,-0.342072,1.282838,-2.785441,0.323740,1.294494,-2.814034,25,25,26,25,25,25,25,24,26,25,25,26
1791408786.693347,-0.050208,1.248296,-2.777890,0.048209,1.249326,-2.799959,-0.342103,1.282868,-2.785441,0.323710,1.294494,-2.814049,25,25,26,25,25,25,25,24,26,25,25,26
1791408786.713720,-0.050208,1.248266,-2.777890,0.048209,1.249356,-2.799974,-0.342072,1.282838,-2.785425,0.323679,1.294494,-2.814065,25,25,26,24,25,25,25,24,26,25,25,26
1791408786.733498,-0.050208,1.248296,-2.777874,0.048209,1.249265,-2.799974,-0.342072,1.282807,-2.785425,0.323740,1.294464,-2.814049,25,25,26,25,25,25,25,24,26,25,25,26
1791408786.753659,-0.050238,1.248266,-2.777890,0.048239,1.249356,-2.799959,-0.342103,1.282807,-2.785441,0.323679,1.294494,-2.814049,25,25,26,25,24,25,25,24,26,25,25,26
1791408786.773622,-0.050238,1.248296,-2.777890,0.048209,1.249386,-2.799943,-0.342072,1.282868,-2.785441,0.323710,1.294494,-2.814065,25,25,26,25,25,25,25,24,26,25,25,26
1791408786.793524,-0.050208,1.248296,-2.777890,0.048209,1.249356,-2.799959,-0.342103,1.282807,-2.785441,0.323649,1.294464,-2.814049,25,25,26,25,25,25,25,24,26,25,25,26
1791408786.813317,-0.050208,1.248266,-2.777890,0.048239,1.249326,-2.799943,-0.342072,1.282838,-2.785457,0.323710,1.294494,-2.814049,25,25,26,25,25,25,25,24,26,25,25,26
1791408786.833449,-0.050238,1.248266,-2.777906,0.048209,1.249295,-2.799943,-0.342103,1.282868,-2.785441,0.323710,1.294494,-2.814049,25,25,26,25,25,25,25,24,26,25,25,26
1791408786.853410,-0.050208,1.248296,-2.777890,0.048239,1.249326,-2.799959,-0.342072,1.282807,-2.785441,0.323710,1.294494,-2.814049,25,25,26,25,25,25,25,24,26,25,25,26
1791408786.873353,-0.050268,1.248296,-2.777890,0.048239,1.249326,-2.799959,-0.342042,1.282838,-2.785441,0.323679,1.294494,-2.814049,25,25,26,25,25,25,25,24,26,25,25,26
1791408786.893579,-0.050208,1.248296,-2.777874,0.048209,1.249295,-2.799959,-0.342103,1.282838,-2.785441,0.323710,1.294464,-2.814081,25,25,26,25,25,25,25,24,26,25,25,26
1791408786.913457,-0.050208,1.248266,-2.777890,0.048239,1.249326,-2.799959,-0.342042,1.282838,-2.785425,0.323679,1.294494,-2.814049,25,25,26,25,24,25,25,24,26,25,25,26
1791408786.933523,-0.050268,1.248296,-2.777890,0.048209,1.249326,-2.799959,-0.342072,1.282807,-2.785441,0.323710,1.294464,-2.814065,25,25,26,25,25,25,25,24,26,25,25,26
1791408786.953731,-0.050238,1.248266,-2.777859,0.048209,1.249356,-2.799959,-0.342072,1.282838,-2.785441,0.323710,1.294494,-2.814049,25,25,26,25,25,25,25,24,26,25,25,26
1791408786.973570,-0.050238,1.248296,-2.777906,0.048239,1.249326,-2.799959,-0.342103,1.282838,-2.785457,0.323740,1.294494,-2.814034,25,25,26,25,24,25,25,24,26,25,25,26
1791408786.993547,-0.050238,1.248266,-2.777890,0.048209,1.249356,-2.799943,-0.342103,1.282868,-2.785441,0.323679,1.294494,-2.814081,25,25,26,25,25,25,25,24,26,25,25,26
1791408787.013337,-0.050208,1.248327,-2.777890,0.048239,1.249295,-2.799974,-0.342042,1.282838,-2.785441,0.323679,1.294494,-2.814049,25,25,26,25,25,25,25,24,26,25,25,26
1791408787.033594,-0.050238,1.248296,-2.777890,0.048239,1.249356,-2.799974,-0.342103,1.282807,-2.785425,0.323679,1.294464,-2.814049,25,25,26,25,24,25,25,24,26,25,25,26
1791408787.053434,-0.050208,1.248296,-2.777906,0.048209,1.249356,-2.799974,-0.342072,1.282838,-2.785441,0.323740,1.294494,-2.814034,25,25,26,25,25,25,25,24,26,25,25,26
1791408787.073581,-0.050268,1.248296,-2.777906,0.048239,1.249356,-2.799959,-0.342103,1.282838,-2.785441,0.323710,1.294464,-2.814065,25,25,26,25,25,25,25,24,26,25,25,26
1791408787.093297,-0.050238,1.248296,-2.777874,0.048209,1.249326,-2.799974,-0.342072,1.282838,-2.785425,0.323710,1.294494,-2.814049,25,25,26,25,25,25,25,24,26,25,25,26
1791408787.113395,-0.050208,1.248357,-2.777890,0.048209,1.249356,-2.799959,-0.342103,1.282838,-2.785441,0.323710,1.294494,-2.814049,25,25,26,25,24,25,25,24,26,25,25,26
1791408787.133651,-0.050238,1.248296,-2.777874,0.048209,1.249326,-2.799974,-0.342103,1.282838,-2.785441,0.323710,1.294494,-2.814049,25,25,26,25,25,25,25,24,26,25,25,26
1791408787.153301,-0.050238,1.248296,-2.777890,0.048239,1.249326,-2.799959,-0.342072,1.282807,-2.785441,0.323710,1.294494,-2.814065,25,25,26,25,25,25,25,24,26,25,25,26
1791408787.173359,-0.050238,1.248296,-2.777890,0.048239,1.249295,-2.799943,-0.342042,1.282807,-2.785457,0.323710,1.294494,-2.814049,25,25,26,25,25,25,25,24,26,25,25,26
1791408787.193402,-0.050238,1.248327,-2.777890,0.048209,1.249326,-2.799959,-0.342072,1.282807,-2.785441,0.323679,1.294525,-2.814049,25,25,26,25,25,25,25,24,26,25,25,26
1791408787.213384,-0.050238,1.248296,-2.777890,0.048209,1.249326,-2.799959,-0.342072,1.282807,-2.785441,0.323710,1.294494,-2.814049,25,25,26,25,25,25,25,24,26,25,25,26
1791408787.233445,-0.050238,1.248296,-2.777890,0.048209,1.249326,-2.799990,-0.342103,1.282838,-2.785441,0.323679,1.294464,-2.814049,25,25,26,25,25,25,25,24,26,25,25,26
1791408787.253369,-0.050268,1.248296,-2.777890,0.048239,1.249326,-2.799959,-0.342072,1.282838,-2.785441,0.323679,1.294464,-2.814049,25,25,26,25,25,25,25,24,26,25,25,26
1791408787.273431,-0.050238,1.248296,-2.777874,0.048239,1.249356,-2.799959,-0.342072,1.282838,-2.785441,0.323679,1.294464,-2.814049,25,25,26,25,25,25,25,24,26,25,25,26
1791408787.293484,-0.050238,1.248327,-2.777890,0.048209,1.249356,-2.799959,-0.342103,1.282838,-2.785457,0.323710,1.294494,-2.814049,25,25,26,25,25,25,25,24,26,25,25,26
1791408787.313489,-0.050238,1.248266,-2.777890,0.048209,1.249356,-2.799959,-0.342103,1.282838,-2.785441,0.323710,1.294464,-2.814065,25,25,26,25,25,25,25,24,26,25,25,26
1791408787.333290,-0.050208,1.248296,-2.777906,0.048209,1.249295,-2.799974,-0.342072,1.282838,-2.785457,0.323710,1.294555,-2.814049,25,25,26,25,25,25,25,24,26,25,25,26
1791408787.353421,-0.050177,1.248296,-2.777890,0.048239,1.249356,-2.799974,-0.342072,1.282807,-2.785441,0.323679,1.294494,-2.814081,25,25,26,25,25,25,25,24,26,25,25,26
1791408787.373373,-0.050208,1.248296,-2.777890,0.048239,1.249326,-2.799974,-0.342072,1.282807,-2.785441,0.323710,1.294494,-2.814049,25,25,26,25,25,25,25,24,26,25,25,26
1791408787.393500,-0.050208,1.248296,-2.777906,0.048209,1.249326,-2.799959,-0.342072,1.282807,-2.785441,0.323710,1.294494,-2.814049,25,25,26,25,25,25,25,24,26,25,25,26
1791408787.413462,-0.050208,1.248296,-2.777890,0.048209,1.249326,-2.799959,-0.342072,1.282838,-2.785441,0.323740,1.294494,-2.814049,25,25,26,25,24,25,25,24,26,25,25,26
1791408787.433494,-0.050208,1.248327,-2.777874,0.048209,1.249326,-2.799959,-0.342072,1.282868,-2.785441,0.323740,1.294494,-2.814034,25,25,26,25,25,25,25,24,26,25,25,26
1791408787.453332,-0.050238,1.248296,-2.777890,0.048239,1.249326,-2.799959,-0.342072,1.282838,-2.785441,0.323679,1.294494,-2.814049,25,25,26,25,25,25,25,24,26,25,25,26
1791408787.473398,-0.050238,1.248296,-2.777890,0.048209,1.249326,-2.799974,-0.342072,1.282838,-2.785441,0.323710,1.294525,-2.814049,25,25,26,25,25,25,25,24,26,25,25,26
1791408787.493302,-0.050238,1.248296,-2.777890,0.048209,1.249295,-2.799959,-0.342072,1.282838,-2.785441,0.323710,1.294494,-2.814049,25,25,26,25,25,25,25,24,26,25,25,26
1791408787.513340,-0.050208,1.248266,-2.777890,0.048209,1.249326,-2.799974,-0.342103,1.282807,-2.785457,0.323710,1.294464,-2.814065,25,25,26,25,25,25,25,24,26,25,25,26
1791408787.533312,-0.050208,1.248296,-2.777890,0.048239,1.249326,-2.799974,-0.342072,1.282868,-2.785441,0.323710,1.294525,-2.814049,25,25,26,25,25,25,25,24,26,25,25,26
1791408787.553331,-0.050238,1.248296,-2.777906,0.048209,1.249326,-2.799959,-0.342072,1.282838,-2.785441,0.323679,1.294494,-2.814049,25,25,26,25,24,25,25,24,26,25,25,26
1791408787.573949,-0.050268,1.248296,-2.777906,0.048209,1.249356,-2.799959,-0.342072,1.282838,-2.785441,0.323710,1.294494,-2.814065,25,25,26,25,25,25,25,24,26,25,25,26
1791408787.593381,-0.050238,1.248296,-2.777890,0.048209,1.249356,-2.799959,-0.342103,1.282838,-2.785425,0.323679,1.294494,-2.814049,25,25,26,25,25,25,25,24,26,25,25,26
1791408787.613270,-0.050238,1.248296,-2.777874,0.048209,1.249326,-2.799974,-0.342103,1.282838,-2.785441,0.323710,1.294494,-2.814049,25,25,26,25,25,25,25,24,26,25,25,26
1791408787.633307,-0.050238,1.248296,-2.777906,0.048209,1.249326,-2.799959,-0.342072,1.282807,-2.785441,0.323679,1.294494,-2.814065,25,25,26,25,25,25,25,24,26,25,25,26
1791408787.653440,-0.050238,1.248327,-2.777890,0.048239,1.249326,-2.799974,-0.342103,1.282838,-2.785441,0.323710,1.294494,-2.814049,25,25,26,25,25,25,25,24,26,25,25,26
1791408787.673244,-0.050208,1.248296,-2.777890,0.048209,1.249326,-2.799959,-0.342072,1.282838,-2.785457,0.323710,1.294464,-2.814049,25,25,26,25,25,25,25,24,26,25,25,26
1791408787.693398,-0.050238,1.248296,-2.777890,0.048209,1.249356,-2.799990,-0.342103,1.282838,-2.785425,0.323710,1.294494,-2.814049,25,25,26,25,25,25,25,24,26,25,25,26
1791408787.713450,-0.050208,1.248296,-2.777890,0.048209,1.249356,-2.799959,-0.342103,1.282807,-2.785441,0.323710,1.294494,-2.814049,25,25,26,25,25,25,25,24,26,25,25,26
1791408787.733304,-0.050208,1.248296,-2.777922,0.048209,1.249326,-2.799974,-0.342072,1.282838,-2.785441,0.323710,1.294494,-2.814049,25,25,26,25,25,25,25,24,26,25,25,26
1791408787.753306,-0.050238,1.248296,-2.777890,0.048209,1.249356,-2.799974,-0.342103,1.282807,-2.785441,0.323710,1.294494,-2.814065,25,25,26,25,24,25,25,24,26,25,25,26
1791408787.773595,-0.050208,1.248296,-2.777890,0.048209,1.249326,-2.799974,-0.342072,1.282838,-2.785441,0.323710,1.294494,-2.814034,25,25,26,25,25,25,25,24,26,25,25,26
1791408787.793265,-0.050238,1.248296,-2.777874,0.048239,1.249356,-2.799959,-0.342103,1.282807,-2.785441,0.323740,1.294494,-2.814049,25,25,26,25,25,25,25,24,26,25,25,26
1791408787.813291,-0.050208,1.248327,-2.777906,0.048209,1.249356,-2.799959,-0.342103,1.282807,-2.785425,0.323740,1.294494,-2.814049,25,25,26,25,25,25,25,24,26,25,25,26
1791408787.833399,-0.050238,1.248327,-2.777890,0.048209,1.249356,-2.799959,-0.342072,1.282807,-2.785441,0.323710,1.294494,-2.814065,25,25,26,25,25,25,25,24,26,25,25,26
1791408787.853428,-0.050238,1.248296,-2.777906,0.048209,1.249295,-2.799974,-0.342103,1.282838,-2.785425,0.323740,1.294464,-2.814065,25,25,26,25,25,25,25,24,26,25,25,26
1791408787.873327,-0.050208,1.248266,-2.777874,0.048239,1.249326,-2.799974,-0.342103,1.282838,-2.785441,0.323740,1.294494,-2.814049,25,25,26,25,25,25,25,24,26,25,25,26
1791408787.893274,-0.050177,1.248296,-2.777890,0.048239,1.249356,-2.799959,-0.342072,1.282838,-2.785441,0.323710,1.294464,-2.814065,25,25,26,25,25,25,25,24,26,25,25,26
1791408787.913308,-0.050238,1.248327,-2.777890,0.048209,1.249356,-2.799974,-0.342103,1.282838,-2.785425,0.323710,1.294464,-2.814034,25,25,26,25,25,25,25,24,26,25,25,26
1791408787.933385,-0.050208,1.248327,-2.777874,0.048209,1.249356,-2.799959,-0.342103,1.282838,-2.785425,0.323710,1.294494,-2.814049,25,25,26,25,25,25,25,24,26,25,25,26
1791408787.953495,-0.050238,1.248327,-2.777874,0.048239,1.249326,-2.799974,-0.342103,1.282868,-2.785425,0.323740,1.294494,-2.814049,25,25,26,25,25,25,25,24,26,25,25,26
1791408787.973567,-0.050208,1.248266,-2.777890,0.048209,1.249356,-2.799974,-0.342103,1.282838,-2.785441,0.323710,1.294464,-2.814049,25,25,26,25,24,25,25,24,26,25,25,26
1791408787.993516,-0.050208,1.248296,-2.777906,0.048209,1.249326,-2.799959,-0.342072,1.282838,-2.785441,0.323740,1.294525,-2.814034,25,25,26,25,25,25,25,24,26,25,25,26
1791408788.013580,-0.050238,1.248296,-2.777874,0.048209,1.249326,-2.799959,-0.342103,1.282838,-2.785441,0.323740,1.294464,-2.814049,25,25,26,25,25,25,25,24,26,25,25,26
1791408788.033564,-0.050238,1.248266,-2.777890,0.048209,1.249326,-2.799959,-0.342103,1.282838,-2.785457,0.323710,1.294494,-2.814034,25,25,26,25,25,25,25,24,26,25,25,26
1791408788.053601,-0.050238,1.248327,-2.777890,0.048179,1.249326,-2.799959,-0.342072,1.282838,-2.785425,0.323710,1.294464,-2.814049,25,25,26,25,25,25,25,24,26,25,25,26
1791408788.073538,-0.050268,1.248296,-2.777890,0.048209,1.249326,-2.799943,-0.342103,1.282838,-2.785441,0.323710,1.294464,-2.814049,25,25,26,25,25,25,25,24,26,25,25,26
1791408788.093592,-0.050238,1.248296,-2.777890,0.048209,1.249326,-2.799959,-0.342103,1.282838,-2.785441,0.323679,1.294494,-2.814065,25,25,26,25,25,25,25,24,26,25,25,26
1791408788.113495,-0.050238,1.248296,-2.777906,0.048209,1.249326,-2.799959,-0.342072,1.282807,-2.785441,0.323740,1.294494,-2.814049,25,25,26,25,25,25,25,24,26,25,25,26
1791408788.133498,-0.050268,1.248266,-2.777906,0.048239,1.249356,-2.799959,-0.342042,1.282838,-2.785441,0.323710,1.294494,-2.814049,25,25,26,25,25,25,25,24,26,25,25,26
1791408788.153508,-0.050238,1.248296,-2.777890,0.048239,1.249386,-2.799974,-0.342103,1.282838,-2.785441,0.323740,1.294464,-2.814049,25,25,26,25,25,25,25,24,26,25,25,26
1791408788.173457,-0.050238,1.248296,-2.777906,0.048209,1.249326,-2.799959,-0.342042,1.282807,-2.785441,0.323740,1.294494,-2.814049,25,25,26,25,25,25,25,24,26,25,25,26
1791408788.193629,-0.050208,1.248296,-2.777906,0.048239,1.249326,-2.799974,-0.342103,1.282838,-2.785441,0.323710,1.294494,-2.814049,25,25,26,25,25,25,25,24,26,25,25,26
1791408788.213365,-0.050238,1.248296,-2.777906,0.048239,1.249295,-2.799974,-0.342103,1.282838,-2.785425,0.323679,1.294494,-2.814049,25,25,26,25,25,25,25,24,26,25,25,26
1791408788.233511,-0.050238,1.248327,-2.777890,0.048209,1.249326,-2.799959,-0.342103,1.282838,-2.785457,0.323679,1.294494,-2.814065,25,25,26,25,25,25,25,24,26,25,25,26
1791408788.253506,-0.050208,1.248296,-2.777874,0.048239,1.249326,-2.799959,-0.342072,1.282838,-2.785441,0.323710,1.294525,-2.814034,25,25,26,25,25,25,25,24,26,25,25,26
1791408788.273412,-0.050208,1.248296,-2.777890,0.048209,1.249356,-2.799974,-0.342103,1.282868,-2.785441,0.323710,1.294494,-2.814065,25,25,26,25,25,25,25,24,26,25,25,26
1791408788.293580,-0.050208,1.248327,-2.777890,0.048209,1.249326,-2.799959,-0.342103,1.282838,-2.785425,0.323679,1.294494,-2.814049,25,25,26,25,25,25,25,24,26,25,25,26
1791408788.313450,-0.050238,1.248327,-2.777890,0.048239,1.249326,-2.799959,-0.342072,1.282838,-2.785441,0.323710,1.294434,-2.814049,25,25,26,25,25,25,25,24,26,25,25,26
1791408788.333365,-0.050238,1.248296,-2.777890,0.048209,1.249356,-2.799959,-0.342072,1.282868,-2.785441,0.323710,1.294464,-2.814065,25,25,26,25,25,25,25,24,26,25,25,26
1791408788.355875,-0.050238,1.248266,-2.777890,0.048209,1.249326,-2.799959,-0.342072,1.282868,-2.785441,0.323710,1.294494,-2.814049,25,25,26,25,25,25,25,24,26,25,25,26
1791408788.375378,-0.050238,1.248327,-2.777906,0.048239,1.249356,-2.799943,-0.342072,1.282807,-2.785441,0.323679,1.294464,-2.814049,25,25,26,25,25,25,25,24,26,25,25,26
1791408788.395499,-0.050238,1.248296,-2.777890,0.048239,1.249295,-2.799959,-0.342103,1.282807,-2.785441,0.323710,1.294494,-2.814049,25,25,26,25,25,25,25,24,26,25,25,26
1791408788.415869,-0.050208,1.248266,-2.777874,0.048239,1.249326,-2.799974,-0.342103,1.282838,-2.785441,0.323740,1.294494,-2.814049,25,25,26,25,25,25,25,24,26,25,25,26
1791408788.435396,-0.050238,1.248296,-2.777890,0.048209,1.249326,-2.799959,-0.342072,1.282807,-2.785441,0.323740,1.294494,-2.814065,25,25,26,25,24,25,25,24,26,25,25,26
1791408788.455474,-0.050238,1.248296,-2.777874,0.048239,1.249326,-2.799959,-0.342133,1.282838,-2.785441,0.323710,1.294464,-2.814049,25,25,26,25,25,25,25,24,26,25,25,26
1791408788.475637,-0.050208,1.248296,-2.777890,0.048209,1.249265,-2.799959,-0.342103,1.282868,-2.785457,0.323710,1.294464,-2.814065,25,25,26,25,25,25,25,24,26,25,25,26
1791408788.495602,-0.050238,1.248327,-2.777890,0.048209,1.249326,-2.799959,-0.342042,1.282807,-2.785441,0.323710,1.294525,-2.814049,25,25,26,25,24,25,25,24,26,25,25,26
1791408788.515503,-0.050238,1.248266,-2.777890,0.048239,1.249326,-2.799974,-0.342103,1.282838,-2.785441,0.323679,1.294464,-2.814049,25,25,26,25,25,25,25,24,26,25,25,26
1791408788.535585,-0.050208,1.248296,-2.777906,0.048209,1.249326,-2.799959,-0.342103,1.282838,-2.785457,0.323740,1.294464,-2.814065,25,25,26,25,25,25,25,24,26,25,25,26
1791408788.555348,-0.050208,1.248327,-2.777890,0.048239,1.249356,-2.799959,-0.342103,1.282838,-2.785457,0.323710,1.294494,-2.814049,25,25,26,25,25,25,25,24,26,25,25,26
1791408788.575332,-0.050268,1.248327,-2.777890,0.048239,1.249356,-2.799959,-0.342103,1.282838,-2.785441,0.323710,1.294464,-2.814065,25,25,26,25,25,25,25,24,26,25,25,26
1791408788.595490,-0.050238,1.248296,-2.777890,0.048209,1.249356,-2.799959,-0.342133,1.282807,-2.785441,0.323710,1.294525,-2.814049,25,25,26,25,25,25,25,24,26,25,25,26
1791408788.615589,-0.050208,1.248266,-2.777906,0.048209,1.249356,-2.799974,-0.342072,1.282838,-2.785441,0.323710,1.294494,-2.814049,25,25,26,25,25,25,25,24,26,25,25,26
1791408788.635721,-0.050238,1.248266,-2.777890,0.048239,1.249356,-2.799974,-0.342103,1.282838,-2.785441,0.323740,1.294494,-2.814065,25,25,26,25,25,25,25,24,26,25,25,26
1791408788.655377,-0.050238,1.248296,-2.777890,0.048239,1.249326,-2.799959,-0.342072,1.282807,-2.785425,0.323679,1.294494,-2.814049,25,25,26,25,25,25,25,24,26,25,25,26
1791408788.675399,-0.050208,1.248327,-2.777890,0.048239,1.249356,-2.799959,-0.342103,1.282807,-2.785441,0.323710,1.294494,-2.814049,25,25,26,25,25,25,25,24,26,25,25,26
1791408788.695335,-0.050208,1.248296,-2.777890,0.048179,1.249356,-2.799990,-0.342072,1.282807,-2.785457,0.323710,1.294464,-2.814049,25,25,26,25,25,25,25,24,26,25,25,26
1791408788.715327,-0.050238,1.248296,-2.777906,0.048239,1.249295,-2.799959,-0.342072,1.282838,-2.785441,0.323770,1.294494,-2.814034,25,25,26,25,25,25,25,24,26,25,25,26
1791408788.735441,-0.050208,1.248327,-2.777906,0.048209,1.249356,-2.799959,-0.342103,1.282838,-2.785425,0.323740,1.294494,-2.814065,25,25,26,25,25,25,25,24,26,25,25,26
1791408788.755458,-0.050208,1.248327,-2.777874,0.048209,1.249356,-2.799959,-0.342103,1.282807,-2.785425,0.323710,1.294494,-2.814034,25,25,26,25,25,25,25,24,26,25,25,26
1791408788.775363,-0.050268,1.248327,-2.777874,0.048209,1.249326,-2.799959,-0.342072,1.282807,-2.785441,0.323740,1.294525,-2.814049,25,25,26,25,25,25,25,24,26,25,25,26
1791408788.795411,-0.050208,1.248327,-2.777906,0.048209,1.249326,-2.799974,-0.342103,1.282838,-2.785441,0.323740,1.294494,-2.814065,25,25,26,25,25,25,25,24,26,25,25,26
1791408788.815624,-0.050208,1.248296,-2.777890,0.048209,1.249326,-2.799959,-0.342103,1.282838,-2.785425,0.323710,1.294494,-2.814034,25,25,26,25,25,25,25,24,26,25,25,26
1791408788.835489,-0.050208,1.248266,-2.777890,0.048239,1.249326,-2.799959,-0.342103,1.282807,-2.785441,0.323740,1.294494,-2.814049,25,25,26,25,25,25,25,24,26,25,25,26
1791408788.855328,-0.050238,1.248296,-2.777890,0.048209,1.249356,-2.799974,-0.342103,1.282838,-2.785457,0.323740,1.294494,-2.814065,25,25,26,25,25,25,25,24,26,25,25,26
1791408788.875632,-0.050238,1.248266,-2.777906,0.048209,1.249356,-2.799959,-0.342072,1.282868,-2.785457,0.323710,1.294464,-2.814049,25,25,26,25,25,25,25,24,26,25,25,26
1791408788.895447,-0.050238,1.248296,-2.777906,0.048209,1.249295,-2.799974,-0.342072,1.282838,-2.785457,0.323740,1.294464,-2.814049,25,25,26,25,25,25,25,24,26,25,25,26
1791408788.915484,-0.050238,1.248296,-2.777906,0.048209,1.249356,-2.799974,-0.342103,1.282868,-2.785425,0.323710,1.294464,-2.814034,25,25,26,25,25,25,25,24,26,25,25,26
1791408788.935546,-0.050268,1.248327,-2.777890,0.048209,1.249356,-2.799974,-0.342133,1.282838,-2.785441,0.323740,1.294464,-2.814034,25,25,26,25,25,25,25,24,26,25,25,26
1791408788.955380,-0.050238,1.248266,-2.777874,0.048179,1.249326,-2.799959,-0.342103,1.282807,-2.785441,0.323710,1.294494,-2.814034,25,25,26,25,25,25,25,24,26,25,25,26
1791408788.975779,-0.050238,1.248327,-2.777874,0.048179,1.249356,-2.799959,-0.342072,1.282838,-2.785441,0.323710,1.294525,-2.814049,25,25,26,25,25,25,25,24,26,25,25,26
1791408788.995406,-0.050238,1.248327,-2.777890,0.048209,1.249356,-2.799959,-0.342103,1.282838,-2.785425,0.323710,1.294494,-2.814049,25,25,26,25,25,25,25,24,26,25,25,26
1791408789.015625,-0.050238,1.248266,-2.777874,0.048209,1.249356,-2.799974,-0.342103,1.282807,-2.785457,0.323740,1.294525,-2.814049,25,25,26,25,25,25,25,24,26,25,25,26
1791408789.035388,-0.050208,1.248327,-2.777906,0.048209,1.249295,-2.799943,-0.342072,1.282838,-2.785457,0.323710,1.294525,-2.814049,25,25,26,25,25,25,25,24,26,25,25,26
1791408789.055444,-0.050268,1.248296,-2.777890,0.048239,1.249326,-2.799959,-0.342103,1.282838,-2.785441,0.323740,1.294464,-2.814065,25,25,26,25,25,25,25,24,26,25,25,26
1791408789.075499,-0.050238,1.248296,-2.777906,0.048239,1.249326,-2.799959,-0.342133,1.282838,-2.785457,0.323740,1.294494,-2.814034,25,25,26,25,25,25,25,24,26,25,25,26
1791408789.095468,-0.050238,1.248296,-2.777906,0.048209,1.249326,-2.799959,-0.342103,1.282838,-2.785457,0.323710,1.294494,-2.814049,25,25,26,25,25,25,25,24,26,25,25,26
1791408789.115283,-0.050238,1.248327,-2.777874,0.048209,1.249326,-2.799959,-0.342103,1.282838,-2.785441,0.323710,1.294464,-2.814049,25,25,26,25,25,25,25,24,26,25,25,26
1791408789.135555,-0.050238,1.248296,-2.777874,0.048239,1.249386,-2.799959,-0.342103,1.282807,-2.785457,0.323710,1.294464,-2.814049,25,25,26,25,25,25,25,24,26,25,25,26
1791408789.155410,-0.050208,1.248327,-2.777890,0.048239,1.249326,-2.799974,-0.342103,1.282838,-2.785441,0.323710,1.294464,-2.814065,25,25,26,25,25,25,25,24,26,25,25,26
1791408789.175426,-0.050238,1.248327,-2.777890,0.048209,1.249326,-2.799959,-0.342103,1.282838,-2.785441,0.323710,1.294464,-2.814049,25,25,26,25,25,25,25,24,26,25,25,26
1791408789.195339,-0.050238,1.248296,-2.777906,0.048209,1.249356,-2.799959,-0.342133,1.282838,-2.785441,0.323740,1.294494,-2.814049,25,25,26,25,25,25,25,24,26,25,25,26
1791408789.215400,-0.050268,1.248327,-2.777906,0.048239,1.249326,-2.799974,-0.342072,1.282807,-2.785441,0.323740,1.294494,-2.814049,25,25,26,25,25,25,25,24,26,25,25,26
1791408789.235306,-0.050177,1.248266,-2.777906,0.048209,1.249356,-2.799959,-0.342072,1.282807,-2.785441,0.323740,1.294494,-2.814049,25,25,26,25,25,25,25,24,26,25,25,26
1791408789.255358,-0.050238,1.248296,-2.777874,0.048209,1.249326,-2.799959,-0.342133,1.282838,-2.785441,0.323740,1.294525,-2.814049,25,25,26,25,25,25,25,24,26,25,25,26
1791408789.275420,-0.050208,1.248296,-2.777874,0.048209,1.249356,-2.799959,-0.342133,1.282807,-2.785425,0.323710,1.294494,-2.814049,25,25,26,25,25,25,25,24,26,25,25,26
1791408789.295412,-0.050238,1.248327,-2.777906,0.048239,1.249326,-2.799974,-0.342103,1.282838,-2.785425,0.323710,1.294464,-2.814049,25,25,26,25,25,25,25,24,26,25,25,26
1791408789.315416,-0.050268,1.248327,-2.777890,0.048209,1.249326,-2.799959,-0.342133,1.282838,-2.785441,0.323710,1.294464,-2.814081,25,25,26,25,25,25,25,24,26,25,25,26
1791408789.335418,-0.050238,1.248296,-2.777890,0.048209,1.249326,-2.799974,-0.342133,1.282838,-2.785457,0.323710,1.294494,-2.814049,25,25,26,25,25,25,25,24,26,25,25,26
1791408789.355408,-0.050208,1.248327,-2.777890,0.048209,1.249326,-2.799943,-0.342103,1.282838,-2.785425,0.323710,1.294494,-2.814049,25,25,26,25,25,25,25,24,26,25,25,26
1791408789.375401,-0.050177,1.248296,-2.777890,0.048270,1.249356,-2.799959,-0.342103,1.282838,-2.785441,0.323679,1.294494,-2.814049,25,25,26,25,25,25,25,24,26,25,25,26
1791408789.395538,-0.050238,1.248296,-2.777890,0.048209,1.249356,-2.799974,-0.342103,1.282838,-2.785425,0.323740,1.294494,-2.814065,25,25,26,25,25,25,25,24,26,25,25,26
1791408789.415338,-0.050208,1.248327,-2.777874,0.048209,1.249356,-2.799974,-0.342103,1.282838,-2.785425,0.323740,1.294494,-2.814065,25,25,26,25,25,25,25,24,26,25,25,26
1791408789.435278,-0.050208,1.248296,-2.777874,0.048209,1.249356,-2.799974,-0.342103,1.282868,-2.785457,0.323740,1.294494,-2.814065,25,25,26,25,25,25,25,24,26,25,25,26
1791408789.455300,-0.050208,1.248296,-2.777906,0.048209,1.249295,-2.799959,-0.342133,1.282838,-2.785441,0.323740,1.294494,-2.814065,25,25,26,25,25,25,25,24,26,25,25,26
1791408789.475429,-0.050208,1.248327,-2.777890,0.048239,1.249295,-2.799990,-0.342133,1.282838,-2.785457,0.323710,1.294494,-2.814049,25,25,26,25,25,25,25,24,26,25,25,26
1791408789.495367,-0.050238,1.248296,-2.777890,0.048209,1.249356,-2.799959,-0.342133,1.282838,-2.785425,0.323710,1.294525,-2.814049,25,25,26,25,25,25,25,24,26,25,25,26
1791408789.515445,-0.050238,1.248296,-2.777890,0.048209,1.249356,-2.799959,-0.342133,1.282838,-2.785425,0.323740,1.294494,-2.814065,25,25,26,25,25,25,25,24,26,25,25,26
1791408789.535327,-0.050238,1.248296,-2.777874,0.048179,1.249326,-2.799974,-0.342133,1.282868,-2.785457,0.323710,1.294494,-2.814065,25,25,26,25,25,25,25,24,26,25,25,26
1791408789.555331,-0.050238,1.248296,-2.777890,0.048209,1.249326,-2.799959,-0.342103,1.282807,-2.785425,0.323710,1.294494,-2.814065,25,25,26,25,25,25,25,24,26,25,25,26
1791408789.575409,-0.050268,1.248327,-2.777906,0.048270,1.249326,-2.799959,-0.342133,1.282838,-2.785457,0.323710,1.294494,-2.814049,25,25,26,25,25,25,25,24,26,25,25,26
1791408789.595392,-0.050238,1.248296,-2.777890,0.048239,1.249326,-2.799974,-0.342133,1.282807,-2.785441,0.323740,1.294494,-2.814049,25,25,26,25,25,25,25,24,26,25,25,26
1791408789.615753,-0.050238,1.248327,-2.777906,0.048209,1.249326,-2.799959,-0.342133,1.282838,-2.785441,0.323740,1.294464,-2.814049,25,25,26,25,25,25,25,24,26,25,25,26
1791408789.635350,-0.050238,1.248327,-2.777874,0.048239,1.249326,-2.799974,-0.342103,1.282807,-2.785441,0.323740,1.294494,-2.814034,25,25,26,25,25,25,25,24,26,25,25,26
1791408789.655295,-0.050208,1.248266,-2.777890,0.048239,1.249356,-2.799943,-0.342133,1.282838,-2.785441,0.323740,1.294494,-2.814049,25,25,26,25,25,25,25,24,26,25,25,26
1791408789.675412,-0.050238,1.248296,-2.777906,0.048209,1.249356,-2.799959,-0.342133,1.282838,-2.785441,0.323740,1.294494,-2.814065,25,25,26,25,25,25,25,24,26,25,25,26
1791408789.695469,-0.050208,1.248296,-2.777890,0.048239,1.249295,-2.799959,-0.342103,1.282807,-2.785441,0.323710,1.294494,-2.814065,25,25,26,25,25,25,25,24,26,25,25,26
1791408789.715364,-0.050238,1.248266,-2.777890,0.048209,1.249326,-2.799974,-0.342103,1.282838,-2.785425,0.323679,1.294494,-2.814065,25,25,26,25,25,25,25,24,26,25,25,26
1791408789.735240,-0.050208,1.248296,-2.777874,0.048239,1.249326,-2.799959,-0.342133,1.282838,-2.785441,0.323740,1.294464,-2.814065,25,25,26,25,25,25,25,24,26,25,25,26
1791408789.755344,-0.050208,1.248296,-2.777890,0.048209,1.249295,-2.799959,-0.342103,1.282838,-2.785441,0.323740,1.294464,-2.814034,25,25,26,25,25,25,25,24,26,25,25,26
1791408789.775287,-0.050238,1.248296,-2.777890,0.048209,1.249326,-2.799974,-0.342133,1.282868,-2.785457,0.323740,1.294525,-2.814065,25,25,26,25,25,25,25,24,26,25,25,26
1791408789.795339,-0.050238,1.248266,-2.777890,0.048209,1.249326,-2.799943,-0.342103,1.282838,-2.785441,0.323740,1.294464,-2.814049,25,25,26,25,25,25,25,24,26,25,25,26
1791408789.815340,-0.050238,1.248296,-2.777890,0.048209,1.249356,-2.799959,-0.342103,1.282807,-2.785425,0.323740,1.294464,-2.814049,25,25,26,25,25,25,25,24,26,25,25,26
1791408789.835291,-0.050208,1.248296,-2.777890,0.048209,1.249356,-2.799943,-0.342163,1.282838,-2.785457,0.323710,1.294494,-2.814049,25,25,26,25,25,25,25,24,26,25,25,26
1791408789.855380,-0.050238,1.248296,-2.777874,0.048209,1.249295,-2.799974,-0.342133,1.282807,-2.785441,0.323740,1.294494,-2.814065,25,25,26,25,25,25,25,24,26,25,25,26
1791408789.875507,-0.050177,1.248266,-2.777890,0.048209,1.249356,-2.799974,-0.342163,1.282807,-2.785457,0.323710,1.294494,-2.814049,25,25,26,25,25,25,25,24,26,25,25,26
1791408789.895345,-0.050177,1.248327,-2.777890,0.048209,1.249326,-2.799959,-0.342133,1.282838,-2.785457,0.323740,1.294494,-2.814049,25,25,26,25,25,25,25,24,26,25,25,26
1791408789.915438,-0.050238,1.248296,-2.777890,0.048209,1.249356,-2.799974,-0.342133,1.282838,-2.785441,0.323710,1.294464,-2.814065,25,25,26,25,25,25,25,24,26,25,25,26
1791408789.935463,-0.050238,1.248327,-2.777890,0.048239,1.249326,-2.799943,-0.342163,1.282838,-2.785425,0.323740,1.294494,-2.814049,25,25,26,25,25,25,25,24,26,25,25,26
1791408789.955293,-0.050208,1.248266,-2.777890,0.048209,1.249356,-2.799959,-0.342133,1.282838,-2.785457,0.323710,1.294494,-2.814049,25,25,26,25,25,25,25,24,26,25,25,26
1791408789.975338,-0.050208,1.248296,-2.777890,0.048209,1.249356,-2.799959,-0.342133,1.282838,-2.785441,0.323740,1.294494,-2.814049,25,25,26,25,25,25,25,24,26,25,25,26
1791408789.995488,-0.050268,1.248296,-2.777890,0.048239,1.249326,-2.799959,-0.342133,1.282838,-2.785425,0.323679,1.294464,-2.814049,25,25,26,25,25,25,25,24,26,25,25,26
1791408790.015535,-0.050208,1.248296,-2.777890,0.048209,1.249356,-2.799959,-0.342133,1.282838,-2.785457,0.323740,1.294494,-2.814049,25,25,26,25,25,25,25,24,26,25,25,26
1791408790.035406,-0.050238,1.248266,-2.777890,0.048239,1.249326,-2.799959,-0.342133,1.282838,-2.785441,0.323740,1.294494,-2.814065,25,25,26,25,25,25,25,24,26,25,25,26
1791408790.055480,-0.050238,1.248296,-2.777890,0.048209,1.249326,-2.799959,-0.342133,1.282838,-2.785457,0.323740,1.294464,-2.814065,25,25,26,25,25,25,25,24,26,25,25,26
1791408790.075483,-0.050208,1.248327,-2.777890,0.048179,1.249326,-2.799974,-0.342133,1.282807,-2.785441,0.323710,1.294464,-2.814065,25,25,26,25,25,25,25,24,26,25,25,26
1791408790.095464,-0.050238,1.248296,-2.777890,0.048179,1.249356,-2.799959,-0.342133,1.282838,-2.785441,0.323710,1.294494,-2.814065,25,25,26,25,25,25,25,24,26,25,25,26
1791408790.115400,-0.050238,1.248296,-2.777906,0.048239,1.249356,-2.799974,-0.342133,1.282807,-2.785425,0.323740,1.294464,-2.814049,25,25,26,25,25,25,25,24,26,25,25,26
1791408790.135341,-0.050238,1.248327,-2.777906,0.048209,1.249356,-2.799974,-0.342133,1.282807,-2.785441,0.323740,1.294494,-2.814049,25,25,26,25,25,25,25,24,26,25,25,26
1791408790.155316,-0.050268,1.248296,-2.777890,0.048179,1.249326,-2.799990,-0.342133,1.282838,-2.785441,0.323740,1.294494,-2.814049,25,25,26,25,25,25,25,24,26,25,25,26
1791408790.175403,-0.050208,1.248296,-2.777906,0.048209,1.249326,-2.799959,-0.342133,1.282868,-2.785425,0.323740,1.294494,-2.814049,25,25,26,25,25,25,25,24,26,25,25,26
1791408790.195492,-0.050208,1.248327,-2.777890,0.048209,1.249326,-2.799974,-0.342133,1.282868,-2.785441,0.323740,1.294464,-2.814049,25,25,26,25,25,25,25,24,26,25,25,26
1791408790.215434,-0.050268,1.248266,-2.777906,0.048239,1.249356,-2.799959,-0.342133,1.282838,-2.785441,0.323740,1.294494,-2.814049,25,25,26,25,25,25,25,24,26,25,25,26
1791408790.235430,-0.050238,1.248327,-2.777890,0.048209,1.249356,-2.799974,-0.342133,1.282838,-2.785441,0.323770,1.294464,-2.814065,25,25,26,25,25,25,25,24,26,25,25,26
1791408790.255532,-0.050268,1.248357,-2.777906,0.048239,1.249326,-2.799974,-0.342133,1.282838,-2.785441,0.323710,1.294494,-2.814049,25,25,26,25,25,25,25,24,26,25,25,26
1791408790.275476,-0.050208,1.248327,-2.777906,0.048209,1.249295,-2.799959,-0.342163,1.282838,-2.785441,0.323740,1.294494,-2.814049,25,25,26,25,25,25,25,24,26,25,25,26
1791408790.295346,-0.050208,1.248327,-2.777890,0.048239,1.249326,-2.799974,-0.342133,1.282838,-2.785441,0.323740,1.294464,-2.814065,25,25,26,25,25,25,25,24,26,25,25,26
1791408790.315403,-0.050238,1.248327,-2.777890,0.048270,1.249326,-2.799959,-0.342103,1.282838,-2.785457,0.323710,1.294494,-2.814065,25,25,26,25,25,25,25,24,26,25,25,26
1791408790.335351,-0.050268,1.248327,-2.777906,0.048239,1.249326,-2.799959,-0.342103,1.282838,-2.785425,0.323740,1.294494,-2.814065,25,25,26,25,25,25,25,24,26,25,25,26
1791408790.355513,-0.050238,1.248296,-2.777906,0.048270,1.249326,-2.799974,-0.342133,1.282838,-2.785425,0.323710,1.294525,-2.814049,25,25,26,25,25,25,25,24,26,25,25,26
1791408790.375648,-0.050208,1.248266,-2.777890,0.048209,1.249356,-2.799974,-0.342133,1.282807,-2.785457,0.323710,1.294494,-2.814034,25,25,26,25,25,25,25,24,26,25,25,26
1791408790.395367,-0.050238,1.248296,-2.777890,0.048239,1.249326,-2.799943,-0.342103,1.282868,-2.785441,0.323710,1.294494,-2.814049,25,25,26,25,25,25,25,24,26,25,25,26
1791408790.415712,-0.050268,1.248357,-2.777906,0.048239,1.249326,-2.799974,-0.342103,1.282838,-2.785441,0.323740,1.294494,-2.814049,25,25,26,25,25,25,25,24,26,25,25,26
1791408790.435606,-0.050238,1.248296,-2.777890,0.048239,1.249356,-2.799959,-0.342103,1.282807,-2.785441,0.323710,1.294525,-2.814065,25,25,26,25,25,25,25,24,26,25,25,26
1791408790.455675,-0.050208,1.248327,-2.777890,0.048209,1.249326,-2.799959,-0.342133,1.282838,-2.785425,0.323740,1.294464,-2.814065,25,25,26,25,25,25,25,24,26,25,25,26
1791408790.475439,-0.050208,1.248296,-2.777906,0.048209,1.249326,-2.799943,-0.342163,1.282838,-2.785441,0.323740,1.294494,-2.814049,25,25,26,25,25,25,25,24,26,25,25,26
1791408790.495537,-0.050208,1.248327,-2.777890,0.048239,1.249295,-2.799959,-0.342133,1.282838,-2.785441,0.323740,1.294464,-2.814065,25,25,26,25,25,25,25,24,26,25,25,26
1791408790.515357,-0.050238,1.248296,-2.777890,0.048239,1.249295,-2.799959,-0.342103,1.282838,-2.785425,0.323710,1.294464,-2.814065,25,25,26,25,25,25,25,24,26,25,25,26
1791408790.535495,-0.050238,1.248327,-2.777874,0.048239,1.249356,-2.799974,-0.342103,1.282868,-2.785457,0.323710,1.294525,-2.814065,25,25,26,25,25,25,25,24,26,25,25,26
1791408790.555426,-0.050238,1.248296,-2.777890,0.048209,1.249326,-2.799974,-0.342133,1.282868,-2.785441,0.323710,1.294494,-2.814065,25,25,26,25,25,25,25,24,26,25,25,26
1791408790.575387,-0.050238,1.248266,-2.777890,0.048209,1.249326,-2.799959,-0.342133,1.282838,-2.785425,0.323740,1.294494,-2.814049,25,25,26,25,25,25,25,24,26,25,25,26
1791408790.595428,-0.050208,1.248296,-2.777890,0.048239,1.249356,-2.799943,-0.342163,1.282838,-2.785441,0.323710,1.294494,-2.814065,25,25,26,25,25,25,25,24,26,25,25,26
1791408790.615430,-0.050208,1.248296,-2.777906,0.048209,1.249356,-2.799959,-0.342133,1.282868,-2.785441,0.323740,1.294494,-2.814065,25,25,26,25,25,25,25,24,26,25,25,26
1791408790.635489,-0.050238,1.248296,-2.777890,0.048239,1.249326,-2.799974,-0.342103,1.282838,-2.785441,0.323710,1.294525,-2.814049,25,25,26,25,25,25,25,24,26,25,25,26
1791408790.655356,-0.050268,1.248266,-2.777890,0.048239,1.249326,-2.799959,-0.342133,1.282868,-2.785457,0.323740,1.294494,-2.814065,25,25,26,25,25,25,25,24,26,25,25,26
1791408790.675310,-0.050238,1.248327,-2.777874,0.048239,1.249295,-2.799974,-0.342163,1.282868,-2.785441,0.323740,1.294464,-2.814049,25,25,26,25,25,25,25,24,26,25,25,26
1791408790.695463,-0.050238,1.248296,-2.777890,0.048209,1.249356,-2.799974,-0.342133,1.282807,-2.785425,0.323770,1.294494,-2.814049,25,25,26,25,25,25,25,24,26,25,25,26
1791408790.715341,-0.050208,1.248327,-2.777874,0.048239,1.249356,-2.799959,-0.342133,1.282868,-2.785457,0.323710,1.294464,-2.814049,25,25,26,25,25,25,25,24,26,25,25,26
1791408790.735535,-0.050238,1.248296,-2.777906,0.048239,1.249295,-2.799959,-0.342133,1.282807,-2.785441,0.323679,1.294494,-2.814049,25,25,26,25,25,25,25,24,26,25,25,26
1791408790.755765,-0.050208,1.248327,-2.777890,0.048209,1.249356,-2.799959,-0.342133,1.282868,-2.785457,0.323710,1.294494,-2.814065,25,25,26,25,25,25,25,24,26,25,25,26
1791408790.775324,-0.050238,1.248296,-2.777906,0.048209,1.249356,-2.799974,-0.342103,1.282807,-2.785441,0.323740,1.294494,-2.814049,25,25,26,25,25,25,25,24,26,25,25,26
1791408790.795316,-0.050208,1.248327,-2.777874,0.048239,1.249326,-2.799943,-0.342103,1.282838,-2.785441,0.323740,1.294464,-2.814049,25,25,26,25,25,25,25,24,26,25,25,26
1791408790.815360,-0.050268,1.248266,-2.777890,0.048239,1.249356,-2.799959,-0.342133,1.282868,-2.785441,0.323740,1.294494,-2.814049,25,25,26,25,25,25,25,24,26,25,25,26
1791408790.835462,-0.050268,1.248266,-2.777890,0.048209,1.249356,-2.799959,-0.342133,1.282838,-2.785441,0.323740,1.294494,-2.814049,25,25,26,25,25,25,25,24,26,25,25,26
1791408790.855461,-0.050208,1.248296,-2.777906,0.048209,1.249326,-2.799959,-0.342163,1.282868,-2.785425,0.323740,1.294494,-2.814049,25,25,26,25,25,25,25,24,26,25,25,26
1791408790.875315,-0.050238,1.248296,-2.777890,0.048209,1.249326,-2.799974,-0.342133,1.282838,-2.785441,0.323710,1.294494,-2.814065,25,25,26,25,25,25,25,24,26,25,25,26
1791408790.895397,-0.050238,1.248296,-2.777890,0.048209,1.249295,-2.799959,-0.342133,1.282898,-2.785441,0.323740,1.294494,-2.814049,25,25,26,25,25,25,25,24,26,25,25,26
1791408790.915576,-0.050238,1.248327,-2.777906,0.048239,1.249356,-2.799959,-0.342103,1.282868,-2.785425,0.323740,1.294494,-2.814049,25,25,26,25,25,25,25,24,26,25,25,26
1791408790.935685,-0.050238,1.248296,-2.777874,0.048239,1.249356,-2.799959,-0.342133,1.282838,-2.785441,0.323740,1.294525,-2.814049,25,25,26,25,25,25,25,24,26,25,25,26
1791408790.955412,-0.050238,1.248327,-2.777890,0.048239,1.249356,-2.799959,-0.342133,1.282838,-2.785457,0.323740,1.294525,-2.814034,25,25,26,25,25,25,25,24,26,25,25,26
1791408790.975460,-0.050177,1.248296,-2.777890,0.048209,1.249356,-2.799974,-0.342133,1.282868,-2.785425,0.323740,1.294494,-2.814049,25,25,26,25,25,25,25,24,26,25,25,26
1791408790.995840,-0.050268,1.248296,-2.777890,0.048239,1.249326,-2.799959,-0.342163,1.282838,-2.785441,0.323710,1.294464,-2.814049,25,25,26,25,25,25,25,24,26,25,25,26
1791408791.015497,-0.050238,1.248296,-2.777906,0.048239,1.249326,-2.799959,-0.342133,1.282868,-2.785441,0.323740,1.294494,-2.814049,25,25,26,25,25,25,25,24,26,25,25,26
1791408791.035395,-0.050208,1.248327,-2.777890,0.048209,1.249326,-2.799943,-0.342163,1.282868,-2.785441,0.323740,1.294494,-2.814049,25,25,26,25,25,25,25,24,26,25,25,26
1791408791.055565,-0.050238,1.248266,-2.777906,0.048209,1.249326,-2.799974,-0.342163,1.282838,-2.785441,0.323740,1.294464,-2.814049,25,25,26,25,25,25,25,24,26,25,25,26
1791408791.075371,-0.050238,1.248296,-2.777890,0.048209,1.249326,-2.799959,-0.342163,1.282838,-2.785425,0.323740,1.294494,-2.814049,25,25,26,25,25,25,25,24,26,25,25,26
1791408791.095403,-0.050238,1.248327,-2.777890,0.048209,1.249326,-2.799959,-0.342133,1.282838,-2.785425,0.323740,1.294525,-2.814049,25,25,26,25,25,25,25,24,26,25,25,26
1791408791.115338,-0.050238,1.248327,-2.777906,0.048179,1.249356,-2.799959,-0.342133,1.282868,-2.785457,0.323770,1.294464,-2.814049,25,25,26,25,25,25,25,24,26,25,25,26
1791408791.135540,-0.050208,1.248296,-2.777890,0.048209,1.249326,-2.799974,-0.342163,1.282838,-2.785457,0.323710,1.294494,-2.814049,25,25,26,25,25,25,25,24,26,25,25,26
1791408791.155464,-0.050208,1.248327,-2.777890,0.048209,1.249326,-2.799974,-0.342133,1.282838,-2.785441,0.323740,1.294464,-2.814034,25,25,26,25,25,25,25,24,26,25,25,26
1791408791.175644,-0.050208,1.248296,-2.777874,0.048209,1.249326,-2.799959,-0.342133,1.282838,-2.785441,0.323740,1.294494,-2.814065,25,25,26,25,25,25,25,24,26,25,25,26
1791408791.195444,-0.050208,1.248296,-2.777890,0.048239,1.249326,-2.799990,-0.342133,1.282838,-2.785457,0.323740,1.294494,-2.814049,25,25,26,25,25,25,25,24,26,25,25,26
1791408791.215879,-0.050208,1.248327,-2.777890,0.048209,1.249295,-2.799959,-0.342133,1.282838,-2.785425,0.323740,1.294494,-2.814049,25,25,26,25,25,25,25,24,26,25,25,26
1791408791.235423,-0.050238,1.248296,-2.777906,0.048209,1.249295,-2.799943,-0.342133,1.282868,-2.785425,0.323679,1.294494,-2.814049,25,25,26,25,25,25,25,24,26,25,25,26
1791408791.255417,-0.050238,1.248327,-2.777906,0.048209,1.249326,-2.799974,-0.342133,1.282838,-2.785441,0.323740,1.294464,-2.814049,25,25,26,25,25,25,25,24,26,25,25,26
1791408791.275845,-0.050238,1.248296,-2.777890,0.048209,1.249356,-2.799959,-0.342133,1.282838,-2.785441,0.323740,1.294464,-2.814034,25,25,26,25,25,25,25,24,26,25,25,26
1791408791.295515,-0.050268,1.248327,-2.777874,0.048209,1.249295,-2.799959,-0.342133,1.282868,-2.785441,0.323740,1.294464,-2.814049,25,25,26,25,25,25,25,24,26,25,25,26
1791408791.315661,-0.050238,1.248327,-2.777890,0.048270,1.249326,-2.799974,-0.342163,1.282807,-2.785425,0.323740,1.294464,-2.814065,25,25,26,25,25,25,25,24,26,25,25,26
1791408791.335561,-0.050208,1.248296,-2.777874,0.048209,1.249356,-2.799959,-0.342163,1.282838,-2.785441,0.323710,1.294494,-2.814049,25,25,26,25,25,25,25,24,26,25,25,26
1791408791.355382,-0.050208,1.248327,-2.777890,0.048239,1.249295,-2.799974,-0.342163,1.282868,-2.785457,0.323710,1.294464,-2.814049,25,25,26,25,25,25,25,24,26,25,25,26
1791408791.375563,-0.050177,1.248296,-2.777906,0.048209,1.249356,-2.799959,-0.342163,1.282838,-2.785425,0.323740,1.294494,-2.814034,25,25,26,25,25,25,25,24,26,25,25,26
1791408791.395570,-0.050208,1.248327,-2.777890,0.048209,1.249295,-2.799959,-0.342163,1.282838,-2.785441,0.323740,1.294494,-2.814034,25,25,26,25,25,25,25,24,26,25,25,26
1791408791.415473,-0.050177,1.248296,-2.777890,0.048239,1.249356,-2.799959,-0.342133,1.282838,-2.785441,0.323710,1.294494,-2.814065,25,25,26,25,25,25,25,24,26,25,25,26
1791408791.435450,-0.050177,1.248266,-2.777874,0.048239,1.249295,-2.799974,-0.342163,1.282838,-2.785441,0.323710,1.294494,-2.814065,25,25,26,25,25,25,25,24,26,25,25,26
1791408791.456105,-0.050238,1.248296,-2.777874,0.048239,1.249356,-2.799959,-0.342163,1.282838,-2.785425,0.323740,1.294464,-2.814065,25,25,26,25,25,25,25,24,26,25,25,26
1791408791.475515,-0.050208,1.248327,-2.777890,0.048239,1.249326,-2.799959,-0.342133,1.282868,-2.785425,0.323740,1.294464,-2.814065,25,25,26,25,25,25,25,24,26,25,25,26
1791408791.495976,-0.050208,1.248327,-2.777890,0.048209,1.249356,-2.799974,-0.342163,1.282838,-2.785441,0.323740,1.294494,-2.814065,25,25,26,25,25,25,25,24,26,25,25,26
1791408791.515742,-0.050208,1.248296,-2.777890,0.048209,1.249356,-2.799959,-0.342193,1.282838,-2.785441,0.323740,1.294494,-2.814065,25,25,26,25,25,25,25,24,26,25,25,26
1791408791.535729,-0.050208,1.248296,-2.777890,0.048239,1.249326,-2.799974,-0.342133,1.282838,-2.785441,0.323710,1.294464,-2.814081,25,25,26,25,25,25,25,24,26,25,25,26
1791408791.555694,-0.050208,1.248296,-2.777906,0.048209,1.249326,-2.799974,-0.342193,1.282838,-2.785425,0.323740,1.294494,-2.814065,25,25,26,25,25,25,25,24,26,25,25,26
1791408791.575315,-0.050268,1.248296,-2.777890,0.048209,1.249295,-2.799974,-0.342163,1.282838,-2.785425,0.323740,1.294494,-2.814049,25,25,26,25,25,25,25,24,26,25,25,26
1791408791.595432,-0.050208,1.248327,-2.777906,0.048209,1.249386,-2.799974,-0.342163,1.282838,-2.785441,0.323740,1.294494,-2.814049,25,25,26,25,25,25,25,24,26,25,25,26
1791408791.615650,-0.050238,1.248327,-2.777906,0.048239,1.249356,-2.799959,-0.342163,1.282838,-2.785457,0.323740,1.294494,-2.814034,25,25,26,25,25,25,25,24,26,25,25,26
1791408791.635660,-0.050238,1.248327,-2.777890,0.048209,1.249326,-2.799959,-0.342163,1.282838,-2.785441,0.323740,1.294525,-2.814034,25,25,26,25,25,25,25,24,26,25,25,26
1791408791.655529,-0.050177,1.248327,-2.777890,0.048239,1.249295,-2.799959,-0.342163,1.282868,-2.785441,0.323710,1.294494,-2.814065,25,25,26,25,25,25,25,24,26,25,25,26
1791408791.675492,-0.050208,1.248296,-2.777906,0.048209,1.249356,-2.799974,-0.342133,1.282807,-2.785441,0.323770,1.294494,-2.814049,25,25,26,25,25,25,25,24,26,25,25,26
1791408791.695542,-0.050177,1.248296,-2.777890,0.048209,1.249356,-2.799943,-0.342163,1.282838,-2.785441,0.323740,1.294494,-2.814034,25,25,26,25,25,25,25,24,26,25,25,26
1791408791.715409,-0.050238,1.248296,-2.777874,0.048209,1.249326,-2.799959,-0.342133,1.282838,-2.785457,0.323740,1.294494,-2.814049,25,25,26,25,25,25,25,24,26,25,25,26
1791408791.735585,-0.050238,1.248296,-2.777890,0.048239,1.249295,-2.799974,-0.342163,1.282868,-2.785457,0.323740,1.294494,-2.814049,25,25,26,25,25,25,25,24,26,25,25,26
1791408791.755573,-0.050208,1.248266,-2.777906,0.048209,1.249295,-2.799974,-0.342133,1.282898,-2.785425,0.323770,1.294494,-2.814049,25,25,26,25,25,25,25,24,26,25,25,26
1791408791.775504,-0.050238,1.248266,-2.777890,0.048239,1.249326,-2.799974,-0.342133,1.282838,-2.785441,0.323710,1.294525,-2.814049,25,25,26,25,25,25,25,24,26,25,25,26
1791408791.795940,-0.050208,1.248296,-2.777890,0.048209,1.249356,-2.799959,-0.342163,1.282838,-2.785441,0.323740,1.294464,-2.814049,25,25,26,25,25,25,25,24,26,25,25,26
1791408791.815606,-0.050208,1.248327,-2.777906,0.048209,1.249326,-2.799959,-0.342163,1.282807,-2.785441,0.323740,1.294494,-2.814049,25,25,26,25,25,25,25,24,26,25,25,26
1791408791.835575,-0.050238,1.248327,-2.777874,0.048209,1.249356,-2.799959,-0.342133,1.282838,-2.785441,0.323770,1.294494,-2.814065,25,25,26,25,25,25,25,24,26,25,25,26
1791408791.855892,-0.050208,1.248327,-2.777906,0.048209,1.249326,-2.799959,-0.342133,1.282838,-2.785441,0.323740,1.294494,-2.814049,25,25,26,25,25,25,25,24,26,25,25,26
1791408791.875484,-0.050208,1.248327,-2.777874,0.048239,1.249356,-2.799959,-0.342133,1.282807,-2.785441,0.323740,1.294494,-2.814049,25,25,26,25,25,25,25,24,26,25,25,26
1791408791.895443,-0.050177,1.248296,-2.777890,0.048209,1.249326,-2.799959,-0.342163,1.282868,-2.785441,0.323710,1.294494,-2.814049,25,25,26,25,25,25,25,24,26,25,25,26
1791408791.915456,-0.050238,1.248296,-2.777906,0.048209,1.249326,-2.799974,-0.342163,1.282838,-2.785441,0.323710,1.294494,-2.814034,25,25,26,25,25,25,25,24,26,25,25,26
1791408791.935601,-0.050208,1.248327,-2.777890,0.048239,1.249326,-2.799943,-0.342133,1.282838,-2.785425,0.323710,1.294464,-2.814049,25,25,26,25,25,25,25,24,26,25,25,26
1791408791.955459,-0.050238,1.248296,-2.777890,0.048239,1.249326,-2.799974,-0.342133,1.282868,-2.785425,0.323740,1.294464,-2.814049,25,25,26,25,25,25,25,24,26,25,25,26
1791408791.975520,-0.050238,1.248327,-2.777890,0.048209,1.249326,-2.799959,-0.342133,1.282868,-2.785441,0.323710,1.294494,-2.814049,25,25,26,25,25,25,25,24,26,25,25,26
1791408791.995617,-0.050238,1.248327,-2.777890,0.048209,1.249356,-2.799990,-0.342163,1.282838,-2.785441,0.323740,1.294494,-2.814049,25,25,26,25,25,25,25,24,26,25,25,26
1791408792.015498,-0.050208,1.248296,-2.777890,0.048209,1.249356,-2.799974,-0.342163,1.282838,-2.785441,0.323770,1.294464,-2.814049,25,25,26,25,25,25,25,24,26,25,25,26
1791408792.035617,-0.050238,1.248327,-2.777906,0.048209,1.249356,-2.799959,-0.342133,1.282838,-2.785425,0.323710,1.294494,-2.814065,25,25,26,25,25,25,25,24,26,25,25,26
1791408792.055802,-0.050208,1.248296,-2.777890,0.048239,1.249356,-2.799959,-0.342163,1.282868,-2.785441,0.323740,1.294464,-2.814049,25,25,26,25,25,25,25,24,26,25,25,26
1791408792.075560,-0.050238,1.248296,-2.777890,0.048239,1.249356,-2.799974,-0.342133,1.282838,-2.785441,0.323740,1.294464,-2.814049,25,25,26,25,25,25,25,24,26,25,25,26
1791408792.095356,-0.050238,1.248296,-2.777906,0.048209,1.249356,-2.799974,-0.342133,1.282838,-2.785441,0.323740,1.294464,-2.814049,25,25,26,25,25,25,25,24,26,25,25,26
1791408792.115433,-0.050208,1.248266,-2.777906,0.048239,1.249326,-2.799974,-0.342133,1.282868,-2.785441,0.323710,1.294525,-2.814065,25,25,26,25,25,25,25,24,26,25,25,26
1791408792.135582,-0.050238,1.248296,-2.777874,0.048239,1.249356,-2.799974,-0.342133,1.282807,-2.785441,0.323710,1.294494,-2.814049,25,25,26,25,25,25,25,24,26,25,25,26
1791408792.155472,-0.050208,1.248296,-2.777890,0.048239,1.249326,-2.799974,-0.342103,1.282838,-2.785441,0.323740,1.294525,-2.814049,25,25,26,25,25,25,25,24,26,25,25,26
1791408792.175435,-0.050238,1.248296,-2.777890,0.048239,1.249356,-2.799974,-0.342133,1.282838,-2.785441,0.323770,1.294464,-2.814065,25,25,26,25,25,25,25,24,26,25,25,26
1791408792.195466,-0.050208,1.248296,-2.777890,0.048209,1.249356,-2.799959,-0.342133,1.282807,-2.785441,0.323740,1.294494,-2.814049,25,25,26,25,25,25,25,24,26,25,25,26
1791408792.215482,-0.050238,1.248327,-2.777874,0.048239,1.249326,-2.799959,-0.342133,1.282838,-2.785441,0.323710,1.294494,-2.814049,25,25,26,25,25,25,25,24,26,25,25,26
1791408792.235483,-0.050208,1.248327,-2.777906,0.048209,1.249356,-2.799959,-0.342193,1.282838,-2.785441,0.323740,1.294525,-2.814049,25,25,26,25,25,25,25,24,26,25,25,26
1791408792.255567,-0.050208,1.248327,-2.777890,0.048239,1.249326,-2.799943,-0.342163,1.282838,-2.785441,0.323710,1.294494,-2.814049,25,25,26,25,25,25,25,24,26,25,25,26
1791408792.275447,-0.050238,1.248296,-2.777890,0.048209,1.249356,-2.799959,-0.342163,1.282838,-2.785457,0.323710,1.294494,-2.814065,25,25,26,25,25,25,25,24,26,25,25,26
1791408792.295430,-0.050208,1.248296,-2.777890,0.048209,1.249356,-2.799959,-0.342133,1.282838,-2.785441,0.323740,1.294464,-2.814065,25,25,26,25,25,25,25,24,26,25,25,26
1791408792.315533,-0.050208,1.248296,-2.777906,0.048209,1.249326,-2.799943,-0.342133,1.282838,-2.785457,0.323740,1.294494,-2.814034,25,25,26,25,25,25,25,24,26,25,25,26
1791408792.335588,-0.050238,1.248357,-2.777890,0.048239,1.249356,-2.799974,-0.342193,1.282868,-2.785441,0.323740,1.294494,-2.814065,25,25,26,25,25,25,25,24,26,25,25,26
1791408792.355590,-0.050238,1.248296,-2.777906,0.048239,1.249295,-2.799974,-0.342193,1.282898,-2.785441,0.323740,1.294525,-2.814049,25,25,26,25,25,25,25,24,26,25,25,26
1791408792.375604,-0.050238,1.248327,-2.777890,0.048209,1.249356,-2.799959,-0.342163,1.282868,-2.785425,0.323740,1.294494,-2.814065,25,25,26,25,25,25,25,24,26,25,25,26
1791408792.395471,-0.050208,1.248266,-2.777890,0.048209,1.249356,-2.799959,-0.342133,1.282838,-2.785441,0.323770,1.294494,-2.814049,25,25,26,25,25,25,25,24,26,25,25,26
1791408792.415431,-0.050208,1.248266,-2.777906,0.048239,1.249295,-2.799959,-0.342193,1.282868,-2.785441,0.323740,1.294494,-2.814081,25,25,26,25,25,25,25,24,26,25,25,26
1791408792.435587,-0.050238,1.248296,-2.777890,0.048179,1.249356,-2.799943,-0.342163,1.282868,-2.785457,0.323740,1.294525,-2.814049,25,25,26,25,25,25,25,24,26,25,25,26
1791408792.455407,-0.050238,1.248296,-2.777906,0.048209,1.249356,-2.799959,-0.342193,1.282868,-2.785425,0.323740,1.294525,-2.814049,25,25,26,25,25,25,25,24,26,25,25,26
1791408792.479459,-0.050238,1.248296,-2.777890,0.048239,1.249326,-2.799943,-0.342193,1.282868,-2.785441,0.323740,1.294464,-2.814065,25,25,26,25,25,25,25,24,26,25,25,26
1791408792.497535,-0.050238,1.248327,-2.777890,0.048209,1.249326,-2.799959,-0.342163,1.282898,-2.785441,0.323740,1.294464,-2.814049,25,25,26,25,25,25,25,24,26,25,25,26
1791408792.517489,-0.050208,1.248327,-2.777874,0.048239,1.249326,-2.799974,-0.342163,1.282807,-2.785441,0.323770,1.294525,-2.814049,25,25,26,25,25,25,25,24,26,25,25,26
1791408792.537630,-0.050238,1.248296,-2.777890,0.048209,1.249356,-2.799959,-0.342163,1.282898,-2.785457,0.323770,1.294464,-2.814065,25,25,26,25,25,25,25,24,26,25,25,26
1791408792.557518,-0.050238,1.248296,-2.777890,0.048239,1.249295,-2.799974,-0.342163,1.282868,-2.785457,0.323770,1.294494,-2.814065,25,25,26,25,25,25,25,24,26,25,25,26
1791408792.577844,-0.050208,1.248327,-2.777890,0.048209,1.249326,-2.799974,-0.342193,1.282868,-2.785441,0.323770,1.294494,-2.814049,25,25,26,25,25,25,25,24,26,25,25,26
1791408792.597562,-0.050208,1.248327,-2.777906,0.048209,1.249326,-2.799943,-0.342133,1.282838,-2.785441,0.323740,1.294494,-2.814049,25,25,26,25,25,25,25,24,26,25,25,26
1791408792.617589,-0.050208,1.248296,-2.777906,0.048209,1.249356,-2.799959,-0.342103,1.282838,-2.785441,0.323710,1.294464,-2.814049,25,25,26,25,25,25,25,24,26,25,25,26
1791408792.637710,-0.050208,1.248296,-2.777890,0.048209,1.249326,-2.799974,-0.342163,1.282838,-2.785457,0.323740,1.294494,-2.814049,25,25,26,25,25,25,25,24,26,25,25,26
1791408792.657535,-0.050238,1.248266,-2.777890,0.048239,1.249326,-2.799959,-0.342163,1.282838,-2.785441,0.323740,1.294464,-2.814049,25,25,26,25,25,25,25,24,26,25,25,26
1791408792.677500,-0.050208,1.248327,-2.777906,0.048209,1.249356,-2.799974,-0.342193,1.282838,-2.785441,0.323740,1.294494,-2.814049,25,25,26,25,25,25,25,24,26,25,25,26
1791408792.697487,-0.050238,1.248327,-2.777906,0.048209,1.249326,-2.799974,-0.342163,1.282868,-2.785441,0.323740,1.294494,-2.814049,25,25,26,25,25,25,25,24,26,25,25,26
1791408792.717549,-0.050177,1.248327,-2.777890,0.048239,1.249356,-2.799974,-0.342163,1.282838,-2.785441,0.323740,1.294464,-2.814049,25,25,26,25,25,25,25,24,26,25,25,26
1791408792.737580,-0.050208,1.248266,-2.777906,0.048239,1.249356,-2.799959,-0.342163,1.282838,-2.785441,0.323770,1.294494,-2.814049,25,25,26,25,25,25,25,24,26,25,25,26
1791408792.757680,-0.050238,1.248296,-2.777906,0.048239,1.249356,-2.799959,-0.342163,1.282868,-2.785441,0.323770,1.294494,-2.814049,25,25,26,25,25,25,25,24,26,25,25,26
1791408792.777575,-0.050238,1.248327,-2.777890,0.048209,1.249326,-2.799959,-0.342163,1.282868,-2.785441,0.323740,1.294494,-2.814034,25,25,26,25,25,25,25,24,26,25,25,26
1791408792.797555,-0.050208,1.248266,-2.777890,0.048209,1.249326,-2.799974,-0.342163,1.282838,-2.785457,0.323740,1.294494,-2.814049,25,25,26,25,25,25,25,24,26,25,25,26
1791408792.817628,-0.050208,1.248296,-2.777890,0.048209,1.249326,-2.799974,-0.342163,1.282838,-2.785441,0.323740,1.294464,-2.814034,25,25,26,25,25,25,25,24,26,25,25,26
1791408792.837635,-0.050238,1.248327,-2.777890,0.048209,1.249326,-2.799974,-0.342133,1.282898,-2.785441,0.323740,1.294494,-2.814049,25,25,26,25,25,25,25,24,26,25,25,26
1791408792.857654,-0.050208,1.248296,-2.777890,0.048239,1.249326,-2.799959,-0.342163,1.282838,-2.785441,0.323770,1.294494,-2.814049,25,25,26,25,25,25,25,24,26,25,25,26
1791408792.877589,-0.050268,1.248296,-2.777890,0.048209,1.249386,-2.799959,-0.342163,1.282838,-2.785425,0.323740,1.294494,-2.814034,25,25,26,25,25,25,25,24,26,25,25,26
1791408792.897762,-0.050238,1.248327,-2.777906,0.048209,1.249326,-2.799959,-0.342163,1.282868,-2.785441,0.323740,1.294464,-2.814065,25,25,26,25,25,25,25,24,26,25,25,26
1791408792.917606,-0.050208,1.248296,-2.777890,0.048239,1.249326,-2.799974,-0.342163,1.282868,-2.785441,0.323770,1.294494,-2.814049,25,25,26,25,25,25,25,24,26,25,25,26
1791408792.937522,-0.050208,1.248296,-2.777890,0.048209,1.249326,-2.799990,-0.342163,1.282838,-2.785441,0.323740,1.294494,-2.814065,25,25,26,25,25,25,25,24,26,25,25,26
1791408792.957550,-0.050238,1.248296,-2.777906,0.048209,1.249326,-2.799974,-0.342163,1.282807,-2.785457,0.323770,1.294464,-2.814049,25,25,26,25,25,25,25,24,26,25,25,26
1791408792.977544,-0.050177,1.248327,-2.777906,0.048239,1.249356,-2.799959,-0.342163,1.282838,-2.785441,0.323710,1.294464,-2.814034,25,25,26,25,25,25,25,24,26,25,25,26
1791408792.997570,-0.050208,1.248327,-2.777890,0.048209,1.249326,-2.799974,-0.342133,1.282838,-2.785441,0.323770,1.294494,-2.814049,25,25,26,25,25,25,25,24,26,25,25,26
1791408793.017560,-0.050208,1.248327,-2.777890,0.048179,1.249356,-2.799959,-0.342163,1.282838,-2.785441,0.323740,1.294525,-2.814049,25,25,26,25,25,25,25,24,26,25,25,26
1791408793.037559,-0.050268,1.248296,-2.777890,0.048209,1.249326,-2.799959,-0.342163,1.282868,-2.785441,0.323770,1.294494,-2.814065,25,25,26,25,25,25,25,24,26,25,25,26
1791408793.057495,-0.050208,1.248327,-2.777890,0.048239,1.249356,-2.799959,-0.342163,1.282838,-2.785457,0.323770,1.294494,-2.814049,25,25,26,25,25,25,25,24,26,25,25,26
1791408793.077410,-0.050238,1.248296,-2.777890,0.048209,1.249356,-2.799943,-0.342193,1.282868,-2.785457,0.323740,1.294494,-2.814049,25,25,26,25,25,25,25,24,26,25,25,26
1791408793.097436,-0.050208,1.248266,-2.777890,0.048239,1.249356,-2.799959,-0.342193,1.282868,-2.785457,0.323740,1.294525,-2.814049,25,25,26,25,25,25,25,24,26,25,25,26
1791408793.117340,-0.050208,1.248327,-2.777906,0.048209,1.249326,-2.799959,-0.342163,1.282868,-2.785457,0.323770,1.294464,-2.814049,25,25,26,25,25,25,25,24,26,25,25,26
1791408793.137364,-0.050238,1.248327,-2.777890,0.048209,1.249356,-2.799974,-0.342133,1.282838,-2.785457,0.323770,1.294494,-2.814049,25,25,26,25,25,25,25,24,26,25,25,26
1791408793.157570,-0.050238,1.248296,-2.777890,0.048209,1.249356,-2.799974,-0.342163,1.282838,-2.785441,0.323770,1.294494,-2.814065,25,25,26,25,25,25,25,24,26,25,25,26
1791408793.177584,-0.050238,1.248296,-2.777890,0.048209,1.249356,-2.799974,-0.342163,1.282838,-2.785425,0.323740,1.294464,-2.814049,25,25,26,25,25,25,25,24,26,25,25,26
1791408793.197566,-0.050238,1.248296,-2.777874,0.048239,1.249356,-2.799959,-0.342163,1.282838,-2.785441,0.323770,1.294494,-2.814034,25,25,26,25,25,25,25,24,26,25,25,26
1791408793.217531,-0.050208,1.248296,-2.777890,0.048209,1.249326,-2.799959,-0.342133,1.282838,-2.785441,0.323710,1.294464,-2.814065,25,25,26,25,25,25,25,24,26,25,25,26
1791408793.237573,-0.050238,1.248296,-2.777874,0.048239,1.249356,-2.799959,-0.342163,1.282838,-2.785441,0.323770,1.294494,-2.814065,25,25,26,25,25,25,25,24,26,25,25,26
1791408793.257660,-0.050208,1.248296,-2.777890,0.048179,1.249326,-2.799959,-0.342133,1.282838,-2.785441,0.323770,1.294494,-2.814049,25,25,26,25,25,25,25,24,26,25,25,26
1791408793.277500,-0.050208,1.248327,-2.777890,0.048239,1.249326,-2.799959,-0.342163,1.282868,-2.785457,0.323770,1.294464,-2.814049,25,25,26,25,25,25,25,24,26,25,25,26
1791408793.297400,-0.050208,1.248327,-2.777906,0.048239,1.249356,-2.799974,-0.342193,1.282807,-2.785441,0.323770,1.294494,-2.814065,25,25,26,25,25,25,25,24,26,25,25,26
1791408793.317614,-0.050208,1.248327,-2.777906,0.048239,1.249356,-2.799959,-0.342163,1.282898,-2.785441,0.323770,1.294494,-2.814065,25,25,26,25,25,25,25,24,26,25,25,26
1791408793.337443,-0.050208,1.248296,-2.777906,0.048239,1.249326,-2.799959,-0.342163,1.282868,-2.785425,0.323770,1.294494,-2.814034,25,25,26,25,25,25,25,24,26,25,25,26
1791408793.357610,-0.050238,1.248296,-2.777890,0.048209,1.249326,-2.799974,-0.342193,1.282838,-2.785441,0.323740,1.294464,-2.814065,25,25,26,25,25,25,25,24,26,25,25,26
1791408793.377601,-0.050238,1.248266,-2.777890,0.048209,1.249326,-2.799959,-0.342163,1.282838,-2.785441,0.323740,1.294494,-2.814049,25,25,26,25,25,25,25,24,26,25,25,26
1791408793.397498,-0.050238,1.248296,-2.777874,0.048209,1.249326,-2.799974,-0.342193,1.282868,-2.785441,0.323800,1.294464,-2.814049,25,25,26,25,25,25,25,24,26,25,25,26
1791408793.417575,-0.050208,1.248327,-2.777890,0.048239,1.249356,-2.799959,-0.342163,1.282868,-2.785441,0.323740,1.294494,-2.814049,25,25,26,25,25,25,25,24,26,25,25,26
1791408793.437458,-0.050238,1.248296,-2.777874,0.048179,1.249295,-2.799959,-0.342163,1.282868,-2.785425,0.323740,1.294494,-2.814049,25,25,26,25,25,25,25,24,26,25,25,26
1791408793.457448,-0.050238,1.248296,-2.777890,0.048209,1.249295,-2.799959,-0.342163,1.282868,-2.785457,0.323740,1.294494,-2.814049,25,25,26,25,25,25,25,24,26,25,25,26
1791408793.477526,-0.050238,1.248296,-2.777890,0.048209,1.249326,-2.799943,-0.342163,1.282838,-2.785441,0.323740,1.294494,-2.814049,25,25,26,25,25,25,25,24,26,25,25,26
1791408793.497682,-0.050208,1.248296,-2.777906,0.048209,1.249326,-2.799959,-0.342193,1.282838,-2.785441,0.323740,1.294494,-2.814049,25,25,26,25,25,25,25,24,26,25,25,26
1791408793.517478,-0.050208,1.248327,-2.777890,0.048239,1.249326,-2.799959,-0.342163,1.282838,-2.785441,0.323740,1.294525,-2.814065,25,25,26,25,25,25,25,24,26,25,25,26
1791408793.537618,-0.050208,1.248296,-2.777890,0.048209,1.249326,-2.799943,-0.342163,1.282898,-2.785441,0.323740,1.294494,-2.814049,25,25,26,25,25,25,25,24,26,25,25,26
1791408793.560284,-0.050208,1.248296,-2.777890,0.048209,1.249326,-2.799974,-0.342133,1.282838,-2.785441,0.323740,1.294494,-2.814049,25,25,26,25,25,25,25,24,26,25,25,26
1791408793.577672,-0.050208,1.248327,-2.777906,0.048239,1.249356,-2.799959,-0.342163,1.282868,-2.785441,0.323770,1.294494,-2.814049,25,25,26,25,25,25,25,24,26,25,25,26
1791408793.597480,-0.050208,1.248296,-2.777874,0.048209,1.249295,-2.799943,-0.342193,1.282868,-2.785441,0.323740,1.294464,-2.814065,25,25,26,25,25,25,25,24,26,25,25,26
1791408793.617624,-0.050238,1.248296,-2.777906,0.048239,1.249326,-2.799959,-0.342224,1.282838,-2.785441,0.323740,1.294464,-2.814065,25,25,26,25,25,25,25,24,26,25,25,26
1791408793.637364,-0.050208,1.248296,-2.777890,0.048209,1.249326,-2.799959,-0.342163,1.282838,-2.785425,0.323710,1.294494,-2.814049,25,25,26,25,25,25,25,24,26,25,25,26
1791408793.657557,-0.050268,1.248296,-2.777890,0.048239,1.249356,-2.799959,-0.342193,1.282838,-2.785457,0.323740,1.294494,-2.814049,25,25,26,25,25,25,25,24,26,25,25,26
1791408793.678159,-0.050177,1.248357,-2.777906,0.048270,1.249295,-2.799959,-0.342193,1.282838,-2.785441,0.323770,1.294494,-2.814065,25,25,26,25,25,25,25,24,26,25,25,26
1791408793.697857,-0.050238,1.248296,-2.777890,0.048270,1.249326,-2.799959,-0.342163,1.282868,-2.785425,0.323740,1.294525,-2.814049,25,25,26,25,25,25,25,24,26,25,25,26
1791408793.717681,-0.050238,1.248327,-2.777890,0.048239,1.249356,-2.799943,-0.342163,1.282838,-2.785441,0.323740,1.294494,-2.814049,25,25,26,25,25,25,25,24,26,25,25,26
1791408793.737553,-0.050208,1.248296,-2.777890,0.048209,1.249326,-2.799959,-0.342193,1.282838,-2.785441,0.323740,1.294494,-2.814049,25,25,26,25,25,25,25,24,26,25,25,26
1791408793.757487,-0.050238,1.248327,-2.777890,0.048239,1.249356,-2.799959,-0.342193,1.282838,-2.785457,0.323770,1.294494,-2.814049,25,25,26,25,25,25,25,24,26,25,25,26
1791408793.777917,-0.050208,1.248296,-2.777890,0.048209,1.249326,-2.799990,-0.342193,1.282838,-2.785441,0.323770,1.294494,-2.814034,25,25,26,25,25,25,25,24,26,25,25,26
1791408793.797494,-0.050238,1.248327,-2.777890,0.048209,1.249326,-2.799974,-0.342193,1.282838,-2.785441,0.323740,1.294525,-2.814049,25,25,26,25,25,25,25,24,26,25,25,26
1791408793.817524,-0.050238,1.248296,-2.777890,0.048239,1.249326,-2.799990,-0.342163,1.282868,-2.785441,0.323740,1.294525,-2.814034,25,25,26,25,25,25,25,24,26,25,25,26
1791408793.837625,-0.050238,1.248327,-2.777890,0.048209,1.249295,-2.799959,-0.342224,1.282838,-2.785441,0.323740,1.294494,-2.814065,25,25,26,25,25,25,25,24,26,25,25,26
1791408793.857495,-0.050268,1.248296,-2.777890,0.048239,1.249326,-2.799959,-0.342163,1.282838,-2.785441,0.323770,1.294494,-2.814065,25,25,26,25,25,25,25,24,26,25,25,26
1791408793.877449,-0.050268,1.248327,-2.777906,0.048209,1.249356,-2.799959,-0.342163,1.282868,-2.785441,0.323800,1.294494,-2.814034,25,25,26,25,25,25,25,24,26,25,25,26
1791408793.897436,-0.050238,1.248296,-2.777874,0.048209,1.249265,-2.799959,-0.342133,1.282838,-2.785441,0.323770,1.294494,-2.814081,25,25,26,25,25,25,25,24,26,25,25,26
1791408793.917447,-0.050208,1.248266,-2.777906,0.048209,1.249356,-2.799959,-0.342163,1.282868,-2.785441,0.323770,1.294494,-2.814049,25,25,26,25,25,25,25,24,26,25,25,26
1791408793.937688,-0.050238,1.248296,-2.777906,0.048209,1.249386,-2.799943,-0.342193,1.282868,-2.785441,0.323710,1.294464,-2.814049,25,25,26,25,25,25,25,24,26,25,25,26
1791408793.957608,-0.050177,1.248296,-2.777906,0.048209,1.249326,-2.799974,-0.342163,1.282838,-2.785425,0.323740,1.294494,-2.814049,25,25,26,25,25,25,25,24,26,25,25,26
1791408793.977861,-0.050238,1.248296,-2.777906,0.048209,1.249326,-2.799943,-0.342224,1.282838,-2.785425,0.323740,1.294494,-2.814049,25,25,26,25,25,25,25,24,26,25,25,26
1791408793.997496,-0.050238,1.248266,-2.777890,0.048209,1.249326,-2.799959,-0.342163,1.282807,-2.785441,0.323740,1.294494,-2.814065,25,25,26,25,25,25,25,24,26,25,25,26
1791408794.017464,-0.050208,1.248296,-2.777890,0.048209,1.249356,-2.799990,-0.342133,1.282868,-2.785441,0.323740,1.294494,-2.814049,25,25,26,25,25,25,25,24,26,25,25,26
1791408794.037432,-0.050177,1.248266,-2.777890,0.048239,1.249356,-2.799959,-0.342163,1.282898,-2.785441,0.323770,1.294525,-2.814049,25,25,26,25,25,25,25,24,26,25,25,26
1791408794.057580,-0.050238,1.248296,-2.777906,0.048239,1.249356,-2.799959,-0.342193,1.282838,-2.785441,0.323770,1.294464,-2.814065,25,25,26,25,25,25,25,24,26,25,25,26
1791408794.077502,-0.050238,1.248327,-2.777906,0.048239,1.249356,-2.799959,-0.342163,1.282868,-2.785441,0.323770,1.294464,-2.814049,25,25,26,25,25,25,25,24,26,25,25,26
1791408794.097528,-0.050238,1.248327,-2.777890,0.048209,1.249356,-2.799959,-0.342224,1.282868,-2.785441,0.323740,1.294464,-2.814034,25,25,26,25,25,25,25,24,26,25,25,26
1791408794.117684,-0.050238,1.248327,-2.777890,0.048209,1.249356,-2.799959,-0.342163,1.282868,-2.785457,0.323740,1.294494,-2.814065,25,25,26,25,25,25,25,24,26,25,25,26
1791408794.137623,-0.050238,1.248327,-2.777906,0.048239,1.249356,-2.799959,-0.342163,1.282838,-2.785441,0.323770,1.294494,-2.814049,25,25,26,25,25,25,25,24,26,25,25,26
1791408794.157486,-0.050177,1.248266,-2.777906,0.048209,1.249386,-2.799959,-0.342193,1.282868,-2.785441,0.323740,1.294525,-2.814065,25,25,26,25,25,25,25,24,26,25,25,26
1791408794.177488,-0.050238,1.248327,-2.777874,0.048209,1.249326,-2.799974,-0.342193,1.282838,-2.785441,0.323770,1.294494,-2.814049,25,25,26,25,25,25,25,24,26,25,25,26
1791408794.197708,-0.050238,1.248296,-2.777874,0.048209,1.249356,-2.799959,-0.342193,1.282838,-2.785441,0.323770,1.294494,-2.814065,25,25,26,25,25,25,25,24,26,25,25,26
1791408794.217511,-0.050238,1.248327,-2.777890,0.048239,1.249326,-2.799959,-0.342163,1.282868,-2.785441,0.323770,1.294494,-2.814034,25,25,26,25,25,25,25,24,26,25,25,26
1791408794.237411,-0.050238,1.248266,-2.777890,0.048239,1.249295,-2.799959,-0.342193,1.282868,-2.785441,0.323740,1.294494,-2.814065,25,25,26,25,25,25,25,24,26,25,25,26
1791408794.257697,-0.050238,1.248357,-2.777906,0.048239,1.249356,-2.799943,-0.342193,1.282838,-2.785425,0.323770,1.294494,-2.814049,25,25,26,25,25,25,25,24,26,25,25,26
1791408794.277540,-0.050238,1.248327,-2.777906,0.048209,1.249295,-2.799959,-0.342163,1.282868,-2.785441,0.323770,1.294464,-2.814065,25,25,26,25,25,25,25,24,26,25,25,26
1791408794.297447,-0.050238,1.248296,-2.777890,0.048239,1.249356,-2.799943,-0.342224,1.282868,-2.785425,0.323740,1.294494,-2.814049,25,25,26,25,25,25,25,24,26,25,25,26
1791408794.317636,-0.050208,1.248327,-2.777906,0.048209,1.249356,-2.799959,-0.342193,1.282838,-2.785457,0.323770,1.294494,-2.814049,25,25,26,25,25,25,25,24,26,25,25,26
1791408794.337489,-0.050238,1.248296,-2.777906,0.048209,1.249356,-2.799974,-0.342193,1.282868,-2.785441,0.323710,1.294494,-2.814049,25,25,26,25,25,25,25,24,26,25,25,26
1791408794.357481,-0.050238,1.248296,-2.777906,0.048209,1.249356,-2.799959,-0.342193,1.282838,-2.785441,0.323770,1.294494,-2.814034,25,25,26,25,25,25,25,24,26,25,25,26
1791408794.377343,-0.050177,1.248296,-2.777890,0.048209,1.249326,-2.799959,-0.342193,1.282838,-2.785441,0.323740,1.294494,-2.814049,25,25,26,25,25,25,25,24,26,25,25,26
1791408794.397471,-0.050238,1.248296,-2.777890,0.048209,1.249356,-2.799959,-0.342193,1.282868,-2.785441,0.323770,1.294525,-2.814065,25,25,26,25,25,25,25,24,26,25,25,26
1791408794.417650,-0.050177,1.248266,-2.777906,0.048239,1.249326,-2.799974,-0.342163,1.282868,-2.785441,0.323740,1.294494,-2.814049,25,25,26,25,25,25,25,24,26,25,25,26
1791408794.437567,-0.050208,1.248266,-2.777874,0.048209,1.249356,-2.799959,-0.342163,1.282868,-2.785441,0.323770,1.294464,-2.814049,25,25,26,25,25,25,25,24,26,25,25,26
1791408794.457659,-0.050268,1.248296,-2.777906,0.048239,1.249295,-2.799974,-0.342163,1.282807,-2.785425,0.323740,1.294494,-2.814049,25,25,26,25,25,25,25,24,26,25,25,26
1791408794.477838,-0.050238,1.248266,-2.777890,0.048239,1.249356,-2.799959,-0.342193,1.282838,-2.785441,0.323740,1.294464,-2.814049,25,25,26,25,25,25,25,24,26,25,25,26
1791408794.497452,-0.050238,1.248296,-2.777874,0.048239,1.249356,-2.799974,-0.342193,1.282868,-2.785441,0.323770,1.294494,-2.814065,25,25,26,25,25,25,25,24,26,25,25,26
1791408794.517466,-0.050208,1.248327,-2.777906,0.048209,1.249326,-2.799959,-0.342193,1.282838,-2.785441,0.323770,1.294494,-2.814049,25,25,26,25,25,25,25,24,26,25,25,26
1791408794.537685,-0.050208,1.248296,-2.777906,0.048209,1.249295,-2.799959,-0.342193,1.282868,-2.785425,0.323770,1.294494,-2.814049,25,25,26,25,25,25,25,24,26,25,25,26
1791408794.557430,-0.050208,1.248296,-2.777890,0.048209,1.249326,-2.799974,-0.342163,1.282868,-2.785457,0.323770,1.294494,-2.814049,25,25,26,25,25,25,25,24,26,25,25,26
1791408794.577671,-0.050208,1.248296,-2.777890,0.048239,1.249356,-2.799974,-0.342193,1.282838,-2.785441,0.323740,1.294494,-2.814065,25,25,26,25,25,25,25,24,26,25,25,26
1791408794.597623,-0.050208,1.248327,-2.777890,0.048209,1.249326,-2.799959,-0.342224,1.282868,-2.785441,0.323740,1.294464,-2.814049,25,25,26,25,25,25,25,24,26,25,25,26
1791408794.617438,-0.050268,1.248296,-2.777874,0.048209,1.249295,-2.799974,-0.342193,1.282868,-2.785457,0.323770,1.294494,-2.814049,25,25,26,25,25,25,25,24,26,25,25,26
1791408794.637412,-0.050208,1.248327,-2.777890,0.048209,1.249326,-2.799974,-0.342193,1.282868,-2.785441,0.323740,1.294494,-2.814049,25,25,26,25,25,25,25,24,26,25,25,26
1791408794.657434,-0.050208,1.248327,-2.777906,0.048209,1.249356,-2.799943,-0.342224,1.282868,-2.785441,0.323770,1.294464,-2.814049,25,25,26,25,25,25,25,24,26,25,25,26
1791408794.677582,-0.050208,1.248296,-2.777906,0.048209,1.249295,-2.799943,-0.342163,1.282838,-2.785425,0.323740,1.294464,-2.814049,25,25,26,25,25,25,25,24,26,25,25,26
1791408794.697397,-0.050208,1.248327,-2.777890,0.048209,1.249326,-2.799974,-0.342193,1.282868,-2.785441,0.323770,1.294494,-2.814034,25,25,26,25,25,25,25,24,26,25,25,26
1791408794.717638,-0.050268,1.248327,-2.777890,0.048209,1.249356,-2.799959,-0.342163,1.282868,-2.785441,0.323770,1.294494,-2.814049,25,25,26,25,25,25,25,24,26,25,25,26
1791408794.737410,-0.050208,1.248327,-2.777906,0.048209,1.249356,-2.799959,-0.342193,1.282868,-2.785441,0.323770,1.294494,-2.814049,25,25,26,25,25,25,25,24,26,25,25,26
1791408794.757583,-0.050208,1.248296,-2.777890,0.048209,1.249326,-2.799974,-0.342163,1.282868,-2.785441,0.323770,1.294494,-2.814049,25,25,26,25,25,25,25,24,26,25,25,26
1791408794.777647,-0.050238,1.248266,-2.777906,0.048209,1.249326,-2.799959,-0.342193,1.282838,-2.785441,0.323740,1.294494,-2.814049,25,25,26,25,25,25,25,24,26,25,25,26
1791408794.797535,-0.050238,1.248327,-2.777890,0.048209,1.249326,-2.799959,-0.342193,1.282898,-2.785425,0.323770,1.294494,-2.814065,25,25,26,25,25,25,25,24,26,25,25,26
1791408794.817424,-0.050238,1.248296,-2.777890,0.048209,1.249326,-2.799959,-0.342224,1.282838,-2.785441,0.323770,1.294464,-2.814049,25,25,26,25,25,25,25,24,26,25,25,26
1791408794.837605,-0.050208,1.248266,-2.777874,0.048239,1.249356,-2.799959,-0.342193,1.282838,-2.785441,0.323740,1.294494,-2.814034,25,25,26,25,25,25,25,24,26,25,25,26
1791408794.857593,-0.050238,1.248296,-2.777906,0.048179,1.249326,-2.799959,-0.342163,1.282868,-2.785441,0.323770,1.294464,-2.814049,25,25,26,25,25,25,25,24,26,25,25,26
1791408794.877312,-0.050208,1.248296,-2.777890,0.048239,1.249326,-2.799959,-0.342224,1.282838,-2.785441,0.323770,1.294494,-2.814049,25,25,26,25,25,25,25,24,26,25,25,26
1791408794.897370,-0.050208,1.248296,-2.777890,0.048239,1.249356,-2.799974,-0.342193,1.282898,-2.785457,0.323740,1.294464,-2.814049,25,25,26,25,25,25,25,24,26,25,25,26
1791408794.917379,-0.050238,1.248327,-2.777906,0.048239,1.249326,-2.799974,-0.342193,1.282868,-2.785425,0.323740,1.294494,-2.814049,25,25,26,25,25,25,25,24,26,25,25,26
1791408794.937413,-0.050268,1.248296,-2.777890,0.048209,1.249326,-2.799943,-0.342193,1.282838,-2.785425,0.323770,1.294494,-2.814049,25,25,26,25,25,25,25,24,26,25,25,26
1791408794.957385,-0.050208,1.248266,-2.777906,0.048239,1.249356,-2.799974,-0.342193,1.282868,-2.785457,0.323740,1.294494,-2.814065,25,25,26,25,25,25,25,24,26,25,25,26
1791408794.977663,-0.050238,1.248327,-2.777890,0.048209,1.249326,-2.799959,-0.342193,1.282868,-2.785441,0.323770,1.294494,-2.814065,25,25,26,25,25,25,25,24,26,25,25,26
1791408794.997525,-0.050238,1.248296,-2.777890,0.048239,1.249356,-2.799959,-0.342193,1.282868,-2.785441,0.323740,1.294525,-2.814049,25,25,26,25,25,25,25,24,26,25,25,26
1791408795.017406,-0.050208,1.248327,-2.777890,0.048209,1.249295,-2.799943,-0.342193,1.282838,-2.785425,0.323770,1.294494,-2.814049,25,25,26,25,25,25,25,24,26,25,25,26
1791408795.037657,-0.050238,1.248327,-2.777874,0.048239,1.249326,-2.799959,-0.342193,1.282838,-2.785425,0.323710,1.294464,-2.814065,25,25,26,25,25,25,25,24,26,25,25,26
1791408795.057937,-0.050208,1.248327,-2.777890,0.048209,1.249326,-2.799959,-0.342193,1.282898,-2.785441,0.323770,1.294464,-2.814049,25,25,26,25,25,25,25,24,26,25,25,26
1791408795.077652,-0.050238,1.248296,-2.777890,0.048209,1.249326,-2.799959,-0.342224,1.282838,-2.785441,0.323770,1.294494,-2.814049,25,25,26,25,25,25,25,24,26,25,25,26
1791408795.097520,-0.050238,1.248296,-2.777874,0.048209,1.249356,-2.799974,-0.342193,1.282898,-2.785457,0.323770,1.294494,-2.814065,25,25,26,25,25,25,25,24,26,25,25,26
1791408795.117670,-0.050238,1.248296,-2.777890,0.048209,1.249326,-2.799959,-0.342193,1.282868,-2.785425,0.323740,1.294494,-2.814065,25,25,26,25,25,25,25,24,26,25,25,26
1791408795.137618,-0.050238,1.248357,-2.777874,0.048239,1.249356,-2.799959,-0.342224,1.282898,-2.785441,0.323770,1.294464,-2.814049,25,25,26,25,25,25,25,24,26,25,25,26
1791408795.157355,-0.050268,1.248296,-2.777890,0.048209,1.249295,-2.799959,-0.342224,1.282868,-2.785441,0.323770,1.294464,-2.814049,25,25,26,25,25,25,25,24,26,25,25,26
1791408795.177526,-0.050208,1.248296,-2.777906,0.048239,1.249356,-2.799959,-0.342224,1.282868,-2.785441,0.323800,1.294464,-2.814049,25,25,26,25,25,25,25,24,26,25,25,26
1791408795.197394,-0.050208,1.248327,-2.777906,0.048179,1.249326,-2.799959,-0.342193,1.282838,-2.785441,0.323770,1.294494,-2.814065,25,25,26,25,25,25,25,24,26,25,25,26
1791408795.217411,-0.050238,1.248296,-2.777874,0.048239,1.249356,-2.799959,-0.342224,1.282868,-2.785441,0.323740,1.294494,-2.814065,25,25,26,25,25,25,25,24,26,25,25,26
1791408795.237739,-0.050238,1.248327,-2.777906,0.048209,1.249356,-2.799974,-0.342193,1.282868,-2.785441,0.323770,1.294525,-2.814049,25,25,26,25,25,25,25,24,26,25,25,26
1791408795.257438,-0.050268,1.248327,-2.777906,0.048209,1.249326,-2.799959,-0.342224,1.282868,-2.785457,0.323800,1.294494,-2.814065,25,25,26,25,25,25,25,24,26,25,25,26
1791408795.277525,-0.050208,1.248296,-2.777890,0.048209,1.249356,-2.799943,-0.342193,1.282868,-2.785441,0.323770,1.294464,-2.814049,25,25,26,25,25,25,25,24,26,25,25,26
1791408795.297542,-0.050238,1.248327,-2.777890,0.048239,1.249326,-2.799959,-0.342193,1.282838,-2.785441,0.323740,1.294494,-2.814049,25,25,26,25,25,25,25,24,26,25,25,26
1791408795.317338,-0.050268,1.248296,-2.777874,0.048239,1.249326,-2.799974,-0.342224,1.282868,-2.785425,0.323770,1.294525,-2.814049,25,25,26,25,25,25,25,24,26,25,25,26
1791408795.337375,-0.050208,1.248327,-2.777890,0.048209,1.249356,-2.799959,-0.342224,1.282868,-2.785441,0.323770,1.294464,-2.814049,25,25,26,25,25,25,25,24,26,25,25,26
1791408795.357697,-0.050238,1.248296,-2.777890,0.048239,1.249356,-2.799959,-0.342193,1.282868,-2.785441,0.323740,1.294494,-2.814049,25,25,26,25,25,25,25,24,26,25,25,26
1791408795.377656,-0.050238,1.248296,-2.777890,0.048239,1.249356,-2.799959,-0.342224,1.282838,-2.785425,0.323740,1.294494,-2.814065,25,25,26,25,25,25,25,24,26,25,25,26
1791408795.397604,-0.050208,1.248327,-2.777890,0.048239,1.249295,-2.799990,-0.342193,1.282868,-2.785441,0.323740,1.294494,-2.814049,25,25,26,25,25,25,25,24,26,25,25,26
1791408795.417566,-0.050238,1.248327,-2.777906,0.048239,1.249356,-2.799990,-0.342193,1.282868,-2.785457,0.323740,1.294494,-2.814049,25,25,26,25,25,25,25,24,26,25,25,26
1791408795.437519,-0.050238,1.248296,-2.777906,0.048239,1.249356,-2.799943,-0.342224,1.282838,-2.785441,0.323770,1.294494,-2.814049,25,25,26,25,25,25,25,24,26,25,25,26
1791408795.457394,-0.050208,1.248327,-2.777874,0.048209,1.249356,-2.799990,-0.342193,1.282838,-2.785425,0.323770,1.294494,-2.814065,25,25,26,25,25,25,25,24,26,25,25,26
1791408795.477661,-0.050238,1.248296,-2.777906,0.048209,1.249326,-2.799959,-0.342224,1.282868,-2.785441,0.323740,1.294464,-2.814065,25,25,26,25,25,25,25,24,26,25,25,26
1791408795.497532,-0.050147,1.248327,-2.777874,0.048209,1.249326,-2.799943,-0.342193,1.282868,-2.785425,0.323770,1.294494,-2.814065,25,25,26,25,25,25,25,24,26,25,25,26
1791408795.517607,-0.050208,1.248296,-2.777890,0.048239,1.249356,-2.799959,-0.342224,1.282868,-2.785441,0.323770,1.294525,-2.814049,25,25,26,25,25,25,25,24,26,25,25,26
1791408795.537590,-0.050208,1.248327,-2.777874,0.048209,1.249295,-2.799974,-0.342193,1.282868,-2.785441,0.323770,1.294494,-2.814049,25,25,26,25,25,25,25,24,26,25,25,26
1791408795.557484,-0.050238,1.248327,-2.777890,0.048239,1.249295,-2.799974,-0.342224,1.282898,-2.785425,0.323770,1.294464,-2.814049,25,25,26,25,25,25,25,24,26,25,25,26
1791408795.577359,-0.050208,1.248327,-2.777906,0.048239,1.249326,-2.799974,-0.342193,1.282898,-2.785441,0.323770,1.294464,-2.814049,25,25,26,25,25,25,25,24,26,25,25,26
1791408795.597403,-0.050208,1.248327,-2.777890,0.048239,1.249356,-2.799959,-0.342193,1.282868,-2.785457,0.323770,1.294464,-2.814049,25,25,26,25,25,25,25,24,26,25,25,26
1791408795.617326,-0.050238,1.248327,-2.777906,0.048239,1.249356,-2.799959,-0.342193,1.282838,-2.785441,0.323770,1.294494,-2.814034,25,25,26,25,25,25,25,24,26,25,25,26
1791408795.637509,-0.050208,1.248296,-2.777906,0.048209,1.249356,-2.799974,-0.342193,1.282868,-2.785441,0.323770,1.294494,-2.814034,25,25,26,25,25,25,25,24,26,25,25,26
1791408795.657387,-0.050238,1.248327,-2.777906,0.048209,1.249356,-2.799943,-0.342193,1.282868,-2.785441,0.323770,1.294494,-2.814049,25,25,26,25,25,25,25,24,26,25,25,26
1791408795.677562,-0.050177,1.248296,-2.777890,0.048209,1.249326,-2.799959,-0.342224,1.282838,-2.785441,0.323770,1.294494,-2.814049,25,25,26,25,25,25,25,24,26,25,25,26
1791408795.697517,-0.050238,1.248327,-2.777874,0.048179,1.249295,-2.799943,-0.342224,1.282838,-2.785425,0.323770,1.294525,-2.814049,25,25,26,25,25,25,25,24,26,25,25,26
1791408795.717334,-0.050208,1.248296,-2.777890,0.048239,1.249326,-2.799959,-0.342224,1.282838,-2.785441,0.323770,1.294494,-2.814049,25,25,26,25,25,25,25,24,26,25,25,26
1791408795.737535,-0.050177,1.248296,-2.777906,0.048209,1.249356,-2.799974,-0.342224,1.282898,-2.785425,0.323770,1.294494,-2.814065,25,25,26,25,25,25,25,24,26,25,25,26
1791408795.757592,-0.050238,1.248327,-2.777906,0.048209,1.249356,-2.799959,-0.342224,1.282868,-2.785441,0.323770,1.294525,-2.814049,25,25,26,25,25,25,25,24,26,25,25,26
1791408795.777395,-0.050208,1.248296,-2.777890,0.048209,1.249326,-2.799974,-0.342224,1.282868,-2.785425,0.323740,1.294494,-2.814049,25,25,26,25,25,25,25,24,26,25,25,26
1791408795.797374,-0.050208,1.248327,-2.777890,0.048209,1.249356,-2.799974,-0.342254,1.282868,-2.785441,0.323740,1.294494,-2.814049,25,25,26,25,25,25,25,24,26,25,25,26
1791408795.817379,-0.050238,1.248296,-2.777890,0.048209,1.249356,-2.799943,-0.342224,1.282838,-2.785457,0.323770,1.294464,-2.814049,25,25,26,25,25,25,25,24,26,25,25,26
1791408795.837471,-0.050268,1.248266,-2.777890,0.048209,1.249356,-2.799959,-0.342254,1.282838,-2.785425,0.323770,1.294525,-2.814049,25,25,26,25,25,25,25,24,26,25,25,26
1791408795.857383,-0.050238,1.248296,-2.777890,0.048239,1.249326,-2.799943,-0.342163,1.282868,-2.785425,0.323770,1.294494,-2.814049,25,25,26,25,25,25,25,24,26,25,25,26
1791408795.877325,-0.050238,1.248327,-2.777906,0.048239,1.249326,-2.799959,-0.342193,1.282868,-2.785457,0.323770,1.294464,-2.814034,25,25,26,25,25,25,25,24,26,25,25,26
1791408795.897411,-0.050177,1.248296,-2.777874,0.048209,1.249356,-2.799959,-0.342224,1.282868,-2.785441,0.323740,1.294494,-2.814065,25,25,26,25,25,25,25,24,26,25,25,26
1791408795.917390,-0.050238,1.248296,-2.777906,0.048239,1.249295,-2.799959,-0.342193,1.282838,-2.785441,0.323800,1.294464,-2.814049,25,25,26,25,25,25,25,24,26,25,25,26
1791408795.937605,-0.050238,1.248327,-2.777874,0.048239,1.249356,-2.799959,-0.342224,1.282868,-2.785441,0.323740,1.294464,-2.814034,25,25,26,25,25,25,25,24,26,25,25,26
1791408795.957559,-0.050238,1.248327,-2.777890,0.048209,1.249356,-2.799959,-0.342224,1.282868,-2.785441,0.323800,1.294464,-2.814049,25,25,26,25,25,25,25,24,26,25,25,26
1791408795.977386,-0.050238,1.248296,-2.777890,0.048239,1.249326,-2.799974,-0.342224,1.282868,-2.785441,0.323770,1.294494,-2.814065,25,25,26,25,25,25,25,24,26,25,25,26
1791408795.997555,-0.050208,1.248266,-2.777906,0.048209,1.249326,-2.799959,-0.342254,1.282838,-2.785441,0.323770,1.294464,-2.814049,25,25,26,25,25,25,25,24,26,25,25,26
1791408796.017503,-0.050238,1.248296,-2.777906,0.048179,1.249295,-2.799959,-0.342224,1.282868,-2.785425,0.323770,1.294464,-2.814034,25,25,26,25,25,25,25,24,26,25,25,26
1791408796.037447,-0.050208,1.248327,-2.777906,0.048209,1.249356,-2.799959,-0.342224,1.282838,-2.785441,0.323770,1.294525,-2.814065,25,25,26,25,25,25,25,24,26,25,25,26
1791408796.057507,-0.050208,1.248327,-2.777890,0.048209,1.249326,-2.799974,-0.342193,1.282838,-2.785457,0.323770,1.294494,-2.814034,25,25,26,25,25,25,25,24,26,25,25,26
1791408796.077408,-0.050238,1.248296,-2.777906,0.048239,1.249356,-2.799959,-0.342224,1.282898,-2.785425,0.323740,1.294464,-2.814065,25,25,26,25,25,25,25,24,26,25,25,26
1791408796.097862,-0.050238,1.248327,-2.777890,0.048209,1.249326,-2.799943,-0.342224,1.282838,-2.785441,0.323770,1.294494,-2.814049,25,25,26,25,25,25,25,24,26,25,25,26
1791408796.117395,-0.050238,1.248296,-2.777874,0.048179,1.249356,-2.799990,-0.342224,1.282898,-2.785441,0.323740,1.294494,-2.814065,25,25,26,25,25,25,25,24,26,25,25,26
1791408796.137405,-0.050208,1.248327,-2.777906,0.048239,1.249326,-2.799974,-0.342224,1.282868,-2.785441,0.323770,1.294525,-2.814049,25,25,26,25,25,25,25,24,26,25,25,26
1791408796.157481,-0.050238,1.248296,-2.777890,0.048149,1.249356,-2.799943,-0.342193,1.282838,-2.785441,0.323740,1.294494,-2.814034,25,25,26,25,25,25,25,24,26,25,25,26
1791408796.177559,-0.050238,1.248357,-2.777890,0.048239,1.249295,-2.799959,-0.342224,1.282838,-2.785441,0.323770,1.294494,-2.814049,25,25,26,25,25,25,25,24,26,25,25,26
1791408796.197365,-0.050208,1.248327,-2.777906,0.048209,1.249356,-2.799959,-0.342193,1.282898,-2.785441,0.323740,1.294494,-2.814049,25,25,26,25,25,25,25,24,26,25,25,26
1791408796.217802,-0.050238,1.248266,-2.777906,0.048239,1.249326,-2.799959,-0.342193,1.282868,-2.785441,0.323770,1.294464,-2.814049,25,25,26,25,25,25,25,24,26,25,25,26
1791408796.237375,-0.050238,1.248357,-2.777890,0.048209,1.249356,-2.799959,-0.342193,1.282838,-2.785425,0.323770,1.294494,-2.814049,25,25,26,25,25,25,25,24,26,25,25,26
1791408796.257354,-0.050238,1.248327,-2.777890,0.048239,1.249326,-2.799959,-0.342254,1.282868,-2.785441,0.323770,1.294494,-2.814049,25,25,26,25,25,25,25,24,26,25,25,26
1791408796.277463,-0.050208,1.248296,-2.777906,0.048239,1.249356,-2.799990,-0.342224,1.282838,-2.785441,0.323770,1.294494,-2.814081,25,25,26,25,25,25,25,24,26,25,25,26
1791408796.297479,-0.050208,1.248296,-2.777906,0.048209,1.249386,-2.799974,-0.342193,1.282838,-2.785441,0.323770,1.294494,-2.814049,25,25,26,25,25,25,25,24,26,25,25,26
1791408796.317564,-0.050208,1.248296,-2.777890,0.048209,1.249326,-2.799959,-0.342193,1.282868,-2.785441,0.323770,1.294494,-2.814049,25,25,26,25,25,25,25,24,26,25,25,26
1791408796.337496,-0.050208,1.248266,-2.777890,0.048209,1.249356,-2.799943,-0.342193,1.282868,-2.785457,0.323770,1.294464,-2.814049,25,25,26,25,25,25,25,24,26,25,25,26
1791408796.357486,-0.050177,1.248296,-2.777890,0.048209,1.249326,-2.799990,-0.342224,1.282868,-2.785425,0.323770,1.294494,-2.814049,25,25,26,25,25,25,25,24,26,25,25,26
1791408796.377561,-0.050238,1.248327,-2.777890,0.048209,1.249356,-2.799959,-0.342254,1.282807,-2.785457,0.323770,1.294494,-2.814049,25,25,26,25,25,25,25,24,26,25,25,26
1791408796.397374,-0.050238,1.248327,-2.777874,0.048209,1.249295,-2.799943,-0.342224,1.282898,-2.785441,0.323800,1.294494,-2.814049,25,25,26,25,25,25,25,24,26,25,25,26
1791408796.417484,-0.050238,1.248327,-2.777906,0.048209,1.249356,-2.799959,-0.342193,1.282868,-2.785441,0.323770,1.294464,-2.814065,25,25,26,25,25,25,25,24,26,25,25,26
1791408796.437377,-0.050208,1.248296,-2.777890,0.048209,1.249356,-2.799974,-0.342224,1.282868,-2.785457,0.323770,1.294494,-2.814065,25,25,26,25,25,25,25,24,26,25,25,26
1791408796.457498,-0.050208,1.248296,-2.777890,0.048209,1.249326,-2.799974,-0.342224,1.282868,-2.785457,0.323770,1.294464,-2.814049,25,25,26,25,25,25,25,24,26,25,25,26
1791408796.477406,-0.050208,1.248357,-2.777890,0.048209,1.249356,-2.799959,-0.342254,1.282898,-2.785441,0.323770,1.294525,-2.814049,25,25,26,25,25,25,25,24,26,25,25,26
1791408796.497418,-0.050208,1.248296,-2.777874,0.048209,1.249295,-2.799943,-0.342193,1.282838,-2.785441,0.323770,1.294494,-2.814049,25,25,26,25,25,25,25,24,26,25,25,26
1791408796.517473,-0.050177,1.248327,-2.777890,0.048209,1.249356,-2.799959,-0.342224,1.282868,-2.785457,0.323770,1.294464,-2.814049,25,25,26,25,25,25,25,24,26,25,25,26
1791408796.537594,-0.050208,1.248296,-2.777906,0.048209,1.249326,-2.799959,-0.342224,1.282838,-2.785441,0.323800,1.294464,-2.814049,25,25,26,25,25,25,25,24,26,25,25,26
1791408796.557723,-0.050238,1.248296,-2.777906,0.048209,1.249356,-2.799959,-0.342193,1.282838,-2.785425,0.323770,1.294464,-2.814065,25,25,26,25,25,25,25,24,26,25,25,26
1791408796.577431,-0.050208,1.248357,-2.777874,0.048239,1.249295,-2.799959,-0.342193,1.282868,-2.785457,0.323770,1.294494,-2.814049,25,25,26,25,25,25,25,24,26,25,25,26
1791408796.597523,-0.050208,1.248327,-2.777890,0.048209,1.249356,-2.799943,-0.342254,1.282868,-2.785441,0.323770,1.294464,-2.814049,25,25,26,25,25,25,25,24,26,25,25,26
1791408796.617655,-0.050238,1.248296,-2.777906,0.048209,1.249356,-2.799959,-0.342224,1.282838,-2.785441,0.323831,1.294494,-2.814065,25,25,26,25,25,25,25,24,26,25,25,26
1791408796.637614,-0.050177,1.248296,-2.777906,0.048209,1.249326,-2.799974,-0.342224,1.282868,-2.785441,0.323770,1.294464,-2.814049,25,25,26,25,25,25,25,24,26,25,25,26
1791408796.657517,-0.050238,1.248296,-2.777874,0.048239,1.249295,-2.799943,-0.342224,1.282898,-2.785425,0.323740,1.294525,-2.814065,25,25,26,25,25,25,25,24,26,25,25,26
1791408796.677552,-0.050238,1.248327,-2.777890,0.048239,1.249295,-2.799974,-0.342254,1.282838,-2.785441,0.323770,1.294494,-2.814049,25,25,26,25,25,25,25,24,26,25,25,26
1791408796.697587,-0.050208,1.248327,-2.777890,0.048239,1.249326,-2.799959,-0.342254,1.282838,-2.785441,0.323770,1.294494,-2.814065,25,25,26,25,25,25,25,24,26,25,25,26
1791408796.717337,-0.050208,1.248327,-2.777890,0.048209,1.249356,-2.799959,-0.342254,1.282838,-2.785457,0.323770,1.294494,-2.814065,25,25,26,25,25,25,25,24,26,25,25,26
1791408796.737408,-0.050238,1.248327,-2.777906,0.048209,1.249356,-2.799974,-0.342254,1.282868,-2.785441,0.323770,1.294464,-2.814065,25,25,26,25,25,25,25,24,26,25,25,26
1791408796.757538,-0.050177,1.248327,-2.777906,0.048209,1.249356,-2.799959,-0.342193,1.282838,-2.785425,0.323770,1.294494,-2.814049,25,25,26,25,25,25,25,24,26,25,25,26
1791408796.777300,-0.050238,1.248327,-2.777890,0.048209,1.249326,-2.799959,-0.342224,1.282838,-2.785441,0.323800,1.294494,-2.814065,25,25,26,25,25,25,25,24,26,25,25,26
1791408796.797451,-0.050238,1.248327,-2.777906,0.048209,1.249326,-2.799959,-0.342193,1.282807,-2.785425,0.323770,1.294464,-2.814065,25,25,26,25,25,25,25,24,26,25,25,26
1791408796.817430,-0.050208,1.248327,-2.777890,0.048209,1.249326,-2.799974,-0.342254,1.282868,-2.785457,0.323770,1.294494,-2.814049,25,25,26,25,25,25,25,24,26,25,25,26
1791408796.837367,-0.050238,1.248296,-2.777874,0.048209,1.249326,-2.799959,-0.342224,1.282838,-2.785441,0.323800,1.294494,-2.814049,25,25,26,25,25,25,25,24,26,25,25,26
1791408796.857710,-0.050238,1.248327,-2.777906,0.048239,1.249356,-2.799959,-0.342254,1.282868,-2.785441,0.323800,1.294494,-2.814049,25,25,26,25,25,25,25,24,26,25,25,26
1791408796.877512,-0.050238,1.248296,-2.777906,0.048179,1.249326,-2.799959,-0.342224,1.282868,-2.785441,0.323740,1.294464,-2.814049,25,25,26,25,25,25,25,24,26,25,25,26
1791408796.897480,-0.050238,1.248327,-2.777906,0.048239,1.249356,-2.799959,-0.342254,1.282868,-2.785425,0.323770,1.294464,-2.814049,25,25,26,25,25,25,25,24,26,25,25,26
1791408796.917411,-0.050238,1.248296,-2.777874,0.048239,1.249356,-2.799974,-0.342224,1.282868,-2.785457,0.323770,1.294494,-2.814049,25,25,26,25,25,25,25,24,26,25,25,26
1791408796.937755,-0.050208,1.248327,-2.777890,0.048239,1.249295,-2.799959,-0.342224,1.282838,-2.785441,0.323770,1.294464,-2.814034,25,25,26,25,25,25,25,24,26,25,25,26
1791408796.957428,-0.050238,1.248327,-2.777906,0.048179,1.249356,-2.799959,-0.342224,1.282868,-2.785441,0.323740,1.294494,-2.814049,25,25,26,25,25,25,25,24,26,25,25,26
1791408796.977547,-0.050238,1.248327,-2.777890,0.048239,1.249326,-2.799959,-0.342224,1.282868,-2.785441,0.323800,1.294494,-2.814049,25,25,26,25,25,25,25,24,26,25,25,26
1791408796.997413,-0.050238,1.248327,-2.777890,0.048209,1.249295,-2.799959,-0.342193,1.282838,-2.785457,0.323770,1.294525,-2.814049,25,25,26,25,25,25,25,24,26,25,25,26
1791408797.017483,-0.050208,1.248327,-2.777906,0.048239,1.249326,-2.799959,-0.342254,1.282838,-2.785441,0.323770,1.294464,-2.814034,25,25,26,25,25,25,25,24,26,25,25,26
1791408797.037643,-0.050177,1.248296,-2.777890,0.048239,1.249326,-2.799974,-0.342224,1.282838,-2.785425,0.323800,1.294494,-2.814065,25,25,26,25,25,25,25,24,26,25,25,26
1791408797.057599,-0.050208,1.248357,-2.777890,0.048239,1.249356,-2.799959,-0.342193,1.282838,-2.785457,0.323800,1.294494,-2.814049,25,25,26,25,25,25,25,24,26,25,25,26
1791408797.077551,-0.050268,1.248296,-2.777874,0.048239,1.249326,-2.799974,-0.342254,1.282838,-2.785441,0.323770,1.294494,-2.814049,25,25,26,25,25,25,25,24,26,25,25,26
1791408797.097684,-0.050208,1.248266,-2.777890,0.048209,1.249326,-2.799974,-0.342224,1.282868,-2.785441,0.323770,1.294494,-2.814049,25,25,26,25,25,25,25,24,26,25,25,26
1791408797.117529,-0.050208,1.248327,-2.777890,0.048239,1.249356,-2.799959,-0.342224,1.282868,-2.785441,0.323770,1.294464,-2.814049,25,25,26,25,25,25,25,24,26,25,25,26
1791408797.137527,-0.050208,1.248296,-2.777890,0.048239,1.249356,-2.799974,-0.342254,1.282868,-2.785441,0.323770,1.294494,-2.814065,25,25,26,25,25,25,25,24,26,25,25,26
1791408797.157600,-0.050208,1.248327,-2.777890,0.048239,1.249326,-2.799974,-0.342224,1.282868,-2.785425,0.323800,1.294494,-2.814049,25,25,26,25,25,25,25,24,26,25,25,26
1791408797.177431,-0.050238,1.248327,-2.777890,0.048209,1.249326,-2.799959,-0.342193,1.282838,-2.785441,0.323770,1.294494,-2.814049,25,25,26,25,25,25,25,24,26,25,25,26
1791408797.197537,-0.050208,1.248327,-2.777890,0.048239,1.249356,-2.799959,-0.342224,1.282898,-2.785441,0.323800,1.294494,-2.814049,25,25,26,25,25,25,25,24,26,25,25,26
1791408797.217756,-0.050238,1.248296,-2.777874,0.048239,1.249356,-2.799990,-0.342193,1.282838,-2.785425,0.323770,1.294494,-2.814065,25,25,26,25,25,25,25,24,26,25,25,26
1791408797.237467,-0.050268,1.248327,-2.777890,0.048179,1.249326,-2.799943,-0.342254,1.282898,-2.785441,0.323800,1.294494,-2.814049,25,25,26,25,25,25,25,24,26,25,25,26
1791408797.257383,-0.050177,1.248296,-2.777874,0.048179,1.249326,-2.799974,-0.342224,1.282838,-2.785425,0.323800,1.294525,-2.814065,25,25,26,25,25,25,25,24,26,25,25,26
1791408797.277593,-0.050238,1.248296,-2.777906,0.048209,1.249326,-2.799974,-0.342224,1.282868,-2.785441,0.323770,1.294494,-2.814049,25,25,26,25,25,25,25,24,26,25,25,26
1791408797.297571,-0.050238,1.248327,-2.777906,0.048209,1.249326,-2.799974,-0.342224,1.282838,-2.785441,0.323770,1.294494,-2.814065,25,25,26,25,25,25,25,24,26,25,25,26
1791408797.317366,-0.050208,1.248357,-2.777906,0.048239,1.249326,-2.799974,-0.342224,1.282838,-2.785441,0.323770,1.294464,-2.814065,25,25,26,25,25,25,25,24,26,25,25,26
1791408797.337928,-0.050238,1.248327,-2.777874,0.048209,1.249356,-2.799959,-0.342224,1.282868,-2.785441,0.323770,1.294464,-2.814065,25,25,26,25,25,25,25,24,26,25,25,26
1791408797.357481,-0.050238,1.248327,-2.777906,0.048209,1.249326,-2.799959,-0.342254,1.282868,-2.785441,0.323770,1.294494,-2.814049,25,25,26,25,25,25,25,24,26,25,25,26
1791408797.377498,-0.050208,1.248296,-2.777890,0.048209,1.249356,-2.799959,-0.342224,1.282868,-2.785441,0.323770,1.294464,-2.814034,25,25,26,25,25,25,25,24,26,25,25,26
1791408797.397441,-0.050208,1.248266,-2.777890,0.048239,1.249295,-2.799974,-0.342224,1.282898,-2.785441,0.323831,1.294434,-2.814034,25,25,26,25,25,25,25,24,26,25,25,26
1791408797.417431,-0.050238,1.248296,-2.777906,0.048209,1.249326,-2.799974,-0.342254,1.282868,-2.785441,0.323800,1.294494,-2.814049,25,25,26,25,25,25,25,24,26,25,25,26
1791408797.437487,-0.050238,1.248296,-2.777874,0.048209,1.249326,-2.799959,-0.342254,1.282868,-2.785441,0.323740,1.294494,-2.814049,25,25,26,25,25,25,25,24,26,25,25,26
1791408797.457501,-0.050208,1.248296,-2.777890,0.048239,1.249326,-2.799974,-0.342224,1.282898,-2.785457,0.323800,1.294494,-2.814049,25,25,26,25,25,25,25,24,26,25,25,26
1791408797.477566,-0.050238,1.248327,-2.777890,0.048239,1.249326,-2.799974,-0.342254,1.282838,-2.785457,0.323831,1.294494,-2.814049,25,25,26,25,25,25,25,24,26,25,25,26
1791408797.497702,-0.050208,1.248327,-2.777890,0.048209,1.249326,-2.799959,-0.342224,1.282868,-2.785441,0.323800,1.294494,-2.814049,25,25,26,25,25,25,25,24,26,25,25,26
1791408797.517484,-0.050208,1.248296,-2.777890,0.048239,1.249295,-2.799959,-0.342254,1.282838,-2.785441,0.323770,1.294494,-2.814065,25,25,26,25,25,25,25,24,26,25,25,26
1791408797.537820,-0.050208,1.248327,-2.777906,0.048209,1.249356,-2.799974,-0.342254,1.282868,-2.785425,0.323800,1.294464,-2.814049,25,25,26,25,25,25,25,24,26,25,25,26
1791408797.557608,-0.050177,1.248296,-2.777890,0.048209,1.249326,-2.799959,-0.342224,1.282868,-2.785441,0.323831,1.294494,-2.814034,25,25,26,25,25,25,25,24,26,25,25,26
1791408797.577619,-0.050208,1.248296,-2.777890,0.048209,1.249295,-2.799959,-0.342224,1.282898,-2.785441,0.323770,1.294494,-2.814049,25,25,26,25,25,25,25,24,26,25,25,26
1791408797.597552,-0.050238,1.248296,-2.777874,0.048239,1.249356,-2.799974,-0.342224,1.282838,-2.785457,0.323740,1.294494,-2.814049,25,25,26,25,25,25,25,24,26,25,25,26
1791408797.617517,-0.050177,1.248357,-2.777890,0.048239,1.249326,-2.799943,-0.342254,1.282838,-2.785441,0.323770,1.294494,-2.814049,25,25,26,25,25,25,25,24,26,25,25,26
1791408797.637477,-0.050238,1.248266,-2.777906,0.048209,1.249295,-2.799974,-0.342224,1.282868,-2.785441,0.323831,1.294525,-2.814049,25,25,26,25,25,25,25,24,26,25,25,26
1791408797.657637,-0.050268,1.248327,-2.777874,0.048209,1.249326,-2.799959,-0.342224,1.282868,-2.785441,0.323800,1.294494,-2.814049,25,25,26,25,25,25,25,24,26,25,25,26
1791408797.677525,-0.050208,1.248327,-2.777890,0.048209,1.249356,-2.799974,-0.342254,1.282868,-2.785441,0.323770,1.294494,-2.814049,25,25,26,25,25,25,25,24,26,25,25,26
1791408797.697677,-0.050238,1.248296,-2.777890,0.048209,1.249356,-2.799959,-0.342254,1.282868,-2.785457,0.323800,1.294494,-2.814034,25,25,26,25,25,25,25,24,26,25,25,26
1791408797.717450,-0.050208,1.248296,-2.777874,0.048179,1.249295,-2.799959,-0.342254,1.282838,-2.785441,0.323740,1.294494,-2.814049,25,25,26,25,25,25,25,24,26,25,25,26
1791408797.737490,-0.050208,1.248296,-2.777890,0.048209,1.249265,-2.799959,-0.342284,1.282868,-2.785457,0.323770,1.294525,-2.814065,25,25,26,25,25,25,25,24,26,25,25,26
1791408797.757529,-0.050238,1.248266,-2.777890,0.048239,1.249326,-2.799974,-0.342193,1.282898,-2.785441,0.323770,1.294525,-2.814065,25,25,26,25,25,25,25,24,26,25,25,26
1791408797.777451,-0.050208,1.248327,-2.777890,0.048209,1.249356,-2.799959,-0.342224,1.282838,-2.785441,0.323770,1.294464,-2.814049,25,25,26,25,25,25,25,24,26,25,25,26
1791408797.797597,-0.050238,1.248266,-2.777874,0.048209,1.249356,-2.799974,-0.342284,1.282868,-2.785441,0.323800,1.294494,-2.814065,25,25,26,25,25,25,25,24,26,25,25,26
1791408797.817572,-0.050238,1.248296,-2.777890,0.048239,1.249326,-2.799959,-0.342254,1.282868,-2.785441,0.323800,1.294494,-2.814049,25,25,26,25,25,25,25,24,26,25,25,26
1791408797.837505,-0.050208,1.248296,-2.777890,0.048209,1.249356,-2.799959,-0.342254,1.282807,-2.785457,0.323770,1.294494,-2.814049,25,25,26,25,25,25,25,24,26,25,25,26
1791408797.857429,-0.050208,1.248296,-2.777906,0.048209,1.249356,-2.799974,-0.342284,1.282868,-2.785425,0.323800,1.294464,-2.814049,25,25,26,25,25,25,25,24,26,25,25,26
1791408797.877465,-0.050177,1.248327,-2.777890,0.048209,1.249326,-2.799959,-0.342254,1.282898,-2.785441,0.323800,1.294494,-2.814065,25,25,26,25,25,25,25,24,26,25,25,26
1791408797.897451,-0.050238,1.248327,-2.777890,0.048239,1.249356,-2.799959,-0.342254,1.282868,-2.785457,0.323740,1.294494,-2.814065,25,25,26,25,25,25,25,24,26,25,25,26
1791408797.917529,-0.050238,1.248327,-2.777890,0.048209,1.249356,-2.799959,-0.342224,1.282898,-2.785441,0.323770,1.294464,-2.814049,25,25,26,25,25,25,25,24,26,25,25,26
1791408797.937648,-0.050238,1.248327,-2.777906,0.048179,1.249326,-2.799959,-0.342254,1.282868,-2.785425,0.323800,1.294525,-2.814034,25,25,26,25,25,25,25,24,26,25,25,26
1791408797.957467,-0.050208,1.248327,-2.777906,0.048209,1.249295,-2.799974,-0.342224,1.282868,-2.785441,0.323770,1.294464,-2.814049,25,25,26,25,25,25,25,24,26,25,25,26
1791408797.977790,-0.050238,1.248327,-2.777890,0.048209,1.249326,-2.799974,-0.342224,1.282868,-2.785441,0.323831,1.294464,-2.814065,25,25,26,25,25,25,25,24,26,25,25,26
1791408797.997499,-0.050238,1.248296,-2.777890,0.048239,1.249356,-2.799974,-0.342254,1.282838,-2.785425,0.323770,1.294464,-2.814049,25,25,26,25,25,25,25,24,26,25,25,26
1791408798.017429,-0.050238,1.248327,-2.777874,0.048239,1.249326,-2.799959,-0.342284,1.282838,-2.785441,0.323831,1.294494,-2.814049,25,25,26,25,25,25,25,24,26,25,25,26
1791408798.037410,-0.050238,1.248327,-2.777890,0.048209,1.249326,-2.799974,-0.342224,1.282868,-2.785425,0.323800,1.294494,-2.814065,25,25,26,25,25,25,25,24,26,25,25,26
1791408798.057390,-0.050177,1.248327,-2.777890,0.048209,1.249356,-2.799959,-0.342254,1.282868,-2.785441,0.323770,1.294464,-2.814049,25,25,26,25,25,25,25,24,26,25,25,26
1791408798.077527,-0.050238,1.248266,-2.777890,0.048239,1.249356,-2.799959,-0.342284,1.282898,-2.785457,0.323770,1.294494,-2.814065,25,25,26,25,25,25,25,24,26,25,25,26
1791408798.097540,-0.050208,1.248327,-2.777890,0.048239,1.249356,-2.799974,-0.342224,1.282868,-2.785441,0.323770,1.294494,-2.814049,25,25,26,25,25,25,25,24,26,25,25,26
1791408798.117427,-0.050208,1.248327,-2.777906,0.048209,1.249326,-2.799959,-0.342254,1.282868,-2.785441,0.323770,1.294494,-2.814049,25,25,26,25,25,25,25,24,26,25,25,26
1791408798.137547,-0.050238,1.248296,-2.777874,0.048239,1.249326,-2.799943,-0.342284,1.282868,-2.785425,0.323770,1.294525,-2.814034,25,25,26,25,25,25,25,24,26,25,25,26
1791408798.157563,-0.050238,1.248327,-2.777874,0.048239,1.249386,-2.799959,-0.342254,1.282868,-2.785441,0.323800,1.294525,-2.814049,25,25,26,25,25,25,25,24,26,25,25,26
1791408798.177598,-0.050238,1.248327,-2.777890,0.048209,1.249326,-2.799974,-0.342254,1.282868,-2.785441,0.323770,1.294464,-2.814049,25,25,26,25,25,25,25,24,26,25,25,26
1791408798.197411,-0.050238,1.248296,-2.777874,0.048239,1.249326,-2.799990,-0.342254,1.282838,-2.785441,0.323770,1.294464,-2.814065,25,25,26,25,25,25,25,24,26,25,25,26
1791408798.217686,-0.050238,1.248327,-2.777874,0.048239,1.249326,-2.799959,-0.342284,1.282898,-2.785441,0.323831,1.294464,-2.814049,25,25,26,25,25,25,25,24,26,25,25,26
1791408798.237415,-0.050177,1.248296,-2.777890,0.048179,1.249326,-2.799959,-0.342254,1.282868,-2.785441,0.323770,1.294494,-2.814065,25,25,26,25,25,25,25,24,26,25,25,26
1791408798.257441,-0.050238,1.248327,-2.777906,0.048239,1.249326,-2.799959,-0.342254,1.282838,-2.785441,0.323831,1.294464,-2.814049,25,25,26,25,25,25,25,24,26,25,25,26
1791408798.277597,-0.050208,1.248296,-2.777906,0.048239,1.249326,-2.799974,-0.342254,1.282868,-2.785457,0.323800,1.294494,-2.814049,25,25,26,25,25,25,25,24,26,25,25,26
1791408798.297524,-0.050238,1.248357,-2.777906,0.048239,1.249356,-2.799974,-0.342254,1.282868,-2.785441,0.323770,1.294494,-2.814049,25,25,26,25,25,25,25,24,26,25,25,26
1791408798.317507,-0.050238,1.248327,-2.777874,0.048209,1.249356,-2.799959,-0.342254,1.282868,-2.785441,0.323800,1.294464,-2.814065,25,25,26,25,25,25,25,24,26,25,25,26
1791408798.337441,-0.050177,1.248266,-2.777874,0.048239,1.249295,-2.799974,-0.342254,1.282838,-2.785441,0.323800,1.294464,-2.814049,25,25,26,25,25,25,25,24,26,25,25,26
1791408798.357543,-0.050238,1.248327,-2.777890,0.048209,1.249326,-2.799959,-0.342224,1.282868,-2.785457,0.323800,1.294464,-2.814049,25,25,26,25,25,25,25,24,26,25,25,26
1791408798.377364,-0.050208,1.248327,-2.777874,0.048239,1.249356,-2.799959,-0.342284,1.282868,-2.785457,0.323831,1.294525,-2.814065,25,25,26,25,25,25,25,24,26,25,25,26
1791408798.397601,-0.050208,1.248327,-2.777906,0.048209,1.249356,-2.799974,-0.342284,1.282868,-2.785457,0.323770,1.294464,-2.814065,25,25,26,25,25,25,25,24,26,25,25,26
1791408798.417464,-0.050208,1.248327,-2.777906,0.048209,1.249356,-2.799974,-0.342284,1.282838,-2.785441,0.323740,1.294494,-2.814049,25,25,26,25,25,25,25,24,26,25,25,26
1791408798.437608,-0.050238,1.248327,-2.777890,0.048239,1.249295,-2.799959,-0.342224,1.282838,-2.785457,0.323740,1.294494,-2.814065,25,25,26,25,25,25,25,24,26,25,25,26
1791408798.457580,-0.050238,1.248327,-2.777890,0.048209,1.249356,-2.799959,-0.342254,1.282838,-2.785425,0.323800,1.294494,-2.814049,25,25,26,25,25,25,25,24,26,25,25,26
1791408798.477640,-0.050238,1.248296,-2.777906,0.048239,1.249326,-2.799959,-0.342254,1.282838,-2.785441,0.323831,1.294464,-2.814049,25,25,26,25,25,25,25,24,26,25,25,26
1791408798.497478,-0.050177,1.248296,-2.777890,0.048239,1.249295,-2.799959,-0.342284,1.282838,-2.785457,0.323831,1.294494,-2.814049,25,25,26,25,25,25,25,24,26,25,25,26
1791408798.517620,-0.050238,1.248327,-2.777906,0.048209,1.249326,-2.799974,-0.342254,1.282868,-2.785425,0.323770,1.294464,-2.814065,25,25,26,25,25,25,25,24,26,25,25,26
1791408798.537466,-0.050238,1.248296,-2.777890,0.048209,1.249356,-2.799974,-0.342284,1.282868,-2.785441,0.323770,1.294494,-2.814049,25,25,26,25,25,25,25,24,26,25,25,26
1791408798.557717,-0.050177,1.248327,-2.777906,0.048209,1.249295,-2.799959,-0.342254,1.282868,-2.785441,0.323770,1.294494,-2.814049,25,25,26,25,25,25,25,24,26,25,25,26
1791408798.577588,-0.050238,1.248327,-2.777890,0.048209,1.249295,-2.799959,-0.342254,1.282868,-2.785441,0.323831,1.294494,-2.814034,25,25,26,25,25,25,25,24,26,25,25,26
1791408798.597416,-0.050238,1.248327,-2.777874,0.048209,1.249295,-2.799959,-0.342254,1.282868,-2.785441,0.323770,1.294494,-2.814049,25,25,26,25,25,25,25,24,26,25,25,26
1791408798.617524,-0.050208,1.248296,-2.777890,0.048270,1.249326,-2.799959,-0.342254,1.282838,-2.785441,0.323770,1.294494,-2.814034,25,25,26,25,25,25,25,24,26,25,25,26
1791408798.637410,-0.050238,1.248327,-2.777890,0.048270,1.249356,-2.799974,-0.342254,1.282868,-2.785441,0.323770,1.294494,-2.814049,25,25,26,25,25,25,25,24,26,25,25,26
1791408798.657551,-0.050268,1.248327,-2.777890,0.048209,1.249295,-2.799959,-0.342284,1.282868,-2.785425,0.323831,1.294494,-2.814065,25,25,26,25,25,25,25,24,26,25,25,26
1791408798.677592,-0.050238,1.248327,-2.777906,0.048239,1.249356,-2.799959,-0.342254,1.282868,-2.785473,0.323831,1.294525,-2.814081,25,25,26,25,25,25,25,24,26,25,25,26
1791408798.697941,-0.050208,1.248327,-2.777890,0.048239,1.249356,-2.799959,-0.342254,1.282838,-2.785457,0.323800,1.294525,-2.814049,25,25,26,25,25,25,25,24,26,25,25,26
1791408798.717683,-0.050208,1.248327,-2.777906,0.048239,1.249356,-2.799974,-0.342284,1.282838,-2.785441,0.323770,1.294494,-2.814065,25,25,26,25,25,25,25,24,26,25,25,26
1791408798.737456,-0.050238,1.248296,-2.777906,0.048239,1.249326,-2.799974,-0.342254,1.282898,-2.785457,0.323770,1.294525,-2.814049,25,25,26,25,25,25,25,24,26,25,25,26
1791408798.757637,-0.050238,1.248327,-2.777890,0.048209,1.249356,-2.799974,-0.342254,1.282898,-2.785441,0.323831,1.294494,-2.814049,25,25,26,25,25,25,25,24,26,25,25,26
1791408798.777467,-0.050208,1.248327,-2.777906,0.048209,1.249356,-2.799959,-0.342254,1.282838,-2.785441,0.323770,1.294464,-2.814049,25,25,26,25,25,25,25,24,26,25,25,26
1791408798.797591,-0.050177,1.248266,-2.777890,0.048239,1.249326,-2.799974,-0.342254,1.282838,-2.785425,0.323770,1.294494,-2.814049,25,25,26,25,25,25,25,24,26,25,25,26
1791408798.817641,-0.050238,1.248296,-2.777890,0.048239,1.249295,-2.799974,-0.342284,1.282838,-2.785425,0.323831,1.294464,-2.814049,25,25,26,25,25,25,25,24,26,25,25,26
1791408798.837599,-0.050268,1.248327,-2.777890,0.048209,1.249356,-2.799959,-0.342254,1.282838,-2.785457,0.323800,1.294494,-2.814049,25,25,26,25,25,25,25,24,26,25,25,26
1791408798.857621,-0.050208,1.248357,-2.777890,0.048179,1.249326,-2.799974,-0.342284,1.282838,-2.785425,0.323770,1.294494,-2.814065,25,25,26,25,25,25,25,24,26,25,25,26
1791408798.877439,-0.050177,1.248327,-2.777890,0.048239,1.249326,-2.799974,-0.342254,1.282868,-2.785441,0.323831,1.294525,-2.814049,25,25,26,25,25,25,25,24,26,25,25,26
1791408798.897473,-0.050238,1.248296,-2.777890,0.048209,1.249326,-2.799959,-0.342284,1.282868,-2.785441,0.323770,1.294525,-2.814065,25,25,26,25,25,25,25,24,26,25,25,26
1791408798.917555,-0.050208,1.248296,-2.777890,0.048209,1.249326,-2.799974,-0.342284,1.282868,-2.785441,0.323770,1.294464,-2.814034,25,25,26,25,25,25,25,24,26,25,25,26
1791408798.937658,-0.050238,1.248327,-2.777890,0.048209,1.249356,-2.799974,-0.342284,1.282868,-2.785441,0.323831,1.294494,-2.814049,25,25,26,25,25,25,25,24,26,25,25,26
1791408798.957465,-0.050208,1.248296,-2.777906,0.048209,1.249356,-2.799974,-0.342284,1.282838,-2.785410,0.323770,1.294494,-2.814049,25,25,26,25,25,25,25,24,26,25,25,26
1791408798.977427,-0.050238,1.248296,-2.777906,0.048209,1.249326,-2.799974,-0.342284,1.282898,-2.785441,0.323800,1.294494,-2.814049,25,25,26,25,25,25,25,24,26,25,25,26
1791408798.997622,-0.050268,1.248327,-2.777874,0.048209,1.249326,-2.799959,-0.342254,1.282898,-2.785441,0.323770,1.294525,-2.814065,25,25,26,25,25,25,25,24,26,25,25,26
1791408799.017459,-0.050208,1.248296,-2.777874,0.048239,1.249356,-2.799959,-0.342254,1.282898,-2.785441,0.323770,1.294494,-2.814049,25,25,26,25,25,25,25,24,26,25,25,26
1791408799.037538,-0.050238,1.248327,-2.777890,0.048239,1.249356,-2.799959,-0.342284,1.282868,-2.785441,0.323770,1.294494,-2.814049,25,25,26,25,25,25,25,24,26,25,25,26
1791408799.057428,-0.050238,1.248327,-2.777906,0.048179,1.249326,-2.799990,-0.342254,1.282898,-2.785441,0.323770,1.294494,-2.814049,25,25,26,25,25,25,25,24,26,25,25,26
1791408799.077597,-0.050238,1.248296,-2.777906,0.048270,1.249326,-2.799959,-0.342284,1.282838,-2.785425,0.323770,1.294494,-2.814065,25,25,26,25,25,25,25,24,26,25,25,26
1791408799.097443,-0.050238,1.248327,-2.777890,0.048209,1.249356,-2.799959,-0.342254,1.282898,-2.785457,0.323770,1.294525,-2.814049,25,25,26,25,25,25,25,24,26,25,25,26
1791408799.117327,-0.050238,1.248327,-2.777906,0.048209,1.249326,-2.799959,-0.342254,1.282898,-2.785441,0.323770,1.294464,-2.814049,25,25,26,25,25,25,25,24,26,25,25,26
1791408799.137603,-0.050208,1.248327,-2.777890,0.048239,1.249356,-2.799990,-0.342254,1.282868,-2.785441,0.323770,1.294525,-2.814049,25,25,26,25,25,25,25,24,26,25,25,26
1791408799.157541,-0.050238,1.248357,-2.777890,0.048239,1.249326,-2.799959,-0.342284,1.282868,-2.785457,0.323800,1.294525,-2.814049,25,25,26,25,25,25,25,24,26,25,25,26
1791408799.181744,-0.050238,1.248327,-2.777890,0.048209,1.249326,-2.799974,-0.342284,1.282898,-2.785441,0.323800,1.294464,-2.814065,25,25,26,25,25,25,25,24,26,25,25,26
1791408799.199459,-0.050208,1.248327,-2.777906,0.048239,1.249326,-2.799959,-0.342284,1.282898,-2.785425,0.323770,1.294494,-2.814049,25,25,26,25,25,25,25,24,26,25,25,26
1791408799.219391,-0.050208,1.248327,-2.777890,0.048209,1.249295,-2.799959,-0.342254,1.282868,-2.785441,0.323831,1.294494,-2.814049,25,25,26,25,25,25,25,24,26,25,25,26
1791408799.239689,-0.050238,1.248296,-2.777890,0.048209,1.249326,-2.799959,-0.342284,1.282868,-2.785425,0.323770,1.294494,-2.814049,25,25,26,25,25,25,25,24,26,25,25,26
1791408799.259784,-0.050208,1.248327,-2.777906,0.048209,1.249356,-2.799959,-0.342254,1.282868,-2.785425,0.323800,1.294494,-2.814065,25,25,26,25,25,25,25,24,26,25,25,26
1791408799.279580,-0.050238,1.248327,-2.777890,0.048239,1.249326,-2.799959,-0.342254,1.282868,-2.785441,0.323770,1.294464,-2.814049,25,25,26,25,25,25,25,24,26,25,25,26
1791408799.299476,-0.050177,1.248296,-2.777906,0.048209,1.249356,-2.799974,-0.342284,1.282868,-2.785425,0.323831,1.294494,-2.814049,25,25,26,25,25,25,25,24,26,25,25,26
1791408799.319549,-0.050208,1.248296,-2.777890,0.048239,1.249295,-2.799974,-0.342284,1.282868,-2.785441,0.323800,1.294434,-2.814049,25,25,26,25,25,25,25,24,26,25,25,26
1791408799.339477,-0.050238,1.248327,-2.777890,0.048239,1.249326,-2.799959,-0.342254,1.282898,-2.785441,0.323800,1.294494,-2.814034,25,25,26,25,25,25,25,24,26,25,25,26
1791408799.359554,-0.050208,1.248327,-2.777890,0.048239,1.249326,-2.799959,-0.342254,1.282838,-2.785457,0.323800,1.294464,-2.814065,25,25,26,25,25,25,25,24,26,25,25,26
1791408799.379551,-0.050268,1.248296,-2.777906,0.048239,1.249295,-2.799959,-0.342254,1.282838,-2.785425,0.323770,1.294464,-2.814049,25,25,26,25,25,25,25,24,26,25,25,26
1791408799.399561,-0.050208,1.248296,-2.777890,0.048239,1.249326,-2.799959,-0.342284,1.282838,-2.785457,0.323831,1.294494,-2.814049,25,25,26,25,25,25,25,24,26,25,25,26
1791408799.419810,-0.050208,1.248327,-2.777906,0.048209,1.249356,-2.799959,-0.342315,1.282868,-2.785425,0.323831,1.294494,-2.814049,25,25,26,25,25,25,25,24,26,25,25,26
1791408799.439778,-0.050208,1.248327,-2.777906,0.048209,1.249295,-2.799959,-0.342254,1.282898,-2.785425,0.323770,1.294494,-2.814049,25,25,26,25,25,25,25,24,26,25,25,26
1791408799.459760,-0.050208,1.248296,-2.777874,0.048239,1.249326,-2.799990,-0.342284,1.282838,-2.785425,0.323800,1.294464,-2.814049,25,25,26,25,25,25,25,24,26,25,25,26
1791408799.479624,-0.050208,1.248327,-2.777874,0.048239,1.249356,-2.799959,-0.342254,1.282898,-2.785441,0.323770,1.294494,-2.814049,25,25,26,25,25,25,25,24,26,25,25,26
1791408799.499781,-0.050208,1.248327,-2.777906,0.048209,1.249326,-2.799959,-0.342254,1.282898,-2.785441,0.323831,1.294464,-2.814049,25,25,26,25,25,25,25,24,26,25,25,26
1791408799.519573,-0.050208,1.248296,-2.777906,0.048209,1.249326,-2.799974,-0.342254,1.282868,-2.785441,0.323831,1.294464,-2.814034,25,25,26,25,25,25,25,24,26,25,25,26
1791408799.539572,-0.050177,1.248327,-2.777890,0.048209,1.249326,-2.799959,-0.342315,1.282868,-2.785425,0.323831,1.294525,-2.814065,25,25,26,25,25,25,25,24,26,25,25,26
1791408799.559623,-0.050177,1.248327,-2.777890,0.048239,1.249295,-2.799959,-0.342284,1.282898,-2.785441,0.323770,1.294464,-2.814049,25,25,26,25,25,25,25,24,26,25,25,26
1791408799.579485,-0.050238,1.248327,-2.777890,0.048179,1.249356,-2.799974,-0.342254,1.282868,-2.785441,0.323770,1.294464,-2.814049,25,25,26,25,25,25,25,24,26,25,25,26
1791408799.599675,-0.050208,1.248327,-2.777890,0.048239,1.249326,-2.799959,-0.342284,1.282838,-2.785457,0.323831,1.294525,-2.814049,25,25,26,25,25,25,25,24,26,25,25,26
1791408799.619517,-0.050208,1.248296,-2.777874,0.048239,1.249326,-2.799974,-0.342284,1.282838,-2.785441,0.323800,1.294494,-2.814065,25,25,26,25,25,25,25,24,26,25,25,26
1791408799.639467,-0.050238,1.248327,-2.777890,0.048239,1.249356,-2.799943,-0.342284,1.282838,-2.785441,0.323800,1.294494,-2.814049,25,25,26,25,25,25,25,24,26,25,25,26
1791408799.659521,-0.050208,1.248327,-2.777890,0.048209,1.249326,-2.799959,-0.342284,1.282898,-2.785441,0.323831,1.294494,-2.814049,25,25,26,25,25,25,25,24,26,25,25,26
1791408799.679604,-0.050238,1.248327,-2.777890,0.048239,1.249356,-2.799959,-0.342284,1.282868,-2.785425,0.323770,1.294494,-2.814049,25,25,26,25,25,25,25,24,26,25,25,26
1791408799.699700,-0.050208,1.248327,-2.777906,0.048239,1.249326,-2.799974,-0.342284,1.282838,-2.785441,0.323831,1.294494,-2.814034,25,25,26,25,25,25,25,24,26,25,25,26
1791408799.719704,-0.050208,1.248327,-2.777890,0.048239,1.249386,-2.799974,-0.342254,1.282868,-2.785425,0.323770,1.294494,-2.814034,25,25,26,25,25,25,25,24,26,25,25,26
1791408799.739644,-0.050208,1.248327,-2.777890,0.048239,1.249326,-2.799943,-0.342284,1.282898,-2.785441,0.323770,1.294494,-2.814049,25,25,26,25,25,25,25,24,26,25,25,26
1791408799.759695,-0.050238,1.248327,-2.777906,0.048239,1.249356,-2.799959,-0.342254,1.282868,-2.785441,0.323800,1.294525,-2.814049,25,25,26,25,25,25,25,24,26,25,25,26
1791408799.779749,-0.050208,1.248327,-2.777906,0.048179,1.249356,-2.799974,-0.342284,1.282838,-2.785441,0.323831,1.294464,-2.814065,25,25,26,25,25,25,25,24,26,25,25,26
1791408799.799656,-0.050208,1.248327,-2.777906,0.048209,1.249326,-2.799974,-0.342284,1.282898,-2.785457,0.323831,1.294494,-2.814049,25,25,26,25,25,25,25,24,26,25,25,26
1791408799.819651,-0.050208,1.248296,-2.777890,0.048239,1.249326,-2.799974,-0.342254,1.282868,-2.785457,0.323831,1.294464,-2.814034,25,25,26,25,25,25,25,24,26,25,25,26
1791408799.839656,-0.050238,1.248327,-2.777890,0.048239,1.249326,-2.799959,-0.342284,1.282868,-2.785425,0.323770,1.294464,-2.814065,25,25,26,25,25,25,25,24,26,25,25,26
1791408799.859834,-0.050238,1.248266,-2.777906,0.048239,1.249326,-2.799974,-0.342254,1.282898,-2.785441,0.323800,1.294494,-2.814065,25,25,26,25,25,25,25,24,26,25,25,26
1791408799.879674,-0.050238,1.248327,-2.777890,0.048239,1.249326,-2.799943,-0.342284,1.282838,-2.785425,0.323800,1.294494,-2.814065,25,25,26,25,25,25,25,24,26,25,25,26
1791408799.899610,-0.050238,1.248327,-2.777890,0.048179,1.249356,-2.799959,-0.342254,1.282868,-2.785441,0.323831,1.294494,-2.814034,25,25,26,25,25,25,25,24,26,25,25,26
1791408799.919665,-0.050238,1.248296,-2.777874,0.048209,1.249295,-2.799959,-0.342254,1.282868,-2.785441,0.323770,1.294525,-2.814049,25,25,26,25,25,25,25,24,26,25,25,26
1791408799.939690,-0.050238,1.248327,-2.777906,0.048239,1.249356,-2.799959,-0.342284,1.282868,-2.785457,0.323800,1.294464,-2.814049,25,25,26,25,25,25,25,24,26,25,25,26
1791408799.959737,-0.050268,1.248357,-2.777906,0.048239,1.249356,-2.799959,-0.342284,1.282898,-2.785441,0.323800,1.294494,-2.814049,25,25,26,25,25,25,25,24,26,25,25,26
1791408799.979688,-0.050238,1.248327,-2.777890,0.048209,1.249326,-2.799974,-0.342284,1.282868,-2.785425,0.323770,1.294494,-2.814049,25,25,26,25,25,25,25,24,26,25,25,26
