t,mode,gait_type,error_code,body_height,px,py,pz,vx,vy,vz,yaw_speed,yaw
1791408778.015374,0,0,1001,0.07177,-0.00573,0.00342,0.05338,-0.00000,0.00000,-0.00000,-0.01704,-0.001112
1791408778.035459,0,0,1001,0.07176,-0.00573,0.00342,0.05338,-0.00000,0.00000,-0.00000,-0.00639,-0.001109
1791408778.055391,0,0,1001,0.07177,-0.00573,0.00342,0.05338,-0.00000,-0.00000,-0.00000,-0.00959,-0.001090
1791408778.075392,0,0,1001,0.07177,-0.00574,0.00342,0.05338,-0.00000,0.00000,-0.00000,-0.00959,-0.001048
1791408778.095450,0,0,1001,0.07177,-0.00573,0.00342,0.05338,-0.00000,0.00000,-0.00000,-0.01065,-0.001045
1791408778.115420,0,0,1001,0.07177,-0.00573,0.00342,0.05338,-0.00000,0.00000,-0.00000,-0.00320,-0.000990
1791408778.135097,0,0,1001,0.07177,-0.00573,0.00342,0.05338,-0.00000,0.00000,-0.00000,-0.00426,-0.000991
1791408778.155389,0,0,1001,0.07177,-0.00573,0.00342,0.05338,-0.00000,0.00000,-0.00000,-0.01385,-0.001003
1791408778.175399,0,0,1001,0.07177,-0.00573,0.00342,0.05338,-0.00000,0.00000,-0.00000,-0.01065,-0.000987
1791408778.195308,0,0,1001,0.07177,-0.00573,0.00342,0.05337,-0.00000,0.00000,-0.00000,0.01278,-0.001021
1791408778.215062,0,0,1001,0.07176,-0.00574,0.00342,0.05337,-0.00000,0.00000,-0.00000,0.00426,-0.000964
1791408778.235002,0,0,1001,0.07177,-0.00574,0.00341,0.05337,-0.00000,-0.00000,-0.00000,-0.01491,-0.000967
1791408778.255370,0,0,1001,0.07177,-0.00574,0.00341,0.05337,-0.00000,-0.00000,-0.00000,-0.01278,-0.000921
1791408778.275048,0,0,1001,0.07177,-0.00574,0.00341,0.05337,-0.00000,0.00000,-0.00000,0.00000,-0.000929
1791408778.295386,0,0,1001,0.07177,-0.00574,0.00342,0.05337,-0.00000,0.00000,-0.00000,-0.01811,-0.000963
1791408778.315433,0,0,1001,0.07177,-0.00574,0.00342,0.05337,-0.00000,-0.00000,-0.00000,-0.00852,-0.000929
1791408778.335054,0,0,1001,0.07177,-0.00574,0.00341,0.05337,-0.00000,0.00000,-0.00000,-0.00746,-0.000926
1791408778.355112,0,0,1001,0.07177,-0.00574,0.00341,0.05337,-0.00000,-0.00000,-0.00000,-0.00852,-0.000889
1791408778.375450,0,0,1001,0.07177,-0.00574,0.00341,0.05337,-0.00000,0.00000,-0.00000,-0.00213,-0.000870
1791408778.395386,0,0,1001,0.07177,-0.00574,0.00341,0.05337,0.00000,0.00000,0.00000,0.00213,-0.000983
1791408778.417662,0,0,1001,0.07177,-0.00574,0.00341,0.05337,-0.00000,-0.00000,-0.00000,-0.01065,-0.000986
1791408778.435061,0,0,1001,0.07177,-0.00574,0.00341,0.05337,0.00000,-0.00000,0.00000,0.00107,-0.000917
1791408778.455070,0,0,1001,0.07177,-0.00574,0.00341,0.05337,0.00000,0.00000,0.00000,-0.01491,-0.000877
1791408778.475029,0,0,1001,0.07177,-0.00574,0.00341,0.05337,0.00000,0.00000,0.00000,-0.00533,-0.000838
1791408778.495265,0,0,1001,0.07177,-0.00574,0.00341,0.05337,0.00000,-0.00000,0.00000,-0.01917,-0.000820
1791408778.515521,0,0,1001,0.07177,-0.00574,0.00341,0.05337,0.00000,-0.00000,0.00000,-0.00852,-0.000856
1791408778.535039,0,0,1001,0.07177,-0.00574,0.00341,0.05337,0.00000,0.00000,0.00000,-0.00959,-0.000846
1791408778.554983,0,0,1001,0.07176,-0.00573,0.00341,0.05337,0.00000,0.00000,0.00000,-0.00852,-0.000824
1791408778.575113,0,0,1001,0.07176,-0.00573,0.00342,0.05337,0.00000,-0.00000,0.00000,-0.02131,-0.000806
1791408778.595068,0,0,1001,0.07177,-0.00573,0.00341,0.05337,0.00000,0.00000,0.00000,-0.00426,-0.000760
1791408778.615139,0,0,1001,0.07177,-0.00573,0.00341,0.05337,0.00000,-0.00000,0.00000,-0.00426,-0.000772
1791408778.635139,0,0,1001,0.07177,-0.00573,0.00341,0.05338,0.00000,0.00000,0.00000,-0.01278,-0.000826
1791408778.655159,0,0,1001,0.07177,-0.00572,0.00341,0.05338,0.00000,-0.00000,0.00000,-0.01385,-0.000828
1791408778.675427,0,0,1001,0.07177,-0.00572,0.00341,0.05338,0.00000,-0.00000,0.00000,-0.01065,-0.000788
1791408778.695535,0,0,1001,0.07177,-0.00572,0.00341,0.05338,0.00000,0.00000,0.00000,-0.01598,-0.000783
1791408778.715561,0,0,1001,0.07177,-0.00572,0.00341,0.05338,0.00000,-0.00000,0.00000,-0.00959,-0.000805
1791408778.735145,0,0,1001,0.07177,-0.00572,0.00341,0.05338,0.00000,-0.00000,0.00000,-0.00426,-0.000766
1791408778.755407,0,0,1001,0.07176,-0.00572,0.00341,0.05338,0.00000,-0.00000,0.00000,-0.01598,-0.000753
1791408778.775340,0,0,1001,0.07177,-0.00571,0.00341,0.05338,0.00000,-0.00000,0.00000,-0.01065,-0.000731
1791408778.795932,0,0,1001,0.07177,-0.00571,0.00341,0.05338,0.00000,-0.00000,0.00000,-0.01704,-0.000746
1791408778.815115,0,0,1001,0.07177,-0.00571,0.00341,0.05338,0.00000,-0.00000,0.00000,-0.01491,-0.000719
1791408778.834993,0,0,1001,0.07177,-0.00571,0.00341,0.05338,0.00000,-0.00000,0.00000,-0.00533,-0.000686
1791408778.855053,0,0,1001,0.07177,-0.00571,0.00341,0.05338,0.00000,-0.00000,0.00000,-0.00107,-0.000645
1791408778.875059,0,0,1001,0.07177,-0.00571,0.00341,0.05338,0.00000,-0.00000,0.00000,-0.01491,-0.000662
1791408778.895060,0,0,1001,0.07177,-0.00571,0.00341,0.05338,0.00000,-0.00000,0.00000,-0.00320,-0.000640
1791408778.915042,0,0,1001,0.07177,-0.00571,0.00341,0.05338,0.00000,-0.00000,0.00000,-0.00746,-0.000620
1791408778.936942,0,0,1001,0.07177,-0.00571,0.00341,0.05338,0.00000,0.00000,0.00000,-0.00746,-0.000576
1791408778.955121,0,0,1001,0.07176,-0.00571,0.00341,0.05338,0.00000,0.00000,0.00000,-0.01385,-0.000608
1791408778.975059,0,0,1001,0.07176,-0.00570,0.00341,0.05338,0.00000,0.00000,0.00000,0.00426,-0.000561
1791408778.995080,0,0,1001,0.07176,-0.00570,0.00341,0.05338,0.00000,-0.00000,0.00000,-0.00533,-0.000556
1791408779.015007,0,0,1001,0.07177,-0.00570,0.00341,0.05338,0.00000,-0.00000,0.00000,-0.00852,-0.000522
1791408779.035012,0,0,1001,0.07176,-0.00570,0.00341,0.05338,0.00000,-0.00000,0.00000,-0.00959,-0.000517
1791408779.055099,0,0,1001,0.07177,-0.00570,0.00342,0.05338,0.00000,0.00000,0.00000,-0.00213,-0.000478
1791408779.075063,0,0,1001,0.07177,-0.00570,0.00342,0.05338,0.00000,-0.00000,0.00000,-0.00426,-0.000487
1791408779.095524,0,0,1001,0.07177,-0.00570,0.00341,0.05338,0.00000,-0.00000,0.00000,-0.01385,-0.000481
1791408779.115493,0,0,1001,0.07177,-0.00570,0.00341,0.05338,0.00000,-0.00000,0.00000,-0.02344,-0.000484
1791408779.135546,0,0,1001,0.07177,-0.00570,0.00341,0.05338,-0.00000,-0.00000,-0.00000,-0.02131,-0.000537
1791408779.155446,0,0,1001,0.07177,-0.00570,0.00341,0.05338,-0.00000,-0.00000,-0.00000,-0.00639,-0.000553
1791408779.175074,0,0,1001,0.07177,-0.00570,0.00341,0.05338,0.00000,-0.00000,0.00000,-0.01065,-0.000575
1791408779.195472,0,0,1001,0.07177,-0.00570,0.00341,0.05338,0.00000,-0.00000,0.00000,0.00533,-0.000562
1791408779.215464,0,0,1001,0.07177,-0.00570,0.00341,0.05338,0.00000,-0.00000,0.00000,-0.00852,-0.000561
1791408779.235035,0,0,1001,0.07176,-0.00570,0.00341,0.05338,0.00000,0.00000,0.00000,0.00000,-0.000548
1791408779.255120,0,0,1001,0.07177,-0.00569,0.00341,0.05338,0.00000,-0.00000,0.00000,-0.00746,-0.000531
1791408779.275195,0,0,1001,0.07177,-0.00569,0.00341,0.05338,0.00000,-0.00000,0.00000,-0.01385,-0.000528
1791408779.295162,0,0,1001,0.07177,-0.00569,0.00341,0.05338,0.00000,0.00000,0.00000,-0.00639,-0.000526
1791408779.315044,0,0,1001,0.07177,-0.00569,0.00341,0.05338,0.00000,-0.00000,0.00000,-0.00107,-0.000464
1791408779.334945,0,0,1001,0.07177,-0.00569,0.00341,0.05338,0.00000,-0.00000,0.00000,-0.00746,-0.000456
1791408779.355047,0,0,1001,0.07177,-0.00569,0.00341,0.05338,0.00000,-0.00000,0.00000,-0.00746,-0.000481
1791408779.375066,0,0,1001,0.07177,-0.00569,0.00341,0.05338,0.00000,0.00000,0.00000,-0.01491,-0.000545
1791408779.395018,0,0,1001,0.07177,-0.00569,0.00340,0.05338,0.00000,-0.00000,0.00000,-0.01491,-0.000546
1791408779.415158,0,0,1001,0.07177,-0.00569,0.00341,0.05338,0.00000,-0.00000,0.00000,-0.01278,-0.000562
1791408779.434994,0,0,1001,0.07176,-0.00569,0.00340,0.05338,0.00000,-0.00000,0.00000,-0.00852,-0.000555
1791408779.455082,0,0,1001,0.07177,-0.00569,0.00340,0.05338,-0.00000,-0.00000,-0.00000,-0.00852,-0.000556
1791408779.475013,0,0,1001,0.07177,-0.00569,0.00340,0.05338,0.00000,0.00000,0.00000,-0.01278,-0.000550
1791408779.494949,0,0,1001,0.07177,-0.00568,0.00340,0.05338,0.00000,0.00000,0.00000,-0.00852,-0.000547
1791408779.515358,0,0,1001,0.07177,-0.00568,0.00340,0.05338,0.00000,-0.00000,0.00000,-0.01172,-0.000534
1791408779.535151,0,0,1001,0.07177,-0.00568,0.00341,0.05338,0.00000,0.00000,0.00000,-0.00852,-0.000559
1791408779.555059,0,0,1001,0.07176,-0.00568,0.00341,0.05338,0.00000,0.00000,0.00000,0.00107,-0.000568
1791408779.574876,0,0,1001,0.07177,-0.00568,0.00341,0.05338,0.00000,0.00000,0.00000,-0.01385,-0.000555
1791408779.595026,0,0,1001,0.07176,-0.00568,0.00341,0.05338,0.00000,0.00000,0.00000,-0.01278,-0.000577
1791408779.614967,0,0,1001,0.07177,-0.00568,0.00341,0.05339,0.00000,-0.00000,0.00000,0.00320,-0.000531
1791408779.635055,0,0,1001,0.07177,-0.00568,0.00341,0.05339,0.00000,0.00000,0.00000,-0.01704,-0.000564
1791408779.655120,0,0,1001,0.07177,-0.00568,0.00341,0.05339,0.00000,-0.00000,0.00000,-0.01065,-0.000606
1791408779.675036,0,0,1001,0.07176,-0.00567,0.00341,0.05339,0.00000,0.00000,0.00000,-0.00852,-0.000623
1791408779.695036,0,0,1001,0.07177,-0.00567,0.00341,0.05339,0.00000,0.00000,0.00000,-0.01065,-0.000571
1791408779.715103,0,0,1001,0.07176,-0.00567,0.00341,0.05339,0.00000,-0.00000,0.00000,-0.01598,-0.000579
1791408779.734997,0,0,1001,0.07177,-0.00567,0.00341,0.05339,0.00000,-0.00000,0.00000,-0.00639,-0.000615
1791408779.754869,0,0,1001,0.07177,-0.00567,0.00341,0.05339,0.00000,-0.00000,0.00000,-0.00213,-0.000680
1791408779.774942,0,0,1001,0.07177,-0.00567,0.00341,0.05339,0.00000,0.00000,0.00000,-0.01917,-0.000662
1791408779.794886,0,0,1001,0.07177,-0.00567,0.00341,0.05339,0.00000,-0.00000,0.00000,-0.01917,-0.000653
1791408779.815022,0,0,1001,0.07177,-0.00567,0.00341,0.05339,0.00000,0.00000,0.00000,-0.00639,-0.000661
1791408779.835027,0,0,1001,0.07177,-0.00567,0.00341,0.05339,0.00000,0.00000,0.00000,-0.00107,-0.000701
1791408779.854954,0,0,1001,0.07177,-0.00567,0.00342,0.05339,0.00000,0.00000,0.00000,-0.00107,-0.000698
1791408779.874941,0,0,1001,0.07177,-0.00567,0.00342,0.05339,-0.00000,0.00000,-0.00000,-0.01065,-0.000734
1791408779.894884,0,0,1001,0.07177,-0.00567,0.00342,0.05339,0.00000,-0.00000,0.00000,-0.00426,-0.000706
1791408779.914944,0,0,1001,0.07177,-0.00567,0.00342,0.05339,0.00000,-0.00000,0.00000,-0.00852,-0.000688
1791408779.934931,0,0,1001,0.07177,-0.00567,0.00342,0.05339,0.00000,0.00000,0.00000,-0.01491,-0.000715
1791408779.954924,0,0,1001,0.07177,-0.00567,0.00342,0.05339,-0.00000,-0.00000,-0.00000,-0.01491,-0.000671
1791408779.975137,0,0,1001,0.07177,-0.00567,0.00343,0.05339,-0.00000,-0.00000,-0.00000,-0.01065,-0.000706
1791408779.995055,0,0,1001,0.07177,-0.00567,0.00343,0.05339,0.00000,0.00000,0.00000,-0.00852,-0.000683
1791408780.014933,0,0,1001,0.07177,-0.00566,0.00343,0.05339,0.00000,-0.00000,0.00000,-0.01491,-0.000706
1791408780.034826,0,0,1001,0.07177,-0.00566,0.00343,0.05339,0.00000,-0.00000,0.00000,-0.01491,-0.000656
1791408780.054914,0,0,1001,0.07177,-0.00567,0.00343,0.05339,0.00000,-0.00000,0.00000,-0.00533,-0.000613
1791408780.074812,0,0,1001,0.07177,-0.00567,0.00343,0.05339,-0.00000,-0.00000,-0.00000,0.00639,-0.000566
1791408780.094889,0,0,1001,0.07177,-0.00567,0.00343,0.05339,0.00000,0.00000,0.00000,-0.00213,-0.000544
1791408780.114931,0,0,1001,0.07177,-0.00567,0.00343,0.05339,-0.00000,-0.00000,-0.00000,-0.00959,-0.000548
1791408780.134822,0,0,1001,0.07177,-0.00567,0.00343,0.05339,-0.00000,0.00000,-0.00000,-0.00107,-0.000514
1791408780.154937,0,0,1001,0.07177,-0.00567,0.00343,0.05339,-0.00000,-0.00000,-0.00000,0.00107,-0.000491
1791408780.174887,0,0,1001,0.07177,-0.00566,0.00344,0.05339,-0.00000,0.00000,-0.00000,-0.01172,-0.000488
1791408780.194946,0,0,1001,0.07177,-0.00566,0.00344,0.05339,0.00000,-0.00000,0.00000,-0.01172,-0.000500
1791408780.214896,0,0,1001,0.07177,-0.00566,0.00344,0.05339,0.00000,-0.00000,0.00000,-0.00959,-0.000507
1791408780.235011,0,0,1001,0.07177,-0.00566,0.00343,0.05339,0.00000,-0.00000,0.00000,-0.00959,-0.000558
1791408780.254985,0,0,1001,0.07177,-0.00566,0.00344,0.05339,0.00000,0.00000,0.00000,-0.00320,-0.000589
1791408780.275096,0,0,1001,0.07177,-0.00566,0.00344,0.05339,0.00000,0.00000,0.00000,-0.01278,-0.000593
1791408780.294964,0,0,1001,0.07177,-0.00566,0.00344,0.05339,0.00000,0.00000,0.00000,-0.00639,-0.000626
1791408780.314958,0,0,1001,0.07177,-0.00566,0.00344,0.05339,0.00000,-0.00000,0.00000,0.00746,-0.000636
1791408780.334802,0,0,1001,0.07177,-0.00566,0.00344,0.05339,0.00000,0.00000,0.00000,-0.00107,-0.000605
1791408780.354898,0,0,1001,0.07177,-0.00566,0.00344,0.05339,0.00000,-0.00000,0.00000,-0.01598,-0.000609
1791408780.375057,0,0,1001,0.07177,-0.00566,0.00344,0.05339,0.00000,-0.00000,0.00000,-0.00320,-0.000663
1791408780.395023,0,0,1001,0.07176,-0.00566,0.00344,0.05339,0.00000,-0.00000,0.00000,-0.01065,-0.000629
1791408780.415019,0,0,1001,0.07177,-0.00566,0.00344,0.05339,0.00000,-0.00000,0.00000,-0.00959,-0.000646
1791408780.435097,0,0,1001,0.07177,-0.00566,0.00344,0.05339,0.00000,-0.00000,0.00000,-0.00533,-0.000611
1791408780.454998,0,0,1001,0.07177,-0.00566,0.00344,0.05339,0.00000,0.00000,0.00000,-0.00213,-0.000606
1791408780.475195,0,0,1001,0.07177,-0.00566,0.00344,0.05339,0.00000,-0.00000,0.00000,-0.00959,-0.000592
1791408780.495131,0,0,1001,0.07177,-0.00566,0.00344,0.05339,0.00000,-0.00000,0.00000,-0.01065,-0.000585
1791408780.514976,0,0,1001,0.07177,-0.00565,0.00344,0.05339,-0.00000,0.00000,-0.00000,-0.00320,-0.000590
1791408780.534914,0,0,1001,0.07177,-0.00565,0.00344,0.05339,0.00000,-0.00000,0.00000,-0.00320,-0.000587
1791408780.555022,0,0,1001,0.07176,-0.00566,0.00344,0.05339,0.00000,0.00000,0.00000,-0.00639,-0.000650
1791408780.574962,0,0,1001,0.07177,-0.00566,0.00344,0.05339,0.00000,0.00000,0.00000,-0.00959,-0.000667
1791408780.595009,0,0,1001,0.07176,-0.00566,0.00344,0.05339,0.00000,0.00000,0.00000,-0.02131,-0.000643
1791408780.615005,0,0,1001,0.07177,-0.00566,0.00344,0.05339,0.00000,0.00000,0.00000,-0.01385,-0.000661
1791408780.634870,0,0,1001,0.07177,-0.00566,0.00344,0.05339,0.00000,0.00000,0.00000,-0.00320,-0.000638
1791408780.654912,0,0,1001,0.07177,-0.00566,0.00344,0.05339,-0.00000,-0.00000,-0.00000,-0.01172,-0.000653
1791408780.674843,0,0,1001,0.07177,-0.00566,0.00344,0.05339,-0.00000,0.00000,-0.00000,-0.01491,-0.000621
1791408780.694947,0,0,1001,0.07176,-0.00566,0.00344,0.05339,-0.00000,0.00000,-0.00000,-0.01065,-0.000624
1791408780.715022,0,0,1001,0.07177,-0.00566,0.00344,0.05339,-0.00000,0.00000,-0.00000,-0.00746,-0.000625
1791408780.734870,0,0,1001,0.07177,-0.00566,0.00344,0.05339,-0.00000,0.00000,-0.00000,-0.02344,-0.000672
1791408780.755119,0,0,1001,0.07176,-0.00567,0.00344,0.05339,-0.00000,-0.00000,-0.00000,-0.00533,-0.000648
1791408780.774874,0,0,1001,0.07177,-0.00566,0.00344,0.05339,-0.00000,0.00000,-0.00000,-0.01491,-0.000642
1791408780.794867,0,0,1001,0.07177,-0.00566,0.00344,0.05339,-0.00000,0.00000,-0.00000,-0.00320,-0.000634
1791408780.815020,0,0,1001,0.07177,-0.00566,0.00344,0.05339,0.00000,0.00000,0.00000,-0.00426,-0.000648
1791408780.835020,0,0,1001,0.07177,-0.00567,0.00344,0.05339,-0.00000,0.00000,-0.00000,-0.01172,-0.000708
1791408780.854929,0,0,1001,0.07177,-0.00567,0.00344,0.05339,-0.00000,-0.00000,-0.00000,-0.00213,-0.000709
1791408780.875021,0,0,1001,0.07177,-0.00567,0.00344,0.05339,-0.00000,-0.00000,-0.00000,-0.00959,-0.000782
1791408780.894762,0,0,1001,0.07177,-0.00567,0.00344,0.05339,-0.00000,0.00000,-0.00000,-0.01065,-0.000805
1791408780.914830,0,0,1001,0.07177,-0.00567,0.00343,0.05339,-0.00000,0.00000,-0.00000,-0.01065,-0.000750
1791408780.934975,0,0,1001,0.07177,-0.00567,0.00343,0.05339,-0.00000,0.00000,-0.00000,0.00320,-0.000723
1791408780.955079,0,0,1001,0.07177,-0.00566,0.00343,0.05339,-0.00000,-0.00000,-0.00000,-0.01385,-0.000723
1791408780.974957,0,0,1001,0.07177,-0.00566,0.00343,0.05339,-0.00000,-0.00000,-0.00000,-0.00320,-0.000659
1791408780.995012,0,0,1001,0.07177,-0.00566,0.00343,0.05339,0.00000,-0.00000,0.00000,-0.00852,-0.000708
1791408781.015365,0,0,1001,0.07177,-0.00566,0.00343,0.05339,0.00000,-0.00000,0.00000,-0.01385,-0.000736
1791408781.034970,0,0,1001,0.07177,-0.00566,0.00343,0.05339,0.00000,0.00000,0.00000,-0.01598,-0.000717
1791408781.055009,0,0,1001,0.07177,-0.00566,0.00343,0.05339,0.00000,-0.00000,0.00000,-0.00639,-0.000720
1791408781.074988,0,0,1001,0.07177,-0.00567,0.00343,0.05339,0.00000,-0.00000,0.00000,-0.00959,-0.000752
1791408781.095289,0,0,1001,0.07177,-0.00567,0.00343,0.05339,0.00000,0.00000,0.00000,-0.01278,-0.000794
1791408781.115086,0,0,1001,0.07177,-0.00567,0.00343,0.05339,-0.00000,0.00000,-0.00000,-0.00746,-0.000806
1791408781.135005,0,0,1001,0.07177,-0.00567,0.00343,0.05339,-0.00000,-0.00000,-0.00000,-0.00746,-0.000807
1791408781.154953,0,0,1001,0.07177,-0.00567,0.00343,0.05339,-0.00000,0.00000,-0.00000,-0.01385,-0.000818
1791408781.174846,0,0,1001,0.07177,-0.00567,0.00342,0.05339,-0.00000,-0.00000,-0.00000,-0.00213,-0.000783
1791408781.195022,0,0,1001,0.07177,-0.00567,0.00343,0.05339,-0.00000,0.00000,-0.00000,-0.01065,-0.000773
1791408781.214883,0,0,1001,0.07177,-0.00567,0.00343,0.05339,-0.00000,-0.00000,-0.00000,-0.01065,-0.000810
1791408781.234931,0,0,1001,0.07176,-0.00567,0.00343,0.05339,-0.00000,0.00000,-0.00000,-0.00533,-0.000820
1791408781.254893,0,0,1001,0.07177,-0.00567,0.00342,0.05339,0.00000,-0.00000,0.00000,-0.01278,-0.000766
1791408781.274925,0,0,1001,0.07177,-0.00567,0.00343,0.05339,0.00000,0.00000,0.00000,-0.01172,-0.000764
1791408781.294835,0,0,1001,0.07177,-0.00567,0.00343,0.05339,-0.00000,-0.00000,-0.00000,-0.01065,-0.000750
1791408781.314826,0,0,1001,0.07177,-0.00567,0.00343,0.05339,0.00000,0.00000,0.00000,0.00000,-0.000783
1791408781.334890,0,0,1001,0.07176,-0.00567,0.00343,0.05339,-0.00000,0.00000,-0.00000,-0.00533,-0.000797
1791408781.354779,0,0,1001,0.07177,-0.00567,0.00343,0.05339,0.00000,0.00000,0.00000,-0.01811,-0.000836
1791408781.374856,0,0,1001,0.07177,-0.00566,0.00343,0.05339,0.00000,-0.00000,0.00000,-0.01172,-0.000878
1791408781.394866,0,0,1001,0.07177,-0.00566,0.00343,0.05339,0.00000,-0.00000,0.00000,-0.00426,-0.000858
1791408781.414879,0,0,1001,0.07177,-0.00567,0.00343,0.05339,0.00000,-0.00000,0.00000,-0.00746,-0.000896
1791408781.434881,0,0,1001,0.07177,-0.00567,0.00343,0.05339,0.00000,-0.00000,0.00000,-0.01385,-0.000909
1791408781.455009,0,0,1001,0.07177,-0.00567,0.00343,0.05339,-0.00000,-0.00000,-0.00000,-0.01172,-0.000900
1791408781.474817,0,0,1001,0.07177,-0.00567,0.00343,0.05339,0.00000,0.00000,0.00000,-0.01491,-0.000914
1791408781.495032,0,0,1001,0.07177,-0.00567,0.00343,0.05339,-0.00000,-0.00000,-0.00000,0.00746,-0.000841
1791408781.514880,0,0,1001,0.07176,-0.00567,0.00344,0.05339,-0.00000,0.00000,-0.00000,-0.00639,-0.000794
1791408781.534893,0,0,1001,0.07177,-0.00567,0.00343,0.05339,-0.00000,0.00000,-0.00000,-0.00213,-0.000810
1791408781.554984,0,0,1001,0.07177,-0.00567,0.00343,0.05339,-0.00000,0.00000,-0.00000,-0.00852,-0.000844
1791408781.574854,0,0,1001,0.07177,-0.00567,0.00343,0.05339,0.00000,-0.00000,0.00000,-0.00852,-0.000819
1791408781.594974,0,0,1001,0.07177,-0.00567,0.00343,0.05339,0.00000,-0.00000,0.00000,-0.00852,-0.000862
1791408781.614826,0,0,1001,0.07177,-0.00567,0.00343,0.05339,0.00000,-0.00000,0.00000,-0.00639,-0.000877
1791408781.634921,0,0,1001,0.07177,-0.00567,0.00344,0.05339,0.00000,-0.00000,0.00000,-0.01598,-0.000890
1791408781.654900,0,0,1001,0.07177,-0.00567,0.00343,0.05339,-0.00000,-0.00000,-0.00000,-0.00533,-0.000875
1791408781.674880,0,0,1001,0.07177,-0.00567,0.00343,0.05339,-0.00000,0.00000,-0.00000,-0.00639,-0.000868
1791408781.694983,0,0,1001,0.07177,-0.00567,0.00343,0.05339,-0.00000,0.00000,-0.00000,0.00000,-0.000873
1791408781.714931,0,0,1001,0.07177,-0.00567,0.00343,0.05339,-0.00000,-0.00000,-0.00000,-0.01172,-0.000885
1791408781.734903,0,0,1001,0.07177,-0.00567,0.00343,0.05339,-0.00000,0.00000,-0.00000,-0.00959,-0.000851
1791408781.754873,0,0,1001,0.07177,-0.00567,0.00343,0.05339,0.00000,-0.00000,0.00000,-0.01172,-0.000844
1791408781.774940,0,0,1001,0.07177,-0.00567,0.00344,0.05339,0.00000,0.00000,0.00000,-0.00320,-0.000827
1791408781.794874,0,0,1001,0.07177,-0.00567,0.00344,0.05339,-0.00000,0.00000,-0.00000,-0.01917,-0.000814
1791408781.814844,0,0,1001,0.07177,-0.00567,0.00344,0.05339,0.00000,-0.00000,0.00000,0.00213,-0.000836
1791408781.834983,0,0,1001,0.07177,-0.00567,0.00343,0.05339,-0.00000,-0.00000,-0.00000,-0.00320,-0.000833
1791408781.854818,0,0,1001,0.07176,-0.00567,0.00344,0.05339,-0.00000,0.00000,-0.00000,-0.00639,-0.000836
1791408781.874781,0,0,1001,0.07177,-0.00567,0.00344,0.05339,0.00000,-0.00000,0.00000,0.00320,-0.000777
1791408781.894763,0,0,1001,0.07177,-0.00567,0.00344,0.05339,-0.00000,0.00000,-0.00000,-0.00746,-0.000802
1791408781.914795,0,0,1001,0.07177,-0.00567,0.00344,0.05339,-0.00000,-0.00000,-0.00000,-0.00959,-0.000828
1791408781.934765,0,0,1001,0.07177,-0.00567,0.00343,0.05339,-0.00000,-0.00000,-0.00000,-0.00533,-0.000805
1791408781.954939,0,0,1001,0.07176,-0.00567,0.00343,0.05339,-0.00000,0.00000,-0.00000,-0.00533,-0.000818
1791408781.974818,0,0,1001,0.07177,-0.00567,0.00343,0.05339,-0.00000,-0.00000,-0.00000,-0.00852,-0.000819
1791408781.994789,0,0,1001,0.07177,-0.00567,0.00343,0.05339,-0.00000,-0.00000,-0.00000,-0.01811,-0.000777
1791408782.014799,0,0,1001,0.07177,-0.00567,0.00343,0.05339,0.00000,0.00000,0.00000,-0.00746,-0.000788
1791408782.034826,0,0,1001,0.07177,-0.00567,0.00343,0.05339,0.00000,-0.00000,0.00000,-0.01065,-0.000776
1791408782.054946,0,0,1001,0.07177,-0.00567,0.00343,0.05339,-0.00000,-0.00000,-0.00000,-0.01704,-0.000738
1791408782.074840,0,0,1001,0.07177,-0.00568,0.00343,0.05339,-0.00000,0.00000,-0.00000,0.00000,-0.000693
1791408782.094782,0,0,1001,0.07176,-0.00567,0.00343,0.05338,-0.00000,0.00000,-0.00000,-0.01278,-0.000687
1791408782.114789,0,0,1001,0.07177,-0.00567,0.00343,0.05338,-0.00000,0.00000,-0.00000,-0.02344,-0.000710
1791408782.134802,0,0,1001,0.07177,-0.00567,0.00343,0.05338,-0.00000,0.00000,-0.00000,-0.00320,-0.000696
1791408782.154846,0,0,1001,0.07176,-0.00567,0.00343,0.05338,-0.00000,-0.00000,-0.00000,-0.01065,-0.000687
1791408782.174797,0,0,1001,0.07177,-0.00568,0.00343,0.05338,-0.00000,0.00000,-0.00000,-0.00320,-0.000731
1791408782.195009,0,0,1001,0.07177,-0.00567,0.00343,0.05338,-0.00000,0.00000,-0.00000,0.00107,-0.000692
1791408782.214919,0,0,1001,0.07177,-0.00567,0.00343,0.05338,-0.00000,-0.00000,-0.00000,-0.00639,-0.000685
1791408782.234902,0,0,1001,0.07177,-0.00568,0.00343,0.05338,-0.00000,-0.00000,-0.00000,-0.00213,-0.000676
1791408782.254774,0,0,1001,0.07177,-0.00567,0.00343,0.05338,-0.00000,0.00000,-0.00000,-0.01385,-0.000686
1791408782.274699,0,0,1001,0.07177,-0.00568,0.00343,0.05338,-0.00000,-0.00000,-0.00000,0.00000,-0.000690
1791408782.294738,0,0,1001,0.07177,-0.00568,0.00343,0.05338,-0.00000,-0.00000,-0.00000,-0.00746,-0.000683
1791408782.314909,0,0,1001,0.07176,-0.00568,0.00343,0.05338,-0.00000,0.00000,-0.00000,-0.00639,-0.000683
1791408782.334782,0,0,1001,0.07176,-0.00568,0.00343,0.05338,-0.00000,0.00000,-0.00000,-0.00852,-0.000728
1791408782.354754,0,0,1001,0.07177,-0.00568,0.00343,0.05338,0.00000,0.00000,0.00000,-0.01811,-0.000742
1791408782.374658,0,0,1001,0.07176,-0.00568,0.00343,0.05338,-0.00000,-0.00000,-0.00000,-0.01065,-0.000757
1791408782.394743,0,0,1001,0.07177,-0.00568,0.00343,0.05338,-0.00000,0.00000,-0.00000,-0.00107,-0.000794
1791408782.414876,0,0,1001,0.07177,-0.00568,0.00343,0.05338,-0.00000,-0.00000,-0.00000,-0.01172,-0.000818
1791408782.434767,0,0,1001,0.07177,-0.00568,0.00342,0.05338,-0.00000,-0.00000,-0.00000,-0.01704,-0.000883
1791408782.454745,0,0,1001,0.07177,-0.00568,0.00342,0.05338,-0.00000,0.00000,-0.00000,-0.00426,-0.000904
1791408782.475033,0,0,1001,0.07177,-0.00568,0.00342,0.05338,-0.00000,-0.00000,-0.00000,-0.00533,-0.000909
1791408782.494784,0,0,1001,0.07177,-0.00568,0.00342,0.05338,-0.00000,0.00000,-0.00000,-0.01385,-0.000930
1791408782.514836,0,0,1001,0.07177,-0.00568,0.00342,0.05338,-0.00000,-0.00000,-0.00000,-0.00213,-0.000903
1791408782.534780,0,0,1001,0.07177,-0.00568,0.00342,0.05338,0.00000,-0.00000,0.00000,-0.00746,-0.000924
1791408782.554933,0,0,1001,0.07177,-0.00568,0.00342,0.05338,-0.00000,0.00000,-0.00000,-0.01385,-0.000945
1791408782.574999,0,0,1001,0.07177,-0.00568,0.00342,0.05338,0.00000,0.00000,0.00000,-0.00426,-0.000930
1791408782.594749,0,0,1001,0.07177,-0.00568,0.00342,0.05338,0.00000,-0.00000,0.00000,-0.01598,-0.000904
1791408782.614888,0,0,1001,0.07177,-0.00568,0.00342,0.05338,-0.00000,-0.00000,0.00000,-0.01491,-0.000926
1791408782.634826,0,0,1001,0.07176,-0.00568,0.00342,0.05338,-0.00000,0.00000,-0.00000,-0.00320,-0.000906
1791408782.654805,0,0,1001,0.07177,-0.00568,0.00342,0.05338,-0.00000,0.00000,-0.00000,-0.01172,-0.000927
1791408782.674647,0,0,1001,0.07177,-0.00568,0.00342,0.05338,-0.00000,-0.00000,-0.00000,-0.00107,-0.000899
1791408782.694696,0,0,1001,0.07176,-0.00568,0.00342,0.05338,-0.00000,0.00000,-0.00000,-0.01278,-0.000877
1791408782.714776,0,0,1001,0.07177,-0.00568,0.00342,0.05338,-0.00000,0.00000,-0.00000,-0.00852,-0.000867
1791408782.734643,0,0,1001,0.07177,-0.00568,0.00342,0.05338,-0.00000,-0.00000,-0.00000,-0.01598,-0.000848
1791408782.754736,0,0,1001,0.07177,-0.00569,0.00342,0.05338,-0.00000,0.00000,-0.00000,-0.00639,-0.000831
1791408782.774790,0,0,1001,0.07177,-0.00569,0.00342,0.05338,-0.00000,0.00000,-0.00000,-0.01704,-0.000871
1791408782.794777,0,0,1001,0.07177,-0.00569,0.00342,0.05338,-0.00000,0.00000,-0.00000,-0.01917,-0.000881
1791408782.814821,0,0,1001,0.07177,-0.00569,0.00342,0.05338,-0.00000,-0.00000,-0.00000,-0.01385,-0.000921
1791408782.837403,0,0,1001,0.07177,-0.00569,0.00342,0.05338,-0.00000,0.00000,-0.00000,-0.00959,-0.000906
1791408782.854750,0,0,1001,0.07177,-0.00569,0.00342,0.05338,-0.00000,-0.00000,-0.00000,0.00000,-0.000872
1791408782.874906,0,0,1001,0.07177,-0.00569,0.00342,0.05338,0.00000,-0.00000,0.00000,-0.01491,-0.000850
1791408782.894892,0,0,1001,0.07177,-0.00569,0.00342,0.05338,-0.00000,-0.00000,0.00000,-0.01598,-0.000874
1791408782.914912,0,0,1001,0.07177,-0.00569,0.00342,0.05338,-0.00000,0.00000,-0.00000,-0.00533,-0.000894
1791408782.934881,0,0,1001,0.07177,-0.00569,0.00342,0.05338,-0.00000,0.00000,-0.00000,-0.01811,-0.000873
1791408782.954666,0,0,1001,0.07177,-0.00569,0.00342,0.05338,-0.00000,-0.00000,-0.00000,0.00107,-0.000850
1791408782.974820,0,0,1001,0.07177,-0.00569,0.00342,0.05338,-0.00000,0.00000,-0.00000,-0.01704,-0.000871
1791408782.994908,0,0,1001,0.07177,-0.00569,0.00343,0.05338,0.00000,0.00000,0.00000,-0.01278,-0.000843
1791408783.014653,0,0,1001,0.07176,-0.00569,0.00343,0.05338,0.00000,0.00000,0.00000,0.00639,-0.000796
1791408783.034985,0,0,1001,0.07177,-0.00569,0.00343,0.05338,0.00000,-0.00000,0.00000,-0.00852,-0.000800
1791408783.054661,0,0,1001,0.07177,-0.00569,0.00343,0.05338,-0.00000,-0.00000,-0.00000,-0.00639,-0.000755
1791408783.074642,0,0,1001,0.07176,-0.00569,0.00343,0.05338,0.00000,0.00000,0.00000,0.00426,-0.000769
1791408783.094744,0,0,1001,0.07177,-0.00569,0.00343,0.05338,0.00000,-0.00000,0.00000,0.00320,-0.000778
1791408783.114864,0,0,1001,0.07177,-0.00569,0.00343,0.05338,0.00000,-0.00000,0.00000,-0.01172,-0.000796
1791408783.134802,0,0,1001,0.07177,-0.00568,0.00343,0.05338,0.00000,-0.00000,0.00000,0.00639,-0.000785
1791408783.154970,0,0,1001,0.07177,-0.00568,0.00343,0.05338,-0.00000,-0.00000,-0.00000,-0.00746,-0.000798
1791408783.174783,0,0,1001,0.07176,-0.00569,0.00343,0.05338,-0.00000,0.00000,-0.00000,-0.00320,-0.000751
1791408783.194802,0,0,1001,0.07177,-0.00569,0.00343,0.05338,-0.00000,0.00000,-0.00000,-0.00852,-0.000739
1791408783.214841,0,0,1001,0.07177,-0.00568,0.00343,0.05338,0.00000,-0.00000,0.00000,-0.00426,-0.000737
1791408783.234832,0,0,1001,0.07177,-0.00569,0.00343,0.05338,0.00000,-0.00000,0.00000,-0.00639,-0.000759
1791408783.254862,0,0,1001,0.07177,-0.00569,0.00343,0.05338,0.00000,-0.00000,0.00000,-0.00639,-0.000760
1791408783.274747,0,0,1001,0.07177,-0.00568,0.00343,0.05338,0.00000,0.00000,0.00000,-0.01385,-0.000721
1791408783.294763,0,0,1001,0.07176,-0.00569,0.00343,0.05338,0.00000,0.00000,0.00000,-0.00746,-0.000678
1791408783.314694,0,0,1001,0.07177,-0.00569,0.00342,0.05338,-0.00000,-0.00000,-0.00000,-0.00746,-0.000702
1791408783.334687,0,0,1001,0.07177,-0.00569,0.00342,0.05338,-0.00000,0.00000,-0.00000,-0.01065,-0.000697
1791408783.354915,0,0,1001,0.07177,-0.00569,0.00342,0.05338,-0.00000,0.00000,-0.00000,-0.00852,-0.000695
1791408783.374576,0,0,1001,0.07177,-0.00569,0.00342,0.05338,-0.00000,0.00000,-0.00000,-0.01065,-0.000669
1791408783.394689,0,0,1001,0.07177,-0.00569,0.00343,0.05338,-0.00000,0.00000,-0.00000,-0.00533,-0.000660
1791408783.414763,0,0,1001,0.07177,-0.00569,0.00343,0.05338,0.00000,-0.00000,0.00000,-0.00959,-0.000675
1791408783.434953,0,0,1001,0.07176,-0.00569,0.00342,0.05338,-0.00000,0.00000,-0.00000,-0.01598,-0.000696
1791408783.454758,0,0,1001,0.07177,-0.00569,0.00342,0.05338,-0.00000,0.00000,-0.00000,-0.02131,-0.000633
1791408783.474742,0,0,1001,0.07177,-0.00569,0.00342,0.05338,0.00000,-0.00000,0.00000,-0.00426,-0.000576
1791408783.494749,0,0,1001,0.07177,-0.00569,0.00342,0.05338,0.00000,-0.00000,0.00000,-0.02237,-0.000651
1791408783.514831,0,0,1001,0.07176,-0.00569,0.00342,0.05338,-0.00000,-0.00000,-0.00000,-0.00320,-0.000660
1791408783.534766,0,0,1001,0.07177,-0.00569,0.00342,0.05338,0.00000,0.00000,0.00000,-0.00746,-0.000652
1791408783.554696,0,0,1001,0.07177,-0.00569,0.00342,0.05338,0.00000,0.00000,0.00000,-0.00213,-0.000614
1791408783.574658,0,0,1001,0.07177,-0.00569,0.00342,0.05338,-0.00000,0.00000,-0.00000,-0.00959,-0.000637
1791408783.594656,0,0,1001,0.07177,-0.00569,0.00342,0.05338,-0.00000,0.00000,-0.00000,-0.01278,-0.000706
1791408783.615053,0,0,1001,0.07177,-0.00569,0.00342,0.05338,0.00000,-0.00000,0.00000,-0.00746,-0.000727
1791408783.634776,0,0,1001,0.07177,-0.00569,0.00342,0.05338,0.00000,-0.00000,0.00000,-0.01172,-0.000724
1791408783.654654,0,0,1001,0.07177,-0.00568,0.00342,0.05338,0.00000,0.00000,0.00000,-0.00852,-0.000716
1791408783.674744,0,0,1001,0.07177,-0.00568,0.00342,0.05338,0.00000,-0.00000,0.00000,-0.01278,-0.000749
1791408783.694664,0,0,1001,0.07177,-0.00569,0.00341,0.05338,0.00000,-0.00000,0.00000,-0.02237,-0.000746
1791408783.714895,0,0,1001,0.07177,-0.00569,0.00341,0.05338,0.00000,0.00000,0.00000,-0.01811,-0.000797
1791408783.734978,0,0,1001,0.07177,-0.00569,0.00341,0.05338,0.00000,-0.00000,0.00000,-0.02024,-0.000762
1791408783.754665,0,0,1001,0.07176,-0.00568,0.00341,0.05338,0.00000,-0.00000,0.00000,-0.01598,-0.000756
1791408783.774608,0,0,1001,0.07177,-0.00568,0.00341,0.05338,0.00000,0.00000,0.00000,-0.01172,-0.000773
1791408783.794513,0,0,1001,0.07176,-0.00568,0.00341,0.05338,0.00000,-0.00000,0.00000,-0.00746,-0.000773
1791408783.814599,0,0,1001,0.07177,-0.00568,0.00341,0.05338,0.00000,0.00000,0.00000,-0.00533,-0.000759
1791408783.834720,0,0,1001,0.07177,-0.00568,0.00341,0.05338,0.00000,-0.00000,0.00000,-0.01917,-0.000778
1791408783.854660,0,0,1001,0.07177,-0.00568,0.00341,0.05338,0.00000,-0.00000,0.00000,-0.00959,-0.000749
1791408783.874885,0,0,1001,0.07177,-0.00569,0.00341,0.05338,-0.00000,-0.00000,-0.00000,-0.01385,-0.000767
1791408783.894599,0,0,1001,0.07177,-0.00569,0.00341,0.05338,0.00000,0.00000,0.00000,-0.01491,-0.000761
1791408783.914841,0,0,1001,0.07176,-0.00568,0.00341,0.05338,0.00000,-0.00000,0.00000,-0.02450,-0.000767
1791408783.934775,0,0,1001,0.07177,-0.00568,0.00341,0.05338,-0.00000,0.00000,-0.00000,-0.01172,-0.000761
1791408783.954673,0,0,1001,0.07177,-0.00568,0.00341,0.05338,-0.00000,0.00000,-0.00000,-0.00959,-0.000833
1791408783.974560,0,0,1001,0.07177,-0.00568,0.00340,0.05338,-0.00000,-0.00000,-0.00000,-0.02131,-0.000811
1791408783.994553,0,0,1001,0.07177,-0.00568,0.00341,0.05338,0.00000,0.00000,0.00000,-0.01491,-0.000823
1791408784.014628,0,0,1001,0.07177,-0.00568,0.00341,0.05338,0.00000,0.00000,0.00000,-0.00852,-0.000793
1791408784.034489,0,0,1001,0.07177,-0.00568,0.00340,0.05338,0.00000,0.00000,0.00000,-0.00852,-0.000817
1791408784.054677,0,0,1001,0.07177,-0.00568,0.00340,0.05338,0.00000,-0.00000,0.00000,-0.00959,-0.000816
1791408784.074709,0,0,1001,0.07177,-0.00568,0.00340,0.05338,0.00000,-0.00000,0.00000,-0.01172,-0.000850
1791408784.094779,0,0,1001,0.07177,-0.00567,0.00340,0.05338,0.00000,-0.00000,0.00000,-0.01065,-0.000796
1791408784.114712,0,0,1001,0.07177,-0.00567,0.00340,0.05338,0.00000,0.00000,0.00000,-0.01278,-0.000768
1791408784.134680,0,0,1001,0.07177,-0.00567,0.00340,0.05338,0.00000,0.00000,0.00000,-0.00959,-0.000812
1791408784.154755,0,0,1001,0.07177,-0.00567,0.00340,0.05338,0.00000,-0.00000,0.00000,-0.00533,-0.000852
1791408784.174650,0,0,1001,0.07177,-0.00567,0.00340,0.05338,0.00000,0.00000,0.00000,-0.01172,-0.000834
1791408784.194690,0,0,1001,0.07177,-0.00567,0.00340,0.05338,0.00000,-0.00000,0.00000,-0.01811,-0.000860
1791408784.214923,0,0,1001,0.07177,-0.00567,0.00340,0.05338,0.00000,-0.00000,0.00000,-0.02024,-0.000825
1791408784.234731,0,0,1001,0.07177,-0.00567,0.00339,0.05338,0.00000,-0.00000,0.00000,0.00107,-0.000840
1791408784.254647,0,0,1001,0.07177,-0.00567,0.00340,0.05338,0.00000,0.00000,0.00000,-0.00746,-0.000848
1791408784.274713,0,0,1001,0.07177,-0.00567,0.00339,0.05338,0.00000,-0.00000,0.00000,-0.03089,-0.000853
1791408784.294741,0,0,1001,0.07177,-0.00567,0.00339,0.05338,0.00000,-0.00000,0.00000,-0.01491,-0.000798
1791408784.314402,0,0,1001,0.07177,-0.00567,0.00339,0.05338,0.00000,0.00000,0.00000,0.00426,-0.000745
1791408784.334828,0,0,1001,0.07177,-0.00567,0.00339,0.05338,0.00000,-0.00000,0.00000,-0.00426,-0.000723
1791408784.354601,0,0,1001,0.07178,-0.00567,0.00339,0.05338,0.00000,0.00000,0.00000,-0.01278,-0.000732
1791408784.374536,0,0,1001,0.07177,-0.00567,0.00339,0.05338,0.00000,0.00000,0.00000,-0.01811,-0.000666
1791408784.394587,0,0,1001,0.07177,-0.00567,0.00339,0.05338,-0.00000,-0.00000,-0.00000,-0.00639,-0.000671
1791408784.414543,0,0,1001,0.07177,-0.00567,0.00338,0.05338,-0.00000,-0.00000,-0.00000,0.01065,-0.000690
1791408784.434678,0,0,1001,0.07177,-0.00567,0.00338,0.05338,-0.00000,-0.00000,-0.00000,-0.00746,-0.000718
1791408784.454684,0,0,1001,0.07176,-0.00567,0.00338,0.05338,-0.00000,-0.00000,-0.00000,-0.01704,-0.000727
1791408784.474679,0,0,1001,0.07177,-0.00567,0.00338,0.05338,0.00000,0.00000,0.00000,-0.01598,-0.000718
1791408784.494634,0,0,1001,0.07177,-0.00568,0.00338,0.05338,-0.00000,-0.00000,-0.00000,-0.01172,-0.000720
1791408784.514601,0,0,1001,0.07177,-0.00567,0.00338,0.05338,-0.00000,0.00000,-0.00000,-0.01598,-0.000682
1791408784.534574,0,0,1001,0.07178,-0.00568,0.00338,0.05338,-0.00000,-0.00000,-0.00000,-0.00959,-0.000642
1791408784.554878,0,0,1001,0.07177,-0.00567,0.00337,0.05338,-0.00000,-0.00000,-0.00000,-0.00746,-0.000620
1791408784.574678,0,0,1001,0.07177,-0.00567,0.00338,0.05338,0.00000,0.00000,0.00000,-0.01385,-0.000657
1791408784.594518,0,0,1001,0.07177,-0.00567,0.00337,0.05338,0.00000,-0.00000,0.00000,-0.01172,-0.000611
1791408784.614557,0,0,1001,0.07177,-0.00567,0.00338,0.05338,-0.00000,0.00000,-0.00000,-0.00320,-0.000559
1791408784.634533,0,0,1001,0.07177,-0.00567,0.00337,0.05338,-0.00000,0.00000,-0.00000,-0.01278,-0.000534
1791408784.654607,0,0,1001,0.07177,-0.00567,0.00337,0.05338,-0.00000,-0.00000,-0.00000,-0.01917,-0.000526
1791408784.674554,0,0,1001,0.07177,-0.00568,0.00338,0.05338,-0.00000,0.00000,0.00000,-0.01172,-0.000529
1791408784.694671,0,0,1001,0.07177,-0.00568,0.00337,0.05338,-0.00000,-0.00000,-0.00000,-0.00320,-0.000555
1791408784.714819,0,0,1001,0.07177,-0.00567,0.00337,0.05338,-0.00000,-0.00000,-0.00000,-0.00533,-0.000565
1791408784.734510,0,0,1001,0.07177,-0.00568,0.00338,0.05338,-0.00000,-0.00000,-0.00000,-0.00639,-0.000560
1791408784.754689,0,0,1001,0.07177,-0.00568,0.00338,0.05338,-0.00000,0.00000,-0.00000,-0.01065,-0.000596
1791408784.774659,0,0,1001,0.07176,-0.00568,0.00338,0.05338,-0.00000,0.00000,-0.00000,-0.00639,-0.000604
1791408784.794814,0,0,1001,0.07177,-0.00568,0.00337,0.05338,-0.00000,0.00000,-0.00000,-0.00959,-0.000578
1791408784.814792,0,0,1001,0.07177,-0.00568,0.00337,0.05338,-0.00000,0.00000,-0.00000,-0.00533,-0.000580
1791408784.834733,0,0,1001,0.07177,-0.00568,0.00338,0.05338,0.00000,0.00000,0.00000,0.00000,-0.000535
1791408784.854597,0,0,1001,0.07177,-0.00568,0.00338,0.05338,0.00000,-0.00000,0.00000,-0.02344,-0.000617
1791408784.874621,0,0,1001,0.07177,-0.00568,0.00338,0.05338,0.00000,-0.00000,0.00000,-0.00639,-0.000663
1791408784.894527,0,0,1001,0.07177,-0.00567,0.00338,0.05338,0.00000,-0.00000,0.00000,-0.01278,-0.000636
1791408784.914860,0,0,1001,0.07177,-0.00567,0.00338,0.05338,0.00000,-0.00000,0.00000,-0.01811,-0.000623
1791408784.934655,0,0,1001,0.07177,-0.00567,0.00338,0.05338,0.00000,0.00000,0.00000,-0.00107,-0.000632
1791408784.954584,0,0,1001,0.07177,-0.00567,0.00338,0.05338,-0.00000,0.00000,-0.00000,-0.00213,-0.000646
1791408784.974777,0,0,1001,0.07177,-0.00567,0.00338,0.05338,-0.00000,0.00000,-0.00000,-0.00852,-0.000595
1791408784.994671,0,0,1001,0.07177,-0.00567,0.00337,0.05338,0.00000,-0.00000,0.00000,-0.00639,-0.000566
1791408785.014703,0,0,1001,0.07177,-0.00567,0.00337,0.05338,0.00000,-0.00000,0.00000,-0.00852,-0.000541
1791408785.034989,0,0,1001,0.07177,-0.00567,0.00338,0.05338,0.00000,-0.00000,0.00000,0.00639,-0.000514
1791408785.054563,0,0,1001,0.07177,-0.00567,0.00337,0.05338,0.00000,-0.00000,0.00000,-0.01172,-0.000496
1791408785.074646,0,0,1001,0.07177,-0.00567,0.00338,0.05338,0.00000,0.00000,0.00000,-0.00959,-0.000466
1791408785.094609,0,0,1001,0.07177,-0.00567,0.00338,0.05338,-0.00000,-0.00000,-0.00000,-0.01704,-0.000484
1791408785.114553,0,0,1001,0.07177,-0.00567,0.00337,0.05338,-0.00000,-0.00000,-0.00000,-0.01811,-0.000575
1791408785.134621,0,0,1001,0.07177,-0.00567,0.00337,0.05338,-0.00000,0.00000,-0.00000,-0.00852,-0.000576
1791408785.154677,0,0,1001,0.07177,-0.00567,0.00337,0.05338,-0.00000,0.00000,-0.00000,-0.01385,-0.000623
1791408785.174590,0,0,1001,0.07177,-0.00567,0.00337,0.05338,-0.00000,-0.00000,0.00000,-0.01278,-0.000664
1791408785.194567,0,0,1001,0.07177,-0.00567,0.00337,0.05338,-0.00000,0.00000,-0.00000,-0.00107,-0.000627
1791408785.214625,0,0,1001,0.07177,-0.00567,0.00338,0.05338,-0.00000,0.00000,-0.00000,-0.00107,-0.000590
1791408785.234616,0,0,1001,0.07177,-0.00568,0.00338,0.05338,-0.00000,0.00000,-0.00000,-0.01917,-0.000591
1791408785.254553,0,0,1001,0.07177,-0.00568,0.00338,0.05338,-0.00000,0.00000,-0.00000,-0.00746,-0.000589
1791408785.274553,0,0,1001,0.07176,-0.00568,0.00338,0.05338,-0.00000,0.00000,-0.00000,-0.00320,-0.000561
1791408785.294698,0,0,1001,0.07177,-0.00568,0.00338,0.05338,-0.00000,-0.00000,-0.00000,-0.01385,-0.000596
1791408785.314666,0,0,1001,0.07177,-0.00567,0.00338,0.05338,-0.00000,0.00000,-0.00000,0.00000,-0.000578
1791408785.334646,0,0,1001,0.07177,-0.00567,0.00338,0.05338,0.00000,0.00000,0.00000,0.00213,-0.000572
1791408785.354590,0,0,1001,0.07177,-0.00567,0.00338,0.05338,0.00000,0.00000,0.00000,-0.01385,-0.000573
1791408785.374561,0,0,1001,0.07177,-0.00568,0.00338,0.05338,-0.00000,-0.00000,-0.00000,-0.01491,-0.000588
1791408785.394679,0,0,1001,0.07177,-0.00568,0.00338,0.05338,-0.00000,0.00000,-0.00000,-0.00320,-0.000595
1791408785.414702,0,0,1001,0.07177,-0.00568,0.00338,0.05338,-0.00000,0.00000,-0.00000,-0.01491,-0.000604
1791408785.434732,0,0,1001,0.07177,-0.00568,0.00338,0.05338,-0.00000,0.00000,-0.00000,-0.01598,-0.000697
1791408785.454741,0,0,1001,0.07177,-0.00569,0.00338,0.05338,-0.00000,0.00000,-0.00000,-0.00959,-0.000687
1791408785.474677,0,0,1001,0.07177,-0.00569,0.00338,0.05338,-0.00000,0.00000,-0.00000,-0.00320,-0.000712
1791408785.495009,0,0,1001,0.07176,-0.00569,0.00338,0.05338,-0.00000,-0.00000,-0.00000,-0.01917,-0.000706
1791408785.514652,0,0,1001,0.07177,-0.00569,0.00338,0.05338,-0.00000,0.00000,-0.00000,-0.01598,-0.000722
1791408785.534628,0,0,1001,0.07177,-0.00569,0.00337,0.05338,-0.00000,0.00000,-0.00000,-0.01065,-0.000757
1791408785.554509,0,0,1001,0.07176,-0.00569,0.00337,0.05338,-0.00000,-0.00000,-0.00000,-0.01917,-0.000784
1791408785.574448,0,0,1001,0.07177,-0.00569,0.00338,0.05338,-0.00000,0.00000,-0.00000,-0.00852,-0.000804
1791408785.594429,0,0,1001,0.07177,-0.00569,0.00338,0.05338,-0.00000,0.00000,-0.00000,-0.00959,-0.000810
1791408785.614495,0,0,1001,0.07176,-0.00569,0.00338,0.05338,-0.00000,0.00000,-0.00000,-0.00426,-0.000814
1791408785.634536,0,0,1001,0.07177,-0.00570,0.00338,0.05338,-0.00000,0.00000,-0.00000,-0.01278,-0.000833
1791408785.654469,0,0,1001,0.07177,-0.00569,0.00338,0.05338,-0.00000,-0.00000,-0.00000,-0.01278,-0.000832
1791408785.674786,0,0,1001,0.07177,-0.00569,0.00338,0.05338,-0.00000,-0.00000,-0.00000,-0.00852,-0.000852
1791408785.694545,0,0,1001,0.07177,-0.00569,0.00338,0.05338,-0.00000,0.00000,-0.00000,-0.00213,-0.000865
1791408785.714600,0,0,1001,0.07177,-0.00569,0.00338,0.05338,-0.00000,0.00000,-0.00000,-0.00746,-0.000888
1791408785.734473,0,0,1001,0.07177,-0.00569,0.00339,0.05338,-0.00000,0.00000,-0.00000,-0.00639,-0.000900
1791408785.754720,0,0,1001,0.07176,-0.00570,0.00339,0.05338,-0.00000,0.00000,-0.00000,-0.01065,-0.000924
1791408785.775610,0,0,1001,0.07176,-0.00570,0.00339,0.05338,-0.00000,0.00000,-0.00000,-0.00320,-0.000933
1791408785.794382,0,0,1001,0.07177,-0.00570,0.00339,0.05338,-0.00000,0.00000,-0.00000,-0.01704,-0.000939
1791408785.814409,0,0,1001,0.07177,-0.00570,0.00339,0.05338,-0.00000,0.00000,-0.00000,-0.00639,-0.000912
1791408785.834516,0,0,1001,0.07176,-0.00570,0.00339,0.05338,-0.00000,0.00000,-0.00000,0.00000,-0.000923
1791408785.854681,0,0,1001,0.07177,-0.00570,0.00339,0.05338,-0.00000,0.00000,-0.00000,-0.02131,-0.000965
1791408785.874424,0,0,1001,0.07177,-0.00570,0.00339,0.05338,-0.00000,-0.00000,-0.00000,-0.02131,-0.000995
1791408785.894447,0,0,1001,0.07177,-0.00570,0.00339,0.05338,-0.00000,-0.00000,-0.00000,-0.00852,-0.000996
1791408785.914444,0,0,1001,0.07177,-0.00570,0.00339,0.05338,-0.00000,0.00000,-0.00000,-0.00320,-0.001017
1791408785.934429,0,0,1001,0.07177,-0.00570,0.00339,0.05338,-0.00000,-0.00000,-0.00000,-0.01917,-0.001019
1791408785.954405,0,0,1001,0.07177,-0.00570,0.00339,0.05338,-0.00000,0.00000,-0.00000,-0.01172,-0.000996
1791408785.974654,0,0,1001,0.07177,-0.00570,0.00339,0.05338,-0.00000,0.00000,-0.00000,-0.00533,-0.000958
1791408785.994535,0,0,1001,0.07177,-0.00570,0.00339,0.05338,-0.00000,-0.00000,-0.00000,-0.01491,-0.000962
1791408786.014597,0,0,1001,0.07177,-0.00570,0.00339,0.05338,-0.00000,-0.00000,-0.00000,-0.01278,-0.000936
1791408786.034493,0,0,1001,0.07178,-0.00570,0.00339,0.05338,0.00000,0.00000,0.00000,-0.00533,-0.000871
1791408786.054491,0,0,1001,0.07177,-0.00570,0.00339,0.05338,0.00000,0.00000,0.00000,-0.00746,-0.000882
1791408786.074622,0,0,1001,0.07176,-0.00570,0.00339,0.05338,-0.00000,-0.00000,-0.00000,-0.01704,-0.000876
1791408786.094501,0,0,1001,0.07177,-0.00570,0.00339,0.05338,0.00000,0.00000,0.00000,-0.01278,-0.000879
1791408786.114432,0,0,1001,0.07177,-0.00570,0.00339,0.05338,0.00000,0.00000,0.00000,-0.02024,-0.000885
1791408786.134494,0,0,1001,0.07176,-0.00570,0.00339,0.05338,0.00000,0.00000,0.00000,-0.01811,-0.000908
1791408786.154460,0,0,1001,0.07177,-0.00570,0.00339,0.05338,0.00000,-0.00000,0.00000,-0.00959,-0.000859
1791408786.174426,0,0,1001,0.07177,-0.00569,0.00339,0.05338,0.00000,0.00000,0.00000,-0.00959,-0.000910
1791408786.194532,0,0,1001,0.07177,-0.00569,0.00339,0.05338,0.00000,-0.00000,0.00000,-0.02131,-0.000901
1791408786.214389,0,0,1001,0.07177,-0.00569,0.00339,0.05338,0.00000,0.00000,0.00000,-0.00533,-0.000835
1791408786.234357,0,0,1001,0.07177,-0.00569,0.00340,0.05338,0.00000,0.00000,0.00000,-0.00213,-0.000852
1791408786.254422,0,0,1001,0.07177,-0.00569,0.00339,0.05338,0.00000,-0.00000,0.00000,-0.01385,-0.000872
1791408786.274295,0,0,1001,0.07177,-0.00570,0.00339,0.05338,0.00000,-0.00000,0.00000,-0.00959,-0.000921
1791408786.294338,0,0,1001,0.07176,-0.00569,0.00339,0.05338,0.00000,0.00000,0.00000,-0.00426,-0.000888
1791408786.314438,0,0,1001,0.07177,-0.00569,0.00339,0.05338,0.00000,0.00000,0.00000,-0.02131,-0.000901
1791408786.334376,0,0,1001,0.07177,-0.00570,0.00339,0.05338,-0.00000,-0.00000,-0.00000,-0.00852,-0.000909
1791408786.354421,0,0,1001,0.07177,-0.00569,0.00339,0.05338,-0.00000,-0.00000,-0.00000,-0.01917,-0.000970
1791408786.374435,0,0,1001,0.07177,-0.00570,0.00339,0.05338,-0.00000,0.00000,-0.00000,-0.00639,-0.000997
1791408786.394536,0,0,1001,0.07177,-0.00569,0.00340,0.05338,-0.00000,0.00000,-0.00000,-0.02344,-0.001001
1791408786.414361,0,0,1001,0.07177,-0.00569,0.00340,0.05338,0.00000,-0.00000,0.00000,-0.00746,-0.000970
1791408786.434479,0,0,1001,0.07177,-0.00569,0.00340,0.05338,0.00000,0.00000,0.00000,-0.00746,-0.000966
1791408786.454419,0,0,1001,0.07176,-0.00569,0.00340,0.05338,0.00000,-0.00000,0.00000,-0.01811,-0.000988
1791408786.474381,0,0,1001,0.07177,-0.00569,0.00340,0.05338,0.00000,-0.00000,0.00000,-0.00639,-0.000981
1791408786.494413,0,0,1001,0.07177,-0.00569,0.00341,0.05338,0.00000,0.00000,0.00000,-0.01598,-0.000969
1791408786.514473,0,0,1001,0.07177,-0.00569,0.00340,0.05338,-0.00000,-0.00000,-0.00000,-0.01491,-0.000941
1791408786.534446,0,0,1001,0.07177,-0.00569,0.00341,0.05338,0.00000,0.00000,0.00000,-0.00746,-0.000900
1791408786.554372,0,0,1001,0.07177,-0.00568,0.00341,0.05338,0.00000,-0.00000,0.00000,-0.01172,-0.000901
1791408786.574404,0,0,1001,0.07177,-0.00568,0.00341,0.05338,0.00000,-0.00000,0.00000,-0.01385,-0.000868
1791408786.594600,0,0,1001,0.07177,-0.00568,0.00341,0.05338,0.00000,0.00000,0.00000,-0.00746,-0.000884
1791408786.614506,0,0,1001,0.07177,-0.00568,0.00341,0.05338,0.00000,0.00000,0.00000,-0.00852,-0.000896
1791408786.634488,0,0,1001,0.07177,-0.00568,0.00341,0.05338,0.00000,-0.00000,0.00000,-0.00959,-0.000888
1791408786.654387,0,0,1001,0.07177,-0.00568,0.00341,0.05338,0.00000,-0.00000,0.00000,-0.00959,-0.000912
1791408786.674445,0,0,1001,0.07177,-0.00569,0.00341,0.05338,0.00000,0.00000,0.00000,-0.01385,-0.000985
1791408786.694369,0,0,1001,0.07176,-0.00569,0.00341,0.05338,-0.00000,0.00000,-0.00000,-0.01598,-0.001048
1791408786.714433,0,0,1001,0.07177,-0.00569,0.00341,0.05338,-0.00000,0.00000,-0.00000,-0.01811,-0.001010
1791408786.734309,0,0,1001,0.07177,-0.00569,0.00341,0.05338,-0.00000,0.00000,-0.00000,-0.00426,-0.000964
1791408786.754489,0,0,1001,0.07177,-0.00568,0.00341,0.05338,0.00000,0.00000,0.00000,0.00533,-0.000887
1791408786.774299,0,0,1001,0.07177,-0.00568,0.00341,0.05338,0.00000,0.00000,0.00000,-0.01278,-0.000864
1791408786.794555,0,0,1001,0.07177,-0.00569,0.00341,0.05338,0.00000,-0.00000,0.00000,-0.01278,-0.000856
1791408786.814574,0,0,1001,0.07177,-0.00569,0.00341,0.05338,0.00000,-0.00000,0.00000,-0.01917,-0.000867
1791408786.834417,0,0,1001,0.07177,-0.00569,0.00340,0.05338,-0.00000,0.00000,-0.00000,0.00426,-0.000833
1791408786.854460,0,0,1001,0.07177,-0.00569,0.00340,0.05338,0.00000,-0.00000,0.00000,-0.01811,-0.000825
1791408786.874428,0,0,1001,0.07176,-0.00568,0.00340,0.05338,0.00000,-0.00000,0.00000,-0.00320,-0.000822
1791408786.894557,0,0,1001,0.07177,-0.00568,0.00340,0.05338,0.00000,-0.00000,0.00000,-0.01491,-0.000819
1791408786.914363,0,0,1001,0.07177,-0.00568,0.00340,0.05338,0.00000,-0.00000,0.00000,-0.01172,-0.000846
1791408786.934408,0,0,1001,0.07177,-0.00568,0.00340,0.05338,0.00000,-0.00000,0.00000,-0.01598,-0.000879
1791408786.954371,0,0,1001,0.07177,-0.00567,0.00340,0.05338,0.00000,0.00000,0.00000,-0.01491,-0.000870
1791408786.974478,0,0,1001,0.07176,-0.00567,0.00340,0.05338,0.00000,-0.00000,0.00000,-0.01385,-0.000843
1791408786.994428,0,0,1001,0.07176,-0.00567,0.00341,0.05338,0.00000,-0.00000,0.00000,0.00000,-0.000839
1791408787.014450,0,0,1001,0.07177,-0.00567,0.00340,0.05338,0.00000,-0.00000,0.00000,-0.00107,-0.000836
1791408787.034413,0,0,1001,0.07177,-0.00567,0.00341,0.05338,0.00000,-0.00000,0.00000,-0.01598,-0.000893
1791408787.054573,0,0,1001,0.07177,-0.00567,0.00341,0.05338,0.00000,0.00000,0.00000,-0.00959,-0.000928
1791408787.074577,0,0,1001,0.07177,-0.00567,0.00341,0.05338,0.00000,-0.00000,0.00000,-0.00213,-0.000913
1791408787.094506,0,0,1001,0.07177,-0.00567,0.00341,0.05338,0.00000,-0.00000,0.00000,0.00000,-0.000862
1791408787.114427,0,0,1001,0.07177,-0.00567,0.00341,0.05338,0.00000,-0.00000,0.00000,-0.00852,-0.000797
1791408787.134578,0,0,1001,0.07177,-0.00567,0.00341,0.05338,0.00000,0.00000,0.00000,-0.00426,-0.000807
1791408787.154505,0,0,1001,0.07177,-0.00567,0.00340,0.05338,0.00000,-0.00000,0.00000,-0.01598,-0.000835
1791408787.174426,0,0,1001,0.07176,-0.00567,0.00340,0.05338,0.00000,-0.00000,0.00000,-0.00320,-0.000838
1791408787.194321,0,0,1001,0.07177,-0.00567,0.00340,0.05338,-0.00000,-0.00000,-0.00000,0.00107,-0.000841
1791408787.214284,0,0,1001,0.07177,-0.00567,0.00340,0.05338,-0.00000,-0.00000,-0.00000,-0.01278,-0.000872
1791408787.234377,0,0,1001,0.07177,-0.00567,0.00340,0.05338,-0.00000,0.00000,-0.00000,-0.00746,-0.000877
1791408787.254417,0,0,1001,0.07177,-0.00567,0.00340,0.05338,0.00000,-0.00000,0.00000,-0.00426,-0.000868
1791408787.274403,0,0,1001,0.07176,-0.00567,0.00340,0.05338,-0.00000,0.00000,-0.00000,-0.00959,-0.000865
1791408787.294517,0,0,1001,0.07177,-0.00568,0.00340,0.05338,-0.00000,-0.00000,-0.00000,-0.00852,-0.000895
1791408787.314554,0,0,1001,0.07177,-0.00568,0.00340,0.05338,-0.00000,0.00000,-0.00000,-0.01491,-0.000883
1791408787.334244,0,0,1001,0.07177,-0.00568,0.00340,0.05338,-0.00000,0.00000,-0.00000,-0.00320,-0.000879
1791408787.354330,0,0,1001,0.07177,-0.00567,0.00340,0.05338,-0.00000,-0.00000,-0.00000,-0.01278,-0.000858
1791408787.374509,0,0,1001,0.07177,-0.00567,0.00340,0.05338,-0.00000,-0.00000,-0.00000,-0.02983,-0.000934
1791408787.394436,0,0,1001,0.07177,-0.00567,0.00340,0.05338,-0.00000,-0.00000,-0.00000,-0.00852,-0.000940
1791408787.414384,0,0,1001,0.07177,-0.00568,0.00340,0.05338,0.00000,-0.00000,0.00000,-0.00639,-0.000948
1791408787.434412,0,0,1001,0.07177,-0.00568,0.00340,0.05338,-0.00000,-0.00000,-0.00000,-0.01491,-0.000955
1791408787.454363,0,0,1001,0.07177,-0.00568,0.00340,0.05338,-0.00000,-0.00000,-0.00000,-0.00959,-0.000974
1791408787.474306,0,0,1001,0.07176,-0.00568,0.00340,0.05338,-0.00000,0.00000,-0.00000,-0.00852,-0.000999
1791408787.494267,0,0,1001,0.07176,-0.00568,0.00340,0.05338,-0.00000,0.00000,-0.00000,-0.01491,-0.001014
1791408787.514247,0,0,1001,0.07177,-0.00568,0.00340,0.05338,-0.00000,0.00000,-0.00000,-0.01811,-0.000996
1791408787.534265,0,0,1001,0.07177,-0.00568,0.00340,0.05338,-0.00000,0.00000,-0.00000,-0.00533,-0.000999
1791408787.554228,0,0,1001,0.07177,-0.00568,0.00341,0.05338,-0.00000,0.00000,-0.00000,-0.01278,-0.000950
1791408787.574504,0,0,1001,0.07177,-0.00568,0.00341,0.05338,-0.00000,-0.00000,-0.00000,-0.00426,-0.000917
1791408787.594386,0,0,1001,0.07176,-0.00568,0.00341,0.05338,-0.00000,0.00000,-0.00000,-0.00107,-0.000906
1791408787.614353,0,0,1001,0.07177,-0.00568,0.00340,0.05338,-0.00000,-0.00000,-0.00000,-0.01917,-0.000906
1791408787.634270,0,0,1001,0.07177,-0.00568,0.00340,0.05338,-0.00000,-0.00000,-0.00000,-0.01065,-0.000832
1791408787.654231,0,0,1001,0.07177,-0.00568,0.00340,0.05338,0.00000,-0.00000,0.00000,-0.01385,-0.000812
1791408787.674313,0,0,1001,0.07177,-0.00568,0.00340,0.05338,0.00000,-0.00000,0.00000,-0.01172,-0.000815
1791408787.694313,0,0,1001,0.07177,-0.00568,0.00340,0.05338,0.00000,-0.00000,0.00000,-0.00959,-0.000883
1791408787.714199,0,0,1001,0.07177,-0.00568,0.00340,0.05338,0.00000,0.00000,0.00000,-0.01065,-0.000922
1791408787.734373,0,0,1001,0.07176,-0.00568,0.00340,0.05338,-0.00000,-0.00000,-0.00000,-0.00426,-0.000909
1791408787.754438,0,0,1001,0.07177,-0.00568,0.00340,0.05338,-0.00000,0.00000,-0.00000,-0.01172,-0.000882
1791408787.774430,0,0,1001,0.07176,-0.00568,0.00340,0.05338,0.00000,-0.00000,0.00000,-0.02344,-0.000851
1791408787.794376,0,0,1001,0.07177,-0.00568,0.00340,0.05338,0.00000,0.00000,0.00000,-0.00639,-0.000841
1791408787.814317,0,0,1001,0.07177,-0.00568,0.00340,0.05338,0.00000,-0.00000,0.00000,-0.00213,-0.000891
1791408787.834363,0,0,1001,0.07177,-0.00568,0.00340,0.05338,0.00000,0.00000,0.00000,-0.00213,-0.000886
1791408787.854289,0,0,1001,0.07177,-0.00568,0.00340,0.05338,-0.00000,0.00000,-0.00000,-0.01065,-0.000888
1791408787.874421,0,0,1001,0.07177,-0.00568,0.00340,0.05338,-0.00000,-0.00000,-0.00000,-0.01385,-0.000887
1791408787.894285,0,0,1001,0.07177,-0.00568,0.00340,0.05338,-0.00000,0.00000,-0.00000,-0.01385,-0.000881
1791408787.914405,0,0,1001,0.07176,-0.00568,0.00340,0.05338,-0.00000,0.00000,-0.00000,-0.01811,-0.000829
1791408787.934245,0,0,1001,0.07177,-0.00568,0.00341,0.05338,0.00000,0.00000,0.00000,-0.02024,-0.000852
1791408787.954517,0,0,1001,0.07177,-0.00568,0.00341,0.05338,0.00000,0.00000,0.00000,-0.00852,-0.000868
1791408787.974346,0,0,1001,0.07177,-0.00568,0.00341,0.05338,0.00000,-0.00000,0.00000,-0.01172,-0.000809
1791408787.994562,0,0,1001,0.07177,-0.00568,0.00341,0.05338,-0.00000,-0.00000,-0.00000,-0.00533,-0.000814
1791408788.014304,0,0,1001,0.07177,-0.00568,0.00340,0.05338,0.00000,-0.00000,0.00000,-0.02344,-0.000880
1791408788.034245,0,0,1001,0.07177,-0.00568,0.00340,0.05338,-0.00000,0.00000,-0.00000,-0.01491,-0.000878
1791408788.054325,0,0,1001,0.07177,-0.00568,0.00341,0.05338,-0.00000,0.00000,-0.00000,-0.00426,-0.000836
1791408788.074343,0,0,1001,0.07177,-0.00569,0.00340,0.05338,-0.00000,-0.00000,-0.00000,-0.00959,-0.000799
1791408788.094367,0,0,1001,0.07177,-0.00568,0.00340,0.05338,-0.00000,-0.00000,-0.00000,-0.00533,-0.000789
1791408788.114350,0,0,1001,0.07177,-0.00568,0.00340,0.05338,-0.00000,0.00000,-0.00000,-0.01278,-0.000815
1791408788.134415,0,0,1001,0.07177,-0.00568,0.00340,0.05338,-0.00000,-0.00000,-0.00000,-0.00426,-0.000792
1791408788.154378,0,0,1001,0.07177,-0.00569,0.00340,0.05338,-0.00000,-0.00000,-0.00000,-0.01065,-0.000790
1791408788.174364,0,0,1001,0.07176,-0.00569,0.00340,0.05338,-0.00000,0.00000,-0.00000,-0.01385,-0.000799
1791408788.194422,0,0,1001,0.07177,-0.00569,0.00340,0.05338,-0.00000,-0.00000,-0.00000,-0.00852,-0.000822
1791408788.214249,0,0,1001,0.07177,-0.00569,0.00340,0.05338,-0.00000,-0.00000,-0.00000,-0.01065,-0.000806
1791408788.234378,0,0,1001,0.07177,-0.00569,0.00340,0.05338,0.00000,0.00000,0.00000,-0.01278,-0.000800
1791408788.254205,0,0,1001,0.07177,-0.00568,0.00341,0.05338,-0.00000,0.00000,-0.00000,0.00000,-0.000758
1791408788.274326,0,0,1001,0.07177,-0.00568,0.00341,0.05338,-0.00000,0.00000,-0.00000,-0.00107,-0.000727
1791408788.294259,0,0,1001,0.07176,-0.00568,0.00341,0.05338,-0.00000,0.00000,-0.00000,-0.00213,-0.000693
1791408788.314239,0,0,1001,0.07176,-0.00568,0.00341,0.05338,0.00000,0.00000,0.00000,0.00213,-0.000676
1791408788.334277,0,0,1001,0.07177,-0.00568,0.00341,0.05338,0.00000,-0.00000,0.00000,0.00639,-0.000612
1791408788.354370,0,0,1001,0.07176,-0.00568,0.00340,0.05338,-0.00000,-0.00000,-0.00000,-0.01491,-0.000622
1791408788.374306,0,0,1001,0.07177,-0.00568,0.00341,0.05338,0.00000,-0.00000,0.00000,-0.01598,-0.000605
1791408788.394281,0,0,1001,0.07177,-0.00569,0.00341,0.05338,-0.00000,-0.00000,-0.00000,-0.02237,-0.000624
1791408788.414124,0,0,1001,0.07177,-0.00569,0.00341,0.05338,-0.00000,0.00000,-0.00000,-0.00213,-0.000620
1791408788.434307,0,0,1001,0.07177,-0.00568,0.00341,0.05338,0.00000,-0.00000,0.00000,-0.00639,-0.000595
1791408788.454172,0,0,1001,0.07177,-0.00568,0.00341,0.05338,-0.00000,0.00000,-0.00000,-0.00426,-0.000569
1791408788.474334,0,0,1001,0.07176,-0.00568,0.00341,0.05338,-0.00000,0.00000,-0.00000,0.00107,-0.000533
1791408788.494339,0,0,1001,0.07177,-0.00568,0.00341,0.05338,-0.00000,0.00000,-0.00000,-0.01598,-0.000515
1791408788.514339,0,0,1001,0.07177,-0.00568,0.00341,0.05338,-0.00000,-0.00000,-0.00000,-0.01278,-0.000520
1791408788.534008,0,0,1001,0.07176,-0.00568,0.00341,0.05338,-0.00000,-0.00000,-0.00000,-0.01278,-0.000502
1791408788.554056,0,0,1001,0.07177,-0.00568,0.00340,0.05338,0.00000,-0.00000,0.00000,0.00107,-0.000503
1791408788.574231,0,0,1001,0.07177,-0.00568,0.00341,0.05338,0.00000,0.00000,0.00000,-0.00639,-0.000467
1791408788.594265,0,0,1001,0.07177,-0.00568,0.00341,0.05338,0.00000,-0.00000,0.00000,-0.00426,-0.000454
1791408788.614218,0,0,1001,0.07177,-0.00568,0.00341,0.05338,0.00000,-0.00000,0.00000,-0.00852,-0.000455
1791408788.634299,0,0,1001,0.07177,-0.00568,0.00341,0.05338,0.00000,0.00000,0.00000,0.00000,-0.000482
1791408788.654236,0,0,1001,0.07177,-0.00568,0.00341,0.05338,0.00000,-0.00000,0.00000,-0.01065,-0.000493
1791408788.674297,0,0,1001,0.07177,-0.00568,0.00341,0.05338,0.00000,-0.00000,0.00000,-0.00746,-0.000484
1791408788.694152,0,0,1001,0.07177,-0.00568,0.00341,0.05338,0.00000,-0.00000,0.00000,-0.01065,-0.000474
1791408788.714076,0,0,1001,0.07177,-0.00568,0.00341,0.05338,0.00000,-0.00000,0.00000,-0.00533,-0.000444
1791408788.734179,0,0,1001,0.07177,-0.00568,0.00342,0.05338,-0.00000,0.00000,-0.00000,-0.01065,-0.000446
1791408788.754083,0,0,1001,0.07177,-0.00568,0.00342,0.05338,-0.00000,0.00000,-0.00000,-0.00426,-0.000423
1791408788.774058,0,0,1001,0.07177,-0.00568,0.00342,0.05338,0.00000,-0.00000,0.00000,-0.02450,-0.000398
1791408788.794059,0,0,1001,0.07177,-0.00568,0.00342,0.05338,-0.00000,0.00000,-0.00000,-0.00533,-0.000430
1791408788.814319,0,0,1001,0.07177,-0.00568,0.00342,0.05338,-0.00000,0.00000,-0.00000,0.00533,-0.000478
1791408788.834088,0,0,1001,0.07177,-0.00568,0.00342,0.05338,-0.00000,-0.00000,-0.00000,-0.00639,-0.000482
1791408788.854123,0,0,1001,0.07176,-0.00568,0.00342,0.05338,-0.00000,-0.00000,-0.00000,-0.00639,-0.000478
1791408788.874463,0,0,1001,0.07177,-0.00568,0.00342,0.05338,-0.00000,0.00000,-0.00000,-0.02450,-0.000486
1791408788.894270,0,0,1001,0.07176,-0.00568,0.00342,0.05338,-0.00000,0.00000,-0.00000,0.00320,-0.000422
1791408788.914131,0,0,1001,0.07177,-0.00568,0.00343,0.05338,0.00000,0.00000,0.00000,-0.00746,-0.000416
1791408788.934265,0,0,1001,0.07177,-0.00568,0.00342,0.05338,0.00000,-0.00000,0.00000,-0.00533,-0.000476
1791408788.954344,0,0,1001,0.07177,-0.00568,0.00342,0.05338,-0.00000,0.00000,-0.00000,-0.00320,-0.000415
1791408788.974414,0,0,1001,0.07177,-0.00568,0.00343,0.05338,0.00000,0.00000,0.00000,-0.00959,-0.000386
1791408788.994277,0,0,1001,0.07177,-0.00567,0.00343,0.05338,0.00000,-0.00000,0.00000,-0.00107,-0.000422
1791408789.014104,0,0,1001,0.07177,-0.00567,0.00343,0.05338,0.00000,0.00000,0.00000,0.00000,-0.000377
1791408789.034040,0,0,1001,0.07177,-0.00568,0.00343,0.05338,0.00000,0.00000,0.00000,-0.01598,-0.000434
1791408789.054240,0,0,1001,0.07177,-0.00567,0.00343,0.05338,0.00000,-0.00000,0.00000,-0.00959,-0.000446
1791408789.074245,0,0,1001,0.07177,-0.00567,0.00343,0.05338,0.00000,-0.00000,0.00000,-0.00746,-0.000437
1791408789.094038,0,0,1001,0.07177,-0.00567,0.00344,0.05338,0.00000,0.00000,0.00000,-0.00320,-0.000421
1791408789.114115,0,0,1001,0.07177,-0.00567,0.00344,0.05338,0.00000,-0.00000,0.00000,-0.01172,-0.000413
1791408789.134191,0,0,1001,0.07177,-0.00567,0.00344,0.05338,-0.00000,0.00000,-0.00000,-0.00213,-0.000412
1791408789.154147,0,0,1001,0.07177,-0.00567,0.00344,0.05338,-0.00000,0.00000,-0.00000,-0.01065,-0.000448
1791408789.174244,0,0,1001,0.07176,-0.00567,0.00345,0.05338,-0.00000,0.00000,-0.00000,-0.00107,-0.000423
1791408789.194073,0,0,1001,0.07177,-0.00567,0.00344,0.05338,0.00000,0.00000,0.00000,0.00320,-0.000396
1791408789.214300,0,0,1001,0.07177,-0.00567,0.00344,0.05338,-0.00000,0.00000,-0.00000,-0.01491,-0.000420
1791408789.234085,0,0,1001,0.07177,-0.00567,0.00344,0.05338,-0.00000,-0.00000,-0.00000,-0.01172,-0.000427
1791408789.254106,0,0,1001,0.07177,-0.00567,0.00344,0.05338,-0.00000,0.00000,-0.00000,-0.00320,-0.000396
1791408789.274114,0,0,1001,0.07177,-0.00567,0.00344,0.05338,-0.00000,-0.00000,-0.00000,-0.01172,-0.000397
1791408789.294045,0,0,1001,0.07177,-0.00567,0.00344,0.05338,-0.00000,0.00000,-0.00000,-0.00320,-0.000383
1791408789.314055,0,0,1001,0.07177,-0.00567,0.00344,0.05338,-0.00000,-0.00000,-0.00000,-0.01065,-0.000408
1791408789.334105,0,0,1001,0.07177,-0.00567,0.00344,0.05338,-0.00000,0.00000,-0.00000,-0.00959,-0.000398
1791408789.354134,0,0,1001,0.07177,-0.00567,0.00344,0.05338,-0.00000,0.00000,-0.00000,-0.00320,-0.000391
1791408789.374387,0,0,1001,0.07177,-0.00568,0.00344,0.05338,-0.00000,-0.00000,-0.00000,-0.01704,-0.000414
1791408789.394274,0,0,1001,0.07176,-0.00567,0.00344,0.05338,-0.00000,0.00000,-0.00000,-0.00426,-0.000437
1791408789.414099,0,0,1001,0.07176,-0.00567,0.00344,0.05338,-0.00000,0.00000,-0.00000,-0.00213,-0.000397
1791408789.434365,0,0,1001,0.07176,-0.00567,0.00344,0.05338,0.00000,0.00000,0.00000,-0.01172,-0.000402
1791408789.454101,0,0,1001,0.07177,-0.00567,0.00344,0.05338,0.00000,0.00000,0.00000,-0.00746,-0.000406
1791408789.474268,0,0,1001,0.07177,-0.00567,0.00344,0.05338,0.00000,0.00000,0.00000,-0.00959,-0.000339
1791408789.494087,0,0,1001,0.07177,-0.00567,0.00344,0.05338,-0.00000,-0.00000,-0.00000,-0.00746,-0.000374
1791408789.514066,0,0,1001,0.07177,-0.00567,0.00344,0.05338,-0.00000,0.00000,-0.00000,0.00213,-0.000402
1791408789.533998,0,0,1001,0.07176,-0.00567,0.00344,0.05338,-0.00000,0.00000,-0.00000,-0.00426,-0.000345
1791408789.554063,0,0,1001,0.07177,-0.00567,0.00344,0.05338,0.00000,0.00000,0.00000,-0.01385,-0.000342
1791408789.574117,0,0,1001,0.07177,-0.00567,0.00343,0.05338,0.00000,-0.00000,0.00000,-0.02237,-0.000402
1791408789.594017,0,0,1001,0.07177,-0.00567,0.00343,0.05338,-0.00000,0.00000,-0.00000,-0.01278,-0.000408
1791408789.614095,0,0,1001,0.07176,-0.00567,0.00343,0.05338,-0.00000,-0.00000,-0.00000,-0.01385,-0.000474
1791408789.634017,0,0,1001,0.07177,-0.00567,0.00343,0.05338,0.00000,-0.00000,0.00000,-0.00426,-0.000430
1791408789.654100,0,0,1001,0.07177,-0.00567,0.00343,0.05338,0.00000,-0.00000,0.00000,-0.00959,-0.000409
1791408789.673990,0,0,1001,0.07177,-0.00567,0.00343,0.05338,0.00000,-0.00000,0.00000,-0.01598,-0.000401
1791408789.694018,0,0,1001,0.07177,-0.00567,0.00343,0.05338,-0.00000,-0.00000,-0.00000,0.00533,-0.000385
1791408789.714028,0,0,1001,0.07177,-0.00567,0.00343,0.05338,0.00000,-0.00000,0.00000,-0.00639,-0.000388
1791408789.733992,0,0,1001,0.07177,-0.00567,0.00343,0.05338,-0.00000,0.00000,-0.00000,-0.00746,-0.000401
1791408789.753942,0,0,1001,0.07176,-0.00567,0.00343,0.05338,-0.00000,0.00000,-0.00000,-0.01278,-0.000405
1791408789.774386,0,0,1001,0.07176,-0.00567,0.00343,0.05338,-0.00000,0.00000,-0.00000,-0.00533,-0.000373
1791408789.794086,0,0,1001,0.07177,-0.00567,0.00343,0.05338,0.00000,-0.00000,0.00000,-0.01278,-0.000337
1791408789.814146,0,0,1001,0.07177,-0.00567,0.00343,0.05338,0.00000,-0.00000,0.00000,-0.02237,-0.000362
1791408789.834108,0,0,1001,0.07177,-0.00567,0.00343,0.05338,0.00000,-0.00000,0.00000,-0.00959,-0.000389
1791408789.854070,0,0,1001,0.07177,-0.00567,0.00343,0.05338,0.00000,-0.00000,0.00000,-0.01065,-0.000355
1791408789.874008,0,0,1001,0.07177,-0.00567,0.00343,0.05338,0.00000,-0.00000,0.00000,-0.00639,-0.000365
1791408789.893933,0,0,1001,0.07177,-0.00567,0.00343,0.05338,-0.00000,-0.00000,-0.00000,-0.00426,-0.000333
1791408789.914073,0,0,1001,0.07177,-0.00567,0.00343,0.05338,0.00000,-0.00000,0.00000,-0.01385,-0.000340
1791408789.934040,0,0,1001,0.07177,-0.00567,0.00343,0.05338,-0.00000,-0.00000,-0.00000,-0.02024,-0.000355
1791408789.953997,0,0,1001,0.07177,-0.00567,0.00343,0.05338,0.00000,-0.00000,0.00000,-0.00959,-0.000400
1791408789.974058,0,0,1001,0.07177,-0.00567,0.00343,0.05338,0.00000,-0.00000,0.00000,-0.00426,-0.000403
1791408789.993945,0,0,1001,0.07177,-0.00567,0.00343,0.05338,0.00000,0.00000,0.00000,-0.01278,-0.000413
1791408790.013928,0,0,1001,0.07176,-0.00566,0.00343,0.05338,0.00000,0.00000,0.00000,-0.02237,-0.000426
1791408790.033942,0,0,1001,0.07176,-0.00566,0.00343,0.05338,0.00000,0.00000,0.00000,0.00000,-0.000429
1791408790.054026,0,0,1001,0.07177,-0.00566,0.00343,0.05338,0.00000,-0.00000,0.00000,-0.00852,-0.000424
1791408790.074106,0,0,1001,0.07177,-0.00566,0.00343,0.05338,0.00000,-0.00000,0.00000,0.00000,-0.000482
1791408790.094020,0,0,1001,0.07177,-0.00566,0.00343,0.05338,0.00000,-0.00000,0.00000,-0.00533,-0.000468
1791408790.113916,0,0,1001,0.07177,-0.00565,0.00343,0.05338,0.00000,-0.00000,0.00000,-0.02024,-0.000502
1791408790.133974,0,0,1001,0.07177,-0.00566,0.00342,0.05338,0.00000,-0.00000,0.00000,-0.00639,-0.000507
1791408790.153992,0,0,1001,0.07177,-0.00566,0.00343,0.05338,0.00000,-0.00000,0.00000,-0.00852,-0.000523
1791408790.174020,0,0,1001,0.07176,-0.00566,0.00343,0.05338,-0.00000,-0.00000,-0.00000,-0.01598,-0.000543
1791408790.193970,0,0,1001,0.07177,-0.00566,0.00342,0.05338,-0.00000,-0.00000,-0.00000,-0.01917,-0.000578
1791408790.214020,0,0,1001,0.07177,-0.00566,0.00343,0.05338,-0.00000,-0.00000,-0.00000,-0.01172,-0.000609
1791408790.234116,0,0,1001,0.07177,-0.00566,0.00343,0.05338,-0.00000,0.00000,-0.00000,-0.01065,-0.000672
1791408790.254054,0,0,1001,0.07177,-0.00566,0.00343,0.05338,-0.00000,-0.00000,-0.00000,-0.00959,-0.000650
1791408790.273946,0,0,1001,0.07178,-0.00566,0.00342,0.05338,0.00000,-0.00000,0.00000,-0.02450,-0.000648
1791408790.293941,0,0,1001,0.07176,-0.00566,0.00342,0.05338,0.00000,0.00000,0.00000,-0.01811,-0.000640
1791408790.314024,0,0,1001,0.07177,-0.00566,0.00343,0.05338,0.00000,-0.00000,0.00000,-0.00959,-0.000687
1791408790.333981,0,0,1001,0.07176,-0.00565,0.00343,0.05338,0.00000,0.00000,0.00000,-0.00426,-0.000654
1791408790.354134,0,0,1001,0.07176,-0.00565,0.00343,0.05338,0.00000,-0.00000,0.00000,-0.01598,-0.000661
1791408790.374019,0,0,1001,0.07177,-0.00565,0.00343,0.05338,0.00000,-0.00000,0.00000,-0.01917,-0.000641
1791408790.394004,0,0,1001,0.07177,-0.00564,0.00343,0.05339,0.00000,-0.00000,0.00000,-0.01598,-0.000622
1791408790.414354,0,0,1001,0.07177,-0.00564,0.00343,0.05339,0.00000,-0.00000,0.00000,-0.01172,-0.000660
1791408790.434038,0,0,1001,0.07177,-0.00564,0.00343,0.05339,0.00000,-0.00000,0.00000,-0.00107,-0.000726
1791408790.454592,0,0,1001,0.07177,-0.00564,0.00343,0.05339,0.00000,-0.00000,0.00000,-0.01065,-0.000682
1791408790.473976,0,0,1001,0.07177,-0.00564,0.00343,0.05339,0.00000,-0.00000,0.00000,-0.01065,-0.000698
1791408790.493978,0,0,1001,0.07176,-0.00564,0.00343,0.05339,0.00000,-0.00000,0.00000,-0.00959,-0.000713
1791408790.513970,0,0,1001,0.07176,-0.00564,0.00342,0.05339,0.00000,-0.00000,0.00000,-0.01491,-0.000733
1791408790.533916,0,0,1001,0.07177,-0.00564,0.00342,0.05339,-0.00000,-0.00000,-0.00000,-0.01065,-0.000794
1791408790.554120,0,0,1001,0.07177,-0.00564,0.00342,0.05339,0.00000,-0.00000,0.00000,-0.01172,-0.000814
1791408790.573982,0,0,1001,0.07177,-0.00565,0.00343,0.05339,-0.00000,0.00000,-0.00000,-0.00426,-0.000831
1791408790.593994,0,0,1001,0.07177,-0.00565,0.00342,0.05338,-0.00000,-0.00000,-0.00000,0.00000,-0.000825
1791408790.613927,0,0,1001,0.07176,-0.00565,0.00342,0.05338,-0.00000,0.00000,-0.00000,-0.01811,-0.000840
1791408790.633876,0,0,1001,0.07177,-0.00565,0.00342,0.05338,-0.00000,-0.00000,-0.00000,-0.00426,-0.000856
1791408790.653928,0,0,1001,0.07177,-0.00565,0.00342,0.05338,-0.00000,-0.00000,-0.00000,-0.00426,-0.000833
1791408790.674032,0,0,1001,0.07176,-0.00565,0.00342,0.05338,-0.00000,0.00000,-0.00000,0.00213,-0.000786
1791408790.693935,0,0,1001,0.07177,-0.00565,0.00342,0.05338,-0.00000,0.00000,-0.00000,-0.00639,-0.000757
1791408790.713897,0,0,1001,0.07177,-0.00565,0.00342,0.05339,0.00000,-0.00000,0.00000,-0.01704,-0.000761
1791408790.733953,0,0,1001,0.07177,-0.00565,0.00342,0.05338,0.00000,0.00000,0.00000,-0.00533,-0.000753
1791408790.754008,0,0,1001,0.07176,-0.00565,0.00342,0.05338,-0.00000,0.00000,-0.00000,0.00639,-0.000741
1791408790.773966,0,0,1001,0.07177,-0.00565,0.00342,0.05338,-0.00000,-0.00000,-0.00000,-0.00639,-0.000732
1791408790.793840,0,0,1001,0.07176,-0.00565,0.00342,0.05338,0.00000,0.00000,0.00000,-0.01278,-0.000710
1791408790.813937,0,0,1001,0.07177,-0.00564,0.00342,0.05339,0.00000,-0.00000,0.00000,-0.00320,-0.000711
1791408790.833898,0,0,1001,0.07177,-0.00564,0.00341,0.05339,0.00000,-0.00000,0.00000,-0.01065,-0.000700
1791408790.853813,0,0,1001,0.07177,-0.00565,0.00342,0.05339,0.00000,0.00000,0.00000,-0.01917,-0.000722
1791408790.873806,0,0,1001,0.07176,-0.00564,0.00342,0.05339,0.00000,0.00000,0.00000,0.00426,-0.000640
1791408790.893865,0,0,1001,0.07177,-0.00564,0.00341,0.05339,0.00000,-0.00000,0.00000,-0.03622,-0.000721
1791408790.913853,0,0,1001,0.07177,-0.00564,0.00341,0.05339,-0.00000,-0.00000,-0.00000,-0.00959,-0.000731
1791408790.933838,0,0,1001,0.07176,-0.00564,0.00341,0.05339,0.00000,0.00000,0.00000,-0.00746,-0.000727
1791408790.953877,0,0,1001,0.07177,-0.00564,0.00341,0.05339,-0.00000,0.00000,-0.00000,-0.01065,-0.000742
1791408790.973847,0,0,1001,0.07177,-0.00564,0.00341,0.05339,-0.00000,0.00000,-0.00000,-0.01704,-0.000755
1791408790.994064,0,0,1001,0.07177,-0.00564,0.00341,0.05339,-0.00000,-0.00000,-0.00000,-0.00852,-0.000758
1791408791.014014,0,0,1001,0.07176,-0.00564,0.00341,0.05339,-0.00000,-0.00000,-0.00000,-0.00959,-0.000749
1791408791.033864,0,0,1001,0.07177,-0.00564,0.00341,0.05339,0.00000,-0.00000,0.00000,-0.01598,-0.000732
1791408791.053810,0,0,1001,0.07177,-0.00564,0.00341,0.05339,0.00000,0.00000,0.00000,0.00213,-0.000733
1791408791.073848,0,0,1001,0.07177,-0.00564,0.00341,0.05339,0.00000,0.00000,0.00000,-0.01491,-0.000730
1791408791.094042,0,0,1001,0.07177,-0.00564,0.00341,0.05339,0.00000,-0.00000,0.00000,-0.01385,-0.000719
1791408791.114226,0,0,1001,0.07177,-0.00564,0.00340,0.05339,0.00000,-0.00000,0.00000,-0.00426,-0.000760
1791408791.134084,0,0,1001,0.07176,-0.00564,0.00340,0.05339,0.00000,0.00000,0.00000,-0.01598,-0.000782
1791408791.154005,0,0,1001,0.07177,-0.00564,0.00341,0.05339,0.00000,-0.00000,0.00000,-0.00426,-0.000734
1791408791.174221,0,0,1001,0.07177,-0.00564,0.00341,0.05339,0.00000,0.00000,0.00000,-0.01811,-0.000822
1791408791.194218,0,0,1001,0.07176,-0.00564,0.00341,0.05339,-0.00000,0.00000,-0.00000,-0.00107,-0.000798
1791408791.214011,0,0,1001,0.07177,-0.00564,0.00341,0.05339,0.00000,0.00000,0.00000,0.00213,-0.000768
1791408791.234824,0,0,1001,0.07177,-0.00564,0.00341,0.05339,-0.00000,0.00000,-0.00000,-0.00320,-0.000776
1791408791.254026,0,0,1001,0.07176,-0.00564,0.00341,0.05339,0.00000,0.00000,0.00000,-0.01065,-0.000789
1791408791.273831,0,0,1001,0.07176,-0.00564,0.00341,0.05339,0.00000,-0.00000,0.00000,-0.00213,-0.000746
1791408791.293844,0,0,1001,0.07177,-0.00564,0.00340,0.05339,0.00000,-0.00000,0.00000,-0.00746,-0.000699
1791408791.314067,0,0,1001,0.07177,-0.00564,0.00340,0.05339,0.00000,0.00000,0.00000,-0.00320,-0.000741
1791408791.333934,0,0,1001,0.07176,-0.00564,0.00341,0.05339,0.00000,0.00000,0.00000,-0.02024,-0.000724
1791408791.354440,0,0,1001,0.07177,-0.00564,0.00340,0.05339,0.00000,-0.00000,0.00000,-0.00639,-0.000769
1791408791.373842,0,0,1001,0.07177,-0.00564,0.00340,0.05339,0.00000,-0.00000,0.00000,-0.01811,-0.000779
1791408791.393961,0,0,1001,0.07176,-0.00564,0.00340,0.05339,0.00000,-0.00000,0.00000,-0.00852,-0.000777
1791408791.414026,0,0,1001,0.07176,-0.00564,0.00340,0.05339,-0.00000,0.00000,-0.00000,-0.01491,-0.000784
1791408791.434048,0,0,1001,0.07177,-0.00564,0.00340,0.05339,-0.00000,0.00000,-0.00000,-0.01385,-0.000772
1791408791.453841,0,0,1001,0.07177,-0.00564,0.00340,0.05339,-0.00000,-0.00000,-0.00000,-0.00852,-0.000786
1791408791.473963,0,0,1001,0.07177,-0.00564,0.00340,0.05339,-0.00000,0.00000,-0.00000,-0.01278,-0.000808
1791408791.494596,0,0,1001,0.07177,-0.00564,0.00340,0.05339,0.00000,-0.00000,0.00000,-0.01491,-0.000851
1791408791.514209,0,0,1001,0.07177,-0.00564,0.00340,0.05339,-0.00000,0.00000,-0.00000,-0.00959,-0.000819
1791408791.534273,0,0,1001,0.07177,-0.00564,0.00340,0.05339,-0.00000,0.00000,-0.00000,-0.01598,-0.000857
1791408791.554055,0,0,1001,0.07177,-0.00564,0.00340,0.05339,-0.00000,-0.00000,-0.00000,-0.01278,-0.000856
1791408791.573875,0,0,1001,0.07176,-0.00564,0.00340,0.05339,-0.00000,-0.00000,-0.00000,-0.01065,-0.000870
1791408791.594048,0,0,1001,0.07177,-0.00564,0.00340,0.05339,-0.00000,0.00000,-0.00000,-0.01385,-0.000887
1791408791.613924,0,0,1001,0.07177,-0.00564,0.00340,0.05339,-0.00000,-0.00000,-0.00000,-0.01172,-0.000884
1791408791.633878,0,0,1001,0.07177,-0.00564,0.00340,0.05339,-0.00000,-0.00000,-0.00000,-0.00213,-0.000847
1791408791.653863,0,0,1001,0.07176,-0.00564,0.00340,0.05339,0.00000,-0.00000,0.00000,-0.00639,-0.000799
1791408791.673798,0,0,1001,0.07177,-0.00564,0.00340,0.05339,0.00000,0.00000,0.00000,-0.02024,-0.000836
1791408791.693787,0,0,1001,0.07177,-0.00564,0.00340,0.05339,0.00000,-0.00000,0.00000,-0.00746,-0.000829
1791408791.713814,0,0,1001,0.07176,-0.00564,0.00340,0.05339,-0.00000,0.00000,-0.00000,-0.01491,-0.000847
1791408791.733761,0,0,1001,0.07177,-0.00564,0.00340,0.05339,-0.00000,-0.00000,-0.00000,-0.01172,-0.000808
1791408791.753817,0,0,1001,0.07177,-0.00564,0.00340,0.05339,0.00000,0.00000,-0.00000,-0.00320,-0.000745
1791408791.773911,0,0,1001,0.07177,-0.00563,0.00340,0.05339,-0.00000,-0.00000,-0.00000,-0.01917,-0.000784
1791408791.793885,0,0,1001,0.07177,-0.00564,0.00340,0.05339,0.00000,-0.00000,0.00000,-0.01385,-0.000791
1791408791.814060,0,0,1001,0.07177,-0.00564,0.00340,0.05339,-0.00000,-0.00000,-0.00000,-0.01065,-0.000788
1791408791.834026,0,0,1001,0.07177,-0.00564,0.00340,0.05339,0.00000,0.00000,0.00000,-0.00746,-0.000767
1791408791.853977,0,0,1001,0.07177,-0.00564,0.00340,0.05339,0.00000,0.00000,0.00000,-0.01172,-0.000759
1791408791.873934,0,0,1001,0.07177,-0.00564,0.00340,0.05339,-0.00000,-0.00000,-0.00000,-0.00746,-0.000789
1791408791.893925,0,0,1001,0.07177,-0.00564,0.00340,0.05339,-0.00000,-0.00000,-0.00000,-0.01172,-0.000758
1791408791.913878,0,0,1001,0.07177,-0.00564,0.00340,0.05339,0.00000,-0.00000,0.00000,-0.00746,-0.000709
1791408791.933791,0,0,1001,0.07176,-0.00564,0.00340,0.05339,-0.00000,-0.00000,-0.00000,-0.00320,-0.000662
1791408791.953788,0,0,1001,0.07176,-0.00563,0.00340,0.05339,0.00000,-0.00000,0.00000,-0.00533,-0.000653
1791408791.973715,0,0,1001,0.07176,-0.00564,0.00340,0.05339,0.00000,0.00000,0.00000,-0.00320,-0.000633
1791408791.993843,0,0,1001,0.07177,-0.00564,0.00340,0.05339,0.00000,-0.00000,0.00000,-0.01065,-0.000645
1791408792.013926,0,0,1001,0.07177,-0.00564,0.00340,0.05339,-0.00000,0.00000,-0.00000,-0.00320,-0.000647
1791408792.033778,0,0,1001,0.07177,-0.00564,0.00340,0.05339,-0.00000,0.00000,-0.00000,-0.00852,-0.000665
1791408792.054221,0,0,1001,0.07177,-0.00564,0.00340,0.05339,-0.00000,-0.00000,-0.00000,-0.00320,-0.000650
1791408792.073900,0,0,1001,0.07177,-0.00564,0.00340,0.05339,-0.00000,-0.00000,-0.00000,-0.00959,-0.000647
1791408792.093851,0,0,1001,0.07177,-0.00564,0.00340,0.05339,-0.00000,-0.00000,-0.00000,-0.00746,-0.000612
1791408792.113871,0,0,1001,0.07177,-0.00564,0.00340,0.05339,-0.00000,0.00000,-0.00000,-0.00639,-0.000603
1791408792.133820,0,0,1001,0.07177,-0.00564,0.00340,0.05339,-0.00000,0.00000,-0.00000,-0.01598,-0.000644
1791408792.153989,0,0,1001,0.07177,-0.00563,0.00340,0.05339,0.00000,0.00000,0.00000,0.00213,-0.000581
1791408792.173819,0,0,1001,0.07177,-0.00563,0.00341,0.05339,0.00000,-0.00000,0.00000,-0.01172,-0.000590
1791408792.193724,0,0,1001,0.07177,-0.00563,0.00341,0.05339,0.00000,-0.00000,0.00000,-0.00320,-0.000601
1791408792.213763,0,0,1001,0.07177,-0.00563,0.00341,0.05339,0.00000,0.00000,0.00000,-0.00320,-0.000613
1791408792.233872,0,0,1001,0.07177,-0.00564,0.00341,0.05339,-0.00000,0.00000,-0.00000,-0.00426,-0.000594
1791408792.253741,0,0,1001,0.07177,-0.00564,0.00341,0.05339,-0.00000,0.00000,-0.00000,-0.01491,-0.000592
1791408792.273695,0,0,1001,0.07177,-0.00564,0.00341,0.05339,-0.00000,0.00000,-0.00000,0.00320,-0.000606
1791408792.293780,0,0,1001,0.07177,-0.00564,0.00341,0.05339,-0.00000,0.00000,-0.00000,-0.00959,-0.000555
1791408792.314468,0,0,1001,0.07177,-0.00564,0.00341,0.05339,-0.00000,-0.00000,-0.00000,-0.01172,-0.000561
1791408792.334070,0,0,1001,0.07177,-0.00564,0.00341,0.05339,-0.00000,0.00000,-0.00000,-0.00213,-0.000566
1791408792.353825,0,0,1001,0.07177,-0.00564,0.00342,0.05339,-0.00000,0.00000,-0.00000,-0.01598,-0.000572
1791408792.373941,0,0,1001,0.07177,-0.00564,0.00341,0.05339,-0.00000,-0.00000,-0.00000,-0.00533,-0.000539
1791408792.393821,0,0,1001,0.07177,-0.00564,0.00341,0.05339,-0.00000,0.00000,-0.00000,-0.01491,-0.000521
1791408792.413755,0,0,1001,0.07177,-0.00564,0.00342,0.05338,-0.00000,0.00000,-0.00000,-0.01385,-0.000467
1791408792.433884,0,0,1001,0.07176,-0.00564,0.00342,0.05338,-0.00000,-0.00000,-0.00000,-0.00320,-0.000498
1791408792.453772,0,0,1001,0.07177,-0.00564,0.00342,0.05339,-0.00000,-0.00000,-0.00000,-0.01704,-0.000522
1791408792.474190,0,0,1001,0.07176,-0.00564,0.00342,0.05338,-0.00000,0.00000,-0.00000,-0.03089,-0.000589
1791408792.493674,0,0,1001,0.07177,-0.00564,0.00342,0.05338,-0.00000,0.00000,-0.00000,-0.01704,-0.000554
1791408792.514001,0,0,1001,0.07177,-0.00564,0.00342,0.05338,-0.00000,-0.00000,-0.00000,-0.00213,-0.000554
1791408792.533938,0,0,1001,0.07177,-0.00564,0.00341,0.05338,0.00000,0.00000,0.00000,-0.00320,-0.000610
1791408792.553813,0,0,1001,0.07176,-0.00565,0.00342,0.05338,-0.00000,0.00000,-0.00000,-0.02557,-0.000610
1791408792.574242,0,0,1001,0.07177,-0.00565,0.00342,0.05338,-0.00000,0.00000,-0.00000,-0.01917,-0.000625
1791408792.593944,0,0,1001,0.07177,-0.00565,0.00342,0.05338,-0.00000,0.00000,-0.00000,-0.01598,-0.000603
1791408792.613948,0,0,1001,0.07177,-0.00565,0.00342,0.05338,-0.00000,0.00000,-0.00000,-0.00533,-0.000528
1791408792.634069,0,0,1001,0.07177,-0.00565,0.00342,0.05338,-0.00000,0.00000,-0.00000,-0.00213,-0.000540
1791408792.653901,0,0,1001,0.07176,-0.00565,0.00342,0.05338,-0.00000,0.00000,-0.00000,-0.01598,-0.000602
1791408792.673865,0,0,1001,0.07176,-0.00565,0.00342,0.05338,-0.00000,0.00000,-0.00000,-0.00852,-0.000621
1791408792.693700,0,0,1001,0.07177,-0.00566,0.00341,0.05338,-0.00000,-0.00000,-0.00000,-0.01065,-0.000619
1791408792.713781,0,0,1001,0.07177,-0.00566,0.00341,0.05338,-0.00000,0.00000,-0.00000,-0.00533,-0.000603
1791408792.733879,0,0,1001,0.07176,-0.00566,0.00341,0.05338,-0.00000,0.00000,-0.00000,-0.00852,-0.000624
1791408792.753764,0,0,1001,0.07177,-0.00566,0.00341,0.05338,-0.00000,0.00000,-0.00000,-0.00746,-0.000640
1791408792.773662,0,0,1001,0.07177,-0.00566,0.00341,0.05338,-0.00000,-0.00000,-0.00000,-0.00107,-0.000649
1791408792.793727,0,0,1001,0.07177,-0.00566,0.00341,0.05338,-0.00000,0.00000,-0.00000,-0.01278,-0.000635
1791408792.813860,0,0,1001,0.07177,-0.00566,0.00341,0.05338,-0.00000,0.00000,-0.00000,-0.00426,-0.000631
1791408792.833992,0,0,1001,0.07177,-0.00566,0.00341,0.05338,-0.00000,0.00000,-0.00000,-0.01172,-0.000657
1791408792.853785,0,0,1001,0.07176,-0.00566,0.00341,0.05338,-0.00000,0.00000,-0.00000,-0.00426,-0.000591
1791408792.873692,0,0,1001,0.07176,-0.00566,0.00341,0.05338,-0.00000,0.00000,-0.00000,-0.01172,-0.000621
1791408792.893752,0,0,1001,0.07177,-0.00566,0.00341,0.05338,-0.00000,0.00000,-0.00000,-0.00852,-0.000620
1791408792.913916,0,0,1001,0.07177,-0.00566,0.00341,0.05338,0.00000,-0.00000,0.00000,0.00107,-0.000572
1791408792.933840,0,0,1001,0.07177,-0.00566,0.00341,0.05338,0.00000,-0.00000,0.00000,-0.00213,-0.000591
1791408792.953920,0,0,1001,0.07177,-0.00566,0.00341,0.05338,-0.00000,0.00000,-0.00000,-0.00746,-0.000591
1791408792.973801,0,0,1001,0.07177,-0.00566,0.00341,0.05338,0.00000,-0.00000,0.00000,-0.00320,-0.000608
1791408792.993925,0,0,1001,0.07177,-0.00566,0.00341,0.05338,0.00000,0.00000,-0.00000,-0.00852,-0.000616
1791408793.013851,0,0,1001,0.07177,-0.00566,0.00341,0.05338,0.00000,-0.00000,0.00000,-0.01278,-0.000622
1791408793.033920,0,0,1001,0.07177,-0.00566,0.00341,0.05338,0.00000,-0.00000,0.00000,-0.00213,-0.000665
1791408793.053704,0,0,1001,0.07177,-0.00566,0.00341,0.05338,-0.00000,-0.00000,-0.00000,-0.00213,-0.000673
1791408793.073763,0,0,1001,0.07177,-0.00566,0.00341,0.05338,-0.00000,-0.00000,-0.00000,-0.01704,-0.000679
1791408793.093910,0,0,1001,0.07177,-0.00566,0.00341,0.05338,-0.00000,-0.00000,-0.00000,-0.01385,-0.000694
1791408793.113710,0,0,1001,0.07176,-0.00566,0.00341,0.05338,-0.00000,0.00000,-0.00000,-0.01172,-0.000685
1791408793.133933,0,0,1001,0.07176,-0.00566,0.00340,0.05338,-0.00000,-0.00000,-0.00000,-0.00959,-0.000703
1791408793.153749,0,0,1001,0.07176,-0.00566,0.00340,0.05338,-0.00000,0.00000,-0.00000,-0.00959,-0.000709
1791408793.173710,0,0,1001,0.07177,-0.00566,0.00341,0.05338,0.00000,-0.00000,0.00000,-0.00959,-0.000723
1791408793.193680,0,0,1001,0.07177,-0.00566,0.00341,0.05338,0.00000,-0.00000,0.00000,-0.00107,-0.000686
1791408793.213747,0,0,1001,0.07177,-0.00565,0.00341,0.05338,0.00000,-0.00000,0.00000,-0.01704,-0.000681
1791408793.233731,0,0,1001,0.07177,-0.00565,0.00341,0.05338,0.00000,-0.00000,0.00000,-0.01065,-0.000718
1791408793.253750,0,0,1001,0.07177,-0.00566,0.00341,0.05338,0.00000,-0.00000,0.00000,-0.00213,-0.000720
1791408793.273645,0,0,1001,0.07177,-0.00566,0.00341,0.05338,0.00000,-0.00000,0.00000,-0.00959,-0.000722
1791408793.293720,0,0,1001,0.07177,-0.00566,0.00341,0.05338,0.00000,0.00000,0.00000,-0.01172,-0.000692
1791408793.313844,0,0,1001,0.07176,-0.00565,0.00341,0.05338,0.00000,-0.00000,0.00000,0.00107,-0.000681
1791408793.333831,0,0,1001,0.07177,-0.00565,0.00341,0.05338,0.00000,-0.00000,0.00000,-0.00852,-0.000673
1791408793.353918,0,0,1001,0.07177,-0.00565,0.00341,0.05338,0.00000,-0.00000,0.00000,0.00107,-0.000646
1791408793.373799,0,0,1001,0.07176,-0.00565,0.00342,0.05338,0.00000,0.00000,0.00000,-0.00533,-0.000609
1791408793.393684,0,0,1001,0.07177,-0.00565,0.00342,0.05338,-0.00000,-0.00000,-0.00000,-0.00533,-0.000672
1791408793.413640,0,0,1001,0.07176,-0.00565,0.00342,0.05338,-0.00000,-0.00000,-0.00000,0.00213,-0.000656
1791408793.433812,0,0,1001,0.07177,-0.00565,0.00342,0.05338,0.00000,-0.00000,0.00000,-0.00426,-0.000661
1791408793.453861,0,0,1001,0.07176,-0.00565,0.00342,0.05338,0.00000,-0.00000,0.00000,-0.00852,-0.000709
1791408793.473702,0,0,1001,0.07177,-0.00565,0.00342,0.05338,0.00000,-0.00000,0.00000,-0.01065,-0.000719
1791408793.493681,0,0,1001,0.07177,-0.00565,0.00342,0.05338,0.00000,-0.00000,0.00000,0.00000,-0.000662
1791408793.513659,0,0,1001,0.07177,-0.00565,0.00342,0.05338,0.00000,-0.00000,0.00000,-0.00107,-0.000617
1791408793.533634,0,0,1001,0.07177,-0.00564,0.00342,0.05338,0.00000,-0.00000,0.00000,-0.01598,-0.000620
1791408793.553695,0,0,1001,0.07177,-0.00564,0.00342,0.05338,0.00000,-0.00000,0.00000,-0.00959,-0.000593
1791408793.573743,0,0,1001,0.07177,-0.00564,0.00341,0.05338,0.00000,-0.00000,0.00000,-0.02024,-0.000643
1791408793.593758,0,0,1001,0.07177,-0.00564,0.00341,0.05338,0.00000,-0.00000,0.00000,-0.01278,-0.000644
1791408793.613814,0,0,1001,0.07176,-0.00564,0.00341,0.05338,0.00000,-0.00000,0.00000,-0.01704,-0.000645
1791408793.633672,0,0,1001,0.07177,-0.00564,0.00342,0.05338,0.00000,-0.00000,0.00000,-0.01172,-0.000664
1791408793.653630,0,0,1001,0.07176,-0.00564,0.00341,0.05338,0.00000,-0.00000,0.00000,-0.00533,-0.000613
1791408793.673630,0,0,1001,0.07177,-0.00564,0.00341,0.05338,0.00000,-0.00000,0.00000,-0.00426,-0.000612
1791408793.693850,0,0,1001,0.07177,-0.00564,0.00341,0.05338,0.00000,0.00000,0.00000,0.00107,-0.000555
1791408793.713704,0,0,1001,0.07177,-0.00564,0.00341,0.05338,0.00000,0.00000,0.00000,-0.01385,-0.000545
1791408793.733747,0,0,1001,0.07177,-0.00564,0.00341,0.05338,-0.00000,0.00000,-0.00000,-0.00746,-0.000586
1791408793.753713,0,0,1001,0.07176,-0.00564,0.00341,0.05338,0.00000,-0.00000,0.00000,-0.02344,-0.000596
1791408793.773644,0,0,1001,0.07177,-0.00564,0.00341,0.05338,-0.00000,0.00000,-0.00000,-0.01278,-0.000659
1791408793.793741,0,0,1001,0.07176,-0.00564,0.00341,0.05338,-0.00000,0.00000,-0.00000,-0.01278,-0.000654
1791408793.813682,0,0,1001,0.07176,-0.00564,0.00341,0.05338,-0.00000,0.00000,-0.00000,-0.01385,-0.000639
1791408793.833682,0,0,1001,0.07177,-0.00564,0.00341,0.05338,-0.00000,-0.00000,-0.00000,-0.02024,-0.000655
1791408793.853711,0,0,1001,0.07177,-0.00564,0.00341,0.05338,0.00000,-0.00000,0.00000,-0.01598,-0.000689
1791408793.873817,0,0,1001,0.07177,-0.00564,0.00341,0.05338,-0.00000,0.00000,-0.00000,-0.00426,-0.000655
1791408793.893689,0,0,1001,0.07176,-0.00564,0.00341,0.05338,-0.00000,0.00000,-0.00000,0.00107,-0.000645
1791408793.913819,0,0,1001,0.07177,-0.00564,0.00341,0.05338,0.00000,0.00000,0.00000,-0.00320,-0.000655
1791408793.933730,0,0,1001,0.07176,-0.00564,0.00341,0.05338,-0.00000,0.00000,-0.00000,-0.00213,-0.000666
1791408793.953654,0,0,1001,0.07177,-0.00564,0.00341,0.05338,0.00000,-0.00000,0.00000,-0.00852,-0.000672
1791408793.973661,0,0,1001,0.07176,-0.00564,0.00341,0.05338,-0.00000,-0.00000,-0.00000,-0.01491,-0.000674
1791408793.993726,0,0,1001,0.07177,-0.00564,0.00341,0.05338,0.00000,0.00000,0.00000,-0.01704,-0.000665
1791408794.013590,0,0,1001,0.07177,-0.00564,0.00341,0.05338,0.00000,-0.00000,0.00000,0.00213,-0.000667
1791408794.033946,0,0,1001,0.07177,-0.00564,0.00341,0.05338,-0.00000,-0.00000,-0.00000,-0.01278,-0.000644
1791408794.053971,0,0,1001,0.07177,-0.00564,0.00341,0.05338,-0.00000,-0.00000,-0.00000,0.00959,-0.000629
1791408794.073709,0,0,1001,0.07176,-0.00564,0.00341,0.05338,-0.00000,0.00000,-0.00000,-0.00639,-0.000565
1791408794.093808,0,0,1001,0.07177,-0.00564,0.00341,0.05338,0.00000,0.00000,0.00000,-0.01491,-0.000547
1791408794.113728,0,0,1001,0.07176,-0.00563,0.00341,0.05338,0.00000,-0.00000,0.00000,-0.00107,-0.000541
1791408794.133673,0,0,1001,0.07177,-0.00564,0.00341,0.05338,0.00000,-0.00000,0.00000,-0.00533,-0.000567
1791408794.153771,0,0,1001,0.07177,-0.00564,0.00341,0.05338,0.00000,-0.00000,0.00000,-0.00213,-0.000591
1791408794.173592,0,0,1001,0.07176,-0.00564,0.00341,0.05338,0.00000,0.00000,0.00000,-0.00213,-0.000577
1791408794.193655,0,0,1001,0.07177,-0.00564,0.00341,0.05338,0.00000,0.00000,0.00000,-0.01598,-0.000606
1791408794.213923,0,0,1001,0.07177,-0.00564,0.00341,0.05338,0.00000,0.00000,0.00000,-0.00107,-0.000613
1791408794.233586,0,0,1001,0.07177,-0.00564,0.00341,0.05338,0.00000,0.00000,0.00000,-0.00533,-0.000601
1791408794.253811,0,0,1001,0.07177,-0.00564,0.00341,0.05338,0.00000,0.00000,0.00000,0.00107,-0.000636
1791408794.273649,0,0,1001,0.07177,-0.00564,0.00340,0.05338,-0.00000,0.00000,-0.00000,-0.01917,-0.000671
1791408794.293588,0,0,1001,0.07177,-0.00564,0.00340,0.05338,-0.00000,-0.00000,-0.00000,-0.02024,-0.000678
1791408794.313678,0,0,1001,0.07177,-0.00564,0.00340,0.05338,-0.00000,-0.00000,-0.00000,-0.00426,-0.000685
1791408794.333572,0,0,1001,0.07177,-0.00564,0.00340,0.05338,-0.00000,-0.00000,-0.00000,-0.01065,-0.000716
1791408794.353715,0,0,1001,0.07177,-0.00564,0.00340,0.05338,-0.00000,0.00000,-0.00000,-0.01172,-0.000741
1791408794.373593,0,0,1001,0.07177,-0.00564,0.00340,0.05338,0.00000,-0.00000,0.00000,-0.01917,-0.000765
1791408794.393686,0,0,1001,0.07178,-0.00564,0.00340,0.05338,0.00000,0.00000,0.00000,-0.01172,-0.000809
1791408794.413754,0,0,1001,0.07177,-0.00564,0.00340,0.05338,0.00000,-0.00000,0.00000,-0.01172,-0.000806
1791408794.433780,0,0,1001,0.07177,-0.00564,0.00340,0.05338,0.00000,0.00000,0.00000,-0.00852,-0.000831
1791408794.453681,0,0,1001,0.07178,-0.00564,0.00340,0.05338,0.00000,0.00000,0.00000,-0.00639,-0.000838
1791408794.473704,0,0,1001,0.07177,-0.00564,0.00340,0.05338,-0.00000,-0.00000,-0.00000,-0.00959,-0.000908
1791408794.493652,0,0,1001,0.07177,-0.00565,0.00340,0.05338,-0.00000,-0.00000,-0.00000,-0.00213,-0.000914
1791408794.513659,0,0,1001,0.07177,-0.00565,0.00340,0.05338,-0.00000,0.00000,-0.00000,0.00000,-0.000860
1791408794.533626,0,0,1001,0.07177,-0.00565,0.00340,0.05338,-0.00000,-0.00000,-0.00000,0.00213,-0.000903
1791408794.553725,0,0,1001,0.07176,-0.00565,0.00340,0.05338,-0.00000,0.00000,-0.00000,-0.00959,-0.000923
1791408794.573852,0,0,1001,0.07177,-0.00565,0.00340,0.05338,-0.00000,-0.00000,-0.00000,-0.00533,-0.000957
1791408794.593997,0,0,1001,0.07177,-0.00565,0.00340,0.05338,-0.00000,0.00000,-0.00000,-0.00107,-0.000937
1791408794.613670,0,0,1001,0.07177,-0.00565,0.00340,0.05338,-0.00000,-0.00000,-0.00000,-0.01598,-0.001000
1791408794.633922,0,0,1001,0.07176,-0.00565,0.00341,0.05338,-0.00000,0.00000,-0.00000,-0.00746,-0.001026
1791408794.653738,0,0,1001,0.07177,-0.00565,0.00340,0.05338,-0.00000,0.00000,-0.00000,-0.00320,-0.001034
1791408794.673893,0,0,1001,0.07177,-0.00565,0.00340,0.05338,-0.00000,-0.00000,-0.00000,-0.00320,-0.000990
1791408794.693603,0,0,1001,0.07177,-0.00565,0.00340,0.05338,-0.00000,0.00000,-0.00000,-0.01917,-0.000992
1791408794.713985,0,0,1001,0.07177,-0.00565,0.00340,0.05338,-0.00000,-0.00000,-0.00000,-0.01172,-0.001002
1791408794.733645,0,0,1001,0.07176,-0.00565,0.00340,0.05338,-0.00000,0.00000,-0.00000,-0.01278,-0.000997
1791408794.753773,0,0,1001,0.07177,-0.00565,0.00340,0.05338,-0.00000,-0.00000,-0.00000,-0.00426,-0.000987
1791408794.773636,0,0,1001,0.07177,-0.00565,0.00340,0.05338,-0.00000,-0.00000,-0.00000,-0.00213,-0.000964
1791408794.793723,0,0,1001,0.07176,-0.00565,0.00341,0.05338,0.00000,0.00000,0.00000,0.00533,-0.000866
1791408794.813718,0,0,1001,0.07176,-0.00565,0.00341,0.05338,0.00000,-0.00000,0.00000,-0.00533,-0.000898
1791408794.833650,0,0,1001,0.07176,-0.00565,0.00341,0.05338,0.00000,0.00000,0.00000,-0.00852,-0.000910
1791408794.853664,0,0,1001,0.07177,-0.00565,0.00341,0.05338,-0.00000,-0.00000,-0.00000,-0.00533,-0.000884
1791408794.873634,0,0,1001,0.07176,-0.00565,0.00341,0.05338,0.00000,0.00000,0.00000,-0.01065,-0.000905
1791408794.893717,0,0,1001,0.07176,-0.00565,0.00341,0.05338,-0.00000,-0.00000,-0.00000,-0.01491,-0.000856
1791408794.913819,0,0,1001,0.07176,-0.00565,0.00341,0.05338,0.00000,0.00000,0.00000,-0.00213,-0.000830
1791408794.933732,0,0,1001,0.07176,-0.00565,0.00341,0.05338,0.00000,-0.00000,0.00000,-0.00746,-0.000857
1791408794.953736,0,0,1001,0.07177,-0.00565,0.00340,0.05338,-0.00000,-0.00000,0.00000,-0.00852,-0.000901
1791408794.973789,0,0,1001,0.07177,-0.00565,0.00341,0.05338,0.00000,-0.00000,0.00000,-0.00852,-0.000872
1791408794.993809,0,0,1001,0.07177,-0.00565,0.00341,0.05338,-0.00000,0.00000,-0.00000,-0.00213,-0.000852
1791408795.013698,0,0,1001,0.07177,-0.00565,0.00341,0.05338,-0.00000,0.00000,-0.00000,-0.00639,-0.000798
1791408795.033692,0,0,1001,0.07177,-0.00565,0.00341,0.05338,-0.00000,-0.00000,-0.00000,-0.00959,-0.000818
1791408795.053772,0,0,1001,0.07177,-0.00565,0.00341,0.05338,-0.00000,0.00000,-0.00000,-0.00533,-0.000772
1791408795.073780,0,0,1001,0.07176,-0.00565,0.00341,0.05338,-0.00000,0.00000,-0.00000,-0.01278,-0.000811
1791408795.093845,0,0,1001,0.07177,-0.00565,0.00341,0.05338,-0.00000,0.00000,-0.00000,-0.01278,-0.000786
1791408795.113690,0,0,1001,0.07176,-0.00565,0.00341,0.05338,-0.00000,-0.00000,-0.00000,0.00639,-0.000748
1791408795.133908,0,0,1001,0.07177,-0.00565,0.00341,0.05338,-0.00000,-0.00000,-0.00000,-0.01598,-0.000756
1791408795.153610,0,0,1001,0.07177,-0.00565,0.00341,0.05338,-0.00000,-0.00000,-0.00000,-0.00746,-0.000785
1791408795.173734,0,0,1001,0.07177,-0.00565,0.00342,0.05338,0.00000,0.00000,0.00000,-0.01385,-0.000754
1791408795.193603,0,0,1001,0.07177,-0.00565,0.00341,0.05338,0.00000,-0.00000,0.00000,-0.01491,-0.000762
1791408795.214949,0,0,1001,0.07176,-0.00565,0.00342,0.05338,0.00000,0.00000,0.00000,-0.01278,-0.000766
1791408795.233800,0,0,1001,0.07177,-0.00564,0.00342,0.05338,0.00000,0.00000,0.00000,-0.00959,-0.000746
1791408795.253656,0,0,1001,0.07177,-0.00564,0.00342,0.05338,0.00000,0.00000,0.00000,-0.01704,-0.000731
1791408795.274028,0,0,1001,0.07177,-0.00564,0.00341,0.05338,0.00000,-0.00000,0.00000,-0.01278,-0.000719
1791408795.293597,0,0,1001,0.07176,-0.00564,0.00341,0.05338,0.00000,-0.00000,0.00000,-0.00852,-0.000712
1791408795.313636,0,0,1001,0.07177,-0.00564,0.00341,0.05338,0.00000,-0.00000,0.00000,-0.00959,-0.000683
1791408795.333612,0,0,1001,0.07177,-0.00564,0.00342,0.05338,0.00000,-0.00000,0.00000,-0.00852,-0.000695
1791408795.353651,0,0,1001,0.07177,-0.00564,0.00342,0.05338,0.00000,0.00000,0.00000,0.01172,-0.000658
1791408795.373831,0,0,1001,0.07177,-0.00564,0.00342,0.05338,0.00000,-0.00000,0.00000,-0.00959,-0.000680
1791408795.393804,0,0,1001,0.07177,-0.00564,0.00342,0.05338,0.00000,-0.00000,0.00000,-0.00320,-0.000683
1791408795.413669,0,0,1001,0.07177,-0.00564,0.00341,0.05338,0.00000,0.00000,0.00000,-0.00213,-0.000709
1791408795.433961,0,0,1001,0.07177,-0.00564,0.00342,0.05338,0.00000,0.00000,0.00000,-0.01278,-0.000707
1791408795.453680,0,0,1001,0.07177,-0.00564,0.00342,0.05338,-0.00000,0.00000,-0.00000,-0.00852,-0.000716
1791408795.473761,0,0,1001,0.07177,-0.00564,0.00342,0.05338,-0.00000,-0.00000,-0.00000,-0.00959,-0.000742
1791408795.493643,0,0,1001,0.07176,-0.00564,0.00342,0.05338,-0.00000,0.00000,-0.00000,0.00320,-0.000718
1791408795.513506,0,0,1001,0.07177,-0.00564,0.00342,0.05338,-0.00000,0.00000,-0.00000,-0.01172,-0.000721
1791408795.533725,0,0,1001,0.07176,-0.00564,0.00341,0.05338,-0.00000,-0.00000,-0.00000,-0.02450,-0.000715
1791408795.553678,0,0,1001,0.07177,-0.00564,0.00341,0.05338,-0.00000,0.00000,-0.00000,-0.00959,-0.000747
1791408795.573706,0,0,1001,0.07177,-0.00564,0.00341,0.05338,-0.00000,0.00000,-0.00000,0.00213,-0.000738
1791408795.593757,0,0,1001,0.07177,-0.00564,0.00341,0.05338,-0.00000,-0.00000,-0.00000,-0.01172,-0.000693
1791408795.613614,0,0,1001,0.07177,-0.00564,0.00342,0.05338,-0.00000,0.00000,-0.00000,-0.00746,-0.000607
1791408795.634026,0,0,1001,0.07177,-0.00565,0.00342,0.05338,-0.00000,0.00000,-0.00000,-0.01704,-0.000568
1791408795.653696,0,0,1001,0.07176,-0.00565,0.00342,0.05338,-0.00000,0.00000,-0.00000,-0.00320,-0.000574
1791408795.673702,0,0,1001,0.07177,-0.00565,0.00342,0.05338,0.00000,0.00000,0.00000,-0.00852,-0.000578
1791408795.693853,0,0,1001,0.07177,-0.00564,0.00342,0.05338,0.00000,0.00000,0.00000,-0.00746,-0.000596
1791408795.713563,0,0,1001,0.07177,-0.00564,0.00341,0.05338,0.00000,-0.00000,0.00000,-0.02024,-0.000546
1791408795.733613,0,0,1001,0.07177,-0.00565,0.00341,0.05338,0.00000,-0.00000,0.00000,-0.01172,-0.000562
1791408795.753734,0,0,1001,0.07177,-0.00564,0.00341,0.05338,-0.00000,0.00000,-0.00000,0.00426,-0.000540
1791408795.773698,0,0,1001,0.07176,-0.00564,0.00341,0.05338,-0.00000,0.00000,-0.00000,-0.00959,-0.000548
1791408795.793475,0,0,1001,0.07177,-0.00564,0.00341,0.05338,0.00000,-0.00000,0.00000,-0.00852,-0.000563
1791408795.813642,0,0,1001,0.07177,-0.00564,0.00341,0.05338,0.00000,-0.00000,0.00000,-0.00320,-0.000526
1791408795.833689,0,0,1001,0.07177,-0.00564,0.00341,0.05338,0.00000,-0.00000,0.00000,-0.01598,-0.000517
1791408795.853712,0,0,1001,0.07177,-0.00564,0.00341,0.05338,0.00000,-0.00000,0.00000,-0.01065,-0.000508
1791408795.873516,0,0,1001,0.07177,-0.00564,0.00341,0.05338,0.00000,0.00000,0.00000,-0.00959,-0.000484
1791408795.893678,0,0,1001,0.07177,-0.00564,0.00341,0.05338,0.00000,0.00000,0.00000,-0.02770,-0.000465
1791408795.913719,0,0,1001,0.07177,-0.00564,0.00341,0.05338,0.00000,-0.00000,0.00000,-0.02131,-0.000483
1791408795.933869,0,0,1001,0.07176,-0.00564,0.00341,0.05338,0.00000,-0.00000,0.00000,-0.00213,-0.000511
1791408795.953707,0,0,1001,0.07177,-0.00564,0.00341,0.05338,0.00000,-0.00000,0.00000,-0.01065,-0.000526
1791408795.973538,0,0,1001,0.07177,-0.00564,0.00341,0.05338,0.00000,0.00000,0.00000,-0.01385,-0.000525
1791408795.993674,0,0,1001,0.07177,-0.00564,0.00341,0.05338,-0.00000,-0.00000,-0.00000,0.00852,-0.000533
1791408796.013608,0,0,1001,0.07177,-0.00564,0.00341,0.05338,-0.00000,0.00000,-0.00000,-0.00533,-0.000507
1791408796.033765,0,0,1001,0.07177,-0.00564,0.00341,0.05338,-0.00000,0.00000,-0.00000,-0.01278,-0.000495
1791408796.053678,0,0,1001,0.07176,-0.00564,0.00341,0.05338,0.00000,-0.00000,0.00000,-0.00852,-0.000478
1791408796.073574,0,0,1001,0.07177,-0.00563,0.00341,0.05338,0.00000,0.00000,0.00000,-0.00852,-0.000500
1791408796.093947,0,0,1001,0.07177,-0.00563,0.00341,0.05338,0.00000,0.00000,0.00000,-0.02131,-0.000484
1791408796.113971,0,0,1001,0.07177,-0.00564,0.00341,0.05338,0.00000,-0.00000,0.00000,-0.00213,-0.000475
1791408796.133726,0,0,1001,0.07177,-0.00564,0.00341,0.05338,0.00000,-0.00000,0.00000,-0.01065,-0.000450
1791408796.153749,0,0,1001,0.07177,-0.00564,0.00341,0.05338,0.00000,-0.00000,0.00000,-0.01598,-0.000457
1791408796.173692,0,0,1001,0.07177,-0.00564,0.00341,0.05338,0.00000,-0.00000,0.00000,-0.00959,-0.000403
1791408796.193621,0,0,1001,0.07177,-0.00564,0.00341,0.05338,0.00000,0.00000,0.00000,-0.00320,-0.000431
1791408796.213581,0,0,1001,0.07177,-0.00563,0.00341,0.05338,0.00000,0.00000,0.00000,-0.00959,-0.000394
1791408796.233698,0,0,1001,0.07176,-0.00563,0.00341,0.05338,0.00000,0.00000,0.00000,-0.01811,-0.000398
1791408796.253659,0,0,1001,0.07177,-0.00563,0.00341,0.05338,0.00000,0.00000,0.00000,-0.01811,-0.000399
1791408796.273575,0,0,1001,0.07177,-0.00564,0.00340,0.05338,-0.00000,-0.00000,-0.00000,-0.01172,-0.000439
1791408796.293634,0,0,1001,0.07177,-0.00564,0.00340,0.05338,-0.00000,-0.00000,-0.00000,-0.01598,-0.000428
1791408796.313593,0,0,1001,0.07177,-0.00564,0.00340,0.05338,-0.00000,-0.00000,-0.00000,-0.01065,-0.000415
1791408796.333598,0,0,1001,0.07176,-0.00564,0.00340,0.05338,-0.00000,0.00000,-0.00000,-0.01065,-0.000424
1791408796.353601,0,0,1001,0.07177,-0.00564,0.00340,0.05338,-0.00000,-0.00000,-0.00000,-0.00852,-0.000424
1791408796.373815,0,0,1001,0.07177,-0.00563,0.00340,0.05338,-0.00000,0.00000,-0.00000,-0.01385,-0.000397
1791408796.393561,0,0,1001,0.07177,-0.00563,0.00340,0.05338,-0.00000,0.00000,-0.00000,-0.00107,-0.000406
1791408796.413585,0,0,1001,0.07177,-0.00563,0.00340,0.05338,0.00000,0.00000,0.00000,-0.00746,-0.000413
1791408796.433509,0,0,1001,0.07177,-0.00563,0.00340,0.05338,0.00000,-0.00000,0.00000,-0.01385,-0.000384
1791408796.453644,0,0,1001,0.07177,-0.00564,0.00341,0.05338,-0.00000,0.00000,-0.00000,-0.00852,-0.000475
1791408796.473683,0,0,1001,0.07177,-0.00564,0.00341,0.05338,0.00000,-0.00000,0.00000,-0.00639,-0.000476
1791408796.493716,0,0,1001,0.07177,-0.00564,0.00341,0.05338,0.00000,-0.00000,0.00000,-0.01065,-0.000440
1791408796.513744,0,0,1001,0.07177,-0.00564,0.00341,0.05338,0.00000,-0.00000,0.00000,-0.00639,-0.000449
1791408796.535666,0,0,1001,0.07177,-0.00564,0.00341,0.05338,-0.00000,-0.00000,-0.00000,-0.00852,-0.000433
1791408796.553535,0,0,1001,0.07177,-0.00564,0.00341,0.05338,-0.00000,-0.00000,-0.00000,-0.00320,-0.000446
1791408796.573461,0,0,1001,0.07176,-0.00564,0.00341,0.05338,-0.00000,0.00000,-0.00000,0.00320,-0.000438
1791408796.593383,0,0,1001,0.07177,-0.00564,0.00341,0.05338,-0.00000,0.00000,-0.00000,-0.01065,-0.000420
1791408796.613492,0,0,1001,0.07176,-0.00564,0.00340,0.05338,-0.00000,-0.00000,-0.00000,-0.01917,-0.000440
1791408796.633435,0,0,1001,0.07177,-0.00564,0.00340,0.05338,-0.00000,-0.00000,-0.00000,-0.00852,-0.000486
1791408796.653891,0,0,1001,0.07177,-0.00564,0.00340,0.05338,0.00000,-0.00000,0.00000,0.00000,-0.000498
1791408796.673707,0,0,1001,0.07177,-0.00564,0.00340,0.05338,0.00000,-0.00000,0.00000,-0.01278,-0.000558
1791408796.693726,0,0,1001,0.07177,-0.00564,0.00340,0.05338,-0.00000,-0.00000,0.00000,-0.00639,-0.000520
1791408796.713577,0,0,1001,0.07176,-0.00564,0.00340,0.05338,-0.00000,0.00000,-0.00000,-0.00213,-0.000522
1791408796.733397,0,0,1001,0.07177,-0.00564,0.00340,0.05338,0.00000,-0.00000,0.00000,-0.01598,-0.000524
1791408796.753663,0,0,1001,0.07177,-0.00564,0.00340,0.05338,-0.00000,-0.00000,-0.00000,-0.00426,-0.000512
1791408796.773637,0,0,1001,0.07177,-0.00564,0.00340,0.05338,0.00000,-0.00000,0.00000,-0.01385,-0.000544
1791408796.795232,0,0,1001,0.07177,-0.00563,0.00340,0.05338,0.00000,-0.00000,0.00000,-0.00852,-0.000510
1791408796.813324,0,0,1001,0.07177,-0.00564,0.00340,0.05338,0.00000,-0.00000,0.00000,-0.00533,-0.000492
1791408796.833384,0,0,1001,0.07177,-0.00563,0.00340,0.05338,0.00000,-0.00000,0.00000,-0.00639,-0.000462
1791408796.853714,0,0,1001,0.07177,-0.00563,0.00340,0.05338,0.00000,-0.00000,0.00000,-0.01704,-0.000473
1791408796.873420,0,0,1001,0.07177,-0.00563,0.00340,0.05338,0.00000,0.00000,0.00000,0.00213,-0.000516
1791408796.893609,0,0,1001,0.07177,-0.00563,0.00340,0.05338,0.00000,-0.00000,0.00000,-0.01385,-0.000543
1791408796.913747,0,0,1001,0.07177,-0.00564,0.00340,0.05338,0.00000,-0.00000,0.00000,-0.01065,-0.000561
1791408796.933583,0,0,1001,0.07177,-0.00563,0.00340,0.05338,0.00000,0.00000,0.00000,-0.00213,-0.000517
1791408796.953693,0,0,1001,0.07177,-0.00564,0.00340,0.05338,-0.00000,-0.00000,-0.00000,-0.01598,-0.000510
1791408796.973424,0,0,1001,0.07177,-0.00564,0.00340,0.05338,-0.00000,-0.00000,-0.00000,-0.00746,-0.000497
1791408796.993553,0,0,1001,0.07177,-0.00564,0.00340,0.05338,-0.00000,-0.00000,-0.00000,-0.01491,-0.000494
1791408797.013611,0,0,1001,0.07177,-0.00564,0.00340,0.05338,-0.00000,0.00000,-0.00000,-0.01172,-0.000518
1791408797.033649,0,0,1001,0.07177,-0.00564,0.00340,0.05338,-0.00000,-0.00000,-0.00000,-0.01172,-0.000528
1791408797.053818,0,0,1001,0.07176,-0.00564,0.00340,0.05338,-0.00000,0.00000,-0.00000,-0.01065,-0.000537
1791408797.073799,0,0,1001,0.07177,-0.00564,0.00340,0.05338,-0.00000,0.00000,-0.00000,0.00852,-0.000497
1791408797.093374,0,0,1001,0.07177,-0.00564,0.00339,0.05338,-0.00000,-0.00000,-0.00000,-0.00852,-0.000520
1791408797.113383,0,0,1001,0.07177,-0.00564,0.00340,0.05338,-0.00000,0.00000,-0.00000,-0.02557,-0.000572
1791408797.133666,0,0,1001,0.07177,-0.00564,0.00340,0.05338,-0.00000,0.00000,-0.00000,-0.00746,-0.000538
1791408797.153675,0,0,1001,0.07177,-0.00564,0.00340,0.05338,-0.00000,0.00000,-0.00000,-0.00213,-0.000558
1791408797.173630,0,0,1001,0.07177,-0.00564,0.00340,0.05338,-0.00000,-0.00000,-0.00000,-0.00320,-0.000514
1791408797.193303,0,0,1001,0.07177,-0.00564,0.00340,0.05338,-0.00000,0.00000,-0.00000,-0.02131,-0.000513
1791408797.213800,0,0,1001,0.07176,-0.00564,0.00340,0.05338,-0.00000,0.00000,-0.00000,-0.00107,-0.000537
1791408797.233338,0,0,1001,0.07177,-0.00564,0.00340,0.05338,-0.00000,0.00000,-0.00000,-0.00746,-0.000527
1791408797.253649,0,0,1001,0.07177,-0.00564,0.00340,0.05338,-0.00000,-0.00000,-0.00000,-0.01385,-0.000547
1791408797.273642,0,0,1001,0.07177,-0.00564,0.00340,0.05338,-0.00000,-0.00000,-0.00000,-0.00852,-0.000553
1791408797.293328,0,0,1001,0.07177,-0.00564,0.00339,0.05338,-0.00000,-0.00000,-0.00000,0.00533,-0.000562
1791408797.313531,0,0,1001,0.07177,-0.00564,0.00339,0.05338,-0.00000,0.00000,-0.00000,-0.01065,-0.000574
1791408797.333413,0,0,1001,0.07177,-0.00565,0.00339,0.05338,-0.00000,-0.00000,-0.00000,-0.01491,-0.000585
1791408797.353347,0,0,1001,0.07177,-0.00565,0.00339,0.05338,-0.00000,0.00000,-0.00000,-0.00959,-0.000630
1791408797.373378,0,0,1001,0.07177,-0.00565,0.00339,0.05338,-0.00000,-0.00000,-0.00000,-0.01704,-0.000652
1791408797.393357,0,0,1001,0.07177,-0.00565,0.00339,0.05338,-0.00000,-0.00000,-0.00000,-0.00213,-0.000673
1791408797.413351,0,0,1001,0.07176,-0.00565,0.00339,0.05338,-0.00000,0.00000,-0.00000,-0.00533,-0.000669
1791408797.433790,0,0,1001,0.07176,-0.00565,0.00339,0.05338,-0.00000,0.00000,-0.00000,-0.02131,-0.000701
1791408797.453419,0,0,1001,0.07176,-0.00566,0.00339,0.05338,-0.00000,0.00000,-0.00000,-0.01278,-0.000763
1791408797.473502,0,0,1001,0.07177,-0.00565,0.00339,0.05338,-0.00000,0.00000,-0.00000,-0.00533,-0.000755
1791408797.493377,0,0,1001,0.07177,-0.00565,0.00339,0.05338,-0.00000,0.00000,-0.00000,-0.01491,-0.000778
1791408797.513502,0,0,1001,0.07177,-0.00565,0.00339,0.05338,-0.00000,0.00000,-0.00000,-0.00852,-0.000870
1791408797.533322,0,0,1001,0.07177,-0.00565,0.00339,0.05338,-0.00000,-0.00000,-0.00000,-0.00746,-0.000859
1791408797.553529,0,0,1001,0.07177,-0.00566,0.00339,0.05338,-0.00000,0.00000,-0.00000,-0.01491,-0.000875
1791408797.573617,0,0,1001,0.07177,-0.00566,0.00339,0.05338,-0.00000,-0.00000,-0.00000,-0.01811,-0.000914
1791408797.593516,0,0,1001,0.07177,-0.00565,0.00339,0.05338,-0.00000,0.00000,-0.00000,-0.00746,-0.000909
1791408797.613773,0,0,1001,0.07177,-0.00565,0.00339,0.05338,-0.00000,0.00000,-0.00000,-0.00426,-0.000857
1791408797.633416,0,0,1001,0.07176,-0.00565,0.00339,0.05338,-0.00000,-0.00000,-0.00000,-0.01172,-0.000864
1791408797.653332,0,0,1001,0.07177,-0.00565,0.00339,0.05338,0.00000,0.00000,0.00000,-0.01278,-0.000917
1791408797.673320,0,0,1001,0.07177,-0.00565,0.00339,0.05338,0.00000,-0.00000,0.00000,0.00639,-0.000860
1791408797.693291,0,0,1001,0.07177,-0.00565,0.00339,0.05338,0.00000,-0.00000,0.00000,-0.01704,-0.000867
1791408797.713477,0,0,1001,0.07177,-0.00565,0.00339,0.05338,0.00000,-0.00000,0.00000,-0.00852,-0.000865
1791408797.733356,0,0,1001,0.07177,-0.00565,0.00339,0.05338,-0.00000,0.00000,-0.00000,-0.00213,-0.000868
1791408797.753377,0,0,1001,0.07177,-0.00566,0.00340,0.05338,-0.00000,-0.00000,-0.00000,-0.00746,-0.000832
1791408797.773338,0,0,1001,0.07176,-0.00566,0.00340,0.05338,-0.00000,0.00000,-0.00000,-0.01065,-0.000758
1791408797.793243,0,0,1001,0.07176,-0.00566,0.00340,0.05338,-0.00000,0.00000,-0.00000,-0.00746,-0.000751
1791408797.813287,0,0,1001,0.07176,-0.00565,0.00340,0.05338,-0.00000,0.00000,-0.00000,-0.01491,-0.000771
1791408797.833667,0,0,1001,0.07177,-0.00566,0.00340,0.05338,-0.00000,0.00000,-0.00000,-0.00213,-0.000708
1791408797.853285,0,0,1001,0.07177,-0.00566,0.00340,0.05338,-0.00000,0.00000,-0.00000,-0.00746,-0.000712
1791408797.873355,0,0,1001,0.07177,-0.00566,0.00340,0.05338,-0.00000,-0.00000,-0.00000,0.00213,-0.000690
1791408797.893290,0,0,1001,0.07177,-0.00566,0.00340,0.05338,-0.00000,0.00000,0.00000,-0.00426,-0.000683
1791408797.913293,0,0,1001,0.07177,-0.00565,0.00340,0.05338,0.00000,-0.00000,0.00000,-0.01704,-0.000633
1791408797.933583,0,0,1001,0.07177,-0.00565,0.00340,0.05338,0.00000,0.00000,0.00000,-0.00852,-0.000707
1791408797.953310,0,0,1001,0.07177,-0.00565,0.00340,0.05338,0.00000,-0.00000,0.00000,-0.01172,-0.000677
1791408797.973221,0,0,1001,0.07177,-0.00565,0.00340,0.05338,0.00000,-0.00000,0.00000,-0.01065,-0.000690
1791408797.993610,0,0,1001,0.07177,-0.00565,0.00340,0.05338,-0.00000,-0.00000,-0.00000,-0.00107,-0.000665
1791408798.013314,0,0,1001,0.07177,-0.00565,0.00340,0.05338,-0.00000,0.00000,-0.00000,-0.00959,-0.000656
1791408798.033233,0,0,1001,0.07177,-0.00566,0.00340,0.05338,-0.00000,0.00000,-0.00000,-0.01385,-0.000639
1791408798.053531,0,0,1001,0.07176,-0.00565,0.00340,0.05338,-0.00000,0.00000,-0.00000,-0.00959,-0.000603
1791408798.073328,0,0,1001,0.07177,-0.00566,0.00340,0.05338,-0.00000,0.00000,-0.00000,-0.01811,-0.000634
1791408798.093281,0,0,1001,0.07177,-0.00566,0.00341,0.05338,-0.00000,0.00000,-0.00000,-0.01704,-0.000700
1791408798.113632,0,0,1001,0.07177,-0.00566,0.00341,0.05338,-0.00000,0.00000,-0.00000,-0.00852,-0.000700
1791408798.133326,0,0,1001,0.07177,-0.00566,0.00341,0.05338,-0.00000,-0.00000,-0.00000,-0.00852,-0.000646
1791408798.153284,0,0,1001,0.07176,-0.00566,0.00341,0.05338,-0.00000,-0.00000,-0.00000,-0.01172,-0.000603
1791408798.173327,0,0,1001,0.07177,-0.00566,0.00340,0.05338,-0.00000,-0.00000,-0.00000,-0.00533,-0.000607
1791408798.193398,0,0,1001,0.07177,-0.00566,0.00341,0.05338,-0.00000,0.00000,-0.00000,-0.00746,-0.000599
1791408798.213393,0,0,1001,0.07177,-0.00566,0.00341,0.05338,-0.00000,0.00000,-0.00000,-0.01385,-0.000591
1791408798.233210,0,0,1001,0.07177,-0.00566,0.00341,0.05338,-0.00000,0.00000,-0.00000,-0.00852,-0.000576
1791408798.253363,0,0,1001,0.07177,-0.00566,0.00341,0.05338,0.00000,0.00000,0.00000,-0.00533,-0.000552
1791408798.273268,0,0,1001,0.07177,-0.00566,0.00341,0.05338,-0.00000,-0.00000,-0.00000,-0.01491,-0.000536
1791408798.293344,0,0,1001,0.07177,-0.00566,0.00341,0.05338,-0.00000,0.00000,-0.00000,-0.01065,-0.000515
1791408798.313312,0,0,1001,0.07177,-0.00566,0.00341,0.05338,-0.00000,0.00000,-0.00000,-0.01172,-0.000482
1791408798.333384,0,0,1001,0.07177,-0.00566,0.00341,0.05338,-0.00000,0.00000,-0.00000,-0.00639,-0.000474
1791408798.353282,0,0,1001,0.07177,-0.00566,0.00341,0.05338,-0.00000,-0.00000,-0.00000,0.00107,-0.000450
1791408798.373286,0,0,1001,0.07177,-0.00566,0.00341,0.05338,-0.00000,0.00000,-0.00000,-0.00107,-0.000422
1791408798.393633,0,0,1001,0.07176,-0.00566,0.00342,0.05338,-0.00000,0.00000,-0.00000,-0.02237,-0.000436
1791408798.413658,0,0,1001,0.07177,-0.00566,0.00342,0.05338,-0.00000,0.00000,-0.00000,-0.00426,-0.000446
1791408798.433300,0,0,1001,0.07177,-0.00566,0.00341,0.05338,-0.00000,-0.00000,-0.00000,-0.00426,-0.000465
1791408798.453315,0,0,1001,0.07177,-0.00566,0.00341,0.05338,-0.00000,-0.00000,-0.00000,-0.00746,-0.000516
1791408798.473348,0,0,1001,0.07177,-0.00566,0.00341,0.05338,-0.00000,-0.00000,-0.00000,-0.01172,-0.000520
1791408798.493445,0,0,1001,0.07176,-0.00566,0.00341,0.05338,-0.00000,0.00000,-0.00000,-0.01598,-0.000535
1791408798.513421,0,0,1001,0.07177,-0.00566,0.00341,0.05338,-0.00000,-0.00000,-0.00000,-0.00746,-0.000518
1791408798.533464,0,0,1001,0.07177,-0.00566,0.00341,0.05338,-0.00000,-0.00000,-0.00000,0.00426,-0.000534
1791408798.553917,0,0,1001,0.07177,-0.00566,0.00341,0.05338,-0.00000,0.00000,-0.00000,-0.01065,-0.000539
1791408798.573338,0,0,1001,0.07176,-0.00566,0.00342,0.05338,0.00000,0.00000,0.00000,-0.01065,-0.000501
1791408798.593334,0,0,1001,0.07177,-0.00566,0.00341,0.05338,0.00000,-0.00000,0.00000,0.00000,-0.000483
1791408798.613545,0,0,1001,0.07177,-0.00566,0.00341,0.05338,0.00000,-0.00000,0.00000,-0.00320,-0.000524
1791408798.633286,0,0,1001,0.07176,-0.00566,0.00342,0.05338,0.00000,0.00000,0.00000,-0.00959,-0.000520
1791408798.653248,0,0,1001,0.07177,-0.00566,0.00341,0.05338,-0.00000,0.00000,-0.00000,-0.01172,-0.000488
1791408798.673276,0,0,1001,0.07177,-0.00566,0.00341,0.05338,-0.00000,-0.00000,-0.00000,-0.01598,-0.000488
1791408798.693201,0,0,1001,0.07177,-0.00566,0.00342,0.05338,-0.00000,0.00000,-0.00000,-0.00746,-0.000529
1791408798.713240,0,0,1001,0.07177,-0.00566,0.00341,0.05338,-0.00000,-0.00000,-0.00000,-0.01278,-0.000568
1791408798.733229,0,0,1001,0.07177,-0.00566,0.00341,0.05338,0.00000,0.00000,0.00000,-0.00852,-0.000550
1791408798.753415,0,0,1001,0.07177,-0.00566,0.00341,0.05338,0.00000,-0.00000,0.00000,-0.00639,-0.000561
1791408798.773437,0,0,1001,0.07177,-0.00565,0.00341,0.05338,0.00000,0.00000,0.00000,-0.00320,-0.000508
1791408798.793347,0,0,1001,0.07177,-0.00566,0.00341,0.05338,0.00000,-0.00000,0.00000,-0.00426,-0.000496
1791408798.813290,0,0,1001,0.07177,-0.00566,0.00341,0.05338,0.00000,-0.00000,0.00000,-0.01065,-0.000488
1791408798.833335,0,0,1001,0.07177,-0.00565,0.00341,0.05338,0.00000,-0.00000,0.00000,-0.01065,-0.000529
1791408798.853284,0,0,1001,0.07177,-0.00566,0.00341,0.05338,0.00000,-0.00000,0.00000,-0.01278,-0.000541
1791408798.873465,0,0,1001,0.07177,-0.00566,0.00341,0.05338,0.00000,-0.00000,0.00000,-0.00746,-0.000522
1791408798.893334,0,0,1001,0.07177,-0.00566,0.00341,0.05338,0.00000,0.00000,0.00000,-0.00426,-0.000506
1791408798.913508,0,0,1001,0.07177,-0.00566,0.00341,0.05338,-0.00000,0.00000,-0.00000,-0.00533,-0.000487
1791408798.933291,0,0,1001,0.07177,-0.00566,0.00341,0.05338,-0.00000,-0.00000,-0.00000,-0.00533,-0.000521
1791408798.953296,0,0,1001,0.07177,-0.00565,0.00341,0.05338,-0.00000,-0.00000,-0.00000,-0.01065,-0.000526
1791408798.973256,0,0,1001,0.07177,-0.00565,0.00341,0.05338,0.00000,-0.00000,0.00000,-0.00746,-0.000494
1791408798.993221,0,0,1001,0.07176,-0.00565,0.00341,0.05338,0.00000,-0.00000,0.00000,-0.00959,-0.000449
1791408799.013264,0,0,1001,0.07177,-0.00565,0.00342,0.05338,0.00000,0.00000,0.00000,-0.00852,-0.000414
1791408799.033290,0,0,1001,0.07177,-0.00565,0.00342,0.05338,0.00000,-0.00000,0.00000,-0.01491,-0.000458
1791408799.053237,0,0,1001,0.07177,-0.00565,0.00342,0.05338,0.00000,0.00000,0.00000,-0.00746,-0.000494
1791408799.073293,0,0,1001,0.07177,-0.00565,0.00342,0.05338,0.00000,0.00000,0.00000,-0.00213,-0.000496
1791408799.093230,0,0,1001,0.07177,-0.00565,0.00342,0.05338,0.00000,0.00000,0.00000,-0.00746,-0.000531
1791408799.113082,0,0,1001,0.07177,-0.00565,0.00342,0.05338,-0.00000,-0.00000,0.00000,-0.01704,-0.000503
1791408799.133260,0,0,1001,0.07177,-0.00565,0.00342,0.05338,0.00000,-0.00000,0.00000,-0.00852,-0.000504
1791408799.153162,0,0,1001,0.07176,-0.00565,0.00342,0.05338,-0.00000,0.00000,-0.00000,-0.01065,-0.000478
1791408799.173245,0,0,1001,0.07176,-0.00565,0.00342,0.05338,-0.00000,0.00000,-0.00000,-0.00320,-0.000469
1791408799.193185,0,0,1001,0.07177,-0.00566,0.00342,0.05338,-0.00000,-0.00000,-0.00000,-0.00852,-0.000493
1791408799.213157,0,0,1001,0.07178,-0.00566,0.00342,0.05338,-0.00000,-0.00000,-0.00000,0.00213,-0.000456
1791408799.233307,0,0,1001,0.07177,-0.00565,0.00342,0.05338,-0.00000,0.00000,-0.00000,-0.01172,-0.000491
1791408799.253296,0,0,1001,0.07177,-0.00566,0.00342,0.05338,-0.00000,-0.00000,-0.00000,-0.01385,-0.000475
1791408799.273249,0,0,1001,0.07177,-0.00566,0.00343,0.05338,-0.00000,0.00000,-0.00000,-0.01172,-0.000414
1791408799.293359,0,0,1001,0.07177,-0.00565,0.00342,0.05338,0.00000,-0.00000,0.00000,-0.00213,-0.000315
1791408799.313303,0,0,1001,0.07177,-0.00566,0.00342,0.05338,-0.00000,-0.00000,-0.00000,-0.01172,-0.000337
1791408799.333260,0,0,1001,0.07177,-0.00566,0.00342,0.05338,-0.00000,-0.00000,-0.00000,-0.01811,-0.000363
1791408799.353332,0,0,1001,0.07177,-0.00566,0.00342,0.05338,-0.00000,-0.00000,-0.00000,-0.01598,-0.000353
1791408799.373316,0,0,1001,0.07177,-0.00566,0.00342,0.05338,-0.00000,-0.00000,-0.00000,-0.00639,-0.000365
1791408799.393406,0,0,1001,0.07177,-0.00566,0.00342,0.05338,-0.00000,0.00000,-0.00000,-0.00107,-0.000394
1791408799.413356,0,0,1001,0.07177,-0.00566,0.00342,0.05338,-0.00000,-0.00000,-0.00000,-0.01065,-0.000380
1791408799.433303,0,0,1001,0.07176,-0.00566,0.00342,0.05338,-0.00000,0.00000,-0.00000,-0.01917,-0.000426
1791408799.453445,0,0,1001,0.07176,-0.00566,0.00342,0.05338,0.00000,0.00000,0.00000,-0.00746,-0.000445
1791408799.473320,0,0,1001,0.07177,-0.00566,0.00342,0.05338,0.00000,-0.00000,0.00000,-0.01172,-0.000473
1791408799.493308,0,0,1001,0.07177,-0.00566,0.00342,0.05338,-0.00000,0.00000,-0.00000,-0.00213,-0.000481
1791408799.513229,0,0,1001,0.07177,-0.00566,0.00341,0.05338,-0.00000,0.00000,-0.00000,-0.01917,-0.000523
1791408799.533264,0,0,1001,0.07177,-0.00566,0.00342,0.05338,-0.00000,-0.00000,-0.00000,-0.00639,-0.000564
1791408799.553256,0,0,1001,0.07177,-0.00566,0.00342,0.05338,0.00000,0.00000,0.00000,0.00533,-0.000588
1791408799.573379,0,0,1001,0.07177,-0.00566,0.00342,0.05338,-0.00000,-0.00000,-0.00000,-0.00639,-0.000580
1791408799.593266,0,0,1001,0.07177,-0.00566,0.00342,0.05338,0.00000,-0.00000,0.00000,-0.01385,-0.000598
1791408799.613461,0,0,1001,0.07176,-0.00565,0.00342,0.05338,0.00000,-0.00000,0.00000,-0.00426,-0.000633
1791408799.633390,0,0,1001,0.07177,-0.00565,0.00342,0.05338,0.00000,-0.00000,0.00000,-0.01491,-0.000636
1791408799.653256,0,0,1001,0.07177,-0.00565,0.00342,0.05338,0.00000,0.00000,0.00000,-0.02024,-0.000616
1791408799.673171,0,0,1001,0.07177,-0.00565,0.00342,0.05338,0.00000,0.00000,0.00000,-0.01065,-0.000611
1791408799.693255,0,0,1001,0.07176,-0.00565,0.00342,0.05338,0.00000,0.00000,0.00000,-0.00746,-0.000585
1791408799.713299,0,0,1001,0.07177,-0.00565,0.00342,0.05338,0.00000,-0.00000,0.00000,-0.00959,-0.000588
1791408799.733299,0,0,1001,0.07178,-0.00565,0.00342,0.05338,0.00000,-0.00000,0.00000,-0.01598,-0.000583
1791408799.753301,0,0,1001,0.07177,-0.00565,0.00342,0.05338,0.00000,-0.00000,0.00000,-0.00959,-0.000623
1791408799.773397,0,0,1001,0.07176,-0.00565,0.00342,0.05338,0.00000,-0.00000,0.00000,-0.00320,-0.000630
1791408799.793226,0,0,1001,0.07177,-0.00565,0.00342,0.05338,0.00000,-0.00000,0.00000,-0.00852,-0.000664
1791408799.813215,0,0,1001,0.07177,-0.00565,0.00341,0.05338,-0.00000,-0.00000,-0.00000,-0.00852,-0.000700
1791408799.833416,0,0,1001,0.07177,-0.00565,0.00342,0.05338,0.00000,0.00000,0.00000,-0.00746,-0.000736
1791408799.853250,0,0,1001,0.07177,-0.00565,0.00342,0.05338,0.00000,-0.00000,0.00000,-0.01491,-0.000798
1791408799.873205,0,0,1001,0.07177,-0.00565,0.00341,0.05338,0.00000,-0.00000,0.00000,-0.00959,-0.000810
1791408799.893344,0,0,1001,0.07177,-0.00565,0.00342,0.05338,-0.00000,-0.00000,-0.00000,-0.00320,-0.000850
1791408799.913408,0,0,1001,0.07177,-0.00564,0.00341,0.05338,0.00000,-0.00000,0.00000,-0.01917,-0.000910
1791408799.933254,0,0,1001,0.07176,-0.00564,0.00341,0.05338,0.00000,-0.00000,0.00000,-0.00852,-0.000957
1791408799.953439,0,0,1001,0.07177,-0.00564,0.00342,0.05338,0.00000,0.00000,0.00000,-0.00320,-0.000962
1791408799.973127,0,0,1001,0.07177,-0.00565,0.00341,0.05338,-0.00000,0.00000,-0.00000,-0.00639,-0.001002
