t,q_FR_hip,q_FR_thigh,q_FR_calf,q_FL_hip,q_FL_thigh,q_FL_calf,q_RR_hip,q_RR_thigh,q_RR_calf,q_RL_hip,q_RL_thigh,q_RL_calf,temp_FR_hip,temp_FR_thigh,temp_FR_calf,temp_FL_hip,temp_FL_thigh,temp_FL_calf,temp_RR_hip,temp_RR_thigh,temp_RR_calf,temp_RL_hip,temp_RL_thigh,temp_RL_calf
1791409026.476355,-0.050177,1.248629,-2.777890,0.048239,1.249417,-2.799959,-0.344949,1.283352,-2.785425,0.326525,1.294555,-2.814049,25,25,27,25,25,26,26,25,27,26,25,27
1791409026.496322,-0.050177,1.248660,-2.777890,0.048239,1.249356,-2.799959,-0.344949,1.283322,-2.785457,0.326525,1.294525,-2.814065,25,25,27,25,25,26,26,25,27,26,25,27
1791409026.516274,-0.050208,1.248660,-2.777890,0.048209,1.249356,-2.799959,-0.344979,1.283322,-2.785457,0.326525,1.294525,-2.814049,25,25,27,25,25,26,26,25,27,26,25,27
1791409026.536314,-0.050177,1.248599,-2.777890,0.048209,1.249386,-2.799943,-0.344979,1.283352,-2.785441,0.326556,1.294525,-2.814065,25,25,27,25,25,26,26,25,27,26,25,27
1791409026.556346,-0.050238,1.248629,-2.777906,0.048209,1.249386,-2.799959,-0.344949,1.283322,-2.785441,0.326556,1.294555,-2.814065,25,25,27,25,25,26,26,25,27,26,25,27
1791409026.576365,-0.050177,1.248629,-2.777890,0.048239,1.249386,-2.799990,-0.344949,1.283322,-2.785425,0.326556,1.294525,-2.814034,25,25,27,25,25,26,26,25,27,26,25,27
1791409026.596265,-0.050238,1.248629,-2.777890,0.048209,1.249386,-2.799974,-0.344949,1.283352,-2.785441,0.326556,1.294555,-2.814034,25,25,27,25,25,26,26,25,27,26,25,27
1791409026.616277,-0.050208,1.248660,-2.777906,0.048270,1.249386,-2.799974,-0.344979,1.283322,-2.785441,0.326525,1.294555,-2.814049,25,25,27,25,25,26,26,25,27,26,25,27
1791409026.636297,-0.050238,1.248599,-2.777890,0.048209,1.249386,-2.799974,-0.344979,1.283322,-2.785441,0.326556,1.294525,-2.814049,25,25,27,25,25,26,26,25,27,26,25,27
1791409026.656311,-0.050208,1.248599,-2.777874,0.048209,1.249356,-2.799959,-0.344979,1.283322,-2.785457,0.326556,1.294525,-2.814065,25,25,27,25,25,26,26,25,27,26,25,27
1791409026.676230,-0.050208,1.248660,-2.777874,0.048179,1.249386,-2.799974,-0.344979,1.283352,-2.785441,0.326525,1.294555,-2.814034,25,25,27,25,25,26,26,25,27,26,25,27
1791409026.696341,-0.050177,1.248629,-2.777890,0.048209,1.249386,-2.799959,-0.344979,1.283322,-2.785441,0.326525,1.294525,-2.814049,25,25,27,25,25,26,26,25,27,26,25,27
1791409026.716323,-0.050208,1.248629,-2.777874,0.048209,1.249386,-2.799990,-0.344949,1.283352,-2.785425,0.326556,1.294525,-2.814049,25,25,27,25,25,26,26,25,27,26,25,27
1791409026.736265,-0.050177,1.248660,-2.777890,0.048239,1.249356,-2.799974,-0.344949,1.283322,-2.785441,0.326556,1.294555,-2.814034,25,25,27,25,25,26,26,25,27,26,25,27
1791409026.756319,-0.050177,1.248660,-2.777890,0.048209,1.249386,-2.799974,-0.344979,1.283322,-2.785425,0.326586,1.294555,-2.814065,25,25,27,25,25,26,26,25,27,26,25,27
1791409026.776310,-0.050208,1.248660,-2.777890,0.048209,1.249356,-2.799959,-0.344949,1.283352,-2.785457,0.326525,1.294555,-2.814049,25,25,27,25,25,26,26,25,27,26,25,27
1791409026.796288,-0.050208,1.248660,-2.777890,0.048239,1.249356,-2.799974,-0.344979,1.283352,-2.785441,0.326556,1.294494,-2.814049,25,25,27,25,25,26,26,25,27,26,25,27
1791409026.816197,-0.050208,1.248629,-2.777890,0.048209,1.249386,-2.799974,-0.344979,1.283352,-2.785441,0.326525,1.294555,-2.814049,25,25,27,25,25,26,26,25,27,26,25,27
1791409026.836354,-0.050208,1.248629,-2.777906,0.048209,1.249356,-2.799974,-0.344949,1.283322,-2.785441,0.326556,1.294525,-2.814065,25,25,27,25,25,26,26,25,27,26,25,27
1791409026.856327,-0.050238,1.248660,-2.777890,0.048209,1.249386,-2.799974,-0.344979,1.283352,-2.785441,0.326525,1.294525,-2.814049,25,25,27,25,25,26,26,25,27,26,25,27
1791409026.876256,-0.050208,1.248660,-2.777890,0.048209,1.249386,-2.799959,-0.344949,1.283352,-2.785441,0.326556,1.294525,-2.814049,25,25,27,25,25,26,26,25,27,26,25,27
1791409026.896290,-0.050208,1.248660,-2.777890,0.048239,1.249356,-2.799959,-0.344949,1.283322,-2.785441,0.326556,1.294555,-2.814065,25,25,27,25,25,26,26,25,27,26,25,27
1791409026.916230,-0.050238,1.248599,-2.777890,0.048239,1.249386,-2.799974,-0.344979,1.283352,-2.785441,0.326556,1.294525,-2.814049,25,25,27,25,25,26,26,25,27,26,25,27
1791409026.936301,-0.050208,1.248629,-2.777890,0.048209,1.249386,-2.799959,-0.344979,1.283322,-2.785441,0.326556,1.294555,-2.814049,25,25,27,25,25,26,26,25,27,26,25,27
1791409026.956297,-0.050238,1.248660,-2.777890,0.048239,1.249356,-2.799974,-0.344979,1.283352,-2.785441,0.326556,1.294555,-2.814065,25,25,27,25,25,26,26,25,27,26,25,27
1791409026.976274,-0.050208,1.248629,-2.777890,0.048239,1.249386,-2.799974,-0.344949,1.283352,-2.785441,0.326525,1.294525,-2.814049,25,25,27,25,25,26,26,25,27,26,25,27
1791409026.996355,-0.050208,1.248599,-2.777890,0.048209,1.249386,-2.799959,-0.344979,1.283322,-2.785441,0.326556,1.294555,-2.814081,25,25,27,25,25,26,26,25,27,26,25,27
1791409027.016302,-0.050208,1.248629,-2.777906,0.048209,1.249386,-2.799974,-0.344949,1.283352,-2.785425,0.326525,1.294525,-2.814065,25,25,27,25,25,26,26,25,27,26,25,27
1791409027.036300,-0.050208,1.248660,-2.777906,0.048239,1.249386,-2.799959,-0.344979,1.283352,-2.785410,0.326525,1.294555,-2.814049,25,25,27,25,25,26,26,25,27,26,25,27
1791409027.056354,-0.050208,1.248629,-2.777890,0.048209,1.249356,-2.799959,-0.344979,1.283352,-2.785441,0.326525,1.294525,-2.814065,25,25,27,25,25,26,26,25,27,26,25,27
1791409027.076271,-0.050208,1.248599,-2.777890,0.048239,1.249386,-2.799990,-0.344949,1.283322,-2.785441,0.326556,1.294525,-2.814049,25,25,27,25,25,26,26,25,27,26,25,27
1791409027.096340,-0.050208,1.248660,-2.777906,0.048239,1.249386,-2.799959,-0.344949,1.283292,-2.785425,0.326525,1.294525,-2.814065,25,25,27,25,25,26,26,25,27,26,25,27
1791409027.116298,-0.050177,1.248599,-2.777906,0.048209,1.249356,-2.799974,-0.344979,1.283322,-2.785457,0.326556,1.294555,-2.814049,25,25,27,25,25,26,26,25,27,26,25,27
1791409027.136364,-0.050208,1.248599,-2.777890,0.048239,1.249386,-2.799974,-0.344979,1.283352,-2.785457,0.326556,1.294525,-2.814049,25,25,27,25,25,26,26,25,27,26,25,27
1791409027.156341,-0.050208,1.248629,-2.777906,0.048270,1.249356,-2.799959,-0.344949,1.283352,-2.785441,0.326525,1.294525,-2.814049,25,25,27,25,25,26,26,25,27,26,25,27
1791409027.176356,-0.050208,1.248599,-2.777890,0.048209,1.249356,-2.799974,-0.344979,1.283322,-2.785425,0.326525,1.294525,-2.814049,25,25,27,25,25,26,26,25,27,26,25,27
1791409027.196294,-0.050208,1.248629,-2.777890,0.048209,1.249356,-2.799959,-0.344949,1.283322,-2.785457,0.326525,1.294525,-2.814049,25,25,27,25,25,26,26,25,27,26,25,27
1791409027.216255,-0.050208,1.248629,-2.777906,0.048209,1.249386,-2.799959,-0.344979,1.283322,-2.785425,0.326556,1.294525,-2.814049,25,25,27,25,25,26,26,25,27,26,25,27
1791409027.236268,-0.050208,1.248660,-2.777890,0.048179,1.249356,-2.799959,-0.344949,1.283352,-2.785425,0.326556,1.294525,-2.814049,25,25,27,25,25,26,26,25,27,26,25,27
1791409027.256328,-0.050238,1.248629,-2.777890,0.048239,1.249386,-2.799959,-0.344979,1.283322,-2.785441,0.326525,1.294525,-2.814049,25,25,27,25,25,26,26,25,27,26,25,27
1791409027.276302,-0.050208,1.248629,-2.777890,0.048239,1.249386,-2.799959,-0.344979,1.283322,-2.785441,0.326525,1.294555,-2.814065,25,25,27,25,25,26,26,25,27,26,25,27
1791409027.296329,-0.050238,1.248599,-2.777890,0.048239,1.249386,-2.799943,-0.344949,1.283322,-2.785441,0.326556,1.294525,-2.814034,25,25,27,25,25,26,26,25,27,26,25,27
1791409027.316304,-0.050208,1.248660,-2.777906,0.048209,1.249356,-2.799974,-0.344979,1.283322,-2.785441,0.326556,1.294525,-2.814065,25,25,27,25,25,26,26,25,27,26,25,27
1791409027.336280,-0.050238,1.248629,-2.777906,0.048239,1.249356,-2.799959,-0.344949,1.283322,-2.785425,0.326556,1.294525,-2.814049,25,25,27,25,25,26,26,25,27,26,25,27
1791409027.356356,-0.050208,1.248629,-2.777890,0.048179,1.249356,-2.799959,-0.344979,1.283322,-2.785441,0.326525,1.294555,-2.814049,25,25,27,25,25,26,26,25,27,26,25,27
1791409027.376301,-0.050208,1.248690,-2.777890,0.048239,1.249386,-2.799959,-0.344949,1.283352,-2.785441,0.326556,1.294525,-2.814065,25,25,27,25,25,26,26,25,27,26,25,27
1791409027.396276,-0.050208,1.248599,-2.777906,0.048270,1.249386,-2.799974,-0.344949,1.283322,-2.785441,0.326556,1.294525,-2.814065,25,25,27,25,25,26,26,25,27,26,25,27
1791409027.416313,-0.050238,1.248660,-2.777890,0.048209,1.249386,-2.799943,-0.344979,1.283292,-2.785425,0.326556,1.294525,-2.814049,25,25,27,25,25,26,26,25,27,26,25,27
1791409027.436328,-0.050208,1.248599,-2.777906,0.048270,1.249417,-2.799959,-0.344949,1.283322,-2.785457,0.326556,1.294525,-2.814065,25,25,27,25,25,26,26,25,27,26,25,27
1791409027.456326,-0.050208,1.248629,-2.777890,0.048209,1.249356,-2.799974,-0.344979,1.283322,-2.785441,0.326556,1.294525,-2.814049,25,25,27,25,25,26,26,25,27,26,25,27
1791409027.476380,-0.050238,1.248660,-2.777906,0.048209,1.249386,-2.799959,-0.344979,1.283352,-2.785441,0.326556,1.294525,-2.814034,25,25,27,25,25,26,26,25,27,26,25,27
1791409027.496392,-0.050208,1.248690,-2.777906,0.048209,1.249386,-2.799974,-0.344949,1.283322,-2.785441,0.326556,1.294555,-2.814049,25,25,27,25,25,26,26,25,27,26,25,27
1791409027.516332,-0.050238,1.248660,-2.777874,0.048209,1.249386,-2.799974,-0.345009,1.283352,-2.785441,0.326525,1.294525,-2.814049,25,25,27,25,25,26,26,25,27,26,25,27
1791409027.536386,-0.050177,1.248629,-2.777906,0.048239,1.249386,-2.799959,-0.344979,1.283322,-2.785425,0.326556,1.294555,-2.814049,25,25,27,25,25,26,26,25,27,26,25,27
1791409027.556412,-0.050177,1.248629,-2.777890,0.048239,1.249386,-2.799974,-0.344979,1.283352,-2.785441,0.326525,1.294555,-2.814018,25,25,27,25,25,26,26,25,27,26,25,27
1791409027.576411,-0.050208,1.248599,-2.777890,0.048209,1.249386,-2.799974,-0.344979,1.283352,-2.785425,0.326495,1.294525,-2.814049,25,25,27,25,25,26,26,25,27,26,25,27
1791409027.596375,-0.050177,1.248629,-2.777890,0.048209,1.249386,-2.799959,-0.344979,1.283352,-2.785441,0.326556,1.294525,-2.814049,25,25,27,25,25,26,26,25,27,26,25,27
1791409027.616446,-0.050177,1.248660,-2.777906,0.048239,1.249386,-2.799943,-0.344979,1.283322,-2.785441,0.326586,1.294525,-2.814034,25,25,27,25,25,26,26,25,27,26,25,27
1791409027.636364,-0.050177,1.248629,-2.777906,0.048209,1.249386,-2.799974,-0.344949,1.283352,-2.785441,0.326556,1.294555,-2.814049,25,25,27,25,25,26,26,25,27,26,25,27
1791409027.656366,-0.050238,1.248660,-2.777906,0.048209,1.249386,-2.799974,-0.344979,1.283352,-2.785441,0.326525,1.294525,-2.814065,25,25,27,25,25,26,26,25,27,26,25,27
1791409027.676383,-0.050177,1.248629,-2.777890,0.048209,1.249386,-2.799959,-0.344979,1.283322,-2.785425,0.326556,1.294525,-2.814034,25,25,27,25,25,26,26,25,27,26,25,27
1791409027.696182,-0.050177,1.248629,-2.777906,0.048239,1.249386,-2.799959,-0.344979,1.283382,-2.785441,0.326525,1.294555,-2.814049,25,25,27,25,25,26,26,25,27,26,25,27
1791409027.716324,-0.050208,1.248629,-2.777906,0.048239,1.249386,-2.799974,-0.344949,1.283352,-2.785425,0.326525,1.294555,-2.814065,25,25,27,25,25,26,26,25,27,26,25,27
1791409027.736335,-0.050208,1.248660,-2.777890,0.048209,1.249356,-2.799959,-0.344979,1.283322,-2.785425,0.326556,1.294525,-2.814049,25,25,27,25,25,26,26,25,27,26,25,27
1791409027.756371,-0.050208,1.248660,-2.777906,0.048209,1.249356,-2.799959,-0.344949,1.283322,-2.785441,0.326556,1.294555,-2.814049,25,25,27,25,25,26,26,25,27,26,25,27
1791409027.776345,-0.050208,1.248660,-2.777890,0.048239,1.249386,-2.799974,-0.344949,1.283322,-2.785441,0.326525,1.294525,-2.814034,25,25,27,25,25,26,26,25,27,26,25,27
1791409027.796350,-0.050177,1.248629,-2.777890,0.048239,1.249386,-2.799943,-0.344979,1.283322,-2.785441,0.326525,1.294525,-2.814065,25,25,27,25,25,26,26,25,27,26,25,27
1791409027.816385,-0.050208,1.248629,-2.777906,0.048239,1.249386,-2.799943,-0.344979,1.283352,-2.785425,0.326525,1.294525,-2.814049,25,25,27,25,25,26,26,25,27,26,25,27
1791409027.836373,-0.050208,1.248629,-2.777906,0.048239,1.249386,-2.799959,-0.344979,1.283322,-2.785441,0.326525,1.294555,-2.814049,25,25,27,25,25,26,26,25,27,26,25,27
1791409027.856311,-0.050238,1.248629,-2.777890,0.048209,1.249386,-2.799959,-0.344979,1.283322,-2.785425,0.326586,1.294525,-2.814049,25,25,27,25,25,26,26,25,27,26,25,27
1791409027.876408,-0.050208,1.248629,-2.777890,0.048239,1.249356,-2.799990,-0.344979,1.283322,-2.785425,0.326556,1.294525,-2.814049,25,25,27,25,25,26,26,25,27,26,25,27
1791409027.896355,-0.050238,1.248629,-2.777890,0.048209,1.249386,-2.799974,-0.344979,1.283322,-2.785441,0.326525,1.294555,-2.814065,25,25,27,25,25,26,26,25,27,26,25,27
1791409027.916403,-0.050208,1.248660,-2.777890,0.048239,1.249356,-2.799974,-0.344979,1.283322,-2.785441,0.326525,1.294555,-2.814065,25,25,27,25,25,26,26,25,27,26,25,27
1791409027.936436,-0.050208,1.248629,-2.777906,0.048239,1.249356,-2.799959,-0.344949,1.283352,-2.785441,0.326556,1.294525,-2.814065,25,25,27,25,25,26,26,25,27,26,25,27
1791409027.956349,-0.050208,1.248629,-2.777906,0.048209,1.249386,-2.799974,-0.344949,1.283322,-2.785441,0.326556,1.294525,-2.814049,25,25,27,25,25,26,26,25,27,26,25,27
1791409027.976338,-0.050208,1.248599,-2.777890,0.048239,1.249386,-2.799959,-0.344949,1.283322,-2.785441,0.326556,1.294555,-2.814049,25,25,27,25,25,26,26,25,27,26,25,27
1791409027.996312,-0.050268,1.248629,-2.777890,0.048209,1.249417,-2.799974,-0.344979,1.283322,-2.785425,0.326586,1.294525,-2.814065,25,25,27,25,25,26,26,25,27,26,25,27
1791409028.016284,-0.050177,1.248629,-2.777890,0.048239,1.249386,-2.799974,-0.344979,1.283352,-2.785441,0.326525,1.294525,-2.814034,25,25,27,25,25,26,26,25,27,26,25,27
1791409028.036277,-0.050238,1.248690,-2.777906,0.048239,1.249356,-2.799959,-0.344949,1.283322,-2.785441,0.326525,1.294555,-2.814049,25,25,27,25,25,26,26,25,27,26,25,27
1791409028.056239,-0.050208,1.248660,-2.777906,0.048209,1.249417,-2.799974,-0.344949,1.283352,-2.785441,0.326556,1.294525,-2.814049,25,25,27,25,25,26,26,25,27,26,25,27
1791409028.076350,-0.050177,1.248660,-2.777906,0.048209,1.249386,-2.799974,-0.344949,1.283322,-2.785441,0.326556,1.294525,-2.814049,25,25,27,25,25,26,26,25,27,26,25,27
1791409028.096327,-0.050208,1.248660,-2.777890,0.048209,1.249356,-2.799959,-0.344979,1.283322,-2.785441,0.326556,1.294555,-2.814065,25,25,27,25,25,26,26,25,27,26,25,27
1791409028.116316,-0.050208,1.248629,-2.777906,0.048209,1.249356,-2.799959,-0.344979,1.283352,-2.785441,0.326556,1.294555,-2.814049,25,25,27,25,25,26,26,25,27,26,25,27
1791409028.136431,-0.050177,1.248660,-2.777890,0.048239,1.249386,-2.799974,-0.344979,1.283352,-2.785441,0.326525,1.294525,-2.814034,25,25,27,25,25,26,26,25,27,26,25,27
1791409028.156333,-0.050208,1.248629,-2.777906,0.048179,1.249356,-2.799959,-0.344979,1.283322,-2.785441,0.326556,1.294525,-2.814049,25,25,27,25,25,26,26,25,27,26,25,27
1791409028.176407,-0.050208,1.248629,-2.777890,0.048270,1.249386,-2.799959,-0.344979,1.283352,-2.785457,0.326525,1.294585,-2.814049,25,25,27,25,25,26,26,25,27,26,25,27
1791409028.196343,-0.050208,1.248629,-2.777890,0.048239,1.249386,-2.799959,-0.344979,1.283352,-2.785441,0.326556,1.294525,-2.814065,25,25,27,25,25,26,26,25,27,26,25,27
1791409028.216348,-0.050208,1.248629,-2.777890,0.048239,1.249386,-2.799974,-0.344949,1.283352,-2.785441,0.326556,1.294525,-2.814049,25,25,27,25,25,26,26,25,27,26,25,27
1791409028.236351,-0.050177,1.248629,-2.777890,0.048209,1.249386,-2.799959,-0.344979,1.283292,-2.785441,0.326556,1.294525,-2.814065,25,25,27,25,25,26,26,25,27,26,25,27
1791409028.256389,-0.050208,1.248660,-2.777890,0.048209,1.249386,-2.799959,-0.344979,1.283292,-2.785441,0.326525,1.294525,-2.814049,25,25,27,25,25,26,26,25,27,26,25,27
1791409028.276371,-0.050177,1.248629,-2.777890,0.048239,1.249356,-2.799974,-0.344949,1.283322,-2.785441,0.326556,1.294525,-2.814049,25,25,27,25,25,26,26,25,27,26,25,27
1791409028.296340,-0.050208,1.248660,-2.777890,0.048270,1.249386,-2.799974,-0.344949,1.283352,-2.785441,0.326556,1.294525,-2.814049,25,25,27,25,25,26,26,25,27,26,25,27
1791409028.316468,-0.050208,1.248660,-2.777890,0.048239,1.249356,-2.799974,-0.344979,1.283352,-2.785425,0.326556,1.294525,-2.814049,25,25,27,25,25,26,26,25,27,26,25,27
1791409028.336406,-0.050208,1.248629,-2.777890,0.048239,1.249356,-2.799959,-0.344949,1.283292,-2.785425,0.326525,1.294525,-2.814049,25,25,27,25,25,26,26,25,27,26,25,27
1791409028.356472,-0.050238,1.248660,-2.777906,0.048209,1.249386,-2.799959,-0.344979,1.283352,-2.785441,0.326586,1.294555,-2.814049,25,25,27,25,25,26,26,25,27,26,25,27
1791409028.376420,-0.050208,1.248629,-2.777890,0.048209,1.249386,-2.799959,-0.344979,1.283322,-2.785457,0.326556,1.294555,-2.814065,25,25,27,25,25,26,26,25,27,26,25,27
1791409028.396628,-0.050208,1.248629,-2.777890,0.048239,1.249386,-2.799974,-0.344949,1.283322,-2.785457,0.326556,1.294525,-2.814049,25,25,27,25,25,26,26,25,27,26,25,27
1791409028.417092,-0.050238,1.248599,-2.777890,0.048209,1.249386,-2.799974,-0.344979,1.283352,-2.785441,0.326586,1.294525,-2.814049,25,25,27,25,25,26,26,25,27,26,25,27
1791409028.436567,-0.050238,1.248629,-2.777890,0.048209,1.249386,-2.799974,-0.344979,1.283352,-2.785441,0.326556,1.294525,-2.814049,25,25,27,25,25,26,26,25,27,26,25,27
1791409028.456410,-0.050208,1.248629,-2.777906,0.048209,1.249356,-2.799974,-0.344918,1.283322,-2.785441,0.326556,1.294555,-2.814049,25,25,27,25,25,26,26,25,27,26,25,27
1791409028.476576,-0.050208,1.248599,-2.777906,0.048239,1.249386,-2.799974,-0.345009,1.283352,-2.785425,0.326525,1.294525,-2.814065,25,25,27,25,25,26,26,25,27,26,25,27
1791409028.496356,-0.050208,1.248660,-2.777890,0.048239,1.249356,-2.799959,-0.344949,1.283322,-2.785441,0.326525,1.294525,-2.814065,25,25,27,25,25,26,26,25,27,26,25,27
1791409028.516351,-0.050238,1.248599,-2.777890,0.048239,1.249386,-2.799959,-0.344949,1.283322,-2.785441,0.326556,1.294555,-2.814034,25,25,27,25,25,26,26,25,27,26,25,27
1791409028.536393,-0.050208,1.248599,-2.777890,0.048209,1.249386,-2.799959,-0.344979,1.283322,-2.785457,0.326525,1.294525,-2.814049,25,25,27,25,25,26,26,25,27,26,25,27
1791409028.556471,-0.050238,1.248629,-2.777890,0.048239,1.249386,-2.799974,-0.344979,1.283352,-2.785441,0.326525,1.294525,-2.814049,25,25,27,25,25,26,26,25,27,26,25,27
1791409028.576369,-0.050208,1.248660,-2.777890,0.048239,1.249386,-2.799959,-0.344949,1.283292,-2.785425,0.326556,1.294525,-2.814034,25,25,27,25,25,26,26,25,27,26,25,27
1791409028.596399,-0.050208,1.248660,-2.777874,0.048270,1.249386,-2.799974,-0.344949,1.283322,-2.785441,0.326525,1.294555,-2.814049,25,25,27,25,25,26,26,25,27,26,25,27
1791409028.616436,-0.050208,1.248599,-2.777906,0.048209,1.249356,-2.799974,-0.344979,1.283322,-2.785457,0.326525,1.294555,-2.814065,25,25,27,25,25,26,26,25,27,26,25,27
1791409028.636355,-0.050208,1.248690,-2.777906,0.048209,1.249386,-2.799959,-0.344979,1.283322,-2.785441,0.326556,1.294525,-2.814049,25,25,27,25,25,26,26,25,27,26,25,27
1791409028.656532,-0.050208,1.248629,-2.777890,0.048209,1.249356,-2.799959,-0.344949,1.283322,-2.785441,0.326556,1.294525,-2.814049,25,25,27,25,25,26,26,25,27,26,25,27
1791409028.676380,-0.050208,1.248629,-2.777890,0.048209,1.249386,-2.799959,-0.344949,1.283322,-2.785425,0.326525,1.294525,-2.814034,25,25,27,25,25,26,26,25,27,26,25,27
1791409028.696381,-0.050208,1.248629,-2.777906,0.048209,1.249326,-2.799974,-0.344949,1.283352,-2.785457,0.326556,1.294525,-2.814065,25,25,27,25,25,26,26,25,27,26,25,27
1791409028.716437,-0.050238,1.248660,-2.777890,0.048209,1.249356,-2.799974,-0.344979,1.283322,-2.785441,0.326556,1.294525,-2.814065,25,25,27,25,25,26,26,25,27,26,25,27
1791409028.736327,-0.050238,1.248660,-2.777906,0.048209,1.249386,-2.799974,-0.344949,1.283322,-2.785441,0.326556,1.294525,-2.814049,25,25,27,25,25,26,26,25,27,26,25,27
1791409028.756439,-0.050208,1.248629,-2.777906,0.048270,1.249386,-2.799959,-0.344949,1.283352,-2.785441,0.326556,1.294555,-2.814049,25,25,27,25,25,26,26,25,27,26,25,27
1791409028.776388,-0.050177,1.248660,-2.777890,0.048239,1.249386,-2.799959,-0.344979,1.283352,-2.785457,0.326525,1.294525,-2.814034,25,25,27,25,25,26,26,25,27,26,25,27
1791409028.796479,-0.050208,1.248660,-2.777890,0.048239,1.249386,-2.799959,-0.344949,1.283322,-2.785441,0.326556,1.294525,-2.814049,25,25,27,25,25,26,26,25,27,26,25,27
1791409028.817086,-0.050177,1.248660,-2.777890,0.048270,1.249386,-2.799974,-0.344979,1.283352,-2.785441,0.326586,1.294525,-2.814065,25,25,27,25,25,26,26,25,27,26,25,27
1791409028.836533,-0.050177,1.248660,-2.777906,0.048270,1.249386,-2.799959,-0.344979,1.283322,-2.785410,0.326556,1.294525,-2.814065,25,25,27,25,25,26,26,25,27,26,25,27
1791409028.856469,-0.050208,1.248660,-2.777890,0.048209,1.249356,-2.799990,-0.344979,1.283352,-2.785441,0.326525,1.294525,-2.814065,25,25,27,25,25,26,26,25,27,26,25,27
1791409028.876549,-0.050208,1.248629,-2.777906,0.048209,1.249356,-2.799959,-0.344979,1.283352,-2.785457,0.326556,1.294555,-2.814034,25,25,27,25,25,26,26,25,27,26,25,27
1791409028.896299,-0.050208,1.248599,-2.777906,0.048209,1.249356,-2.799974,-0.344979,1.283322,-2.785425,0.326556,1.294525,-2.814034,25,25,27,25,25,26,26,25,27,26,25,27
1791409028.916925,-0.050238,1.248660,-2.777906,0.048209,1.249417,-2.799974,-0.344918,1.283322,-2.785441,0.326556,1.294525,-2.814065,25,25,27,25,25,26,26,25,27,26,25,27
1791409028.936412,-0.050238,1.248660,-2.777890,0.048209,1.249386,-2.799974,-0.344949,1.283352,-2.785441,0.326556,1.294555,-2.814049,25,25,27,25,25,26,26,25,27,26,25,27
1791409028.956552,-0.050208,1.248629,-2.777890,0.048209,1.249386,-2.799959,-0.344979,1.283322,-2.785441,0.326556,1.294525,-2.814065,25,25,27,25,25,26,26,25,27,26,25,27
1791409028.976550,-0.050238,1.248629,-2.777890,0.048239,1.249386,-2.799974,-0.344979,1.283322,-2.785425,0.326525,1.294525,-2.814049,25,25,27,25,25,26,26,25,27,26,25,27
1791409028.996546,-0.050208,1.248660,-2.777906,0.048209,1.249386,-2.799974,-0.344979,1.283322,-2.785441,0.326556,1.294525,-2.814049,25,25,27,25,25,26,26,25,27,26,25,27
1791409029.016554,-0.050208,1.248629,-2.777890,0.048239,1.249386,-2.799959,-0.345009,1.283352,-2.785441,0.326556,1.294525,-2.814065,25,25,27,25,25,26,26,25,27,26,25,27
1791409029.036532,-0.050208,1.248629,-2.777906,0.048209,1.249386,-2.799974,-0.344979,1.283352,-2.785441,0.326525,1.294525,-2.814065,25,25,27,25,25,26,26,25,27,26,25,27
1791409029.056844,-0.050238,1.248599,-2.777906,0.048239,1.249386,-2.799974,-0.344949,1.283322,-2.785441,0.326525,1.294525,-2.814034,25,25,27,25,25,26,26,25,27,26,25,27
1791409029.076401,-0.050208,1.248660,-2.777890,0.048209,1.249386,-2.799990,-0.344979,1.283322,-2.785425,0.326556,1.294525,-2.814049,25,25,27,25,25,26,26,25,27,26,25,27
1791409029.096400,-0.050177,1.248660,-2.777890,0.048239,1.249386,-2.799974,-0.344949,1.283352,-2.785441,0.326556,1.294585,-2.814049,25,25,27,25,25,26,26,25,27,26,25,27
1791409029.116500,-0.050238,1.248660,-2.777890,0.048209,1.249386,-2.799974,-0.344949,1.283292,-2.785441,0.326556,1.294525,-2.814049,25,25,27,25,25,26,26,25,27,26,25,27
1791409029.136380,-0.050208,1.248629,-2.777874,0.048239,1.249356,-2.799974,-0.344979,1.283352,-2.785441,0.326556,1.294525,-2.814034,25,25,27,25,25,26,26,25,27,26,25,27
1791409029.156305,-0.050177,1.248629,-2.777890,0.048209,1.249356,-2.799959,-0.344979,1.283322,-2.785425,0.326556,1.294525,-2.814034,25,25,27,25,25,26,26,25,27,26,25,27
1791409029.176655,-0.050238,1.248629,-2.777906,0.048239,1.249356,-2.799959,-0.344949,1.283322,-2.785441,0.326525,1.294525,-2.814065,25,25,27,25,25,26,26,25,27,26,25,27
1791409029.196500,-0.050208,1.248629,-2.777906,0.048239,1.249417,-2.799959,-0.344979,1.283322,-2.785441,0.326556,1.294555,-2.814034,25,25,27,25,25,26,26,25,27,26,25,27
1791409029.216445,-0.050208,1.248629,-2.777890,0.048239,1.249356,-2.799974,-0.344979,1.283322,-2.785425,0.326586,1.294525,-2.814065,25,25,27,25,25,26,26,25,27,26,25,27
1791409029.236627,-0.050208,1.248660,-2.777906,0.048209,1.249356,-2.799974,-0.344979,1.283322,-2.785441,0.326556,1.294555,-2.814049,25,25,27,25,25,26,26,25,27,26,25,27
1791409029.256439,-0.050177,1.248660,-2.777890,0.048209,1.249356,-2.799959,-0.344979,1.283322,-2.785457,0.326556,1.294525,-2.814049,25,25,27,25,25,26,26,25,27,26,25,27
1791409029.276655,-0.050208,1.248599,-2.777906,0.048209,1.249386,-2.799943,-0.344949,1.283352,-2.785441,0.326556,1.294525,-2.814065,25,25,27,25,25,26,26,25,27,26,25,27
1791409029.296507,-0.050177,1.248690,-2.777906,0.048209,1.249356,-2.799974,-0.344949,1.283322,-2.785457,0.326525,1.294525,-2.814049,25,25,27,25,25,26,26,25,27,26,25,27
1791409029.316389,-0.050177,1.248629,-2.777906,0.048209,1.249356,-2.799974,-0.344949,1.283352,-2.785441,0.326556,1.294555,-2.814049,25,25,27,25,25,26,26,25,27,26,25,27
1791409029.336558,-0.050177,1.248599,-2.777890,0.048179,1.249356,-2.799974,-0.344979,1.283352,-2.785441,0.326556,1.294494,-2.814034,25,25,27,25,25,26,26,25,27,26,25,27
1791409029.356460,-0.050177,1.248629,-2.777890,0.048239,1.249386,-2.799974,-0.344979,1.283352,-2.785441,0.326556,1.294555,-2.814049,25,25,27,25,25,26,26,25,27,26,25,27
1791409029.376707,-0.050268,1.248629,-2.777890,0.048209,1.249417,-2.799990,-0.345009,1.283322,-2.785425,0.326556,1.294494,-2.814049,25,25,27,25,25,26,26,25,27,26,25,27
1791409029.396529,-0.050208,1.248660,-2.777906,0.048239,1.249356,-2.799974,-0.344949,1.283322,-2.785441,0.326556,1.294555,-2.814034,25,25,27,25,25,26,26,25,27,26,25,27
1791409029.416409,-0.050177,1.248660,-2.777890,0.048239,1.249356,-2.799959,-0.344949,1.283352,-2.785441,0.326586,1.294525,-2.814065,25,25,27,25,25,26,26,25,27,26,25,27
1791409029.436544,-0.050208,1.248690,-2.777906,0.048209,1.249386,-2.799959,-0.344979,1.283352,-2.785425,0.326525,1.294525,-2.814049,25,25,27,25,25,26,26,25,27,26,25,27
1791409029.456396,-0.050208,1.248629,-2.777906,0.048209,1.249356,-2.799974,-0.344949,1.283352,-2.785425,0.326556,1.294555,-2.814049,25,25,27,25,25,26,26,25,27,26,25,27
1791409029.476427,-0.050208,1.248660,-2.777890,0.048209,1.249356,-2.799974,-0.344949,1.283352,-2.785441,0.326556,1.294555,-2.814034,25,25,27,25,25,26,26,25,27,26,25,27
1791409029.496404,-0.050208,1.248629,-2.777890,0.048270,1.249386,-2.799974,-0.345009,1.283322,-2.785441,0.326556,1.294525,-2.814049,25,25,27,25,25,26,26,25,27,26,25,27
1791409029.516430,-0.050177,1.248629,-2.777890,0.048209,1.249386,-2.799974,-0.344979,1.283322,-2.785441,0.326556,1.294525,-2.814065,25,25,27,25,25,26,26,25,27,26,25,27
1791409029.536418,-0.050208,1.248629,-2.777906,0.048239,1.249326,-2.799959,-0.345009,1.283322,-2.785425,0.326556,1.294555,-2.814034,25,25,27,25,25,26,26,25,27,26,25,27
1791409029.556521,-0.050208,1.248660,-2.777922,0.048239,1.249356,-2.799943,-0.344949,1.283352,-2.785425,0.326525,1.294525,-2.814049,25,25,27,25,25,26,26,25,27,26,25,27
1791409029.576433,-0.050238,1.248660,-2.777890,0.048209,1.249386,-2.799959,-0.344949,1.283322,-2.785425,0.326556,1.294555,-2.814065,25,25,27,25,25,26,26,25,27,26,25,27
1791409029.596391,-0.050177,1.248599,-2.777906,0.048239,1.249386,-2.799974,-0.344979,1.283352,-2.785425,0.326525,1.294555,-2.814049,25,25,27,25,25,26,26,25,27,26,25,27
1791409029.616371,-0.050238,1.248660,-2.777890,0.048239,1.249386,-2.799974,-0.345009,1.283322,-2.785457,0.326556,1.294525,-2.814049,25,25,27,25,25,26,26,25,27,26,25,27
1791409029.636513,-0.050238,1.248660,-2.777890,0.048239,1.249386,-2.799959,-0.344979,1.283322,-2.785425,0.326525,1.294525,-2.814049,25,25,27,25,25,26,26,25,27,26,25,27
1791409029.656418,-0.050238,1.248629,-2.777890,0.048209,1.249386,-2.799943,-0.344979,1.283322,-2.785441,0.326525,1.294525,-2.814049,25,25,27,25,25,26,26,25,27,26,25,27
1791409029.676421,-0.050208,1.248629,-2.777906,0.048209,1.249417,-2.799943,-0.344949,1.283352,-2.785441,0.326586,1.294555,-2.814049,25,25,27,25,25,26,26,25,27,26,25,27
1791409029.696471,-0.050238,1.248660,-2.777890,0.048239,1.249386,-2.799959,-0.344979,1.283322,-2.785425,0.326556,1.294525,-2.814049,25,25,27,25,25,26,26,25,27,26,25,27
1791409029.716424,-0.050208,1.248629,-2.777890,0.048209,1.249417,-2.799974,-0.344949,1.283352,-2.785457,0.326556,1.294555,-2.814034,25,25,27,25,25,26,26,25,27,26,25,27
1791409029.736458,-0.050208,1.248629,-2.777906,0.048209,1.249356,-2.799974,-0.344949,1.283352,-2.785441,0.326525,1.294525,-2.814049,25,25,27,25,25,26,26,25,27,26,25,27
1791409029.756703,-0.050208,1.248660,-2.777874,0.048239,1.249386,-2.799959,-0.344949,1.283322,-2.785441,0.326556,1.294494,-2.814049,25,25,27,25,25,26,26,25,27,26,25,27
1791409029.776424,-0.050208,1.248629,-2.777906,0.048239,1.249386,-2.799990,-0.344918,1.283352,-2.785425,0.326586,1.294525,-2.814065,25,25,27,25,25,26,26,25,27,26,25,27
1791409029.796591,-0.050238,1.248629,-2.777890,0.048239,1.249386,-2.799959,-0.344979,1.283352,-2.785441,0.326556,1.294525,-2.814049,25,25,27,25,25,26,26,25,27,26,25,27
1791409029.816406,-0.050208,1.248660,-2.777890,0.048239,1.249386,-2.799959,-0.344979,1.283352,-2.785441,0.326556,1.294525,-2.814049,25,25,27,25,25,26,26,25,27,26,25,27
1791409029.836526,-0.050208,1.248660,-2.777890,0.048239,1.249356,-2.799959,-0.345009,1.283352,-2.785441,0.326556,1.294525,-2.814049,25,25,27,25,25,26,26,25,27,26,25,27
1791409029.856459,-0.050177,1.248660,-2.777906,0.048209,1.249356,-2.799959,-0.344979,1.283352,-2.785425,0.326525,1.294525,-2.814034,25,25,27,25,25,26,26,25,27,26,25,27
1791409029.876584,-0.050208,1.248629,-2.777890,0.048209,1.249386,-2.799959,-0.344979,1.283322,-2.785441,0.326525,1.294525,-2.814049,25,25,27,25,25,26,26,25,27,26,25,27
1791409029.896531,-0.050208,1.248599,-2.777874,0.048209,1.249356,-2.799974,-0.344949,1.283322,-2.785441,0.326556,1.294525,-2.814049,25,25,27,25,25,26,26,25,27,26,25,27
1791409029.916864,-0.050177,1.248660,-2.777906,0.048209,1.249386,-2.799959,-0.344979,1.283322,-2.785441,0.326525,1.294555,-2.814049,25,25,27,25,25,26,26,25,27,26,25,27
1791409029.936633,-0.050208,1.248660,-2.777890,0.048209,1.249356,-2.799959,-0.344979,1.283352,-2.785425,0.326525,1.294555,-2.814065,25,25,27,25,25,26,26,25,27,26,25,27
1791409029.956799,-0.050208,1.248629,-2.777859,0.048239,1.249386,-2.799974,-0.344949,1.283322,-2.785425,0.326556,1.294525,-2.814065,25,25,27,25,25,26,26,25,27,26,25,27
1791409029.976344,-0.050238,1.248629,-2.777890,0.048239,1.249356,-2.799974,-0.344979,1.283352,-2.785441,0.326556,1.294555,-2.814065,25,25,27,25,25,26,26,25,27,26,25,27
1791409029.996716,-0.050208,1.248629,-2.777906,0.048270,1.249386,-2.799959,-0.345009,1.283322,-2.785457,0.326556,1.294555,-2.814065,25,25,27,25,25,26,26,25,27,26,25,27
1791409030.016428,-0.050208,1.248599,-2.777890,0.048239,1.249386,-2.799974,-0.344918,1.283382,-2.785441,0.326556,1.294525,-2.814034,25,25,27,25,25,26,26,25,27,26,25,27
1791409030.036569,-0.050208,1.248660,-2.777890,0.048209,1.249356,-2.799974,-0.344979,1.283352,-2.785441,0.326556,1.294525,-2.814034,25,25,27,25,25,26,26,25,27,26,25,27
1791409030.056865,-0.050208,1.248629,-2.777890,0.048209,1.249356,-2.799974,-0.345009,1.283352,-2.785441,0.326525,1.294555,-2.814065,25,25,27,25,25,26,26,25,27,26,25,27
1791409030.076420,-0.050208,1.248629,-2.777890,0.048239,1.249417,-2.799974,-0.344949,1.283322,-2.785441,0.326556,1.294555,-2.814049,25,25,27,25,25,26,26,25,27,26,25,27
1791409030.096702,-0.050208,1.248629,-2.777906,0.048209,1.249386,-2.799959,-0.345009,1.283352,-2.785441,0.326556,1.294525,-2.814034,25,25,27,25,25,26,26,25,27,26,25,27
1791409030.116516,-0.050238,1.248599,-2.777890,0.048239,1.249386,-2.799974,-0.344918,1.283352,-2.785441,0.326556,1.294525,-2.814049,25,25,27,25,25,26,26,25,27,26,25,27
1791409030.136714,-0.050177,1.248660,-2.777890,0.048239,1.249386,-2.799974,-0.344949,1.283352,-2.785441,0.326556,1.294525,-2.814049,25,25,27,25,25,26,26,25,27,26,25,27
1791409030.156628,-0.050177,1.248660,-2.777890,0.048209,1.249386,-2.799959,-0.344918,1.283322,-2.785441,0.326556,1.294525,-2.814049,25,25,27,25,25,26,26,25,27,26,25,27
1791409030.176594,-0.050177,1.248629,-2.777890,0.048209,1.249386,-2.799943,-0.344979,1.283352,-2.785441,0.326556,1.294525,-2.814065,25,25,27,25,25,26,26,25,27,26,25,27
1791409030.196519,-0.050177,1.248660,-2.777874,0.048239,1.249386,-2.799959,-0.344979,1.283322,-2.785441,0.326556,1.294555,-2.814065,25,25,27,25,25,26,26,25,27,26,25,27
1791409030.216794,-0.050238,1.248660,-2.777906,0.048239,1.249356,-2.799974,-0.344979,1.283352,-2.785441,0.326586,1.294525,-2.814065,25,25,27,25,25,26,26,25,27,26,25,27
1791409030.236754,-0.050208,1.248660,-2.777906,0.048209,1.249386,-2.799974,-0.344979,1.283352,-2.785441,0.326556,1.294525,-2.814065,25,25,27,25,25,26,26,25,27,26,25,27
1791409030.256650,-0.050177,1.248629,-2.777890,0.048209,1.249386,-2.799974,-0.344949,1.283322,-2.785441,0.326556,1.294555,-2.814049,25,25,27,25,25,26,26,25,27,26,25,27
1791409030.276509,-0.050208,1.248629,-2.777890,0.048209,1.249386,-2.799990,-0.344949,1.283322,-2.785425,0.326556,1.294525,-2.814049,25,25,27,25,25,26,26,25,27,26,25,27
1791409030.296619,-0.050208,1.248660,-2.777890,0.048209,1.249386,-2.799974,-0.344949,1.283352,-2.785441,0.326525,1.294525,-2.814049,25,25,27,25,25,26,26,25,27,26,25,27
1791409030.316349,-0.050238,1.248629,-2.777890,0.048209,1.249386,-2.799959,-0.344979,1.283352,-2.785425,0.326556,1.294525,-2.814065,25,25,27,25,25,26,26,25,27,26,25,27
1791409030.336750,-0.050238,1.248629,-2.777890,0.048209,1.249386,-2.799990,-0.344949,1.283352,-2.785441,0.326556,1.294525,-2.814065,25,25,27,25,25,26,26,25,27,26,25,27
1791409030.356516,-0.050208,1.248629,-2.777890,0.048209,1.249386,-2.799974,-0.344949,1.283322,-2.785441,0.326556,1.294555,-2.814049,25,25,27,25,25,26,26,25,27,26,25,27
1791409030.376462,-0.050177,1.248629,-2.777874,0.048209,1.249386,-2.799974,-0.344979,1.283352,-2.785441,0.326556,1.294555,-2.814049,25,25,27,25,25,26,26,25,27,26,25,27
1791409030.396576,-0.050238,1.248629,-2.777906,0.048239,1.249386,-2.799959,-0.344918,1.283322,-2.785425,0.326556,1.294525,-2.814049,25,25,27,25,25,26,26,25,27,26,25,27
1791409030.416423,-0.050238,1.248629,-2.777890,0.048239,1.249326,-2.799974,-0.344949,1.283352,-2.785425,0.326525,1.294555,-2.814065,25,25,27,25,25,26,26,25,27,26,25,27
1791409030.436603,-0.050208,1.248629,-2.777890,0.048239,1.249386,-2.799959,-0.344979,1.283322,-2.785425,0.326556,1.294555,-2.814049,25,25,27,25,25,26,26,25,27,26,25,27
1791409030.456390,-0.050208,1.248599,-2.777890,0.048239,1.249386,-2.799959,-0.344949,1.283322,-2.785441,0.326556,1.294555,-2.814034,25,25,27,25,25,26,26,25,27,26,25,27
1791409030.476625,-0.050238,1.248599,-2.777890,0.048209,1.249386,-2.799959,-0.344979,1.283352,-2.785441,0.326556,1.294494,-2.814049,25,25,27,25,25,26,26,25,27,26,25,27
1791409030.496734,-0.050177,1.248629,-2.777890,0.048209,1.249356,-2.799974,-0.345009,1.283322,-2.785441,0.326495,1.294525,-2.814049,25,25,27,25,25,26,26,25,27,26,25,27
1791409030.516791,-0.050208,1.248629,-2.777906,0.048239,1.249417,-2.799974,-0.344949,1.283352,-2.785425,0.326525,1.294555,-2.814065,25,25,27,25,25,26,26,25,27,26,25,27
1791409030.536576,-0.050177,1.248660,-2.777906,0.048239,1.249417,-2.799959,-0.344918,1.283352,-2.785425,0.326465,1.294525,-2.814034,25,25,27,25,25,26,26,25,27,26,25,27
1791409030.556667,-0.050147,1.248660,-2.777922,0.048239,1.249507,-2.799974,-0.344888,1.283352,-2.785441,0.326495,1.294555,-2.814018,25,25,27,25,25,26,26,25,27,26,25,27
1791409030.576840,-0.050147,1.248660,-2.777938,0.048209,1.249538,-2.799959,-0.344737,1.283382,-2.785441,0.326404,1.294585,-2.814002,25,25,27,25,25,26,26,25,27,26,25,27
1791409030.596720,-0.050147,1.248690,-2.778017,0.048209,1.249629,-2.799974,-0.344585,1.283473,-2.785441,0.326374,1.294585,-2.814002,25,25,27,25,25,26,26,25,27,26,25,27
1791409030.616631,-0.050117,1.248750,-2.778064,0.048209,1.249750,-2.799974,-0.344404,1.283564,-2.785457,0.326283,1.294555,-2.814002,25,25,27,25,25,26,26,25,27,26,25,27
1791409030.636709,-0.050056,1.248781,-2.778159,0.048179,1.249871,-2.799959,-0.344162,1.283625,-2.785457,0.326253,1.294555,-2.813971,25,25,27,25,25,26,26,25,27,26,25,27
1791409030.656616,-0.050056,1.248872,-2.778285,0.048209,1.250022,-2.799990,-0.343798,1.283685,-2.785473,0.326102,1.294585,-2.813955,25,25,27,25,25,26,26,25,27,26,25,27
1791409030.676720,-0.049935,1.248902,-2.778443,0.048179,1.250143,-2.799959,-0.343465,1.283837,-2.785504,0.325980,1.294555,-2.813971,25,25,27,25,25,26,26,25,27,26,25,27
1791409030.696745,-0.049844,1.248993,-2.778712,0.048209,1.250173,-2.799974,-0.342981,1.284018,-2.785520,0.325890,1.294585,-2.813955,25,25,27,25,25,26,26,25,27,26,25,27
1791409030.716641,-0.049723,1.249084,-2.779122,0.048118,1.250325,-2.799959,-0.342496,1.284200,-2.785552,0.325708,1.294555,-2.813907,25,25,27,25,25,26,26,25,27,26,25,27
1791409030.736870,-0.049602,1.249174,-2.779612,0.048149,1.250476,-2.799959,-0.341951,1.284321,-2.785568,0.325617,1.294555,-2.813860,25,25,27,25,25,26,26,25,27,26,25,27
1791409030.756478,-0.049451,1.249265,-2.779849,0.048118,1.250628,-2.799959,-0.341406,1.284533,-2.785599,0.325496,1.294555,-2.813860,25,25,27,25,25,26,26,25,27,26,25,27
1791409030.776735,-0.049239,1.249386,-2.780054,0.048088,1.250718,-2.799974,-0.340952,1.284775,-2.785631,0.325314,1.294555,-2.813812,25,25,27,25,25,26,26,25,27,26,25,27
1791409030.796749,-0.048996,1.249538,-2.780339,0.048088,1.250870,-2.799959,-0.340468,1.285048,-2.785662,0.325163,1.294585,-2.813749,25,25,27,25,25,26,26,25,27,26,25,27
1791409030.816685,-0.048754,1.249750,-2.780686,0.048028,1.250991,-2.799990,-0.340104,1.285441,-2.785726,0.325012,1.294616,-2.813686,25,25,27,25,25,26,26,25,27,26,25,27
1791409030.836662,-0.048451,1.249962,-2.781081,0.047997,1.251052,-2.799974,-0.339529,1.285835,-2.785805,0.324890,1.294555,-2.813686,25,25,27,25,25,26,26,25,27,26,25,27
1791409030.856731,-0.048179,1.250204,-2.781539,0.047967,1.251142,-2.799974,-0.338893,1.286168,-2.785884,0.324588,1.294585,-2.813639,25,25,27,25,25,26,26,25,27,26,25,27
1791409030.876678,-0.047937,1.250416,-2.781855,0.047937,1.251233,-2.799974,-0.338106,1.286471,-2.785947,0.324315,1.294585,-2.813576,25,25,27,25,25,26,26,25,27,26,25,27
1791409030.896731,-0.047816,1.250658,-2.782029,0.047937,1.251324,-2.799990,-0.337470,1.286804,-2.786073,0.324103,1.294616,-2.813528,25,25,27,25,25,26,26,25,27,26,25,27
1791409030.916700,-0.047694,1.250900,-2.782392,0.047846,1.251445,-2.799990,-0.336865,1.287016,-2.786184,0.323831,1.294616,-2.813465,25,25,27,25,25,26,26,25,27,26,25,27
1791409030.936623,-0.047604,1.251142,-2.783008,0.047785,1.251597,-2.799990,-0.336320,1.287288,-2.786294,0.323588,1.294706,-2.813402,25,25,27,25,25,26,26,25,27,26,25,27
1791409030.956690,-0.047573,1.251294,-2.783988,0.047725,1.251657,-2.799974,-0.335775,1.287561,-2.786421,0.323407,1.294676,-2.813402,25,25,27,25,25,26,26,25,27,26,25,27
1791409030.976567,-0.047452,1.251566,-2.784225,0.047695,1.251718,-2.799990,-0.335109,1.287803,-2.786579,0.323195,1.294676,-2.813339,25,25,27,25,25,26,26,25,27,26,25,27
1791409030.996784,-0.047361,1.251718,-2.784351,0.047695,1.251839,-2.799990,-0.334230,1.288166,-2.786800,0.322983,1.294706,-2.813291,25,25,27,25,25,26,26,25,27,26,25,27
1791409031.016837,-0.047331,1.251990,-2.784477,0.047634,1.251960,-2.799990,-0.333383,1.288620,-2.787384,0.322801,1.294737,-2.813260,25,25,27,25,25,26,26,25,27,26,25,27
1791409031.036651,-0.047210,1.252232,-2.784699,0.047573,1.252081,-2.799974,-0.332656,1.289196,-2.788474,0.322650,1.294706,-2.813228,25,25,27,25,25,26,26,25,27,26,25,27
1791409031.056689,-0.047149,1.252535,-2.784920,0.047483,1.252111,-2.799959,-0.332020,1.289741,-2.788885,0.322468,1.294737,-2.813196,25,25,27,25,25,26,26,25,27,26,25,27
1791409031.076866,-0.047089,1.252959,-2.785267,0.047452,1.252202,-2.799990,-0.331263,1.290165,-2.789232,0.322317,1.294706,-2.813149,25,25,27,25,25,26,26,25,27,26,25,27
1791409031.096667,-0.046968,1.253504,-2.785631,0.047422,1.252263,-2.800022,-0.330415,1.290498,-2.789959,0.322105,1.294737,-2.813102,25,25,27,25,25,26,26,25,27,26,25,27
1791409031.116467,-0.046968,1.250809,-2.781760,0.047392,1.249840,-2.797478,-0.330749,1.288075,-2.786895,0.322105,1.293798,-2.811174,25,25,27,25,25,26,26,25,27,26,25,27
1791409031.136846,-0.047180,1.245965,-2.770639,0.047573,1.244936,-2.790828,-0.330991,1.282838,-2.783388,0.321681,1.290710,-2.805693,25,25,27,25,25,26,26,25,27,26,25,27
1791409031.156699,-0.049390,1.241181,-2.759897,0.049481,1.240000,-2.781081,-0.329386,1.275117,-2.775236,0.320076,1.283019,-2.797163,25,25,27,25,25,26,26,25,27,26,25,27
1791409031.176638,-0.051994,1.233279,-2.750956,0.052448,1.231977,-2.770687,-0.325541,1.262218,-2.762946,0.316201,1.270938,-2.783672,25,25,27,25,25,26,26,25,27,26,25,27
1791409031.196728,-0.052963,1.221531,-2.739898,0.054083,1.219775,-2.758539,-0.320030,1.249381,-2.748887,0.310811,1.256314,-2.767370,25,25,27,25,25,26,26,25,27,26,25,27
1791409031.216469,-0.052781,1.205272,-2.721827,0.053901,1.202729,-2.739978,-0.312612,1.232335,-2.730673,0.303666,1.238390,-2.747386,25,25,27,25,25,26,26,25,27,26,25,27
1791409031.236625,-0.051812,1.186954,-2.696947,0.052993,1.182079,-2.713028,-0.303892,1.213774,-2.710485,0.295612,1.219527,-2.725650,25,25,27,25,25,26,26,25,27,26,25,27
1791409031.256751,-0.050117,1.164518,-2.665937,0.051721,1.159644,-2.682003,-0.294537,1.193640,-2.684246,0.286287,1.198242,-2.699648,25,25,27,25,25,26,26,25,27,26,25,27
1791409031.276627,-0.047240,1.142900,-2.631184,0.049844,1.138601,-2.644959,-0.285090,1.173081,-2.654737,0.275568,1.177684,-2.672540,25,25,27,25,25,26,26,25,27,26,25,27
1791409031.296638,-0.045151,1.119920,-2.591233,0.047150,1.116498,-2.604313,-0.273494,1.152069,-2.626208,0.264396,1.157670,-2.639540,25,25,27,25,25,26,26,25,27,26,25,27
1791409031.316512,-0.042971,1.099331,-2.546844,0.044909,1.096394,-2.559039,-0.261352,1.132509,-2.594393,0.252406,1.138747,-2.606872,25,25,27,25,25,26,26,25,27,26,25,27
1791409031.336584,-0.040882,1.079832,-2.499579,0.042820,1.076895,-2.510242,-0.250210,1.112526,-2.557238,0.241748,1.118976,-2.572530,25,25,27,25,25,26,26,25,27,26,25,27
1791409031.356675,-0.039187,1.057881,-2.450530,0.040731,1.055489,-2.460118,-0.237857,1.093058,-2.520731,0.231000,1.099053,-2.530999,25,25,27,25,25,26,26,25,27,26,25,27
1791409031.376623,-0.037763,1.037413,-2.401654,0.038702,1.035052,-2.413881,-0.225928,1.075800,-2.476674,0.219192,1.081492,-2.486468,25,25,27,25,25,26,26,25,27,26,25,27
1791409031.396606,-0.036219,1.017581,-2.355464,0.037249,1.016219,-2.363520,-0.214029,1.055423,-2.434101,0.208049,1.061751,-2.442505,25,25,27,25,25,26,26,25,27,26,25,27
1791409031.416600,-0.035160,0.998446,-2.309399,0.035977,0.997689,-2.316903,-0.202554,1.037408,-2.386584,0.197695,1.044705,-2.395382,25,25,27,25,25,26,26,25,27,26,25,27
1791409031.436662,-0.034493,0.981551,-2.266021,0.035160,0.980794,-2.272972,-0.192289,1.019817,-2.337155,0.188097,1.025751,-2.345448,25,25,27,25,25,26,26,25,27,26,25,27
1791409031.456644,-0.033918,0.963960,-2.221884,0.034282,0.963930,-2.228456,-0.182268,1.002286,-2.289385,0.178499,1.008311,-2.302054,25,25,27,25,25,26,26,25,27,26,25,27
1791409031.476633,-0.033464,0.946611,-2.176721,0.033192,0.947095,-2.186594,-0.172700,0.986118,-2.242563,0.169627,0.991265,-2.250177,25,25,27,25,25,26,26,25,27,26,25,27
1791409031.496488,-0.032737,0.930685,-2.134464,0.032041,0.931836,-2.139945,-0.164404,0.967346,-2.194034,0.161483,0.974582,-2.201680,25,25,27,25,25,26,26,25,27,26,25,27
1791409031.516702,-0.031799,0.915213,-2.092049,0.031345,0.916636,-2.098178,-0.156229,0.950511,-2.145648,0.153762,0.956143,-2.152852,25,25,27,25,25,26,26,25,27,26,25,27
1791409031.536445,-0.030679,0.900165,-2.052572,0.030830,0.901740,-2.058259,-0.148236,0.934706,-2.097167,0.145890,0.940611,-2.102949,25,25,27,25,25,26,26,25,27,26,25,27
1791409031.556621,-0.030194,0.886692,-2.009668,0.029891,0.888418,-2.016066,-0.140908,0.918296,-2.053536,0.138078,0.924412,-2.059033,25,25,27,25,25,26,26,25,27,26,25,27
1791409031.576560,-0.029922,0.872582,-1.968627,0.029044,0.874823,-1.978453,-0.133945,0.902188,-2.007393,0.131720,0.908304,-2.012717,25,25,27,25,25,26,26,25,27,26,25,27
1791409031.596504,-0.029467,0.858685,-1.929151,0.028347,0.861047,-1.934221,-0.127919,0.886414,-1.962372,0.125997,0.892833,-1.967648,25,25,27,25,25,26,26,25,27,26,25,27
1791409031.616686,-0.028892,0.843728,-1.887589,0.027923,0.846453,-1.892786,-0.122318,0.869549,-1.915423,0.120759,0.875756,-1.920288,25,25,27,25,25,26,26,25,27,26,25,27
1791409031.636707,-0.028287,0.828074,-1.848554,0.027530,0.831042,-1.853831,-0.117050,0.853472,-1.869075,0.115885,0.859527,-1.872898,25,25,27,25,25,26,26,25,27,26,25,27
1791409031.656711,-0.027620,0.814389,-1.806914,0.027015,0.817810,-1.811811,-0.112962,0.837152,-1.824196,0.111161,0.843238,-1.830293,25,25,27,25,25,26,26,25,27,26,25,27
1791409031.676667,-0.026742,0.799886,-1.767500,0.026107,0.803156,-1.772761,-0.108360,0.822801,-1.782523,0.106983,0.828796,-1.785777,25,25,27,25,25,26,26,25,27,26,25,27
1791409031.696567,-0.026500,0.785807,-1.728418,0.025804,0.789773,-1.732763,-0.104939,0.808389,-1.742478,0.103410,0.814505,-1.744642,25,25,27,25,25,26,26,25,27,26,25,27
1791409031.716658,-0.026349,0.771970,-1.688389,0.025562,0.775573,-1.692243,-0.101457,0.793341,-1.703207,0.099595,0.799457,-1.705418,25,25,27,25,25,26,26,25,27,26,25,27
1791409031.736646,-0.025834,0.756680,-1.648896,0.025289,0.760283,-1.652087,-0.098096,0.776658,-1.660918,0.095932,0.782471,-1.661708,25,25,27,25,25,26,26,25,27,26,25,27
1791409031.756629,-0.024926,0.740996,-1.608504,0.024805,0.744478,-1.611521,-0.094705,0.758461,-1.619956,0.092389,0.764335,-1.618708,25,25,27,25,25,26,26,25,27,26,25,27
1791409031.776848,-0.024108,0.723859,-1.564825,0.024381,0.727402,-1.570465,-0.091102,0.742172,-1.575599,0.088817,0.747258,-1.573134,25,25,27,25,25,26,26,25,27,26,25,27
1791409031.796396,-0.022655,0.709962,-1.526833,0.023836,0.713050,-1.529140,-0.087953,0.727154,-1.535064,0.085759,0.731484,-1.531493,25,25,27,25,25,26,26,25,27,26,25,27
1791409031.816645,-0.021928,0.693673,-1.485429,0.023654,0.696942,-1.486535,-0.085168,0.711137,-1.497404,0.082973,0.716254,-1.492870,25,25,27,25,25,26,26,25,27,26,25,27
1791409031.836494,-0.021141,0.679291,-1.448622,0.023684,0.682682,-1.448859,-0.082897,0.696543,-1.459586,0.081187,0.700449,-1.453456,25,25,27,25,25,26,26,25,27,26,25,27
1791409031.856680,-0.019900,0.668875,-1.419082,0.023261,0.671964,-1.417897,-0.080898,0.686340,-1.429761,0.079279,0.690185,-1.422068,25,25,27,25,25,26,26,25,27,26,25,27
1791409031.876809,-0.019324,0.662699,-1.395845,0.023018,0.665363,-1.394028,-0.079718,0.679860,-1.406255,0.078159,0.683221,-1.398214,25,25,27,25,25,26,26,25,27,26,25,27
1791409031.896657,-0.019294,0.660034,-1.381596,0.023170,0.662729,-1.379542,-0.079233,0.676469,-1.390458,0.077553,0.680436,-1.382101,25,25,27,25,25,26,26,25,27,26,25,27
1791409031.916440,-0.019415,0.659913,-1.373492,0.023412,0.662638,-1.371486,-0.078991,0.674744,-1.381043,0.077220,0.678801,-1.372339,25,25,27,25,25,26,26,25,27,26,25,27
1791409031.936553,-0.019506,0.661033,-1.370617,0.023624,0.663970,-1.368627,-0.078779,0.673896,-1.374187,0.076796,0.677771,-1.365720,25,25,27,25,25,26,26,25,27,26,25,27
1791409031.956524,-0.019597,0.662971,-1.369843,0.023775,0.665636,-1.367426,-0.078688,0.673714,-1.369938,0.076403,0.677014,-1.361076,25,25,27,25,25,26,26,25,27,26,25,27
1791409031.976940,-0.019567,0.664848,-1.369811,0.023896,0.666604,-1.367221,-0.078628,0.673775,-1.366384,0.076221,0.677045,-1.357821,25,25,27,25,25,26,26,25,27,26,25,27
1791409031.996500,-0.019597,0.665908,-1.369827,0.023987,0.667664,-1.367205,-0.078628,0.673956,-1.364140,0.075797,0.677287,-1.355120,25,25,27,25,25,26,26,25,27,26,25,27
1791409032.016502,-0.019567,0.666847,-1.369811,0.023987,0.668784,-1.367189,-0.078567,0.674077,-1.362024,0.075616,0.677620,-1.352940,25,25,27,25,25,26,26,25,27,26,25,27
1791409032.036638,-0.019597,0.667543,-1.369811,0.023957,0.669451,-1.367173,-0.078537,0.674108,-1.360649,0.075555,0.677771,-1.351376,25,25,27,25,25,26,26,25,27,26,25,27
1791409032.056553,-0.019627,0.667937,-1.369796,0.023957,0.669632,-1.367142,-0.078325,0.674138,-1.360080,0.075555,0.677680,-1.350902,25,25,27,25,25,26,26,25,27,26,25,27
1791409032.076646,-0.019688,0.668209,-1.369796,0.023927,0.669602,-1.367142,-0.078264,0.674077,-1.359907,0.075616,0.677559,-1.350839,25,25,27,25,25,26,26,25,27,26,25,27
1791409032.096632,-0.019627,0.668330,-1.369780,0.023896,0.669541,-1.367142,-0.078264,0.673805,-1.359875,0.075646,0.676984,-1.350839,25,25,27,25,25,26,26,25,27,26,25,27
1791409032.116428,-0.019597,0.667815,-1.369780,0.023896,0.669541,-1.367157,-0.078325,0.673199,-1.359875,0.075585,0.676197,-1.350839,25,25,27,25,25,26,26,25,27,26,25,27
1791409032.136643,-0.019567,0.666544,-1.369780,0.023896,0.669269,-1.367142,-0.078446,0.672261,-1.359859,0.075585,0.675773,-1.350855,25,25,27,25,25,26,26,25,27,26,25,27
1791409032.156614,-0.019567,0.664667,-1.369780,0.023836,0.667876,-1.367126,-0.078476,0.671050,-1.359891,0.075616,0.675440,-1.350871,25,25,27,25,25,26,26,25,27,26,25,27
1791409032.176702,-0.019506,0.662517,-1.369780,0.023715,0.665696,-1.367126,-0.078476,0.669415,-1.359875,0.075737,0.674471,-1.350887,25,25,27,25,25,26,26,25,27,26,25,27
1791409032.196777,-0.019476,0.660398,-1.369780,0.023684,0.663395,-1.367126,-0.078506,0.667598,-1.359891,0.075858,0.672412,-1.350934,25,25,27,25,25,26,26,25,27,26,25,27
1791409032.216712,-0.019446,0.658308,-1.369780,0.023654,0.661366,-1.367110,-0.078567,0.665903,-1.359875,0.075858,0.670172,-1.350966,25,25,27,25,25,26,26,25,27,26,25,27
1791409032.236579,-0.019355,0.656371,-1.369748,0.023654,0.659580,-1.367110,-0.078567,0.664146,-1.359891,0.075888,0.668173,-1.350966,25,25,27,25,25,26,26,25,27,26,25,27
1791409032.256595,-0.019324,0.654584,-1.369764,0.023654,0.657915,-1.367126,-0.078718,0.662784,-1.359907,0.075858,0.666781,-1.350966,25,25,27,25,25,26,26,25,27,26,25,27
1791409032.276720,-0.019294,0.653282,-1.369764,0.023654,0.656976,-1.367110,-0.078749,0.661694,-1.359875,0.075827,0.665812,-1.350997,25,25,27,25,25,26,26,25,27,26,25,27
1791409032.296646,-0.019294,0.652556,-1.369748,0.023624,0.656310,-1.367126,-0.078749,0.660755,-1.359907,0.075767,0.664964,-1.350997,25,25,27,25,25,26,26,25,27,26,25,27
1791409032.316662,-0.019294,0.652132,-1.369764,0.023624,0.655916,-1.367110,-0.078749,0.660331,-1.359891,0.075737,0.664510,-1.350997,25,25,27,25,25,26,26,25,27,26,25,27
1791409032.336534,-0.019294,0.652102,-1.369764,0.023654,0.655886,-1.367094,-0.078688,0.660241,-1.359891,0.075706,0.664389,-1.350997,25,25,27,25,25,26,26,25,27,26,25,27
1791409032.356613,-0.019264,0.652192,-1.369748,0.023654,0.656007,-1.367110,-0.078688,0.660392,-1.359923,0.075706,0.664358,-1.350997,25,25,27,25,25,26,26,25,27,26,25,27
1791409032.376438,-0.019324,0.652434,-1.369764,0.023654,0.656219,-1.367094,-0.078597,0.660543,-1.359891,0.075706,0.664510,-1.350966,25,25,27,25,25,26,26,25,27,26,25,27
1791409032.396586,-0.019385,0.652798,-1.369764,0.023684,0.656583,-1.367110,-0.078537,0.660755,-1.359859,0.075646,0.664782,-1.350950,25,25,27,25,25,26,26,25,27,26,25,27
1791409032.416394,-0.019355,0.653161,-1.369748,0.023654,0.656976,-1.367110,-0.078537,0.661058,-1.359891,0.075616,0.665146,-1.350950,25,25,27,25,25,26,26,25,27,26,25,27
1791409032.436579,-0.019355,0.653464,-1.369748,0.023715,0.657279,-1.367142,-0.078567,0.661331,-1.359891,0.075555,0.665479,-1.350918,25,25,27,25,25,26,26,25,27,26,25,27
1791409032.456440,-0.019385,0.653676,-1.369764,0.023715,0.657582,-1.367110,-0.078537,0.661512,-1.359875,0.075555,0.665781,-1.350934,25,25,27,25,25,26,26,25,27,26,25,27
1791409032.476627,-0.019385,0.653827,-1.369748,0.023715,0.657673,-1.367110,-0.078506,0.661664,-1.359891,0.075555,0.665933,-1.350934,25,25,27,25,25,26,26,25,27,26,25,27
1791409032.496938,-0.019324,0.653888,-1.369748,0.023715,0.657703,-1.367094,-0.078506,0.661754,-1.359875,0.075555,0.665993,-1.350950,25,25,27,25,25,26,26,25,27,26,25,27
1791409032.516505,-0.019324,0.653858,-1.369748,0.023684,0.657703,-1.367110,-0.078537,0.661724,-1.359875,0.075555,0.665963,-1.350950,25,25,27,25,25,26,26,25,27,26,25,27
1791409032.536562,-0.019355,0.653797,-1.369748,0.023684,0.657612,-1.367110,-0.078537,0.661724,-1.359875,0.075616,0.665903,-1.350966,25,25,27,25,25,26,26,25,27,26,25,27
1791409032.556612,-0.019355,0.653736,-1.369748,0.023654,0.657521,-1.367110,-0.078567,0.661694,-1.359891,0.075616,0.665872,-1.350950,25,25,27,25,25,26,26,25,27,26,25,27
1791409032.576563,-0.019385,0.653615,-1.369748,0.023624,0.657461,-1.367126,-0.078537,0.661603,-1.359875,0.075616,0.665781,-1.350950,25,25,27,25,25,26,26,25,27,26,25,27
1791409032.596513,-0.019324,0.653555,-1.369748,0.023654,0.657430,-1.367126,-0.078567,0.661633,-1.359891,0.075585,0.665721,-1.350981,25,25,27,25,25,26,26,25,27,26,25,27
1791409032.616624,-0.019324,0.653525,-1.369748,0.023684,0.657400,-1.367126,-0.078567,0.661603,-1.359875,0.075555,0.665781,-1.350966,25,25,27,25,25,26,26,25,27,26,25,27
1791409032.636602,-0.019324,0.653525,-1.369748,0.023684,0.657400,-1.367079,-0.078597,0.661603,-1.359875,0.075525,0.665781,-1.350950,25,25,27,25,25,26,26,25,27,26,25,27
1791409032.656461,-0.019294,0.653615,-1.369748,0.023715,0.657491,-1.367110,-0.078537,0.661603,-1.359891,0.075555,0.665781,-1.350950,25,25,27,25,25,26,26,25,27,26,25,27
1791409032.676687,-0.019324,0.653615,-1.369732,0.023684,0.657491,-1.367110,-0.078506,0.661633,-1.359891,0.075585,0.665842,-1.350934,25,25,27,25,25,26,26,25,27,26,25,27
1791409032.696623,-0.019324,0.653676,-1.369764,0.023654,0.657551,-1.367110,-0.078476,0.661633,-1.359891,0.075555,0.665872,-1.350950,25,25,27,25,25,26,26,25,27,26,25,27
1791409032.716566,-0.019294,0.653676,-1.369748,0.023684,0.657582,-1.367110,-0.078476,0.661664,-1.359891,0.075555,0.665872,-1.350950,25,25,27,25,25,26,26,25,27,26,25,27
1791409032.736692,-0.019294,0.653706,-1.369748,0.023654,0.657551,-1.367079,-0.078537,0.661694,-1.359891,0.075585,0.665842,-1.350966,25,25,27,25,25,26,26,25,27,26,25,27
1791409032.756672,-0.019324,0.653676,-1.369732,0.023654,0.657521,-1.367094,-0.078506,0.661664,-1.359875,0.075555,0.665812,-1.350950,25,25,27,25,25,26,26,25,27,26,25,27
1791409032.776737,-0.019324,0.653646,-1.369732,0.023654,0.657521,-1.367094,-0.078537,0.661633,-1.359891,0.075555,0.665842,-1.350950,25,25,27,25,25,26,26,25,27,26,25,27
1791409032.796525,-0.019294,0.653646,-1.369732,0.023624,0.657430,-1.367110,-0.078506,0.661664,-1.359891,0.075585,0.665812,-1.350966,25,25,27,25,25,26,26,25,27,26,25,27
1791409032.816506,-0.019324,0.653615,-1.369748,0.023654,0.657461,-1.367094,-0.078506,0.661664,-1.359907,0.075585,0.665781,-1.350966,25,25,27,25,25,26,26,25,27,26,25,27
1791409032.836511,-0.019294,0.653646,-1.369732,0.023654,0.657461,-1.367110,-0.078506,0.661633,-1.359875,0.075585,0.665781,-1.350966,25,25,27,25,25,26,26,25,27,26,25,27
1791409032.856636,-0.019264,0.653615,-1.369732,0.023654,0.657491,-1.367110,-0.078476,0.661633,-1.359875,0.075585,0.665781,-1.350966,25,25,27,25,25,26,26,25,27,26,25,27
1791409032.876600,-0.019294,0.653676,-1.369748,0.023715,0.657461,-1.367079,-0.078506,0.661633,-1.359875,0.075525,0.665842,-1.350950,25,25,27,25,25,26,26,25,27,26,25,27
1791409032.896405,-0.019294,0.653646,-1.369732,0.023684,0.657582,-1.367110,-0.078537,0.661603,-1.359891,0.075525,0.665842,-1.350950,25,25,27,25,25,26,26,25,27,26,25,27
1791409032.916640,-0.019294,0.653706,-1.369748,0.023684,0.657582,-1.367110,-0.078476,0.661664,-1.359891,0.075555,0.665842,-1.350950,25,25,27,25,25,26,26,25,27,26,25,27
1791409032.936479,-0.019264,0.653676,-1.369732,0.023684,0.657582,-1.367094,-0.078476,0.661664,-1.359907,0.075525,0.665842,-1.350950,25,25,27,25,25,26,26,25,27,26,25,27
1791409032.956920,-0.019294,0.653676,-1.369717,0.023654,0.657582,-1.367094,-0.078506,0.661664,-1.359891,0.075555,0.665812,-1.350950,25,25,27,25,25,26,26,25,27,26,25,27
1791409032.976539,-0.019264,0.653646,-1.369732,0.023654,0.657521,-1.367094,-0.078506,0.661664,-1.359875,0.075525,0.665781,-1.350981,25,25,27,25,25,26,26,25,27,26,25,27
1791409032.996675,-0.019324,0.653676,-1.369717,0.023654,0.657491,-1.367094,-0.078476,0.661633,-1.359891,0.075555,0.665812,-1.350950,25,25,27,25,25,26,26,25,27,26,25,27
1791409033.016675,-0.019324,0.653646,-1.369717,0.023684,0.657491,-1.367094,-0.078537,0.661633,-1.359875,0.075525,0.665812,-1.350950,25,25,27,25,25,26,26,25,27,26,25,27
1791409033.036554,-0.019294,0.653615,-1.369717,0.023654,0.657491,-1.367110,-0.078537,0.661603,-1.359891,0.075555,0.665781,-1.350950,25,25,27,25,25,26,26,25,27,26,25,27
1791409033.056504,-0.019294,0.653646,-1.369732,0.023654,0.657521,-1.367110,-0.078537,0.661603,-1.359891,0.075555,0.665781,-1.350950,25,25,27,25,25,26,26,25,27,26,25,27
1791409033.076622,-0.019264,0.653676,-1.369732,0.023654,0.657521,-1.367110,-0.078506,0.661633,-1.359875,0.075555,0.665812,-1.350950,25,25,27,25,25,26,26,25,27,26,25,27
1791409033.096638,-0.019294,0.653676,-1.369732,0.023684,0.657521,-1.367079,-0.078476,0.661664,-1.359875,0.075525,0.665812,-1.350966,25,25,27,25,25,26,26,25,27,26,25,27
1791409033.116601,-0.019264,0.653736,-1.369717,0.023654,0.657551,-1.367079,-0.078506,0.661694,-1.359891,0.075494,0.665842,-1.350934,25,25,27,25,25,26,26,25,27,26,25,27
1791409033.136505,-0.019324,0.653736,-1.369732,0.023624,0.657582,-1.367110,-0.078506,0.661633,-1.359875,0.075464,0.665842,-1.350918,25,25,27,25,25,26,26,25,27,26,25,27
1791409033.156693,-0.019264,0.653736,-1.369717,0.023684,0.657582,-1.367079,-0.078476,0.661664,-1.359891,0.075464,0.665842,-1.350950,25,25,27,25,25,26,26,25,27,26,25,27
1791409033.176561,-0.019264,0.653676,-1.369717,0.023654,0.657582,-1.367079,-0.078506,0.661633,-1.359859,0.075525,0.665812,-1.350950,25,25,27,25,25,26,26,25,27,26,25,27
1791409033.196706,-0.019264,0.653706,-1.369717,0.023654,0.657521,-1.367110,-0.078506,0.661664,-1.359891,0.075494,0.665812,-1.350950,25,25,27,25,25,26,26,25,27,26,25,27
1791409033.216585,-0.019294,0.653646,-1.369701,0.023654,0.657461,-1.367094,-0.078476,0.661603,-1.359875,0.075464,0.665781,-1.350950,25,25,27,25,25,26,26,25,27,26,25,27
1791409033.236467,-0.019324,0.653615,-1.369701,0.023624,0.657491,-1.367079,-0.078476,0.661633,-1.359891,0.075525,0.665781,-1.350950,25,25,27,25,25,26,26,25,27,26,25,27
1791409033.256771,-0.019324,0.653615,-1.369717,0.023624,0.657491,-1.367094,-0.078506,0.661633,-1.359891,0.075494,0.665781,-1.350966,25,25,27,25,25,26,26,25,27,26,25,27
1791409033.277338,-0.019294,0.653646,-1.369732,0.023624,0.657491,-1.367110,-0.078506,0.661603,-1.359891,0.075525,0.665781,-1.350950,25,25,27,25,25,26,26,25,27,26,25,27
1791409033.296544,-0.019355,0.653676,-1.369732,0.023654,0.657521,-1.367079,-0.078476,0.661633,-1.359875,0.075464,0.665812,-1.350966,25,25,27,25,25,26,26,25,27,26,25,27
1791409033.316617,-0.019294,0.653646,-1.369732,0.023654,0.657582,-1.367094,-0.078446,0.661633,-1.359875,0.075434,0.665781,-1.350950,25,25,27,25,25,26,26,25,27,26,25,27
1791409033.336577,-0.019264,0.653736,-1.369717,0.023654,0.657582,-1.367079,-0.078446,0.661633,-1.359875,0.075464,0.665812,-1.350934,25,25,27,25,25,26,26,25,27,26,25,27
1791409033.356322,-0.019264,0.653706,-1.369717,0.023684,0.657582,-1.367110,-0.078446,0.661694,-1.359875,0.075434,0.665842,-1.350934,25,25,27,25,25,26,26,25,27,26,25,27
1791409033.376694,-0.019264,0.653736,-1.369717,0.023654,0.657551,-1.367110,-0.078446,0.661694,-1.359891,0.075464,0.665812,-1.350934,25,25,27,25,25,26,26,25,27,26,25,27
1791409033.396681,-0.019294,0.653706,-1.369717,0.023654,0.657582,-1.367094,-0.078506,0.661664,-1.359891,0.075464,0.665812,-1.350934,25,25,27,25,25,26,26,25,27,26,25,27
1791409033.416767,-0.019264,0.653676,-1.369717,0.023654,0.657551,-1.367094,-0.078416,0.661633,-1.359875,0.075464,0.665781,-1.350966,25,25,27,25,25,26,26,25,27,26,25,27
1791409033.436645,-0.019294,0.653676,-1.369701,0.023654,0.657491,-1.367079,-0.078506,0.661603,-1.359875,0.075464,0.665812,-1.350966,25,25,27,25,25,26,26,25,27,26,25,27
1791409033.456573,-0.019294,0.653646,-1.369732,0.023624,0.657491,-1.367094,-0.078446,0.661633,-1.359891,0.075434,0.665781,-1.350966,25,25,27,25,25,26,26,25,27,26,25,27
1791409033.476612,-0.019294,0.653615,-1.369717,0.023654,0.657461,-1.367094,-0.078446,0.661603,-1.359859,0.075464,0.665751,-1.350950,25,25,27,25,25,26,26,25,27,26,25,27
1791409033.496479,-0.019294,0.653646,-1.369748,0.023654,0.657461,-1.367094,-0.078476,0.661633,-1.359891,0.075434,0.665781,-1.350950,25,25,27,25,25,26,26,25,27,26,25,27
1791409033.516531,-0.019264,0.653615,-1.369717,0.023624,0.657461,-1.367110,-0.078416,0.661633,-1.359875,0.075464,0.665781,-1.350950,25,25,27,25,25,26,26,25,27,26,25,27
1791409033.536945,-0.019294,0.653615,-1.369717,0.023654,0.657582,-1.367110,-0.078446,0.661633,-1.359891,0.075434,0.665781,-1.350950,25,25,27,25,25,26,26,25,27,26,25,27
1791409033.556489,-0.019294,0.653736,-1.369717,0.023684,0.657551,-1.367094,-0.078416,0.661694,-1.359875,0.075434,0.665842,-1.350950,25,25,27,25,25,26,26,25,27,26,25,27
1791409033.576776,-0.019264,0.653706,-1.369717,0.023654,0.657582,-1.367094,-0.078385,0.661664,-1.359875,0.075434,0.665812,-1.350950,25,25,27,25,25,26,26,25,27,26,25,27
1791409033.596727,-0.019264,0.653736,-1.369717,0.023654,0.657582,-1.367094,-0.078446,0.661633,-1.359891,0.075373,0.665842,-1.350966,25,25,27,25,25,26,26,25,27,26,25,27
1791409033.616507,-0.019264,0.653706,-1.369717,0.023684,0.657582,-1.367079,-0.078416,0.661633,-1.359875,0.075373,0.665842,-1.350934,25,25,27,25,25,26,26,25,27,26,25,27
1791409033.636537,-0.019264,0.653646,-1.369717,0.023654,0.657551,-1.367094,-0.078446,0.661664,-1.359875,0.075434,0.665812,-1.350934,25,25,27,25,25,26,26,25,27,26,25,27
1791409033.656535,-0.019294,0.653676,-1.369717,0.023624,0.657521,-1.367094,-0.078416,0.661603,-1.359875,0.075404,0.665812,-1.350966,25,25,27,25,25,26,26,25,27,26,25,27
1791409033.676617,-0.019264,0.653615,-1.369717,0.023624,0.657491,-1.367110,-0.078476,0.661633,-1.359891,0.075404,0.665781,-1.350966,25,25,27,25,25,26,26,25,27,26,25,27
1791409033.696509,-0.019264,0.653646,-1.369717,0.023654,0.657461,-1.367110,-0.078446,0.661603,-1.359891,0.075434,0.665751,-1.350966,25,25,27,25,25,26,26,25,27,26,25,27
1791409033.716546,-0.019294,0.653615,-1.369717,0.023624,0.657461,-1.367094,-0.078476,0.661664,-1.359891,0.075404,0.665751,-1.350950,25,25,27,25,25,26,26,25,27,26,25,27
1791409033.736544,-0.019294,0.653615,-1.369732,0.023654,0.657491,-1.367079,-0.078446,0.661633,-1.359891,0.075434,0.665812,-1.350950,25,25,27,25,25,26,26,25,27,26,25,27
1791409033.756445,-0.019294,0.653676,-1.369701,0.023654,0.657491,-1.367094,-0.078416,0.661633,-1.359891,0.075434,0.665781,-1.350950,25,25,27,25,25,26,26,25,27,26,25,27
1791409033.776493,-0.019234,0.653676,-1.369717,0.023624,0.657582,-1.367110,-0.078416,0.661664,-1.359875,0.075404,0.665812,-1.350966,25,25,27,25,25,26,26,25,27,26,25,27
1791409033.796605,-0.019294,0.653706,-1.369717,0.023654,0.657582,-1.367079,-0.078446,0.661694,-1.359891,0.075373,0.665842,-1.350934,25,25,27,25,25,26,26,25,27,26,25,27
1791409033.816430,-0.019264,0.653736,-1.369717,0.023684,0.657582,-1.367063,-0.078385,0.661694,-1.359891,0.075373,0.665812,-1.350934,25,25,27,25,25,26,26,25,27,26,25,27
1791409033.836725,-0.019264,0.653736,-1.369701,0.023684,0.657551,-1.367094,-0.078385,0.661664,-1.359891,0.075373,0.665842,-1.350950,25,25,27,25,25,26,26,25,27,26,25,27
1791409033.856743,-0.019264,0.653706,-1.369732,0.023624,0.657551,-1.367094,-0.078476,0.661633,-1.359875,0.075373,0.665812,-1.350950,25,25,27,25,25,26,26,25,27,26,25,27
1791409033.876397,-0.019264,0.653676,-1.369732,0.023624,0.657521,-1.367079,-0.078416,0.661603,-1.359875,0.075373,0.665781,-1.350934,25,25,27,25,25,26,26,25,27,26,25,27
1791409033.896536,-0.019294,0.653615,-1.369717,0.023624,0.657521,-1.367079,-0.078446,0.661603,-1.359891,0.075404,0.665751,-1.350934,25,25,27,25,25,26,26,25,27,26,25,27
1791409033.916544,-0.019264,0.653646,-1.369717,0.023624,0.657491,-1.367079,-0.078416,0.661603,-1.359891,0.075434,0.665781,-1.350950,25,25,27,25,25,26,26,25,27,26,25,27
1791409033.936564,-0.019264,0.653615,-1.369717,0.023624,0.657491,-1.367094,-0.078385,0.661603,-1.359875,0.075434,0.665721,-1.350950,25,25,27,25,25,26,26,25,27,26,25,27
1791409033.956604,-0.019294,0.653615,-1.369717,0.023624,0.657521,-1.367110,-0.078416,0.661633,-1.359891,0.075464,0.665751,-1.350966,25,25,27,25,25,26,26,25,27,26,25,27
1791409033.976415,-0.019264,0.653676,-1.369717,0.023624,0.657551,-1.367079,-0.078416,0.661633,-1.359891,0.075373,0.665751,-1.350934,25,25,27,25,25,26,26,25,27,26,25,27
1791409033.996510,-0.019264,0.653676,-1.369732,0.023654,0.657521,-1.367094,-0.078476,0.661603,-1.359891,0.075404,0.665781,-1.350902,25,25,27,25,25,26,26,25,27,26,25,27
1791409034.016427,-0.019264,0.653706,-1.369717,0.023624,0.657582,-1.367079,-0.078416,0.661633,-1.359875,0.075373,0.665812,-1.350934,25,25,27,25,25,26,26,25,27,26,25,27
1791409034.036504,-0.019264,0.653736,-1.369717,0.023654,0.657582,-1.367110,-0.078416,0.661694,-1.359891,0.075373,0.665842,-1.350934,25,25,27,25,25,26,26,25,27,26,25,27
1791409034.056571,-0.019264,0.653736,-1.369717,0.023654,0.657582,-1.367094,-0.078385,0.661694,-1.359891,0.075373,0.665812,-1.350950,25,25,27,25,25,26,26,25,27,26,25,27
1791409034.076552,-0.019264,0.653706,-1.369717,0.023654,0.657521,-1.367110,-0.078385,0.661633,-1.359891,0.075373,0.665812,-1.350918,25,25,27,25,25,26,26,25,27,26,25,27
1791409034.096715,-0.019234,0.653676,-1.369717,0.023624,0.657582,-1.367079,-0.078446,0.661633,-1.359875,0.075373,0.665781,-1.350950,25,25,27,25,25,26,26,25,27,26,25,27
1791409034.116612,-0.019294,0.653676,-1.369717,0.023624,0.657521,-1.367094,-0.078416,0.661603,-1.359891,0.075404,0.665781,-1.350950,25,25,27,25,25,26,26,25,27,26,25,27
1791409034.136585,-0.019234,0.653646,-1.369732,0.023624,0.657461,-1.367094,-0.078446,0.661573,-1.359891,0.075373,0.665751,-1.350950,25,25,27,25,25,26,26,25,27,26,25,27
1791409034.156696,-0.019234,0.653615,-1.369717,0.023624,0.657491,-1.367094,-0.078385,0.661633,-1.359891,0.075373,0.665781,-1.350950,25,25,27,25,25,26,26,25,27,26,25,27
1791409034.176624,-0.019264,0.653676,-1.369701,0.023624,0.657521,-1.367094,-0.078385,0.661603,-1.359891,0.075373,0.665751,-1.350950,25,25,27,25,25,26,26,25,27,26,25,27
1791409034.196558,-0.019294,0.653646,-1.369717,0.023624,0.657461,-1.367079,-0.078416,0.661603,-1.359875,0.075434,0.665721,-1.350950,25,25,27,25,25,26,26,25,27,26,25,27
1791409034.216475,-0.019264,0.653706,-1.369701,0.023654,0.657551,-1.367094,-0.078385,0.661633,-1.359891,0.075373,0.665781,-1.350950,25,25,27,25,25,26,26,25,27,26,25,27
1791409034.236506,-0.019264,0.653706,-1.369701,0.023654,0.657582,-1.367110,-0.078416,0.661694,-1.359859,0.075404,0.665781,-1.350934,25,25,27,25,25,26,26,25,27,26,25,27
1791409034.256649,-0.019234,0.653736,-1.369717,0.023654,0.657551,-1.367110,-0.078385,0.661694,-1.359891,0.075373,0.665781,-1.350934,25,25,27,25,25,26,26,25,27,26,25,27
1791409034.276459,-0.019234,0.653736,-1.369701,0.023654,0.657582,-1.367079,-0.078416,0.661694,-1.359859,0.075313,0.665812,-1.350934,25,25,27,25,25,26,26,25,27,26,25,27
1791409034.296585,-0.019264,0.653736,-1.369701,0.023654,0.657551,-1.367094,-0.078416,0.661633,-1.359875,0.075343,0.665842,-1.350934,25,25,27,25,25,26,26,25,27,26,25,27
1791409034.316654,-0.019264,0.653736,-1.369717,0.023624,0.657551,-1.367094,-0.078416,0.661633,-1.359891,0.075343,0.665842,-1.350918,25,25,27,25,25,26,26,25,27,26,25,27
1791409034.336824,-0.019294,0.653706,-1.369717,0.023654,0.657582,-1.367079,-0.078416,0.661603,-1.359875,0.075373,0.665781,-1.350950,25,25,27,25,25,26,26,25,27,26,25,27
1791409034.356541,-0.019234,0.653676,-1.369717,0.023654,0.657491,-1.367094,-0.078355,0.661603,-1.359891,0.075343,0.665781,-1.350950,25,25,27,25,25,26,26,25,27,26,25,27
1791409034.376599,-0.019264,0.653646,-1.369717,0.023654,0.657491,-1.367094,-0.078416,0.661573,-1.359891,0.075373,0.665721,-1.350966,25,25,27,25,25,26,26,25,27,26,25,27
1791409034.396364,-0.019294,0.653646,-1.369717,0.023594,0.657430,-1.367094,-0.078446,0.661603,-1.359891,0.075373,0.665721,-1.350966,25,25,27,25,25,26,26,25,27,26,25,27
1791409034.416443,-0.019294,0.653646,-1.369701,0.023624,0.657461,-1.367110,-0.078385,0.661633,-1.359875,0.075313,0.665751,-1.350950,25,25,27,25,25,26,26,25,27,26,25,27
1791409034.436435,-0.019264,0.653676,-1.369717,0.023624,0.657521,-1.367094,-0.078385,0.661603,-1.359891,0.075373,0.665781,-1.350950,25,25,27,25,25,26,26,25,27,26,25,27
1791409034.456475,-0.019264,0.653706,-1.369701,0.023654,0.657521,-1.367079,-0.078446,0.661664,-1.359891,0.075313,0.665812,-1.350918,25,25,27,25,25,26,26,25,27,26,25,27
1791409034.476513,-0.019264,0.653736,-1.369701,0.023624,0.657582,-1.367110,-0.078385,0.661664,-1.359891,0.075343,0.665812,-1.350950,25,25,27,25,25,26,26,25,27,26,25,27
1791409034.496488,-0.019203,0.653736,-1.369717,0.023654,0.657582,-1.367079,-0.078416,0.661694,-1.359875,0.075373,0.665781,-1.350950,25,25,27,25,25,26,26,25,27,26,25,27
1791409034.516660,-0.019234,0.653736,-1.369701,0.023624,0.657582,-1.367079,-0.078416,0.661633,-1.359875,0.075313,0.665842,-1.350934,25,25,27,25,25,26,26,25,27,26,25,27
1791409034.536499,-0.019203,0.653736,-1.369717,0.023654,0.657582,-1.367094,-0.078385,0.661633,-1.359891,0.075343,0.665842,-1.350950,25,25,27,25,25,26,26,25,27,26,25,27
1791409034.556429,-0.019234,0.653706,-1.369701,0.023624,0.657551,-1.367079,-0.078355,0.661633,-1.359875,0.075343,0.665812,-1.350950,25,25,27,25,25,26,26,25,27,26,25,27
1791409034.576717,-0.019264,0.653646,-1.369717,0.023624,0.657551,-1.367110,-0.078385,0.661603,-1.359891,0.075373,0.665781,-1.350950,25,25,27,25,25,26,26,25,27,26,25,27
1791409034.596548,-0.019264,0.653615,-1.369701,0.023594,0.657521,-1.367079,-0.078416,0.661603,-1.359891,0.075373,0.665781,-1.350950,25,25,27,25,25,26,26,25,27,26,25,27
1791409034.616526,-0.019264,0.653646,-1.369701,0.023624,0.657461,-1.367079,-0.078385,0.661603,-1.359907,0.075373,0.665751,-1.350950,25,25,27,25,25,26,26,25,27,26,25,27
1791409034.636731,-0.019234,0.653646,-1.369701,0.023624,0.657491,-1.367079,-0.078416,0.661633,-1.359875,0.075373,0.665751,-1.350950,25,25,27,25,25,26,26,25,27,26,25,27
1791409034.656423,-0.019234,0.653646,-1.369685,0.023594,0.657521,-1.367063,-0.078416,0.661633,-1.359875,0.075373,0.665751,-1.350950,25,25,27,25,25,26,26,25,27,26,25,27
1791409034.676490,-0.019264,0.653706,-1.369701,0.023624,0.657551,-1.367079,-0.078355,0.661603,-1.359891,0.075343,0.665781,-1.350950,25,25,27,25,25,26,26,25,27,26,25,27
1791409034.696316,-0.019234,0.653706,-1.369717,0.023594,0.657582,-1.367079,-0.078385,0.661694,-1.359907,0.075343,0.665812,-1.350934,25,25,27,25,25,26,26,25,27,26,25,27
1791409034.716520,-0.019234,0.653706,-1.369717,0.023654,0.657582,-1.367079,-0.078355,0.661694,-1.359875,0.075313,0.665812,-1.350934,25,25,27,25,25,26,26,25,27,26,25,27
1791409034.736681,-0.019234,0.653736,-1.369717,0.023624,0.657582,-1.367079,-0.078416,0.661694,-1.359875,0.075313,0.665812,-1.350950,25,25,27,25,25,26,26,25,27,26,25,27
1791409034.756689,-0.019234,0.653736,-1.369701,0.023624,0.657551,-1.367079,-0.078355,0.661664,-1.359875,0.075373,0.665812,-1.350950,25,25,27,25,25,26,26,25,27,26,25,27
1791409034.776465,-0.019234,0.653736,-1.369717,0.023624,0.657582,-1.367079,-0.078355,0.661664,-1.359891,0.075373,0.665812,-1.350950,25,25,27,25,25,26,26,25,27,26,25,27
1791409034.796478,-0.019294,0.653676,-1.369717,0.023594,0.657521,-1.367079,-0.078385,0.661633,-1.359891,0.075313,0.665781,-1.350950,25,25,27,25,25,26,26,25,27,26,25,27
1791409034.816511,-0.019264,0.653615,-1.369701,0.023654,0.657521,-1.367079,-0.078355,0.661603,-1.359875,0.075373,0.665751,-1.350934,25,25,27,25,25,26,26,25,27,26,25,27
1791409034.836644,-0.019234,0.653615,-1.369701,0.023624,0.657521,-1.367079,-0.078385,0.661603,-1.359875,0.075313,0.665721,-1.350950,25,25,27,25,25,26,26,25,27,26,25,27
1791409034.856610,-0.019264,0.653615,-1.369701,0.023624,0.657461,-1.367079,-0.078385,0.661633,-1.359891,0.075313,0.665721,-1.350950,25,25,27,25,25,26,26,25,27,26,25,27
1791409034.876500,-0.019234,0.653676,-1.369701,0.023594,0.657521,-1.367079,-0.078385,0.661603,-1.359875,0.075313,0.665781,-1.350966,25,25,27,25,25,26,26,25,27,26,25,27
1791409034.896552,-0.019234,0.653676,-1.369701,0.023624,0.657551,-1.367079,-0.078385,0.661633,-1.359875,0.075343,0.665721,-1.350950,25,25,27,25,25,26,26,25,27,26,25,27
1791409034.916470,-0.019234,0.653706,-1.369717,0.023624,0.657582,-1.367063,-0.078355,0.661664,-1.359875,0.075282,0.665781,-1.350950,25,25,27,25,25,26,26,25,27,26,25,27
1791409034.936612,-0.019264,0.653736,-1.369701,0.023654,0.657551,-1.367094,-0.078385,0.661694,-1.359891,0.075313,0.665812,-1.350950,25,25,27,25,25,26,26,25,27,26,25,27
1791409034.956507,-0.019203,0.653706,-1.369717,0.023654,0.657612,-1.367094,-0.078385,0.661633,-1.359891,0.075282,0.665842,-1.350950,25,25,27,25,25,26,26,25,27,26,25,27
1791409034.976483,-0.019203,0.653706,-1.369717,0.023654,0.657582,-1.367079,-0.078355,0.661664,-1.359859,0.075313,0.665842,-1.350950,25,25,27,25,25,26,26,25,27,26,25,27
1791409034.996554,-0.019203,0.653736,-1.369701,0.023654,0.657582,-1.367079,-0.078385,0.661633,-1.359859,0.075313,0.665842,-1.350934,25,25,27,25,25,26,26,25,27,26,25,27
1791409035.016515,-0.019203,0.653706,-1.369701,0.023624,0.657521,-1.367110,-0.078355,0.661633,-1.359875,0.075343,0.665781,-1.350950,25,25,27,25,25,26,26,25,27,26,25,27
1791409035.036656,-0.019234,0.653676,-1.369717,0.023624,0.657521,-1.367094,-0.078385,0.661603,-1.359875,0.075313,0.665751,-1.350966,25,25,27,25,25,26,26,25,27,26,25,27
1791409035.056485,-0.019234,0.653646,-1.369701,0.023654,0.657461,-1.367079,-0.078416,0.661603,-1.359891,0.075313,0.665751,-1.350950,25,25,27,25,25,26,26,25,27,26,25,27
1791409035.076653,-0.019234,0.653646,-1.369701,0.023563,0.657461,-1.367094,-0.078385,0.661603,-1.359891,0.075343,0.665751,-1.350950,25,25,27,25,25,26,26,25,27,26,25,27
1791409035.096746,-0.019264,0.653615,-1.369717,0.023624,0.657521,-1.367094,-0.078385,0.661603,-1.359907,0.075343,0.665751,-1.350934,25,25,27,25,25,26,26,25,27,26,25,27
1791409035.116375,-0.019264,0.653646,-1.369701,0.023594,0.657551,-1.367094,-0.078385,0.661664,-1.359891,0.075313,0.665721,-1.350950,25,25,27,25,25,26,26,25,27,26,25,27
1791409035.136371,-0.019234,0.653646,-1.369701,0.023594,0.657551,-1.367094,-0.078355,0.661664,-1.359875,0.075313,0.665781,-1.350950,25,25,27,25,25,26,26,25,27,26,25,27
1791409035.156620,-0.019234,0.653706,-1.369717,0.023624,0.657582,-1.367094,-0.078355,0.661664,-1.359891,0.075313,0.665812,-1.350934,25,25,27,25,25,26,26,25,27,26,25,27
1791409035.176533,-0.019234,0.653736,-1.369685,0.023624,0.657582,-1.367094,-0.078355,0.661664,-1.359859,0.075313,0.665781,-1.350950,25,25,27,25,25,26,26,25,27,26,25,27
1791409035.196570,-0.019234,0.653767,-1.369717,0.023654,0.657612,-1.367079,-0.078385,0.661664,-1.359891,0.075252,0.665812,-1.350918,25,25,27,25,25,26,26,25,27,26,25,27
1791409035.216432,-0.019234,0.653736,-1.369701,0.023594,0.657582,-1.367079,-0.078385,0.661633,-1.359891,0.075282,0.665812,-1.350934,25,25,27,25,25,26,26,25,27,26,25,27
1791409035.236397,-0.019203,0.653706,-1.369732,0.023654,0.657582,-1.367079,-0.078385,0.661633,-1.359875,0.075282,0.665812,-1.350950,25,25,27,25,25,26,26,25,27,26,25,27
1791409035.256364,-0.019203,0.653676,-1.369717,0.023594,0.657582,-1.367094,-0.078355,0.661633,-1.359891,0.075282,0.665781,-1.350950,25,25,27,25,25,26,26,25,27,26,25,27
1791409035.276357,-0.019264,0.653676,-1.369732,0.023594,0.657521,-1.367094,-0.078385,0.661633,-1.359891,0.075282,0.665781,-1.350950,25,25,27,25,25,26,26,25,27,26,25,27
1791409035.296551,-0.019264,0.653646,-1.369717,0.023654,0.657461,-1.367094,-0.078385,0.661603,-1.359891,0.075313,0.665721,-1.350934,25,25,27,25,25,26,26,25,27,26,25,27
1791409035.316281,-0.019264,0.653646,-1.369701,0.023594,0.657491,-1.367094,-0.078325,0.661633,-1.359891,0.075313,0.665721,-1.350950,25,25,27,25,25,26,26,25,27,26,25,27
1791409035.336324,-0.019264,0.653676,-1.369701,0.023594,0.657491,-1.367079,-0.078355,0.661633,-1.359891,0.075313,0.665751,-1.350950,25,25,27,25,25,26,26,25,27,26,25,27
1791409035.356442,-0.019234,0.653646,-1.369701,0.023624,0.657551,-1.367079,-0.078385,0.661664,-1.359875,0.075313,0.665751,-1.350950,25,25,27,25,25,26,26,25,27,26,25,27
1791409035.376627,-0.019234,0.653706,-1.369717,0.023624,0.657551,-1.367094,-0.078385,0.661664,-1.359875,0.075282,0.665751,-1.350934,25,25,27,25,25,26,26,25,27,26,25,27
1791409035.396603,-0.019234,0.653736,-1.369717,0.023624,0.657582,-1.367094,-0.078355,0.661664,-1.359891,0.075282,0.665781,-1.350950,25,25,27,25,25,26,26,25,27,26,25,27
1791409035.416377,-0.019234,0.653767,-1.369685,0.023654,0.657582,-1.367079,-0.078385,0.661694,-1.359891,0.075313,0.665781,-1.350950,25,25,27,25,25,26,26,25,27,26,25,27
1791409035.436400,-0.019234,0.653706,-1.369717,0.023624,0.657642,-1.367063,-0.078325,0.661664,-1.359875,0.075282,0.665812,-1.350950,25,25,27,25,25,26,26,25,27,26,25,27
1791409035.456686,-0.019203,0.653736,-1.369701,0.023624,0.657582,-1.367094,-0.078355,0.661633,-1.359891,0.075282,0.665812,-1.350950,25,25,27,25,25,26,26,25,27,26,25,27
1791409035.476610,-0.019234,0.653706,-1.369717,0.023624,0.657551,-1.367094,-0.078355,0.661633,-1.359875,0.075282,0.665812,-1.350950,25,25,27,25,25,26,26,25,27,26,25,27
1791409035.496597,-0.019203,0.653676,-1.369701,0.023624,0.657582,-1.367094,-0.078385,0.661573,-1.359859,0.075252,0.665751,-1.350950,25,25,27,25,25,26,26,25,27,26,25,27
1791409035.516564,-0.019234,0.653615,-1.369717,0.023563,0.657521,-1.367094,-0.078355,0.661573,-1.359891,0.075313,0.665751,-1.350950,25,25,27,25,25,26,26,25,27,26,25,27
1791409035.536378,-0.019234,0.653615,-1.369717,0.023594,0.657521,-1.367079,-0.078325,0.661633,-1.359875,0.075282,0.665721,-1.350950,25,25,27,25,25,26,26,25,27,26,25,27
1791409035.556471,-0.019203,0.653615,-1.369701,0.023594,0.657461,-1.367094,-0.078355,0.661633,-1.359891,0.075313,0.665721,-1.350950,25,25,27,25,25,26,26,25,27,26,25,27
1791409035.576459,-0.019203,0.653646,-1.369701,0.023624,0.657491,-1.367063,-0.078355,0.661633,-1.359875,0.075282,0.665721,-1.350934,25,25,27,25,25,26,26,25,27,26,25,27
1791409035.596333,-0.019234,0.653676,-1.369701,0.023594,0.657582,-1.367079,-0.078325,0.661664,-1.359891,0.075282,0.665812,-1.350950,25,25,27,25,25,26,26,25,27,26,25,27
1791409035.616941,-0.019234,0.653706,-1.369701,0.023624,0.657521,-1.367094,-0.078355,0.661664,-1.359891,0.075282,0.665812,-1.350934,25,25,27,25,25,26,26,25,27,26,25,27
1791409035.636496,-0.019203,0.653736,-1.369701,0.023624,0.657582,-1.367079,-0.078355,0.661664,-1.359891,0.075282,0.665812,-1.350950,25,25,27,25,25,26,26,25,27,26,25,27
1791409035.656402,-0.019203,0.653767,-1.369717,0.023594,0.657612,-1.367063,-0.078355,0.661694,-1.359875,0.075282,0.665812,-1.350950,25,25,27,25,25,26,26,25,27,26,25,27
1791409035.676621,-0.019234,0.653736,-1.369701,0.023624,0.657582,-1.367079,-0.078355,0.661664,-1.359891,0.075282,0.665812,-1.350950,25,25,27,25,25,26,26,25,27,26,25,27
1791409035.696374,-0.019173,0.653646,-1.369701,0.023654,0.657582,-1.367079,-0.078355,0.661633,-1.359891,0.075282,0.665781,-1.350950,25,25,27,25,25,26,26,25,27,26,25,27
1791409035.716456,-0.019203,0.653736,-1.369717,0.023624,0.657551,-1.367094,-0.078355,0.661603,-1.359891,0.075282,0.665751,-1.350950,25,25,27,25,25,26,26,25,27,26,25,27
1791409035.736468,-0.019234,0.653676,-1.369701,0.023624,0.657521,-1.367094,-0.078385,0.661603,-1.359875,0.075313,0.665751,-1.350950,25,25,27,25,25,26,26,25,27,26,25,27
1791409035.756382,-0.019264,0.653615,-1.369717,0.023594,0.657521,-1.367063,-0.078355,0.661603,-1.359875,0.075313,0.665751,-1.350950,25,25,27,25,25,26,26,25,27,26,25,27
1791409035.776697,-0.019264,0.653646,-1.369701,0.023624,0.657551,-1.367094,-0.078355,0.661603,-1.359875,0.075313,0.665721,-1.350950,25,25,27,25,25,26,26,25,27,26,25,27
1791409035.796680,-0.019234,0.653676,-1.369685,0.023594,0.657551,-1.367079,-0.078355,0.661633,-1.359859,0.075282,0.665751,-1.350966,25,25,27,25,25,26,26,25,27,26,25,27
1791409035.816542,-0.019264,0.653676,-1.369717,0.023624,0.657551,-1.367094,-0.078325,0.661633,-1.359891,0.075282,0.665781,-1.350950,25,25,27,25,25,26,26,25,27,26,25,27
1791409035.836569,-0.019234,0.653706,-1.369701,0.023624,0.657582,-1.367079,-0.078325,0.661633,-1.359891,0.075252,0.665781,-1.350950,25,25,27,25,25,26,26,25,27,26,25,27
1791409035.856634,-0.019203,0.653736,-1.369701,0.023594,0.657582,-1.367079,-0.078355,0.661694,-1.359891,0.075282,0.665812,-1.350934,25,25,27,25,25,26,26,25,27,26,25,27
1791409035.876587,-0.019203,0.653706,-1.369717,0.023624,0.657612,-1.367094,-0.078325,0.661694,-1.359891,0.075252,0.665842,-1.350950,25,25,27,25,25,26,26,25,27,26,25,27
1791409035.896434,-0.019203,0.653706,-1.369701,0.023624,0.657582,-1.367094,-0.078355,0.661633,-1.359875,0.075282,0.665812,-1.350934,25,25,27,25,25,26,26,25,27,26,25,27
1791409035.916388,-0.019234,0.653736,-1.369701,0.023594,0.657582,-1.367079,-0.078355,0.661633,-1.359891,0.075252,0.665812,-1.350950,25,25,27,25,25,26,26,25,27,26,25,27
1791409035.936513,-0.019203,0.653706,-1.369701,0.023624,0.657551,-1.367094,-0.078355,0.661633,-1.359891,0.075282,0.665812,-1.350950,25,25,27,25,25,26,26,25,27,26,25,27
1791409035.956317,-0.019203,0.653646,-1.369717,0.023624,0.657521,-1.367063,-0.078355,0.661633,-1.359875,0.075282,0.665812,-1.350950,25,25,27,25,25,26,26,25,27,26,25,27
1791409035.976341,-0.019234,0.653646,-1.369717,0.023624,0.657521,-1.367094,-0.078325,0.661633,-1.359891,0.075282,0.665751,-1.350950,25,25,27,25,25,26,26,25,27,26,25,27
1791409035.996502,-0.019203,0.653646,-1.369717,0.023624,0.657521,-1.367079,-0.078385,0.661603,-1.359875,0.075282,0.665721,-1.350950,25,25,27,25,25,26,26,25,27,26,25,27
1791409036.016491,-0.019234,0.653615,-1.369685,0.023563,0.657521,-1.367079,-0.078355,0.661603,-1.359891,0.075282,0.665751,-1.350950,25,25,27,25,25,26,26,25,27,26,25,27
1791409036.036479,-0.019234,0.653646,-1.369701,0.023594,0.657551,-1.367094,-0.078325,0.661633,-1.359891,0.075282,0.665751,-1.350950,25,25,27,25,25,26,26,25,27,26,25,27
1791409036.056398,-0.019234,0.653646,-1.369701,0.023624,0.657582,-1.367094,-0.078325,0.661633,-1.359907,0.075252,0.665781,-1.350934,25,25,27,25,25,26,26,25,27,26,25,27
1791409036.076569,-0.019234,0.653736,-1.369701,0.023624,0.657582,-1.367079,-0.078355,0.661694,-1.359875,0.075282,0.665781,-1.350950,25,25,27,25,25,26,26,25,27,26,25,27
1791409036.096319,-0.019203,0.653767,-1.369701,0.023624,0.657612,-1.367094,-0.078355,0.661633,-1.359875,0.075252,0.665781,-1.350934,25,25,27,25,25,26,26,25,27,26,25,27
1791409036.116487,-0.019203,0.653736,-1.369701,0.023654,0.657582,-1.367079,-0.078355,0.661664,-1.359875,0.075282,0.665812,-1.350934,25,25,27,25,25,26,26,25,27,26,25,27
1791409036.138355,-0.019203,0.653736,-1.369701,0.023624,0.657582,-1.367063,-0.078325,0.661633,-1.359891,0.075252,0.665842,-1.350950,25,25,27,25,25,26,26,25,27,26,25,27
1791409036.156342,-0.019203,0.653736,-1.369685,0.023594,0.657582,-1.367110,-0.078325,0.661633,-1.359907,0.075252,0.665781,-1.350950,25,25,27,25,25,26,26,25,27,26,25,27
1791409036.176402,-0.019203,0.653676,-1.369701,0.023624,0.657551,-1.367079,-0.078385,0.661633,-1.359891,0.075282,0.665751,-1.350950,25,25,27,25,25,26,26,25,27,26,25,27
1791409036.196846,-0.019234,0.653615,-1.369701,0.023594,0.657521,-1.367079,-0.078385,0.661633,-1.359891,0.075252,0.665751,-1.350950,25,25,27,25,25,26,26,25,27,26,25,27
1791409036.216368,-0.019234,0.653676,-1.369685,0.023594,0.657521,-1.367094,-0.078325,0.661573,-1.359875,0.075282,0.665691,-1.350950,25,25,27,25,25,26,26,25,27,26,25,27
1791409036.236570,-0.019234,0.653646,-1.369701,0.023594,0.657521,-1.367079,-0.078325,0.661633,-1.359891,0.075282,0.665751,-1.350950,25,25,27,25,25,26,26,25,27,26,25,27
1791409036.256512,-0.019234,0.653676,-1.369717,0.023624,0.657551,-1.367094,-0.078325,0.661633,-1.359875,0.075282,0.665751,-1.350934,25,25,27,25,25,26,26,25,27,26,25,27
1791409036.276576,-0.019234,0.653676,-1.369717,0.023594,0.657521,-1.367094,-0.078295,0.661633,-1.359875,0.075252,0.665781,-1.350950,25,25,27,25,25,26,26,25,27,26,25,27
1791409036.296418,-0.019203,0.653736,-1.369701,0.023594,0.657582,-1.367079,-0.078325,0.661664,-1.359891,0.075282,0.665751,-1.350950,25,25,27,25,25,26,26,25,27,26,25,27
1791409036.316473,-0.019203,0.653736,-1.369717,0.023594,0.657612,-1.367079,-0.078325,0.661694,-1.359875,0.075222,0.665812,-1.350934,25,25,27,25,25,26,26,25,27,26,25,27
1791409036.336746,-0.019234,0.653797,-1.369701,0.023624,0.657612,-1.367079,-0.078355,0.661664,-1.359891,0.075222,0.665842,-1.350934,25,25,27,25,25,26,26,25,27,26,25,27
1791409036.356500,-0.019234,0.653767,-1.369701,0.023624,0.657582,-1.367079,-0.078325,0.661633,-1.359891,0.075252,0.665812,-1.350934,25,25,27,25,25,26,26,25,27,26,25,27
1791409036.376497,-0.019234,0.653767,-1.369701,0.023594,0.657582,-1.367047,-0.078325,0.661664,-1.359891,0.075282,0.665781,-1.350950,25,25,27,25,25,26,26,25,27,26,25,27
1791409036.396627,-0.019203,0.653706,-1.369717,0.023594,0.657582,-1.367079,-0.078355,0.661603,-1.359875,0.075282,0.665781,-1.350950,25,25,27,25,25,26,26,25,27,26,25,27
1791409036.416693,-0.019234,0.653676,-1.369701,0.023563,0.657551,-1.367079,-0.078355,0.661603,-1.359875,0.075252,0.665781,-1.350934,25,25,27,25,25,26,26,25,27,26,25,27
1791409036.436633,-0.019234,0.653646,-1.369701,0.023594,0.657521,-1.367079,-0.078325,0.661603,-1.359875,0.075252,0.665751,-1.350950,25,25,27,25,25,26,26,25,27,26,25,27
1791409036.456502,-0.019264,0.653646,-1.369701,0.023594,0.657521,-1.367094,-0.078355,0.661573,-1.359891,0.075252,0.665751,-1.350950,25,25,27,25,25,26,26,25,27,26,25,27
1791409036.476430,-0.019264,0.653676,-1.369701,0.023594,0.657521,-1.367094,-0.078355,0.661633,-1.359875,0.075282,0.665781,-1.350950,25,25,27,25,25,26,26,25,27,26,25,27
1791409036.496642,-0.019203,0.653676,-1.369685,0.023624,0.657521,-1.367094,-0.078355,0.661633,-1.359859,0.075282,0.665781,-1.350950,25,25,27,25,25,26,26,25,27,26,25,27
1791409036.516413,-0.019203,0.653736,-1.369701,0.023654,0.657582,-1.367063,-0.078385,0.661664,-1.359891,0.075222,0.665781,-1.350918,25,25,27,25,25,26,26,25,27,26,25,27
1791409036.536510,-0.019203,0.653736,-1.369717,0.023654,0.657582,-1.367094,-0.078355,0.661633,-1.359891,0.075222,0.665781,-1.350950,25,25,27,25,25,26,26,25,27,26,25,27
1791409036.556616,-0.019688,0.637356,-1.370475,0.024139,0.657763,-1.374898,-0.082291,0.666811,-1.367142,0.083245,0.665146,-1.358027,25,25,27,25,25,26,26,25,27,26,25,27
1791409036.576467,-0.015358,0.627304,-1.366320,0.020112,0.658944,-1.403380,-0.067213,0.686370,-1.396034,0.084517,0.670656,-1.386130,25,25,27,25,25,26,26,25,27,26,25,27
1791409036.596633,-0.013905,0.635388,-1.363366,0.028347,0.656522,-1.398009,-0.059977,0.687702,-1.396050,0.092450,0.676318,-1.384281,25,25,27,25,25,26,26,25,27,26,25,27
1791409036.616446,-0.016872,0.637599,-1.371454,0.026197,0.654100,-1.400063,-0.061248,0.685492,-1.403443,0.090270,0.677832,-1.388278,25,25,27,25,25,26,26,25,27,26,25,27
1791409036.636567,-0.019173,0.643139,-1.373871,0.028620,0.656643,-1.403933,-0.058342,0.686764,-1.403585,0.089907,0.674350,-1.388578,25,25,27,25,25,26,26,25,27,26,25,27
1791409036.656607,-0.019900,0.643593,-1.373855,0.028922,0.657794,-1.415338,-0.056343,0.687612,-1.402337,0.093479,0.671867,-1.390916,25,25,27,25,25,26,26,25,27,26,25,27
1791409036.676625,-0.019052,0.639869,-1.374424,0.029649,0.656794,-1.427676,-0.052952,0.684069,-1.404344,0.097839,0.669384,-1.400347,25,25,27,25,25,26,26,25,27,26,25,27
1791409036.696572,-0.017144,0.637750,-1.379432,0.031920,0.656007,-1.440013,-0.048259,0.679527,-1.405465,0.103319,0.664177,-1.403854,25,25,27,25,25,26,26,25,27,26,25,27
1791409036.716517,-0.017175,0.636630,-1.385340,0.031738,0.654978,-1.447959,-0.045897,0.676106,-1.405734,0.105681,0.658606,-1.404533,25,25,27,25,25,26,26,25,27,26,25,27
1791409036.736423,-0.018507,0.635479,-1.387362,0.030830,0.653858,-1.453125,-0.044202,0.674562,-1.405718,0.106892,0.654548,-1.404738,25,25,27,25,25,26,26,25,27,26,25,27
1791409036.756597,-0.019718,0.635297,-1.387362,0.029558,0.653676,-1.457058,-0.042900,0.674744,-1.405702,0.108315,0.652459,-1.405181,25,25,27,25,25,26,26,25,27,26,25,27
1791409036.776510,-0.021202,0.635661,-1.387378,0.028044,0.653918,-1.460486,-0.042204,0.675198,-1.405718,0.108921,0.651339,-1.405276,25,25,27,25,25,26,26,25,27,26,25,27
1791409036.796564,-0.022594,0.636842,-1.387362,0.027257,0.655069,-1.464641,-0.040902,0.676106,-1.405718,0.110071,0.650400,-1.405402,25,25,27,25,25,26,26,25,27,26,25,27
1791409036.816440,-0.023230,0.638598,-1.387393,0.027166,0.657279,-1.468163,-0.038843,0.677711,-1.405765,0.112191,0.650128,-1.405465,25,25,27,25,25,26,26,25,27,26,25,27
1791409036.836612,-0.023382,0.640990,-1.387425,0.027136,0.659186,-1.470391,-0.036905,0.680345,-1.405829,0.114098,0.650582,-1.405544,25,25,27,25,25,26,26,25,27,26,25,27
1791409036.856489,-0.023412,0.643260,-1.387441,0.027197,0.661427,-1.471086,-0.034725,0.683040,-1.405860,0.115885,0.651430,-1.405544,25,25,27,25,25,26,26,25,27,26,25,27
1791409036.876563,-0.023594,0.645592,-1.387409,0.027197,0.663183,-1.471497,-0.033484,0.685704,-1.405892,0.117187,0.652762,-1.405576,25,25,27,25,25,26,26,25,27,26,25,27
1791409036.896483,-0.023594,0.647802,-1.387393,0.027287,0.665242,-1.472966,-0.031697,0.688702,-1.405939,0.118822,0.654337,-1.405591,25,25,27,25,25,26,26,25,27,26,25,27
1791409036.916621,-0.023442,0.649861,-1.387378,0.027439,0.667089,-1.474861,-0.030335,0.691124,-1.405939,0.120578,0.655548,-1.405576,25,25,27,25,25,26,26,25,27,26,25,27
1791409036.936569,-0.023382,0.651980,-1.387393,0.027620,0.669329,-1.476251,-0.029033,0.692607,-1.405971,0.121728,0.656274,-1.405607,25,25,27,25,25,26,26,25,27,26,25,27
1791409036.956616,-0.023412,0.653494,-1.387393,0.027620,0.670722,-1.477057,-0.028003,0.694485,-1.406050,0.122515,0.657031,-1.405623,25,25,27,25,25,26,26,25,27,26,25,27
1791409036.976742,-0.023472,0.655129,-1.387425,0.027499,0.671812,-1.477357,-0.027398,0.696089,-1.406018,0.122970,0.657818,-1.405607,25,25,27,25,25,26,26,25,27,26,25,27
1791409036.996367,-0.023594,0.656492,-1.387393,0.027318,0.672902,-1.477926,-0.026914,0.697603,-1.406034,0.123515,0.658545,-1.405607,25,25,27,25,25,26,26,25,27,26,25,27
1791409037.016743,-0.023684,0.657400,-1.387393,0.027166,0.673780,-1.479016,-0.026490,0.698723,-1.406034,0.124090,0.658939,-1.405639,25,25,27,25,25,26,26,25,27,26,25,27
1791409037.036517,-0.023836,0.658248,-1.387393,0.027106,0.674355,-1.479648,-0.026035,0.699389,-1.406034,0.124665,0.659030,-1.405639,25,25,27,25,25,26,26,25,27,26,25,27
1791409037.056385,-0.023836,0.658914,-1.387393,0.027075,0.674931,-1.480596,-0.025521,0.700025,-1.406034,0.125089,0.659090,-1.405639,25,25,27,25,25,26,26,25,27,26,25,27
1791409037.076582,-0.023806,0.659580,-1.387378,0.027075,0.675324,-1.480769,-0.024764,0.700449,-1.406018,0.125664,0.659181,-1.405639,25,25,27,25,25,26,26,25,27,26,25,27
1791409037.096593,-0.023836,0.660034,-1.387393,0.027075,0.675688,-1.480990,-0.024158,0.701115,-1.406018,0.126179,0.659302,-1.405639,25,25,27,25,25,26,26,25,27,26,25,27
1791409037.116687,-0.023836,0.660337,-1.387378,0.027106,0.675960,-1.481069,-0.023704,0.701509,-1.406018,0.126542,0.659393,-1.405607,25,25,27,25,25,26,26,25,27,26,25,27
1791409037.136537,-0.023866,0.660731,-1.387393,0.027075,0.676051,-1.481164,-0.023311,0.702175,-1.406034,0.126936,0.659393,-1.405623,25,25,27,25,25,26,26,25,27,26,25,27
1791409037.156436,-0.023866,0.661124,-1.387393,0.027075,0.676445,-1.481243,-0.023220,0.702629,-1.406034,0.127299,0.659484,-1.405623,25,25,27,25,25,26,26,25,27,26,25,27
1791409037.176695,-0.023836,0.661336,-1.387378,0.027045,0.676657,-1.481291,-0.023038,0.702902,-1.406018,0.127511,0.659605,-1.405607,25,25,27,25,25,26,26,25,27,26,25,27
1791409037.196336,-0.023866,0.661609,-1.387393,0.027045,0.676929,-1.481306,-0.022947,0.703174,-1.406018,0.127572,0.659786,-1.405639,25,25,27,25,25,26,26,25,27,26,25,27
1791409037.216350,-0.023866,0.662032,-1.387393,0.027075,0.677262,-1.481338,-0.022826,0.703507,-1.406034,0.127663,0.660059,-1.405607,25,25,27,25,25,26,26,25,27,26,25,27
1791409037.236482,-0.023866,0.662396,-1.387393,0.027075,0.677535,-1.481338,-0.022705,0.703840,-1.406018,0.127753,0.660271,-1.405639,25,25,27,25,25,26,26,25,27,26,25,27
1791409037.256415,-0.023836,0.662729,-1.387393,0.027075,0.677837,-1.481370,-0.022644,0.704173,-1.406018,0.127875,0.660543,-1.405623,25,25,27,25,25,26,26,25,27,26,25,27
1791409037.276582,-0.023836,0.663153,-1.387378,0.027106,0.678080,-1.481385,-0.022614,0.704597,-1.406034,0.127905,0.660695,-1.405623,25,25,27,25,25,26,26,25,27,26,25,27
1791409037.296502,-0.023836,0.663455,-1.387378,0.027106,0.678413,-1.481401,-0.022554,0.704870,-1.406034,0.127965,0.660998,-1.405623,25,25,27,25,25,26,26,25,27,26,25,27
1791409037.316750,-0.023836,0.663789,-1.387393,0.027075,0.678655,-1.481385,-0.022402,0.705354,-1.406034,0.128087,0.661240,-1.405623,25,25,27,25,25,26,26,25,27,26,25,27
1791409037.336328,-0.023836,0.664031,-1.387409,0.027075,0.678958,-1.481401,-0.022281,0.705748,-1.406018,0.128177,0.661573,-1.405623,25,25,27,25,25,26,26,25,27,26,25,27
1791409037.356536,-0.023806,0.664273,-1.387378,0.027075,0.679321,-1.481401,-0.022281,0.706020,-1.406018,0.128238,0.661997,-1.405623,25,25,27,25,25,26,26,25,27,26,25,27
1791409037.376510,-0.023866,0.664636,-1.387378,0.027045,0.679684,-1.481401,-0.022220,0.706505,-1.406034,0.128329,0.662330,-1.405655,25,25,27,25,25,26,26,25,27,26,25,27
1791409037.396675,-0.023866,0.665091,-1.387378,0.027045,0.680078,-1.481433,-0.022160,0.706868,-1.406018,0.128420,0.662572,-1.405639,25,25,27,25,25,26,26,25,27,26,25,27
1791409037.416568,-0.023866,0.665363,-1.387378,0.027015,0.680623,-1.481449,-0.022160,0.707231,-1.406050,0.128450,0.662966,-1.405639,25,25,27,25,25,26,26,25,27,26,25,27
1791409037.436569,-0.023836,0.665817,-1.387378,0.027045,0.680986,-1.481464,-0.022130,0.707686,-1.406018,0.128480,0.663329,-1.405639,25,25,27,25,25,26,26,25,27,26,25,27
1791409037.456670,-0.023866,0.666423,-1.387409,0.027015,0.681410,-1.481480,-0.022099,0.707988,-1.406034,0.128571,0.663632,-1.405671,25,25,27,25,25,26,26,25,27,26,25,27
1791409037.476598,-0.023836,0.666847,-1.387393,0.026985,0.681743,-1.481480,-0.022069,0.708261,-1.406050,0.128571,0.664025,-1.405655,25,25,27,25,25,26,26,25,27,26,25,27
1791409037.496660,-0.023866,0.667240,-1.387393,0.026985,0.681955,-1.481480,-0.022009,0.708836,-1.406034,0.128662,0.664298,-1.405671,25,25,27,25,25,26,26,25,27,26,25,27
1791409037.516475,-0.023866,0.667664,-1.387393,0.027015,0.682349,-1.481496,-0.021797,0.709260,-1.406034,0.128783,0.664570,-1.405671,25,25,27,25,25,26,26,25,27,26,25,27
1791409037.536681,-0.023866,0.667937,-1.387378,0.027015,0.682682,-1.481496,-0.021736,0.709684,-1.406034,0.128874,0.664994,-1.405671,25,25,27,25,25,26,26,25,27,26,25,27
1791409037.556514,-0.023866,0.668270,-1.387393,0.027015,0.682985,-1.481512,-0.021706,0.710017,-1.406050,0.128874,0.665327,-1.405639,25,25,27,25,25,26,26,25,27,26,25,27
1791409037.576602,-0.023957,0.668482,-1.390995,0.026985,0.683439,-1.485208,-0.024522,0.709411,-1.409146,0.131932,0.665085,-1.409446,25,25,27,25,25,26,26,25,27,26,25,27
1791409037.596972,-0.023957,0.670419,-1.400331,0.026894,0.686043,-1.495445,-0.027216,0.710744,-1.419351,0.135141,0.666962,-1.420030,25,25,27,25,25,26,26,25,27,26,25,27
1791409037.616518,-0.024381,0.673447,-1.413727,0.027106,0.690069,-1.507656,-0.029184,0.713469,-1.430219,0.136988,0.670141,-1.432525,25,25,27,25,25,26,26,25,27,26,25,27
1791409037.636433,-0.025107,0.678201,-1.430424,0.027287,0.696791,-1.525380,-0.031425,0.717647,-1.445305,0.138199,0.675440,-1.449160,25,25,27,25,25,26,26,25,27,26,25,27
1791409037.656754,-0.025864,0.683620,-1.449065,0.027287,0.701787,-1.543499,-0.033060,0.722673,-1.460312,0.139198,0.681011,-1.464625,25,25,27,25,25,26,26,25,27,26,25,27
1791409037.676692,-0.026530,0.688798,-1.465178,0.027136,0.706056,-1.557953,-0.034876,0.726760,-1.475240,0.140046,0.686128,-1.479837,25,25,27,25,25,26,26,25,27,26,25,27
1791409037.696647,-0.027045,0.693763,-1.478937,0.026985,0.710295,-1.572755,-0.036512,0.731211,-1.489205,0.140864,0.690306,-1.494370,25,25,27,25,25,26,26,25,27,26,25,27
1791409037.716497,-0.027378,0.698789,-1.493012,0.026924,0.714655,-1.586214,-0.038601,0.735147,-1.504339,0.141742,0.693879,-1.509646,25,25,27,25,25,26,26,25,27,26,25,27
1791409037.736663,-0.027560,0.703028,-1.507055,0.026894,0.717864,-1.599800,-0.040781,0.738932,-1.519583,0.142559,0.697573,-1.525475,25,25,27,25,25,26,26,25,27,26,25,27
1791409037.756535,-0.027681,0.706298,-1.520894,0.026864,0.720408,-1.613353,-0.043021,0.742565,-1.535364,0.143528,0.701751,-1.542093,25,25,27,25,25,26,26,25,27,26,25,27
1791409037.776781,-0.027681,0.708993,-1.534179,0.027015,0.722588,-1.626228,-0.045080,0.746077,-1.552614,0.144709,0.706051,-1.557953,25,25,27,25,25,26,26,25,27,26,25,27
1791409037.796524,-0.027651,0.711990,-1.548649,0.027075,0.725161,-1.639861,-0.047442,0.750044,-1.568601,0.145799,0.710834,-1.575314,25,25,27,25,25,26,26,25,27,26,25,27
1791409037.816520,-0.027681,0.715018,-1.562582,0.027075,0.727735,-1.652704,-0.049531,0.754434,-1.584666,0.146616,0.715164,-1.591933,25,25,27,25,25,26,26,25,27,26,25,27
1791409037.836868,-0.027802,0.718379,-1.576499,0.027106,0.730520,-1.665720,-0.051438,0.758945,-1.601332,0.147706,0.719554,-1.608535,25,25,27,25,25,26,26,25,27,26,25,27
1791409037.856620,-0.027923,0.721982,-1.590795,0.027136,0.733851,-1.679037,-0.053285,0.763699,-1.617919,0.148948,0.724399,-1.625154,25,25,27,25,25,26,26,25,27,26,25,27
1791409037.876596,-0.028135,0.725918,-1.605218,0.027075,0.737787,-1.692844,-0.055132,0.768543,-1.634411,0.149977,0.729697,-1.641819,25,25,27,25,25,26,26,25,27,26,25,27
1791409037.896443,-0.028438,0.730127,-1.619593,0.027136,0.741905,-1.706176,-0.056949,0.773630,-1.650002,0.151249,0.735117,-1.657806,25,25,27,25,25,26,26,25,27,26,25,27
1791409037.916449,-0.028650,0.734971,-1.634189,0.027106,0.746628,-1.718845,-0.059008,0.778898,-1.665452,0.152853,0.740385,-1.673571,25,25,27,25,25,26,26,25,27,26,25,27
1791409037.936472,-0.028892,0.740451,-1.647759,0.027106,0.751624,-1.731483,-0.061218,0.784530,-1.680254,0.154398,0.746017,-1.688784,25,25,27,25,25,26,26,25,27,26,25,27
1791409037.956535,-0.029134,0.746083,-1.662814,0.027227,0.756922,-1.744942,-0.063186,0.790313,-1.695308,0.155306,0.752436,-1.703823,25,25,27,25,25,26,26,25,27,26,25,27
1791409037.976473,-0.029346,0.751775,-1.678295,0.027318,0.762524,-1.758575,-0.065336,0.795763,-1.708878,0.156275,0.759006,-1.717850,25,25,27,25,25,26,26,25,27,26,25,27
1791409037.996469,-0.029407,0.757740,-1.692970,0.027530,0.768640,-1.771718,-0.067062,0.802151,-1.722305,0.157183,0.766636,-1.731578,25,25,27,25,25,26,26,25,27,26,25,27
1791409038.016841,-0.029528,0.764613,-1.706729,0.027742,0.774665,-1.784466,-0.068908,0.808237,-1.736886,0.157698,0.773055,-1.746095,25,25,27,25,25,26,26,25,27,26,25,27
1791409038.036375,-0.029589,0.771516,-1.722731,0.027923,0.781568,-1.797135,-0.070604,0.814535,-1.750440,0.158364,0.779322,-1.759428,25,25,27,25,25,26,26,25,27,26,25,27
1791409038.056482,-0.029861,0.778207,-1.737328,0.028014,0.787987,-1.811021,-0.072148,0.821317,-1.763535,0.158970,0.786347,-1.772318,25,25,27,25,25,26,26,25,27,26,25,27
1791409038.076684,-0.030315,0.785141,-1.751798,0.028044,0.794436,-1.823374,-0.073783,0.827675,-1.777452,0.159757,0.792705,-1.785935,25,25,27,25,25,26,26,25,27,26,25,27
1791409038.096494,-0.030557,0.792165,-1.766284,0.028135,0.801672,-1.837765,-0.075176,0.834276,-1.790469,0.160816,0.799729,-1.798336,25,25,27,25,25,26,26,25,27,26,25,27
1791409038.116565,-0.030800,0.799129,-1.779664,0.028226,0.807970,-1.849723,-0.076841,0.840664,-1.803896,0.161513,0.806390,-1.811495,25,25,27,25,25,26,26,25,27,26,25,27
1791409038.136358,-0.031042,0.805609,-1.793992,0.028256,0.813783,-1.863167,-0.078385,0.846720,-1.816392,0.162058,0.813263,-1.823485,25,25,27,25,25,26,26,25,27,26,25,27
1791409038.156706,-0.031224,0.811906,-1.807056,0.028438,0.820384,-1.875551,-0.080111,0.852412,-1.829867,0.162542,0.819773,-1.837339,25,25,27,25,25,26,26,25,27,26,25,27
1791409038.176810,-0.031314,0.818204,-1.821305,0.028620,0.826742,-1.889200,-0.081776,0.858861,-1.842725,0.163299,0.826525,-1.850087,25,25,27,25,25,26,26,25,27,26,25,27
1791409038.196665,-0.031405,0.824926,-1.835490,0.028771,0.832919,-1.902075,-0.083775,0.865038,-1.856311,0.163965,0.832944,-1.863577,25,25,27,25,25,26,26,25,27,26,25,27
1791409038.216636,-0.031647,0.831466,-1.850024,0.029013,0.839186,-1.915628,-0.085955,0.871245,-1.870749,0.164783,0.839453,-1.877842,25,25,27,25,25,26,26,25,27,26,25,27
1791409038.236482,-0.031859,0.837309,-1.864573,0.029134,0.844788,-1.928724,-0.087711,0.877058,-1.884350,0.165449,0.846145,-1.891917,25,25,27,25,25,26,26,25,27,26,25,27
1791409038.256574,-0.032071,0.843365,-1.879090,0.029286,0.850904,-1.942594,-0.090133,0.882629,-1.899089,0.166115,0.852200,-1.906829,25,25,27,25,25,26,26,25,27,26,25,27
1791409038.276603,-0.032223,0.849299,-1.893513,0.029437,0.856626,-1.956195,-0.092252,0.888594,-1.913291,0.166933,0.858377,-1.921268,25,25,27,25,25,26,26,25,27,26,25,27
1791409038.296597,-0.032465,0.854961,-1.907667,0.029619,0.862046,-1.969370,-0.094463,0.894407,-1.927223,0.167659,0.864977,-1.935548,25,25,27,25,25,26,26,25,27,26,25,27
1791409038.316476,-0.032495,0.860714,-1.922516,0.029982,0.867465,-1.982718,-0.096703,0.900099,-1.941915,0.168658,0.871548,-1.950350,25,25,27,25,25,26,26,25,27,26,25,27
1791409038.336653,-0.032556,0.865891,-1.936891,0.030406,0.872673,-1.995798,-0.098883,0.905640,-1.957854,0.169567,0.877664,-1.965057,25,25,27,25,25,26,26,25,27,26,25,27
1791409038.356656,-0.032616,0.871402,-1.951772,0.030769,0.878275,-2.009684,-0.101396,0.911544,-1.971945,0.170566,0.883386,-1.980743,25,25,27,25,25,26,26,25,27,26,25,27
1791409038.376839,-0.032647,0.877003,-1.967348,0.031133,0.883815,-2.022179,-0.103637,0.916843,-1.987236,0.171868,0.888836,-1.995798,25,25,27,25,25,26,26,25,27,26,25,27
1791409038.396716,-0.032768,0.882150,-1.981581,0.031557,0.888720,-2.036491,-0.105908,0.922686,-2.001485,0.173261,0.895225,-2.010252,25,25,27,25,25,26,26,25,27,26,25,27
1791409038.416688,-0.032768,0.887661,-1.996619,0.031980,0.893777,-2.049618,-0.108421,0.928136,-2.016761,0.174411,0.901129,-2.025670,25,25,27,25,25,26,26,25,27,26,25,27
1791409038.436604,-0.032737,0.892475,-2.010805,0.032344,0.898500,-2.062635,-0.110873,0.933193,-2.032194,0.175653,0.907457,-2.039666,25,25,27,25,25,26,26,25,27,26,25,27
1791409038.456540,-0.032737,0.897622,-2.024469,0.032828,0.903708,-2.075067,-0.113598,0.938400,-2.046933,0.176803,0.912725,-2.054958,25,25,27,25,25,26,26,25,27,26,25,27
1791409038.476848,-0.032707,0.902678,-2.039097,0.033252,0.908613,-2.088037,-0.115929,0.944032,-2.061356,0.177802,0.918659,-2.069459,25,25,27,25,25,26,26,25,27,26,25,27
1791409038.496510,-0.032737,0.908855,-2.052920,0.033767,0.914487,-2.100642,-0.118654,0.949966,-2.075399,0.179256,0.925048,-2.083692,25,25,27,25,25,26,26,25,27,26,25,27
1791409038.516705,-0.032737,0.914638,-2.067690,0.034191,0.919936,-2.114496,-0.121046,0.956325,-2.090280,0.180709,0.931376,-2.097451,25,25,27,25,25,26,26,25,27,26,25,27
1791409038.536815,-0.032768,0.919936,-2.080991,0.034584,0.925296,-2.127545,-0.123378,0.961956,-2.103565,0.181859,0.937220,-2.111084,25,25,27,25,25,26,26,25,27,26,25,27
1791409038.556741,-0.032949,0.925205,-2.094687,0.034796,0.930655,-2.140625,-0.125285,0.967406,-2.119457,0.183222,0.942700,-2.126202,25,25,27,25,25,26,26,25,27,26,25,27
1791409038.576696,-0.033070,0.930988,-2.109031,0.035039,0.936498,-2.154210,-0.127677,0.972947,-2.133342,0.184705,0.948907,-2.140514,25,25,27,25,25,26,26,25,27,26,25,27
1791409038.596518,-0.033161,0.937588,-2.122932,0.035281,0.942735,-2.167274,-0.130553,0.978760,-2.146880,0.186189,0.955507,-2.154889,25,25,27,25,25,26,26,25,27,26,25,27
1791409038.616637,-0.033313,0.943735,-2.137528,0.035553,0.948064,-2.180796,-0.133400,0.984695,-2.161271,0.187642,0.962259,-2.169075,25,25,27,25,25,26,26,25,27,26,25,27
1791409038.636539,-0.033373,0.949397,-2.152551,0.035765,0.954423,-2.193939,-0.136670,0.990478,-2.175125,0.189065,0.968193,-2.183087,25,25,27,25,25,26,26,25,27,26,25,27
1791409038.656487,-0.033646,0.955361,-2.166895,0.035856,0.960569,-2.208441,-0.139606,0.996715,-2.189185,0.190186,0.974037,-2.196925,25,25,27,25,25,26,26,25,27,26,25,27
1791409038.676602,-0.033979,0.961780,-2.181428,0.036007,0.966594,-2.221805,-0.142604,1.002952,-2.203370,0.191700,0.980728,-2.211363,25,25,27,25,25,26,26,25,27,26,25,27
1791409038.696668,-0.034282,0.968229,-2.195835,0.036159,0.972680,-2.235549,-0.145813,1.009250,-2.218014,0.193516,0.988267,-2.226260,25,25,27,25,25,26,26,25,27,26,25,27
1791409038.716531,-0.034615,0.974194,-2.210384,0.036340,0.978493,-2.249039,-0.149023,1.015214,-2.232500,0.195363,0.994232,-2.240667,25,25,27,25,25,26,26,25,27,26,25,27
1791409038.736613,-0.034917,0.979583,-2.225044,0.036492,0.984095,-2.263146,-0.152111,1.020846,-2.247381,0.197240,1.000076,-2.254995,25,25,27,25,25,26,26,25,27,26,25,27
1791409038.756658,-0.035160,0.985094,-2.239624,0.036643,0.989605,-2.276716,-0.155381,1.026266,-2.261708,0.199027,1.006495,-2.269291,25,25,27,25,25,26,26,25,27,26,25,27
1791409038.776730,-0.035311,0.990968,-2.253620,0.036855,0.995176,-2.290285,-0.158712,1.031322,-2.275831,0.201479,1.012368,-2.284029,25,25,27,25,25,26,26,25,27,26,25,27
1791409038.796626,-0.035341,0.996569,-2.267743,0.037037,1.000687,-2.303349,-0.161800,1.037650,-2.290048,0.204174,1.018939,-2.298626,25,25,27,25,25,26,26,25,27,26,25,27
1791409038.816752,-0.035432,1.001928,-2.281502,0.037188,1.006076,-2.316334,-0.165009,1.043070,-2.303823,0.206324,1.024479,-2.312654,25,25,27,25,25,26,26,25,27,26,25,27
1791409038.836681,-0.035493,1.007529,-2.294787,0.037370,1.011344,-2.329809,-0.168188,1.048883,-2.319067,0.208625,1.030020,-2.327250,25,25,27,25,25,26,26,25,27,26,25,27
1791409038.856558,-0.035583,1.013343,-2.308562,0.037612,1.016915,-2.342510,-0.171610,1.054848,-2.333142,0.210986,1.036257,-2.341357,25,25,27,25,25,26,26,25,27,26,25,27
1791409038.876545,-0.035674,1.019065,-2.322385,0.037854,1.022910,-2.355716,-0.175122,1.061024,-2.346554,0.213711,1.043130,-2.354958,25,25,27,25,25,26,26,25,27,26,25,27
1791409038.896590,-0.035795,1.024879,-2.336175,0.038187,1.028602,-2.368164,-0.178634,1.066838,-2.361024,0.216194,1.049095,-2.368685,25,25,27,25,25,26,26,25,27,26,25,27
1791409038.916469,-0.035947,1.030147,-2.349350,0.038490,1.034113,-2.381323,-0.182722,1.072106,-2.375257,0.218041,1.054908,-2.383329,25,25,27,25,25,26,26,25,27,26,25,27
1791409038.936529,-0.036068,1.035112,-2.363962,0.038853,1.039260,-2.395177,-0.186204,1.077677,-2.389016,0.220524,1.061206,-2.396915,25,25,27,25,25,26,26,25,27,26,25,27
1791409038.956539,-0.036219,1.041047,-2.377405,0.039156,1.045467,-2.407925,-0.190049,1.083187,-2.402870,0.222492,1.067837,-2.411416,25,25,27,25,25,26,26,25,27,26,25,27
1791409038.976591,-0.036340,1.047223,-2.391891,0.039398,1.051492,-2.421400,-0.193803,1.089485,-2.416155,0.225247,1.074256,-2.425144,25,25,27,25,25,26,26,25,27,26,25,27
1791409038.996626,-0.036431,1.053733,-2.406298,0.039641,1.057729,-2.434859,-0.197739,1.095753,-2.430231,0.228033,1.080584,-2.439045,25,25,27,25,25,26,26,25,27,26,25,27
1791409039.016535,-0.036673,1.059577,-2.420389,0.039732,1.063603,-2.448555,-0.202039,1.101808,-2.443974,0.230848,1.086912,-2.453231,25,25,27,25,25,26,26,25,27,26,25,27
1791409039.036662,-0.037007,1.065874,-2.434196,0.039943,1.070083,-2.462219,-0.205763,1.107743,-2.459092,0.233967,1.093421,-2.467654,25,25,27,25,25,26,26,25,27,26,25,27
1791409039.056715,-0.037279,1.072293,-2.448429,0.040186,1.076744,-2.476105,-0.209881,1.113798,-2.473483,0.236783,1.100294,-2.482187,25,25,27,25,25,26,26,25,27,26,25,27
1791409039.076661,-0.037521,1.078591,-2.462993,0.040640,1.083072,-2.489675,-0.213998,1.119975,-2.487984,0.239962,1.106925,-2.496830,25,25,27,25,25,26,26,25,27,26,25,27
1791409039.096633,-0.037763,1.084343,-2.477606,0.041064,1.088855,-2.503386,-0.218661,1.125909,-2.502170,0.243262,1.113071,-2.510842,25,25,27,25,25,26,26,25,27,26,25,27
1791409039.116486,-0.038036,1.089854,-2.492234,0.041548,1.094638,-2.517114,-0.223324,1.131631,-2.515961,0.246108,1.119066,-2.524744,25,25,27,25,25,26,26,25,27,26,25,27
1791409039.136973,-0.038430,1.095909,-2.507936,0.041942,1.100391,-2.531868,-0.228108,1.137445,-2.530462,0.249439,1.124819,-2.538424,25,25,27,25,25,26,26,25,27,26,25,27
1791409039.156574,-0.038823,1.101692,-2.521063,0.042426,1.105841,-2.544190,-0.233134,1.143621,-2.544695,0.252739,1.130693,-2.552420,25,25,27,25,25,26,26,25,27,26,25,27
1791409039.176649,-0.039035,1.108202,-2.535201,0.042850,1.111957,-2.557238,-0.237554,1.149737,-2.558976,0.256372,1.136900,-2.566100,25,25,27,25,25,26,26,25,27,26,25,27
1791409039.196649,-0.039308,1.113531,-2.549766,0.043244,1.117467,-2.570808,-0.242247,1.155884,-2.572672,0.260278,1.143652,-2.579480,25,25,27,25,25,26,26,25,27,26,25,27
1791409039.216493,-0.039489,1.118830,-2.563257,0.043698,1.123462,-2.584014,-0.246698,1.161485,-2.586257,0.263972,1.149949,-2.592971,25,25,27,25,25,26,26,25,27,26,25,27
1791409039.236624,-0.039853,1.124431,-2.577127,0.044061,1.129427,-2.596889,-0.251028,1.167026,-2.599653,0.267424,1.156005,-2.606746,25,25,27,25,25,26,26,25,27,26,25,27
1791409039.256588,-0.040125,1.130244,-2.590396,0.044303,1.135331,-2.609589,-0.255781,1.172809,-2.613697,0.270391,1.161970,-2.621011,25,25,27,25,25,26,26,25,27,26,25,27
1791409039.276514,-0.040216,1.136057,-2.604266,0.044909,1.141326,-2.622685,-0.260838,1.178804,-2.626966,0.273146,1.168055,-2.633601,25,25,27,25,25,26,26,25,27,26,25,27
1791409039.296645,-0.040398,1.141689,-2.617077,0.045363,1.147048,-2.635781,-0.265470,1.184920,-2.640615,0.276356,1.173990,-2.647976,25,25,27,25,25,26,26,25,27,26,25,27
1791409039.316568,-0.040791,1.147563,-2.630757,0.045878,1.152922,-2.648829,-0.270436,1.191187,-2.654216,0.279959,1.179743,-2.661245,25,25,27,25,25,26,26,25,27,26,25,27
1791409039.336523,-0.041669,1.153649,-2.644390,0.046241,1.158705,-2.661893,-0.275432,1.197455,-2.667659,0.283985,1.185404,-2.673851,25,25,27,25,25,26,26,25,27,26,25,27
1791409039.356984,-0.042245,1.159946,-2.658623,0.046816,1.164700,-2.675526,-0.280609,1.203571,-2.680439,0.288588,1.191430,-2.687073,25,25,27,25,25,26,26,25,27,26,25,27
1791409039.376536,-0.042759,1.165820,-2.671703,0.047301,1.170665,-2.687421,-0.285938,1.209263,-2.693566,0.293008,1.198121,-2.700580,25,25,27,25,25,26,26,25,27,26,25,27
1791409039.396727,-0.044455,1.174480,-2.684862,0.047937,1.176751,-2.700722,-0.290873,1.216166,-2.706346,0.297822,1.206478,-2.712112,25,25,27,25,25,26,26,25,27,26,25,27
1791409039.416499,-0.045938,1.183987,-2.697642,0.048270,1.183714,-2.714576,-0.294083,1.223796,-2.715634,0.302515,1.214047,-2.722680,25,25,27,25,25,26,26,25,27,26,25,27
1791409039.436667,-0.047513,1.193797,-2.710027,0.048391,1.192162,-2.728540,-0.297171,1.231941,-2.724023,0.305149,1.221011,-2.730847,25,25,27,25,25,26,26,25,27,26,25,27
1791409039.456638,-0.048633,1.202426,-2.722222,0.048633,1.200488,-2.742079,-0.300168,1.239753,-2.732095,0.307814,1.228822,-2.740673,25,25,27,25,25,26,26,25,27,26,25,27
1791409039.476606,-0.050086,1.210722,-2.734038,0.049299,1.210419,-2.754669,-0.303680,1.246868,-2.740262,0.310357,1.236695,-2.751051,25,25,27,25,25,26,26,25,27,26,25,27
1791409039.496482,-0.051146,1.219169,-2.745190,0.049935,1.220138,-2.765932,-0.307495,1.254861,-2.749440,0.312961,1.245021,-2.760608,25,25,27,25,25,26,26,25,27,26,25,27
1791409039.516593,-0.054507,1.225164,-2.757512,0.052660,1.227617,-2.781855,-0.320030,1.258010,-2.761904,0.323740,1.246837,-2.779470,25,25,27,25,25,26,26,25,27,26,25,27
1791409039.536630,-0.056869,1.234671,-2.767812,0.054840,1.237457,-2.794619,-0.329083,1.265367,-2.768886,0.332339,1.259312,-2.788206,25,25,27,25,25,26,26,25,27,26,25,27
1791409039.556401,-0.056657,1.239334,-2.771666,0.054507,1.241544,-2.798016,-0.336895,1.271907,-2.776500,0.336214,1.271786,-2.796404,25,25,27,25,25,26,26,25,27,26,25,27
1791409039.576668,-0.056808,1.242422,-2.771793,0.054446,1.243997,-2.798031,-0.348794,1.275722,-2.776784,0.344117,1.279295,-2.798016,25,25,27,25,25,26,26,25,27,26,25,27
1791409039.596618,-0.056808,1.243573,-2.771761,0.054477,1.245813,-2.798047,-0.354547,1.277539,-2.776911,0.349869,1.283261,-2.798632,25,25,27,25,25,26,26,25,27,26,25,27
1791409039.616513,-0.056566,1.243967,-2.771793,0.054416,1.246419,-2.798031,-0.355788,1.277599,-2.776911,0.351111,1.283443,-2.798884,25,25,27,25,25,26,26,25,27,26,25,27
1791409039.636592,-0.056536,1.244239,-2.771761,0.054446,1.246601,-2.798047,-0.356151,1.277811,-2.776911,0.351292,1.283473,-2.798932,25,25,27,25,25,26,26,25,27,26,25,27
1791409039.656477,-0.056475,1.244300,-2.771777,0.054416,1.246722,-2.798031,-0.356333,1.277811,-2.776927,0.351323,1.283473,-2.799042,25,25,27,25,25,26,26,25,27,26,25,27
1791409039.676462,-0.056475,1.244390,-2.771777,0.054446,1.246722,-2.798063,-0.356484,1.277842,-2.776927,0.351383,1.283413,-2.799121,25,25,27,25,25,26,26,25,27,26,25,27
1791409039.696486,-0.056414,1.244451,-2.771808,0.054416,1.246813,-2.798047,-0.356484,1.277842,-2.776911,0.351474,1.283473,-2.799169,25,25,27,25,25,26,26,25,27,26,25,27
1791409039.716507,-0.056475,1.244451,-2.771808,0.054477,1.246843,-2.798047,-0.356606,1.277842,-2.776927,0.351474,1.283473,-2.799200,25,25,27,25,25,26,26,25,27,26,25,27
1791409039.736503,-0.056475,1.244481,-2.771808,0.054416,1.246813,-2.798047,-0.356666,1.277842,-2.776927,0.351504,1.283443,-2.799216,25,25,27,25,25,26,26,25,27,26,25,27
1791409039.756625,-0.056475,1.244481,-2.771808,0.054416,1.246843,-2.798047,-0.356666,1.277842,-2.776942,0.351504,1.283473,-2.799232,25,25,27,25,25,26,26,25,27,26,25,27
1791409039.776623,-0.056445,1.244481,-2.771808,0.054416,1.246843,-2.798063,-0.356727,1.277842,-2.776942,0.351504,1.283473,-2.799279,25,25,27,25,25,26,26,25,27,26,25,27
1791409039.796511,-0.056445,1.244512,-2.771808,0.054416,1.246813,-2.798063,-0.356757,1.277842,-2.776927,0.351565,1.283473,-2.799279,25,25,27,25,25,26,26,25,27,26,25,27
1791409039.816649,-0.056475,1.244542,-2.771808,0.054446,1.246843,-2.798047,-0.356817,1.277842,-2.776942,0.351504,1.283473,-2.799279,25,25,27,25,25,26,26,25,27,26,25,27
1791409039.836707,-0.056445,1.244481,-2.771808,0.054446,1.246843,-2.798047,-0.356817,1.277842,-2.776942,0.351565,1.283443,-2.799279,25,25,27,25,25,26,26,25,27,26,25,27
1791409039.856560,-0.056445,1.244512,-2.771824,0.054446,1.246843,-2.798063,-0.356817,1.277872,-2.776942,0.351595,1.283473,-2.799295,25,25,27,25,25,26,26,25,27,26,25,27
1791409039.876682,-0.056475,1.244481,-2.771824,0.054416,1.246904,-2.798031,-0.356817,1.277872,-2.776942,0.351535,1.283473,-2.799311,25,25,27,25,25,26,26,25,27,26,25,27
1791409039.896589,-0.056445,1.244512,-2.771824,0.054446,1.246904,-2.798063,-0.356817,1.277872,-2.776942,0.351595,1.283504,-2.799295,25,25,27,25,25,26,26,25,27,26,25,27
1791409039.916560,-0.056445,1.244481,-2.771808,0.054446,1.246904,-2.798047,-0.356878,1.277842,-2.776958,0.351626,1.283443,-2.799295,25,25,27,25,25,26,26,25,27,26,25,27
1791409039.936633,-0.056445,1.244512,-2.771824,0.054416,1.246873,-2.798063,-0.356848,1.277872,-2.776942,0.351595,1.283473,-2.799311,25,25,27,25,25,26,26,25,27,26,25,27
1791409039.956588,-0.056445,1.244512,-2.771824,0.054416,1.246904,-2.798063,-0.356878,1.277872,-2.776958,0.351626,1.283473,-2.799311,25,25,27,25,25,26,26,25,27,26,25,27
1791409039.976567,-0.056445,1.244512,-2.771808,0.054386,1.246904,-2.798063,-0.356908,1.277842,-2.776942,0.351626,1.283473,-2.799295,25,25,27,25,25,26,26,25,27,26,25,27
1791409039.996603,-0.056445,1.244512,-2.771824,0.054446,1.246904,-2.798047,-0.356939,1.277842,-2.776974,0.351595,1.283473,-2.799311,25,25,27,25,25,26,26,25,27,26,25,27
1791409040.016464,-0.056445,1.244512,-2.771840,0.054416,1.246904,-2.798047,-0.356908,1.277872,-2.776942,0.351656,1.283473,-2.799327,25,25,27,25,25,26,26,25,27,26,25,27
1791409040.036537,-0.056445,1.244512,-2.771840,0.054446,1.246904,-2.798063,-0.356939,1.277842,-2.776958,0.351656,1.283473,-2.799327,25,25,27,25,25,26,26,25,27,26,25,27
1791409040.056577,-0.056445,1.244512,-2.771824,0.054386,1.246904,-2.798063,-0.356939,1.277872,-2.776958,0.351656,1.283443,-2.799327,25,25,27,25,25,26,26,25,27,26,25,27
1791409040.076480,-0.056445,1.244512,-2.771840,0.054386,1.246964,-2.798047,-0.356999,1.277902,-2.776974,0.351656,1.283473,-2.799343,25,25,27,25,25,26,26,25,27,26,25,27
1791409040.096591,-0.056445,1.244512,-2.771824,0.054446,1.246934,-2.798063,-0.356969,1.277902,-2.776942,0.351656,1.283473,-2.799343,25,25,27,25,25,26,26,25,27,26,25,27
1791409040.116627,-0.056445,1.244512,-2.771824,0.054386,1.246934,-2.798047,-0.357060,1.277933,-2.776974,0.351686,1.283443,-2.799358,25,25,27,25,25,26,26,25,27,26,25,27
1791409040.136591,-0.056445,1.244572,-2.771840,0.054446,1.246904,-2.798063,-0.356999,1.277902,-2.776974,0.351686,1.283473,-2.799327,25,25,27,25,25,26,26,25,27,26,25,27
1791409040.156627,-0.056445,1.244542,-2.771840,0.054446,1.246934,-2.798063,-0.356999,1.277933,-2.776942,0.351716,1.283473,-2.799343,25,25,27,25,25,26,26,25,27,26,25,27
1791409040.176515,-0.056414,1.244542,-2.771856,0.054446,1.246934,-2.798047,-0.357060,1.277902,-2.776942,0.351716,1.283443,-2.799358,25,25,27,25,25,26,26,25,27,26,25,27
1791409040.196499,-0.056475,1.244542,-2.771840,0.054416,1.246904,-2.798063,-0.357090,1.277902,-2.776958,0.351747,1.283473,-2.799343,25,25,27,25,25,26,26,25,27,26,25,27
1791409040.216543,-0.056475,1.244542,-2.771856,0.054416,1.246964,-2.798063,-0.357060,1.277872,-2.776958,0.351747,1.283473,-2.799327,25,25,27,25,25,26,26,25,27,26,25,27
1791409040.236596,-0.056475,1.244572,-2.771856,0.054416,1.246964,-2.798063,-0.357090,1.277902,-2.776958,0.351747,1.283504,-2.799343,25,25,27,25,25,26,26,25,27,26,25,27
1791409040.256393,-0.056445,1.244542,-2.771840,0.054386,1.246934,-2.798063,-0.357120,1.277872,-2.776974,0.351747,1.283443,-2.799358,25,25,27,25,25,26,26,25,27,26,25,27
1791409040.276766,-0.056475,1.244572,-2.771856,0.054416,1.246904,-2.798079,-0.357120,1.277933,-2.776958,0.351777,1.283473,-2.799358,25,25,27,25,25,26,26,25,27,26,25,27
1791409040.296503,-0.056445,1.244572,-2.771856,0.054446,1.246904,-2.798063,-0.357120,1.277902,-2.776974,0.351777,1.283473,-2.799358,25,25,27,25,25,26,26,25,27,26,25,27
1791409040.316578,-0.056445,1.244542,-2.771856,0.054416,1.246964,-2.798063,-0.357120,1.277902,-2.776958,0.351807,1.283443,-2.799358,25,25,27,25,25,26,26,25,27,26,25,27
1791409040.336635,-0.056414,1.244512,-2.771840,0.054416,1.246904,-2.798047,-0.357120,1.277933,-2.776974,0.351777,1.283473,-2.799374,25,25,27,25,25,26,26,25,27,26,25,27
1791409040.356720,-0.056445,1.244572,-2.771840,0.054416,1.246934,-2.798047,-0.357151,1.277902,-2.776958,0.351807,1.283473,-2.799343,25,25,27,25,25,26,26,25,27,26,25,27
1791409040.376524,-0.056445,1.244542,-2.771856,0.054416,1.246904,-2.798063,-0.357120,1.277872,-2.776958,0.351777,1.283443,-2.799358,25,25,27,25,25,26,26,25,27,26,25,27
1791409040.396737,-0.056445,1.244572,-2.771856,0.054446,1.246934,-2.798079,-0.357151,1.277933,-2.776974,0.351777,1.283473,-2.799374,25,25,27,25,25,26,26,25,27,26,25,27
1791409040.416685,-0.056445,1.244572,-2.771840,0.054386,1.246934,-2.798031,-0.357181,1.277902,-2.776974,0.351777,1.283443,-2.799358,25,25,27,25,25,26,26,25,27,26,25,27
1791409040.436746,-0.056445,1.244542,-2.771840,0.054386,1.246904,-2.798063,-0.357151,1.277902,-2.776974,0.351777,1.283473,-2.799358,25,25,27,25,25,26,26,25,27,26,25,27
1791409040.456488,-0.056475,1.244542,-2.771856,0.054386,1.246934,-2.798063,-0.357151,1.277902,-2.776990,0.351777,1.283473,-2.799374,25,25,27,25,25,26,26,25,27,26,25,27
1791409040.476608,-0.056445,1.244542,-2.771856,0.054416,1.246934,-2.798047,-0.357181,1.277933,-2.776974,0.351807,1.283504,-2.799374,25,25,27,25,25,26,26,25,27,26,25,27
1791409040.496580,-0.056384,1.244542,-2.771856,0.054386,1.246964,-2.798079,-0.357181,1.277933,-2.776974,0.351837,1.283443,-2.799358,25,25,27,25,25,26,26,25,27,26,25,27
1791409040.516501,-0.056475,1.244542,-2.771856,0.054386,1.246964,-2.798063,-0.357181,1.277902,-2.776974,0.351807,1.283473,-2.799358,25,25,27,25,25,26,26,25,27,26,25,27
1791409040.536813,-0.056475,1.244512,-2.771840,0.054386,1.246964,-2.798063,-0.357151,1.277933,-2.776990,0.351777,1.283473,-2.799358,25,25,27,25,25,26,26,25,27,26,25,27
1791409040.556780,-0.056475,1.244572,-2.771856,0.054386,1.246964,-2.798063,-0.357181,1.277902,-2.776974,0.351807,1.283473,-2.799374,25,25,27,25,25,26,26,25,27,26,25,27
1791409040.576640,-0.056475,1.244572,-2.771840,0.054416,1.246964,-2.798047,-0.357181,1.277902,-2.776958,0.351807,1.283443,-2.799374,25,25,27,25,25,26,26,25,27,26,25,27
1791409040.596645,-0.056445,1.244572,-2.771856,0.054416,1.246934,-2.798063,-0.357151,1.277902,-2.776990,0.351807,1.283473,-2.799358,25,25,27,25,25,26,26,25,27,26,25,27
1791409040.616742,-0.056445,1.244572,-2.771840,0.054386,1.246964,-2.798063,-0.357151,1.277902,-2.776974,0.351837,1.283473,-2.799406,25,25,27,25,25,26,26,25,27,26,25,27
1791409040.636653,-0.056475,1.244602,-2.771840,0.054416,1.246964,-2.798047,-0.357181,1.277933,-2.776990,0.351837,1.283473,-2.799390,25,25,27,25,25,26,26,25,27,26,25,27
1791409040.656601,-0.056445,1.244572,-2.771872,0.054446,1.246934,-2.798047,-0.357151,1.277933,-2.776974,0.351837,1.283473,-2.799390,25,25,27,25,25,26,26,25,27,26,25,27
1791409040.676662,-0.056475,1.244602,-2.771872,0.054416,1.246934,-2.798063,-0.357181,1.277933,-2.776974,0.351837,1.283443,-2.799390,25,25,27,25,25,26,26,25,27,26,25,27
1791409040.696725,-0.056445,1.244572,-2.771856,0.054416,1.246964,-2.798047,-0.357181,1.277933,-2.776990,0.351837,1.283443,-2.799406,25,25,27,25,25,26,26,25,27,26,25,27
1791409040.716574,-0.056475,1.244572,-2.771856,0.054446,1.246904,-2.798047,-0.357181,1.277902,-2.776990,0.351868,1.283473,-2.799406,25,25,27,25,25,26,26,25,27,26,25,27
1791409040.736410,-0.056445,1.244572,-2.771856,0.054416,1.246964,-2.798063,-0.357181,1.277933,-2.777006,0.351898,1.283473,-2.799390,25,25,27,25,25,26,26,25,27,26,25,27
1791409040.756656,-0.056475,1.244542,-2.771856,0.054416,1.246964,-2.798063,-0.357211,1.277902,-2.776974,0.351868,1.283443,-2.799390,25,25,27,25,25,26,26,25,27,26,25,27
1791409040.776675,-0.056445,1.244572,-2.771856,0.054446,1.246964,-2.798079,-0.357151,1.277933,-2.776990,0.351928,1.283473,-2.799406,25,25,27,25,25,26,26,25,27,26,25,27
1791409040.796589,-0.056445,1.244602,-2.771872,0.054386,1.246964,-2.798063,-0.357241,1.277902,-2.776958,0.351868,1.283413,-2.799406,25,25,27,25,25,26,26,25,27,26,25,27
1791409040.816705,-0.056414,1.244572,-2.771872,0.054416,1.246964,-2.798063,-0.357181,1.277933,-2.776990,0.351868,1.283473,-2.799390,25,25,27,25,25,26,26,25,27,26,25,27
1791409040.836498,-0.056414,1.244542,-2.771872,0.054416,1.246964,-2.798047,-0.357181,1.277933,-2.776990,0.351868,1.283473,-2.799406,25,25,27,25,25,26,26,25,27,26,25,27
1791409040.856953,-0.056445,1.244572,-2.771872,0.054386,1.246964,-2.798047,-0.357211,1.277933,-2.776974,0.351928,1.283443,-2.799406,25,25,27,25,25,26,26,25,27,26,25,27
1791409040.876715,-0.056445,1.244602,-2.771872,0.054416,1.246964,-2.798063,-0.357211,1.277933,-2.777006,0.351868,1.283504,-2.799390,25,25,27,25,25,26,26,25,27,26,25,27
1791409040.896693,-0.056414,1.244572,-2.771872,0.054416,1.246934,-2.798047,-0.357211,1.277933,-2.776990,0.351928,1.283443,-2.799390,25,25,27,25,25,26,26,25,27,26,25,27
1791409040.916669,-0.056414,1.244602,-2.771872,0.054386,1.246964,-2.798047,-0.357211,1.277933,-2.776974,0.351928,1.283473,-2.799406,25,25,27,25,25,26,26,25,27,26,25,27
1791409040.936673,-0.056414,1.244633,-2.771887,0.054386,1.246934,-2.798063,-0.357241,1.277963,-2.776990,0.351898,1.283473,-2.799406,25,25,27,25,25,26,26,25,27,26,25,27
1791409040.956578,-0.056445,1.244572,-2.771856,0.054446,1.246934,-2.798063,-0.357211,1.277933,-2.776990,0.351928,1.283473,-2.799406,25,25,27,25,25,26,26,25,27,26,25,27
1791409040.976594,-0.056445,1.244602,-2.771856,0.054416,1.246904,-2.798063,-0.357211,1.277963,-2.776990,0.351898,1.283473,-2.799390,25,25,27,25,25,26,26,25,27,26,25,27
1791409040.996692,-0.056445,1.244572,-2.771872,0.054446,1.246964,-2.798047,-0.357241,1.277902,-2.777006,0.351928,1.283473,-2.799390,25,25,27,25,25,26,26,25,27,26,25,27
1791409041.016490,-0.056445,1.244633,-2.771872,0.054386,1.246934,-2.798063,-0.357211,1.277933,-2.776974,0.351928,1.283473,-2.799422,25,25,27,25,25,26,26,25,27,26,25,27
1791409041.036607,-0.056475,1.244572,-2.771887,0.054416,1.246964,-2.798063,-0.357211,1.277902,-2.776990,0.351959,1.283473,-2.799406,25,25,27,25,25,26,26,25,27,26,25,27
1791409041.056629,-0.056445,1.244602,-2.771872,0.054416,1.246964,-2.798063,-0.357211,1.277933,-2.776990,0.351959,1.283443,-2.799422,25,25,27,25,25,26,26,25,27,26,25,27
1791409041.076642,-0.056384,1.244572,-2.771887,0.054446,1.246964,-2.798079,-0.357181,1.277993,-2.777006,0.351928,1.283473,-2.799406,25,25,27,25,25,26,26,25,27,26,25,27
1791409041.096740,-0.056475,1.244572,-2.771856,0.054386,1.246964,-2.798063,-0.357211,1.277963,-2.776990,0.351928,1.283473,-2.799406,25,25,27,25,25,26,26,25,27,26,25,27
1791409041.116767,-0.056445,1.244602,-2.771856,0.054416,1.246964,-2.798079,-0.357211,1.277933,-2.777006,0.351959,1.283473,-2.799406,25,25,27,25,25,26,26,25,27,26,25,27
1791409041.136631,-0.056475,1.244572,-2.771872,0.054446,1.246934,-2.798047,-0.357241,1.277933,-2.777006,0.351898,1.283443,-2.799422,25,25,27,25,25,26,26,25,27,26,25,27
1791409041.156616,-0.056475,1.244602,-2.771872,0.054416,1.246964,-2.798079,-0.357241,1.277933,-2.776990,0.351959,1.283443,-2.799406,25,25,27,25,25,26,26,25,27,26,25,27
1791409041.176694,-0.056445,1.244602,-2.771872,0.054386,1.246964,-2.798079,-0.357241,1.277933,-2.776990,0.351959,1.283473,-2.799406,25,25,27,25,25,26,26,25,27,26,25,27
1791409041.196730,-0.056445,1.244572,-2.771872,0.054386,1.246964,-2.798063,-0.357241,1.277933,-2.777006,0.351989,1.283443,-2.799406,25,25,27,25,25,26,26,25,27,26,25,27
1791409041.216672,-0.056475,1.244602,-2.771872,0.054386,1.246934,-2.798063,-0.357211,1.277933,-2.776990,0.351959,1.283473,-2.799406,25,25,27,25,25,26,26,25,27,26,25,27
1791409041.236585,-0.056475,1.244602,-2.771887,0.054386,1.246934,-2.798047,-0.357272,1.277933,-2.776990,0.351989,1.283473,-2.799422,25,25,27,25,25,26,26,25,27,26,25,27
1791409041.256576,-0.056445,1.244602,-2.771872,0.054386,1.246964,-2.798063,-0.357211,1.277933,-2.776990,0.351959,1.283473,-2.799390,25,25,27,25,25,26,26,25,27,26,25,27
1791409041.276719,-0.056475,1.244602,-2.771872,0.054416,1.246964,-2.798079,-0.357241,1.277933,-2.776990,0.351989,1.283473,-2.799422,25,25,27,25,25,26,26,25,27,26,25,27
1791409041.296703,-0.056445,1.244602,-2.771887,0.054416,1.246934,-2.798063,-0.357302,1.277963,-2.777021,0.351989,1.283473,-2.799422,25,25,27,25,25,26,26,25,27,26,25,27
1791409041.316759,-0.056445,1.244572,-2.771872,0.054356,1.246964,-2.798063,-0.357241,1.277933,-2.776990,0.351989,1.283473,-2.799406,25,25,27,25,25,26,26,25,27,26,25,27
1791409041.336673,-0.056475,1.244633,-2.771872,0.054416,1.246934,-2.798063,-0.357241,1.277933,-2.776974,0.351989,1.283473,-2.799422,25,25,27,25,25,26,26,25,27,26,25,27
1791409041.356594,-0.056445,1.244602,-2.771856,0.054416,1.246964,-2.798063,-0.357211,1.277933,-2.776990,0.351959,1.283473,-2.799406,25,25,27,25,25,26,26,25,27,26,25,27
1791409041.376523,-0.056384,1.244602,-2.771872,0.054386,1.246934,-2.798047,-0.357241,1.277963,-2.777006,0.351989,1.283443,-2.799406,25,25,27,25,25,26,26,25,27,26,25,27
1791409041.396680,-0.056475,1.244602,-2.771872,0.054386,1.246964,-2.798047,-0.357272,1.277933,-2.777006,0.351989,1.283443,-2.799422,25,25,27,25,25,26,26,25,27,26,25,27
1791409041.416541,-0.056445,1.244572,-2.771887,0.054386,1.246964,-2.798047,-0.357241,1.277933,-2.777006,0.352019,1.283473,-2.799406,25,25,27,25,25,26,26,25,27,26,25,27
1791409041.436685,-0.056475,1.244633,-2.771903,0.054386,1.246964,-2.798063,-0.357272,1.277963,-2.776990,0.352019,1.283443,-2.799406,25,25,27,25,25,26,26,25,27,26,25,27
1791409041.456616,-0.056445,1.244572,-2.771872,0.054416,1.246964,-2.798063,-0.357241,1.277933,-2.777006,0.351989,1.283473,-2.799406,25,25,27,25,25,26,26,25,27,26,25,27
1791409041.476715,-0.056445,1.244602,-2.771872,0.054386,1.246934,-2.798063,-0.357241,1.277933,-2.777006,0.351989,1.283443,-2.799406,25,25,27,25,25,26,26,25,27,26,25,27
1791409041.496677,-0.056414,1.244602,-2.771887,0.054386,1.246934,-2.798063,-0.357241,1.277963,-2.777006,0.351989,1.283504,-2.799406,25,25,27,25,25,26,26,25,27,26,25,27
1791409041.516600,-0.056445,1.244602,-2.771872,0.054416,1.246964,-2.798047,-0.357272,1.277902,-2.777021,0.352019,1.283473,-2.799422,25,25,27,25,25,26,26,25,27,26,25,27
1791409041.536539,-0.056475,1.244572,-2.771887,0.054356,1.246964,-2.798031,-0.357302,1.277933,-2.777006,0.351989,1.283473,-2.799422,25,25,27,25,25,26,26,25,27,26,25,27
1791409041.556604,-0.056445,1.244633,-2.771872,0.054416,1.246934,-2.798063,-0.357272,1.277933,-2.777006,0.351989,1.283443,-2.799422,25,25,27,25,25,26,26,25,27,26,25,27
