t,q_FR_hip,q_FR_thigh,q_FR_calf,q_FL_hip,q_FL_thigh,q_FL_calf,q_RR_hip,q_RR_thigh,q_RR_calf,q_RL_hip,q_RL_thigh,q_RL_calf,temp_FR_hip,temp_FR_thigh,temp_FR_calf,temp_FL_hip,temp_FL_thigh,temp_FL_calf,temp_RR_hip,temp_RR_thigh,temp_RR_calf,temp_RL_hip,temp_RL_thigh,temp_RL_calf
1791409100.061170,-0.056384,1.244724,-2.771966,0.054386,1.246964,-2.798063,-0.358059,1.278144,-2.777037,0.353412,1.283443,-2.799485,25,25,27,25,25,26,27,25,27,27,25,27
1791409100.081246,-0.056414,1.244693,-2.771966,0.054386,1.246994,-2.798063,-0.358059,1.278144,-2.777021,0.353412,1.283473,-2.799485,25,25,27,25,25,26,27,25,27,27,26,27
1791409100.101169,-0.056475,1.244724,-2.771950,0.054356,1.246994,-2.798047,-0.358059,1.278144,-2.777021,0.353412,1.283473,-2.799469,25,25,27,25,25,26,27,25,27,27,25,27
1791409100.121285,-0.056414,1.244724,-2.771966,0.054356,1.246994,-2.798047,-0.358089,1.278114,-2.777021,0.353442,1.283443,-2.799469,25,25,27,25,25,26,27,25,27,27,25,27
1791409100.141322,-0.056445,1.244693,-2.771950,0.054386,1.246964,-2.798063,-0.358119,1.278144,-2.777037,0.353412,1.283473,-2.799469,25,25,27,25,25,26,27,25,27,27,25,27
1791409100.161262,-0.056384,1.244724,-2.771950,0.054386,1.246964,-2.798063,-0.358059,1.278114,-2.777037,0.353412,1.283473,-2.799469,25,25,27,25,25,26,27,25,27,27,25,27
1791409100.181212,-0.056445,1.244693,-2.771950,0.054356,1.246964,-2.798079,-0.358089,1.278144,-2.777037,0.353412,1.283443,-2.799453,25,25,27,25,25,26,27,25,27,27,25,27
1791409100.201271,-0.056414,1.244724,-2.771966,0.054356,1.246994,-2.798063,-0.358089,1.278144,-2.777021,0.353442,1.283473,-2.799469,25,25,27,25,25,26,27,25,27,27,25,27
1791409100.221305,-0.056445,1.244693,-2.771950,0.054356,1.246994,-2.798047,-0.358089,1.278114,-2.777021,0.353442,1.283504,-2.799469,25,25,27,25,25,26,27,25,27,27,26,27
1791409100.241340,-0.056445,1.244724,-2.771966,0.054416,1.246964,-2.798063,-0.358089,1.278144,-2.777037,0.353442,1.283443,-2.799469,25,25,27,25,25,26,27,25,27,27,25,27
1791409100.261269,-0.056445,1.244724,-2.771950,0.054416,1.246964,-2.798079,-0.358089,1.278144,-2.777021,0.353412,1.283473,-2.799485,25,25,27,25,25,26,27,25,27,27,25,27
1791409100.281288,-0.056475,1.244693,-2.771966,0.054386,1.246964,-2.798079,-0.358119,1.278114,-2.777021,0.353442,1.283443,-2.799469,25,25,27,25,25,26,27,25,27,27,26,27
1791409100.301327,-0.056475,1.244693,-2.771950,0.054386,1.246994,-2.798063,-0.358089,1.278144,-2.777021,0.353412,1.283473,-2.799469,25,25,27,25,25,26,27,25,27,27,25,27
1791409100.321368,-0.056414,1.244724,-2.771950,0.054386,1.246994,-2.798063,-0.358089,1.278114,-2.777021,0.353442,1.283473,-2.799469,25,25,27,25,25,26,27,25,27,27,25,27
1791409100.341253,-0.056445,1.244693,-2.771950,0.054356,1.246964,-2.798063,-0.358059,1.278144,-2.777021,0.353442,1.283443,-2.799469,25,25,27,25,25,26,27,25,27,27,25,27
1791409100.361358,-0.056414,1.244693,-2.771966,0.054325,1.246994,-2.798063,-0.358089,1.278114,-2.777021,0.353442,1.283443,-2.799469,25,25,27,25,25,26,27,25,27,27,25,27
1791409100.381178,-0.056414,1.244724,-2.771966,0.054386,1.246964,-2.798047,-0.358119,1.278114,-2.777021,0.353442,1.283443,-2.799485,25,25,27,25,25,26,27,25,27,27,26,27
1791409100.401270,-0.056445,1.244724,-2.771966,0.054356,1.246994,-2.798063,-0.358119,1.278144,-2.777021,0.353442,1.283473,-2.799469,25,25,27,25,25,26,27,25,27,27,25,27
1791409100.421209,-0.056475,1.244693,-2.771950,0.054386,1.246964,-2.798047,-0.358089,1.278114,-2.777021,0.353412,1.283473,-2.799469,25,25,27,25,25,26,27,25,27,27,25,27
1791409100.441114,-0.056445,1.244724,-2.771966,0.054386,1.246964,-2.798047,-0.358059,1.278114,-2.777021,0.353472,1.283443,-2.799485,25,25,27,25,25,26,27,25,27,27,25,27
1791409100.461235,-0.056445,1.244693,-2.771966,0.054325,1.246964,-2.798063,-0.358089,1.278114,-2.777021,0.353472,1.283443,-2.799485,25,25,27,25,25,26,27,25,27,27,26,27
1791409100.481187,-0.056414,1.244693,-2.771950,0.054386,1.246964,-2.798047,-0.358119,1.278144,-2.777021,0.353442,1.283443,-2.799485,25,25,27,25,25,26,27,25,27,27,25,27
1791409100.501204,-0.056445,1.244724,-2.771950,0.054386,1.246994,-2.798063,-0.358089,1.278144,-2.777021,0.353412,1.283473,-2.799469,25,25,27,25,25,26,27,25,27,27,25,27
1791409100.521205,-0.056445,1.244724,-2.771966,0.054356,1.246964,-2.798063,-0.358059,1.278084,-2.777021,0.353412,1.283443,-2.799485,25,25,27,25,25,26,27,25,27,27,25,27
1791409100.541287,-0.056414,1.244693,-2.771950,0.054386,1.246994,-2.798063,-0.358119,1.278114,-2.777021,0.353442,1.283473,-2.799469,25,25,27,25,25,26,27,25,27,27,25,27
1791409100.561258,-0.056445,1.244693,-2.771966,0.054386,1.246994,-2.798047,-0.358059,1.278114,-2.777037,0.353442,1.283443,-2.799469,25,25,27,25,25,26,27,25,27,27,25,27
1791409100.581218,-0.056445,1.244693,-2.771966,0.054325,1.246964,-2.798063,-0.358089,1.278144,-2.777037,0.353442,1.283443,-2.799469,25,25,27,25,25,26,27,25,27,27,25,27
1791409100.601307,-0.056414,1.244693,-2.771950,0.054386,1.246994,-2.798079,-0.358059,1.278144,-2.777021,0.353442,1.283443,-2.799469,25,25,27,25,25,26,27,25,27,27,25,27
1791409100.621214,-0.056414,1.244693,-2.771966,0.054386,1.246994,-2.798063,-0.358119,1.278114,-2.777037,0.353442,1.283443,-2.799453,25,25,27,25,25,26,27,25,27,27,25,27
1791409100.641278,-0.056414,1.244754,-2.771950,0.054356,1.246964,-2.798079,-0.358119,1.278114,-2.777021,0.353442,1.283473,-2.799469,25,25,27,25,25,26,27,25,27,27,25,27
1791409100.661289,-0.056445,1.244693,-2.771950,0.054386,1.246994,-2.798063,-0.358089,1.278084,-2.777037,0.353442,1.283473,-2.799469,25,25,27,25,25,26,27,25,27,27,25,27
1791409100.681252,-0.056384,1.244693,-2.771950,0.054356,1.246994,-2.798047,-0.358059,1.278084,-2.777021,0.353442,1.283473,-2.799485,25,25,27,25,25,26,27,25,27,27,25,27
1791409100.701182,-0.056445,1.244693,-2.771950,0.054386,1.246964,-2.798063,-0.358089,1.278144,-2.777021,0.353442,1.283473,-2.799469,25,25,27,25,25,26,27,25,27,27,25,27
1791409100.721273,-0.056414,1.244724,-2.771966,0.054356,1.246964,-2.798047,-0.358089,1.278144,-2.777021,0.353442,1.283443,-2.799469,25,25,27,25,25,26,27,25,27,27,25,27
1791409100.741361,-0.056475,1.244693,-2.771935,0.054386,1.246964,-2.798047,-0.358059,1.278144,-2.777053,0.353442,1.283443,-2.799485,25,25,27,25,25,26,27,25,27,27,25,27
1791409100.761211,-0.056475,1.244724,-2.771966,0.054356,1.246994,-2.798063,-0.358089,1.278084,-2.777021,0.353442,1.283443,-2.799469,25,25,27,25,25,26,27,25,27,27,26,27
1791409100.781267,-0.056414,1.244724,-2.771950,0.054356,1.246964,-2.798047,-0.358089,1.278114,-2.777021,0.353442,1.283473,-2.799485,25,25,27,25,25,26,27,25,27,27,25,27
1791409100.801263,-0.056445,1.244754,-2.771950,0.054356,1.246964,-2.798047,-0.358089,1.278144,-2.777021,0.353412,1.283473,-2.799453,25,25,27,25,25,26,27,25,27,27,25,27
1791409100.821259,-0.056414,1.244724,-2.771966,0.054356,1.247025,-2.798063,-0.358089,1.278144,-2.777037,0.353442,1.283473,-2.799469,25,25,27,25,25,26,27,25,27,27,26,27
1791409100.841373,-0.056445,1.244724,-2.771950,0.054386,1.246994,-2.798063,-0.358089,1.278114,-2.777021,0.353442,1.283473,-2.799469,25,25,27,25,25,26,27,25,27,27,25,27
1791409100.861300,-0.056445,1.244693,-2.771966,0.054325,1.246994,-2.798047,-0.358059,1.278144,-2.777037,0.353442,1.283473,-2.799469,25,25,27,25,25,26,27,25,27,27,25,27
1791409100.881275,-0.056445,1.244754,-2.771950,0.054386,1.246994,-2.798063,-0.358059,1.278114,-2.777053,0.353412,1.283504,-2.799469,25,25,27,25,25,26,27,25,27,27,25,27
1791409100.901160,-0.056445,1.244724,-2.771950,0.054386,1.246994,-2.798063,-0.358059,1.278175,-2.777021,0.353442,1.283473,-2.799469,25,25,27,25,25,26,27,25,27,27,25,27
1791409100.921279,-0.056414,1.244724,-2.771950,0.054356,1.246964,-2.798063,-0.358119,1.278114,-2.777037,0.353412,1.283443,-2.799469,25,25,27,25,25,26,27,25,27,27,25,27
1791409100.941303,-0.056445,1.244693,-2.771950,0.054356,1.246964,-2.798063,-0.358089,1.278144,-2.777021,0.353442,1.283443,-2.799485,25,25,27,25,25,26,27,25,27,27,25,27
1791409100.961247,-0.056414,1.244754,-2.771950,0.054356,1.246994,-2.798063,-0.358059,1.278114,-2.777037,0.353382,1.283473,-2.799469,25,25,27,25,25,26,27,25,27,27,25,27
1791409100.981243,-0.056445,1.244724,-2.771950,0.054386,1.246994,-2.798047,-0.358059,1.278084,-2.777021,0.353412,1.283443,-2.799485,25,25,27,25,25,26,27,25,27,27,25,27
1791409101.001279,-0.056445,1.244724,-2.771950,0.054386,1.246994,-2.798063,-0.358059,1.278084,-2.777037,0.353442,1.283473,-2.799485,25,25,27,25,25,26,27,25,27,27,25,27
1791409101.021287,-0.056445,1.244724,-2.771966,0.054356,1.246964,-2.798079,-0.358119,1.278114,-2.777021,0.353442,1.283473,-2.799469,25,25,27,25,25,26,27,25,27,27,26,27
1791409101.041253,-0.056445,1.244724,-2.771982,0.054325,1.246994,-2.798063,-0.358089,1.278144,-2.777037,0.353472,1.283473,-2.799469,25,25,27,25,25,26,27,25,27,27,25,27
1791409101.061203,-0.056475,1.244724,-2.771935,0.054386,1.246994,-2.798063,-0.358089,1.278084,-2.777006,0.353442,1.283473,-2.799469,25,25,27,25,25,26,27,25,27,27,25,27
1791409101.081271,-0.056414,1.244693,-2.771950,0.054356,1.246994,-2.798063,-0.358089,1.278144,-2.777021,0.353442,1.283473,-2.799469,25,25,27,25,25,26,27,25,27,27,26,27
1791409101.101274,-0.056445,1.244724,-2.771966,0.054386,1.246994,-2.798063,-0.358089,1.278084,-2.777021,0.353442,1.283473,-2.799469,25,25,27,25,25,26,27,25,27,27,25,27
1791409101.121306,-0.056445,1.244724,-2.771966,0.054386,1.246994,-2.798047,-0.358089,1.278114,-2.777037,0.353442,1.283473,-2.799485,25,25,27,25,25,26,27,25,27,27,25,27
1791409101.141254,-0.056414,1.244724,-2.771966,0.054386,1.246964,-2.798063,-0.358119,1.278114,-2.777037,0.353412,1.283473,-2.799469,25,25,27,25,25,26,27,25,27,27,26,27
1791409101.161285,-0.056414,1.244693,-2.771966,0.054386,1.246994,-2.798047,-0.358059,1.278144,-2.777037,0.353412,1.283473,-2.799485,25,25,27,25,25,26,27,25,27,27,25,27
1791409101.181317,-0.056445,1.244724,-2.771966,0.054356,1.247025,-2.798047,-0.358059,1.278084,-2.777037,0.353442,1.283473,-2.799469,25,25,27,25,25,26,27,25,27,27,26,27
1791409101.201221,-0.056445,1.244724,-2.771966,0.054386,1.246964,-2.798063,-0.358119,1.278144,-2.777021,0.353412,1.283473,-2.799485,25,25,27,25,25,26,27,25,27,27,25,27
1791409101.221254,-0.056445,1.244693,-2.771950,0.054386,1.246994,-2.798063,-0.358119,1.278114,-2.777021,0.353442,1.283473,-2.799469,25,25,27,25,25,26,27,25,27,27,25,27
1791409101.241283,-0.056445,1.244724,-2.771966,0.054386,1.246994,-2.798063,-0.358059,1.278114,-2.777021,0.353412,1.283473,-2.799469,25,25,27,25,25,26,27,25,27,27,25,27
1791409101.261270,-0.056414,1.244693,-2.771950,0.054356,1.246994,-2.798063,-0.358089,1.278114,-2.777037,0.353412,1.283443,-2.799469,25,25,27,25,25,26,27,25,27,27,25,27
1791409101.281256,-0.056445,1.244724,-2.771950,0.054356,1.246994,-2.798047,-0.358119,1.278144,-2.777021,0.353442,1.283473,-2.799485,25,25,27,25,25,26,27,25,27,27,25,27
1791409101.301255,-0.056445,1.244724,-2.771966,0.054386,1.246994,-2.798047,-0.358089,1.278084,-2.777021,0.353412,1.283473,-2.799469,25,25,27,25,25,26,27,25,27,27,25,27
1791409101.321245,-0.056445,1.244693,-2.771950,0.054356,1.246964,-2.798063,-0.358119,1.278084,-2.777021,0.353442,1.283473,-2.799485,25,25,27,25,25,26,27,25,27,27,25,27
1791409101.341294,-0.056445,1.244693,-2.771950,0.054416,1.246964,-2.798047,-0.358089,1.278144,-2.777037,0.353442,1.283443,-2.799469,25,25,27,25,25,26,27,25,27,27,25,27
1791409101.361315,-0.056445,1.244724,-2.771950,0.054416,1.246964,-2.798063,-0.358119,1.278114,-2.777037,0.353442,1.283413,-2.799469,25,25,27,25,25,26,27,25,27,27,25,27
1791409101.381304,-0.056445,1.244693,-2.771950,0.054356,1.246964,-2.798047,-0.358089,1.278144,-2.777021,0.353442,1.283443,-2.799469,25,25,27,25,25,26,27,25,27,27,25,27
1791409101.401293,-0.056475,1.244724,-2.771950,0.054386,1.247025,-2.798063,-0.358089,1.278114,-2.777037,0.353442,1.283473,-2.799469,25,25,27,25,25,26,27,25,27,27,26,27
1791409101.421367,-0.056445,1.244724,-2.771950,0.054386,1.246994,-2.798063,-0.358119,1.278114,-2.777037,0.353442,1.283473,-2.799469,25,25,27,25,25,26,27,25,27,27,25,27
1791409101.441312,-0.056445,1.244724,-2.771950,0.054386,1.246964,-2.798047,-0.358089,1.278144,-2.777037,0.353442,1.283473,-2.799469,25,25,27,25,25,26,27,25,27,27,25,27
1791409101.461252,-0.056445,1.244724,-2.771950,0.054386,1.246994,-2.798063,-0.358089,1.278114,-2.777021,0.353412,1.283473,-2.799469,25,25,27,25,25,26,27,25,27,27,25,27
1791409101.481367,-0.056475,1.244724,-2.771950,0.054356,1.246994,-2.798047,-0.358119,1.278114,-2.777021,0.353442,1.283473,-2.799485,25,25,27,25,25,26,27,25,27,27,25,27
1791409101.501372,-0.056445,1.244693,-2.771950,0.054356,1.246994,-2.798063,-0.358119,1.278144,-2.777037,0.353442,1.283443,-2.799485,25,25,27,25,25,26,27,25,27,27,25,27
1791409101.521345,-0.056475,1.244724,-2.771950,0.054386,1.246994,-2.798079,-0.358119,1.278144,-2.777037,0.353442,1.283473,-2.799469,25,25,27,25,25,26,27,25,27,27,25,27
1791409101.541287,-0.056414,1.244724,-2.771950,0.054356,1.246994,-2.798063,-0.358119,1.278144,-2.777021,0.353412,1.283443,-2.799469,25,25,27,25,25,26,27,25,27,27,26,27
1791409101.561329,-0.056414,1.244724,-2.771966,0.054386,1.246994,-2.798047,-0.358119,1.278114,-2.777021,0.353412,1.283473,-2.799469,25,25,27,25,25,26,27,25,27,27,25,27
1791409101.581280,-0.056445,1.244724,-2.771966,0.054386,1.246994,-2.798063,-0.358119,1.278114,-2.777021,0.353442,1.283473,-2.799485,25,25,27,25,25,26,27,25,27,27,25,27
1791409101.601277,-0.056414,1.244724,-2.771950,0.054356,1.246994,-2.798047,-0.358119,1.278144,-2.777021,0.353442,1.283443,-2.799469,25,25,27,25,25,26,27,25,27,27,25,27
1791409101.621226,-0.056384,1.244724,-2.771966,0.054386,1.246964,-2.798079,-0.358089,1.278144,-2.777021,0.353442,1.283473,-2.799485,25,25,27,25,25,26,27,25,27,27,25,27
1791409101.641319,-0.056384,1.244693,-2.771966,0.054386,1.246994,-2.798063,-0.358059,1.278144,-2.777021,0.353442,1.283473,-2.799469,25,25,27,25,25,26,27,25,27,27,26,27
1791409101.661287,-0.056475,1.244693,-2.771950,0.054386,1.246994,-2.798063,-0.358089,1.278144,-2.777037,0.353442,1.283443,-2.799469,25,25,27,25,25,26,27,25,27,27,25,27
1791409101.681255,-0.056445,1.244724,-2.771966,0.054386,1.246994,-2.798079,-0.358119,1.278114,-2.777021,0.353442,1.283473,-2.799485,25,25,27,25,25,26,27,25,27,27,25,27
1791409101.701290,-0.056414,1.244724,-2.771950,0.054325,1.246964,-2.798047,-0.358089,1.278084,-2.777037,0.353442,1.283473,-2.799469,25,25,27,25,25,26,27,25,27,27,25,27
1791409101.721159,-0.056445,1.244693,-2.771950,0.054325,1.246994,-2.798063,-0.358089,1.278144,-2.777021,0.353442,1.283473,-2.799469,25,25,27,25,25,26,27,25,27,27,25,27
1791409101.741303,-0.056414,1.244693,-2.771966,0.054416,1.246964,-2.798079,-0.358089,1.278144,-2.777037,0.353412,1.283473,-2.799469,25,25,27,25,25,26,27,25,27,27,26,27
1791409101.761267,-0.056445,1.244693,-2.771950,0.054386,1.246964,-2.798063,-0.358150,1.278114,-2.777021,0.353442,1.283473,-2.799469,25,25,27,25,25,26,27,25,27,27,25,27
1791409101.781176,-0.056445,1.244693,-2.771966,0.054386,1.246964,-2.798047,-0.358119,1.278144,-2.777021,0.353442,1.283473,-2.799485,25,25,27,25,25,26,27,25,27,27,25,27
1791409101.801235,-0.056414,1.244724,-2.771950,0.054325,1.246994,-2.798063,-0.358089,1.278114,-2.777006,0.353442,1.283473,-2.799469,25,25,27,25,25,26,27,25,27,27,25,27
1791409101.821357,-0.056475,1.244724,-2.771950,0.054386,1.246964,-2.798047,-0.358119,1.278114,-2.777021,0.353442,1.283473,-2.799469,25,25,27,25,25,26,27,25,27,27,26,27
1791409101.841266,-0.056414,1.244724,-2.771950,0.054386,1.246994,-2.798063,-0.358089,1.278114,-2.777021,0.353412,1.283473,-2.799485,25,25,27,25,25,26,27,25,27,27,25,27
1791409101.861262,-0.056445,1.244693,-2.771950,0.054356,1.246994,-2.798063,-0.358089,1.278144,-2.777021,0.353442,1.283473,-2.799469,25,25,27,25,25,26,27,25,27,27,25,27
1791409101.881293,-0.056414,1.244724,-2.771966,0.054386,1.246964,-2.798063,-0.358059,1.278114,-2.777021,0.353412,1.283473,-2.799485,25,25,27,25,25,26,27,25,27,27,25,27
1791409101.901290,-0.056475,1.244754,-2.771966,0.054386,1.246994,-2.798063,-0.358119,1.278114,-2.777021,0.353412,1.283443,-2.799469,25,25,27,25,25,26,27,25,27,27,26,27
1791409101.921313,-0.056445,1.244724,-2.771950,0.054386,1.246994,-2.798063,-0.358119,1.278144,-2.777021,0.353442,1.283473,-2.799469,25,25,27,25,25,26,27,25,27,27,25,27
1791409101.941267,-0.056445,1.244724,-2.771950,0.054386,1.246964,-2.798047,-0.358150,1.278114,-2.777021,0.353442,1.283443,-2.799469,25,25,27,25,25,26,27,25,27,27,25,27
1791409101.961304,-0.056445,1.244724,-2.771950,0.054356,1.246994,-2.798079,-0.358089,1.278144,-2.777021,0.353412,1.283443,-2.799485,25,25,27,25,25,26,27,25,27,27,25,27
1791409101.981199,-0.056475,1.244693,-2.771966,0.054356,1.246964,-2.798063,-0.358119,1.278144,-2.777021,0.353442,1.283473,-2.799469,25,25,27,25,25,26,27,25,27,27,25,27
1791409102.001245,-0.056445,1.244724,-2.771966,0.054386,1.247025,-2.798063,-0.358089,1.278114,-2.777021,0.353412,1.283473,-2.799469,25,25,27,25,25,26,27,25,27,27,25,27
1791409102.021279,-0.056414,1.244724,-2.771966,0.054356,1.246964,-2.798047,-0.358089,1.278114,-2.777037,0.353412,1.283473,-2.799469,25,25,27,25,25,26,27,25,27,27,25,27
1791409102.041299,-0.056475,1.244724,-2.771950,0.054386,1.246994,-2.798063,-0.358119,1.278175,-2.777021,0.353442,1.283473,-2.799485,25,25,27,25,25,26,27,25,27,27,25,27
1791409102.061265,-0.056414,1.244693,-2.771950,0.054386,1.246964,-2.798063,-0.358089,1.278144,-2.777021,0.353442,1.283473,-2.799469,25,25,27,25,25,26,27,25,27,27,25,27
1791409102.081288,-0.056445,1.244724,-2.771950,0.054356,1.246964,-2.798063,-0.358119,1.278114,-2.777006,0.353442,1.283473,-2.799485,25,25,27,25,25,26,27,25,27,27,25,27
1791409102.101274,-0.056414,1.244724,-2.771966,0.054386,1.246964,-2.798047,-0.358089,1.278144,-2.777021,0.353442,1.283473,-2.799485,25,25,27,25,25,26,27,25,27,27,25,27
1791409102.121311,-0.056445,1.244724,-2.771950,0.054356,1.246964,-2.798063,-0.358119,1.278114,-2.777037,0.353412,1.283473,-2.799485,25,25,27,25,25,26,27,25,27,27,26,27
1791409102.141358,-0.056445,1.244724,-2.771950,0.054386,1.246994,-2.798063,-0.358119,1.278144,-2.777021,0.353412,1.283473,-2.799469,25,25,27,25,25,26,27,25,27,27,25,27
1791409102.161254,-0.056384,1.244724,-2.771966,0.054386,1.246964,-2.798047,-0.358089,1.278144,-2.777021,0.353442,1.283443,-2.799485,25,25,27,25,25,26,27,25,27,27,26,27
1791409102.181291,-0.056445,1.244724,-2.771950,0.054356,1.246994,-2.798063,-0.358089,1.278114,-2.777021,0.353442,1.283473,-2.799485,25,25,27,25,25,26,27,25,27,27,25,27
1791409102.201257,-0.056445,1.244724,-2.771950,0.054386,1.246964,-2.798095,-0.358119,1.278114,-2.777021,0.353442,1.283473,-2.799469,25,25,27,25,25,26,27,25,27,27,25,27
1791409102.221296,-0.056445,1.244724,-2.771966,0.054356,1.246994,-2.798063,-0.358119,1.278114,-2.777006,0.353472,1.283473,-2.799469,25,25,27,25,25,26,27,25,27,27,25,27
1791409102.241291,-0.056414,1.244754,-2.771966,0.054356,1.246964,-2.798047,-0.358119,1.278144,-2.777037,0.353442,1.283473,-2.799469,25,25,27,25,25,26,27,25,27,27,25,27
1791409102.261274,-0.056445,1.244724,-2.771950,0.054416,1.246964,-2.798047,-0.358089,1.278114,-2.777021,0.353442,1.283473,-2.799469,25,25,27,25,25,26,27,25,27,27,25,27
1791409102.281269,-0.056384,1.244693,-2.771950,0.054416,1.246994,-2.798063,-0.358150,1.278144,-2.777037,0.353442,1.283473,-2.799469,25,25,27,25,25,26,27,25,27,27,25,27
1791409102.301291,-0.056445,1.244724,-2.771966,0.054386,1.246964,-2.798063,-0.358089,1.278114,-2.777021,0.353442,1.283473,-2.799469,25,25,27,25,25,26,27,25,27,27,25,27
1791409102.321289,-0.056445,1.244693,-2.771950,0.054386,1.246964,-2.798063,-0.358089,1.278144,-2.777021,0.353442,1.283443,-2.799469,25,25,27,25,25,26,27,25,27,27,25,27
1791409102.341308,-0.056414,1.244724,-2.771950,0.054356,1.246964,-2.798063,-0.358119,1.278114,-2.777021,0.353442,1.283473,-2.799485,25,25,27,25,25,26,27,25,27,27,25,27
1791409102.361315,-0.056414,1.244724,-2.771950,0.054356,1.246994,-2.798063,-0.358089,1.278144,-2.777037,0.353442,1.283473,-2.799469,25,25,27,25,25,26,27,25,27,27,26,27
1791409102.381236,-0.056445,1.244724,-2.771982,0.054356,1.246994,-2.798063,-0.358089,1.278144,-2.777021,0.353442,1.283473,-2.799453,25,25,27,25,25,26,27,25,27,27,25,27
1791409102.401269,-0.056475,1.244693,-2.771950,0.054356,1.246964,-2.798063,-0.358119,1.278114,-2.777021,0.353412,1.283473,-2.799469,25,25,27,25,25,26,27,25,27,27,26,27
1791409102.421229,-0.056445,1.244724,-2.771966,0.054356,1.246994,-2.798047,-0.358059,1.278144,-2.777021,0.353412,1.283473,-2.799485,25,25,27,25,25,26,27,25,27,27,25,27
1791409102.441263,-0.056445,1.244724,-2.771966,0.054356,1.246964,-2.798063,-0.358119,1.278114,-2.777037,0.353412,1.283473,-2.799469,25,25,27,25,25,26,27,25,27,27,25,27
1791409102.461260,-0.056414,1.244724,-2.771966,0.054386,1.246964,-2.798047,-0.358119,1.278114,-2.777037,0.353442,1.283473,-2.799469,25,25,27,25,25,26,27,25,27,27,26,27
1791409102.481298,-0.056445,1.244724,-2.771966,0.054386,1.246994,-2.798063,-0.358119,1.278144,-2.777053,0.353442,1.283473,-2.799469,25,25,27,25,25,26,27,25,27,27,25,27
1791409102.501207,-0.056445,1.244724,-2.771950,0.054386,1.246994,-2.798063,-0.358119,1.278144,-2.777021,0.353412,1.283443,-2.799469,25,25,27,25,25,26,27,25,27,27,26,27
1791409102.521319,-0.056445,1.244724,-2.771966,0.054386,1.246994,-2.798063,-0.358089,1.278144,-2.777037,0.353412,1.283473,-2.799469,25,25,27,25,25,26,27,25,27,27,25,27
1791409102.541337,-0.056414,1.244724,-2.771966,0.054356,1.246964,-2.798031,-0.358089,1.278114,-2.777037,0.353442,1.283473,-2.799485,25,25,27,25,25,26,27,25,27,27,25,27
1791409102.561233,-0.056445,1.244724,-2.771950,0.054386,1.246964,-2.798047,-0.358119,1.278144,-2.777021,0.353412,1.283473,-2.799469,25,25,27,25,25,26,27,25,27,27,25,27
1791409102.581257,-0.056445,1.244724,-2.771950,0.054356,1.246994,-2.798063,-0.358150,1.278114,-2.777021,0.353472,1.283473,-2.799469,25,25,27,25,25,26,27,25,27,27,25,27
1791409102.601241,-0.056414,1.244724,-2.771966,0.054386,1.246964,-2.798063,-0.358089,1.278144,-2.777037,0.353412,1.283473,-2.799469,25,25,27,25,25,26,27,25,27,27,25,27
1791409102.621268,-0.056445,1.244693,-2.771950,0.054386,1.246994,-2.798063,-0.358119,1.278114,-2.777021,0.353442,1.283473,-2.799485,25,25,27,25,25,26,27,25,27,27,25,27
1791409102.641270,-0.056414,1.244724,-2.771950,0.054386,1.246994,-2.798063,-0.358119,1.278084,-2.777021,0.353442,1.283473,-2.799485,25,25,27,25,25,26,27,25,27,27,26,27
1791409102.661318,-0.056414,1.244724,-2.771950,0.054386,1.246994,-2.798063,-0.358119,1.278114,-2.777021,0.353442,1.283443,-2.799469,25,25,27,25,25,26,27,25,27,27,25,27
1791409102.681294,-0.056414,1.244724,-2.771966,0.054356,1.246964,-2.798063,-0.358089,1.278114,-2.777053,0.353442,1.283473,-2.799469,25,25,27,25,25,26,27,25,27,27,25,27
1791409102.701312,-0.056414,1.244693,-2.771966,0.054325,1.246964,-2.798047,-0.358089,1.278114,-2.777021,0.353442,1.283443,-2.799485,25,25,27,25,25,26,27,25,27,27,25,27
1791409102.721237,-0.056475,1.244724,-2.771966,0.054386,1.246964,-2.798047,-0.358059,1.278114,-2.777037,0.353412,1.283443,-2.799469,25,25,27,25,25,26,27,25,27,27,25,27
1791409102.741285,-0.056414,1.244724,-2.771966,0.054356,1.246964,-2.798079,-0.358119,1.278114,-2.777037,0.353412,1.283473,-2.799469,25,25,27,25,25,26,27,25,27,27,25,27
1791409102.761263,-0.056445,1.244693,-2.771966,0.054356,1.246964,-2.798063,-0.358119,1.278114,-2.777021,0.353412,1.283443,-2.799469,25,25,27,25,25,26,27,25,27,27,25,27
1791409102.781311,-0.056445,1.244724,-2.771950,0.054356,1.246994,-2.798063,-0.358119,1.278114,-2.777021,0.353472,1.283473,-2.799469,25,25,27,25,25,26,27,25,27,27,25,27
1791409102.801371,-0.056445,1.244724,-2.771950,0.054356,1.246964,-2.798063,-0.358089,1.278084,-2.777021,0.353442,1.283473,-2.799485,25,25,27,25,25,26,27,25,27,27,25,27
1791409102.821278,-0.056475,1.244693,-2.771966,0.054386,1.246964,-2.798079,-0.358089,1.278114,-2.777021,0.353442,1.283473,-2.799469,25,25,27,25,25,26,27,25,27,27,25,27
1791409102.841284,-0.056445,1.244663,-2.771950,0.054356,1.246994,-2.798063,-0.358089,1.278114,-2.777037,0.353442,1.283473,-2.799469,25,25,27,25,25,26,27,25,27,27,26,27
1791409102.861396,-0.056445,1.244724,-2.771950,0.054356,1.246964,-2.798063,-0.358089,1.278144,-2.777037,0.353442,1.283473,-2.799469,25,25,27,25,25,26,27,25,27,27,25,27
1791409102.881306,-0.056445,1.244693,-2.771966,0.054386,1.246994,-2.798063,-0.358089,1.278144,-2.777021,0.353412,1.283473,-2.799485,25,25,27,25,25,26,27,25,27,27,26,27
1791409102.901328,-0.056475,1.244693,-2.771950,0.054386,1.246964,-2.798063,-0.358119,1.278114,-2.777021,0.353442,1.283473,-2.799469,25,25,27,25,25,26,27,25,27,27,25,27
1791409102.921351,-0.056445,1.244693,-2.771950,0.054386,1.246994,-2.798063,-0.358089,1.278114,-2.777021,0.353412,1.283473,-2.799469,25,25,27,25,25,26,27,25,27,27,25,27
1791409102.941328,-0.056414,1.244724,-2.771950,0.054356,1.246994,-2.798047,-0.358150,1.278114,-2.777021,0.353442,1.283443,-2.799453,25,25,27,25,25,26,27,25,27,27,25,27
1791409102.961373,-0.056475,1.244724,-2.771950,0.054356,1.246994,-2.798063,-0.358119,1.278114,-2.777037,0.353442,1.283443,-2.799469,25,25,27,25,25,26,27,25,27,27,25,27
1791409102.981322,-0.056445,1.244693,-2.771966,0.054356,1.246964,-2.798063,-0.358119,1.278144,-2.777021,0.353442,1.283473,-2.799453,25,25,27,25,25,26,27,25,27,27,25,27
1791409103.001327,-0.056445,1.244754,-2.771935,0.054356,1.247025,-2.798063,-0.358089,1.278114,-2.777021,0.353442,1.283473,-2.799469,25,25,27,25,25,26,27,25,27,27,25,27
1791409103.021333,-0.056445,1.244724,-2.771966,0.054386,1.246994,-2.798047,-0.358119,1.278114,-2.777021,0.353442,1.283473,-2.799469,25,25,27,25,25,26,27,25,27,27,25,27
1791409103.041332,-0.056414,1.244693,-2.771950,0.054356,1.246994,-2.798063,-0.358119,1.278114,-2.777037,0.353442,1.283473,-2.799485,25,25,27,25,25,26,27,25,27,27,25,27
1791409103.061162,-0.056445,1.244724,-2.771950,0.054386,1.246964,-2.798047,-0.358089,1.278144,-2.777037,0.353472,1.283443,-2.799469,25,25,27,25,25,26,27,25,27,27,25,27
1791409103.081279,-0.056414,1.244724,-2.771966,0.054386,1.246994,-2.798063,-0.358089,1.278114,-2.777021,0.353442,1.283473,-2.799485,25,25,27,25,25,26,27,25,27,27,25,27
1791409103.101408,-0.056414,1.244724,-2.771966,0.054386,1.246994,-2.798047,-0.358089,1.278114,-2.777021,0.353442,1.283473,-2.799485,25,25,27,25,25,26,27,25,27,27,25,27
1791409103.121360,-0.056445,1.244784,-2.771950,0.054356,1.246964,-2.798047,-0.358119,1.278114,-2.777021,0.353412,1.283473,-2.799469,25,25,27,25,25,26,27,25,27,27,26,27
1791409103.141400,-0.056414,1.244724,-2.771950,0.054386,1.246994,-2.798047,-0.358089,1.278144,-2.777021,0.353442,1.283473,-2.799469,25,25,27,25,25,26,27,25,27,27,25,27
1791409103.161458,-0.056445,1.244724,-2.771950,0.054356,1.246964,-2.798079,-0.358089,1.278144,-2.777021,0.353442,1.283504,-2.799485,25,25,27,25,25,26,27,25,27,27,25,27
1791409103.181326,-0.056445,1.244724,-2.771966,0.054386,1.246994,-2.798063,-0.358119,1.278144,-2.777021,0.353412,1.283473,-2.799469,25,25,27,25,25,26,27,25,27,27,26,27
1791409103.201353,-0.056414,1.244693,-2.771966,0.054386,1.246964,-2.798063,-0.358089,1.278144,-2.777021,0.353442,1.283473,-2.799469,25,25,27,25,25,26,27,25,27,27,25,27
1791409103.221330,-0.056445,1.244724,-2.771966,0.054356,1.246964,-2.798079,-0.358119,1.278084,-2.777037,0.353442,1.283473,-2.799485,25,25,27,25,25,26,27,25,27,27,26,27
1791409103.241444,-0.056445,1.244724,-2.771950,0.054386,1.246964,-2.798047,-0.358089,1.278114,-2.777021,0.353412,1.283473,-2.799469,25,25,27,25,25,26,27,25,27,27,26,27
1791409103.261280,-0.056414,1.244693,-2.771950,0.054386,1.246964,-2.798047,-0.358119,1.278144,-2.777021,0.353412,1.283443,-2.799469,25,25,27,25,25,26,27,25,27,27,25,27
1791409103.281419,-0.056445,1.244693,-2.771966,0.054356,1.246994,-2.798079,-0.358089,1.278114,-2.777037,0.353412,1.283443,-2.799453,25,25,27,25,25,26,27,25,27,27,25,27
1791409103.301335,-0.056445,1.244724,-2.771966,0.054386,1.246964,-2.798047,-0.358089,1.278114,-2.777021,0.353442,1.283473,-2.799485,25,25,27,25,25,26,27,25,27,27,26,27
1791409103.321368,-0.056445,1.244693,-2.771950,0.054356,1.246994,-2.798063,-0.358119,1.278175,-2.777037,0.353412,1.283473,-2.799469,25,25,27,25,25,26,27,25,27,27,25,27
1791409103.341289,-0.056445,1.244724,-2.771966,0.054386,1.246964,-2.798063,-0.358119,1.278114,-2.777006,0.353442,1.283473,-2.799469,25,25,27,25,25,26,27,25,27,27,26,27
1791409103.361426,-0.056445,1.244693,-2.771950,0.054356,1.246994,-2.798031,-0.358089,1.278144,-2.777006,0.353442,1.283473,-2.799485,25,25,27,25,25,26,27,25,27,27,26,27
1791409103.381286,-0.056445,1.244724,-2.771982,0.054356,1.246994,-2.798063,-0.358119,1.278114,-2.777037,0.353442,1.283473,-2.799485,25,25,27,25,25,26,27,25,27,27,25,27
1791409103.401376,-0.056475,1.244724,-2.771950,0.054386,1.246994,-2.798047,-0.358119,1.278114,-2.777021,0.353442,1.283473,-2.799469,25,25,27,25,25,26,27,25,27,27,26,27
1791409103.421322,-0.056445,1.244724,-2.771966,0.054356,1.246964,-2.798063,-0.358119,1.278114,-2.777037,0.353442,1.283443,-2.799469,25,25,27,25,25,26,27,25,27,27,25,27
1791409103.441320,-0.056475,1.244754,-2.771950,0.054386,1.246964,-2.798047,-0.358089,1.278084,-2.777021,0.353442,1.283443,-2.799485,25,25,27,25,25,26,27,25,27,27,26,27
1791409103.461428,-0.056445,1.244724,-2.771966,0.054386,1.246994,-2.798047,-0.358119,1.278084,-2.777021,0.353442,1.283473,-2.799485,25,25,27,25,25,26,27,25,27,27,25,27
1791409103.481333,-0.056445,1.244724,-2.771966,0.054386,1.246964,-2.798047,-0.358150,1.278114,-2.777021,0.353442,1.283443,-2.799469,25,25,27,25,25,26,27,25,27,27,25,27
1791409103.501395,-0.056475,1.244693,-2.771950,0.054325,1.246964,-2.798063,-0.358119,1.278114,-2.777037,0.353412,1.283473,-2.799469,25,25,27,25,25,26,27,25,27,27,25,27
1791409103.521375,-0.056445,1.244724,-2.771950,0.054386,1.246964,-2.798047,-0.358150,1.278114,-2.777037,0.353442,1.283473,-2.799469,25,25,27,25,25,26,27,25,27,27,26,27
1791409103.541375,-0.056445,1.244724,-2.771966,0.054386,1.246964,-2.798047,-0.358119,1.278144,-2.777037,0.353442,1.283473,-2.799469,25,25,27,25,25,26,27,25,27,27,25,27
1791409103.561332,-0.056445,1.244724,-2.771966,0.054386,1.246964,-2.798063,-0.358119,1.278144,-2.777037,0.353412,1.283473,-2.799469,25,25,27,25,25,26,27,25,27,27,25,27
1791409103.581367,-0.056445,1.244693,-2.771966,0.054416,1.246994,-2.798047,-0.358089,1.278114,-2.777021,0.353442,1.283473,-2.799469,25,25,27,25,25,26,27,25,27,27,25,27
1791409103.601380,-0.056384,1.244724,-2.771950,0.054386,1.246994,-2.798047,-0.358089,1.278114,-2.777021,0.353442,1.283473,-2.799469,25,25,27,25,25,26,27,25,27,27,25,27
1791409103.621351,-0.056445,1.244724,-2.771950,0.054386,1.246994,-2.798063,-0.358119,1.278084,-2.777037,0.353442,1.283473,-2.799485,25,25,27,25,25,26,27,25,27,27,25,27
1791409103.641385,-0.056445,1.244693,-2.771950,0.054356,1.247025,-2.798063,-0.358089,1.278084,-2.777021,0.353412,1.283473,-2.799485,25,25,27,25,25,26,27,25,27,27,26,27
1791409103.661422,-0.056414,1.244693,-2.771966,0.054356,1.246994,-2.798047,-0.358150,1.278114,-2.777021,0.353442,1.283473,-2.799469,25,25,27,25,25,26,27,25,27,27,26,27
1791409103.681312,-0.056445,1.244724,-2.771966,0.054386,1.246994,-2.798063,-0.358119,1.278144,-2.777021,0.353412,1.283473,-2.799453,25,25,27,25,25,26,27,25,27,27,26,27
1791409103.701362,-0.056445,1.244724,-2.771966,0.054386,1.246994,-2.798063,-0.358089,1.278144,-2.777021,0.353442,1.283473,-2.799469,25,25,27,25,25,26,27,25,27,27,25,27
1791409103.721288,-0.056414,1.244754,-2.771950,0.054386,1.246964,-2.798047,-0.358089,1.278144,-2.777021,0.353472,1.283443,-2.799469,25,25,27,25,25,26,27,25,27,27,25,27
1791409103.741255,-0.056414,1.244724,-2.771950,0.054356,1.246994,-2.798063,-0.358119,1.278114,-2.777021,0.353442,1.283443,-2.799500,25,25,27,25,25,26,27,25,27,27,26,27
1791409103.761162,-0.056414,1.244754,-2.771966,0.054356,1.246994,-2.798047,-0.358089,1.278144,-2.777021,0.353442,1.283473,-2.799485,25,25,27,25,25,26,27,25,27,27,25,27
1791409103.781195,-0.056414,1.244693,-2.771950,0.054386,1.246964,-2.798063,-0.358089,1.278144,-2.777037,0.353442,1.283443,-2.799469,25,25,27,25,25,26,27,25,27,27,26,27
1791409103.801192,-0.056414,1.244724,-2.771950,0.054356,1.246964,-2.798047,-0.358089,1.278114,-2.777037,0.353442,1.283473,-2.799469,25,25,27,25,25,26,27,25,27,27,25,27
1791409103.821192,-0.056445,1.244724,-2.771966,0.054386,1.246994,-2.798079,-0.358119,1.278114,-2.777037,0.353442,1.283473,-2.799469,25,25,27,25,25,26,27,25,27,27,26,27
1791409103.841202,-0.056414,1.244724,-2.771950,0.054386,1.246994,-2.798063,-0.358119,1.278175,-2.777037,0.353442,1.283473,-2.799485,25,25,27,25,25,26,27,25,27,27,25,27
1791409103.861175,-0.056445,1.244693,-2.771966,0.054386,1.246964,-2.798063,-0.358150,1.278144,-2.777037,0.353442,1.283443,-2.799485,25,25,27,25,25,26,27,25,27,27,25,27
1791409103.881294,-0.056445,1.244693,-2.771966,0.054356,1.246994,-2.798047,-0.358119,1.278114,-2.777021,0.353442,1.283443,-2.799485,25,25,27,25,25,26,27,25,27,27,25,27
1791409103.901310,-0.056445,1.244724,-2.771966,0.054386,1.246964,-2.798063,-0.358119,1.278144,-2.777021,0.353412,1.283443,-2.799469,25,25,27,25,25,26,27,25,27,27,26,27
1791409103.921205,-0.056445,1.244693,-2.771966,0.054386,1.246994,-2.798063,-0.358119,1.278114,-2.777053,0.353472,1.283443,-2.799485,25,25,27,25,25,26,27,25,27,27,25,27
1791409103.941144,-0.056414,1.244724,-2.771950,0.054356,1.246994,-2.798063,-0.358089,1.278144,-2.777021,0.353442,1.283473,-2.799485,25,25,27,25,25,26,27,25,27,27,25,27
1791409103.961205,-0.056445,1.244724,-2.771950,0.054356,1.246994,-2.798063,-0.358119,1.278114,-2.777021,0.353442,1.283473,-2.799469,25,25,27,25,25,26,27,25,27,27,25,27
1791409103.981218,-0.056445,1.244724,-2.771966,0.054386,1.246964,-2.798063,-0.358119,1.278114,-2.777037,0.353472,1.283473,-2.799469,25,25,27,25,25,26,27,25,27,27,26,27
1791409104.001209,-0.056475,1.244724,-2.771966,0.054386,1.246964,-2.798047,-0.358150,1.278114,-2.777021,0.353472,1.283473,-2.799469,25,25,27,25,25,26,27,25,27,27,26,27
1791409104.021198,-0.056445,1.244693,-2.771950,0.054356,1.246964,-2.798063,-0.358089,1.278144,-2.777021,0.353472,1.283473,-2.799485,25,25,27,25,25,26,27,25,27,27,26,27
1791409104.041247,-0.056445,1.244724,-2.771966,0.054386,1.246994,-2.798063,-0.358089,1.278144,-2.777037,0.353442,1.283473,-2.799453,25,25,27,25,25,26,27,25,27,27,25,27
1791409104.061260,-0.056475,1.244724,-2.771950,0.054386,1.246994,-2.798063,-0.358089,1.278144,-2.777021,0.353472,1.283443,-2.799469,25,25,27,25,25,26,27,25,27,27,26,27
1791409104.081224,-0.056445,1.244724,-2.771950,0.054356,1.246964,-2.798047,-0.358089,1.278114,-2.777037,0.353442,1.283443,-2.799485,25,25,27,25,25,26,27,25,27,27,26,27
1791409104.101183,-0.056445,1.244724,-2.771966,0.054386,1.246994,-2.798063,-0.358119,1.278144,-2.777021,0.353442,1.283473,-2.799469,25,25,27,25,25,26,27,25,27,27,26,27
1791409104.121222,-0.056414,1.244693,-2.771966,0.054386,1.246994,-2.798063,-0.358089,1.278114,-2.777021,0.353442,1.283473,-2.799469,25,25,27,25,25,26,27,25,27,27,25,27
1791409104.141175,-0.056475,1.244724,-2.771982,0.054356,1.246994,-2.798063,-0.358150,1.278114,-2.777021,0.353442,1.283473,-2.799469,25,25,27,25,25,26,27,25,27,27,25,27
1791409104.161199,-0.056475,1.244754,-2.771950,0.054386,1.246994,-2.798047,-0.358119,1.278144,-2.777021,0.353442,1.283473,-2.799453,25,25,27,25,25,26,27,25,27,27,25,27
1791409104.181199,-0.056445,1.244724,-2.771966,0.054356,1.246994,-2.798063,-0.358119,1.278114,-2.777037,0.353442,1.283504,-2.799469,26,25,27,25,25,26,27,25,27,27,25,27
1791409104.201205,-0.056445,1.244754,-2.771935,0.054325,1.246964,-2.798063,-0.358119,1.278114,-2.777021,0.353442,1.283473,-2.799485,25,25,27,25,25,26,27,25,27,27,25,27
1791409104.221232,-0.056445,1.244693,-2.771982,0.054356,1.246994,-2.798079,-0.358150,1.278114,-2.777021,0.353442,1.283504,-2.799469,25,25,27,25,25,26,27,25,27,27,26,27
1791409104.241208,-0.056414,1.244663,-2.771935,0.054356,1.246964,-2.798063,-0.358119,1.278144,-2.777037,0.353442,1.283473,-2.799469,26,25,27,25,25,26,27,25,27,27,26,27
1791409104.261481,-0.056445,1.244693,-2.771950,0.054356,1.246994,-2.798063,-0.358119,1.278144,-2.777021,0.353442,1.283473,-2.799469,25,25,27,25,25,26,27,25,27,27,25,27
1791409104.281709,-0.056414,1.244724,-2.771966,0.054386,1.246964,-2.798063,-0.358119,1.278144,-2.777037,0.353472,1.283473,-2.799469,25,25,27,25,25,26,27,25,27,27,25,27
1791409104.301429,-0.056445,1.244693,-2.771950,0.054356,1.247025,-2.798031,-0.358089,1.278175,-2.777037,0.353472,1.283473,-2.799469,25,25,27,25,25,26,27,25,27,27,26,27
1791409104.321871,-0.056414,1.244724,-2.771966,0.054356,1.247025,-2.798047,-0.358089,1.278144,-2.777021,0.353442,1.283473,-2.799485,25,25,27,25,25,26,27,25,27,27,25,27
1791409104.341578,-0.056445,1.244724,-2.771950,0.054386,1.246964,-2.798063,-0.358089,1.278175,-2.777053,0.353442,1.283443,-2.799469,25,25,27,25,25,26,27,25,27,27,25,27
1791409104.361423,-0.056414,1.244754,-2.771950,0.054386,1.246994,-2.798047,-0.358119,1.278114,-2.777037,0.353442,1.283473,-2.799485,25,25,27,25,25,26,27,25,27,27,25,27
1791409104.381611,-0.056414,1.244724,-2.771966,0.054386,1.246994,-2.798079,-0.358119,1.278144,-2.777037,0.353442,1.283473,-2.799469,25,25,27,25,25,26,27,25,27,27,25,27
1791409104.401578,-0.056384,1.244724,-2.771950,0.054386,1.246964,-2.798063,-0.358089,1.278114,-2.777021,0.353472,1.283473,-2.799485,25,25,27,25,25,26,27,25,27,27,26,27
1791409104.421382,-0.056445,1.244724,-2.771966,0.054356,1.246994,-2.798079,-0.358119,1.278114,-2.777021,0.353442,1.283443,-2.799469,25,25,27,25,25,26,27,25,27,27,25,27
1791409104.441474,-0.056414,1.244724,-2.771966,0.054325,1.246964,-2.798063,-0.358119,1.278114,-2.777021,0.353472,1.283504,-2.799485,25,25,27,25,25,26,27,25,27,27,26,27
1791409104.461316,-0.056414,1.244724,-2.771935,0.054386,1.246994,-2.798079,-0.358089,1.278114,-2.777037,0.353442,1.283473,-2.799485,25,25,27,25,25,26,27,25,27,27,25,27
1791409104.481336,-0.056414,1.244693,-2.771966,0.054386,1.246964,-2.798063,-0.358150,1.278114,-2.777021,0.353442,1.283473,-2.799469,25,25,27,25,25,26,27,25,27,27,25,27
1791409104.501344,-0.056445,1.244693,-2.771966,0.054386,1.246964,-2.798079,-0.358089,1.278114,-2.777021,0.353442,1.283473,-2.799485,25,25,27,25,25,26,27,25,27,27,25,27
1791409104.521386,-0.056475,1.244693,-2.771950,0.054356,1.246964,-2.798047,-0.358150,1.278144,-2.777037,0.353442,1.283473,-2.799485,25,25,27,25,25,26,27,25,27,27,26,27
1791409104.541331,-0.056445,1.244724,-2.771966,0.054386,1.246964,-2.798079,-0.358119,1.278144,-2.777021,0.353442,1.283473,-2.799469,25,25,27,25,25,26,27,25,27,27,25,27
1791409104.561581,-0.056445,1.244693,-2.771950,0.054356,1.246994,-2.798063,-0.358119,1.278114,-2.777037,0.353442,1.283443,-2.799469,25,25,27,25,25,26,27,25,27,27,25,27
1791409104.581832,-0.056445,1.244693,-2.771950,0.054356,1.246964,-2.798063,-0.358119,1.278144,-2.777037,0.353472,1.283473,-2.799485,25,25,27,25,25,26,27,25,27,27,26,27
1791409104.601602,-0.056445,1.244724,-2.771966,0.054356,1.246964,-2.798063,-0.358119,1.278114,-2.777021,0.353442,1.283473,-2.799453,25,25,27,25,25,26,27,25,27,27,25,27
1791409104.621729,-0.056445,1.244724,-2.771950,0.054356,1.246964,-2.798063,-0.358119,1.278175,-2.777021,0.353442,1.283443,-2.799469,25,25,27,25,25,26,27,25,27,27,26,27
1791409104.641499,-0.056414,1.244693,-2.771966,0.054386,1.246994,-2.798063,-0.358119,1.278114,-2.777021,0.353442,1.283473,-2.799469,25,25,27,25,25,26,27,25,27,27,25,27
1791409104.662106,-0.056445,1.244724,-2.771950,0.054356,1.246964,-2.798063,-0.358119,1.278114,-2.777021,0.353442,1.283473,-2.799469,25,25,27,25,25,26,27,25,27,27,26,27
1791409104.681515,-0.056414,1.244693,-2.771966,0.054356,1.246994,-2.798047,-0.358089,1.278114,-2.777021,0.353442,1.283473,-2.799469,25,25,27,25,25,26,27,25,27,27,25,27
1791409104.701359,-0.056445,1.244724,-2.771950,0.054386,1.246994,-2.798047,-0.358089,1.278144,-2.777037,0.353442,1.283473,-2.799469,25,25,27,25,25,26,27,25,27,27,25,27
1791409104.721449,-0.056414,1.244724,-2.771950,0.054356,1.246994,-2.798047,-0.358119,1.278114,-2.777037,0.353442,1.283443,-2.799485,25,25,27,25,25,26,27,25,27,27,26,27
1791409104.741716,-0.056414,1.244724,-2.771966,0.054386,1.246994,-2.798063,-0.358089,1.278144,-2.777021,0.353442,1.283473,-2.799453,25,25,27,25,25,26,27,25,27,27,25,27
1791409104.761579,-0.056414,1.244724,-2.771935,0.054386,1.246964,-2.798047,-0.358119,1.278144,-2.777021,0.353412,1.283473,-2.799469,25,25,27,25,25,26,27,25,27,27,25,27
1791409104.781208,-0.056445,1.244724,-2.771966,0.054386,1.246964,-2.798063,-0.358089,1.278114,-2.777037,0.353472,1.283473,-2.799469,25,25,27,25,25,26,27,25,27,27,26,27
1791409104.801569,-0.056414,1.244724,-2.771982,0.054356,1.246994,-2.798063,-0.358119,1.278114,-2.777021,0.353442,1.283473,-2.799469,25,25,27,25,25,26,27,25,27,27,26,27
1791409104.821734,-0.056445,1.244724,-2.771935,0.054386,1.246994,-2.798079,-0.358089,1.278144,-2.777037,0.353442,1.283473,-2.799453,25,25,27,25,25,26,27,25,27,27,25,27
1791409104.841447,-0.056445,1.244724,-2.771966,0.054356,1.246934,-2.798079,-0.358089,1.278144,-2.777021,0.353442,1.283473,-2.799469,25,25,27,25,25,26,27,25,27,27,26,27
1791409104.861405,-0.056384,1.244724,-2.771966,0.054356,1.246964,-2.798063,-0.358119,1.278144,-2.777021,0.353442,1.283443,-2.799469,25,25,27,25,25,26,27,25,27,27,26,27
1791409104.881283,-0.056445,1.244724,-2.771966,0.054386,1.246964,-2.798063,-0.358150,1.278144,-2.777037,0.353442,1.283473,-2.799469,25,25,27,25,25,26,27,25,27,27,26,27
1791409104.901304,-0.056445,1.244724,-2.771966,0.054386,1.246964,-2.798063,-0.358089,1.278114,-2.777037,0.353442,1.283473,-2.799469,25,25,27,25,25,26,27,25,27,27,25,27
1791409104.921601,-0.056414,1.244724,-2.771966,0.054356,1.246964,-2.798047,-0.358119,1.278144,-2.777037,0.353442,1.283443,-2.799469,25,25,27,25,25,26,27,25,27,27,25,27
1791409104.941403,-0.056445,1.244724,-2.771966,0.054386,1.246964,-2.798063,-0.358150,1.278084,-2.777037,0.353412,1.283473,-2.799469,25,25,27,25,25,26,27,25,27,27,26,27
1791409104.961339,-0.056445,1.244724,-2.771950,0.054386,1.246964,-2.798079,-0.358119,1.278084,-2.777037,0.353472,1.283443,-2.799469,25,25,27,25,25,26,27,25,27,27,26,27
1791409104.981416,-0.056475,1.244754,-2.771966,0.054386,1.246994,-2.798047,-0.358089,1.278144,-2.777037,0.353442,1.283473,-2.799485,25,25,27,25,25,26,27,25,27,27,25,27
1791409105.001436,-0.056445,1.244693,-2.771966,0.054386,1.246964,-2.798063,-0.358119,1.278144,-2.777021,0.353442,1.283473,-2.799485,25,25,27,25,25,26,27,25,27,27,26,27
1791409105.021722,-0.056475,1.244693,-2.771950,0.054325,1.246964,-2.798063,-0.358089,1.278144,-2.777021,0.353503,1.283443,-2.799469,25,25,27,25,25,26,27,25,27,27,26,27
1791409105.041306,-0.056445,1.244693,-2.771966,0.054386,1.246994,-2.798063,-0.358119,1.278084,-2.777037,0.353442,1.283473,-2.799485,26,25,27,25,25,26,27,25,27,27,25,27
1791409105.061503,-0.056475,1.244724,-2.771966,0.054386,1.246964,-2.798079,-0.358089,1.278084,-2.777021,0.353442,1.283473,-2.799485,25,25,27,25,25,26,27,25,27,27,26,27
1791409105.081375,-0.056475,1.244724,-2.771935,0.054386,1.246964,-2.798063,-0.358089,1.278114,-2.777037,0.353442,1.283473,-2.799469,25,25,27,25,25,26,27,25,27,27,25,27
1791409105.101554,-0.056475,1.244693,-2.771950,0.054386,1.246964,-2.798047,-0.358119,1.278114,-2.777021,0.353472,1.283473,-2.799485,25,25,27,25,25,26,27,25,27,27,26,27
1791409105.121514,-0.056475,1.244724,-2.771950,0.054356,1.246964,-2.798063,-0.358119,1.278114,-2.777037,0.353442,1.283473,-2.799469,25,25,27,25,25,26,27,25,27,27,25,27
1791409105.141403,-0.056475,1.244693,-2.771950,0.054386,1.246994,-2.798047,-0.358150,1.278114,-2.777021,0.353472,1.283443,-2.799469,25,25,27,25,25,26,27,25,27,27,26,27
1791409105.161580,-0.056414,1.244724,-2.771966,0.054325,1.246994,-2.798063,-0.358150,1.278144,-2.777037,0.353442,1.283473,-2.799485,25,25,27,25,25,26,27,25,27,27,26,27
1791409105.181382,-0.056445,1.244724,-2.771966,0.054356,1.246994,-2.798079,-0.358119,1.278144,-2.777037,0.353442,1.283443,-2.799469,25,25,27,25,25,26,27,25,27,27,25,27
1791409105.201368,-0.056445,1.244724,-2.771950,0.054386,1.246964,-2.798063,-0.358119,1.278114,-2.777021,0.353442,1.283473,-2.799485,25,25,27,25,25,26,27,25,27,27,25,27
1791409105.221315,-0.056445,1.244693,-2.771950,0.054386,1.246964,-2.798047,-0.358119,1.278144,-2.777021,0.353442,1.283473,-2.799469,25,25,27,25,25,26,27,25,27,27,26,27
1791409105.242347,-0.056414,1.244693,-2.771935,0.054386,1.246964,-2.798079,-0.358119,1.278084,-2.777037,0.353442,1.283443,-2.799453,25,25,27,25,25,26,27,25,27,27,26,27
1791409105.262084,-0.056445,1.244724,-2.771950,0.054356,1.246994,-2.798047,-0.358119,1.278144,-2.777037,0.353472,1.283473,-2.799485,25,25,27,25,25,26,27,25,27,27,25,27
1791409105.281367,-0.056445,1.244724,-2.771950,0.054386,1.246964,-2.798063,-0.358119,1.278144,-2.777037,0.353472,1.283443,-2.799453,25,25,27,25,25,26,27,25,27,27,25,27
1791409105.301428,-0.056414,1.244724,-2.771950,0.054386,1.246994,-2.798063,-0.358119,1.278175,-2.777037,0.353442,1.283473,-2.799469,25,25,27,25,25,26,27,25,27,27,26,27
1791409105.321381,-0.056445,1.244724,-2.771966,0.054356,1.246994,-2.798079,-0.358089,1.278114,-2.777021,0.353472,1.283443,-2.799485,25,25,27,25,25,26,27,25,27,27,26,27
1791409105.341515,-0.056445,1.244724,-2.771966,0.054386,1.246994,-2.798063,-0.358089,1.278144,-2.777037,0.353412,1.283443,-2.799453,25,25,27,25,25,26,27,25,27,27,26,27
1791409105.361421,-0.056445,1.244693,-2.771966,0.054386,1.246964,-2.798047,-0.358119,1.278114,-2.777037,0.353503,1.283413,-2.799469,25,25,27,25,25,26,27,25,27,27,25,27
1791409105.381704,-0.056414,1.244724,-2.771950,0.054386,1.246994,-2.798063,-0.358119,1.278114,-2.777021,0.353442,1.283473,-2.799485,25,25,27,25,25,26,27,25,27,27,26,27
1791409105.401347,-0.056414,1.244724,-2.771950,0.054356,1.246994,-2.798063,-0.358059,1.278114,-2.777021,0.353472,1.283473,-2.799469,25,25,27,25,25,26,27,25,27,27,26,27
1791409105.421849,-0.056445,1.244724,-2.771966,0.054386,1.246994,-2.798063,-0.358089,1.278144,-2.777021,0.353412,1.283443,-2.799469,25,25,27,25,25,26,27,25,27,27,25,27
1791409105.441534,-0.056445,1.244724,-2.771966,0.054386,1.246994,-2.798047,-0.358119,1.278144,-2.777037,0.353442,1.283443,-2.799469,25,25,27,25,25,26,27,25,27,27,26,27
1791409105.461664,-0.056445,1.244724,-2.771966,0.054386,1.246994,-2.798079,-0.358089,1.278144,-2.777021,0.353442,1.283443,-2.799469,25,25,27,25,25,26,27,25,27,27,25,27
1791409105.481664,-0.056445,1.244724,-2.771966,0.054356,1.246994,-2.798063,-0.358119,1.278175,-2.777037,0.353442,1.283473,-2.799469,25,25,27,25,25,26,27,25,27,27,26,27
1791409105.501854,-0.056445,1.244724,-2.771950,0.054356,1.246994,-2.798063,-0.358150,1.278114,-2.777021,0.353472,1.283473,-2.799469,25,25,27,25,25,26,27,25,27,27,26,27
1791409105.521260,-0.056445,1.244754,-2.771950,0.054386,1.246964,-2.798063,-0.358089,1.278114,-2.777021,0.353472,1.283443,-2.799485,25,25,27,25,25,26,27,25,27,27,26,27
1791409105.541592,-0.056445,1.244693,-2.771966,0.054386,1.246994,-2.798063,-0.358119,1.278144,-2.777021,0.353442,1.283473,-2.799485,25,25,27,25,25,26,27,25,27,27,26,27
1791409105.561376,-0.056445,1.244724,-2.771966,0.054386,1.246994,-2.798047,-0.358150,1.278114,-2.777037,0.353472,1.283504,-2.799469,25,25,27,25,25,26,27,25,27,27,25,27
1791409105.581343,-0.056445,1.244693,-2.771966,0.054386,1.246994,-2.798063,-0.358089,1.278084,-2.777021,0.353442,1.283473,-2.799469,25,25,27,25,25,26,27,25,27,27,25,27
1791409105.601527,-0.056414,1.244724,-2.771950,0.054386,1.246964,-2.798063,-0.358089,1.278144,-2.777021,0.353442,1.283473,-2.799469,25,25,27,25,25,26,27,25,27,27,26,27
1791409105.621381,-0.056445,1.244724,-2.771966,0.054386,1.246994,-2.798063,-0.358089,1.278144,-2.777021,0.353412,1.283473,-2.799453,25,25,27,25,25,26,27,25,27,27,26,27
1791409105.641714,-0.056475,1.244754,-2.771950,0.054356,1.246964,-2.798031,-0.358089,1.278114,-2.777021,0.353442,1.283443,-2.799453,25,25,27,25,25,26,27,25,27,27,26,27
1791409105.661318,-0.056445,1.244693,-2.771950,0.054386,1.246964,-2.798047,-0.358119,1.278175,-2.777037,0.353442,1.283473,-2.799485,25,25,27,25,25,26,27,25,27,27,25,27
1791409105.681426,-0.056414,1.244724,-2.771966,0.054386,1.246994,-2.798063,-0.358119,1.278114,-2.777021,0.353442,1.283473,-2.799485,25,25,27,25,25,26,27,25,27,27,25,27
1791409105.701374,-0.056475,1.244724,-2.771950,0.054386,1.246994,-2.798063,-0.358119,1.278144,-2.777021,0.353412,1.283473,-2.799469,25,25,27,25,25,26,27,25,27,27,25,27
1791409105.721405,-0.056475,1.244754,-2.771950,0.054386,1.246994,-2.798063,-0.358119,1.278114,-2.777037,0.353442,1.283473,-2.799485,25,25,27,25,25,26,27,25,27,27,26,27
1791409105.741480,-0.056414,1.244724,-2.771966,0.054356,1.246964,-2.798063,-0.358150,1.278144,-2.777021,0.353412,1.283443,-2.799469,25,25,27,25,25,26,27,25,27,27,26,27
1791409105.761443,-0.056414,1.244724,-2.771966,0.054325,1.246994,-2.798063,-0.358119,1.278114,-2.777021,0.353442,1.283383,-2.799469,25,25,27,25,25,26,27,25,27,27,26,27
1791409105.781475,-0.056414,1.244724,-2.771950,0.054356,1.246964,-2.798063,-0.358089,1.278114,-2.777021,0.353442,1.283473,-2.799469,25,25,27,25,25,26,27,25,27,27,26,27
1791409105.801387,-0.056445,1.244693,-2.771982,0.054356,1.246964,-2.798079,-0.358119,1.278114,-2.777006,0.353503,1.283473,-2.799485,25,25,27,25,25,26,27,25,27,27,26,27
1791409105.821621,-0.056445,1.244724,-2.771966,0.054386,1.246994,-2.798047,-0.358089,1.278144,-2.777021,0.353442,1.283443,-2.799453,25,25,27,25,25,26,27,25,27,27,26,27
1791409105.841486,-0.056445,1.244724,-2.771966,0.054356,1.247025,-2.798063,-0.358119,1.278114,-2.777037,0.353442,1.283473,-2.799469,25,25,27,25,25,26,27,25,27,27,26,27
1791409105.861464,-0.056414,1.244693,-2.771950,0.054386,1.246964,-2.798063,-0.358119,1.278144,-2.777021,0.353442,1.283473,-2.799469,25,25,27,25,25,26,27,25,27,27,26,27
1791409105.881566,-0.056445,1.244693,-2.771966,0.054386,1.247025,-2.798063,-0.358119,1.278114,-2.777021,0.353442,1.283473,-2.799485,25,25,27,25,25,26,27,25,27,27,26,27
1791409105.901571,-0.056414,1.244724,-2.771966,0.054386,1.246994,-2.798063,-0.358119,1.278084,-2.777037,0.353442,1.283473,-2.799485,25,25,27,25,25,26,27,25,27,27,25,27
1791409105.921464,-0.056414,1.244693,-2.771950,0.054386,1.246964,-2.798063,-0.358089,1.278114,-2.777037,0.353442,1.283473,-2.799469,25,25,27,25,25,26,27,25,27,27,25,27
1791409105.941460,-0.056414,1.244724,-2.771966,0.054356,1.246994,-2.798047,-0.358089,1.278114,-2.777021,0.353442,1.283443,-2.799469,25,25,27,25,25,26,27,25,27,27,26,27
1791409105.961433,-0.056445,1.244724,-2.771966,0.054386,1.246964,-2.798063,-0.358150,1.278114,-2.777021,0.353442,1.283473,-2.799469,26,25,27,25,25,26,27,25,27,27,25,27
1791409105.981556,-0.056475,1.244724,-2.771966,0.054356,1.246964,-2.798063,-0.358089,1.278144,-2.777021,0.353442,1.283443,-2.799469,25,25,27,25,25,26,27,25,27,27,26,27
1791409106.001511,-0.056414,1.244724,-2.771966,0.054386,1.246964,-2.798047,-0.358119,1.278144,-2.777021,0.353472,1.283504,-2.799469,25,25,27,25,25,26,27,25,27,27,26,27
1791409106.021359,-0.056445,1.244693,-2.771966,0.054356,1.246994,-2.798063,-0.358150,1.278144,-2.777021,0.353442,1.283473,-2.799469,26,25,27,25,25,26,27,25,27,27,26,27
1791409106.041406,-0.056445,1.244724,-2.771950,0.054356,1.246994,-2.798063,-0.358119,1.278114,-2.777021,0.353442,1.283443,-2.799469,25,25,27,25,25,26,27,25,27,27,26,27
1791409106.061377,-0.056414,1.244693,-2.771950,0.054356,1.246964,-2.798047,-0.358119,1.278114,-2.777021,0.353442,1.283443,-2.799485,25,25,27,25,25,26,27,25,27,27,26,27
1791409106.081341,-0.056414,1.244724,-2.771966,0.054386,1.246964,-2.798063,-0.358150,1.278144,-2.777021,0.353412,1.283443,-2.799485,25,25,27,25,25,26,27,25,27,27,26,27
1791409106.101356,-0.056414,1.244724,-2.771950,0.054356,1.246964,-2.798047,-0.358089,1.278114,-2.777021,0.353442,1.283473,-2.799469,25,25,27,25,25,26,27,25,27,27,26,27
1791409106.121497,-0.056445,1.244754,-2.771950,0.054356,1.246964,-2.798079,-0.358089,1.278114,-2.777021,0.353442,1.283473,-2.799469,25,25,27,25,25,26,27,25,27,27,26,27
1791409106.141373,-0.056445,1.244724,-2.771950,0.054386,1.246994,-2.798079,-0.358119,1.278144,-2.777021,0.353442,1.283443,-2.799469,25,25,27,25,25,26,27,25,27,27,25,27
1791409106.161548,-0.056475,1.244693,-2.771966,0.054386,1.246994,-2.798063,-0.358089,1.278084,-2.777021,0.353472,1.283443,-2.799485,25,25,27,25,25,26,27,25,27,27,26,27
1791409106.181722,-0.056445,1.244754,-2.771950,0.054386,1.246964,-2.798063,-0.358119,1.278144,-2.777021,0.353442,1.283473,-2.799453,25,25,27,25,25,26,27,25,27,27,26,27
1791409106.201368,-0.056445,1.244693,-2.771950,0.054356,1.246964,-2.798079,-0.358150,1.278114,-2.777021,0.353442,1.283473,-2.799469,25,25,27,25,25,26,27,25,27,27,26,27
1791409106.221486,-0.056475,1.244724,-2.771950,0.054356,1.246994,-2.798063,-0.358119,1.278175,-2.777021,0.353442,1.283443,-2.799469,25,25,27,25,25,26,27,25,27,27,25,27
1791409106.241479,-0.056475,1.244724,-2.771966,0.054386,1.246964,-2.798063,-0.358119,1.278114,-2.777037,0.353442,1.283443,-2.799485,26,25,27,25,25,26,27,25,27,27,26,27
1791409106.261461,-0.056475,1.244724,-2.771950,0.054386,1.246934,-2.798047,-0.358089,1.278144,-2.777037,0.353503,1.283443,-2.799453,25,25,27,25,25,26,27,25,27,27,26,27
1791409106.281368,-0.056445,1.244724,-2.771966,0.054325,1.246964,-2.798063,-0.358119,1.278144,-2.777037,0.353472,1.283473,-2.799485,25,25,27,25,25,26,27,25,27,27,26,27
1791409106.301522,-0.056475,1.244724,-2.771950,0.054356,1.246994,-2.798079,-0.358119,1.278114,-2.777021,0.353442,1.283473,-2.799469,25,25,27,25,25,26,27,25,27,27,26,27
1791409106.321544,-0.056475,1.244693,-2.771950,0.054356,1.246994,-2.798063,-0.358119,1.278114,-2.777021,0.353472,1.283473,-2.799469,26,25,27,25,25,26,27,25,27,27,25,27
1791409106.341392,-0.056445,1.244724,-2.771966,0.054356,1.247025,-2.798047,-0.358119,1.278084,-2.777037,0.353442,1.283443,-2.799469,25,25,27,25,25,26,27,25,27,27,25,27
1791409106.361343,-0.056414,1.244724,-2.771950,0.054386,1.246994,-2.798063,-0.358119,1.278084,-2.777021,0.353472,1.283504,-2.799469,25,25,27,25,25,26,27,25,27,27,26,27
1791409106.381384,-0.056475,1.244693,-2.771950,0.054356,1.246994,-2.798063,-0.358089,1.278114,-2.777021,0.353503,1.283443,-2.799469,25,25,27,25,25,26,27,25,27,27,25,27
1791409106.401477,-0.056445,1.244693,-2.771950,0.054386,1.246994,-2.798063,-0.358119,1.278114,-2.777037,0.353442,1.283443,-2.799485,25,25,27,25,25,26,27,25,27,27,26,27
1791409106.421618,-0.056445,1.244724,-2.771966,0.054386,1.246994,-2.798047,-0.358119,1.278114,-2.777037,0.353472,1.283473,-2.799453,25,25,27,25,25,26,27,25,27,27,26,27
1791409106.441474,-0.056475,1.244724,-2.771966,0.054386,1.247025,-2.798063,-0.358150,1.278114,-2.777021,0.353442,1.283473,-2.799469,25,25,27,25,25,26,27,25,27,27,26,27
1791409106.461462,-0.056445,1.244724,-2.771950,0.054416,1.246994,-2.798079,-0.358089,1.278144,-2.777021,0.353442,1.283443,-2.799485,25,25,27,25,25,26,27,25,27,27,26,27
1791409106.481644,-0.056445,1.244754,-2.771966,0.054356,1.246994,-2.798047,-0.358089,1.278114,-2.777021,0.353442,1.283473,-2.799485,25,25,27,25,25,26,27,25,27,27,26,27
1791409106.501492,-0.056445,1.244724,-2.771950,0.054386,1.246994,-2.798047,-0.358119,1.278084,-2.777037,0.353472,1.283473,-2.799485,25,25,27,25,25,26,27,25,27,27,26,27
1791409106.521291,-0.056414,1.244724,-2.771966,0.054356,1.246964,-2.798063,-0.358089,1.278175,-2.777037,0.353442,1.283473,-2.799469,25,25,27,25,25,26,27,25,27,27,26,27
1791409106.541345,-0.056445,1.244693,-2.771966,0.054356,1.246964,-2.798063,-0.358119,1.278144,-2.777021,0.353472,1.283473,-2.799469,25,25,27,25,25,26,27,25,27,27,25,27
1791409106.561350,-0.056445,1.244693,-2.771966,0.054386,1.246964,-2.798047,-0.358119,1.278144,-2.777021,0.353442,1.283473,-2.799485,25,25,27,25,25,26,27,25,27,27,26,27
1791409106.581437,-0.056445,1.244724,-2.771950,0.054386,1.246994,-2.798063,-0.358089,1.278144,-2.777037,0.353442,1.283473,-2.799469,25,25,27,25,25,26,27,25,27,27,25,27
1791409106.601354,-0.056475,1.244724,-2.771966,0.054386,1.246994,-2.798047,-0.358150,1.278114,-2.777021,0.353442,1.283473,-2.799469,26,25,27,25,25,26,27,25,27,27,26,27
1791409106.621360,-0.056445,1.244724,-2.771966,0.054416,1.246964,-2.798063,-0.358119,1.278144,-2.777021,0.353503,1.283473,-2.799469,25,25,27,25,25,26,27,25,27,27,26,27
1791409106.641622,-0.056445,1.244693,-2.771950,0.054386,1.246964,-2.798079,-0.358150,1.278144,-2.777037,0.353503,1.283473,-2.799469,25,25,27,25,25,26,27,25,27,27,25,27
1791409106.661467,-0.056414,1.244724,-2.771950,0.054356,1.246994,-2.798063,-0.358119,1.278114,-2.777006,0.353442,1.283443,-2.799453,25,25,27,25,25,26,27,25,27,27,26,27
1791409106.681546,-0.056414,1.244724,-2.771950,0.054356,1.246994,-2.798063,-0.358150,1.278144,-2.777021,0.353442,1.283473,-2.799485,25,25,27,25,25,26,27,25,27,27,26,27
1791409106.701478,-0.056445,1.244754,-2.771950,0.054386,1.246994,-2.798063,-0.358119,1.278114,-2.777021,0.353503,1.283504,-2.799469,25,25,27,25,25,26,27,25,27,27,25,27
1791409106.721451,-0.056384,1.244724,-2.771950,0.054356,1.246964,-2.798063,-0.358150,1.278114,-2.777021,0.353442,1.283473,-2.799469,25,25,27,25,25,26,27,25,27,27,25,27
1791409106.741443,-0.056414,1.244754,-2.771950,0.054416,1.246994,-2.798063,-0.358089,1.278114,-2.777021,0.353412,1.283473,-2.799485,25,25,27,25,25,26,27,25,27,27,26,27
1791409106.761400,-0.056414,1.244724,-2.771950,0.054386,1.246994,-2.798063,-0.358150,1.278114,-2.777021,0.353442,1.283473,-2.799469,26,25,27,25,25,26,27,25,27,27,25,27
1791409106.781374,-0.056414,1.244693,-2.771966,0.054356,1.246964,-2.798047,-0.358150,1.278144,-2.777021,0.353442,1.283473,-2.799469,25,25,27,25,25,26,27,25,27,27,26,27
1791409106.801378,-0.056414,1.244724,-2.771966,0.054356,1.246964,-2.798063,-0.358150,1.278114,-2.777021,0.353442,1.283443,-2.799453,25,25,27,25,25,26,27,25,27,27,26,27
1791409106.821341,-0.056445,1.244754,-2.771966,0.054386,1.246994,-2.798047,-0.358150,1.278114,-2.777006,0.353472,1.283473,-2.799453,26,25,27,25,25,26,27,25,27,27,26,27
1791409106.841371,-0.056414,1.244724,-2.771950,0.054356,1.246994,-2.798063,-0.358119,1.278144,-2.777021,0.353472,1.283473,-2.799469,25,25,27,25,25,26,27,25,27,27,25,27
1791409106.861405,-0.056445,1.244724,-2.771950,0.054386,1.246964,-2.798063,-0.358150,1.278114,-2.777021,0.353442,1.283473,-2.799469,25,25,27,25,25,26,27,25,27,27,25,27
1791409106.881450,-0.056445,1.244693,-2.771966,0.054356,1.246994,-2.798063,-0.358119,1.278114,-2.777037,0.353442,1.283473,-2.799469,25,25,27,25,25,26,27,25,27,27,25,27
1791409106.901684,-0.056414,1.244754,-2.771982,0.054356,1.246964,-2.798063,-0.358089,1.278114,-2.777021,0.353472,1.283473,-2.799485,25,25,27,25,25,26,27,25,27,27,25,27
1791409106.921469,-0.056445,1.244693,-2.771935,0.054325,1.246994,-2.798063,-0.358119,1.278144,-2.777021,0.353503,1.283473,-2.799485,25,25,27,25,25,26,27,25,27,27,25,27
1791409106.941633,-0.056475,1.244724,-2.771966,0.054386,1.246964,-2.798063,-0.358119,1.278114,-2.777021,0.353472,1.283473,-2.799469,25,25,27,25,25,26,27,25,27,27,25,27
1791409106.961441,-0.056414,1.244693,-2.771950,0.054416,1.246964,-2.798063,-0.358119,1.278144,-2.777037,0.353442,1.283473,-2.799469,25,25,27,25,25,26,27,25,27,27,26,27
1791409106.981494,-0.056414,1.244724,-2.771982,0.054356,1.246964,-2.798047,-0.358119,1.278144,-2.777021,0.353442,1.283473,-2.799453,26,25,27,25,25,26,27,25,27,27,26,27
1791409107.001400,-0.056414,1.244693,-2.771966,0.054356,1.246964,-2.798079,-0.358119,1.278114,-2.777021,0.353442,1.283473,-2.799469,26,25,27,25,25,26,27,25,27,27,25,27
1791409107.021943,-0.056414,1.244724,-2.771966,0.054386,1.246964,-2.798063,-0.358119,1.278114,-2.777037,0.353442,1.283473,-2.799469,25,25,27,25,25,26,27,25,27,27,26,27
1791409107.041885,-0.056445,1.244724,-2.771950,0.054386,1.246994,-2.798047,-0.358089,1.278114,-2.777037,0.353442,1.283473,-2.799485,25,25,27,25,25,26,27,25,27,27,25,27
1791409107.061606,-0.056445,1.244724,-2.771966,0.054356,1.246964,-2.798063,-0.358119,1.278144,-2.777021,0.353442,1.283473,-2.799485,25,25,27,25,25,26,27,25,27,27,26,27
1791409107.081342,-0.056445,1.244724,-2.771966,0.054356,1.246994,-2.798063,-0.358150,1.278084,-2.777021,0.353503,1.283473,-2.799469,25,25,27,25,25,26,27,25,27,27,26,27
1791409107.101569,-0.056445,1.244693,-2.771966,0.054356,1.246964,-2.798079,-0.358119,1.278144,-2.777021,0.353442,1.283473,-2.799485,25,25,27,25,25,26,27,25,27,27,25,27
1791409107.121422,-0.056475,1.244724,-2.771966,0.054386,1.246994,-2.798063,-0.358119,1.278144,-2.777037,0.353503,1.283473,-2.799469,25,25,27,25,25,26,27,25,27,27,26,27
1791409107.141431,-0.056475,1.244724,-2.771950,0.054356,1.246994,-2.798063,-0.358089,1.278144,-2.777037,0.353442,1.283473,-2.799469,25,25,27,25,25,26,27,25,27,27,26,27
1791409107.161426,-0.056445,1.244693,-2.771966,0.054386,1.246994,-2.798047,-0.358089,1.278144,-2.777037,0.353503,1.283473,-2.799485,25,25,27,25,25,26,27,25,27,27,26,27
1791409107.181585,-0.056445,1.244693,-2.771966,0.054386,1.246994,-2.798063,-0.358089,1.278144,-2.777037,0.353442,1.283473,-2.799469,25,25,27,25,25,26,27,25,27,27,26,27
1791409107.201340,-0.056445,1.244724,-2.771966,0.054386,1.246994,-2.798063,-0.358119,1.278114,-2.777053,0.353442,1.283473,-2.799453,26,25,27,25,25,26,27,25,27,27,25,27
1791409107.221379,-0.056445,1.244724,-2.771950,0.054386,1.246994,-2.798063,-0.358150,1.278144,-2.777021,0.353442,1.283473,-2.799469,25,25,27,25,25,26,27,25,27,27,25,27
1791409107.241420,-0.056475,1.244724,-2.771950,0.054356,1.246994,-2.798079,-0.358119,1.278144,-2.777021,0.353442,1.283473,-2.799485,25,25,27,25,25,26,27,25,27,27,26,27
1791409107.261501,-0.056505,1.244754,-2.771950,0.054356,1.246964,-2.798063,-0.358119,1.278144,-2.777037,0.353503,1.283473,-2.799469,25,25,27,25,25,26,27,25,27,27,26,27
1791409107.281481,-0.056475,1.244693,-2.771966,0.054356,1.246964,-2.798079,-0.358150,1.278144,-2.777021,0.353442,1.283443,-2.799485,25,25,27,25,25,26,27,25,27,27,26,27
1791409107.301492,-0.056445,1.244724,-2.771950,0.054416,1.246994,-2.798047,-0.358119,1.278114,-2.777021,0.353472,1.283473,-2.799469,25,25,27,25,25,26,27,25,27,27,26,27
1791409107.321520,-0.056445,1.244693,-2.771966,0.054386,1.246994,-2.798047,-0.358089,1.278144,-2.777021,0.353442,1.283443,-2.799469,25,25,27,25,25,26,27,25,27,27,25,27
1791409107.341414,-0.056445,1.244693,-2.771966,0.054386,1.246964,-2.798063,-0.358150,1.278175,-2.777021,0.353412,1.283473,-2.799469,25,25,27,25,25,26,27,25,27,27,26,27
1791409107.361435,-0.056445,1.244724,-2.771950,0.054356,1.246964,-2.798047,-0.358119,1.278144,-2.777037,0.353442,1.283443,-2.799469,26,25,27,25,25,26,27,25,27,27,26,27
1791409107.381777,-0.056445,1.244724,-2.771966,0.054356,1.246994,-2.798047,-0.358119,1.278144,-2.777037,0.353442,1.283443,-2.799469,25,25,27,25,25,26,27,25,27,27,26,27
1791409107.401395,-0.056445,1.244724,-2.771982,0.054356,1.246994,-2.798047,-0.358119,1.278144,-2.777021,0.353442,1.283443,-2.799485,25,25,27,25,25,26,27,25,27,27,26,27
1791409107.421326,-0.056445,1.244724,-2.771966,0.054325,1.246964,-2.798079,-0.358150,1.278175,-2.777037,0.353442,1.283473,-2.799469,25,25,27,25,25,26,27,25,27,27,25,27
1791409107.441299,-0.056475,1.244724,-2.771966,0.054356,1.247025,-2.798063,-0.358119,1.278144,-2.777021,0.353472,1.283443,-2.799469,25,25,27,25,25,26,27,25,27,27,26,27
1791409107.461561,-0.056475,1.244724,-2.771966,0.054386,1.246994,-2.798047,-0.358119,1.278084,-2.777021,0.353442,1.283473,-2.799485,25,25,27,25,25,26,27,25,27,27,26,27
1791409107.481881,-0.056414,1.244724,-2.771950,0.054386,1.246964,-2.798063,-0.358119,1.278114,-2.777021,0.353442,1.283473,-2.799485,25,25,27,25,25,26,27,25,27,27,25,27
1791409107.501497,-0.056414,1.244724,-2.771966,0.054386,1.246994,-2.798063,-0.358119,1.278114,-2.777021,0.353442,1.283473,-2.799469,25,25,27,25,25,26,27,25,27,27,26,27
1791409107.521402,-0.056445,1.244724,-2.771966,0.054386,1.246964,-2.798047,-0.358119,1.278084,-2.777037,0.353503,1.283473,-2.799469,26,25,27,25,25,26,27,25,27,27,26,27
1791409107.541573,-0.056414,1.244724,-2.771950,0.054386,1.246964,-2.798047,-0.358119,1.278144,-2.777021,0.353442,1.283473,-2.799469,25,25,27,25,25,26,27,25,27,27,26,27
1791409107.561488,-0.056445,1.244693,-2.771966,0.054386,1.246964,-2.798063,-0.358119,1.278144,-2.777021,0.353442,1.283473,-2.799469,25,25,27,25,25,26,27,25,27,27,26,27
1791409107.581523,-0.056445,1.244693,-2.771966,0.054386,1.246994,-2.798063,-0.358119,1.278144,-2.777021,0.353503,1.283473,-2.799469,25,25,27,25,25,26,27,25,27,27,26,27
1791409107.601522,-0.056414,1.244693,-2.771950,0.054386,1.246994,-2.798047,-0.358089,1.278114,-2.777053,0.353503,1.283443,-2.799469,25,25,27,25,25,26,27,25,27,27,25,27
1791409107.621615,-0.056414,1.244693,-2.771966,0.054356,1.246994,-2.798063,-0.358119,1.278175,-2.777021,0.353472,1.283473,-2.799469,25,25,27,25,25,26,27,25,27,27,26,27
1791409107.641661,-0.056445,1.244693,-2.771966,0.054356,1.246964,-2.798047,-0.358119,1.278144,-2.777021,0.353442,1.283473,-2.799469,25,25,27,25,25,26,27,25,27,27,25,27
1791409107.661385,-0.056445,1.244724,-2.771966,0.054386,1.246964,-2.798047,-0.358150,1.278144,-2.777021,0.353442,1.283473,-2.799485,25,25,27,25,25,26,27,25,27,27,26,27
1791409107.681480,-0.056414,1.244693,-2.771950,0.054356,1.246994,-2.798063,-0.358119,1.278084,-2.777021,0.353442,1.283443,-2.799485,25,25,27,25,25,26,27,25,27,27,26,27
1791409107.701351,-0.056475,1.244693,-2.771966,0.054356,1.246964,-2.798047,-0.358119,1.278114,-2.777021,0.353442,1.283504,-2.799485,25,25,27,25,25,26,27,25,27,27,25,27
1791409107.721519,-0.056445,1.244724,-2.771966,0.054356,1.246994,-2.798031,-0.358119,1.278114,-2.777037,0.353442,1.283473,-2.799469,25,25,27,25,25,26,27,25,27,27,26,27
1791409107.741439,-0.056445,1.244724,-2.771950,0.054386,1.246994,-2.798063,-0.358119,1.278144,-2.777021,0.353472,1.283473,-2.799469,25,25,27,25,25,26,27,25,27,27,26,27
1791409107.761247,-0.056445,1.244724,-2.771950,0.054386,1.246994,-2.798063,-0.358150,1.278175,-2.777021,0.353472,1.283473,-2.799469,25,25,27,25,25,26,27,25,27,27,26,27
1791409107.781416,-0.056445,1.244693,-2.771950,0.054356,1.246964,-2.798047,-0.358150,1.278144,-2.777021,0.353503,1.283473,-2.799469,26,25,27,25,25,26,27,25,27,27,26,27
1791409107.801887,-0.056475,1.244724,-2.771966,0.054386,1.246994,-2.798063,-0.358089,1.278084,-2.777037,0.353472,1.283473,-2.799469,25,25,27,25,25,26,27,25,27,27,25,27
1791409107.821320,-0.056384,1.244724,-2.771950,0.054386,1.246964,-2.798063,-0.358119,1.278144,-2.777037,0.353472,1.283473,-2.799469,25,25,27,25,25,26,27,25,27,27,26,27
1791409107.841291,-0.056475,1.244724,-2.771966,0.054386,1.246994,-2.798063,-0.358119,1.278175,-2.777021,0.353442,1.283473,-2.799469,26,25,27,25,25,26,27,25,27,27,26,27
1791409107.861364,-0.056445,1.244724,-2.771966,0.054356,1.246964,-2.798079,-0.358150,1.278114,-2.777021,0.353442,1.283443,-2.799453,26,25,27,25,25,26,27,25,27,27,26,27
1791409107.881362,-0.056384,1.244724,-2.771966,0.054386,1.246964,-2.798047,-0.358150,1.278114,-2.777021,0.353442,1.283473,-2.799485,25,25,27,25,25,26,27,25,27,27,26,27
1791409107.901366,-0.056414,1.244724,-2.771982,0.054386,1.246964,-2.798047,-0.358119,1.278114,-2.777021,0.353412,1.283473,-2.799469,26,25,27,25,25,26,27,25,27,27,26,27
1791409107.921369,-0.056414,1.244693,-2.771966,0.054386,1.246964,-2.798079,-0.358150,1.278114,-2.777021,0.353442,1.283443,-2.799485,25,25,27,25,25,26,27,25,27,27,25,27
1791409107.941532,-0.056445,1.244724,-2.771966,0.054386,1.246994,-2.798047,-0.358089,1.278144,-2.777021,0.353442,1.283473,-2.799469,25,25,27,25,25,26,27,25,27,27,26,27
1791409107.961410,-0.056414,1.244693,-2.771966,0.054356,1.246994,-2.798063,-0.358089,1.278144,-2.777021,0.353442,1.283473,-2.799469,26,25,27,25,25,26,27,25,27,27,26,27
1791409107.981536,-0.056445,1.244693,-2.771950,0.054356,1.246994,-2.798063,-0.358089,1.278114,-2.777021,0.353442,1.283504,-2.799485,25,25,27,25,25,26,27,25,27,27,25,27
1791409108.001354,-0.056414,1.244693,-2.771950,0.054386,1.246994,-2.798047,-0.358089,1.278144,-2.777037,0.353442,1.283473,-2.799469,25,25,27,25,25,26,27,25,27,27,25,27
1791409108.021447,-0.056445,1.244724,-2.771950,0.054386,1.246994,-2.798063,-0.358150,1.278114,-2.777021,0.353472,1.283473,-2.799485,26,25,27,25,25,26,27,25,27,27,26,27
1791409108.041507,-0.056445,1.244724,-2.771966,0.054386,1.246964,-2.798047,-0.358119,1.278144,-2.777037,0.353442,1.283473,-2.799469,25,25,27,25,25,26,27,25,27,27,26,27
1791409108.061457,-0.056384,1.244693,-2.771950,0.054356,1.246994,-2.798063,-0.358150,1.278114,-2.777037,0.353472,1.283443,-2.799485,26,25,27,25,25,26,27,25,27,27,26,27
1791409108.081468,-0.056384,1.244693,-2.771950,0.054386,1.246994,-2.798079,-0.358119,1.278144,-2.777021,0.353442,1.283473,-2.799453,25,25,27,25,25,26,27,25,27,27,26,27
1791409108.101311,-0.056445,1.244724,-2.771950,0.054356,1.246994,-2.798079,-0.358119,1.278114,-2.777037,0.353472,1.283473,-2.799469,25,25,27,25,25,26,27,25,27,27,26,27
1791409108.121464,-0.056445,1.244724,-2.771966,0.054356,1.246994,-2.798063,-0.358089,1.278144,-2.777037,0.353472,1.283473,-2.799485,25,25,27,25,25,26,27,25,27,27,26,27
1791409108.141432,-0.056445,1.244724,-2.771966,0.054416,1.246964,-2.798047,-0.358150,1.278114,-2.777021,0.353442,1.283473,-2.799469,25,25,27,25,25,26,27,25,27,27,26,27
1791409108.161536,-0.056445,1.244754,-2.771950,0.054386,1.246994,-2.798063,-0.358119,1.278144,-2.777021,0.353472,1.283504,-2.799469,25,25,27,25,25,26,27,25,27,27,26,27
1791409108.181756,-0.056475,1.244724,-2.771966,0.054386,1.246994,-2.798047,-0.358119,1.278144,-2.777021,0.353442,1.283473,-2.799485,25,25,27,25,25,26,27,25,27,27,26,27
1791409108.201546,-0.056414,1.244724,-2.771950,0.054356,1.246964,-2.798079,-0.358150,1.278114,-2.777037,0.353472,1.283443,-2.799469,25,25,27,25,25,26,27,25,27,27,25,27
1791409108.221373,-0.056445,1.244724,-2.771966,0.054386,1.246994,-2.798047,-0.358150,1.278144,-2.777021,0.353503,1.283443,-2.799469,25,25,27,25,25,26,27,25,27,27,26,27
1791409108.241367,-0.056445,1.244724,-2.771950,0.054386,1.246964,-2.798079,-0.358119,1.278114,-2.777021,0.353442,1.283473,-2.799453,26,25,27,25,25,26,27,25,27,27,25,27
1791409108.261350,-0.056414,1.244724,-2.771966,0.054356,1.246994,-2.798079,-0.358150,1.278114,-2.777037,0.353442,1.283473,-2.799485,26,25,27,25,25,26,27,25,27,27,25,27
1791409108.281382,-0.056445,1.244724,-2.771950,0.054386,1.246994,-2.798047,-0.358150,1.278144,-2.777037,0.353442,1.283443,-2.799485,25,25,27,25,25,26,27,25,27,27,26,27
1791409108.301351,-0.056475,1.244693,-2.771982,0.054386,1.246994,-2.798079,-0.358150,1.278144,-2.777021,0.353472,1.283443,-2.799485,25,25,27,25,25,26,27,25,27,27,26,27
1791409108.321351,-0.056445,1.244724,-2.771966,0.054356,1.247025,-2.798063,-0.358119,1.278144,-2.777021,0.353442,1.283473,-2.799469,25,25,27,25,25,26,27,25,27,27,26,27
1791409108.341476,-0.056475,1.244724,-2.771966,0.054386,1.246994,-2.798063,-0.358150,1.278114,-2.777021,0.353442,1.283473,-2.799469,26,25,27,25,25,26,27,25,27,27,26,27
1791409108.361401,-0.056475,1.244693,-2.771950,0.054386,1.246964,-2.798047,-0.358150,1.278144,-2.777037,0.353472,1.283443,-2.799469,25,25,27,25,25,26,27,25,27,27,26,27
1791409108.381386,-0.056414,1.244693,-2.771966,0.054356,1.246994,-2.798063,-0.358150,1.278114,-2.777021,0.353442,1.283443,-2.799469,25,25,27,25,25,26,27,25,27,27,25,27
1791409108.401448,-0.056445,1.244693,-2.771966,0.054356,1.246994,-2.798063,-0.358150,1.278144,-2.777021,0.353442,1.283443,-2.799469,25,25,27,25,25,26,27,25,27,27,26,27
1791409108.421308,-0.056445,1.244754,-2.771966,0.054386,1.246964,-2.798063,-0.358150,1.278114,-2.777021,0.353472,1.283473,-2.799469,26,25,27,25,25,26,27,25,27,27,25,27
1791409108.441365,-0.056414,1.244754,-2.771950,0.054356,1.246964,-2.798063,-0.358119,1.278175,-2.777006,0.353472,1.283473,-2.799469,25,25,27,25,25,26,27,25,27,27,26,27
1791409108.461514,-0.056445,1.244724,-2.771966,0.054356,1.246964,-2.798063,-0.358119,1.278114,-2.777021,0.353472,1.283473,-2.799469,26,25,27,25,25,26,27,25,27,27,26,27
1791409108.481355,-0.056445,1.244724,-2.771950,0.054356,1.246994,-2.798063,-0.358119,1.278144,-2.777037,0.353442,1.283473,-2.799453,25,25,27,25,25,26,27,25,27,27,26,27
1791409108.501688,-0.056414,1.244724,-2.771950,0.054386,1.246964,-2.798047,-0.358150,1.278144,-2.777037,0.353472,1.283473,-2.799485,25,25,27,25,25,26,27,25,27,27,26,27
1791409108.521488,-0.056445,1.244724,-2.771950,0.054356,1.246994,-2.798047,-0.358119,1.278084,-2.777021,0.353442,1.283473,-2.799469,25,25,27,25,25,26,27,25,27,27,26,27
1791409108.541293,-0.056445,1.244724,-2.771982,0.054356,1.246964,-2.798063,-0.358150,1.278114,-2.777021,0.353472,1.283473,-2.799453,26,25,27,25,25,26,27,25,27,27,26,27
1791409108.561372,-0.056414,1.244724,-2.771966,0.054356,1.246994,-2.798063,-0.358119,1.278114,-2.777021,0.353442,1.283473,-2.799485,25,25,27,25,25,26,27,25,27,27,25,27
1791409108.581444,-0.056445,1.244754,-2.771966,0.054386,1.246964,-2.798079,-0.358150,1.278144,-2.777021,0.353442,1.283473,-2.799485,25,25,27,25,25,26,27,25,27,27,26,27
1791409108.601370,-0.056445,1.244693,-2.771966,0.054356,1.246994,-2.798047,-0.358089,1.278144,-2.777037,0.353472,1.283443,-2.799453,25,25,27,25,25,26,27,25,27,27,26,27
1791409108.621577,-0.056414,1.244693,-2.771966,0.054356,1.246934,-2.798063,-0.358119,1.278114,-2.777021,0.353472,1.283473,-2.799469,25,25,27,25,25,26,27,25,27,27,26,27
1791409108.641429,-0.056445,1.244724,-2.771950,0.054325,1.246994,-2.798063,-0.358150,1.278144,-2.777021,0.353472,1.283473,-2.799469,26,25,27,25,25,26,27,25,27,27,25,27
1791409108.661396,-0.056475,1.244724,-2.771950,0.054356,1.246964,-2.798063,-0.358089,1.278114,-2.777021,0.353442,1.283443,-2.799485,25,25,27,25,25,26,27,25,27,27,26,27
1791409108.681569,-0.056445,1.244754,-2.771966,0.054386,1.246964,-2.798079,-0.358150,1.278114,-2.777021,0.353442,1.283473,-2.799469,25,25,27,25,25,26,27,25,27,27,26,27
1791409108.701500,-0.056445,1.244724,-2.771982,0.054356,1.246994,-2.798031,-0.358150,1.278114,-2.777021,0.353472,1.283473,-2.799485,26,25,27,25,25,26,27,25,27,27,25,27
1791409108.721561,-0.056445,1.244724,-2.771950,0.054356,1.246964,-2.798063,-0.358150,1.278114,-2.777021,0.353442,1.283473,-2.799485,25,25,27,25,25,26,27,25,27,27,26,27
1791409108.741704,-0.056414,1.244724,-2.771950,0.054416,1.246964,-2.798063,-0.358119,1.278114,-2.777021,0.353472,1.283473,-2.799469,25,25,27,25,25,26,27,25,27,27,26,27
1791409108.761560,-0.056445,1.244724,-2.771966,0.054356,1.246964,-2.798047,-0.358119,1.278144,-2.777037,0.353472,1.283473,-2.799469,25,25,27,25,25,26,27,25,27,27,25,27
1791409108.781367,-0.056445,1.244754,-2.771966,0.054356,1.246994,-2.798047,-0.358119,1.278114,-2.777021,0.353442,1.283473,-2.799469,25,25,27,25,25,26,27,25,27,27,26,27
1791409108.801394,-0.056445,1.244693,-2.771950,0.054325,1.246964,-2.798047,-0.358119,1.278144,-2.777021,0.353472,1.283473,-2.799469,25,25,27,25,25,26,27,25,27,27,25,27
1791409108.821467,-0.056414,1.244724,-2.771966,0.054416,1.246964,-2.798047,-0.358119,1.278114,-2.777037,0.353472,1.283443,-2.799485,26,25,27,25,25,26,27,25,27,27,26,27
1791409108.841405,-0.056414,1.244724,-2.771950,0.054356,1.246964,-2.798063,-0.358089,1.278144,-2.777021,0.353442,1.283504,-2.799453,25,25,27,25,25,26,27,25,27,27,26,27
1791409108.861361,-0.056475,1.244724,-2.771966,0.054386,1.246964,-2.798047,-0.358150,1.278114,-2.777037,0.353472,1.283473,-2.799469,25,25,27,25,25,26,27,25,27,27,26,27
1791409108.881634,-0.056445,1.244693,-2.771966,0.054386,1.246964,-2.798063,-0.358119,1.278144,-2.777021,0.353442,1.283504,-2.799485,25,25,27,25,25,26,27,25,27,27,26,27
1791409108.901586,-0.056475,1.244724,-2.771966,0.054356,1.246994,-2.798047,-0.358119,1.278144,-2.777037,0.353503,1.283443,-2.799469,25,25,27,25,25,26,27,25,27,27,26,27
1791409108.921588,-0.056414,1.244724,-2.771966,0.054386,1.247025,-2.798079,-0.358150,1.278144,-2.777037,0.353442,1.283443,-2.799469,25,25,27,25,25,26,27,25,27,27,25,27
1791409108.941868,-0.056445,1.244724,-2.771950,0.054356,1.246994,-2.798047,-0.358119,1.278144,-2.777037,0.353472,1.283504,-2.799469,25,25,27,25,25,26,27,25,27,27,26,27
1791409108.961664,-0.056414,1.244724,-2.771966,0.054356,1.246964,-2.798063,-0.358150,1.278144,-2.777021,0.353442,1.283473,-2.799469,26,25,27,25,25,26,27,25,27,27,25,27
1791409108.981624,-0.056414,1.244724,-2.771950,0.054416,1.246964,-2.798063,-0.358119,1.278144,-2.777037,0.353503,1.283473,-2.799469,25,25,27,25,25,26,27,25,27,27,26,27
1791409109.001641,-0.056445,1.244724,-2.771950,0.054386,1.246994,-2.798063,-0.358119,1.278114,-2.777037,0.353442,1.283443,-2.799469,25,25,27,25,25,26,27,25,27,27,26,27
1791409109.021629,-0.056414,1.244724,-2.771950,0.054386,1.246994,-2.798063,-0.358119,1.278144,-2.777021,0.353442,1.283473,-2.799469,26,25,27,25,25,26,27,25,27,27,26,27
1791409109.041676,-0.056475,1.244693,-2.771966,0.054386,1.246994,-2.798063,-0.358119,1.278114,-2.777021,0.353472,1.283473,-2.799469,25,25,27,25,25,26,27,25,27,27,25,27
1791409109.061543,-0.056445,1.244724,-2.771966,0.054386,1.246964,-2.798063,-0.358150,1.278144,-2.777021,0.353472,1.283473,-2.799485,26,25,27,25,25,26,27,25,27,27,26,27
1791409109.081535,-0.056445,1.244724,-2.771950,0.054386,1.246994,-2.798063,-0.358119,1.278114,-2.777037,0.353472,1.283443,-2.799469,26,25,27,25,25,26,27,25,27,27,26,27
1791409109.101501,-0.056445,1.244693,-2.771950,0.054386,1.246994,-2.798047,-0.358089,1.278144,-2.777037,0.353442,1.283473,-2.799469,25,25,27,25,25,26,27,25,27,27,26,27
1791409109.121441,-0.056414,1.244724,-2.771950,0.054386,1.246964,-2.798063,-0.358150,1.278114,-2.777021,0.353442,1.283473,-2.799469,25,25,27,25,25,26,27,25,27,27,26,27
1791409109.141532,-0.056475,1.244724,-2.771982,0.054386,1.246994,-2.798063,-0.358119,1.278144,-2.777021,0.353472,1.283443,-2.799453,26,25,27,25,25,26,27,25,27,27,25,27
1791409109.161357,-0.056414,1.244754,-2.771966,0.054325,1.246994,-2.798047,-0.358119,1.278144,-2.777021,0.353472,1.283473,-2.799469,25,25,27,25,25,26,27,25,27,27,26,27
1791409109.181566,-0.056445,1.244724,-2.771950,0.054356,1.246994,-2.798063,-0.358119,1.278144,-2.777037,0.353503,1.283443,-2.799485,26,25,27,25,25,26,27,25,27,27,26,27
1791409109.201578,-0.056445,1.244693,-2.771950,0.054416,1.246994,-2.798063,-0.358150,1.278114,-2.777021,0.353442,1.283473,-2.799469,26,25,27,25,25,26,27,25,27,27,25,27
1791409109.221419,-0.056414,1.244724,-2.771982,0.054386,1.246994,-2.798047,-0.358089,1.278114,-2.777021,0.353442,1.283473,-2.799485,25,25,27,25,25,26,27,25,27,27,26,27
1791409109.241560,-0.056475,1.244754,-2.771950,0.054356,1.246994,-2.798063,-0.358089,1.278114,-2.777037,0.353472,1.283473,-2.799469,25,25,27,25,25,26,27,25,27,27,26,27
1791409109.263387,-0.056475,1.244724,-2.771966,0.054386,1.246964,-2.798063,-0.358119,1.278175,-2.777021,0.353412,1.283473,-2.799469,26,25,27,25,25,26,27,25,27,27,25,27
1791409109.283486,-0.056445,1.244724,-2.771950,0.054386,1.246964,-2.798063,-0.358150,1.278114,-2.777053,0.353412,1.283473,-2.799485,25,25,27,25,25,26,27,25,27,27,25,27
1791409109.303797,-0.056445,1.244693,-2.771966,0.054325,1.246994,-2.798063,-0.358150,1.278114,-2.777021,0.353442,1.283504,-2.799469,26,25,27,25,25,26,27,25,27,27,26,27
1791409109.323270,-0.056445,1.244724,-2.771950,0.054416,1.246964,-2.798063,-0.358119,1.278144,-2.777037,0.353442,1.283473,-2.799469,25,25,27,25,25,26,27,25,27,27,26,27
1791409109.343409,-0.056445,1.244724,-2.771966,0.054356,1.246964,-2.798047,-0.358150,1.278144,-2.777021,0.353472,1.283473,-2.799469,25,25,27,25,25,26,27,25,27,27,26,27
1791409109.363840,-0.056414,1.244724,-2.771966,0.054356,1.246994,-2.798063,-0.358150,1.278114,-2.777021,0.353472,1.283473,-2.799469,26,25,27,25,25,26,27,25,27,27,26,27
1791409109.383332,-0.056445,1.244724,-2.771966,0.054416,1.246994,-2.798079,-0.358119,1.278084,-2.777021,0.353472,1.283473,-2.799469,25,25,27,25,25,26,27,25,27,27,26,27
1791409109.403530,-0.056445,1.244724,-2.771966,0.054416,1.246994,-2.798063,-0.358119,1.278144,-2.777021,0.353442,1.283473,-2.799453,26,25,27,25,25,26,27,25,27,27,26,27
1791409109.423425,-0.056445,1.244724,-2.771950,0.054356,1.246964,-2.798047,-0.358119,1.278114,-2.777021,0.353472,1.283504,-2.799485,26,25,27,25,25,26,27,25,27,27,25,27
1791409109.443483,-0.056414,1.244724,-2.771966,0.054386,1.246994,-2.798047,-0.358119,1.278114,-2.777021,0.353472,1.283473,-2.799469,25,25,27,25,25,26,27,25,27,27,26,27
1791409109.463346,-0.056475,1.244724,-2.771950,0.054356,1.246964,-2.798063,-0.358150,1.278144,-2.777037,0.353503,1.283443,-2.799453,25,25,27,25,25,26,27,25,27,27,26,27
1791409109.483465,-0.056445,1.244724,-2.771966,0.054386,1.246964,-2.798063,-0.358089,1.278114,-2.777021,0.353442,1.283443,-2.799469,26,25,27,25,25,26,27,25,27,27,26,27
1791409109.503542,-0.056414,1.244693,-2.771966,0.054386,1.246964,-2.798079,-0.358150,1.278114,-2.777021,0.353442,1.283473,-2.799485,26,25,27,25,25,26,27,25,27,27,26,27
1791409109.523544,-0.056445,1.244693,-2.771966,0.054386,1.246994,-2.798063,-0.358119,1.278144,-2.777037,0.353472,1.283443,-2.799469,25,25,27,25,25,26,27,25,27,27,26,27
1791409109.543418,-0.056445,1.244724,-2.771950,0.054356,1.246964,-2.798063,-0.358150,1.278144,-2.777037,0.353442,1.283473,-2.799485,26,25,27,25,25,26,27,25,27,27,26,27
1791409109.563416,-0.056475,1.244754,-2.771950,0.054386,1.246994,-2.798063,-0.358089,1.278144,-2.777021,0.353472,1.283473,-2.799469,26,25,27,25,25,26,27,25,27,27,26,27
1791409109.583356,-0.056445,1.244724,-2.771966,0.054356,1.246994,-2.798063,-0.358150,1.278175,-2.777021,0.353472,1.283504,-2.799469,26,25,27,25,25,26,27,25,27,27,25,27
1791409109.603499,-0.056445,1.244724,-2.771966,0.054386,1.246964,-2.798047,-0.358150,1.278114,-2.777021,0.353503,1.283473,-2.799469,25,25,27,25,25,26,27,25,27,27,26,27
1791409109.623370,-0.056445,1.244724,-2.771966,0.054356,1.246994,-2.798063,-0.358119,1.278144,-2.777021,0.353442,1.283473,-2.799485,26,25,27,25,25,26,27,25,27,27,26,27
1791409109.643424,-0.056445,1.244724,-2.771966,0.054356,1.246994,-2.798079,-0.358150,1.278144,-2.777021,0.353472,1.283473,-2.799485,25,25,27,25,25,26,27,25,27,27,26,27
1791409109.663460,-0.056384,1.244724,-2.771950,0.054386,1.246994,-2.798063,-0.358150,1.278175,-2.777037,0.353472,1.283473,-2.799453,25,25,27,25,25,26,27,25,27,27,26,27
1791409109.683426,-0.056445,1.244724,-2.771950,0.054386,1.246994,-2.798047,-0.358089,1.278114,-2.777021,0.353442,1.283473,-2.799469,25,25,27,25,25,26,27,25,27,27,26,27
1791409109.703459,-0.056445,1.244724,-2.771950,0.054325,1.246994,-2.798047,-0.358150,1.278144,-2.777021,0.353442,1.283473,-2.799485,26,25,27,25,25,26,27,25,27,27,25,27
1791409109.723518,-0.056445,1.244724,-2.771950,0.054416,1.246964,-2.798063,-0.358119,1.278144,-2.777021,0.353442,1.283473,-2.799469,26,25,27,25,25,26,27,25,27,27,26,27
1791409109.743326,-0.056414,1.244724,-2.771966,0.054386,1.246994,-2.798079,-0.358119,1.278114,-2.777037,0.353442,1.283473,-2.799469,25,25,27,25,25,26,27,25,27,27,26,27
1791409109.763608,-0.056445,1.244724,-2.771950,0.054386,1.247025,-2.798047,-0.358119,1.278144,-2.777037,0.353503,1.283473,-2.799485,26,25,27,25,25,26,27,25,27,27,25,27
1791409109.783457,-0.056445,1.244693,-2.771966,0.054325,1.246964,-2.798063,-0.358119,1.278175,-2.777021,0.353472,1.283473,-2.799469,26,25,27,25,25,26,27,25,27,27,26,27
1791409109.803300,-0.056445,1.244724,-2.771950,0.054356,1.246964,-2.798063,-0.358150,1.278144,-2.777037,0.353442,1.283473,-2.799469,25,25,27,25,25,26,27,25,27,27,26,27
1791409109.823321,-0.056475,1.244724,-2.771950,0.054325,1.246964,-2.798047,-0.358150,1.278144,-2.777037,0.353503,1.283473,-2.799469,25,25,27,25,25,26,27,25,27,27,26,27
1791409109.843461,-0.056414,1.244724,-2.771950,0.054386,1.246994,-2.798047,-0.358119,1.278114,-2.777037,0.353472,1.283473,-2.799469,25,25,27,25,25,26,27,25,27,27,26,27
1791409109.863570,-0.056445,1.244724,-2.771950,0.054386,1.247025,-2.798047,-0.358119,1.278175,-2.777037,0.353472,1.283473,-2.799469,26,25,27,25,25,26,27,25,27,27,26,27
1791409109.883373,-0.056445,1.244693,-2.771950,0.054356,1.246964,-2.798063,-0.358150,1.278144,-2.777021,0.353442,1.283473,-2.799485,25,25,27,25,25,26,27,25,27,27,26,27
1791409109.903362,-0.056414,1.244724,-2.771966,0.054356,1.246964,-2.798063,-0.358089,1.278144,-2.777037,0.353472,1.283473,-2.799469,26,25,27,25,25,26,27,25,27,27,26,27
1791409109.923483,-0.056384,1.244724,-2.771982,0.054386,1.246994,-2.798063,-0.358119,1.278144,-2.777021,0.353442,1.283473,-2.799485,26,25,27,25,25,26,27,25,27,27,25,27
1791409109.943445,-0.056414,1.244724,-2.771966,0.054386,1.246964,-2.798047,-0.358150,1.278114,-2.777021,0.353442,1.283443,-2.799469,25,25,27,25,25,26,27,25,27,27,26,27
1791409109.963591,-0.056445,1.244724,-2.771966,0.054386,1.246964,-2.798047,-0.358119,1.278144,-2.777053,0.353442,1.283473,-2.799469,26,25,27,25,25,26,27,25,27,27,26,27
1791409109.983491,-0.056445,1.244693,-2.771950,0.054386,1.246964,-2.798047,-0.358119,1.278144,-2.777037,0.353472,1.283443,-2.799469,26,25,27,25,25,26,27,25,27,27,25,27
1791409110.003322,-0.056445,1.244724,-2.771966,0.054386,1.246994,-2.798063,-0.358119,1.278114,-2.777021,0.353442,1.283473,-2.799485,26,25,27,25,25,26,27,25,27,27,26,27
1791409110.023324,-0.056445,1.244724,-2.771966,0.054356,1.246964,-2.798063,-0.358119,1.278114,-2.777037,0.353472,1.283473,-2.799469,26,25,27,25,25,26,27,25,27,27,26,27
1791409110.043437,-0.056414,1.244724,-2.771966,0.054356,1.246994,-2.798063,-0.358150,1.278114,-2.777021,0.353472,1.283473,-2.799469,25,25,27,25,25,26,27,25,27,27,26,27
1791409110.063289,-0.056445,1.244724,-2.771950,0.054386,1.246994,-2.798047,-0.358119,1.278084,-2.777037,0.353472,1.283473,-2.799453,26,25,27,25,25,26,27,25,27,27,26,27
1791409110.083474,-0.056414,1.244724,-2.771950,0.054356,1.246964,-2.798063,-0.358150,1.278144,-2.777021,0.353442,1.283443,-2.799485,25,25,27,25,25,26,27,25,27,27,25,27
1791409110.103490,-0.056414,1.244724,-2.771966,0.054386,1.247025,-2.798063,-0.358150,1.278175,-2.777021,0.353472,1.283473,-2.799469,25,25,27,25,25,26,27,25,27,27,26,27
1791409110.123473,-0.056445,1.244693,-2.771950,0.054416,1.246964,-2.798047,-0.358150,1.278084,-2.777037,0.353472,1.283473,-2.799469,25,25,27,25,25,26,27,25,27,27,25,27
1791409110.143406,-0.056475,1.244693,-2.771966,0.054386,1.246994,-2.798063,-0.358119,1.278144,-2.777021,0.353503,1.283473,-2.799485,26,25,27,25,25,26,27,25,27,27,26,27
1791409110.163701,-0.056414,1.244724,-2.771982,0.054356,1.247025,-2.798047,-0.358150,1.278114,-2.777037,0.353503,1.283443,-2.799485,25,25,27,25,25,26,27,25,27,27,26,27
1791409110.183538,-0.056445,1.244724,-2.771950,0.054386,1.246964,-2.798063,-0.358119,1.278114,-2.777021,0.353442,1.283473,-2.799469,26,25,27,25,25,26,27,25,27,27,26,27
1791409110.203493,-0.056445,1.244693,-2.771966,0.054416,1.246964,-2.798047,-0.358119,1.278114,-2.777021,0.353503,1.283443,-2.799469,26,25,27,25,25,26,27,25,27,27,26,27
1791409110.223564,-0.056475,1.244724,-2.771966,0.054356,1.246964,-2.798047,-0.358089,1.278144,-2.777021,0.353472,1.283473,-2.799469,26,25,27,25,25,26,27,25,27,27,26,27
1791409110.243389,-0.056445,1.244724,-2.771966,0.054386,1.246994,-2.798047,-0.358150,1.278144,-2.777037,0.353472,1.283443,-2.799485,26,25,27,25,25,26,27,25,27,27,26,27
1791409110.263440,-0.056445,1.244724,-2.771982,0.054356,1.246994,-2.798063,-0.358119,1.278114,-2.777021,0.353442,1.283443,-2.799469,26,25,27,25,25,26,27,25,27,27,26,27
1791409110.283392,-0.056475,1.244754,-2.771966,0.054386,1.246964,-2.798063,-0.358119,1.278144,-2.777021,0.353442,1.283473,-2.799485,25,25,27,25,25,26,27,25,27,27,26,27
1791409110.303376,-0.056445,1.244693,-2.771966,0.054356,1.246994,-2.798063,-0.358119,1.278144,-2.777021,0.353442,1.283473,-2.799469,26,25,27,25,25,26,27,25,27,27,26,27
1791409110.323562,-0.056475,1.244724,-2.771950,0.054356,1.246964,-2.798063,-0.358150,1.278114,-2.777037,0.353442,1.283443,-2.799485,26,25,27,25,25,26,27,25,27,27,25,27
1791409110.343458,-0.056414,1.244693,-2.771950,0.054356,1.246964,-2.798079,-0.358150,1.278114,-2.777037,0.353503,1.283473,-2.799469,26,25,27,25,25,26,27,25,27,27,26,27
1791409110.363693,-0.056475,1.244693,-2.771966,0.054356,1.246994,-2.798063,-0.358150,1.278144,-2.777021,0.353503,1.283473,-2.799485,26,25,27,25,25,26,27,25,27,27,26,27
1791409110.383436,-0.056445,1.244693,-2.771950,0.054386,1.246964,-2.798063,-0.358119,1.278144,-2.777037,0.353472,1.283473,-2.799469,25,25,27,25,25,26,27,25,27,27,26,27
1791409110.404409,-0.056445,1.244724,-2.771950,0.054356,1.246964,-2.798063,-0.358150,1.278114,-2.777037,0.353472,1.283473,-2.799469,25,25,27,25,25,26,27,25,27,27,26,27
1791409110.423462,-0.056414,1.244754,-2.771950,0.054356,1.247055,-2.798079,-0.358119,1.278144,-2.777021,0.353472,1.283443,-2.799469,26,25,27,25,25,26,27,25,27,27,26,27
1791409110.443315,-0.056445,1.244724,-2.771966,0.054356,1.246994,-2.798063,-0.358119,1.278144,-2.777021,0.353442,1.283443,-2.799485,26,25,27,25,25,26,27,25,27,27,26,27
1791409110.464076,-0.056414,1.244724,-2.771982,0.054356,1.247025,-2.798063,-0.358119,1.278084,-2.777021,0.353472,1.283473,-2.799469,26,25,27,25,25,26,27,25,27,27,26,27
1791409110.483702,-0.056384,1.244754,-2.771966,0.054386,1.246964,-2.798047,-0.358150,1.278144,-2.777021,0.353472,1.283473,-2.799469,25,25,27,25,25,26,27,25,27,27,26,27
1791409110.503641,-0.056445,1.244693,-2.771966,0.054356,1.246964,-2.798063,-0.358150,1.278144,-2.777037,0.353472,1.283473,-2.799485,25,25,27,25,25,26,27,25,27,27,26,27
1791409110.523823,-0.056414,1.244754,-2.771966,0.054386,1.246994,-2.798063,-0.358150,1.278114,-2.777037,0.353472,1.283473,-2.799469,25,25,27,25,25,26,27,25,27,27,26,27
1791409110.544061,-0.056445,1.244724,-2.771966,0.054386,1.246994,-2.798063,-0.358119,1.278114,-2.777037,0.353503,1.283473,-2.799485,25,25,27,25,25,26,27,25,27,27,26,27
1791409110.563782,-0.056414,1.244693,-2.771950,0.054386,1.246964,-2.798063,-0.358150,1.278144,-2.777021,0.353442,1.283473,-2.799469,26,25,27,25,25,26,27,25,27,27,26,27
1791409110.583334,-0.056445,1.244724,-2.771982,0.054386,1.246994,-2.798063,-0.358150,1.278144,-2.777021,0.353503,1.283504,-2.799485,25,25,27,25,25,26,27,25,27,27,26,27
1791409110.603620,-0.056414,1.244724,-2.771950,0.054416,1.246964,-2.798047,-0.358180,1.278144,-2.777021,0.353442,1.283473,-2.799485,25,25,27,25,25,26,27,25,27,27,26,27
1791409110.624112,-0.056414,1.244724,-2.771966,0.054386,1.246994,-2.798063,-0.358150,1.278144,-2.777037,0.353472,1.283473,-2.799469,25,25,27,25,25,26,27,25,27,27,25,27
1791409110.643532,-0.056445,1.244693,-2.771935,0.054356,1.246964,-2.798063,-0.358119,1.278114,-2.777053,0.353472,1.283473,-2.799469,26,25,27,25,25,26,27,25,27,27,26,27
1791409110.663649,-0.056445,1.244724,-2.771966,0.054356,1.246994,-2.798063,-0.358150,1.278144,-2.777021,0.353472,1.283443,-2.799469,25,25,27,25,25,26,27,25,27,27,26,27
1791409110.683555,-0.056445,1.244724,-2.771966,0.054386,1.246994,-2.798047,-0.358119,1.278114,-2.777021,0.353472,1.283473,-2.799469,26,25,27,25,25,26,27,25,27,27,26,27
1791409110.703375,-0.056414,1.244724,-2.771966,0.054356,1.247025,-2.798079,-0.358150,1.278114,-2.777021,0.353472,1.283473,-2.799469,25,25,27,25,25,26,27,25,27,27,26,27
1791409110.723471,-0.056445,1.244693,-2.771966,0.054386,1.246994,-2.798079,-0.358119,1.278144,-2.777021,0.353503,1.283443,-2.799469,26,25,27,25,25,26,27,25,27,27,26,27
1791409110.743399,-0.056445,1.244693,-2.771966,0.054356,1.246994,-2.798047,-0.358119,1.278084,-2.777053,0.353472,1.283473,-2.799485,26,25,27,25,25,26,27,25,27,27,26,27
1791409110.763603,-0.056414,1.244693,-2.771966,0.054325,1.246994,-2.798063,-0.358150,1.278144,-2.777021,0.353472,1.283473,-2.799453,26,25,27,25,25,26,27,25,27,27,26,27
1791409110.783697,-0.056475,1.244724,-2.771950,0.054356,1.246964,-2.798063,-0.358180,1.278114,-2.777021,0.353503,1.283443,-2.799469,26,25,27,25,25,26,27,25,27,27,26,27
1791409110.803434,-0.056445,1.244724,-2.771966,0.054356,1.246994,-2.798047,-0.358150,1.278144,-2.777021,0.353442,1.283473,-2.799485,26,25,27,25,25,26,27,25,27,27,26,27
1791409110.823402,-0.056414,1.244754,-2.771982,0.054356,1.246964,-2.798047,-0.358150,1.278114,-2.777021,0.353503,1.283443,-2.799485,25,25,27,25,25,26,27,25,27,27,26,27
1791409110.843607,-0.056384,1.244724,-2.771950,0.054356,1.247025,-2.798063,-0.358150,1.278114,-2.777037,0.353472,1.283443,-2.799469,26,25,27,25,25,26,27,25,27,27,26,27
1791409110.863508,-0.056445,1.244724,-2.771950,0.054386,1.246994,-2.798047,-0.358150,1.278144,-2.777021,0.353472,1.283473,-2.799469,26,25,27,25,25,26,27,25,27,27,26,27
1791409110.883484,-0.056414,1.244724,-2.771966,0.054356,1.246994,-2.798063,-0.358150,1.278144,-2.777021,0.353472,1.283473,-2.799469,25,25,27,25,25,26,27,25,27,27,26,27
1791409110.903517,-0.056414,1.244724,-2.771966,0.054356,1.246964,-2.798063,-0.358119,1.278114,-2.777021,0.353503,1.283473,-2.799485,26,25,27,25,25,26,27,25,27,27,25,27
1791409110.923481,-0.056414,1.244693,-2.771950,0.054356,1.246994,-2.798047,-0.358150,1.278144,-2.777021,0.353442,1.283443,-2.799453,25,25,27,25,25,26,27,25,27,27,26,27
1791409110.943392,-0.056414,1.244724,-2.771966,0.054356,1.246994,-2.798079,-0.358150,1.278084,-2.777021,0.353472,1.283473,-2.799469,25,25,27,25,25,26,27,25,27,27,26,27
1791409110.963508,-0.056384,1.244724,-2.771966,0.054386,1.246964,-2.798047,-0.358150,1.278114,-2.777037,0.353472,1.283473,-2.799469,26,25,27,25,25,26,27,25,27,27,26,27
1791409110.983596,-0.056414,1.244724,-2.771950,0.054386,1.246994,-2.798047,-0.358150,1.278114,-2.777021,0.353503,1.283443,-2.799469,26,25,27,25,25,26,27,25,27,27,26,27
1791409111.003528,-0.056445,1.244724,-2.771966,0.054325,1.246994,-2.798063,-0.358119,1.278144,-2.777021,0.353472,1.283473,-2.799485,25,25,27,25,25,26,27,25,27,27,26,27
1791409111.023553,-0.056414,1.244724,-2.771966,0.054386,1.246964,-2.798063,-0.358150,1.278114,-2.777037,0.353503,1.283473,-2.799469,26,25,27,25,25,26,27,25,27,27,26,27
1791409111.043529,-0.056445,1.244724,-2.771966,0.054386,1.246964,-2.798063,-0.358150,1.278114,-2.777037,0.353472,1.283473,-2.799469,26,25,27,25,25,26,27,25,27,27,26,27
1791409111.064053,-0.056445,1.244724,-2.771966,0.054386,1.246994,-2.798063,-0.358150,1.278144,-2.777037,0.353472,1.283443,-2.799469,26,25,27,25,25,26,27,25,27,27,26,27
1791409111.083503,-0.056445,1.244724,-2.771966,0.054356,1.246994,-2.798047,-0.358150,1.278144,-2.777037,0.353472,1.283443,-2.799469,26,25,27,25,25,26,27,25,27,27,26,27
1791409111.103398,-0.056414,1.244693,-2.771966,0.054356,1.246994,-2.798047,-0.358150,1.278114,-2.777021,0.353472,1.283473,-2.799469,25,25,27,25,25,26,27,25,27,27,26,27
1791409111.123438,-0.056475,1.244724,-2.771966,0.054416,1.246994,-2.798047,-0.358150,1.278144,-2.777021,0.353503,1.283473,-2.799469,26,25,27,25,25,26,27,25,27,27,26,27
1791409111.143459,-0.056445,1.244724,-2.771966,0.054386,1.246964,-2.798047,-0.358150,1.278114,-2.777006,0.353503,1.283473,-2.799469,26,25,27,25,25,26,27,25,27,27,25,27
1791409111.163389,-0.056414,1.244754,-2.771950,0.054386,1.246994,-2.798063,-0.358119,1.278144,-2.777037,0.353442,1.283473,-2.799469,26,25,27,25,25,26,27,25,27,27,26,27
1791409111.183578,-0.056445,1.244724,-2.771950,0.054386,1.246994,-2.798063,-0.358119,1.278114,-2.777021,0.353472,1.283473,-2.799469,26,25,27,25,25,26,27,25,27,27,26,27
1791409111.203434,-0.056475,1.244693,-2.771950,0.054356,1.246994,-2.798063,-0.358180,1.278114,-2.777021,0.353503,1.283473,-2.799469,26,25,27,25,25,26,27,25,27,27,26,27
1791409111.223396,-0.056445,1.244724,-2.771935,0.054386,1.246964,-2.798047,-0.358150,1.278144,-2.777021,0.353503,1.283473,-2.799469,25,25,27,25,25,26,27,25,27,27,26,27
1791409111.243334,-0.056414,1.244724,-2.771966,0.054386,1.246964,-2.798063,-0.358119,1.278114,-2.777021,0.353472,1.283443,-2.799469,26,25,27,25,25,26,27,25,27,27,26,27
1791409111.263602,-0.056445,1.244724,-2.771966,0.054325,1.246994,-2.798063,-0.358150,1.278084,-2.777021,0.353442,1.283504,-2.799485,25,25,27,25,25,26,27,25,27,27,25,27
1791409111.283613,-0.056384,1.244724,-2.771935,0.054386,1.246994,-2.798063,-0.358119,1.278144,-2.777021,0.353442,1.283473,-2.799469,25,25,27,25,25,26,27,25,27,27,26,27
1791409111.303557,-0.056354,1.244693,-2.771935,0.054386,1.246964,-2.798047,-0.358150,1.278144,-2.777021,0.353503,1.283473,-2.799485,25,25,27,25,25,26,27,25,27,27,26,27
1791409111.323519,-0.056445,1.244693,-2.771966,0.054356,1.246964,-2.798079,-0.358150,1.278114,-2.777021,0.353442,1.283473,-2.799469,26,25,27,25,25,26,27,25,27,27,26,27
1791409111.343869,-0.056445,1.244724,-2.771966,0.054386,1.246964,-2.798063,-0.358150,1.278144,-2.777021,0.353442,1.283473,-2.799469,26,25,27,25,25,26,27,25,27,27,26,27
1791409111.363846,-0.056414,1.244693,-2.771982,0.054416,1.246994,-2.798063,-0.358150,1.278114,-2.777037,0.353472,1.283473,-2.799485,25,25,27,25,25,26,27,25,27,27,26,27
1791409111.383431,-0.056414,1.244693,-2.771966,0.054356,1.246964,-2.798063,-0.358180,1.278144,-2.777037,0.353503,1.283473,-2.799469,25,25,27,25,25,26,27,25,27,27,26,27
1791409111.403462,-0.056414,1.244693,-2.771966,0.054386,1.246964,-2.798063,-0.358119,1.278084,-2.777021,0.353503,1.283473,-2.799469,26,25,27,25,25,26,27,25,27,27,26,27
1791409111.423589,-0.056445,1.244754,-2.771966,0.054386,1.246994,-2.798063,-0.358150,1.278114,-2.777037,0.353503,1.283473,-2.799485,26,25,27,25,25,26,27,25,27,27,25,27
1791409111.443525,-0.056414,1.244724,-2.771966,0.054386,1.246994,-2.798047,-0.358180,1.278175,-2.777021,0.353442,1.283473,-2.799485,25,25,27,25,25,26,27,25,27,27,26,27
1791409111.463656,-0.056445,1.244693,-2.771966,0.054386,1.246994,-2.798063,-0.358119,1.278114,-2.777006,0.353472,1.283443,-2.799469,26,25,27,25,25,26,27,25,27,27,26,27
1791409111.483397,-0.056414,1.244724,-2.771966,0.054386,1.246964,-2.798063,-0.358150,1.278144,-2.777037,0.353442,1.283443,-2.799485,25,25,27,25,25,26,27,25,27,27,26,27
1791409111.503591,-0.056445,1.244693,-2.771950,0.054416,1.246994,-2.798063,-0.358150,1.278084,-2.777037,0.353503,1.283473,-2.799469,26,25,27,25,25,26,27,25,27,27,26,27
1791409111.523438,-0.056445,1.244693,-2.771982,0.054386,1.246994,-2.798063,-0.358150,1.278144,-2.777021,0.353472,1.283473,-2.799485,26,25,27,25,25,26,27,25,27,27,25,27
1791409111.543418,-0.056475,1.244724,-2.771950,0.054356,1.246964,-2.798063,-0.358180,1.278144,-2.777037,0.353503,1.283473,-2.799469,26,25,27,25,25,26,27,25,27,27,26,27
1791409111.563476,-0.056475,1.244724,-2.771966,0.054416,1.246964,-2.798063,-0.358150,1.278114,-2.777021,0.353503,1.283473,-2.799469,26,25,27,25,25,26,27,25,27,27,26,27
1791409111.583399,-0.056445,1.244724,-2.771966,0.054356,1.246994,-2.798079,-0.358180,1.278175,-2.777037,0.353472,1.283443,-2.799469,26,25,27,25,25,26,27,25,27,27,25,27
1791409111.603513,-0.056445,1.244724,-2.771950,0.054386,1.246994,-2.798063,-0.358150,1.278114,-2.777037,0.353503,1.283443,-2.799469,25,25,27,25,25,26,27,25,27,27,26,27
1791409111.623845,-0.056445,1.244724,-2.771950,0.054356,1.246994,-2.798063,-0.358150,1.278144,-2.777037,0.353503,1.283473,-2.799485,26,25,27,25,25,26,27,25,27,27,26,27
1791409111.643404,-0.056414,1.244724,-2.771966,0.054386,1.246994,-2.798063,-0.358119,1.278144,-2.777021,0.353472,1.283473,-2.799469,26,25,27,25,25,26,27,25,27,27,26,27
1791409111.663514,-0.056414,1.244754,-2.771966,0.054386,1.246964,-2.798047,-0.358150,1.278114,-2.777021,0.353472,1.283473,-2.799469,26,25,27,25,25,26,27,25,27,27,26,27
1791409111.683363,-0.056445,1.244693,-2.771966,0.054386,1.246994,-2.798063,-0.358150,1.278084,-2.777021,0.353503,1.283473,-2.799453,26,25,27,25,25,26,27,25,27,27,26,27
1791409111.703372,-0.056445,1.244724,-2.771950,0.054386,1.246994,-2.798063,-0.358150,1.278114,-2.777037,0.353503,1.283473,-2.799469,25,25,27,25,25,26,27,25,27,27,26,27
1791409111.723527,-0.056414,1.244724,-2.771966,0.054416,1.246964,-2.798079,-0.358180,1.278114,-2.777021,0.353503,1.283443,-2.799485,26,25,27,25,25,26,27,25,27,27,26,27
1791409111.743304,-0.056445,1.244724,-2.771950,0.054386,1.246994,-2.798063,-0.358180,1.278144,-2.777021,0.353472,1.283473,-2.799485,25,25,27,25,25,26,27,25,27,27,26,27
1791409111.763706,-0.056414,1.244663,-2.771966,0.054386,1.246994,-2.798063,-0.358150,1.278114,-2.777021,0.353503,1.283504,-2.799469,26,25,27,25,25,26,27,25,27,27,26,27
1791409111.783435,-0.056414,1.244724,-2.771966,0.054386,1.246994,-2.798047,-0.358180,1.278175,-2.777021,0.353472,1.283443,-2.799469,26,25,27,25,25,26,27,25,27,27,26,27
1791409111.803366,-0.056445,1.244724,-2.771935,0.054386,1.246964,-2.798047,-0.358180,1.278144,-2.777021,0.353472,1.283443,-2.799469,26,25,27,25,25,26,27,25,27,27,26,27
1791409111.823682,-0.056414,1.244693,-2.771950,0.054325,1.246964,-2.798063,-0.358150,1.278144,-2.777037,0.353503,1.283473,-2.799485,25,25,27,25,25,26,27,25,27,27,26,27
1791409111.843422,-0.056445,1.244724,-2.771950,0.054386,1.246964,-2.798063,-0.358119,1.278144,-2.777037,0.353472,1.283473,-2.799469,26,25,27,25,25,26,27,25,27,27,26,27
1791409111.863485,-0.056445,1.244693,-2.771950,0.054386,1.246994,-2.798063,-0.358150,1.278114,-2.777021,0.353503,1.283473,-2.799485,26,25,27,25,25,26,27,25,27,27,26,27
1791409111.883519,-0.056414,1.244724,-2.771950,0.054356,1.246994,-2.798063,-0.358150,1.278114,-2.777021,0.353472,1.283443,-2.799485,25,25,27,25,25,26,27,25,27,27,26,27
1791409111.903397,-0.056414,1.244693,-2.771966,0.054386,1.246994,-2.798063,-0.358180,1.278144,-2.777021,0.353503,1.283443,-2.799469,25,25,27,25,25,26,27,25,27,27,26,27
1791409111.923478,-0.056384,1.244724,-2.771950,0.054386,1.246964,-2.798047,-0.358150,1.278144,-2.777037,0.353503,1.283473,-2.799469,25,25,27,25,25,26,27,25,27,27,26,27
1791409111.943521,-0.056414,1.244724,-2.771950,0.054386,1.246964,-2.798047,-0.358150,1.278114,-2.777037,0.353503,1.283443,-2.799453,26,25,27,25,25,26,27,25,27,27,26,27
1791409111.963496,-0.056414,1.244693,-2.771966,0.054356,1.246964,-2.798047,-0.358150,1.278114,-2.777021,0.353472,1.283443,-2.799485,26,25,27,25,25,26,27,25,27,27,26,27
1791409111.983697,-0.056445,1.244724,-2.771966,0.054386,1.246994,-2.798031,-0.358150,1.278114,-2.777021,0.353472,1.283473,-2.799485,25,25,27,25,25,26,27,25,27,27,26,27
1791409112.003680,-0.056475,1.244724,-2.771950,0.054386,1.246994,-2.798063,-0.358150,1.278144,-2.777021,0.353442,1.283473,-2.799453,26,25,27,25,25,26,27,25,27,27,26,27
1791409112.023686,-0.056445,1.244724,-2.771966,0.054356,1.246964,-2.798063,-0.358150,1.278084,-2.777021,0.353442,1.283473,-2.799469,26,25,27,25,25,26,27,25,27,27,26,27
1791409112.043436,-0.056445,1.244724,-2.771950,0.054386,1.246994,-2.798047,-0.358150,1.278175,-2.777037,0.353442,1.283443,-2.799469,26,25,27,25,25,26,27,25,27,27,26,27
1791409112.063361,-0.056445,1.244693,-2.771950,0.054386,1.246994,-2.798063,-0.358150,1.278144,-2.777021,0.353472,1.283473,-2.799485,26,25,27,25,25,26,27,25,27,27,26,27
1791409112.083535,-0.056384,1.244724,-2.771966,0.054386,1.246994,-2.798047,-0.358150,1.278144,-2.777037,0.353442,1.283473,-2.799469,26,25,27,25,25,26,27,25,27,27,26,27
1791409112.103617,-0.056445,1.244724,-2.771966,0.054356,1.246994,-2.798047,-0.358150,1.278114,-2.777021,0.353503,1.283504,-2.799469,25,25,27,25,25,26,27,25,27,27,26,27
1791409112.123547,-0.056445,1.244724,-2.771950,0.054386,1.246964,-2.798047,-0.358150,1.278084,-2.777021,0.353503,1.283473,-2.799469,25,25,27,25,25,26,27,25,27,27,26,27
1791409112.143501,-0.056475,1.244724,-2.771950,0.054416,1.246964,-2.798063,-0.358150,1.278114,-2.777006,0.353503,1.283473,-2.799485,25,25,27,25,25,26,27,25,27,27,26,27
1791409112.163593,-0.056414,1.244693,-2.771982,0.054356,1.246964,-2.798063,-0.358180,1.278144,-2.777021,0.353472,1.283443,-2.799469,25,25,27,25,25,26,27,25,27,27,26,27
1791409112.183352,-0.056414,1.244724,-2.771950,0.054325,1.246994,-2.798063,-0.358150,1.278144,-2.777021,0.353503,1.283504,-2.799469,26,25,27,25,25,26,27,25,27,27,26,27
1791409112.203465,-0.056445,1.244724,-2.771950,0.054386,1.247025,-2.798063,-0.358150,1.278114,-2.777021,0.353472,1.283443,-2.799485,26,25,27,25,25,26,27,25,27,27,26,27
1791409112.223626,-0.056414,1.244724,-2.771982,0.054386,1.246964,-2.798063,-0.358150,1.278114,-2.777021,0.353503,1.283443,-2.799469,26,25,27,25,25,26,27,25,27,27,26,27
1791409112.243483,-0.056445,1.244693,-2.771982,0.054386,1.246994,-2.798063,-0.358150,1.278144,-2.777037,0.353503,1.283443,-2.799485,26,25,27,25,25,26,27,25,27,27,26,27
1791409112.263581,-0.056414,1.244724,-2.771950,0.054356,1.246964,-2.798063,-0.358150,1.278144,-2.777021,0.353472,1.283473,-2.799469,26,25,27,25,25,26,27,25,27,27,26,27
1791409112.283398,-0.056445,1.244724,-2.771966,0.054386,1.246964,-2.798063,-0.358150,1.278144,-2.777021,0.353503,1.283473,-2.799485,26,25,27,25,25,26,27,25,27,27,26,27
1791409112.303461,-0.056414,1.244754,-2.771950,0.054356,1.246964,-2.798047,-0.358150,1.278114,-2.777037,0.353472,1.283473,-2.799485,26,25,27,25,25,26,27,25,27,27,26,27
1791409112.323545,-0.056414,1.244693,-2.771950,0.054356,1.246994,-2.798063,-0.358150,1.278114,-2.777021,0.353503,1.283473,-2.799469,25,25,27,25,25,26,27,25,27,27,26,27
1791409112.343422,-0.056445,1.244724,-2.771966,0.054416,1.246964,-2.798063,-0.358180,1.278144,-2.777021,0.353503,1.283473,-2.799485,26,25,27,25,25,26,27,25,27,27,26,27
1791409112.363549,-0.056414,1.244693,-2.771950,0.054386,1.246964,-2.798047,-0.358150,1.278144,-2.777021,0.353503,1.283473,-2.799469,26,25,27,25,25,26,27,25,27,27,25,27
1791409112.383569,-0.056414,1.244724,-2.771966,0.054356,1.246994,-2.798063,-0.358150,1.278144,-2.777021,0.353442,1.283473,-2.799469,25,25,27,25,25,26,27,25,27,27,26,27
1791409112.403537,-0.056414,1.244724,-2.771950,0.054386,1.246994,-2.798047,-0.358180,1.278144,-2.777021,0.353442,1.283443,-2.799469,26,25,27,25,25,26,27,25,27,27,26,27
1791409112.423401,-0.056445,1.244754,-2.771966,0.054386,1.246964,-2.798063,-0.358150,1.278144,-2.777053,0.353533,1.283473,-2.799469,26,25,27,25,25,26,27,25,27,27,26,27
1791409112.443585,-0.056414,1.244693,-2.771966,0.054386,1.246994,-2.798063,-0.358150,1.278144,-2.777037,0.353472,1.283473,-2.799485,26,25,27,25,25,26,27,25,27,27,26,27
1791409112.463559,-0.056445,1.244724,-2.771966,0.054386,1.246964,-2.798063,-0.358150,1.278144,-2.777021,0.353442,1.283443,-2.799485,26,25,27,25,25,26,27,25,27,27,26,27
1791409112.483494,-0.056475,1.244724,-2.771966,0.054356,1.246994,-2.798047,-0.358180,1.278114,-2.777021,0.353472,1.283473,-2.799485,26,25,27,25,25,26,27,25,27,27,26,27
1791409112.503457,-0.056414,1.244693,-2.771982,0.054356,1.246964,-2.798063,-0.358150,1.278084,-2.777021,0.353472,1.283473,-2.799485,26,25,27,25,25,26,27,25,27,27,26,27
1791409112.523405,-0.056475,1.244754,-2.771950,0.054416,1.246994,-2.798047,-0.358180,1.278144,-2.777021,0.353442,1.283473,-2.799469,26,25,27,25,25,26,27,25,27,27,26,27
1791409112.543605,-0.056445,1.244693,-2.771950,0.054386,1.246994,-2.798063,-0.358150,1.278175,-2.777021,0.353472,1.283473,-2.799469,26,25,27,25,25,26,27,25,27,27,26,27
1791409112.563620,-0.056414,1.244693,-2.771966,0.054356,1.246994,-2.798047,-0.358150,1.278144,-2.777021,0.353472,1.283473,-2.799469,25,25,27,25,25,26,27,25,27,27,26,27
1791409112.583380,-0.056414,1.244693,-2.771950,0.054386,1.246964,-2.798079,-0.358150,1.278114,-2.777021,0.353472,1.283473,-2.799485,25,25,27,25,25,26,27,25,27,27,26,27
1791409112.603509,-0.056445,1.244693,-2.771950,0.054386,1.246964,-2.798079,-0.358150,1.278114,-2.777021,0.353503,1.283473,-2.799485,25,25,27,25,25,26,27,25,27,27,26,27
1791409112.623594,-0.056445,1.244724,-2.771966,0.054356,1.246964,-2.798063,-0.358180,1.278084,-2.777021,0.353472,1.283473,-2.799485,25,25,27,25,25,26,27,25,27,27,26,27
1791409112.643534,-0.056475,1.244693,-2.771950,0.054356,1.246964,-2.798047,-0.358150,1.278144,-2.777021,0.353503,1.283473,-2.799469,25,25,27,25,25,26,27,25,27,27,26,27
1791409112.663549,-0.056414,1.244693,-2.771966,0.054386,1.246964,-2.798063,-0.358150,1.278114,-2.777037,0.353472,1.283504,-2.799469,25,25,27,25,25,26,27,25,27,27,26,27
1791409112.683484,-0.056445,1.244724,-2.771966,0.054416,1.246964,-2.798063,-0.358180,1.278114,-2.777021,0.353503,1.283473,-2.799469,26,25,27,25,25,26,27,25,27,27,26,27
1791409112.703475,-0.056445,1.244724,-2.771966,0.054356,1.246964,-2.798063,-0.358150,1.278175,-2.777037,0.353472,1.283473,-2.799485,25,25,27,25,25,26,27,25,27,27,26,27
1791409112.723384,-0.056475,1.244724,-2.771966,0.054356,1.246994,-2.798063,-0.358150,1.278144,-2.777037,0.353472,1.283473,-2.799453,26,25,27,25,25,26,27,25,27,27,26,27
1791409112.743594,-0.056414,1.244724,-2.771966,0.054386,1.246964,-2.798063,-0.358150,1.278144,-2.777021,0.353472,1.283443,-2.799469,26,25,27,25,25,26,27,25,27,27,26,27
1791409112.763567,-0.056445,1.244724,-2.771966,0.054356,1.246994,-2.798047,-0.358180,1.278114,-2.777021,0.353472,1.283473,-2.799469,25,25,27,25,25,26,27,25,27,27,26,27
1791409112.783687,-0.056414,1.244693,-2.771950,0.054356,1.246994,-2.798047,-0.358180,1.278114,-2.777021,0.353503,1.283473,-2.799469,26,25,27,25,25,26,27,25,27,27,26,27
1791409112.803463,-0.056445,1.244724,-2.771966,0.054356,1.246994,-2.798079,-0.358150,1.278175,-2.777021,0.353503,1.283473,-2.799485,26,25,27,25,25,26,27,25,27,27,26,27
1791409112.823574,-0.056445,1.244724,-2.771966,0.054356,1.246964,-2.798063,-0.358150,1.278114,-2.777037,0.353503,1.283443,-2.799453,25,25,27,25,25,26,27,25,27,27,26,27
1791409112.843449,-0.056414,1.244724,-2.771966,0.054386,1.246994,-2.798063,-0.358150,1.278144,-2.777037,0.353472,1.283473,-2.799469,26,25,27,25,25,26,27,25,27,27,26,27
1791409112.863656,-0.056414,1.244693,-2.771950,0.054325,1.246964,-2.798063,-0.358180,1.278144,-2.777037,0.353442,1.283473,-2.799485,26,25,27,25,25,26,27,25,27,27,26,27
1791409112.883636,-0.056445,1.244724,-2.771950,0.054356,1.246994,-2.798079,-0.358150,1.278144,-2.777021,0.353442,1.283473,-2.799469,25,25,27,25,25,26,27,25,27,27,26,27
1791409112.903486,-0.056445,1.244724,-2.771950,0.054325,1.246964,-2.798079,-0.358150,1.278144,-2.777021,0.353503,1.283473,-2.799453,26,25,27,25,25,26,27,25,27,27,26,27
1791409112.923439,-0.056445,1.244724,-2.771982,0.054356,1.246994,-2.798063,-0.358150,1.278144,-2.777021,0.353472,1.283473,-2.799469,25,25,27,25,25,26,27,25,27,27,26,27
1791409112.943491,-0.056445,1.244724,-2.771950,0.054325,1.246964,-2.798063,-0.358150,1.278144,-2.777037,0.353442,1.283443,-2.799469,26,25,27,25,25,26,27,25,27,27,26,27
1791409112.963554,-0.056414,1.244724,-2.771966,0.054325,1.246964,-2.798063,-0.358150,1.278114,-2.777037,0.353503,1.283473,-2.799469,26,25,27,25,25,26,27,25,27,27,26,27
1791409112.983770,-0.056475,1.244724,-2.771966,0.054386,1.246994,-2.798047,-0.358150,1.278175,-2.777021,0.353472,1.283473,-2.799453,26,25,27,25,25,26,27,25,27,27,25,27
1791409113.003716,-0.056475,1.244754,-2.771966,0.054416,1.247025,-2.798063,-0.358150,1.278114,-2.777021,0.353503,1.283443,-2.799485,26,25,27,25,25,26,27,25,27,27,26,27
1791409113.023430,-0.056445,1.244724,-2.771966,0.054356,1.246994,-2.798079,-0.358150,1.278144,-2.777037,0.353442,1.283473,-2.799485,25,25,27,25,25,26,27,25,27,27,26,27
1791409113.043437,-0.056414,1.244693,-2.771966,0.054356,1.247025,-2.798063,-0.358150,1.278175,-2.777021,0.353503,1.283473,-2.799469,26,25,27,25,25,26,27,25,27,27,26,27
1791409113.063502,-0.056475,1.244693,-2.771950,0.054356,1.246964,-2.798063,-0.358150,1.278144,-2.777021,0.353503,1.283443,-2.799453,26,25,27,25,25,26,27,25,27,27,26,27
1791409113.083464,-0.056475,1.244724,-2.771966,0.054356,1.246964,-2.798063,-0.358150,1.278144,-2.777021,0.353503,1.283473,-2.799469,26,25,27,25,25,26,27,25,27,27,26,27
1791409113.103544,-0.056475,1.244724,-2.771966,0.054356,1.246994,-2.798063,-0.358180,1.278114,-2.777021,0.353503,1.283473,-2.799485,25,25,27,25,25,26,27,25,27,27,26,27
1791409113.123598,-0.056445,1.244724,-2.771966,0.054356,1.246994,-2.798063,-0.358150,1.278114,-2.777021,0.353503,1.283443,-2.799485,26,25,27,25,25,26,27,25,27,27,26,27
1791409113.143645,-0.056414,1.244724,-2.771950,0.054356,1.246994,-2.798047,-0.358150,1.278084,-2.777021,0.353472,1.283473,-2.799485,26,25,27,25,25,26,27,25,27,27,26,27
1791409113.163480,-0.056445,1.244693,-2.771950,0.054416,1.246994,-2.798063,-0.358150,1.278144,-2.777037,0.353472,1.283473,-2.799469,26,25,27,25,25,26,27,25,27,27,26,27
1791409113.183433,-0.056445,1.244693,-2.771950,0.054416,1.246994,-2.798047,-0.358180,1.278114,-2.777021,0.353472,1.283443,-2.799469,25,25,27,25,25,26,27,25,27,27,26,27
1791409113.203702,-0.056475,1.244724,-2.771966,0.054356,1.246994,-2.798095,-0.358150,1.278114,-2.777021,0.353472,1.283504,-2.799485,26,25,27,25,25,26,27,25,27,27,26,27
1791409113.223511,-0.056384,1.244693,-2.771966,0.054356,1.246994,-2.798063,-0.358150,1.278144,-2.777021,0.353442,1.283443,-2.799469,26,25,27,25,25,26,27,25,27,27,26,27
1791409113.243498,-0.056445,1.244724,-2.771966,0.054356,1.246994,-2.798047,-0.358180,1.278084,-2.777021,0.353442,1.283473,-2.799485,26,25,27,25,25,26,27,25,27,27,26,27
1791409113.263635,-0.056445,1.244724,-2.771950,0.054356,1.246964,-2.798063,-0.358180,1.278144,-2.777021,0.353472,1.283443,-2.799485,26,25,27,25,25,26,27,25,27,27,26,27
1791409113.283450,-0.056414,1.244724,-2.771966,0.054356,1.246994,-2.798063,-0.358150,1.278114,-2.777021,0.353503,1.283443,-2.799485,26,25,27,25,25,26,27,25,27,27,26,27
1791409113.303489,-0.056445,1.244693,-2.771950,0.054356,1.246994,-2.798047,-0.358150,1.278144,-2.777037,0.353472,1.283443,-2.799469,26,25,27,25,25,26,27,25,27,27,26,27
1791409113.323464,-0.056414,1.244724,-2.771950,0.054386,1.246964,-2.798063,-0.358180,1.278144,-2.777021,0.353472,1.283473,-2.799469,26,25,27,25,25,26,27,25,27,27,26,27
1791409113.343657,-0.056445,1.244724,-2.771966,0.054356,1.246964,-2.798063,-0.358150,1.278175,-2.777021,0.353503,1.283443,-2.799469,26,25,27,25,25,26,27,25,27,27,26,27
1791409113.363544,-0.056384,1.244724,-2.771982,0.054386,1.246994,-2.798047,-0.358180,1.278144,-2.777037,0.353503,1.283473,-2.799469,26,25,27,25,25,26,27,25,27,27,26,27
1791409113.383549,-0.056414,1.244724,-2.771950,0.054356,1.246994,-2.798063,-0.358180,1.278144,-2.777037,0.353503,1.283443,-2.799469,25,25,27,25,25,26,27,25,27,27,26,27
1791409113.403536,-0.056475,1.244693,-2.771966,0.054356,1.247025,-2.798047,-0.358180,1.278114,-2.777021,0.353472,1.283473,-2.799469,26,25,27,25,25,26,27,25,27,27,26,27
1791409113.423602,-0.056445,1.244724,-2.771950,0.054356,1.246964,-2.798079,-0.358150,1.278175,-2.777021,0.353442,1.283473,-2.799469,26,25,27,25,25,26,27,25,27,27,26,27
1791409113.443476,-0.056445,1.244693,-2.771950,0.054386,1.246964,-2.798063,-0.358180,1.278144,-2.777021,0.353472,1.283473,-2.799453,26,25,27,25,25,26,27,25,27,27,26,27
1791409113.463538,-0.056445,1.244724,-2.771966,0.054356,1.247025,-2.798047,-0.358150,1.278175,-2.777037,0.353503,1.283473,-2.799469,26,25,27,25,25,26,27,25,27,27,26,27
1791409113.483566,-0.056414,1.244724,-2.771935,0.054356,1.246964,-2.798063,-0.358180,1.278144,-2.777037,0.353472,1.283504,-2.799453,26,25,27,25,25,26,27,25,27,27,26,27
1791409113.503718,-0.056445,1.244724,-2.771966,0.054416,1.246964,-2.798063,-0.358180,1.278114,-2.777037,0.353503,1.283473,-2.799469,26,25,27,25,25,26,27,25,27,27,26,27
1791409113.523670,-0.056475,1.244724,-2.771966,0.054386,1.246994,-2.798063,-0.358150,1.278144,-2.777021,0.353503,1.283443,-2.799485,26,25,27,25,25,26,27,25,27,27,26,27
1791409113.543694,-0.056414,1.244724,-2.771966,0.054356,1.246964,-2.798063,-0.358180,1.278114,-2.777021,0.353472,1.283473,-2.799485,26,25,27,25,25,26,27,25,27,27,26,27
1791409113.563529,-0.056414,1.244724,-2.771966,0.054386,1.246994,-2.798079,-0.358180,1.278114,-2.777037,0.353503,1.283504,-2.799469,26,25,27,25,25,26,27,25,27,27,26,27
1791409113.583414,-0.056445,1.244693,-2.771950,0.054386,1.246964,-2.798047,-0.358150,1.278114,-2.777037,0.353503,1.283443,-2.799469,26,25,27,25,25,26,27,25,27,27,26,27
1791409113.603474,-0.056475,1.244724,-2.771950,0.054386,1.246964,-2.798047,-0.358180,1.278114,-2.777037,0.353442,1.283443,-2.799485,25,25,27,25,25,26,27,25,27,27,26,27
1791409113.623411,-0.056414,1.244724,-2.771966,0.054356,1.246994,-2.798079,-0.358180,1.278114,-2.777037,0.353472,1.283473,-2.799485,25,25,27,25,25,26,27,25,27,27,26,27
1791409113.643564,-0.056445,1.244724,-2.771966,0.054386,1.246994,-2.798063,-0.358180,1.278144,-2.777021,0.353472,1.283473,-2.799469,26,25,27,25,25,26,27,25,27,27,26,27
1791409113.663662,-0.056414,1.244724,-2.771966,0.054356,1.246964,-2.798047,-0.358180,1.278114,-2.777037,0.353503,1.283473,-2.799453,25,25,27,25,25,26,27,25,27,27,26,27
1791409113.683524,-0.056445,1.244724,-2.771966,0.054416,1.246994,-2.798063,-0.358180,1.278144,-2.777037,0.353472,1.283473,-2.799469,25,25,27,25,25,26,27,25,27,27,26,27
1791409113.703493,-0.056445,1.244693,-2.771966,0.054356,1.246934,-2.798063,-0.358150,1.278144,-2.777037,0.353503,1.283473,-2.799469,26,25,27,25,25,26,27,25,27,27,26,27
1791409113.723475,-0.056414,1.244724,-2.771950,0.054386,1.246994,-2.798047,-0.358150,1.278114,-2.777021,0.353442,1.283443,-2.799485,26,25,27,25,25,26,27,25,27,27,26,27
1791409113.743586,-0.056445,1.244724,-2.771966,0.054386,1.246994,-2.798063,-0.358180,1.278114,-2.777021,0.353503,1.283473,-2.799469,26,25,27,25,25,27,27,25,27,27,26,27
1791409113.764245,-0.056414,1.244724,-2.771966,0.054386,1.246964,-2.798063,-0.358180,1.278175,-2.777037,0.353472,1.283473,-2.799485,25,25,27,25,25,26,27,25,27,27,26,27
1791409113.783545,-0.056414,1.244724,-2.771966,0.054356,1.246994,-2.798063,-0.358150,1.278175,-2.777021,0.353503,1.283473,-2.799469,26,25,27,25,25,26,27,25,27,27,26,27
1791409113.803426,-0.056445,1.244724,-2.771950,0.054356,1.246994,-2.798063,-0.358150,1.278114,-2.777037,0.353442,1.283473,-2.799485,25,25,27,25,25,26,27,25,27,27,26,27
1791409113.823539,-0.056414,1.244693,-2.771950,0.054386,1.246964,-2.798063,-0.358180,1.278114,-2.777021,0.353472,1.283443,-2.799500,25,25,27,25,25,26,27,25,27,27,26,27
1791409113.843448,-0.056414,1.244724,-2.771950,0.054386,1.246994,-2.798063,-0.358150,1.278114,-2.777037,0.353503,1.283473,-2.799469,26,25,27,25,25,26,27,25,27,27,26,27
1791409113.863547,-0.056414,1.244724,-2.771950,0.054325,1.246964,-2.798063,-0.358150,1.278144,-2.777037,0.353472,1.283473,-2.799453,26,25,27,25,25,26,27,25,27,27,26,27
1791409113.883561,-0.056445,1.244724,-2.771950,0.054386,1.246994,-2.798063,-0.358180,1.278114,-2.777021,0.353472,1.283473,-2.799469,25,25,27,25,25,26,27,25,27,27,26,27
1791409113.903446,-0.056414,1.244724,-2.771950,0.054356,1.246994,-2.798047,-0.358180,1.278114,-2.777021,0.353472,1.283473,-2.799469,25,25,27,25,25,26,27,25,27,27,26,27
1791409113.923511,-0.056445,1.244724,-2.771966,0.054386,1.246964,-2.798095,-0.358180,1.278175,-2.777021,0.353503,1.283443,-2.799485,26,25,27,25,25,26,27,25,27,27,26,27
1791409113.943439,-0.056445,1.244724,-2.771966,0.054325,1.246964,-2.798063,-0.358180,1.278144,-2.777037,0.353503,1.283504,-2.799469,25,25,27,25,25,26,27,25,27,27,26,27
1791409113.963675,-0.056445,1.244724,-2.771966,0.054356,1.246964,-2.798079,-0.358150,1.278144,-2.777037,0.353503,1.283473,-2.799469,26,25,27,25,25,26,27,25,27,27,26,27
1791409113.983397,-0.056475,1.244693,-2.771966,0.054416,1.246994,-2.798063,-0.358150,1.278114,-2.777021,0.353472,1.283473,-2.799469,26,25,27,25,25,26,27,25,27,27,26,27
1791409114.003586,-0.056445,1.244724,-2.771966,0.054356,1.246964,-2.798063,-0.358150,1.278144,-2.777006,0.353503,1.283473,-2.799469,26,25,27,25,25,26,27,25,27,27,26,27
1791409114.023540,-0.056475,1.244724,-2.771966,0.054386,1.246964,-2.798047,-0.358150,1.278144,-2.777021,0.353472,1.283473,-2.799485,26,25,27,25,25,26,27,25,27,27,26,27
1791409114.043460,-0.056475,1.244754,-2.771950,0.054386,1.246964,-2.798063,-0.358180,1.278114,-2.777021,0.353503,1.283473,-2.799469,25,25,27,25,25,26,27,25,27,27,26,27
1791409114.063663,-0.056445,1.244724,-2.771966,0.054386,1.246994,-2.798063,-0.358180,1.278144,-2.777021,0.353472,1.283473,-2.799485,26,25,27,25,25,26,27,25,27,27,26,27
1791409114.083437,-0.056445,1.244724,-2.771966,0.054386,1.246994,-2.798063,-0.358150,1.278144,-2.777021,0.353503,1.283443,-2.799485,26,25,27,25,25,26,27,25,27,27,26,27
1791409114.103408,-0.056475,1.244724,-2.771950,0.054356,1.246964,-2.798063,-0.358180,1.278114,-2.777021,0.353442,1.283443,-2.799469,26,25,27,25,25,26,27,25,27,27,26,27
1791409114.123438,-0.056414,1.244693,-2.771966,0.054356,1.247025,-2.798031,-0.358180,1.278144,-2.777037,0.353472,1.283443,-2.799469,26,25,27,25,25,26,27,25,27,27,26,27
1791409114.143536,-0.056445,1.244693,-2.771966,0.054386,1.246994,-2.798063,-0.358150,1.278144,-2.777037,0.353472,1.283473,-2.799469,26,25,27,25,25,26,27,25,27,27,26,27
1791409114.166313,-0.056445,1.244693,-2.771950,0.054386,1.246964,-2.798063,-0.358150,1.278114,-2.777021,0.353503,1.283473,-2.799469,26,25,27,25,25,26,27,25,27,27,26,27
1791409114.185417,-0.056414,1.244724,-2.771966,0.054356,1.246994,-2.798079,-0.358180,1.278144,-2.777021,0.353503,1.283473,-2.799469,25,25,27,25,25,26,27,25,27,27,26,27
1791409114.205428,-0.056445,1.244754,-2.771966,0.054356,1.246964,-2.798047,-0.358180,1.278084,-2.777053,0.353503,1.283473,-2.799469,26,25,27,25,25,26,27,25,27,27,26,27
1791409114.225482,-0.056414,1.244754,-2.771966,0.054386,1.246994,-2.798063,-0.358180,1.278144,-2.777037,0.353472,1.283443,-2.799485,26,25,27,25,25,26,27,25,27,27,26,27
1791409114.245419,-0.056445,1.244724,-2.771966,0.054356,1.246964,-2.798047,-0.358150,1.278144,-2.777037,0.353503,1.283473,-2.799469,26,25,27,25,25,26,27,25,27,27,26,27
1791409114.265701,-0.056414,1.244693,-2.771950,0.054356,1.246964,-2.798079,-0.358180,1.278175,-2.777021,0.353503,1.283443,-2.799485,25,25,27,25,25,26,27,25,27,27,26,27
1791409114.285547,-0.056384,1.244724,-2.771950,0.054386,1.246994,-2.798079,-0.358180,1.278144,-2.777021,0.353472,1.283473,-2.799469,26,25,27,25,25,26,27,25,27,27,26,27
1791409114.306183,-0.056445,1.244693,-2.771950,0.054356,1.246964,-2.798079,-0.358180,1.278084,-2.777021,0.353472,1.283473,-2.799485,26,25,27,25,25,26,27,25,27,27,26,27
1791409114.325548,-0.056445,1.244724,-2.771950,0.054386,1.246964,-2.798063,-0.358180,1.278114,-2.777037,0.353503,1.283473,-2.799485,25,25,27,25,25,26,27,25,27,27,26,27
1791409114.345537,-0.056475,1.244693,-2.771966,0.054386,1.246964,-2.798063,-0.358180,1.278084,-2.777021,0.353503,1.283473,-2.799485,26,25,27,25,25,26,27,25,27,27,26,27
1791409114.365472,-0.056414,1.244693,-2.771966,0.054386,1.246964,-2.798063,-0.358150,1.278144,-2.777053,0.353503,1.283473,-2.799469,26,25,27,25,25,26,27,25,27,27,26,27
1791409114.385379,-0.056445,1.244754,-2.771950,0.054356,1.246964,-2.798047,-0.358150,1.278175,-2.777021,0.353503,1.283473,-2.799469,26,25,27,25,25,26,27,25,27,27,26,27
1791409114.405410,-0.056445,1.244724,-2.771966,0.054356,1.246964,-2.798047,-0.358180,1.278114,-2.777037,0.353472,1.283443,-2.799485,26,25,27,25,25,26,27,25,27,27,26,27
1791409114.425874,-0.056414,1.244754,-2.771950,0.054386,1.246994,-2.798063,-0.358150,1.278144,-2.777037,0.353472,1.283443,-2.799469,26,25,27,25,25,26,27,25,27,27,25,27
1791409114.445462,-0.056414,1.244724,-2.771966,0.054386,1.246964,-2.798063,-0.358150,1.278175,-2.777006,0.353503,1.283443,-2.799469,26,25,27,25,25,26,27,25,27,27,26,27
1791409114.465693,-0.056445,1.244663,-2.771966,0.054356,1.246964,-2.798063,-0.358180,1.278114,-2.777021,0.353472,1.283473,-2.799469,25,25,27,25,25,26,27,25,27,27,26,27
1791409114.485572,-0.056445,1.244693,-2.771950,0.054356,1.246964,-2.798047,-0.358150,1.278144,-2.777021,0.353472,1.283473,-2.799485,26,25,27,25,25,26,27,25,27,27,26,27
1791409114.505924,-0.056445,1.244724,-2.771966,0.054325,1.246994,-2.798047,-0.358180,1.278114,-2.777037,0.353472,1.283473,-2.799469,26,25,27,25,25,26,27,25,27,27,26,27
1791409114.525458,-0.056414,1.244724,-2.771966,0.054356,1.246994,-2.798063,-0.358180,1.278144,-2.777021,0.353533,1.283473,-2.799453,26,25,27,25,25,26,27,25,27,27,26,27
1791409114.545641,-0.056445,1.244724,-2.771950,0.054325,1.246964,-2.798063,-0.358150,1.278144,-2.777037,0.353503,1.283443,-2.799469,26,25,27,25,25,26,27,25,27,27,26,27
1791409114.565667,-0.056384,1.244754,-2.771966,0.054386,1.246964,-2.798063,-0.358180,1.278144,-2.777037,0.353503,1.283473,-2.799469,26,25,27,25,25,26,27,25,27,27,26,27
1791409114.585610,-0.056414,1.244754,-2.771950,0.054386,1.246964,-2.798079,-0.358150,1.278114,-2.777021,0.353472,1.283473,-2.799469,26,25,27,25,25,26,27,25,27,27,26,27
1791409114.605561,-0.056445,1.244724,-2.771966,0.054356,1.246964,-2.798079,-0.358180,1.278144,-2.777037,0.353472,1.283473,-2.799485,26,25,27,25,25,26,27,25,27,27,26,27
1791409114.625848,-0.056445,1.244693,-2.771982,0.054386,1.246994,-2.798063,-0.358180,1.278114,-2.777021,0.353472,1.283473,-2.799469,26,25,27,25,25,26,27,25,27,27,26,27
1791409114.646088,-0.056445,1.244754,-2.771966,0.054386,1.246994,-2.798063,-0.358150,1.278144,-2.777021,0.353472,1.283443,-2.799469,26,25,27,25,25,26,27,25,27,27,26,27
1791409114.665625,-0.056445,1.244724,-2.771950,0.054356,1.246994,-2.798063,-0.358150,1.278144,-2.777021,0.353503,1.283443,-2.799469,25,25,27,25,25,26,27,25,27,27,26,27
1791409114.686511,-0.056475,1.244724,-2.771966,0.054356,1.246994,-2.798047,-0.358180,1.278114,-2.777037,0.353442,1.283473,-2.799485,26,25,27,25,25,26,27,25,27,27,26,27
1791409114.705435,-0.056445,1.244693,-2.771950,0.054356,1.246934,-2.798063,-0.358150,1.278114,-2.777021,0.353503,1.283473,-2.799469,26,25,27,25,25,26,27,25,27,27,26,27
1791409114.726026,-0.056445,1.244724,-2.771950,0.054356,1.246964,-2.798063,-0.358180,1.278144,-2.777037,0.353472,1.283473,-2.799485,25,25,27,25,25,26,27,25,27,27,26,27
1791409114.745638,-0.056445,1.244693,-2.771966,0.054325,1.246994,-2.798063,-0.358180,1.278114,-2.777021,0.353472,1.283473,-2.799469,26,25,27,25,25,26,27,25,27,27,26,27
1791409114.765704,-0.056445,1.244693,-2.771950,0.054356,1.246964,-2.798047,-0.358150,1.278144,-2.777006,0.353472,1.283473,-2.799485,25,25,27,25,25,26,27,25,27,27,26,27
1791409114.786327,-0.056445,1.244724,-2.771950,0.054356,1.246964,-2.798063,-0.358150,1.278114,-2.777037,0.353472,1.283473,-2.799485,26,25,27,25,25,26,27,25,27,27,26,27
1791409114.805834,-0.056414,1.244693,-2.771950,0.054356,1.246994,-2.798063,-0.358150,1.278175,-2.777037,0.353503,1.283473,-2.799485,26,25,27,25,25,26,27,25,27,27,26,27
1791409114.825488,-0.056384,1.244724,-2.771966,0.054386,1.246994,-2.798047,-0.358180,1.278114,-2.777021,0.353503,1.283473,-2.799469,26,25,27,25,25,26,27,25,27,27,26,27
1791409114.845601,-0.056445,1.244724,-2.771950,0.054356,1.246994,-2.798047,-0.358180,1.278144,-2.777037,0.353503,1.283473,-2.799469,26,25,27,25,25,26,27,25,27,27,25,27
1791409114.865643,-0.056445,1.244693,-2.771966,0.054386,1.246994,-2.798047,-0.358180,1.278144,-2.777037,0.353503,1.283473,-2.799453,26,25,27,25,25,26,27,25,27,27,26,27
1791409114.885463,-0.056445,1.244724,-2.771950,0.054386,1.246964,-2.798063,-0.358150,1.278144,-2.777021,0.353472,1.283443,-2.799485,26,25,27,25,25,26,27,25,27,27,26,27
1791409114.905524,-0.056445,1.244724,-2.771950,0.054386,1.246994,-2.798063,-0.358150,1.278144,-2.777037,0.353472,1.283473,-2.799469,26,25,27,25,25,26,27,25,27,27,26,27
1791409114.925692,-0.056445,1.244724,-2.771950,0.054416,1.246964,-2.798063,-0.358180,1.278144,-2.777037,0.353472,1.283473,-2.799469,26,25,27,25,25,26,27,25,27,27,26,27
1791409114.945685,-0.056445,1.244754,-2.771966,0.054356,1.246964,-2.798063,-0.358180,1.278144,-2.777021,0.353503,1.283473,-2.799485,25,25,27,25,25,26,27,25,27,27,26,27
1791409114.965642,-0.056414,1.244693,-2.771966,0.054386,1.246964,-2.798063,-0.358150,1.278144,-2.777021,0.353472,1.283473,-2.799485,26,25,27,25,25,26,27,25,27,27,26,27
1791409114.985493,-0.056414,1.244693,-2.771966,0.054386,1.246994,-2.798063,-0.358180,1.278144,-2.777021,0.353503,1.283504,-2.799453,26,25,27,25,25,26,27,25,27,27,26,27
1791409115.005739,-0.056445,1.244724,-2.771966,0.054356,1.246964,-2.798079,-0.358150,1.278175,-2.777037,0.353472,1.283504,-2.799453,26,25,27,25,25,26,27,25,27,27,26,27
1791409115.026022,-0.056445,1.244724,-2.771966,0.054356,1.246964,-2.798047,-0.358180,1.278084,-2.777021,0.353503,1.283473,-2.799469,26,25,27,25,25,26,27,25,27,27,26,27
1791409115.045897,-0.056384,1.244724,-2.771950,0.054356,1.246994,-2.798079,-0.358180,1.278144,-2.777037,0.353503,1.283473,-2.799469,26,25,27,25,25,26,27,25,27,27,26,27
1791409115.065468,-0.056445,1.244724,-2.771950,0.054356,1.246964,-2.798063,-0.358180,1.278144,-2.777037,0.353472,1.283473,-2.799485,26,25,27,25,25,26,27,25,27,27,26,27
1791409115.085580,-0.056445,1.244724,-2.771966,0.054416,1.246964,-2.798047,-0.358180,1.278144,-2.777053,0.353472,1.283473,-2.799469,26,25,27,25,25,26,27,25,27,27,26,27
1791409115.105510,-0.056445,1.244724,-2.771966,0.054356,1.246964,-2.798047,-0.358180,1.278114,-2.777021,0.353472,1.283473,-2.799469,26,25,27,25,25,26,27,25,27,27,26,27
1791409115.125664,-0.056445,1.244693,-2.771966,0.054356,1.246964,-2.798047,-0.358180,1.278144,-2.777021,0.353472,1.283443,-2.799469,26,25,27,25,25,26,27,25,27,27,26,27
1791409115.145550,-0.056445,1.244693,-2.771966,0.054386,1.246964,-2.798047,-0.358180,1.278144,-2.777021,0.353533,1.283473,-2.799485,26,25,27,25,25,26,27,25,27,27,26,27
1791409115.165715,-0.056445,1.244724,-2.771966,0.054386,1.246934,-2.798047,-0.358180,1.278144,-2.777037,0.353472,1.283473,-2.799485,26,25,27,25,25,26,27,25,27,27,26,27
1791409115.185548,-0.056445,1.244724,-2.771966,0.054356,1.246994,-2.798063,-0.358150,1.278114,-2.777021,0.353503,1.283473,-2.799485,26,25,27,25,25,26,27,25,27,27,26,27
1791409115.205439,-0.056445,1.244724,-2.771950,0.054386,1.246994,-2.798063,-0.358180,1.278144,-2.777021,0.353503,1.283473,-2.799469,26,25,27,25,25,26,27,25,27,27,26,27
1791409115.225631,-0.056445,1.244693,-2.771950,0.054386,1.246994,-2.798063,-0.358150,1.278144,-2.777037,0.353503,1.283473,-2.799485,26,25,27,25,25,26,27,25,27,27,26,27
1791409115.245587,-0.056384,1.244724,-2.771966,0.054386,1.246964,-2.798079,-0.358150,1.278114,-2.777021,0.353472,1.283473,-2.799469,26,25,27,25,25,26,27,25,27,27,26,27
1791409115.265697,-0.056384,1.244724,-2.771966,0.054356,1.246964,-2.798079,-0.358180,1.278144,-2.777037,0.353503,1.283443,-2.799469,26,25,27,25,25,26,27,25,27,27,26,27
1791409115.285708,-0.056445,1.244724,-2.771950,0.054356,1.246994,-2.798063,-0.358180,1.278144,-2.777037,0.353503,1.283473,-2.799469,25,25,27,25,25,26,27,25,27,27,26,27
1791409115.305449,-0.056414,1.244724,-2.771982,0.054386,1.246964,-2.798063,-0.358180,1.278114,-2.777037,0.353472,1.283473,-2.799485,26,25,27,25,25,26,27,25,27,27,26,27
1791409115.325918,-0.056475,1.244754,-2.771966,0.054386,1.246964,-2.798063,-0.358150,1.278144,-2.777037,0.353472,1.283473,-2.799485,26,25,27,25,25,26,27,25,27,27,26,27
1791409115.346016,-0.056445,1.244693,-2.771966,0.054356,1.246934,-2.798047,-0.358180,1.278114,-2.777021,0.353442,1.283443,-2.799469,26,25,27,25,25,26,27,25,27,27,26,27
1791409115.365729,-0.056414,1.244724,-2.771966,0.054356,1.246994,-2.798079,-0.358180,1.278144,-2.777006,0.353503,1.283473,-2.799469,26,25,27,25,25,26,27,25,27,27,26,27
1791409115.385473,-0.056445,1.244693,-2.771966,0.054416,1.246994,-2.798063,-0.358180,1.278144,-2.777021,0.353503,1.283473,-2.799485,26,25,27,25,25,26,27,25,27,27,26,27
1791409115.405531,-0.056414,1.244724,-2.771966,0.054356,1.246934,-2.798063,-0.358180,1.278144,-2.777021,0.353472,1.283473,-2.799469,26,25,27,25,25,26,27,25,27,27,26,27
1791409115.426059,-0.056414,1.244693,-2.771935,0.054386,1.246994,-2.798063,-0.358180,1.278144,-2.777021,0.353503,1.283504,-2.799453,26,25,27,25,25,26,27,25,27,27,26,27
1791409115.445407,-0.056414,1.244724,-2.771950,0.054356,1.246964,-2.798047,-0.358180,1.278114,-2.777021,0.353472,1.283443,-2.799485,26,25,27,25,25,26,27,25,27,27,26,27
1791409115.465497,-0.056445,1.244724,-2.771950,0.054386,1.246994,-2.798063,-0.358180,1.278144,-2.777021,0.353472,1.283504,-2.799453,26,25,27,25,25,26,27,25,27,27,26,27
1791409115.485696,-0.056414,1.244693,-2.771950,0.054325,1.246964,-2.798063,-0.358210,1.278144,-2.777006,0.353503,1.283473,-2.799469,26,25,27,25,25,26,27,25,27,27,26,27
1791409115.505520,-0.056475,1.244724,-2.771966,0.054356,1.246964,-2.798047,-0.358180,1.278144,-2.777021,0.353503,1.283443,-2.799469,26,25,27,25,25,26,27,25,27,27,26,27
1791409115.525503,-0.056445,1.244724,-2.771966,0.054386,1.246994,-2.798047,-0.358180,1.278144,-2.777021,0.353472,1.283443,-2.799469,26,25,27,25,25,26,27,25,27,27,26,27
1791409115.545634,-0.056414,1.244693,-2.771950,0.054356,1.246934,-2.798047,-0.358150,1.278114,-2.777021,0.353503,1.283473,-2.799469,26,25,27,25,25,26,27,25,27,27,26,27
1791409115.565541,-0.056445,1.244724,-2.771950,0.054386,1.246964,-2.798063,-0.358180,1.278175,-2.777037,0.353442,1.283443,-2.799485,26,25,27,25,25,26,27,25,27,27,26,27
1791409115.586000,-0.056445,1.244724,-2.771966,0.054356,1.246994,-2.798063,-0.358150,1.278144,-2.777021,0.353503,1.283473,-2.799453,26,25,27,25,25,26,27,25,27,27,26,27
1791409115.606200,-0.056414,1.244693,-2.771966,0.054386,1.246964,-2.798047,-0.358180,1.278175,-2.777021,0.353503,1.283473,-2.799469,26,25,27,25,25,26,27,25,27,27,26,27
1791409115.625592,-0.056414,1.244754,-2.771966,0.054356,1.246964,-2.798063,-0.358180,1.278144,-2.777021,0.353503,1.283473,-2.799469,25,25,27,25,25,26,27,25,27,27,26,27
1791409115.645515,-0.056475,1.244724,-2.771966,0.054386,1.246994,-2.798079,-0.358180,1.278084,-2.777037,0.353503,1.283473,-2.799485,25,25,27,25,25,26,27,25,27,27,26,27
1791409115.665451,-0.056414,1.244724,-2.771966,0.054386,1.246964,-2.798063,-0.358210,1.278175,-2.777021,0.353503,1.283473,-2.799469,26,25,27,25,25,26,27,25,27,27,26,27
1791409115.685781,-0.056414,1.244693,-2.771950,0.054356,1.246994,-2.798047,-0.358180,1.278144,-2.777037,0.353503,1.283473,-2.799485,26,25,27,25,25,26,27,25,27,27,26,27
1791409115.705700,-0.056414,1.244724,-2.771966,0.054356,1.246994,-2.798063,-0.358210,1.278114,-2.777021,0.353442,1.283473,-2.799453,26,25,27,25,25,26,27,25,27,27,26,27
1791409115.725875,-0.056445,1.244693,-2.771966,0.054356,1.246964,-2.798063,-0.358180,1.278175,-2.777021,0.353503,1.283473,-2.799485,26,25,27,25,25,26,27,25,27,27,26,27
1791409115.745850,-0.056445,1.244724,-2.771966,0.054356,1.246994,-2.798047,-0.358180,1.278144,-2.777021,0.353503,1.283473,-2.799485,26,25,27,25,25,26,27,25,27,27,26,27
1791409115.765862,-0.056445,1.244724,-2.771966,0.054356,1.246994,-2.798063,-0.358180,1.278175,-2.777021,0.353442,1.283473,-2.799469,26,25,27,25,25,26,27,25,27,27,26,27
1791409115.787251,-0.056445,1.244754,-2.771950,0.054386,1.246964,-2.798063,-0.358180,1.278114,-2.777021,0.353472,1.283473,-2.799469,26,25,27,25,25,26,27,25,27,27,26,27
1791409115.805808,-0.056445,1.244724,-2.771950,0.054386,1.246994,-2.798047,-0.358180,1.278144,-2.777037,0.353472,1.283443,-2.799485,26,25,27,25,25,26,27,25,27,27,26,27
1791409115.825993,-0.056445,1.244724,-2.771950,0.054356,1.246964,-2.798079,-0.358180,1.278144,-2.777021,0.353472,1.283473,-2.799485,25,25,27,25,25,26,27,25,27,27,26,27
1791409115.845474,-0.056445,1.244724,-2.771966,0.054386,1.247025,-2.798063,-0.358180,1.278114,-2.777021,0.353503,1.283473,-2.799485,26,25,27,25,25,26,27,25,27,27,26,27
1791409115.865598,-0.056445,1.244693,-2.771966,0.054356,1.246964,-2.798047,-0.358180,1.278144,-2.777021,0.353472,1.283473,-2.799469,26,25,27,25,25,26,27,25,27,27,26,27
1791409115.885607,-0.056414,1.244693,-2.771950,0.054325,1.246964,-2.798063,-0.358150,1.278114,-2.777021,0.353442,1.283473,-2.799485,26,25,27,25,25,26,27,25,27,27,26,27
1791409115.905834,-0.056445,1.244754,-2.771966,0.054416,1.246994,-2.798063,-0.358180,1.278144,-2.777037,0.353503,1.283443,-2.799469,26,25,27,25,25,26,27,25,27,27,26,27
1791409115.925627,-0.056445,1.244693,-2.771966,0.054386,1.246994,-2.798063,-0.358180,1.278144,-2.777037,0.353472,1.283473,-2.799469,26,25,27,25,25,26,27,25,27,27,26,27
1791409115.945577,-0.056445,1.244693,-2.771966,0.054356,1.246994,-2.798063,-0.358180,1.278144,-2.777021,0.353472,1.283443,-2.799469,26,25,27,25,25,26,27,25,27,27,25,27
1791409115.965871,-0.056445,1.244724,-2.771950,0.054356,1.246964,-2.798047,-0.358180,1.278175,-2.777021,0.353472,1.283473,-2.799469,26,25,27,25,25,26,27,25,27,27,26,27
1791409115.985659,-0.056414,1.244724,-2.771950,0.054416,1.246964,-2.798063,-0.358180,1.278114,-2.777021,0.353472,1.283473,-2.799469,26,25,27,25,25,26,27,25,27,27,26,27
1791409116.005394,-0.056414,1.244724,-2.771950,0.054386,1.246964,-2.798063,-0.358180,1.278144,-2.777021,0.353472,1.283473,-2.799469,26,25,27,25,25,26,27,25,27,27,26,27
1791409116.025445,-0.056445,1.244724,-2.771950,0.054386,1.246994,-2.798063,-0.358180,1.278144,-2.777037,0.353503,1.283473,-2.799469,26,25,27,25,25,26,27,25,27,27,26,27
1791409116.045422,-0.056414,1.244724,-2.771966,0.054356,1.246964,-2.798079,-0.358180,1.278144,-2.777053,0.353472,1.283473,-2.799469,26,25,27,25,25,26,27,25,27,27,26,27
1791409116.065480,-0.056414,1.244724,-2.771966,0.054356,1.246994,-2.798063,-0.358180,1.278144,-2.777021,0.353503,1.283473,-2.799485,26,25,27,25,25,26,27,25,27,27,26,27
1791409116.085480,-0.056414,1.244724,-2.771966,0.054356,1.246964,-2.798063,-0.358180,1.278114,-2.777037,0.353503,1.283504,-2.799469,26,25,27,25,25,27,27,25,27,27,26,27
1791409116.105528,-0.056414,1.244724,-2.771966,0.054356,1.246964,-2.798063,-0.358180,1.278114,-2.777037,0.353472,1.283473,-2.799469,26,25,27,25,25,26,27,25,27,27,26,27
1791409116.125478,-0.056414,1.244724,-2.771950,0.054356,1.246964,-2.798063,-0.358210,1.278114,-2.777021,0.353503,1.283473,-2.799469,26,25,27,25,25,26,27,25,27,27,26,27
1791409116.145823,-0.056384,1.244724,-2.771950,0.054325,1.246994,-2.798047,-0.358180,1.278144,-2.777037,0.353503,1.283473,-2.799469,26,25,27,25,25,26,27,25,27,27,26,27
1791409116.165617,-0.056414,1.244724,-2.771950,0.054356,1.246964,-2.798063,-0.358210,1.278114,-2.777021,0.353503,1.283473,-2.799485,26,25,27,25,25,26,27,25,27,27,26,27
1791409116.185624,-0.056414,1.244724,-2.771966,0.054356,1.247025,-2.798063,-0.358180,1.278114,-2.777021,0.353503,1.283504,-2.799485,26,25,27,25,25,26,27,25,27,27,26,27
1791409116.205523,-0.056414,1.244724,-2.771950,0.054386,1.246964,-2.798063,-0.358180,1.278144,-2.777037,0.353533,1.283473,-2.799469,26,25,27,25,25,26,27,25,27,27,26,27
1791409116.225476,-0.056475,1.244754,-2.771966,0.054416,1.246994,-2.798047,-0.358150,1.278114,-2.777037,0.353503,1.283443,-2.799453,26,25,27,25,25,26,27,25,27,27,26,27
1791409116.245542,-0.056445,1.244724,-2.771950,0.054356,1.246964,-2.798063,-0.358180,1.278144,-2.777021,0.353472,1.283473,-2.799485,26,25,27,25,25,26,27,25,27,27,26,27
1791409116.265539,-0.056445,1.244724,-2.771966,0.054356,1.246964,-2.798063,-0.358180,1.278084,-2.777021,0.353472,1.283443,-2.799453,26,25,27,25,25,26,27,25,27,27,26,27
1791409116.285483,-0.056475,1.244724,-2.771966,0.054386,1.246964,-2.798063,-0.358210,1.278114,-2.777021,0.353503,1.283473,-2.799469,26,25,27,25,25,26,27,25,27,27,26,27
1791409116.305445,-0.056445,1.244693,-2.771966,0.054416,1.246964,-2.798047,-0.358210,1.278175,-2.777006,0.353503,1.283473,-2.799469,26,25,27,25,25,26,27,25,27,27,26,27
1791409116.325764,-0.056384,1.244724,-2.771966,0.054356,1.246964,-2.798063,-0.358210,1.278175,-2.777037,0.353503,1.283473,-2.799469,26,25,27,25,25,26,27,25,27,27,26,27
1791409116.345653,-0.056445,1.244724,-2.771950,0.054325,1.246964,-2.798063,-0.358180,1.278114,-2.777037,0.353472,1.283473,-2.799469,26,25,27,25,25,26,27,25,27,27,26,27
1791409116.365695,-0.056445,1.244693,-2.771966,0.054416,1.246994,-2.798047,-0.358210,1.278114,-2.777021,0.353472,1.283473,-2.799469,26,25,27,25,25,26,27,25,27,27,26,27
1791409116.385727,-0.056445,1.244754,-2.771966,0.054356,1.246994,-2.798063,-0.358180,1.278114,-2.777021,0.353503,1.283504,-2.799485,26,25,27,25,25,26,27,25,27,27,26,27
1791409116.405464,-0.056445,1.244724,-2.771950,0.054416,1.246994,-2.798047,-0.358180,1.278144,-2.777006,0.353503,1.283473,-2.799469,26,25,27,25,25,26,27,25,27,27,26,27
1791409116.425578,-0.056445,1.244724,-2.771950,0.054386,1.246964,-2.798063,-0.358180,1.278114,-2.777037,0.353503,1.283504,-2.799453,25,25,27,25,25,26,27,25,27,27,26,27
1791409116.445646,-0.056445,1.244724,-2.771982,0.054386,1.246964,-2.798079,-0.358180,1.278175,-2.777021,0.353472,1.283443,-2.799485,26,25,27,25,25,26,27,25,27,27,26,27
1791409116.465530,-0.056414,1.244724,-2.771966,0.054386,1.246994,-2.798063,-0.358210,1.278084,-2.777021,0.353503,1.283443,-2.799469,26,25,27,25,25,26,27,25,27,27,26,27
1791409116.485596,-0.056414,1.244724,-2.771966,0.054386,1.246994,-2.798079,-0.358180,1.278144,-2.777021,0.353503,1.283473,-2.799485,26,25,27,25,25,26,27,25,27,27,26,27
1791409116.505490,-0.056445,1.244724,-2.771982,0.054386,1.246994,-2.798047,-0.358210,1.278114,-2.777053,0.353472,1.283473,-2.799485,26,25,27,25,25,26,27,25,27,27,26,27
1791409116.525660,-0.056384,1.244724,-2.771950,0.054386,1.246994,-2.798047,-0.358210,1.278175,-2.777021,0.353503,1.283473,-2.799485,26,25,27,25,25,26,27,25,27,27,26,27
1791409116.545592,-0.056445,1.244724,-2.771966,0.054386,1.246994,-2.798047,-0.358210,1.278114,-2.777021,0.353503,1.283473,-2.799485,26,25,27,25,25,26,27,25,27,27,26,27
1791409116.565825,-0.056445,1.244724,-2.771966,0.054386,1.246994,-2.798063,-0.358180,1.278144,-2.777037,0.353503,1.283473,-2.799485,26,25,27,25,25,26,27,25,27,27,26,27
1791409116.585604,-0.056384,1.244693,-2.771966,0.054386,1.246994,-2.798063,-0.358180,1.278175,-2.777021,0.353503,1.283443,-2.799469,26,25,27,25,25,26,27,25,27,27,26,27
1791409116.605769,-0.056414,1.244724,-2.771966,0.054386,1.246994,-2.798047,-0.358180,1.278144,-2.777021,0.353472,1.283473,-2.799453,26,25,27,25,25,26,27,25,27,27,26,27
1791409116.625532,-0.056445,1.244724,-2.771966,0.054386,1.246994,-2.798063,-0.358180,1.278114,-2.777021,0.353503,1.283473,-2.799485,26,25,27,25,25,26,27,25,27,27,26,27
1791409116.645559,-0.056414,1.244724,-2.771966,0.054386,1.246964,-2.798079,-0.358210,1.278144,-2.777021,0.353442,1.283473,-2.799469,26,25,27,25,25,26,27,25,27,27,26,27
1791409116.665913,-0.056445,1.244693,-2.771950,0.054386,1.246994,-2.798063,-0.358180,1.278175,-2.777021,0.353503,1.283473,-2.799453,26,25,27,25,25,26,27,25,27,27,26,27
1791409116.685916,-0.056414,1.244693,-2.771966,0.054386,1.246994,-2.798063,-0.358180,1.278084,-2.777037,0.353503,1.283473,-2.799485,26,25,27,25,25,26,27,25,27,27,26,27
1791409116.705785,-0.056414,1.244724,-2.771966,0.054356,1.246964,-2.798063,-0.358210,1.278084,-2.777021,0.353442,1.283473,-2.799469,26,25,27,25,25,26,27,25,27,27,26,27
1791409116.725514,-0.056445,1.244724,-2.771966,0.054386,1.246964,-2.798063,-0.358180,1.278114,-2.777021,0.353472,1.283443,-2.799469,26,25,27,25,25,26,27,25,27,27,26,27
1791409116.745562,-0.056445,1.244724,-2.771966,0.054386,1.246994,-2.798063,-0.358210,1.278114,-2.777006,0.353503,1.283443,-2.799469,26,25,27,25,25,26,27,25,27,27,26,27
1791409116.765874,-0.056445,1.244724,-2.771966,0.054386,1.246964,-2.798063,-0.358180,1.278114,-2.777021,0.353472,1.283473,-2.799469,26,25,27,25,25,26,27,25,27,27,26,27
1791409116.785829,-0.056445,1.244724,-2.771966,0.054356,1.246964,-2.798063,-0.358180,1.278144,-2.777037,0.353503,1.283443,-2.799485,26,25,27,25,25,26,27,25,27,27,26,27
1791409116.805737,-0.056445,1.244754,-2.771950,0.054356,1.246994,-2.798063,-0.358180,1.278144,-2.777021,0.353472,1.283473,-2.799469,26,25,27,25,25,26,27,25,27,27,26,27
1791409116.825551,-0.056445,1.244724,-2.771966,0.054416,1.246994,-2.798063,-0.358210,1.278144,-2.777021,0.353533,1.283473,-2.799453,25,25,27,25,25,26,27,25,27,27,26,27
1791409116.845863,-0.056414,1.244693,-2.771982,0.054356,1.246994,-2.798063,-0.358210,1.278144,-2.777037,0.353503,1.283473,-2.799485,26,25,27,25,25,26,27,25,27,27,26,27
1791409116.865621,-0.056445,1.244693,-2.771950,0.054325,1.246964,-2.798047,-0.358180,1.278144,-2.777037,0.353503,1.283443,-2.799469,26,25,27,25,25,26,27,25,27,27,26,27
1791409116.885871,-0.056475,1.244693,-2.771966,0.054325,1.246964,-2.798063,-0.358210,1.278175,-2.777037,0.353503,1.283443,-2.799469,26,25,27,25,25,26,27,25,27,27,26,27
1791409116.905694,-0.056414,1.244724,-2.771966,0.054356,1.246994,-2.798047,-0.358180,1.278144,-2.777021,0.353472,1.283443,-2.799485,26,25,27,25,25,26,27,25,27,27,26,27
1791409116.925578,-0.056414,1.244724,-2.771950,0.054386,1.246934,-2.798047,-0.358210,1.278144,-2.777021,0.353472,1.283443,-2.799469,26,25,27,25,25,26,27,25,27,27,26,27
1791409116.945688,-0.056445,1.244724,-2.771966,0.054386,1.246994,-2.798063,-0.358180,1.278114,-2.777021,0.353503,1.283473,-2.799453,26,25,27,25,25,26,27,25,27,27,26,27
1791409116.965747,-0.056414,1.244724,-2.771966,0.054386,1.246994,-2.798063,-0.358180,1.278114,-2.777037,0.353503,1.283473,-2.799485,26,25,27,25,25,26,27,25,27,27,26,27
1791409116.986608,-0.056414,1.244693,-2.771966,0.054386,1.246964,-2.798063,-0.358180,1.278144,-2.777021,0.353533,1.283473,-2.799469,26,25,27,25,25,26,27,25,27,27,26,27
1791409117.006409,-0.056445,1.244754,-2.771966,0.054356,1.246964,-2.798079,-0.358241,1.278144,-2.777037,0.353472,1.283443,-2.799485,26,25,27,25,25,26,27,25,27,27,26,27
1791409117.026160,-0.056414,1.244724,-2.771982,0.054386,1.246994,-2.798047,-0.358180,1.278144,-2.777021,0.353503,1.283473,-2.799485,26,25,27,25,25,26,27,25,27,27,26,27
1791409117.046251,-0.056414,1.244693,-2.771966,0.054386,1.246964,-2.798063,-0.358241,1.278144,-2.777021,0.353442,1.283443,-2.799469,26,25,27,25,25,26,27,25,27,27,26,27
1791409117.065793,-0.056445,1.244724,-2.771950,0.054356,1.246994,-2.798063,-0.358210,1.278175,-2.777037,0.353503,1.283473,-2.799485,26,25,27,25,25,26,27,25,27,27,26,27
1791409117.085759,-0.056414,1.244724,-2.771966,0.054386,1.246994,-2.798063,-0.358180,1.278175,-2.777021,0.353503,1.283443,-2.799469,26,25,27,25,25,26,27,25,27,27,26,27
1791409117.105711,-0.056414,1.244724,-2.771966,0.054356,1.246994,-2.798047,-0.358210,1.278114,-2.777021,0.353503,1.283443,-2.799469,26,25,27,25,25,26,27,25,27,27,26,27
1791409117.125684,-0.056445,1.244724,-2.771966,0.054325,1.246964,-2.798063,-0.358180,1.278144,-2.777037,0.353503,1.283473,-2.799485,26,25,27,25,25,26,27,25,27,27,26,27
1791409117.145605,-0.056414,1.244724,-2.771966,0.054386,1.246964,-2.798047,-0.358210,1.278114,-2.777037,0.353472,1.283443,-2.799485,26,25,27,25,25,26,27,25,27,27,26,27
1791409117.165649,-0.056445,1.244724,-2.771982,0.054356,1.247025,-2.798047,-0.358241,1.278114,-2.777021,0.353472,1.283473,-2.799469,26,25,27,25,25,26,27,25,27,27,26,27
1791409117.185581,-0.056445,1.244754,-2.771966,0.054386,1.246994,-2.798063,-0.358210,1.278144,-2.777021,0.353472,1.283443,-2.799485,26,25,27,25,25,26,27,25,27,27,26,27
1791409117.205545,-0.056445,1.244754,-2.771982,0.054386,1.246994,-2.798063,-0.358210,1.278144,-2.777021,0.353472,1.283473,-2.799469,26,25,27,25,25,26,27,25,27,27,26,27
1791409117.225852,-0.056445,1.244724,-2.771966,0.054386,1.246994,-2.798079,-0.358180,1.278144,-2.777021,0.353503,1.283473,-2.799485,26,25,27,25,25,26,27,25,27,27,26,27
1791409117.245798,-0.056445,1.244724,-2.771966,0.054356,1.246994,-2.798063,-0.358241,1.278175,-2.777037,0.353533,1.283473,-2.799469,26,25,27,25,25,26,27,25,27,27,26,27
1791409117.265840,-0.056445,1.244724,-2.771982,0.054356,1.246964,-2.798047,-0.358180,1.278144,-2.777021,0.353533,1.283473,-2.799453,26,25,27,25,25,26,27,25,27,27,26,27
1791409117.285874,-0.056475,1.244724,-2.771966,0.054386,1.246964,-2.798047,-0.358210,1.278144,-2.777037,0.353533,1.283473,-2.799500,26,25,27,25,25,26,27,25,27,27,26,27
1791409117.305682,-0.056445,1.244754,-2.771966,0.054356,1.246994,-2.798063,-0.358210,1.278144,-2.777021,0.353472,1.283443,-2.799485,26,25,27,25,25,26,27,25,27,27,26,27
1791409117.325495,-0.056445,1.244724,-2.771950,0.054356,1.246994,-2.798063,-0.358180,1.278114,-2.777037,0.353503,1.283473,-2.799469,26,25,27,25,25,26,27,25,27,27,26,27
1791409117.345511,-0.056445,1.244724,-2.771950,0.054386,1.246994,-2.798063,-0.358180,1.278175,-2.777037,0.353472,1.283473,-2.799469,26,25,27,25,25,27,27,25,27,27,26,27
1791409117.365948,-0.056414,1.244693,-2.771950,0.054356,1.246994,-2.798079,-0.358210,1.278114,-2.777021,0.353503,1.283473,-2.799469,26,25,27,25,25,26,27,25,27,27,26,27
1791409117.385793,-0.056445,1.244724,-2.771966,0.054386,1.246964,-2.798047,-0.358210,1.278144,-2.777037,0.353533,1.283473,-2.799469,26,25,27,25,25,26,27,25,27,27,26,27
1791409117.405515,-0.056414,1.244724,-2.771966,0.054356,1.246994,-2.798063,-0.358210,1.278175,-2.777037,0.353503,1.283443,-2.799453,26,25,27,25,25,26,27,25,27,27,26,27
1791409117.425826,-0.056414,1.244693,-2.771950,0.054356,1.246964,-2.798047,-0.358180,1.278114,-2.777021,0.353503,1.283473,-2.799469,26,25,27,25,25,26,27,25,27,27,26,27
1791409117.445803,-0.056414,1.244754,-2.771966,0.054416,1.246994,-2.798079,-0.358210,1.278114,-2.777021,0.353472,1.283473,-2.799485,26,25,27,25,25,26,27,25,27,27,26,27
1791409117.465419,-0.056445,1.244724,-2.771966,0.054356,1.246964,-2.798063,-0.358241,1.278175,-2.777037,0.353503,1.283473,-2.799469,26,25,27,25,25,26,27,25,27,27,26,27
1791409117.485980,-0.056414,1.244724,-2.771966,0.054356,1.246994,-2.798063,-0.358180,1.278144,-2.777021,0.353472,1.283473,-2.799469,26,25,27,25,25,26,27,25,27,27,26,27
1791409117.505854,-0.056445,1.244693,-2.771950,0.054356,1.246994,-2.798063,-0.358210,1.278144,-2.777021,0.353503,1.283473,-2.799500,26,25,27,25,25,26,27,25,27,27,26,27
1791409117.525457,-0.056445,1.244754,-2.771950,0.054386,1.246964,-2.798063,-0.358180,1.278144,-2.777037,0.353503,1.283473,-2.799485,26,25,27,25,25,27,27,25,27,27,26,27
1791409117.546032,-0.056445,1.244724,-2.771950,0.054386,1.246994,-2.798063,-0.358180,1.278144,-2.777037,0.353503,1.283443,-2.799469,26,25,27,25,25,26,27,25,27,27,26,27
1791409117.565613,-0.056384,1.244693,-2.771966,0.054386,1.246994,-2.798063,-0.358210,1.278114,-2.777037,0.353503,1.283473,-2.799469,26,25,27,25,25,26,27,25,27,27,26,27
1791409117.585668,-0.056445,1.244724,-2.771950,0.054356,1.246964,-2.798047,-0.358210,1.278144,-2.777006,0.353472,1.283473,-2.799485,26,25,27,25,25,26,27,25,27,27,26,27
1791409117.605462,-0.056445,1.244724,-2.771950,0.054386,1.246994,-2.798047,-0.358180,1.278114,-2.777021,0.353503,1.283473,-2.799469,26,25,27,25,25,26,27,25,27,27,26,27
1791409117.625751,-0.056414,1.244724,-2.771966,0.054356,1.246964,-2.798047,-0.358180,1.278144,-2.777037,0.353472,1.283473,-2.799469,26,25,27,25,25,26,27,25,27,27,26,27
1791409117.645872,-0.056475,1.244724,-2.771966,0.054356,1.246964,-2.798047,-0.358180,1.278144,-2.777037,0.353503,1.283473,-2.799469,26,25,27,25,25,26,27,25,27,27,26,27
1791409117.665777,-0.056445,1.244724,-2.771966,0.054356,1.246994,-2.798063,-0.358210,1.278144,-2.777021,0.353472,1.283473,-2.799469,26,25,27,25,25,26,27,25,27,27,26,27
1791409117.685871,-0.056445,1.244724,-2.771966,0.054356,1.246964,-2.798063,-0.358210,1.278144,-2.777037,0.353503,1.283473,-2.799469,26,25,27,25,25,26,27,25,27,27,26,27
1791409117.705827,-0.056445,1.244724,-2.771966,0.054386,1.246994,-2.798063,-0.358210,1.278144,-2.777021,0.353503,1.283473,-2.799469,26,25,27,25,25,26,27,25,27,27,26,27
1791409117.725871,-0.056445,1.244724,-2.771966,0.054356,1.246934,-2.798063,-0.358210,1.278175,-2.777021,0.353503,1.283473,-2.799453,26,25,27,25,25,26,27,25,27,27,26,27
1791409117.745874,-0.056414,1.244693,-2.771966,0.054386,1.246994,-2.798047,-0.358210,1.278114,-2.777037,0.353472,1.283473,-2.799469,26,25,27,25,25,26,27,25,27,27,26,27
1791409117.765575,-0.056445,1.244724,-2.771950,0.054416,1.246964,-2.798047,-0.358210,1.278114,-2.777021,0.353503,1.283473,-2.799453,26,25,27,25,25,26,27,25,27,27,26,27
1791409117.786042,-0.056445,1.244724,-2.771950,0.054386,1.246994,-2.798079,-0.358180,1.278144,-2.777037,0.353472,1.283473,-2.799469,26,25,27,25,25,26,27,25,27,27,26,27
1791409117.805567,-0.056445,1.244724,-2.771982,0.054356,1.246964,-2.798047,-0.358180,1.278114,-2.777021,0.353503,1.283443,-2.799485,26,25,27,25,25,26,27,25,27,27,26,27
1791409117.825838,-0.056414,1.244693,-2.771966,0.054356,1.246964,-2.798063,-0.358180,1.278114,-2.777021,0.353472,1.283473,-2.799453,26,25,27,25,25,26,27,25,27,27,26,27
1791409117.845961,-0.056414,1.244724,-2.771950,0.054386,1.247025,-2.798063,-0.358210,1.278144,-2.777021,0.353533,1.283443,-2.799469,26,25,27,25,25,26,27,25,27,27,26,27
1791409117.865806,-0.056414,1.244724,-2.771966,0.054386,1.246964,-2.798047,-0.358210,1.278114,-2.777021,0.353472,1.283473,-2.799469,26,25,27,25,25,26,27,25,27,27,26,27
1791409117.885847,-0.056445,1.244724,-2.771950,0.054356,1.246994,-2.798079,-0.358180,1.278175,-2.777021,0.353503,1.283473,-2.799469,26,25,27,25,25,26,27,25,27,27,26,27
1791409117.907382,-0.056414,1.244724,-2.771966,0.054386,1.246994,-2.798047,-0.358180,1.278114,-2.777037,0.353533,1.283473,-2.799469,26,25,27,25,25,26,27,25,27,27,26,27
1791409117.925797,-0.056414,1.244724,-2.771950,0.054356,1.246964,-2.798047,-0.358241,1.278144,-2.777037,0.353472,1.283443,-2.799469,26,25,27,25,25,26,27,25,27,27,26,27
1791409117.945657,-0.056445,1.244724,-2.771966,0.054386,1.246964,-2.798063,-0.358180,1.278114,-2.777037,0.353503,1.283473,-2.799469,26,25,27,25,25,26,27,25,27,27,26,27
1791409117.965745,-0.056445,1.244724,-2.771950,0.054356,1.246994,-2.798063,-0.358180,1.278144,-2.777037,0.353472,1.283473,-2.799485,26,25,27,25,25,26,27,25,27,27,26,27
1791409117.985671,-0.056414,1.244724,-2.771982,0.054416,1.246994,-2.798047,-0.358180,1.278084,-2.777037,0.353503,1.283473,-2.799469,26,25,27,25,25,26,27,25,27,27,26,27
1791409118.005688,-0.056414,1.244663,-2.771950,0.054386,1.246964,-2.798063,-0.358210,1.278144,-2.777021,0.353472,1.283473,-2.799469,26,25,27,25,25,26,27,25,27,27,26,27
1791409118.025755,-0.056445,1.244724,-2.771950,0.054386,1.246994,-2.798063,-0.358180,1.278144,-2.777021,0.353533,1.283473,-2.799453,26,25,27,25,25,26,27,25,27,27,26,27
1791409118.045869,-0.056414,1.244693,-2.771966,0.054356,1.246994,-2.798063,-0.358180,1.278144,-2.777021,0.353503,1.283473,-2.799485,26,25,27,25,25,26,27,25,27,27,26,27
1791409118.065637,-0.056414,1.244724,-2.771966,0.054356,1.246994,-2.798047,-0.358210,1.278114,-2.777037,0.353503,1.283443,-2.799469,26,25,27,25,25,26,27,25,27,27,26,27
1791409118.085874,-0.056445,1.244754,-2.771966,0.054356,1.246964,-2.798047,-0.358180,1.278144,-2.777021,0.353503,1.283504,-2.799469,26,25,27,25,25,26,27,25,27,27,26,27
1791409118.106302,-0.056414,1.244724,-2.771935,0.054416,1.246994,-2.798047,-0.358180,1.278114,-2.777037,0.353503,1.283443,-2.799485,26,25,27,25,25,26,27,25,27,27,26,27
1791409118.125943,-0.056445,1.244724,-2.771950,0.054386,1.246964,-2.798047,-0.358210,1.278144,-2.777021,0.353472,1.283473,-2.799485,26,25,27,25,25,26,27,25,27,27,26,27
1791409118.145724,-0.056475,1.244724,-2.771982,0.054356,1.246994,-2.798063,-0.358180,1.278144,-2.777037,0.353503,1.283473,-2.799469,26,25,27,25,25,26,27,25,27,27,26,27
1791409118.165897,-0.056445,1.244724,-2.771966,0.054356,1.246994,-2.798047,-0.358210,1.278114,-2.777021,0.353503,1.283473,-2.799469,26,25,27,25,25,26,27,25,27,27,26,27
1791409118.185824,-0.056414,1.244693,-2.771966,0.054356,1.246964,-2.798063,-0.358180,1.278144,-2.777037,0.353503,1.283443,-2.799485,26,25,27,25,25,26,27,25,27,27,26,27
1791409118.205824,-0.056445,1.244724,-2.771966,0.054416,1.246964,-2.798063,-0.358180,1.278144,-2.777021,0.353503,1.283473,-2.799469,26,25,27,25,25,26,27,25,27,27,26,27
1791409118.225715,-0.056445,1.244693,-2.771966,0.054356,1.246964,-2.798063,-0.358210,1.278114,-2.777021,0.353503,1.283443,-2.799469,26,25,27,25,25,26,27,25,27,27,26,27
1791409118.245722,-0.056414,1.244724,-2.771966,0.054386,1.246964,-2.798063,-0.358150,1.278114,-2.777037,0.353503,1.283473,-2.799485,26,25,27,25,25,27,27,25,27,27,26,27
1791409118.265800,-0.056414,1.244724,-2.771966,0.054356,1.247025,-2.798047,-0.358180,1.278144,-2.777021,0.353472,1.283473,-2.799469,26,25,27,25,25,26,27,25,27,27,26,27
1791409118.285646,-0.056445,1.244754,-2.771966,0.054386,1.246964,-2.798063,-0.358180,1.278084,-2.777037,0.353442,1.283473,-2.799485,26,25,27,25,25,26,27,25,27,27,26,27
1791409118.305835,-0.056445,1.244724,-2.771966,0.054416,1.246994,-2.798063,-0.358210,1.278114,-2.777021,0.353503,1.283443,-2.799485,26,25,27,25,25,26,27,25,27,27,26,27
1791409118.325879,-0.056414,1.244724,-2.771950,0.054325,1.246994,-2.798063,-0.358210,1.278144,-2.777037,0.353472,1.283473,-2.799469,26,25,27,25,25,26,27,25,27,27,26,27
1791409118.345756,-0.056445,1.244724,-2.771950,0.054356,1.246994,-2.798063,-0.358180,1.278114,-2.777021,0.353472,1.283443,-2.799469,26,25,27,25,25,26,27,25,27,27,26,27
1791409118.365869,-0.056445,1.244724,-2.771950,0.054356,1.246994,-2.798063,-0.358210,1.278114,-2.777037,0.353503,1.283473,-2.799469,26,25,27,25,25,26,27,25,27,27,26,27
1791409118.385691,-0.056445,1.244724,-2.771950,0.054356,1.246994,-2.798047,-0.358210,1.278114,-2.777021,0.353503,1.283473,-2.799469,26,25,27,25,25,26,27,25,27,27,26,27
1791409118.405785,-0.056414,1.244724,-2.771966,0.054356,1.246994,-2.798047,-0.358210,1.278175,-2.777037,0.353472,1.283473,-2.799469,26,25,27,25,25,26,27,25,27,27,26,27
1791409118.425629,-0.056384,1.244724,-2.771966,0.054386,1.246994,-2.798063,-0.358210,1.278114,-2.777037,0.353472,1.283473,-2.799469,26,25,27,25,25,26,27,25,27,27,26,27
1791409118.445615,-0.056414,1.244693,-2.771966,0.054356,1.246964,-2.798063,-0.358210,1.278144,-2.777037,0.353503,1.283473,-2.799485,26,25,27,25,25,26,27,25,27,27,26,27
1791409118.465632,-0.056414,1.244724,-2.771966,0.054386,1.246964,-2.798063,-0.358210,1.278175,-2.777037,0.353503,1.283473,-2.799469,25,25,27,25,25,26,27,25,27,27,26,27
1791409118.485680,-0.056384,1.244693,-2.771966,0.054356,1.246964,-2.798063,-0.358180,1.278114,-2.777037,0.353503,1.283473,-2.799485,26,25,27,25,25,26,27,25,27,27,26,27
1791409118.505706,-0.056445,1.244724,-2.771982,0.054386,1.246994,-2.798063,-0.358210,1.278114,-2.777037,0.353472,1.283473,-2.799485,26,25,27,25,25,26,27,25,27,27,26,27
1791409118.525671,-0.056445,1.244724,-2.771966,0.054416,1.246964,-2.798063,-0.358180,1.278114,-2.777021,0.353442,1.283443,-2.799469,26,25,27,25,25,26,27,25,27,27,26,27
1791409118.545605,-0.056414,1.244724,-2.771950,0.054356,1.246994,-2.798063,-0.358180,1.278144,-2.777037,0.353503,1.283443,-2.799469,26,25,27,25,25,26,27,25,27,27,26,27
1791409118.565636,-0.056445,1.244724,-2.771950,0.054356,1.246994,-2.798063,-0.358241,1.278175,-2.777021,0.353472,1.283473,-2.799469,26,25,27,25,25,26,27,25,27,27,26,27
1791409118.585716,-0.056445,1.244724,-2.771966,0.054356,1.246994,-2.798063,-0.358210,1.278175,-2.777021,0.353503,1.283443,-2.799469,26,25,27,25,25,26,27,25,27,27,26,27
1791409118.605731,-0.056475,1.244724,-2.771966,0.054416,1.246964,-2.798063,-0.358210,1.278144,-2.777006,0.353472,1.283443,-2.799469,26,25,27,25,25,26,27,25,27,27,26,27
1791409118.625734,-0.056445,1.244693,-2.771950,0.054356,1.246964,-2.798047,-0.358210,1.278084,-2.777021,0.353503,1.283473,-2.799469,26,25,27,25,25,26,27,25,27,27,26,27
1791409118.645725,-0.056475,1.244724,-2.771966,0.054416,1.246994,-2.798063,-0.358210,1.278144,-2.777021,0.353472,1.283473,-2.799469,26,25,27,25,25,26,27,25,27,27,26,27
1791409118.665583,-0.056384,1.244693,-2.771966,0.054356,1.246964,-2.798063,-0.358210,1.278144,-2.777037,0.353503,1.283504,-2.799469,26,25,27,25,25,26,27,25,27,27,26,27
1791409118.685650,-0.056445,1.244724,-2.771966,0.054386,1.246994,-2.798047,-0.358210,1.278114,-2.777021,0.353503,1.283473,-2.799485,26,25,27,25,25,26,27,25,27,27,26,27
1791409118.705475,-0.056445,1.244724,-2.771966,0.054356,1.246964,-2.798047,-0.358241,1.278144,-2.777021,0.353472,1.283473,-2.799469,26,25,27,25,25,26,27,25,27,27,26,27
1791409118.725700,-0.056445,1.244724,-2.771966,0.054356,1.246964,-2.798063,-0.358180,1.278114,-2.777021,0.353503,1.283504,-2.799500,26,25,27,25,25,26,27,25,27,27,26,27
1791409118.745708,-0.056475,1.244754,-2.771982,0.054356,1.246964,-2.798047,-0.358210,1.278175,-2.777021,0.353472,1.283443,-2.799469,26,25,27,25,25,26,27,25,27,27,26,27
1791409118.765684,-0.056414,1.244724,-2.771966,0.054356,1.246994,-2.798047,-0.358210,1.278144,-2.777021,0.353503,1.283473,-2.799485,26,25,27,25,25,26,27,25,27,27,26,27
1791409118.785653,-0.056445,1.244724,-2.771950,0.054386,1.246994,-2.798063,-0.358241,1.278114,-2.777021,0.353503,1.283473,-2.799469,26,25,27,25,25,26,27,25,27,27,26,27
1791409118.805629,-0.056384,1.244754,-2.771966,0.054356,1.246964,-2.798047,-0.358210,1.278114,-2.777021,0.353503,1.283443,-2.799469,26,25,27,25,25,26,27,25,27,27,26,27
1791409118.825682,-0.056414,1.244724,-2.771950,0.054356,1.246964,-2.798063,-0.358180,1.278144,-2.777021,0.353472,1.283473,-2.799469,26,25,27,25,25,26,27,25,27,27,26,27
1791409118.845695,-0.056414,1.244693,-2.771966,0.054356,1.246964,-2.798063,-0.358180,1.278144,-2.777021,0.353503,1.283473,-2.799469,26,25,27,25,25,26,27,25,27,27,26,27
1791409118.865703,-0.056445,1.244724,-2.771966,0.054356,1.246964,-2.798079,-0.358210,1.278144,-2.777037,0.353503,1.283473,-2.799453,26,25,27,25,25,26,27,25,27,27,26,27
1791409118.885641,-0.056445,1.244724,-2.771950,0.054386,1.246994,-2.798063,-0.358210,1.278144,-2.777021,0.353503,1.283473,-2.799469,26,25,27,25,25,26,27,25,27,27,26,27
1791409118.905665,-0.056445,1.244754,-2.771966,0.054356,1.246964,-2.798063,-0.358210,1.278144,-2.777053,0.353503,1.283504,-2.799469,26,25,27,25,25,26,27,25,27,27,26,27
1791409118.925622,-0.056445,1.244693,-2.771950,0.054356,1.246994,-2.798063,-0.358180,1.278144,-2.777021,0.353472,1.283473,-2.799485,26,25,27,25,25,26,27,25,27,27,26,27
1791409118.945871,-0.056445,1.244724,-2.771966,0.054416,1.246964,-2.798063,-0.358210,1.278114,-2.777037,0.353503,1.283443,-2.799469,26,25,27,25,25,26,27,25,27,27,26,27
1791409118.965923,-0.056445,1.244724,-2.771966,0.054356,1.246994,-2.798079,-0.358241,1.278114,-2.777021,0.353472,1.283473,-2.799500,26,25,27,25,25,26,27,25,27,27,26,27
1791409118.985964,-0.056445,1.244724,-2.771966,0.054386,1.246994,-2.798047,-0.358210,1.278144,-2.777037,0.353533,1.283473,-2.799469,26,25,27,25,25,26,27,25,27,27,26,27
1791409119.005929,-0.056414,1.244724,-2.771966,0.054356,1.246964,-2.798063,-0.358210,1.278114,-2.777037,0.353503,1.283473,-2.799485,26,25,27,25,25,26,27,25,27,27,26,27
1791409119.025708,-0.056445,1.244754,-2.771966,0.054386,1.246964,-2.798063,-0.358210,1.278175,-2.777021,0.353472,1.283473,-2.799469,26,25,27,25,25,26,27,25,27,27,26,27
1791409119.045836,-0.056384,1.244724,-2.771966,0.054356,1.246964,-2.798063,-0.358210,1.278114,-2.777037,0.353503,1.283473,-2.799469,26,25,27,25,25,26,27,25,27,27,26,27
1791409119.066029,-0.056445,1.244724,-2.771966,0.054386,1.246964,-2.798063,-0.358180,1.278144,-2.777021,0.353503,1.283473,-2.799485,26,25,27,25,25,26,27,25,27,27,26,27
1791409119.085989,-0.056414,1.244724,-2.771966,0.054386,1.247025,-2.798047,-0.358210,1.278144,-2.777021,0.353472,1.283473,-2.799469,26,25,27,25,25,26,27,25,27,27,26,27
1791409119.106159,-0.056414,1.244724,-2.771966,0.054416,1.246994,-2.798063,-0.358210,1.278114,-2.777053,0.353533,1.283473,-2.799469,26,25,27,25,25,26,27,25,27,27,26,27
1791409119.126094,-0.056445,1.244693,-2.771950,0.054356,1.246964,-2.798047,-0.358210,1.278144,-2.777021,0.353503,1.283443,-2.799469,26,25,27,25,25,26,27,25,27,27,26,27
1791409119.146041,-0.056475,1.244754,-2.771966,0.054356,1.246994,-2.798047,-0.358210,1.278144,-2.777021,0.353472,1.283443,-2.799469,26,25,27,25,25,27,27,25,27,27,26,27
1791409119.165759,-0.056445,1.244693,-2.771966,0.054356,1.246994,-2.798063,-0.358180,1.278114,-2.777021,0.353533,1.283443,-2.799453,26,25,27,25,25,26,27,25,27,27,26,27
1791409119.185621,-0.056445,1.244724,-2.771966,0.054386,1.246994,-2.798063,-0.358241,1.278175,-2.777021,0.353472,1.283443,-2.799469,26,25,27,25,25,26,27,25,27,27,26,27
1791409119.205526,-0.056445,1.244724,-2.771966,0.054386,1.246994,-2.798047,-0.358210,1.278144,-2.777021,0.353503,1.283443,-2.799469,26,25,27,25,25,26,27,25,27,27,26,27
1791409119.225667,-0.056475,1.244724,-2.771966,0.054386,1.246964,-2.798047,-0.358180,1.278114,-2.777037,0.353503,1.283443,-2.799469,26,25,27,25,25,26,27,25,27,27,26,27
1791409119.245881,-0.056445,1.244724,-2.771966,0.054386,1.246994,-2.798063,-0.358180,1.278175,-2.777021,0.353503,1.283473,-2.799469,26,25,27,25,25,26,27,25,27,27,26,27
1791409119.265782,-0.056445,1.244724,-2.771966,0.054386,1.246964,-2.798063,-0.358210,1.278144,-2.777021,0.353503,1.283473,-2.799469,26,25,27,25,25,26,27,25,27,27,26,27
1791409119.285742,-0.056445,1.244693,-2.771982,0.054356,1.246934,-2.798047,-0.358180,1.278114,-2.777021,0.353503,1.283443,-2.799453,26,25,27,25,25,26,27,25,27,27,26,27
1791409119.305835,-0.056445,1.244724,-2.771950,0.054416,1.246964,-2.798063,-0.358210,1.278114,-2.777021,0.353503,1.283473,-2.799485,26,25,27,25,25,26,27,25,27,27,26,27
1791409119.325751,-0.056445,1.244693,-2.771966,0.054386,1.246964,-2.798063,-0.358210,1.278084,-2.777037,0.353472,1.283473,-2.799469,26,25,27,25,25,27,27,25,27,27,26,27
1791409119.345591,-0.056414,1.244724,-2.771966,0.054386,1.246964,-2.798063,-0.358180,1.278114,-2.777037,0.353533,1.283443,-2.799469,26,25,27,25,25,26,27,25,27,27,26,27
1791409119.365728,-0.056445,1.244693,-2.771950,0.054386,1.246964,-2.798047,-0.358180,1.278144,-2.777037,0.353503,1.283443,-2.799453,26,25,27,25,25,26,27,25,27,27,26,27
1791409119.385622,-0.056445,1.244693,-2.771950,0.054416,1.246964,-2.798079,-0.358210,1.278144,-2.777053,0.353472,1.283473,-2.799469,26,25,27,25,25,26,27,25,27,27,26,27
1791409119.405679,-0.056445,1.244724,-2.771950,0.054356,1.246964,-2.798063,-0.358241,1.278114,-2.777006,0.353503,1.283443,-2.799469,26,25,27,25,25,26,27,25,27,27,26,27
1791409119.425685,-0.056445,1.244724,-2.771982,0.054386,1.246994,-2.798079,-0.358210,1.278114,-2.777021,0.353472,1.283504,-2.799469,26,25,27,25,25,26,27,25,27,27,26,27
1791409119.445711,-0.056445,1.244693,-2.771966,0.054386,1.246994,-2.798079,-0.358241,1.278144,-2.777021,0.353533,1.283443,-2.799453,25,25,27,25,25,26,27,25,27,27,26,27
1791409119.465611,-0.056445,1.244724,-2.771966,0.054356,1.246994,-2.798063,-0.358180,1.278144,-2.777021,0.353472,1.283443,-2.799485,26,25,27,25,25,26,27,25,27,27,26,27
1791409119.485744,-0.056384,1.244724,-2.771966,0.054386,1.246994,-2.798047,-0.358241,1.278144,-2.777021,0.353503,1.283473,-2.799485,26,25,27,25,25,26,27,25,27,27,26,27
1791409119.505550,-0.056445,1.244724,-2.771966,0.054356,1.246964,-2.798047,-0.358210,1.278114,-2.777037,0.353503,1.283504,-2.799469,26,25,27,25,25,26,27,25,27,27,26,27
1791409119.525777,-0.056445,1.244724,-2.771950,0.054356,1.246994,-2.798079,-0.358241,1.278144,-2.777021,0.353533,1.283473,-2.799469,26,25,27,25,25,26,27,25,27,27,26,27
1791409119.545721,-0.056475,1.244693,-2.771982,0.054386,1.246964,-2.798063,-0.358241,1.278175,-2.777037,0.353472,1.283443,-2.799485,26,25,27,25,25,26,27,25,27,27,26,27
1791409119.565643,-0.056414,1.244724,-2.771966,0.054356,1.246964,-2.798063,-0.358210,1.278114,-2.777037,0.353472,1.283473,-2.799469,26,25,27,25,25,26,27,25,27,27,26,27
1791409119.585914,-0.056445,1.244724,-2.771950,0.054356,1.246964,-2.798047,-0.358210,1.278175,-2.777021,0.353442,1.283443,-2.799469,26,25,27,25,25,26,27,25,27,27,26,27
1791409119.605699,-0.056445,1.244724,-2.771966,0.054356,1.246994,-2.798063,-0.358210,1.278144,-2.777037,0.353503,1.283473,-2.799485,26,25,27,25,25,26,27,25,27,27,26,27
1791409119.625817,-0.056445,1.244754,-2.771950,0.054356,1.246994,-2.798063,-0.358210,1.278144,-2.777021,0.353503,1.283473,-2.799469,26,25,27,25,25,26,27,25,27,27,26,27
1791409119.646185,-0.056445,1.244724,-2.771966,0.054356,1.246994,-2.798063,-0.358241,1.278175,-2.777021,0.353503,1.283473,-2.799469,26,25,27,25,25,26,27,25,27,27,26,27
1791409119.666237,-0.056445,1.244724,-2.771966,0.054356,1.246994,-2.798047,-0.358241,1.278144,-2.777037,0.353472,1.283473,-2.799469,26,25,27,25,25,26,27,25,27,27,26,27
1791409119.685925,-0.056384,1.244724,-2.771950,0.054386,1.246964,-2.798063,-0.358180,1.278114,-2.777021,0.353472,1.283473,-2.799485,26,25,27,25,25,26,27,25,27,27,26,27
1791409119.706100,-0.056445,1.244693,-2.771935,0.054386,1.246964,-2.798047,-0.358180,1.278114,-2.777006,0.353442,1.283443,-2.799485,26,25,27,25,25,26,27,25,27,27,26,27
1791409119.725805,-0.056445,1.244724,-2.771966,0.054386,1.246964,-2.798063,-0.358210,1.278114,-2.777021,0.353442,1.283473,-2.799469,26,25,27,25,25,26,27,25,27,27,26,27
1791409119.746390,-0.056445,1.244693,-2.771982,0.054386,1.246964,-2.798063,-0.358241,1.278144,-2.777021,0.353503,1.283473,-2.799485,26,25,27,25,25,26,27,25,27,27,26,27
1791409119.765686,-0.056414,1.244693,-2.771950,0.054356,1.246994,-2.798063,-0.358210,1.278144,-2.777037,0.353472,1.283473,-2.799485,26,25,27,25,25,26,27,25,27,27,26,27
1791409119.786307,-0.056414,1.244724,-2.771950,0.054356,1.246994,-2.798031,-0.358210,1.278144,-2.777037,0.353503,1.283443,-2.799485,26,25,27,25,25,26,27,25,27,27,26,27
1791409119.805741,-0.056414,1.244754,-2.771966,0.054356,1.246994,-2.798063,-0.358210,1.278144,-2.777021,0.353472,1.283473,-2.799469,26,25,27,25,25,26,27,25,27,27,26,27
1791409119.825776,-0.056414,1.244754,-2.771966,0.054386,1.247025,-2.798063,-0.358241,1.278144,-2.777021,0.353503,1.283473,-2.799500,26,25,27,25,25,26,27,25,27,27,26,27
1791409119.846084,-0.056445,1.244754,-2.771966,0.054356,1.246994,-2.798063,-0.358210,1.278114,-2.777021,0.353472,1.283473,-2.799469,26,25,27,25,25,26,27,25,27,27,26,27
1791409119.865668,-0.056445,1.244724,-2.771950,0.054356,1.246994,-2.798063,-0.358210,1.278114,-2.777021,0.353503,1.283413,-2.799469,26,25,27,25,25,26,27,25,27,27,26,27
1791409119.885618,-0.056445,1.244724,-2.771982,0.054416,1.246994,-2.798063,-0.358241,1.278144,-2.777021,0.353533,1.283473,-2.799469,26,25,27,25,25,26,27,25,27,27,26,27
1791409119.905714,-0.056414,1.244693,-2.771950,0.054386,1.246994,-2.798047,-0.358241,1.278144,-2.777021,0.353472,1.283473,-2.799469,26,25,27,25,25,26,27,25,27,27,26,27
1791409119.925509,-0.056414,1.244724,-2.771966,0.054356,1.246994,-2.798063,-0.358210,1.278175,-2.777037,0.353503,1.283473,-2.799469,26,25,27,25,25,26,27,25,27,27,26,27
1791409119.945656,-0.056414,1.244724,-2.771966,0.054386,1.246994,-2.798047,-0.358180,1.278114,-2.777037,0.353503,1.283473,-2.799485,26,25,27,25,25,26,27,25,27,27,26,27
1791409119.965630,-0.056414,1.244724,-2.771966,0.054356,1.246994,-2.798047,-0.358241,1.278144,-2.777021,0.353503,1.283443,-2.799485,26,25,27,25,25,26,27,25,27,27,26,27
1791409119.985627,-0.056414,1.244724,-2.771966,0.054356,1.246994,-2.798047,-0.358210,1.278114,-2.777021,0.353503,1.283473,-2.799485,26,25,27,25,25,26,27,25,27,27,26,27
1791409120.005579,-0.056445,1.244724,-2.771966,0.054325,1.246994,-2.798047,-0.358180,1.278114,-2.777021,0.353503,1.283473,-2.799469,26,25,27,25,25,26,27,25,27,27,26,27
1791409120.026132,-0.056445,1.244724,-2.771966,0.054386,1.246994,-2.798079,-0.358210,1.278144,-2.777021,0.353472,1.283473,-2.799485,26,25,27,25,25,26,27,25,27,27,26,27
1791409120.045676,-0.056445,1.244754,-2.771950,0.054386,1.246964,-2.798079,-0.358210,1.278144,-2.777037,0.353472,1.283473,-2.799469,26,25,27,25,25,26,27,25,27,27,26,27
1791409120.065681,-0.056445,1.244724,-2.771982,0.054386,1.246994,-2.798063,-0.358210,1.278144,-2.777021,0.353472,1.283443,-2.799485,26,25,27,25,25,26,27,25,27,27,26,27
1791409120.085802,-0.056445,1.244724,-2.771982,0.054356,1.246964,-2.798063,-0.358210,1.278114,-2.777021,0.353503,1.283443,-2.799485,26,25,27,25,25,26,27,25,27,27,26,27
1791409120.105658,-0.056445,1.244724,-2.771982,0.054386,1.246994,-2.798063,-0.358241,1.278144,-2.777053,0.353503,1.283473,-2.799485,26,25,27,25,25,26,27,25,27,27,26,27
1791409120.125611,-0.056445,1.244693,-2.771966,0.054356,1.246994,-2.798063,-0.358210,1.278144,-2.777037,0.353503,1.283443,-2.799485,26,25,27,25,25,26,27,25,27,27,26,27
1791409120.145644,-0.056445,1.244724,-2.771966,0.054386,1.246964,-2.798079,-0.358210,1.278114,-2.777037,0.353503,1.283473,-2.799485,26,25,27,25,25,26,27,25,27,27,26,27
1791409120.165816,-0.056445,1.244724,-2.771966,0.054356,1.246964,-2.798063,-0.358210,1.278175,-2.777021,0.353503,1.283473,-2.799469,26,25,27,25,25,26,27,25,27,27,26,27
1791409120.185600,-0.056475,1.244724,-2.771935,0.054386,1.246994,-2.798063,-0.358241,1.278144,-2.777053,0.353503,1.283504,-2.799469,26,25,27,25,25,27,27,25,27,27,26,27
1791409120.208218,-0.056445,1.244693,-2.771950,0.054356,1.246964,-2.798063,-0.358210,1.278144,-2.777021,0.353503,1.283473,-2.799469,26,25,27,25,25,26,27,25,27,27,26,27
1791409120.227630,-0.056414,1.244724,-2.771950,0.054356,1.246994,-2.798063,-0.358180,1.278175,-2.777021,0.353503,1.283443,-2.799469,26,25,27,25,25,26,27,25,27,27,26,27
1791409120.247650,-0.056445,1.244724,-2.771966,0.054356,1.246994,-2.798063,-0.358210,1.278084,-2.777021,0.353503,1.283473,-2.799469,26,25,27,25,25,26,27,25,27,27,26,27
1791409120.267588,-0.056414,1.244724,-2.771950,0.054356,1.246964,-2.798063,-0.358210,1.278114,-2.777021,0.353503,1.283473,-2.799469,26,25,27,25,25,26,27,25,27,27,26,27
1791409120.287556,-0.056445,1.244724,-2.771966,0.054386,1.246964,-2.798047,-0.358241,1.278144,-2.777053,0.353503,1.283443,-2.799485,26,25,27,25,25,26,27,25,27,27,26,27
1791409120.307723,-0.056445,1.244724,-2.771966,0.054416,1.246994,-2.798079,-0.358210,1.278144,-2.777037,0.353472,1.283473,-2.799469,26,25,27,25,25,26,27,25,27,27,26,27
1791409120.327539,-0.056445,1.244724,-2.771950,0.054356,1.246994,-2.798063,-0.358210,1.278144,-2.777006,0.353503,1.283473,-2.799485,26,25,27,25,25,26,27,25,27,27,26,27
1791409120.347509,-0.056445,1.244724,-2.771966,0.054356,1.246964,-2.798063,-0.358241,1.278114,-2.777037,0.353472,1.283473,-2.799469,26,25,27,25,25,26,27,25,27,27,26,27
1791409120.367507,-0.056414,1.244724,-2.771950,0.054356,1.246994,-2.798063,-0.358210,1.278114,-2.777021,0.353503,1.283473,-2.799469,26,25,27,25,25,26,27,25,27,27,26,27
1791409120.387601,-0.056414,1.244693,-2.771950,0.054386,1.246994,-2.798063,-0.358210,1.278144,-2.777037,0.353472,1.283473,-2.799485,26,25,27,25,25,26,27,25,27,27,26,27
1791409120.407663,-0.056475,1.244693,-2.771950,0.054386,1.246964,-2.798063,-0.358210,1.278144,-2.777021,0.353503,1.283473,-2.799485,26,25,27,25,25,26,27,25,27,27,26,27
1791409120.427603,-0.056475,1.244754,-2.771966,0.054356,1.246964,-2.798047,-0.358210,1.278144,-2.777021,0.353503,1.283443,-2.799485,26,25,27,25,25,27,27,25,27,27,26,27
1791409120.447637,-0.056445,1.244724,-2.771966,0.054386,1.246994,-2.798063,-0.358241,1.278144,-2.777021,0.353503,1.283473,-2.799469,26,25,27,25,25,26,27,25,27,27,26,27
1791409120.467587,-0.056445,1.244724,-2.771950,0.054325,1.246994,-2.798063,-0.358210,1.278175,-2.777037,0.353503,1.283443,-2.799469,26,25,27,25,25,26,27,25,27,27,26,27
1791409120.488006,-0.056475,1.244693,-2.771966,0.054416,1.246934,-2.798079,-0.358271,1.278144,-2.777021,0.353503,1.283443,-2.799485,26,25,27,25,25,26,27,25,27,27,26,27
1791409120.507485,-0.056445,1.244724,-2.771966,0.054356,1.246964,-2.798047,-0.358210,1.278114,-2.777021,0.353503,1.283473,-2.799485,26,25,27,25,25,26,27,25,27,27,26,27
1791409120.527625,-0.056445,1.244724,-2.771966,0.054356,1.246994,-2.798063,-0.358241,1.278175,-2.777037,0.353503,1.283473,-2.799485,26,25,27,25,25,26,27,25,27,27,26,27
1791409120.547504,-0.056475,1.244693,-2.771966,0.054356,1.246964,-2.798063,-0.358210,1.278144,-2.777021,0.353503,1.283473,-2.799485,26,25,27,25,25,27,27,25,27,27,26,27
1791409120.567463,-0.056445,1.244724,-2.771966,0.054356,1.246964,-2.798063,-0.358241,1.278144,-2.777021,0.353503,1.283443,-2.799469,26,25,27,25,25,27,27,25,27,27,26,27
1791409120.587588,-0.056445,1.244724,-2.771966,0.054386,1.246964,-2.798047,-0.358241,1.278144,-2.777021,0.353503,1.283473,-2.799469,26,25,27,25,25,26,27,25,27,27,26,27
1791409120.607508,-0.056445,1.244724,-2.771982,0.054386,1.246994,-2.798047,-0.358241,1.278144,-2.777021,0.353503,1.283473,-2.799469,26,25,27,25,25,26,27,25,27,27,26,27
1791409120.627512,-0.056414,1.244724,-2.771966,0.054356,1.246994,-2.798063,-0.358210,1.278175,-2.777021,0.353503,1.283443,-2.799469,26,25,27,25,25,26,27,25,27,27,26,27
1791409120.647538,-0.056414,1.244724,-2.771950,0.054356,1.246994,-2.798063,-0.358241,1.278144,-2.777021,0.353472,1.283504,-2.799469,26,25,27,25,25,27,27,25,27,27,26,27
1791409120.667573,-0.056445,1.244784,-2.771982,0.054386,1.246994,-2.798063,-0.358241,1.278144,-2.777021,0.353533,1.283473,-2.799469,26,25,27,25,25,26,27,25,27,27,26,27
1791409120.687592,-0.056475,1.244724,-2.771966,0.054386,1.246994,-2.798047,-0.358241,1.278114,-2.777037,0.353503,1.283473,-2.799469,26,25,27,25,25,26,27,25,27,27,26,27
1791409120.707496,-0.056414,1.244724,-2.771966,0.054386,1.246964,-2.798063,-0.358210,1.278144,-2.777021,0.353472,1.283473,-2.799469,26,25,27,25,25,26,27,25,27,27,26,27
1791409120.727570,-0.056414,1.244693,-2.771966,0.054386,1.246964,-2.798063,-0.358180,1.278114,-2.777021,0.353472,1.283473,-2.799469,26,25,27,25,25,26,27,25,27,27,26,27
1791409120.749760,-0.056414,1.244724,-2.771982,0.054356,1.246964,-2.798063,-0.358241,1.278144,-2.777021,0.353503,1.283443,-2.799469,26,25,27,25,25,26,27,25,27,27,26,27
1791409120.769607,-0.056384,1.244693,-2.771966,0.054386,1.246964,-2.798063,-0.358210,1.278144,-2.777037,0.353503,1.283504,-2.799453,26,25,27,25,25,26,27,25,27,27,26,27
1791409120.789464,-0.056445,1.244724,-2.771966,0.054386,1.246994,-2.798063,-0.358241,1.278144,-2.777021,0.353503,1.283473,-2.799469,26,25,27,25,25,26,27,25,27,27,26,27
1791409120.809601,-0.056445,1.244724,-2.771966,0.054386,1.246964,-2.798047,-0.358210,1.278114,-2.777021,0.353503,1.283473,-2.799469,26,25,27,25,25,26,27,25,27,27,26,27
1791409120.829495,-0.056445,1.244724,-2.771966,0.054356,1.246994,-2.798079,-0.358210,1.278144,-2.777021,0.353503,1.283443,-2.799469,26,25,27,25,25,26,27,25,27,27,26,27
1791409120.849446,-0.056414,1.244724,-2.771966,0.054386,1.246994,-2.798047,-0.358210,1.278144,-2.777021,0.353503,1.283443,-2.799469,26,25,27,25,25,26,27,25,27,27,26,27
1791409120.869556,-0.056445,1.244724,-2.771966,0.054386,1.246964,-2.798063,-0.358210,1.278114,-2.777037,0.353503,1.283473,-2.799469,26,25,27,25,25,26,27,25,27,27,26,27
1791409120.889535,-0.056414,1.244724,-2.771966,0.054386,1.246994,-2.798047,-0.358210,1.278144,-2.777021,0.353503,1.283443,-2.799469,26,25,27,25,25,27,27,25,27,27,26,27
1791409120.909532,-0.056445,1.244724,-2.771966,0.054416,1.246994,-2.798063,-0.358241,1.278114,-2.777021,0.353503,1.283504,-2.799469,26,25,27,25,25,26,27,25,27,27,26,27
1791409120.929568,-0.056445,1.244724,-2.771966,0.054386,1.246964,-2.798063,-0.358180,1.278144,-2.777021,0.353503,1.283473,-2.799453,26,25,27,25,25,26,27,25,27,27,26,27
1791409120.949595,-0.056445,1.244693,-2.771966,0.054356,1.246994,-2.798063,-0.358210,1.278084,-2.777021,0.353503,1.283473,-2.799485,26,25,27,25,25,26,27,25,27,27,26,27
1791409120.969855,-0.056445,1.244724,-2.771966,0.054356,1.246994,-2.798063,-0.358210,1.278144,-2.777021,0.353472,1.283473,-2.799469,26,25,27,25,25,26,27,25,27,27,26,27
1791409120.989645,-0.056445,1.244724,-2.771966,0.054356,1.246964,-2.798047,-0.358210,1.278144,-2.777021,0.353503,1.283473,-2.799469,26,25,27,25,25,26,27,25,27,27,26,27
1791409121.009650,-0.056475,1.244724,-2.771950,0.054386,1.246964,-2.798079,-0.358210,1.278144,-2.777021,0.353503,1.283443,-2.799485,26,25,27,25,25,27,27,25,27,27,26,27
1791409121.029510,-0.056445,1.244724,-2.771982,0.054386,1.246964,-2.798047,-0.358210,1.278144,-2.777037,0.353503,1.283473,-2.799469,26,25,27,25,25,26,27,25,27,27,26,27
1791409121.049549,-0.056445,1.244724,-2.771966,0.054416,1.246964,-2.798063,-0.358210,1.278114,-2.777021,0.353472,1.283473,-2.799469,26,25,27,25,25,26,27,25,27,27,26,27
1791409121.069577,-0.056445,1.244693,-2.771982,0.054386,1.246994,-2.798047,-0.358241,1.278144,-2.777037,0.353503,1.283443,-2.799469,26,25,27,25,25,26,27,25,27,27,26,27
1791409121.089588,-0.056414,1.244724,-2.771966,0.054356,1.246994,-2.798047,-0.358241,1.278114,-2.777037,0.353503,1.283473,-2.799469,26,25,27,25,25,26,27,25,27,27,26,27
1791409121.109612,-0.056414,1.244724,-2.771966,0.054356,1.246964,-2.798047,-0.358241,1.278114,-2.777021,0.353472,1.283443,-2.799469,26,25,27,25,25,26,27,25,27,27,26,27
1791409121.129617,-0.056445,1.244724,-2.771966,0.054416,1.246994,-2.798063,-0.358241,1.278144,-2.777021,0.353533,1.283473,-2.799485,26,25,27,25,25,26,27,25,27,27,26,27
1791409121.149516,-0.056414,1.244724,-2.771966,0.054356,1.246994,-2.798063,-0.358241,1.278175,-2.777037,0.353503,1.283473,-2.799469,26,25,27,25,25,26,27,25,27,27,26,27
1791409121.169513,-0.056445,1.244693,-2.771966,0.054356,1.246964,-2.798047,-0.358241,1.278084,-2.777021,0.353503,1.283504,-2.799453,26,25,27,25,25,26,27,25,27,27,26,27
1791409121.189562,-0.056445,1.244724,-2.771950,0.054386,1.246934,-2.798063,-0.358241,1.278144,-2.777037,0.353533,1.283473,-2.799469,26,25,27,25,25,26,27,25,27,27,26,27
1791409121.209461,-0.056414,1.244724,-2.771966,0.054416,1.246964,-2.798063,-0.358210,1.278114,-2.777021,0.353533,1.283473,-2.799453,26,25,27,25,25,26,27,25,27,27,26,27
1791409121.229537,-0.056445,1.244693,-2.771966,0.054356,1.246964,-2.798063,-0.358241,1.278144,-2.777021,0.353503,1.283473,-2.799485,26,25,27,25,25,26,27,25,27,27,26,27
1791409121.249540,-0.056475,1.244724,-2.771966,0.054386,1.246964,-2.798047,-0.358210,1.278175,-2.777021,0.353472,1.283473,-2.799469,26,25,27,25,25,27,27,25,27,27,26,27
1791409121.269579,-0.056445,1.244754,-2.771950,0.054356,1.246964,-2.798063,-0.358241,1.278144,-2.777021,0.353503,1.283473,-2.799469,26,25,27,25,25,26,27,25,27,27,26,27
1791409121.289589,-0.056475,1.244693,-2.771966,0.054386,1.246964,-2.798063,-0.358241,1.278175,-2.777021,0.353503,1.283473,-2.799469,26,25,27,25,25,26,27,25,27,27,26,27
1791409121.309680,-0.056414,1.244693,-2.771966,0.054356,1.246994,-2.798079,-0.358210,1.278114,-2.777021,0.353503,1.283473,-2.799469,26,25,27,25,25,27,27,25,27,27,26,27
1791409121.329629,-0.056384,1.244724,-2.771966,0.054386,1.246994,-2.798063,-0.358271,1.278144,-2.777021,0.353503,1.283473,-2.799469,26,25,27,25,25,26,27,25,27,27,26,27
1791409121.349633,-0.056414,1.244754,-2.771950,0.054386,1.246964,-2.798079,-0.358210,1.278144,-2.777037,0.353472,1.283473,-2.799469,26,25,27,25,25,26,27,25,27,27,26,27
1791409121.369524,-0.056445,1.244754,-2.771966,0.054356,1.246994,-2.798063,-0.358210,1.278144,-2.777021,0.353472,1.283443,-2.799469,26,25,27,25,25,27,27,25,27,27,26,27
1791409121.389474,-0.056414,1.244693,-2.771950,0.054416,1.246994,-2.798063,-0.358241,1.278144,-2.777021,0.353503,1.283473,-2.799469,26,25,27,25,25,27,27,25,27,27,26,27
1791409121.409724,-0.056414,1.244724,-2.771966,0.054356,1.246964,-2.798079,-0.358241,1.278175,-2.777053,0.353472,1.283473,-2.799485,26,25,27,25,25,27,27,25,27,27,26,27
1791409121.429695,-0.056414,1.244693,-2.771950,0.054356,1.246964,-2.798063,-0.358210,1.278175,-2.777021,0.353503,1.283473,-2.799469,26,25,27,25,25,26,27,25,27,27,26,27
1791409121.449573,-0.056445,1.244724,-2.771950,0.054386,1.246964,-2.798063,-0.358210,1.278144,-2.777021,0.353503,1.283473,-2.799469,26,25,27,25,25,27,27,25,27,27,26,27
1791409121.469726,-0.056414,1.244754,-2.771982,0.054356,1.246994,-2.798079,-0.358241,1.278144,-2.777021,0.353533,1.283473,-2.799485,26,25,27,25,25,27,27,25,27,27,26,27
1791409121.489621,-0.056445,1.244724,-2.771966,0.054356,1.246994,-2.798063,-0.358241,1.278175,-2.777037,0.353503,1.283473,-2.799485,26,25,27,25,25,26,27,25,27,27,26,27
1791409121.509654,-0.056445,1.244724,-2.771950,0.054386,1.246964,-2.798047,-0.358210,1.278144,-2.777037,0.353503,1.283473,-2.799485,26,25,27,25,25,27,27,25,27,27,26,27
1791409121.529640,-0.056414,1.244693,-2.771966,0.054356,1.246964,-2.798063,-0.358210,1.278114,-2.777021,0.353503,1.283473,-2.799485,26,25,27,25,25,26,27,25,27,27,26,27
1791409121.549603,-0.056414,1.244724,-2.771950,0.054386,1.246964,-2.798063,-0.358241,1.278175,-2.777021,0.353503,1.283473,-2.799469,26,25,27,25,25,26,27,25,27,27,26,27
1791409121.570615,-0.056414,1.244724,-2.771966,0.054356,1.246994,-2.798063,-0.358241,1.278144,-2.777037,0.353472,1.283473,-2.799469,26,25,27,25,25,26,27,25,27,27,26,27
1791409121.589594,-0.056445,1.244724,-2.771966,0.054325,1.246994,-2.798063,-0.358210,1.278144,-2.777037,0.353503,1.283443,-2.799469,26,25,27,25,25,27,27,25,27,27,26,27
1791409121.609666,-0.056414,1.244724,-2.771966,0.054386,1.246964,-2.798047,-0.358241,1.278144,-2.777021,0.353503,1.283473,-2.799469,26,25,27,25,25,26,27,25,27,27,26,27
1791409121.629649,-0.056445,1.244724,-2.771950,0.054356,1.246964,-2.798063,-0.358241,1.278114,-2.777037,0.353472,1.283504,-2.799485,26,25,27,25,25,26,27,25,27,27,26,27
1791409121.649716,-0.056445,1.244724,-2.771966,0.054356,1.246964,-2.798063,-0.358210,1.278175,-2.777021,0.353533,1.283443,-2.799469,26,25,27,25,25,26,27,25,27,27,26,27
1791409121.669518,-0.056445,1.244724,-2.771966,0.054416,1.246964,-2.798063,-0.358241,1.278144,-2.777021,0.353472,1.283473,-2.799485,26,25,27,25,25,26,27,25,27,27,26,27
1791409121.689769,-0.056445,1.244693,-2.771950,0.054386,1.246964,-2.798063,-0.358210,1.278144,-2.777006,0.353533,1.283443,-2.799453,26,25,27,25,25,26,27,25,27,27,26,27
1791409121.709891,-0.056475,1.244724,-2.771950,0.054386,1.246964,-2.798063,-0.358241,1.278144,-2.777006,0.353503,1.283443,-2.799469,26,25,27,25,25,26,27,25,27,27,26,27
1791409121.729803,-0.056414,1.244693,-2.771982,0.054386,1.246964,-2.798063,-0.358241,1.278114,-2.777037,0.353472,1.283473,-2.799469,26,25,27,25,25,26,27,25,27,27,26,27
1791409121.749609,-0.056445,1.244724,-2.771966,0.054356,1.246964,-2.798047,-0.358241,1.278144,-2.777037,0.353472,1.283473,-2.799453,26,25,27,25,25,26,27,25,27,27,26,27
1791409121.769687,-0.056445,1.244754,-2.771982,0.054416,1.246994,-2.798063,-0.358210,1.278114,-2.777021,0.353503,1.283473,-2.799469,26,25,27,25,25,26,27,25,27,27,26,27
1791409121.789698,-0.056414,1.244693,-2.771982,0.054356,1.246964,-2.798047,-0.358241,1.278114,-2.777021,0.353503,1.283473,-2.799485,26,25,27,25,25,26,27,25,27,27,26,27
1791409121.809770,-0.056414,1.244724,-2.771982,0.054386,1.246994,-2.798079,-0.358241,1.278175,-2.777021,0.353503,1.283473,-2.799453,26,25,27,25,25,26,27,25,27,27,26,27
1791409121.829654,-0.056445,1.244754,-2.771966,0.054356,1.246994,-2.798063,-0.358271,1.278144,-2.777021,0.353472,1.283473,-2.799485,26,25,27,25,25,26,27,25,27,27,26,27
1791409121.849554,-0.056384,1.244693,-2.771966,0.054386,1.246964,-2.798063,-0.358210,1.278175,-2.777021,0.353503,1.283504,-2.799485,26,25,27,25,25,26,27,25,27,27,26,27
1791409121.869647,-0.056414,1.244724,-2.771966,0.054416,1.246964,-2.798063,-0.358241,1.278114,-2.777021,0.353503,1.283473,-2.799469,26,25,27,25,25,26,27,25,27,27,26,27
1791409121.889901,-0.056445,1.244724,-2.771966,0.054356,1.246994,-2.798063,-0.358180,1.278144,-2.777037,0.353503,1.283443,-2.799453,26,25,27,25,25,26,27,25,27,27,26,27
1791409121.909741,-0.056414,1.244693,-2.771966,0.054416,1.246994,-2.798047,-0.358241,1.278144,-2.777021,0.353503,1.283473,-2.799485,26,25,27,25,25,26,27,25,27,27,26,27
1791409121.929680,-0.056414,1.244693,-2.771966,0.054356,1.246964,-2.798063,-0.358241,1.278144,-2.777021,0.353503,1.283473,-2.799453,26,25,27,25,25,27,27,25,27,27,26,27
1791409121.949654,-0.056445,1.244724,-2.771966,0.054356,1.246994,-2.798047,-0.358271,1.278114,-2.777021,0.353503,1.283473,-2.799469,26,25,27,25,25,26,27,25,27,27,26,27
1791409121.969590,-0.056445,1.244724,-2.771950,0.054386,1.246994,-2.798079,-0.358210,1.278144,-2.777037,0.353472,1.283473,-2.799469,26,25,27,25,25,26,27,25,27,27,26,27
1791409121.989724,-0.056445,1.244724,-2.771966,0.054325,1.246994,-2.798047,-0.358241,1.278144,-2.777037,0.353503,1.283473,-2.799485,26,25,27,25,25,26,27,25,27,27,26,27
1791409122.009603,-0.056445,1.244724,-2.771966,0.054356,1.247025,-2.798063,-0.358241,1.278144,-2.777037,0.353472,1.283473,-2.799469,26,25,27,25,25,26,27,25,27,27,26,27
1791409122.029693,-0.056414,1.244693,-2.771966,0.054356,1.246964,-2.798063,-0.358241,1.278114,-2.777037,0.353503,1.283473,-2.799485,26,25,27,25,25,26,27,25,27,27,26,27
