t,mode,gait_type,error_code,body_height,px,py,pz,vx,vy,vz,yaw_speed,yaw
1791409100.063499,0,0,1001,0.07242,-0.01114,0.00573,0.05334,-0.00000,-0.00000,-0.00000,-0.01385,-0.009471
1791409100.083661,0,0,1001,0.07242,-0.01114,0.00573,0.05334,0.00000,-0.00000,0.00000,-0.00746,-0.009477
1791409100.103581,0,0,1001,0.07242,-0.01114,0.00573,0.05334,0.00000,0.00000,0.00000,-0.00852,-0.009481
1791409100.123734,0,0,1001,0.07242,-0.01114,0.00573,0.05334,0.00000,-0.00000,0.00000,-0.01704,-0.009532
1791409100.143645,0,0,1001,0.07242,-0.01114,0.00573,0.05334,-0.00000,0.00000,-0.00000,-0.01917,-0.009531
1791409100.163664,0,0,1001,0.07242,-0.01114,0.00573,0.05334,-0.00000,0.00000,-0.00000,-0.01172,-0.009498
1791409100.183751,0,0,1001,0.07242,-0.01114,0.00573,0.05334,-0.00000,-0.00000,-0.00000,-0.02024,-0.009540
1791409100.203629,0,0,1001,0.07242,-0.01114,0.00573,0.05334,-0.00000,-0.00000,-0.00000,-0.00852,-0.009507
1791409100.223667,0,0,1001,0.07242,-0.01114,0.00573,0.05334,0.00000,-0.00000,0.00000,-0.00746,-0.009538
1791409100.243558,0,0,1001,0.07242,-0.01114,0.00573,0.05334,-0.00000,-0.00000,-0.00000,-0.00639,-0.009525
1791409100.263530,0,0,1001,0.07242,-0.01114,0.00573,0.05334,-0.00000,0.00000,-0.00000,-0.00852,-0.009519
1791409100.283534,0,0,1001,0.07241,-0.01114,0.00573,0.05334,-0.00000,0.00000,-0.00000,-0.00639,-0.009576
1791409100.303544,0,0,1001,0.07242,-0.01114,0.00573,0.05334,-0.00000,0.00000,-0.00000,-0.00852,-0.009530
1791409100.323601,0,0,1001,0.07242,-0.01114,0.00573,0.05334,0.00000,-0.00000,0.00000,-0.01491,-0.009522
1791409100.343629,0,0,1001,0.07242,-0.01114,0.00573,0.05334,0.00000,-0.00000,0.00000,-0.00959,-0.009503
1791409100.363811,0,0,1001,0.07242,-0.01114,0.00574,0.05334,0.00000,0.00000,0.00000,-0.00107,-0.009498
1791409100.383554,0,0,1001,0.07242,-0.01114,0.00573,0.05334,0.00000,-0.00000,0.00000,-0.01278,-0.009473
1791409100.403694,0,0,1001,0.07242,-0.01113,0.00573,0.05334,0.00000,0.00000,0.00000,-0.00320,-0.009504
1791409100.423475,0,0,1001,0.07242,-0.01114,0.00573,0.05334,0.00000,0.00000,0.00000,-0.01704,-0.009529
1791409100.443519,0,0,1001,0.07242,-0.01114,0.00573,0.05334,0.00000,-0.00000,0.00000,-0.00533,-0.009525
1791409100.463518,0,0,1001,0.07241,-0.01114,0.00573,0.05334,0.00000,0.00000,0.00000,-0.00639,-0.009480
1791409100.483515,0,0,1001,0.07242,-0.01114,0.00573,0.05334,0.00000,-0.00000,0.00000,0.00639,-0.009421
1791409100.503683,0,0,1001,0.07242,-0.01114,0.00573,0.05334,-0.00000,-0.00000,-0.00000,-0.00852,-0.009412
1791409100.523633,0,0,1001,0.07242,-0.01114,0.00573,0.05334,-0.00000,0.00000,-0.00000,-0.00959,-0.009426
1791409100.543540,0,0,1001,0.07242,-0.01114,0.00573,0.05334,-0.00000,0.00000,-0.00000,0.00213,-0.009425
1791409100.563801,0,0,1001,0.07241,-0.01114,0.00573,0.05334,-0.00000,-0.00000,-0.00000,-0.00746,-0.009442
1791409100.583482,0,0,1001,0.07241,-0.01114,0.00573,0.05334,-0.00000,0.00000,-0.00000,-0.01065,-0.009496
1791409100.603688,0,0,1001,0.07242,-0.01114,0.00573,0.05334,-0.00000,-0.00000,-0.00000,-0.01172,-0.009524
1791409100.623543,0,0,1001,0.07242,-0.01114,0.00573,0.05334,-0.00000,-0.00000,-0.00000,-0.01917,-0.009552
1791409100.643633,0,0,1001,0.07242,-0.01114,0.00573,0.05334,-0.00000,-0.00000,-0.00000,-0.02024,-0.009579
1791409100.663615,0,0,1001,0.07242,-0.01114,0.00573,0.05334,-0.00000,0.00000,-0.00000,0.00213,-0.009576
1791409100.683661,0,0,1001,0.07242,-0.01114,0.00573,0.05334,0.00000,0.00000,0.00000,-0.00213,-0.009627
1791409100.703567,0,0,1001,0.07242,-0.01114,0.00573,0.05334,-0.00000,-0.00000,-0.00000,0.00107,-0.009598
1791409100.723584,0,0,1001,0.07242,-0.01114,0.00573,0.05334,0.00000,0.00000,0.00000,-0.01491,-0.009606
1791409100.743617,0,0,1001,0.07242,-0.01114,0.00573,0.05334,-0.00000,0.00000,-0.00000,-0.00426,-0.009599
1791409100.763672,0,0,1001,0.07241,-0.01114,0.00573,0.05334,-0.00000,0.00000,-0.00000,-0.00639,-0.009599
1791409100.783510,0,0,1001,0.07242,-0.01114,0.00573,0.05334,-0.00000,-0.00000,-0.00000,-0.01598,-0.009562
1791409100.803559,0,0,1001,0.07242,-0.01114,0.00573,0.05334,-0.00000,0.00000,-0.00000,0.00320,-0.009565
1791409100.823647,0,0,1001,0.07242,-0.01114,0.00573,0.05334,-0.00000,0.00000,-0.00000,-0.01704,-0.009567
1791409100.843730,0,0,1001,0.07242,-0.01114,0.00573,0.05334,-0.00000,-0.00000,-0.00000,-0.01385,-0.009597
1791409100.863636,0,0,1001,0.07241,-0.01114,0.00573,0.05334,0.00000,0.00000,0.00000,-0.01385,-0.009592
1791409100.883671,0,0,1001,0.07242,-0.01114,0.00573,0.05334,0.00000,-0.00000,0.00000,-0.00426,-0.009595
1791409100.903746,0,0,1001,0.07242,-0.01113,0.00573,0.05334,0.00000,-0.00000,0.00000,-0.00959,-0.009684
1791409100.923832,0,0,1001,0.07242,-0.01114,0.00574,0.05334,0.00000,0.00000,0.00000,-0.00959,-0.009644
1791409100.943482,0,0,1001,0.07242,-0.01114,0.00574,0.05334,0.00000,0.00000,0.00000,-0.01385,-0.009608
1791409100.963645,0,0,1001,0.07242,-0.01114,0.00574,0.05334,0.00000,-0.00000,0.00000,-0.02770,-0.009634
1791409100.983558,0,0,1001,0.07242,-0.01114,0.00573,0.05334,0.00000,0.00000,0.00000,-0.01278,-0.009673
1791409101.003532,0,0,1001,0.07242,-0.01114,0.00573,0.05334,0.00000,0.00000,0.00000,-0.00107,-0.009644
1791409101.023540,0,0,1001,0.07242,-0.01113,0.00574,0.05334,0.00000,0.00000,0.00000,-0.00959,-0.009652
1791409101.043647,0,0,1001,0.07241,-0.01113,0.00574,0.05334,0.00000,0.00000,0.00000,-0.01172,-0.009633
1791409101.063853,0,0,1001,0.07242,-0.01113,0.00574,0.05334,0.00000,0.00000,0.00000,-0.01172,-0.009612
1791409101.083663,0,0,1001,0.07242,-0.01113,0.00574,0.05334,0.00000,-0.00000,0.00000,-0.01385,-0.009609
1791409101.103572,0,0,1001,0.07242,-0.01113,0.00574,0.05334,0.00000,-0.00000,0.00000,-0.01811,-0.009614
1791409101.123642,0,0,1001,0.07242,-0.01113,0.00574,0.05334,0.00000,-0.00000,-0.00000,-0.00320,-0.009546
1791409101.143653,0,0,1001,0.07242,-0.01113,0.00574,0.05334,0.00000,0.00000,0.00000,-0.01385,-0.009551
1791409101.163647,0,0,1001,0.07242,-0.01112,0.00574,0.05334,0.00000,-0.00000,0.00000,-0.00533,-0.009537
1791409101.183825,0,0,1001,0.07242,-0.01113,0.00574,0.05334,0.00000,-0.00000,0.00000,-0.01385,-0.009583
1791409101.203508,0,0,1001,0.07242,-0.01112,0.00574,0.05334,0.00000,-0.00000,0.00000,-0.00426,-0.009516
1791409101.223525,0,0,1001,0.07242,-0.01113,0.00574,0.05334,0.00000,-0.00000,0.00000,-0.02131,-0.009519
1791409101.243522,0,0,1001,0.07242,-0.01113,0.00573,0.05334,0.00000,-0.00000,0.00000,-0.00533,-0.009474
1791409101.263427,0,0,1001,0.07242,-0.01113,0.00573,0.05334,0.00000,-0.00000,0.00000,-0.00639,-0.009480
1791409101.283419,0,0,1001,0.07242,-0.01113,0.00573,0.05334,0.00000,0.00000,0.00000,-0.00639,-0.009491
1791409101.303533,0,0,1001,0.07242,-0.01112,0.00573,0.05334,0.00000,-0.00000,0.00000,-0.00639,-0.009494
1791409101.323468,0,0,1001,0.07242,-0.01112,0.00573,0.05334,0.00000,0.00000,0.00000,-0.01704,-0.009476
1791409101.343642,0,0,1001,0.07242,-0.01112,0.00573,0.05334,-0.00000,-0.00000,-0.00000,0.00000,-0.009433
1791409101.363553,0,0,1001,0.07242,-0.01113,0.00573,0.05334,-0.00000,-0.00000,-0.00000,-0.01065,-0.009413
1791409101.383682,0,0,1001,0.07242,-0.01112,0.00573,0.05334,0.00000,-0.00000,0.00000,0.00107,-0.009432
1791409101.403545,0,0,1001,0.07242,-0.01112,0.00573,0.05334,-0.00000,-0.00000,-0.00000,-0.00426,-0.009442
1791409101.423512,0,0,1001,0.07242,-0.01112,0.00573,0.05334,0.00000,0.00000,0.00000,-0.00320,-0.009427
1791409101.443921,0,0,1001,0.07242,-0.01112,0.00573,0.05334,0.00000,-0.00000,0.00000,-0.00746,-0.009460
1791409101.463536,0,0,1001,0.07242,-0.01112,0.00573,0.05334,0.00000,0.00000,0.00000,0.00213,-0.009465
1791409101.483740,0,0,1001,0.07242,-0.01112,0.00573,0.05334,0.00000,0.00000,0.00000,-0.00959,-0.009431
1791409101.503561,0,0,1001,0.07242,-0.01112,0.00572,0.05334,0.00000,-0.00000,0.00000,-0.02344,-0.009476
1791409101.523610,0,0,1001,0.07242,-0.01112,0.00572,0.05334,-0.00000,0.00000,-0.00000,-0.00959,-0.009510
1791409101.543531,0,0,1001,0.07242,-0.01112,0.00573,0.05334,0.00000,-0.00000,0.00000,-0.01172,-0.009509
1791409101.563474,0,0,1001,0.07242,-0.01112,0.00572,0.05334,0.00000,-0.00000,0.00000,-0.01065,-0.009532
1791409101.583510,0,0,1001,0.07242,-0.01112,0.00572,0.05334,0.00000,0.00000,0.00000,-0.00213,-0.009527
1791409101.603561,0,0,1001,0.07242,-0.01112,0.00572,0.05334,0.00000,-0.00000,0.00000,-0.01598,-0.009605
1791409101.623724,0,0,1001,0.07242,-0.01112,0.00572,0.05334,0.00000,-0.00000,0.00000,-0.02024,-0.009613
1791409101.643547,0,0,1001,0.07242,-0.01112,0.00572,0.05334,0.00000,-0.00000,0.00000,-0.00320,-0.009614
1791409101.663562,0,0,1001,0.07242,-0.01112,0.00572,0.05334,0.00000,-0.00000,0.00000,-0.00533,-0.009615
1791409101.683627,0,0,1001,0.07242,-0.01111,0.00572,0.05334,0.00000,0.00000,0.00000,-0.01278,-0.009649
1791409101.703667,0,0,1001,0.07242,-0.01111,0.00572,0.05334,0.00000,-0.00000,0.00000,-0.01065,-0.009647
1791409101.724443,0,0,1001,0.07241,-0.01111,0.00572,0.05334,0.00000,0.00000,0.00000,-0.01065,-0.009627
1791409101.743550,0,0,1001,0.07242,-0.01111,0.00572,0.05334,0.00000,-0.00000,0.00000,-0.00639,-0.009634
1791409101.763535,0,0,1001,0.07242,-0.01111,0.00572,0.05334,0.00000,0.00000,0.00000,0.01704,-0.009641
1791409101.783730,0,0,1001,0.07241,-0.01111,0.00572,0.05334,0.00000,0.00000,0.00000,0.00213,-0.009616
1791409101.803743,0,0,1001,0.07242,-0.01111,0.00572,0.05334,0.00000,-0.00000,0.00000,-0.00746,-0.009633
1791409101.823546,0,0,1001,0.07242,-0.01112,0.00572,0.05334,-0.00000,0.00000,-0.00000,-0.00533,-0.009619
1791409101.843531,0,0,1001,0.07242,-0.01112,0.00572,0.05334,-0.00000,-0.00000,-0.00000,0.00000,-0.009622
1791409101.863483,0,0,1001,0.07242,-0.01112,0.00572,0.05334,-0.00000,0.00000,-0.00000,-0.01491,-0.009636
1791409101.883439,0,0,1001,0.07242,-0.01112,0.00572,0.05334,-0.00000,-0.00000,-0.00000,-0.01172,-0.009636
1791409101.903506,0,0,1001,0.07241,-0.01112,0.00572,0.05334,-0.00000,0.00000,-0.00000,-0.00639,-0.009630
1791409101.923470,0,0,1001,0.07242,-0.01111,0.00572,0.05334,-0.00000,0.00000,-0.00000,-0.01172,-0.009593
1791409101.943581,0,0,1001,0.07242,-0.01112,0.00572,0.05334,-0.00000,-0.00000,-0.00000,-0.01278,-0.009605
1791409101.963534,0,0,1001,0.07242,-0.01111,0.00572,0.05334,0.00000,0.00000,0.00000,-0.01491,-0.009614
1791409101.983441,0,0,1001,0.07241,-0.01112,0.00572,0.05334,-0.00000,0.00000,-0.00000,-0.01065,-0.009595
1791409102.003673,0,0,1001,0.07242,-0.01112,0.00572,0.05334,-0.00000,-0.00000,0.00000,-0.00959,-0.009659
1791409102.023583,0,0,1001,0.07242,-0.01111,0.00572,0.05334,0.00000,-0.00000,0.00000,-0.00213,-0.009628
1791409102.043656,0,0,1001,0.07242,-0.01111,0.00573,0.05334,0.00000,0.00000,-0.00000,-0.00533,-0.009692
1791409102.063489,0,0,1001,0.07242,-0.01111,0.00573,0.05334,-0.00000,-0.00000,-0.00000,-0.01811,-0.009706
1791409102.083374,0,0,1001,0.07242,-0.01111,0.00573,0.05334,0.00000,0.00000,0.00000,-0.00959,-0.009709
1791409102.103462,0,0,1001,0.07242,-0.01111,0.00573,0.05334,0.00000,-0.00000,0.00000,-0.00959,-0.009685
1791409102.123582,0,0,1001,0.07242,-0.01111,0.00573,0.05334,0.00000,0.00000,0.00000,0.00426,-0.009642
1791409102.143632,0,0,1001,0.07242,-0.01111,0.00573,0.05334,0.00000,0.00000,0.00000,-0.01385,-0.009639
1791409102.163548,0,0,1001,0.07242,-0.01111,0.00573,0.05334,0.00000,-0.00000,0.00000,-0.00639,-0.009669
1791409102.183468,0,0,1001,0.07242,-0.01112,0.00573,0.05334,-0.00000,0.00000,-0.00000,-0.01385,-0.009598
1791409102.203522,0,0,1001,0.07242,-0.01112,0.00573,0.05334,-0.00000,0.00000,-0.00000,-0.01917,-0.009611
1791409102.223811,0,0,1001,0.07242,-0.01112,0.00573,0.05334,-0.00000,0.00000,-0.00000,0.01065,-0.009573
1791409102.243491,0,0,1001,0.07242,-0.01112,0.00573,0.05334,-0.00000,0.00000,-0.00000,-0.00639,-0.009584
1791409102.263479,0,0,1001,0.07242,-0.01112,0.00573,0.05334,-0.00000,-0.00000,-0.00000,-0.00426,-0.009553
1791409102.283497,0,0,1001,0.07242,-0.01112,0.00572,0.05334,-0.00000,-0.00000,-0.00000,-0.00107,-0.009567
1791409102.303452,0,0,1001,0.07242,-0.01112,0.00573,0.05334,-0.00000,-0.00000,-0.00000,-0.00320,-0.009566
1791409102.323526,0,0,1001,0.07242,-0.01112,0.00573,0.05334,-0.00000,0.00000,-0.00000,-0.01172,-0.009610
1791409102.343511,0,0,1001,0.07242,-0.01112,0.00573,0.05334,0.00000,0.00000,0.00000,-0.01065,-0.009617
1791409102.363653,0,0,1001,0.07242,-0.01112,0.00573,0.05334,0.00000,-0.00000,0.00000,-0.01917,-0.009622
1791409102.383788,0,0,1001,0.07241,-0.01112,0.00573,0.05334,-0.00000,0.00000,-0.00000,-0.00959,-0.009615
1791409102.403528,0,0,1001,0.07242,-0.01112,0.00573,0.05334,-0.00000,0.00000,-0.00000,-0.01065,-0.009615
1791409102.423497,0,0,1001,0.07242,-0.01112,0.00573,0.05334,-0.00000,-0.00000,-0.00000,-0.01598,-0.009631
1791409102.443436,0,0,1001,0.07242,-0.01112,0.00573,0.05334,-0.00000,0.00000,-0.00000,-0.00320,-0.009652
1791409102.463485,0,0,1001,0.07242,-0.01112,0.00573,0.05334,-0.00000,-0.00000,0.00000,-0.02450,-0.009686
1791409102.483516,0,0,1001,0.07242,-0.01112,0.00573,0.05334,-0.00000,-0.00000,-0.00000,-0.00426,-0.009722
1791409102.503627,0,0,1001,0.07242,-0.01112,0.00574,0.05334,0.00000,-0.00000,0.00000,-0.01172,-0.009776
1791409102.523446,0,0,1001,0.07242,-0.01112,0.00574,0.05334,-0.00000,0.00000,-0.00000,-0.01172,-0.009810
1791409102.543594,0,0,1001,0.07242,-0.01112,0.00574,0.05334,-0.00000,-0.00000,-0.00000,-0.00852,-0.009774
1791409102.563436,0,0,1001,0.07242,-0.01112,0.00574,0.05334,-0.00000,0.00000,-0.00000,-0.00426,-0.009814
1791409102.583439,0,0,1001,0.07242,-0.01112,0.00574,0.05334,-0.00000,0.00000,-0.00000,-0.02024,-0.009830
1791409102.603422,0,0,1001,0.07242,-0.01111,0.00575,0.05334,0.00000,0.00000,0.00000,0.00000,-0.009785
1791409102.623441,0,0,1001,0.07242,-0.01112,0.00575,0.05334,0.00000,0.00000,0.00000,-0.00852,-0.009805
1791409102.643448,0,0,1001,0.07242,-0.01111,0.00575,0.05334,0.00000,-0.00000,0.00000,0.00320,-0.009817
1791409102.663524,0,0,1001,0.07242,-0.01111,0.00575,0.05334,0.00000,-0.00000,0.00000,-0.01065,-0.009797
1791409102.683504,0,0,1001,0.07242,-0.01111,0.00575,0.05334,0.00000,-0.00000,0.00000,-0.01172,-0.009866
1791409102.703521,0,0,1001,0.07242,-0.01111,0.00575,0.05334,0.00000,-0.00000,0.00000,-0.00959,-0.009886
1791409102.723414,0,0,1001,0.07241,-0.01111,0.00575,0.05334,0.00000,-0.00000,0.00000,-0.01811,-0.009861
1791409102.743495,0,0,1001,0.07242,-0.01110,0.00576,0.05335,0.00000,-0.00000,0.00000,-0.00213,-0.009867
1791409102.763565,0,0,1001,0.07241,-0.01110,0.00576,0.05335,0.00000,-0.00000,0.00000,-0.00320,-0.009867
1791409102.783441,0,0,1001,0.07242,-0.01111,0.00576,0.05335,0.00000,-0.00000,0.00000,-0.01491,-0.009893
1791409102.803503,0,0,1001,0.07242,-0.01111,0.00576,0.05335,0.00000,0.00000,0.00000,-0.00213,-0.009895
1791409102.823533,0,0,1001,0.07241,-0.01111,0.00576,0.05334,-0.00000,-0.00000,-0.00000,-0.00852,-0.009942
1791409102.843412,0,0,1001,0.07242,-0.01111,0.00576,0.05334,0.00000,-0.00000,0.00000,-0.00107,-0.009924
1791409102.863537,0,0,1001,0.07242,-0.01110,0.00576,0.05334,0.00000,0.00000,0.00000,-0.01385,-0.009918
1791409102.883479,0,0,1001,0.07241,-0.01110,0.00576,0.05334,0.00000,-0.00000,0.00000,-0.01598,-0.009966
1791409102.903517,0,0,1001,0.07242,-0.01111,0.00576,0.05334,-0.00000,0.00000,-0.00000,-0.00852,-0.009934
1791409102.923507,0,0,1001,0.07242,-0.01111,0.00576,0.05334,-0.00000,-0.00000,-0.00000,0.00320,-0.009878
1791409102.943529,0,0,1001,0.07242,-0.01110,0.00576,0.05334,-0.00000,-0.00000,-0.00000,-0.00320,-0.009883
1791409102.963565,0,0,1001,0.07242,-0.01110,0.00576,0.05334,0.00000,0.00000,0.00000,-0.01491,-0.009887
1791409102.983506,0,0,1001,0.07241,-0.01110,0.00576,0.05334,-0.00000,0.00000,-0.00000,-0.00213,-0.009870
1791409103.003674,0,0,1001,0.07242,-0.01110,0.00577,0.05335,0.00000,0.00000,0.00000,-0.01278,-0.009869
1791409103.023589,0,0,1001,0.07242,-0.01110,0.00577,0.05335,0.00000,0.00000,0.00000,-0.00639,-0.009888
1791409103.043471,0,0,1001,0.07242,-0.01110,0.00577,0.05335,0.00000,-0.00000,0.00000,-0.01172,-0.009900
1791409103.063579,0,0,1001,0.07242,-0.01110,0.00577,0.05335,0.00000,0.00000,0.00000,-0.01385,-0.009865
1791409103.083646,0,0,1001,0.07242,-0.01110,0.00577,0.05335,-0.00000,-0.00000,-0.00000,-0.00320,-0.009844
1791409103.103572,0,0,1001,0.07242,-0.01110,0.00577,0.05335,0.00000,0.00000,0.00000,-0.00213,-0.009801
1791409103.123585,0,0,1001,0.07242,-0.01110,0.00577,0.05335,0.00000,-0.00000,0.00000,-0.00959,-0.009798
1791409103.143560,0,0,1001,0.07242,-0.01110,0.00577,0.05335,-0.00000,-0.00000,-0.00000,-0.01598,-0.009759
1791409103.163668,0,0,1001,0.07242,-0.01110,0.00577,0.05334,-0.00000,0.00000,-0.00000,-0.02557,-0.009796
1791409103.183513,0,0,1001,0.07242,-0.01111,0.00577,0.05334,-0.00000,-0.00000,-0.00000,-0.02876,-0.009841
1791409103.203547,0,0,1001,0.07242,-0.01111,0.00577,0.05334,-0.00000,0.00000,-0.00000,-0.00746,-0.009840
1791409103.223532,0,0,1001,0.07242,-0.01111,0.00578,0.05334,-0.00000,0.00000,-0.00000,-0.00426,-0.009828
1791409103.243583,0,0,1001,0.07242,-0.01111,0.00577,0.05334,-0.00000,0.00000,-0.00000,-0.00639,-0.009826
1791409103.263616,0,0,1001,0.07242,-0.01111,0.00577,0.05334,-0.00000,0.00000,-0.00000,-0.00959,-0.009801
1791409103.283611,0,0,1001,0.07241,-0.01111,0.00577,0.05334,-0.00000,-0.00000,-0.00000,-0.00746,-0.009822
1791409103.303549,0,0,1001,0.07242,-0.01111,0.00577,0.05334,-0.00000,-0.00000,-0.00000,-0.01065,-0.009864
1791409103.323490,0,0,1001,0.07242,-0.01111,0.00577,0.05334,-0.00000,0.00000,-0.00000,-0.01065,-0.009837
1791409103.343504,0,0,1001,0.07242,-0.01112,0.00577,0.05334,-0.00000,-0.00000,-0.00000,-0.01811,-0.009825
1791409103.363589,0,0,1001,0.07242,-0.01112,0.00577,0.05334,-0.00000,0.00000,-0.00000,-0.02557,-0.009810
1791409103.383489,0,0,1001,0.07241,-0.01112,0.00577,0.05334,-0.00000,0.00000,-0.00000,-0.01385,-0.009821
1791409103.403559,0,0,1001,0.07242,-0.01112,0.00577,0.05334,-0.00000,0.00000,-0.00000,-0.00746,-0.009834
1791409103.423536,0,0,1001,0.07242,-0.01112,0.00577,0.05334,-0.00000,0.00000,-0.00000,-0.01172,-0.009843
1791409103.443512,0,0,1001,0.07242,-0.01112,0.00577,0.05334,-0.00000,0.00000,-0.00000,-0.00959,-0.009830
1791409103.463571,0,0,1001,0.07242,-0.01111,0.00577,0.05334,0.00000,0.00000,0.00000,-0.00639,-0.009817
1791409103.483493,0,0,1001,0.07242,-0.01111,0.00577,0.05334,0.00000,0.00000,0.00000,-0.00852,-0.009781
1791409103.503648,0,0,1001,0.07242,-0.01111,0.00578,0.05334,0.00000,0.00000,0.00000,-0.00746,-0.009808
1791409103.523607,0,0,1001,0.07242,-0.01111,0.00578,0.05334,0.00000,-0.00000,0.00000,-0.00852,-0.009802
1791409103.543543,0,0,1001,0.07242,-0.01111,0.00578,0.05334,0.00000,-0.00000,0.00000,-0.01172,-0.009846
1791409103.563591,0,0,1001,0.07242,-0.01111,0.00578,0.05334,0.00000,0.00000,0.00000,-0.00746,-0.009806
1791409103.583600,0,0,1001,0.07241,-0.01111,0.00577,0.05334,0.00000,-0.00000,0.00000,0.00000,-0.009771
1791409103.603555,0,0,1001,0.07242,-0.01111,0.00577,0.05334,0.00000,-0.00000,0.00000,0.00213,-0.009808
1791409103.623544,0,0,1001,0.07242,-0.01110,0.00578,0.05334,0.00000,-0.00000,0.00000,-0.01065,-0.009823
1791409103.643547,0,0,1001,0.07242,-0.01111,0.00577,0.05334,0.00000,-0.00000,0.00000,-0.01278,-0.009856
1791409103.663601,0,0,1001,0.07242,-0.01110,0.00578,0.05334,0.00000,-0.00000,0.00000,-0.00533,-0.009870
1791409103.683499,0,0,1001,0.07242,-0.01110,0.00577,0.05334,0.00000,-0.00000,0.00000,0.00107,-0.009865
1791409103.703559,0,0,1001,0.07242,-0.01111,0.00578,0.05334,0.00000,0.00000,0.00000,-0.02237,-0.009928
1791409103.723395,0,0,1001,0.07242,-0.01110,0.00578,0.05335,0.00000,-0.00000,0.00000,-0.00746,-0.009895
1791409103.743389,0,0,1001,0.07242,-0.01110,0.00578,0.05334,0.00000,-0.00000,0.00000,0.00426,-0.009873
1791409103.763381,0,0,1001,0.07242,-0.01110,0.00578,0.05334,0.00000,0.00000,0.00000,0.00000,-0.009812
1791409103.783496,0,0,1001,0.07242,-0.01111,0.00578,0.05334,0.00000,-0.00000,0.00000,-0.00959,-0.009826
1791409103.803360,0,0,1001,0.07242,-0.01110,0.00578,0.05334,0.00000,0.00000,0.00000,-0.01385,-0.009814
1791409103.823332,0,0,1001,0.07242,-0.01110,0.00578,0.05334,0.00000,-0.00000,0.00000,-0.01278,-0.009806
1791409103.843387,0,0,1001,0.07242,-0.01110,0.00578,0.05334,0.00000,-0.00000,0.00000,-0.01172,-0.009834
1791409103.863372,0,0,1001,0.07241,-0.01110,0.00578,0.05334,-0.00000,0.00000,-0.00000,-0.01172,-0.009816
1791409103.884346,0,0,1001,0.07241,-0.01110,0.00578,0.05335,0.00000,0.00000,0.00000,-0.01385,-0.009758
1791409103.903521,0,0,1001,0.07242,-0.01110,0.00578,0.05335,0.00000,0.00000,0.00000,-0.00852,-0.009720
1791409103.923424,0,0,1001,0.07241,-0.01110,0.00578,0.05335,0.00000,-0.00000,0.00000,-0.00426,-0.009714
1791409103.943422,0,0,1001,0.07242,-0.01110,0.00578,0.05335,0.00000,0.00000,0.00000,-0.00746,-0.009764
1791409103.963385,0,0,1001,0.07242,-0.01110,0.00578,0.05335,0.00000,0.00000,0.00000,-0.00639,-0.009740
1791409103.983402,0,0,1001,0.07242,-0.01110,0.00578,0.05335,0.00000,0.00000,0.00000,-0.01385,-0.009710
1791409104.003422,0,0,1001,0.07241,-0.01110,0.00578,0.05335,-0.00000,0.00000,-0.00000,-0.01065,-0.009703
1791409104.023360,0,0,1001,0.07242,-0.01110,0.00578,0.05335,-0.00000,0.00000,-0.00000,-0.00533,-0.009686
1791409104.043528,0,0,1001,0.07242,-0.01110,0.00578,0.05335,-0.00000,-0.00000,-0.00000,-0.00533,-0.009674
1791409104.063298,0,0,1001,0.07242,-0.01110,0.00578,0.05335,-0.00000,-0.00000,-0.00000,-0.00852,-0.009683
1791409104.083314,0,0,1001,0.07242,-0.01110,0.00578,0.05335,-0.00000,-0.00000,-0.00000,-0.00639,-0.009669
1791409104.103344,0,0,1001,0.07242,-0.01110,0.00578,0.05335,-0.00000,-0.00000,-0.00000,0.00426,-0.009691
1791409104.123339,0,0,1001,0.07242,-0.01110,0.00578,0.05335,0.00000,0.00000,0.00000,-0.01065,-0.009702
1791409104.143391,0,0,1001,0.07241,-0.01110,0.00578,0.05335,-0.00000,0.00000,-0.00000,-0.01065,-0.009706
1791409104.163336,0,0,1001,0.07242,-0.01110,0.00578,0.05335,0.00000,-0.00000,0.00000,-0.01811,-0.009730
1791409104.183385,0,0,1001,0.07242,-0.01110,0.00578,0.05335,0.00000,-0.00000,0.00000,-0.00959,-0.009731
1791409104.203479,0,0,1001,0.07242,-0.01110,0.00578,0.05335,0.00000,0.00000,0.00000,-0.00533,-0.009680
1791409104.223460,0,0,1001,0.07241,-0.01110,0.00578,0.05335,-0.00000,0.00000,-0.00000,-0.00959,-0.009668
1791409104.243356,0,0,1001,0.07242,-0.01110,0.00578,0.05335,0.00000,0.00000,0.00000,-0.01491,-0.009645
1791409104.263838,0,0,1001,0.07242,-0.01110,0.00578,0.05335,0.00000,-0.00000,0.00000,-0.00852,-0.009652
1791409104.283943,0,0,1001,0.07242,-0.01110,0.00578,0.05335,0.00000,-0.00000,0.00000,-0.02024,-0.009689
1791409104.303866,0,0,1001,0.07242,-0.01110,0.00578,0.05335,0.00000,-0.00000,0.00000,-0.00639,-0.009747
1791409104.323462,0,0,1001,0.07242,-0.01109,0.00578,0.05335,0.00000,-0.00000,0.00000,-0.00639,-0.009675
1791409104.343931,0,0,1001,0.07242,-0.01109,0.00578,0.05335,0.00000,-0.00000,0.00000,-0.01704,-0.009673
1791409104.363236,0,0,1001,0.07242,-0.01109,0.00578,0.05335,0.00000,-0.00000,0.00000,-0.00852,-0.009592
1791409104.383734,0,0,1001,0.07242,-0.01109,0.00578,0.05335,0.00000,-0.00000,0.00000,0.00107,-0.009572
1791409104.403477,0,0,1001,0.07242,-0.01109,0.00578,0.05335,0.00000,-0.00000,0.00000,-0.02344,-0.009545
1791409104.423746,0,0,1001,0.07242,-0.01109,0.00578,0.05335,0.00000,-0.00000,0.00000,-0.01172,-0.009534
1791409104.443303,0,0,1001,0.07242,-0.01109,0.00578,0.05335,0.00000,-0.00000,0.00000,-0.01385,-0.009516
1791409104.463294,0,0,1001,0.07242,-0.01109,0.00578,0.05335,0.00000,-0.00000,0.00000,-0.01065,-0.009453
1791409104.483363,0,0,1001,0.07242,-0.01109,0.00578,0.05335,0.00000,0.00000,0.00000,-0.01065,-0.009436
1791409104.503633,0,0,1001,0.07241,-0.01109,0.00578,0.05335,-0.00000,0.00000,-0.00000,-0.00426,-0.009409
1791409104.523210,0,0,1001,0.07242,-0.01109,0.00578,0.05335,-0.00000,0.00000,-0.00000,0.00213,-0.009345
1791409104.543792,0,0,1001,0.07242,-0.01109,0.00579,0.05335,0.00000,-0.00000,0.00000,-0.01704,-0.009321
1791409104.564347,0,0,1001,0.07242,-0.01109,0.00579,0.05335,0.00000,0.00000,0.00000,-0.00213,-0.009393
1791409104.584018,0,0,1001,0.07242,-0.01109,0.00579,0.05335,-0.00000,0.00000,-0.00000,0.00107,-0.009412
1791409104.604099,0,0,1001,0.07242,-0.01109,0.00579,0.05335,-0.00000,0.00000,-0.00000,-0.01385,-0.009437
1791409104.624041,0,0,1001,0.07242,-0.01109,0.00579,0.05335,-0.00000,0.00000,-0.00000,-0.01172,-0.009417
1791409104.643360,0,0,1001,0.07242,-0.01109,0.00578,0.05335,-0.00000,-0.00000,-0.00000,-0.00426,-0.009402
1791409104.663507,0,0,1001,0.07242,-0.01109,0.00578,0.05335,0.00000,0.00000,0.00000,-0.01491,-0.009429
1791409104.683307,0,0,1001,0.07242,-0.01109,0.00578,0.05335,0.00000,-0.00000,0.00000,-0.00959,-0.009430
1791409104.703254,0,0,1001,0.07242,-0.01109,0.00578,0.05335,-0.00000,0.00000,-0.00000,0.00107,-0.009417
1791409104.723221,0,0,1001,0.07242,-0.01109,0.00578,0.05335,0.00000,-0.00000,0.00000,0.00746,-0.009368
1791409104.743812,0,0,1001,0.07242,-0.01109,0.00578,0.05335,0.00000,-0.00000,0.00000,-0.01811,-0.009348
1791409104.763248,0,0,1001,0.07242,-0.01110,0.00578,0.05335,0.00000,-0.00000,0.00000,-0.01172,-0.009330
1791409104.783871,0,0,1001,0.07242,-0.01110,0.00578,0.05335,-0.00000,0.00000,-0.00000,-0.01172,-0.009307
1791409104.803308,0,0,1001,0.07241,-0.01110,0.00578,0.05335,-0.00000,0.00000,-0.00000,-0.01491,-0.009304
1791409104.823553,0,0,1001,0.07242,-0.01109,0.00578,0.05335,-0.00000,-0.00000,-0.00000,-0.00426,-0.009280
1791409104.843361,0,0,1001,0.07242,-0.01109,0.00578,0.05335,-0.00000,0.00000,-0.00000,-0.00107,-0.009312
1791409104.863117,0,0,1001,0.07242,-0.01109,0.00578,0.05335,0.00000,-0.00000,0.00000,-0.02131,-0.009329
1791409104.883514,0,0,1001,0.07242,-0.01109,0.00577,0.05335,-0.00000,-0.00000,-0.00000,-0.01598,-0.009346
1791409104.903615,0,0,1001,0.07242,-0.01109,0.00577,0.05335,-0.00000,0.00000,-0.00000,-0.01385,-0.009321
1791409104.924439,0,0,1001,0.07242,-0.01109,0.00577,0.05335,0.00000,-0.00000,0.00000,-0.01385,-0.009300
1791409104.943122,0,0,1001,0.07242,-0.01109,0.00577,0.05335,-0.00000,-0.00000,-0.00000,-0.01065,-0.009348
1791409104.963169,0,0,1001,0.07242,-0.01109,0.00577,0.05335,-0.00000,-0.00000,-0.00000,-0.00107,-0.009347
1791409104.983079,0,0,1001,0.07241,-0.01109,0.00577,0.05335,-0.00000,0.00000,-0.00000,-0.01385,-0.009317
1791409105.003211,0,0,1001,0.07241,-0.01109,0.00577,0.05335,-0.00000,0.00000,-0.00000,-0.01385,-0.009316
1791409105.023267,0,0,1001,0.07242,-0.01109,0.00577,0.05335,-0.00000,-0.00000,-0.00000,-0.00746,-0.009302
1791409105.043124,0,0,1001,0.07241,-0.01109,0.00577,0.05335,-0.00000,0.00000,-0.00000,-0.00107,-0.009284
1791409105.063118,0,0,1001,0.07241,-0.01110,0.00577,0.05335,-0.00000,0.00000,-0.00000,-0.00533,-0.009323
1791409105.083175,0,0,1001,0.07242,-0.01110,0.00578,0.05335,-0.00000,0.00000,-0.00000,-0.00639,-0.009271
1791409105.103175,0,0,1001,0.07242,-0.01110,0.00578,0.05335,-0.00000,0.00000,-0.00000,0.00213,-0.009272
1791409105.123518,0,0,1001,0.07242,-0.01110,0.00578,0.05335,-0.00000,-0.00000,-0.00000,-0.01491,-0.009318
1791409105.143205,0,0,1001,0.07242,-0.01110,0.00578,0.05334,-0.00000,0.00000,-0.00000,-0.01172,-0.009339
1791409105.163228,0,0,1001,0.07242,-0.01110,0.00578,0.05334,-0.00000,0.00000,-0.00000,-0.01598,-0.009428
1791409105.183074,0,0,1001,0.07242,-0.01110,0.00578,0.05334,-0.00000,0.00000,-0.00000,-0.00107,-0.009470
1791409105.203644,0,0,1001,0.07242,-0.01110,0.00578,0.05334,-0.00000,0.00000,-0.00000,-0.01917,-0.009508
1791409105.223216,0,0,1001,0.07242,-0.01110,0.00578,0.05334,-0.00000,0.00000,-0.00000,-0.00852,-0.009464
1791409105.243175,0,0,1001,0.07242,-0.01110,0.00578,0.05334,-0.00000,-0.00000,-0.00000,-0.00426,-0.009501
1791409105.263696,0,0,1001,0.07242,-0.01110,0.00578,0.05334,0.00000,0.00000,0.00000,-0.01172,-0.009502
1791409105.283171,0,0,1001,0.07242,-0.01110,0.00578,0.05334,0.00000,-0.00000,0.00000,-0.00639,-0.009476
1791409105.303199,0,0,1001,0.07242,-0.01110,0.00578,0.05334,0.00000,-0.00000,0.00000,0.00000,-0.009444
1791409105.323268,0,0,1001,0.07242,-0.01110,0.00578,0.05334,-0.00000,0.00000,-0.00000,-0.00746,-0.009417
1791409105.343268,0,0,1001,0.07242,-0.01110,0.00578,0.05334,0.00000,-0.00000,0.00000,-0.01704,-0.009398
1791409105.363162,0,0,1001,0.07241,-0.01110,0.00578,0.05334,0.00000,-0.00000,0.00000,0.00107,-0.009401
1791409105.383303,0,0,1001,0.07242,-0.01110,0.00578,0.05335,0.00000,-0.00000,0.00000,-0.02024,-0.009395
1791409105.403054,0,0,1001,0.07242,-0.01110,0.00578,0.05335,0.00000,-0.00000,0.00000,-0.00426,-0.009393
1791409105.423322,0,0,1001,0.07242,-0.01110,0.00578,0.05335,0.00000,-0.00000,0.00000,-0.02131,-0.009421
1791409105.443327,0,0,1001,0.07242,-0.01110,0.00578,0.05335,0.00000,-0.00000,0.00000,-0.00746,-0.009414
1791409105.463295,0,0,1001,0.07242,-0.01110,0.00578,0.05335,0.00000,-0.00000,0.00000,-0.00959,-0.009411
1791409105.483318,0,0,1001,0.07242,-0.01110,0.00578,0.05335,0.00000,-0.00000,0.00000,-0.00852,-0.009433
1791409105.503263,0,0,1001,0.07242,-0.01110,0.00578,0.05335,0.00000,0.00000,0.00000,-0.00533,-0.009362
1791409105.523926,0,0,1001,0.07242,-0.01110,0.00578,0.05335,0.00000,-0.00000,0.00000,-0.01278,-0.009376
1791409105.543262,0,0,1001,0.07241,-0.01109,0.00578,0.05335,-0.00000,-0.00000,-0.00000,0.00000,-0.009334
1791409105.564265,0,0,1001,0.07242,-0.01109,0.00578,0.05335,-0.00000,0.00000,-0.00000,-0.00533,-0.009272
1791409105.583113,0,0,1001,0.07241,-0.01109,0.00578,0.05335,0.00000,-0.00000,0.00000,-0.01172,-0.009222
1791409105.603161,0,0,1001,0.07242,-0.01109,0.00578,0.05335,0.00000,-0.00000,0.00000,-0.00639,-0.009221
1791409105.623037,0,0,1001,0.07242,-0.01109,0.00578,0.05335,0.00000,-0.00000,0.00000,-0.00746,-0.009223
1791409105.643152,0,0,1001,0.07242,-0.01109,0.00578,0.05335,0.00000,-0.00000,0.00000,-0.00320,-0.009226
1791409105.663035,0,0,1001,0.07242,-0.01109,0.00579,0.05335,0.00000,-0.00000,0.00000,0.00746,-0.009234
1791409105.683234,0,0,1001,0.07242,-0.01109,0.00579,0.05335,0.00000,0.00000,0.00000,-0.01385,-0.009208
1791409105.703205,0,0,1001,0.07242,-0.01109,0.00579,0.05335,-0.00000,0.00000,-0.00000,-0.01065,-0.009218
1791409105.723221,0,0,1001,0.07242,-0.01110,0.00579,0.05335,0.00000,-0.00000,0.00000,-0.01917,-0.009212
1791409105.743190,0,0,1001,0.07242,-0.01110,0.00579,0.05335,-0.00000,0.00000,-0.00000,0.00107,-0.009190
1791409105.763138,0,0,1001,0.07242,-0.01110,0.00579,0.05335,-0.00000,0.00000,-0.00000,-0.01065,-0.009209
1791409105.783201,0,0,1001,0.07242,-0.01110,0.00579,0.05335,-0.00000,0.00000,-0.00000,-0.01704,-0.009182
1791409105.803124,0,0,1001,0.07241,-0.01110,0.00579,0.05334,-0.00000,0.00000,-0.00000,-0.00746,-0.009166
1791409105.823245,0,0,1001,0.07242,-0.01110,0.00579,0.05335,-0.00000,0.00000,-0.00000,-0.01065,-0.009195
1791409105.843323,0,0,1001,0.07242,-0.01110,0.00579,0.05335,0.00000,-0.00000,0.00000,-0.00533,-0.009225
1791409105.863054,0,0,1001,0.07242,-0.01110,0.00579,0.05335,0.00000,-0.00000,0.00000,-0.01065,-0.009188
1791409105.883316,0,0,1001,0.07242,-0.01110,0.00579,0.05335,0.00000,0.00000,0.00000,-0.00426,-0.009168
1791409105.903187,0,0,1001,0.07242,-0.01110,0.00579,0.05335,0.00000,0.00000,0.00000,-0.00639,-0.009166
1791409105.923077,0,0,1001,0.07242,-0.01110,0.00579,0.05335,0.00000,-0.00000,0.00000,-0.00533,-0.009191
1791409105.943008,0,0,1001,0.07242,-0.01110,0.00579,0.05335,0.00000,-0.00000,0.00000,-0.01278,-0.009158
1791409105.963076,0,0,1001,0.07242,-0.01110,0.00579,0.05335,-0.00000,0.00000,-0.00000,-0.01917,-0.009193
1791409105.983262,0,0,1001,0.07242,-0.01110,0.00579,0.05335,-0.00000,0.00000,-0.00000,-0.00107,-0.009189
1791409106.003103,0,0,1001,0.07242,-0.01110,0.00579,0.05335,-0.00000,-0.00000,-0.00000,-0.01704,-0.009174
1791409106.023021,0,0,1001,0.07241,-0.01110,0.00579,0.05334,-0.00000,0.00000,-0.00000,-0.01385,-0.009174
1791409106.043032,0,0,1001,0.07242,-0.01110,0.00579,0.05334,-0.00000,0.00000,-0.00000,0.00320,-0.009152
1791409106.063093,0,0,1001,0.07242,-0.01110,0.00579,0.05335,-0.00000,0.00000,-0.00000,-0.02024,-0.009174
1791409106.083142,0,0,1001,0.07241,-0.01110,0.00580,0.05334,-0.00000,0.00000,-0.00000,-0.00533,-0.009171
1791409106.103047,0,0,1001,0.07242,-0.01111,0.00579,0.05334,-0.00000,0.00000,-0.00000,0.00000,-0.009191
1791409106.123194,0,0,1001,0.07241,-0.01111,0.00579,0.05334,-0.00000,-0.00000,-0.00000,-0.00426,-0.009213
1791409106.143078,0,0,1001,0.07242,-0.01111,0.00579,0.05334,-0.00000,0.00000,-0.00000,-0.00426,-0.009213
1791409106.163258,0,0,1001,0.07241,-0.01111,0.00580,0.05334,-0.00000,0.00000,-0.00000,-0.02131,-0.009240
1791409106.183399,0,0,1001,0.07242,-0.01111,0.00579,0.05334,-0.00000,-0.00000,-0.00000,-0.00746,-0.009260
1791409106.203176,0,0,1001,0.07242,-0.01111,0.00579,0.05334,-0.00000,0.00000,-0.00000,-0.01278,-0.009189
1791409106.223007,0,0,1001,0.07241,-0.01111,0.00579,0.05334,-0.00000,0.00000,-0.00000,0.00533,-0.009210
1791409106.243125,0,0,1001,0.07241,-0.01111,0.00579,0.05334,-0.00000,0.00000,-0.00000,-0.00320,-0.009199
1791409106.263084,0,0,1001,0.07242,-0.01111,0.00579,0.05334,-0.00000,0.00000,-0.00000,-0.01278,-0.009138
1791409106.283440,0,0,1001,0.07242,-0.01111,0.00579,0.05334,-0.00000,0.00000,-0.00000,-0.02024,-0.009127
1791409106.303310,0,0,1001,0.07242,-0.01111,0.00579,0.05334,-0.00000,-0.00000,-0.00000,-0.00426,-0.009126
1791409106.323345,0,0,1001,0.07242,-0.01111,0.00579,0.05334,-0.00000,0.00000,-0.00000,-0.00639,-0.009123
1791409106.343485,0,0,1001,0.07242,-0.01111,0.00579,0.05334,-0.00000,-0.00000,-0.00000,-0.00639,-0.009107
1791409106.363318,0,0,1001,0.07242,-0.01111,0.00579,0.05334,-0.00000,0.00000,-0.00000,-0.01278,-0.009099
1791409106.383741,0,0,1001,0.07241,-0.01111,0.00579,0.05334,0.00000,-0.00000,0.00000,-0.00533,-0.009074
1791409106.403026,0,0,1001,0.07242,-0.01111,0.00579,0.05334,0.00000,0.00000,0.00000,-0.01491,-0.009088
1791409106.423216,0,0,1001,0.07242,-0.01111,0.00579,0.05334,-0.00000,0.00000,-0.00000,-0.01278,-0.009053
1791409106.443153,0,0,1001,0.07242,-0.01111,0.00579,0.05334,-0.00000,-0.00000,-0.00000,-0.00746,-0.009018
1791409106.463192,0,0,1001,0.07242,-0.01111,0.00580,0.05334,0.00000,-0.00000,0.00000,-0.00320,-0.009064
1791409106.483257,0,0,1001,0.07242,-0.01111,0.00580,0.05334,0.00000,-0.00000,0.00000,-0.01065,-0.009108
1791409106.503102,0,0,1001,0.07242,-0.01111,0.00580,0.05334,-0.00000,0.00000,-0.00000,-0.01385,-0.009102
1791409106.523084,0,0,1001,0.07242,-0.01111,0.00579,0.05334,-0.00000,-0.00000,-0.00000,-0.02983,-0.009151
1791409106.543024,0,0,1001,0.07242,-0.01111,0.00580,0.05334,-0.00000,0.00000,0.00000,-0.00959,-0.009128
1791409106.563104,0,0,1001,0.07241,-0.01111,0.00580,0.05334,-0.00000,0.00000,-0.00000,0.00000,-0.009086
1791409106.583112,0,0,1001,0.07242,-0.01111,0.00580,0.05334,0.00000,0.00000,0.00000,-0.01278,-0.009089
1791409106.603179,0,0,1001,0.07242,-0.01111,0.00580,0.05334,0.00000,-0.00000,0.00000,-0.00320,-0.009086
1791409106.622948,0,0,1001,0.07241,-0.01111,0.00580,0.05334,0.00000,-0.00000,0.00000,-0.00320,-0.009083
1791409106.643075,0,0,1001,0.07242,-0.01111,0.00579,0.05334,0.00000,-0.00000,0.00000,-0.02450,-0.009128
1791409106.663199,0,0,1001,0.07242,-0.01111,0.00580,0.05334,0.00000,-0.00000,0.00000,-0.00746,-0.009136
1791409106.682980,0,0,1001,0.07241,-0.01111,0.00580,0.05334,0.00000,-0.00000,0.00000,-0.00959,-0.009110
1791409106.703115,0,0,1001,0.07242,-0.01111,0.00580,0.05334,0.00000,-0.00000,0.00000,-0.01278,-0.009113
1791409106.723082,0,0,1001,0.07242,-0.01111,0.00580,0.05334,0.00000,-0.00000,0.00000,-0.01598,-0.009081
1791409106.743001,0,0,1001,0.07242,-0.01110,0.00580,0.05334,0.00000,-0.00000,0.00000,-0.01172,-0.009022
1791409106.763032,0,0,1001,0.07242,-0.01110,0.00580,0.05334,0.00000,-0.00000,0.00000,-0.02131,-0.009068
1791409106.783010,0,0,1001,0.07241,-0.01110,0.00580,0.05334,0.00000,-0.00000,0.00000,-0.01811,-0.009075
1791409106.802868,0,0,1001,0.07242,-0.01110,0.00580,0.05334,0.00000,-0.00000,0.00000,-0.00426,-0.009136
1791409106.823027,0,0,1001,0.07241,-0.01110,0.00580,0.05334,0.00000,0.00000,0.00000,-0.01917,-0.009106
1791409106.843194,0,0,1001,0.07242,-0.01110,0.00580,0.05334,0.00000,0.00000,0.00000,-0.00852,-0.009183
1791409106.863127,0,0,1001,0.07242,-0.01110,0.00580,0.05334,-0.00000,0.00000,-0.00000,-0.00533,-0.009174
1791409106.883054,0,0,1001,0.07242,-0.01110,0.00580,0.05334,-0.00000,-0.00000,-0.00000,-0.01065,-0.009135
1791409106.903171,0,0,1001,0.07242,-0.01110,0.00580,0.05334,0.00000,0.00000,0.00000,0.00852,-0.009126
1791409106.924026,0,0,1001,0.07242,-0.01110,0.00579,0.05334,0.00000,-0.00000,0.00000,-0.00959,-0.009138
1791409106.948823,0,0,1001,0.07242,-0.01111,0.00579,0.05334,0.00000,-0.00000,0.00000,-0.01065,-0.009180
1791409106.966839,0,0,1001,0.07242,-0.01111,0.00579,0.05334,-0.00000,0.00000,-0.00000,-0.00533,-0.009150
1791409106.986571,0,0,1001,0.07242,-0.01111,0.00579,0.05334,-0.00000,-0.00000,-0.00000,-0.00746,-0.009147
1791409107.006787,0,0,1001,0.07242,-0.01111,0.00579,0.05334,-0.00000,-0.00000,-0.00000,-0.02663,-0.009198
1791409107.026844,0,0,1001,0.07242,-0.01111,0.00579,0.05334,-0.00000,0.00000,-0.00000,-0.00959,-0.009209
1791409107.047414,0,0,1001,0.07242,-0.01111,0.00579,0.05334,-0.00000,-0.00000,-0.00000,-0.01704,-0.009257
1791409107.066517,0,0,1001,0.07242,-0.01111,0.00579,0.05334,-0.00000,-0.00000,-0.00000,-0.00959,-0.009260
1791409107.086479,0,0,1001,0.07242,-0.01111,0.00579,0.05334,-0.00000,-0.00000,-0.00000,-0.01385,-0.009268
1791409107.106334,0,0,1001,0.07242,-0.01111,0.00578,0.05334,-0.00000,-0.00000,-0.00000,-0.01385,-0.009291
1791409107.126361,0,0,1001,0.07242,-0.01111,0.00578,0.05334,-0.00000,-0.00000,-0.00000,-0.01704,-0.009304
1791409107.146407,0,0,1001,0.07242,-0.01111,0.00579,0.05334,-0.00000,0.00000,-0.00000,-0.00533,-0.009307
1791409107.166509,0,0,1001,0.07241,-0.01111,0.00579,0.05334,-0.00000,0.00000,-0.00000,-0.00959,-0.009262
1791409107.186366,0,0,1001,0.07242,-0.01111,0.00579,0.05334,-0.00000,0.00000,-0.00000,0.00107,-0.009284
1791409107.206412,0,0,1001,0.07242,-0.01111,0.00579,0.05334,0.00000,0.00000,0.00000,-0.00852,-0.009287
1791409107.226823,0,0,1001,0.07241,-0.01110,0.00579,0.05334,0.00000,-0.00000,0.00000,-0.00320,-0.009271
1791409107.246603,0,0,1001,0.07241,-0.01110,0.00579,0.05334,0.00000,-0.00000,0.00000,-0.00533,-0.009309
1791409107.266543,0,0,1001,0.07242,-0.01110,0.00579,0.05334,0.00000,-0.00000,0.00000,-0.00959,-0.009334
1791409107.286518,0,0,1001,0.07241,-0.01110,0.00579,0.05334,0.00000,-0.00000,0.00000,-0.00533,-0.009316
1791409107.306642,0,0,1001,0.07242,-0.01110,0.00579,0.05334,0.00000,0.00000,0.00000,-0.00426,-0.009309
1791409107.326401,0,0,1001,0.07242,-0.01110,0.00579,0.05334,0.00000,-0.00000,0.00000,-0.00426,-0.009314
1791409107.346290,0,0,1001,0.07241,-0.01110,0.00579,0.05334,0.00000,-0.00000,0.00000,-0.00213,-0.009313
1791409107.366320,0,0,1001,0.07242,-0.01110,0.00579,0.05334,0.00000,-0.00000,0.00000,-0.01172,-0.009318
1791409107.386365,0,0,1001,0.07241,-0.01110,0.00579,0.05334,0.00000,-0.00000,0.00000,-0.02131,-0.009304
1791409107.406295,0,0,1001,0.07242,-0.01110,0.00579,0.05334,0.00000,-0.00000,0.00000,-0.00213,-0.009278
1791409107.426417,0,0,1001,0.07242,-0.01110,0.00579,0.05334,0.00000,0.00000,0.00000,-0.00426,-0.009311
1791409107.446290,0,0,1001,0.07242,-0.01111,0.00579,0.05334,0.00000,-0.00000,0.00000,-0.01278,-0.009300
1791409107.466389,0,0,1001,0.07242,-0.01111,0.00578,0.05334,-0.00000,-0.00000,-0.00000,-0.00639,-0.009329
1791409107.486851,0,0,1001,0.07242,-0.01110,0.00579,0.05334,0.00000,0.00000,0.00000,-0.00852,-0.009308
1791409107.506593,0,0,1001,0.07242,-0.01111,0.00579,0.05334,0.00000,-0.00000,0.00000,-0.01491,-0.009365
1791409107.526487,0,0,1001,0.07241,-0.01111,0.00579,0.05334,-0.00000,0.00000,-0.00000,-0.01811,-0.009368
1791409107.546247,0,0,1001,0.07242,-0.01110,0.00579,0.05334,-0.00000,0.00000,-0.00000,-0.00959,-0.009376
1791409107.566344,0,0,1001,0.07241,-0.01110,0.00578,0.05334,-0.00000,-0.00000,-0.00000,-0.00959,-0.009374
1791409107.586371,0,0,1001,0.07242,-0.01111,0.00579,0.05334,-0.00000,0.00000,-0.00000,-0.01065,-0.009365
1791409107.606358,0,0,1001,0.07241,-0.01111,0.00578,0.05334,-0.00000,0.00000,-0.00000,0.00852,-0.009389
1791409107.626442,0,0,1001,0.07241,-0.01111,0.00578,0.05334,-0.00000,0.00000,-0.00000,-0.00959,-0.009382
1791409107.646216,0,0,1001,0.07242,-0.01111,0.00578,0.05334,0.00000,-0.00000,0.00000,-0.01385,-0.009406
1791409107.666236,0,0,1001,0.07242,-0.01111,0.00578,0.05334,-0.00000,-0.00000,-0.00000,-0.00746,-0.009410
1791409107.686491,0,0,1001,0.07242,-0.01111,0.00578,0.05334,-0.00000,0.00000,-0.00000,-0.00746,-0.009420
1791409107.706286,0,0,1001,0.07241,-0.01111,0.00578,0.05334,-0.00000,-0.00000,-0.00000,-0.01065,-0.009390
1791409107.726434,0,0,1001,0.07242,-0.01111,0.00578,0.05334,-0.00000,0.00000,-0.00000,-0.00533,-0.009402
1791409107.746418,0,0,1001,0.07242,-0.01111,0.00577,0.05334,-0.00000,-0.00000,-0.00000,-0.00639,-0.009425
1791409107.766256,0,0,1001,0.07241,-0.01111,0.00578,0.05334,-0.00000,0.00000,-0.00000,-0.01278,-0.009429
1791409107.786407,0,0,1001,0.07242,-0.01111,0.00578,0.05334,-0.00000,-0.00000,-0.00000,-0.00959,-0.009409
1791409107.806425,0,0,1001,0.07242,-0.01111,0.00577,0.05334,-0.00000,0.00000,-0.00000,0.00639,-0.009412
1791409107.826484,0,0,1001,0.07242,-0.01111,0.00577,0.05334,-0.00000,0.00000,-0.00000,-0.01704,-0.009413
1791409107.846233,0,0,1001,0.07242,-0.01111,0.00577,0.05334,-0.00000,0.00000,-0.00000,-0.01278,-0.009449
1791409107.866296,0,0,1001,0.07242,-0.01111,0.00577,0.05334,-0.00000,-0.00000,-0.00000,-0.00959,-0.009470
1791409107.886250,0,0,1001,0.07241,-0.01111,0.00577,0.05334,-0.00000,0.00000,-0.00000,-0.01065,-0.009468
1791409107.906289,0,0,1001,0.07242,-0.01111,0.00577,0.05334,-0.00000,0.00000,-0.00000,-0.00533,-0.009451
1791409107.926283,0,0,1001,0.07242,-0.01111,0.00577,0.05334,-0.00000,0.00000,-0.00000,-0.01704,-0.009415
1791409107.946295,0,0,1001,0.07242,-0.01111,0.00578,0.05334,0.00000,-0.00000,0.00000,-0.00320,-0.009420
1791409107.966192,0,0,1001,0.07242,-0.01111,0.00577,0.05334,0.00000,-0.00000,0.00000,-0.01278,-0.009391
1791409107.986200,0,0,1001,0.07242,-0.01111,0.00577,0.05334,0.00000,-0.00000,0.00000,-0.00639,-0.009411
1791409108.006432,0,0,1001,0.07242,-0.01111,0.00577,0.05334,0.00000,0.00000,0.00000,-0.00852,-0.009420
1791409108.026245,0,0,1001,0.07242,-0.01110,0.00577,0.05334,0.00000,-0.00000,0.00000,-0.00746,-0.009375
1791409108.046305,0,0,1001,0.07242,-0.01111,0.00577,0.05334,0.00000,-0.00000,0.00000,-0.00107,-0.009362
1791409108.066682,0,0,1001,0.07242,-0.01111,0.00577,0.05334,-0.00000,0.00000,-0.00000,-0.00213,-0.009401
1791409108.086423,0,0,1001,0.07242,-0.01111,0.00577,0.05334,-0.00000,0.00000,-0.00000,-0.00959,-0.009414
1791409108.106382,0,0,1001,0.07242,-0.01111,0.00577,0.05334,0.00000,0.00000,0.00000,-0.01385,-0.009365
1791409108.126227,0,0,1001,0.07242,-0.01111,0.00577,0.05334,-0.00000,-0.00000,-0.00000,-0.01598,-0.009357
1791409108.146237,0,0,1001,0.07242,-0.01111,0.00577,0.05334,-0.00000,-0.00000,-0.00000,-0.01704,-0.009380
1791409108.166260,0,0,1001,0.07242,-0.01111,0.00577,0.05334,-0.00000,-0.00000,-0.00000,-0.00639,-0.009408
1791409108.186403,0,0,1001,0.07242,-0.01111,0.00576,0.05334,-0.00000,-0.00000,-0.00000,-0.00639,-0.009438
1791409108.206305,0,0,1001,0.07241,-0.01111,0.00576,0.05334,-0.00000,0.00000,-0.00000,-0.00639,-0.009447
1791409108.226212,0,0,1001,0.07241,-0.01111,0.00576,0.05334,-0.00000,0.00000,-0.00000,-0.00426,-0.009419
1791409108.246192,0,0,1001,0.07242,-0.01111,0.00576,0.05334,-0.00000,0.00000,-0.00000,-0.01598,-0.009430
1791409108.266356,0,0,1001,0.07242,-0.01111,0.00576,0.05334,-0.00000,0.00000,-0.00000,-0.00107,-0.009419
1791409108.286211,0,0,1001,0.07242,-0.01111,0.00576,0.05334,0.00000,-0.00000,0.00000,-0.00959,-0.009428
1791409108.306191,0,0,1001,0.07242,-0.01111,0.00576,0.05334,-0.00000,-0.00000,-0.00000,0.00852,-0.009439
1791409108.326081,0,0,1001,0.07242,-0.01111,0.00576,0.05334,-0.00000,0.00000,-0.00000,-0.00746,-0.009412
1791409108.346212,0,0,1001,0.07242,-0.01111,0.00576,0.05334,-0.00000,-0.00000,-0.00000,0.00000,-0.009423
1791409108.366132,0,0,1001,0.07242,-0.01111,0.00576,0.05334,0.00000,-0.00000,0.00000,-0.01065,-0.009411
1791409108.386157,0,0,1001,0.07242,-0.01111,0.00576,0.05334,0.00000,0.00000,0.00000,-0.02557,-0.009436
1791409108.406238,0,0,1001,0.07242,-0.01111,0.00576,0.05334,0.00000,-0.00000,0.00000,-0.00746,-0.009411
1791409108.426197,0,0,1001,0.07242,-0.01111,0.00576,0.05334,0.00000,0.00000,0.00000,0.00746,-0.009418
1791409108.446226,0,0,1001,0.07242,-0.01111,0.00576,0.05334,0.00000,0.00000,0.00000,-0.00107,-0.009460
1791409108.466081,0,0,1001,0.07242,-0.01111,0.00576,0.05334,0.00000,0.00000,0.00000,-0.00852,-0.009451
1791409108.486182,0,0,1001,0.07242,-0.01111,0.00575,0.05334,0.00000,-0.00000,0.00000,-0.01385,-0.009518
1791409108.506218,0,0,1001,0.07242,-0.01111,0.00575,0.05334,0.00000,0.00000,0.00000,-0.00852,-0.009540
1791409108.526269,0,0,1001,0.07242,-0.01111,0.00575,0.05334,0.00000,-0.00000,0.00000,-0.00533,-0.009531
1791409108.546232,0,0,1001,0.07242,-0.01111,0.00575,0.05334,0.00000,0.00000,0.00000,-0.00639,-0.009543
1791409108.566050,0,0,1001,0.07241,-0.01111,0.00575,0.05334,0.00000,-0.00000,0.00000,-0.00213,-0.009583
1791409108.586120,0,0,1001,0.07242,-0.01111,0.00575,0.05334,-0.00000,-0.00000,-0.00000,-0.00533,-0.009520
1791409108.606247,0,0,1001,0.07242,-0.01111,0.00576,0.05334,0.00000,-0.00000,0.00000,-0.02237,-0.009514
1791409108.626172,0,0,1001,0.07242,-0.01111,0.00576,0.05334,-0.00000,-0.00000,-0.00000,-0.00852,-0.009512
1791409108.646092,0,0,1001,0.07242,-0.01112,0.00576,0.05334,-0.00000,-0.00000,-0.00000,-0.00639,-0.009500
1791409108.666097,0,0,1001,0.07242,-0.01112,0.00576,0.05334,-0.00000,-0.00000,-0.00000,-0.00852,-0.009485
1791409108.686333,0,0,1001,0.07242,-0.01112,0.00576,0.05334,-0.00000,0.00000,-0.00000,-0.01811,-0.009455
1791409108.706094,0,0,1001,0.07242,-0.01112,0.00576,0.05334,-0.00000,0.00000,-0.00000,-0.00533,-0.009414
1791409108.726254,0,0,1001,0.07242,-0.01112,0.00575,0.05334,-0.00000,-0.00000,-0.00000,-0.00426,-0.009443
1791409108.746545,0,0,1001,0.07242,-0.01112,0.00576,0.05334,-0.00000,0.00000,-0.00000,-0.01704,-0.009417
1791409108.766182,0,0,1001,0.07242,-0.01112,0.00576,0.05334,-0.00000,0.00000,-0.00000,-0.01385,-0.009444
1791409108.786387,0,0,1001,0.07241,-0.01112,0.00575,0.05334,-0.00000,-0.00000,-0.00000,-0.00320,-0.009432
1791409108.806437,0,0,1001,0.07242,-0.01112,0.00575,0.05334,-0.00000,0.00000,-0.00000,-0.00533,-0.009375
1791409108.826196,0,0,1001,0.07242,-0.01112,0.00576,0.05334,-0.00000,0.00000,-0.00000,-0.02024,-0.009365
1791409108.846196,0,0,1001,0.07242,-0.01112,0.00575,0.05334,0.00000,-0.00000,0.00000,-0.01278,-0.009372
1791409108.866300,0,0,1001,0.07242,-0.01112,0.00576,0.05334,-0.00000,-0.00000,-0.00000,-0.01278,-0.009397
1791409108.886315,0,0,1001,0.07242,-0.01112,0.00576,0.05334,-0.00000,-0.00000,-0.00000,0.00639,-0.009373
1791409108.906408,0,0,1001,0.07242,-0.01112,0.00576,0.05334,-0.00000,0.00000,-0.00000,-0.00320,-0.009398
1791409108.926198,0,0,1001,0.07241,-0.01112,0.00576,0.05334,-0.00000,0.00000,-0.00000,-0.00852,-0.009385
1791409108.946316,0,0,1001,0.07242,-0.01112,0.00576,0.05334,-0.00000,0.00000,-0.00000,-0.00320,-0.009395
1791409108.966250,0,0,1001,0.07241,-0.01112,0.00576,0.05334,-0.00000,0.00000,-0.00000,-0.00213,-0.009393
1791409108.986301,0,0,1001,0.07241,-0.01113,0.00576,0.05334,-0.00000,0.00000,-0.00000,-0.01917,-0.009409
1791409109.006251,0,0,1001,0.07242,-0.01113,0.00576,0.05334,-0.00000,0.00000,-0.00000,-0.00213,-0.009365
1791409109.026139,0,0,1001,0.07242,-0.01113,0.00576,0.05334,-0.00000,0.00000,-0.00000,-0.01065,-0.009310
1791409109.046438,0,0,1001,0.07241,-0.01113,0.00576,0.05334,-0.00000,0.00000,-0.00000,-0.00959,-0.009316
1791409109.066169,0,0,1001,0.07241,-0.01113,0.00576,0.05334,-0.00000,0.00000,-0.00000,-0.00959,-0.009310
1791409109.086034,0,0,1001,0.07242,-0.01113,0.00576,0.05334,-0.00000,0.00000,-0.00000,-0.00639,-0.009289
1791409109.106257,0,0,1001,0.07242,-0.01113,0.00576,0.05334,-0.00000,0.00000,-0.00000,-0.00746,-0.009217
1791409109.126121,0,0,1001,0.07242,-0.01113,0.00575,0.05334,-0.00000,-0.00000,-0.00000,-0.01172,-0.009195
1791409109.146213,0,0,1001,0.07241,-0.01113,0.00575,0.05334,-0.00000,-0.00000,-0.00000,-0.01598,-0.009179
1791409109.166045,0,0,1001,0.07242,-0.01113,0.00576,0.05334,-0.00000,0.00000,-0.00000,-0.00959,-0.009145
1791409109.186064,0,0,1001,0.07242,-0.01113,0.00576,0.05334,-0.00000,0.00000,-0.00000,-0.00533,-0.009148
1791409109.206163,0,0,1001,0.07242,-0.01113,0.00576,0.05334,-0.00000,0.00000,-0.00000,0.00639,-0.009089
1791409109.226167,0,0,1001,0.07242,-0.01113,0.00576,0.05334,-0.00000,0.00000,-0.00000,-0.00639,-0.009119
1791409109.246058,0,0,1001,0.07242,-0.01113,0.00576,0.05334,-0.00000,0.00000,-0.00000,-0.01172,-0.009097
1791409109.266281,0,0,1001,0.07241,-0.01113,0.00576,0.05334,-0.00000,0.00000,-0.00000,-0.00533,-0.009098
1791409109.286237,0,0,1001,0.07242,-0.01113,0.00576,0.05334,-0.00000,0.00000,-0.00000,0.00320,-0.009153
1791409109.306408,0,0,1001,0.07241,-0.01113,0.00576,0.05334,-0.00000,-0.00000,-0.00000,-0.00639,-0.009139
1791409109.326031,0,0,1001,0.07242,-0.01113,0.00575,0.05334,-0.00000,-0.00000,-0.00000,-0.00320,-0.009142
1791409109.346094,0,0,1001,0.07242,-0.01113,0.00575,0.05334,-0.00000,-0.00000,-0.00000,-0.00213,-0.009147
1791409109.366209,0,0,1001,0.07242,-0.01113,0.00575,0.05334,-0.00000,0.00000,-0.00000,-0.00320,-0.009136
1791409109.386013,0,0,1001,0.07242,-0.01113,0.00575,0.05334,0.00000,-0.00000,0.00000,-0.01704,-0.009145
1791409109.406171,0,0,1001,0.07242,-0.01113,0.00575,0.05334,0.00000,-0.00000,0.00000,-0.00426,-0.009121
1791409109.426325,0,0,1001,0.07242,-0.01113,0.00574,0.05334,0.00000,-0.00000,0.00000,0.00107,-0.009096
1791409109.446080,0,0,1001,0.07242,-0.01113,0.00575,0.05334,0.00000,0.00000,0.00000,-0.01065,-0.009063
1791409109.466121,0,0,1001,0.07242,-0.01113,0.00575,0.05334,0.00000,0.00000,0.00000,-0.02344,-0.009090
1791409109.486141,0,0,1001,0.07242,-0.01113,0.00575,0.05334,0.00000,-0.00000,0.00000,-0.00107,-0.008999
1791409109.506139,0,0,1001,0.07242,-0.01113,0.00574,0.05334,0.00000,-0.00000,0.00000,-0.00213,-0.009002
1791409109.526093,0,0,1001,0.07241,-0.01113,0.00575,0.05334,0.00000,-0.00000,0.00000,-0.01917,-0.009019
1791409109.546077,0,0,1001,0.07242,-0.01113,0.00575,0.05334,0.00000,0.00000,0.00000,-0.00639,-0.008969
1791409109.566426,0,0,1001,0.07242,-0.01113,0.00575,0.05334,-0.00000,0.00000,-0.00000,-0.01917,-0.008985
1791409109.586087,0,0,1001,0.07242,-0.01113,0.00575,0.05334,0.00000,-0.00000,0.00000,-0.00959,-0.009009
1791409109.606109,0,0,1001,0.07242,-0.01113,0.00575,0.05334,-0.00000,-0.00000,-0.00000,-0.00426,-0.008996
1791409109.626119,0,0,1001,0.07242,-0.01113,0.00575,0.05334,0.00000,-0.00000,0.00000,-0.00213,-0.008990
1791409109.645977,0,0,1001,0.07242,-0.01113,0.00575,0.05334,0.00000,0.00000,0.00000,-0.00639,-0.008973
1791409109.665994,0,0,1001,0.07242,-0.01113,0.00575,0.05334,0.00000,-0.00000,0.00000,-0.00533,-0.008974
1791409109.685982,0,0,1001,0.07242,-0.01113,0.00575,0.05334,0.00000,-0.00000,0.00000,-0.00107,-0.008957
1791409109.706030,0,0,1001,0.07242,-0.01113,0.00575,0.05334,-0.00000,0.00000,-0.00000,-0.02450,-0.008995
1791409109.726113,0,0,1001,0.07242,-0.01113,0.00575,0.05334,-0.00000,-0.00000,-0.00000,0.00000,-0.009002
1791409109.746028,0,0,1001,0.07242,-0.01113,0.00575,0.05334,-0.00000,-0.00000,-0.00000,-0.00852,-0.008987
1791409109.766008,0,0,1001,0.07242,-0.01113,0.00575,0.05334,-0.00000,0.00000,-0.00000,-0.00426,-0.008996
1791409109.785915,0,0,1001,0.07241,-0.01113,0.00575,0.05334,0.00000,-0.00000,0.00000,0.00426,-0.009001
1791409109.805993,0,0,1001,0.07242,-0.01113,0.00575,0.05334,0.00000,0.00000,0.00000,-0.00426,-0.009008
1791409109.826253,0,0,1001,0.07242,-0.01113,0.00575,0.05334,0.00000,0.00000,0.00000,-0.01491,-0.009083
1791409109.846259,0,0,1001,0.07242,-0.01113,0.00575,0.05334,0.00000,-0.00000,0.00000,-0.00320,-0.009106
1791409109.866290,0,0,1001,0.07242,-0.01113,0.00575,0.05334,0.00000,-0.00000,0.00000,-0.00426,-0.009076
1791409109.886062,0,0,1001,0.07242,-0.01113,0.00575,0.05334,0.00000,0.00000,0.00000,-0.01172,-0.009023
1791409109.905983,0,0,1001,0.07242,-0.01113,0.00575,0.05334,0.00000,-0.00000,0.00000,-0.01598,-0.009006
1791409109.926012,0,0,1001,0.07242,-0.01113,0.00575,0.05334,-0.00000,0.00000,-0.00000,-0.00639,-0.009012
1791409109.945985,0,0,1001,0.07242,-0.01113,0.00575,0.05334,-0.00000,-0.00000,-0.00000,-0.01598,-0.008994
1791409109.965955,0,0,1001,0.07242,-0.01113,0.00575,0.05334,-0.00000,-0.00000,-0.00000,0.00426,-0.009037
1791409109.986058,0,0,1001,0.07242,-0.01113,0.00575,0.05334,0.00000,-0.00000,0.00000,-0.00320,-0.009019
1791409110.006019,0,0,1001,0.07242,-0.01113,0.00575,0.05334,-0.00000,0.00000,-0.00000,-0.00959,-0.009036
1791409110.026058,0,0,1001,0.07242,-0.01113,0.00575,0.05334,0.00000,-0.00000,0.00000,-0.01065,-0.009065
1791409110.045950,0,0,1001,0.07242,-0.01113,0.00575,0.05334,0.00000,0.00000,0.00000,-0.00852,-0.009055
1791409110.066025,0,0,1001,0.07242,-0.01113,0.00575,0.05334,-0.00000,-0.00000,-0.00000,-0.00959,-0.009080
1791409110.086052,0,0,1001,0.07242,-0.01113,0.00575,0.05334,-0.00000,0.00000,-0.00000,-0.01704,-0.009075
1791409110.106065,0,0,1001,0.07242,-0.01113,0.00575,0.05334,-0.00000,-0.00000,-0.00000,-0.00426,-0.009050
1791409110.126022,0,0,1001,0.07242,-0.01114,0.00575,0.05334,-0.00000,-0.00000,-0.00000,0.00107,-0.009047
1791409110.145941,0,0,1001,0.07241,-0.01114,0.00575,0.05334,-0.00000,0.00000,-0.00000,-0.00746,-0.009056
1791409110.166066,0,0,1001,0.07241,-0.01114,0.00575,0.05334,-0.00000,0.00000,-0.00000,-0.01704,-0.009032
1791409110.185957,0,0,1001,0.07242,-0.01113,0.00575,0.05334,-0.00000,0.00000,-0.00000,-0.01278,-0.009008
1791409110.206045,0,0,1001,0.07241,-0.01114,0.00575,0.05334,-0.00000,0.00000,-0.00000,0.00213,-0.009003
1791409110.226045,0,0,1001,0.07241,-0.01113,0.00575,0.05334,-0.00000,0.00000,-0.00000,-0.00213,-0.009012
1791409110.246021,0,0,1001,0.07242,-0.01114,0.00575,0.05334,-0.00000,0.00000,-0.00000,-0.00639,-0.008950
1791409110.265997,0,0,1001,0.07241,-0.01113,0.00575,0.05334,-0.00000,0.00000,-0.00000,-0.00959,-0.008956
1791409110.285943,0,0,1001,0.07241,-0.01113,0.00575,0.05334,-0.00000,0.00000,-0.00000,-0.00426,-0.008984
1791409110.306151,0,0,1001,0.07241,-0.01113,0.00575,0.05334,0.00000,0.00000,0.00000,-0.00852,-0.008963
1791409110.326015,0,0,1001,0.07242,-0.01113,0.00576,0.05334,0.00000,0.00000,0.00000,-0.00533,-0.008969
1791409110.346358,0,0,1001,0.07242,-0.01113,0.00576,0.05334,0.00000,-0.00000,0.00000,-0.00746,-0.008993
1791409110.366097,0,0,1001,0.07241,-0.01113,0.00576,0.05334,0.00000,0.00000,0.00000,-0.01704,-0.009011
1791409110.386380,0,0,1001,0.07242,-0.01113,0.00576,0.05334,0.00000,-0.00000,0.00000,-0.00213,-0.008950
1791409110.406076,0,0,1001,0.07242,-0.01113,0.00576,0.05334,0.00000,-0.00000,0.00000,-0.00320,-0.008948
1791409110.426896,0,0,1001,0.07242,-0.01113,0.00576,0.05334,0.00000,-0.00000,0.00000,-0.02237,-0.008971
1791409110.446043,0,0,1001,0.07242,-0.01113,0.00575,0.05334,0.00000,0.00000,0.00000,-0.00746,-0.009015
1791409110.465944,0,0,1001,0.07241,-0.01112,0.00575,0.05334,0.00000,-0.00000,0.00000,-0.00852,-0.009028
1791409110.486063,0,0,1001,0.07242,-0.01112,0.00575,0.05334,0.00000,-0.00000,0.00000,-0.00959,-0.009067
1791409110.506143,0,0,1001,0.07241,-0.01112,0.00576,0.05334,0.00000,-0.00000,0.00000,0.00639,-0.009086
1791409110.526026,0,0,1001,0.07242,-0.01112,0.00576,0.05334,0.00000,0.00000,0.00000,0.00959,-0.009089
1791409110.546201,0,0,1001,0.07242,-0.01112,0.00576,0.05334,0.00000,-0.00000,0.00000,-0.01172,-0.009071
1791409110.566085,0,0,1001,0.07242,-0.01112,0.00576,0.05334,0.00000,0.00000,0.00000,-0.00533,-0.009052
1791409110.586007,0,0,1001,0.07241,-0.01112,0.00575,0.05334,0.00000,-0.00000,0.00000,-0.00959,-0.009069
1791409110.606373,0,0,1001,0.07242,-0.01112,0.00576,0.05334,0.00000,-0.00000,0.00000,-0.00213,-0.009040
1791409110.626011,0,0,1001,0.07242,-0.01112,0.00575,0.05334,0.00000,-0.00000,0.00000,-0.01065,-0.009067
1791409110.645923,0,0,1001,0.07242,-0.01112,0.00575,0.05334,0.00000,-0.00000,0.00000,-0.00852,-0.009070
1791409110.666036,0,0,1001,0.07242,-0.01112,0.00575,0.05334,0.00000,0.00000,0.00000,-0.00959,-0.009012
1791409110.686143,0,0,1001,0.07242,-0.01112,0.00575,0.05334,0.00000,-0.00000,0.00000,-0.00426,-0.009018
1791409110.707146,0,0,1001,0.07242,-0.01112,0.00576,0.05334,0.00000,0.00000,0.00000,-0.00852,-0.009039
1791409110.726000,0,0,1001,0.07241,-0.01112,0.00576,0.05334,-0.00000,-0.00000,-0.00000,0.00320,-0.009050
1791409110.746492,0,0,1001,0.07241,-0.01112,0.00576,0.05334,-0.00000,0.00000,-0.00000,-0.00852,-0.009063
1791409110.766261,0,0,1001,0.07242,-0.01112,0.00576,0.05334,0.00000,-0.00000,0.00000,-0.00533,-0.009060
1791409110.786488,0,0,1001,0.07242,-0.01112,0.00576,0.05334,0.00000,0.00000,0.00000,-0.01385,-0.009103
1791409110.806042,0,0,1001,0.07242,-0.01112,0.00576,0.05334,0.00000,0.00000,0.00000,-0.01065,-0.009131
1791409110.826023,0,0,1001,0.07242,-0.01112,0.00576,0.05334,-0.00000,0.00000,0.00000,-0.01278,-0.009096
1791409110.846217,0,0,1001,0.07242,-0.01112,0.00576,0.05334,0.00000,-0.00000,0.00000,-0.00639,-0.009140
1791409110.865998,0,0,1001,0.07242,-0.01112,0.00576,0.05334,0.00000,-0.00000,0.00000,-0.01172,-0.009136
1791409110.886058,0,0,1001,0.07242,-0.01112,0.00576,0.05334,0.00000,-0.00000,0.00000,-0.00639,-0.009153
1791409110.906009,0,0,1001,0.07242,-0.01112,0.00576,0.05334,0.00000,0.00000,0.00000,-0.00852,-0.009143
1791409110.926249,0,0,1001,0.07242,-0.01112,0.00576,0.05334,0.00000,-0.00000,0.00000,-0.00107,-0.009160
1791409110.945995,0,0,1001,0.07242,-0.01112,0.00576,0.05334,0.00000,-0.00000,0.00000,0.00107,-0.009124
1791409110.966089,0,0,1001,0.07242,-0.01112,0.00575,0.05334,0.00000,-0.00000,0.00000,-0.00852,-0.009154
1791409110.986063,0,0,1001,0.07242,-0.01112,0.00575,0.05334,-0.00000,-0.00000,-0.00000,-0.00426,-0.009108
1791409111.005877,0,0,1001,0.07242,-0.01111,0.00576,0.05334,0.00000,0.00000,0.00000,-0.01917,-0.009104
1791409111.025949,0,0,1001,0.07242,-0.01112,0.00576,0.05334,0.00000,-0.00000,0.00000,0.00213,-0.009126
1791409111.045977,0,0,1001,0.07242,-0.01112,0.00576,0.05334,0.00000,0.00000,0.00000,0.01065,-0.009129
1791409111.066064,0,0,1001,0.07242,-0.01111,0.00576,0.05334,-0.00000,-0.00000,-0.00000,-0.00639,-0.009111
1791409111.086135,0,0,1001,0.07242,-0.01111,0.00576,0.05334,-0.00000,-0.00000,-0.00000,-0.01065,-0.009149
1791409111.105962,0,0,1001,0.07242,-0.01111,0.00576,0.05334,0.00000,-0.00000,0.00000,-0.00426,-0.009178
1791409111.126109,0,0,1001,0.07241,-0.01111,0.00576,0.05334,0.00000,-0.00000,0.00000,-0.00959,-0.009151
1791409111.146060,0,0,1001,0.07242,-0.01111,0.00576,0.05334,0.00000,-0.00000,0.00000,-0.01704,-0.009154
1791409111.166059,0,0,1001,0.07242,-0.01111,0.00576,0.05334,0.00000,0.00000,0.00000,-0.00533,-0.009167
1791409111.185982,0,0,1001,0.07242,-0.01111,0.00576,0.05334,0.00000,-0.00000,0.00000,-0.01065,-0.009207
1791409111.205873,0,0,1001,0.07242,-0.01111,0.00576,0.05334,-0.00000,0.00000,-0.00000,-0.00746,-0.009184
1791409111.226179,0,0,1001,0.07242,-0.01111,0.00576,0.05334,0.00000,-0.00000,-0.00000,0.00639,-0.009156
1791409111.245884,0,0,1001,0.07242,-0.01111,0.00576,0.05334,0.00000,-0.00000,0.00000,-0.01278,-0.009162
1791409111.265930,0,0,1001,0.07242,-0.01111,0.00577,0.05334,0.00000,0.00000,0.00000,-0.01917,-0.009191
1791409111.285944,0,0,1001,0.07243,-0.01111,0.00577,0.05334,0.00000,-0.00000,0.00000,-0.01811,-0.009214
1791409111.305991,0,0,1001,0.07243,-0.01111,0.00577,0.05334,0.00000,-0.00000,0.00000,-0.00107,-0.009202
1791409111.326103,0,0,1001,0.07241,-0.01111,0.00577,0.05334,0.00000,0.00000,0.00000,-0.01065,-0.009232
1791409111.346049,0,0,1001,0.07242,-0.01111,0.00577,0.05334,0.00000,0.00000,0.00000,-0.00426,-0.009250
1791409111.366068,0,0,1001,0.07241,-0.01111,0.00577,0.05334,-0.00000,-0.00000,-0.00000,-0.01065,-0.009234
1791409111.386034,0,0,1001,0.07242,-0.01111,0.00577,0.05334,-0.00000,0.00000,-0.00000,-0.00213,-0.009300
1791409111.405964,0,0,1001,0.07242,-0.01111,0.00577,0.05334,0.00000,-0.00000,0.00000,-0.01278,-0.009330
1791409111.426114,0,0,1001,0.07242,-0.01110,0.00577,0.05334,0.00000,-0.00000,0.00000,-0.01385,-0.009372
1791409111.446007,0,0,1001,0.07242,-0.01110,0.00577,0.05334,0.00000,-0.00000,0.00000,-0.00746,-0.009374
1791409111.466039,0,0,1001,0.07241,-0.01110,0.00577,0.05334,0.00000,-0.00000,0.00000,-0.01172,-0.009360
1791409111.485809,0,0,1001,0.07242,-0.01110,0.00577,0.05334,0.00000,-0.00000,0.00000,-0.00320,-0.009332
1791409111.505963,0,0,1001,0.07242,-0.01110,0.00577,0.05334,0.00000,-0.00000,0.00000,-0.00426,-0.009315
1791409111.525772,0,0,1001,0.07241,-0.01110,0.00577,0.05334,0.00000,-0.00000,0.00000,-0.01065,-0.009351
1791409111.546000,0,0,1001,0.07242,-0.01110,0.00577,0.05334,0.00000,-0.00000,0.00000,-0.01065,-0.009363
1791409111.565969,0,0,1001,0.07241,-0.01110,0.00577,0.05334,0.00000,-0.00000,0.00000,-0.01385,-0.009357
1791409111.585852,0,0,1001,0.07242,-0.01110,0.00577,0.05334,-0.00000,0.00000,-0.00000,-0.00852,-0.009339
1791409111.606106,0,0,1001,0.07242,-0.01110,0.00577,0.05334,0.00000,0.00000,0.00000,-0.00852,-0.009358
1791409111.626029,0,0,1001,0.07242,-0.01110,0.00577,0.05334,0.00000,0.00000,0.00000,-0.00959,-0.009312
1791409111.646101,0,0,1001,0.07242,-0.01110,0.00577,0.05334,0.00000,-0.00000,0.00000,-0.01917,-0.009293
1791409111.665913,0,0,1001,0.07242,-0.01110,0.00577,0.05334,-0.00000,-0.00000,-0.00000,-0.00852,-0.009326
1791409111.685855,0,0,1001,0.07241,-0.01110,0.00577,0.05334,-0.00000,-0.00000,-0.00000,-0.01065,-0.009335
1791409111.705786,0,0,1001,0.07242,-0.01110,0.00577,0.05334,0.00000,-0.00000,0.00000,-0.00533,-0.009324
1791409111.725957,0,0,1001,0.07242,-0.01110,0.00576,0.05334,-0.00000,-0.00000,-0.00000,-0.00426,-0.009367
1791409111.745830,0,0,1001,0.07242,-0.01110,0.00576,0.05334,-0.00000,-0.00000,-0.00000,-0.01278,-0.009414
1791409111.765903,0,0,1001,0.07242,-0.01110,0.00576,0.05334,-0.00000,-0.00000,-0.00000,-0.00852,-0.009460
1791409111.785869,0,0,1001,0.07242,-0.01110,0.00576,0.05334,0.00000,-0.00000,0.00000,-0.00959,-0.009431
1791409111.805856,0,0,1001,0.07242,-0.01110,0.00576,0.05334,0.00000,0.00000,0.00000,-0.00639,-0.009502
1791409111.825908,0,0,1001,0.07242,-0.01110,0.00576,0.05334,0.00000,-0.00000,0.00000,-0.00107,-0.009499
1791409111.845902,0,0,1001,0.07242,-0.01110,0.00576,0.05334,0.00000,-0.00000,0.00000,-0.02344,-0.009508
1791409111.865988,0,0,1001,0.07242,-0.01110,0.00576,0.05334,-0.00000,0.00000,-0.00000,-0.00426,-0.009513
1791409111.885868,0,0,1001,0.07242,-0.01110,0.00576,0.05334,-0.00000,0.00000,-0.00000,-0.00533,-0.009525
1791409111.905918,0,0,1001,0.07242,-0.01110,0.00576,0.05334,0.00000,-0.00000,0.00000,-0.01598,-0.009530
1791409111.925946,0,0,1001,0.07242,-0.01110,0.00576,0.05334,0.00000,-0.00000,0.00000,-0.01065,-0.009542
1791409111.945857,0,0,1001,0.07242,-0.01110,0.00576,0.05334,0.00000,-0.00000,0.00000,-0.00746,-0.009539
1791409111.965957,0,0,1001,0.07242,-0.01110,0.00576,0.05334,0.00000,-0.00000,0.00000,-0.00852,-0.009552
1791409111.986249,0,0,1001,0.07242,-0.01110,0.00576,0.05334,0.00000,0.00000,0.00000,-0.01172,-0.009618
1791409112.006081,0,0,1001,0.07242,-0.01110,0.00576,0.05334,-0.00000,0.00000,-0.00000,-0.01491,-0.009582
1791409112.026035,0,0,1001,0.07242,-0.01110,0.00576,0.05334,-0.00000,0.00000,-0.00000,-0.00746,-0.009581
1791409112.045874,0,0,1001,0.07242,-0.01110,0.00576,0.05334,-0.00000,-0.00000,-0.00000,-0.01598,-0.009678
1791409112.065984,0,0,1001,0.07242,-0.01110,0.00576,0.05334,-0.00000,0.00000,-0.00000,-0.00746,-0.009627
1791409112.085936,0,0,1001,0.07242,-0.01110,0.00575,0.05334,0.00000,-0.00000,0.00000,-0.00533,-0.009590
1791409112.106009,0,0,1001,0.07242,-0.01110,0.00575,0.05334,-0.00000,-0.00000,-0.00000,-0.00852,-0.009558
1791409112.126059,0,0,1001,0.07242,-0.01110,0.00575,0.05334,0.00000,-0.00000,0.00000,0.00000,-0.009542
1791409112.145922,0,0,1001,0.07242,-0.01110,0.00575,0.05334,-0.00000,0.00000,-0.00000,-0.01172,-0.009548
1791409112.166013,0,0,1001,0.07241,-0.01110,0.00575,0.05334,0.00000,-0.00000,0.00000,-0.02024,-0.009572
1791409112.185941,0,0,1001,0.07242,-0.01110,0.00575,0.05334,-0.00000,0.00000,-0.00000,-0.01598,-0.009565
1791409112.205913,0,0,1001,0.07242,-0.01110,0.00575,0.05334,-0.00000,-0.00000,-0.00000,-0.00533,-0.009575
1791409112.225947,0,0,1001,0.07241,-0.01110,0.00575,0.05334,-0.00000,0.00000,-0.00000,-0.01065,-0.009596
1791409112.245871,0,0,1001,0.07241,-0.01110,0.00575,0.05334,-0.00000,0.00000,-0.00000,-0.01278,-0.009587
1791409112.265856,0,0,1001,0.07242,-0.01110,0.00575,0.05334,0.00000,0.00000,0.00000,-0.02663,-0.009590
1791409112.285904,0,0,1001,0.07242,-0.01110,0.00575,0.05334,0.00000,-0.00000,0.00000,-0.00426,-0.009608
1791409112.305952,0,0,1001,0.07242,-0.01110,0.00575,0.05334,0.00000,-0.00000,0.00000,0.00000,-0.009572
1791409112.326635,0,0,1001,0.07242,-0.01110,0.00575,0.05334,0.00000,-0.00000,0.00000,-0.00959,-0.009572
1791409112.345819,0,0,1001,0.07242,-0.01110,0.00575,0.05334,-0.00000,0.00000,-0.00000,-0.01491,-0.009617
1791409112.366518,0,0,1001,0.07242,-0.01111,0.00575,0.05334,-0.00000,0.00000,-0.00000,-0.01491,-0.009679
1791409112.385844,0,0,1001,0.07242,-0.01111,0.00575,0.05334,-0.00000,0.00000,-0.00000,-0.00852,-0.009723
1791409112.405908,0,0,1001,0.07242,-0.01111,0.00575,0.05334,-0.00000,-0.00000,-0.00000,-0.00213,-0.009738
1791409112.426101,0,0,1001,0.07242,-0.01111,0.00574,0.05334,-0.00000,-0.00000,-0.00000,-0.01385,-0.009762
1791409112.445875,0,0,1001,0.07242,-0.01111,0.00574,0.05334,-0.00000,-0.00000,-0.00000,-0.00959,-0.009760
1791409112.465957,0,0,1001,0.07242,-0.01111,0.00575,0.05334,-0.00000,0.00000,-0.00000,-0.01065,-0.009755
1791409112.485894,0,0,1001,0.07241,-0.01111,0.00575,0.05334,-0.00000,0.00000,-0.00000,-0.00107,-0.009721
1791409112.505861,0,0,1001,0.07241,-0.01111,0.00575,0.05334,-0.00000,0.00000,-0.00000,-0.01598,-0.009732
1791409112.526030,0,0,1001,0.07242,-0.01110,0.00575,0.05334,-0.00000,-0.00000,-0.00000,-0.01491,-0.009759
1791409112.545766,0,0,1001,0.07242,-0.01110,0.00575,0.05334,0.00000,0.00000,0.00000,-0.00639,-0.009812
1791409112.565828,0,0,1001,0.07242,-0.01110,0.00575,0.05334,0.00000,-0.00000,0.00000,-0.01172,-0.009799
1791409112.586028,0,0,1001,0.07242,-0.01110,0.00575,0.05334,0.00000,-0.00000,0.00000,-0.01278,-0.009810
1791409112.605831,0,0,1001,0.07242,-0.01110,0.00575,0.05334,0.00000,-0.00000,0.00000,-0.00746,-0.009845
1791409112.625891,0,0,1001,0.07242,-0.01110,0.00575,0.05334,0.00000,0.00000,0.00000,-0.01704,-0.009868
1791409112.645847,0,0,1001,0.07242,-0.01110,0.00575,0.05334,0.00000,-0.00000,0.00000,-0.01491,-0.009868
1791409112.665946,0,0,1001,0.07242,-0.01110,0.00575,0.05334,0.00000,-0.00000,0.00000,-0.00852,-0.009851
1791409112.686066,0,0,1001,0.07242,-0.01110,0.00575,0.05334,0.00000,-0.00000,0.00000,-0.01491,-0.009857
1791409112.705937,0,0,1001,0.07242,-0.01109,0.00575,0.05334,0.00000,-0.00000,0.00000,-0.00852,-0.009856
1791409112.725970,0,0,1001,0.07241,-0.01110,0.00575,0.05334,0.00000,0.00000,0.00000,-0.00107,-0.009845
1791409112.745873,0,0,1001,0.07242,-0.01110,0.00575,0.05334,0.00000,-0.00000,0.00000,0.00000,-0.009880
1791409112.765835,0,0,1001,0.07242,-0.01110,0.00575,0.05334,0.00000,0.00000,0.00000,-0.00959,-0.009846
1791409112.785953,0,0,1001,0.07242,-0.01110,0.00575,0.05334,0.00000,0.00000,0.00000,-0.00213,-0.009881
1791409112.805956,0,0,1001,0.07242,-0.01109,0.00575,0.05334,0.00000,0.00000,0.00000,-0.00639,-0.009871
1791409112.825971,0,0,1001,0.07242,-0.01110,0.00575,0.05334,0.00000,-0.00000,0.00000,-0.00213,-0.009876
1791409112.846080,0,0,1001,0.07242,-0.01110,0.00575,0.05334,0.00000,-0.00000,0.00000,-0.00959,-0.009882
1791409112.865878,0,0,1001,0.07242,-0.01110,0.00575,0.05334,0.00000,-0.00000,0.00000,-0.00426,-0.009891
1791409112.885976,0,0,1001,0.07242,-0.01110,0.00575,0.05334,0.00000,0.00000,0.00000,-0.01172,-0.009922
1791409112.905766,0,0,1001,0.07242,-0.01110,0.00575,0.05334,0.00000,-0.00000,0.00000,-0.00852,-0.009888
1791409112.925828,0,0,1001,0.07241,-0.01110,0.00575,0.05334,-0.00000,0.00000,-0.00000,-0.00213,-0.009875
1791409112.946150,0,0,1001,0.07242,-0.01109,0.00575,0.05334,-0.00000,0.00000,-0.00000,-0.01278,-0.009868
1791409112.966021,0,0,1001,0.07242,-0.01110,0.00575,0.05334,-0.00000,0.00000,-0.00000,-0.01491,-0.009865
1791409112.985885,0,0,1001,0.07241,-0.01109,0.00575,0.05334,0.00000,-0.00000,0.00000,0.00000,-0.009846
1791409113.005995,0,0,1001,0.07241,-0.01109,0.00575,0.05334,-0.00000,-0.00000,-0.00000,-0.01278,-0.009857
1791409113.026477,0,0,1001,0.07242,-0.01109,0.00575,0.05334,-0.00000,0.00000,-0.00000,-0.02344,-0.009885
1791409113.045822,0,0,1001,0.07242,-0.01109,0.00575,0.05334,0.00000,-0.00000,-0.00000,0.00213,-0.009906
1791409113.065938,0,0,1001,0.07242,-0.01109,0.00575,0.05334,-0.00000,0.00000,-0.00000,-0.00639,-0.009866
1791409113.085752,0,0,1001,0.07241,-0.01109,0.00575,0.05334,0.00000,0.00000,0.00000,-0.00107,-0.009865
1791409113.105846,0,0,1001,0.07241,-0.01109,0.00575,0.05334,0.00000,-0.00000,0.00000,-0.01385,-0.009870
1791409113.125868,0,0,1001,0.07242,-0.01109,0.00575,0.05334,0.00000,0.00000,0.00000,-0.00320,-0.009850
1791409113.145935,0,0,1001,0.07242,-0.01109,0.00575,0.05334,0.00000,-0.00000,0.00000,-0.00639,-0.009904
1791409113.165727,0,0,1001,0.07242,-0.01110,0.00576,0.05334,-0.00000,-0.00000,-0.00000,-0.01917,-0.009918
1791409113.185778,0,0,1001,0.07242,-0.01109,0.00576,0.05334,-0.00000,-0.00000,-0.00000,-0.00107,-0.009885
1791409113.205988,0,0,1001,0.07241,-0.01109,0.00576,0.05334,-0.00000,0.00000,-0.00000,0.00320,-0.009883
1791409113.225959,0,0,1001,0.07242,-0.01109,0.00575,0.05334,0.00000,-0.00000,0.00000,-0.00959,-0.009888
1791409113.245755,0,0,1001,0.07242,-0.01109,0.00575,0.05334,0.00000,0.00000,0.00000,-0.00320,-0.009850
1791409113.266505,0,0,1001,0.07242,-0.01109,0.00575,0.05334,0.00000,0.00000,0.00000,0.00000,-0.009835
1791409113.285923,0,0,1001,0.07242,-0.01109,0.00575,0.05335,0.00000,-0.00000,0.00000,-0.01278,-0.009869
1791409113.305802,0,0,1001,0.07242,-0.01109,0.00575,0.05335,0.00000,-0.00000,0.00000,0.00000,-0.009864
1791409113.325874,0,0,1001,0.07242,-0.01109,0.00575,0.05335,0.00000,-0.00000,0.00000,-0.00426,-0.009805
1791409113.345826,0,0,1001,0.07242,-0.01109,0.00575,0.05335,0.00000,-0.00000,0.00000,-0.01278,-0.009840
1791409113.365977,0,0,1001,0.07242,-0.01109,0.00575,0.05334,-0.00000,-0.00000,-0.00000,-0.01491,-0.009846
1791409113.385886,0,0,1001,0.07242,-0.01109,0.00575,0.05335,0.00000,-0.00000,0.00000,-0.01917,-0.009811
1791409113.405844,0,0,1001,0.07241,-0.01109,0.00575,0.05335,0.00000,0.00000,0.00000,0.00107,-0.009759
1791409113.425843,0,0,1001,0.07242,-0.01109,0.00575,0.05335,0.00000,0.00000,0.00000,-0.00533,-0.009720
1791409113.445816,0,0,1001,0.07242,-0.01109,0.00575,0.05335,0.00000,0.00000,0.00000,-0.00639,-0.009786
1791409113.465898,0,0,1001,0.07242,-0.01109,0.00575,0.05335,0.00000,-0.00000,0.00000,-0.01278,-0.009785
1791409113.485833,0,0,1001,0.07242,-0.01109,0.00575,0.05335,0.00000,-0.00000,0.00000,-0.00213,-0.009771
1791409113.505814,0,0,1001,0.07242,-0.01109,0.00575,0.05335,-0.00000,0.00000,-0.00000,-0.00533,-0.009737
1791409113.525883,0,0,1001,0.07241,-0.01109,0.00575,0.05335,-0.00000,0.00000,-0.00000,-0.00533,-0.009735
1791409113.545815,0,0,1001,0.07242,-0.01109,0.00575,0.05334,-0.00000,0.00000,-0.00000,-0.02024,-0.009758
1791409113.565871,0,0,1001,0.07242,-0.01109,0.00575,0.05334,-0.00000,-0.00000,-0.00000,0.00746,-0.009743
1791409113.585852,0,0,1001,0.07242,-0.01109,0.00575,0.05334,-0.00000,-0.00000,-0.00000,-0.00639,-0.009700
1791409113.605704,0,0,1001,0.07242,-0.01109,0.00575,0.05335,0.00000,0.00000,0.00000,-0.01172,-0.009714
1791409113.625796,0,0,1001,0.07242,-0.01109,0.00575,0.05335,0.00000,-0.00000,0.00000,-0.01065,-0.009716
1791409113.645805,0,0,1001,0.07242,-0.01108,0.00575,0.05335,0.00000,-0.00000,0.00000,0.00107,-0.009700
1791409113.665810,0,0,1001,0.07242,-0.01109,0.00574,0.05335,0.00000,0.00000,0.00000,-0.00213,-0.009725
1791409113.685865,0,0,1001,0.07242,-0.01109,0.00574,0.05335,0.00000,-0.00000,-0.00000,-0.00746,-0.009717
1791409113.705808,0,0,1001,0.07241,-0.01109,0.00574,0.05335,0.00000,0.00000,0.00000,-0.00320,-0.009739
1791409113.725989,0,0,1001,0.07242,-0.01109,0.00575,0.05335,0.00000,0.00000,0.00000,-0.01917,-0.009675
1791409113.745761,0,0,1001,0.07242,-0.01108,0.00575,0.05335,0.00000,-0.00000,0.00000,-0.00959,-0.009646
1791409113.765686,0,0,1001,0.07242,-0.01108,0.00575,0.05335,0.00000,-0.00000,0.00000,0.00213,-0.009583
1791409113.785773,0,0,1001,0.07242,-0.01108,0.00575,0.05335,0.00000,-0.00000,0.00000,-0.01065,-0.009520
1791409113.805666,0,0,1001,0.07242,-0.01108,0.00575,0.05335,0.00000,0.00000,0.00000,-0.01065,-0.009501
1791409113.825946,0,0,1001,0.07242,-0.01108,0.00575,0.05335,0.00000,-0.00000,0.00000,0.00533,-0.009526
1791409113.845875,0,0,1001,0.07242,-0.01107,0.00575,0.05335,0.00000,-0.00000,0.00000,-0.00639,-0.009518
1791409113.865823,0,0,1001,0.07242,-0.01107,0.00575,0.05335,0.00000,-0.00000,0.00000,-0.01278,-0.009497
1791409113.885718,0,0,1001,0.07242,-0.01107,0.00575,0.05335,0.00000,-0.00000,0.00000,-0.00639,-0.009530
1791409113.905882,0,0,1001,0.07242,-0.01108,0.00575,0.05335,0.00000,0.00000,0.00000,-0.01278,-0.009571
1791409113.926448,0,0,1001,0.07242,-0.01108,0.00575,0.05335,-0.00000,0.00000,-0.00000,0.00320,-0.009513
1791409113.945825,0,0,1001,0.07242,-0.01108,0.00575,0.05335,0.00000,0.00000,0.00000,-0.02131,-0.009473
1791409113.966210,0,0,1001,0.07242,-0.01107,0.00575,0.05335,-0.00000,0.00000,-0.00000,0.00320,-0.009439
1791409113.985957,0,0,1001,0.07241,-0.01107,0.00575,0.05335,-0.00000,-0.00000,-0.00000,-0.00959,-0.009433
1791409114.005762,0,0,1001,0.07242,-0.01107,0.00576,0.05335,-0.00000,0.00000,-0.00000,-0.00959,-0.009423
1791409114.025752,0,0,1001,0.07241,-0.01107,0.00576,0.05335,-0.00000,0.00000,-0.00000,0.00320,-0.009370
1791409114.045608,0,0,1001,0.07242,-0.01107,0.00576,0.05335,-0.00000,-0.00000,-0.00000,-0.00852,-0.009379
1791409114.065613,0,0,1001,0.07242,-0.01107,0.00576,0.05335,-0.00000,0.00000,-0.00000,-0.01917,-0.009383
1791409114.085849,0,0,1001,0.07242,-0.01107,0.00576,0.05335,0.00000,-0.00000,0.00000,-0.01172,-0.009402
1791409114.105864,0,0,1001,0.07242,-0.01107,0.00576,0.05335,0.00000,0.00000,0.00000,-0.00852,-0.009437
1791409114.125868,0,0,1001,0.07242,-0.01107,0.00576,0.05335,0.00000,-0.00000,0.00000,-0.01598,-0.009432
1791409114.145715,0,0,1001,0.07241,-0.01107,0.00576,0.05335,0.00000,-0.00000,0.00000,-0.00852,-0.009459
1791409114.165895,0,0,1001,0.07242,-0.01107,0.00576,0.05335,0.00000,-0.00000,0.00000,-0.01385,-0.009508
1791409114.185802,0,0,1001,0.07242,-0.01107,0.00576,0.05335,-0.00000,0.00000,-0.00000,-0.00213,-0.009526
1791409114.205779,0,0,1001,0.07242,-0.01107,0.00576,0.05335,0.00000,-0.00000,0.00000,-0.00852,-0.009550
1791409114.225824,0,0,1001,0.07242,-0.01107,0.00576,0.05335,-0.00000,0.00000,-0.00000,-0.00426,-0.009545
1791409114.245662,0,0,1001,0.07242,-0.01107,0.00576,0.05335,0.00000,0.00000,0.00000,0.00213,-0.009485
1791409114.265965,0,0,1001,0.07242,-0.01108,0.00576,0.05335,-0.00000,-0.00000,-0.00000,-0.01278,-0.009463
1791409114.285800,0,0,1001,0.07242,-0.01107,0.00576,0.05335,0.00000,-0.00000,0.00000,-0.01278,-0.009447
1791409114.305799,0,0,1001,0.07242,-0.01107,0.00576,0.05335,0.00000,-0.00000,0.00000,-0.01811,-0.009495
1791409114.325861,0,0,1001,0.07242,-0.01107,0.00576,0.05335,0.00000,-0.00000,0.00000,-0.00533,-0.009433
1791409114.345728,0,0,1001,0.07242,-0.01107,0.00576,0.05335,0.00000,-0.00000,0.00000,-0.01385,-0.009470
1791409114.365682,0,0,1001,0.07242,-0.01107,0.00576,0.05335,0.00000,0.00000,0.00000,-0.00533,-0.009518
1791409114.385731,0,0,1001,0.07242,-0.01107,0.00576,0.05335,0.00000,-0.00000,0.00000,-0.01385,-0.009493
1791409114.405662,0,0,1001,0.07242,-0.01107,0.00576,0.05335,0.00000,-0.00000,0.00000,-0.00746,-0.009473
1791409114.426416,0,0,1001,0.07242,-0.01107,0.00576,0.05335,0.00000,0.00000,0.00000,-0.00320,-0.009441
1791409114.445646,0,0,1001,0.07241,-0.01107,0.00576,0.05335,-0.00000,-0.00000,-0.00000,-0.00959,-0.009478
1791409114.465988,0,0,1001,0.07242,-0.01107,0.00576,0.05335,-0.00000,0.00000,-0.00000,-0.02557,-0.009458
1791409114.485817,0,0,1001,0.07242,-0.01107,0.00576,0.05335,-0.00000,-0.00000,-0.00000,0.00320,-0.009406
1791409114.506392,0,0,1001,0.07241,-0.01107,0.00576,0.05335,-0.00000,0.00000,-0.00000,-0.02237,-0.009445
1791409114.525791,0,0,1001,0.07242,-0.01107,0.00576,0.05335,-0.00000,0.00000,-0.00000,-0.02024,-0.009523
1791409114.545855,0,0,1001,0.07242,-0.01107,0.00576,0.05335,-0.00000,0.00000,-0.00000,-0.00213,-0.009480
1791409114.565954,0,0,1001,0.07242,-0.01107,0.00576,0.05335,-0.00000,-0.00000,-0.00000,-0.01385,-0.009470
1791409114.585789,0,0,1001,0.07241,-0.01107,0.00576,0.05335,-0.00000,0.00000,-0.00000,-0.01491,-0.009449
1791409114.605871,0,0,1001,0.07241,-0.01107,0.00576,0.05335,-0.00000,0.00000,-0.00000,-0.00746,-0.009400
1791409114.626286,0,0,1001,0.07242,-0.01107,0.00576,0.05335,-0.00000,-0.00000,-0.00000,-0.00320,-0.009413
1791409114.646705,0,0,1001,0.07242,-0.01107,0.00576,0.05335,0.00000,0.00000,0.00000,-0.00426,-0.009407
1791409114.666077,0,0,1001,0.07242,-0.01107,0.00576,0.05335,-0.00000,-0.00000,0.00000,-0.00533,-0.009349
1791409114.687875,0,0,1001,0.07242,-0.01107,0.00576,0.05335,0.00000,0.00000,0.00000,0.00533,-0.009314
1791409114.705893,0,0,1001,0.07242,-0.01107,0.00576,0.05335,0.00000,-0.00000,0.00000,0.00320,-0.009339
1791409114.726728,0,0,1001,0.07242,-0.01107,0.00576,0.05335,0.00000,-0.00000,0.00000,-0.01385,-0.009343
1791409114.746104,0,0,1001,0.07242,-0.01107,0.00576,0.05335,0.00000,-0.00000,0.00000,-0.00639,-0.009295
1791409114.766223,0,0,1001,0.07242,-0.01107,0.00576,0.05335,0.00000,0.00000,0.00000,0.00107,-0.009270
1791409114.787228,0,0,1001,0.07242,-0.01108,0.00576,0.05335,-0.00000,0.00000,-0.00000,-0.02024,-0.009256
1791409114.806219,0,0,1001,0.07242,-0.01107,0.00576,0.05335,-0.00000,-0.00000,-0.00000,-0.00320,-0.009227
1791409114.825709,0,0,1001,0.07242,-0.01108,0.00576,0.05335,-0.00000,0.00000,-0.00000,-0.01491,-0.009221
1791409114.845993,0,0,1001,0.07242,-0.01108,0.00576,0.05335,-0.00000,-0.00000,-0.00000,-0.01065,-0.009261
1791409114.865866,0,0,1001,0.07242,-0.01107,0.00577,0.05335,-0.00000,0.00000,-0.00000,-0.01491,-0.009245
1791409114.885797,0,0,1001,0.07242,-0.01108,0.00577,0.05335,-0.00000,0.00000,-0.00000,-0.00746,-0.009278
1791409114.905786,0,0,1001,0.07242,-0.01108,0.00577,0.05335,-0.00000,-0.00000,-0.00000,-0.02024,-0.009265
1791409114.925890,0,0,1001,0.07241,-0.01108,0.00577,0.05335,-0.00000,0.00000,-0.00000,-0.00852,-0.009251
1791409114.945977,0,0,1001,0.07242,-0.01108,0.00577,0.05335,-0.00000,-0.00000,-0.00000,-0.01065,-0.009220
1791409114.965917,0,0,1001,0.07242,-0.01108,0.00577,0.05335,-0.00000,0.00000,-0.00000,-0.00320,-0.009196
1791409114.986117,0,0,1001,0.07241,-0.01108,0.00577,0.05335,-0.00000,0.00000,-0.00000,-0.00639,-0.009167
1791409115.006077,0,0,1001,0.07242,-0.01108,0.00577,0.05335,-0.00000,0.00000,-0.00000,-0.00959,-0.009194
1791409115.026885,0,0,1001,0.07241,-0.01108,0.00577,0.05335,0.00000,0.00000,0.00000,-0.00852,-0.009161
1791409115.046216,0,0,1001,0.07242,-0.01108,0.00577,0.05335,0.00000,0.00000,0.00000,-0.00213,-0.009132
1791409115.065749,0,0,1001,0.07241,-0.01108,0.00577,0.05335,-0.00000,0.00000,-0.00000,-0.00959,-0.009177
1791409115.085972,0,0,1001,0.07242,-0.01107,0.00577,0.05335,0.00000,-0.00000,0.00000,-0.00213,-0.009165
1791409115.106165,0,0,1001,0.07241,-0.01108,0.00577,0.05335,0.00000,-0.00000,0.00000,-0.00746,-0.009150
1791409115.125941,0,0,1001,0.07241,-0.01107,0.00577,0.05335,0.00000,0.00000,0.00000,-0.00213,-0.009140
1791409115.145793,0,0,1001,0.07241,-0.01108,0.00577,0.05335,-0.00000,0.00000,-0.00000,-0.00533,-0.009150
1791409115.165946,0,0,1001,0.07241,-0.01108,0.00577,0.05335,-0.00000,0.00000,-0.00000,-0.01491,-0.009151
1791409115.185783,0,0,1001,0.07242,-0.01108,0.00577,0.05335,-0.00000,0.00000,-0.00000,-0.02344,-0.009159
1791409115.205670,0,0,1001,0.07242,-0.01108,0.00578,0.05335,-0.00000,0.00000,-0.00000,-0.01811,-0.009206
1791409115.225917,0,0,1001,0.07242,-0.01108,0.00578,0.05335,-0.00000,-0.00000,-0.00000,-0.00852,-0.009180
1791409115.245958,0,0,1001,0.07242,-0.01108,0.00578,0.05335,0.00000,0.00000,0.00000,-0.01385,-0.009165
1791409115.265956,0,0,1001,0.07242,-0.01108,0.00578,0.05335,0.00000,-0.00000,0.00000,-0.00426,-0.009209
1791409115.286180,0,0,1001,0.07242,-0.01107,0.00578,0.05335,0.00000,0.00000,0.00000,-0.01704,-0.009215
1791409115.305696,0,0,1001,0.07242,-0.01108,0.00578,0.05335,0.00000,0.00000,0.00000,-0.02024,-0.009209
1791409115.326277,0,0,1001,0.07242,-0.01107,0.00578,0.05335,0.00000,-0.00000,0.00000,0.00000,-0.009182
1791409115.345704,0,0,1001,0.07241,-0.01108,0.00578,0.05335,0.00000,0.00000,0.00000,0.00000,-0.009155
1791409115.366040,0,0,1001,0.07242,-0.01107,0.00578,0.05335,0.00000,-0.00000,0.00000,-0.00107,-0.009165
1791409115.385768,0,0,1001,0.07242,-0.01107,0.00578,0.05335,0.00000,0.00000,0.00000,-0.00959,-0.009179
1791409115.405815,0,0,1001,0.07242,-0.01107,0.00578,0.05335,-0.00000,-0.00000,-0.00000,-0.00533,-0.009182
1791409115.425578,0,0,1001,0.07242,-0.01107,0.00578,0.05335,-0.00000,0.00000,-0.00000,-0.01172,-0.009225
1791409115.445692,0,0,1001,0.07242,-0.01108,0.00578,0.05335,0.00000,-0.00000,0.00000,-0.00213,-0.009212
1791409115.465722,0,0,1001,0.07242,-0.01108,0.00578,0.05335,-0.00000,0.00000,-0.00000,0.00000,-0.009206
1791409115.485880,0,0,1001,0.07241,-0.01108,0.00578,0.05335,-0.00000,0.00000,-0.00000,-0.00426,-0.009190
1791409115.505795,0,0,1001,0.07241,-0.01108,0.00579,0.05335,-0.00000,-0.00000,-0.00000,-0.02024,-0.009226
1791409115.525672,0,0,1001,0.07242,-0.01108,0.00579,0.05334,-0.00000,0.00000,-0.00000,-0.01704,-0.009256
1791409115.545814,0,0,1001,0.07242,-0.01108,0.00578,0.05334,-0.00000,-0.00000,-0.00000,-0.01385,-0.009262
1791409115.565711,0,0,1001,0.07241,-0.01108,0.00579,0.05335,-0.00000,0.00000,-0.00000,-0.01278,-0.009246
1791409115.585622,0,0,1001,0.07242,-0.01108,0.00579,0.05335,-0.00000,0.00000,-0.00000,-0.00107,-0.009215
1791409115.607302,0,0,1001,0.07242,-0.01108,0.00579,0.05335,-0.00000,0.00000,-0.00000,0.00000,-0.009205
1791409115.625817,0,0,1001,0.07241,-0.01108,0.00579,0.05335,-0.00000,0.00000,-0.00000,-0.01598,-0.009199
1791409115.645819,0,0,1001,0.07242,-0.01108,0.00579,0.05335,-0.00000,0.00000,-0.00000,-0.00107,-0.009199
1791409115.665731,0,0,1001,0.07242,-0.01108,0.00579,0.05335,-0.00000,-0.00000,-0.00000,-0.00639,-0.009119
1791409115.686193,0,0,1001,0.07242,-0.01108,0.00579,0.05334,-0.00000,-0.00000,-0.00000,-0.00533,-0.009161
1791409115.706059,0,0,1001,0.07242,-0.01108,0.00579,0.05335,-0.00000,0.00000,-0.00000,-0.00533,-0.009143
1791409115.726478,0,0,1001,0.07241,-0.01108,0.00579,0.05335,0.00000,0.00000,0.00000,-0.00213,-0.009160
1791409115.746311,0,0,1001,0.07242,-0.01108,0.00579,0.05335,-0.00000,-0.00000,-0.00000,-0.01065,-0.009171
1791409115.766522,0,0,1001,0.07242,-0.01108,0.00579,0.05335,0.00000,-0.00000,0.00000,-0.00746,-0.009134
1791409115.786056,0,0,1001,0.07242,-0.01108,0.00579,0.05335,0.00000,-0.00000,0.00000,-0.01278,-0.009163
1791409115.806308,0,0,1001,0.07242,-0.01108,0.00579,0.05335,0.00000,-0.00000,0.00000,-0.01704,-0.009166
1791409115.826408,0,0,1001,0.07242,-0.01108,0.00579,0.05335,-0.00000,-0.00000,-0.00000,-0.01278,-0.009189
1791409115.845790,0,0,1001,0.07242,-0.01108,0.00579,0.05335,-0.00000,0.00000,-0.00000,-0.01491,-0.009185
1791409115.866030,0,0,1001,0.07242,-0.01108,0.00579,0.05335,-0.00000,0.00000,-0.00000,-0.00959,-0.009144
1791409115.885928,0,0,1001,0.07241,-0.01108,0.00579,0.05335,-0.00000,0.00000,-0.00000,-0.01278,-0.009155
1791409115.906193,0,0,1001,0.07242,-0.01109,0.00579,0.05335,-0.00000,0.00000,-0.00000,-0.01278,-0.009184
1791409115.926258,0,0,1001,0.07242,-0.01109,0.00579,0.05334,-0.00000,0.00000,-0.00000,-0.01598,-0.009164
1791409115.945827,0,0,1001,0.07241,-0.01109,0.00579,0.05334,-0.00000,0.00000,-0.00000,-0.01917,-0.009164
1791409115.965475,0,0,1001,0.07242,-0.01109,0.00579,0.05334,-0.00000,0.00000,-0.00000,-0.00533,-0.009235
1791409115.985868,0,0,1001,0.07242,-0.01109,0.00579,0.05334,-0.00000,0.00000,-0.00000,-0.01172,-0.009214
1791409116.005594,0,0,1001,0.07242,-0.01109,0.00579,0.05334,-0.00000,0.00000,-0.00000,-0.00959,-0.009202
1791409116.025637,0,0,1001,0.07242,-0.01109,0.00579,0.05334,-0.00000,0.00000,-0.00000,-0.00533,-0.009206
1791409116.045692,0,0,1001,0.07242,-0.01109,0.00579,0.05334,-0.00000,0.00000,-0.00000,-0.01278,-0.009284
1791409116.065665,0,0,1001,0.07242,-0.01110,0.00579,0.05334,-0.00000,0.00000,-0.00000,0.00000,-0.009235
1791409116.085689,0,0,1001,0.07242,-0.01109,0.00579,0.05334,-0.00000,0.00000,-0.00000,-0.00959,-0.009202
1791409116.105711,0,0,1001,0.07242,-0.01109,0.00579,0.05334,-0.00000,-0.00000,-0.00000,0.00213,-0.009135
1791409116.125679,0,0,1001,0.07242,-0.01109,0.00579,0.05334,-0.00000,0.00000,-0.00000,-0.00107,-0.009138
1791409116.145435,0,0,1001,0.07242,-0.01109,0.00579,0.05334,-0.00000,-0.00000,-0.00000,-0.01278,-0.009149
1791409116.165908,0,0,1001,0.07242,-0.01109,0.00579,0.05334,0.00000,-0.00000,0.00000,-0.00746,-0.009159
1791409116.185812,0,0,1001,0.07242,-0.01109,0.00579,0.05334,-0.00000,-0.00000,-0.00000,-0.00320,-0.009158
1791409116.205725,0,0,1001,0.07241,-0.01110,0.00579,0.05334,-0.00000,0.00000,-0.00000,-0.01491,-0.009171
1791409116.225661,0,0,1001,0.07242,-0.01110,0.00579,0.05334,-0.00000,-0.00000,-0.00000,-0.00107,-0.009219
1791409116.245738,0,0,1001,0.07242,-0.01110,0.00579,0.05334,-0.00000,0.00000,-0.00000,-0.00213,-0.009219
1791409116.265721,0,0,1001,0.07241,-0.01110,0.00579,0.05334,-0.00000,0.00000,-0.00000,-0.00426,-0.009226
1791409116.285697,0,0,1001,0.07242,-0.01110,0.00579,0.05334,-0.00000,-0.00000,-0.00000,-0.00639,-0.009192
1791409116.305788,0,0,1001,0.07242,-0.01110,0.00579,0.05334,-0.00000,0.00000,-0.00000,0.00000,-0.009150
1791409116.326047,0,0,1001,0.07242,-0.01110,0.00579,0.05334,-0.00000,0.00000,-0.00000,-0.00107,-0.009165
1791409116.346028,0,0,1001,0.07242,-0.01110,0.00579,0.05334,-0.00000,-0.00000,-0.00000,-0.01278,-0.009193
1791409116.365867,0,0,1001,0.07241,-0.01110,0.00579,0.05334,0.00000,0.00000,0.00000,-0.00852,-0.009194
1791409116.385904,0,0,1001,0.07242,-0.01110,0.00579,0.05334,-0.00000,0.00000,-0.00000,0.00000,-0.009206
1791409116.405647,0,0,1001,0.07242,-0.01111,0.00579,0.05334,-0.00000,0.00000,-0.00000,-0.01172,-0.009266
1791409116.425756,0,0,1001,0.07242,-0.01111,0.00579,0.05334,-0.00000,-0.00000,-0.00000,-0.01278,-0.009303
1791409116.445861,0,0,1001,0.07242,-0.01110,0.00579,0.05334,-0.00000,0.00000,-0.00000,-0.00746,-0.009287
1791409116.465746,0,0,1001,0.07242,-0.01111,0.00578,0.05334,-0.00000,-0.00000,-0.00000,-0.00852,-0.009236
1791409116.485770,0,0,1001,0.07242,-0.01110,0.00578,0.05334,-0.00000,0.00000,-0.00000,-0.00959,-0.009255
1791409116.505665,0,0,1001,0.07242,-0.01111,0.00578,0.05334,-0.00000,0.00000,-0.00000,-0.00852,-0.009242
1791409116.525869,0,0,1001,0.07242,-0.01111,0.00578,0.05334,-0.00000,0.00000,-0.00000,-0.01598,-0.009243
1791409116.545795,0,0,1001,0.07242,-0.01111,0.00578,0.05334,-0.00000,0.00000,-0.00000,-0.01278,-0.009243
1791409116.565540,0,0,1001,0.07242,-0.01111,0.00578,0.05334,-0.00000,0.00000,-0.00000,0.00320,-0.009216
1791409116.586603,0,0,1001,0.07241,-0.01111,0.00578,0.05334,-0.00000,0.00000,-0.00000,-0.00426,-0.009230
1791409116.605482,0,0,1001,0.07241,-0.01111,0.00578,0.05334,-0.00000,0.00000,-0.00000,-0.01065,-0.009276
1791409116.625797,0,0,1001,0.07242,-0.01111,0.00578,0.05334,-0.00000,0.00000,-0.00000,-0.01598,-0.009263
1791409116.645784,0,0,1001,0.07242,-0.01112,0.00577,0.05334,-0.00000,-0.00000,-0.00000,-0.01385,-0.009244
1791409116.665555,0,0,1001,0.07242,-0.01112,0.00577,0.05334,-0.00000,0.00000,-0.00000,-0.01065,-0.009230
1791409116.685626,0,0,1001,0.07242,-0.01112,0.00577,0.05334,-0.00000,0.00000,-0.00000,-0.00639,-0.009266
1791409116.705498,0,0,1001,0.07242,-0.01112,0.00577,0.05334,-0.00000,0.00000,-0.00000,-0.00320,-0.009215
1791409116.725733,0,0,1001,0.07242,-0.01111,0.00577,0.05334,-0.00000,0.00000,-0.00000,-0.00852,-0.009220
1791409116.745782,0,0,1001,0.07242,-0.01112,0.00577,0.05334,-0.00000,0.00000,-0.00000,0.00107,-0.009185
1791409116.765576,0,0,1001,0.07242,-0.01112,0.00577,0.05334,-0.00000,-0.00000,-0.00000,-0.00959,-0.009184
1791409116.785460,0,0,1001,0.07242,-0.01112,0.00577,0.05334,-0.00000,0.00000,-0.00000,-0.01598,-0.009200
1791409116.805446,0,0,1001,0.07242,-0.01112,0.00577,0.05334,-0.00000,-0.00000,-0.00000,-0.00533,-0.009229
1791409116.825799,0,0,1001,0.07242,-0.01112,0.00577,0.05334,-0.00000,0.00000,-0.00000,-0.00959,-0.009219
1791409116.845380,0,0,1001,0.07242,-0.01112,0.00577,0.05334,0.00000,-0.00000,0.00000,-0.00959,-0.009214
1791409116.865827,0,0,1001,0.07242,-0.01112,0.00577,0.05334,-0.00000,0.00000,-0.00000,-0.00852,-0.009212
1791409116.885578,0,0,1001,0.07242,-0.01113,0.00577,0.05334,-0.00000,0.00000,-0.00000,-0.01917,-0.009240
1791409116.905946,0,0,1001,0.07242,-0.01113,0.00577,0.05334,-0.00000,-0.00000,-0.00000,-0.01491,-0.009249
1791409116.925807,0,0,1001,0.07242,-0.01113,0.00577,0.05334,-0.00000,0.00000,-0.00000,-0.00426,-0.009262
1791409116.946024,0,0,1001,0.07242,-0.01113,0.00577,0.05334,-0.00000,0.00000,-0.00000,-0.00746,-0.009304
1791409116.966381,0,0,1001,0.07242,-0.01113,0.00576,0.05334,-0.00000,-0.00000,-0.00000,-0.00852,-0.009305
1791409116.985653,0,0,1001,0.07242,-0.01113,0.00577,0.05334,-0.00000,-0.00000,-0.00000,-0.00426,-0.009326
1791409117.005569,0,0,1001,0.07242,-0.01113,0.00577,0.05334,-0.00000,-0.00000,-0.00000,0.00000,-0.009300
1791409117.025731,0,0,1001,0.07242,-0.01113,0.00577,0.05334,-0.00000,0.00000,-0.00000,-0.01704,-0.009330
1791409117.045725,0,0,1001,0.07242,-0.01113,0.00577,0.05334,-0.00000,-0.00000,-0.00000,-0.01491,-0.009325
1791409117.066176,0,0,1001,0.07242,-0.01113,0.00577,0.05334,-0.00000,0.00000,-0.00000,-0.01917,-0.009351
1791409117.086114,0,0,1001,0.07242,-0.01113,0.00577,0.05334,-0.00000,0.00000,-0.00000,-0.00639,-0.009354
1791409117.106210,0,0,1001,0.07242,-0.01113,0.00577,0.05334,-0.00000,0.00000,-0.00000,0.00852,-0.009341
1791409117.125885,0,0,1001,0.07241,-0.01113,0.00577,0.05333,-0.00000,0.00000,-0.00000,-0.00639,-0.009387
1791409117.145839,0,0,1001,0.07242,-0.01113,0.00577,0.05333,-0.00000,0.00000,-0.00000,-0.00746,-0.009385
1791409117.165989,0,0,1001,0.07242,-0.01113,0.00577,0.05333,-0.00000,0.00000,-0.00000,-0.00213,-0.009360
1791409117.185793,0,0,1001,0.07242,-0.01114,0.00577,0.05333,-0.00000,-0.00000,-0.00000,-0.01598,-0.009414
1791409117.205730,0,0,1001,0.07242,-0.01113,0.00577,0.05333,-0.00000,-0.00000,-0.00000,-0.01385,-0.009423
1791409117.225478,0,0,1001,0.07242,-0.01113,0.00577,0.05333,-0.00000,0.00000,-0.00000,-0.00533,-0.009427
1791409117.245497,0,0,1001,0.07242,-0.01113,0.00577,0.05333,-0.00000,0.00000,-0.00000,-0.01811,-0.009429
1791409117.265517,0,0,1001,0.07242,-0.01113,0.00577,0.05333,-0.00000,0.00000,-0.00000,-0.01065,-0.009457
1791409117.285393,0,0,1001,0.07242,-0.01114,0.00577,0.05333,-0.00000,-0.00000,0.00000,-0.00746,-0.009447
1791409117.305956,0,0,1001,0.07242,-0.01114,0.00576,0.05333,-0.00000,-0.00000,-0.00000,-0.00533,-0.009469
1791409117.325717,0,0,1001,0.07242,-0.01114,0.00576,0.05333,0.00000,-0.00000,0.00000,-0.00107,-0.009446
1791409117.345743,0,0,1001,0.07242,-0.01114,0.00576,0.05333,0.00000,-0.00000,0.00000,-0.01065,-0.009499
1791409117.366353,0,0,1001,0.07242,-0.01114,0.00576,0.05333,0.00000,-0.00000,0.00000,-0.00639,-0.009518
1791409117.385390,0,0,1001,0.07242,-0.01114,0.00576,0.05333,-0.00000,-0.00000,-0.00000,-0.00426,-0.009518
1791409117.405708,0,0,1001,0.07242,-0.01114,0.00576,0.05333,-0.00000,-0.00000,-0.00000,-0.01065,-0.009533
1791409117.425426,0,0,1001,0.07242,-0.01114,0.00576,0.05333,-0.00000,0.00000,-0.00000,-0.00426,-0.009560
1791409117.445409,0,0,1001,0.07242,-0.01115,0.00575,0.05333,-0.00000,-0.00000,-0.00000,-0.01172,-0.009578
1791409117.465677,0,0,1001,0.07242,-0.01114,0.00576,0.05333,-0.00000,0.00000,-0.00000,-0.00426,-0.009575
1791409117.485650,0,0,1001,0.07242,-0.01115,0.00575,0.05333,-0.00000,0.00000,-0.00000,0.00107,-0.009569
1791409117.505398,0,0,1001,0.07242,-0.01115,0.00575,0.05333,-0.00000,-0.00000,-0.00000,0.00107,-0.009541
1791409117.525628,0,0,1001,0.07242,-0.01115,0.00575,0.05333,-0.00000,-0.00000,-0.00000,-0.01172,-0.009559
1791409117.545338,0,0,1001,0.07242,-0.01115,0.00575,0.05333,-0.00000,0.00000,-0.00000,-0.01917,-0.009553
1791409117.565792,0,0,1001,0.07242,-0.01115,0.00575,0.05333,-0.00000,-0.00000,-0.00000,-0.01172,-0.009527
1791409117.585327,0,0,1001,0.07242,-0.01115,0.00575,0.05333,-0.00000,-0.00000,-0.00000,-0.00426,-0.009523
1791409117.605637,0,0,1001,0.07242,-0.01114,0.00575,0.05333,0.00000,0.00000,0.00000,-0.00639,-0.009501
1791409117.625342,0,0,1001,0.07242,-0.01114,0.00575,0.05333,0.00000,-0.00000,0.00000,-0.00426,-0.009514
1791409117.645508,0,0,1001,0.07242,-0.01114,0.00575,0.05333,0.00000,-0.00000,0.00000,-0.01811,-0.009505
1791409117.665478,0,0,1001,0.07242,-0.01114,0.00575,0.05333,0.00000,-0.00000,0.00000,-0.01065,-0.009522
1791409117.685461,0,0,1001,0.07242,-0.01114,0.00575,0.05333,0.00000,-0.00000,0.00000,-0.01065,-0.009542
1791409117.705407,0,0,1001,0.07242,-0.01114,0.00575,0.05333,0.00000,-0.00000,0.00000,-0.00746,-0.009567
1791409117.725462,0,0,1001,0.07242,-0.01114,0.00575,0.05333,-0.00000,0.00000,-0.00000,0.00000,-0.009553
1791409117.745449,0,0,1001,0.07242,-0.01114,0.00575,0.05333,0.00000,-0.00000,0.00000,-0.01172,-0.009544
1791409117.765835,0,0,1001,0.07242,-0.01114,0.00576,0.05333,0.00000,0.00000,0.00000,-0.01385,-0.009496
1791409117.785550,0,0,1001,0.07241,-0.01114,0.00576,0.05333,0.00000,-0.00000,0.00000,-0.00320,-0.009513
1791409117.805759,0,0,1001,0.07242,-0.01114,0.00576,0.05333,0.00000,0.00000,0.00000,0.00000,-0.009530
1791409117.825359,0,0,1001,0.07242,-0.01113,0.00576,0.05333,0.00000,-0.00000,0.00000,-0.01278,-0.009513
1791409117.845449,0,0,1001,0.07242,-0.01113,0.00575,0.05333,0.00000,-0.00000,0.00000,-0.00320,-0.009488
1791409117.865409,0,0,1001,0.07242,-0.01113,0.00576,0.05333,0.00000,0.00000,0.00000,0.00000,-0.009430
1791409117.885435,0,0,1001,0.07242,-0.01113,0.00575,0.05333,0.00000,0.00000,0.00000,-0.00320,-0.009460
1791409117.906110,0,0,1001,0.07242,-0.01114,0.00575,0.05333,0.00000,-0.00000,0.00000,-0.01172,-0.009490
1791409117.925351,0,0,1001,0.07242,-0.01113,0.00575,0.05334,0.00000,-0.00000,0.00000,-0.01065,-0.009474
1791409117.945259,0,0,1001,0.07242,-0.01113,0.00575,0.05333,0.00000,0.00000,0.00000,-0.00746,-0.009470
1791409117.965347,0,0,1001,0.07242,-0.01113,0.00575,0.05333,0.00000,-0.00000,0.00000,-0.01811,-0.009472
1791409117.985329,0,0,1001,0.07242,-0.01113,0.00575,0.05333,0.00000,-0.00000,0.00000,-0.01491,-0.009486
1791409118.005323,0,0,1001,0.07242,-0.01114,0.00575,0.05333,0.00000,0.00000,0.00000,-0.00213,-0.009446
1791409118.025408,0,0,1001,0.07242,-0.01114,0.00575,0.05333,-0.00000,-0.00000,-0.00000,-0.00533,-0.009501
1791409118.045428,0,0,1001,0.07242,-0.01113,0.00575,0.05333,-0.00000,-0.00000,-0.00000,-0.01278,-0.009520
1791409118.065879,0,0,1001,0.07242,-0.01113,0.00575,0.05333,0.00000,0.00000,0.00000,-0.00426,-0.009461
1791409118.086309,0,0,1001,0.07242,-0.01113,0.00575,0.05333,-0.00000,0.00000,-0.00000,-0.01704,-0.009439
1791409118.106949,0,0,1001,0.07242,-0.01113,0.00575,0.05333,-0.00000,0.00000,-0.00000,-0.00533,-0.009427
1791409118.126312,0,0,1001,0.07242,-0.01113,0.00575,0.05333,0.00000,-0.00000,0.00000,-0.00852,-0.009467
1791409118.145929,0,0,1001,0.07242,-0.01113,0.00575,0.05334,0.00000,0.00000,0.00000,-0.01598,-0.009499
1791409118.165448,0,0,1001,0.07242,-0.01113,0.00575,0.05334,0.00000,0.00000,0.00000,-0.01811,-0.009512
1791409118.185324,0,0,1001,0.07242,-0.01113,0.00576,0.05334,0.00000,-0.00000,0.00000,-0.01172,-0.009516
1791409118.205536,0,0,1001,0.07242,-0.01113,0.00575,0.05334,0.00000,-0.00000,0.00000,-0.00959,-0.009514
1791409118.225427,0,0,1001,0.07241,-0.01113,0.00576,0.05334,0.00000,-0.00000,0.00000,-0.00959,-0.009469
1791409118.245415,0,0,1001,0.07242,-0.01113,0.00576,0.05334,0.00000,0.00000,0.00000,-0.00746,-0.009417
1791409118.265369,0,0,1001,0.07242,-0.01113,0.00576,0.05334,0.00000,0.00000,0.00000,0.00000,-0.009424
1791409118.285345,0,0,1001,0.07242,-0.01113,0.00576,0.05334,0.00000,-0.00000,0.00000,-0.00320,-0.009356
1791409118.305441,0,0,1001,0.07241,-0.01113,0.00576,0.05334,0.00000,-0.00000,0.00000,0.00426,-0.009343
1791409118.325502,0,0,1001,0.07242,-0.01112,0.00576,0.05334,0.00000,-0.00000,0.00000,0.00320,-0.009382
1791409118.345359,0,0,1001,0.07242,-0.01113,0.00576,0.05334,0.00000,0.00000,0.00000,-0.00426,-0.009462
1791409118.365578,0,0,1001,0.07241,-0.01113,0.00576,0.05334,0.00000,0.00000,0.00000,0.00107,-0.009461
1791409118.385958,0,0,1001,0.07242,-0.01113,0.00576,0.05334,0.00000,-0.00000,0.00000,-0.00320,-0.009417
1791409118.405516,0,0,1001,0.07242,-0.01113,0.00576,0.05334,0.00000,-0.00000,0.00000,-0.01491,-0.009419
1791409118.425273,0,0,1001,0.07242,-0.01113,0.00576,0.05334,-0.00000,-0.00000,-0.00000,-0.01491,-0.009411
1791409118.445248,0,0,1001,0.07242,-0.01113,0.00576,0.05334,-0.00000,0.00000,-0.00000,-0.00852,-0.009418
1791409118.465280,0,0,1001,0.07242,-0.01113,0.00576,0.05334,0.00000,0.00000,0.00000,-0.01065,-0.009406
1791409118.485337,0,0,1001,0.07242,-0.01113,0.00576,0.05334,0.00000,-0.00000,0.00000,0.00213,-0.009395
1791409118.505363,0,0,1001,0.07242,-0.01113,0.00576,0.05334,0.00000,-0.00000,0.00000,0.00533,-0.009389
1791409118.525312,0,0,1001,0.07242,-0.01112,0.00576,0.05334,0.00000,-0.00000,0.00000,-0.00852,-0.009406
1791409118.545216,0,0,1001,0.07242,-0.01112,0.00577,0.05334,0.00000,0.00000,0.00000,-0.00746,-0.009371
1791409118.565281,0,0,1001,0.07242,-0.01112,0.00577,0.05334,0.00000,-0.00000,0.00000,-0.00320,-0.009401
1791409118.585287,0,0,1001,0.07242,-0.01112,0.00577,0.05334,0.00000,-0.00000,0.00000,-0.00320,-0.009421
1791409118.605301,0,0,1001,0.07241,-0.01112,0.00577,0.05334,0.00000,-0.00000,0.00000,-0.01065,-0.009384
1791409118.625372,0,0,1001,0.07242,-0.01112,0.00577,0.05334,0.00000,-0.00000,0.00000,-0.01385,-0.009329
1791409118.645359,0,0,1001,0.07242,-0.01112,0.00577,0.05334,0.00000,0.00000,0.00000,-0.01491,-0.009352
1791409118.665751,0,0,1001,0.07242,-0.01112,0.00577,0.05334,0.00000,-0.00000,0.00000,-0.01278,-0.009393
1791409118.685303,0,0,1001,0.07241,-0.01112,0.00577,0.05334,-0.00000,-0.00000,-0.00000,-0.01491,-0.009411
1791409118.705641,0,0,1001,0.07242,-0.01112,0.00577,0.05334,-0.00000,0.00000,-0.00000,-0.00426,-0.009354
1791409118.725245,0,0,1001,0.07242,-0.01112,0.00577,0.05334,-0.00000,0.00000,-0.00000,-0.00639,-0.009378
1791409118.745343,0,0,1001,0.07242,-0.01112,0.00577,0.05334,-0.00000,0.00000,-0.00000,-0.01385,-0.009398
1791409118.765330,0,0,1001,0.07242,-0.01112,0.00577,0.05334,0.00000,-0.00000,0.00000,-0.00107,-0.009364
1791409118.785221,0,0,1001,0.07242,-0.01112,0.00577,0.05334,-0.00000,0.00000,-0.00000,-0.01385,-0.009380
1791409118.805200,0,0,1001,0.07242,-0.01112,0.00577,0.05334,0.00000,-0.00000,0.00000,0.00213,-0.009379
1791409118.825196,0,0,1001,0.07241,-0.01112,0.00577,0.05334,0.00000,0.00000,0.00000,-0.02663,-0.009347
1791409118.845256,0,0,1001,0.07242,-0.01112,0.00578,0.05334,0.00000,0.00000,0.00000,-0.00746,-0.009332
1791409118.865247,0,0,1001,0.07242,-0.01112,0.00577,0.05334,0.00000,-0.00000,0.00000,-0.01385,-0.009333
1791409118.885280,0,0,1001,0.07242,-0.01112,0.00578,0.05334,0.00000,0.00000,0.00000,-0.00426,-0.009252
1791409118.905299,0,0,1001,0.07242,-0.01112,0.00578,0.05334,-0.00000,0.00000,-0.00000,-0.00959,-0.009267
1791409118.926175,0,0,1001,0.07242,-0.01112,0.00578,0.05334,0.00000,-0.00000,0.00000,-0.00746,-0.009282
1791409118.945440,0,0,1001,0.07242,-0.01112,0.00578,0.05334,0.00000,-0.00000,0.00000,-0.01172,-0.009252
1791409118.965420,0,0,1001,0.07242,-0.01111,0.00578,0.05334,0.00000,-0.00000,0.00000,-0.01704,-0.009263
1791409118.985554,0,0,1001,0.07242,-0.01111,0.00578,0.05334,0.00000,-0.00000,0.00000,-0.01278,-0.009234
1791409119.005370,0,0,1001,0.07241,-0.01111,0.00578,0.05334,0.00000,-0.00000,0.00000,-0.01172,-0.009251
1791409119.025201,0,0,1001,0.07241,-0.01111,0.00578,0.05334,0.00000,-0.00000,0.00000,-0.00426,-0.009255
1791409119.045536,0,0,1001,0.07241,-0.01111,0.00578,0.05334,0.00000,-0.00000,0.00000,-0.01278,-0.009234
1791409119.065415,0,0,1001,0.07242,-0.01112,0.00578,0.05334,-0.00000,-0.00000,-0.00000,-0.00852,-0.009208
1791409119.085699,0,0,1001,0.07241,-0.01112,0.00578,0.05334,-0.00000,0.00000,-0.00000,-0.00852,-0.009239
1791409119.105467,0,0,1001,0.07242,-0.01111,0.00578,0.05334,-0.00000,0.00000,-0.00000,-0.00639,-0.009243
1791409119.125488,0,0,1001,0.07242,-0.01111,0.00578,0.05334,0.00000,0.00000,0.00000,-0.00320,-0.009193
1791409119.145449,0,0,1001,0.07242,-0.01111,0.00578,0.05334,0.00000,-0.00000,0.00000,-0.00320,-0.009217
1791409119.165371,0,0,1001,0.07242,-0.01111,0.00578,0.05334,0.00000,0.00000,0.00000,-0.00746,-0.009214
1791409119.185809,0,0,1001,0.07241,-0.01111,0.00578,0.05334,0.00000,0.00000,0.00000,-0.00852,-0.009205
1791409119.205713,0,0,1001,0.07242,-0.01111,0.00578,0.05334,0.00000,-0.00000,0.00000,-0.00533,-0.009188
1791409119.225290,0,0,1001,0.07242,-0.01111,0.00578,0.05334,0.00000,0.00000,0.00000,0.00000,-0.009181
1791409119.245329,0,0,1001,0.07242,-0.01111,0.00578,0.05334,0.00000,-0.00000,0.00000,-0.00213,-0.009171
1791409119.265471,0,0,1001,0.07242,-0.01111,0.00578,0.05334,0.00000,-0.00000,0.00000,-0.01385,-0.009180
1791409119.285318,0,0,1001,0.07242,-0.01111,0.00578,0.05334,0.00000,-0.00000,0.00000,-0.01811,-0.009131
1791409119.305300,0,0,1001,0.07241,-0.01111,0.00579,0.05334,-0.00000,0.00000,-0.00000,-0.00639,-0.009158
1791409119.325279,0,0,1001,0.07242,-0.01111,0.00578,0.05334,-0.00000,-0.00000,-0.00000,-0.00639,-0.009210
1791409119.345860,0,0,1001,0.07242,-0.01111,0.00578,0.05334,-0.00000,0.00000,-0.00000,-0.00107,-0.009187
1791409119.365273,0,0,1001,0.07242,-0.01111,0.00578,0.05334,-0.00000,0.00000,-0.00000,-0.01278,-0.009225
1791409119.385269,0,0,1001,0.07242,-0.01112,0.00578,0.05334,-0.00000,-0.00000,-0.00000,-0.01172,-0.009278
1791409119.405253,0,0,1001,0.07242,-0.01112,0.00578,0.05334,-0.00000,0.00000,-0.00000,-0.00852,-0.009244
1791409119.425331,0,0,1001,0.07241,-0.01112,0.00578,0.05334,-0.00000,0.00000,-0.00000,0.00213,-0.009284
1791409119.445294,0,0,1001,0.07242,-0.01112,0.00578,0.05334,-0.00000,0.00000,-0.00000,-0.01278,-0.009297
1791409119.465328,0,0,1001,0.07241,-0.01112,0.00578,0.05334,-0.00000,0.00000,-0.00000,-0.00107,-0.009272
1791409119.485316,0,0,1001,0.07242,-0.01112,0.00578,0.05334,-0.00000,-0.00000,-0.00000,-0.01065,-0.009331
1791409119.505185,0,0,1001,0.07242,-0.01112,0.00578,0.05334,-0.00000,0.00000,-0.00000,-0.01172,-0.009339
1791409119.525266,0,0,1001,0.07241,-0.01112,0.00578,0.05334,0.00000,0.00000,0.00000,-0.01065,-0.009303
1791409119.545337,0,0,1001,0.07241,-0.01112,0.00578,0.05334,0.00000,-0.00000,0.00000,0.00533,-0.009306
1791409119.565954,0,0,1001,0.07242,-0.01112,0.00578,0.05334,0.00000,0.00000,0.00000,-0.00426,-0.009274
1791409119.586154,0,0,1001,0.07242,-0.01112,0.00578,0.05334,0.00000,-0.00000,0.00000,-0.00426,-0.009227
1791409119.605238,0,0,1001,0.07242,-0.01112,0.00578,0.05334,0.00000,0.00000,0.00000,-0.01704,-0.009269
1791409119.625385,0,0,1001,0.07241,-0.01112,0.00578,0.05334,-0.00000,0.00000,-0.00000,-0.00426,-0.009292
1791409119.645587,0,0,1001,0.07242,-0.01112,0.00578,0.05334,-0.00000,0.00000,-0.00000,-0.01172,-0.009306
1791409119.665622,0,0,1001,0.07242,-0.01112,0.00578,0.05334,-0.00000,-0.00000,-0.00000,-0.00852,-0.009298
1791409119.685425,0,0,1001,0.07242,-0.01112,0.00578,0.05334,-0.00000,-0.00000,-0.00000,-0.01172,-0.009318
1791409119.706712,0,0,1001,0.07242,-0.01112,0.00578,0.05334,0.00000,0.00000,0.00000,-0.00107,-0.009354
1791409119.726216,0,0,1001,0.07242,-0.01113,0.00578,0.05334,0.00000,0.00000,0.00000,-0.00213,-0.009358
1791409119.745677,0,0,1001,0.07242,-0.01112,0.00578,0.05334,-0.00000,0.00000,-0.00000,-0.02024,-0.009392
1791409119.765922,0,0,1001,0.07241,-0.01113,0.00578,0.05334,-0.00000,0.00000,-0.00000,-0.00746,-0.009430
1791409119.785396,0,0,1001,0.07241,-0.01113,0.00578,0.05334,-0.00000,0.00000,-0.00000,-0.01917,-0.009417
1791409119.805320,0,0,1001,0.07242,-0.01113,0.00578,0.05334,-0.00000,-0.00000,-0.00000,0.00213,-0.009384
1791409119.826106,0,0,1001,0.07242,-0.01113,0.00577,0.05334,-0.00000,0.00000,-0.00000,-0.00959,-0.009414
1791409119.845521,0,0,1001,0.07242,-0.01113,0.00578,0.05334,-0.00000,0.00000,-0.00000,-0.00320,-0.009432
1791409119.866021,0,0,1001,0.07242,-0.01113,0.00578,0.05334,-0.00000,0.00000,-0.00000,-0.00746,-0.009426
1791409119.885795,0,0,1001,0.07242,-0.01113,0.00578,0.05333,-0.00000,0.00000,-0.00000,-0.00426,-0.009391
1791409119.905356,0,0,1001,0.07242,-0.01113,0.00578,0.05333,-0.00000,0.00000,-0.00000,-0.00533,-0.009392
1791409119.925674,0,0,1001,0.07242,-0.01113,0.00578,0.05333,-0.00000,-0.00000,-0.00000,-0.01598,-0.009402
1791409119.945289,0,0,1001,0.07242,-0.01113,0.00578,0.05333,-0.00000,-0.00000,-0.00000,-0.02237,-0.009405
1791409119.965931,0,0,1001,0.07242,-0.01113,0.00578,0.05333,-0.00000,-0.00000,-0.00000,-0.01917,-0.009392
1791409119.985275,0,0,1001,0.07241,-0.01113,0.00578,0.05333,-0.00000,-0.00000,-0.00000,-0.00852,-0.009432
1791409120.005208,0,0,1001,0.07242,-0.01113,0.00578,0.05333,-0.00000,0.00000,-0.00000,-0.01811,-0.009448
1791409120.025405,0,0,1001,0.07242,-0.01113,0.00577,0.05333,-0.00000,0.00000,-0.00000,-0.00107,-0.009486
1791409120.045242,0,0,1001,0.07242,-0.01113,0.00577,0.05333,-0.00000,-0.00000,-0.00000,-0.00746,-0.009489
1791409120.065389,0,0,1001,0.07242,-0.01113,0.00577,0.05333,-0.00000,-0.00000,-0.00000,0.00000,-0.009469
1791409120.085269,0,0,1001,0.07242,-0.01113,0.00578,0.05333,-0.00000,0.00000,-0.00000,-0.00959,-0.009480
1791409120.105165,0,0,1001,0.07241,-0.01113,0.00577,0.05333,-0.00000,0.00000,-0.00000,-0.02024,-0.009475
1791409120.125244,0,0,1001,0.07242,-0.01114,0.00577,0.05333,-0.00000,-0.00000,-0.00000,-0.01172,-0.009495
1791409120.145203,0,0,1001,0.07242,-0.01114,0.00577,0.05333,-0.00000,0.00000,-0.00000,-0.00639,-0.009535
1791409120.165432,0,0,1001,0.07242,-0.01114,0.00577,0.05333,-0.00000,-0.00000,-0.00000,-0.00320,-0.009439
1791409120.185235,0,0,1001,0.07242,-0.01114,0.00577,0.05333,-0.00000,0.00000,-0.00000,0.00213,-0.009426
1791409120.205301,0,0,1001,0.07241,-0.01114,0.00577,0.05333,-0.00000,0.00000,-0.00000,-0.01385,-0.009459
1791409120.225339,0,0,1001,0.07242,-0.01114,0.00577,0.05333,0.00000,-0.00000,0.00000,-0.00746,-0.009457
1791409120.245382,0,0,1001,0.07242,-0.01114,0.00577,0.05333,0.00000,-0.00000,0.00000,-0.00746,-0.009467
1791409120.265345,0,0,1001,0.07242,-0.01114,0.00577,0.05333,-0.00000,0.00000,-0.00000,-0.01065,-0.009505
1791409120.285282,0,0,1001,0.07242,-0.01114,0.00577,0.05333,-0.00000,0.00000,-0.00000,-0.01811,-0.009542
1791409120.305563,0,0,1001,0.07242,-0.01114,0.00577,0.05333,-0.00000,-0.00000,-0.00000,-0.00639,-0.009504
1791409120.325223,0,0,1001,0.07242,-0.01114,0.00577,0.05333,-0.00000,0.00000,-0.00000,0.00213,-0.009568
1791409120.345128,0,0,1001,0.07242,-0.01114,0.00577,0.05333,-0.00000,0.00000,-0.00000,-0.01172,-0.009562
1791409120.365190,0,0,1001,0.07242,-0.01114,0.00577,0.05333,-0.00000,-0.00000,-0.00000,0.00746,-0.009522
1791409120.385232,0,0,1001,0.07242,-0.01114,0.00577,0.05333,0.00000,-0.00000,0.00000,-0.01172,-0.009545
1791409120.405159,0,0,1001,0.07242,-0.01114,0.00577,0.05333,-0.00000,-0.00000,-0.00000,0.00000,-0.009565
1791409120.425167,0,0,1001,0.07241,-0.01114,0.00577,0.05333,-0.00000,0.00000,-0.00000,0.00639,-0.009530
1791409120.445311,0,0,1001,0.07241,-0.01114,0.00577,0.05333,-0.00000,-0.00000,-0.00000,-0.01811,-0.009521
1791409120.465375,0,0,1001,0.07242,-0.01114,0.00577,0.05333,-0.00000,0.00000,-0.00000,-0.01278,-0.009550
1791409120.485120,0,0,1001,0.07241,-0.01114,0.00577,0.05333,0.00000,-0.00000,0.00000,-0.00320,-0.009534
1791409120.505141,0,0,1001,0.07241,-0.01115,0.00577,0.05333,-0.00000,0.00000,-0.00000,-0.00746,-0.009509
1791409120.525279,0,0,1001,0.07242,-0.01114,0.00577,0.05333,-0.00000,-0.00000,-0.00000,-0.01385,-0.009511
1791409120.545116,0,0,1001,0.07241,-0.01114,0.00577,0.05333,-0.00000,0.00000,-0.00000,-0.00426,-0.009504
1791409120.565122,0,0,1001,0.07242,-0.01114,0.00577,0.05333,-0.00000,0.00000,-0.00000,-0.00213,-0.009473
1791409120.585255,0,0,1001,0.07242,-0.01114,0.00577,0.05333,-0.00000,-0.00000,-0.00000,-0.01172,-0.009462
1791409120.605747,0,0,1001,0.07242,-0.01115,0.00577,0.05333,-0.00000,0.00000,-0.00000,-0.01065,-0.009497
1791409120.625142,0,0,1001,0.07242,-0.01115,0.00577,0.05333,-0.00000,-0.00000,-0.00000,-0.01172,-0.009476
1791409120.645118,0,0,1001,0.07242,-0.01115,0.00577,0.05333,-0.00000,-0.00000,-0.00000,-0.00533,-0.009455
1791409120.665344,0,0,1001,0.07242,-0.01115,0.00577,0.05333,-0.00000,0.00000,-0.00000,-0.01385,-0.009414
1791409120.685228,0,0,1001,0.07241,-0.01114,0.00577,0.05333,-0.00000,-0.00000,-0.00000,-0.00213,-0.009407
1791409120.705129,0,0,1001,0.07242,-0.01114,0.00577,0.05333,-0.00000,-0.00000,-0.00000,-0.01704,-0.009405
1791409120.725331,0,0,1001,0.07242,-0.01115,0.00577,0.05333,-0.00000,-0.00000,-0.00000,-0.00746,-0.009378
1791409120.745308,0,0,1001,0.07242,-0.01114,0.00577,0.05333,0.00000,-0.00000,0.00000,-0.00320,-0.009362
1791409120.765162,0,0,1001,0.07242,-0.01114,0.00577,0.05333,0.00000,-0.00000,0.00000,-0.00852,-0.009284
1791409120.785086,0,0,1001,0.07242,-0.01114,0.00576,0.05333,0.00000,-0.00000,0.00000,-0.01065,-0.009308
1791409120.805186,0,0,1001,0.07242,-0.01114,0.00577,0.05333,0.00000,-0.00000,0.00000,-0.01385,-0.009322
1791409120.825835,0,0,1001,0.07242,-0.01114,0.00576,0.05333,-0.00000,0.00000,-0.00000,-0.01385,-0.009355
1791409120.845225,0,0,1001,0.07241,-0.01115,0.00576,0.05333,-0.00000,0.00000,-0.00000,-0.02024,-0.009367
1791409120.865256,0,0,1001,0.07241,-0.01115,0.00576,0.05333,0.00000,0.00000,0.00000,-0.00320,-0.009344
1791409120.885060,0,0,1001,0.07241,-0.01114,0.00576,0.05333,-0.00000,-0.00000,-0.00000,-0.00639,-0.009309
1791409120.905149,0,0,1001,0.07242,-0.01114,0.00576,0.05333,0.00000,0.00000,0.00000,-0.00533,-0.009271
1791409120.925050,0,0,1001,0.07242,-0.01114,0.00576,0.05333,0.00000,0.00000,0.00000,-0.01598,-0.009257
1791409120.945108,0,0,1001,0.07242,-0.01114,0.00576,0.05333,0.00000,-0.00000,0.00000,-0.00959,-0.009280
1791409120.965292,0,0,1001,0.07241,-0.01114,0.00576,0.05333,0.00000,-0.00000,0.00000,-0.00533,-0.009278
1791409120.985121,0,0,1001,0.07242,-0.01114,0.00576,0.05333,0.00000,-0.00000,0.00000,-0.00746,-0.009270
1791409121.005380,0,0,1001,0.07242,-0.01114,0.00576,0.05333,-0.00000,0.00000,-0.00000,-0.00213,-0.009262
1791409121.025296,0,0,1001,0.07242,-0.01114,0.00576,0.05333,-0.00000,0.00000,-0.00000,-0.00639,-0.009257
1791409121.045181,0,0,1001,0.07242,-0.01114,0.00575,0.05333,0.00000,-0.00000,0.00000,-0.01917,-0.009329
1791409121.065200,0,0,1001,0.07242,-0.01114,0.00575,0.05333,0.00000,-0.00000,0.00000,0.00107,-0.009331
1791409121.085167,0,0,1001,0.07242,-0.01114,0.00575,0.05333,0.00000,0.00000,0.00000,-0.00746,-0.009360
1791409121.105098,0,0,1001,0.07242,-0.01114,0.00575,0.05333,0.00000,-0.00000,0.00000,-0.01172,-0.009316
1791409121.125101,0,0,1001,0.07242,-0.01114,0.00575,0.05333,0.00000,-0.00000,0.00000,-0.00746,-0.009297
1791409121.144998,0,0,1001,0.07242,-0.01114,0.00575,0.05333,0.00000,-0.00000,0.00000,-0.00746,-0.009273
1791409121.165182,0,0,1001,0.07242,-0.01114,0.00575,0.05333,-0.00000,0.00000,-0.00000,-0.01172,-0.009229
1791409121.184971,0,0,1001,0.07242,-0.01114,0.00575,0.05333,-0.00000,-0.00000,-0.00000,-0.01172,-0.009227
1791409121.205221,0,0,1001,0.07242,-0.01114,0.00575,0.05333,-0.00000,0.00000,-0.00000,-0.00107,-0.009221
1791409121.225384,0,0,1001,0.07242,-0.01114,0.00575,0.05333,-0.00000,0.00000,-0.00000,-0.01065,-0.009254
1791409121.245178,0,0,1001,0.07242,-0.01114,0.00575,0.05333,-0.00000,0.00000,-0.00000,-0.00426,-0.009231
1791409121.265924,0,0,1001,0.07242,-0.01114,0.00575,0.05333,0.00000,-0.00000,0.00000,-0.00959,-0.009186
1791409121.285219,0,0,1001,0.07241,-0.01114,0.00575,0.05333,-0.00000,0.00000,-0.00000,-0.00852,-0.009155
1791409121.305182,0,0,1001,0.07242,-0.01114,0.00575,0.05333,-0.00000,0.00000,-0.00000,-0.01491,-0.009150
1791409121.325131,0,0,1001,0.07242,-0.01114,0.00574,0.05333,0.00000,-0.00000,0.00000,-0.00533,-0.009156
1791409121.345078,0,0,1001,0.07242,-0.01114,0.00575,0.05333,0.00000,0.00000,0.00000,-0.00959,-0.009146
1791409121.364944,0,0,1001,0.07241,-0.01114,0.00575,0.05333,0.00000,-0.00000,0.00000,-0.01172,-0.009162
1791409121.385254,0,0,1001,0.07242,-0.01114,0.00575,0.05333,-0.00000,0.00000,-0.00000,0.00213,-0.009104
1791409121.405073,0,0,1001,0.07242,-0.01114,0.00575,0.05333,0.00000,0.00000,0.00000,0.00746,-0.009126
1791409121.425204,0,0,1001,0.07242,-0.01114,0.00575,0.05333,0.00000,-0.00000,0.00000,-0.00639,-0.009067
1791409121.445167,0,0,1001,0.07242,-0.01114,0.00575,0.05333,0.00000,0.00000,0.00000,-0.01065,-0.009039
1791409121.465134,0,0,1001,0.07242,-0.01114,0.00575,0.05333,-0.00000,0.00000,0.00000,-0.00639,-0.009110
1791409121.485106,0,0,1001,0.07241,-0.01114,0.00575,0.05333,-0.00000,0.00000,-0.00000,-0.00213,-0.009107
1791409121.505228,0,0,1001,0.07242,-0.01114,0.00575,0.05333,0.00000,-0.00000,0.00000,-0.01172,-0.009118
1791409121.525342,0,0,1001,0.07242,-0.01114,0.00575,0.05333,0.00000,0.00000,0.00000,0.00107,-0.009111
1791409121.545071,0,0,1001,0.07242,-0.01114,0.00575,0.05333,-0.00000,0.00000,-0.00000,-0.01385,-0.009108
1791409121.565054,0,0,1001,0.07242,-0.01114,0.00575,0.05333,-0.00000,0.00000,-0.00000,-0.00852,-0.009159
1791409121.585358,0,0,1001,0.07242,-0.01114,0.00576,0.05333,0.00000,0.00000,0.00000,-0.01278,-0.009114
1791409121.605184,0,0,1001,0.07241,-0.01114,0.00575,0.05333,0.00000,-0.00000,0.00000,-0.00533,-0.009150
1791409121.625090,0,0,1001,0.07242,-0.01114,0.00575,0.05333,0.00000,0.00000,0.00000,-0.01385,-0.009145
1791409121.645088,0,0,1001,0.07242,-0.01114,0.00575,0.05333,0.00000,-0.00000,0.00000,-0.01385,-0.009146
1791409121.665116,0,0,1001,0.07242,-0.01114,0.00575,0.05333,-0.00000,0.00000,-0.00000,-0.02237,-0.009123
1791409121.685181,0,0,1001,0.07242,-0.01113,0.00575,0.05333,0.00000,-0.00000,0.00000,-0.01491,-0.009150
1791409121.705066,0,0,1001,0.07242,-0.01113,0.00575,0.05333,0.00000,0.00000,0.00000,-0.01278,-0.009137
1791409121.725259,0,0,1001,0.07242,-0.01114,0.00575,0.05333,0.00000,0.00000,0.00000,-0.00320,-0.009068
1791409121.745211,0,0,1001,0.07241,-0.01114,0.00575,0.05333,0.00000,-0.00000,0.00000,-0.00533,-0.009069
1791409121.765091,0,0,1001,0.07242,-0.01113,0.00576,0.05333,0.00000,-0.00000,0.00000,-0.02024,-0.009058
1791409121.785371,0,0,1001,0.07242,-0.01113,0.00576,0.05333,0.00000,0.00000,0.00000,0.00213,-0.009012
1791409121.805185,0,0,1001,0.07242,-0.01113,0.00576,0.05333,0.00000,0.00000,0.00000,-0.00959,-0.009051
1791409121.825181,0,0,1001,0.07242,-0.01113,0.00576,0.05333,0.00000,-0.00000,0.00000,-0.01172,-0.009010
1791409121.845248,0,0,1001,0.07241,-0.01113,0.00576,0.05333,0.00000,-0.00000,0.00000,-0.00959,-0.009051
1791409121.865091,0,0,1001,0.07242,-0.01113,0.00576,0.05334,0.00000,-0.00000,0.00000,-0.01704,-0.008989
1791409121.885428,0,0,1001,0.07242,-0.01113,0.00576,0.05334,0.00000,-0.00000,0.00000,-0.01491,-0.009012
1791409121.905180,0,0,1001,0.07241,-0.01113,0.00576,0.05333,0.00000,-0.00000,0.00000,-0.01598,-0.009011
1791409121.925285,0,0,1001,0.07242,-0.01112,0.00577,0.05333,0.00000,0.00000,0.00000,-0.01172,-0.009031
1791409121.945192,0,0,1001,0.07242,-0.01112,0.00576,0.05334,0.00000,-0.00000,0.00000,0.00000,-0.009043
1791409121.965163,0,0,1001,0.07241,-0.01112,0.00576,0.05334,0.00000,-0.00000,0.00000,-0.01278,-0.009126
1791409121.985293,0,0,1001,0.07242,-0.01112,0.00577,0.05334,0.00000,0.00000,0.00000,-0.00959,-0.009099
1791409122.005424,0,0,1001,0.07241,-0.01112,0.00577,0.05334,0.00000,-0.00000,0.00000,-0.01598,-0.009146
1791409122.025126,0,0,1001,0.07242,-0.01112,0.00577,0.05334,0.00000,-0.00000,0.00000,-0.00746,-0.009180
